"reference_date","location","horizon","target","target_end_date","output_type","output_type_id","value"
"2026-03-21","colorado",0,"Flu ED visits pct","2026-03-21","quantile",0.025,1.24389515397282
"2026-03-21","denver",0,"Flu ED visits pct","2026-03-21","quantile",0.025,1.22570368618161
"2026-03-21","mesa",0,"Flu ED visits pct","2026-03-21","quantile",0.025,0
"2026-03-21","colorado-springs",0,"Flu ED visits pct","2026-03-21","quantile",0.025,0.702232436171053
"2026-03-21","weld",0,"Flu ED visits pct","2026-03-21","quantile",0.025,0.97623288172644
"2026-03-21","boulder",0,"Flu ED visits pct","2026-03-21","quantile",0.025,1.29899142906079
"2026-03-21","larimer",0,"Flu ED visits pct","2026-03-21","quantile",0.025,0.320706977829106
"2026-03-21","colorado",0,"Flu ED visits pct","2026-03-21","quantile",0.05,1.3449948928162
"2026-03-21","denver",0,"Flu ED visits pct","2026-03-21","quantile",0.05,1.36299658563278
"2026-03-21","mesa",0,"Flu ED visits pct","2026-03-21","quantile",0.05,0
"2026-03-21","colorado-springs",0,"Flu ED visits pct","2026-03-21","quantile",0.05,0.821920702343685
"2026-03-21","weld",0,"Flu ED visits pct","2026-03-21","quantile",0.05,1.2821050071355
"2026-03-21","boulder",0,"Flu ED visits pct","2026-03-21","quantile",0.05,1.60200171283374
"2026-03-21","larimer",0,"Flu ED visits pct","2026-03-21","quantile",0.05,0.440854469810164
"2026-03-21","colorado",0,"Flu ED visits pct","2026-03-21","quantile",0.1,1.48263884669781
"2026-03-21","denver",0,"Flu ED visits pct","2026-03-21","quantile",0.1,1.518780912661
"2026-03-21","mesa",0,"Flu ED visits pct","2026-03-21","quantile",0.1,0
"2026-03-21","colorado-springs",0,"Flu ED visits pct","2026-03-21","quantile",0.1,0.980068235278975
"2026-03-21","weld",0,"Flu ED visits pct","2026-03-21","quantile",0.1,1.62862410454007
"2026-03-21","boulder",0,"Flu ED visits pct","2026-03-21","quantile",0.1,1.9060835336856
"2026-03-21","larimer",0,"Flu ED visits pct","2026-03-21","quantile",0.1,0.601112576296453
"2026-03-21","colorado",0,"Flu ED visits pct","2026-03-21","quantile",0.25,1.69499544603444
"2026-03-21","denver",0,"Flu ED visits pct","2026-03-21","quantile",0.25,1.75843633070243
"2026-03-21","mesa",0,"Flu ED visits pct","2026-03-21","quantile",0.25,0.0236953454225708
"2026-03-21","colorado-springs",0,"Flu ED visits pct","2026-03-21","quantile",0.25,1.2577266850552
"2026-03-21","weld",0,"Flu ED visits pct","2026-03-21","quantile",0.25,2.27520294204122
"2026-03-21","boulder",0,"Flu ED visits pct","2026-03-21","quantile",0.25,2.58670169339686
"2026-03-21","larimer",0,"Flu ED visits pct","2026-03-21","quantile",0.25,0.895582765982762
"2026-03-21","colorado",0,"Flu ED visits pct","2026-03-21","quantile",0.5,1.97140899464242
"2026-03-21","denver",0,"Flu ED visits pct","2026-03-21","quantile",0.5,2.05965399599681
"2026-03-21","mesa",0,"Flu ED visits pct","2026-03-21","quantile",0.5,0.280756613514667
"2026-03-21","colorado-springs",0,"Flu ED visits pct","2026-03-21","quantile",0.5,1.61129752691306
"2026-03-21","weld",0,"Flu ED visits pct","2026-03-21","quantile",0.5,3.31058006388229
"2026-03-21","boulder",0,"Flu ED visits pct","2026-03-21","quantile",0.5,3.52430975683465
"2026-03-21","larimer",0,"Flu ED visits pct","2026-03-21","quantile",0.5,1.31419889256876
"2026-03-21","colorado",0,"Flu ED visits pct","2026-03-21","quantile",0.75,2.26403552446552
"2026-03-21","denver",0,"Flu ED visits pct","2026-03-21","quantile",0.75,2.39896504852176
"2026-03-21","mesa",0,"Flu ED visits pct","2026-03-21","quantile",0.75,0.68940382112246
"2026-03-21","colorado-springs",0,"Flu ED visits pct","2026-03-21","quantile",0.75,2.03192440937729
"2026-03-21","weld",0,"Flu ED visits pct","2026-03-21","quantile",0.75,4.62534820663565
"2026-03-21","boulder",0,"Flu ED visits pct","2026-03-21","quantile",0.75,4.70638554069755
"2026-03-21","larimer",0,"Flu ED visits pct","2026-03-21","quantile",0.75,1.82522466335637
"2026-03-21","colorado",0,"Flu ED visits pct","2026-03-21","quantile",0.9,2.5462966227148
"2026-03-21","denver",0,"Flu ED visits pct","2026-03-21","quantile",0.9,2.73883135101719
"2026-03-21","mesa",0,"Flu ED visits pct","2026-03-21","quantile",0.9,1.2126172086203
"2026-03-21","colorado-springs",0,"Flu ED visits pct","2026-03-21","quantile",0.9,2.4945876967222
"2026-03-21","weld",0,"Flu ED visits pct","2026-03-21","quantile",0.9,6.13823218048644
"2026-03-21","boulder",0,"Flu ED visits pct","2026-03-21","quantile",0.9,5.81539798215951
"2026-03-21","larimer",0,"Flu ED visits pct","2026-03-21","quantile",0.9,2.34775234850627
"2026-03-21","colorado",0,"Flu ED visits pct","2026-03-21","quantile",0.95,2.72806065005982
"2026-03-21","denver",0,"Flu ED visits pct","2026-03-21","quantile",0.95,2.9091532518806
"2026-03-21","mesa",0,"Flu ED visits pct","2026-03-21","quantile",0.95,1.65153425936707
"2026-03-21","colorado-springs",0,"Flu ED visits pct","2026-03-21","quantile",0.95,2.80258990612529
"2026-03-21","weld",0,"Flu ED visits pct","2026-03-21","quantile",0.95,7.16354118735751
"2026-03-21","boulder",0,"Flu ED visits pct","2026-03-21","quantile",0.95,6.56434524244465
"2026-03-21","larimer",0,"Flu ED visits pct","2026-03-21","quantile",0.95,2.71289204487709
"2026-03-21","colorado",0,"Flu ED visits pct","2026-03-21","quantile",0.975,2.92967461755194
"2026-03-21","denver",0,"Flu ED visits pct","2026-03-21","quantile",0.975,3.07115765726471
"2026-03-21","mesa",0,"Flu ED visits pct","2026-03-21","quantile",0.975,2.05199103181846
"2026-03-21","colorado-springs",0,"Flu ED visits pct","2026-03-21","quantile",0.975,3.10612375929822
"2026-03-21","weld",0,"Flu ED visits pct","2026-03-21","quantile",0.975,8.16832883947067
"2026-03-21","boulder",0,"Flu ED visits pct","2026-03-21","quantile",0.975,7.36562178295221
"2026-03-21","larimer",0,"Flu ED visits pct","2026-03-21","quantile",0.975,3.06495714878624
"2026-03-21","colorado",1,"Flu ED visits pct","2026-03-28","quantile",0.025,0.915267026108896
"2026-03-21","denver",1,"Flu ED visits pct","2026-03-28","quantile",0.025,0.897577327666371
"2026-03-21","mesa",1,"Flu ED visits pct","2026-03-28","quantile",0.025,0
"2026-03-21","colorado-springs",1,"Flu ED visits pct","2026-03-28","quantile",0.025,0.300365977729085
"2026-03-21","weld",1,"Flu ED visits pct","2026-03-28","quantile",0.025,0.353048360335078
"2026-03-21","boulder",1,"Flu ED visits pct","2026-03-28","quantile",0.025,0.59840629826602
"2026-03-21","larimer",1,"Flu ED visits pct","2026-03-28","quantile",0.025,0.0138629728322982
"2026-03-21","colorado",1,"Flu ED visits pct","2026-03-28","quantile",0.05,1.0246557090592
"2026-03-21","denver",1,"Flu ED visits pct","2026-03-28","quantile",0.05,1.07312984645812
"2026-03-21","mesa",1,"Flu ED visits pct","2026-03-28","quantile",0.05,0
"2026-03-21","colorado-springs",1,"Flu ED visits pct","2026-03-28","quantile",0.05,0.452512307906422
"2026-03-21","weld",1,"Flu ED visits pct","2026-03-28","quantile",0.05,0.599315626955072
"2026-03-21","boulder",1,"Flu ED visits pct","2026-03-28","quantile",0.05,0.814674567512806
"2026-03-21","larimer",1,"Flu ED visits pct","2026-03-28","quantile",0.05,0.124865180340398
"2026-03-21","colorado",1,"Flu ED visits pct","2026-03-28","quantile",0.1,1.18326512642604
"2026-03-21","denver",1,"Flu ED visits pct","2026-03-28","quantile",0.1,1.23158584297064
"2026-03-21","mesa",1,"Flu ED visits pct","2026-03-28","quantile",0.1,0
"2026-03-21","colorado-springs",1,"Flu ED visits pct","2026-03-28","quantile",0.1,0.669441560483511
"2026-03-21","weld",1,"Flu ED visits pct","2026-03-28","quantile",0.1,0.996116734526017
"2026-03-21","boulder",1,"Flu ED visits pct","2026-03-28","quantile",0.1,1.19875812186328
"2026-03-21","larimer",1,"Flu ED visits pct","2026-03-28","quantile",0.1,0.287822221354179
"2026-03-21","colorado",1,"Flu ED visits pct","2026-03-28","quantile",0.25,1.48901772535825
"2026-03-21","denver",1,"Flu ED visits pct","2026-03-28","quantile",0.25,1.59044457550834
"2026-03-21","mesa",1,"Flu ED visits pct","2026-03-28","quantile",0.25,0
"2026-03-21","colorado-springs",1,"Flu ED visits pct","2026-03-28","quantile",0.25,0.999398967592131
"2026-03-21","weld",1,"Flu ED visits pct","2026-03-28","quantile",0.25,1.78853459310974
"2026-03-21","boulder",1,"Flu ED visits pct","2026-03-28","quantile",0.25,2.05865163153892
"2026-03-21","larimer",1,"Flu ED visits pct","2026-03-28","quantile",0.25,0.645850481932139
"2026-03-21","colorado",1,"Flu ED visits pct","2026-03-28","quantile",0.5,1.87393540885041
"2026-03-21","denver",1,"Flu ED visits pct","2026-03-28","quantile",0.5,2.01530485089413
"2026-03-21","mesa",1,"Flu ED visits pct","2026-03-28","quantile",0.5,0.194803700711657
"2026-03-21","colorado-springs",1,"Flu ED visits pct","2026-03-28","quantile",0.5,1.50003221559372
"2026-03-21","weld",1,"Flu ED visits pct","2026-03-28","quantile",0.5,3.30358436406718
"2026-03-21","boulder",1,"Flu ED visits pct","2026-03-28","quantile",0.5,3.30636582835636
"2026-03-21","larimer",1,"Flu ED visits pct","2026-03-28","quantile",0.5,1.22432110086687
"2026-03-21","colorado",1,"Flu ED visits pct","2026-03-28","quantile",0.75,2.30410901076551
"2026-03-21","denver",1,"Flu ED visits pct","2026-03-28","quantile",0.75,2.52062680206234
"2026-03-21","mesa",1,"Flu ED visits pct","2026-03-28","quantile",0.75,0.787622953942726
"2026-03-21","colorado-springs",1,"Flu ED visits pct","2026-03-28","quantile",0.75,2.13630848330322
"2026-03-21","weld",1,"Flu ED visits pct","2026-03-28","quantile",0.75,5.2978950677
"2026-03-21","boulder",1,"Flu ED visits pct","2026-03-28","quantile",0.75,5.01592165257647
"2026-03-21","larimer",1,"Flu ED visits pct","2026-03-28","quantile",0.75,1.94035409219345
"2026-03-21","colorado",1,"Flu ED visits pct","2026-03-28","quantile",0.9,2.75236633783892
"2026-03-21","denver",1,"Flu ED visits pct","2026-03-28","quantile",0.9,3.12386579430819
"2026-03-21","mesa",1,"Flu ED visits pct","2026-03-28","quantile",0.9,1.7500657931426
"2026-03-21","colorado-springs",1,"Flu ED visits pct","2026-03-28","quantile",0.9,2.78043094692487
"2026-03-21","weld",1,"Flu ED visits pct","2026-03-28","quantile",0.9,7.6967190440639
"2026-03-21","boulder",1,"Flu ED visits pct","2026-03-28","quantile",0.9,7.14580854520667
"2026-03-21","larimer",1,"Flu ED visits pct","2026-03-28","quantile",0.9,2.95580102627106
"2026-03-21","colorado",1,"Flu ED visits pct","2026-03-28","quantile",0.95,3.13861183605335
"2026-03-21","denver",1,"Flu ED visits pct","2026-03-28","quantile",0.95,3.41703859778399
"2026-03-21","mesa",1,"Flu ED visits pct","2026-03-28","quantile",0.95,2.72325297944039
"2026-03-21","colorado-springs",1,"Flu ED visits pct","2026-03-28","quantile",0.95,3.27336361092481
"2026-03-21","weld",1,"Flu ED visits pct","2026-03-28","quantile",0.95,9.59350897408314
"2026-03-21","boulder",1,"Flu ED visits pct","2026-03-28","quantile",0.95,8.6451777272112
"2026-03-21","larimer",1,"Flu ED visits pct","2026-03-28","quantile",0.95,3.69927976365661
"2026-03-21","colorado",1,"Flu ED visits pct","2026-03-28","quantile",0.975,3.36888902542874
"2026-03-21","denver",1,"Flu ED visits pct","2026-03-28","quantile",0.975,3.72451742578792
"2026-03-21","mesa",1,"Flu ED visits pct","2026-03-28","quantile",0.975,3.7505227620013
"2026-03-21","colorado-springs",1,"Flu ED visits pct","2026-03-28","quantile",0.975,3.80644060648629
"2026-03-21","weld",1,"Flu ED visits pct","2026-03-28","quantile",0.975,11.9954547389156
"2026-03-21","boulder",1,"Flu ED visits pct","2026-03-28","quantile",0.975,10.0091697271287
"2026-03-21","larimer",1,"Flu ED visits pct","2026-03-28","quantile",0.975,4.35024829389175
"2026-03-21","colorado",2,"Flu ED visits pct","2026-04-04","quantile",0.025,0.647722420823369
"2026-03-21","denver",2,"Flu ED visits pct","2026-04-04","quantile",0.025,0.644327133819336
"2026-03-21","mesa",2,"Flu ED visits pct","2026-04-04","quantile",0.025,0
"2026-03-21","colorado-springs",2,"Flu ED visits pct","2026-04-04","quantile",0.025,0.0750035850867923
"2026-03-21","weld",2,"Flu ED visits pct","2026-04-04","quantile",0.025,0.0391572732700178
"2026-03-21","boulder",2,"Flu ED visits pct","2026-04-04","quantile",0.025,0.16286895715753
"2026-03-21","larimer",2,"Flu ED visits pct","2026-04-04","quantile",0.025,0
"2026-03-21","colorado",2,"Flu ED visits pct","2026-04-04","quantile",0.05,0.747458774824007
"2026-03-21","denver",2,"Flu ED visits pct","2026-04-04","quantile",0.05,0.774665672044685
"2026-03-21","mesa",2,"Flu ED visits pct","2026-04-04","quantile",0.05,0
"2026-03-21","colorado-springs",2,"Flu ED visits pct","2026-04-04","quantile",0.05,0.225087461646822
"2026-03-21","weld",2,"Flu ED visits pct","2026-04-04","quantile",0.05,0.224502699305667
"2026-03-21","boulder",2,"Flu ED visits pct","2026-04-04","quantile",0.05,0.36091217403122
"2026-03-21","larimer",2,"Flu ED visits pct","2026-04-04","quantile",0.05,0
"2026-03-21","colorado",2,"Flu ED visits pct","2026-04-04","quantile",0.1,0.934450971997794
"2026-03-21","denver",2,"Flu ED visits pct","2026-04-04","quantile",0.1,0.970170056919422
"2026-03-21","mesa",2,"Flu ED visits pct","2026-04-04","quantile",0.1,0
"2026-03-21","colorado-springs",2,"Flu ED visits pct","2026-04-04","quantile",0.1,0.409785313046169
"2026-03-21","weld",2,"Flu ED visits pct","2026-04-04","quantile",0.1,0.538866748263107
"2026-03-21","boulder",2,"Flu ED visits pct","2026-04-04","quantile",0.1,0.712522572846924
"2026-03-21","larimer",2,"Flu ED visits pct","2026-04-04","quantile",0.1,0.065196306495495
"2026-03-21","colorado",2,"Flu ED visits pct","2026-04-04","quantile",0.25,1.28623803920716
"2026-03-21","denver",2,"Flu ED visits pct","2026-04-04","quantile",0.25,1.38765329327001
"2026-03-21","mesa",2,"Flu ED visits pct","2026-04-04","quantile",0.25,0
"2026-03-21","colorado-springs",2,"Flu ED visits pct","2026-04-04","quantile",0.25,0.773712431735296
"2026-03-21","weld",2,"Flu ED visits pct","2026-04-04","quantile",0.25,1.51830753828122
"2026-03-21","boulder",2,"Flu ED visits pct","2026-04-04","quantile",0.25,1.58484376507966
"2026-03-21","larimer",2,"Flu ED visits pct","2026-04-04","quantile",0.25,0.440085231926799
"2026-03-21","colorado",2,"Flu ED visits pct","2026-04-04","quantile",0.5,1.76517925790463
"2026-03-21","denver",2,"Flu ED visits pct","2026-04-04","quantile",0.5,1.9423414362692
"2026-03-21","mesa",2,"Flu ED visits pct","2026-04-04","quantile",0.5,0.107465025493159
"2026-03-21","colorado-springs",2,"Flu ED visits pct","2026-04-04","quantile",0.5,1.38478685576213
"2026-03-21","weld",2,"Flu ED visits pct","2026-04-04","quantile",0.5,3.23677102018599
"2026-03-21","boulder",2,"Flu ED visits pct","2026-04-04","quantile",0.5,2.97330881389935
"2026-03-21","larimer",2,"Flu ED visits pct","2026-04-04","quantile",0.5,1.10033051288413
"2026-03-21","colorado",2,"Flu ED visits pct","2026-04-04","quantile",0.75,2.30422196196032
"2026-03-21","denver",2,"Flu ED visits pct","2026-04-04","quantile",0.75,2.60948388882052
"2026-03-21","mesa",2,"Flu ED visits pct","2026-04-04","quantile",0.75,0.920592925943973
"2026-03-21","colorado-springs",2,"Flu ED visits pct","2026-04-04","quantile",0.75,2.2002051699063
"2026-03-21","weld",2,"Flu ED visits pct","2026-04-04","quantile",0.75,6.08519949051528
"2026-03-21","boulder",2,"Flu ED visits pct","2026-04-04","quantile",0.75,5.13929603426735
"2026-03-21","larimer",2,"Flu ED visits pct","2026-04-04","quantile",0.75,2.11102177734027
"2026-03-21","colorado",2,"Flu ED visits pct","2026-04-04","quantile",0.9,2.97407458288918
"2026-03-21","denver",2,"Flu ED visits pct","2026-04-04","quantile",0.9,3.29464632029884
"2026-03-21","mesa",2,"Flu ED visits pct","2026-04-04","quantile",0.9,2.66611263235436
"2026-03-21","colorado-springs",2,"Flu ED visits pct","2026-04-04","quantile",0.9,3.13526208115538
"2026-03-21","weld",2,"Flu ED visits pct","2026-04-04","quantile",0.9,10.3631957049189
"2026-03-21","boulder",2,"Flu ED visits pct","2026-04-04","quantile",0.9,8.06485925879816
"2026-03-21","larimer",2,"Flu ED visits pct","2026-04-04","quantile",0.9,3.52563084267368
"2026-03-21","colorado",2,"Flu ED visits pct","2026-04-04","quantile",0.95,3.36035278032475
"2026-03-21","denver",2,"Flu ED visits pct","2026-04-04","quantile",0.95,3.8518065670513
"2026-03-21","mesa",2,"Flu ED visits pct","2026-04-04","quantile",0.95,3.97817168599521
"2026-03-21","colorado-springs",2,"Flu ED visits pct","2026-04-04","quantile",0.95,3.76710442462163
"2026-03-21","weld",2,"Flu ED visits pct","2026-04-04","quantile",0.95,12.500261990656
"2026-03-21","boulder",2,"Flu ED visits pct","2026-04-04","quantile",0.95,10.2879832504846
"2026-03-21","larimer",2,"Flu ED visits pct","2026-04-04","quantile",0.95,4.51073453198062
"2026-03-21","colorado",2,"Flu ED visits pct","2026-04-04","quantile",0.975,3.69095956217714
"2026-03-21","denver",2,"Flu ED visits pct","2026-04-04","quantile",0.975,4.24964354940003
"2026-03-21","mesa",2,"Flu ED visits pct","2026-04-04","quantile",0.975,5.40934343316825
"2026-03-21","colorado-springs",2,"Flu ED visits pct","2026-04-04","quantile",0.975,4.42952657800209
"2026-03-21","weld",2,"Flu ED visits pct","2026-04-04","quantile",0.975,15.1433109162049
"2026-03-21","boulder",2,"Flu ED visits pct","2026-04-04","quantile",0.975,11.8992975376979
"2026-03-21","larimer",2,"Flu ED visits pct","2026-04-04","quantile",0.975,5.49272370720919
"2026-03-21","colorado",3,"Flu ED visits pct","2026-04-11","quantile",0.025,0.41868835133333
"2026-03-21","denver",3,"Flu ED visits pct","2026-04-11","quantile",0.025,0.350372307674561
"2026-03-21","mesa",3,"Flu ED visits pct","2026-04-11","quantile",0.025,0
"2026-03-21","colorado-springs",3,"Flu ED visits pct","2026-04-11","quantile",0.025,0
"2026-03-21","weld",3,"Flu ED visits pct","2026-04-11","quantile",0.025,0
"2026-03-21","boulder",3,"Flu ED visits pct","2026-04-11","quantile",0.025,0
"2026-03-21","larimer",3,"Flu ED visits pct","2026-04-11","quantile",0.025,0
"2026-03-21","colorado",3,"Flu ED visits pct","2026-04-11","quantile",0.05,0.531082384907848
"2026-03-21","denver",3,"Flu ED visits pct","2026-04-11","quantile",0.05,0.564308005446474
"2026-03-21","mesa",3,"Flu ED visits pct","2026-04-11","quantile",0.05,0
"2026-03-21","colorado-springs",3,"Flu ED visits pct","2026-04-11","quantile",0.05,0.0502975325298587
"2026-03-21","weld",3,"Flu ED visits pct","2026-04-11","quantile",0.05,0
"2026-03-21","boulder",3,"Flu ED visits pct","2026-04-11","quantile",0.05,0.0845625077416028
"2026-03-21","larimer",3,"Flu ED visits pct","2026-04-11","quantile",0.05,0
"2026-03-21","colorado",3,"Flu ED visits pct","2026-04-11","quantile",0.1,0.734201928035319
"2026-03-21","denver",3,"Flu ED visits pct","2026-04-11","quantile",0.1,0.788440554887467
"2026-03-21","mesa",3,"Flu ED visits pct","2026-04-11","quantile",0.1,0
"2026-03-21","colorado-springs",3,"Flu ED visits pct","2026-04-11","quantile",0.1,0.210899060823977
"2026-03-21","weld",3,"Flu ED visits pct","2026-04-11","quantile",0.1,0.196061496754177
"2026-03-21","boulder",3,"Flu ED visits pct","2026-04-11","quantile",0.1,0.358726998010313
"2026-03-21","larimer",3,"Flu ED visits pct","2026-04-11","quantile",0.1,0
"2026-03-21","colorado",3,"Flu ED visits pct","2026-04-11","quantile",0.25,1.09742414462129
"2026-03-21","denver",3,"Flu ED visits pct","2026-04-11","quantile",0.25,1.20670143890169
"2026-03-21","mesa",3,"Flu ED visits pct","2026-04-11","quantile",0.25,0
"2026-03-21","colorado-springs",3,"Flu ED visits pct","2026-04-11","quantile",0.25,0.599163802115435
"2026-03-21","weld",3,"Flu ED visits pct","2026-04-11","quantile",0.25,1.21494849516785
"2026-03-21","boulder",3,"Flu ED visits pct","2026-04-11","quantile",0.25,1.17964821956017
"2026-03-21","larimer",3,"Flu ED visits pct","2026-04-11","quantile",0.25,0.285356521393596
"2026-03-21","colorado",3,"Flu ED visits pct","2026-04-11","quantile",0.5,1.65015001784495
"2026-03-21","denver",3,"Flu ED visits pct","2026-04-11","quantile",0.5,1.85635604330847
"2026-03-21","mesa",3,"Flu ED visits pct","2026-04-11","quantile",0.5,0.0529187433557138
"2026-03-21","colorado-springs",3,"Flu ED visits pct","2026-04-11","quantile",0.5,1.28886757414805
"2026-03-21","weld",3,"Flu ED visits pct","2026-04-11","quantile",0.5,3.22275631486481
"2026-03-21","boulder",3,"Flu ED visits pct","2026-04-11","quantile",0.5,2.70598207554737
"2026-03-21","larimer",3,"Flu ED visits pct","2026-04-11","quantile",0.5,1.02417806863312
"2026-03-21","colorado",3,"Flu ED visits pct","2026-04-11","quantile",0.75,2.26661283300591
"2026-03-21","denver",3,"Flu ED visits pct","2026-04-11","quantile",0.75,2.67230100345672
"2026-03-21","mesa",3,"Flu ED visits pct","2026-04-11","quantile",0.75,1.07307947664881
"2026-03-21","colorado-springs",3,"Flu ED visits pct","2026-04-11","quantile",0.75,2.26645406653067
"2026-03-21","weld",3,"Flu ED visits pct","2026-04-11","quantile",0.75,6.56855709614436
"2026-03-21","boulder",3,"Flu ED visits pct","2026-04-11","quantile",0.75,5.2318583806768
"2026-03-21","larimer",3,"Flu ED visits pct","2026-04-11","quantile",0.75,2.23472780164185
"2026-03-21","colorado",3,"Flu ED visits pct","2026-04-11","quantile",0.9,3.04638824113572
"2026-03-21","denver",3,"Flu ED visits pct","2026-04-11","quantile",0.9,3.47296431872846
"2026-03-21","mesa",3,"Flu ED visits pct","2026-04-11","quantile",0.9,3.1328803816669
"2026-03-21","colorado-springs",3,"Flu ED visits pct","2026-04-11","quantile",0.9,3.52172199068893
"2026-03-21","weld",3,"Flu ED visits pct","2026-04-11","quantile",0.9,11.6746663214308
"2026-03-21","boulder",3,"Flu ED visits pct","2026-04-11","quantile",0.9,8.60381292608301
"2026-03-21","larimer",3,"Flu ED visits pct","2026-04-11","quantile",0.9,3.99143403252166
"2026-03-21","colorado",3,"Flu ED visits pct","2026-04-11","quantile",0.95,3.56781751789861
"2026-03-21","denver",3,"Flu ED visits pct","2026-04-11","quantile",0.95,4.17228551332079
"2026-03-21","mesa",3,"Flu ED visits pct","2026-04-11","quantile",0.95,5.25625952702559
"2026-03-21","colorado-springs",3,"Flu ED visits pct","2026-04-11","quantile",0.95,4.37677091652343
"2026-03-21","weld",3,"Flu ED visits pct","2026-04-11","quantile",0.95,16.1393391691574
"2026-03-21","boulder",3,"Flu ED visits pct","2026-04-11","quantile",0.95,10.989931190809
"2026-03-21","larimer",3,"Flu ED visits pct","2026-04-11","quantile",0.95,5.40630767408717
"2026-03-21","colorado",3,"Flu ED visits pct","2026-04-11","quantile",0.975,3.96770883439926
"2026-03-21","denver",3,"Flu ED visits pct","2026-04-11","quantile",0.975,4.72346407440614
"2026-03-21","mesa",3,"Flu ED visits pct","2026-04-11","quantile",0.975,7.15988326485994
"2026-03-21","colorado-springs",3,"Flu ED visits pct","2026-04-11","quantile",0.975,5.25692265834291
"2026-03-21","weld",3,"Flu ED visits pct","2026-04-11","quantile",0.975,20.6483801020607
"2026-03-21","boulder",3,"Flu ED visits pct","2026-04-11","quantile",0.975,13.5140381878697
"2026-03-21","larimer",3,"Flu ED visits pct","2026-04-11","quantile",0.975,6.7323027730136
"2026-03-21","georgia",0,"Flu ED visits pct","2026-03-21","quantile",0.025,0.321948870174113
"2026-03-21","savannah",0,"Flu ED visits pct","2026-03-21","quantile",0.025,0
"2026-03-21","floyd",0,"Flu ED visits pct","2026-03-21","quantile",0.025,0.137292963566839
"2026-03-21","hall",0,"Flu ED visits pct","2026-03-21","quantile",0.025,0
"2026-03-21","marietta",0,"Flu ED visits pct","2026-03-21","quantile",0.025,0.321674514865396
"2026-03-21","macon",0,"Flu ED visits pct","2026-03-21","quantile",0.025,0
"2026-03-21","henry",0,"Flu ED visits pct","2026-03-21","quantile",0.025,0.0330719389031892
"2026-03-21","cherokee",0,"Flu ED visits pct","2026-03-21","quantile",0.025,0.440704493710746
"2026-03-21","athens",0,"Flu ED visits pct","2026-03-21","quantile",0.025,0.350076065020672
"2026-03-21","south-augusta",0,"Flu ED visits pct","2026-03-21","quantile",0.025,0.0843690971500248
"2026-03-21","columbus",0,"Flu ED visits pct","2026-03-21","quantile",0.025,0
"2026-03-21","la-grange",0,"Flu ED visits pct","2026-03-21","quantile",0.025,0
"2026-03-21","georgia",0,"Flu ED visits pct","2026-03-21","quantile",0.05,0.371672050911628
"2026-03-21","savannah",0,"Flu ED visits pct","2026-03-21","quantile",0.05,0
"2026-03-21","floyd",0,"Flu ED visits pct","2026-03-21","quantile",0.05,0.231364260850112
"2026-03-21","hall",0,"Flu ED visits pct","2026-03-21","quantile",0.05,0.0559432815096881
"2026-03-21","marietta",0,"Flu ED visits pct","2026-03-21","quantile",0.05,0.411965011733688
"2026-03-21","macon",0,"Flu ED visits pct","2026-03-21","quantile",0.05,0
"2026-03-21","henry",0,"Flu ED visits pct","2026-03-21","quantile",0.05,0.117347216732103
"2026-03-21","cherokee",0,"Flu ED visits pct","2026-03-21","quantile",0.05,0.564879212289019
"2026-03-21","athens",0,"Flu ED visits pct","2026-03-21","quantile",0.05,0.480190221966191
"2026-03-21","south-augusta",0,"Flu ED visits pct","2026-03-21","quantile",0.05,0.181690729030812
"2026-03-21","columbus",0,"Flu ED visits pct","2026-03-21","quantile",0.05,0
"2026-03-21","la-grange",0,"Flu ED visits pct","2026-03-21","quantile",0.05,0.0671713368078523
"2026-03-21","georgia",0,"Flu ED visits pct","2026-03-21","quantile",0.1,0.466090898686202
"2026-03-21","savannah",0,"Flu ED visits pct","2026-03-21","quantile",0.1,0
"2026-03-21","floyd",0,"Flu ED visits pct","2026-03-21","quantile",0.1,0.384192075237837
"2026-03-21","hall",0,"Flu ED visits pct","2026-03-21","quantile",0.1,0.155856074014174
"2026-03-21","marietta",0,"Flu ED visits pct","2026-03-21","quantile",0.1,0.544308168243756
"2026-03-21","macon",0,"Flu ED visits pct","2026-03-21","quantile",0.1,0.0653685880499375
"2026-03-21","henry",0,"Flu ED visits pct","2026-03-21","quantile",0.1,0.203061978325861
"2026-03-21","cherokee",0,"Flu ED visits pct","2026-03-21","quantile",0.1,0.782167113743418
"2026-03-21","athens",0,"Flu ED visits pct","2026-03-21","quantile",0.1,0.665563195357679
"2026-03-21","south-augusta",0,"Flu ED visits pct","2026-03-21","quantile",0.1,0.271039491606808
"2026-03-21","columbus",0,"Flu ED visits pct","2026-03-21","quantile",0.1,0.0860552411620233
"2026-03-21","la-grange",0,"Flu ED visits pct","2026-03-21","quantile",0.1,0.18083653329038
"2026-03-21","georgia",0,"Flu ED visits pct","2026-03-21","quantile",0.25,0.623670668068988
"2026-03-21","savannah",0,"Flu ED visits pct","2026-03-21","quantile",0.25,0.0244150636881735
"2026-03-21","floyd",0,"Flu ED visits pct","2026-03-21","quantile",0.25,0.645232707095325
"2026-03-21","hall",0,"Flu ED visits pct","2026-03-21","quantile",0.25,0.355989127408426
"2026-03-21","marietta",0,"Flu ED visits pct","2026-03-21","quantile",0.25,0.803282718228881
"2026-03-21","macon",0,"Flu ED visits pct","2026-03-21","quantile",0.25,0.256713926133998
"2026-03-21","henry",0,"Flu ED visits pct","2026-03-21","quantile",0.25,0.371678138076977
"2026-03-21","cherokee",0,"Flu ED visits pct","2026-03-21","quantile",0.25,1.15456427300073
"2026-03-21","athens",0,"Flu ED visits pct","2026-03-21","quantile",0.25,1.06399465068487
"2026-03-21","south-augusta",0,"Flu ED visits pct","2026-03-21","quantile",0.25,0.503682926616496
"2026-03-21","columbus",0,"Flu ED visits pct","2026-03-21","quantile",0.25,0.325075619785666
"2026-03-21","la-grange",0,"Flu ED visits pct","2026-03-21","quantile",0.25,0.39398036115119
"2026-03-21","georgia",0,"Flu ED visits pct","2026-03-21","quantile",0.5,0.813103764150188
"2026-03-21","savannah",0,"Flu ED visits pct","2026-03-21","quantile",0.5,0.190336393011332
"2026-03-21","floyd",0,"Flu ED visits pct","2026-03-21","quantile",0.5,1.06859708808197
"2026-03-21","hall",0,"Flu ED visits pct","2026-03-21","quantile",0.5,0.619473074444159
"2026-03-21","marietta",0,"Flu ED visits pct","2026-03-21","quantile",0.5,1.15900298315746
"2026-03-21","macon",0,"Flu ED visits pct","2026-03-21","quantile",0.5,0.544396490505118
"2026-03-21","henry",0,"Flu ED visits pct","2026-03-21","quantile",0.5,0.626122117910811
"2026-03-21","cherokee",0,"Flu ED visits pct","2026-03-21","quantile",0.5,1.71918275558257
"2026-03-21","athens",0,"Flu ED visits pct","2026-03-21","quantile",0.5,1.58103503522475
"2026-03-21","south-augusta",0,"Flu ED visits pct","2026-03-21","quantile",0.5,0.816312316338126
"2026-03-21","columbus",0,"Flu ED visits pct","2026-03-21","quantile",0.5,0.708347712850611
"2026-03-21","la-grange",0,"Flu ED visits pct","2026-03-21","quantile",0.5,0.688040032458471
"2026-03-21","georgia",0,"Flu ED visits pct","2026-03-21","quantile",0.75,1.03411435053838
"2026-03-21","savannah",0,"Flu ED visits pct","2026-03-21","quantile",0.75,0.400978531256312
"2026-03-21","floyd",0,"Flu ED visits pct","2026-03-21","quantile",0.75,1.59150249627209
"2026-03-21","hall",0,"Flu ED visits pct","2026-03-21","quantile",0.75,0.982157391328884
"2026-03-21","marietta",0,"Flu ED visits pct","2026-03-21","quantile",0.75,1.59455815795104
"2026-03-21","macon",0,"Flu ED visits pct","2026-03-21","quantile",0.75,0.937945701954405
"2026-03-21","henry",0,"Flu ED visits pct","2026-03-21","quantile",0.75,0.936701877667361
"2026-03-21","cherokee",0,"Flu ED visits pct","2026-03-21","quantile",0.75,2.35294339316681
"2026-03-21","athens",0,"Flu ED visits pct","2026-03-21","quantile",0.75,2.28902662754296
"2026-03-21","south-augusta",0,"Flu ED visits pct","2026-03-21","quantile",0.75,1.19246320417099
"2026-03-21","columbus",0,"Flu ED visits pct","2026-03-21","quantile",0.75,1.18277074949803
"2026-03-21","la-grange",0,"Flu ED visits pct","2026-03-21","quantile",0.75,1.13072580683603
"2026-03-21","georgia",0,"Flu ED visits pct","2026-03-21","quantile",0.9,1.26740104876315
"2026-03-21","savannah",0,"Flu ED visits pct","2026-03-21","quantile",0.9,0.664544425595208
"2026-03-21","floyd",0,"Flu ED visits pct","2026-03-21","quantile",0.9,2.12600233650506
"2026-03-21","hall",0,"Flu ED visits pct","2026-03-21","quantile",0.9,1.42203778320635
"2026-03-21","marietta",0,"Flu ED visits pct","2026-03-21","quantile",0.9,2.06805928893975
"2026-03-21","macon",0,"Flu ED visits pct","2026-03-21","quantile",0.9,1.38625598045629
"2026-03-21","henry",0,"Flu ED visits pct","2026-03-21","quantile",0.9,1.24606683058666
"2026-03-21","cherokee",0,"Flu ED visits pct","2026-03-21","quantile",0.9,3.01928950696529
"2026-03-21","athens",0,"Flu ED visits pct","2026-03-21","quantile",0.9,3.02930960765831
"2026-03-21","south-augusta",0,"Flu ED visits pct","2026-03-21","quantile",0.9,1.59684489849375
"2026-03-21","columbus",0,"Flu ED visits pct","2026-03-21","quantile",0.9,1.77653333644593
"2026-03-21","la-grange",0,"Flu ED visits pct","2026-03-21","quantile",0.9,1.63077717708121
"2026-03-21","georgia",0,"Flu ED visits pct","2026-03-21","quantile",0.95,1.38608380195303
"2026-03-21","savannah",0,"Flu ED visits pct","2026-03-21","quantile",0.95,0.81891494166241
"2026-03-21","floyd",0,"Flu ED visits pct","2026-03-21","quantile",0.95,2.47331027094029
"2026-03-21","hall",0,"Flu ED visits pct","2026-03-21","quantile",0.95,1.72641247090791
"2026-03-21","marietta",0,"Flu ED visits pct","2026-03-21","quantile",0.95,2.43168843437588
"2026-03-21","macon",0,"Flu ED visits pct","2026-03-21","quantile",0.95,1.70036820344963
"2026-03-21","henry",0,"Flu ED visits pct","2026-03-21","quantile",0.95,1.50404299862024
"2026-03-21","cherokee",0,"Flu ED visits pct","2026-03-21","quantile",0.95,3.5427651554602
"2026-03-21","athens",0,"Flu ED visits pct","2026-03-21","quantile",0.95,3.57751050323618
"2026-03-21","south-augusta",0,"Flu ED visits pct","2026-03-21","quantile",0.95,1.94297080515088
"2026-03-21","columbus",0,"Flu ED visits pct","2026-03-21","quantile",0.95,2.21912998157759
"2026-03-21","la-grange",0,"Flu ED visits pct","2026-03-21","quantile",0.95,1.9686884795723
"2026-03-21","georgia",0,"Flu ED visits pct","2026-03-21","quantile",0.975,1.50321426343485
"2026-03-21","savannah",0,"Flu ED visits pct","2026-03-21","quantile",0.975,0.980858961365327
"2026-03-21","floyd",0,"Flu ED visits pct","2026-03-21","quantile",0.975,2.82737975199692
"2026-03-21","hall",0,"Flu ED visits pct","2026-03-21","quantile",0.975,1.96348100784472
"2026-03-21","marietta",0,"Flu ED visits pct","2026-03-21","quantile",0.975,2.65272273938019
"2026-03-21","macon",0,"Flu ED visits pct","2026-03-21","quantile",0.975,1.96474544250836
"2026-03-21","henry",0,"Flu ED visits pct","2026-03-21","quantile",0.975,1.76519031718938
"2026-03-21","cherokee",0,"Flu ED visits pct","2026-03-21","quantile",0.975,4.04226275622336
"2026-03-21","athens",0,"Flu ED visits pct","2026-03-21","quantile",0.975,4.02765824330703
"2026-03-21","south-augusta",0,"Flu ED visits pct","2026-03-21","quantile",0.975,2.18241288088903
"2026-03-21","columbus",0,"Flu ED visits pct","2026-03-21","quantile",0.975,2.64322652333459
"2026-03-21","la-grange",0,"Flu ED visits pct","2026-03-21","quantile",0.975,2.26548346290612
"2026-03-21","georgia",1,"Flu ED visits pct","2026-03-28","quantile",0.025,0.0689462728573602
"2026-03-21","savannah",1,"Flu ED visits pct","2026-03-28","quantile",0.025,0
"2026-03-21","floyd",1,"Flu ED visits pct","2026-03-28","quantile",0.025,0
"2026-03-21","hall",1,"Flu ED visits pct","2026-03-28","quantile",0.025,0
"2026-03-21","marietta",1,"Flu ED visits pct","2026-03-28","quantile",0.025,0
"2026-03-21","macon",1,"Flu ED visits pct","2026-03-28","quantile",0.025,0
"2026-03-21","henry",1,"Flu ED visits pct","2026-03-28","quantile",0.025,0
"2026-03-21","cherokee",1,"Flu ED visits pct","2026-03-28","quantile",0.025,0.0811767255415416
"2026-03-21","athens",1,"Flu ED visits pct","2026-03-28","quantile",0.025,0
"2026-03-21","south-augusta",1,"Flu ED visits pct","2026-03-28","quantile",0.025,0
"2026-03-21","columbus",1,"Flu ED visits pct","2026-03-28","quantile",0.025,0
"2026-03-21","la-grange",1,"Flu ED visits pct","2026-03-28","quantile",0.025,0
"2026-03-21","georgia",1,"Flu ED visits pct","2026-03-28","quantile",0.05,0.139655597421375
"2026-03-21","savannah",1,"Flu ED visits pct","2026-03-28","quantile",0.05,0
"2026-03-21","floyd",1,"Flu ED visits pct","2026-03-28","quantile",0.05,0
"2026-03-21","hall",1,"Flu ED visits pct","2026-03-28","quantile",0.05,0
"2026-03-21","marietta",1,"Flu ED visits pct","2026-03-28","quantile",0.05,0.0916100962624506
"2026-03-21","macon",1,"Flu ED visits pct","2026-03-28","quantile",0.05,0
"2026-03-21","henry",1,"Flu ED visits pct","2026-03-28","quantile",0.05,0
"2026-03-21","cherokee",1,"Flu ED visits pct","2026-03-28","quantile",0.05,0.2270456473812
"2026-03-21","athens",1,"Flu ED visits pct","2026-03-28","quantile",0.05,0.0884906656562748
"2026-03-21","south-augusta",1,"Flu ED visits pct","2026-03-28","quantile",0.05,0
"2026-03-21","columbus",1,"Flu ED visits pct","2026-03-28","quantile",0.05,0
"2026-03-21","la-grange",1,"Flu ED visits pct","2026-03-28","quantile",0.05,0
"2026-03-21","georgia",1,"Flu ED visits pct","2026-03-28","quantile",0.1,0.232343771784288
"2026-03-21","savannah",1,"Flu ED visits pct","2026-03-28","quantile",0.1,0
"2026-03-21","floyd",1,"Flu ED visits pct","2026-03-28","quantile",0.1,0.0743744125802159
"2026-03-21","hall",1,"Flu ED visits pct","2026-03-28","quantile",0.1,0
"2026-03-21","marietta",1,"Flu ED visits pct","2026-03-28","quantile",0.1,0.238134679496585
"2026-03-21","macon",1,"Flu ED visits pct","2026-03-28","quantile",0.1,0
"2026-03-21","henry",1,"Flu ED visits pct","2026-03-28","quantile",0.1,0
"2026-03-21","cherokee",1,"Flu ED visits pct","2026-03-28","quantile",0.1,0.433418359979431
"2026-03-21","athens",1,"Flu ED visits pct","2026-03-28","quantile",0.1,0.274327301449019
"2026-03-21","south-augusta",1,"Flu ED visits pct","2026-03-28","quantile",0.1,0.00576848150165721
"2026-03-21","columbus",1,"Flu ED visits pct","2026-03-28","quantile",0.1,0
"2026-03-21","la-grange",1,"Flu ED visits pct","2026-03-28","quantile",0.1,0
"2026-03-21","georgia",1,"Flu ED visits pct","2026-03-28","quantile",0.25,0.419820978619259
"2026-03-21","savannah",1,"Flu ED visits pct","2026-03-28","quantile",0.25,0
"2026-03-21","floyd",1,"Flu ED visits pct","2026-03-28","quantile",0.25,0.405249101299716
"2026-03-21","hall",1,"Flu ED visits pct","2026-03-28","quantile",0.25,0.180751466099214
"2026-03-21","marietta",1,"Flu ED visits pct","2026-03-28","quantile",0.25,0.55211904737873
"2026-03-21","macon",1,"Flu ED visits pct","2026-03-28","quantile",0.25,0.0769347475166982
"2026-03-21","henry",1,"Flu ED visits pct","2026-03-28","quantile",0.25,0.234594596530573
"2026-03-21","cherokee",1,"Flu ED visits pct","2026-03-28","quantile",0.25,0.831334831617524
"2026-03-21","athens",1,"Flu ED visits pct","2026-03-28","quantile",0.25,0.717931416975556
"2026-03-21","south-augusta",1,"Flu ED visits pct","2026-03-28","quantile",0.25,0.252534767919637
"2026-03-21","columbus",1,"Flu ED visits pct","2026-03-28","quantile",0.25,0.0354366245656526
"2026-03-21","la-grange",1,"Flu ED visits pct","2026-03-28","quantile",0.25,0.16874737801042
"2026-03-21","georgia",1,"Flu ED visits pct","2026-03-28","quantile",0.5,0.682924450070132
"2026-03-21","savannah",1,"Flu ED visits pct","2026-03-28","quantile",0.5,0.0802307468198666
"2026-03-21","floyd",1,"Flu ED visits pct","2026-03-28","quantile",0.5,0.922985819049773
"2026-03-21","hall",1,"Flu ED visits pct","2026-03-28","quantile",0.5,0.544704118862097
"2026-03-21","marietta",1,"Flu ED visits pct","2026-03-28","quantile",0.5,1.04876971531142
"2026-03-21","macon",1,"Flu ED visits pct","2026-03-28","quantile",0.5,0.449531471521009
"2026-03-21","henry",1,"Flu ED visits pct","2026-03-28","quantile",0.5,0.539189066604966
"2026-03-21","cherokee",1,"Flu ED visits pct","2026-03-28","quantile",0.5,1.52405379145829
"2026-03-21","athens",1,"Flu ED visits pct","2026-03-28","quantile",0.5,1.44812896449964
"2026-03-21","south-augusta",1,"Flu ED visits pct","2026-03-28","quantile",0.5,0.675465548359399
"2026-03-21","columbus",1,"Flu ED visits pct","2026-03-28","quantile",0.5,0.461218666682604
"2026-03-21","la-grange",1,"Flu ED visits pct","2026-03-28","quantile",0.5,0.582048824355916
"2026-03-21","georgia",1,"Flu ED visits pct","2026-03-28","quantile",0.75,0.9959675288957
"2026-03-21","savannah",1,"Flu ED visits pct","2026-03-28","quantile",0.75,0.347556411864455
"2026-03-21","floyd",1,"Flu ED visits pct","2026-03-28","quantile",0.75,1.70836956411704
"2026-03-21","hall",1,"Flu ED visits pct","2026-03-28","quantile",0.75,1.04336181736645
"2026-03-21","marietta",1,"Flu ED visits pct","2026-03-28","quantile",0.75,1.68541224226121
"2026-03-21","macon",1,"Flu ED visits pct","2026-03-28","quantile",0.75,1.00774938105783
"2026-03-21","henry",1,"Flu ED visits pct","2026-03-28","quantile",0.75,1.03837924075331
"2026-03-21","cherokee",1,"Flu ED visits pct","2026-03-28","quantile",0.75,2.56429022554396
"2026-03-21","athens",1,"Flu ED visits pct","2026-03-28","quantile",0.75,2.54465012244986
"2026-03-21","south-augusta",1,"Flu ED visits pct","2026-03-28","quantile",0.75,1.20845849578081
"2026-03-21","columbus",1,"Flu ED visits pct","2026-03-28","quantile",0.75,1.18539556556509
"2026-03-21","la-grange",1,"Flu ED visits pct","2026-03-28","quantile",0.75,1.21519124834956
"2026-03-21","georgia",1,"Flu ED visits pct","2026-03-28","quantile",0.9,1.33640336384441
"2026-03-21","savannah",1,"Flu ED visits pct","2026-03-28","quantile",0.9,0.721018010333214
"2026-03-21","floyd",1,"Flu ED visits pct","2026-03-28","quantile",0.9,2.6761454790637
"2026-03-21","hall",1,"Flu ED visits pct","2026-03-28","quantile",0.9,1.66334680295092
"2026-03-21","marietta",1,"Flu ED visits pct","2026-03-28","quantile",0.9,2.5145575688859
"2026-03-21","macon",1,"Flu ED visits pct","2026-03-28","quantile",0.9,1.78680460678943
"2026-03-21","henry",1,"Flu ED visits pct","2026-03-28","quantile",0.9,1.61349667245055
"2026-03-21","cherokee",1,"Flu ED visits pct","2026-03-28","quantile",0.9,3.83672518115566
"2026-03-21","athens",1,"Flu ED visits pct","2026-03-28","quantile",0.9,3.70768470183625
"2026-03-21","south-augusta",1,"Flu ED visits pct","2026-03-28","quantile",0.9,1.93027311082254
"2026-03-21","columbus",1,"Flu ED visits pct","2026-03-28","quantile",0.9,2.20215982815697
"2026-03-21","la-grange",1,"Flu ED visits pct","2026-03-28","quantile",0.9,2.02251957366256
"2026-03-21","georgia",1,"Flu ED visits pct","2026-03-28","quantile",0.95,1.60617891811518
"2026-03-21","savannah",1,"Flu ED visits pct","2026-03-28","quantile",0.95,1.02298689470551
"2026-03-21","floyd",1,"Flu ED visits pct","2026-03-28","quantile",0.95,3.4470729552068
"2026-03-21","hall",1,"Flu ED visits pct","2026-03-28","quantile",0.95,2.20864491222771
"2026-03-21","marietta",1,"Flu ED visits pct","2026-03-28","quantile",0.95,3.09583133995965
"2026-03-21","macon",1,"Flu ED visits pct","2026-03-28","quantile",0.95,2.35426053470176
"2026-03-21","henry",1,"Flu ED visits pct","2026-03-28","quantile",0.95,2.02944762832902
"2026-03-21","cherokee",1,"Flu ED visits pct","2026-03-28","quantile",0.95,4.54937391604828
"2026-03-21","athens",1,"Flu ED visits pct","2026-03-28","quantile",0.95,4.73761963413238
"2026-03-21","south-augusta",1,"Flu ED visits pct","2026-03-28","quantile",0.95,2.54492742697737
"2026-03-21","columbus",1,"Flu ED visits pct","2026-03-28","quantile",0.95,2.91805858048376
"2026-03-21","la-grange",1,"Flu ED visits pct","2026-03-28","quantile",0.95,2.57595530306553
"2026-03-21","georgia",1,"Flu ED visits pct","2026-03-28","quantile",0.975,1.86644318103696
"2026-03-21","savannah",1,"Flu ED visits pct","2026-03-28","quantile",0.975,1.29154667060214
"2026-03-21","floyd",1,"Flu ED visits pct","2026-03-28","quantile",0.975,4.1276008435633
"2026-03-21","hall",1,"Flu ED visits pct","2026-03-28","quantile",0.975,2.83958737017547
"2026-03-21","marietta",1,"Flu ED visits pct","2026-03-28","quantile",0.975,3.77859392523131
"2026-03-21","macon",1,"Flu ED visits pct","2026-03-28","quantile",0.975,2.83467540755729
"2026-03-21","henry",1,"Flu ED visits pct","2026-03-28","quantile",0.975,2.52315462743546
"2026-03-21","cherokee",1,"Flu ED visits pct","2026-03-28","quantile",0.975,5.56270149565746
"2026-03-21","athens",1,"Flu ED visits pct","2026-03-28","quantile",0.975,5.4261282043099
"2026-03-21","south-augusta",1,"Flu ED visits pct","2026-03-28","quantile",0.975,3.19883027514103
"2026-03-21","columbus",1,"Flu ED visits pct","2026-03-28","quantile",0.975,3.89689054668155
"2026-03-21","la-grange",1,"Flu ED visits pct","2026-03-28","quantile",0.975,3.29618785921628
"2026-03-21","georgia",2,"Flu ED visits pct","2026-04-04","quantile",0.025,0
"2026-03-21","savannah",2,"Flu ED visits pct","2026-04-04","quantile",0.025,0
"2026-03-21","floyd",2,"Flu ED visits pct","2026-04-04","quantile",0.025,0
"2026-03-21","hall",2,"Flu ED visits pct","2026-04-04","quantile",0.025,0
"2026-03-21","marietta",2,"Flu ED visits pct","2026-04-04","quantile",0.025,0
"2026-03-21","macon",2,"Flu ED visits pct","2026-04-04","quantile",0.025,0
"2026-03-21","henry",2,"Flu ED visits pct","2026-04-04","quantile",0.025,0
"2026-03-21","cherokee",2,"Flu ED visits pct","2026-04-04","quantile",0.025,0
"2026-03-21","athens",2,"Flu ED visits pct","2026-04-04","quantile",0.025,0
"2026-03-21","south-augusta",2,"Flu ED visits pct","2026-04-04","quantile",0.025,0
"2026-03-21","columbus",2,"Flu ED visits pct","2026-04-04","quantile",0.025,0
"2026-03-21","la-grange",2,"Flu ED visits pct","2026-04-04","quantile",0.025,0
"2026-03-21","georgia",2,"Flu ED visits pct","2026-04-04","quantile",0.05,0
"2026-03-21","savannah",2,"Flu ED visits pct","2026-04-04","quantile",0.05,0
"2026-03-21","floyd",2,"Flu ED visits pct","2026-04-04","quantile",0.05,0
"2026-03-21","hall",2,"Flu ED visits pct","2026-04-04","quantile",0.05,0
"2026-03-21","marietta",2,"Flu ED visits pct","2026-04-04","quantile",0.05,0
"2026-03-21","macon",2,"Flu ED visits pct","2026-04-04","quantile",0.05,0
"2026-03-21","henry",2,"Flu ED visits pct","2026-04-04","quantile",0.05,0
"2026-03-21","cherokee",2,"Flu ED visits pct","2026-04-04","quantile",0.05,0
"2026-03-21","athens",2,"Flu ED visits pct","2026-04-04","quantile",0.05,0
"2026-03-21","south-augusta",2,"Flu ED visits pct","2026-04-04","quantile",0.05,0
"2026-03-21","columbus",2,"Flu ED visits pct","2026-04-04","quantile",0.05,0
"2026-03-21","la-grange",2,"Flu ED visits pct","2026-04-04","quantile",0.05,0
"2026-03-21","georgia",2,"Flu ED visits pct","2026-04-04","quantile",0.1,0.0811139658468162
"2026-03-21","savannah",2,"Flu ED visits pct","2026-04-04","quantile",0.1,0
"2026-03-21","floyd",2,"Flu ED visits pct","2026-04-04","quantile",0.1,0
"2026-03-21","hall",2,"Flu ED visits pct","2026-04-04","quantile",0.1,0
"2026-03-21","marietta",2,"Flu ED visits pct","2026-04-04","quantile",0.1,0.0369863005390691
"2026-03-21","macon",2,"Flu ED visits pct","2026-04-04","quantile",0.1,0
"2026-03-21","henry",2,"Flu ED visits pct","2026-04-04","quantile",0.1,0
"2026-03-21","cherokee",2,"Flu ED visits pct","2026-04-04","quantile",0.1,0.135928672447732
"2026-03-21","athens",2,"Flu ED visits pct","2026-04-04","quantile",0.1,0.0441366390589445
"2026-03-21","south-augusta",2,"Flu ED visits pct","2026-04-04","quantile",0.1,0
"2026-03-21","columbus",2,"Flu ED visits pct","2026-04-04","quantile",0.1,0
"2026-03-21","la-grange",2,"Flu ED visits pct","2026-04-04","quantile",0.1,0
"2026-03-21","georgia",2,"Flu ED visits pct","2026-04-04","quantile",0.25,0.280775817048443
"2026-03-21","savannah",2,"Flu ED visits pct","2026-04-04","quantile",0.25,0
"2026-03-21","floyd",2,"Flu ED visits pct","2026-04-04","quantile",0.25,0.232231480383157
"2026-03-21","hall",2,"Flu ED visits pct","2026-04-04","quantile",0.25,0.0583657297103646
"2026-03-21","marietta",2,"Flu ED visits pct","2026-04-04","quantile",0.25,0.383660635819606
"2026-03-21","macon",2,"Flu ED visits pct","2026-04-04","quantile",0.25,0
"2026-03-21","henry",2,"Flu ED visits pct","2026-04-04","quantile",0.25,0.0902809810506554
"2026-03-21","cherokee",2,"Flu ED visits pct","2026-04-04","quantile",0.25,0.565314453608247
"2026-03-21","athens",2,"Flu ED visits pct","2026-04-04","quantile",0.25,0.443321627960075
"2026-03-21","south-augusta",2,"Flu ED visits pct","2026-04-04","quantile",0.25,0.0767460614219481
"2026-03-21","columbus",2,"Flu ED visits pct","2026-04-04","quantile",0.25,0
"2026-03-21","la-grange",2,"Flu ED visits pct","2026-04-04","quantile",0.25,0.0242158270496088
"2026-03-21","georgia",2,"Flu ED visits pct","2026-04-04","quantile",0.5,0.559043616271629
"2026-03-21","savannah",2,"Flu ED visits pct","2026-04-04","quantile",0.5,0
"2026-03-21","floyd",2,"Flu ED visits pct","2026-04-04","quantile",0.5,0.802958376224731
"2026-03-21","hall",2,"Flu ED visits pct","2026-04-04","quantile",0.5,0.477987000851454
"2026-03-21","marietta",2,"Flu ED visits pct","2026-04-04","quantile",0.5,0.94737600796232
"2026-03-21","macon",2,"Flu ED visits pct","2026-04-04","quantile",0.5,0.364639499883585
"2026-03-21","henry",2,"Flu ED visits pct","2026-04-04","quantile",0.5,0.475694398247064
"2026-03-21","cherokee",2,"Flu ED visits pct","2026-04-04","quantile",0.5,1.42098400765592
"2026-03-21","athens",2,"Flu ED visits pct","2026-04-04","quantile",0.5,1.25926446476287
"2026-03-21","south-augusta",2,"Flu ED visits pct","2026-04-04","quantile",0.5,0.517325214465111
"2026-03-21","columbus",2,"Flu ED visits pct","2026-04-04","quantile",0.5,0.2679577807883
"2026-03-21","la-grange",2,"Flu ED visits pct","2026-04-04","quantile",0.5,0.481169510773454
"2026-03-21","georgia",2,"Flu ED visits pct","2026-04-04","quantile",0.75,0.9453498402946
"2026-03-21","savannah",2,"Flu ED visits pct","2026-04-04","quantile",0.75,0.341401603441249
"2026-03-21","floyd",2,"Flu ED visits pct","2026-04-04","quantile",0.75,1.82170107356471
"2026-03-21","hall",2,"Flu ED visits pct","2026-04-04","quantile",0.75,1.08620279885203
"2026-03-21","marietta",2,"Flu ED visits pct","2026-04-04","quantile",0.75,1.78407338844524
"2026-03-21","macon",2,"Flu ED visits pct","2026-04-04","quantile",0.75,1.05145895919812
"2026-03-21","henry",2,"Flu ED visits pct","2026-04-04","quantile",0.75,1.10942615353244
"2026-03-21","cherokee",2,"Flu ED visits pct","2026-04-04","quantile",0.75,2.66070434741594
"2026-03-21","athens",2,"Flu ED visits pct","2026-04-04","quantile",0.75,2.71570340869768
"2026-03-21","south-augusta",2,"Flu ED visits pct","2026-04-04","quantile",0.75,1.21072906159467
"2026-03-21","columbus",2,"Flu ED visits pct","2026-04-04","quantile",0.75,1.18776722347674
"2026-03-21","la-grange",2,"Flu ED visits pct","2026-04-04","quantile",0.75,1.27462866389267
"2026-03-21","georgia",2,"Flu ED visits pct","2026-04-04","quantile",0.9,1.41766359543601
"2026-03-21","savannah",2,"Flu ED visits pct","2026-04-04","quantile",0.9,0.814965054807057
"2026-03-21","floyd",2,"Flu ED visits pct","2026-04-04","quantile",0.9,2.99167945735094
"2026-03-21","hall",2,"Flu ED visits pct","2026-04-04","quantile",0.9,2.02774924451648
"2026-03-21","marietta",2,"Flu ED visits pct","2026-04-04","quantile",0.9,2.79703531953174
"2026-03-21","macon",2,"Flu ED visits pct","2026-04-04","quantile",0.9,2.07622429025005
"2026-03-21","henry",2,"Flu ED visits pct","2026-04-04","quantile",0.9,1.86880459471757
"2026-03-21","cherokee",2,"Flu ED visits pct","2026-04-04","quantile",0.9,4.41415364917297
"2026-03-21","athens",2,"Flu ED visits pct","2026-04-04","quantile",0.9,4.47487118948298
"2026-03-21","south-augusta",2,"Flu ED visits pct","2026-04-04","quantile",0.9,2.26753126672484
"2026-03-21","columbus",2,"Flu ED visits pct","2026-04-04","quantile",0.9,2.53213682531802
"2026-03-21","la-grange",2,"Flu ED visits pct","2026-04-04","quantile",0.9,2.38375622149035
"2026-03-21","georgia",2,"Flu ED visits pct","2026-04-04","quantile",0.95,1.7657033882533
"2026-03-21","savannah",2,"Flu ED visits pct","2026-04-04","quantile",0.95,1.1725232993896
"2026-03-21","floyd",2,"Flu ED visits pct","2026-04-04","quantile",0.95,4.03993046809811
"2026-03-21","hall",2,"Flu ED visits pct","2026-04-04","quantile",0.95,2.72137259961928
"2026-03-21","marietta",2,"Flu ED visits pct","2026-04-04","quantile",0.95,3.60471774645814
"2026-03-21","macon",2,"Flu ED visits pct","2026-04-04","quantile",0.95,3.03467196034967
"2026-03-21","henry",2,"Flu ED visits pct","2026-04-04","quantile",0.95,2.44747299011418
"2026-03-21","cherokee",2,"Flu ED visits pct","2026-04-04","quantile",0.95,5.56360021534263
"2026-03-21","athens",2,"Flu ED visits pct","2026-04-04","quantile",0.95,5.74395157285249
"2026-03-21","south-augusta",2,"Flu ED visits pct","2026-04-04","quantile",0.95,3.07158702909206
"2026-03-21","columbus",2,"Flu ED visits pct","2026-04-04","quantile",0.95,3.85132009187767
"2026-03-21","la-grange",2,"Flu ED visits pct","2026-04-04","quantile",0.95,3.38648377470261
"2026-03-21","georgia",2,"Flu ED visits pct","2026-04-04","quantile",0.975,2.17739703153395
"2026-03-21","savannah",2,"Flu ED visits pct","2026-04-04","quantile",0.975,1.68352671664394
"2026-03-21","floyd",2,"Flu ED visits pct","2026-04-04","quantile",0.975,5.31680358012405
"2026-03-21","hall",2,"Flu ED visits pct","2026-04-04","quantile",0.975,3.47268771781502
"2026-03-21","marietta",2,"Flu ED visits pct","2026-04-04","quantile",0.975,4.47809464949157
"2026-03-21","macon",2,"Flu ED visits pct","2026-04-04","quantile",0.975,3.86776760717841
"2026-03-21","henry",2,"Flu ED visits pct","2026-04-04","quantile",0.975,3.02166734280996
"2026-03-21","cherokee",2,"Flu ED visits pct","2026-04-04","quantile",0.975,6.90236737411678
"2026-03-21","athens",2,"Flu ED visits pct","2026-04-04","quantile",0.975,6.74806173620579
"2026-03-21","south-augusta",2,"Flu ED visits pct","2026-04-04","quantile",0.975,3.8501804121038
"2026-03-21","columbus",2,"Flu ED visits pct","2026-04-04","quantile",0.975,5.02290568170261
"2026-03-21","la-grange",2,"Flu ED visits pct","2026-04-04","quantile",0.975,4.26231196282859
"2026-03-21","georgia",3,"Flu ED visits pct","2026-04-11","quantile",0.025,0
"2026-03-21","savannah",3,"Flu ED visits pct","2026-04-11","quantile",0.025,0
"2026-03-21","floyd",3,"Flu ED visits pct","2026-04-11","quantile",0.025,0
"2026-03-21","hall",3,"Flu ED visits pct","2026-04-11","quantile",0.025,0
"2026-03-21","marietta",3,"Flu ED visits pct","2026-04-11","quantile",0.025,0
"2026-03-21","macon",3,"Flu ED visits pct","2026-04-11","quantile",0.025,0
"2026-03-21","henry",3,"Flu ED visits pct","2026-04-11","quantile",0.025,0
"2026-03-21","cherokee",3,"Flu ED visits pct","2026-04-11","quantile",0.025,0
"2026-03-21","athens",3,"Flu ED visits pct","2026-04-11","quantile",0.025,0
"2026-03-21","south-augusta",3,"Flu ED visits pct","2026-04-11","quantile",0.025,0
"2026-03-21","columbus",3,"Flu ED visits pct","2026-04-11","quantile",0.025,0
"2026-03-21","la-grange",3,"Flu ED visits pct","2026-04-11","quantile",0.025,0
"2026-03-21","georgia",3,"Flu ED visits pct","2026-04-11","quantile",0.05,0
"2026-03-21","savannah",3,"Flu ED visits pct","2026-04-11","quantile",0.05,0
"2026-03-21","floyd",3,"Flu ED visits pct","2026-04-11","quantile",0.05,0
"2026-03-21","hall",3,"Flu ED visits pct","2026-04-11","quantile",0.05,0
"2026-03-21","marietta",3,"Flu ED visits pct","2026-04-11","quantile",0.05,0
"2026-03-21","macon",3,"Flu ED visits pct","2026-04-11","quantile",0.05,0
"2026-03-21","henry",3,"Flu ED visits pct","2026-04-11","quantile",0.05,0
"2026-03-21","cherokee",3,"Flu ED visits pct","2026-04-11","quantile",0.05,0
"2026-03-21","athens",3,"Flu ED visits pct","2026-04-11","quantile",0.05,0
"2026-03-21","south-augusta",3,"Flu ED visits pct","2026-04-11","quantile",0.05,0
"2026-03-21","columbus",3,"Flu ED visits pct","2026-04-11","quantile",0.05,0
"2026-03-21","la-grange",3,"Flu ED visits pct","2026-04-11","quantile",0.05,0
"2026-03-21","georgia",3,"Flu ED visits pct","2026-04-11","quantile",0.1,0
"2026-03-21","savannah",3,"Flu ED visits pct","2026-04-11","quantile",0.1,0
"2026-03-21","floyd",3,"Flu ED visits pct","2026-04-11","quantile",0.1,0
"2026-03-21","hall",3,"Flu ED visits pct","2026-04-11","quantile",0.1,0
"2026-03-21","marietta",3,"Flu ED visits pct","2026-04-11","quantile",0.1,0
"2026-03-21","macon",3,"Flu ED visits pct","2026-04-11","quantile",0.1,0
"2026-03-21","henry",3,"Flu ED visits pct","2026-04-11","quantile",0.1,0
"2026-03-21","cherokee",3,"Flu ED visits pct","2026-04-11","quantile",0.1,0
"2026-03-21","athens",3,"Flu ED visits pct","2026-04-11","quantile",0.1,0
"2026-03-21","south-augusta",3,"Flu ED visits pct","2026-04-11","quantile",0.1,0
"2026-03-21","columbus",3,"Flu ED visits pct","2026-04-11","quantile",0.1,0
"2026-03-21","la-grange",3,"Flu ED visits pct","2026-04-11","quantile",0.1,0
"2026-03-21","georgia",3,"Flu ED visits pct","2026-04-11","quantile",0.25,0.188208154704482
"2026-03-21","savannah",3,"Flu ED visits pct","2026-04-11","quantile",0.25,0
"2026-03-21","floyd",3,"Flu ED visits pct","2026-04-11","quantile",0.25,0.0872314628943066
"2026-03-21","hall",3,"Flu ED visits pct","2026-04-11","quantile",0.25,0
"2026-03-21","marietta",3,"Flu ED visits pct","2026-04-11","quantile",0.25,0.244682793524462
"2026-03-21","macon",3,"Flu ED visits pct","2026-04-11","quantile",0.25,0
"2026-03-21","henry",3,"Flu ED visits pct","2026-04-11","quantile",0.25,0
"2026-03-21","cherokee",3,"Flu ED visits pct","2026-04-11","quantile",0.25,0.385597282990871
"2026-03-21","athens",3,"Flu ED visits pct","2026-04-11","quantile",0.25,0.285679700504289
"2026-03-21","south-augusta",3,"Flu ED visits pct","2026-04-11","quantile",0.25,0
"2026-03-21","columbus",3,"Flu ED visits pct","2026-04-11","quantile",0.25,0
"2026-03-21","la-grange",3,"Flu ED visits pct","2026-04-11","quantile",0.25,0
"2026-03-21","georgia",3,"Flu ED visits pct","2026-04-11","quantile",0.5,0.492469628190515
"2026-03-21","savannah",3,"Flu ED visits pct","2026-04-11","quantile",0.5,0
"2026-03-21","floyd",3,"Flu ED visits pct","2026-04-11","quantile",0.5,0.723239008210207
"2026-03-21","hall",3,"Flu ED visits pct","2026-04-11","quantile",0.5,0.419946113691916
"2026-03-21","marietta",3,"Flu ED visits pct","2026-04-11","quantile",0.5,0.847759337356199
"2026-03-21","macon",3,"Flu ED visits pct","2026-04-11","quantile",0.5,0.280370664787761
"2026-03-21","henry",3,"Flu ED visits pct","2026-04-11","quantile",0.5,0.412284916205324
"2026-03-21","cherokee",3,"Flu ED visits pct","2026-04-11","quantile",0.5,1.30078283662239
"2026-03-21","athens",3,"Flu ED visits pct","2026-04-11","quantile",0.5,1.14934105157518
"2026-03-21","south-augusta",3,"Flu ED visits pct","2026-04-11","quantile",0.5,0.388243976224955
"2026-03-21","columbus",3,"Flu ED visits pct","2026-04-11","quantile",0.5,0.16807435425008
"2026-03-21","la-grange",3,"Flu ED visits pct","2026-04-11","quantile",0.5,0.378129755842307
"2026-03-21","georgia",3,"Flu ED visits pct","2026-04-11","quantile",0.75,0.941331786043085
"2026-03-21","savannah",3,"Flu ED visits pct","2026-04-11","quantile",0.75,0.356204790158482
"2026-03-21","floyd",3,"Flu ED visits pct","2026-04-11","quantile",0.75,1.85948989004694
"2026-03-21","hall",3,"Flu ED visits pct","2026-04-11","quantile",0.75,1.21091559001463
"2026-03-21","marietta",3,"Flu ED visits pct","2026-04-11","quantile",0.75,1.91369164279972
"2026-03-21","macon",3,"Flu ED visits pct","2026-04-11","quantile",0.75,1.21839603211012
"2026-03-21","henry",3,"Flu ED visits pct","2026-04-11","quantile",0.75,1.15585568176833
"2026-03-21","cherokee",3,"Flu ED visits pct","2026-04-11","quantile",0.75,2.75105271623102
"2026-03-21","athens",3,"Flu ED visits pct","2026-04-11","quantile",0.75,2.8201522882828
"2026-03-21","south-augusta",3,"Flu ED visits pct","2026-04-11","quantile",0.75,1.160110333644
"2026-03-21","columbus",3,"Flu ED visits pct","2026-04-11","quantile",0.75,1.11227875103762
"2026-03-21","la-grange",3,"Flu ED visits pct","2026-04-11","quantile",0.75,1.33547080726181
"2026-03-21","georgia",3,"Flu ED visits pct","2026-04-11","quantile",0.9,1.51197689734328
"2026-03-21","savannah",3,"Flu ED visits pct","2026-04-11","quantile",0.9,0.978528579969367
"2026-03-21","floyd",3,"Flu ED visits pct","2026-04-11","quantile",0.9,3.56377167798154
"2026-03-21","hall",3,"Flu ED visits pct","2026-04-11","quantile",0.9,2.37398897675766
"2026-03-21","marietta",3,"Flu ED visits pct","2026-04-11","quantile",0.9,3.1600475166794
"2026-03-21","macon",3,"Flu ED visits pct","2026-04-11","quantile",0.9,2.70480403348445
"2026-03-21","henry",3,"Flu ED visits pct","2026-04-11","quantile",0.9,2.27330336353475
"2026-03-21","cherokee",3,"Flu ED visits pct","2026-04-11","quantile",0.9,4.77252047629871
"2026-03-21","athens",3,"Flu ED visits pct","2026-04-11","quantile",0.9,4.88960266742669
"2026-03-21","south-augusta",3,"Flu ED visits pct","2026-04-11","quantile",0.9,2.51148119525228
"2026-03-21","columbus",3,"Flu ED visits pct","2026-04-11","quantile",0.9,2.74958481060658
"2026-03-21","la-grange",3,"Flu ED visits pct","2026-04-11","quantile",0.9,2.71036974792103
"2026-03-21","georgia",3,"Flu ED visits pct","2026-04-11","quantile",0.95,1.94155989744447
"2026-03-21","savannah",3,"Flu ED visits pct","2026-04-11","quantile",0.95,1.54785259299532
"2026-03-21","floyd",3,"Flu ED visits pct","2026-04-11","quantile",0.95,4.83059238790974
"2026-03-21","hall",3,"Flu ED visits pct","2026-04-11","quantile",0.95,3.4164066777679
"2026-03-21","marietta",3,"Flu ED visits pct","2026-04-11","quantile",0.95,4.15296777695011
"2026-03-21","macon",3,"Flu ED visits pct","2026-04-11","quantile",0.95,3.74249951080381
"2026-03-21","henry",3,"Flu ED visits pct","2026-04-11","quantile",0.95,3.04118529323283
"2026-03-21","cherokee",3,"Flu ED visits pct","2026-04-11","quantile",0.95,6.46583751277341
"2026-03-21","athens",3,"Flu ED visits pct","2026-04-11","quantile",0.95,6.75751407300031
"2026-03-21","south-augusta",3,"Flu ED visits pct","2026-04-11","quantile",0.95,3.33153994786183
"2026-03-21","columbus",3,"Flu ED visits pct","2026-04-11","quantile",0.95,4.35041199660475
"2026-03-21","la-grange",3,"Flu ED visits pct","2026-04-11","quantile",0.95,4.15578544012601
"2026-03-21","georgia",3,"Flu ED visits pct","2026-04-11","quantile",0.975,2.36968277040281
"2026-03-21","savannah",3,"Flu ED visits pct","2026-04-11","quantile",0.975,2.15540704619134
"2026-03-21","floyd",3,"Flu ED visits pct","2026-04-11","quantile",0.975,5.99044784901965
"2026-03-21","hall",3,"Flu ED visits pct","2026-04-11","quantile",0.975,4.46829154659652
"2026-03-21","marietta",3,"Flu ED visits pct","2026-04-11","quantile",0.975,5.28456339059152
"2026-03-21","macon",3,"Flu ED visits pct","2026-04-11","quantile",0.975,5.0372982715392
"2026-03-21","henry",3,"Flu ED visits pct","2026-04-11","quantile",0.975,3.75212329342679
"2026-03-21","cherokee",3,"Flu ED visits pct","2026-04-11","quantile",0.975,8.43105943040284
"2026-03-21","athens",3,"Flu ED visits pct","2026-04-11","quantile",0.975,8.34436068826767
"2026-03-21","south-augusta",3,"Flu ED visits pct","2026-04-11","quantile",0.975,4.5764413396765
"2026-03-21","columbus",3,"Flu ED visits pct","2026-04-11","quantile",0.975,6.30451229530737
"2026-03-21","la-grange",3,"Flu ED visits pct","2026-04-11","quantile",0.975,5.7820808156534
"2026-03-21","indiana",0,"Flu ED visits pct","2026-03-21","quantile",0.025,1.62931970563211
"2026-03-21","indianapolis",0,"Flu ED visits pct","2026-03-21","quantile",0.025,1.41345241472899
"2026-03-21","indiana",0,"Flu ED visits pct","2026-03-21","quantile",0.05,1.82475209404968
"2026-03-21","indianapolis",0,"Flu ED visits pct","2026-03-21","quantile",0.05,1.59990748272176
"2026-03-21","indiana",0,"Flu ED visits pct","2026-03-21","quantile",0.1,2.03818686199512
"2026-03-21","indianapolis",0,"Flu ED visits pct","2026-03-21","quantile",0.1,1.83915535969256
"2026-03-21","indiana",0,"Flu ED visits pct","2026-03-21","quantile",0.25,2.39897343041952
"2026-03-21","indianapolis",0,"Flu ED visits pct","2026-03-21","quantile",0.25,2.22896555349838
"2026-03-21","indiana",0,"Flu ED visits pct","2026-03-21","quantile",0.5,2.79625859463527
"2026-03-21","indianapolis",0,"Flu ED visits pct","2026-03-21","quantile",0.5,2.72918860424825
"2026-03-21","indiana",0,"Flu ED visits pct","2026-03-21","quantile",0.75,3.26164409224081
"2026-03-21","indianapolis",0,"Flu ED visits pct","2026-03-21","quantile",0.75,3.30681676118731
"2026-03-21","indiana",0,"Flu ED visits pct","2026-03-21","quantile",0.9,3.76437950393812
"2026-03-21","indianapolis",0,"Flu ED visits pct","2026-03-21","quantile",0.9,3.87017426674287
"2026-03-21","indiana",0,"Flu ED visits pct","2026-03-21","quantile",0.95,4.04881128178079
"2026-03-21","indianapolis",0,"Flu ED visits pct","2026-03-21","quantile",0.95,4.16874968181995
"2026-03-21","indiana",0,"Flu ED visits pct","2026-03-21","quantile",0.975,4.29026541654093
"2026-03-21","indianapolis",0,"Flu ED visits pct","2026-03-21","quantile",0.975,4.46733526101083
"2026-03-21","indiana",1,"Flu ED visits pct","2026-03-28","quantile",0.025,1.10441326583388
"2026-03-21","indianapolis",1,"Flu ED visits pct","2026-03-28","quantile",0.025,0.751303428890321
"2026-03-21","indiana",1,"Flu ED visits pct","2026-03-28","quantile",0.05,1.31719229899763
"2026-03-21","indianapolis",1,"Flu ED visits pct","2026-03-28","quantile",0.05,0.955351250506762
"2026-03-21","indiana",1,"Flu ED visits pct","2026-03-28","quantile",0.1,1.56283166382453
"2026-03-21","indianapolis",1,"Flu ED visits pct","2026-03-28","quantile",0.1,1.20972359030122
"2026-03-21","indiana",1,"Flu ED visits pct","2026-03-28","quantile",0.25,1.95115499096683
"2026-03-21","indianapolis",1,"Flu ED visits pct","2026-03-28","quantile",0.25,1.70383352879631
"2026-03-21","indiana",1,"Flu ED visits pct","2026-03-28","quantile",0.5,2.557749123065
"2026-03-21","indianapolis",1,"Flu ED visits pct","2026-03-28","quantile",0.5,2.29607524695228
"2026-03-21","indiana",1,"Flu ED visits pct","2026-03-28","quantile",0.75,3.27160509376553
"2026-03-21","indianapolis",1,"Flu ED visits pct","2026-03-28","quantile",0.75,3.10421792785607
"2026-03-21","indiana",1,"Flu ED visits pct","2026-03-28","quantile",0.9,3.96925912303065
"2026-03-21","indianapolis",1,"Flu ED visits pct","2026-03-28","quantile",0.9,4.02829827505851
"2026-03-21","indiana",1,"Flu ED visits pct","2026-03-28","quantile",0.95,4.42042813774951
"2026-03-21","indianapolis",1,"Flu ED visits pct","2026-03-28","quantile",0.95,4.63853223560313
"2026-03-21","indiana",1,"Flu ED visits pct","2026-03-28","quantile",0.975,4.85072105119957
"2026-03-21","indianapolis",1,"Flu ED visits pct","2026-03-28","quantile",0.975,5.19868398400385
"2026-03-21","indiana",2,"Flu ED visits pct","2026-04-04","quantile",0.025,0.69035151568227
"2026-03-21","indianapolis",2,"Flu ED visits pct","2026-04-04","quantile",0.025,0.345821550201262
"2026-03-21","indiana",2,"Flu ED visits pct","2026-04-04","quantile",0.05,0.887729399468099
"2026-03-21","indianapolis",2,"Flu ED visits pct","2026-04-04","quantile",0.05,0.502033677449044
"2026-03-21","indiana",2,"Flu ED visits pct","2026-04-04","quantile",0.1,1.13295077793616
"2026-03-21","indianapolis",2,"Flu ED visits pct","2026-04-04","quantile",0.1,0.761080750640425
"2026-03-21","indiana",2,"Flu ED visits pct","2026-04-04","quantile",0.25,1.59279143667671
"2026-03-21","indianapolis",2,"Flu ED visits pct","2026-04-04","quantile",0.25,1.28759946886604
"2026-03-21","indiana",2,"Flu ED visits pct","2026-04-04","quantile",0.5,2.28585009733247
"2026-03-21","indianapolis",2,"Flu ED visits pct","2026-04-04","quantile",0.5,1.96099527550421
"2026-03-21","indiana",2,"Flu ED visits pct","2026-04-04","quantile",0.75,3.12253992102946
"2026-03-21","indianapolis",2,"Flu ED visits pct","2026-04-04","quantile",0.75,2.98846320711395
"2026-03-21","indiana",2,"Flu ED visits pct","2026-04-04","quantile",0.9,4.01398876961612
"2026-03-21","indianapolis",2,"Flu ED visits pct","2026-04-04","quantile",0.9,4.12306374345065
"2026-03-21","indiana",2,"Flu ED visits pct","2026-04-04","quantile",0.95,4.74119195672147
"2026-03-21","indianapolis",2,"Flu ED visits pct","2026-04-04","quantile",0.95,4.92895555687615
"2026-03-21","indiana",2,"Flu ED visits pct","2026-04-04","quantile",0.975,5.3001160022784
"2026-03-21","indianapolis",2,"Flu ED visits pct","2026-04-04","quantile",0.975,5.55888346128159
"2026-03-21","indiana",3,"Flu ED visits pct","2026-04-11","quantile",0.025,0.403643498584129
"2026-03-21","indianapolis",3,"Flu ED visits pct","2026-04-11","quantile",0.025,0.0892070242882897
"2026-03-21","indiana",3,"Flu ED visits pct","2026-04-11","quantile",0.05,0.592198265157024
"2026-03-21","indianapolis",3,"Flu ED visits pct","2026-04-11","quantile",0.05,0.262695595372177
"2026-03-21","indiana",3,"Flu ED visits pct","2026-04-11","quantile",0.1,0.85345013978395
"2026-03-21","indianapolis",3,"Flu ED visits pct","2026-04-11","quantile",0.1,0.467826537028667
"2026-03-21","indiana",3,"Flu ED visits pct","2026-04-11","quantile",0.25,1.33218363610169
"2026-03-21","indianapolis",3,"Flu ED visits pct","2026-04-11","quantile",0.25,0.960913519944218
"2026-03-21","indiana",3,"Flu ED visits pct","2026-04-11","quantile",0.5,2.09417840961957
"2026-03-21","indianapolis",3,"Flu ED visits pct","2026-04-11","quantile",0.5,1.63996106799897
"2026-03-21","indiana",3,"Flu ED visits pct","2026-04-11","quantile",0.75,3.02080799355979
"2026-03-21","indianapolis",3,"Flu ED visits pct","2026-04-11","quantile",0.75,2.76365128000299
"2026-03-21","indiana",3,"Flu ED visits pct","2026-04-11","quantile",0.9,4.1355686983221
"2026-03-21","indianapolis",3,"Flu ED visits pct","2026-04-11","quantile",0.9,4.13383747955095
"2026-03-21","indiana",3,"Flu ED visits pct","2026-04-11","quantile",0.95,4.95231530250966
"2026-03-21","indianapolis",3,"Flu ED visits pct","2026-04-11","quantile",0.95,5.07896265685388
"2026-03-21","indiana",3,"Flu ED visits pct","2026-04-11","quantile",0.975,5.55639953591777
"2026-03-21","indianapolis",3,"Flu ED visits pct","2026-04-11","quantile",0.975,6.22414301358865
"2026-03-21","massachusetts",0,"Flu ED visits pct","2026-03-21","quantile",0.025,0.496647325257538
"2026-03-21","worcester",0,"Flu ED visits pct","2026-03-21","quantile",0.025,0.292666690535397
"2026-03-21","pittsfield",0,"Flu ED visits pct","2026-03-21","quantile",0.025,0
"2026-03-21","boston",0,"Flu ED visits pct","2026-03-21","quantile",0.025,0.46117934038138
"2026-03-21","springfield",0,"Flu ED visits pct","2026-03-21","quantile",0.025,0.383852469056921
"2026-03-21","new-bedford",0,"Flu ED visits pct","2026-03-21","quantile",0.025,0.340890120432472
"2026-03-21","lynn",0,"Flu ED visits pct","2026-03-21","quantile",0.025,0.189237053841408
"2026-03-21","massachusetts",0,"Flu ED visits pct","2026-03-21","quantile",0.05,0.567644811150107
"2026-03-21","worcester",0,"Flu ED visits pct","2026-03-21","quantile",0.05,0.403255762161717
"2026-03-21","pittsfield",0,"Flu ED visits pct","2026-03-21","quantile",0.05,0
"2026-03-21","boston",0,"Flu ED visits pct","2026-03-21","quantile",0.05,0.534202753491375
"2026-03-21","springfield",0,"Flu ED visits pct","2026-03-21","quantile",0.05,0.517759690081495
"2026-03-21","new-bedford",0,"Flu ED visits pct","2026-03-21","quantile",0.05,0.43362437265582
"2026-03-21","lynn",0,"Flu ED visits pct","2026-03-21","quantile",0.05,0.25791401536479
"2026-03-21","massachusetts",0,"Flu ED visits pct","2026-03-21","quantile",0.1,0.66810989112408
"2026-03-21","worcester",0,"Flu ED visits pct","2026-03-21","quantile",0.1,0.511335033550082
"2026-03-21","pittsfield",0,"Flu ED visits pct","2026-03-21","quantile",0.1,0
"2026-03-21","boston",0,"Flu ED visits pct","2026-03-21","quantile",0.1,0.629152273105504
"2026-03-21","springfield",0,"Flu ED visits pct","2026-03-21","quantile",0.1,0.66094938597498
"2026-03-21","new-bedford",0,"Flu ED visits pct","2026-03-21","quantile",0.1,0.555333608668672
"2026-03-21","lynn",0,"Flu ED visits pct","2026-03-21","quantile",0.1,0.364846126561387
"2026-03-21","massachusetts",0,"Flu ED visits pct","2026-03-21","quantile",0.25,0.832247465291346
"2026-03-21","worcester",0,"Flu ED visits pct","2026-03-21","quantile",0.25,0.736211115475242
"2026-03-21","pittsfield",0,"Flu ED visits pct","2026-03-21","quantile",0.25,0
"2026-03-21","boston",0,"Flu ED visits pct","2026-03-21","quantile",0.25,0.811970687938313
"2026-03-21","springfield",0,"Flu ED visits pct","2026-03-21","quantile",0.25,0.932585706950445
"2026-03-21","new-bedford",0,"Flu ED visits pct","2026-03-21","quantile",0.25,0.796411195055194
"2026-03-21","lynn",0,"Flu ED visits pct","2026-03-21","quantile",0.25,0.565040686991893
"2026-03-21","massachusetts",0,"Flu ED visits pct","2026-03-21","quantile",0.5,1.03230124997843
"2026-03-21","worcester",0,"Flu ED visits pct","2026-03-21","quantile",0.5,1.0408832733181
"2026-03-21","pittsfield",0,"Flu ED visits pct","2026-03-21","quantile",0.5,0.164286328810914
"2026-03-21","boston",0,"Flu ED visits pct","2026-03-21","quantile",0.5,1.01149951871194
"2026-03-21","springfield",0,"Flu ED visits pct","2026-03-21","quantile",0.5,1.28538328238526
"2026-03-21","new-bedford",0,"Flu ED visits pct","2026-03-21","quantile",0.5,1.13513802256596
"2026-03-21","lynn",0,"Flu ED visits pct","2026-03-21","quantile",0.5,0.814997747994959
"2026-03-21","massachusetts",0,"Flu ED visits pct","2026-03-21","quantile",0.75,1.24498396847124
"2026-03-21","worcester",0,"Flu ED visits pct","2026-03-21","quantile",0.75,1.40651346508718
"2026-03-21","pittsfield",0,"Flu ED visits pct","2026-03-21","quantile",0.75,0.524829314621745
"2026-03-21","boston",0,"Flu ED visits pct","2026-03-21","quantile",0.75,1.25909712027404
"2026-03-21","springfield",0,"Flu ED visits pct","2026-03-21","quantile",0.75,1.72968079825439
"2026-03-21","new-bedford",0,"Flu ED visits pct","2026-03-21","quantile",0.75,1.5199071047658
"2026-03-21","lynn",0,"Flu ED visits pct","2026-03-21","quantile",0.75,1.13389219006752
"2026-03-21","massachusetts",0,"Flu ED visits pct","2026-03-21","quantile",0.9,1.46129721396341
"2026-03-21","worcester",0,"Flu ED visits pct","2026-03-21","quantile",0.9,1.80919647422118
"2026-03-21","pittsfield",0,"Flu ED visits pct","2026-03-21","quantile",0.9,0.953986637147722
"2026-03-21","boston",0,"Flu ED visits pct","2026-03-21","quantile",0.9,1.50713050312385
"2026-03-21","springfield",0,"Flu ED visits pct","2026-03-21","quantile",0.9,2.20560672356919
"2026-03-21","new-bedford",0,"Flu ED visits pct","2026-03-21","quantile",0.9,1.91011470619918
"2026-03-21","lynn",0,"Flu ED visits pct","2026-03-21","quantile",0.9,1.46338830844188
"2026-03-21","massachusetts",0,"Flu ED visits pct","2026-03-21","quantile",0.95,1.61851455632566
"2026-03-21","worcester",0,"Flu ED visits pct","2026-03-21","quantile",0.95,2.02776933661531
"2026-03-21","pittsfield",0,"Flu ED visits pct","2026-03-21","quantile",0.95,1.26576974893928
"2026-03-21","boston",0,"Flu ED visits pct","2026-03-21","quantile",0.95,1.67695731638152
"2026-03-21","springfield",0,"Flu ED visits pct","2026-03-21","quantile",0.95,2.46586865006261
"2026-03-21","new-bedford",0,"Flu ED visits pct","2026-03-21","quantile",0.95,2.20641128552036
"2026-03-21","lynn",0,"Flu ED visits pct","2026-03-21","quantile",0.95,1.70554375091189
"2026-03-21","massachusetts",0,"Flu ED visits pct","2026-03-21","quantile",0.975,1.76211812549969
"2026-03-21","worcester",0,"Flu ED visits pct","2026-03-21","quantile",0.975,2.26083779780474
"2026-03-21","pittsfield",0,"Flu ED visits pct","2026-03-21","quantile",0.975,1.59167688240694
"2026-03-21","boston",0,"Flu ED visits pct","2026-03-21","quantile",0.975,1.8007456938109
"2026-03-21","springfield",0,"Flu ED visits pct","2026-03-21","quantile",0.975,2.72528847555373
"2026-03-21","new-bedford",0,"Flu ED visits pct","2026-03-21","quantile",0.975,2.42515957387866
"2026-03-21","lynn",0,"Flu ED visits pct","2026-03-21","quantile",0.975,1.90446147778608
"2026-03-21","massachusetts",1,"Flu ED visits pct","2026-03-28","quantile",0.025,0.274753537789649
"2026-03-21","worcester",1,"Flu ED visits pct","2026-03-28","quantile",0.025,0.0411651183161403
"2026-03-21","pittsfield",1,"Flu ED visits pct","2026-03-28","quantile",0.025,0
"2026-03-21","boston",1,"Flu ED visits pct","2026-03-28","quantile",0.025,0.295495169936074
"2026-03-21","springfield",1,"Flu ED visits pct","2026-03-28","quantile",0.025,0.122793094185414
"2026-03-21","new-bedford",1,"Flu ED visits pct","2026-03-28","quantile",0.025,0.0710624191965397
"2026-03-21","lynn",1,"Flu ED visits pct","2026-03-28","quantile",0.025,0
"2026-03-21","massachusetts",1,"Flu ED visits pct","2026-03-28","quantile",0.05,0.382129166151445
"2026-03-21","worcester",1,"Flu ED visits pct","2026-03-28","quantile",0.05,0.129361685555472
"2026-03-21","pittsfield",1,"Flu ED visits pct","2026-03-28","quantile",0.05,0
"2026-03-21","boston",1,"Flu ED visits pct","2026-03-28","quantile",0.05,0.376558154440628
"2026-03-21","springfield",1,"Flu ED visits pct","2026-03-28","quantile",0.05,0.24705105932332
"2026-03-21","new-bedford",1,"Flu ED visits pct","2026-03-28","quantile",0.05,0.200460652160913
"2026-03-21","lynn",1,"Flu ED visits pct","2026-03-28","quantile",0.05,0.0579235948836796
"2026-03-21","massachusetts",1,"Flu ED visits pct","2026-03-28","quantile",0.1,0.502183790556121
"2026-03-21","worcester",1,"Flu ED visits pct","2026-03-28","quantile",0.1,0.268884074356125
"2026-03-21","pittsfield",1,"Flu ED visits pct","2026-03-28","quantile",0.1,0
"2026-03-21","boston",1,"Flu ED visits pct","2026-03-28","quantile",0.1,0.499940805121464
"2026-03-21","springfield",1,"Flu ED visits pct","2026-03-28","quantile",0.1,0.402876988676959
"2026-03-21","new-bedford",1,"Flu ED visits pct","2026-03-28","quantile",0.1,0.338833740519605
"2026-03-21","lynn",1,"Flu ED visits pct","2026-03-28","quantile",0.1,0.182022114949517
"2026-03-21","massachusetts",1,"Flu ED visits pct","2026-03-28","quantile",0.25,0.718788514996954
"2026-03-21","worcester",1,"Flu ED visits pct","2026-03-28","quantile",0.25,0.542325877122269
"2026-03-21","pittsfield",1,"Flu ED visits pct","2026-03-28","quantile",0.25,0
"2026-03-21","boston",1,"Flu ED visits pct","2026-03-28","quantile",0.25,0.731102670278095
"2026-03-21","springfield",1,"Flu ED visits pct","2026-03-28","quantile",0.25,0.724196572317588
"2026-03-21","new-bedford",1,"Flu ED visits pct","2026-03-28","quantile",0.25,0.640782842342284
"2026-03-21","lynn",1,"Flu ED visits pct","2026-03-28","quantile",0.25,0.414047238735115
"2026-03-21","massachusetts",1,"Flu ED visits pct","2026-03-28","quantile",0.5,1.04478564747903
"2026-03-21","worcester",1,"Flu ED visits pct","2026-03-28","quantile",0.5,0.975104566256317
"2026-03-21","pittsfield",1,"Flu ED visits pct","2026-03-28","quantile",0.5,0.0797868700685537
"2026-03-21","boston",1,"Flu ED visits pct","2026-03-28","quantile",0.5,1.02930234676581
"2026-03-21","springfield",1,"Flu ED visits pct","2026-03-28","quantile",0.5,1.2178478584972
"2026-03-21","new-bedford",1,"Flu ED visits pct","2026-03-28","quantile",0.5,1.09949712676342
"2026-03-21","lynn",1,"Flu ED visits pct","2026-03-28","quantile",0.5,0.75994849218359
"2026-03-21","massachusetts",1,"Flu ED visits pct","2026-03-28","quantile",0.75,1.38947858480496
"2026-03-21","worcester",1,"Flu ED visits pct","2026-03-28","quantile",0.75,1.54698848875619
"2026-03-21","pittsfield",1,"Flu ED visits pct","2026-03-28","quantile",0.75,0.655017366760757
"2026-03-21","boston",1,"Flu ED visits pct","2026-03-28","quantile",0.75,1.43313927316703
"2026-03-21","springfield",1,"Flu ED visits pct","2026-03-28","quantile",0.75,1.92489841092497
"2026-03-21","new-bedford",1,"Flu ED visits pct","2026-03-28","quantile",0.75,1.71051701637448
"2026-03-21","lynn",1,"Flu ED visits pct","2026-03-28","quantile",0.75,1.23073764892445
"2026-03-21","massachusetts",1,"Flu ED visits pct","2026-03-28","quantile",0.9,1.71509825595614
"2026-03-21","worcester",1,"Flu ED visits pct","2026-03-28","quantile",0.9,2.221159112341
"2026-03-21","pittsfield",1,"Flu ED visits pct","2026-03-28","quantile",0.9,1.56812106601196
"2026-03-21","boston",1,"Flu ED visits pct","2026-03-28","quantile",0.9,1.82533303451432
"2026-03-21","springfield",1,"Flu ED visits pct","2026-03-28","quantile",0.9,2.79533109961574
"2026-03-21","new-bedford",1,"Flu ED visits pct","2026-03-28","quantile",0.9,2.34066091338352
"2026-03-21","lynn",1,"Flu ED visits pct","2026-03-28","quantile",0.9,1.84702779030546
"2026-03-21","massachusetts",1,"Flu ED visits pct","2026-03-28","quantile",0.95,1.97426247695407
"2026-03-21","worcester",1,"Flu ED visits pct","2026-03-28","quantile",0.95,2.70616354524425
"2026-03-21","pittsfield",1,"Flu ED visits pct","2026-03-28","quantile",0.95,2.19857720156857
"2026-03-21","boston",1,"Flu ED visits pct","2026-03-28","quantile",0.95,2.127371050643
"2026-03-21","springfield",1,"Flu ED visits pct","2026-03-28","quantile",0.95,3.2977850074109
"2026-03-21","new-bedford",1,"Flu ED visits pct","2026-03-28","quantile",0.95,2.75873792481595
"2026-03-21","lynn",1,"Flu ED visits pct","2026-03-28","quantile",0.95,2.21380774744768
"2026-03-21","massachusetts",1,"Flu ED visits pct","2026-03-28","quantile",0.975,2.16920026845265
"2026-03-21","worcester",1,"Flu ED visits pct","2026-03-28","quantile",0.975,3.19115309287011
"2026-03-21","pittsfield",1,"Flu ED visits pct","2026-03-28","quantile",0.975,2.78195014276599
"2026-03-21","boston",1,"Flu ED visits pct","2026-03-28","quantile",0.975,2.35326259333453
"2026-03-21","springfield",1,"Flu ED visits pct","2026-03-28","quantile",0.975,3.83733874575256
"2026-03-21","new-bedford",1,"Flu ED visits pct","2026-03-28","quantile",0.975,3.37576655885017
"2026-03-21","lynn",1,"Flu ED visits pct","2026-03-28","quantile",0.975,2.68022095033599
"2026-03-21","massachusetts",2,"Flu ED visits pct","2026-04-04","quantile",0.025,0.141058783406736
"2026-03-21","worcester",2,"Flu ED visits pct","2026-04-04","quantile",0.025,0
"2026-03-21","pittsfield",2,"Flu ED visits pct","2026-04-04","quantile",0.025,0
"2026-03-21","boston",2,"Flu ED visits pct","2026-04-04","quantile",0.025,0.130282841720592
"2026-03-21","springfield",2,"Flu ED visits pct","2026-04-04","quantile",0.025,0
"2026-03-21","new-bedford",2,"Flu ED visits pct","2026-04-04","quantile",0.025,0
"2026-03-21","lynn",2,"Flu ED visits pct","2026-04-04","quantile",0.025,0
"2026-03-21","massachusetts",2,"Flu ED visits pct","2026-04-04","quantile",0.05,0.219333339552246
"2026-03-21","worcester",2,"Flu ED visits pct","2026-04-04","quantile",0.05,0
"2026-03-21","pittsfield",2,"Flu ED visits pct","2026-04-04","quantile",0.05,0
"2026-03-21","boston",2,"Flu ED visits pct","2026-04-04","quantile",0.05,0.222622722365989
"2026-03-21","springfield",2,"Flu ED visits pct","2026-04-04","quantile",0.05,0.0735994440094705
"2026-03-21","new-bedford",2,"Flu ED visits pct","2026-04-04","quantile",0.05,0
"2026-03-21","lynn",2,"Flu ED visits pct","2026-04-04","quantile",0.05,0
"2026-03-21","massachusetts",2,"Flu ED visits pct","2026-04-04","quantile",0.1,0.355805293717572
"2026-03-21","worcester",2,"Flu ED visits pct","2026-04-04","quantile",0.1,0.104740943903287
"2026-03-21","pittsfield",2,"Flu ED visits pct","2026-04-04","quantile",0.1,0
"2026-03-21","boston",2,"Flu ED visits pct","2026-04-04","quantile",0.1,0.363662240871144
"2026-03-21","springfield",2,"Flu ED visits pct","2026-04-04","quantile",0.1,0.221796971390455
"2026-03-21","new-bedford",2,"Flu ED visits pct","2026-04-04","quantile",0.1,0.142875932003828
"2026-03-21","lynn",2,"Flu ED visits pct","2026-04-04","quantile",0.1,0.0220196283196658
"2026-03-21","massachusetts",2,"Flu ED visits pct","2026-04-04","quantile",0.25,0.626865331675274
"2026-03-21","worcester",2,"Flu ED visits pct","2026-04-04","quantile",0.25,0.418691899938289
"2026-03-21","pittsfield",2,"Flu ED visits pct","2026-04-04","quantile",0.25,0
"2026-03-21","boston",2,"Flu ED visits pct","2026-04-04","quantile",0.25,0.629736492563049
"2026-03-21","springfield",2,"Flu ED visits pct","2026-04-04","quantile",0.25,0.568923489103267
"2026-03-21","new-bedford",2,"Flu ED visits pct","2026-04-04","quantile",0.25,0.483553451822463
"2026-03-21","lynn",2,"Flu ED visits pct","2026-04-04","quantile",0.25,0.275604093308397
"2026-03-21","massachusetts",2,"Flu ED visits pct","2026-04-04","quantile",0.5,0.978674110682333
"2026-03-21","worcester",2,"Flu ED visits pct","2026-04-04","quantile",0.5,0.915097061445652
"2026-03-21","pittsfield",2,"Flu ED visits pct","2026-04-04","quantile",0.5,0.0505091331007201
"2026-03-21","boston",2,"Flu ED visits pct","2026-04-04","quantile",0.5,0.992993710940753
"2026-03-21","springfield",2,"Flu ED visits pct","2026-04-04","quantile",0.5,1.16251406448914
"2026-03-21","new-bedford",2,"Flu ED visits pct","2026-04-04","quantile",0.5,1.01447466957704
"2026-03-21","lynn",2,"Flu ED visits pct","2026-04-04","quantile",0.5,0.708062221612862
"2026-03-21","massachusetts",2,"Flu ED visits pct","2026-04-04","quantile",0.75,1.42246956212966
"2026-03-21","worcester",2,"Flu ED visits pct","2026-04-04","quantile",0.75,1.62621647146464
"2026-03-21","pittsfield",2,"Flu ED visits pct","2026-04-04","quantile",0.75,0.794780252257795
"2026-03-21","boston",2,"Flu ED visits pct","2026-04-04","quantile",0.75,1.48010008082353
"2026-03-21","springfield",2,"Flu ED visits pct","2026-04-04","quantile",0.75,2.08479606278838
"2026-03-21","new-bedford",2,"Flu ED visits pct","2026-04-04","quantile",0.75,1.80212656524298
"2026-03-21","lynn",2,"Flu ED visits pct","2026-04-04","quantile",0.75,1.29347531299121
"2026-03-21","massachusetts",2,"Flu ED visits pct","2026-04-04","quantile",0.9,1.92047260146457
"2026-03-21","worcester",2,"Flu ED visits pct","2026-04-04","quantile",0.9,2.60621670457753
"2026-03-21","pittsfield",2,"Flu ED visits pct","2026-04-04","quantile",0.9,2.21556176342927
"2026-03-21","boston",2,"Flu ED visits pct","2026-04-04","quantile",0.9,2.08062301235736
"2026-03-21","springfield",2,"Flu ED visits pct","2026-04-04","quantile",0.9,3.20429603471954
"2026-03-21","new-bedford",2,"Flu ED visits pct","2026-04-04","quantile",0.9,2.63958502294571
"2026-03-21","lynn",2,"Flu ED visits pct","2026-04-04","quantile",0.9,2.12794549650175
"2026-03-21","massachusetts",2,"Flu ED visits pct","2026-04-04","quantile",0.95,2.21241563411828
"2026-03-21","worcester",2,"Flu ED visits pct","2026-04-04","quantile",0.95,3.33866233714443
"2026-03-21","pittsfield",2,"Flu ED visits pct","2026-04-04","quantile",0.95,3.5069319189825
"2026-03-21","boston",2,"Flu ED visits pct","2026-04-04","quantile",0.95,2.43085251722257
"2026-03-21","springfield",2,"Flu ED visits pct","2026-04-04","quantile",0.95,4.05408158419813
"2026-03-21","new-bedford",2,"Flu ED visits pct","2026-04-04","quantile",0.95,3.38337256645044
"2026-03-21","lynn",2,"Flu ED visits pct","2026-04-04","quantile",0.95,2.69858786256082
"2026-03-21","massachusetts",2,"Flu ED visits pct","2026-04-04","quantile",0.975,2.4730506608102
"2026-03-21","worcester",2,"Flu ED visits pct","2026-04-04","quantile",0.975,4.19191046231694
"2026-03-21","pittsfield",2,"Flu ED visits pct","2026-04-04","quantile",0.975,4.52302379239003
"2026-03-21","boston",2,"Flu ED visits pct","2026-04-04","quantile",0.975,2.74792679186566
"2026-03-21","springfield",2,"Flu ED visits pct","2026-04-04","quantile",0.975,4.64350477265047
"2026-03-21","new-bedford",2,"Flu ED visits pct","2026-04-04","quantile",0.975,4.10865256177926
"2026-03-21","lynn",2,"Flu ED visits pct","2026-04-04","quantile",0.975,3.29947750111718
"2026-03-21","massachusetts",3,"Flu ED visits pct","2026-04-11","quantile",0.025,0.026983120393974
"2026-03-21","worcester",3,"Flu ED visits pct","2026-04-11","quantile",0.025,0
"2026-03-21","pittsfield",3,"Flu ED visits pct","2026-04-11","quantile",0.025,0
"2026-03-21","boston",3,"Flu ED visits pct","2026-04-11","quantile",0.025,0.0257916058929245
"2026-03-21","springfield",3,"Flu ED visits pct","2026-04-11","quantile",0.025,0
"2026-03-21","new-bedford",3,"Flu ED visits pct","2026-04-11","quantile",0.025,0
"2026-03-21","lynn",3,"Flu ED visits pct","2026-04-11","quantile",0.025,0
"2026-03-21","massachusetts",3,"Flu ED visits pct","2026-04-11","quantile",0.05,0.135932248611078
"2026-03-21","worcester",3,"Flu ED visits pct","2026-04-11","quantile",0.05,0
"2026-03-21","pittsfield",3,"Flu ED visits pct","2026-04-11","quantile",0.05,0
"2026-03-21","boston",3,"Flu ED visits pct","2026-04-11","quantile",0.05,0.129185077916243
"2026-03-21","springfield",3,"Flu ED visits pct","2026-04-11","quantile",0.05,0
"2026-03-21","new-bedford",3,"Flu ED visits pct","2026-04-11","quantile",0.05,0
"2026-03-21","lynn",3,"Flu ED visits pct","2026-04-11","quantile",0.05,0
"2026-03-21","massachusetts",3,"Flu ED visits pct","2026-04-11","quantile",0.1,0.252584653243263
"2026-03-21","worcester",3,"Flu ED visits pct","2026-04-11","quantile",0.1,0
"2026-03-21","pittsfield",3,"Flu ED visits pct","2026-04-11","quantile",0.1,0
"2026-03-21","boston",3,"Flu ED visits pct","2026-04-11","quantile",0.1,0.270084801005767
"2026-03-21","springfield",3,"Flu ED visits pct","2026-04-11","quantile",0.1,0.0438048985122601
"2026-03-21","new-bedford",3,"Flu ED visits pct","2026-04-11","quantile",0.1,0.0210845598923817
"2026-03-21","lynn",3,"Flu ED visits pct","2026-04-11","quantile",0.1,0
"2026-03-21","massachusetts",3,"Flu ED visits pct","2026-04-11","quantile",0.25,0.522250044326208
"2026-03-21","worcester",3,"Flu ED visits pct","2026-04-11","quantile",0.25,0.281513744472907
"2026-03-21","pittsfield",3,"Flu ED visits pct","2026-04-11","quantile",0.25,0
"2026-03-21","boston",3,"Flu ED visits pct","2026-04-11","quantile",0.25,0.563823283083517
"2026-03-21","springfield",3,"Flu ED visits pct","2026-04-11","quantile",0.25,0.412939098270767
"2026-03-21","new-bedford",3,"Flu ED visits pct","2026-04-11","quantile",0.25,0.340632189431715
"2026-03-21","lynn",3,"Flu ED visits pct","2026-04-11","quantile",0.25,0.179531218579214
"2026-03-21","massachusetts",3,"Flu ED visits pct","2026-04-11","quantile",0.5,0.935766776800268
"2026-03-21","worcester",3,"Flu ED visits pct","2026-04-11","quantile",0.5,0.851526163573664
"2026-03-21","pittsfield",3,"Flu ED visits pct","2026-04-11","quantile",0.5,0
"2026-03-21","boston",3,"Flu ED visits pct","2026-04-11","quantile",0.5,0.992081684449338
"2026-03-21","springfield",3,"Flu ED visits pct","2026-04-11","quantile",0.5,1.08179342973987
"2026-03-21","new-bedford",3,"Flu ED visits pct","2026-04-11","quantile",0.5,0.936409789194347
"2026-03-21","lynn",3,"Flu ED visits pct","2026-04-11","quantile",0.5,0.67639983026439
"2026-03-21","massachusetts",3,"Flu ED visits pct","2026-04-11","quantile",0.75,1.48889422631596
"2026-03-21","worcester",3,"Flu ED visits pct","2026-04-11","quantile",0.75,1.77167054154778
"2026-03-21","pittsfield",3,"Flu ED visits pct","2026-04-11","quantile",0.75,0.951600523567424
"2026-03-21","boston",3,"Flu ED visits pct","2026-04-11","quantile",0.75,1.58548725671435
"2026-03-21","springfield",3,"Flu ED visits pct","2026-04-11","quantile",0.75,2.2218221117006
"2026-03-21","new-bedford",3,"Flu ED visits pct","2026-04-11","quantile",0.75,1.83759632992523
"2026-03-21","lynn",3,"Flu ED visits pct","2026-04-11","quantile",0.75,1.41047258924326
"2026-03-21","massachusetts",3,"Flu ED visits pct","2026-04-11","quantile",0.9,2.08991110094157
"2026-03-21","worcester",3,"Flu ED visits pct","2026-04-11","quantile",0.9,2.90316645277042
"2026-03-21","pittsfield",3,"Flu ED visits pct","2026-04-11","quantile",0.9,2.71013073991612
"2026-03-21","boston",3,"Flu ED visits pct","2026-04-11","quantile",0.9,2.30233490529167
"2026-03-21","springfield",3,"Flu ED visits pct","2026-04-11","quantile",0.9,3.59257290966889
"2026-03-21","new-bedford",3,"Flu ED visits pct","2026-04-11","quantile",0.9,2.95858172600865
"2026-03-21","lynn",3,"Flu ED visits pct","2026-04-11","quantile",0.9,2.40249431711926
"2026-03-21","massachusetts",3,"Flu ED visits pct","2026-04-11","quantile",0.95,2.47345536139436
"2026-03-21","worcester",3,"Flu ED visits pct","2026-04-11","quantile",0.95,3.90486087176213
"2026-03-21","pittsfield",3,"Flu ED visits pct","2026-04-11","quantile",0.95,4.37620346463483
"2026-03-21","boston",3,"Flu ED visits pct","2026-04-11","quantile",0.95,2.67732340557048
"2026-03-21","springfield",3,"Flu ED visits pct","2026-04-11","quantile",0.95,4.55468580488076
"2026-03-21","new-bedford",3,"Flu ED visits pct","2026-04-11","quantile",0.95,3.81947359785777
"2026-03-21","lynn",3,"Flu ED visits pct","2026-04-11","quantile",0.95,3.12952193528126
"2026-03-21","massachusetts",3,"Flu ED visits pct","2026-04-11","quantile",0.975,2.9759853001465
"2026-03-21","worcester",3,"Flu ED visits pct","2026-04-11","quantile",0.975,4.90328556486532
"2026-03-21","pittsfield",3,"Flu ED visits pct","2026-04-11","quantile",0.975,6.56299571094768
"2026-03-21","boston",3,"Flu ED visits pct","2026-04-11","quantile",0.975,3.15878535922095
"2026-03-21","springfield",3,"Flu ED visits pct","2026-04-11","quantile",0.975,5.58319153094147
"2026-03-21","new-bedford",3,"Flu ED visits pct","2026-04-11","quantile",0.975,4.81728292349045
"2026-03-21","lynn",3,"Flu ED visits pct","2026-04-11","quantile",0.975,3.94718743028142
"2026-03-21","maryland",0,"Flu ED visits pct","2026-03-21","quantile",0.025,0.317282202326758
"2026-03-21","baltimore",0,"Flu ED visits pct","2026-03-21","quantile",0.025,0.195988185774351
"2026-03-21","frederick",0,"Flu ED visits pct","2026-03-21","quantile",0.025,0.113181378159704
"2026-03-21","montgomery",0,"Flu ED visits pct","2026-03-21","quantile",0.025,0.323309272586645
"2026-03-21","harford",0,"Flu ED visits pct","2026-03-21","quantile",0.025,0
"2026-03-21","maryland",0,"Flu ED visits pct","2026-03-21","quantile",0.05,0.377275490220577
"2026-03-21","baltimore",0,"Flu ED visits pct","2026-03-21","quantile",0.05,0.253031305405321
"2026-03-21","frederick",0,"Flu ED visits pct","2026-03-21","quantile",0.05,0.250491510988481
"2026-03-21","montgomery",0,"Flu ED visits pct","2026-03-21","quantile",0.05,0.394243335631461
"2026-03-21","harford",0,"Flu ED visits pct","2026-03-21","quantile",0.05,0
"2026-03-21","maryland",0,"Flu ED visits pct","2026-03-21","quantile",0.1,0.463200598386544
"2026-03-21","baltimore",0,"Flu ED visits pct","2026-03-21","quantile",0.1,0.334574428914099
"2026-03-21","frederick",0,"Flu ED visits pct","2026-03-21","quantile",0.1,0.454835454551001
"2026-03-21","montgomery",0,"Flu ED visits pct","2026-03-21","quantile",0.1,0.48532332942366
"2026-03-21","harford",0,"Flu ED visits pct","2026-03-21","quantile",0.1,0
"2026-03-21","maryland",0,"Flu ED visits pct","2026-03-21","quantile",0.25,0.601168719439762
"2026-03-21","baltimore",0,"Flu ED visits pct","2026-03-21","quantile",0.25,0.474849813208797
"2026-03-21","frederick",0,"Flu ED visits pct","2026-03-21","quantile",0.25,0.838755149173182
"2026-03-21","montgomery",0,"Flu ED visits pct","2026-03-21","quantile",0.25,0.677414026194003
"2026-03-21","harford",0,"Flu ED visits pct","2026-03-21","quantile",0.25,0.149815278526906
"2026-03-21","maryland",0,"Flu ED visits pct","2026-03-21","quantile",0.5,0.797880404794556
"2026-03-21","baltimore",0,"Flu ED visits pct","2026-03-21","quantile",0.5,0.661322485002834
"2026-03-21","frederick",0,"Flu ED visits pct","2026-03-21","quantile",0.5,1.46699698405118
"2026-03-21","montgomery",0,"Flu ED visits pct","2026-03-21","quantile",0.5,0.916111824541513
"2026-03-21","harford",0,"Flu ED visits pct","2026-03-21","quantile",0.5,0.453047573252773
"2026-03-21","maryland",0,"Flu ED visits pct","2026-03-21","quantile",0.75,1.01257501604057
"2026-03-21","baltimore",0,"Flu ED visits pct","2026-03-21","quantile",0.75,0.863971961835916
"2026-03-21","frederick",0,"Flu ED visits pct","2026-03-21","quantile",0.75,2.2918556793515
"2026-03-21","montgomery",0,"Flu ED visits pct","2026-03-21","quantile",0.75,1.16645411457912
"2026-03-21","harford",0,"Flu ED visits pct","2026-03-21","quantile",0.75,0.887375749031894
"2026-03-21","maryland",0,"Flu ED visits pct","2026-03-21","quantile",0.9,1.22455317358794
"2026-03-21","baltimore",0,"Flu ED visits pct","2026-03-21","quantile",0.9,1.0653988603288
"2026-03-21","frederick",0,"Flu ED visits pct","2026-03-21","quantile",0.9,3.26799527637546
"2026-03-21","montgomery",0,"Flu ED visits pct","2026-03-21","quantile",0.9,1.44304135403277
"2026-03-21","harford",0,"Flu ED visits pct","2026-03-21","quantile",0.9,1.38160745949516
"2026-03-21","maryland",0,"Flu ED visits pct","2026-03-21","quantile",0.95,1.3537032173961
"2026-03-21","baltimore",0,"Flu ED visits pct","2026-03-21","quantile",0.95,1.20746219835208
"2026-03-21","frederick",0,"Flu ED visits pct","2026-03-21","quantile",0.95,3.90396727268067
"2026-03-21","montgomery",0,"Flu ED visits pct","2026-03-21","quantile",0.95,1.59802734889838
"2026-03-21","harford",0,"Flu ED visits pct","2026-03-21","quantile",0.95,1.77068261234842
"2026-03-21","maryland",0,"Flu ED visits pct","2026-03-21","quantile",0.975,1.48950387771349
"2026-03-21","baltimore",0,"Flu ED visits pct","2026-03-21","quantile",0.975,1.32384988587733
"2026-03-21","frederick",0,"Flu ED visits pct","2026-03-21","quantile",0.975,4.5229711865584
"2026-03-21","montgomery",0,"Flu ED visits pct","2026-03-21","quantile",0.975,1.79491401462557
"2026-03-21","harford",0,"Flu ED visits pct","2026-03-21","quantile",0.975,2.1417446455831
"2026-03-21","maryland",1,"Flu ED visits pct","2026-03-28","quantile",0.025,0.151737214006499
"2026-03-21","baltimore",1,"Flu ED visits pct","2026-03-28","quantile",0.025,0.0499562873213637
"2026-03-21","frederick",1,"Flu ED visits pct","2026-03-28","quantile",0.025,0
"2026-03-21","montgomery",1,"Flu ED visits pct","2026-03-28","quantile",0.025,0.133454874539133
"2026-03-21","harford",1,"Flu ED visits pct","2026-03-28","quantile",0.025,0
"2026-03-21","maryland",1,"Flu ED visits pct","2026-03-28","quantile",0.05,0.234159525239564
"2026-03-21","baltimore",1,"Flu ED visits pct","2026-03-28","quantile",0.05,0.120722439567303
"2026-03-21","frederick",1,"Flu ED visits pct","2026-03-28","quantile",0.05,0
"2026-03-21","montgomery",1,"Flu ED visits pct","2026-03-28","quantile",0.05,0.230169736623648
"2026-03-21","harford",1,"Flu ED visits pct","2026-03-28","quantile",0.05,0
"2026-03-21","maryland",1,"Flu ED visits pct","2026-03-28","quantile",0.1,0.336539178907786
"2026-03-21","baltimore",1,"Flu ED visits pct","2026-03-28","quantile",0.1,0.218197242309338
"2026-03-21","frederick",1,"Flu ED visits pct","2026-03-28","quantile",0.1,0.155530925608896
"2026-03-21","montgomery",1,"Flu ED visits pct","2026-03-28","quantile",0.1,0.336575355419845
"2026-03-21","harford",1,"Flu ED visits pct","2026-03-28","quantile",0.1,0
"2026-03-21","maryland",1,"Flu ED visits pct","2026-03-28","quantile",0.25,0.525433579215474
"2026-03-21","baltimore",1,"Flu ED visits pct","2026-03-28","quantile",0.25,0.426875935279818
"2026-03-21","frederick",1,"Flu ED visits pct","2026-03-28","quantile",0.25,0.679156354863898
"2026-03-21","montgomery",1,"Flu ED visits pct","2026-03-28","quantile",0.25,0.588125590596724
"2026-03-21","harford",1,"Flu ED visits pct","2026-03-28","quantile",0.25,0.0293201396224692
"2026-03-21","maryland",1,"Flu ED visits pct","2026-03-28","quantile",0.5,0.789839178328589
"2026-03-21","baltimore",1,"Flu ED visits pct","2026-03-28","quantile",0.5,0.706916576402593
"2026-03-21","frederick",1,"Flu ED visits pct","2026-03-28","quantile",0.5,1.55699020806829
"2026-03-21","montgomery",1,"Flu ED visits pct","2026-03-28","quantile",0.5,0.937638723621781
"2026-03-21","harford",1,"Flu ED visits pct","2026-03-28","quantile",0.5,0.433424897644887
"2026-03-21","maryland",1,"Flu ED visits pct","2026-03-28","quantile",0.75,1.1339664512166
"2026-03-21","baltimore",1,"Flu ED visits pct","2026-03-28","quantile",0.75,1.0238627018744
"2026-03-21","frederick",1,"Flu ED visits pct","2026-03-28","quantile",0.75,2.99449651534835
"2026-03-21","montgomery",1,"Flu ED visits pct","2026-03-28","quantile",0.75,1.37214196158975
"2026-03-21","harford",1,"Flu ED visits pct","2026-03-28","quantile",0.75,1.13630122972998
"2026-03-21","maryland",1,"Flu ED visits pct","2026-03-28","quantile",0.9,1.47276963573558
"2026-03-21","baltimore",1,"Flu ED visits pct","2026-03-28","quantile",0.9,1.38667321628037
"2026-03-21","frederick",1,"Flu ED visits pct","2026-03-28","quantile",0.9,4.94932824011671
"2026-03-21","montgomery",1,"Flu ED visits pct","2026-03-28","quantile",0.9,1.85703905252649
"2026-03-21","harford",1,"Flu ED visits pct","2026-03-28","quantile",0.9,2.07118292289903
"2026-03-21","maryland",1,"Flu ED visits pct","2026-03-28","quantile",0.95,1.71255382801462
"2026-03-21","baltimore",1,"Flu ED visits pct","2026-03-28","quantile",0.95,1.62774981814137
"2026-03-21","frederick",1,"Flu ED visits pct","2026-03-28","quantile",0.95,6.44782367745828
"2026-03-21","montgomery",1,"Flu ED visits pct","2026-03-28","quantile",0.95,2.11838288709232
"2026-03-21","harford",1,"Flu ED visits pct","2026-03-28","quantile",0.95,2.84344973064581
"2026-03-21","maryland",1,"Flu ED visits pct","2026-03-28","quantile",0.975,1.92455629071837
"2026-03-21","baltimore",1,"Flu ED visits pct","2026-03-28","quantile",0.975,1.88684096816497
"2026-03-21","frederick",1,"Flu ED visits pct","2026-03-28","quantile",0.975,7.97100540556969
"2026-03-21","montgomery",1,"Flu ED visits pct","2026-03-28","quantile",0.975,2.38397566179286
"2026-03-21","harford",1,"Flu ED visits pct","2026-03-28","quantile",0.975,3.61976499093019
"2026-03-21","maryland",2,"Flu ED visits pct","2026-04-04","quantile",0.025,0.0321882598926089
"2026-03-21","baltimore",2,"Flu ED visits pct","2026-04-04","quantile",0.025,0
"2026-03-21","frederick",2,"Flu ED visits pct","2026-04-04","quantile",0.025,0
"2026-03-21","montgomery",2,"Flu ED visits pct","2026-04-04","quantile",0.025,0
"2026-03-21","harford",2,"Flu ED visits pct","2026-04-04","quantile",0.025,0
"2026-03-21","maryland",2,"Flu ED visits pct","2026-04-04","quantile",0.05,0.119498329409205
"2026-03-21","baltimore",2,"Flu ED visits pct","2026-04-04","quantile",0.05,0.0165846874090108
"2026-03-21","frederick",2,"Flu ED visits pct","2026-04-04","quantile",0.05,0
"2026-03-21","montgomery",2,"Flu ED visits pct","2026-04-04","quantile",0.05,0.0715667110427532
"2026-03-21","harford",2,"Flu ED visits pct","2026-04-04","quantile",0.05,0
"2026-03-21","maryland",2,"Flu ED visits pct","2026-04-04","quantile",0.1,0.217455741478884
"2026-03-21","baltimore",2,"Flu ED visits pct","2026-04-04","quantile",0.1,0.12436132148529
"2026-03-21","frederick",2,"Flu ED visits pct","2026-04-04","quantile",0.1,0
"2026-03-21","montgomery",2,"Flu ED visits pct","2026-04-04","quantile",0.1,0.210484127520376
"2026-03-21","harford",2,"Flu ED visits pct","2026-04-04","quantile",0.1,0
"2026-03-21","maryland",2,"Flu ED visits pct","2026-04-04","quantile",0.25,0.442151105121437
"2026-03-21","baltimore",2,"Flu ED visits pct","2026-04-04","quantile",0.25,0.387958871014496
"2026-03-21","frederick",2,"Flu ED visits pct","2026-04-04","quantile",0.25,0.409101474353287
"2026-03-21","montgomery",2,"Flu ED visits pct","2026-04-04","quantile",0.25,0.48070748937606
"2026-03-21","harford",2,"Flu ED visits pct","2026-04-04","quantile",0.25,0
"2026-03-21","maryland",2,"Flu ED visits pct","2026-04-04","quantile",0.5,0.774823159153609
"2026-03-21","baltimore",2,"Flu ED visits pct","2026-04-04","quantile",0.5,0.72773861722884
"2026-03-21","frederick",2,"Flu ED visits pct","2026-04-04","quantile",0.5,1.49571223367205
"2026-03-21","montgomery",2,"Flu ED visits pct","2026-04-04","quantile",0.5,0.907573113940558
"2026-03-21","harford",2,"Flu ED visits pct","2026-04-04","quantile",0.5,0.418684226011839
"2026-03-21","maryland",2,"Flu ED visits pct","2026-04-04","quantile",0.75,1.25681010996772
"2026-03-21","baltimore",2,"Flu ED visits pct","2026-04-04","quantile",0.75,1.16782395554254
"2026-03-21","frederick",2,"Flu ED visits pct","2026-04-04","quantile",0.75,3.53303664516511
"2026-03-21","montgomery",2,"Flu ED visits pct","2026-04-04","quantile",0.75,1.49815433571665
"2026-03-21","harford",2,"Flu ED visits pct","2026-04-04","quantile",0.75,1.30824634315044
"2026-03-21","maryland",2,"Flu ED visits pct","2026-04-04","quantile",0.9,1.77602087587824
"2026-03-21","baltimore",2,"Flu ED visits pct","2026-04-04","quantile",0.9,1.70652867114651
"2026-03-21","frederick",2,"Flu ED visits pct","2026-04-04","quantile",0.9,6.14137418139685
"2026-03-21","montgomery",2,"Flu ED visits pct","2026-04-04","quantile",0.9,2.20790744741964
"2026-03-21","harford",2,"Flu ED visits pct","2026-04-04","quantile",0.9,2.76432043033366
"2026-03-21","maryland",2,"Flu ED visits pct","2026-04-04","quantile",0.95,2.1162171951236
"2026-03-21","baltimore",2,"Flu ED visits pct","2026-04-04","quantile",0.95,2.03960947253573
"2026-03-21","frederick",2,"Flu ED visits pct","2026-04-04","quantile",0.95,9.03249021168643
"2026-03-21","montgomery",2,"Flu ED visits pct","2026-04-04","quantile",0.95,2.72172788073796
"2026-03-21","harford",2,"Flu ED visits pct","2026-04-04","quantile",0.95,4.05395727807705
"2026-03-21","maryland",2,"Flu ED visits pct","2026-04-04","quantile",0.975,2.38599548792705
"2026-03-21","baltimore",2,"Flu ED visits pct","2026-04-04","quantile",0.975,2.36239333590643
"2026-03-21","frederick",2,"Flu ED visits pct","2026-04-04","quantile",0.975,12.0079275567241
"2026-03-21","montgomery",2,"Flu ED visits pct","2026-04-04","quantile",0.975,3.16212329398449
"2026-03-21","harford",2,"Flu ED visits pct","2026-04-04","quantile",0.975,5.31038063963453
"2026-03-21","maryland",3,"Flu ED visits pct","2026-04-11","quantile",0.025,0
"2026-03-21","baltimore",3,"Flu ED visits pct","2026-04-11","quantile",0.025,0
"2026-03-21","frederick",3,"Flu ED visits pct","2026-04-11","quantile",0.025,0
"2026-03-21","montgomery",3,"Flu ED visits pct","2026-04-11","quantile",0.025,0
"2026-03-21","harford",3,"Flu ED visits pct","2026-04-11","quantile",0.025,0
"2026-03-21","maryland",3,"Flu ED visits pct","2026-04-11","quantile",0.05,0.0339537763377445
"2026-03-21","baltimore",3,"Flu ED visits pct","2026-04-11","quantile",0.05,0
"2026-03-21","frederick",3,"Flu ED visits pct","2026-04-11","quantile",0.05,0
"2026-03-21","montgomery",3,"Flu ED visits pct","2026-04-11","quantile",0.05,0
"2026-03-21","harford",3,"Flu ED visits pct","2026-04-11","quantile",0.05,0
"2026-03-21","maryland",3,"Flu ED visits pct","2026-04-11","quantile",0.1,0.132461395219624
"2026-03-21","baltimore",3,"Flu ED visits pct","2026-04-11","quantile",0.1,0.0674643591298961
"2026-03-21","frederick",3,"Flu ED visits pct","2026-04-11","quantile",0.1,0
"2026-03-21","montgomery",3,"Flu ED visits pct","2026-04-11","quantile",0.1,0.116084392047694
"2026-03-21","harford",3,"Flu ED visits pct","2026-04-11","quantile",0.1,0
"2026-03-21","maryland",3,"Flu ED visits pct","2026-04-11","quantile",0.25,0.38129848080884
"2026-03-21","baltimore",3,"Flu ED visits pct","2026-04-11","quantile",0.25,0.34725152946583
"2026-03-21","frederick",3,"Flu ED visits pct","2026-04-11","quantile",0.25,0.237829014091068
"2026-03-21","montgomery",3,"Flu ED visits pct","2026-04-11","quantile",0.25,0.431397021581267
"2026-03-21","harford",3,"Flu ED visits pct","2026-04-11","quantile",0.25,0
"2026-03-21","maryland",3,"Flu ED visits pct","2026-04-11","quantile",0.5,0.784425312650391
"2026-03-21","baltimore",3,"Flu ED visits pct","2026-04-11","quantile",0.5,0.744862462875217
"2026-03-21","frederick",3,"Flu ED visits pct","2026-04-11","quantile",0.5,1.44861111110613
"2026-03-21","montgomery",3,"Flu ED visits pct","2026-04-11","quantile",0.5,0.905510440262749
"2026-03-21","harford",3,"Flu ED visits pct","2026-04-11","quantile",0.5,0.382787583576268
"2026-03-21","maryland",3,"Flu ED visits pct","2026-04-11","quantile",0.75,1.31524296778848
"2026-03-21","baltimore",3,"Flu ED visits pct","2026-04-11","quantile",0.75,1.28687982807167
"2026-03-21","frederick",3,"Flu ED visits pct","2026-04-11","quantile",0.75,3.95390403002575
"2026-03-21","montgomery",3,"Flu ED visits pct","2026-04-11","quantile",0.75,1.65595881083009
"2026-03-21","harford",3,"Flu ED visits pct","2026-04-11","quantile",0.75,1.54830758885086
"2026-03-21","maryland",3,"Flu ED visits pct","2026-04-11","quantile",0.9,1.9828978823866
"2026-03-21","baltimore",3,"Flu ED visits pct","2026-04-11","quantile",0.9,1.98125919497185
"2026-03-21","frederick",3,"Flu ED visits pct","2026-04-11","quantile",0.9,7.44160525769039
"2026-03-21","montgomery",3,"Flu ED visits pct","2026-04-11","quantile",0.9,2.57870513125759
"2026-03-21","harford",3,"Flu ED visits pct","2026-04-11","quantile",0.9,3.41970220428438
"2026-03-21","maryland",3,"Flu ED visits pct","2026-04-11","quantile",0.95,2.46498640027343
"2026-03-21","baltimore",3,"Flu ED visits pct","2026-04-11","quantile",0.95,2.45442117766934
"2026-03-21","frederick",3,"Flu ED visits pct","2026-04-11","quantile",0.95,11.2564539886613
"2026-03-21","montgomery",3,"Flu ED visits pct","2026-04-11","quantile",0.95,3.19199885790736
"2026-03-21","harford",3,"Flu ED visits pct","2026-04-11","quantile",0.95,5.17403557585256
"2026-03-21","maryland",3,"Flu ED visits pct","2026-04-11","quantile",0.975,2.86969934059742
"2026-03-21","baltimore",3,"Flu ED visits pct","2026-04-11","quantile",0.975,2.90588413968344
"2026-03-21","frederick",3,"Flu ED visits pct","2026-04-11","quantile",0.975,14.932287680986
"2026-03-21","montgomery",3,"Flu ED visits pct","2026-04-11","quantile",0.975,3.69404880228178
"2026-03-21","harford",3,"Flu ED visits pct","2026-04-11","quantile",0.975,7.31302274021458
"2026-03-21","maine",0,"Flu ED visits pct","2026-03-21","quantile",0.025,0.215852853322056
"2026-03-21","bangor",0,"Flu ED visits pct","2026-03-21","quantile",0.025,0.300192716576269
"2026-03-21","maine",0,"Flu ED visits pct","2026-03-21","quantile",0.05,0.28206488924797
"2026-03-21","bangor",0,"Flu ED visits pct","2026-03-21","quantile",0.05,0.43446729040781
"2026-03-21","maine",0,"Flu ED visits pct","2026-03-21","quantile",0.1,0.357250891837399
"2026-03-21","bangor",0,"Flu ED visits pct","2026-03-21","quantile",0.1,0.593491996214712
"2026-03-21","maine",0,"Flu ED visits pct","2026-03-21","quantile",0.25,0.508201519222874
"2026-03-21","bangor",0,"Flu ED visits pct","2026-03-21","quantile",0.25,0.931044659021889
"2026-03-21","maine",0,"Flu ED visits pct","2026-03-21","quantile",0.5,0.716072531240107
"2026-03-21","bangor",0,"Flu ED visits pct","2026-03-21","quantile",0.5,1.35813981151697
"2026-03-21","maine",0,"Flu ED visits pct","2026-03-21","quantile",0.75,0.93037296453736
"2026-03-21","bangor",0,"Flu ED visits pct","2026-03-21","quantile",0.75,1.95000605091491
"2026-03-21","maine",0,"Flu ED visits pct","2026-03-21","quantile",0.9,1.18725740168213
"2026-03-21","bangor",0,"Flu ED visits pct","2026-03-21","quantile",0.9,2.63445509812411
"2026-03-21","maine",0,"Flu ED visits pct","2026-03-21","quantile",0.95,1.3694117961002
"2026-03-21","bangor",0,"Flu ED visits pct","2026-03-21","quantile",0.95,3.05883579322523
"2026-03-21","maine",0,"Flu ED visits pct","2026-03-21","quantile",0.975,1.49003893636306
"2026-03-21","bangor",0,"Flu ED visits pct","2026-03-21","quantile",0.975,3.44275108527801
"2026-03-21","maine",1,"Flu ED visits pct","2026-03-28","quantile",0.025,0
"2026-03-21","bangor",1,"Flu ED visits pct","2026-03-28","quantile",0.025,0
"2026-03-21","maine",1,"Flu ED visits pct","2026-03-28","quantile",0.05,0.0548312419860887
"2026-03-21","bangor",1,"Flu ED visits pct","2026-03-28","quantile",0.05,0.100721788018312
"2026-03-21","maine",1,"Flu ED visits pct","2026-03-28","quantile",0.1,0.150276096763891
"2026-03-21","bangor",1,"Flu ED visits pct","2026-03-28","quantile",0.1,0.274135095458855
"2026-03-21","maine",1,"Flu ED visits pct","2026-03-28","quantile",0.25,0.336495491533055
"2026-03-21","bangor",1,"Flu ED visits pct","2026-03-28","quantile",0.25,0.662021736757052
"2026-03-21","maine",1,"Flu ED visits pct","2026-03-28","quantile",0.5,0.601234597253504
"2026-03-21","bangor",1,"Flu ED visits pct","2026-03-28","quantile",0.5,1.27530461734943
"2026-03-21","maine",1,"Flu ED visits pct","2026-03-28","quantile",0.75,0.933336563359758
"2026-03-21","bangor",1,"Flu ED visits pct","2026-03-28","quantile",0.75,2.08444828116111
"2026-03-21","maine",1,"Flu ED visits pct","2026-03-28","quantile",0.9,1.33236390406534
"2026-03-21","bangor",1,"Flu ED visits pct","2026-03-28","quantile",0.9,3.17440124877847
"2026-03-21","maine",1,"Flu ED visits pct","2026-03-28","quantile",0.95,1.55697879583588
"2026-03-21","bangor",1,"Flu ED visits pct","2026-03-28","quantile",0.95,4.11020679514857
"2026-03-21","maine",1,"Flu ED visits pct","2026-03-28","quantile",0.975,1.80662997007851
"2026-03-21","bangor",1,"Flu ED visits pct","2026-03-28","quantile",0.975,4.92777226554427
"2026-03-21","maine",2,"Flu ED visits pct","2026-04-04","quantile",0.025,0
"2026-03-21","bangor",2,"Flu ED visits pct","2026-04-04","quantile",0.025,0
"2026-03-21","maine",2,"Flu ED visits pct","2026-04-04","quantile",0.05,0
"2026-03-21","bangor",2,"Flu ED visits pct","2026-04-04","quantile",0.05,0
"2026-03-21","maine",2,"Flu ED visits pct","2026-04-04","quantile",0.1,0.00768008528489783
"2026-03-21","bangor",2,"Flu ED visits pct","2026-04-04","quantile",0.1,0.0802300923734681
"2026-03-21","maine",2,"Flu ED visits pct","2026-04-04","quantile",0.25,0.207930115827688
"2026-03-21","bangor",2,"Flu ED visits pct","2026-04-04","quantile",0.25,0.469082025766184
"2026-03-21","maine",2,"Flu ED visits pct","2026-04-04","quantile",0.5,0.51773830616591
"2026-03-21","bangor",2,"Flu ED visits pct","2026-04-04","quantile",0.5,1.15220229667531
"2026-03-21","maine",2,"Flu ED visits pct","2026-04-04","quantile",0.75,0.949600996865056
"2026-03-21","bangor",2,"Flu ED visits pct","2026-04-04","quantile",0.75,2.16549273997462
"2026-03-21","maine",2,"Flu ED visits pct","2026-04-04","quantile",0.9,1.44095876835454
"2026-03-21","bangor",2,"Flu ED visits pct","2026-04-04","quantile",0.9,3.71638225040525
"2026-03-21","maine",2,"Flu ED visits pct","2026-04-04","quantile",0.95,1.79230497047391
"2026-03-21","bangor",2,"Flu ED visits pct","2026-04-04","quantile",0.95,4.87828596910747
"2026-03-21","maine",2,"Flu ED visits pct","2026-04-04","quantile",0.975,2.18637192965518
"2026-03-21","bangor",2,"Flu ED visits pct","2026-04-04","quantile",0.975,6.59619860091555
"2026-03-21","maine",3,"Flu ED visits pct","2026-04-11","quantile",0.025,0
"2026-03-21","bangor",3,"Flu ED visits pct","2026-04-11","quantile",0.025,0
"2026-03-21","maine",3,"Flu ED visits pct","2026-04-11","quantile",0.05,0
"2026-03-21","bangor",3,"Flu ED visits pct","2026-04-11","quantile",0.05,0
"2026-03-21","maine",3,"Flu ED visits pct","2026-04-11","quantile",0.1,0
"2026-03-21","bangor",3,"Flu ED visits pct","2026-04-11","quantile",0.1,0
"2026-03-21","maine",3,"Flu ED visits pct","2026-04-11","quantile",0.25,0.111613885928643
"2026-03-21","bangor",3,"Flu ED visits pct","2026-04-11","quantile",0.25,0.318751815226816
"2026-03-21","maine",3,"Flu ED visits pct","2026-04-11","quantile",0.5,0.450807648015875
"2026-03-21","bangor",3,"Flu ED visits pct","2026-04-11","quantile",0.5,1.04731849080371
"2026-03-21","maine",3,"Flu ED visits pct","2026-04-11","quantile",0.75,0.960104028090627
"2026-03-21","bangor",3,"Flu ED visits pct","2026-04-11","quantile",0.75,2.27453658541126
"2026-03-21","maine",3,"Flu ED visits pct","2026-04-11","quantile",0.9,1.597430093132
"2026-03-21","bangor",3,"Flu ED visits pct","2026-04-11","quantile",0.9,4.17138876613899
"2026-03-21","maine",3,"Flu ED visits pct","2026-04-11","quantile",0.95,2.12409498578851
"2026-03-21","bangor",3,"Flu ED visits pct","2026-04-11","quantile",0.95,5.75923501605293
"2026-03-21","maine",3,"Flu ED visits pct","2026-04-11","quantile",0.975,2.51219114816
"2026-03-21","bangor",3,"Flu ED visits pct","2026-04-11","quantile",0.975,7.75595975872734
"2026-03-21","minnesota",0,"Flu ED visits pct","2026-03-21","quantile",0.025,1.14610775238592
"2026-03-21","st-paul",0,"Flu ED visits pct","2026-03-21","quantile",0.025,0.644049792959469
"2026-03-21","duluth",0,"Flu ED visits pct","2026-03-21","quantile",0.025,0.224751909610204
"2026-03-21","minneapolis",0,"Flu ED visits pct","2026-03-21","quantile",0.025,1.12276214414106
"2026-03-21","st-cloud",0,"Flu ED visits pct","2026-03-21","quantile",0.025,0.355111697420444
"2026-03-21","rochester",0,"Flu ED visits pct","2026-03-21","quantile",0.025,0.281588774947269
"2026-03-21","minnesota",0,"Flu ED visits pct","2026-03-21","quantile",0.05,1.27835229734433
"2026-03-21","st-paul",0,"Flu ED visits pct","2026-03-21","quantile",0.05,0.759971501387719
"2026-03-21","duluth",0,"Flu ED visits pct","2026-03-21","quantile",0.05,0.356560429637421
"2026-03-21","minneapolis",0,"Flu ED visits pct","2026-03-21","quantile",0.05,1.24797459172721
"2026-03-21","st-cloud",0,"Flu ED visits pct","2026-03-21","quantile",0.05,0.482592674088878
"2026-03-21","rochester",0,"Flu ED visits pct","2026-03-21","quantile",0.05,0.437399800050792
"2026-03-21","minnesota",0,"Flu ED visits pct","2026-03-21","quantile",0.1,1.45812287809746
"2026-03-21","st-paul",0,"Flu ED visits pct","2026-03-21","quantile",0.1,0.88678676321674
"2026-03-21","duluth",0,"Flu ED visits pct","2026-03-21","quantile",0.1,0.552491999064908
"2026-03-21","minneapolis",0,"Flu ED visits pct","2026-03-21","quantile",0.1,1.46879600010517
"2026-03-21","st-cloud",0,"Flu ED visits pct","2026-03-21","quantile",0.1,0.729563976563039
"2026-03-21","rochester",0,"Flu ED visits pct","2026-03-21","quantile",0.1,0.627045653706478
"2026-03-21","minnesota",0,"Flu ED visits pct","2026-03-21","quantile",0.25,1.75924323183065
"2026-03-21","st-paul",0,"Flu ED visits pct","2026-03-21","quantile",0.25,1.1689849851102
"2026-03-21","duluth",0,"Flu ED visits pct","2026-03-21","quantile",0.25,1.10323574922216
"2026-03-21","minneapolis",0,"Flu ED visits pct","2026-03-21","quantile",0.25,1.85020135383796
"2026-03-21","st-cloud",0,"Flu ED visits pct","2026-03-21","quantile",0.25,1.18884609346367
"2026-03-21","rochester",0,"Flu ED visits pct","2026-03-21","quantile",0.25,1.05381484729065
"2026-03-21","minnesota",0,"Flu ED visits pct","2026-03-21","quantile",0.5,2.09128767766667
"2026-03-21","st-paul",0,"Flu ED visits pct","2026-03-21","quantile",0.5,1.46508962358588
"2026-03-21","duluth",0,"Flu ED visits pct","2026-03-21","quantile",0.5,2.04708045252248
"2026-03-21","minneapolis",0,"Flu ED visits pct","2026-03-21","quantile",0.5,2.34860907417583
"2026-03-21","st-cloud",0,"Flu ED visits pct","2026-03-21","quantile",0.5,2.00122491934541
"2026-03-21","rochester",0,"Flu ED visits pct","2026-03-21","quantile",0.5,1.66354403731351
"2026-03-21","minnesota",0,"Flu ED visits pct","2026-03-21","quantile",0.75,2.48510476848945
"2026-03-21","st-paul",0,"Flu ED visits pct","2026-03-21","quantile",0.75,1.84130840664042
"2026-03-21","duluth",0,"Flu ED visits pct","2026-03-21","quantile",0.75,3.21209717627959
"2026-03-21","minneapolis",0,"Flu ED visits pct","2026-03-21","quantile",0.75,2.90245595979278
"2026-03-21","st-cloud",0,"Flu ED visits pct","2026-03-21","quantile",0.75,3.01270270171309
"2026-03-21","rochester",0,"Flu ED visits pct","2026-03-21","quantile",0.75,2.39786171140429
"2026-03-21","minnesota",0,"Flu ED visits pct","2026-03-21","quantile",0.9,2.87157456440425
"2026-03-21","st-paul",0,"Flu ED visits pct","2026-03-21","quantile",0.9,2.23540621674592
"2026-03-21","duluth",0,"Flu ED visits pct","2026-03-21","quantile",0.9,4.79281974479978
"2026-03-21","minneapolis",0,"Flu ED visits pct","2026-03-21","quantile",0.9,3.5233615049676
"2026-03-21","st-cloud",0,"Flu ED visits pct","2026-03-21","quantile",0.9,4.19484590283916
"2026-03-21","rochester",0,"Flu ED visits pct","2026-03-21","quantile",0.9,3.1762475350411
"2026-03-21","minnesota",0,"Flu ED visits pct","2026-03-21","quantile",0.95,3.11103819550643
"2026-03-21","st-paul",0,"Flu ED visits pct","2026-03-21","quantile",0.95,2.53113048035386
"2026-03-21","duluth",0,"Flu ED visits pct","2026-03-21","quantile",0.95,5.93008188366014
"2026-03-21","minneapolis",0,"Flu ED visits pct","2026-03-21","quantile",0.95,3.90310219436923
"2026-03-21","st-cloud",0,"Flu ED visits pct","2026-03-21","quantile",0.95,5.09021594652148
"2026-03-21","rochester",0,"Flu ED visits pct","2026-03-21","quantile",0.95,3.86793771119723
"2026-03-21","minnesota",0,"Flu ED visits pct","2026-03-21","quantile",0.975,3.38171423114277
"2026-03-21","st-paul",0,"Flu ED visits pct","2026-03-21","quantile",0.975,2.76239755333962
"2026-03-21","duluth",0,"Flu ED visits pct","2026-03-21","quantile",0.975,7.0143235556682
"2026-03-21","minneapolis",0,"Flu ED visits pct","2026-03-21","quantile",0.975,4.18880777316623
"2026-03-21","st-cloud",0,"Flu ED visits pct","2026-03-21","quantile",0.975,6.17301531313754
"2026-03-21","rochester",0,"Flu ED visits pct","2026-03-21","quantile",0.975,4.42102079528543
"2026-03-21","minnesota",1,"Flu ED visits pct","2026-03-28","quantile",0.025,0.735885099428818
"2026-03-21","st-paul",1,"Flu ED visits pct","2026-03-28","quantile",0.025,0.265137476124038
"2026-03-21","duluth",1,"Flu ED visits pct","2026-03-28","quantile",0.025,0
"2026-03-21","minneapolis",1,"Flu ED visits pct","2026-03-28","quantile",0.025,0.637988906624789
"2026-03-21","st-cloud",1,"Flu ED visits pct","2026-03-28","quantile",0.025,0
"2026-03-21","rochester",1,"Flu ED visits pct","2026-03-28","quantile",0.025,0
"2026-03-21","minnesota",1,"Flu ED visits pct","2026-03-28","quantile",0.05,0.906811944072013
"2026-03-21","st-paul",1,"Flu ED visits pct","2026-03-28","quantile",0.05,0.409176902435396
"2026-03-21","duluth",1,"Flu ED visits pct","2026-03-28","quantile",0.05,0
"2026-03-21","minneapolis",1,"Flu ED visits pct","2026-03-28","quantile",0.05,0.83913678974794
"2026-03-21","st-cloud",1,"Flu ED visits pct","2026-03-28","quantile",0.05,0.0350355518512959
"2026-03-21","rochester",1,"Flu ED visits pct","2026-03-28","quantile",0.05,0
"2026-03-21","minnesota",1,"Flu ED visits pct","2026-03-28","quantile",0.1,1.10400186693568
"2026-03-21","st-paul",1,"Flu ED visits pct","2026-03-28","quantile",0.1,0.564245152737227
"2026-03-21","duluth",1,"Flu ED visits pct","2026-03-28","quantile",0.1,0.14674572947876
"2026-03-21","minneapolis",1,"Flu ED visits pct","2026-03-28","quantile",0.1,1.05107361439154
"2026-03-21","st-cloud",1,"Flu ED visits pct","2026-03-28","quantile",0.1,0.261602136466468
"2026-03-21","rochester",1,"Flu ED visits pct","2026-03-28","quantile",0.1,0.15725556990874
"2026-03-21","minnesota",1,"Flu ED visits pct","2026-03-28","quantile",0.25,1.46355258912245
"2026-03-21","st-paul",1,"Flu ED visits pct","2026-03-28","quantile",0.25,0.883578476531794
"2026-03-21","duluth",1,"Flu ED visits pct","2026-03-28","quantile",0.25,0.671122155569451
"2026-03-21","minneapolis",1,"Flu ED visits pct","2026-03-28","quantile",0.25,1.60795981853696
"2026-03-21","st-cloud",1,"Flu ED visits pct","2026-03-28","quantile",0.25,0.775292141557887
"2026-03-21","rochester",1,"Flu ED visits pct","2026-03-28","quantile",0.25,0.582136566961971
"2026-03-21","minnesota",1,"Flu ED visits pct","2026-03-28","quantile",0.5,1.9706496319608
"2026-03-21","st-paul",1,"Flu ED visits pct","2026-03-28","quantile",0.5,1.33244407968636
"2026-03-21","duluth",1,"Flu ED visits pct","2026-03-28","quantile",0.5,1.79538772988656
"2026-03-21","minneapolis",1,"Flu ED visits pct","2026-03-28","quantile",0.5,2.29657422239918
"2026-03-21","st-cloud",1,"Flu ED visits pct","2026-03-28","quantile",0.5,1.75061921048569
"2026-03-21","rochester",1,"Flu ED visits pct","2026-03-28","quantile",0.5,1.35181973129641
"2026-03-21","minnesota",1,"Flu ED visits pct","2026-03-28","quantile",0.75,2.54686962526693
"2026-03-21","st-paul",1,"Flu ED visits pct","2026-03-28","quantile",0.75,1.89132457099907
"2026-03-21","duluth",1,"Flu ED visits pct","2026-03-28","quantile",0.75,3.72352609883727
"2026-03-21","minneapolis",1,"Flu ED visits pct","2026-03-28","quantile",0.75,3.15087857604184
"2026-03-21","st-cloud",1,"Flu ED visits pct","2026-03-28","quantile",0.75,3.34171215186393
"2026-03-21","rochester",1,"Flu ED visits pct","2026-03-28","quantile",0.75,2.39676845795141
"2026-03-21","minnesota",1,"Flu ED visits pct","2026-03-28","quantile",0.9,3.1502209921327
"2026-03-21","st-paul",1,"Flu ED visits pct","2026-03-28","quantile",0.9,2.53297012056079
"2026-03-21","duluth",1,"Flu ED visits pct","2026-03-28","quantile",0.9,6.26915459485069
"2026-03-21","minneapolis",1,"Flu ED visits pct","2026-03-28","quantile",0.9,4.10253362044387
"2026-03-21","st-cloud",1,"Flu ED visits pct","2026-03-28","quantile",0.9,5.27206598932885
"2026-03-21","rochester",1,"Flu ED visits pct","2026-03-28","quantile",0.9,3.67226858395703
"2026-03-21","minnesota",1,"Flu ED visits pct","2026-03-28","quantile",0.95,3.55829385748683
"2026-03-21","st-paul",1,"Flu ED visits pct","2026-03-28","quantile",0.95,2.96912772019835
"2026-03-21","duluth",1,"Flu ED visits pct","2026-03-28","quantile",0.95,8.49903872680629
"2026-03-21","minneapolis",1,"Flu ED visits pct","2026-03-28","quantile",0.95,4.92184787154221
"2026-03-21","st-cloud",1,"Flu ED visits pct","2026-03-28","quantile",0.95,6.90160445548654
"2026-03-21","rochester",1,"Flu ED visits pct","2026-03-28","quantile",0.95,4.73588502903983
"2026-03-21","minnesota",1,"Flu ED visits pct","2026-03-28","quantile",0.975,3.90715640006204
"2026-03-21","st-paul",1,"Flu ED visits pct","2026-03-28","quantile",0.975,3.36200214851768
"2026-03-21","duluth",1,"Flu ED visits pct","2026-03-28","quantile",0.975,10.651852735898
"2026-03-21","minneapolis",1,"Flu ED visits pct","2026-03-28","quantile",0.975,5.53473232630941
"2026-03-21","st-cloud",1,"Flu ED visits pct","2026-03-28","quantile",0.975,8.34397019435674
"2026-03-21","rochester",1,"Flu ED visits pct","2026-03-28","quantile",0.975,5.98607255614323
"2026-03-21","minnesota",2,"Flu ED visits pct","2026-04-04","quantile",0.025,0.472581055932207
"2026-03-21","st-paul",2,"Flu ED visits pct","2026-04-04","quantile",0.025,0.057632321212425
"2026-03-21","duluth",2,"Flu ED visits pct","2026-04-04","quantile",0.025,0
"2026-03-21","minneapolis",2,"Flu ED visits pct","2026-04-04","quantile",0.025,0.311017923050432
"2026-03-21","st-cloud",2,"Flu ED visits pct","2026-04-04","quantile",0.025,0
"2026-03-21","rochester",2,"Flu ED visits pct","2026-04-04","quantile",0.025,0
"2026-03-21","minnesota",2,"Flu ED visits pct","2026-04-04","quantile",0.05,0.609216301419443
"2026-03-21","st-paul",2,"Flu ED visits pct","2026-04-04","quantile",0.05,0.169295707835722
"2026-03-21","duluth",2,"Flu ED visits pct","2026-04-04","quantile",0.05,0
"2026-03-21","minneapolis",2,"Flu ED visits pct","2026-04-04","quantile",0.05,0.507831974462434
"2026-03-21","st-cloud",2,"Flu ED visits pct","2026-04-04","quantile",0.05,0
"2026-03-21","rochester",2,"Flu ED visits pct","2026-04-04","quantile",0.05,0
"2026-03-21","minnesota",2,"Flu ED visits pct","2026-04-04","quantile",0.1,0.831585393012455
"2026-03-21","st-paul",2,"Flu ED visits pct","2026-04-04","quantile",0.1,0.31890154549192
"2026-03-21","duluth",2,"Flu ED visits pct","2026-04-04","quantile",0.1,0
"2026-03-21","minneapolis",2,"Flu ED visits pct","2026-04-04","quantile",0.1,0.809072961030244
"2026-03-21","st-cloud",2,"Flu ED visits pct","2026-04-04","quantile",0.1,0
"2026-03-21","rochester",2,"Flu ED visits pct","2026-04-04","quantile",0.1,0
"2026-03-21","minnesota",2,"Flu ED visits pct","2026-04-04","quantile",0.25,1.28046796868305
"2026-03-21","st-paul",2,"Flu ED visits pct","2026-04-04","quantile",0.25,0.681749784424498
"2026-03-21","duluth",2,"Flu ED visits pct","2026-04-04","quantile",0.25,0.333322273398734
"2026-03-21","minneapolis",2,"Flu ED visits pct","2026-04-04","quantile",0.25,1.39575504137682
"2026-03-21","st-cloud",2,"Flu ED visits pct","2026-04-04","quantile",0.25,0.488187343178571
"2026-03-21","rochester",2,"Flu ED visits pct","2026-04-04","quantile",0.25,0.316398339189602
"2026-03-21","minnesota",2,"Flu ED visits pct","2026-04-04","quantile",0.5,1.8895021923194
"2026-03-21","st-paul",2,"Flu ED visits pct","2026-04-04","quantile",0.5,1.23740259110947
"2026-03-21","duluth",2,"Flu ED visits pct","2026-04-04","quantile",0.5,1.58809639039471
"2026-03-21","minneapolis",2,"Flu ED visits pct","2026-04-04","quantile",0.5,2.24788034103153
"2026-03-21","st-cloud",2,"Flu ED visits pct","2026-04-04","quantile",0.5,1.50919156492659
"2026-03-21","rochester",2,"Flu ED visits pct","2026-04-04","quantile",0.5,1.10219462156519
"2026-03-21","minnesota",2,"Flu ED visits pct","2026-04-04","quantile",0.75,2.59336398888964
"2026-03-21","st-paul",2,"Flu ED visits pct","2026-04-04","quantile",0.75,1.90407232129322
"2026-03-21","duluth",2,"Flu ED visits pct","2026-04-04","quantile",0.75,4.12453148250845
"2026-03-21","minneapolis",2,"Flu ED visits pct","2026-04-04","quantile",0.75,3.40004880630948
"2026-03-21","st-cloud",2,"Flu ED visits pct","2026-04-04","quantile",0.75,3.39487203198403
"2026-03-21","rochester",2,"Flu ED visits pct","2026-04-04","quantile",0.75,2.50304043322447
"2026-03-21","minnesota",2,"Flu ED visits pct","2026-04-04","quantile",0.9,3.42263973642795
"2026-03-21","st-paul",2,"Flu ED visits pct","2026-04-04","quantile",0.9,2.69553127030398
"2026-03-21","duluth",2,"Flu ED visits pct","2026-04-04","quantile",0.9,8.27802331584999
"2026-03-21","minneapolis",2,"Flu ED visits pct","2026-04-04","quantile",0.9,4.80016346287227
"2026-03-21","st-cloud",2,"Flu ED visits pct","2026-04-04","quantile",0.9,6.42738694491714
"2026-03-21","rochester",2,"Flu ED visits pct","2026-04-04","quantile",0.9,4.3962586525683
"2026-03-21","minnesota",2,"Flu ED visits pct","2026-04-04","quantile",0.95,3.96321719135974
"2026-03-21","st-paul",2,"Flu ED visits pct","2026-04-04","quantile",0.95,3.37317466665758
"2026-03-21","duluth",2,"Flu ED visits pct","2026-04-04","quantile",0.95,12.6461455333228
"2026-03-21","minneapolis",2,"Flu ED visits pct","2026-04-04","quantile",0.95,5.73542148333818
"2026-03-21","st-cloud",2,"Flu ED visits pct","2026-04-04","quantile",0.95,8.47199937122691
"2026-03-21","rochester",2,"Flu ED visits pct","2026-04-04","quantile",0.95,5.96120530316069
"2026-03-21","minnesota",2,"Flu ED visits pct","2026-04-04","quantile",0.975,4.4393689041091
"2026-03-21","st-paul",2,"Flu ED visits pct","2026-04-04","quantile",0.975,3.96747961428458
"2026-03-21","duluth",2,"Flu ED visits pct","2026-04-04","quantile",0.975,15.8603050733707
"2026-03-21","minneapolis",2,"Flu ED visits pct","2026-04-04","quantile",0.975,6.79946941941286
"2026-03-21","st-cloud",2,"Flu ED visits pct","2026-04-04","quantile",0.975,10.5541876403787
"2026-03-21","rochester",2,"Flu ED visits pct","2026-04-04","quantile",0.975,7.47182148353982
"2026-03-21","minnesota",3,"Flu ED visits pct","2026-04-11","quantile",0.025,0.258895300018492
"2026-03-21","st-paul",3,"Flu ED visits pct","2026-04-11","quantile",0.025,0
"2026-03-21","duluth",3,"Flu ED visits pct","2026-04-11","quantile",0.025,0
"2026-03-21","minneapolis",3,"Flu ED visits pct","2026-04-11","quantile",0.025,0.137535870420396
"2026-03-21","st-cloud",3,"Flu ED visits pct","2026-04-11","quantile",0.025,0
"2026-03-21","rochester",3,"Flu ED visits pct","2026-04-11","quantile",0.025,0
"2026-03-21","minnesota",3,"Flu ED visits pct","2026-04-11","quantile",0.05,0.424823614479556
"2026-03-21","st-paul",3,"Flu ED visits pct","2026-04-11","quantile",0.05,0.0134916427904283
"2026-03-21","duluth",3,"Flu ED visits pct","2026-04-11","quantile",0.05,0
"2026-03-21","minneapolis",3,"Flu ED visits pct","2026-04-11","quantile",0.05,0.324560625953763
"2026-03-21","st-cloud",3,"Flu ED visits pct","2026-04-11","quantile",0.05,0
"2026-03-21","rochester",3,"Flu ED visits pct","2026-04-11","quantile",0.05,0
"2026-03-21","minnesota",3,"Flu ED visits pct","2026-04-11","quantile",0.1,0.609267834509165
"2026-03-21","st-paul",3,"Flu ED visits pct","2026-04-11","quantile",0.1,0.15216391977348
"2026-03-21","duluth",3,"Flu ED visits pct","2026-04-11","quantile",0.1,0
"2026-03-21","minneapolis",3,"Flu ED visits pct","2026-04-11","quantile",0.1,0.547032414080196
"2026-03-21","st-cloud",3,"Flu ED visits pct","2026-04-11","quantile",0.1,0
"2026-03-21","rochester",3,"Flu ED visits pct","2026-04-11","quantile",0.1,0
"2026-03-21","minnesota",3,"Flu ED visits pct","2026-04-11","quantile",0.25,1.06603952297343
"2026-03-21","st-paul",3,"Flu ED visits pct","2026-04-11","quantile",0.25,0.49653403821185
"2026-03-21","duluth",3,"Flu ED visits pct","2026-04-11","quantile",0.25,0.151788117983889
"2026-03-21","minneapolis",3,"Flu ED visits pct","2026-04-11","quantile",0.25,1.17689988737433
"2026-03-21","st-cloud",3,"Flu ED visits pct","2026-04-11","quantile",0.25,0.282363078024802
"2026-03-21","rochester",3,"Flu ED visits pct","2026-04-11","quantile",0.25,0.110296904326129
"2026-03-21","minnesota",3,"Flu ED visits pct","2026-04-11","quantile",0.5,1.71680432604966
"2026-03-21","st-paul",3,"Flu ED visits pct","2026-04-11","quantile",0.5,1.07088632740207
"2026-03-21","duluth",3,"Flu ED visits pct","2026-04-11","quantile",0.5,1.52505956039612
"2026-03-21","minneapolis",3,"Flu ED visits pct","2026-04-11","quantile",0.5,2.25059847078384
"2026-03-21","st-cloud",3,"Flu ED visits pct","2026-04-11","quantile",0.5,1.4041942877185
"2026-03-21","rochester",3,"Flu ED visits pct","2026-04-11","quantile",0.5,0.911570771078489
"2026-03-21","minnesota",3,"Flu ED visits pct","2026-04-11","quantile",0.75,2.61652641500383
"2026-03-21","st-paul",3,"Flu ED visits pct","2026-04-11","quantile",0.75,1.9031750509731
"2026-03-21","duluth",3,"Flu ED visits pct","2026-04-11","quantile",0.75,4.77348400800723
"2026-03-21","minneapolis",3,"Flu ED visits pct","2026-04-11","quantile",0.75,3.65645721354356
"2026-03-21","st-cloud",3,"Flu ED visits pct","2026-04-11","quantile",0.75,3.75464802443846
"2026-03-21","rochester",3,"Flu ED visits pct","2026-04-11","quantile",0.75,2.44181608891403
"2026-03-21","minnesota",3,"Flu ED visits pct","2026-04-11","quantile",0.9,3.5335331785877
"2026-03-21","st-paul",3,"Flu ED visits pct","2026-04-11","quantile",0.9,2.92297466408145
"2026-03-21","duluth",3,"Flu ED visits pct","2026-04-11","quantile",0.9,9.62030401046802
"2026-03-21","minneapolis",3,"Flu ED visits pct","2026-04-11","quantile",0.9,5.4088340860439
"2026-03-21","st-cloud",3,"Flu ED visits pct","2026-04-11","quantile",0.9,7.07850576394682
"2026-03-21","rochester",3,"Flu ED visits pct","2026-04-11","quantile",0.9,4.8933420826886
"2026-03-21","minnesota",3,"Flu ED visits pct","2026-04-11","quantile",0.95,4.35776623990726
"2026-03-21","st-paul",3,"Flu ED visits pct","2026-04-11","quantile",0.95,3.62116003387293
"2026-03-21","duluth",3,"Flu ED visits pct","2026-04-11","quantile",0.95,14.3747310022992
"2026-03-21","minneapolis",3,"Flu ED visits pct","2026-04-11","quantile",0.95,6.54508966873375
"2026-03-21","st-cloud",3,"Flu ED visits pct","2026-04-11","quantile",0.95,10.3965900996669
"2026-03-21","rochester",3,"Flu ED visits pct","2026-04-11","quantile",0.95,6.77549309279087
"2026-03-21","minnesota",3,"Flu ED visits pct","2026-04-11","quantile",0.975,5.08656288463558
"2026-03-21","st-paul",3,"Flu ED visits pct","2026-04-11","quantile",0.975,4.2974753999952
"2026-03-21","duluth",3,"Flu ED visits pct","2026-04-11","quantile",0.975,20.3100863672897
"2026-03-21","minneapolis",3,"Flu ED visits pct","2026-04-11","quantile",0.975,8.02513325313654
"2026-03-21","st-cloud",3,"Flu ED visits pct","2026-04-11","quantile",0.975,13.6789828231812
"2026-03-21","rochester",3,"Flu ED visits pct","2026-04-11","quantile",0.975,9.118635670255
"2026-03-21","oregon",0,"Flu ED visits pct","2026-03-21","quantile",0.025,0.420180369385123
"2026-03-21","portland-or",0,"Flu ED visits pct","2026-03-21","quantile",0.025,0.633914786648454
"2026-03-21","salem",0,"Flu ED visits pct","2026-03-21","quantile",0.025,0.379374960374029
"2026-03-21","deschutes",0,"Flu ED visits pct","2026-03-21","quantile",0.025,0
"2026-03-21","eugene",0,"Flu ED visits pct","2026-03-21","quantile",0.025,0
"2026-03-21","medford",0,"Flu ED visits pct","2026-03-21","quantile",0.025,0
"2026-03-21","oregon",0,"Flu ED visits pct","2026-03-21","quantile",0.05,0.498495808352433
"2026-03-21","portland-or",0,"Flu ED visits pct","2026-03-21","quantile",0.05,0.729935524237268
"2026-03-21","salem",0,"Flu ED visits pct","2026-03-21","quantile",0.05,0.480631032069669
"2026-03-21","deschutes",0,"Flu ED visits pct","2026-03-21","quantile",0.05,0
"2026-03-21","eugene",0,"Flu ED visits pct","2026-03-21","quantile",0.05,0
"2026-03-21","medford",0,"Flu ED visits pct","2026-03-21","quantile",0.05,0
"2026-03-21","oregon",0,"Flu ED visits pct","2026-03-21","quantile",0.1,0.580851403793925
"2026-03-21","portland-or",0,"Flu ED visits pct","2026-03-21","quantile",0.1,0.840438084783656
"2026-03-21","salem",0,"Flu ED visits pct","2026-03-21","quantile",0.1,0.623071291767577
"2026-03-21","deschutes",0,"Flu ED visits pct","2026-03-21","quantile",0.1,0.0920519050139585
"2026-03-21","eugene",0,"Flu ED visits pct","2026-03-21","quantile",0.1,0.0310214804358139
"2026-03-21","medford",0,"Flu ED visits pct","2026-03-21","quantile",0.1,0
"2026-03-21","oregon",0,"Flu ED visits pct","2026-03-21","quantile",0.25,0.748584088185134
"2026-03-21","portland-or",0,"Flu ED visits pct","2026-03-21","quantile",0.25,1.0262561081994
"2026-03-21","salem",0,"Flu ED visits pct","2026-03-21","quantile",0.25,0.899746232653145
"2026-03-21","deschutes",0,"Flu ED visits pct","2026-03-21","quantile",0.25,0.320178611122825
"2026-03-21","eugene",0,"Flu ED visits pct","2026-03-21","quantile",0.25,0.163510185183214
"2026-03-21","medford",0,"Flu ED visits pct","2026-03-21","quantile",0.25,0
"2026-03-21","oregon",0,"Flu ED visits pct","2026-03-21","quantile",0.5,0.943932480541344
"2026-03-21","portland-or",0,"Flu ED visits pct","2026-03-21","quantile",0.5,1.3050996836633
"2026-03-21","salem",0,"Flu ED visits pct","2026-03-21","quantile",0.5,1.29885891740143
"2026-03-21","deschutes",0,"Flu ED visits pct","2026-03-21","quantile",0.5,0.675026268655193
"2026-03-21","eugene",0,"Flu ED visits pct","2026-03-21","quantile",0.5,0.352922061718787
"2026-03-21","medford",0,"Flu ED visits pct","2026-03-21","quantile",0.5,0.0955525829062006
"2026-03-21","oregon",0,"Flu ED visits pct","2026-03-21","quantile",0.75,1.19820919338741
"2026-03-21","portland-or",0,"Flu ED visits pct","2026-03-21","quantile",0.75,1.60738164388348
"2026-03-21","salem",0,"Flu ED visits pct","2026-03-21","quantile",0.75,1.75743458756663
"2026-03-21","deschutes",0,"Flu ED visits pct","2026-03-21","quantile",0.75,1.15447607150862
"2026-03-21","eugene",0,"Flu ED visits pct","2026-03-21","quantile",0.75,0.573749159805451
"2026-03-21","medford",0,"Flu ED visits pct","2026-03-21","quantile",0.75,0.340731601155877
"2026-03-21","oregon",0,"Flu ED visits pct","2026-03-21","quantile",0.9,1.40988060188692
"2026-03-21","portland-or",0,"Flu ED visits pct","2026-03-21","quantile",0.9,1.9120339620614
"2026-03-21","salem",0,"Flu ED visits pct","2026-03-21","quantile",0.9,2.2974661680454
"2026-03-21","deschutes",0,"Flu ED visits pct","2026-03-21","quantile",0.9,1.75726422001648
"2026-03-21","eugene",0,"Flu ED visits pct","2026-03-21","quantile",0.9,0.828413921583257
"2026-03-21","medford",0,"Flu ED visits pct","2026-03-21","quantile",0.9,0.622533477286598
"2026-03-21","oregon",0,"Flu ED visits pct","2026-03-21","quantile",0.95,1.60477247236502
"2026-03-21","portland-or",0,"Flu ED visits pct","2026-03-21","quantile",0.95,2.10800570259551
"2026-03-21","salem",0,"Flu ED visits pct","2026-03-21","quantile",0.95,2.6702489663877
"2026-03-21","deschutes",0,"Flu ED visits pct","2026-03-21","quantile",0.95,2.19193703604082
"2026-03-21","eugene",0,"Flu ED visits pct","2026-03-21","quantile",0.95,0.989460890645596
"2026-03-21","medford",0,"Flu ED visits pct","2026-03-21","quantile",0.95,0.798003749821022
"2026-03-21","oregon",0,"Flu ED visits pct","2026-03-21","quantile",0.975,1.77524288140697
"2026-03-21","portland-or",0,"Flu ED visits pct","2026-03-21","quantile",0.975,2.27441053186496
"2026-03-21","salem",0,"Flu ED visits pct","2026-03-21","quantile",0.975,2.9980403291463
"2026-03-21","deschutes",0,"Flu ED visits pct","2026-03-21","quantile",0.975,2.60878396924124
"2026-03-21","eugene",0,"Flu ED visits pct","2026-03-21","quantile",0.975,1.1846745565323
"2026-03-21","medford",0,"Flu ED visits pct","2026-03-21","quantile",0.975,0.979983780678026
"2026-03-21","oregon",1,"Flu ED visits pct","2026-03-28","quantile",0.025,0.0823811484618771
"2026-03-21","portland-or",1,"Flu ED visits pct","2026-03-28","quantile",0.025,0.218276628974354
"2026-03-21","salem",1,"Flu ED visits pct","2026-03-28","quantile",0.025,0
"2026-03-21","deschutes",1,"Flu ED visits pct","2026-03-28","quantile",0.025,0
"2026-03-21","eugene",1,"Flu ED visits pct","2026-03-28","quantile",0.025,0
"2026-03-21","medford",1,"Flu ED visits pct","2026-03-28","quantile",0.025,0
"2026-03-21","oregon",1,"Flu ED visits pct","2026-03-28","quantile",0.05,0.164352195747612
"2026-03-21","portland-or",1,"Flu ED visits pct","2026-03-28","quantile",0.05,0.339031847809264
"2026-03-21","salem",1,"Flu ED visits pct","2026-03-28","quantile",0.05,0.0460009097287093
"2026-03-21","deschutes",1,"Flu ED visits pct","2026-03-28","quantile",0.05,0
"2026-03-21","eugene",1,"Flu ED visits pct","2026-03-28","quantile",0.05,0
"2026-03-21","medford",1,"Flu ED visits pct","2026-03-28","quantile",0.05,0
"2026-03-21","oregon",1,"Flu ED visits pct","2026-03-28","quantile",0.1,0.256912327633514
"2026-03-21","portland-or",1,"Flu ED visits pct","2026-03-28","quantile",0.1,0.449929755353237
"2026-03-21","salem",1,"Flu ED visits pct","2026-03-28","quantile",0.1,0.180249922256375
"2026-03-21","deschutes",1,"Flu ED visits pct","2026-03-28","quantile",0.1,0
"2026-03-21","eugene",1,"Flu ED visits pct","2026-03-28","quantile",0.1,0
"2026-03-21","medford",1,"Flu ED visits pct","2026-03-28","quantile",0.1,0
"2026-03-21","oregon",1,"Flu ED visits pct","2026-03-28","quantile",0.25,0.439055777016283
"2026-03-21","portland-or",1,"Flu ED visits pct","2026-03-28","quantile",0.25,0.675734676315551
"2026-03-21","salem",1,"Flu ED visits pct","2026-03-28","quantile",0.25,0.477593877385027
"2026-03-21","deschutes",1,"Flu ED visits pct","2026-03-28","quantile",0.25,0.054311661469668
"2026-03-21","eugene",1,"Flu ED visits pct","2026-03-28","quantile",0.25,0
"2026-03-21","medford",1,"Flu ED visits pct","2026-03-28","quantile",0.25,0
"2026-03-21","oregon",1,"Flu ED visits pct","2026-03-28","quantile",0.5,0.69497423419374
"2026-03-21","portland-or",1,"Flu ED visits pct","2026-03-28","quantile",0.5,1.02539674774114
"2026-03-21","salem",1,"Flu ED visits pct","2026-03-28","quantile",0.5,0.918038693029931
"2026-03-21","deschutes",1,"Flu ED visits pct","2026-03-28","quantile",0.5,0.469196089509589
"2026-03-21","eugene",1,"Flu ED visits pct","2026-03-28","quantile",0.5,0.18157697383166
"2026-03-21","medford",1,"Flu ED visits pct","2026-03-28","quantile",0.5,0
"2026-03-21","oregon",1,"Flu ED visits pct","2026-03-28","quantile",0.75,1.02202289472673
"2026-03-21","portland-or",1,"Flu ED visits pct","2026-03-28","quantile",0.75,1.42281881601742
"2026-03-21","salem",1,"Flu ED visits pct","2026-03-28","quantile",0.75,1.55281603594854
"2026-03-21","deschutes",1,"Flu ED visits pct","2026-03-28","quantile",0.75,1.15438577014878
"2026-03-21","eugene",1,"Flu ED visits pct","2026-03-28","quantile",0.75,0.468532533837564
"2026-03-21","medford",1,"Flu ED visits pct","2026-03-28","quantile",0.75,0.228574731013911
"2026-03-21","oregon",1,"Flu ED visits pct","2026-03-28","quantile",0.9,1.31420844712262
"2026-03-21","portland-or",1,"Flu ED visits pct","2026-03-28","quantile",0.9,1.81657287829698
"2026-03-21","salem",1,"Flu ED visits pct","2026-03-28","quantile",0.9,2.26189086252414
"2026-03-21","deschutes",1,"Flu ED visits pct","2026-03-28","quantile",0.9,2.07877778465471
"2026-03-21","eugene",1,"Flu ED visits pct","2026-03-28","quantile",0.9,0.856437203651159
"2026-03-21","medford",1,"Flu ED visits pct","2026-03-28","quantile",0.9,0.650367775711203
"2026-03-21","oregon",1,"Flu ED visits pct","2026-03-28","quantile",0.95,1.52313322660908
"2026-03-21","portland-or",1,"Flu ED visits pct","2026-03-28","quantile",0.95,2.14643075308778
"2026-03-21","salem",1,"Flu ED visits pct","2026-03-28","quantile",0.95,2.84856163051025
"2026-03-21","deschutes",1,"Flu ED visits pct","2026-03-28","quantile",0.95,2.74294719472436
"2026-03-21","eugene",1,"Flu ED visits pct","2026-03-28","quantile",0.95,1.1013953199906
"2026-03-21","medford",1,"Flu ED visits pct","2026-03-28","quantile",0.95,0.937582033698147
"2026-03-21","oregon",1,"Flu ED visits pct","2026-03-28","quantile",0.975,1.73579531029732
"2026-03-21","portland-or",1,"Flu ED visits pct","2026-03-28","quantile",0.975,2.44932062768575
"2026-03-21","salem",1,"Flu ED visits pct","2026-03-28","quantile",0.975,3.34432542943895
"2026-03-21","deschutes",1,"Flu ED visits pct","2026-03-28","quantile",0.975,3.49658193655661
"2026-03-21","eugene",1,"Flu ED visits pct","2026-03-28","quantile",0.975,1.35793458220447
"2026-03-21","medford",1,"Flu ED visits pct","2026-03-28","quantile",0.975,1.33359166461084
"2026-03-21","oregon",2,"Flu ED visits pct","2026-04-04","quantile",0.025,0
"2026-03-21","portland-or",2,"Flu ED visits pct","2026-04-04","quantile",0.025,0
"2026-03-21","salem",2,"Flu ED visits pct","2026-04-04","quantile",0.025,0
"2026-03-21","deschutes",2,"Flu ED visits pct","2026-04-04","quantile",0.025,0
"2026-03-21","eugene",2,"Flu ED visits pct","2026-04-04","quantile",0.025,0
"2026-03-21","medford",2,"Flu ED visits pct","2026-04-04","quantile",0.025,0
"2026-03-21","oregon",2,"Flu ED visits pct","2026-04-04","quantile",0.05,0
"2026-03-21","portland-or",2,"Flu ED visits pct","2026-04-04","quantile",0.05,0.075107857649673
"2026-03-21","salem",2,"Flu ED visits pct","2026-04-04","quantile",0.05,0
"2026-03-21","deschutes",2,"Flu ED visits pct","2026-04-04","quantile",0.05,0
"2026-03-21","eugene",2,"Flu ED visits pct","2026-04-04","quantile",0.05,0
"2026-03-21","medford",2,"Flu ED visits pct","2026-04-04","quantile",0.05,0
"2026-03-21","oregon",2,"Flu ED visits pct","2026-04-04","quantile",0.1,0.0591181298495511
"2026-03-21","portland-or",2,"Flu ED visits pct","2026-04-04","quantile",0.1,0.191405634805479
"2026-03-21","salem",2,"Flu ED visits pct","2026-04-04","quantile",0.1,0
"2026-03-21","deschutes",2,"Flu ED visits pct","2026-04-04","quantile",0.1,0
"2026-03-21","eugene",2,"Flu ED visits pct","2026-04-04","quantile",0.1,0
"2026-03-21","medford",2,"Flu ED visits pct","2026-04-04","quantile",0.1,0
"2026-03-21","oregon",2,"Flu ED visits pct","2026-04-04","quantile",0.25,0.244693039800172
"2026-03-21","portland-or",2,"Flu ED visits pct","2026-04-04","quantile",0.25,0.421893532557891
"2026-03-21","salem",2,"Flu ED visits pct","2026-04-04","quantile",0.25,0.224230170672905
"2026-03-21","deschutes",2,"Flu ED visits pct","2026-04-04","quantile",0.25,0
"2026-03-21","eugene",2,"Flu ED visits pct","2026-04-04","quantile",0.25,0
"2026-03-21","medford",2,"Flu ED visits pct","2026-04-04","quantile",0.25,0
"2026-03-21","oregon",2,"Flu ED visits pct","2026-04-04","quantile",0.5,0.516655482784065
"2026-03-21","portland-or",2,"Flu ED visits pct","2026-04-04","quantile",0.5,0.808384475237583
"2026-03-21","salem",2,"Flu ED visits pct","2026-04-04","quantile",0.5,0.695244611902649
"2026-03-21","deschutes",2,"Flu ED visits pct","2026-04-04","quantile",0.5,0.336148366611361
"2026-03-21","eugene",2,"Flu ED visits pct","2026-04-04","quantile",0.5,0.0463249397612138
"2026-03-21","medford",2,"Flu ED visits pct","2026-04-04","quantile",0.5,0
"2026-03-21","oregon",2,"Flu ED visits pct","2026-04-04","quantile",0.75,0.877273906868279
"2026-03-21","portland-or",2,"Flu ED visits pct","2026-04-04","quantile",0.75,1.31778555072078
"2026-03-21","salem",2,"Flu ED visits pct","2026-04-04","quantile",0.75,1.43411701384596
"2026-03-21","deschutes",2,"Flu ED visits pct","2026-04-04","quantile",0.75,1.13693688045518
"2026-03-21","eugene",2,"Flu ED visits pct","2026-04-04","quantile",0.75,0.369967512642217
"2026-03-21","medford",2,"Flu ED visits pct","2026-04-04","quantile",0.75,0.148643886276625
"2026-03-21","oregon",2,"Flu ED visits pct","2026-04-04","quantile",0.9,1.26312709968371
"2026-03-21","portland-or",2,"Flu ED visits pct","2026-04-04","quantile",0.9,1.84932176688618
"2026-03-21","salem",2,"Flu ED visits pct","2026-04-04","quantile",0.9,2.42641441403842
"2026-03-21","deschutes",2,"Flu ED visits pct","2026-04-04","quantile",0.9,2.22867372136905
"2026-03-21","eugene",2,"Flu ED visits pct","2026-04-04","quantile",0.9,0.789523337755216
"2026-03-21","medford",2,"Flu ED visits pct","2026-04-04","quantile",0.9,0.668698420569143
"2026-03-21","oregon",2,"Flu ED visits pct","2026-04-04","quantile",0.95,1.537605123702
"2026-03-21","portland-or",2,"Flu ED visits pct","2026-04-04","quantile",0.95,2.2145871753709
"2026-03-21","salem",2,"Flu ED visits pct","2026-04-04","quantile",0.95,3.1723103263586
"2026-03-21","deschutes",2,"Flu ED visits pct","2026-04-04","quantile",0.95,3.21828318814734
"2026-03-21","eugene",2,"Flu ED visits pct","2026-04-04","quantile",0.95,1.15957106455309
"2026-03-21","medford",2,"Flu ED visits pct","2026-04-04","quantile",0.95,1.06615069069976
"2026-03-21","oregon",2,"Flu ED visits pct","2026-04-04","quantile",0.975,1.80497630388042
"2026-03-21","portland-or",2,"Flu ED visits pct","2026-04-04","quantile",0.975,2.56855200527884
"2026-03-21","salem",2,"Flu ED visits pct","2026-04-04","quantile",0.975,3.86519661825384
"2026-03-21","deschutes",2,"Flu ED visits pct","2026-04-04","quantile",0.975,4.68904022379476
"2026-03-21","eugene",2,"Flu ED visits pct","2026-04-04","quantile",0.975,1.58009225061423
"2026-03-21","medford",2,"Flu ED visits pct","2026-04-04","quantile",0.975,1.64478591948481
"2026-03-21","oregon",3,"Flu ED visits pct","2026-04-11","quantile",0.025,0
"2026-03-21","portland-or",3,"Flu ED visits pct","2026-04-11","quantile",0.025,0
"2026-03-21","salem",3,"Flu ED visits pct","2026-04-11","quantile",0.025,0
"2026-03-21","deschutes",3,"Flu ED visits pct","2026-04-11","quantile",0.025,0
"2026-03-21","eugene",3,"Flu ED visits pct","2026-04-11","quantile",0.025,0
"2026-03-21","medford",3,"Flu ED visits pct","2026-04-11","quantile",0.025,0
"2026-03-21","oregon",3,"Flu ED visits pct","2026-04-11","quantile",0.05,0
"2026-03-21","portland-or",3,"Flu ED visits pct","2026-04-11","quantile",0.05,0
"2026-03-21","salem",3,"Flu ED visits pct","2026-04-11","quantile",0.05,0
"2026-03-21","deschutes",3,"Flu ED visits pct","2026-04-11","quantile",0.05,0
"2026-03-21","eugene",3,"Flu ED visits pct","2026-04-11","quantile",0.05,0
"2026-03-21","medford",3,"Flu ED visits pct","2026-04-11","quantile",0.05,0
"2026-03-21","oregon",3,"Flu ED visits pct","2026-04-11","quantile",0.1,0
"2026-03-21","portland-or",3,"Flu ED visits pct","2026-04-11","quantile",0.1,0.0490881994379418
"2026-03-21","salem",3,"Flu ED visits pct","2026-04-11","quantile",0.1,0
"2026-03-21","deschutes",3,"Flu ED visits pct","2026-04-11","quantile",0.1,0
"2026-03-21","eugene",3,"Flu ED visits pct","2026-04-11","quantile",0.1,0
"2026-03-21","medford",3,"Flu ED visits pct","2026-04-11","quantile",0.1,0
"2026-03-21","oregon",3,"Flu ED visits pct","2026-04-11","quantile",0.25,0.101769529208414
"2026-03-21","portland-or",3,"Flu ED visits pct","2026-04-11","quantile",0.25,0.259562332563226
"2026-03-21","salem",3,"Flu ED visits pct","2026-04-11","quantile",0.25,0.0597694024013481
"2026-03-21","deschutes",3,"Flu ED visits pct","2026-04-11","quantile",0.25,0
"2026-03-21","eugene",3,"Flu ED visits pct","2026-04-11","quantile",0.25,0
"2026-03-21","medford",3,"Flu ED visits pct","2026-04-11","quantile",0.25,0
"2026-03-21","oregon",3,"Flu ED visits pct","2026-04-11","quantile",0.5,0.390275219302668
"2026-03-21","portland-or",3,"Flu ED visits pct","2026-04-11","quantile",0.5,0.667786404001904
"2026-03-21","salem",3,"Flu ED visits pct","2026-04-11","quantile",0.5,0.52925547829905
"2026-03-21","deschutes",3,"Flu ED visits pct","2026-04-11","quantile",0.5,0.208485136239835
"2026-03-21","eugene",3,"Flu ED visits pct","2026-04-11","quantile",0.5,0
"2026-03-21","medford",3,"Flu ED visits pct","2026-04-11","quantile",0.5,0
"2026-03-21","oregon",3,"Flu ED visits pct","2026-04-11","quantile",0.75,0.79298190795941
"2026-03-21","portland-or",3,"Flu ED visits pct","2026-04-11","quantile",0.75,1.19556155431464
"2026-03-21","salem",3,"Flu ED visits pct","2026-04-11","quantile",0.75,1.33455905132046
"2026-03-21","deschutes",3,"Flu ED visits pct","2026-04-11","quantile",0.75,1.1153108410161
"2026-03-21","eugene",3,"Flu ED visits pct","2026-04-11","quantile",0.75,0.315463174625094
"2026-03-21","medford",3,"Flu ED visits pct","2026-04-11","quantile",0.75,0.124431293442254
"2026-03-21","oregon",3,"Flu ED visits pct","2026-04-11","quantile",0.9,1.24098362878872
"2026-03-21","portland-or",3,"Flu ED visits pct","2026-04-11","quantile",0.9,1.80937099021529
"2026-03-21","salem",3,"Flu ED visits pct","2026-04-11","quantile",0.9,2.45884139033616
"2026-03-21","deschutes",3,"Flu ED visits pct","2026-04-11","quantile",0.9,2.57573188318894
"2026-03-21","eugene",3,"Flu ED visits pct","2026-04-11","quantile",0.9,0.807260256318947
"2026-03-21","medford",3,"Flu ED visits pct","2026-04-11","quantile",0.9,0.748732089223281
"2026-03-21","oregon",3,"Flu ED visits pct","2026-04-11","quantile",0.95,1.56560129613722
"2026-03-21","portland-or",3,"Flu ED visits pct","2026-04-11","quantile",0.95,2.28566146448229
"2026-03-21","salem",3,"Flu ED visits pct","2026-04-11","quantile",0.95,3.46189879863174
"2026-03-21","deschutes",3,"Flu ED visits pct","2026-04-11","quantile",0.95,4.12462226490359
"2026-03-21","eugene",3,"Flu ED visits pct","2026-04-11","quantile",0.95,1.22751210018891
"2026-03-21","medford",3,"Flu ED visits pct","2026-04-11","quantile",0.95,1.33365557033268
"2026-03-21","oregon",3,"Flu ED visits pct","2026-04-11","quantile",0.975,1.93760439978296
"2026-03-21","portland-or",3,"Flu ED visits pct","2026-04-11","quantile",0.975,2.78429547150109
"2026-03-21","salem",3,"Flu ED visits pct","2026-04-11","quantile",0.975,4.41795870354243
"2026-03-21","deschutes",3,"Flu ED visits pct","2026-04-11","quantile",0.975,5.61913744819597
"2026-03-21","eugene",3,"Flu ED visits pct","2026-04-11","quantile",0.975,1.65193932131154
"2026-03-21","medford",3,"Flu ED visits pct","2026-04-11","quantile",0.975,2.012810345688
"2026-03-21","south-carolina",0,"Flu ED visits pct","2026-03-21","quantile",0.025,0.420869733258582
"2026-03-21","columbia",0,"Flu ED visits pct","2026-03-21","quantile",0.025,0.23573134587872
"2026-03-21","greenville",0,"Flu ED visits pct","2026-03-21","quantile",0.025,0.525508723485557
"2026-03-21","florence",0,"Flu ED visits pct","2026-03-21","quantile",0.025,0
"2026-03-21","charleston",0,"Flu ED visits pct","2026-03-21","quantile",0.025,0.30299450790621
"2026-03-21","rock-hill",0,"Flu ED visits pct","2026-03-21","quantile",0.025,0.011151673245735
"2026-03-21","horry",0,"Flu ED visits pct","2026-03-21","quantile",0.025,0.101834418219295
"2026-03-21","south-carolina",0,"Flu ED visits pct","2026-03-21","quantile",0.05,0.491884054677858
"2026-03-21","columbia",0,"Flu ED visits pct","2026-03-21","quantile",0.05,0.334684088548446
"2026-03-21","greenville",0,"Flu ED visits pct","2026-03-21","quantile",0.05,0.643709485800584
"2026-03-21","florence",0,"Flu ED visits pct","2026-03-21","quantile",0.05,0.0566632547135285
"2026-03-21","charleston",0,"Flu ED visits pct","2026-03-21","quantile",0.05,0.382353316594966
"2026-03-21","rock-hill",0,"Flu ED visits pct","2026-03-21","quantile",0.05,0.107031966198726
"2026-03-21","horry",0,"Flu ED visits pct","2026-03-21","quantile",0.05,0.160860443542197
"2026-03-21","south-carolina",0,"Flu ED visits pct","2026-03-21","quantile",0.1,0.593544243569125
"2026-03-21","columbia",0,"Flu ED visits pct","2026-03-21","quantile",0.1,0.451946512501501
"2026-03-21","greenville",0,"Flu ED visits pct","2026-03-21","quantile",0.1,0.802302321581719
"2026-03-21","florence",0,"Flu ED visits pct","2026-03-21","quantile",0.1,0.155449030322349
"2026-03-21","charleston",0,"Flu ED visits pct","2026-03-21","quantile",0.1,0.499497357488218
"2026-03-21","rock-hill",0,"Flu ED visits pct","2026-03-21","quantile",0.1,0.253000628603845
"2026-03-21","horry",0,"Flu ED visits pct","2026-03-21","quantile",0.1,0.250392907144911
"2026-03-21","south-carolina",0,"Flu ED visits pct","2026-03-21","quantile",0.25,0.770129058401573
"2026-03-21","columbia",0,"Flu ED visits pct","2026-03-21","quantile",0.25,0.682002669296252
"2026-03-21","greenville",0,"Flu ED visits pct","2026-03-21","quantile",0.25,1.08757111417433
"2026-03-21","florence",0,"Flu ED visits pct","2026-03-21","quantile",0.25,0.341081509606291
"2026-03-21","charleston",0,"Flu ED visits pct","2026-03-21","quantile",0.25,0.707376161742512
"2026-03-21","rock-hill",0,"Flu ED visits pct","2026-03-21","quantile",0.25,0.571708077718285
"2026-03-21","horry",0,"Flu ED visits pct","2026-03-21","quantile",0.25,0.419360958707723
"2026-03-21","south-carolina",0,"Flu ED visits pct","2026-03-21","quantile",0.5,1.00089583546129
"2026-03-21","columbia",0,"Flu ED visits pct","2026-03-21","quantile",0.5,0.949315770314903
"2026-03-21","greenville",0,"Flu ED visits pct","2026-03-21","quantile",0.5,1.47525950397487
"2026-03-21","florence",0,"Flu ED visits pct","2026-03-21","quantile",0.5,0.578395720776119
"2026-03-21","charleston",0,"Flu ED visits pct","2026-03-21","quantile",0.5,0.991692456080773
"2026-03-21","rock-hill",0,"Flu ED visits pct","2026-03-21","quantile",0.5,1.04545465674416
"2026-03-21","horry",0,"Flu ED visits pct","2026-03-21","quantile",0.5,0.661537965478364
"2026-03-21","south-carolina",0,"Flu ED visits pct","2026-03-21","quantile",0.75,1.22852532397673
"2026-03-21","columbia",0,"Flu ED visits pct","2026-03-21","quantile",0.75,1.3071642080203
"2026-03-21","greenville",0,"Flu ED visits pct","2026-03-21","quantile",0.75,1.97533275163602
"2026-03-21","florence",0,"Flu ED visits pct","2026-03-21","quantile",0.75,0.90758573166108
"2026-03-21","charleston",0,"Flu ED visits pct","2026-03-21","quantile",0.75,1.3082161105121
"2026-03-21","rock-hill",0,"Flu ED visits pct","2026-03-21","quantile",0.75,1.65902529208467
"2026-03-21","horry",0,"Flu ED visits pct","2026-03-21","quantile",0.75,0.943642211796719
"2026-03-21","south-carolina",0,"Flu ED visits pct","2026-03-21","quantile",0.9,1.49172557795387
"2026-03-21","columbia",0,"Flu ED visits pct","2026-03-21","quantile",0.9,1.69568687758168
"2026-03-21","greenville",0,"Flu ED visits pct","2026-03-21","quantile",0.9,2.52052793398657
"2026-03-21","florence",0,"Flu ED visits pct","2026-03-21","quantile",0.9,1.30978512956937
"2026-03-21","charleston",0,"Flu ED visits pct","2026-03-21","quantile",0.9,1.66192240970841
"2026-03-21","rock-hill",0,"Flu ED visits pct","2026-03-21","quantile",0.9,2.41738391636075
"2026-03-21","horry",0,"Flu ED visits pct","2026-03-21","quantile",0.9,1.28173162321782
"2026-03-21","south-carolina",0,"Flu ED visits pct","2026-03-21","quantile",0.95,1.66048519979152
"2026-03-21","columbia",0,"Flu ED visits pct","2026-03-21","quantile",0.95,1.94860006270743
"2026-03-21","greenville",0,"Flu ED visits pct","2026-03-21","quantile",0.95,2.83420042805941
"2026-03-21","florence",0,"Flu ED visits pct","2026-03-21","quantile",0.95,1.56640924018533
"2026-03-21","charleston",0,"Flu ED visits pct","2026-03-21","quantile",0.95,1.8690373429974
"2026-03-21","rock-hill",0,"Flu ED visits pct","2026-03-21","quantile",0.95,2.93925573345404
"2026-03-21","horry",0,"Flu ED visits pct","2026-03-21","quantile",0.95,1.49712874843457
"2026-03-21","south-carolina",0,"Flu ED visits pct","2026-03-21","quantile",0.975,1.82923963964837
"2026-03-21","columbia",0,"Flu ED visits pct","2026-03-21","quantile",0.975,2.16976158834293
"2026-03-21","greenville",0,"Flu ED visits pct","2026-03-21","quantile",0.975,3.20065719797209
"2026-03-21","florence",0,"Flu ED visits pct","2026-03-21","quantile",0.975,1.82645809360857
"2026-03-21","charleston",0,"Flu ED visits pct","2026-03-21","quantile",0.975,2.08492381060711
"2026-03-21","rock-hill",0,"Flu ED visits pct","2026-03-21","quantile",0.975,3.6592340910639
"2026-03-21","horry",0,"Flu ED visits pct","2026-03-21","quantile",0.975,1.70194396229572
"2026-03-21","south-carolina",1,"Flu ED visits pct","2026-03-28","quantile",0.025,0.168284266326497
"2026-03-21","columbia",1,"Flu ED visits pct","2026-03-28","quantile",0.025,0
"2026-03-21","greenville",1,"Flu ED visits pct","2026-03-28","quantile",0.025,0.135984543540282
"2026-03-21","florence",1,"Flu ED visits pct","2026-03-28","quantile",0.025,0
"2026-03-21","charleston",1,"Flu ED visits pct","2026-03-28","quantile",0.025,0
"2026-03-21","rock-hill",1,"Flu ED visits pct","2026-03-28","quantile",0.025,0
"2026-03-21","horry",1,"Flu ED visits pct","2026-03-28","quantile",0.025,0
"2026-03-21","south-carolina",1,"Flu ED visits pct","2026-03-28","quantile",0.05,0.228721957410652
"2026-03-21","columbia",1,"Flu ED visits pct","2026-03-28","quantile",0.05,0.0665078868725219
"2026-03-21","greenville",1,"Flu ED visits pct","2026-03-28","quantile",0.05,0.264987885708053
"2026-03-21","florence",1,"Flu ED visits pct","2026-03-28","quantile",0.05,0
"2026-03-21","charleston",1,"Flu ED visits pct","2026-03-28","quantile",0.05,0.0685543215772889
"2026-03-21","rock-hill",1,"Flu ED visits pct","2026-03-28","quantile",0.05,0
"2026-03-21","horry",1,"Flu ED visits pct","2026-03-28","quantile",0.05,0
"2026-03-21","south-carolina",1,"Flu ED visits pct","2026-03-28","quantile",0.1,0.337687463103271
"2026-03-21","columbia",1,"Flu ED visits pct","2026-03-28","quantile",0.1,0.181612415009704
"2026-03-21","greenville",1,"Flu ED visits pct","2026-03-28","quantile",0.1,0.440335191105972
"2026-03-21","florence",1,"Flu ED visits pct","2026-03-28","quantile",0.1,0
"2026-03-21","charleston",1,"Flu ED visits pct","2026-03-28","quantile",0.1,0.169306635046855
"2026-03-21","rock-hill",1,"Flu ED visits pct","2026-03-28","quantile",0.1,0.0324832020645536
"2026-03-21","horry",1,"Flu ED visits pct","2026-03-28","quantile",0.1,0.0460467670900191
"2026-03-21","south-carolina",1,"Flu ED visits pct","2026-03-28","quantile",0.25,0.537596808189361
"2026-03-21","columbia",1,"Flu ED visits pct","2026-03-28","quantile",0.25,0.436221147963929
"2026-03-21","greenville",1,"Flu ED visits pct","2026-03-28","quantile",0.25,0.801084190362008
"2026-03-21","florence",1,"Flu ED visits pct","2026-03-28","quantile",0.25,0.105544211469274
"2026-03-21","charleston",1,"Flu ED visits pct","2026-03-28","quantile",0.25,0.414293227373
"2026-03-21","rock-hill",1,"Flu ED visits pct","2026-03-28","quantile",0.25,0.432913954923843
"2026-03-21","horry",1,"Flu ED visits pct","2026-03-28","quantile",0.25,0.233269872500259
"2026-03-21","south-carolina",1,"Flu ED visits pct","2026-03-28","quantile",0.5,0.803187384494929
"2026-03-21","columbia",1,"Flu ED visits pct","2026-03-28","quantile",0.5,0.819813159672436
"2026-03-21","greenville",1,"Flu ED visits pct","2026-03-28","quantile",0.5,1.30579863007056
"2026-03-21","florence",1,"Flu ED visits pct","2026-03-28","quantile",0.5,0.450530756596711
"2026-03-21","charleston",1,"Flu ED visits pct","2026-03-28","quantile",0.5,0.776887444501586
"2026-03-21","rock-hill",1,"Flu ED visits pct","2026-03-28","quantile",0.5,1.10248893183522
"2026-03-21","horry",1,"Flu ED visits pct","2026-03-28","quantile",0.5,0.562201619638052
"2026-03-21","south-carolina",1,"Flu ED visits pct","2026-03-28","quantile",0.75,1.15417072824402
"2026-03-21","columbia",1,"Flu ED visits pct","2026-03-28","quantile",0.75,1.33541796622841
"2026-03-21","greenville",1,"Flu ED visits pct","2026-03-28","quantile",0.75,2.00966993865707
"2026-03-21","florence",1,"Flu ED visits pct","2026-03-28","quantile",0.75,0.906145145577628
"2026-03-21","charleston",1,"Flu ED visits pct","2026-03-28","quantile",0.75,1.22748276189456
"2026-03-21","rock-hill",1,"Flu ED visits pct","2026-03-28","quantile",0.75,2.16294847190171
"2026-03-21","horry",1,"Flu ED visits pct","2026-03-28","quantile",0.75,0.983988590376519
"2026-03-21","south-carolina",1,"Flu ED visits pct","2026-03-28","quantile",0.9,1.57837556588974
"2026-03-21","columbia",1,"Flu ED visits pct","2026-03-28","quantile",0.9,1.93593951849347
"2026-03-21","greenville",1,"Flu ED visits pct","2026-03-28","quantile",0.9,2.8057096894197
"2026-03-21","florence",1,"Flu ED visits pct","2026-03-28","quantile",0.9,1.5165751445629
"2026-03-21","charleston",1,"Flu ED visits pct","2026-03-28","quantile",0.9,1.72479413570536
"2026-03-21","rock-hill",1,"Flu ED visits pct","2026-03-28","quantile",0.9,3.59218463271871
"2026-03-21","horry",1,"Flu ED visits pct","2026-03-28","quantile",0.9,1.4947257617699
"2026-03-21","south-carolina",1,"Flu ED visits pct","2026-03-28","quantile",0.95,1.820747875768
"2026-03-21","columbia",1,"Flu ED visits pct","2026-03-28","quantile",0.95,2.28672142715341
"2026-03-21","greenville",1,"Flu ED visits pct","2026-03-28","quantile",0.95,3.5019577043379
"2026-03-21","florence",1,"Flu ED visits pct","2026-03-28","quantile",0.95,1.95293037896194
"2026-03-21","charleston",1,"Flu ED visits pct","2026-03-28","quantile",0.95,2.08530225166639
"2026-03-21","rock-hill",1,"Flu ED visits pct","2026-03-28","quantile",0.95,4.90440004195939
"2026-03-21","horry",1,"Flu ED visits pct","2026-03-28","quantile",0.95,1.86394170321248
"2026-03-21","south-carolina",1,"Flu ED visits pct","2026-03-28","quantile",0.975,2.05886430643693
"2026-03-21","columbia",1,"Flu ED visits pct","2026-03-28","quantile",0.975,2.640397944683
"2026-03-21","greenville",1,"Flu ED visits pct","2026-03-28","quantile",0.975,4.06940591462179
"2026-03-21","florence",1,"Flu ED visits pct","2026-03-28","quantile",0.975,2.49770038191019
"2026-03-21","charleston",1,"Flu ED visits pct","2026-03-28","quantile",0.975,2.39297200930107
"2026-03-21","rock-hill",1,"Flu ED visits pct","2026-03-28","quantile",0.975,5.93478826021862
"2026-03-21","horry",1,"Flu ED visits pct","2026-03-28","quantile",0.975,2.20539260803106
"2026-03-21","south-carolina",2,"Flu ED visits pct","2026-04-04","quantile",0.025,0
"2026-03-21","columbia",2,"Flu ED visits pct","2026-04-04","quantile",0.025,0
"2026-03-21","greenville",2,"Flu ED visits pct","2026-04-04","quantile",0.025,0
"2026-03-21","florence",2,"Flu ED visits pct","2026-04-04","quantile",0.025,0
"2026-03-21","charleston",2,"Flu ED visits pct","2026-04-04","quantile",0.025,0
"2026-03-21","rock-hill",2,"Flu ED visits pct","2026-04-04","quantile",0.025,0
"2026-03-21","horry",2,"Flu ED visits pct","2026-04-04","quantile",0.025,0
"2026-03-21","south-carolina",2,"Flu ED visits pct","2026-04-04","quantile",0.05,0.0433883541042596
"2026-03-21","columbia",2,"Flu ED visits pct","2026-04-04","quantile",0.05,0
"2026-03-21","greenville",2,"Flu ED visits pct","2026-04-04","quantile",0.05,0.0203453340930386
"2026-03-21","florence",2,"Flu ED visits pct","2026-04-04","quantile",0.05,0
"2026-03-21","charleston",2,"Flu ED visits pct","2026-04-04","quantile",0.05,0
"2026-03-21","rock-hill",2,"Flu ED visits pct","2026-04-04","quantile",0.05,0
"2026-03-21","horry",2,"Flu ED visits pct","2026-04-04","quantile",0.05,0
"2026-03-21","south-carolina",2,"Flu ED visits pct","2026-04-04","quantile",0.1,0.148124872087031
"2026-03-21","columbia",2,"Flu ED visits pct","2026-04-04","quantile",0.1,0.0205505642684052
"2026-03-21","greenville",2,"Flu ED visits pct","2026-04-04","quantile",0.1,0.189906133977961
"2026-03-21","florence",2,"Flu ED visits pct","2026-04-04","quantile",0.1,0
"2026-03-21","charleston",2,"Flu ED visits pct","2026-04-04","quantile",0.1,0
"2026-03-21","rock-hill",2,"Flu ED visits pct","2026-04-04","quantile",0.1,0
"2026-03-21","horry",2,"Flu ED visits pct","2026-04-04","quantile",0.1,0
"2026-03-21","south-carolina",2,"Flu ED visits pct","2026-04-04","quantile",0.25,0.343097223272496
"2026-03-21","columbia",2,"Flu ED visits pct","2026-04-04","quantile",0.25,0.263202509416218
"2026-03-21","greenville",2,"Flu ED visits pct","2026-04-04","quantile",0.25,0.541302224760715
"2026-03-21","florence",2,"Flu ED visits pct","2026-04-04","quantile",0.25,0
"2026-03-21","charleston",2,"Flu ED visits pct","2026-04-04","quantile",0.25,0.233127917442473
"2026-03-21","rock-hill",2,"Flu ED visits pct","2026-04-04","quantile",0.25,0.263940424253551
"2026-03-21","horry",2,"Flu ED visits pct","2026-04-04","quantile",0.25,0.0946119687743258
"2026-03-21","south-carolina",2,"Flu ED visits pct","2026-04-04","quantile",0.5,0.66857683723143
"2026-03-21","columbia",2,"Flu ED visits pct","2026-04-04","quantile",0.5,0.682235429893802
"2026-03-21","greenville",2,"Flu ED visits pct","2026-04-04","quantile",0.5,1.14585157443778
"2026-03-21","florence",2,"Flu ED visits pct","2026-04-04","quantile",0.5,0.318396444277289
"2026-03-21","charleston",2,"Flu ED visits pct","2026-04-04","quantile",0.5,0.642283110040376
"2026-03-21","rock-hill",2,"Flu ED visits pct","2026-04-04","quantile",0.5,1.06184974969583
"2026-03-21","horry",2,"Flu ED visits pct","2026-04-04","quantile",0.5,0.476707855597007
"2026-03-21","south-carolina",2,"Flu ED visits pct","2026-04-04","quantile",0.75,1.09635756527878
"2026-03-21","columbia",2,"Flu ED visits pct","2026-04-04","quantile",0.75,1.30929198160519
"2026-03-21","greenville",2,"Flu ED visits pct","2026-04-04","quantile",0.75,2.01996073682274
"2026-03-21","florence",2,"Flu ED visits pct","2026-04-04","quantile",0.75,0.918026181957773
"2026-03-21","charleston",2,"Flu ED visits pct","2026-04-04","quantile",0.75,1.20323348092268
"2026-03-21","rock-hill",2,"Flu ED visits pct","2026-04-04","quantile",0.75,2.59505795307364
"2026-03-21","horry",2,"Flu ED visits pct","2026-04-04","quantile",0.75,1.01856718394137
"2026-03-21","south-carolina",2,"Flu ED visits pct","2026-04-04","quantile",0.9,1.5627113883135
"2026-03-21","columbia",2,"Flu ED visits pct","2026-04-04","quantile",0.9,2.1696929870846
"2026-03-21","greenville",2,"Flu ED visits pct","2026-04-04","quantile",0.9,3.10969125908131
"2026-03-21","florence",2,"Flu ED visits pct","2026-04-04","quantile",0.9,1.7429346821941
"2026-03-21","charleston",2,"Flu ED visits pct","2026-04-04","quantile",0.9,1.85365020128086
"2026-03-21","rock-hill",2,"Flu ED visits pct","2026-04-04","quantile",0.9,4.68031465580894
"2026-03-21","horry",2,"Flu ED visits pct","2026-04-04","quantile",0.9,1.70289695114646
"2026-03-21","south-carolina",2,"Flu ED visits pct","2026-04-04","quantile",0.95,1.92559345412037
"2026-03-21","columbia",2,"Flu ED visits pct","2026-04-04","quantile",0.95,2.69691815086802
"2026-03-21","greenville",2,"Flu ED visits pct","2026-04-04","quantile",0.95,3.99279560362316
"2026-03-21","florence",2,"Flu ED visits pct","2026-04-04","quantile",0.95,2.39515657992414
"2026-03-21","charleston",2,"Flu ED visits pct","2026-04-04","quantile",0.95,2.40313226606243
"2026-03-21","rock-hill",2,"Flu ED visits pct","2026-04-04","quantile",0.95,6.21271874759533
"2026-03-21","horry",2,"Flu ED visits pct","2026-04-04","quantile",0.95,2.19261064987574
"2026-03-21","south-carolina",2,"Flu ED visits pct","2026-04-04","quantile",0.975,2.26348548197344
"2026-03-21","columbia",2,"Flu ED visits pct","2026-04-04","quantile",0.975,3.26627335318205
"2026-03-21","greenville",2,"Flu ED visits pct","2026-04-04","quantile",0.975,4.83070056746653
"2026-03-21","florence",2,"Flu ED visits pct","2026-04-04","quantile",0.975,3.28847865009921
"2026-03-21","charleston",2,"Flu ED visits pct","2026-04-04","quantile",0.975,2.85855708422847
"2026-03-21","rock-hill",2,"Flu ED visits pct","2026-04-04","quantile",0.975,7.82375500616911
"2026-03-21","horry",2,"Flu ED visits pct","2026-04-04","quantile",0.975,2.71838236525157
"2026-03-21","south-carolina",3,"Flu ED visits pct","2026-04-11","quantile",0.025,0
"2026-03-21","columbia",3,"Flu ED visits pct","2026-04-11","quantile",0.025,0
"2026-03-21","greenville",3,"Flu ED visits pct","2026-04-11","quantile",0.025,0
"2026-03-21","florence",3,"Flu ED visits pct","2026-04-11","quantile",0.025,0
"2026-03-21","charleston",3,"Flu ED visits pct","2026-04-11","quantile",0.025,0
"2026-03-21","rock-hill",3,"Flu ED visits pct","2026-04-11","quantile",0.025,0
"2026-03-21","horry",3,"Flu ED visits pct","2026-04-11","quantile",0.025,0
"2026-03-21","south-carolina",3,"Flu ED visits pct","2026-04-11","quantile",0.05,0
"2026-03-21","columbia",3,"Flu ED visits pct","2026-04-11","quantile",0.05,0
"2026-03-21","greenville",3,"Flu ED visits pct","2026-04-11","quantile",0.05,0
"2026-03-21","florence",3,"Flu ED visits pct","2026-04-11","quantile",0.05,0
"2026-03-21","charleston",3,"Flu ED visits pct","2026-04-11","quantile",0.05,0
"2026-03-21","rock-hill",3,"Flu ED visits pct","2026-04-11","quantile",0.05,0
"2026-03-21","horry",3,"Flu ED visits pct","2026-04-11","quantile",0.05,0
"2026-03-21","south-carolina",3,"Flu ED visits pct","2026-04-11","quantile",0.1,0.0157362859306053
"2026-03-21","columbia",3,"Flu ED visits pct","2026-04-11","quantile",0.1,0
"2026-03-21","greenville",3,"Flu ED visits pct","2026-04-11","quantile",0.1,0.022069625422242
"2026-03-21","florence",3,"Flu ED visits pct","2026-04-11","quantile",0.1,0
"2026-03-21","charleston",3,"Flu ED visits pct","2026-04-11","quantile",0.1,0
"2026-03-21","rock-hill",3,"Flu ED visits pct","2026-04-11","quantile",0.1,0
"2026-03-21","horry",3,"Flu ED visits pct","2026-04-11","quantile",0.1,0
"2026-03-21","south-carolina",3,"Flu ED visits pct","2026-04-11","quantile",0.25,0.240706814162217
"2026-03-21","columbia",3,"Flu ED visits pct","2026-04-11","quantile",0.25,0.180183278165796
"2026-03-21","greenville",3,"Flu ED visits pct","2026-04-11","quantile",0.25,0.360694744708251
"2026-03-21","florence",3,"Flu ED visits pct","2026-04-11","quantile",0.25,0
"2026-03-21","charleston",3,"Flu ED visits pct","2026-04-11","quantile",0.25,0.131912498464171
"2026-03-21","rock-hill",3,"Flu ED visits pct","2026-04-11","quantile",0.25,0.122630130832158
"2026-03-21","horry",3,"Flu ED visits pct","2026-04-11","quantile",0.25,0.0122477219053215
"2026-03-21","south-carolina",3,"Flu ED visits pct","2026-04-11","quantile",0.5,0.587474256070282
"2026-03-21","columbia",3,"Flu ED visits pct","2026-04-11","quantile",0.5,0.635862763965539
"2026-03-21","greenville",3,"Flu ED visits pct","2026-04-11","quantile",0.5,1.02712472303038
"2026-03-21","florence",3,"Flu ED visits pct","2026-04-11","quantile",0.5,0.254058604208596
"2026-03-21","charleston",3,"Flu ED visits pct","2026-04-11","quantile",0.5,0.524802030336282
"2026-03-21","rock-hill",3,"Flu ED visits pct","2026-04-11","quantile",0.5,1.04669100538606
"2026-03-21","horry",3,"Flu ED visits pct","2026-04-11","quantile",0.5,0.389540948096727
"2026-03-21","south-carolina",3,"Flu ED visits pct","2026-04-11","quantile",0.75,1.05726930065691
"2026-03-21","columbia",3,"Flu ED visits pct","2026-04-11","quantile",0.75,1.36887249682502
"2026-03-21","greenville",3,"Flu ED visits pct","2026-04-11","quantile",0.75,2.03454933440986
"2026-03-21","florence",3,"Flu ED visits pct","2026-04-11","quantile",0.75,0.933184730932632
"2026-03-21","charleston",3,"Flu ED visits pct","2026-04-11","quantile",0.75,1.18141319889517
"2026-03-21","rock-hill",3,"Flu ED visits pct","2026-04-11","quantile",0.75,2.93551047174212
"2026-03-21","horry",3,"Flu ED visits pct","2026-04-11","quantile",0.75,1.02081420601569
"2026-03-21","south-carolina",3,"Flu ED visits pct","2026-04-11","quantile",0.9,1.61099357901306
"2026-03-21","columbia",3,"Flu ED visits pct","2026-04-11","quantile",0.9,2.32494835304631
"2026-03-21","greenville",3,"Flu ED visits pct","2026-04-11","quantile",0.9,3.41121744121378
"2026-03-21","florence",3,"Flu ED visits pct","2026-04-11","quantile",0.9,2.06523414422566
"2026-03-21","charleston",3,"Flu ED visits pct","2026-04-11","quantile",0.9,2.02712458516877
"2026-03-21","rock-hill",3,"Flu ED visits pct","2026-04-11","quantile",0.9,5.53629815161543
"2026-03-21","horry",3,"Flu ED visits pct","2026-04-11","quantile",0.9,1.95767471741209
"2026-03-21","south-carolina",3,"Flu ED visits pct","2026-04-11","quantile",0.95,2.03176701721383
"2026-03-21","columbia",3,"Flu ED visits pct","2026-04-11","quantile",0.95,3.04079498539246
"2026-03-21","greenville",3,"Flu ED visits pct","2026-04-11","quantile",0.95,4.40445022437921
"2026-03-21","florence",3,"Flu ED visits pct","2026-04-11","quantile",0.95,3.0254055434877
"2026-03-21","charleston",3,"Flu ED visits pct","2026-04-11","quantile",0.95,2.70904086020942
"2026-03-21","rock-hill",3,"Flu ED visits pct","2026-04-11","quantile",0.95,7.63270381028066
"2026-03-21","horry",3,"Flu ED visits pct","2026-04-11","quantile",0.95,2.50210393256281
"2026-03-21","south-carolina",3,"Flu ED visits pct","2026-04-11","quantile",0.975,2.49338413836765
"2026-03-21","columbia",3,"Flu ED visits pct","2026-04-11","quantile",0.975,3.83210921170284
"2026-03-21","greenville",3,"Flu ED visits pct","2026-04-11","quantile",0.975,5.70954848070182
"2026-03-21","florence",3,"Flu ED visits pct","2026-04-11","quantile",0.975,4.06553511210885
"2026-03-21","charleston",3,"Flu ED visits pct","2026-04-11","quantile",0.975,3.29828812153919
"2026-03-21","rock-hill",3,"Flu ED visits pct","2026-04-11","quantile",0.975,9.97415704305089
"2026-03-21","horry",3,"Flu ED visits pct","2026-04-11","quantile",0.975,3.24176037474451
"2026-03-21","texas",0,"Flu ED visits pct","2026-03-21","quantile",0.025,0.495542386434244
"2026-03-21","houston",0,"Flu ED visits pct","2026-03-21","quantile",0.025,0.127563610866319
"2026-03-21","san-antonio",0,"Flu ED visits pct","2026-03-21","quantile",0.025,0.351404347432087
"2026-03-21","beaumont",0,"Flu ED visits pct","2026-03-21","quantile",0.025,0.0110000363430679
"2026-03-21","el-paso",0,"Flu ED visits pct","2026-03-21","quantile",0.025,0.674934190192305
"2026-03-21","austin",0,"Flu ED visits pct","2026-03-21","quantile",0.025,0.230416955464418
"2026-03-21","dallas",0,"Flu ED visits pct","2026-03-21","quantile",0.025,0.335299979850055
"2026-03-21","texas",0,"Flu ED visits pct","2026-03-21","quantile",0.05,0.567457971932048
"2026-03-21","houston",0,"Flu ED visits pct","2026-03-21","quantile",0.05,0.173693318137057
"2026-03-21","san-antonio",0,"Flu ED visits pct","2026-03-21","quantile",0.05,0.44228732090894
"2026-03-21","beaumont",0,"Flu ED visits pct","2026-03-21","quantile",0.05,0.0702080554609774
"2026-03-21","el-paso",0,"Flu ED visits pct","2026-03-21","quantile",0.05,0.848514769838892
"2026-03-21","austin",0,"Flu ED visits pct","2026-03-21","quantile",0.05,0.288757845185023
"2026-03-21","dallas",0,"Flu ED visits pct","2026-03-21","quantile",0.05,0.400015953269141
"2026-03-21","texas",0,"Flu ED visits pct","2026-03-21","quantile",0.1,0.646806961802074
"2026-03-21","houston",0,"Flu ED visits pct","2026-03-21","quantile",0.1,0.232839587659671
"2026-03-21","san-antonio",0,"Flu ED visits pct","2026-03-21","quantile",0.1,0.536522967023074
"2026-03-21","beaumont",0,"Flu ED visits pct","2026-03-21","quantile",0.1,0.156193592975055
"2026-03-21","el-paso",0,"Flu ED visits pct","2026-03-21","quantile",0.1,0.990392321777524
"2026-03-21","austin",0,"Flu ED visits pct","2026-03-21","quantile",0.1,0.361115507147637
"2026-03-21","dallas",0,"Flu ED visits pct","2026-03-21","quantile",0.1,0.486350539345576
"2026-03-21","texas",0,"Flu ED visits pct","2026-03-21","quantile",0.25,0.799444342848485
"2026-03-21","houston",0,"Flu ED visits pct","2026-03-21","quantile",0.25,0.323888911266404
"2026-03-21","san-antonio",0,"Flu ED visits pct","2026-03-21","quantile",0.25,0.698108728303459
"2026-03-21","beaumont",0,"Flu ED visits pct","2026-03-21","quantile",0.25,0.342992916679479
"2026-03-21","el-paso",0,"Flu ED visits pct","2026-03-21","quantile",0.25,1.31280031634741
"2026-03-21","austin",0,"Flu ED visits pct","2026-03-21","quantile",0.25,0.484892477149876
"2026-03-21","dallas",0,"Flu ED visits pct","2026-03-21","quantile",0.25,0.62435630746796
"2026-03-21","texas",0,"Flu ED visits pct","2026-03-21","quantile",0.5,0.980415615567589
"2026-03-21","houston",0,"Flu ED visits pct","2026-03-21","quantile",0.5,0.436557698618294
"2026-03-21","san-antonio",0,"Flu ED visits pct","2026-03-21","quantile",0.5,0.922976150373174
"2026-03-21","beaumont",0,"Flu ED visits pct","2026-03-21","quantile",0.5,0.592223323273502
"2026-03-21","el-paso",0,"Flu ED visits pct","2026-03-21","quantile",0.5,1.72007069888478
"2026-03-21","austin",0,"Flu ED visits pct","2026-03-21","quantile",0.5,0.670633059343189
"2026-03-21","dallas",0,"Flu ED visits pct","2026-03-21","quantile",0.5,0.825896827936207
"2026-03-21","texas",0,"Flu ED visits pct","2026-03-21","quantile",0.75,1.17999376768839
"2026-03-21","houston",0,"Flu ED visits pct","2026-03-21","quantile",0.75,0.573295816405956
"2026-03-21","san-antonio",0,"Flu ED visits pct","2026-03-21","quantile",0.75,1.18737359816117
"2026-03-21","beaumont",0,"Flu ED visits pct","2026-03-21","quantile",0.75,0.885453261219416
"2026-03-21","el-paso",0,"Flu ED visits pct","2026-03-21","quantile",0.75,2.23993659920689
"2026-03-21","austin",0,"Flu ED visits pct","2026-03-21","quantile",0.75,0.867843014914058
"2026-03-21","dallas",0,"Flu ED visits pct","2026-03-21","quantile",0.75,1.04479243551746
"2026-03-21","texas",0,"Flu ED visits pct","2026-03-21","quantile",0.9,1.37952772821006
"2026-03-21","houston",0,"Flu ED visits pct","2026-03-21","quantile",0.9,0.694555105191452
"2026-03-21","san-antonio",0,"Flu ED visits pct","2026-03-21","quantile",0.9,1.44476175431733
"2026-03-21","beaumont",0,"Flu ED visits pct","2026-03-21","quantile",0.9,1.20935854633984
"2026-03-21","el-paso",0,"Flu ED visits pct","2026-03-21","quantile",0.9,2.77925108084915
"2026-03-21","austin",0,"Flu ED visits pct","2026-03-21","quantile",0.9,1.08588906656789
"2026-03-21","dallas",0,"Flu ED visits pct","2026-03-21","quantile",0.9,1.2599682863185
"2026-03-21","texas",0,"Flu ED visits pct","2026-03-21","quantile",0.95,1.52244329307792
"2026-03-21","houston",0,"Flu ED visits pct","2026-03-21","quantile",0.95,0.788977564944772
"2026-03-21","san-antonio",0,"Flu ED visits pct","2026-03-21","quantile",0.95,1.63547354558551
"2026-03-21","beaumont",0,"Flu ED visits pct","2026-03-21","quantile",0.95,1.45618667570943
"2026-03-21","el-paso",0,"Flu ED visits pct","2026-03-21","quantile",0.95,3.15919158154724
"2026-03-21","austin",0,"Flu ED visits pct","2026-03-21","quantile",0.95,1.21682437132558
"2026-03-21","dallas",0,"Flu ED visits pct","2026-03-21","quantile",0.95,1.41476966230156
"2026-03-21","texas",0,"Flu ED visits pct","2026-03-21","quantile",0.975,1.66046256490457
"2026-03-21","houston",0,"Flu ED visits pct","2026-03-21","quantile",0.975,0.880625931171682
"2026-03-21","san-antonio",0,"Flu ED visits pct","2026-03-21","quantile",0.975,1.77874204194187
"2026-03-21","beaumont",0,"Flu ED visits pct","2026-03-21","quantile",0.975,1.62766211548305
"2026-03-21","el-paso",0,"Flu ED visits pct","2026-03-21","quantile",0.975,3.4643370766472
"2026-03-21","austin",0,"Flu ED visits pct","2026-03-21","quantile",0.975,1.3461200926374
"2026-03-21","dallas",0,"Flu ED visits pct","2026-03-21","quantile",0.975,1.56105743988128
"2026-03-21","texas",1,"Flu ED visits pct","2026-03-28","quantile",0.025,0.196503473044863
"2026-03-21","houston",1,"Flu ED visits pct","2026-03-28","quantile",0.025,0.00577280039465633
"2026-03-21","san-antonio",1,"Flu ED visits pct","2026-03-28","quantile",0.025,0.0171878673087241
"2026-03-21","beaumont",1,"Flu ED visits pct","2026-03-28","quantile",0.025,0
"2026-03-21","el-paso",1,"Flu ED visits pct","2026-03-28","quantile",0.025,0.334351003903895
"2026-03-21","austin",1,"Flu ED visits pct","2026-03-28","quantile",0.025,0
"2026-03-21","dallas",1,"Flu ED visits pct","2026-03-28","quantile",0.025,0.0791061968035986
"2026-03-21","texas",1,"Flu ED visits pct","2026-03-28","quantile",0.05,0.268769194540958
"2026-03-21","houston",1,"Flu ED visits pct","2026-03-28","quantile",0.05,0.0567669966895993
"2026-03-21","san-antonio",1,"Flu ED visits pct","2026-03-28","quantile",0.05,0.0733882906681111
"2026-03-21","beaumont",1,"Flu ED visits pct","2026-03-28","quantile",0.05,0
"2026-03-21","el-paso",1,"Flu ED visits pct","2026-03-28","quantile",0.05,0.499444325145935
"2026-03-21","austin",1,"Flu ED visits pct","2026-03-28","quantile",0.05,0.0371752692327234
"2026-03-21","dallas",1,"Flu ED visits pct","2026-03-28","quantile",0.05,0.14233969103952
"2026-03-21","texas",1,"Flu ED visits pct","2026-03-28","quantile",0.1,0.360545732868516
"2026-03-21","houston",1,"Flu ED visits pct","2026-03-28","quantile",0.1,0.116694002269889
"2026-03-21","san-antonio",1,"Flu ED visits pct","2026-03-28","quantile",0.1,0.159496942661978
"2026-03-21","beaumont",1,"Flu ED visits pct","2026-03-28","quantile",0.1,0
"2026-03-21","el-paso",1,"Flu ED visits pct","2026-03-28","quantile",0.1,0.725359628894122
"2026-03-21","austin",1,"Flu ED visits pct","2026-03-28","quantile",0.1,0.106462312719751
"2026-03-21","dallas",1,"Flu ED visits pct","2026-03-28","quantile",0.1,0.236898155594808
"2026-03-21","texas",1,"Flu ED visits pct","2026-03-28","quantile",0.25,0.533092471631004
"2026-03-21","houston",1,"Flu ED visits pct","2026-03-28","quantile",0.25,0.240251408907061
"2026-03-21","san-antonio",1,"Flu ED visits pct","2026-03-28","quantile",0.25,0.32650336961735
"2026-03-21","beaumont",1,"Flu ED visits pct","2026-03-28","quantile",0.25,0.147935934446211
"2026-03-21","el-paso",1,"Flu ED visits pct","2026-03-28","quantile",0.25,1.1649309409223
"2026-03-21","austin",1,"Flu ED visits pct","2026-03-28","quantile",0.25,0.261151326020744
"2026-03-21","dallas",1,"Flu ED visits pct","2026-03-28","quantile",0.25,0.400466820526225
"2026-03-21","texas",1,"Flu ED visits pct","2026-03-28","quantile",0.5,0.776006494602733
"2026-03-21","houston",1,"Flu ED visits pct","2026-03-28","quantile",0.5,0.403444560450105
"2026-03-21","san-antonio",1,"Flu ED visits pct","2026-03-28","quantile",0.5,0.612899905283423
"2026-03-21","beaumont",1,"Flu ED visits pct","2026-03-28","quantile",0.5,0.46534739317553
"2026-03-21","el-paso",1,"Flu ED visits pct","2026-03-28","quantile",0.5,1.8379946537701
"2026-03-21","austin",1,"Flu ED visits pct","2026-03-28","quantile",0.5,0.501124040216595
"2026-03-21","dallas",1,"Flu ED visits pct","2026-03-28","quantile",0.5,0.654617341842097
"2026-03-21","texas",1,"Flu ED visits pct","2026-03-28","quantile",0.75,1.05365659954764
"2026-03-21","houston",1,"Flu ED visits pct","2026-03-28","quantile",0.75,0.598645736673823
"2026-03-21","san-antonio",1,"Flu ED visits pct","2026-03-28","quantile",0.75,0.931066376023877
"2026-03-21","beaumont",1,"Flu ED visits pct","2026-03-28","quantile",0.75,0.894322587612854
"2026-03-21","el-paso",1,"Flu ED visits pct","2026-03-28","quantile",0.75,2.68721571333572
"2026-03-21","austin",1,"Flu ED visits pct","2026-03-28","quantile",0.75,0.755339191095369
"2026-03-21","dallas",1,"Flu ED visits pct","2026-03-28","quantile",0.75,0.972705484091048
"2026-03-21","texas",1,"Flu ED visits pct","2026-03-28","quantile",0.9,1.34158609574079
"2026-03-21","houston",1,"Flu ED visits pct","2026-03-28","quantile",0.9,0.818745863312897
"2026-03-21","san-antonio",1,"Flu ED visits pct","2026-03-28","quantile",0.9,1.25986652702316
"2026-03-21","beaumont",1,"Flu ED visits pct","2026-03-28","quantile",0.9,1.42656557892223
"2026-03-21","el-paso",1,"Flu ED visits pct","2026-03-28","quantile",0.9,3.64284881708632
"2026-03-21","austin",1,"Flu ED visits pct","2026-03-28","quantile",0.9,1.06065176949908
"2026-03-21","dallas",1,"Flu ED visits pct","2026-03-28","quantile",0.9,1.28724018146315
"2026-03-21","texas",1,"Flu ED visits pct","2026-03-28","quantile",0.95,1.57857948853914
"2026-03-21","houston",1,"Flu ED visits pct","2026-03-28","quantile",0.95,0.990886254057658
"2026-03-21","san-antonio",1,"Flu ED visits pct","2026-03-28","quantile",0.95,1.55675290589411
"2026-03-21","beaumont",1,"Flu ED visits pct","2026-03-28","quantile",0.95,1.84703118642124
"2026-03-21","el-paso",1,"Flu ED visits pct","2026-03-28","quantile",0.95,4.2287638960066
"2026-03-21","austin",1,"Flu ED visits pct","2026-03-28","quantile",0.95,1.24556991787888
"2026-03-21","dallas",1,"Flu ED visits pct","2026-03-28","quantile",0.95,1.49568076229628
"2026-03-21","texas",1,"Flu ED visits pct","2026-03-28","quantile",0.975,1.77164174884124
"2026-03-21","houston",1,"Flu ED visits pct","2026-03-28","quantile",0.975,1.12526937992709
"2026-03-21","san-antonio",1,"Flu ED visits pct","2026-03-28","quantile",0.975,1.77418908711984
"2026-03-21","beaumont",1,"Flu ED visits pct","2026-03-28","quantile",0.975,2.23337451154651
"2026-03-21","el-paso",1,"Flu ED visits pct","2026-03-28","quantile",0.975,4.86181115527268
"2026-03-21","austin",1,"Flu ED visits pct","2026-03-28","quantile",0.975,1.44422923837966
"2026-03-21","dallas",1,"Flu ED visits pct","2026-03-28","quantile",0.975,1.76526042111314
"2026-03-21","texas",2,"Flu ED visits pct","2026-04-04","quantile",0.025,0.0220476053749431
"2026-03-21","houston",2,"Flu ED visits pct","2026-04-04","quantile",0.025,0
"2026-03-21","san-antonio",2,"Flu ED visits pct","2026-04-04","quantile",0.025,0
"2026-03-21","beaumont",2,"Flu ED visits pct","2026-04-04","quantile",0.025,0
"2026-03-21","el-paso",2,"Flu ED visits pct","2026-04-04","quantile",0.025,0.124982714685945
"2026-03-21","austin",2,"Flu ED visits pct","2026-04-04","quantile",0.025,0
"2026-03-21","dallas",2,"Flu ED visits pct","2026-04-04","quantile",0.025,0
"2026-03-21","texas",2,"Flu ED visits pct","2026-04-04","quantile",0.05,0.0902547715773804
"2026-03-21","houston",2,"Flu ED visits pct","2026-04-04","quantile",0.05,0
"2026-03-21","san-antonio",2,"Flu ED visits pct","2026-04-04","quantile",0.05,0
"2026-03-21","beaumont",2,"Flu ED visits pct","2026-04-04","quantile",0.05,0
"2026-03-21","el-paso",2,"Flu ED visits pct","2026-04-04","quantile",0.05,0.278515868797822
"2026-03-21","austin",2,"Flu ED visits pct","2026-04-04","quantile",0.05,0
"2026-03-21","dallas",2,"Flu ED visits pct","2026-04-04","quantile",0.05,0
"2026-03-21","texas",2,"Flu ED visits pct","2026-04-04","quantile",0.1,0.175310827107629
"2026-03-21","houston",2,"Flu ED visits pct","2026-04-04","quantile",0.1,0.0566748040702323
"2026-03-21","san-antonio",2,"Flu ED visits pct","2026-04-04","quantile",0.1,0
"2026-03-21","beaumont",2,"Flu ED visits pct","2026-04-04","quantile",0.1,0
"2026-03-21","el-paso",2,"Flu ED visits pct","2026-04-04","quantile",0.1,0.511862090369945
"2026-03-21","austin",2,"Flu ED visits pct","2026-04-04","quantile",0.1,0
"2026-03-21","dallas",2,"Flu ED visits pct","2026-04-04","quantile",0.1,0.0749931216258289
"2026-03-21","texas",2,"Flu ED visits pct","2026-04-04","quantile",0.25,0.376344941822086
"2026-03-21","houston",2,"Flu ED visits pct","2026-04-04","quantile",0.25,0.216277746925625
"2026-03-21","san-antonio",2,"Flu ED visits pct","2026-04-04","quantile",0.25,0.136955935043611
"2026-03-21","beaumont",2,"Flu ED visits pct","2026-04-04","quantile",0.25,0.0467344534180154
"2026-03-21","el-paso",2,"Flu ED visits pct","2026-04-04","quantile",0.25,1.02595903552008
"2026-03-21","austin",2,"Flu ED visits pct","2026-04-04","quantile",0.25,0.139928513441635
"2026-03-21","dallas",2,"Flu ED visits pct","2026-04-04","quantile",0.25,0.262167925043017
"2026-03-21","texas",2,"Flu ED visits pct","2026-04-04","quantile",0.5,0.649283351101859
"2026-03-21","houston",2,"Flu ED visits pct","2026-04-04","quantile",0.5,0.408637349830416
"2026-03-21","san-antonio",2,"Flu ED visits pct","2026-04-04","quantile",0.5,0.403159540636771
"2026-03-21","beaumont",2,"Flu ED visits pct","2026-04-04","quantile",0.5,0.421310758892653
"2026-03-21","el-paso",2,"Flu ED visits pct","2026-04-04","quantile",0.5,1.90004572662839
"2026-03-21","austin",2,"Flu ED visits pct","2026-04-04","quantile",0.5,0.36829273814224
"2026-03-21","dallas",2,"Flu ED visits pct","2026-04-04","quantile",0.5,0.527178674558343
"2026-03-21","texas",2,"Flu ED visits pct","2026-04-04","quantile",0.75,0.98766982399274
"2026-03-21","houston",2,"Flu ED visits pct","2026-04-04","quantile",0.75,0.662495414151136
"2026-03-21","san-antonio",2,"Flu ED visits pct","2026-04-04","quantile",0.75,0.759643336796484
"2026-03-21","beaumont",2,"Flu ED visits pct","2026-04-04","quantile",0.75,0.970184707739942
"2026-03-21","el-paso",2,"Flu ED visits pct","2026-04-04","quantile",0.75,3.1267690219682
"2026-03-21","austin",2,"Flu ED visits pct","2026-04-04","quantile",0.75,0.700075551708031
"2026-03-21","dallas",2,"Flu ED visits pct","2026-04-04","quantile",0.75,0.919010027891052
"2026-03-21","texas",2,"Flu ED visits pct","2026-04-04","quantile",0.9,1.36218691491141
"2026-03-21","houston",2,"Flu ED visits pct","2026-04-04","quantile",0.9,0.957243831714947
"2026-03-21","san-antonio",2,"Flu ED visits pct","2026-04-04","quantile",0.9,1.19914502566934
"2026-03-21","beaumont",2,"Flu ED visits pct","2026-04-04","quantile",0.9,1.70012435268394
"2026-03-21","el-paso",2,"Flu ED visits pct","2026-04-04","quantile",0.9,4.33764560107385
"2026-03-21","austin",2,"Flu ED visits pct","2026-04-04","quantile",0.9,1.0863109849593
"2026-03-21","dallas",2,"Flu ED visits pct","2026-04-04","quantile",0.9,1.38791257826438
"2026-03-21","texas",2,"Flu ED visits pct","2026-04-04","quantile",0.95,1.61578513572356
"2026-03-21","houston",2,"Flu ED visits pct","2026-04-04","quantile",0.95,1.14852925392113
"2026-03-21","san-antonio",2,"Flu ED visits pct","2026-04-04","quantile",0.95,1.53877475444573
"2026-03-21","beaumont",2,"Flu ED visits pct","2026-04-04","quantile",0.95,2.33040676354102
"2026-03-21","el-paso",2,"Flu ED visits pct","2026-04-04","quantile",0.95,5.29157994025528
"2026-03-21","austin",2,"Flu ED visits pct","2026-04-04","quantile",0.95,1.36297640919294
"2026-03-21","dallas",2,"Flu ED visits pct","2026-04-04","quantile",0.95,1.68558790585182
"2026-03-21","texas",2,"Flu ED visits pct","2026-04-04","quantile",0.975,1.89042997335694
"2026-03-21","houston",2,"Flu ED visits pct","2026-04-04","quantile",0.975,1.37956715658618
"2026-03-21","san-antonio",2,"Flu ED visits pct","2026-04-04","quantile",0.975,1.8853505370237
"2026-03-21","beaumont",2,"Flu ED visits pct","2026-04-04","quantile",0.975,2.7356747459462
"2026-03-21","el-paso",2,"Flu ED visits pct","2026-04-04","quantile",0.975,6.12989724790805
"2026-03-21","austin",2,"Flu ED visits pct","2026-04-04","quantile",0.975,1.63120817034861
"2026-03-21","dallas",2,"Flu ED visits pct","2026-04-04","quantile",0.975,1.97406115851846
"2026-03-21","texas",3,"Flu ED visits pct","2026-04-11","quantile",0.025,0
"2026-03-21","houston",3,"Flu ED visits pct","2026-04-11","quantile",0.025,0
"2026-03-21","san-antonio",3,"Flu ED visits pct","2026-04-11","quantile",0.025,0
"2026-03-21","beaumont",3,"Flu ED visits pct","2026-04-11","quantile",0.025,0
"2026-03-21","el-paso",3,"Flu ED visits pct","2026-04-11","quantile",0.025,0
"2026-03-21","austin",3,"Flu ED visits pct","2026-04-11","quantile",0.025,0
"2026-03-21","dallas",3,"Flu ED visits pct","2026-04-11","quantile",0.025,0
"2026-03-21","texas",3,"Flu ED visits pct","2026-04-11","quantile",0.05,0
"2026-03-21","houston",3,"Flu ED visits pct","2026-04-11","quantile",0.05,0
"2026-03-21","san-antonio",3,"Flu ED visits pct","2026-04-11","quantile",0.05,0
"2026-03-21","beaumont",3,"Flu ED visits pct","2026-04-11","quantile",0.05,0
"2026-03-21","el-paso",3,"Flu ED visits pct","2026-04-11","quantile",0.05,0.11470948554385
"2026-03-21","austin",3,"Flu ED visits pct","2026-04-11","quantile",0.05,0
"2026-03-21","dallas",3,"Flu ED visits pct","2026-04-11","quantile",0.05,0
"2026-03-21","texas",3,"Flu ED visits pct","2026-04-11","quantile",0.1,0.0690983606846058
"2026-03-21","houston",3,"Flu ED visits pct","2026-04-11","quantile",0.1,0.0120800232476489
"2026-03-21","san-antonio",3,"Flu ED visits pct","2026-04-11","quantile",0.1,0
"2026-03-21","beaumont",3,"Flu ED visits pct","2026-04-11","quantile",0.1,0
"2026-03-21","el-paso",3,"Flu ED visits pct","2026-04-11","quantile",0.1,0.36510622821053
"2026-03-21","austin",3,"Flu ED visits pct","2026-04-11","quantile",0.1,0
"2026-03-21","dallas",3,"Flu ED visits pct","2026-04-11","quantile",0.1,0
"2026-03-21","texas",3,"Flu ED visits pct","2026-04-11","quantile",0.25,0.255365678972272
"2026-03-21","houston",3,"Flu ED visits pct","2026-04-11","quantile",0.25,0.182843685441582
"2026-03-21","san-antonio",3,"Flu ED visits pct","2026-04-11","quantile",0.25,0.0106385358285058
"2026-03-21","beaumont",3,"Flu ED visits pct","2026-04-11","quantile",0.25,0
"2026-03-21","el-paso",3,"Flu ED visits pct","2026-04-11","quantile",0.25,0.940213728716365
"2026-03-21","austin",3,"Flu ED visits pct","2026-04-11","quantile",0.25,0.0459084569526654
"2026-03-21","dallas",3,"Flu ED visits pct","2026-04-11","quantile",0.25,0.149308793844073
"2026-03-21","texas",3,"Flu ED visits pct","2026-04-11","quantile",0.5,0.561611755284249
"2026-03-21","houston",3,"Flu ED visits pct","2026-04-11","quantile",0.5,0.411169985194316
"2026-03-21","san-antonio",3,"Flu ED visits pct","2026-04-11","quantile",0.5,0.27427853448269
"2026-03-21","beaumont",3,"Flu ED visits pct","2026-04-11","quantile",0.5,0.356478918413606
"2026-03-21","el-paso",3,"Flu ED visits pct","2026-04-11","quantile",0.5,1.94920338603551
"2026-03-21","austin",3,"Flu ED visits pct","2026-04-11","quantile",0.5,0.300893246702902
"2026-03-21","dallas",3,"Flu ED visits pct","2026-04-11","quantile",0.5,0.46119607253827
"2026-03-21","texas",3,"Flu ED visits pct","2026-04-11","quantile",0.75,0.936048597399265
"2026-03-21","houston",3,"Flu ED visits pct","2026-04-11","quantile",0.75,0.74694802131827
"2026-03-21","san-antonio",3,"Flu ED visits pct","2026-04-11","quantile",0.75,0.662627740889187
"2026-03-21","beaumont",3,"Flu ED visits pct","2026-04-11","quantile",0.75,1.04339296530836
"2026-03-21","el-paso",3,"Flu ED visits pct","2026-04-11","quantile",0.75,3.47134082019885
"2026-03-21","austin",3,"Flu ED visits pct","2026-04-11","quantile",0.75,0.642277176740233
"2026-03-21","dallas",3,"Flu ED visits pct","2026-04-11","quantile",0.75,0.887049783768732
"2026-03-21","texas",3,"Flu ED visits pct","2026-04-11","quantile",0.9,1.40437486734615
"2026-03-21","houston",3,"Flu ED visits pct","2026-04-11","quantile",0.9,1.10812798268924
"2026-03-21","san-antonio",3,"Flu ED visits pct","2026-04-11","quantile",0.9,1.1589290140248
"2026-03-21","beaumont",3,"Flu ED visits pct","2026-04-11","quantile",0.9,1.99546892529224
"2026-03-21","el-paso",3,"Flu ED visits pct","2026-04-11","quantile",0.9,5.27923756288717
"2026-03-21","austin",3,"Flu ED visits pct","2026-04-11","quantile",0.9,1.09122482406027
"2026-03-21","dallas",3,"Flu ED visits pct","2026-04-11","quantile",0.9,1.43204804626878
"2026-03-21","texas",3,"Flu ED visits pct","2026-04-11","quantile",0.95,1.71032810862659
"2026-03-21","houston",3,"Flu ED visits pct","2026-04-11","quantile",0.95,1.37693498084166
"2026-03-21","san-antonio",3,"Flu ED visits pct","2026-04-11","quantile",0.95,1.56367526800963
"2026-03-21","beaumont",3,"Flu ED visits pct","2026-04-11","quantile",0.95,2.72019330104027
"2026-03-21","el-paso",3,"Flu ED visits pct","2026-04-11","quantile",0.95,6.54144309534413
"2026-03-21","austin",3,"Flu ED visits pct","2026-04-11","quantile",0.95,1.43744560072684
"2026-03-21","dallas",3,"Flu ED visits pct","2026-04-11","quantile",0.95,1.7554600908853
"2026-03-21","texas",3,"Flu ED visits pct","2026-04-11","quantile",0.975,2.04271286404998
"2026-03-21","houston",3,"Flu ED visits pct","2026-04-11","quantile",0.975,1.63762751426284
"2026-03-21","san-antonio",3,"Flu ED visits pct","2026-04-11","quantile",0.975,1.94740396278439
"2026-03-21","beaumont",3,"Flu ED visits pct","2026-04-11","quantile",0.975,3.45600490781737
"2026-03-21","el-paso",3,"Flu ED visits pct","2026-04-11","quantile",0.975,7.70136008817715
"2026-03-21","austin",3,"Flu ED visits pct","2026-04-11","quantile",0.975,1.76257124599672
"2026-03-21","dallas",3,"Flu ED visits pct","2026-04-11","quantile",0.975,2.14529560988804
"2026-03-21","utah",0,"Flu ED visits pct","2026-03-21","quantile",0.025,0.158917168214338
"2026-03-21","provo",0,"Flu ED visits pct","2026-03-21","quantile",0.025,0
"2026-03-21","salt-lake-city",0,"Flu ED visits pct","2026-03-21","quantile",0.025,0.130493105217813
"2026-03-21","ogden",0,"Flu ED visits pct","2026-03-21","quantile",0.025,0.0730650868673169
"2026-03-21","utah",0,"Flu ED visits pct","2026-03-21","quantile",0.05,0.212952293120903
"2026-03-21","provo",0,"Flu ED visits pct","2026-03-21","quantile",0.05,0.0448400365952356
"2026-03-21","salt-lake-city",0,"Flu ED visits pct","2026-03-21","quantile",0.05,0.197859470119587
"2026-03-21","ogden",0,"Flu ED visits pct","2026-03-21","quantile",0.05,0.129518251478176
"2026-03-21","utah",0,"Flu ED visits pct","2026-03-21","quantile",0.1,0.281171220789741
"2026-03-21","provo",0,"Flu ED visits pct","2026-03-21","quantile",0.1,0.123016168257332
"2026-03-21","salt-lake-city",0,"Flu ED visits pct","2026-03-21","quantile",0.1,0.258801272279251
"2026-03-21","ogden",0,"Flu ED visits pct","2026-03-21","quantile",0.1,0.22667687547668
"2026-03-21","utah",0,"Flu ED visits pct","2026-03-21","quantile",0.25,0.398277130134205
"2026-03-21","provo",0,"Flu ED visits pct","2026-03-21","quantile",0.25,0.279460911988589
"2026-03-21","salt-lake-city",0,"Flu ED visits pct","2026-03-21","quantile",0.25,0.402856995598124
"2026-03-21","ogden",0,"Flu ED visits pct","2026-03-21","quantile",0.25,0.404961793454879
"2026-03-21","utah",0,"Flu ED visits pct","2026-03-21","quantile",0.5,0.556747467687491
"2026-03-21","provo",0,"Flu ED visits pct","2026-03-21","quantile",0.5,0.505983350551481
"2026-03-21","salt-lake-city",0,"Flu ED visits pct","2026-03-21","quantile",0.5,0.601136842192021
"2026-03-21","ogden",0,"Flu ED visits pct","2026-03-21","quantile",0.5,0.653390760366943
"2026-03-21","utah",0,"Flu ED visits pct","2026-03-21","quantile",0.75,0.736566339938647
"2026-03-21","provo",0,"Flu ED visits pct","2026-03-21","quantile",0.75,0.79056077832694
"2026-03-21","salt-lake-city",0,"Flu ED visits pct","2026-03-21","quantile",0.75,0.800333136885982
"2026-03-21","ogden",0,"Flu ED visits pct","2026-03-21","quantile",0.75,0.976421620467053
"2026-03-21","utah",0,"Flu ED visits pct","2026-03-21","quantile",0.9,0.921823138400773
"2026-03-21","provo",0,"Flu ED visits pct","2026-03-21","quantile",0.9,1.06698353161499
"2026-03-21","salt-lake-city",0,"Flu ED visits pct","2026-03-21","quantile",0.9,1.01565615781057
"2026-03-21","ogden",0,"Flu ED visits pct","2026-03-21","quantile",0.9,1.28705631403501
"2026-03-21","utah",0,"Flu ED visits pct","2026-03-21","quantile",0.95,1.03355782105475
"2026-03-21","provo",0,"Flu ED visits pct","2026-03-21","quantile",0.95,1.27637526144881
"2026-03-21","salt-lake-city",0,"Flu ED visits pct","2026-03-21","quantile",0.95,1.16159640320875
"2026-03-21","ogden",0,"Flu ED visits pct","2026-03-21","quantile",0.95,1.58703802329341
"2026-03-21","utah",0,"Flu ED visits pct","2026-03-21","quantile",0.975,1.15414385763527
"2026-03-21","provo",0,"Flu ED visits pct","2026-03-21","quantile",0.975,1.45834016117253
"2026-03-21","salt-lake-city",0,"Flu ED visits pct","2026-03-21","quantile",0.975,1.36070809079478
"2026-03-21","ogden",0,"Flu ED visits pct","2026-03-21","quantile",0.975,1.73776275485907
"2026-03-21","utah",1,"Flu ED visits pct","2026-03-28","quantile",0.025,0
"2026-03-21","provo",1,"Flu ED visits pct","2026-03-28","quantile",0.025,0
"2026-03-21","salt-lake-city",1,"Flu ED visits pct","2026-03-28","quantile",0.025,0
"2026-03-21","ogden",1,"Flu ED visits pct","2026-03-28","quantile",0.025,0
"2026-03-21","utah",1,"Flu ED visits pct","2026-03-28","quantile",0.05,0.0060936208109163
"2026-03-21","provo",1,"Flu ED visits pct","2026-03-28","quantile",0.05,0
"2026-03-21","salt-lake-city",1,"Flu ED visits pct","2026-03-28","quantile",0.05,0
"2026-03-21","ogden",1,"Flu ED visits pct","2026-03-28","quantile",0.05,0
"2026-03-21","utah",1,"Flu ED visits pct","2026-03-28","quantile",0.1,0.0794411327833154
"2026-03-21","provo",1,"Flu ED visits pct","2026-03-28","quantile",0.1,0
"2026-03-21","salt-lake-city",1,"Flu ED visits pct","2026-03-28","quantile",0.1,0.0678573507121439
"2026-03-21","ogden",1,"Flu ED visits pct","2026-03-28","quantile",0.1,0
"2026-03-21","utah",1,"Flu ED visits pct","2026-03-28","quantile",0.25,0.218604798245237
"2026-03-21","provo",1,"Flu ED visits pct","2026-03-28","quantile",0.25,0.14117731315557
"2026-03-21","salt-lake-city",1,"Flu ED visits pct","2026-03-28","quantile",0.25,0.222771181703629
"2026-03-21","ogden",1,"Flu ED visits pct","2026-03-28","quantile",0.25,0.179387948570367
"2026-03-21","utah",1,"Flu ED visits pct","2026-03-28","quantile",0.5,0.421851445490289
"2026-03-21","provo",1,"Flu ED visits pct","2026-03-28","quantile",0.5,0.407573683504717
"2026-03-21","salt-lake-city",1,"Flu ED visits pct","2026-03-28","quantile",0.5,0.462410209446533
"2026-03-21","ogden",1,"Flu ED visits pct","2026-03-28","quantile",0.5,0.486939092703759
"2026-03-21","utah",1,"Flu ED visits pct","2026-03-28","quantile",0.75,0.681713803786284
"2026-03-21","provo",1,"Flu ED visits pct","2026-03-28","quantile",0.75,0.843167782322064
"2026-03-21","salt-lake-city",1,"Flu ED visits pct","2026-03-28","quantile",0.75,0.763837902569229
"2026-03-21","ogden",1,"Flu ED visits pct","2026-03-28","quantile",0.75,0.934850173808593
"2026-03-21","utah",1,"Flu ED visits pct","2026-03-28","quantile",0.9,0.951106962814209
"2026-03-21","provo",1,"Flu ED visits pct","2026-03-28","quantile",0.9,1.35073746372553
"2026-03-21","salt-lake-city",1,"Flu ED visits pct","2026-03-28","quantile",0.9,1.09253142198116
"2026-03-21","ogden",1,"Flu ED visits pct","2026-03-28","quantile",0.9,1.4806248558688
"2026-03-21","utah",1,"Flu ED visits pct","2026-03-28","quantile",0.95,1.13492720266838
"2026-03-21","provo",1,"Flu ED visits pct","2026-03-28","quantile",0.95,1.7329359052667
"2026-03-21","salt-lake-city",1,"Flu ED visits pct","2026-03-28","quantile",0.95,1.33427029707732
"2026-03-21","ogden",1,"Flu ED visits pct","2026-03-28","quantile",0.95,1.90325265207285
"2026-03-21","utah",1,"Flu ED visits pct","2026-03-28","quantile",0.975,1.30723088719144
"2026-03-21","provo",1,"Flu ED visits pct","2026-03-28","quantile",0.975,2.06009414465026
"2026-03-21","salt-lake-city",1,"Flu ED visits pct","2026-03-28","quantile",0.975,1.53062009905669
"2026-03-21","ogden",1,"Flu ED visits pct","2026-03-28","quantile",0.975,2.46462523825766
"2026-03-21","utah",2,"Flu ED visits pct","2026-04-04","quantile",0.025,0
"2026-03-21","provo",2,"Flu ED visits pct","2026-04-04","quantile",0.025,0
"2026-03-21","salt-lake-city",2,"Flu ED visits pct","2026-04-04","quantile",0.025,0
"2026-03-21","ogden",2,"Flu ED visits pct","2026-04-04","quantile",0.025,0
"2026-03-21","utah",2,"Flu ED visits pct","2026-04-04","quantile",0.05,0
"2026-03-21","provo",2,"Flu ED visits pct","2026-04-04","quantile",0.05,0
"2026-03-21","salt-lake-city",2,"Flu ED visits pct","2026-04-04","quantile",0.05,0
"2026-03-21","ogden",2,"Flu ED visits pct","2026-04-04","quantile",0.05,0
"2026-03-21","utah",2,"Flu ED visits pct","2026-04-04","quantile",0.1,0
"2026-03-21","provo",2,"Flu ED visits pct","2026-04-04","quantile",0.1,0
"2026-03-21","salt-lake-city",2,"Flu ED visits pct","2026-04-04","quantile",0.1,0
"2026-03-21","ogden",2,"Flu ED visits pct","2026-04-04","quantile",0.1,0
"2026-03-21","utah",2,"Flu ED visits pct","2026-04-04","quantile",0.25,0.107322109322247
"2026-03-21","provo",2,"Flu ED visits pct","2026-04-04","quantile",0.25,0.0299648834614548
"2026-03-21","salt-lake-city",2,"Flu ED visits pct","2026-04-04","quantile",0.25,0.104365435929005
"2026-03-21","ogden",2,"Flu ED visits pct","2026-04-04","quantile",0.25,0.057209375041312
"2026-03-21","utah",2,"Flu ED visits pct","2026-04-04","quantile",0.5,0.336175774820554
"2026-03-21","provo",2,"Flu ED visits pct","2026-04-04","quantile",0.5,0.333284901855842
"2026-03-21","salt-lake-city",2,"Flu ED visits pct","2026-04-04","quantile",0.5,0.372055717013459
"2026-03-21","ogden",2,"Flu ED visits pct","2026-04-04","quantile",0.5,0.380525244767575
"2026-03-21","utah",2,"Flu ED visits pct","2026-04-04","quantile",0.75,0.624450144267266
"2026-03-21","provo",2,"Flu ED visits pct","2026-04-04","quantile",0.75,0.876074435060387
"2026-03-21","salt-lake-city",2,"Flu ED visits pct","2026-04-04","quantile",0.75,0.727372128756525
"2026-03-21","ogden",2,"Flu ED visits pct","2026-04-04","quantile",0.75,0.947908369474374
"2026-03-21","utah",2,"Flu ED visits pct","2026-04-04","quantile",0.9,0.984564295019529
"2026-03-21","provo",2,"Flu ED visits pct","2026-04-04","quantile",0.9,1.58724043393799
"2026-03-21","salt-lake-city",2,"Flu ED visits pct","2026-04-04","quantile",0.9,1.18924646274571
"2026-03-21","ogden",2,"Flu ED visits pct","2026-04-04","quantile",0.9,1.68070816904861
"2026-03-21","utah",2,"Flu ED visits pct","2026-04-04","quantile",0.95,1.20863360616312
"2026-03-21","provo",2,"Flu ED visits pct","2026-04-04","quantile",0.95,2.07739238794368
"2026-03-21","salt-lake-city",2,"Flu ED visits pct","2026-04-04","quantile",0.95,1.52317955536293
"2026-03-21","ogden",2,"Flu ED visits pct","2026-04-04","quantile",0.95,2.37917833836982
"2026-03-21","utah",2,"Flu ED visits pct","2026-04-04","quantile",0.975,1.4245351322716
"2026-03-21","provo",2,"Flu ED visits pct","2026-04-04","quantile",0.975,2.62067876994327
"2026-03-21","salt-lake-city",2,"Flu ED visits pct","2026-04-04","quantile",0.975,1.87529990915336
"2026-03-21","ogden",2,"Flu ED visits pct","2026-04-04","quantile",0.975,2.86884978615155
"2026-03-21","utah",3,"Flu ED visits pct","2026-04-11","quantile",0.025,0
"2026-03-21","provo",3,"Flu ED visits pct","2026-04-11","quantile",0.025,0
"2026-03-21","salt-lake-city",3,"Flu ED visits pct","2026-04-11","quantile",0.025,0
"2026-03-21","ogden",3,"Flu ED visits pct","2026-04-11","quantile",0.025,0
"2026-03-21","utah",3,"Flu ED visits pct","2026-04-11","quantile",0.05,0
"2026-03-21","provo",3,"Flu ED visits pct","2026-04-11","quantile",0.05,0
"2026-03-21","salt-lake-city",3,"Flu ED visits pct","2026-04-11","quantile",0.05,0
"2026-03-21","ogden",3,"Flu ED visits pct","2026-04-11","quantile",0.05,0
"2026-03-21","utah",3,"Flu ED visits pct","2026-04-11","quantile",0.1,0
"2026-03-21","provo",3,"Flu ED visits pct","2026-04-11","quantile",0.1,0
"2026-03-21","salt-lake-city",3,"Flu ED visits pct","2026-04-11","quantile",0.1,0
"2026-03-21","ogden",3,"Flu ED visits pct","2026-04-11","quantile",0.1,0
"2026-03-21","utah",3,"Flu ED visits pct","2026-04-11","quantile",0.25,0.026581032430926
"2026-03-21","provo",3,"Flu ED visits pct","2026-04-11","quantile",0.25,0
"2026-03-21","salt-lake-city",3,"Flu ED visits pct","2026-04-11","quantile",0.25,0.0224845779758104
"2026-03-21","ogden",3,"Flu ED visits pct","2026-04-11","quantile",0.25,0
"2026-03-21","utah",3,"Flu ED visits pct","2026-04-11","quantile",0.5,0.266625395386468
"2026-03-21","provo",3,"Flu ED visits pct","2026-04-11","quantile",0.5,0.294541541987409
"2026-03-21","salt-lake-city",3,"Flu ED visits pct","2026-04-11","quantile",0.5,0.316168737184263
"2026-03-21","ogden",3,"Flu ED visits pct","2026-04-11","quantile",0.5,0.295245724914461
"2026-03-21","utah",3,"Flu ED visits pct","2026-04-11","quantile",0.75,0.613043225825757
"2026-03-21","provo",3,"Flu ED visits pct","2026-04-11","quantile",0.75,0.94857371683978
"2026-03-21","salt-lake-city",3,"Flu ED visits pct","2026-04-11","quantile",0.75,0.710563935289114
"2026-03-21","ogden",3,"Flu ED visits pct","2026-04-11","quantile",0.75,0.923598609146831
"2026-03-21","utah",3,"Flu ED visits pct","2026-04-11","quantile",0.9,0.992504526325995
"2026-03-21","provo",3,"Flu ED visits pct","2026-04-11","quantile",0.9,1.86888691024992
"2026-03-21","salt-lake-city",3,"Flu ED visits pct","2026-04-11","quantile",0.9,1.22546858748081
"2026-03-21","ogden",3,"Flu ED visits pct","2026-04-11","quantile",0.9,1.80628078389819
"2026-03-21","utah",3,"Flu ED visits pct","2026-04-11","quantile",0.95,1.28567793333224
"2026-03-21","provo",3,"Flu ED visits pct","2026-04-11","quantile",0.95,2.6190421017328
"2026-03-21","salt-lake-city",3,"Flu ED visits pct","2026-04-11","quantile",0.95,1.59807349169947
"2026-03-21","ogden",3,"Flu ED visits pct","2026-04-11","quantile",0.95,2.69911440702513
"2026-03-21","utah",3,"Flu ED visits pct","2026-04-11","quantile",0.975,1.60236828723975
"2026-03-21","provo",3,"Flu ED visits pct","2026-04-11","quantile",0.975,3.2857638288572
"2026-03-21","salt-lake-city",3,"Flu ED visits pct","2026-04-11","quantile",0.975,2.01829057474759
"2026-03-21","ogden",3,"Flu ED visits pct","2026-04-11","quantile",0.975,3.54981119579191
"2026-03-21","virginia",0,"Flu ED visits pct","2026-03-21","quantile",0.025,0.897786506719936
"2026-03-21","roanoke",0,"Flu ED visits pct","2026-03-21","quantile",0.025,0.855230573761619
"2026-03-21","virginia",0,"Flu ED visits pct","2026-03-21","quantile",0.05,0.982079436385443
"2026-03-21","roanoke",0,"Flu ED visits pct","2026-03-21","quantile",0.05,0.972015067819102
"2026-03-21","virginia",0,"Flu ED visits pct","2026-03-21","quantile",0.1,1.09088214510299
"2026-03-21","roanoke",0,"Flu ED visits pct","2026-03-21","quantile",0.1,1.15126973706363
"2026-03-21","virginia",0,"Flu ED visits pct","2026-03-21","quantile",0.25,1.30348241670687
"2026-03-21","roanoke",0,"Flu ED visits pct","2026-03-21","quantile",0.25,1.47031588881041
"2026-03-21","virginia",0,"Flu ED visits pct","2026-03-21","quantile",0.5,1.55486067253062
"2026-03-21","roanoke",0,"Flu ED visits pct","2026-03-21","quantile",0.5,1.8442939961545
"2026-03-21","virginia",0,"Flu ED visits pct","2026-03-21","quantile",0.75,1.81668827812113
"2026-03-21","roanoke",0,"Flu ED visits pct","2026-03-21","quantile",0.75,2.29410204815163
"2026-03-21","virginia",0,"Flu ED visits pct","2026-03-21","quantile",0.9,2.14899366700392
"2026-03-21","roanoke",0,"Flu ED visits pct","2026-03-21","quantile",0.9,2.79317666980623
"2026-03-21","virginia",0,"Flu ED visits pct","2026-03-21","quantile",0.95,2.30791096661703
"2026-03-21","roanoke",0,"Flu ED visits pct","2026-03-21","quantile",0.95,3.08763469708097
"2026-03-21","virginia",0,"Flu ED visits pct","2026-03-21","quantile",0.975,2.45214923097161
"2026-03-21","roanoke",0,"Flu ED visits pct","2026-03-21","quantile",0.975,3.36692623171415
"2026-03-21","virginia",1,"Flu ED visits pct","2026-03-28","quantile",0.025,0.554861824471778
"2026-03-21","roanoke",1,"Flu ED visits pct","2026-03-28","quantile",0.025,0.404333001239211
"2026-03-21","virginia",1,"Flu ED visits pct","2026-03-28","quantile",0.05,0.685972059273382
"2026-03-21","roanoke",1,"Flu ED visits pct","2026-03-28","quantile",0.05,0.559735104433063
"2026-03-21","virginia",1,"Flu ED visits pct","2026-03-28","quantile",0.1,0.806949680984202
"2026-03-21","roanoke",1,"Flu ED visits pct","2026-03-28","quantile",0.1,0.753082558554557
"2026-03-21","virginia",1,"Flu ED visits pct","2026-03-28","quantile",0.25,1.07708208683744
"2026-03-21","roanoke",1,"Flu ED visits pct","2026-03-28","quantile",0.25,1.13776414291795
"2026-03-21","virginia",1,"Flu ED visits pct","2026-03-28","quantile",0.5,1.43800273522292
"2026-03-21","roanoke",1,"Flu ED visits pct","2026-03-28","quantile",0.5,1.67145969241911
"2026-03-21","virginia",1,"Flu ED visits pct","2026-03-28","quantile",0.75,1.83869856218373
"2026-03-21","roanoke",1,"Flu ED visits pct","2026-03-28","quantile",0.75,2.32469964174477
"2026-03-21","virginia",1,"Flu ED visits pct","2026-03-28","quantile",0.9,2.280109468129
"2026-03-21","roanoke",1,"Flu ED visits pct","2026-03-28","quantile",0.9,3.04948876900056
"2026-03-21","virginia",1,"Flu ED visits pct","2026-03-28","quantile",0.95,2.61768042256904
"2026-03-21","roanoke",1,"Flu ED visits pct","2026-03-28","quantile",0.95,3.60137959164975
"2026-03-21","virginia",1,"Flu ED visits pct","2026-03-28","quantile",0.975,2.87315160572232
"2026-03-21","roanoke",1,"Flu ED visits pct","2026-03-28","quantile",0.975,4.02478063325516
"2026-03-21","virginia",2,"Flu ED visits pct","2026-04-04","quantile",0.025,0.293980923324177
"2026-03-21","roanoke",2,"Flu ED visits pct","2026-04-04","quantile",0.025,0.129561206337378
"2026-03-21","virginia",2,"Flu ED visits pct","2026-04-04","quantile",0.05,0.41150603663341
"2026-03-21","roanoke",2,"Flu ED visits pct","2026-04-04","quantile",0.05,0.285587929048434
"2026-03-21","virginia",2,"Flu ED visits pct","2026-04-04","quantile",0.1,0.588942455511774
"2026-03-21","roanoke",2,"Flu ED visits pct","2026-04-04","quantile",0.1,0.487414354694234
"2026-03-21","virginia",2,"Flu ED visits pct","2026-04-04","quantile",0.25,0.897764900622794
"2026-03-21","roanoke",2,"Flu ED visits pct","2026-04-04","quantile",0.25,0.886425544287401
"2026-03-21","virginia",2,"Flu ED visits pct","2026-04-04","quantile",0.5,1.33349628139706
"2026-03-21","roanoke",2,"Flu ED visits pct","2026-04-04","quantile",0.5,1.51894613136238
"2026-03-21","virginia",2,"Flu ED visits pct","2026-04-04","quantile",0.75,1.83957163183635
"2026-03-21","roanoke",2,"Flu ED visits pct","2026-04-04","quantile",0.75,2.37346708166911
"2026-03-21","virginia",2,"Flu ED visits pct","2026-04-04","quantile",0.9,2.41117207134912
"2026-03-21","roanoke",2,"Flu ED visits pct","2026-04-04","quantile",0.9,3.3733486939532
"2026-03-21","virginia",2,"Flu ED visits pct","2026-04-04","quantile",0.95,2.79528651862499
"2026-03-21","roanoke",2,"Flu ED visits pct","2026-04-04","quantile",0.95,4.03148327615146
"2026-03-21","virginia",2,"Flu ED visits pct","2026-04-04","quantile",0.975,3.13920280909829
"2026-03-21","roanoke",2,"Flu ED visits pct","2026-04-04","quantile",0.975,4.62761621523365
"2026-03-21","virginia",3,"Flu ED visits pct","2026-04-11","quantile",0.025,0.118613839992608
"2026-03-21","roanoke",3,"Flu ED visits pct","2026-04-11","quantile",0.025,0
"2026-03-21","virginia",3,"Flu ED visits pct","2026-04-11","quantile",0.05,0.213369490669663
"2026-03-21","roanoke",3,"Flu ED visits pct","2026-04-11","quantile",0.05,0.0863420991348036
"2026-03-21","virginia",3,"Flu ED visits pct","2026-04-11","quantile",0.1,0.386194230856137
"2026-03-21","roanoke",3,"Flu ED visits pct","2026-04-11","quantile",0.1,0.263362364649404
"2026-03-21","virginia",3,"Flu ED visits pct","2026-04-11","quantile",0.25,0.746968936540544
"2026-03-21","roanoke",3,"Flu ED visits pct","2026-04-11","quantile",0.25,0.674595082096997
"2026-03-21","virginia",3,"Flu ED visits pct","2026-04-11","quantile",0.5,1.22379441018655
"2026-03-21","roanoke",3,"Flu ED visits pct","2026-04-11","quantile",0.5,1.39045559411356
"2026-03-21","virginia",3,"Flu ED visits pct","2026-04-11","quantile",0.75,1.83528253153242
"2026-03-21","roanoke",3,"Flu ED visits pct","2026-04-11","quantile",0.75,2.3660236461195
"2026-03-21","virginia",3,"Flu ED visits pct","2026-04-11","quantile",0.9,2.52121835209394
"2026-03-21","roanoke",3,"Flu ED visits pct","2026-04-11","quantile",0.9,3.51055564546975
"2026-03-21","virginia",3,"Flu ED visits pct","2026-04-11","quantile",0.95,3.01403189289719
"2026-03-21","roanoke",3,"Flu ED visits pct","2026-04-11","quantile",0.95,4.40313024804466
"2026-03-21","virginia",3,"Flu ED visits pct","2026-04-11","quantile",0.975,3.47676269892542
"2026-03-21","roanoke",3,"Flu ED visits pct","2026-04-11","quantile",0.975,5.0596764224847
