"reference_date","location","horizon","target","target_end_date","output_type","output_type_id","value"
"2026-02-21","colorado",0,"Flu ED visits pct","2026-02-21","quantile",0.025,0.801736269225292
"2026-02-21","denver",0,"Flu ED visits pct","2026-02-21","quantile",0.025,0.608258417705949
"2026-02-21","mesa",0,"Flu ED visits pct","2026-02-21","quantile",0.025,0
"2026-02-21","colorado-springs",0,"Flu ED visits pct","2026-02-21","quantile",0.025,0.718329013492263
"2026-02-21","weld",0,"Flu ED visits pct","2026-02-21","quantile",0.025,0.00749221032260228
"2026-02-21","boulder",0,"Flu ED visits pct","2026-02-21","quantile",0.025,1.03829133630542
"2026-02-21","larimer",0,"Flu ED visits pct","2026-02-21","quantile",0.025,0.42551613297947
"2026-02-21","colorado",0,"Flu ED visits pct","2026-02-21","quantile",0.05,0.873737712931612
"2026-02-21","denver",0,"Flu ED visits pct","2026-02-21","quantile",0.05,0.703269450007065
"2026-02-21","mesa",0,"Flu ED visits pct","2026-02-21","quantile",0.05,0.0171402792823948
"2026-02-21","colorado-springs",0,"Flu ED visits pct","2026-02-21","quantile",0.05,0.846154852983161
"2026-02-21","weld",0,"Flu ED visits pct","2026-02-21","quantile",0.05,0.117748442738329
"2026-02-21","boulder",0,"Flu ED visits pct","2026-02-21","quantile",0.05,1.3194613217065
"2026-02-21","larimer",0,"Flu ED visits pct","2026-02-21","quantile",0.05,0.563804467093579
"2026-02-21","colorado",0,"Flu ED visits pct","2026-02-21","quantile",0.1,0.984186167530728
"2026-02-21","denver",0,"Flu ED visits pct","2026-02-21","quantile",0.1,0.812256273169209
"2026-02-21","mesa",0,"Flu ED visits pct","2026-02-21","quantile",0.1,0.186777769205384
"2026-02-21","colorado-springs",0,"Flu ED visits pct","2026-02-21","quantile",0.1,1.00792440839262
"2026-02-21","weld",0,"Flu ED visits pct","2026-02-21","quantile",0.1,0.262191262817644
"2026-02-21","boulder",0,"Flu ED visits pct","2026-02-21","quantile",0.1,1.58604449636788
"2026-02-21","larimer",0,"Flu ED visits pct","2026-02-21","quantile",0.1,0.749165389818106
"2026-02-21","colorado",0,"Flu ED visits pct","2026-02-21","quantile",0.25,1.15540856358702
"2026-02-21","denver",0,"Flu ED visits pct","2026-02-21","quantile",0.25,0.983823825203965
"2026-02-21","mesa",0,"Flu ED visits pct","2026-02-21","quantile",0.25,0.551259347706289
"2026-02-21","colorado-springs",0,"Flu ED visits pct","2026-02-21","quantile",0.25,1.2865451999977
"2026-02-21","weld",0,"Flu ED visits pct","2026-02-21","quantile",0.25,0.533886393040271
"2026-02-21","boulder",0,"Flu ED visits pct","2026-02-21","quantile",0.25,2.20249382908857
"2026-02-21","larimer",0,"Flu ED visits pct","2026-02-21","quantile",0.25,1.08213756901847
"2026-02-21","colorado",0,"Flu ED visits pct","2026-02-21","quantile",0.5,1.37493155825718
"2026-02-21","denver",0,"Flu ED visits pct","2026-02-21","quantile",0.5,1.19917929442445
"2026-02-21","mesa",0,"Flu ED visits pct","2026-02-21","quantile",0.5,1.04793822305224
"2026-02-21","colorado-springs",0,"Flu ED visits pct","2026-02-21","quantile",0.5,1.64994878988006
"2026-02-21","weld",0,"Flu ED visits pct","2026-02-21","quantile",0.5,1.00629245016677
"2026-02-21","boulder",0,"Flu ED visits pct","2026-02-21","quantile",0.5,3.05116330537735
"2026-02-21","larimer",0,"Flu ED visits pct","2026-02-21","quantile",0.5,1.55157826971552
"2026-02-21","colorado",0,"Flu ED visits pct","2026-02-21","quantile",0.75,1.61376443757535
"2026-02-21","denver",0,"Flu ED visits pct","2026-02-21","quantile",0.75,1.44294990515349
"2026-02-21","mesa",0,"Flu ED visits pct","2026-02-21","quantile",0.75,1.78299985987933
"2026-02-21","colorado-springs",0,"Flu ED visits pct","2026-02-21","quantile",0.75,2.08482174532389
"2026-02-21","weld",0,"Flu ED visits pct","2026-02-21","quantile",0.75,1.65544853476294
"2026-02-21","boulder",0,"Flu ED visits pct","2026-02-21","quantile",0.75,4.15271748197296
"2026-02-21","larimer",0,"Flu ED visits pct","2026-02-21","quantile",0.75,2.12680730704
"2026-02-21","colorado",0,"Flu ED visits pct","2026-02-21","quantile",0.9,1.83293697247728
"2026-02-21","denver",0,"Flu ED visits pct","2026-02-21","quantile",0.9,1.6928584023096
"2026-02-21","mesa",0,"Flu ED visits pct","2026-02-21","quantile",0.9,2.6721911240109
"2026-02-21","colorado-springs",0,"Flu ED visits pct","2026-02-21","quantile",0.9,2.55367219573383
"2026-02-21","weld",0,"Flu ED visits pct","2026-02-21","quantile",0.9,2.44300661987185
"2026-02-21","boulder",0,"Flu ED visits pct","2026-02-21","quantile",0.9,5.17642108700253
"2026-02-21","larimer",0,"Flu ED visits pct","2026-02-21","quantile",0.9,2.69879124534274
"2026-02-21","colorado",0,"Flu ED visits pct","2026-02-21","quantile",0.95,1.9891466470889
"2026-02-21","denver",0,"Flu ED visits pct","2026-02-21","quantile",0.95,1.81109618313191
"2026-02-21","mesa",0,"Flu ED visits pct","2026-02-21","quantile",0.95,3.39671588990498
"2026-02-21","colorado-springs",0,"Flu ED visits pct","2026-02-21","quantile",0.95,2.87592218295837
"2026-02-21","weld",0,"Flu ED visits pct","2026-02-21","quantile",0.95,2.99647873995319
"2026-02-21","boulder",0,"Flu ED visits pct","2026-02-21","quantile",0.95,5.85614280407703
"2026-02-21","larimer",0,"Flu ED visits pct","2026-02-21","quantile",0.95,3.11484884427969
"2026-02-21","colorado",0,"Flu ED visits pct","2026-02-21","quantile",0.975,2.14592126449366
"2026-02-21","denver",0,"Flu ED visits pct","2026-02-21","quantile",0.975,1.9429266170865
"2026-02-21","mesa",0,"Flu ED visits pct","2026-02-21","quantile",0.975,4.03501473562484
"2026-02-21","colorado-springs",0,"Flu ED visits pct","2026-02-21","quantile",0.975,3.17869747797793
"2026-02-21","weld",0,"Flu ED visits pct","2026-02-21","quantile",0.975,3.55333825884184
"2026-02-21","boulder",0,"Flu ED visits pct","2026-02-21","quantile",0.975,6.64275382408875
"2026-02-21","larimer",0,"Flu ED visits pct","2026-02-21","quantile",0.975,3.49584501478103
"2026-02-21","colorado",1,"Flu ED visits pct","2026-02-28","quantile",0.025,0.50083708175832
"2026-02-21","denver",1,"Flu ED visits pct","2026-02-28","quantile",0.025,0.350616634800281
"2026-02-21","mesa",1,"Flu ED visits pct","2026-02-28","quantile",0.025,0
"2026-02-21","colorado-springs",1,"Flu ED visits pct","2026-02-28","quantile",0.025,0.295210969062448
"2026-02-21","weld",1,"Flu ED visits pct","2026-02-28","quantile",0.025,0
"2026-02-21","boulder",1,"Flu ED visits pct","2026-02-28","quantile",0.025,0.425843163705269
"2026-02-21","larimer",1,"Flu ED visits pct","2026-02-28","quantile",0.025,0.071815129719949
"2026-02-21","colorado",1,"Flu ED visits pct","2026-02-28","quantile",0.05,0.585607270714614
"2026-02-21","denver",1,"Flu ED visits pct","2026-02-28","quantile",0.05,0.457521291361537
"2026-02-21","mesa",1,"Flu ED visits pct","2026-02-28","quantile",0.05,0
"2026-02-21","colorado-springs",1,"Flu ED visits pct","2026-02-28","quantile",0.05,0.453347150480518
"2026-02-21","weld",1,"Flu ED visits pct","2026-02-28","quantile",0.05,0
"2026-02-21","boulder",1,"Flu ED visits pct","2026-02-28","quantile",0.05,0.605949076989316
"2026-02-21","larimer",1,"Flu ED visits pct","2026-02-28","quantile",0.05,0.220494741715155
"2026-02-21","colorado",1,"Flu ED visits pct","2026-02-28","quantile",0.1,0.704920477475109
"2026-02-21","denver",1,"Flu ED visits pct","2026-02-28","quantile",0.1,0.568328941823131
"2026-02-21","mesa",1,"Flu ED visits pct","2026-02-28","quantile",0.1,0
"2026-02-21","colorado-springs",1,"Flu ED visits pct","2026-02-28","quantile",0.1,0.652048084350762
"2026-02-21","weld",1,"Flu ED visits pct","2026-02-28","quantile",0.1,0
"2026-02-21","boulder",1,"Flu ED visits pct","2026-02-28","quantile",0.1,0.939095655130939
"2026-02-21","larimer",1,"Flu ED visits pct","2026-02-28","quantile",0.1,0.405451483936678
"2026-02-21","colorado",1,"Flu ED visits pct","2026-02-28","quantile",0.25,0.936487816638407
"2026-02-21","denver",1,"Flu ED visits pct","2026-02-28","quantile",0.25,0.806302859254608
"2026-02-21","mesa",1,"Flu ED visits pct","2026-02-28","quantile",0.25,0.221437407439347
"2026-02-21","colorado-springs",1,"Flu ED visits pct","2026-02-28","quantile",0.25,0.999032383833874
"2026-02-21","weld",1,"Flu ED visits pct","2026-02-28","quantile",0.25,0.256040618486871
"2026-02-21","boulder",1,"Flu ED visits pct","2026-02-28","quantile",0.25,1.70468012433712
"2026-02-21","larimer",1,"Flu ED visits pct","2026-02-28","quantile",0.25,0.811688700328702
"2026-02-21","colorado",1,"Flu ED visits pct","2026-02-28","quantile",0.5,1.23444473389146
"2026-02-21","denver",1,"Flu ED visits pct","2026-02-28","quantile",0.5,1.10569697878639
"2026-02-21","mesa",1,"Flu ED visits pct","2026-02-28","quantile",0.5,0.840319143137646
"2026-02-21","colorado-springs",1,"Flu ED visits pct","2026-02-28","quantile",0.5,1.49407760489663
"2026-02-21","weld",1,"Flu ED visits pct","2026-02-28","quantile",0.5,0.88822733757665
"2026-02-21","boulder",1,"Flu ED visits pct","2026-02-28","quantile",0.5,2.82701126564371
"2026-02-21","larimer",1,"Flu ED visits pct","2026-02-28","quantile",0.5,1.47561957046755
"2026-02-21","colorado",1,"Flu ED visits pct","2026-02-28","quantile",0.75,1.55998491916822
"2026-02-21","denver",1,"Flu ED visits pct","2026-02-28","quantile",0.75,1.45089100116653
"2026-02-21","mesa",1,"Flu ED visits pct","2026-02-28","quantile",0.75,1.87414327166628
"2026-02-21","colorado-springs",1,"Flu ED visits pct","2026-02-28","quantile",0.75,2.13244033339635
"2026-02-21","weld",1,"Flu ED visits pct","2026-02-28","quantile",0.75,1.82231753174936
"2026-02-21","boulder",1,"Flu ED visits pct","2026-02-28","quantile",0.75,4.40734628190274
"2026-02-21","larimer",1,"Flu ED visits pct","2026-02-28","quantile",0.75,2.27903544314318
"2026-02-21","colorado",1,"Flu ED visits pct","2026-02-28","quantile",0.9,1.9224797905984
"2026-02-21","denver",1,"Flu ED visits pct","2026-02-28","quantile",0.9,1.86368240850006
"2026-02-21","mesa",1,"Flu ED visits pct","2026-02-28","quantile",0.9,3.44238109736345
"2026-02-21","colorado-springs",1,"Flu ED visits pct","2026-02-28","quantile",0.9,2.79274992183277
"2026-02-21","weld",1,"Flu ED visits pct","2026-02-28","quantile",0.9,3.06568842063907
"2026-02-21","boulder",1,"Flu ED visits pct","2026-02-28","quantile",0.9,6.37600652642332
"2026-02-21","larimer",1,"Flu ED visits pct","2026-02-28","quantile",0.9,3.40474246799237
"2026-02-21","colorado",1,"Flu ED visits pct","2026-02-28","quantile",0.95,2.22133773919665
"2026-02-21","denver",1,"Flu ED visits pct","2026-02-28","quantile",0.95,2.09998840178715
"2026-02-21","mesa",1,"Flu ED visits pct","2026-02-28","quantile",0.95,4.90897029307637
"2026-02-21","colorado-springs",1,"Flu ED visits pct","2026-02-28","quantile",0.95,3.25774261889123
"2026-02-21","weld",1,"Flu ED visits pct","2026-02-28","quantile",0.95,4.06912042374946
"2026-02-21","boulder",1,"Flu ED visits pct","2026-02-28","quantile",0.95,7.82339756677358
"2026-02-21","larimer",1,"Flu ED visits pct","2026-02-28","quantile",0.95,4.25495609409993
"2026-02-21","colorado",1,"Flu ED visits pct","2026-02-28","quantile",0.975,2.41629024401163
"2026-02-21","denver",1,"Flu ED visits pct","2026-02-28","quantile",0.975,2.31897872051199
"2026-02-21","mesa",1,"Flu ED visits pct","2026-02-28","quantile",0.975,6.4763754391097
"2026-02-21","colorado-springs",1,"Flu ED visits pct","2026-02-28","quantile",0.975,3.85282215060076
"2026-02-21","weld",1,"Flu ED visits pct","2026-02-28","quantile",0.975,5.37727803690795
"2026-02-21","boulder",1,"Flu ED visits pct","2026-02-28","quantile",0.975,9.03052332440908
"2026-02-21","larimer",1,"Flu ED visits pct","2026-02-28","quantile",0.975,4.96043620056554
"2026-02-21","colorado",2,"Flu ED visits pct","2026-03-07","quantile",0.025,0.297816337370294
"2026-02-21","denver",2,"Flu ED visits pct","2026-03-07","quantile",0.025,0.175666957013215
"2026-02-21","mesa",2,"Flu ED visits pct","2026-03-07","quantile",0.025,0
"2026-02-21","colorado-springs",2,"Flu ED visits pct","2026-03-07","quantile",0.025,0.0668409732689981
"2026-02-21","weld",2,"Flu ED visits pct","2026-03-07","quantile",0.025,0
"2026-02-21","boulder",2,"Flu ED visits pct","2026-03-07","quantile",0.025,0.0785578588868925
"2026-02-21","larimer",2,"Flu ED visits pct","2026-03-07","quantile",0.025,0
"2026-02-21","colorado",2,"Flu ED visits pct","2026-03-07","quantile",0.05,0.36772342856181
"2026-02-21","denver",2,"Flu ED visits pct","2026-03-07","quantile",0.05,0.259774082983152
"2026-02-21","mesa",2,"Flu ED visits pct","2026-03-07","quantile",0.05,0
"2026-02-21","colorado-springs",2,"Flu ED visits pct","2026-03-07","quantile",0.05,0.21177581519926
"2026-02-21","weld",2,"Flu ED visits pct","2026-03-07","quantile",0.05,0
"2026-02-21","boulder",2,"Flu ED visits pct","2026-03-07","quantile",0.05,0.239490551330907
"2026-02-21","larimer",2,"Flu ED visits pct","2026-03-07","quantile",0.05,0
"2026-02-21","colorado",2,"Flu ED visits pct","2026-03-07","quantile",0.1,0.506059015976737
"2026-02-21","denver",2,"Flu ED visits pct","2026-03-07","quantile",0.1,0.380015457208574
"2026-02-21","mesa",2,"Flu ED visits pct","2026-03-07","quantile",0.1,0
"2026-02-21","colorado-springs",2,"Flu ED visits pct","2026-03-07","quantile",0.1,0.38692657089998
"2026-02-21","weld",2,"Flu ED visits pct","2026-03-07","quantile",0.1,0
"2026-02-21","boulder",2,"Flu ED visits pct","2026-03-07","quantile",0.1,0.559988157675927
"2026-02-21","larimer",2,"Flu ED visits pct","2026-03-07","quantile",0.1,0.14572321417239
"2026-02-21","colorado",2,"Flu ED visits pct","2026-03-07","quantile",0.25,0.759894760210753
"2026-02-21","denver",2,"Flu ED visits pct","2026-03-07","quantile",0.25,0.651446437944167
"2026-02-21","mesa",2,"Flu ED visits pct","2026-03-07","quantile",0.25,0
"2026-02-21","colorado-springs",2,"Flu ED visits pct","2026-03-07","quantile",0.25,0.757150243946141
"2026-02-21","weld",2,"Flu ED visits pct","2026-03-07","quantile",0.25,0.122934905791088
"2026-02-21","boulder",2,"Flu ED visits pct","2026-03-07","quantile",0.25,1.34947013967708
"2026-02-21","larimer",2,"Flu ED visits pct","2026-03-07","quantile",0.25,0.576358366793844
"2026-02-21","colorado",2,"Flu ED visits pct","2026-03-07","quantile",0.5,1.12259406489132
"2026-02-21","denver",2,"Flu ED visits pct","2026-03-07","quantile",0.5,1.02178478717613
"2026-02-21","mesa",2,"Flu ED visits pct","2026-03-07","quantile",0.5,0.634141975960922
"2026-02-21","colorado-springs",2,"Flu ED visits pct","2026-03-07","quantile",0.5,1.36744672553472
"2026-02-21","weld",2,"Flu ED visits pct","2026-03-07","quantile",0.5,0.793532798959843
"2026-02-21","boulder",2,"Flu ED visits pct","2026-03-07","quantile",0.5,2.61338624714654
"2026-02-21","larimer",2,"Flu ED visits pct","2026-03-07","quantile",0.5,1.32789605154214
"2026-02-21","colorado",2,"Flu ED visits pct","2026-03-07","quantile",0.75,1.53611366781375
"2026-02-21","denver",2,"Flu ED visits pct","2026-03-07","quantile",0.75,1.47860432511482
"2026-02-21","mesa",2,"Flu ED visits pct","2026-03-07","quantile",0.75,2.02659428380697
"2026-02-21","colorado-springs",2,"Flu ED visits pct","2026-03-07","quantile",0.75,2.18226085716357
"2026-02-21","weld",2,"Flu ED visits pct","2026-03-07","quantile",0.75,2.13314595850838
"2026-02-21","boulder",2,"Flu ED visits pct","2026-03-07","quantile",0.75,4.62158115412079
"2026-02-21","larimer",2,"Flu ED visits pct","2026-03-07","quantile",0.75,2.47046976409514
"2026-02-21","colorado",2,"Flu ED visits pct","2026-03-07","quantile",0.9,2.06100131695286
"2026-02-21","denver",2,"Flu ED visits pct","2026-03-07","quantile",0.9,1.97132743511431
"2026-02-21","mesa",2,"Flu ED visits pct","2026-03-07","quantile",0.9,4.7100382818375
"2026-02-21","colorado-springs",2,"Flu ED visits pct","2026-03-07","quantile",0.9,3.06923028300853
"2026-02-21","weld",2,"Flu ED visits pct","2026-03-07","quantile",0.9,4.28497767285894
"2026-02-21","boulder",2,"Flu ED visits pct","2026-03-07","quantile",0.9,7.36943600299574
"2026-02-21","larimer",2,"Flu ED visits pct","2026-03-07","quantile",0.9,4.02572142927654
"2026-02-21","colorado",2,"Flu ED visits pct","2026-03-07","quantile",0.95,2.35154140956058
"2026-02-21","denver",2,"Flu ED visits pct","2026-03-07","quantile",0.95,2.35703295530513
"2026-02-21","mesa",2,"Flu ED visits pct","2026-03-07","quantile",0.95,6.62646281824104
"2026-02-21","colorado-springs",2,"Flu ED visits pct","2026-03-07","quantile",0.95,3.74714982929127
"2026-02-21","weld",2,"Flu ED visits pct","2026-03-07","quantile",0.95,5.50858847688655
"2026-02-21","boulder",2,"Flu ED visits pct","2026-03-07","quantile",0.95,9.58387228199091
"2026-02-21","larimer",2,"Flu ED visits pct","2026-03-07","quantile",0.95,5.14552650427787
"2026-02-21","colorado",2,"Flu ED visits pct","2026-03-07","quantile",0.975,2.62574590857133
"2026-02-21","denver",2,"Flu ED visits pct","2026-03-07","quantile",0.975,2.67155511343224
"2026-02-21","mesa",2,"Flu ED visits pct","2026-03-07","quantile",0.975,8.70165057725879
"2026-02-21","colorado-springs",2,"Flu ED visits pct","2026-03-07","quantile",0.975,4.3826521825675
"2026-02-21","weld",2,"Flu ED visits pct","2026-03-07","quantile",0.975,6.98066354355501
"2026-02-21","boulder",2,"Flu ED visits pct","2026-03-07","quantile",0.975,10.9835425269946
"2026-02-21","larimer",2,"Flu ED visits pct","2026-03-07","quantile",0.975,6.2410418651406
"2026-02-21","colorado",3,"Flu ED visits pct","2026-03-14","quantile",0.025,0.135092320856202
"2026-02-21","denver",3,"Flu ED visits pct","2026-03-14","quantile",0.025,0.00707705608938602
"2026-02-21","mesa",3,"Flu ED visits pct","2026-03-14","quantile",0.025,0
"2026-02-21","colorado-springs",3,"Flu ED visits pct","2026-03-14","quantile",0.025,0
"2026-02-21","weld",3,"Flu ED visits pct","2026-03-14","quantile",0.025,0
"2026-02-21","boulder",3,"Flu ED visits pct","2026-03-14","quantile",0.025,0
"2026-02-21","larimer",3,"Flu ED visits pct","2026-03-14","quantile",0.025,0
"2026-02-21","colorado",3,"Flu ED visits pct","2026-03-14","quantile",0.05,0.21767811452532
"2026-02-21","denver",3,"Flu ED visits pct","2026-03-14","quantile",0.05,0.135413043220553
"2026-02-21","mesa",3,"Flu ED visits pct","2026-03-14","quantile",0.05,0
"2026-02-21","colorado-springs",3,"Flu ED visits pct","2026-03-14","quantile",0.05,0.0420520960591179
"2026-02-21","weld",3,"Flu ED visits pct","2026-03-14","quantile",0.05,0
"2026-02-21","boulder",3,"Flu ED visits pct","2026-03-14","quantile",0.05,0.020417146201448
"2026-02-21","larimer",3,"Flu ED visits pct","2026-03-14","quantile",0.05,0
"2026-02-21","colorado",3,"Flu ED visits pct","2026-03-14","quantile",0.1,0.358626858269366
"2026-02-21","denver",3,"Flu ED visits pct","2026-03-14","quantile",0.1,0.272204052265555
"2026-02-21","mesa",3,"Flu ED visits pct","2026-03-14","quantile",0.1,0
"2026-02-21","colorado-springs",3,"Flu ED visits pct","2026-03-14","quantile",0.1,0.202544308732665
"2026-02-21","weld",3,"Flu ED visits pct","2026-03-14","quantile",0.1,0
"2026-02-21","boulder",3,"Flu ED visits pct","2026-03-14","quantile",0.1,0.263691555772049
"2026-02-21","larimer",3,"Flu ED visits pct","2026-03-14","quantile",0.1,0.0248984081108682
"2026-02-21","colorado",3,"Flu ED visits pct","2026-03-14","quantile",0.25,0.627055883268707
"2026-02-21","denver",3,"Flu ED visits pct","2026-03-14","quantile",0.25,0.535696118987949
"2026-02-21","mesa",3,"Flu ED visits pct","2026-03-14","quantile",0.25,0
"2026-02-21","colorado-springs",3,"Flu ED visits pct","2026-03-14","quantile",0.25,0.584867851344524
"2026-02-21","weld",3,"Flu ED visits pct","2026-03-14","quantile",0.25,0.0524189011905526
"2026-02-21","boulder",3,"Flu ED visits pct","2026-03-14","quantile",0.25,1.01475989500937
"2026-02-21","larimer",3,"Flu ED visits pct","2026-03-14","quantile",0.25,0.408332474172419
"2026-02-21","colorado",3,"Flu ED visits pct","2026-03-14","quantile",0.5,1.03941994728478
"2026-02-21","denver",3,"Flu ED visits pct","2026-03-14","quantile",0.5,0.975147494229136
"2026-02-21","mesa",3,"Flu ED visits pct","2026-03-14","quantile",0.5,0.51049505357467
"2026-02-21","colorado-springs",3,"Flu ED visits pct","2026-03-14","quantile",0.5,1.26509085309995
"2026-02-21","weld",3,"Flu ED visits pct","2026-03-14","quantile",0.5,0.853581868033138
"2026-02-21","boulder",3,"Flu ED visits pct","2026-03-14","quantile",0.5,2.4444514659763
"2026-02-21","larimer",3,"Flu ED visits pct","2026-03-14","quantile",0.5,1.24841368325548
"2026-02-21","colorado",3,"Flu ED visits pct","2026-03-14","quantile",0.75,1.51615756431987
"2026-02-21","denver",3,"Flu ED visits pct","2026-03-14","quantile",0.75,1.53721141897377
"2026-02-21","mesa",3,"Flu ED visits pct","2026-03-14","quantile",0.75,2.19317556802951
"2026-02-21","colorado-springs",3,"Flu ED visits pct","2026-03-14","quantile",0.75,2.23485501841024
"2026-02-21","weld",3,"Flu ED visits pct","2026-03-14","quantile",0.75,2.45036939098643
"2026-02-21","boulder",3,"Flu ED visits pct","2026-03-14","quantile",0.75,4.84104297450085
"2026-02-21","larimer",3,"Flu ED visits pct","2026-03-14","quantile",0.75,2.60725984433738
"2026-02-21","colorado",3,"Flu ED visits pct","2026-03-14","quantile",0.9,2.12182412300935
"2026-02-21","denver",3,"Flu ED visits pct","2026-03-14","quantile",0.9,2.11698930032772
"2026-02-21","mesa",3,"Flu ED visits pct","2026-03-14","quantile",0.9,5.30952165565189
"2026-02-21","colorado-springs",3,"Flu ED visits pct","2026-03-14","quantile",0.9,3.47708909263707
"2026-02-21","weld",3,"Flu ED visits pct","2026-03-14","quantile",0.9,5.16758398740252
"2026-02-21","boulder",3,"Flu ED visits pct","2026-03-14","quantile",0.9,8.06033563598315
"2026-02-21","larimer",3,"Flu ED visits pct","2026-03-14","quantile",0.9,4.58475754656909
"2026-02-21","colorado",3,"Flu ED visits pct","2026-03-14","quantile",0.95,2.53727139256162
"2026-02-21","denver",3,"Flu ED visits pct","2026-03-14","quantile",0.95,2.61251863683211
"2026-02-21","mesa",3,"Flu ED visits pct","2026-03-14","quantile",0.95,8.28244604223058
"2026-02-21","colorado-springs",3,"Flu ED visits pct","2026-03-14","quantile",0.95,4.33819614807266
"2026-02-21","weld",3,"Flu ED visits pct","2026-03-14","quantile",0.95,7.93304230117522
"2026-02-21","boulder",3,"Flu ED visits pct","2026-03-14","quantile",0.95,10.4058946843576
"2026-02-21","larimer",3,"Flu ED visits pct","2026-03-14","quantile",0.95,6.18474990614829
"2026-02-21","colorado",3,"Flu ED visits pct","2026-03-14","quantile",0.975,2.8410249973978
"2026-02-21","denver",3,"Flu ED visits pct","2026-03-14","quantile",0.975,2.99517559373366
"2026-02-21","mesa",3,"Flu ED visits pct","2026-03-14","quantile",0.975,10.9647869578318
"2026-02-21","colorado-springs",3,"Flu ED visits pct","2026-03-14","quantile",0.975,5.20488958100495
"2026-02-21","weld",3,"Flu ED visits pct","2026-03-14","quantile",0.975,10.4629176194016
"2026-02-21","boulder",3,"Flu ED visits pct","2026-03-14","quantile",0.975,13.0120536360492
"2026-02-21","larimer",3,"Flu ED visits pct","2026-03-14","quantile",0.975,7.59671715465807
"2026-02-21","georgia",0,"Flu ED visits pct","2026-02-21","quantile",0.025,1.31036523760775
"2026-02-21","savannah",0,"Flu ED visits pct","2026-02-21","quantile",0.025,1.13881672000672
"2026-02-21","floyd",0,"Flu ED visits pct","2026-02-21","quantile",0.025,0.82622538412324
"2026-02-21","hall",0,"Flu ED visits pct","2026-02-21","quantile",0.025,0.333809008673879
"2026-02-21","marietta",0,"Flu ED visits pct","2026-02-21","quantile",0.025,0.979034535590952
"2026-02-21","macon",0,"Flu ED visits pct","2026-02-21","quantile",0.025,0.224090638288335
"2026-02-21","henry",0,"Flu ED visits pct","2026-02-21","quantile",0.025,0.345853741614838
"2026-02-21","cherokee",0,"Flu ED visits pct","2026-02-21","quantile",0.025,1.16722148932605
"2026-02-21","athens",0,"Flu ED visits pct","2026-02-21","quantile",0.025,0.533928894797429
"2026-02-21","south-augusta",0,"Flu ED visits pct","2026-02-21","quantile",0.025,0.864854014752571
"2026-02-21","columbus",0,"Flu ED visits pct","2026-02-21","quantile",0.025,0.853856404596343
"2026-02-21","la-grange",0,"Flu ED visits pct","2026-02-21","quantile",0.025,1.0229413333955
"2026-02-21","georgia",0,"Flu ED visits pct","2026-02-21","quantile",0.05,1.40340072223321
"2026-02-21","savannah",0,"Flu ED visits pct","2026-02-21","quantile",0.05,1.3719613334986
"2026-02-21","floyd",0,"Flu ED visits pct","2026-02-21","quantile",0.05,1.00615549976548
"2026-02-21","hall",0,"Flu ED visits pct","2026-02-21","quantile",0.05,0.435440879120438
"2026-02-21","marietta",0,"Flu ED visits pct","2026-02-21","quantile",0.05,1.14210908571302
"2026-02-21","macon",0,"Flu ED visits pct","2026-02-21","quantile",0.05,0.361669302198551
"2026-02-21","henry",0,"Flu ED visits pct","2026-02-21","quantile",0.05,0.480180843876839
"2026-02-21","cherokee",0,"Flu ED visits pct","2026-02-21","quantile",0.05,1.35550783747187
"2026-02-21","athens",0,"Flu ED visits pct","2026-02-21","quantile",0.05,0.678923951677703
"2026-02-21","south-augusta",0,"Flu ED visits pct","2026-02-21","quantile",0.05,1.08514135574828
"2026-02-21","columbus",0,"Flu ED visits pct","2026-02-21","quantile",0.05,1.10560557952418
"2026-02-21","la-grange",0,"Flu ED visits pct","2026-02-21","quantile",0.05,1.26097565358569
"2026-02-21","georgia",0,"Flu ED visits pct","2026-02-21","quantile",0.1,1.58543093420852
"2026-02-21","savannah",0,"Flu ED visits pct","2026-02-21","quantile",0.1,1.643248962657
"2026-02-21","floyd",0,"Flu ED visits pct","2026-02-21","quantile",0.1,1.29386142126585
"2026-02-21","hall",0,"Flu ED visits pct","2026-02-21","quantile",0.1,0.596707013915912
"2026-02-21","marietta",0,"Flu ED visits pct","2026-02-21","quantile",0.1,1.36097952114222
"2026-02-21","macon",0,"Flu ED visits pct","2026-02-21","quantile",0.1,0.528141379308695
"2026-02-21","henry",0,"Flu ED visits pct","2026-02-21","quantile",0.1,0.614340925659851
"2026-02-21","cherokee",0,"Flu ED visits pct","2026-02-21","quantile",0.1,1.70703489617215
"2026-02-21","athens",0,"Flu ED visits pct","2026-02-21","quantile",0.1,0.9116068155413
"2026-02-21","south-augusta",0,"Flu ED visits pct","2026-02-21","quantile",0.1,1.27402867221681
"2026-02-21","columbus",0,"Flu ED visits pct","2026-02-21","quantile",0.1,1.49381486109054
"2026-02-21","la-grange",0,"Flu ED visits pct","2026-02-21","quantile",0.1,1.57497461395991
"2026-02-21","georgia",0,"Flu ED visits pct","2026-02-21","quantile",0.25,1.89239695423697
"2026-02-21","savannah",0,"Flu ED visits pct","2026-02-21","quantile",0.25,2.11639158652889
"2026-02-21","floyd",0,"Flu ED visits pct","2026-02-21","quantile",0.25,1.79036729540515
"2026-02-21","hall",0,"Flu ED visits pct","2026-02-21","quantile",0.25,0.916129310040926
"2026-02-21","marietta",0,"Flu ED visits pct","2026-02-21","quantile",0.25,1.77705014703865
"2026-02-21","macon",0,"Flu ED visits pct","2026-02-21","quantile",0.25,0.860833495669058
"2026-02-21","henry",0,"Flu ED visits pct","2026-02-21","quantile",0.25,0.87361299638702
"2026-02-21","cherokee",0,"Flu ED visits pct","2026-02-21","quantile",0.25,2.30776799886708
"2026-02-21","athens",0,"Flu ED visits pct","2026-02-21","quantile",0.25,1.38894245669686
"2026-02-21","south-augusta",0,"Flu ED visits pct","2026-02-21","quantile",0.25,1.75767008980749
"2026-02-21","columbus",0,"Flu ED visits pct","2026-02-21","quantile",0.25,2.17155628327417
"2026-02-21","la-grange",0,"Flu ED visits pct","2026-02-21","quantile",0.25,2.1396291338418
"2026-02-21","georgia",0,"Flu ED visits pct","2026-02-21","quantile",0.5,2.24728762015619
"2026-02-21","savannah",0,"Flu ED visits pct","2026-02-21","quantile",0.5,2.78951992098448
"2026-02-21","floyd",0,"Flu ED visits pct","2026-02-21","quantile",0.5,2.51831023667135
"2026-02-21","hall",0,"Flu ED visits pct","2026-02-21","quantile",0.5,1.31824736695317
"2026-02-21","marietta",0,"Flu ED visits pct","2026-02-21","quantile",0.5,2.34657505804955
"2026-02-21","macon",0,"Flu ED visits pct","2026-02-21","quantile",0.5,1.34763924368698
"2026-02-21","henry",0,"Flu ED visits pct","2026-02-21","quantile",0.5,1.24601358738309
"2026-02-21","cherokee",0,"Flu ED visits pct","2026-02-21","quantile",0.5,3.14649712724624
"2026-02-21","athens",0,"Flu ED visits pct","2026-02-21","quantile",0.5,1.9920022723901
"2026-02-21","south-augusta",0,"Flu ED visits pct","2026-02-21","quantile",0.5,2.37202830447378
"2026-02-21","columbus",0,"Flu ED visits pct","2026-02-21","quantile",0.5,3.16972917108507
"2026-02-21","la-grange",0,"Flu ED visits pct","2026-02-21","quantile",0.5,2.86879466939299
"2026-02-21","georgia",0,"Flu ED visits pct","2026-02-21","quantile",0.75,2.65342586628478
"2026-02-21","savannah",0,"Flu ED visits pct","2026-02-21","quantile",0.75,3.57890370642554
"2026-02-21","floyd",0,"Flu ED visits pct","2026-02-21","quantile",0.75,3.41557289945278
"2026-02-21","hall",0,"Flu ED visits pct","2026-02-21","quantile",0.75,1.84728965276948
"2026-02-21","marietta",0,"Flu ED visits pct","2026-02-21","quantile",0.75,3.01783749831951
"2026-02-21","macon",0,"Flu ED visits pct","2026-02-21","quantile",0.75,1.97712403761204
"2026-02-21","henry",0,"Flu ED visits pct","2026-02-21","quantile",0.75,1.70434596655583
"2026-02-21","cherokee",0,"Flu ED visits pct","2026-02-21","quantile",0.75,4.0874547964979
"2026-02-21","athens",0,"Flu ED visits pct","2026-02-21","quantile",0.75,2.82395393355392
"2026-02-21","south-augusta",0,"Flu ED visits pct","2026-02-21","quantile",0.75,3.0812703277748
"2026-02-21","columbus",0,"Flu ED visits pct","2026-02-21","quantile",0.75,4.3220995018994
"2026-02-21","la-grange",0,"Flu ED visits pct","2026-02-21","quantile",0.75,3.87448340865451
"2026-02-21","georgia",0,"Flu ED visits pct","2026-02-21","quantile",0.9,3.06562117903884
"2026-02-21","savannah",0,"Flu ED visits pct","2026-02-21","quantile",0.9,4.46497588415887
"2026-02-21","floyd",0,"Flu ED visits pct","2026-02-21","quantile",0.9,4.27477267764282
"2026-02-21","hall",0,"Flu ED visits pct","2026-02-21","quantile",0.9,2.46583229792812
"2026-02-21","marietta",0,"Flu ED visits pct","2026-02-21","quantile",0.9,3.7253500125502
"2026-02-21","macon",0,"Flu ED visits pct","2026-02-21","quantile",0.9,2.67822422650547
"2026-02-21","henry",0,"Flu ED visits pct","2026-02-21","quantile",0.9,2.13587293343354
"2026-02-21","cherokee",0,"Flu ED visits pct","2026-02-21","quantile",0.9,5.06943028875668
"2026-02-21","athens",0,"Flu ED visits pct","2026-02-21","quantile",0.9,3.67422742581995
"2026-02-21","south-augusta",0,"Flu ED visits pct","2026-02-21","quantile",0.9,3.82017200672808
"2026-02-21","columbus",0,"Flu ED visits pct","2026-02-21","quantile",0.9,5.67368770203464
"2026-02-21","la-grange",0,"Flu ED visits pct","2026-02-21","quantile",0.9,4.97186801289534
"2026-02-21","georgia",0,"Flu ED visits pct","2026-02-21","quantile",0.95,3.27749337219499
"2026-02-21","savannah",0,"Flu ED visits pct","2026-02-21","quantile",0.95,4.99052439366727
"2026-02-21","floyd",0,"Flu ED visits pct","2026-02-21","quantile",0.95,4.83466508239913
"2026-02-21","hall",0,"Flu ED visits pct","2026-02-21","quantile",0.95,2.946093852094
"2026-02-21","marietta",0,"Flu ED visits pct","2026-02-21","quantile",0.95,4.25759272861573
"2026-02-21","macon",0,"Flu ED visits pct","2026-02-21","quantile",0.95,3.16620703943786
"2026-02-21","henry",0,"Flu ED visits pct","2026-02-21","quantile",0.95,2.49852391454677
"2026-02-21","cherokee",0,"Flu ED visits pct","2026-02-21","quantile",0.95,5.84541068930474
"2026-02-21","athens",0,"Flu ED visits pct","2026-02-21","quantile",0.95,4.28244552717011
"2026-02-21","south-augusta",0,"Flu ED visits pct","2026-02-21","quantile",0.95,4.4391838710703
"2026-02-21","columbus",0,"Flu ED visits pct","2026-02-21","quantile",0.95,6.6387053759567
"2026-02-21","la-grange",0,"Flu ED visits pct","2026-02-21","quantile",0.95,5.63136823999362
"2026-02-21","georgia",0,"Flu ED visits pct","2026-02-21","quantile",0.975,3.4879424781126
"2026-02-21","savannah",0,"Flu ED visits pct","2026-02-21","quantile",0.975,5.43599347202609
"2026-02-21","floyd",0,"Flu ED visits pct","2026-02-21","quantile",0.975,5.42236659457468
"2026-02-21","hall",0,"Flu ED visits pct","2026-02-21","quantile",0.975,3.23744284286704
"2026-02-21","marietta",0,"Flu ED visits pct","2026-02-21","quantile",0.975,4.63336756610507
"2026-02-21","macon",0,"Flu ED visits pct","2026-02-21","quantile",0.975,3.54357605889842
"2026-02-21","henry",0,"Flu ED visits pct","2026-02-21","quantile",0.975,2.8488532145043
"2026-02-21","cherokee",0,"Flu ED visits pct","2026-02-21","quantile",0.975,6.56958449546884
"2026-02-21","athens",0,"Flu ED visits pct","2026-02-21","quantile",0.975,4.84700278036478
"2026-02-21","south-augusta",0,"Flu ED visits pct","2026-02-21","quantile",0.975,4.85554094724132
"2026-02-21","columbus",0,"Flu ED visits pct","2026-02-21","quantile",0.975,7.5241114550916
"2026-02-21","la-grange",0,"Flu ED visits pct","2026-02-21","quantile",0.975,6.28157862252411
"2026-02-21","georgia",1,"Flu ED visits pct","2026-02-28","quantile",0.025,0.877579351560535
"2026-02-21","savannah",1,"Flu ED visits pct","2026-02-28","quantile",0.025,0.536614872874571
"2026-02-21","floyd",1,"Flu ED visits pct","2026-02-28","quantile",0.025,0.30468523216188
"2026-02-21","hall",1,"Flu ED visits pct","2026-02-28","quantile",0.025,0.040747988360664
"2026-02-21","marietta",1,"Flu ED visits pct","2026-02-28","quantile",0.025,0.466800493461758
"2026-02-21","macon",1,"Flu ED visits pct","2026-02-28","quantile",0.025,0
"2026-02-21","henry",1,"Flu ED visits pct","2026-02-28","quantile",0.025,0.0798697605852163
"2026-02-21","cherokee",1,"Flu ED visits pct","2026-02-28","quantile",0.025,0.62013409093215
"2026-02-21","athens",1,"Flu ED visits pct","2026-02-28","quantile",0.025,0.13143650002962
"2026-02-21","south-augusta",1,"Flu ED visits pct","2026-02-28","quantile",0.025,0.300525977247883
"2026-02-21","columbus",1,"Flu ED visits pct","2026-02-28","quantile",0.025,0.189892423885895
"2026-02-21","la-grange",1,"Flu ED visits pct","2026-02-28","quantile",0.025,0.44761568228868
"2026-02-21","georgia",1,"Flu ED visits pct","2026-02-28","quantile",0.05,1.04435801471224
"2026-02-21","savannah",1,"Flu ED visits pct","2026-02-28","quantile",0.05,0.754081765332457
"2026-02-21","floyd",1,"Flu ED visits pct","2026-02-28","quantile",0.05,0.4835698388793
"2026-02-21","hall",1,"Flu ED visits pct","2026-02-28","quantile",0.05,0.147289343557156
"2026-02-21","marietta",1,"Flu ED visits pct","2026-02-28","quantile",0.05,0.672475409911196
"2026-02-21","macon",1,"Flu ED visits pct","2026-02-28","quantile",0.05,0.0330471494559944
"2026-02-21","henry",1,"Flu ED visits pct","2026-02-28","quantile",0.05,0.175101570452284
"2026-02-21","cherokee",1,"Flu ED visits pct","2026-02-28","quantile",0.05,0.908805459165919
"2026-02-21","athens",1,"Flu ED visits pct","2026-02-28","quantile",0.05,0.27261982162369
"2026-02-21","south-augusta",1,"Flu ED visits pct","2026-02-28","quantile",0.05,0.511176804296681
"2026-02-21","columbus",1,"Flu ED visits pct","2026-02-28","quantile",0.05,0.351070551781444
"2026-02-21","la-grange",1,"Flu ED visits pct","2026-02-28","quantile",0.05,0.68559021539488
"2026-02-21","georgia",1,"Flu ED visits pct","2026-02-28","quantile",0.1,1.24537515451473
"2026-02-21","savannah",1,"Flu ED visits pct","2026-02-28","quantile",0.1,1.05969842206848
"2026-02-21","floyd",1,"Flu ED visits pct","2026-02-28","quantile",0.1,0.774329242152124
"2026-02-21","hall",1,"Flu ED visits pct","2026-02-28","quantile",0.1,0.31043560374574
"2026-02-21","marietta",1,"Flu ED visits pct","2026-02-28","quantile",0.1,0.950522170419665
"2026-02-21","macon",1,"Flu ED visits pct","2026-02-28","quantile",0.1,0.210561643807378
"2026-02-21","henry",1,"Flu ED visits pct","2026-02-28","quantile",0.1,0.332681175806688
"2026-02-21","cherokee",1,"Flu ED visits pct","2026-02-28","quantile",0.1,1.26356811434541
"2026-02-21","athens",1,"Flu ED visits pct","2026-02-28","quantile",0.1,0.513947876771198
"2026-02-21","south-augusta",1,"Flu ED visits pct","2026-02-28","quantile",0.1,0.754589183805638
"2026-02-21","columbus",1,"Flu ED visits pct","2026-02-28","quantile",0.1,0.683345661528865
"2026-02-21","la-grange",1,"Flu ED visits pct","2026-02-28","quantile",0.1,1.02326388600154
"2026-02-21","georgia",1,"Flu ED visits pct","2026-02-28","quantile",0.25,1.64573653924913
"2026-02-21","savannah",1,"Flu ED visits pct","2026-02-28","quantile",0.25,1.65274620645491
"2026-02-21","floyd",1,"Flu ED visits pct","2026-02-28","quantile",0.25,1.44697244828692
"2026-02-21","hall",1,"Flu ED visits pct","2026-02-28","quantile",0.25,0.718236891367777
"2026-02-21","marietta",1,"Flu ED visits pct","2026-02-28","quantile",0.25,1.51409003078684
"2026-02-21","macon",1,"Flu ED visits pct","2026-02-28","quantile",0.25,0.566371863131611
"2026-02-21","henry",1,"Flu ED visits pct","2026-02-28","quantile",0.25,0.723952600678397
"2026-02-21","cherokee",1,"Flu ED visits pct","2026-02-28","quantile",0.25,1.95048883846069
"2026-02-21","athens",1,"Flu ED visits pct","2026-02-28","quantile",0.25,1.08266422781832
"2026-02-21","south-augusta",1,"Flu ED visits pct","2026-02-28","quantile",0.25,1.33259410184051
"2026-02-21","columbus",1,"Flu ED visits pct","2026-02-28","quantile",0.25,1.38526780359782
"2026-02-21","la-grange",1,"Flu ED visits pct","2026-02-28","quantile",0.25,1.75041254094911
"2026-02-21","georgia",1,"Flu ED visits pct","2026-02-28","quantile",0.5,2.17204086230658
"2026-02-21","savannah",1,"Flu ED visits pct","2026-02-28","quantile",0.5,2.57072606034676
"2026-02-21","floyd",1,"Flu ED visits pct","2026-02-28","quantile",0.5,2.43548626617917
"2026-02-21","hall",1,"Flu ED visits pct","2026-02-28","quantile",0.5,1.31365842681075
"2026-02-21","marietta",1,"Flu ED visits pct","2026-02-28","quantile",0.5,2.35932970014489
"2026-02-21","macon",1,"Flu ED visits pct","2026-02-28","quantile",0.5,1.21047047237034
"2026-02-21","henry",1,"Flu ED visits pct","2026-02-28","quantile",0.5,1.20626579200464
"2026-02-21","cherokee",1,"Flu ED visits pct","2026-02-28","quantile",0.5,3.088749273828
"2026-02-21","athens",1,"Flu ED visits pct","2026-02-28","quantile",0.5,1.98886759146716
"2026-02-21","south-augusta",1,"Flu ED visits pct","2026-02-28","quantile",0.5,2.2376627494188
"2026-02-21","columbus",1,"Flu ED visits pct","2026-02-28","quantile",0.5,2.65203180803331
"2026-02-21","la-grange",1,"Flu ED visits pct","2026-02-28","quantile",0.5,2.89042624441439
"2026-02-21","georgia",1,"Flu ED visits pct","2026-02-28","quantile",0.75,2.77707809581828
"2026-02-21","savannah",1,"Flu ED visits pct","2026-02-28","quantile",0.75,3.64684457440759
"2026-02-21","floyd",1,"Flu ED visits pct","2026-02-28","quantile",0.75,3.79607975043247
"2026-02-21","hall",1,"Flu ED visits pct","2026-02-28","quantile",0.75,2.08700875027827
"2026-02-21","marietta",1,"Flu ED visits pct","2026-02-28","quantile",0.75,3.39093610519346
"2026-02-21","macon",1,"Flu ED visits pct","2026-02-28","quantile",0.75,2.11910804234166
"2026-02-21","henry",1,"Flu ED visits pct","2026-02-28","quantile",0.75,1.94950688126352
"2026-02-21","cherokee",1,"Flu ED visits pct","2026-02-28","quantile",0.75,4.68894976012336
"2026-02-21","athens",1,"Flu ED visits pct","2026-02-28","quantile",0.75,3.31346697770421
"2026-02-21","south-augusta",1,"Flu ED visits pct","2026-02-28","quantile",0.75,3.27869270056527
"2026-02-21","columbus",1,"Flu ED visits pct","2026-02-28","quantile",0.75,4.49685712621828
"2026-02-21","la-grange",1,"Flu ED visits pct","2026-02-28","quantile",0.75,4.43590881454254
"2026-02-21","georgia",1,"Flu ED visits pct","2026-02-28","quantile",0.9,3.41492748082006
"2026-02-21","savannah",1,"Flu ED visits pct","2026-02-28","quantile",0.9,4.95734832079726
"2026-02-21","floyd",1,"Flu ED visits pct","2026-02-28","quantile",0.9,5.42911466433233
"2026-02-21","hall",1,"Flu ED visits pct","2026-02-28","quantile",0.9,3.02786346325615
"2026-02-21","marietta",1,"Flu ED visits pct","2026-02-28","quantile",0.9,4.69456853646152
"2026-02-21","macon",1,"Flu ED visits pct","2026-02-28","quantile",0.9,3.33087528577354
"2026-02-21","henry",1,"Flu ED visits pct","2026-02-28","quantile",0.9,2.79143360161668
"2026-02-21","cherokee",1,"Flu ED visits pct","2026-02-28","quantile",0.9,6.57595283310366
"2026-02-21","athens",1,"Flu ED visits pct","2026-02-28","quantile",0.9,4.71685240782138
"2026-02-21","south-augusta",1,"Flu ED visits pct","2026-02-28","quantile",0.9,4.60995249781791
"2026-02-21","columbus",1,"Flu ED visits pct","2026-02-28","quantile",0.9,6.8125964758189
"2026-02-21","la-grange",1,"Flu ED visits pct","2026-02-28","quantile",0.9,6.30172818615041
"2026-02-21","georgia",1,"Flu ED visits pct","2026-02-28","quantile",0.95,3.88982287121902
"2026-02-21","savannah",1,"Flu ED visits pct","2026-02-28","quantile",0.95,5.93894295103302
"2026-02-21","floyd",1,"Flu ED visits pct","2026-02-28","quantile",0.95,6.70352540625399
"2026-02-21","hall",1,"Flu ED visits pct","2026-02-28","quantile",0.95,3.80417156262965
"2026-02-21","marietta",1,"Flu ED visits pct","2026-02-28","quantile",0.95,5.60282207845897
"2026-02-21","macon",1,"Flu ED visits pct","2026-02-28","quantile",0.95,4.1914931265574
"2026-02-21","henry",1,"Flu ED visits pct","2026-02-28","quantile",0.95,3.38551900628203
"2026-02-21","cherokee",1,"Flu ED visits pct","2026-02-28","quantile",0.95,7.70002060882002
"2026-02-21","athens",1,"Flu ED visits pct","2026-02-28","quantile",0.95,5.955224042746
"2026-02-21","south-augusta",1,"Flu ED visits pct","2026-02-28","quantile",0.95,5.7576705231772
"2026-02-21","columbus",1,"Flu ED visits pct","2026-02-28","quantile",0.95,8.37986807199192
"2026-02-21","la-grange",1,"Flu ED visits pct","2026-02-28","quantile",0.95,7.52985995110274
"2026-02-21","georgia",1,"Flu ED visits pct","2026-02-28","quantile",0.975,4.37364082597658
"2026-02-21","savannah",1,"Flu ED visits pct","2026-02-28","quantile",0.975,6.7107623883898
"2026-02-21","floyd",1,"Flu ED visits pct","2026-02-28","quantile",0.975,7.70024399470808
"2026-02-21","hall",1,"Flu ED visits pct","2026-02-28","quantile",0.975,4.68022477689688
"2026-02-21","marietta",1,"Flu ED visits pct","2026-02-28","quantile",0.975,6.62280835875724
"2026-02-21","macon",1,"Flu ED visits pct","2026-02-28","quantile",0.975,4.91455013648709
"2026-02-21","henry",1,"Flu ED visits pct","2026-02-28","quantile",0.975,4.03234682780405
"2026-02-21","cherokee",1,"Flu ED visits pct","2026-02-28","quantile",0.975,9.16337100619281
"2026-02-21","athens",1,"Flu ED visits pct","2026-02-28","quantile",0.975,6.76825943622235
"2026-02-21","south-augusta",1,"Flu ED visits pct","2026-02-28","quantile",0.975,6.82761809473413
"2026-02-21","columbus",1,"Flu ED visits pct","2026-02-28","quantile",0.975,10.342816127365
"2026-02-21","la-grange",1,"Flu ED visits pct","2026-02-28","quantile",0.975,8.975512939612
"2026-02-21","georgia",2,"Flu ED visits pct","2026-03-07","quantile",0.025,0.495101094711912
"2026-02-21","savannah",2,"Flu ED visits pct","2026-03-07","quantile",0.025,0.107935015240288
"2026-02-21","floyd",2,"Flu ED visits pct","2026-03-07","quantile",0.025,0.0327455393756848
"2026-02-21","hall",2,"Flu ED visits pct","2026-03-07","quantile",0.025,0
"2026-02-21","marietta",2,"Flu ED visits pct","2026-03-07","quantile",0.025,0.162019377503936
"2026-02-21","macon",2,"Flu ED visits pct","2026-03-07","quantile",0.025,0
"2026-02-21","henry",2,"Flu ED visits pct","2026-03-07","quantile",0.025,0
"2026-02-21","cherokee",2,"Flu ED visits pct","2026-03-07","quantile",0.025,0.274296541673094
"2026-02-21","athens",2,"Flu ED visits pct","2026-03-07","quantile",0.025,0
"2026-02-21","south-augusta",2,"Flu ED visits pct","2026-03-07","quantile",0.025,0
"2026-02-21","columbus",2,"Flu ED visits pct","2026-03-07","quantile",0.025,0
"2026-02-21","la-grange",2,"Flu ED visits pct","2026-03-07","quantile",0.025,0.0848780019627101
"2026-02-21","georgia",2,"Flu ED visits pct","2026-03-07","quantile",0.05,0.690858778410719
"2026-02-21","savannah",2,"Flu ED visits pct","2026-03-07","quantile",0.05,0.291500109508659
"2026-02-21","floyd",2,"Flu ED visits pct","2026-03-07","quantile",0.05,0.21773959201191
"2026-02-21","hall",2,"Flu ED visits pct","2026-03-07","quantile",0.05,0
"2026-02-21","marietta",2,"Flu ED visits pct","2026-03-07","quantile",0.05,0.348811700957092
"2026-02-21","macon",2,"Flu ED visits pct","2026-03-07","quantile",0.05,0
"2026-02-21","henry",2,"Flu ED visits pct","2026-03-07","quantile",0.05,0
"2026-02-21","cherokee",2,"Flu ED visits pct","2026-03-07","quantile",0.05,0.4763543998975
"2026-02-21","athens",2,"Flu ED visits pct","2026-03-07","quantile",0.05,0.0179592105109237
"2026-02-21","south-augusta",2,"Flu ED visits pct","2026-03-07","quantile",0.05,0.110204221159583
"2026-02-21","columbus",2,"Flu ED visits pct","2026-03-07","quantile",0.05,0.00730008853288405
"2026-02-21","la-grange",2,"Flu ED visits pct","2026-03-07","quantile",0.05,0.332373482935042
"2026-02-21","georgia",2,"Flu ED visits pct","2026-03-07","quantile",0.1,0.959772109175491
"2026-02-21","savannah",2,"Flu ED visits pct","2026-03-07","quantile",0.1,0.604661754104783
"2026-02-21","floyd",2,"Flu ED visits pct","2026-03-07","quantile",0.1,0.510233778824252
"2026-02-21","hall",2,"Flu ED visits pct","2026-03-07","quantile",0.1,0.108458645233064
"2026-02-21","marietta",2,"Flu ED visits pct","2026-03-07","quantile",0.1,0.628554474062148
"2026-02-21","macon",2,"Flu ED visits pct","2026-03-07","quantile",0.1,0
"2026-02-21","henry",2,"Flu ED visits pct","2026-03-07","quantile",0.1,0.171738008032654
"2026-02-21","cherokee",2,"Flu ED visits pct","2026-03-07","quantile",0.1,0.788804207112054
"2026-02-21","athens",2,"Flu ED visits pct","2026-03-07","quantile",0.1,0.247977855041183
"2026-02-21","south-augusta",2,"Flu ED visits pct","2026-03-07","quantile",0.1,0.374614831416147
"2026-02-21","columbus",2,"Flu ED visits pct","2026-03-07","quantile",0.1,0.236718378404368
"2026-02-21","la-grange",2,"Flu ED visits pct","2026-03-07","quantile",0.1,0.595272181318597
"2026-02-21","georgia",2,"Flu ED visits pct","2026-03-07","quantile",0.25,1.41981254832814
"2026-02-21","savannah",2,"Flu ED visits pct","2026-03-07","quantile",0.25,1.20251515412547
"2026-02-21","floyd",2,"Flu ED visits pct","2026-03-07","quantile",0.25,1.15871122337526
"2026-02-21","hall",2,"Flu ED visits pct","2026-03-07","quantile",0.25,0.540609827613714
"2026-02-21","marietta",2,"Flu ED visits pct","2026-03-07","quantile",0.25,1.28467622463972
"2026-02-21","macon",2,"Flu ED visits pct","2026-03-07","quantile",0.25,0.379421564084523
"2026-02-21","henry",2,"Flu ED visits pct","2026-03-07","quantile",0.25,0.539552142365522
"2026-02-21","cherokee",2,"Flu ED visits pct","2026-03-07","quantile",0.25,1.61983359978001
"2026-02-21","athens",2,"Flu ED visits pct","2026-03-07","quantile",0.25,0.792548291041338
"2026-02-21","south-augusta",2,"Flu ED visits pct","2026-03-07","quantile",0.25,0.98407966416669
"2026-02-21","columbus",2,"Flu ED visits pct","2026-03-07","quantile",0.25,0.915231497273656
"2026-02-21","la-grange",2,"Flu ED visits pct","2026-03-07","quantile",0.25,1.37509810896126
"2026-02-21","georgia",2,"Flu ED visits pct","2026-03-07","quantile",0.5,2.02243503013379
"2026-02-21","savannah",2,"Flu ED visits pct","2026-03-07","quantile",0.5,2.15021967179457
"2026-02-21","floyd",2,"Flu ED visits pct","2026-03-07","quantile",0.5,2.29471298402332
"2026-02-21","hall",2,"Flu ED visits pct","2026-03-07","quantile",0.5,1.25466558676992
"2026-02-21","marietta",2,"Flu ED visits pct","2026-03-07","quantile",0.5,2.31035033413448
"2026-02-21","macon",2,"Flu ED visits pct","2026-03-07","quantile",0.5,1.07188121426158
"2026-02-21","henry",2,"Flu ED visits pct","2026-03-07","quantile",0.5,1.16966191688525
"2026-02-21","cherokee",2,"Flu ED visits pct","2026-03-07","quantile",0.5,3.09637818502734
"2026-02-21","athens",2,"Flu ED visits pct","2026-03-07","quantile",0.5,1.8498196937357
"2026-02-21","south-augusta",2,"Flu ED visits pct","2026-03-07","quantile",0.5,1.97509860766579
"2026-02-21","columbus",2,"Flu ED visits pct","2026-03-07","quantile",0.5,2.13538457155171
"2026-02-21","la-grange",2,"Flu ED visits pct","2026-03-07","quantile",0.5,2.71305374781411
"2026-02-21","georgia",2,"Flu ED visits pct","2026-03-07","quantile",0.75,2.79119281388732
"2026-02-21","savannah",2,"Flu ED visits pct","2026-03-07","quantile",0.75,3.61550396668757
"2026-02-21","floyd",2,"Flu ED visits pct","2026-03-07","quantile",0.75,4.10624844349357
"2026-02-21","hall",2,"Flu ED visits pct","2026-03-07","quantile",0.75,2.21626459876537
"2026-02-21","marietta",2,"Flu ED visits pct","2026-03-07","quantile",0.75,3.69834337850145
"2026-02-21","macon",2,"Flu ED visits pct","2026-03-07","quantile",0.75,2.19178587383347
"2026-02-21","henry",2,"Flu ED visits pct","2026-03-07","quantile",0.75,2.14333457488658
"2026-02-21","cherokee",2,"Flu ED visits pct","2026-03-07","quantile",0.75,5.06271281077631
"2026-02-21","athens",2,"Flu ED visits pct","2026-03-07","quantile",0.75,3.69808533443021
"2026-02-21","south-augusta",2,"Flu ED visits pct","2026-03-07","quantile",0.75,3.38291447291584
"2026-02-21","columbus",2,"Flu ED visits pct","2026-03-07","quantile",0.75,4.51672680649816
"2026-02-21","la-grange",2,"Flu ED visits pct","2026-03-07","quantile",0.75,4.74898106825517
"2026-02-21","georgia",2,"Flu ED visits pct","2026-03-07","quantile",0.9,3.70287790216343
"2026-02-21","savannah",2,"Flu ED visits pct","2026-03-07","quantile",0.9,5.26805990823769
"2026-02-21","floyd",2,"Flu ED visits pct","2026-03-07","quantile",0.9,6.14895556037793
"2026-02-21","hall",2,"Flu ED visits pct","2026-03-07","quantile",0.9,3.64852177859247
"2026-02-21","marietta",2,"Flu ED visits pct","2026-03-07","quantile",0.9,5.3169966656336
"2026-02-21","macon",2,"Flu ED visits pct","2026-03-07","quantile",0.9,3.78724772545962
"2026-02-21","henry",2,"Flu ED visits pct","2026-03-07","quantile",0.9,3.25620236220559
"2026-02-21","cherokee",2,"Flu ED visits pct","2026-03-07","quantile",0.9,7.78762149018275
"2026-02-21","athens",2,"Flu ED visits pct","2026-03-07","quantile",0.9,5.87263827080163
"2026-02-21","south-augusta",2,"Flu ED visits pct","2026-03-07","quantile",0.9,5.33559478162951
"2026-02-21","columbus",2,"Flu ED visits pct","2026-03-07","quantile",0.9,7.56010779378519
"2026-02-21","la-grange",2,"Flu ED visits pct","2026-03-07","quantile",0.9,7.21222632032084
"2026-02-21","georgia",2,"Flu ED visits pct","2026-03-07","quantile",0.95,4.37619773648632
"2026-02-21","savannah",2,"Flu ED visits pct","2026-03-07","quantile",0.95,6.3676401930953
"2026-02-21","floyd",2,"Flu ED visits pct","2026-03-07","quantile",0.95,7.79169088043637
"2026-02-21","hall",2,"Flu ED visits pct","2026-03-07","quantile",0.95,4.68109080984134
"2026-02-21","marietta",2,"Flu ED visits pct","2026-03-07","quantile",0.95,6.59382543226295
"2026-02-21","macon",2,"Flu ED visits pct","2026-03-07","quantile",0.95,5.20056185431774
"2026-02-21","henry",2,"Flu ED visits pct","2026-03-07","quantile",0.95,4.10315136948454
"2026-02-21","cherokee",2,"Flu ED visits pct","2026-03-07","quantile",0.95,9.46312399703257
"2026-02-21","athens",2,"Flu ED visits pct","2026-03-07","quantile",0.95,7.33091376664812
"2026-02-21","south-augusta",2,"Flu ED visits pct","2026-03-07","quantile",0.95,6.81203267923886
"2026-02-21","columbus",2,"Flu ED visits pct","2026-03-07","quantile",0.95,10.4185636742563
"2026-02-21","la-grange",2,"Flu ED visits pct","2026-03-07","quantile",0.95,9.42269359003802
"2026-02-21","georgia",2,"Flu ED visits pct","2026-03-07","quantile",0.975,5.11711218938391
"2026-02-21","savannah",2,"Flu ED visits pct","2026-03-07","quantile",0.975,7.91952075688093
"2026-02-21","floyd",2,"Flu ED visits pct","2026-03-07","quantile",0.975,9.81348195577377
"2026-02-21","hall",2,"Flu ED visits pct","2026-03-07","quantile",0.975,5.77004770679659
"2026-02-21","marietta",2,"Flu ED visits pct","2026-03-07","quantile",0.975,7.93718982701292
"2026-02-21","macon",2,"Flu ED visits pct","2026-03-07","quantile",0.975,6.33405366958499
"2026-02-21","henry",2,"Flu ED visits pct","2026-03-07","quantile",0.975,4.8968440145271
"2026-02-21","cherokee",2,"Flu ED visits pct","2026-03-07","quantile",0.975,11.4635348960258
"2026-02-21","athens",2,"Flu ED visits pct","2026-03-07","quantile",0.975,8.64244362156203
"2026-02-21","south-augusta",2,"Flu ED visits pct","2026-03-07","quantile",0.975,8.10123052048497
"2026-02-21","columbus",2,"Flu ED visits pct","2026-03-07","quantile",0.975,12.7444053331134
"2026-02-21","la-grange",2,"Flu ED visits pct","2026-03-07","quantile",0.975,11.2090187026782
"2026-02-21","georgia",3,"Flu ED visits pct","2026-03-14","quantile",0.025,0.353411711659084
"2026-02-21","savannah",3,"Flu ED visits pct","2026-03-14","quantile",0.025,0
"2026-02-21","floyd",3,"Flu ED visits pct","2026-03-14","quantile",0.025,0
"2026-02-21","hall",3,"Flu ED visits pct","2026-03-14","quantile",0.025,0
"2026-02-21","marietta",3,"Flu ED visits pct","2026-03-14","quantile",0.025,0
"2026-02-21","macon",3,"Flu ED visits pct","2026-03-14","quantile",0.025,0
"2026-02-21","henry",3,"Flu ED visits pct","2026-03-14","quantile",0.025,0
"2026-02-21","cherokee",3,"Flu ED visits pct","2026-03-14","quantile",0.025,0.00743482469922191
"2026-02-21","athens",3,"Flu ED visits pct","2026-03-14","quantile",0.025,0
"2026-02-21","south-augusta",3,"Flu ED visits pct","2026-03-14","quantile",0.025,0
"2026-02-21","columbus",3,"Flu ED visits pct","2026-03-14","quantile",0.025,0
"2026-02-21","la-grange",3,"Flu ED visits pct","2026-03-14","quantile",0.025,0
"2026-02-21","georgia",3,"Flu ED visits pct","2026-03-14","quantile",0.05,0.501907607160305
"2026-02-21","savannah",3,"Flu ED visits pct","2026-03-14","quantile",0.05,0.0429073150615241
"2026-02-21","floyd",3,"Flu ED visits pct","2026-03-14","quantile",0.05,0.0118502559845459
"2026-02-21","hall",3,"Flu ED visits pct","2026-03-14","quantile",0.05,0
"2026-02-21","marietta",3,"Flu ED visits pct","2026-03-14","quantile",0.05,0.132038013412426
"2026-02-21","macon",3,"Flu ED visits pct","2026-03-14","quantile",0.05,0
"2026-02-21","henry",3,"Flu ED visits pct","2026-03-14","quantile",0.05,0
"2026-02-21","cherokee",3,"Flu ED visits pct","2026-03-14","quantile",0.05,0.181060417790719
"2026-02-21","athens",3,"Flu ED visits pct","2026-03-14","quantile",0.05,0
"2026-02-21","south-augusta",3,"Flu ED visits pct","2026-03-14","quantile",0.05,0
"2026-02-21","columbus",3,"Flu ED visits pct","2026-03-14","quantile",0.05,0
"2026-02-21","la-grange",3,"Flu ED visits pct","2026-03-14","quantile",0.05,0.0803188071768629
"2026-02-21","georgia",3,"Flu ED visits pct","2026-03-14","quantile",0.1,0.716116032605818
"2026-02-21","savannah",3,"Flu ED visits pct","2026-03-14","quantile",0.1,0.260897587598044
"2026-02-21","floyd",3,"Flu ED visits pct","2026-03-14","quantile",0.1,0.210962273256316
"2026-02-21","hall",3,"Flu ED visits pct","2026-03-14","quantile",0.1,0
"2026-02-21","marietta",3,"Flu ED visits pct","2026-03-14","quantile",0.1,0.430739053627476
"2026-02-21","macon",3,"Flu ED visits pct","2026-03-14","quantile",0.1,0
"2026-02-21","henry",3,"Flu ED visits pct","2026-03-14","quantile",0.1,0.014135385918716
"2026-02-21","cherokee",3,"Flu ED visits pct","2026-03-14","quantile",0.1,0.538726155738237
"2026-02-21","athens",3,"Flu ED visits pct","2026-03-14","quantile",0.1,0.0629477957222899
"2026-02-21","south-augusta",3,"Flu ED visits pct","2026-03-14","quantile",0.1,0.147582215456891
"2026-02-21","columbus",3,"Flu ED visits pct","2026-03-14","quantile",0.1,0
"2026-02-21","la-grange",3,"Flu ED visits pct","2026-03-14","quantile",0.1,0.326761442583449
"2026-02-21","georgia",3,"Flu ED visits pct","2026-03-14","quantile",0.25,1.23695267210962
"2026-02-21","savannah",3,"Flu ED visits pct","2026-03-14","quantile",0.25,0.850283266792441
"2026-02-21","floyd",3,"Flu ED visits pct","2026-03-14","quantile",0.25,0.891096872444655
"2026-02-21","hall",3,"Flu ED visits pct","2026-03-14","quantile",0.25,0.363778090024152
"2026-02-21","marietta",3,"Flu ED visits pct","2026-03-14","quantile",0.25,1.08088392528832
"2026-02-21","macon",3,"Flu ED visits pct","2026-03-14","quantile",0.25,0.210179007453694
"2026-02-21","henry",3,"Flu ED visits pct","2026-03-14","quantile",0.25,0.378876330380869
"2026-02-21","cherokee",3,"Flu ED visits pct","2026-03-14","quantile",0.25,1.35049711433606
"2026-02-21","athens",3,"Flu ED visits pct","2026-03-14","quantile",0.25,0.648578536464174
"2026-02-21","south-augusta",3,"Flu ED visits pct","2026-03-14","quantile",0.25,0.673052614174523
"2026-02-21","columbus",3,"Flu ED visits pct","2026-03-14","quantile",0.25,0.559922682061575
"2026-02-21","la-grange",3,"Flu ED visits pct","2026-03-14","quantile",0.25,1.07902476721119
"2026-02-21","georgia",3,"Flu ED visits pct","2026-03-14","quantile",0.5,1.90496159201651
"2026-02-21","savannah",3,"Flu ED visits pct","2026-03-14","quantile",0.5,1.88821573342631
"2026-02-21","floyd",3,"Flu ED visits pct","2026-03-14","quantile",0.5,2.20691782009282
"2026-02-21","hall",3,"Flu ED visits pct","2026-03-14","quantile",0.5,1.1698545381782
"2026-02-21","marietta",3,"Flu ED visits pct","2026-03-14","quantile",0.5,2.20983839110722
"2026-02-21","macon",3,"Flu ED visits pct","2026-03-14","quantile",0.5,0.868334312900173
"2026-02-21","henry",3,"Flu ED visits pct","2026-03-14","quantile",0.5,1.08649557507836
"2026-02-21","cherokee",3,"Flu ED visits pct","2026-03-14","quantile",0.5,2.98437363527084
"2026-02-21","athens",3,"Flu ED visits pct","2026-03-14","quantile",0.5,1.83203483073854
"2026-02-21","south-augusta",3,"Flu ED visits pct","2026-03-14","quantile",0.5,1.70338479723362
"2026-02-21","columbus",3,"Flu ED visits pct","2026-03-14","quantile",0.5,1.79073873043339
"2026-02-21","la-grange",3,"Flu ED visits pct","2026-03-14","quantile",0.5,2.44474860229288
"2026-02-21","georgia",3,"Flu ED visits pct","2026-03-14","quantile",0.75,2.80950083138429
"2026-02-21","savannah",3,"Flu ED visits pct","2026-03-14","quantile",0.75,3.39441864552817
"2026-02-21","floyd",3,"Flu ED visits pct","2026-03-14","quantile",0.75,4.31150720933705
"2026-02-21","hall",3,"Flu ED visits pct","2026-03-14","quantile",0.75,2.42728511951515
"2026-02-21","marietta",3,"Flu ED visits pct","2026-03-14","quantile",0.75,4.00448737177132
"2026-02-21","macon",3,"Flu ED visits pct","2026-03-14","quantile",0.75,2.36036498041486
"2026-02-21","henry",3,"Flu ED visits pct","2026-03-14","quantile",0.75,2.262770395755
"2026-02-21","cherokee",3,"Flu ED visits pct","2026-03-14","quantile",0.75,5.3381288593582
"2026-02-21","athens",3,"Flu ED visits pct","2026-03-14","quantile",0.75,4.05483565553956
"2026-02-21","south-augusta",3,"Flu ED visits pct","2026-03-14","quantile",0.75,3.30787564291587
"2026-02-21","columbus",3,"Flu ED visits pct","2026-03-14","quantile",0.75,4.30368983892363
"2026-02-21","la-grange",3,"Flu ED visits pct","2026-03-14","quantile",0.75,4.93115716696839
"2026-02-21","georgia",3,"Flu ED visits pct","2026-03-14","quantile",0.9,3.91174546236117
"2026-02-21","savannah",3,"Flu ED visits pct","2026-03-14","quantile",0.9,5.44814352038301
"2026-02-21","floyd",3,"Flu ED visits pct","2026-03-14","quantile",0.9,7.21362017393748
"2026-02-21","hall",3,"Flu ED visits pct","2026-03-14","quantile",0.9,4.17274337653375
"2026-02-21","marietta",3,"Flu ED visits pct","2026-03-14","quantile",0.9,6.00774960285004
"2026-02-21","macon",3,"Flu ED visits pct","2026-03-14","quantile",0.9,4.55447265747215
"2026-02-21","henry",3,"Flu ED visits pct","2026-03-14","quantile",0.9,3.91013263468594
"2026-02-21","cherokee",3,"Flu ED visits pct","2026-03-14","quantile",0.9,8.55585797243126
"2026-02-21","athens",3,"Flu ED visits pct","2026-03-14","quantile",0.9,6.72673555375819
"2026-02-21","south-augusta",3,"Flu ED visits pct","2026-03-14","quantile",0.9,5.80965047070024
"2026-02-21","columbus",3,"Flu ED visits pct","2026-03-14","quantile",0.9,7.94508856628302
"2026-02-21","la-grange",3,"Flu ED visits pct","2026-03-14","quantile",0.9,7.97664671306211
"2026-02-21","georgia",3,"Flu ED visits pct","2026-03-14","quantile",0.95,4.70700222149911
"2026-02-21","savannah",3,"Flu ED visits pct","2026-03-14","quantile",0.95,7.05588809074529
"2026-02-21","floyd",3,"Flu ED visits pct","2026-03-14","quantile",0.95,9.22644130532134
"2026-02-21","hall",3,"Flu ED visits pct","2026-03-14","quantile",0.95,5.72543707318553
"2026-02-21","marietta",3,"Flu ED visits pct","2026-03-14","quantile",0.95,7.55386096915641
"2026-02-21","macon",3,"Flu ED visits pct","2026-03-14","quantile",0.95,5.98562467777845
"2026-02-21","henry",3,"Flu ED visits pct","2026-03-14","quantile",0.95,5.00117097711975
"2026-02-21","cherokee",3,"Flu ED visits pct","2026-03-14","quantile",0.95,11.1033581974253
"2026-02-21","athens",3,"Flu ED visits pct","2026-03-14","quantile",0.95,9.16470571614929
"2026-02-21","south-augusta",3,"Flu ED visits pct","2026-03-14","quantile",0.95,7.25117910762201
"2026-02-21","columbus",3,"Flu ED visits pct","2026-03-14","quantile",0.95,11.2272070834825
"2026-02-21","la-grange",3,"Flu ED visits pct","2026-03-14","quantile",0.95,11.0155477484529
"2026-02-21","georgia",3,"Flu ED visits pct","2026-03-14","quantile",0.975,5.52752924904793
"2026-02-21","savannah",3,"Flu ED visits pct","2026-03-14","quantile",0.975,8.69425811742812
"2026-02-21","floyd",3,"Flu ED visits pct","2026-03-14","quantile",0.975,11.1190992273378
"2026-02-21","hall",3,"Flu ED visits pct","2026-03-14","quantile",0.975,7.24384346219082
"2026-02-21","marietta",3,"Flu ED visits pct","2026-03-14","quantile",0.975,9.35965239155103
"2026-02-21","macon",3,"Flu ED visits pct","2026-03-14","quantile",0.975,7.89913570287513
"2026-02-21","henry",3,"Flu ED visits pct","2026-03-14","quantile",0.975,6.05204705063307
"2026-02-21","cherokee",3,"Flu ED visits pct","2026-03-14","quantile",0.975,13.8548205466294
"2026-02-21","athens",3,"Flu ED visits pct","2026-03-14","quantile",0.975,10.9945653063781
"2026-02-21","south-augusta",3,"Flu ED visits pct","2026-03-14","quantile",0.975,9.45474060347073
"2026-02-21","columbus",3,"Flu ED visits pct","2026-03-14","quantile",0.975,15.0483462266397
"2026-02-21","la-grange",3,"Flu ED visits pct","2026-03-14","quantile",0.975,14.1229376325495
"2026-02-21","indiana",0,"Flu ED visits pct","2026-02-21","quantile",0.025,1.75437231815973
"2026-02-21","indianapolis",0,"Flu ED visits pct","2026-02-21","quantile",0.025,2.35262294079879
"2026-02-21","indiana",0,"Flu ED visits pct","2026-02-21","quantile",0.05,1.94745258195309
"2026-02-21","indianapolis",0,"Flu ED visits pct","2026-02-21","quantile",0.05,2.58694730804085
"2026-02-21","indiana",0,"Flu ED visits pct","2026-02-21","quantile",0.1,2.17842362098536
"2026-02-21","indianapolis",0,"Flu ED visits pct","2026-02-21","quantile",0.1,2.90533112699086
"2026-02-21","indiana",0,"Flu ED visits pct","2026-02-21","quantile",0.25,2.54567437050065
"2026-02-21","indianapolis",0,"Flu ED visits pct","2026-02-21","quantile",0.25,3.43346703653633
"2026-02-21","indiana",0,"Flu ED visits pct","2026-02-21","quantile",0.5,2.96918133669544
"2026-02-21","indianapolis",0,"Flu ED visits pct","2026-02-21","quantile",0.5,4.10200477309626
"2026-02-21","indiana",0,"Flu ED visits pct","2026-02-21","quantile",0.75,3.44787507468427
"2026-02-21","indianapolis",0,"Flu ED visits pct","2026-02-21","quantile",0.75,4.86959763885848
"2026-02-21","indiana",0,"Flu ED visits pct","2026-02-21","quantile",0.9,3.98162700728141
"2026-02-21","indianapolis",0,"Flu ED visits pct","2026-02-21","quantile",0.9,5.60009614906193
"2026-02-21","indiana",0,"Flu ED visits pct","2026-02-21","quantile",0.95,4.27381533337077
"2026-02-21","indianapolis",0,"Flu ED visits pct","2026-02-21","quantile",0.95,5.98296307513541
"2026-02-21","indiana",0,"Flu ED visits pct","2026-02-21","quantile",0.975,4.55224401947795
"2026-02-21","indianapolis",0,"Flu ED visits pct","2026-02-21","quantile",0.975,6.37361226054718
"2026-02-21","indiana",1,"Flu ED visits pct","2026-02-28","quantile",0.025,1.27869454982503
"2026-02-21","indianapolis",1,"Flu ED visits pct","2026-02-28","quantile",0.025,1.65705750528007
"2026-02-21","indiana",1,"Flu ED visits pct","2026-02-28","quantile",0.05,1.51402917157447
"2026-02-21","indianapolis",1,"Flu ED visits pct","2026-02-28","quantile",0.05,1.96504434366912
"2026-02-21","indiana",1,"Flu ED visits pct","2026-02-28","quantile",0.1,1.79209739315278
"2026-02-21","indianapolis",1,"Flu ED visits pct","2026-02-28","quantile",0.1,2.37339158447419
"2026-02-21","indiana",1,"Flu ED visits pct","2026-02-28","quantile",0.25,2.21428261524261
"2026-02-21","indianapolis",1,"Flu ED visits pct","2026-02-28","quantile",0.25,3.11778864196268
"2026-02-21","indiana",1,"Flu ED visits pct","2026-02-28","quantile",0.5,2.87358317760303
"2026-02-21","indianapolis",1,"Flu ED visits pct","2026-02-28","quantile",0.5,3.9996489829788
"2026-02-21","indiana",1,"Flu ED visits pct","2026-02-28","quantile",0.75,3.64540821439081
"2026-02-21","indianapolis",1,"Flu ED visits pct","2026-02-28","quantile",0.75,5.15486002364397
"2026-02-21","indiana",1,"Flu ED visits pct","2026-02-28","quantile",0.9,4.41380397701083
"2026-02-21","indianapolis",1,"Flu ED visits pct","2026-02-28","quantile",0.9,6.45295670694718
"2026-02-21","indiana",1,"Flu ED visits pct","2026-02-28","quantile",0.95,4.88357593206904
"2026-02-21","indianapolis",1,"Flu ED visits pct","2026-02-28","quantile",0.95,7.32388215060417
"2026-02-21","indiana",1,"Flu ED visits pct","2026-02-28","quantile",0.975,5.35048094671185
"2026-02-21","indianapolis",1,"Flu ED visits pct","2026-02-28","quantile",0.975,8.08874504782336
"2026-02-21","indiana",2,"Flu ED visits pct","2026-03-07","quantile",0.025,0.859217991977591
"2026-02-21","indianapolis",2,"Flu ED visits pct","2026-03-07","quantile",0.025,1.12823785888619
"2026-02-21","indiana",2,"Flu ED visits pct","2026-03-07","quantile",0.05,1.07373756338698
"2026-02-21","indianapolis",2,"Flu ED visits pct","2026-03-07","quantile",0.05,1.39887041247254
"2026-02-21","indiana",2,"Flu ED visits pct","2026-03-07","quantile",0.1,1.35319570149471
"2026-02-21","indianapolis",2,"Flu ED visits pct","2026-03-07","quantile",0.1,1.8336583863336
"2026-02-21","indiana",2,"Flu ED visits pct","2026-03-07","quantile",0.25,1.88131610005972
"2026-02-21","indianapolis",2,"Flu ED visits pct","2026-03-07","quantile",0.25,2.67756451943214
"2026-02-21","indiana",2,"Flu ED visits pct","2026-03-07","quantile",0.5,2.62781997669867
"2026-02-21","indianapolis",2,"Flu ED visits pct","2026-03-07","quantile",0.5,3.72543380911936
"2026-02-21","indiana",2,"Flu ED visits pct","2026-03-07","quantile",0.75,3.56957056636421
"2026-02-21","indianapolis",2,"Flu ED visits pct","2026-03-07","quantile",0.75,5.30062156934751
"2026-02-21","indiana",2,"Flu ED visits pct","2026-03-07","quantile",0.9,4.53069960523878
"2026-02-21","indianapolis",2,"Flu ED visits pct","2026-03-07","quantile",0.9,6.9242120386815
"2026-02-21","indiana",2,"Flu ED visits pct","2026-03-07","quantile",0.95,5.26724882418475
"2026-02-21","indianapolis",2,"Flu ED visits pct","2026-03-07","quantile",0.95,8.11148986211121
"2026-02-21","indiana",2,"Flu ED visits pct","2026-03-07","quantile",0.975,5.90699491270803
"2026-02-21","indianapolis",2,"Flu ED visits pct","2026-03-07","quantile",0.975,8.99764045044405
"2026-02-21","indiana",3,"Flu ED visits pct","2026-03-14","quantile",0.025,0.552766945110738
"2026-02-21","indianapolis",3,"Flu ED visits pct","2026-03-14","quantile",0.025,0.69593835194373
"2026-02-21","indiana",3,"Flu ED visits pct","2026-03-14","quantile",0.05,0.765277386543857
"2026-02-21","indianapolis",3,"Flu ED visits pct","2026-03-14","quantile",0.05,1.04672921451319
"2026-02-21","indiana",3,"Flu ED visits pct","2026-03-14","quantile",0.1,1.05616977262168
"2026-02-21","indianapolis",3,"Flu ED visits pct","2026-03-14","quantile",0.1,1.41491534631133
"2026-02-21","indiana",3,"Flu ED visits pct","2026-03-14","quantile",0.25,1.59797753520736
"2026-02-21","indianapolis",3,"Flu ED visits pct","2026-03-14","quantile",0.25,2.27294574317431
"2026-02-21","indiana",3,"Flu ED visits pct","2026-03-14","quantile",0.5,2.44424902477683
"2026-02-21","indianapolis",3,"Flu ED visits pct","2026-03-14","quantile",0.5,3.40158412425664
"2026-02-21","indiana",3,"Flu ED visits pct","2026-03-14","quantile",0.75,3.45528345963219
"2026-02-21","indianapolis",3,"Flu ED visits pct","2026-03-14","quantile",0.75,5.19661491333519
"2026-02-21","indiana",3,"Flu ED visits pct","2026-03-14","quantile",0.9,4.71360996058377
"2026-02-21","indianapolis",3,"Flu ED visits pct","2026-03-14","quantile",0.9,7.26617542627947
"2026-02-21","indiana",3,"Flu ED visits pct","2026-03-14","quantile",0.95,5.57236461432601
"2026-02-21","indianapolis",3,"Flu ED visits pct","2026-03-14","quantile",0.95,8.60004940989919
"2026-02-21","indiana",3,"Flu ED visits pct","2026-03-14","quantile",0.975,6.2466872381727
"2026-02-21","indianapolis",3,"Flu ED visits pct","2026-03-14","quantile",0.975,10.2921830743864
"2026-02-21","massachusetts",0,"Flu ED visits pct","2026-02-21","quantile",0.025,0.32775438132941
"2026-02-21","worcester",0,"Flu ED visits pct","2026-02-21","quantile",0.025,0.230245610654274
"2026-02-21","pittsfield",0,"Flu ED visits pct","2026-02-21","quantile",0.025,0
"2026-02-21","boston",0,"Flu ED visits pct","2026-02-21","quantile",0.025,0.25716191297864
"2026-02-21","springfield",0,"Flu ED visits pct","2026-02-21","quantile",0.025,0
"2026-02-21","new-bedford",0,"Flu ED visits pct","2026-02-21","quantile",0.025,0.398084693377187
"2026-02-21","lynn",0,"Flu ED visits pct","2026-02-21","quantile",0.025,0.238697451026318
"2026-02-21","massachusetts",0,"Flu ED visits pct","2026-02-21","quantile",0.05,0.390967719637544
"2026-02-21","worcester",0,"Flu ED visits pct","2026-02-21","quantile",0.05,0.32164868662487
"2026-02-21","pittsfield",0,"Flu ED visits pct","2026-02-21","quantile",0.05,0
"2026-02-21","boston",0,"Flu ED visits pct","2026-02-21","quantile",0.05,0.313756382713035
"2026-02-21","springfield",0,"Flu ED visits pct","2026-02-21","quantile",0.05,0.071185367719447
"2026-02-21","new-bedford",0,"Flu ED visits pct","2026-02-21","quantile",0.05,0.499707197979444
"2026-02-21","lynn",0,"Flu ED visits pct","2026-02-21","quantile",0.05,0.309210754646232
"2026-02-21","massachusetts",0,"Flu ED visits pct","2026-02-21","quantile",0.1,0.476222708038885
"2026-02-21","worcester",0,"Flu ED visits pct","2026-02-21","quantile",0.1,0.428286509507996
"2026-02-21","pittsfield",0,"Flu ED visits pct","2026-02-21","quantile",0.1,0
"2026-02-21","boston",0,"Flu ED visits pct","2026-02-21","quantile",0.1,0.391356470522923
"2026-02-21","springfield",0,"Flu ED visits pct","2026-02-21","quantile",0.1,0.156816310352428
"2026-02-21","new-bedford",0,"Flu ED visits pct","2026-02-21","quantile",0.1,0.632991116262486
"2026-02-21","lynn",0,"Flu ED visits pct","2026-02-21","quantile",0.1,0.418184990783366
"2026-02-21","massachusetts",0,"Flu ED visits pct","2026-02-21","quantile",0.25,0.616496993677825
"2026-02-21","worcester",0,"Flu ED visits pct","2026-02-21","quantile",0.25,0.635018072651084
"2026-02-21","pittsfield",0,"Flu ED visits pct","2026-02-21","quantile",0.25,0.0452089267215839
"2026-02-21","boston",0,"Flu ED visits pct","2026-02-21","quantile",0.25,0.53829021764079
"2026-02-21","springfield",0,"Flu ED visits pct","2026-02-21","quantile",0.25,0.316425059807985
"2026-02-21","new-bedford",0,"Flu ED visits pct","2026-02-21","quantile",0.25,0.88399509746621
"2026-02-21","lynn",0,"Flu ED visits pct","2026-02-21","quantile",0.25,0.635075908414276
"2026-02-21","massachusetts",0,"Flu ED visits pct","2026-02-21","quantile",0.5,0.788629057326964
"2026-02-21","worcester",0,"Flu ED visits pct","2026-02-21","quantile",0.5,0.924646276767386
"2026-02-21","pittsfield",0,"Flu ED visits pct","2026-02-21","quantile",0.5,0.364127831229858
"2026-02-21","boston",0,"Flu ED visits pct","2026-02-21","quantile",0.5,0.700213754887521
"2026-02-21","springfield",0,"Flu ED visits pct","2026-02-21","quantile",0.5,0.537513678941202
"2026-02-21","new-bedford",0,"Flu ED visits pct","2026-02-21","quantile",0.5,1.24398133073282
"2026-02-21","lynn",0,"Flu ED visits pct","2026-02-21","quantile",0.5,0.895331366206567
"2026-02-21","massachusetts",0,"Flu ED visits pct","2026-02-21","quantile",0.75,0.975762758632983
"2026-02-21","worcester",0,"Flu ED visits pct","2026-02-21","quantile",0.75,1.2705079961867
"2026-02-21","pittsfield",0,"Flu ED visits pct","2026-02-21","quantile",0.75,0.816719822041754
"2026-02-21","boston",0,"Flu ED visits pct","2026-02-21","quantile",0.75,0.90324905983232
"2026-02-21","springfield",0,"Flu ED visits pct","2026-02-21","quantile",0.75,0.82284876672823
"2026-02-21","new-bedford",0,"Flu ED visits pct","2026-02-21","quantile",0.75,1.64364802946757
"2026-02-21","lynn",0,"Flu ED visits pct","2026-02-21","quantile",0.75,1.24140930887162
"2026-02-21","massachusetts",0,"Flu ED visits pct","2026-02-21","quantile",0.9,1.16654589896991
"2026-02-21","worcester",0,"Flu ED visits pct","2026-02-21","quantile",0.9,1.64842433698263
"2026-02-21","pittsfield",0,"Flu ED visits pct","2026-02-21","quantile",0.9,1.35315176926146
"2026-02-21","boston",0,"Flu ED visits pct","2026-02-21","quantile",0.9,1.10706325697991
"2026-02-21","springfield",0,"Flu ED visits pct","2026-02-21","quantile",0.9,1.13565986379276
"2026-02-21","new-bedford",0,"Flu ED visits pct","2026-02-21","quantile",0.9,2.06460026117704
"2026-02-21","lynn",0,"Flu ED visits pct","2026-02-21","quantile",0.9,1.58781734069899
"2026-02-21","massachusetts",0,"Flu ED visits pct","2026-02-21","quantile",0.95,1.29375050117828
"2026-02-21","worcester",0,"Flu ED visits pct","2026-02-21","quantile",0.95,1.85455105060399
"2026-02-21","pittsfield",0,"Flu ED visits pct","2026-02-21","quantile",0.95,1.76460414511646
"2026-02-21","boston",0,"Flu ED visits pct","2026-02-21","quantile",0.95,1.25149452776738
"2026-02-21","springfield",0,"Flu ED visits pct","2026-02-21","quantile",0.95,1.29967964335103
"2026-02-21","new-bedford",0,"Flu ED visits pct","2026-02-21","quantile",0.95,2.34997490305568
"2026-02-21","lynn",0,"Flu ED visits pct","2026-02-21","quantile",0.95,1.84908332897777
"2026-02-21","massachusetts",0,"Flu ED visits pct","2026-02-21","quantile",0.975,1.43422689335866
"2026-02-21","worcester",0,"Flu ED visits pct","2026-02-21","quantile",0.975,2.0965813102779
"2026-02-21","pittsfield",0,"Flu ED visits pct","2026-02-21","quantile",0.975,2.14916482842347
"2026-02-21","boston",0,"Flu ED visits pct","2026-02-21","quantile",0.975,1.36053816106584
"2026-02-21","springfield",0,"Flu ED visits pct","2026-02-21","quantile",0.975,1.48816711577409
"2026-02-21","new-bedford",0,"Flu ED visits pct","2026-02-21","quantile",0.975,2.6176225390456
"2026-02-21","lynn",0,"Flu ED visits pct","2026-02-21","quantile",0.975,2.04575453059056
"2026-02-21","massachusetts",1,"Flu ED visits pct","2026-02-28","quantile",0.025,0.0647419693535728
"2026-02-21","worcester",1,"Flu ED visits pct","2026-02-28","quantile",0.025,0
"2026-02-21","pittsfield",1,"Flu ED visits pct","2026-02-28","quantile",0.025,0
"2026-02-21","boston",1,"Flu ED visits pct","2026-02-28","quantile",0.025,0.0480770953636863
"2026-02-21","springfield",1,"Flu ED visits pct","2026-02-28","quantile",0.025,0
"2026-02-21","new-bedford",1,"Flu ED visits pct","2026-02-28","quantile",0.025,0.0395380572264306
"2026-02-21","lynn",1,"Flu ED visits pct","2026-02-28","quantile",0.025,0
"2026-02-21","massachusetts",1,"Flu ED visits pct","2026-02-28","quantile",0.05,0.137703019697887
"2026-02-21","worcester",1,"Flu ED visits pct","2026-02-28","quantile",0.05,0.00986843998416803
"2026-02-21","pittsfield",1,"Flu ED visits pct","2026-02-28","quantile",0.05,0
"2026-02-21","boston",1,"Flu ED visits pct","2026-02-28","quantile",0.05,0.103499989545349
"2026-02-21","springfield",1,"Flu ED visits pct","2026-02-28","quantile",0.05,0
"2026-02-21","new-bedford",1,"Flu ED visits pct","2026-02-28","quantile",0.05,0.167229293842697
"2026-02-21","lynn",1,"Flu ED visits pct","2026-02-28","quantile",0.05,0.00959520436296779
"2026-02-21","massachusetts",1,"Flu ED visits pct","2026-02-28","quantile",0.1,0.23023304991458
"2026-02-21","worcester",1,"Flu ED visits pct","2026-02-28","quantile",0.1,0.120142319037853
"2026-02-21","pittsfield",1,"Flu ED visits pct","2026-02-28","quantile",0.1,0
"2026-02-21","boston",1,"Flu ED visits pct","2026-02-28","quantile",0.1,0.191406995023424
"2026-02-21","springfield",1,"Flu ED visits pct","2026-02-28","quantile",0.1,0
"2026-02-21","new-bedford",1,"Flu ED visits pct","2026-02-28","quantile",0.1,0.295926883658064
"2026-02-21","lynn",1,"Flu ED visits pct","2026-02-28","quantile",0.1,0.127158318880383
"2026-02-21","massachusetts",1,"Flu ED visits pct","2026-02-28","quantile",0.25,0.396090011064214
"2026-02-21","worcester",1,"Flu ED visits pct","2026-02-28","quantile",0.25,0.34430391596756
"2026-02-21","pittsfield",1,"Flu ED visits pct","2026-02-28","quantile",0.25,0
"2026-02-21","boston",1,"Flu ED visits pct","2026-02-28","quantile",0.25,0.350054911369118
"2026-02-21","springfield",1,"Flu ED visits pct","2026-02-28","quantile",0.25,0.0872203905457399
"2026-02-21","new-bedford",1,"Flu ED visits pct","2026-02-28","quantile",0.25,0.592468701170286
"2026-02-21","lynn",1,"Flu ED visits pct","2026-02-28","quantile",0.25,0.341636313390055
"2026-02-21","massachusetts",1,"Flu ED visits pct","2026-02-28","quantile",0.5,0.639620172739161
"2026-02-21","worcester",1,"Flu ED visits pct","2026-02-28","quantile",0.5,0.709783095761539
"2026-02-21","pittsfield",1,"Flu ED visits pct","2026-02-28","quantile",0.5,0.175212234030671
"2026-02-21","boston",1,"Flu ED visits pct","2026-02-28","quantile",0.5,0.567033170762653
"2026-02-21","springfield",1,"Flu ED visits pct","2026-02-28","quantile",0.5,0.344534103515097
"2026-02-21","new-bedford",1,"Flu ED visits pct","2026-02-28","quantile",0.5,1.02392457763818
"2026-02-21","lynn",1,"Flu ED visits pct","2026-02-28","quantile",0.5,0.658071667682311
"2026-02-21","massachusetts",1,"Flu ED visits pct","2026-02-28","quantile",0.75,0.906154983732952
"2026-02-21","worcester",1,"Flu ED visits pct","2026-02-28","quantile",0.75,1.19342665997884
"2026-02-21","pittsfield",1,"Flu ED visits pct","2026-02-28","quantile",0.75,0.846952846445474
"2026-02-21","boston",1,"Flu ED visits pct","2026-02-28","quantile",0.75,0.859721959848118
"2026-02-21","springfield",1,"Flu ED visits pct","2026-02-28","quantile",0.75,0.736360280729431
"2026-02-21","new-bedford",1,"Flu ED visits pct","2026-02-28","quantile",0.75,1.61967761897052
"2026-02-21","lynn",1,"Flu ED visits pct","2026-02-28","quantile",0.75,1.10464474876423
"2026-02-21","massachusetts",1,"Flu ED visits pct","2026-02-28","quantile",0.9,1.16461920213262
"2026-02-21","worcester",1,"Flu ED visits pct","2026-02-28","quantile",0.9,1.78920717344557
"2026-02-21","pittsfield",1,"Flu ED visits pct","2026-02-28","quantile",0.9,1.87801711843687
"2026-02-21","boston",1,"Flu ED visits pct","2026-02-28","quantile",0.9,1.1504944632995
"2026-02-21","springfield",1,"Flu ED visits pct","2026-02-28","quantile",0.9,1.2462258297304
"2026-02-21","new-bedford",1,"Flu ED visits pct","2026-02-28","quantile",0.9,2.22526021756394
"2026-02-21","lynn",1,"Flu ED visits pct","2026-02-28","quantile",0.9,1.69681132857743
"2026-02-21","massachusetts",1,"Flu ED visits pct","2026-02-28","quantile",0.95,1.36072018236136
"2026-02-21","worcester",1,"Flu ED visits pct","2026-02-28","quantile",0.95,2.21053757439655
"2026-02-21","pittsfield",1,"Flu ED visits pct","2026-02-28","quantile",0.95,2.59645989385796
"2026-02-21","boston",1,"Flu ED visits pct","2026-02-28","quantile",0.95,1.38461862414188
"2026-02-21","springfield",1,"Flu ED visits pct","2026-02-28","quantile",0.95,1.55165435748844
"2026-02-21","new-bedford",1,"Flu ED visits pct","2026-02-28","quantile",0.95,2.61502319860561
"2026-02-21","lynn",1,"Flu ED visits pct","2026-02-28","quantile",0.95,2.06318642160333
"2026-02-21","massachusetts",1,"Flu ED visits pct","2026-02-28","quantile",0.975,1.52141428675259
"2026-02-21","worcester",1,"Flu ED visits pct","2026-02-28","quantile",0.975,2.61433825931781
"2026-02-21","pittsfield",1,"Flu ED visits pct","2026-02-28","quantile",0.975,3.21322832158452
"2026-02-21","boston",1,"Flu ED visits pct","2026-02-28","quantile",0.975,1.56746353813672
"2026-02-21","springfield",1,"Flu ED visits pct","2026-02-28","quantile",0.975,1.91247207016342
"2026-02-21","new-bedford",1,"Flu ED visits pct","2026-02-28","quantile",0.975,3.21250701219768
"2026-02-21","lynn",1,"Flu ED visits pct","2026-02-28","quantile",0.975,2.50945176374026
"2026-02-21","massachusetts",2,"Flu ED visits pct","2026-03-07","quantile",0.025,0
"2026-02-21","worcester",2,"Flu ED visits pct","2026-03-07","quantile",0.025,0
"2026-02-21","pittsfield",2,"Flu ED visits pct","2026-03-07","quantile",0.025,0
"2026-02-21","boston",2,"Flu ED visits pct","2026-03-07","quantile",0.025,0
"2026-02-21","springfield",2,"Flu ED visits pct","2026-03-07","quantile",0.025,0
"2026-02-21","new-bedford",2,"Flu ED visits pct","2026-03-07","quantile",0.025,0
"2026-02-21","lynn",2,"Flu ED visits pct","2026-03-07","quantile",0.025,0
"2026-02-21","massachusetts",2,"Flu ED visits pct","2026-03-07","quantile",0.05,0
"2026-02-21","worcester",2,"Flu ED visits pct","2026-03-07","quantile",0.05,0
"2026-02-21","pittsfield",2,"Flu ED visits pct","2026-03-07","quantile",0.05,0
"2026-02-21","boston",2,"Flu ED visits pct","2026-03-07","quantile",0.05,0
"2026-02-21","springfield",2,"Flu ED visits pct","2026-03-07","quantile",0.05,0
"2026-02-21","new-bedford",2,"Flu ED visits pct","2026-03-07","quantile",0.05,0
"2026-02-21","lynn",2,"Flu ED visits pct","2026-03-07","quantile",0.05,0
"2026-02-21","massachusetts",2,"Flu ED visits pct","2026-03-07","quantile",0.1,0.0819332170134258
"2026-02-21","worcester",2,"Flu ED visits pct","2026-03-07","quantile",0.1,0
"2026-02-21","pittsfield",2,"Flu ED visits pct","2026-03-07","quantile",0.1,0
"2026-02-21","boston",2,"Flu ED visits pct","2026-03-07","quantile",0.1,0.0659312017183072
"2026-02-21","springfield",2,"Flu ED visits pct","2026-03-07","quantile",0.1,0
"2026-02-21","new-bedford",2,"Flu ED visits pct","2026-03-07","quantile",0.1,0.0844241273437932
"2026-02-21","lynn",2,"Flu ED visits pct","2026-03-07","quantile",0.1,0
"2026-02-21","massachusetts",2,"Flu ED visits pct","2026-03-07","quantile",0.25,0.275822464326738
"2026-02-21","worcester",2,"Flu ED visits pct","2026-03-07","quantile",0.25,0.194864119013924
"2026-02-21","pittsfield",2,"Flu ED visits pct","2026-03-07","quantile",0.25,0
"2026-02-21","boston",2,"Flu ED visits pct","2026-03-07","quantile",0.25,0.241002454040528
"2026-02-21","springfield",2,"Flu ED visits pct","2026-03-07","quantile",0.25,0
"2026-02-21","new-bedford",2,"Flu ED visits pct","2026-03-07","quantile",0.25,0.403607353974859
"2026-02-21","lynn",2,"Flu ED visits pct","2026-03-07","quantile",0.25,0.157814786374576
"2026-02-21","massachusetts",2,"Flu ED visits pct","2026-03-07","quantile",0.5,0.524029242323663
"2026-02-21","worcester",2,"Flu ED visits pct","2026-03-07","quantile",0.5,0.582263952066615
"2026-02-21","pittsfield",2,"Flu ED visits pct","2026-03-07","quantile",0.5,0.0898634317806971
"2026-02-21","boston",2,"Flu ED visits pct","2026-03-07","quantile",0.5,0.49066228710254
"2026-02-21","springfield",2,"Flu ED visits pct","2026-03-07","quantile",0.5,0.236080839776065
"2026-02-21","new-bedford",2,"Flu ED visits pct","2026-03-07","quantile",0.5,0.90909403242022
"2026-02-21","lynn",2,"Flu ED visits pct","2026-03-07","quantile",0.5,0.540041082230651
"2026-02-21","massachusetts",2,"Flu ED visits pct","2026-03-07","quantile",0.75,0.860095690278095
"2026-02-21","worcester",2,"Flu ED visits pct","2026-03-07","quantile",0.75,1.15663879404131
"2026-02-21","pittsfield",2,"Flu ED visits pct","2026-03-07","quantile",0.75,0.87679636779851
"2026-02-21","boston",2,"Flu ED visits pct","2026-03-07","quantile",0.75,0.830824900784643
"2026-02-21","springfield",2,"Flu ED visits pct","2026-03-07","quantile",0.75,0.707661030749963
"2026-02-21","new-bedford",2,"Flu ED visits pct","2026-03-07","quantile",0.75,1.62854708994676
"2026-02-21","lynn",2,"Flu ED visits pct","2026-03-07","quantile",0.75,1.05056074115047
"2026-02-21","massachusetts",2,"Flu ED visits pct","2026-03-07","quantile",0.9,1.22476439888992
"2026-02-21","worcester",2,"Flu ED visits pct","2026-03-07","quantile",0.9,1.9750118208049
"2026-02-21","pittsfield",2,"Flu ED visits pct","2026-03-07","quantile",0.9,2.40066048537615
"2026-02-21","boston",2,"Flu ED visits pct","2026-03-07","quantile",0.9,1.2615745345756
"2026-02-21","springfield",2,"Flu ED visits pct","2026-03-07","quantile",0.9,1.32276656017687
"2026-02-21","new-bedford",2,"Flu ED visits pct","2026-03-07","quantile",0.9,2.42965142789664
"2026-02-21","lynn",2,"Flu ED visits pct","2026-03-07","quantile",0.9,1.82109289163543
"2026-02-21","massachusetts",2,"Flu ED visits pct","2026-03-07","quantile",0.95,1.4509494016041
"2026-02-21","worcester",2,"Flu ED visits pct","2026-03-07","quantile",0.95,2.58926720625399
"2026-02-21","pittsfield",2,"Flu ED visits pct","2026-03-07","quantile",0.95,3.8161929289891
"2026-02-21","boston",2,"Flu ED visits pct","2026-03-07","quantile",0.95,1.51883666708004
"2026-02-21","springfield",2,"Flu ED visits pct","2026-03-07","quantile",0.95,1.80080596409359
"2026-02-21","new-bedford",2,"Flu ED visits pct","2026-03-07","quantile",0.95,3.08874221895921
"2026-02-21","lynn",2,"Flu ED visits pct","2026-03-07","quantile",0.95,2.32677559992384
"2026-02-21","massachusetts",2,"Flu ED visits pct","2026-03-07","quantile",0.975,1.64278812725727
"2026-02-21","worcester",2,"Flu ED visits pct","2026-03-07","quantile",0.975,3.28409928885997
"2026-02-21","pittsfield",2,"Flu ED visits pct","2026-03-07","quantile",0.975,4.82573296023854
"2026-02-21","boston",2,"Flu ED visits pct","2026-03-07","quantile",0.975,1.75964698617066
"2026-02-21","springfield",2,"Flu ED visits pct","2026-03-07","quantile",0.975,2.13023504624355
"2026-02-21","new-bedford",2,"Flu ED visits pct","2026-03-07","quantile",0.975,3.78630060643466
"2026-02-21","lynn",2,"Flu ED visits pct","2026-03-07","quantile",0.975,2.89247618017816
"2026-02-21","massachusetts",3,"Flu ED visits pct","2026-03-14","quantile",0.025,0
"2026-02-21","worcester",3,"Flu ED visits pct","2026-03-14","quantile",0.025,0
"2026-02-21","pittsfield",3,"Flu ED visits pct","2026-03-14","quantile",0.025,0
"2026-02-21","boston",3,"Flu ED visits pct","2026-03-14","quantile",0.025,0
"2026-02-21","springfield",3,"Flu ED visits pct","2026-03-14","quantile",0.025,0
"2026-02-21","new-bedford",3,"Flu ED visits pct","2026-03-14","quantile",0.025,0
"2026-02-21","lynn",3,"Flu ED visits pct","2026-03-14","quantile",0.025,0
"2026-02-21","massachusetts",3,"Flu ED visits pct","2026-03-14","quantile",0.05,0
"2026-02-21","worcester",3,"Flu ED visits pct","2026-03-14","quantile",0.05,0
"2026-02-21","pittsfield",3,"Flu ED visits pct","2026-03-14","quantile",0.05,0
"2026-02-21","boston",3,"Flu ED visits pct","2026-03-14","quantile",0.05,0
"2026-02-21","springfield",3,"Flu ED visits pct","2026-03-14","quantile",0.05,0
"2026-02-21","new-bedford",3,"Flu ED visits pct","2026-03-14","quantile",0.05,0
"2026-02-21","lynn",3,"Flu ED visits pct","2026-03-14","quantile",0.05,0
"2026-02-21","massachusetts",3,"Flu ED visits pct","2026-03-14","quantile",0.1,0
"2026-02-21","worcester",3,"Flu ED visits pct","2026-03-14","quantile",0.1,0
"2026-02-21","pittsfield",3,"Flu ED visits pct","2026-03-14","quantile",0.1,0
"2026-02-21","boston",3,"Flu ED visits pct","2026-03-14","quantile",0.1,0
"2026-02-21","springfield",3,"Flu ED visits pct","2026-03-14","quantile",0.1,0
"2026-02-21","new-bedford",3,"Flu ED visits pct","2026-03-14","quantile",0.1,0
"2026-02-21","lynn",3,"Flu ED visits pct","2026-03-14","quantile",0.1,0
"2026-02-21","massachusetts",3,"Flu ED visits pct","2026-03-14","quantile",0.25,0.175796123062677
"2026-02-21","worcester",3,"Flu ED visits pct","2026-03-14","quantile",0.25,0.0646376550326712
"2026-02-21","pittsfield",3,"Flu ED visits pct","2026-03-14","quantile",0.25,0
"2026-02-21","boston",3,"Flu ED visits pct","2026-03-14","quantile",0.25,0.17337953192815
"2026-02-21","springfield",3,"Flu ED visits pct","2026-03-14","quantile",0.25,0
"2026-02-21","new-bedford",3,"Flu ED visits pct","2026-03-14","quantile",0.25,0.267131510810009
"2026-02-21","lynn",3,"Flu ED visits pct","2026-03-14","quantile",0.25,0.0516641182491462
"2026-02-21","massachusetts",3,"Flu ED visits pct","2026-03-14","quantile",0.5,0.463590237395381
"2026-02-21","worcester",3,"Flu ED visits pct","2026-03-14","quantile",0.5,0.484973246466165
"2026-02-21","pittsfield",3,"Flu ED visits pct","2026-03-14","quantile",0.5,0
"2026-02-21","boston",3,"Flu ED visits pct","2026-03-14","quantile",0.5,0.45042083582137
"2026-02-21","springfield",3,"Flu ED visits pct","2026-03-14","quantile",0.5,0.163301832080119
"2026-02-21","new-bedford",3,"Flu ED visits pct","2026-03-14","quantile",0.5,0.820884538745233
"2026-02-21","lynn",3,"Flu ED visits pct","2026-03-14","quantile",0.5,0.46187607877525
"2026-02-21","massachusetts",3,"Flu ED visits pct","2026-03-14","quantile",0.75,0.853361116421456
"2026-02-21","worcester",3,"Flu ED visits pct","2026-03-14","quantile",0.75,1.19549486289111
"2026-02-21","pittsfield",3,"Flu ED visits pct","2026-03-14","quantile",0.75,1.01192970684536
"2026-02-21","boston",3,"Flu ED visits pct","2026-03-14","quantile",0.75,0.855292303328189
"2026-02-21","springfield",3,"Flu ED visits pct","2026-03-14","quantile",0.75,0.715595967011812
"2026-02-21","new-bedford",3,"Flu ED visits pct","2026-03-14","quantile",0.75,1.65294171025243
"2026-02-21","lynn",3,"Flu ED visits pct","2026-03-14","quantile",0.75,1.09239250505345
"2026-02-21","massachusetts",3,"Flu ED visits pct","2026-03-14","quantile",0.9,1.2929162205407
"2026-02-21","worcester",3,"Flu ED visits pct","2026-03-14","quantile",0.9,2.0970992260154
"2026-02-21","pittsfield",3,"Flu ED visits pct","2026-03-14","quantile",0.9,2.84547927186983
"2026-02-21","boston",3,"Flu ED visits pct","2026-03-14","quantile",0.9,1.35787097115642
"2026-02-21","springfield",3,"Flu ED visits pct","2026-03-14","quantile",0.9,1.43124160008256
"2026-02-21","new-bedford",3,"Flu ED visits pct","2026-03-14","quantile",0.9,2.71113791482908
"2026-02-21","lynn",3,"Flu ED visits pct","2026-03-14","quantile",0.9,1.94292547222954
"2026-02-21","massachusetts",3,"Flu ED visits pct","2026-03-14","quantile",0.95,1.5910611101297
"2026-02-21","worcester",3,"Flu ED visits pct","2026-03-14","quantile",0.95,2.92594310668012
"2026-02-21","pittsfield",3,"Flu ED visits pct","2026-03-14","quantile",0.95,4.63957578089776
"2026-02-21","boston",3,"Flu ED visits pct","2026-03-14","quantile",0.95,1.63327514817791
"2026-02-21","springfield",3,"Flu ED visits pct","2026-03-14","quantile",0.95,2.02056036627009
"2026-02-21","new-bedford",3,"Flu ED visits pct","2026-03-14","quantile",0.95,3.51687862109429
"2026-02-21","lynn",3,"Flu ED visits pct","2026-03-14","quantile",0.95,2.5750049999607
"2026-02-21","massachusetts",3,"Flu ED visits pct","2026-03-14","quantile",0.975,1.95365791534154
"2026-02-21","worcester",3,"Flu ED visits pct","2026-03-14","quantile",0.975,3.77368152483383
"2026-02-21","pittsfield",3,"Flu ED visits pct","2026-03-14","quantile",0.975,6.74493438401844
"2026-02-21","boston",3,"Flu ED visits pct","2026-03-14","quantile",0.975,1.98602386077792
"2026-02-21","springfield",3,"Flu ED visits pct","2026-03-14","quantile",0.975,2.60101920179308
"2026-02-21","new-bedford",3,"Flu ED visits pct","2026-03-14","quantile",0.975,4.31842054458119
"2026-02-21","lynn",3,"Flu ED visits pct","2026-03-14","quantile",0.975,3.35331201874964
"2026-02-21","maryland",0,"Flu ED visits pct","2026-02-21","quantile",0.025,0.121356847641838
"2026-02-21","baltimore",0,"Flu ED visits pct","2026-02-21","quantile",0.025,0
"2026-02-21","frederick",0,"Flu ED visits pct","2026-02-21","quantile",0.025,0
"2026-02-21","montgomery",0,"Flu ED visits pct","2026-02-21","quantile",0.025,0
"2026-02-21","harford",0,"Flu ED visits pct","2026-02-21","quantile",0.025,0
"2026-02-21","maryland",0,"Flu ED visits pct","2026-02-21","quantile",0.05,0.174123967481347
"2026-02-21","baltimore",0,"Flu ED visits pct","2026-02-21","quantile",0.05,0
"2026-02-21","frederick",0,"Flu ED visits pct","2026-02-21","quantile",0.05,0
"2026-02-21","montgomery",0,"Flu ED visits pct","2026-02-21","quantile",0.05,0.0161053198208924
"2026-02-21","harford",0,"Flu ED visits pct","2026-02-21","quantile",0.05,0
"2026-02-21","maryland",0,"Flu ED visits pct","2026-02-21","quantile",0.1,0.23342921820945
"2026-02-21","baltimore",0,"Flu ED visits pct","2026-02-21","quantile",0.1,0
"2026-02-21","frederick",0,"Flu ED visits pct","2026-02-21","quantile",0.1,0.0516278043285093
"2026-02-21","montgomery",0,"Flu ED visits pct","2026-02-21","quantile",0.1,0.0724107463432192
"2026-02-21","harford",0,"Flu ED visits pct","2026-02-21","quantile",0.1,0
"2026-02-21","maryland",0,"Flu ED visits pct","2026-02-21","quantile",0.25,0.341405941769269
"2026-02-21","baltimore",0,"Flu ED visits pct","2026-02-21","quantile",0.25,0.0717151952203696
"2026-02-21","frederick",0,"Flu ED visits pct","2026-02-21","quantile",0.25,0.287408542013221
"2026-02-21","montgomery",0,"Flu ED visits pct","2026-02-21","quantile",0.25,0.182701288250276
"2026-02-21","harford",0,"Flu ED visits pct","2026-02-21","quantile",0.25,0.0439219535130095
"2026-02-21","maryland",0,"Flu ED visits pct","2026-02-21","quantile",0.5,0.496100026511583
"2026-02-21","baltimore",0,"Flu ED visits pct","2026-02-21","quantile",0.5,0.186685539960394
"2026-02-21","frederick",0,"Flu ED visits pct","2026-02-21","quantile",0.5,0.683671926022543
"2026-02-21","montgomery",0,"Flu ED visits pct","2026-02-21","quantile",0.5,0.33073352540201
"2026-02-21","harford",0,"Flu ED visits pct","2026-02-21","quantile",0.5,0.294093682332468
"2026-02-21","maryland",0,"Flu ED visits pct","2026-02-21","quantile",0.75,0.670045620019952
"2026-02-21","baltimore",0,"Flu ED visits pct","2026-02-21","quantile",0.75,0.312558473145897
"2026-02-21","frederick",0,"Flu ED visits pct","2026-02-21","quantile",0.75,1.22266050212245
"2026-02-21","montgomery",0,"Flu ED visits pct","2026-02-21","quantile",0.75,0.483680096722929
"2026-02-21","harford",0,"Flu ED visits pct","2026-02-21","quantile",0.75,0.66488748526482
"2026-02-21","maryland",0,"Flu ED visits pct","2026-02-21","quantile",0.9,0.843061988876396
"2026-02-21","baltimore",0,"Flu ED visits pct","2026-02-21","quantile",0.9,0.440942829380217
"2026-02-21","frederick",0,"Flu ED visits pct","2026-02-21","quantile",0.9,1.88071712704525
"2026-02-21","montgomery",0,"Flu ED visits pct","2026-02-21","quantile",0.9,0.661251335106044
"2026-02-21","harford",0,"Flu ED visits pct","2026-02-21","quantile",0.9,1.08300429522205
"2026-02-21","maryland",0,"Flu ED visits pct","2026-02-21","quantile",0.95,0.94843297938907
"2026-02-21","baltimore",0,"Flu ED visits pct","2026-02-21","quantile",0.95,0.536255162488293
"2026-02-21","frederick",0,"Flu ED visits pct","2026-02-21","quantile",0.95,2.35364632908759
"2026-02-21","montgomery",0,"Flu ED visits pct","2026-02-21","quantile",0.95,0.761697327944467
"2026-02-21","harford",0,"Flu ED visits pct","2026-02-21","quantile",0.95,1.45113445589322
"2026-02-21","maryland",0,"Flu ED visits pct","2026-02-21","quantile",0.975,1.05177775788062
"2026-02-21","baltimore",0,"Flu ED visits pct","2026-02-21","quantile",0.975,0.606145672351984
"2026-02-21","frederick",0,"Flu ED visits pct","2026-02-21","quantile",0.975,2.78267452682608
"2026-02-21","montgomery",0,"Flu ED visits pct","2026-02-21","quantile",0.975,0.887177225637119
"2026-02-21","harford",0,"Flu ED visits pct","2026-02-21","quantile",0.975,1.76506614543374
"2026-02-21","maryland",1,"Flu ED visits pct","2026-02-28","quantile",0.025,0
"2026-02-21","baltimore",1,"Flu ED visits pct","2026-02-28","quantile",0.025,0
"2026-02-21","frederick",1,"Flu ED visits pct","2026-02-28","quantile",0.025,0
"2026-02-21","montgomery",1,"Flu ED visits pct","2026-02-28","quantile",0.025,0
"2026-02-21","harford",1,"Flu ED visits pct","2026-02-28","quantile",0.025,0
"2026-02-21","maryland",1,"Flu ED visits pct","2026-02-28","quantile",0.05,0.00282968897901087
"2026-02-21","baltimore",1,"Flu ED visits pct","2026-02-28","quantile",0.05,0
"2026-02-21","frederick",1,"Flu ED visits pct","2026-02-28","quantile",0.05,0
"2026-02-21","montgomery",1,"Flu ED visits pct","2026-02-28","quantile",0.05,0
"2026-02-21","harford",1,"Flu ED visits pct","2026-02-28","quantile",0.05,0
"2026-02-21","maryland",1,"Flu ED visits pct","2026-02-28","quantile",0.1,0.0703764713157971
"2026-02-21","baltimore",1,"Flu ED visits pct","2026-02-28","quantile",0.1,0
"2026-02-21","frederick",1,"Flu ED visits pct","2026-02-28","quantile",0.1,0
"2026-02-21","montgomery",1,"Flu ED visits pct","2026-02-28","quantile",0.1,0
"2026-02-21","harford",1,"Flu ED visits pct","2026-02-28","quantile",0.1,0
"2026-02-21","maryland",1,"Flu ED visits pct","2026-02-28","quantile",0.25,0.206238795971462
"2026-02-21","baltimore",1,"Flu ED visits pct","2026-02-28","quantile",0.25,0
"2026-02-21","frederick",1,"Flu ED visits pct","2026-02-28","quantile",0.25,0.0645718749196927
"2026-02-21","montgomery",1,"Flu ED visits pct","2026-02-28","quantile",0.25,0.0443306095424214
"2026-02-21","harford",1,"Flu ED visits pct","2026-02-28","quantile",0.25,0
"2026-02-21","maryland",1,"Flu ED visits pct","2026-02-28","quantile",0.5,0.393147944517393
"2026-02-21","baltimore",1,"Flu ED visits pct","2026-02-28","quantile",0.5,0.117036440961179
"2026-02-21","frederick",1,"Flu ED visits pct","2026-02-28","quantile",0.5,0.518419166561161
"2026-02-21","montgomery",1,"Flu ED visits pct","2026-02-28","quantile",0.5,0.22387525197114
"2026-02-21","harford",1,"Flu ED visits pct","2026-02-28","quantile",0.5,0.198964213423357
"2026-02-21","maryland",1,"Flu ED visits pct","2026-02-28","quantile",0.75,0.644038733964053
"2026-02-21","baltimore",1,"Flu ED visits pct","2026-02-28","quantile",0.75,0.295608519021827
"2026-02-21","frederick",1,"Flu ED visits pct","2026-02-28","quantile",0.75,1.35949842791916
"2026-02-21","montgomery",1,"Flu ED visits pct","2026-02-28","quantile",0.75,0.466762208981327
"2026-02-21","harford",1,"Flu ED visits pct","2026-02-28","quantile",0.75,0.735286357544485
"2026-02-21","maryland",1,"Flu ED visits pct","2026-02-28","quantile",0.9,0.908831483377102
"2026-02-21","baltimore",1,"Flu ED visits pct","2026-02-28","quantile",0.9,0.498283584090672
"2026-02-21","frederick",1,"Flu ED visits pct","2026-02-28","quantile",0.9,2.5510918715009
"2026-02-21","montgomery",1,"Flu ED visits pct","2026-02-28","quantile",0.9,0.746360046548095
"2026-02-21","harford",1,"Flu ED visits pct","2026-02-28","quantile",0.9,1.5100787064119
"2026-02-21","maryland",1,"Flu ED visits pct","2026-02-28","quantile",0.95,1.0844247113544
"2026-02-21","baltimore",1,"Flu ED visits pct","2026-02-28","quantile",0.95,0.641436831559293
"2026-02-21","frederick",1,"Flu ED visits pct","2026-02-28","quantile",0.95,3.52093554040334
"2026-02-21","montgomery",1,"Flu ED visits pct","2026-02-28","quantile",0.95,0.898906752743097
"2026-02-21","harford",1,"Flu ED visits pct","2026-02-28","quantile",0.95,2.10471941982713
"2026-02-21","maryland",1,"Flu ED visits pct","2026-02-28","quantile",0.975,1.24246512750645
"2026-02-21","baltimore",1,"Flu ED visits pct","2026-02-28","quantile",0.975,0.795196452796773
"2026-02-21","frederick",1,"Flu ED visits pct","2026-02-28","quantile",0.975,4.6138147707397
"2026-02-21","montgomery",1,"Flu ED visits pct","2026-02-28","quantile",0.975,1.06063817752712
"2026-02-21","harford",1,"Flu ED visits pct","2026-02-28","quantile",0.975,2.78529582972677
"2026-02-21","maryland",2,"Flu ED visits pct","2026-03-07","quantile",0.025,0
"2026-02-21","baltimore",2,"Flu ED visits pct","2026-03-07","quantile",0.025,0
"2026-02-21","frederick",2,"Flu ED visits pct","2026-03-07","quantile",0.025,0
"2026-02-21","montgomery",2,"Flu ED visits pct","2026-03-07","quantile",0.025,0
"2026-02-21","harford",2,"Flu ED visits pct","2026-03-07","quantile",0.025,0
"2026-02-21","maryland",2,"Flu ED visits pct","2026-03-07","quantile",0.05,0
"2026-02-21","baltimore",2,"Flu ED visits pct","2026-03-07","quantile",0.05,0
"2026-02-21","frederick",2,"Flu ED visits pct","2026-03-07","quantile",0.05,0
"2026-02-21","montgomery",2,"Flu ED visits pct","2026-03-07","quantile",0.05,0
"2026-02-21","harford",2,"Flu ED visits pct","2026-03-07","quantile",0.05,0
"2026-02-21","maryland",2,"Flu ED visits pct","2026-03-07","quantile",0.1,0
"2026-02-21","baltimore",2,"Flu ED visits pct","2026-03-07","quantile",0.1,0
"2026-02-21","frederick",2,"Flu ED visits pct","2026-03-07","quantile",0.1,0
"2026-02-21","montgomery",2,"Flu ED visits pct","2026-03-07","quantile",0.1,0
"2026-02-21","harford",2,"Flu ED visits pct","2026-03-07","quantile",0.1,0
"2026-02-21","maryland",2,"Flu ED visits pct","2026-03-07","quantile",0.25,0.0968688564063404
"2026-02-21","baltimore",2,"Flu ED visits pct","2026-03-07","quantile",0.25,0
"2026-02-21","frederick",2,"Flu ED visits pct","2026-03-07","quantile",0.25,0
"2026-02-21","montgomery",2,"Flu ED visits pct","2026-03-07","quantile",0.25,0
"2026-02-21","harford",2,"Flu ED visits pct","2026-03-07","quantile",0.25,0
"2026-02-21","maryland",2,"Flu ED visits pct","2026-03-07","quantile",0.5,0.314027472598544
"2026-02-21","baltimore",2,"Flu ED visits pct","2026-03-07","quantile",0.5,0.0685943659018545
"2026-02-21","frederick",2,"Flu ED visits pct","2026-03-07","quantile",0.5,0.404285757197981
"2026-02-21","montgomery",2,"Flu ED visits pct","2026-03-07","quantile",0.5,0.145251374514673
"2026-02-21","harford",2,"Flu ED visits pct","2026-03-07","quantile",0.5,0.124132423580995
"2026-02-21","maryland",2,"Flu ED visits pct","2026-03-07","quantile",0.75,0.640762962194322
"2026-02-21","baltimore",2,"Flu ED visits pct","2026-03-07","quantile",0.75,0.291910511321668
"2026-02-21","frederick",2,"Flu ED visits pct","2026-03-07","quantile",0.75,1.51351391203079
"2026-02-21","montgomery",2,"Flu ED visits pct","2026-03-07","quantile",0.75,0.443817126426465
"2026-02-21","harford",2,"Flu ED visits pct","2026-03-07","quantile",0.75,0.764198284467585
"2026-02-21","maryland",2,"Flu ED visits pct","2026-03-07","quantile",0.9,1.01246537966266
"2026-02-21","baltimore",2,"Flu ED visits pct","2026-03-07","quantile",0.9,0.577597520144708
"2026-02-21","frederick",2,"Flu ED visits pct","2026-03-07","quantile",0.9,3.07348861399973
"2026-02-21","montgomery",2,"Flu ED visits pct","2026-03-07","quantile",0.9,0.826779473546029
"2026-02-21","harford",2,"Flu ED visits pct","2026-03-07","quantile",0.9,1.87586333319453
"2026-02-21","maryland",2,"Flu ED visits pct","2026-03-07","quantile",0.95,1.25824352225923
"2026-02-21","baltimore",2,"Flu ED visits pct","2026-03-07","quantile",0.95,0.748382136092941
"2026-02-21","frederick",2,"Flu ED visits pct","2026-03-07","quantile",0.95,4.7566180216548
"2026-02-21","montgomery",2,"Flu ED visits pct","2026-03-07","quantile",0.95,1.11293395893763
"2026-02-21","harford",2,"Flu ED visits pct","2026-03-07","quantile",0.95,2.86733119776485
"2026-02-21","maryland",2,"Flu ED visits pct","2026-03-07","quantile",0.975,1.48547310449869
"2026-02-21","baltimore",2,"Flu ED visits pct","2026-03-07","quantile",0.975,0.949889703705788
"2026-02-21","frederick",2,"Flu ED visits pct","2026-03-07","quantile",0.975,6.86869179813269
"2026-02-21","montgomery",2,"Flu ED visits pct","2026-03-07","quantile",0.975,1.3520641634266
"2026-02-21","harford",2,"Flu ED visits pct","2026-03-07","quantile",0.975,3.92800922600339
"2026-02-21","maryland",3,"Flu ED visits pct","2026-03-14","quantile",0.025,0
"2026-02-21","baltimore",3,"Flu ED visits pct","2026-03-14","quantile",0.025,0
"2026-02-21","frederick",3,"Flu ED visits pct","2026-03-14","quantile",0.025,0
"2026-02-21","montgomery",3,"Flu ED visits pct","2026-03-14","quantile",0.025,0
"2026-02-21","harford",3,"Flu ED visits pct","2026-03-14","quantile",0.025,0
"2026-02-21","maryland",3,"Flu ED visits pct","2026-03-14","quantile",0.05,0
"2026-02-21","baltimore",3,"Flu ED visits pct","2026-03-14","quantile",0.05,0
"2026-02-21","frederick",3,"Flu ED visits pct","2026-03-14","quantile",0.05,0
"2026-02-21","montgomery",3,"Flu ED visits pct","2026-03-14","quantile",0.05,0
"2026-02-21","harford",3,"Flu ED visits pct","2026-03-14","quantile",0.05,0
"2026-02-21","maryland",3,"Flu ED visits pct","2026-03-14","quantile",0.1,0
"2026-02-21","baltimore",3,"Flu ED visits pct","2026-03-14","quantile",0.1,0
"2026-02-21","frederick",3,"Flu ED visits pct","2026-03-14","quantile",0.1,0
"2026-02-21","montgomery",3,"Flu ED visits pct","2026-03-14","quantile",0.1,0
"2026-02-21","harford",3,"Flu ED visits pct","2026-03-14","quantile",0.1,0
"2026-02-21","maryland",3,"Flu ED visits pct","2026-03-14","quantile",0.25,0.0295358078228262
"2026-02-21","baltimore",3,"Flu ED visits pct","2026-03-14","quantile",0.25,0
"2026-02-21","frederick",3,"Flu ED visits pct","2026-03-14","quantile",0.25,0
"2026-02-21","montgomery",3,"Flu ED visits pct","2026-03-14","quantile",0.25,0
"2026-02-21","harford",3,"Flu ED visits pct","2026-03-14","quantile",0.25,0
"2026-02-21","maryland",3,"Flu ED visits pct","2026-03-14","quantile",0.5,0.281951875178039
"2026-02-21","baltimore",3,"Flu ED visits pct","2026-03-14","quantile",0.5,0.0399672777946769
"2026-02-21","frederick",3,"Flu ED visits pct","2026-03-14","quantile",0.5,0.349781590589845
"2026-02-21","montgomery",3,"Flu ED visits pct","2026-03-14","quantile",0.5,0.0960326410595818
"2026-02-21","harford",3,"Flu ED visits pct","2026-03-14","quantile",0.5,0.0742853909782568
"2026-02-21","maryland",3,"Flu ED visits pct","2026-03-14","quantile",0.75,0.632662164787775
"2026-02-21","baltimore",3,"Flu ED visits pct","2026-03-14","quantile",0.75,0.295272103807364
"2026-02-21","frederick",3,"Flu ED visits pct","2026-03-14","quantile",0.75,1.68930352155582
"2026-02-21","montgomery",3,"Flu ED visits pct","2026-03-14","quantile",0.75,0.452393555354553
"2026-02-21","harford",3,"Flu ED visits pct","2026-03-14","quantile",0.75,0.864850022421117
"2026-02-21","maryland",3,"Flu ED visits pct","2026-03-14","quantile",0.9,1.0874358520711
"2026-02-21","baltimore",3,"Flu ED visits pct","2026-03-14","quantile",0.9,0.647173504078212
"2026-02-21","frederick",3,"Flu ED visits pct","2026-03-14","quantile",0.9,3.73316847190303
"2026-02-21","montgomery",3,"Flu ED visits pct","2026-03-14","quantile",0.9,0.934417288479685
"2026-02-21","harford",3,"Flu ED visits pct","2026-03-14","quantile",0.9,2.26263789533117
"2026-02-21","maryland",3,"Flu ED visits pct","2026-03-14","quantile",0.95,1.42728511301365
"2026-02-21","baltimore",3,"Flu ED visits pct","2026-03-14","quantile",0.95,0.904431625659324
"2026-02-21","frederick",3,"Flu ED visits pct","2026-03-14","quantile",0.95,6.14919211278782
"2026-02-21","montgomery",3,"Flu ED visits pct","2026-03-14","quantile",0.95,1.24794164390895
"2026-02-21","harford",3,"Flu ED visits pct","2026-03-14","quantile",0.95,3.57617334532458
"2026-02-21","maryland",3,"Flu ED visits pct","2026-03-14","quantile",0.975,1.72055089613322
"2026-02-21","baltimore",3,"Flu ED visits pct","2026-03-14","quantile",0.975,1.18900701695715
"2026-02-21","frederick",3,"Flu ED visits pct","2026-03-14","quantile",0.975,8.33990187349947
"2026-02-21","montgomery",3,"Flu ED visits pct","2026-03-14","quantile",0.975,1.55454037462182
"2026-02-21","harford",3,"Flu ED visits pct","2026-03-14","quantile",0.975,5.21567077726776
"2026-02-21","maine",0,"Flu ED visits pct","2026-02-21","quantile",0.025,0.63823955698367
"2026-02-21","bangor",0,"Flu ED visits pct","2026-02-21","quantile",0.025,0.670963983165573
"2026-02-21","maine",0,"Flu ED visits pct","2026-02-21","quantile",0.05,0.743564104106441
"2026-02-21","bangor",0,"Flu ED visits pct","2026-02-21","quantile",0.05,0.869293263777265
"2026-02-21","maine",0,"Flu ED visits pct","2026-02-21","quantile",0.1,0.855972569310303
"2026-02-21","bangor",0,"Flu ED visits pct","2026-02-21","quantile",0.1,1.09693176020193
"2026-02-21","maine",0,"Flu ED visits pct","2026-02-21","quantile",0.25,1.08503600098652
"2026-02-21","bangor",0,"Flu ED visits pct","2026-02-21","quantile",0.25,1.55368647527752
"2026-02-21","maine",0,"Flu ED visits pct","2026-02-21","quantile",0.5,1.3939704564912
"2026-02-21","bangor",0,"Flu ED visits pct","2026-02-21","quantile",0.5,2.1361588919947
"2026-02-21","maine",0,"Flu ED visits pct","2026-02-21","quantile",0.75,1.70372176485735
"2026-02-21","bangor",0,"Flu ED visits pct","2026-02-21","quantile",0.75,2.91124184194292
"2026-02-21","maine",0,"Flu ED visits pct","2026-02-21","quantile",0.9,2.07145640654461
"2026-02-21","bangor",0,"Flu ED visits pct","2026-02-21","quantile",0.9,3.82450786449772
"2026-02-21","maine",0,"Flu ED visits pct","2026-02-21","quantile",0.95,2.33437973757487
"2026-02-21","bangor",0,"Flu ED visits pct","2026-02-21","quantile",0.95,4.3703884269975
"2026-02-21","maine",0,"Flu ED visits pct","2026-02-21","quantile",0.975,2.50271929419133
"2026-02-21","bangor",0,"Flu ED visits pct","2026-02-21","quantile",0.975,4.82204135616381
"2026-02-21","maine",1,"Flu ED visits pct","2026-02-28","quantile",0.025,0.226197033468437
"2026-02-21","bangor",1,"Flu ED visits pct","2026-02-28","quantile",0.025,0.198408221181135
"2026-02-21","maine",1,"Flu ED visits pct","2026-02-28","quantile",0.05,0.32763112068694
"2026-02-21","bangor",1,"Flu ED visits pct","2026-02-28","quantile",0.05,0.377958367908536
"2026-02-21","maine",1,"Flu ED visits pct","2026-02-28","quantile",0.1,0.470347486933277
"2026-02-21","bangor",1,"Flu ED visits pct","2026-02-28","quantile",0.1,0.609698500060606
"2026-02-21","maine",1,"Flu ED visits pct","2026-02-28","quantile",0.25,0.743159552570412
"2026-02-21","bangor",1,"Flu ED visits pct","2026-02-28","quantile",0.25,1.16585617499899
"2026-02-21","maine",1,"Flu ED visits pct","2026-02-28","quantile",0.5,1.12016073524166
"2026-02-21","bangor",1,"Flu ED visits pct","2026-02-28","quantile",0.5,1.97615546285839
"2026-02-21","maine",1,"Flu ED visits pct","2026-02-28","quantile",0.75,1.57852070263038
"2026-02-21","bangor",1,"Flu ED visits pct","2026-02-28","quantile",0.75,3.05506007877833
"2026-02-21","maine",1,"Flu ED visits pct","2026-02-28","quantile",0.9,2.12300162595035
"2026-02-21","bangor",1,"Flu ED visits pct","2026-02-28","quantile",0.9,4.41187077742411
"2026-02-21","maine",1,"Flu ED visits pct","2026-02-28","quantile",0.95,2.41877368785042
"2026-02-21","bangor",1,"Flu ED visits pct","2026-02-28","quantile",0.95,5.68522619022448
"2026-02-21","maine",1,"Flu ED visits pct","2026-02-28","quantile",0.975,2.77029224748496
"2026-02-21","bangor",1,"Flu ED visits pct","2026-02-28","quantile",0.975,6.60382060790207
"2026-02-21","maine",2,"Flu ED visits pct","2026-03-07","quantile",0.025,0.0120186567224123
"2026-02-21","bangor",2,"Flu ED visits pct","2026-03-07","quantile",0.025,0
"2026-02-21","maine",2,"Flu ED visits pct","2026-03-07","quantile",0.05,0.101729046736602
"2026-02-21","bangor",2,"Flu ED visits pct","2026-03-07","quantile",0.05,0.0975396622723554
"2026-02-21","maine",2,"Flu ED visits pct","2026-03-07","quantile",0.1,0.210980530355199
"2026-02-21","bangor",2,"Flu ED visits pct","2026-03-07","quantile",0.1,0.351598637120415
"2026-02-21","maine",2,"Flu ED visits pct","2026-03-07","quantile",0.25,0.494181771627488
"2026-02-21","bangor",2,"Flu ED visits pct","2026-03-07","quantile",0.25,0.918082908053701
"2026-02-21","maine",2,"Flu ED visits pct","2026-03-07","quantile",0.5,0.920644530564724
"2026-02-21","bangor",2,"Flu ED visits pct","2026-03-07","quantile",0.5,1.83050601140587
"2026-02-21","maine",2,"Flu ED visits pct","2026-03-07","quantile",0.75,1.48019965651276
"2026-02-21","bangor",2,"Flu ED visits pct","2026-03-07","quantile",0.75,3.17653139207976
"2026-02-21","maine",2,"Flu ED visits pct","2026-03-07","quantile",0.9,2.14048780743797
"2026-02-21","bangor",2,"Flu ED visits pct","2026-03-07","quantile",0.9,5.21892995911042
"2026-02-21","maine",2,"Flu ED visits pct","2026-03-07","quantile",0.95,2.59435014281476
"2026-02-21","bangor",2,"Flu ED visits pct","2026-03-07","quantile",0.95,6.65826932082969
"2026-02-21","maine",2,"Flu ED visits pct","2026-03-07","quantile",0.975,3.09522640259617
"2026-02-21","bangor",2,"Flu ED visits pct","2026-03-07","quantile",0.975,8.71489701364163
"2026-02-21","maine",3,"Flu ED visits pct","2026-03-14","quantile",0.025,0
"2026-02-21","bangor",3,"Flu ED visits pct","2026-03-14","quantile",0.025,0
"2026-02-21","maine",3,"Flu ED visits pct","2026-03-14","quantile",0.05,0
"2026-02-21","bangor",3,"Flu ED visits pct","2026-03-14","quantile",0.05,0
"2026-02-21","maine",3,"Flu ED visits pct","2026-03-14","quantile",0.1,0.0553037423945391
"2026-02-21","bangor",3,"Flu ED visits pct","2026-03-14","quantile",0.1,0.134076501747645
"2026-02-21","maine",3,"Flu ED visits pct","2026-03-14","quantile",0.25,0.31444803983082
"2026-02-21","bangor",3,"Flu ED visits pct","2026-03-14","quantile",0.25,0.728297319653222
"2026-02-21","maine",3,"Flu ED visits pct","2026-03-14","quantile",0.5,0.752040355549553
"2026-02-21","bangor",3,"Flu ED visits pct","2026-03-14","quantile",0.5,1.76494429876264
"2026-02-21","maine",3,"Flu ED visits pct","2026-03-14","quantile",0.75,1.40878916832074
"2026-02-21","bangor",3,"Flu ED visits pct","2026-03-14","quantile",0.75,3.41703076148713
"2026-02-21","maine",3,"Flu ED visits pct","2026-03-14","quantile",0.9,2.22070287523428
"2026-02-21","bangor",3,"Flu ED visits pct","2026-03-14","quantile",0.9,5.88013619336369
"2026-02-21","maine",3,"Flu ED visits pct","2026-03-14","quantile",0.95,2.8679270772122
"2026-02-21","bangor",3,"Flu ED visits pct","2026-03-14","quantile",0.95,7.97337727693021
"2026-02-21","maine",3,"Flu ED visits pct","2026-03-14","quantile",0.975,3.32767300462632
"2026-02-21","bangor",3,"Flu ED visits pct","2026-03-14","quantile",0.975,10.3964493884205
"2026-02-21","minnesota",0,"Flu ED visits pct","2026-02-21","quantile",0.025,0.840566257710738
"2026-02-21","st-paul",0,"Flu ED visits pct","2026-02-21","quantile",0.025,0.277781670280573
"2026-02-21","duluth",0,"Flu ED visits pct","2026-02-21","quantile",0.025,0
"2026-02-21","minneapolis",0,"Flu ED visits pct","2026-02-21","quantile",0.025,0.468274405944552
"2026-02-21","st-cloud",0,"Flu ED visits pct","2026-02-21","quantile",0.025,0.906336067862421
"2026-02-21","rochester",0,"Flu ED visits pct","2026-02-21","quantile",0.025,1.06941258061776
"2026-02-21","minnesota",0,"Flu ED visits pct","2026-02-21","quantile",0.05,0.953314076518181
"2026-02-21","st-paul",0,"Flu ED visits pct","2026-02-21","quantile",0.05,0.350818872412183
"2026-02-21","duluth",0,"Flu ED visits pct","2026-02-21","quantile",0.05,0.0202930897258826
"2026-02-21","minneapolis",0,"Flu ED visits pct","2026-02-21","quantile",0.05,0.551196149483414
"2026-02-21","st-cloud",0,"Flu ED visits pct","2026-02-21","quantile",0.05,1.11529856665222
"2026-02-21","rochester",0,"Flu ED visits pct","2026-02-21","quantile",0.05,1.32662854874498
"2026-02-21","minnesota",0,"Flu ED visits pct","2026-02-21","quantile",0.1,1.10210483930102
"2026-02-21","st-paul",0,"Flu ED visits pct","2026-02-21","quantile",0.1,0.445266564630997
"2026-02-21","duluth",0,"Flu ED visits pct","2026-02-21","quantile",0.1,0.144326908268349
"2026-02-21","minneapolis",0,"Flu ED visits pct","2026-02-21","quantile",0.1,0.697929645333259
"2026-02-21","st-cloud",0,"Flu ED visits pct","2026-02-21","quantile",0.1,1.48761241989879
"2026-02-21","rochester",0,"Flu ED visits pct","2026-02-21","quantile",0.1,1.65623873284918
"2026-02-21","minnesota",0,"Flu ED visits pct","2026-02-21","quantile",0.25,1.35791626077342
"2026-02-21","st-paul",0,"Flu ED visits pct","2026-02-21","quantile",0.25,0.647948363853543
"2026-02-21","duluth",0,"Flu ED visits pct","2026-02-21","quantile",0.25,0.499009439955584
"2026-02-21","minneapolis",0,"Flu ED visits pct","2026-02-21","quantile",0.25,0.953949700832575
"2026-02-21","st-cloud",0,"Flu ED visits pct","2026-02-21","quantile",0.25,2.16644852954936
"2026-02-21","rochester",0,"Flu ED visits pct","2026-02-21","quantile",0.25,2.38878580202852
"2026-02-21","minnesota",0,"Flu ED visits pct","2026-02-21","quantile",0.5,1.64284512925677
"2026-02-21","st-paul",0,"Flu ED visits pct","2026-02-21","quantile",0.5,0.866038501029567
"2026-02-21","duluth",0,"Flu ED visits pct","2026-02-21","quantile",0.5,1.15251750446572
"2026-02-21","minneapolis",0,"Flu ED visits pct","2026-02-21","quantile",0.5,1.29441389719098
"2026-02-21","st-cloud",0,"Flu ED visits pct","2026-02-21","quantile",0.5,3.34513525297711
"2026-02-21","rochester",0,"Flu ED visits pct","2026-02-21","quantile",0.5,3.38471186936307
"2026-02-21","minnesota",0,"Flu ED visits pct","2026-02-21","quantile",0.75,1.98956421862995
"2026-02-21","st-paul",0,"Flu ED visits pct","2026-02-21","quantile",0.75,1.1450969641524
"2026-02-21","duluth",0,"Flu ED visits pct","2026-02-21","quantile",0.75,1.99274117119214
"2026-02-21","minneapolis",0,"Flu ED visits pct","2026-02-21","quantile",0.75,1.68471401616666
"2026-02-21","st-cloud",0,"Flu ED visits pct","2026-02-21","quantile",0.75,4.76554417783241
"2026-02-21","rochester",0,"Flu ED visits pct","2026-02-21","quantile",0.75,4.54752177781836
"2026-02-21","minnesota",0,"Flu ED visits pct","2026-02-21","quantile",0.9,2.32749852545416
"2026-02-21","st-paul",0,"Flu ED visits pct","2026-02-21","quantile",0.9,1.44249044443266
"2026-02-21","duluth",0,"Flu ED visits pct","2026-02-21","quantile",0.9,3.19862431578529
"2026-02-21","minneapolis",0,"Flu ED visits pct","2026-02-21","quantile",0.9,2.12587118519762
"2026-02-21","st-cloud",0,"Flu ED visits pct","2026-02-21","quantile",0.9,6.38206875397204
"2026-02-21","rochester",0,"Flu ED visits pct","2026-02-21","quantile",0.9,5.73157490725837
"2026-02-21","minnesota",0,"Flu ED visits pct","2026-02-21","quantile",0.95,2.54564757733487
"2026-02-21","st-paul",0,"Flu ED visits pct","2026-02-21","quantile",0.95,1.66960110755658
"2026-02-21","duluth",0,"Flu ED visits pct","2026-02-21","quantile",0.95,4.03298978490234
"2026-02-21","minneapolis",0,"Flu ED visits pct","2026-02-21","quantile",0.95,2.39189745638153
"2026-02-21","st-cloud",0,"Flu ED visits pct","2026-02-21","quantile",0.95,7.57880734491723
"2026-02-21","rochester",0,"Flu ED visits pct","2026-02-21","quantile",0.95,6.79029372480133
"2026-02-21","minnesota",0,"Flu ED visits pct","2026-02-21","quantile",0.975,2.7667121087618
"2026-02-21","st-paul",0,"Flu ED visits pct","2026-02-21","quantile",0.975,1.87222240062653
"2026-02-21","duluth",0,"Flu ED visits pct","2026-02-21","quantile",0.975,4.86855201903047
"2026-02-21","minneapolis",0,"Flu ED visits pct","2026-02-21","quantile",0.975,2.62526517340691
"2026-02-21","st-cloud",0,"Flu ED visits pct","2026-02-21","quantile",0.975,8.89254982064887
"2026-02-21","rochester",0,"Flu ED visits pct","2026-02-21","quantile",0.975,7.62182003586703
"2026-02-21","minnesota",1,"Flu ED visits pct","2026-02-28","quantile",0.025,0.426129164079255
"2026-02-21","st-paul",1,"Flu ED visits pct","2026-02-28","quantile",0.025,0
"2026-02-21","duluth",1,"Flu ED visits pct","2026-02-28","quantile",0.025,0
"2026-02-21","minneapolis",1,"Flu ED visits pct","2026-02-28","quantile",0.025,0.131039688645224
"2026-02-21","st-cloud",1,"Flu ED visits pct","2026-02-28","quantile",0.025,0.185969327206652
"2026-02-21","rochester",1,"Flu ED visits pct","2026-02-28","quantile",0.025,0.24201076773635
"2026-02-21","minnesota",1,"Flu ED visits pct","2026-02-28","quantile",0.05,0.564016052714272
"2026-02-21","st-paul",1,"Flu ED visits pct","2026-02-28","quantile",0.05,0.0749882265708298
"2026-02-21","duluth",1,"Flu ED visits pct","2026-02-28","quantile",0.05,0
"2026-02-21","minneapolis",1,"Flu ED visits pct","2026-02-28","quantile",0.05,0.245703337228467
"2026-02-21","st-cloud",1,"Flu ED visits pct","2026-02-28","quantile",0.05,0.398625237850003
"2026-02-21","rochester",1,"Flu ED visits pct","2026-02-28","quantile",0.05,0.486658176124474
"2026-02-21","minnesota",1,"Flu ED visits pct","2026-02-28","quantile",0.1,0.711573790143415
"2026-02-21","st-paul",1,"Flu ED visits pct","2026-02-28","quantile",0.1,0.169262240426839
"2026-02-21","duluth",1,"Flu ED visits pct","2026-02-28","quantile",0.1,0
"2026-02-21","minneapolis",1,"Flu ED visits pct","2026-02-28","quantile",0.1,0.370297032393945
"2026-02-21","st-cloud",1,"Flu ED visits pct","2026-02-28","quantile",0.1,0.751594177445897
"2026-02-21","rochester",1,"Flu ED visits pct","2026-02-28","quantile",0.1,0.824770834158055
"2026-02-21","minnesota",1,"Flu ED visits pct","2026-02-28","quantile",0.25,1.00054127598928
"2026-02-21","st-paul",1,"Flu ED visits pct","2026-02-28","quantile",0.25,0.381452354827086
"2026-02-21","duluth",1,"Flu ED visits pct","2026-02-28","quantile",0.25,0.149713080027459
"2026-02-21","minneapolis",1,"Flu ED visits pct","2026-02-28","quantile",0.25,0.716609835328282
"2026-02-21","st-cloud",1,"Flu ED visits pct","2026-02-28","quantile",0.25,1.55172510578909
"2026-02-21","rochester",1,"Flu ED visits pct","2026-02-28","quantile",0.25,1.58836107590312
"2026-02-21","minnesota",1,"Flu ED visits pct","2026-02-28","quantile",0.5,1.41533571734609
"2026-02-21","st-paul",1,"Flu ED visits pct","2026-02-28","quantile",0.5,0.684122163204832
"2026-02-21","duluth",1,"Flu ED visits pct","2026-02-28","quantile",0.5,0.841300763410048
"2026-02-21","minneapolis",1,"Flu ED visits pct","2026-02-28","quantile",0.5,1.16417102682177
"2026-02-21","st-cloud",1,"Flu ED visits pct","2026-02-28","quantile",0.5,2.97087611514311
"2026-02-21","rochester",1,"Flu ED visits pct","2026-02-28","quantile",0.5,2.8926453261034
"2026-02-21","minnesota",1,"Flu ED visits pct","2026-02-28","quantile",0.75,1.88208076239691
"2026-02-21","st-paul",1,"Flu ED visits pct","2026-02-28","quantile",0.75,1.08137913001352
"2026-02-21","duluth",1,"Flu ED visits pct","2026-02-28","quantile",0.75,2.15784642307531
"2026-02-21","minneapolis",1,"Flu ED visits pct","2026-02-28","quantile",0.75,1.73037580416162
"2026-02-21","st-cloud",1,"Flu ED visits pct","2026-02-28","quantile",0.75,5.20845794484374
"2026-02-21","rochester",1,"Flu ED visits pct","2026-02-28","quantile",0.75,4.5501952800408
"2026-02-21","minnesota",1,"Flu ED visits pct","2026-02-28","quantile",0.9,2.38286519689033
"2026-02-21","st-paul",1,"Flu ED visits pct","2026-02-28","quantile",0.9,1.53763086519811
"2026-02-21","duluth",1,"Flu ED visits pct","2026-02-28","quantile",0.9,3.9406340568511
"2026-02-21","minneapolis",1,"Flu ED visits pct","2026-02-28","quantile",0.9,2.40954850907505
"2026-02-21","st-cloud",1,"Flu ED visits pct","2026-02-28","quantile",0.9,7.78955448645902
"2026-02-21","rochester",1,"Flu ED visits pct","2026-02-28","quantile",0.9,6.5289282261431
"2026-02-21","minnesota",1,"Flu ED visits pct","2026-02-28","quantile",0.95,2.74008578848813
"2026-02-21","st-paul",1,"Flu ED visits pct","2026-02-28","quantile",0.95,1.8627363899726
"2026-02-21","duluth",1,"Flu ED visits pct","2026-02-28","quantile",0.95,5.54838926380573
"2026-02-21","minneapolis",1,"Flu ED visits pct","2026-02-28","quantile",0.95,2.95924617525808
"2026-02-21","st-cloud",1,"Flu ED visits pct","2026-02-28","quantile",0.95,9.9348974012458
"2026-02-21","rochester",1,"Flu ED visits pct","2026-02-28","quantile",0.95,8.15945906753454
"2026-02-21","minnesota",1,"Flu ED visits pct","2026-02-28","quantile",0.975,3.01623336583549
"2026-02-21","st-paul",1,"Flu ED visits pct","2026-02-28","quantile",0.975,2.16636605448601
"2026-02-21","duluth",1,"Flu ED visits pct","2026-02-28","quantile",0.975,7.26645208706124
"2026-02-21","minneapolis",1,"Flu ED visits pct","2026-02-28","quantile",0.975,3.41093326663577
"2026-02-21","st-cloud",1,"Flu ED visits pct","2026-02-28","quantile",0.975,11.8957803660816
"2026-02-21","rochester",1,"Flu ED visits pct","2026-02-28","quantile",0.975,9.95906075387082
"2026-02-21","minnesota",2,"Flu ED visits pct","2026-03-07","quantile",0.025,0.181451751971309
"2026-02-21","st-paul",2,"Flu ED visits pct","2026-03-07","quantile",0.025,0
"2026-02-21","duluth",2,"Flu ED visits pct","2026-03-07","quantile",0.025,0
"2026-02-21","minneapolis",2,"Flu ED visits pct","2026-03-07","quantile",0.025,0
"2026-02-21","st-cloud",2,"Flu ED visits pct","2026-03-07","quantile",0.025,0
"2026-02-21","rochester",2,"Flu ED visits pct","2026-03-07","quantile",0.025,0
"2026-02-21","minnesota",2,"Flu ED visits pct","2026-03-07","quantile",0.05,0.272770107654678
"2026-02-21","st-paul",2,"Flu ED visits pct","2026-03-07","quantile",0.05,0
"2026-02-21","duluth",2,"Flu ED visits pct","2026-03-07","quantile",0.05,0
"2026-02-21","minneapolis",2,"Flu ED visits pct","2026-03-07","quantile",0.05,0.0261872511455519
"2026-02-21","st-cloud",2,"Flu ED visits pct","2026-03-07","quantile",0.05,0.0152312713023451
"2026-02-21","rochester",2,"Flu ED visits pct","2026-03-07","quantile",0.05,0.0404925169502115
"2026-02-21","minnesota",2,"Flu ED visits pct","2026-03-07","quantile",0.1,0.435508047787115
"2026-02-21","st-paul",2,"Flu ED visits pct","2026-03-07","quantile",0.1,0
"2026-02-21","duluth",2,"Flu ED visits pct","2026-03-07","quantile",0.1,0
"2026-02-21","minneapolis",2,"Flu ED visits pct","2026-03-07","quantile",0.1,0.181938844679528
"2026-02-21","st-cloud",2,"Flu ED visits pct","2026-03-07","quantile",0.1,0.304365484841003
"2026-02-21","rochester",2,"Flu ED visits pct","2026-03-07","quantile",0.1,0.336556886032258
"2026-02-21","minnesota",2,"Flu ED visits pct","2026-03-07","quantile",0.25,0.774959120003379
"2026-02-21","st-paul",2,"Flu ED visits pct","2026-03-07","quantile",0.25,0.192569448970299
"2026-02-21","duluth",2,"Flu ED visits pct","2026-03-07","quantile",0.25,0
"2026-02-21","minneapolis",2,"Flu ED visits pct","2026-03-07","quantile",0.25,0.524883355605347
"2026-02-21","st-cloud",2,"Flu ED visits pct","2026-03-07","quantile",0.25,1.17112994835247
"2026-02-21","rochester",2,"Flu ED visits pct","2026-03-07","quantile",0.25,1.04427954347821
"2026-02-21","minnesota",2,"Flu ED visits pct","2026-03-07","quantile",0.5,1.23496986522475
"2026-02-21","st-paul",2,"Flu ED visits pct","2026-03-07","quantile",0.5,0.540611542432626
"2026-02-21","duluth",2,"Flu ED visits pct","2026-03-07","quantile",0.5,0.64902696005406
"2026-02-21","minneapolis",2,"Flu ED visits pct","2026-03-07","quantile",0.5,1.03858521325846
"2026-02-21","st-cloud",2,"Flu ED visits pct","2026-03-07","quantile",0.5,2.72624507190633
"2026-02-21","rochester",2,"Flu ED visits pct","2026-03-07","quantile",0.5,2.38011743739016
"2026-02-21","minnesota",2,"Flu ED visits pct","2026-03-07","quantile",0.75,1.79428176348182
"2026-02-21","st-paul",2,"Flu ED visits pct","2026-03-07","quantile",0.75,0.985992016960058
"2026-02-21","duluth",2,"Flu ED visits pct","2026-03-07","quantile",0.75,2.30703030450342
"2026-02-21","minneapolis",2,"Flu ED visits pct","2026-03-07","quantile",0.75,1.79081862234367
"2026-02-21","st-cloud",2,"Flu ED visits pct","2026-03-07","quantile",0.75,5.40928636852087
"2026-02-21","rochester",2,"Flu ED visits pct","2026-03-07","quantile",0.75,4.55605324755127
"2026-02-21","minnesota",2,"Flu ED visits pct","2026-03-07","quantile",0.9,2.43057522009993
"2026-02-21","st-paul",2,"Flu ED visits pct","2026-03-07","quantile",0.9,1.50703712749617
"2026-02-21","duluth",2,"Flu ED visits pct","2026-03-07","quantile",0.9,5.27258092241461
"2026-02-21","minneapolis",2,"Flu ED visits pct","2026-03-07","quantile",0.9,2.73668434215356
"2026-02-21","st-cloud",2,"Flu ED visits pct","2026-03-07","quantile",0.9,9.64721098292129
"2026-02-21","rochester",2,"Flu ED visits pct","2026-03-07","quantile",0.9,7.31517221268822
"2026-02-21","minnesota",2,"Flu ED visits pct","2026-03-07","quantile",0.95,2.8777795110927
"2026-02-21","st-paul",2,"Flu ED visits pct","2026-03-07","quantile",0.95,2.000586275575
"2026-02-21","duluth",2,"Flu ED visits pct","2026-03-07","quantile",0.95,8.3337033591568
"2026-02-21","minneapolis",2,"Flu ED visits pct","2026-03-07","quantile",0.95,3.34828981160431
"2026-02-21","st-cloud",2,"Flu ED visits pct","2026-03-07","quantile",0.95,12.3838790361046
"2026-02-21","rochester",2,"Flu ED visits pct","2026-03-07","quantile",0.95,9.47162461070577
"2026-02-21","minnesota",2,"Flu ED visits pct","2026-03-07","quantile",0.975,3.28626558118179
"2026-02-21","st-paul",2,"Flu ED visits pct","2026-03-07","quantile",0.975,2.42490306041389
"2026-02-21","duluth",2,"Flu ED visits pct","2026-03-07","quantile",0.975,10.8282329821112
"2026-02-21","minneapolis",2,"Flu ED visits pct","2026-03-07","quantile",0.975,4.12742847136666
"2026-02-21","st-cloud",2,"Flu ED visits pct","2026-03-07","quantile",0.975,14.8959369010019
"2026-02-21","rochester",2,"Flu ED visits pct","2026-03-07","quantile",0.975,11.6879840969682
"2026-02-21","minnesota",3,"Flu ED visits pct","2026-03-14","quantile",0.025,0.0105084098768192
"2026-02-21","st-paul",3,"Flu ED visits pct","2026-03-14","quantile",0.025,0
"2026-02-21","duluth",3,"Flu ED visits pct","2026-03-14","quantile",0.025,0
"2026-02-21","minneapolis",3,"Flu ED visits pct","2026-03-14","quantile",0.025,0
"2026-02-21","st-cloud",3,"Flu ED visits pct","2026-03-14","quantile",0.025,0
"2026-02-21","rochester",3,"Flu ED visits pct","2026-03-14","quantile",0.025,0
"2026-02-21","minnesota",3,"Flu ED visits pct","2026-03-14","quantile",0.05,0.126839017450064
"2026-02-21","st-paul",3,"Flu ED visits pct","2026-03-14","quantile",0.05,0
"2026-02-21","duluth",3,"Flu ED visits pct","2026-03-14","quantile",0.05,0
"2026-02-21","minneapolis",3,"Flu ED visits pct","2026-03-14","quantile",0.05,0
"2026-02-21","st-cloud",3,"Flu ED visits pct","2026-03-14","quantile",0.05,0
"2026-02-21","rochester",3,"Flu ED visits pct","2026-03-14","quantile",0.05,0
"2026-02-21","minnesota",3,"Flu ED visits pct","2026-03-14","quantile",0.1,0.25485859609151
"2026-02-21","st-paul",3,"Flu ED visits pct","2026-03-14","quantile",0.1,0
"2026-02-21","duluth",3,"Flu ED visits pct","2026-03-14","quantile",0.1,0
"2026-02-21","minneapolis",3,"Flu ED visits pct","2026-03-14","quantile",0.1,0.0449007894565875
"2026-02-21","st-cloud",3,"Flu ED visits pct","2026-03-14","quantile",0.1,0.079185247852042
"2026-02-21","rochester",3,"Flu ED visits pct","2026-03-14","quantile",0.1,0.01091952998133
"2026-02-21","minnesota",3,"Flu ED visits pct","2026-03-14","quantile",0.25,0.585064969175112
"2026-02-21","st-paul",3,"Flu ED visits pct","2026-03-14","quantile",0.25,0.0816683348456969
"2026-02-21","duluth",3,"Flu ED visits pct","2026-03-14","quantile",0.25,0
"2026-02-21","minneapolis",3,"Flu ED visits pct","2026-03-14","quantile",0.25,0.385059032430397
"2026-02-21","st-cloud",3,"Flu ED visits pct","2026-03-14","quantile",0.25,0.849040044083584
"2026-02-21","rochester",3,"Flu ED visits pct","2026-03-14","quantile",0.25,0.622107148293858
"2026-02-21","minnesota",3,"Flu ED visits pct","2026-03-14","quantile",0.5,1.06459812331397
"2026-02-21","st-paul",3,"Flu ED visits pct","2026-03-14","quantile",0.5,0.445036145153836
"2026-02-21","duluth",3,"Flu ED visits pct","2026-03-14","quantile",0.5,0.614334599698123
"2026-02-21","minneapolis",3,"Flu ED visits pct","2026-03-14","quantile",0.5,1.03609974864254
"2026-02-21","st-cloud",3,"Flu ED visits pct","2026-03-14","quantile",0.5,2.587810714843
"2026-02-21","rochester",3,"Flu ED visits pct","2026-03-14","quantile",0.5,1.96954540432019
"2026-02-21","minnesota",3,"Flu ED visits pct","2026-03-14","quantile",0.75,1.76328550781481
"2026-02-21","st-paul",3,"Flu ED visits pct","2026-03-14","quantile",0.75,0.984915334508888
"2026-02-21","duluth",3,"Flu ED visits pct","2026-03-14","quantile",0.75,2.72945993613004
"2026-02-21","minneapolis",3,"Flu ED visits pct","2026-03-14","quantile",0.75,1.9346701970562
"2026-02-21","st-cloud",3,"Flu ED visits pct","2026-03-14","quantile",0.75,5.97841125223139
"2026-02-21","rochester",3,"Flu ED visits pct","2026-03-14","quantile",0.75,4.28978617023654
"2026-02-21","minnesota",3,"Flu ED visits pct","2026-03-14","quantile",0.9,2.48274032183326
"2026-02-21","st-paul",3,"Flu ED visits pct","2026-03-14","quantile",0.9,1.67813749285608
"2026-02-21","duluth",3,"Flu ED visits pct","2026-03-14","quantile",0.9,6.25429228366859
"2026-02-21","minneapolis",3,"Flu ED visits pct","2026-03-14","quantile",0.9,3.10423226449559
"2026-02-21","st-cloud",3,"Flu ED visits pct","2026-03-14","quantile",0.9,10.5346779538757
"2026-02-21","rochester",3,"Flu ED visits pct","2026-03-14","quantile",0.9,7.77220380558099
"2026-02-21","minnesota",3,"Flu ED visits pct","2026-03-14","quantile",0.95,3.10728443875042
"2026-02-21","st-paul",3,"Flu ED visits pct","2026-03-14","quantile",0.95,2.17245644048383
"2026-02-21","duluth",3,"Flu ED visits pct","2026-03-14","quantile",0.95,9.75463940789048
"2026-02-21","minneapolis",3,"Flu ED visits pct","2026-03-14","quantile",0.95,3.95576222225882
"2026-02-21","st-cloud",3,"Flu ED visits pct","2026-03-14","quantile",0.95,14.7826108338665
"2026-02-21","rochester",3,"Flu ED visits pct","2026-03-14","quantile",0.95,10.4421810838303
"2026-02-21","minnesota",3,"Flu ED visits pct","2026-03-14","quantile",0.975,3.70466925227501
"2026-02-21","st-paul",3,"Flu ED visits pct","2026-03-14","quantile",0.975,2.66821905760558
"2026-02-21","duluth",3,"Flu ED visits pct","2026-03-14","quantile",0.975,14.2240700575642
"2026-02-21","minneapolis",3,"Flu ED visits pct","2026-03-14","quantile",0.975,4.93618510805237
"2026-02-21","st-cloud",3,"Flu ED visits pct","2026-03-14","quantile",0.975,18.9923847828662
"2026-02-21","rochester",3,"Flu ED visits pct","2026-03-14","quantile",0.975,13.5283938544367
"2026-02-21","oregon",0,"Flu ED visits pct","2026-02-21","quantile",0.025,3.22470427656676
"2026-02-21","portland-or",0,"Flu ED visits pct","2026-02-21","quantile",0.025,2.37767148591784
"2026-02-21","salem",0,"Flu ED visits pct","2026-02-21","quantile",0.025,3.96323865275467
"2026-02-21","deschutes",0,"Flu ED visits pct","2026-02-21","quantile",0.025,1.68310081196673
"2026-02-21","eugene",0,"Flu ED visits pct","2026-02-21","quantile",0.025,1.84987145640386
"2026-02-21","medford",0,"Flu ED visits pct","2026-02-21","quantile",0.025,2.91435987364076
"2026-02-21","oregon",0,"Flu ED visits pct","2026-02-21","quantile",0.05,3.45617142286027
"2026-02-21","portland-or",0,"Flu ED visits pct","2026-02-21","quantile",0.05,2.57448818748813
"2026-02-21","salem",0,"Flu ED visits pct","2026-02-21","quantile",0.05,4.32686848717316
"2026-02-21","deschutes",0,"Flu ED visits pct","2026-02-21","quantile",0.05,2.060927040274
"2026-02-21","eugene",0,"Flu ED visits pct","2026-02-21","quantile",0.05,2.12261999473992
"2026-02-21","medford",0,"Flu ED visits pct","2026-02-21","quantile",0.05,3.37631246427274
"2026-02-21","oregon",0,"Flu ED visits pct","2026-02-21","quantile",0.1,3.71071253700071
"2026-02-21","portland-or",0,"Flu ED visits pct","2026-02-21","quantile",0.1,2.81229385869612
"2026-02-21","salem",0,"Flu ED visits pct","2026-02-21","quantile",0.1,4.83455778961303
"2026-02-21","deschutes",0,"Flu ED visits pct","2026-02-21","quantile",0.1,2.46881300746104
"2026-02-21","eugene",0,"Flu ED visits pct","2026-02-21","quantile",0.1,2.39212327040942
"2026-02-21","medford",0,"Flu ED visits pct","2026-02-21","quantile",0.1,3.94495179322635
"2026-02-21","oregon",0,"Flu ED visits pct","2026-02-21","quantile",0.25,4.2213248084577
"2026-02-21","portland-or",0,"Flu ED visits pct","2026-02-21","quantile",0.25,3.19528090976847
"2026-02-21","salem",0,"Flu ED visits pct","2026-02-21","quantile",0.25,5.81458745184092
"2026-02-21","deschutes",0,"Flu ED visits pct","2026-02-21","quantile",0.25,3.37414498605928
"2026-02-21","eugene",0,"Flu ED visits pct","2026-02-21","quantile",0.25,2.96423928798399
"2026-02-21","medford",0,"Flu ED visits pct","2026-02-21","quantile",0.25,5.13088737945153
"2026-02-21","oregon",0,"Flu ED visits pct","2026-02-21","quantile",0.5,4.79496105436945
"2026-02-21","portland-or",0,"Flu ED visits pct","2026-02-21","quantile",0.5,3.76543798796912
"2026-02-21","salem",0,"Flu ED visits pct","2026-02-21","quantile",0.5,7.10707596701524
"2026-02-21","deschutes",0,"Flu ED visits pct","2026-02-21","quantile",0.5,4.62365890137518
"2026-02-21","eugene",0,"Flu ED visits pct","2026-02-21","quantile",0.5,3.71143715335537
"2026-02-21","medford",0,"Flu ED visits pct","2026-02-21","quantile",0.5,6.7073582697092
"2026-02-21","oregon",0,"Flu ED visits pct","2026-02-21","quantile",0.75,5.50027460697795
"2026-02-21","portland-or",0,"Flu ED visits pct","2026-02-21","quantile",0.75,4.37056860739119
"2026-02-21","salem",0,"Flu ED visits pct","2026-02-21","quantile",0.75,8.50540616978521
"2026-02-21","deschutes",0,"Flu ED visits pct","2026-02-21","quantile",0.75,6.14036957582884
"2026-02-21","eugene",0,"Flu ED visits pct","2026-02-21","quantile",0.75,4.5323657206461
"2026-02-21","medford",0,"Flu ED visits pct","2026-02-21","quantile",0.75,8.57056901614348
"2026-02-21","oregon",0,"Flu ED visits pct","2026-02-21","quantile",0.9,6.06993265297505
"2026-02-21","portland-or",0,"Flu ED visits pct","2026-02-21","quantile",0.9,4.961472833116
"2026-02-21","salem",0,"Flu ED visits pct","2026-02-21","quantile",0.9,10.048737463694
"2026-02-21","deschutes",0,"Flu ED visits pct","2026-02-21","quantile",0.9,7.93359134717046
"2026-02-21","eugene",0,"Flu ED visits pct","2026-02-21","quantile",0.9,5.38230781394527
"2026-02-21","medford",0,"Flu ED visits pct","2026-02-21","quantile",0.9,10.4387234573191
"2026-02-21","oregon",0,"Flu ED visits pct","2026-02-21","quantile",0.95,6.59227576795423
"2026-02-21","portland-or",0,"Flu ED visits pct","2026-02-21","quantile",0.95,5.31869168635214
"2026-02-21","salem",0,"Flu ED visits pct","2026-02-21","quantile",0.95,11.0608776880906
"2026-02-21","deschutes",0,"Flu ED visits pct","2026-02-21","quantile",0.95,9.08264853971936
"2026-02-21","eugene",0,"Flu ED visits pct","2026-02-21","quantile",0.95,5.90527316199908
"2026-02-21","medford",0,"Flu ED visits pct","2026-02-21","quantile",0.95,11.5312220959287
"2026-02-21","oregon",0,"Flu ED visits pct","2026-02-21","quantile",0.975,7.01684654355671
"2026-02-21","portland-or",0,"Flu ED visits pct","2026-02-21","quantile",0.975,5.61987359556191
"2026-02-21","salem",0,"Flu ED visits pct","2026-02-21","quantile",0.975,11.9230623034758
"2026-02-21","deschutes",0,"Flu ED visits pct","2026-02-21","quantile",0.975,10.197714968045
"2026-02-21","eugene",0,"Flu ED visits pct","2026-02-21","quantile",0.975,6.54557932645716
"2026-02-21","medford",0,"Flu ED visits pct","2026-02-21","quantile",0.975,12.4852389356227
"2026-02-21","oregon",1,"Flu ED visits pct","2026-02-28","quantile",0.025,2.34007000811176
"2026-02-21","portland-or",1,"Flu ED visits pct","2026-02-28","quantile",0.025,1.52576930276236
"2026-02-21","salem",1,"Flu ED visits pct","2026-02-28","quantile",0.025,2.4992388780364
"2026-02-21","deschutes",1,"Flu ED visits pct","2026-02-28","quantile",0.025,0.678353757375888
"2026-02-21","eugene",1,"Flu ED visits pct","2026-02-28","quantile",0.025,1.04619717487491
"2026-02-21","medford",1,"Flu ED visits pct","2026-02-28","quantile",0.025,1.71479986105476
"2026-02-21","oregon",1,"Flu ED visits pct","2026-02-28","quantile",0.05,2.66590421596565
"2026-02-21","portland-or",1,"Flu ED visits pct","2026-02-28","quantile",0.05,1.82908809904233
"2026-02-21","salem",1,"Flu ED visits pct","2026-02-28","quantile",0.05,3.03730936766379
"2026-02-21","deschutes",1,"Flu ED visits pct","2026-02-28","quantile",0.05,0.990622544092439
"2026-02-21","eugene",1,"Flu ED visits pct","2026-02-28","quantile",0.05,1.26925520350231
"2026-02-21","medford",1,"Flu ED visits pct","2026-02-28","quantile",0.05,2.15738528921845
"2026-02-21","oregon",1,"Flu ED visits pct","2026-02-28","quantile",0.1,2.99831988855648
"2026-02-21","portland-or",1,"Flu ED visits pct","2026-02-28","quantile",0.1,2.08887741848491
"2026-02-21","salem",1,"Flu ED visits pct","2026-02-28","quantile",0.1,3.70775835866575
"2026-02-21","deschutes",1,"Flu ED visits pct","2026-02-28","quantile",0.1,1.47488286448928
"2026-02-21","eugene",1,"Flu ED visits pct","2026-02-28","quantile",0.1,1.65317069563457
"2026-02-21","medford",1,"Flu ED visits pct","2026-02-28","quantile",0.1,2.87903540679982
"2026-02-21","oregon",1,"Flu ED visits pct","2026-02-28","quantile",0.25,3.64077971668016
"2026-02-21","portland-or",1,"Flu ED visits pct","2026-02-28","quantile",0.25,2.62044526949703
"2026-02-21","salem",1,"Flu ED visits pct","2026-02-28","quantile",0.25,5.0571131083368
"2026-02-21","deschutes",1,"Flu ED visits pct","2026-02-28","quantile",0.25,2.58986649084687
"2026-02-21","eugene",1,"Flu ED visits pct","2026-02-28","quantile",0.25,2.35353316636559
"2026-02-21","medford",1,"Flu ED visits pct","2026-02-28","quantile",0.25,4.28858321279207
"2026-02-21","oregon",1,"Flu ED visits pct","2026-02-28","quantile",0.5,4.49141265179873
"2026-02-21","portland-or",1,"Flu ED visits pct","2026-02-28","quantile",0.5,3.38516421664978
"2026-02-21","salem",1,"Flu ED visits pct","2026-02-28","quantile",0.5,6.7684788355909
"2026-02-21","deschutes",1,"Flu ED visits pct","2026-02-28","quantile",0.5,4.28472260234873
"2026-02-21","eugene",1,"Flu ED visits pct","2026-02-28","quantile",0.5,3.34849766862361
"2026-02-21","medford",1,"Flu ED visits pct","2026-02-28","quantile",0.5,6.54411067812222
"2026-02-21","oregon",1,"Flu ED visits pct","2026-02-28","quantile",0.75,5.45987665382256
"2026-02-21","portland-or",1,"Flu ED visits pct","2026-02-28","quantile",0.75,4.20976159634176
"2026-02-21","salem",1,"Flu ED visits pct","2026-02-28","quantile",0.75,8.96633375421367
"2026-02-21","deschutes",1,"Flu ED visits pct","2026-02-28","quantile",0.75,6.65589827722505
"2026-02-21","eugene",1,"Flu ED visits pct","2026-02-28","quantile",0.75,4.55054552018692
"2026-02-21","medford",1,"Flu ED visits pct","2026-02-28","quantile",0.75,9.1761213734891
"2026-02-21","oregon",1,"Flu ED visits pct","2026-02-28","quantile",0.9,6.38212334989734
"2026-02-21","portland-or",1,"Flu ED visits pct","2026-02-28","quantile",0.9,5.02045122499749
"2026-02-21","salem",1,"Flu ED visits pct","2026-02-28","quantile",0.9,11.2388534974144
"2026-02-21","deschutes",1,"Flu ED visits pct","2026-02-28","quantile",0.9,9.46278688547644
"2026-02-21","eugene",1,"Flu ED visits pct","2026-02-28","quantile",0.9,5.95228995129299
"2026-02-21","medford",1,"Flu ED visits pct","2026-02-28","quantile",0.9,12.2056277886219
"2026-02-21","oregon",1,"Flu ED visits pct","2026-02-28","quantile",0.95,7.00669012513945
"2026-02-21","portland-or",1,"Flu ED visits pct","2026-02-28","quantile",0.95,5.66134298548211
"2026-02-21","salem",1,"Flu ED visits pct","2026-02-28","quantile",0.95,12.9350445592489
"2026-02-21","deschutes",1,"Flu ED visits pct","2026-02-28","quantile",0.95,11.3474258527352
"2026-02-21","eugene",1,"Flu ED visits pct","2026-02-28","quantile",0.95,6.81633893849038
"2026-02-21","medford",1,"Flu ED visits pct","2026-02-28","quantile",0.95,14.1727688189146
"2026-02-21","oregon",1,"Flu ED visits pct","2026-02-28","quantile",0.975,7.55708858204418
"2026-02-21","portland-or",1,"Flu ED visits pct","2026-02-28","quantile",0.975,6.29009770814064
"2026-02-21","salem",1,"Flu ED visits pct","2026-02-28","quantile",0.975,14.5541532710008
"2026-02-21","deschutes",1,"Flu ED visits pct","2026-02-28","quantile",0.975,13.5891443879623
"2026-02-21","eugene",1,"Flu ED visits pct","2026-02-28","quantile",0.975,7.64000721261648
"2026-02-21","medford",1,"Flu ED visits pct","2026-02-28","quantile",0.975,16.4312056053641
"2026-02-21","oregon",2,"Flu ED visits pct","2026-03-07","quantile",0.025,1.650192540084
"2026-02-21","portland-or",2,"Flu ED visits pct","2026-03-07","quantile",0.025,0.978307213624972
"2026-02-21","salem",2,"Flu ED visits pct","2026-03-07","quantile",0.025,1.47325039835969
"2026-02-21","deschutes",2,"Flu ED visits pct","2026-03-07","quantile",0.025,0.0909313299985094
"2026-02-21","eugene",2,"Flu ED visits pct","2026-03-07","quantile",0.025,0.540459495988746
"2026-02-21","medford",2,"Flu ED visits pct","2026-03-07","quantile",0.025,0.88451976915873
"2026-02-21","oregon",2,"Flu ED visits pct","2026-03-07","quantile",0.05,1.95305628592993
"2026-02-21","portland-or",2,"Flu ED visits pct","2026-03-07","quantile",0.05,1.20389850750756
"2026-02-21","salem",2,"Flu ED visits pct","2026-03-07","quantile",0.05,2.01256935429979
"2026-02-21","deschutes",2,"Flu ED visits pct","2026-03-07","quantile",0.05,0.390190839927113
"2026-02-21","eugene",2,"Flu ED visits pct","2026-03-07","quantile",0.05,0.795489494778216
"2026-02-21","medford",2,"Flu ED visits pct","2026-03-07","quantile",0.05,1.3027522134179
"2026-02-21","oregon",2,"Flu ED visits pct","2026-03-07","quantile",0.1,2.3812294169115
"2026-02-21","portland-or",2,"Flu ED visits pct","2026-03-07","quantile",0.1,1.51109989623653
"2026-02-21","salem",2,"Flu ED visits pct","2026-03-07","quantile",0.1,2.71226737162461
"2026-02-21","deschutes",2,"Flu ED visits pct","2026-03-07","quantile",0.1,0.81338489739965
"2026-02-21","eugene",2,"Flu ED visits pct","2026-03-07","quantile",0.1,1.13239621297251
"2026-02-21","medford",2,"Flu ED visits pct","2026-03-07","quantile",0.1,1.97669176241254
"2026-02-21","oregon",2,"Flu ED visits pct","2026-03-07","quantile",0.25,3.10373983822267
"2026-02-21","portland-or",2,"Flu ED visits pct","2026-03-07","quantile",0.25,2.0974889060536
"2026-02-21","salem",2,"Flu ED visits pct","2026-03-07","quantile",0.25,4.16513333988598
"2026-02-21","deschutes",2,"Flu ED visits pct","2026-03-07","quantile",0.25,1.91451756916956
"2026-02-21","eugene",2,"Flu ED visits pct","2026-03-07","quantile",0.25,1.89676783304393
"2026-02-21","medford",2,"Flu ED visits pct","2026-03-07","quantile",0.25,3.44253091117358
"2026-02-21","oregon",2,"Flu ED visits pct","2026-03-07","quantile",0.5,4.13741908283288
"2026-02-21","portland-or",2,"Flu ED visits pct","2026-03-07","quantile",0.5,2.99992776860839
"2026-02-21","salem",2,"Flu ED visits pct","2026-03-07","quantile",0.5,6.28911655293957
"2026-02-21","deschutes",2,"Flu ED visits pct","2026-03-07","quantile",0.5,3.8712371987814
"2026-02-21","eugene",2,"Flu ED visits pct","2026-03-07","quantile",0.5,2.99228241938857
"2026-02-21","medford",2,"Flu ED visits pct","2026-03-07","quantile",0.5,5.74183990041686
"2026-02-21","oregon",2,"Flu ED visits pct","2026-03-07","quantile",0.75,5.32880217962747
"2026-02-21","portland-or",2,"Flu ED visits pct","2026-03-07","quantile",0.75,4.11410548384869
"2026-02-21","salem",2,"Flu ED visits pct","2026-03-07","quantile",0.75,9.00767340787259
"2026-02-21","deschutes",2,"Flu ED visits pct","2026-03-07","quantile",0.75,6.81782302849931
"2026-02-21","eugene",2,"Flu ED visits pct","2026-03-07","quantile",0.75,4.49312137542958
"2026-02-21","medford",2,"Flu ED visits pct","2026-03-07","quantile",0.75,9.17279563804517
"2026-02-21","oregon",2,"Flu ED visits pct","2026-03-07","quantile",0.9,6.52277102804079
"2026-02-21","portland-or",2,"Flu ED visits pct","2026-03-07","quantile",0.9,5.1820596296011
"2026-02-21","salem",2,"Flu ED visits pct","2026-03-07","quantile",0.9,12.244372870553
"2026-02-21","deschutes",2,"Flu ED visits pct","2026-03-07","quantile",0.9,10.213667301567
"2026-02-21","eugene",2,"Flu ED visits pct","2026-03-07","quantile",0.9,6.18023892443917
"2026-02-21","medford",2,"Flu ED visits pct","2026-03-07","quantile",0.9,13.2696147171885
"2026-02-21","oregon",2,"Flu ED visits pct","2026-03-07","quantile",0.95,7.35711897576171
"2026-02-21","portland-or",2,"Flu ED visits pct","2026-03-07","quantile",0.95,5.95215768863692
"2026-02-21","salem",2,"Flu ED visits pct","2026-03-07","quantile",0.95,14.5796056754245
"2026-02-21","deschutes",2,"Flu ED visits pct","2026-03-07","quantile",0.95,12.9278630885481
"2026-02-21","eugene",2,"Flu ED visits pct","2026-03-07","quantile",0.95,7.47304615420757
"2026-02-21","medford",2,"Flu ED visits pct","2026-03-07","quantile",0.95,16.2774733544365
"2026-02-21","oregon",2,"Flu ED visits pct","2026-03-07","quantile",0.975,8.09835118707409
"2026-02-21","portland-or",2,"Flu ED visits pct","2026-03-07","quantile",0.975,6.52075761308674
"2026-02-21","salem",2,"Flu ED visits pct","2026-03-07","quantile",0.975,16.5852051967412
"2026-02-21","deschutes",2,"Flu ED visits pct","2026-03-07","quantile",0.975,16.7396031020635
"2026-02-21","eugene",2,"Flu ED visits pct","2026-03-07","quantile",0.975,8.96229712357654
"2026-02-21","medford",2,"Flu ED visits pct","2026-03-07","quantile",0.975,19.810458457506
"2026-02-21","oregon",3,"Flu ED visits pct","2026-03-14","quantile",0.025,1.11969061763388
"2026-02-21","portland-or",3,"Flu ED visits pct","2026-03-14","quantile",0.025,0.533818324533438
"2026-02-21","salem",3,"Flu ED visits pct","2026-03-14","quantile",0.025,0.827181759064797
"2026-02-21","deschutes",3,"Flu ED visits pct","2026-03-14","quantile",0.025,0
"2026-02-21","eugene",3,"Flu ED visits pct","2026-03-14","quantile",0.025,0.135919159144234
"2026-02-21","medford",3,"Flu ED visits pct","2026-03-14","quantile",0.025,0.286640872715092
"2026-02-21","oregon",3,"Flu ED visits pct","2026-03-14","quantile",0.05,1.34120301306053
"2026-02-21","portland-or",3,"Flu ED visits pct","2026-03-14","quantile",0.05,0.740516863154302
"2026-02-21","salem",3,"Flu ED visits pct","2026-03-14","quantile",0.05,1.17543668793662
"2026-02-21","deschutes",3,"Flu ED visits pct","2026-03-14","quantile",0.05,0.0455369840044657
"2026-02-21","eugene",3,"Flu ED visits pct","2026-03-14","quantile",0.05,0.341607768182826
"2026-02-21","medford",3,"Flu ED visits pct","2026-03-14","quantile",0.05,0.617139981546522
"2026-02-21","oregon",3,"Flu ED visits pct","2026-03-14","quantile",0.1,1.69952318711274
"2026-02-21","portland-or",3,"Flu ED visits pct","2026-03-14","quantile",0.1,1.04534122890196
"2026-02-21","salem",3,"Flu ED visits pct","2026-03-14","quantile",0.1,1.75380270693873
"2026-02-21","deschutes",3,"Flu ED visits pct","2026-03-14","quantile",0.1,0.403080648161726
"2026-02-21","eugene",3,"Flu ED visits pct","2026-03-14","quantile",0.1,0.667965663177732
"2026-02-21","medford",3,"Flu ED visits pct","2026-03-14","quantile",0.1,1.2260099101773
"2026-02-21","oregon",3,"Flu ED visits pct","2026-03-14","quantile",0.25,2.4394346335693
"2026-02-21","portland-or",3,"Flu ED visits pct","2026-03-14","quantile",0.25,1.5818438355242
"2026-02-21","salem",3,"Flu ED visits pct","2026-03-14","quantile",0.25,3.2309607710016
"2026-02-21","deschutes",3,"Flu ED visits pct","2026-03-14","quantile",0.25,1.35242433167842
"2026-02-21","eugene",3,"Flu ED visits pct","2026-03-14","quantile",0.25,1.34816691200328
"2026-02-21","medford",3,"Flu ED visits pct","2026-03-14","quantile",0.25,2.46381475955046
"2026-02-21","oregon",3,"Flu ED visits pct","2026-03-14","quantile",0.5,3.52938440650097
"2026-02-21","portland-or",3,"Flu ED visits pct","2026-03-14","quantile",0.5,2.54999798255214
"2026-02-21","salem",3,"Flu ED visits pct","2026-03-14","quantile",0.5,5.47138278723563
"2026-02-21","deschutes",3,"Flu ED visits pct","2026-03-14","quantile",0.5,3.25010267333516
"2026-02-21","eugene",3,"Flu ED visits pct","2026-03-14","quantile",0.5,2.48077075191946
"2026-02-21","medford",3,"Flu ED visits pct","2026-03-14","quantile",0.5,5.02961868205821
"2026-02-21","oregon",3,"Flu ED visits pct","2026-03-14","quantile",0.75,4.89291118335188
"2026-02-21","portland-or",3,"Flu ED visits pct","2026-03-14","quantile",0.75,3.65711754557439
"2026-02-21","salem",3,"Flu ED visits pct","2026-03-14","quantile",0.75,8.50721452992573
"2026-02-21","deschutes",3,"Flu ED visits pct","2026-03-14","quantile",0.75,6.53846963785936
"2026-02-21","eugene",3,"Flu ED visits pct","2026-03-14","quantile",0.75,4.21442237240953
"2026-02-21","medford",3,"Flu ED visits pct","2026-03-14","quantile",0.75,8.80276778470285
"2026-02-21","oregon",3,"Flu ED visits pct","2026-03-14","quantile",0.9,6.2362871608634
"2026-02-21","portland-or",3,"Flu ED visits pct","2026-03-14","quantile",0.9,4.95213932273935
"2026-02-21","salem",3,"Flu ED visits pct","2026-03-14","quantile",0.9,12.2187815109602
"2026-02-21","deschutes",3,"Flu ED visits pct","2026-03-14","quantile",0.9,10.8233680642394
"2026-02-21","eugene",3,"Flu ED visits pct","2026-03-14","quantile",0.9,6.2062185805768
"2026-02-21","medford",3,"Flu ED visits pct","2026-03-14","quantile",0.9,13.6668330459369
"2026-02-21","oregon",3,"Flu ED visits pct","2026-03-14","quantile",0.95,7.18922999625742
"2026-02-21","portland-or",3,"Flu ED visits pct","2026-03-14","quantile",0.95,5.84933468527711
"2026-02-21","salem",3,"Flu ED visits pct","2026-03-14","quantile",0.95,15.1143540332659
"2026-02-21","deschutes",3,"Flu ED visits pct","2026-03-14","quantile",0.95,14.9145989522078
"2026-02-21","eugene",3,"Flu ED visits pct","2026-03-14","quantile",0.95,7.58544946524171
"2026-02-21","medford",3,"Flu ED visits pct","2026-03-14","quantile",0.95,17.5839283232586
"2026-02-21","oregon",3,"Flu ED visits pct","2026-03-14","quantile",0.975,8.1601316559848
"2026-02-21","portland-or",3,"Flu ED visits pct","2026-03-14","quantile",0.975,6.76971920407451
"2026-02-21","salem",3,"Flu ED visits pct","2026-03-14","quantile",0.975,17.9215003903477
"2026-02-21","deschutes",3,"Flu ED visits pct","2026-03-14","quantile",0.975,18.6101905373136
"2026-02-21","eugene",3,"Flu ED visits pct","2026-03-14","quantile",0.975,9.09149714361245
"2026-02-21","medford",3,"Flu ED visits pct","2026-03-14","quantile",0.975,21.0634896673561
"2026-02-21","south-carolina",0,"Flu ED visits pct","2026-02-21","quantile",0.025,1.51993725138788
"2026-02-21","columbia",0,"Flu ED visits pct","2026-02-21","quantile",0.025,0.968595897230645
"2026-02-21","greenville",0,"Flu ED visits pct","2026-02-21","quantile",0.025,0.686745158358486
"2026-02-21","florence",0,"Flu ED visits pct","2026-02-21","quantile",0.025,1.34448463450115
"2026-02-21","charleston",0,"Flu ED visits pct","2026-02-21","quantile",0.025,2.23757906922507
"2026-02-21","rock-hill",0,"Flu ED visits pct","2026-02-21","quantile",0.025,0
"2026-02-21","horry",0,"Flu ED visits pct","2026-02-21","quantile",0.025,0.601202602151327
"2026-02-21","south-carolina",0,"Flu ED visits pct","2026-02-21","quantile",0.05,1.66243430344814
"2026-02-21","columbia",0,"Flu ED visits pct","2026-02-21","quantile",0.05,1.15424689712117
"2026-02-21","greenville",0,"Flu ED visits pct","2026-02-21","quantile",0.05,0.822807688487385
"2026-02-21","florence",0,"Flu ED visits pct","2026-02-21","quantile",0.05,1.58437659230132
"2026-02-21","charleston",0,"Flu ED visits pct","2026-02-21","quantile",0.05,2.46142785367431
"2026-02-21","rock-hill",0,"Flu ED visits pct","2026-02-21","quantile",0.05,0.0664835614271926
"2026-02-21","horry",0,"Flu ED visits pct","2026-02-21","quantile",0.05,0.698854513285753
"2026-02-21","south-carolina",0,"Flu ED visits pct","2026-02-21","quantile",0.1,1.85822434531377
"2026-02-21","columbia",0,"Flu ED visits pct","2026-02-21","quantile",0.1,1.35039155116669
"2026-02-21","greenville",0,"Flu ED visits pct","2026-02-21","quantile",0.1,1.01415643666729
"2026-02-21","florence",0,"Flu ED visits pct","2026-02-21","quantile",0.1,1.90686072404289
"2026-02-21","charleston",0,"Flu ED visits pct","2026-02-21","quantile",0.1,2.77641894794372
"2026-02-21","rock-hill",0,"Flu ED visits pct","2026-02-21","quantile",0.1,0.205297511047789
"2026-02-21","horry",0,"Flu ED visits pct","2026-02-21","quantile",0.1,0.850813240797814
"2026-02-21","south-carolina",0,"Flu ED visits pct","2026-02-21","quantile",0.25,2.19024920403929
"2026-02-21","columbia",0,"Flu ED visits pct","2026-02-21","quantile",0.25,1.77065445448627
"2026-02-21","greenville",0,"Flu ED visits pct","2026-02-21","quantile",0.25,1.32828841709457
"2026-02-21","florence",0,"Flu ED visits pct","2026-02-21","quantile",0.25,2.47267954368241
"2026-02-21","charleston",0,"Flu ED visits pct","2026-02-21","quantile",0.25,3.33750958472176
"2026-02-21","rock-hill",0,"Flu ED visits pct","2026-02-21","quantile",0.25,0.50892770683809
"2026-02-21","horry",0,"Flu ED visits pct","2026-02-21","quantile",0.25,1.13851501893313
"2026-02-21","south-carolina",0,"Flu ED visits pct","2026-02-21","quantile",0.5,2.62332739957743
"2026-02-21","columbia",0,"Flu ED visits pct","2026-02-21","quantile",0.5,2.2172971227837
"2026-02-21","greenville",0,"Flu ED visits pct","2026-02-21","quantile",0.5,1.76338920975855
"2026-02-21","florence",0,"Flu ED visits pct","2026-02-21","quantile",0.5,3.15053831996555
"2026-02-21","charleston",0,"Flu ED visits pct","2026-02-21","quantile",0.5,4.06258488915632
"2026-02-21","rock-hill",0,"Flu ED visits pct","2026-02-21","quantile",0.5,0.960149868021078
"2026-02-21","horry",0,"Flu ED visits pct","2026-02-21","quantile",0.5,1.53675585413525
"2026-02-21","south-carolina",0,"Flu ED visits pct","2026-02-21","quantile",0.75,3.02594467493063
"2026-02-21","columbia",0,"Flu ED visits pct","2026-02-21","quantile",0.75,2.80601097631987
"2026-02-21","greenville",0,"Flu ED visits pct","2026-02-21","quantile",0.75,2.32637306731614
"2026-02-21","florence",0,"Flu ED visits pct","2026-02-21","quantile",0.75,4.02479906582952
"2026-02-21","charleston",0,"Flu ED visits pct","2026-02-21","quantile",0.75,4.8194061205741
"2026-02-21","rock-hill",0,"Flu ED visits pct","2026-02-21","quantile",0.75,1.55670177049544
"2026-02-21","horry",0,"Flu ED visits pct","2026-02-21","quantile",0.75,1.98698829298321
"2026-02-21","south-carolina",0,"Flu ED visits pct","2026-02-21","quantile",0.9,3.48997638512622
"2026-02-21","columbia",0,"Flu ED visits pct","2026-02-21","quantile",0.9,3.41444953887752
"2026-02-21","greenville",0,"Flu ED visits pct","2026-02-21","quantile",0.9,2.93129230689117
"2026-02-21","florence",0,"Flu ED visits pct","2026-02-21","quantile",0.9,5.02696571015258
"2026-02-21","charleston",0,"Flu ED visits pct","2026-02-21","quantile",0.9,5.6481504884719
"2026-02-21","rock-hill",0,"Flu ED visits pct","2026-02-21","quantile",0.9,2.30339785974114
"2026-02-21","horry",0,"Flu ED visits pct","2026-02-21","quantile",0.9,2.51559967479657
"2026-02-21","south-carolina",0,"Flu ED visits pct","2026-02-21","quantile",0.95,3.80432273297773
"2026-02-21","columbia",0,"Flu ED visits pct","2026-02-21","quantile",0.95,3.82741584976399
"2026-02-21","greenville",0,"Flu ED visits pct","2026-02-21","quantile",0.95,3.27204312727221
"2026-02-21","florence",0,"Flu ED visits pct","2026-02-21","quantile",0.95,5.62154400865662
"2026-02-21","charleston",0,"Flu ED visits pct","2026-02-21","quantile",0.95,6.13903621123046
"2026-02-21","rock-hill",0,"Flu ED visits pct","2026-02-21","quantile",0.95,2.80068219823773
"2026-02-21","horry",0,"Flu ED visits pct","2026-02-21","quantile",0.95,2.83343008728771
"2026-02-21","south-carolina",0,"Flu ED visits pct","2026-02-21","quantile",0.975,4.07213783622953
"2026-02-21","columbia",0,"Flu ED visits pct","2026-02-21","quantile",0.975,4.21209430544659
"2026-02-21","greenville",0,"Flu ED visits pct","2026-02-21","quantile",0.975,3.67803517383711
"2026-02-21","florence",0,"Flu ED visits pct","2026-02-21","quantile",0.975,6.25713468919193
"2026-02-21","charleston",0,"Flu ED visits pct","2026-02-21","quantile",0.975,6.58942668021903
"2026-02-21","rock-hill",0,"Flu ED visits pct","2026-02-21","quantile",0.975,3.51965312406216
"2026-02-21","horry",0,"Flu ED visits pct","2026-02-21","quantile",0.975,3.13888633420742
"2026-02-21","south-carolina",1,"Flu ED visits pct","2026-02-28","quantile",0.025,1.07510667460395
"2026-02-21","columbia",1,"Flu ED visits pct","2026-02-28","quantile",0.025,0.589073600836078
"2026-02-21","greenville",1,"Flu ED visits pct","2026-02-28","quantile",0.025,0.269571407495564
"2026-02-21","florence",1,"Flu ED visits pct","2026-02-28","quantile",0.025,0.657064686972124
"2026-02-21","charleston",1,"Flu ED visits pct","2026-02-28","quantile",0.025,1.3701852402038
"2026-02-21","rock-hill",1,"Flu ED visits pct","2026-02-28","quantile",0.025,0
"2026-02-21","horry",1,"Flu ED visits pct","2026-02-28","quantile",0.025,0.188580851440604
"2026-02-21","south-carolina",1,"Flu ED visits pct","2026-02-28","quantile",0.05,1.19909166618484
"2026-02-21","columbia",1,"Flu ED visits pct","2026-02-28","quantile",0.05,0.753176792124165
"2026-02-21","greenville",1,"Flu ED visits pct","2026-02-28","quantile",0.05,0.419770605644427
"2026-02-21","florence",1,"Flu ED visits pct","2026-02-28","quantile",0.05,0.955606318108413
"2026-02-21","charleston",1,"Flu ED visits pct","2026-02-28","quantile",0.05,1.70910750989607
"2026-02-21","rock-hill",1,"Flu ED visits pct","2026-02-28","quantile",0.05,0
"2026-02-21","horry",1,"Flu ED visits pct","2026-02-28","quantile",0.05,0.301376766229064
"2026-02-21","south-carolina",1,"Flu ED visits pct","2026-02-28","quantile",0.1,1.43067575273566
"2026-02-21","columbia",1,"Flu ED visits pct","2026-02-28","quantile",0.1,1.00403654437811
"2026-02-21","greenville",1,"Flu ED visits pct","2026-02-28","quantile",0.1,0.627788978291402
"2026-02-21","florence",1,"Flu ED visits pct","2026-02-28","quantile",0.1,1.22846934463432
"2026-02-21","charleston",1,"Flu ED visits pct","2026-02-28","quantile",0.1,2.02524174372231
"2026-02-21","rock-hill",1,"Flu ED visits pct","2026-02-28","quantile",0.1,0
"2026-02-21","horry",1,"Flu ED visits pct","2026-02-28","quantile",0.1,0.48375590722569
"2026-02-21","south-carolina",1,"Flu ED visits pct","2026-02-28","quantile",0.25,1.84658492651346
"2026-02-21","columbia",1,"Flu ED visits pct","2026-02-28","quantile",0.25,1.50907333198351
"2026-02-21","greenville",1,"Flu ED visits pct","2026-02-28","quantile",0.25,1.04230349421631
"2026-02-21","florence",1,"Flu ED visits pct","2026-02-28","quantile",0.25,1.82899258491788
"2026-02-21","charleston",1,"Flu ED visits pct","2026-02-28","quantile",0.25,2.79576551105983
"2026-02-21","rock-hill",1,"Flu ED visits pct","2026-02-28","quantile",0.25,0.324480174619118
"2026-02-21","horry",1,"Flu ED visits pct","2026-02-28","quantile",0.25,0.811634360070095
"2026-02-21","south-carolina",1,"Flu ED visits pct","2026-02-28","quantile",0.5,2.35830367034221
"2026-02-21","columbia",1,"Flu ED visits pct","2026-02-28","quantile",0.5,2.22672652908665
"2026-02-21","greenville",1,"Flu ED visits pct","2026-02-28","quantile",0.5,1.63291033813097
"2026-02-21","florence",1,"Flu ED visits pct","2026-02-28","quantile",0.5,2.89069146442958
"2026-02-21","charleston",1,"Flu ED visits pct","2026-02-28","quantile",0.5,3.81794342488419
"2026-02-21","rock-hill",1,"Flu ED visits pct","2026-02-28","quantile",0.5,0.938835041828474
"2026-02-21","horry",1,"Flu ED visits pct","2026-02-28","quantile",0.5,1.35527728637871
"2026-02-21","south-carolina",1,"Flu ED visits pct","2026-02-28","quantile",0.75,3.02546519885182
"2026-02-21","columbia",1,"Flu ED visits pct","2026-02-28","quantile",0.75,3.14243370501134
"2026-02-21","greenville",1,"Flu ED visits pct","2026-02-28","quantile",0.75,2.42167604655028
"2026-02-21","florence",1,"Flu ED visits pct","2026-02-28","quantile",0.75,4.15784471653772
"2026-02-21","charleston",1,"Flu ED visits pct","2026-02-28","quantile",0.75,4.98777026077948
"2026-02-21","rock-hill",1,"Flu ED visits pct","2026-02-28","quantile",0.75,1.92282685493598
"2026-02-21","horry",1,"Flu ED visits pct","2026-02-28","quantile",0.75,2.02803762870351
"2026-02-21","south-carolina",1,"Flu ED visits pct","2026-02-28","quantile",0.9,3.79415636369699
"2026-02-21","columbia",1,"Flu ED visits pct","2026-02-28","quantile",0.9,4.14850077019081
"2026-02-21","greenville",1,"Flu ED visits pct","2026-02-28","quantile",0.9,3.34787198543336
"2026-02-21","florence",1,"Flu ED visits pct","2026-02-28","quantile",0.9,5.69826563284875
"2026-02-21","charleston",1,"Flu ED visits pct","2026-02-28","quantile",0.9,6.21764638442609
"2026-02-21","rock-hill",1,"Flu ED visits pct","2026-02-28","quantile",0.9,3.26525184889324
"2026-02-21","horry",1,"Flu ED visits pct","2026-02-28","quantile",0.9,2.79073350891097
"2026-02-21","south-carolina",1,"Flu ED visits pct","2026-02-28","quantile",0.95,4.19258167895096
"2026-02-21","columbia",1,"Flu ED visits pct","2026-02-28","quantile",0.95,4.71220746948164
"2026-02-21","greenville",1,"Flu ED visits pct","2026-02-28","quantile",0.95,4.08031782773865
"2026-02-21","florence",1,"Flu ED visits pct","2026-02-28","quantile",0.95,6.77464160317331
"2026-02-21","charleston",1,"Flu ED visits pct","2026-02-28","quantile",0.95,7.03760997402336
"2026-02-21","rock-hill",1,"Flu ED visits pct","2026-02-28","quantile",0.95,4.55986468070915
"2026-02-21","horry",1,"Flu ED visits pct","2026-02-28","quantile",0.95,3.36344021353807
"2026-02-21","south-carolina",1,"Flu ED visits pct","2026-02-28","quantile",0.975,4.65456914532468
"2026-02-21","columbia",1,"Flu ED visits pct","2026-02-28","quantile",0.975,5.3202741729788
"2026-02-21","greenville",1,"Flu ED visits pct","2026-02-28","quantile",0.975,4.72542159243449
"2026-02-21","florence",1,"Flu ED visits pct","2026-02-28","quantile",0.975,8.07369084916907
"2026-02-21","charleston",1,"Flu ED visits pct","2026-02-28","quantile",0.975,7.72994034370365
"2026-02-21","rock-hill",1,"Flu ED visits pct","2026-02-28","quantile",0.975,5.50168510930511
"2026-02-21","horry",1,"Flu ED visits pct","2026-02-28","quantile",0.975,3.8633782796767
"2026-02-21","south-carolina",2,"Flu ED visits pct","2026-03-07","quantile",0.025,0.643340182059323
"2026-02-21","columbia",2,"Flu ED visits pct","2026-03-07","quantile",0.025,0.260043182029292
"2026-02-21","greenville",2,"Flu ED visits pct","2026-03-07","quantile",0.025,0.0134174597467154
"2026-02-21","florence",2,"Flu ED visits pct","2026-03-07","quantile",0.025,0.182135939365462
"2026-02-21","charleston",2,"Flu ED visits pct","2026-03-07","quantile",0.025,0.918635968177848
"2026-02-21","rock-hill",2,"Flu ED visits pct","2026-03-07","quantile",0.025,0
"2026-02-21","horry",2,"Flu ED visits pct","2026-03-07","quantile",0.025,0
"2026-02-21","south-carolina",2,"Flu ED visits pct","2026-03-07","quantile",0.05,0.829056661475206
"2026-02-21","columbia",2,"Flu ED visits pct","2026-03-07","quantile",0.05,0.426174309640027
"2026-02-21","greenville",2,"Flu ED visits pct","2026-03-07","quantile",0.05,0.151822260096631
"2026-02-21","florence",2,"Flu ED visits pct","2026-03-07","quantile",0.05,0.402504959022463
"2026-02-21","charleston",2,"Flu ED visits pct","2026-03-07","quantile",0.05,1.16564134735277
"2026-02-21","rock-hill",2,"Flu ED visits pct","2026-03-07","quantile",0.05,0
"2026-02-21","horry",2,"Flu ED visits pct","2026-03-07","quantile",0.05,0.0831452080249587
"2026-02-21","south-carolina",2,"Flu ED visits pct","2026-03-07","quantile",0.1,1.06041930694178
"2026-02-21","columbia",2,"Flu ED visits pct","2026-03-07","quantile",0.1,0.6962221606473
"2026-02-21","greenville",2,"Flu ED visits pct","2026-03-07","quantile",0.1,0.360294326524711
"2026-02-21","florence",2,"Flu ED visits pct","2026-03-07","quantile",0.1,0.713922920676542
"2026-02-21","charleston",2,"Flu ED visits pct","2026-03-07","quantile",0.1,1.52596892507379
"2026-02-21","rock-hill",2,"Flu ED visits pct","2026-03-07","quantile",0.1,0
"2026-02-21","horry",2,"Flu ED visits pct","2026-03-07","quantile",0.1,0.231585139791517
"2026-02-21","south-carolina",2,"Flu ED visits pct","2026-03-07","quantile",0.25,1.48890572210253
"2026-02-21","columbia",2,"Flu ED visits pct","2026-03-07","quantile",0.25,1.21104183001553
"2026-02-21","greenville",2,"Flu ED visits pct","2026-03-07","quantile",0.25,0.780930697695978
"2026-02-21","florence",2,"Flu ED visits pct","2026-03-07","quantile",0.25,1.42498340458899
"2026-02-21","charleston",2,"Flu ED visits pct","2026-03-07","quantile",0.25,2.33497293707265
"2026-02-21","rock-hill",2,"Flu ED visits pct","2026-03-07","quantile",0.25,0.139829657325979
"2026-02-21","horry",2,"Flu ED visits pct","2026-03-07","quantile",0.25,0.584953349481579
"2026-02-21","south-carolina",2,"Flu ED visits pct","2026-03-07","quantile",0.5,2.15070995435074
"2026-02-21","columbia",2,"Flu ED visits pct","2026-03-07","quantile",0.5,2.02575003561424
"2026-02-21","greenville",2,"Flu ED visits pct","2026-03-07","quantile",0.5,1.49570029561944
"2026-02-21","florence",2,"Flu ED visits pct","2026-03-07","quantile",0.5,2.55274352783526
"2026-02-21","charleston",2,"Flu ED visits pct","2026-03-07","quantile",0.5,3.54957521268399
"2026-02-21","rock-hill",2,"Flu ED visits pct","2026-03-07","quantile",0.5,0.825006496740864
"2026-02-21","horry",2,"Flu ED visits pct","2026-03-07","quantile",0.5,1.23646019505868
"2026-02-21","south-carolina",2,"Flu ED visits pct","2026-03-07","quantile",0.75,2.96311192707697
"2026-02-21","columbia",2,"Flu ED visits pct","2026-03-07","quantile",0.75,3.18662088992212
"2026-02-21","greenville",2,"Flu ED visits pct","2026-03-07","quantile",0.75,2.50593977868523
"2026-02-21","florence",2,"Flu ED visits pct","2026-03-07","quantile",0.75,4.24185087771047
"2026-02-21","charleston",2,"Flu ED visits pct","2026-03-07","quantile",0.75,5.08728978095272
"2026-02-21","rock-hill",2,"Flu ED visits pct","2026-03-07","quantile",0.75,2.19236609305744
"2026-02-21","horry",2,"Flu ED visits pct","2026-03-07","quantile",0.75,2.11210539916755
"2026-02-21","south-carolina",2,"Flu ED visits pct","2026-03-07","quantile",0.9,3.82827307340398
"2026-02-21","columbia",2,"Flu ED visits pct","2026-03-07","quantile",0.9,4.61636833812339
"2026-02-21","greenville",2,"Flu ED visits pct","2026-03-07","quantile",0.9,3.74232353457343
"2026-02-21","florence",2,"Flu ED visits pct","2026-03-07","quantile",0.9,6.32242486038238
"2026-02-21","charleston",2,"Flu ED visits pct","2026-03-07","quantile",0.9,6.74706430357711
"2026-02-21","rock-hill",2,"Flu ED visits pct","2026-03-07","quantile",0.9,4.06314211065053
"2026-02-21","horry",2,"Flu ED visits pct","2026-03-07","quantile",0.9,3.14724293142831
"2026-02-21","south-carolina",2,"Flu ED visits pct","2026-03-07","quantile",0.95,4.49034860450251
"2026-02-21","columbia",2,"Flu ED visits pct","2026-03-07","quantile",0.95,5.46849894685877
"2026-02-21","greenville",2,"Flu ED visits pct","2026-03-07","quantile",0.95,4.7776176186819
"2026-02-21","florence",2,"Flu ED visits pct","2026-03-07","quantile",0.95,7.88533031871124
"2026-02-21","charleston",2,"Flu ED visits pct","2026-03-07","quantile",0.95,8.06238509783518
"2026-02-21","rock-hill",2,"Flu ED visits pct","2026-03-07","quantile",0.95,5.51737518446113
"2026-02-21","horry",2,"Flu ED visits pct","2026-03-07","quantile",0.95,3.87555999875701
"2026-02-21","south-carolina",2,"Flu ED visits pct","2026-03-07","quantile",0.975,5.04154383995816
"2026-02-21","columbia",2,"Flu ED visits pct","2026-03-07","quantile",0.975,6.42436112465624
"2026-02-21","greenville",2,"Flu ED visits pct","2026-03-07","quantile",0.975,5.70279717167968
"2026-02-21","florence",2,"Flu ED visits pct","2026-03-07","quantile",0.975,9.892290877806
"2026-02-21","charleston",2,"Flu ED visits pct","2026-03-07","quantile",0.975,9.03826525217295
"2026-02-21","rock-hill",2,"Flu ED visits pct","2026-03-07","quantile",0.975,6.96980281816263
"2026-02-21","horry",2,"Flu ED visits pct","2026-03-07","quantile",0.975,4.63094606288469
"2026-02-21","south-carolina",3,"Flu ED visits pct","2026-03-14","quantile",0.025,0.383778526979628
"2026-02-21","columbia",3,"Flu ED visits pct","2026-03-14","quantile",0.025,0.0625085897670317
"2026-02-21","greenville",3,"Flu ED visits pct","2026-03-14","quantile",0.025,0
"2026-02-21","florence",3,"Flu ED visits pct","2026-03-14","quantile",0.025,0
"2026-02-21","charleston",3,"Flu ED visits pct","2026-03-14","quantile",0.025,0.499606465755214
"2026-02-21","rock-hill",3,"Flu ED visits pct","2026-03-14","quantile",0.025,0
"2026-02-21","horry",3,"Flu ED visits pct","2026-03-14","quantile",0.025,0
"2026-02-21","south-carolina",3,"Flu ED visits pct","2026-03-14","quantile",0.05,0.519276324869205
"2026-02-21","columbia",3,"Flu ED visits pct","2026-03-14","quantile",0.05,0.226708273694404
"2026-02-21","greenville",3,"Flu ED visits pct","2026-03-14","quantile",0.05,0
"2026-02-21","florence",3,"Flu ED visits pct","2026-03-14","quantile",0.05,0.114808360665321
"2026-02-21","charleston",3,"Flu ED visits pct","2026-03-14","quantile",0.05,0.73156887758811
"2026-02-21","rock-hill",3,"Flu ED visits pct","2026-03-14","quantile",0.05,0
"2026-02-21","horry",3,"Flu ED visits pct","2026-03-14","quantile",0.05,0
"2026-02-21","south-carolina",3,"Flu ED visits pct","2026-03-14","quantile",0.1,0.739542536967095
"2026-02-21","columbia",3,"Flu ED visits pct","2026-03-14","quantile",0.1,0.472828860909321
"2026-02-21","greenville",3,"Flu ED visits pct","2026-03-14","quantile",0.1,0.141329922866465
"2026-02-21","florence",3,"Flu ED visits pct","2026-03-14","quantile",0.1,0.378078080314968
"2026-02-21","charleston",3,"Flu ED visits pct","2026-03-14","quantile",0.1,1.09066020764079
"2026-02-21","rock-hill",3,"Flu ED visits pct","2026-03-14","quantile",0.1,0
"2026-02-21","horry",3,"Flu ED visits pct","2026-03-14","quantile",0.1,0.0770462274201593
"2026-02-21","south-carolina",3,"Flu ED visits pct","2026-03-14","quantile",0.25,1.23523856896759
"2026-02-21","columbia",3,"Flu ED visits pct","2026-03-14","quantile",0.25,1.02472248910343
"2026-02-21","greenville",3,"Flu ED visits pct","2026-03-14","quantile",0.25,0.548688133998601
"2026-02-21","florence",3,"Flu ED visits pct","2026-03-14","quantile",0.25,1.11540744913241
"2026-02-21","charleston",3,"Flu ED visits pct","2026-03-14","quantile",0.25,1.96573610495679
"2026-02-21","rock-hill",3,"Flu ED visits pct","2026-03-14","quantile",0.25,0.0103580795297668
"2026-02-21","horry",3,"Flu ED visits pct","2026-03-14","quantile",0.25,0.403769359607193
"2026-02-21","south-carolina",3,"Flu ED visits pct","2026-03-14","quantile",0.5,1.94877425350556
"2026-02-21","columbia",3,"Flu ED visits pct","2026-03-14","quantile",0.5,1.92096479541999
"2026-02-21","greenville",3,"Flu ED visits pct","2026-03-14","quantile",0.5,1.33762997465398
"2026-02-21","florence",3,"Flu ED visits pct","2026-03-14","quantile",0.5,2.29356138331772
"2026-02-21","charleston",3,"Flu ED visits pct","2026-03-14","quantile",0.5,3.16538473638007
"2026-02-21","rock-hill",3,"Flu ED visits pct","2026-03-14","quantile",0.5,0.792669274379225
"2026-02-21","horry",3,"Flu ED visits pct","2026-03-14","quantile",0.5,1.04745168834632
"2026-02-21","south-carolina",3,"Flu ED visits pct","2026-03-14","quantile",0.75,2.8476696521912
"2026-02-21","columbia",3,"Flu ED visits pct","2026-03-14","quantile",0.75,3.22557135882141
"2026-02-21","greenville",3,"Flu ED visits pct","2026-03-14","quantile",0.75,2.51456736172042
"2026-02-21","florence",3,"Flu ED visits pct","2026-03-14","quantile",0.75,4.20553725815742
"2026-02-21","charleston",3,"Flu ED visits pct","2026-03-14","quantile",0.75,4.94750735917137
"2026-02-21","rock-hill",3,"Flu ED visits pct","2026-03-14","quantile",0.75,2.43519629342712
"2026-02-21","horry",3,"Flu ED visits pct","2026-03-14","quantile",0.75,2.03352021920543
"2026-02-21","south-carolina",3,"Flu ED visits pct","2026-03-14","quantile",0.9,3.8777176236255
"2026-02-21","columbia",3,"Flu ED visits pct","2026-03-14","quantile",0.9,4.83603371309162
"2026-02-21","greenville",3,"Flu ED visits pct","2026-03-14","quantile",0.9,4.05508288174317
"2026-02-21","florence",3,"Flu ED visits pct","2026-03-14","quantile",0.9,6.96261872903077
"2026-02-21","charleston",3,"Flu ED visits pct","2026-03-14","quantile",0.9,7.0023703444785
"2026-02-21","rock-hill",3,"Flu ED visits pct","2026-03-14","quantile",0.9,4.77852552657299
"2026-02-21","horry",3,"Flu ED visits pct","2026-03-14","quantile",0.9,3.43215115003131
"2026-02-21","south-carolina",3,"Flu ED visits pct","2026-03-14","quantile",0.95,4.59744296077982
"2026-02-21","columbia",3,"Flu ED visits pct","2026-03-14","quantile",0.95,6.03398195944652
"2026-02-21","greenville",3,"Flu ED visits pct","2026-03-14","quantile",0.95,5.23364419325095
"2026-02-21","florence",3,"Flu ED visits pct","2026-03-14","quantile",0.95,9.09521166331069
"2026-02-21","charleston",3,"Flu ED visits pct","2026-03-14","quantile",0.95,8.64057100297462
"2026-02-21","rock-hill",3,"Flu ED visits pct","2026-03-14","quantile",0.95,6.67333709930578
"2026-02-21","horry",3,"Flu ED visits pct","2026-03-14","quantile",0.95,4.22288295165493
"2026-02-21","south-carolina",3,"Flu ED visits pct","2026-03-14","quantile",0.975,5.43928910636204
"2026-02-21","columbia",3,"Flu ED visits pct","2026-03-14","quantile",0.975,7.19594684880682
"2026-02-21","greenville",3,"Flu ED visits pct","2026-03-14","quantile",0.975,6.63090866332677
"2026-02-21","florence",3,"Flu ED visits pct","2026-03-14","quantile",0.975,11.2388164804319
"2026-02-21","charleston",3,"Flu ED visits pct","2026-03-14","quantile",0.975,9.94684264186314
"2026-02-21","rock-hill",3,"Flu ED visits pct","2026-03-14","quantile",0.975,8.89971822308041
"2026-02-21","horry",3,"Flu ED visits pct","2026-03-14","quantile",0.975,5.23272757616606
"2026-02-21","texas",0,"Flu ED visits pct","2026-02-21","quantile",0.025,2.49195493899413
"2026-02-21","houston",0,"Flu ED visits pct","2026-02-21","quantile",0.025,0.614674796988221
"2026-02-21","san-antonio",0,"Flu ED visits pct","2026-02-21","quantile",0.025,5.10045317122957
"2026-02-21","beaumont",0,"Flu ED visits pct","2026-02-21","quantile",0.025,0.960041363761107
"2026-02-21","el-paso",0,"Flu ED visits pct","2026-02-21","quantile",0.025,0.0442077764020489
"2026-02-21","austin",0,"Flu ED visits pct","2026-02-21","quantile",0.025,2.67827754663133
"2026-02-21","dallas",0,"Flu ED visits pct","2026-02-21","quantile",0.025,1.84192592757978
"2026-02-21","texas",0,"Flu ED visits pct","2026-02-21","quantile",0.05,2.65509410186678
"2026-02-21","houston",0,"Flu ED visits pct","2026-02-21","quantile",0.05,0.689119886146796
"2026-02-21","san-antonio",0,"Flu ED visits pct","2026-02-21","quantile",0.05,5.48001049555139
"2026-02-21","beaumont",0,"Flu ED visits pct","2026-02-21","quantile",0.05,1.12489612010465
"2026-02-21","el-paso",0,"Flu ED visits pct","2026-02-21","quantile",0.05,0.121381652674087
"2026-02-21","austin",0,"Flu ED visits pct","2026-02-21","quantile",0.05,2.88179611728865
"2026-02-21","dallas",0,"Flu ED visits pct","2026-02-21","quantile",0.05,1.98837028702811
"2026-02-21","texas",0,"Flu ED visits pct","2026-02-21","quantile",0.1,2.85313470703459
"2026-02-21","houston",0,"Flu ED visits pct","2026-02-21","quantile",0.1,0.7918047370205
"2026-02-21","san-antonio",0,"Flu ED visits pct","2026-02-21","quantile",0.1,5.91442416261953
"2026-02-21","beaumont",0,"Flu ED visits pct","2026-02-21","quantile",0.1,1.33626530442849
"2026-02-21","el-paso",0,"Flu ED visits pct","2026-02-21","quantile",0.1,0.195501487208007
"2026-02-21","austin",0,"Flu ED visits pct","2026-02-21","quantile",0.1,3.12238805597121
"2026-02-21","dallas",0,"Flu ED visits pct","2026-02-21","quantile",0.1,2.18692773134273
"2026-02-21","texas",0,"Flu ED visits pct","2026-02-21","quantile",0.25,3.21596533472938
"2026-02-21","houston",0,"Flu ED visits pct","2026-02-21","quantile",0.25,0.945060046514973
"2026-02-21","san-antonio",0,"Flu ED visits pct","2026-02-21","quantile",0.25,6.60306396034394
"2026-02-21","beaumont",0,"Flu ED visits pct","2026-02-21","quantile",0.25,1.79450329924289
"2026-02-21","el-paso",0,"Flu ED visits pct","2026-02-21","quantile",0.25,0.362046445171979
"2026-02-21","austin",0,"Flu ED visits pct","2026-02-21","quantile",0.25,3.52631137200254
"2026-02-21","dallas",0,"Flu ED visits pct","2026-02-21","quantile",0.25,2.50695987558011
"2026-02-21","texas",0,"Flu ED visits pct","2026-02-21","quantile",0.5,3.63804848248345
"2026-02-21","houston",0,"Flu ED visits pct","2026-02-21","quantile",0.5,1.12986135477523
"2026-02-21","san-antonio",0,"Flu ED visits pct","2026-02-21","quantile",0.5,7.49241420460596
"2026-02-21","beaumont",0,"Flu ED visits pct","2026-02-21","quantile",0.5,2.37526584131134
"2026-02-21","el-paso",0,"Flu ED visits pct","2026-02-21","quantile",0.5,0.57741707846059
"2026-02-21","austin",0,"Flu ED visits pct","2026-02-21","quantile",0.5,4.10027072159749
"2026-02-21","dallas",0,"Flu ED visits pct","2026-02-21","quantile",0.5,2.95630584614941
"2026-02-21","texas",0,"Flu ED visits pct","2026-02-21","quantile",0.75,4.09026532748652
"2026-02-21","houston",0,"Flu ED visits pct","2026-02-21","quantile",0.75,1.3525225530991
"2026-02-21","san-antonio",0,"Flu ED visits pct","2026-02-21","quantile",0.75,8.51763245787268
"2026-02-21","beaumont",0,"Flu ED visits pct","2026-02-21","quantile",0.75,3.0125347229006
"2026-02-21","el-paso",0,"Flu ED visits pct","2026-02-21","quantile",0.75,0.86731958269449
"2026-02-21","austin",0,"Flu ED visits pct","2026-02-21","quantile",0.75,4.69984103356545
"2026-02-21","dallas",0,"Flu ED visits pct","2026-02-21","quantile",0.75,3.42862194862727
"2026-02-21","texas",0,"Flu ED visits pct","2026-02-21","quantile",0.9,4.5315494687304
"2026-02-21","houston",0,"Flu ED visits pct","2026-02-21","quantile",0.9,1.54398531635832
"2026-02-21","san-antonio",0,"Flu ED visits pct","2026-02-21","quantile",0.9,9.44716818909165
"2026-02-21","beaumont",0,"Flu ED visits pct","2026-02-21","quantile",0.9,3.71393308329294
"2026-02-21","el-paso",0,"Flu ED visits pct","2026-02-21","quantile",0.9,1.17716744750425
"2026-02-21","austin",0,"Flu ED visits pct","2026-02-21","quantile",0.9,5.33029450621336
"2026-02-21","dallas",0,"Flu ED visits pct","2026-02-21","quantile",0.9,3.88810046583921
"2026-02-21","texas",0,"Flu ED visits pct","2026-02-21","quantile",0.95,4.83447606221538
"2026-02-21","houston",0,"Flu ED visits pct","2026-02-21","quantile",0.95,1.69500301060098
"2026-02-21","san-antonio",0,"Flu ED visits pct","2026-02-21","quantile",0.95,10.1200203866185
"2026-02-21","beaumont",0,"Flu ED visits pct","2026-02-21","quantile",0.95,4.20737948164202
"2026-02-21","el-paso",0,"Flu ED visits pct","2026-02-21","quantile",0.95,1.41035757316115
"2026-02-21","austin",0,"Flu ED visits pct","2026-02-21","quantile",0.95,5.67003181232201
"2026-02-21","dallas",0,"Flu ED visits pct","2026-02-21","quantile",0.95,4.21021310980803
"2026-02-21","texas",0,"Flu ED visits pct","2026-02-21","quantile",0.975,5.14915533865465
"2026-02-21","houston",0,"Flu ED visits pct","2026-02-21","quantile",0.975,1.82711165803214
"2026-02-21","san-antonio",0,"Flu ED visits pct","2026-02-21","quantile",0.975,10.5980201667224
"2026-02-21","beaumont",0,"Flu ED visits pct","2026-02-21","quantile",0.975,4.5715325881177
"2026-02-21","el-paso",0,"Flu ED visits pct","2026-02-21","quantile",0.975,1.58792913208745
"2026-02-21","austin",0,"Flu ED visits pct","2026-02-21","quantile",0.975,6.0406471072473
"2026-02-21","dallas",0,"Flu ED visits pct","2026-02-21","quantile",0.975,4.49957467831916
"2026-02-21","texas",1,"Flu ED visits pct","2026-02-28","quantile",0.025,1.89522188427734
"2026-02-21","houston",1,"Flu ED visits pct","2026-02-28","quantile",0.025,0.412218184219899
"2026-02-21","san-antonio",1,"Flu ED visits pct","2026-02-28","quantile",0.025,3.88404146909826
"2026-02-21","beaumont",1,"Flu ED visits pct","2026-02-28","quantile",0.025,0.447747575761239
"2026-02-21","el-paso",1,"Flu ED visits pct","2026-02-28","quantile",0.025,0
"2026-02-21","austin",1,"Flu ED visits pct","2026-02-28","quantile",0.025,1.98419364590119
"2026-02-21","dallas",1,"Flu ED visits pct","2026-02-28","quantile",0.025,1.29539715586063
"2026-02-21","texas",1,"Flu ED visits pct","2026-02-28","quantile",0.05,2.08198616874524
"2026-02-21","houston",1,"Flu ED visits pct","2026-02-28","quantile",0.05,0.508348570654455
"2026-02-21","san-antonio",1,"Flu ED visits pct","2026-02-28","quantile",0.05,4.24941428488452
"2026-02-21","beaumont",1,"Flu ED visits pct","2026-02-28","quantile",0.05,0.63782735345734
"2026-02-21","el-paso",1,"Flu ED visits pct","2026-02-28","quantile",0.05,0
"2026-02-21","austin",1,"Flu ED visits pct","2026-02-28","quantile",0.05,2.2612156496891
"2026-02-21","dallas",1,"Flu ED visits pct","2026-02-28","quantile",0.05,1.48157787968571
"2026-02-21","texas",1,"Flu ED visits pct","2026-02-28","quantile",0.1,2.35002972599973
"2026-02-21","houston",1,"Flu ED visits pct","2026-02-28","quantile",0.1,0.617774491656329
"2026-02-21","san-antonio",1,"Flu ED visits pct","2026-02-28","quantile",0.1,4.72969064111293
"2026-02-21","beaumont",1,"Flu ED visits pct","2026-02-28","quantile",0.1,0.879076976467145
"2026-02-21","el-paso",1,"Flu ED visits pct","2026-02-28","quantile",0.1,0.0315345017933025
"2026-02-21","austin",1,"Flu ED visits pct","2026-02-28","quantile",0.1,2.55330360214132
"2026-02-21","dallas",1,"Flu ED visits pct","2026-02-28","quantile",0.1,1.71540273409703
"2026-02-21","texas",1,"Flu ED visits pct","2026-02-28","quantile",0.25,2.81094902148048
"2026-02-21","houston",1,"Flu ED visits pct","2026-02-28","quantile",0.25,0.831850661841027
"2026-02-21","san-antonio",1,"Flu ED visits pct","2026-02-28","quantile",0.25,5.65923536190573
"2026-02-21","beaumont",1,"Flu ED visits pct","2026-02-28","quantile",0.25,1.43730453395784
"2026-02-21","el-paso",1,"Flu ED visits pct","2026-02-28","quantile",0.25,0.238677433253676
"2026-02-21","austin",1,"Flu ED visits pct","2026-02-28","quantile",0.25,3.16557533104091
"2026-02-21","dallas",1,"Flu ED visits pct","2026-02-28","quantile",0.25,2.13799645665215
"2026-02-21","texas",1,"Flu ED visits pct","2026-02-28","quantile",0.5,3.44455152015329
"2026-02-21","houston",1,"Flu ED visits pct","2026-02-28","quantile",0.5,1.10797095830653
"2026-02-21","san-antonio",1,"Flu ED visits pct","2026-02-28","quantile",0.5,7.0616850909305
"2026-02-21","beaumont",1,"Flu ED visits pct","2026-02-28","quantile",0.5,2.24696860673224
"2026-02-21","el-paso",1,"Flu ED visits pct","2026-02-28","quantile",0.5,0.582314227454538
"2026-02-21","austin",1,"Flu ED visits pct","2026-02-28","quantile",0.5,4.01479731485517
"2026-02-21","dallas",1,"Flu ED visits pct","2026-02-28","quantile",0.5,2.76772502724138
"2026-02-21","texas",1,"Flu ED visits pct","2026-02-28","quantile",0.75,4.12143008001028
"2026-02-21","houston",1,"Flu ED visits pct","2026-02-28","quantile",0.75,1.42486226710264
"2026-02-21","san-antonio",1,"Flu ED visits pct","2026-02-28","quantile",0.75,8.44478286905875
"2026-02-21","beaumont",1,"Flu ED visits pct","2026-02-28","quantile",0.75,3.22860318865938
"2026-02-21","el-paso",1,"Flu ED visits pct","2026-02-28","quantile",0.75,1.03725377333671
"2026-02-21","austin",1,"Flu ED visits pct","2026-02-28","quantile",0.75,4.86707334000883
"2026-02-21","dallas",1,"Flu ED visits pct","2026-02-28","quantile",0.75,3.49731769338854
"2026-02-21","texas",1,"Flu ED visits pct","2026-02-28","quantile",0.9,4.77934486000014
"2026-02-21","houston",1,"Flu ED visits pct","2026-02-28","quantile",0.9,1.77753880176494
"2026-02-21","san-antonio",1,"Flu ED visits pct","2026-02-28","quantile",0.9,9.82062452515064
"2026-02-21","beaumont",1,"Flu ED visits pct","2026-02-28","quantile",0.9,4.37964211588146
"2026-02-21","el-paso",1,"Flu ED visits pct","2026-02-28","quantile",0.9,1.57269216791761
"2026-02-21","austin",1,"Flu ED visits pct","2026-02-28","quantile",0.9,5.82182836607301
"2026-02-21","dallas",1,"Flu ED visits pct","2026-02-28","quantile",0.9,4.18955789007957
"2026-02-21","texas",1,"Flu ED visits pct","2026-02-28","quantile",0.95,5.30250870919881
"2026-02-21","houston",1,"Flu ED visits pct","2026-02-28","quantile",0.95,2.05174485221234
"2026-02-21","san-antonio",1,"Flu ED visits pct","2026-02-28","quantile",0.95,10.9722390929399
"2026-02-21","beaumont",1,"Flu ED visits pct","2026-02-28","quantile",0.95,5.26624138118741
"2026-02-21","el-paso",1,"Flu ED visits pct","2026-02-28","quantile",0.95,1.93289380526446
"2026-02-21","austin",1,"Flu ED visits pct","2026-02-28","quantile",0.95,6.37332605341641
"2026-02-21","dallas",1,"Flu ED visits pct","2026-02-28","quantile",0.95,4.63318040562199
"2026-02-21","texas",1,"Flu ED visits pct","2026-02-28","quantile",0.975,5.76955224933819
"2026-02-21","houston",1,"Flu ED visits pct","2026-02-28","quantile",0.975,2.2614811457687
"2026-02-21","san-antonio",1,"Flu ED visits pct","2026-02-28","quantile",0.975,11.8226297473893
"2026-02-21","beaumont",1,"Flu ED visits pct","2026-02-28","quantile",0.975,6.04264712610738
"2026-02-21","el-paso",1,"Flu ED visits pct","2026-02-28","quantile",0.975,2.33013102405972
"2026-02-21","austin",1,"Flu ED visits pct","2026-02-28","quantile",0.975,6.92133736620918
"2026-02-21","dallas",1,"Flu ED visits pct","2026-02-28","quantile",0.975,5.19990985070997
"2026-02-21","texas",2,"Flu ED visits pct","2026-03-07","quantile",0.025,1.35624776481216
"2026-02-21","houston",2,"Flu ED visits pct","2026-03-07","quantile",0.025,0.244938348929334
"2026-02-21","san-antonio",2,"Flu ED visits pct","2026-03-07","quantile",0.025,2.80483044148834
"2026-02-21","beaumont",2,"Flu ED visits pct","2026-03-07","quantile",0.025,0.102146761639418
"2026-02-21","el-paso",2,"Flu ED visits pct","2026-03-07","quantile",0.025,0
"2026-02-21","austin",2,"Flu ED visits pct","2026-03-07","quantile",0.025,1.45081622037986
"2026-02-21","dallas",2,"Flu ED visits pct","2026-03-07","quantile",0.025,0.81290661233779
"2026-02-21","texas",2,"Flu ED visits pct","2026-03-07","quantile",0.05,1.57062456841684
"2026-02-21","houston",2,"Flu ED visits pct","2026-03-07","quantile",0.05,0.349407882627044
"2026-02-21","san-antonio",2,"Flu ED visits pct","2026-03-07","quantile",0.05,3.19105193420973
"2026-02-21","beaumont",2,"Flu ED visits pct","2026-03-07","quantile",0.05,0.295928671310913
"2026-02-21","el-paso",2,"Flu ED visits pct","2026-03-07","quantile",0.05,0
"2026-02-21","austin",2,"Flu ED visits pct","2026-03-07","quantile",0.05,1.73821985716971
"2026-02-21","dallas",2,"Flu ED visits pct","2026-03-07","quantile",0.05,0.993528913377392
"2026-02-21","texas",2,"Flu ED visits pct","2026-03-07","quantile",0.1,1.8261452141926
"2026-02-21","houston",2,"Flu ED visits pct","2026-03-07","quantile",0.1,0.485746638822892
"2026-02-21","san-antonio",2,"Flu ED visits pct","2026-03-07","quantile",0.1,3.71913441717034
"2026-02-21","beaumont",2,"Flu ED visits pct","2026-03-07","quantile",0.1,0.529643445646293
"2026-02-21","el-paso",2,"Flu ED visits pct","2026-03-07","quantile",0.1,0
"2026-02-21","austin",2,"Flu ED visits pct","2026-03-07","quantile",0.1,2.03375329848832
"2026-02-21","dallas",2,"Flu ED visits pct","2026-03-07","quantile",0.1,1.24487914191367
"2026-02-21","texas",2,"Flu ED visits pct","2026-03-07","quantile",0.25,2.40197865043954
"2026-02-21","houston",2,"Flu ED visits pct","2026-03-07","quantile",0.25,0.759205983025818
"2026-02-21","san-antonio",2,"Flu ED visits pct","2026-03-07","quantile",0.25,4.80546702644951
"2026-02-21","beaumont",2,"Flu ED visits pct","2026-03-07","quantile",0.25,1.1619870850991
"2026-02-21","el-paso",2,"Flu ED visits pct","2026-03-07","quantile",0.25,0.146260963416436
"2026-02-21","austin",2,"Flu ED visits pct","2026-03-07","quantile",0.25,2.73459055568375
"2026-02-21","dallas",2,"Flu ED visits pct","2026-03-07","quantile",0.25,1.74346147615882
"2026-02-21","texas",2,"Flu ED visits pct","2026-03-07","quantile",0.5,3.13464812574432
"2026-02-21","houston",2,"Flu ED visits pct","2026-03-07","quantile",0.5,1.07765853078728
"2026-02-21","san-antonio",2,"Flu ED visits pct","2026-03-07","quantile",0.5,6.25210108465941
"2026-02-21","beaumont",2,"Flu ED visits pct","2026-03-07","quantile",0.5,2.13908773319369
"2026-02-21","el-paso",2,"Flu ED visits pct","2026-03-07","quantile",0.5,0.579185286353184
"2026-02-21","austin",2,"Flu ED visits pct","2026-03-07","quantile",0.5,3.62023905401176
"2026-02-21","dallas",2,"Flu ED visits pct","2026-03-07","quantile",0.5,2.3915391585254
"2026-02-21","texas",2,"Flu ED visits pct","2026-03-07","quantile",0.75,3.95085206193858
"2026-02-21","houston",2,"Flu ED visits pct","2026-03-07","quantile",0.75,1.48267175776015
"2026-02-21","san-antonio",2,"Flu ED visits pct","2026-03-07","quantile",0.75,7.99216268745545
"2026-02-21","beaumont",2,"Flu ED visits pct","2026-03-07","quantile",0.75,3.40576148752475
"2026-02-21","el-paso",2,"Flu ED visits pct","2026-03-07","quantile",0.75,1.22750787586373
"2026-02-21","austin",2,"Flu ED visits pct","2026-03-07","quantile",0.75,4.77300228834839
"2026-02-21","dallas",2,"Flu ED visits pct","2026-03-07","quantile",0.75,3.29804421225361
"2026-02-21","texas",2,"Flu ED visits pct","2026-03-07","quantile",0.9,4.84514384216832
"2026-02-21","houston",2,"Flu ED visits pct","2026-03-07","quantile",0.9,1.93995931605814
"2026-02-21","san-antonio",2,"Flu ED visits pct","2026-03-07","quantile",0.9,9.93537507036697
"2026-02-21","beaumont",2,"Flu ED visits pct","2026-03-07","quantile",0.9,4.9725590012688
"2026-02-21","el-paso",2,"Flu ED visits pct","2026-03-07","quantile",0.9,1.92839670864502
"2026-02-21","austin",2,"Flu ED visits pct","2026-03-07","quantile",0.9,6.0107713693804
"2026-02-21","dallas",2,"Flu ED visits pct","2026-03-07","quantile",0.9,4.34398617464646
"2026-02-21","texas",2,"Flu ED visits pct","2026-03-07","quantile",0.95,5.42317489370449
"2026-02-21","houston",2,"Flu ED visits pct","2026-03-07","quantile",0.95,2.22866938529132
"2026-02-21","san-antonio",2,"Flu ED visits pct","2026-03-07","quantile",0.95,11.2942134078596
"2026-02-21","beaumont",2,"Flu ED visits pct","2026-03-07","quantile",0.95,6.15347778825155
"2026-02-21","el-paso",2,"Flu ED visits pct","2026-03-07","quantile",0.95,2.52593365620469
"2026-02-21","austin",2,"Flu ED visits pct","2026-03-07","quantile",0.95,6.86909198846565
"2026-02-21","dallas",2,"Flu ED visits pct","2026-03-07","quantile",0.95,4.95963000556293
"2026-02-21","texas",2,"Flu ED visits pct","2026-03-07","quantile",0.975,6.03772476915558
"2026-02-21","houston",2,"Flu ED visits pct","2026-03-07","quantile",0.975,2.57964729778222
"2026-02-21","san-antonio",2,"Flu ED visits pct","2026-03-07","quantile",0.975,12.598035635797
"2026-02-21","beaumont",2,"Flu ED visits pct","2026-03-07","quantile",0.975,7.06463954087478
"2026-02-21","el-paso",2,"Flu ED visits pct","2026-03-07","quantile",0.975,2.99592134567069
"2026-02-21","austin",2,"Flu ED visits pct","2026-03-07","quantile",0.975,7.55827236978139
"2026-02-21","dallas",2,"Flu ED visits pct","2026-03-07","quantile",0.975,5.50423027883102
"2026-02-21","texas",3,"Flu ED visits pct","2026-03-14","quantile",0.025,0.95485837106519
"2026-02-21","houston",3,"Flu ED visits pct","2026-03-14","quantile",0.025,0.1212812921423
"2026-02-21","san-antonio",3,"Flu ED visits pct","2026-03-14","quantile",0.025,1.94530684338621
"2026-02-21","beaumont",3,"Flu ED visits pct","2026-03-14","quantile",0.025,0
"2026-02-21","el-paso",3,"Flu ED visits pct","2026-03-14","quantile",0.025,0
"2026-02-21","austin",3,"Flu ED visits pct","2026-03-14","quantile",0.025,1.01864581917962
"2026-02-21","dallas",3,"Flu ED visits pct","2026-03-14","quantile",0.025,0.47448242200454
"2026-02-21","texas",3,"Flu ED visits pct","2026-03-14","quantile",0.05,1.19741530292969
"2026-02-21","houston",3,"Flu ED visits pct","2026-03-14","quantile",0.05,0.24516064668966
"2026-02-21","san-antonio",3,"Flu ED visits pct","2026-03-14","quantile",0.05,2.30946438297188
"2026-02-21","beaumont",3,"Flu ED visits pct","2026-03-14","quantile",0.05,0.0929547230620344
"2026-02-21","el-paso",3,"Flu ED visits pct","2026-03-14","quantile",0.05,0
"2026-02-21","austin",3,"Flu ED visits pct","2026-03-14","quantile",0.05,1.27791609952448
"2026-02-21","dallas",3,"Flu ED visits pct","2026-03-14","quantile",0.05,0.663957818620505
"2026-02-21","texas",3,"Flu ED visits pct","2026-03-14","quantile",0.1,1.4617784026616
"2026-02-21","houston",3,"Flu ED visits pct","2026-03-14","quantile",0.1,0.387668579537453
"2026-02-21","san-antonio",3,"Flu ED visits pct","2026-03-14","quantile",0.1,2.96071820385172
"2026-02-21","beaumont",3,"Flu ED visits pct","2026-03-14","quantile",0.1,0.333671951851966
"2026-02-21","el-paso",3,"Flu ED visits pct","2026-03-14","quantile",0.1,0
"2026-02-21","austin",3,"Flu ED visits pct","2026-03-14","quantile",0.1,1.65741761520318
"2026-02-21","dallas",3,"Flu ED visits pct","2026-03-14","quantile",0.1,0.87679064159249
"2026-02-21","texas",3,"Flu ED visits pct","2026-03-14","quantile",0.25,2.02166541200695
"2026-02-21","houston",3,"Flu ED visits pct","2026-03-14","quantile",0.25,0.671631900379344
"2026-02-21","san-antonio",3,"Flu ED visits pct","2026-03-14","quantile",0.25,4.02210340388295
"2026-02-21","beaumont",3,"Flu ED visits pct","2026-03-14","quantile",0.25,0.903163139313397
"2026-02-21","el-paso",3,"Flu ED visits pct","2026-03-14","quantile",0.25,0.103536631633107
"2026-02-21","austin",3,"Flu ED visits pct","2026-03-14","quantile",0.25,2.38529078411693
"2026-02-21","dallas",3,"Flu ED visits pct","2026-03-14","quantile",0.25,1.36633243433938
"2026-02-21","texas",3,"Flu ED visits pct","2026-03-14","quantile",0.5,2.82194028696342
"2026-02-21","houston",3,"Flu ED visits pct","2026-03-14","quantile",0.5,1.04083428418601
"2026-02-21","san-antonio",3,"Flu ED visits pct","2026-03-14","quantile",0.5,5.63646612296008
"2026-02-21","beaumont",3,"Flu ED visits pct","2026-03-14","quantile",0.5,1.92188788372305
"2026-02-21","el-paso",3,"Flu ED visits pct","2026-03-14","quantile",0.5,0.595762425504968
"2026-02-21","austin",3,"Flu ED visits pct","2026-03-14","quantile",0.5,3.39332565214428
"2026-02-21","dallas",3,"Flu ED visits pct","2026-03-14","quantile",0.5,2.12048652755594
"2026-02-21","texas",3,"Flu ED visits pct","2026-03-14","quantile",0.75,3.75481087617816
"2026-02-21","houston",3,"Flu ED visits pct","2026-03-14","quantile",0.75,1.55309202653013
"2026-02-21","san-antonio",3,"Flu ED visits pct","2026-03-14","quantile",0.75,7.61420792682688
"2026-02-21","beaumont",3,"Flu ED visits pct","2026-03-14","quantile",0.75,3.49447822144137
"2026-02-21","el-paso",3,"Flu ED visits pct","2026-03-14","quantile",0.75,1.39938419314173
"2026-02-21","austin",3,"Flu ED visits pct","2026-03-14","quantile",0.75,4.63054187304142
"2026-02-21","dallas",3,"Flu ED visits pct","2026-03-14","quantile",0.75,3.11053062108759
"2026-02-21","texas",3,"Flu ED visits pct","2026-03-14","quantile",0.9,4.8314109470737
"2026-02-21","houston",3,"Flu ED visits pct","2026-03-14","quantile",0.9,2.10432561967049
"2026-02-21","san-antonio",3,"Flu ED visits pct","2026-03-14","quantile",0.9,9.78530627663132
"2026-02-21","beaumont",3,"Flu ED visits pct","2026-03-14","quantile",0.9,5.49289970875921
"2026-02-21","el-paso",3,"Flu ED visits pct","2026-03-14","quantile",0.9,2.44595537303914
"2026-02-21","austin",3,"Flu ED visits pct","2026-03-14","quantile",0.9,6.06080926404494
"2026-02-21","dallas",3,"Flu ED visits pct","2026-03-14","quantile",0.9,4.2759292270441
"2026-02-21","texas",3,"Flu ED visits pct","2026-03-14","quantile",0.95,5.47950874578052
"2026-02-21","houston",3,"Flu ED visits pct","2026-03-14","quantile",0.95,2.49281689218058
"2026-02-21","san-antonio",3,"Flu ED visits pct","2026-03-14","quantile",0.95,11.3595809600234
"2026-02-21","beaumont",3,"Flu ED visits pct","2026-03-14","quantile",0.95,6.80993947906682
"2026-02-21","el-paso",3,"Flu ED visits pct","2026-03-14","quantile",0.95,3.21091818330902
"2026-02-21","austin",3,"Flu ED visits pct","2026-03-14","quantile",0.95,7.01778114186589
"2026-02-21","dallas",3,"Flu ED visits pct","2026-03-14","quantile",0.95,4.93233503195427
"2026-02-21","texas",3,"Flu ED visits pct","2026-03-14","quantile",0.975,6.24914352897145
"2026-02-21","houston",3,"Flu ED visits pct","2026-03-14","quantile",0.975,2.89763849665608
"2026-02-21","san-antonio",3,"Flu ED visits pct","2026-03-14","quantile",0.975,12.8849226133678
"2026-02-21","beaumont",3,"Flu ED visits pct","2026-03-14","quantile",0.975,8.2444729731039
"2026-02-21","el-paso",3,"Flu ED visits pct","2026-03-14","quantile",0.975,3.93000850536967
"2026-02-21","austin",3,"Flu ED visits pct","2026-03-14","quantile",0.975,8.01651757740763
"2026-02-21","dallas",3,"Flu ED visits pct","2026-03-14","quantile",0.975,5.64883521670809
"2026-02-21","utah",0,"Flu ED visits pct","2026-02-21","quantile",0.025,1.44632906210971
"2026-02-21","provo",0,"Flu ED visits pct","2026-02-21","quantile",0.025,0.509384212170604
"2026-02-21","salt-lake-city",0,"Flu ED visits pct","2026-02-21","quantile",0.025,1.38206312703369
"2026-02-21","ogden",0,"Flu ED visits pct","2026-02-21","quantile",0.025,1.04619281446242
"2026-02-21","utah",0,"Flu ED visits pct","2026-02-21","quantile",0.05,1.58735248156363
"2026-02-21","provo",0,"Flu ED visits pct","2026-02-21","quantile",0.05,0.63166741081929
"2026-02-21","salt-lake-city",0,"Flu ED visits pct","2026-02-21","quantile",0.05,1.56110613309801
"2026-02-21","ogden",0,"Flu ED visits pct","2026-02-21","quantile",0.05,1.18624721773305
"2026-02-21","utah",0,"Flu ED visits pct","2026-02-21","quantile",0.1,1.76059422654123
"2026-02-21","provo",0,"Flu ED visits pct","2026-02-21","quantile",0.1,0.792337866768982
"2026-02-21","salt-lake-city",0,"Flu ED visits pct","2026-02-21","quantile",0.1,1.72189181655372
"2026-02-21","ogden",0,"Flu ED visits pct","2026-02-21","quantile",0.1,1.4232512420439
"2026-02-21","utah",0,"Flu ED visits pct","2026-02-21","quantile",0.25,2.05854765609312
"2026-02-21","provo",0,"Flu ED visits pct","2026-02-21","quantile",0.25,1.0931461222368
"2026-02-21","salt-lake-city",0,"Flu ED visits pct","2026-02-21","quantile",0.25,2.08046014523874
"2026-02-21","ogden",0,"Flu ED visits pct","2026-02-21","quantile",0.25,1.83140545682113
"2026-02-21","utah",0,"Flu ED visits pct","2026-02-21","quantile",0.5,2.4306100255892
"2026-02-21","provo",0,"Flu ED visits pct","2026-02-21","quantile",0.5,1.51316709162476
"2026-02-21","salt-lake-city",0,"Flu ED visits pct","2026-02-21","quantile",0.5,2.55679426422156
"2026-02-21","ogden",0,"Flu ED visits pct","2026-02-21","quantile",0.5,2.38011869055746
"2026-02-21","utah",0,"Flu ED visits pct","2026-02-21","quantile",0.75,2.8532849191377
"2026-02-21","provo",0,"Flu ED visits pct","2026-02-21","quantile",0.75,2.01965881152332
"2026-02-21","salt-lake-city",0,"Flu ED visits pct","2026-02-21","quantile",0.75,3.01753543619541
"2026-02-21","ogden",0,"Flu ED visits pct","2026-02-21","quantile",0.75,3.06120809574495
"2026-02-21","utah",0,"Flu ED visits pct","2026-02-21","quantile",0.9,3.28217992990693
"2026-02-21","provo",0,"Flu ED visits pct","2026-02-21","quantile",0.9,2.48814351131369
"2026-02-21","salt-lake-city",0,"Flu ED visits pct","2026-02-21","quantile",0.9,3.49511817883041
"2026-02-21","ogden",0,"Flu ED visits pct","2026-02-21","quantile",0.9,3.6858398672085
"2026-02-21","utah",0,"Flu ED visits pct","2026-02-21","quantile",0.95,3.51724501796991
"2026-02-21","provo",0,"Flu ED visits pct","2026-02-21","quantile",0.95,2.83086552705771
"2026-02-21","salt-lake-city",0,"Flu ED visits pct","2026-02-21","quantile",0.95,3.83283917573693
"2026-02-21","ogden",0,"Flu ED visits pct","2026-02-21","quantile",0.95,4.28614763250068
"2026-02-21","utah",0,"Flu ED visits pct","2026-02-21","quantile",0.975,3.77803691897374
"2026-02-21","provo",0,"Flu ED visits pct","2026-02-21","quantile",0.975,3.13722218332344
"2026-02-21","salt-lake-city",0,"Flu ED visits pct","2026-02-21","quantile",0.975,4.2658989136168
"2026-02-21","ogden",0,"Flu ED visits pct","2026-02-21","quantile",0.975,4.57029333906508
"2026-02-21","utah",1,"Flu ED visits pct","2026-02-28","quantile",0.025,0.945411046489674
"2026-02-21","provo",1,"Flu ED visits pct","2026-02-28","quantile",0.025,0.115026529409803
"2026-02-21","salt-lake-city",1,"Flu ED visits pct","2026-02-28","quantile",0.025,0.822713040567479
"2026-02-21","ogden",1,"Flu ED visits pct","2026-02-28","quantile",0.025,0.486509839305666
"2026-02-21","utah",1,"Flu ED visits pct","2026-02-28","quantile",0.05,1.06192423613344
"2026-02-21","provo",1,"Flu ED visits pct","2026-02-28","quantile",0.05,0.239874327865312
"2026-02-21","salt-lake-city",1,"Flu ED visits pct","2026-02-28","quantile",0.05,0.995199978416465
"2026-02-21","ogden",1,"Flu ED visits pct","2026-02-28","quantile",0.05,0.665656034029281
"2026-02-21","utah",1,"Flu ED visits pct","2026-02-28","quantile",0.1,1.28812837483672
"2026-02-21","provo",1,"Flu ED visits pct","2026-02-28","quantile",0.1,0.399947659895658
"2026-02-21","salt-lake-city",1,"Flu ED visits pct","2026-02-28","quantile",0.1,1.23980092554323
"2026-02-21","ogden",1,"Flu ED visits pct","2026-02-28","quantile",0.1,0.888282835407856
"2026-02-21","utah",1,"Flu ED visits pct","2026-02-28","quantile",0.25,1.66839675852547
"2026-02-21","provo",1,"Flu ED visits pct","2026-02-28","quantile",0.25,0.761029015953224
"2026-02-21","salt-lake-city",1,"Flu ED visits pct","2026-02-28","quantile",0.25,1.66541392903821
"2026-02-21","ogden",1,"Flu ED visits pct","2026-02-28","quantile",0.25,1.41754051559278
"2026-02-21","utah",1,"Flu ED visits pct","2026-02-28","quantile",0.5,2.18497444885645
"2026-02-21","provo",1,"Flu ED visits pct","2026-02-28","quantile",0.5,1.24611426813623
"2026-02-21","salt-lake-city",1,"Flu ED visits pct","2026-02-28","quantile",0.5,2.268420440281
"2026-02-21","ogden",1,"Flu ED visits pct","2026-02-28","quantile",0.5,2.15799644980592
"2026-02-21","utah",1,"Flu ED visits pct","2026-02-28","quantile",0.75,2.81605578676884
"2026-02-21","provo",1,"Flu ED visits pct","2026-02-28","quantile",0.75,1.99491269314141
"2026-02-21","salt-lake-city",1,"Flu ED visits pct","2026-02-28","quantile",0.75,2.98881985206858
"2026-02-21","ogden",1,"Flu ED visits pct","2026-02-28","quantile",0.75,3.16626591168338
"2026-02-21","utah",1,"Flu ED visits pct","2026-02-28","quantile",0.9,3.44371720519094
"2026-02-21","provo",1,"Flu ED visits pct","2026-02-28","quantile",0.9,2.83295447858363
"2026-02-21","salt-lake-city",1,"Flu ED visits pct","2026-02-28","quantile",0.9,3.72632674882566
"2026-02-21","ogden",1,"Flu ED visits pct","2026-02-28","quantile",0.9,4.29683053739562
"2026-02-21","utah",1,"Flu ED visits pct","2026-02-28","quantile",0.95,3.84741438650356
"2026-02-21","provo",1,"Flu ED visits pct","2026-02-28","quantile",0.95,3.42283288543759
"2026-02-21","salt-lake-city",1,"Flu ED visits pct","2026-02-28","quantile",0.95,4.25951183673657
"2026-02-21","ogden",1,"Flu ED visits pct","2026-02-28","quantile",0.95,5.17405800831544
"2026-02-21","utah",1,"Flu ED visits pct","2026-02-28","quantile",0.975,4.2212994251744
"2026-02-21","provo",1,"Flu ED visits pct","2026-02-28","quantile",0.975,3.93538803242115
"2026-02-21","salt-lake-city",1,"Flu ED visits pct","2026-02-28","quantile",0.975,4.69606510893772
"2026-02-21","ogden",1,"Flu ED visits pct","2026-02-28","quantile",0.975,6.26179460309078
"2026-02-21","utah",2,"Flu ED visits pct","2026-03-07","quantile",0.025,0.525674348561822
"2026-02-21","provo",2,"Flu ED visits pct","2026-03-07","quantile",0.025,0
"2026-02-21","salt-lake-city",2,"Flu ED visits pct","2026-03-07","quantile",0.025,0.442842513898019
"2026-02-21","ogden",2,"Flu ED visits pct","2026-03-07","quantile",0.025,0.1857218515378
"2026-02-21","utah",2,"Flu ED visits pct","2026-03-07","quantile",0.05,0.706608471730455
"2026-02-21","provo",2,"Flu ED visits pct","2026-03-07","quantile",0.05,0.0202079972724947
"2026-02-21","salt-lake-city",2,"Flu ED visits pct","2026-03-07","quantile",0.05,0.603442915399677
"2026-02-21","ogden",2,"Flu ED visits pct","2026-03-07","quantile",0.05,0.348516668404434
"2026-02-21","utah",2,"Flu ED visits pct","2026-03-07","quantile",0.1,0.90474578755016
"2026-02-21","provo",2,"Flu ED visits pct","2026-03-07","quantile",0.1,0.182742491245542
"2026-02-21","salt-lake-city",2,"Flu ED visits pct","2026-03-07","quantile",0.1,0.850995367741347
"2026-02-21","ogden",2,"Flu ED visits pct","2026-03-07","quantile",0.1,0.581140683230054
"2026-02-21","utah",2,"Flu ED visits pct","2026-03-07","quantile",0.25,1.37401053687615
"2026-02-21","provo",2,"Flu ED visits pct","2026-03-07","quantile",0.25,0.553469362669579
"2026-02-21","salt-lake-city",2,"Flu ED visits pct","2026-03-07","quantile",0.25,1.33222464485956
"2026-02-21","ogden",2,"Flu ED visits pct","2026-03-07","quantile",0.25,1.11955642163832
"2026-02-21","utah",2,"Flu ED visits pct","2026-03-07","quantile",0.5,1.99324809492527
"2026-02-21","provo",2,"Flu ED visits pct","2026-03-07","quantile",0.5,1.13063984840305
"2026-02-21","salt-lake-city",2,"Flu ED visits pct","2026-03-07","quantile",0.5,2.03215904362397
"2026-02-21","ogden",2,"Flu ED visits pct","2026-03-07","quantile",0.5,1.94344548054061
"2026-02-21","utah",2,"Flu ED visits pct","2026-03-07","quantile",0.75,2.70143264352037
"2026-02-21","provo",2,"Flu ED visits pct","2026-03-07","quantile",0.75,2.06322220113173
"2026-02-21","salt-lake-city",2,"Flu ED visits pct","2026-03-07","quantile",0.75,2.87949998708995
"2026-02-21","ogden",2,"Flu ED visits pct","2026-03-07","quantile",0.75,3.22867366915717
"2026-02-21","utah",2,"Flu ED visits pct","2026-03-07","quantile",0.9,3.53673391410626
"2026-02-21","provo",2,"Flu ED visits pct","2026-03-07","quantile",0.9,3.23555309706396
"2026-02-21","salt-lake-city",2,"Flu ED visits pct","2026-03-07","quantile",0.9,3.90983119034826
"2026-02-21","ogden",2,"Flu ED visits pct","2026-03-07","quantile",0.9,4.76697189312255
"2026-02-21","utah",2,"Flu ED visits pct","2026-03-07","quantile",0.95,4.04928691146853
"2026-02-21","provo",2,"Flu ED visits pct","2026-03-07","quantile",0.95,4.01801793287406
"2026-02-21","salt-lake-city",2,"Flu ED visits pct","2026-03-07","quantile",0.95,4.63455326937593
"2026-02-21","ogden",2,"Flu ED visits pct","2026-03-07","quantile",0.95,6.148353358461
"2026-02-21","utah",2,"Flu ED visits pct","2026-03-07","quantile",0.975,4.48492475768976
"2026-02-21","provo",2,"Flu ED visits pct","2026-03-07","quantile",0.975,4.88124773220091
"2026-02-21","salt-lake-city",2,"Flu ED visits pct","2026-03-07","quantile",0.975,5.35824905562515
"2026-02-21","ogden",2,"Flu ED visits pct","2026-03-07","quantile",0.975,7.17244087020384
"2026-02-21","utah",3,"Flu ED visits pct","2026-03-14","quantile",0.025,0.29153446826502
"2026-02-21","provo",3,"Flu ED visits pct","2026-03-14","quantile",0.025,0
"2026-02-21","salt-lake-city",3,"Flu ED visits pct","2026-03-14","quantile",0.025,0.174273515095136
"2026-02-21","ogden",3,"Flu ED visits pct","2026-03-14","quantile",0.025,0
"2026-02-21","utah",3,"Flu ED visits pct","2026-03-14","quantile",0.05,0.437723496263959
"2026-02-21","provo",3,"Flu ED visits pct","2026-03-14","quantile",0.05,0
"2026-02-21","salt-lake-city",3,"Flu ED visits pct","2026-03-14","quantile",0.05,0.351769338828666
"2026-02-21","ogden",3,"Flu ED visits pct","2026-03-14","quantile",0.05,0.0905401229046102
"2026-02-21","utah",3,"Flu ED visits pct","2026-03-14","quantile",0.1,0.647655280312566
"2026-02-21","provo",3,"Flu ED visits pct","2026-03-14","quantile",0.1,0.0307698641094827
"2026-02-21","salt-lake-city",3,"Flu ED visits pct","2026-03-14","quantile",0.1,0.585826425246222
"2026-02-21","ogden",3,"Flu ED visits pct","2026-03-14","quantile",0.1,0.31795352330283
"2026-02-21","utah",3,"Flu ED visits pct","2026-03-14","quantile",0.25,1.11215547669278
"2026-02-21","provo",3,"Flu ED visits pct","2026-03-14","quantile",0.25,0.384892632700087
"2026-02-21","salt-lake-city",3,"Flu ED visits pct","2026-03-14","quantile",0.25,1.06932404025596
"2026-02-21","ogden",3,"Flu ED visits pct","2026-03-14","quantile",0.25,0.820523342466571
"2026-02-21","utah",3,"Flu ED visits pct","2026-03-14","quantile",0.5,1.76801647529322
"2026-02-21","provo",3,"Flu ED visits pct","2026-03-14","quantile",0.5,0.980105164339019
"2026-02-21","salt-lake-city",3,"Flu ED visits pct","2026-03-14","quantile",0.5,1.83662972052157
"2026-02-21","ogden",3,"Flu ED visits pct","2026-03-14","quantile",0.5,1.74549406166793
"2026-02-21","utah",3,"Flu ED visits pct","2026-03-14","quantile",0.75,2.61552501564426
"2026-02-21","provo",3,"Flu ED visits pct","2026-03-14","quantile",0.75,2.07554825667526
"2026-02-21","salt-lake-city",3,"Flu ED visits pct","2026-03-14","quantile",0.75,2.7635980981987
"2026-02-21","ogden",3,"Flu ED visits pct","2026-03-14","quantile",0.75,3.20346479503193
"2026-02-21","utah",3,"Flu ED visits pct","2026-03-14","quantile",0.9,3.49522620003127
"2026-02-21","provo",3,"Flu ED visits pct","2026-03-14","quantile",0.9,3.50848917722098
"2026-02-21","salt-lake-city",3,"Flu ED visits pct","2026-03-14","quantile",0.9,3.88807827486301
"2026-02-21","ogden",3,"Flu ED visits pct","2026-03-14","quantile",0.9,5.09831834389982
"2026-02-21","utah",3,"Flu ED visits pct","2026-03-14","quantile",0.95,4.18289151271693
"2026-02-21","provo",3,"Flu ED visits pct","2026-03-14","quantile",0.95,4.59401872353972
"2026-02-21","salt-lake-city",3,"Flu ED visits pct","2026-03-14","quantile",0.95,4.71483644357841
"2026-02-21","ogden",3,"Flu ED visits pct","2026-03-14","quantile",0.95,6.82642649891919
"2026-02-21","utah",3,"Flu ED visits pct","2026-03-14","quantile",0.975,4.81707701561476
"2026-02-21","provo",3,"Flu ED visits pct","2026-03-14","quantile",0.975,5.58914569432578
"2026-02-21","salt-lake-city",3,"Flu ED visits pct","2026-03-14","quantile",0.975,5.60478175613274
"2026-02-21","ogden",3,"Flu ED visits pct","2026-03-14","quantile",0.975,8.39829060651557
"2026-02-21","virginia",0,"Flu ED visits pct","2026-02-21","quantile",0.025,0.707836313953688
"2026-02-21","roanoke",0,"Flu ED visits pct","2026-02-21","quantile",0.025,0.696629743340122
"2026-02-21","virginia",0,"Flu ED visits pct","2026-02-21","quantile",0.05,0.779985867115473
"2026-02-21","roanoke",0,"Flu ED visits pct","2026-02-21","quantile",0.05,0.800854289147806
"2026-02-21","virginia",0,"Flu ED visits pct","2026-02-21","quantile",0.1,0.877130903864544
"2026-02-21","roanoke",0,"Flu ED visits pct","2026-02-21","quantile",0.1,0.957663358087112
"2026-02-21","virginia",0,"Flu ED visits pct","2026-02-21","quantile",0.25,1.06411149179632
"2026-02-21","roanoke",0,"Flu ED visits pct","2026-02-21","quantile",0.25,1.24672405738125
"2026-02-21","virginia",0,"Flu ED visits pct","2026-02-21","quantile",0.5,1.29216716501927
"2026-02-21","roanoke",0,"Flu ED visits pct","2026-02-21","quantile",0.5,1.5786335852364
"2026-02-21","virginia",0,"Flu ED visits pct","2026-02-21","quantile",0.75,1.52785063187859
"2026-02-21","roanoke",0,"Flu ED visits pct","2026-02-21","quantile",0.75,1.98627539515004
"2026-02-21","virginia",0,"Flu ED visits pct","2026-02-21","quantile",0.9,1.81744843673274
"2026-02-21","roanoke",0,"Flu ED visits pct","2026-02-21","quantile",0.9,2.43481554064565
"2026-02-21","virginia",0,"Flu ED visits pct","2026-02-21","quantile",0.95,1.96155085269196
"2026-02-21","roanoke",0,"Flu ED visits pct","2026-02-21","quantile",0.95,2.72089301467237
"2026-02-21","virginia",0,"Flu ED visits pct","2026-02-21","quantile",0.975,2.09699148248932
"2026-02-21","roanoke",0,"Flu ED visits pct","2026-02-21","quantile",0.975,2.96281958256704
"2026-02-21","virginia",1,"Flu ED visits pct","2026-02-28","quantile",0.025,0.350410133698833
"2026-02-21","roanoke",1,"Flu ED visits pct","2026-02-28","quantile",0.025,0.276926336218464
"2026-02-21","virginia",1,"Flu ED visits pct","2026-02-28","quantile",0.05,0.450298485340264
"2026-02-21","roanoke",1,"Flu ED visits pct","2026-02-28","quantile",0.05,0.410538096976718
"2026-02-21","virginia",1,"Flu ED visits pct","2026-02-28","quantile",0.1,0.555614164221668
"2026-02-21","roanoke",1,"Flu ED visits pct","2026-02-28","quantile",0.1,0.580222462694418
"2026-02-21","virginia",1,"Flu ED visits pct","2026-02-28","quantile",0.25,0.779881950752592
"2026-02-21","roanoke",1,"Flu ED visits pct","2026-02-28","quantile",0.25,0.918420106740797
"2026-02-21","virginia",1,"Flu ED visits pct","2026-02-28","quantile",0.5,1.08575619051839
"2026-02-21","roanoke",1,"Flu ED visits pct","2026-02-28","quantile",0.5,1.37627997845938
"2026-02-21","virginia",1,"Flu ED visits pct","2026-02-28","quantile",0.75,1.42702271111868
"2026-02-21","roanoke",1,"Flu ED visits pct","2026-02-28","quantile",0.75,1.96338364157751
"2026-02-21","virginia",1,"Flu ED visits pct","2026-02-28","quantile",0.9,1.80898308683379
"2026-02-21","roanoke",1,"Flu ED visits pct","2026-02-28","quantile",0.9,2.59903950964658
"2026-02-21","virginia",1,"Flu ED visits pct","2026-02-28","quantile",0.95,2.08704986879434
"2026-02-21","roanoke",1,"Flu ED visits pct","2026-02-28","quantile",0.95,3.09340445081189
"2026-02-21","virginia",1,"Flu ED visits pct","2026-02-28","quantile",0.975,2.30726942253344
"2026-02-21","roanoke",1,"Flu ED visits pct","2026-02-28","quantile",0.975,3.48053682795785
"2026-02-21","virginia",2,"Flu ED visits pct","2026-03-07","quantile",0.025,0.0900339015760023
"2026-02-21","roanoke",2,"Flu ED visits pct","2026-03-07","quantile",0.025,0.010542617059703
"2026-02-21","virginia",2,"Flu ED visits pct","2026-03-07","quantile",0.05,0.18128840419868
"2026-02-21","roanoke",2,"Flu ED visits pct","2026-03-07","quantile",0.05,0.130825556368128
"2026-02-21","virginia",2,"Flu ED visits pct","2026-03-07","quantile",0.1,0.321097691217595
"2026-02-21","roanoke",2,"Flu ED visits pct","2026-03-07","quantile",0.1,0.293113503010804
"2026-02-21","virginia",2,"Flu ED visits pct","2026-03-07","quantile",0.25,0.556590374430558
"2026-02-21","roanoke",2,"Flu ED visits pct","2026-03-07","quantile",0.25,0.61728616557768
"2026-02-21","virginia",2,"Flu ED visits pct","2026-03-07","quantile",0.5,0.903321584609998
"2026-02-21","roanoke",2,"Flu ED visits pct","2026-03-07","quantile",0.5,1.14803508732116
"2026-02-21","virginia",2,"Flu ED visits pct","2026-03-07","quantile",0.75,1.31819019749584
"2026-02-21","roanoke",2,"Flu ED visits pct","2026-03-07","quantile",0.75,1.87208743426772
"2026-02-21","virginia",2,"Flu ED visits pct","2026-03-07","quantile",0.9,1.7741464108192
"2026-02-21","roanoke",2,"Flu ED visits pct","2026-03-07","quantile",0.9,2.70871885284277
"2026-02-21","virginia",2,"Flu ED visits pct","2026-03-07","quantile",0.95,2.09452129796508
"2026-02-21","roanoke",2,"Flu ED visits pct","2026-03-07","quantile",0.95,3.28383145555273
"2026-02-21","virginia",2,"Flu ED visits pct","2026-03-07","quantile",0.975,2.39781315134071
"2026-02-21","roanoke",2,"Flu ED visits pct","2026-03-07","quantile",0.975,3.7896808858226
"2026-02-21","virginia",3,"Flu ED visits pct","2026-03-14","quantile",0.025,0
"2026-02-21","roanoke",3,"Flu ED visits pct","2026-03-14","quantile",0.025,0
"2026-02-21","virginia",3,"Flu ED visits pct","2026-03-14","quantile",0.05,0.00729342296343216
"2026-02-21","roanoke",3,"Flu ED visits pct","2026-03-14","quantile",0.05,0
"2026-02-21","virginia",3,"Flu ED visits pct","2026-03-14","quantile",0.1,0.122509041647358
"2026-02-21","roanoke",3,"Flu ED visits pct","2026-03-14","quantile",0.1,0.0909452378438914
"2026-02-21","virginia",3,"Flu ED visits pct","2026-03-14","quantile",0.25,0.388926358319033
"2026-02-21","roanoke",3,"Flu ED visits pct","2026-03-14","quantile",0.25,0.412902340535973
"2026-02-21","virginia",3,"Flu ED visits pct","2026-03-14","quantile",0.5,0.741644264399353
"2026-02-21","roanoke",3,"Flu ED visits pct","2026-03-14","quantile",0.5,0.985466960263882
"2026-02-21","virginia",3,"Flu ED visits pct","2026-03-14","quantile",0.75,1.20748500007759
"2026-02-21","roanoke",3,"Flu ED visits pct","2026-03-14","quantile",0.75,1.7734340090773
"2026-02-21","virginia",3,"Flu ED visits pct","2026-03-14","quantile",0.9,1.74614248636511
"2026-02-21","roanoke",3,"Flu ED visits pct","2026-03-14","quantile",0.9,2.74743325852178
"2026-02-21","virginia",3,"Flu ED visits pct","2026-03-14","quantile",0.95,2.1487026942461
"2026-02-21","roanoke",3,"Flu ED visits pct","2026-03-14","quantile",0.95,3.46872657525711
"2026-02-21","virginia",3,"Flu ED visits pct","2026-03-14","quantile",0.975,2.48613100058179
"2026-02-21","roanoke",3,"Flu ED visits pct","2026-03-14","quantile",0.975,4.07957615832444
