location,reference_date,horizon,target_end_date,target,output_type,output_type_id,value
athens,2026-02-14,0,2026-02-14,Flu ED visits pct,quantile,0.025,0.3400989939464376
austin,2026-02-14,0,2026-02-14,Flu ED visits pct,quantile,0.025,2.233747520616517
baltimore,2026-02-14,0,2026-02-14,Flu ED visits pct,quantile,0.025,0.21344274396990706
bangor,2026-02-14,0,2026-02-14,Flu ED visits pct,quantile,0.025,0.6650696112983758
beaumont,2026-02-14,0,2026-02-14,Flu ED visits pct,quantile,0.025,1.410356148641484
boston,2026-02-14,0,2026-02-14,Flu ED visits pct,quantile,0.025,0.4993083368321497
boulder,2026-02-14,0,2026-02-14,Flu ED visits pct,quantile,0.025,1.111395792732931
charleston,2026-02-14,0,2026-02-14,Flu ED visits pct,quantile,0.025,2.784607751796434
cherokee,2026-02-14,0,2026-02-14,Flu ED visits pct,quantile,0.025,0.8922825953699987
clt-area,2026-02-14,0,2026-02-14,Flu ED visits pct,quantile,0.025,1.3646968223342106
colorado,2026-02-14,0,2026-02-14,Flu ED visits pct,quantile,0.025,0.6247980243001395
colorado-springs,2026-02-14,0,2026-02-14,Flu ED visits pct,quantile,0.025,0.8328010050804578
columbia,2026-02-14,0,2026-02-14,Flu ED visits pct,quantile,0.025,0.9526376937830083
columbus,2026-02-14,0,2026-02-14,Flu ED visits pct,quantile,0.025,2.366837587483518
dallas,2026-02-14,0,2026-02-14,Flu ED visits pct,quantile,0.025,1.4637481678471485
denver,2026-02-14,0,2026-02-14,Flu ED visits pct,quantile,0.025,0.685285970720036
deschutes,2026-02-14,0,2026-02-14,Flu ED visits pct,quantile,0.025,2.618065266257086
duluth,2026-02-14,0,2026-02-14,Flu ED visits pct,quantile,0.025,0.6126085739175199
el-paso,2026-02-14,0,2026-02-14,Flu ED visits pct,quantile,0.025,0.39707940811993236
eugene,2026-02-14,0,2026-02-14,Flu ED visits pct,quantile,0.025,2.8741243801078853
fay-area,2026-02-14,0,2026-02-14,Flu ED visits pct,quantile,0.025,2.191045548102113
florence,2026-02-14,0,2026-02-14,Flu ED visits pct,quantile,0.025,1.4433541730199722
floyd,2026-02-14,0,2026-02-14,Flu ED visits pct,quantile,0.025,0.6210519451506583
frederick,2026-02-14,0,2026-02-14,Flu ED visits pct,quantile,0.025,0.08808520274864177
georgia,2026-02-14,0,2026-02-14,Flu ED visits pct,quantile,0.025,1.193870164210201
greenville,2026-02-14,0,2026-02-14,Flu ED visits pct,quantile,0.025,0.7163862171705827
hall,2026-02-14,0,2026-02-14,Flu ED visits pct,quantile,0.025,0.40492459223235994
harford,2026-02-14,0,2026-02-14,Flu ED visits pct,quantile,0.025,0.25763445243276994
henry,2026-02-14,0,2026-02-14,Flu ED visits pct,quantile,0.025,0.42981655232916427
horry,2026-02-14,0,2026-02-14,Flu ED visits pct,quantile,0.025,1.1458440209902154
houston,2026-02-14,0,2026-02-14,Flu ED visits pct,quantile,0.025,0.6973401425670014
indiana,2026-02-14,0,2026-02-14,Flu ED visits pct,quantile,0.025,1.0829982103415305
indianapolis,2026-02-14,0,2026-02-14,Flu ED visits pct,quantile,0.025,1.3738660425088849
la-grange,2026-02-14,0,2026-02-14,Flu ED visits pct,quantile,0.025,0.6182314494427624
larimer,2026-02-14,0,2026-02-14,Flu ED visits pct,quantile,0.025,0.3821087115591442
lynn,2026-02-14,0,2026-02-14,Flu ED visits pct,quantile,0.025,0.5814922221202191
macon,2026-02-14,0,2026-02-14,Flu ED visits pct,quantile,0.025,0.7827414161924786
maine,2026-02-14,0,2026-02-14,Flu ED visits pct,quantile,0.025,0.9026863204339449
marietta,2026-02-14,0,2026-02-14,Flu ED visits pct,quantile,0.025,0.6515703721082904
maryland,2026-02-14,0,2026-02-14,Flu ED visits pct,quantile,0.025,0.2794100291385286
massachusetts,2026-02-14,0,2026-02-14,Flu ED visits pct,quantile,0.025,0.5439559523430169
medford,2026-02-14,0,2026-02-14,Flu ED visits pct,quantile,0.025,3.3209850301443953
mesa,2026-02-14,0,2026-02-14,Flu ED visits pct,quantile,0.025,0.7170457448158959
minneapolis,2026-02-14,0,2026-02-14,Flu ED visits pct,quantile,0.025,0.6233578791991656
minnesota,2026-02-14,0,2026-02-14,Flu ED visits pct,quantile,0.025,0.939903543913843
montgomery,2026-02-14,0,2026-02-14,Flu ED visits pct,quantile,0.025,0.30446438800656317
nenc,2026-02-14,0,2026-02-14,Flu ED visits pct,quantile,0.025,1.2742497887427489
new-bedford,2026-02-14,0,2026-02-14,Flu ED visits pct,quantile,0.025,0.5587313716560554
north-carolina,2026-02-14,0,2026-02-14,Flu ED visits pct,quantile,0.025,1.3278654706447557
nyc,2026-02-14,0,2026-02-14,ILI ED visits pct,quantile,0.025,1.8224587222076565
ogden,2026-02-14,0,2026-02-14,Flu ED visits pct,quantile,0.025,1.3282280386263263
oregon,2026-02-14,0,2026-02-14,Flu ED visits pct,quantile,0.025,3.8142624698740772
pittsfield,2026-02-14,0,2026-02-14,Flu ED visits pct,quantile,0.025,0.3258612009019788
portland,2026-02-14,0,2026-02-14,Flu ED visits pct,quantile,0.025,0.5165662611186553
portland-or,2026-02-14,0,2026-02-14,Flu ED visits pct,quantile,0.025,3.4850666940986965
provo,2026-02-14,0,2026-02-14,Flu ED visits pct,quantile,0.025,1.07968746235151
roanoke,2026-02-14,0,2026-02-14,Flu ED visits pct,quantile,0.025,1.0774677878712142
rochester,2026-02-14,0,2026-02-14,Flu ED visits pct,quantile,0.025,1.7173567974183601
rock-hill,2026-02-14,0,2026-02-14,Flu ED visits pct,quantile,0.025,0.19869550140690953
rtp-area,2026-02-14,0,2026-02-14,Flu ED visits pct,quantile,0.025,1.1768125376079137
salem,2026-02-14,0,2026-02-14,Flu ED visits pct,quantile,0.025,3.9046629443925136
salt-lake-city,2026-02-14,0,2026-02-14,Flu ED visits pct,quantile,0.025,1.519180287533085
san-antonio,2026-02-14,0,2026-02-14,Flu ED visits pct,quantile,0.025,4.495516767652212
savannah,2026-02-14,0,2026-02-14,Flu ED visits pct,quantile,0.025,1.82215847071702
senc,2026-02-14,0,2026-02-14,Flu ED visits pct,quantile,0.025,0.9377288495562222
south-augusta,2026-02-14,0,2026-02-14,Flu ED visits pct,quantile,0.025,0.9632494197127225
south-carolina,2026-02-14,0,2026-02-14,Flu ED visits pct,quantile,0.025,1.7095782869472467
springfield,2026-02-14,0,2026-02-14,Flu ED visits pct,quantile,0.025,0.4205328937283271
st-cloud,2026-02-14,0,2026-02-14,Flu ED visits pct,quantile,0.025,1.2551127185831967
st-paul,2026-02-14,0,2026-02-14,Flu ED visits pct,quantile,0.025,0.4834465215086353
texas,2026-02-14,0,2026-02-14,Flu ED visits pct,quantile,0.025,2.0108940267535718
triad-area,2026-02-14,0,2026-02-14,Flu ED visits pct,quantile,0.025,0.8909983332647309
utah,2026-02-14,0,2026-02-14,Flu ED visits pct,quantile,0.025,1.4147692245061316
virginia,2026-02-14,0,2026-02-14,Flu ED visits pct,quantile,0.025,0.9265518865933662
weld,2026-02-14,0,2026-02-14,Flu ED visits pct,quantile,0.025,0.41373734537902357
wnc,2026-02-14,0,2026-02-14,Flu ED visits pct,quantile,0.025,0.8932996891205208
worcester,2026-02-14,0,2026-02-14,Flu ED visits pct,quantile,0.025,0.5381814622840793
athens,2026-02-14,1,2026-02-21,Flu ED visits pct,quantile,0.025,0.268516903983286
austin,2026-02-14,1,2026-02-21,Flu ED visits pct,quantile,0.025,1.7900267155885545
baltimore,2026-02-14,1,2026-02-21,Flu ED visits pct,quantile,0.025,0.1624162451895105
bangor,2026-02-14,1,2026-02-21,Flu ED visits pct,quantile,0.025,0.529585140640561
beaumont,2026-02-14,1,2026-02-21,Flu ED visits pct,quantile,0.025,1.131804162745309
boston,2026-02-14,1,2026-02-21,Flu ED visits pct,quantile,0.025,0.37692576735391653
boulder,2026-02-14,1,2026-02-21,Flu ED visits pct,quantile,0.025,0.8714674966379742
charleston,2026-02-14,1,2026-02-21,Flu ED visits pct,quantile,0.025,2.1747610009379366
cherokee,2026-02-14,1,2026-02-21,Flu ED visits pct,quantile,0.025,0.6807035268338665
clt-area,2026-02-14,1,2026-02-21,Flu ED visits pct,quantile,0.025,1.026880905702105
colorado,2026-02-14,1,2026-02-21,Flu ED visits pct,quantile,0.025,0.4894452803113644
colorado-springs,2026-02-14,1,2026-02-21,Flu ED visits pct,quantile,0.025,0.6558668724550274
columbia,2026-02-14,1,2026-02-21,Flu ED visits pct,quantile,0.025,0.7296122912801262
columbus,2026-02-14,1,2026-02-21,Flu ED visits pct,quantile,0.025,1.871517394504412
dallas,2026-02-14,1,2026-02-21,Flu ED visits pct,quantile,0.025,1.1464941059941856
denver,2026-02-14,1,2026-02-21,Flu ED visits pct,quantile,0.025,0.547010060754352
deschutes,2026-02-14,1,2026-02-21,Flu ED visits pct,quantile,0.025,2.0847857808340544
duluth,2026-02-14,1,2026-02-21,Flu ED visits pct,quantile,0.025,0.4978115008545785
el-paso,2026-02-14,1,2026-02-21,Flu ED visits pct,quantile,0.025,0.30999371102496287
eugene,2026-02-14,1,2026-02-21,Flu ED visits pct,quantile,0.025,2.144370350636876
fay-area,2026-02-14,1,2026-02-21,Flu ED visits pct,quantile,0.025,1.6752852803012361
florence,2026-02-14,1,2026-02-21,Flu ED visits pct,quantile,0.025,1.136015092437006
floyd,2026-02-14,1,2026-02-21,Flu ED visits pct,quantile,0.025,0.4901850053098651
frederick,2026-02-14,1,2026-02-21,Flu ED visits pct,quantile,0.025,0.05233491995305716
georgia,2026-02-14,1,2026-02-21,Flu ED visits pct,quantile,0.025,0.961164207228722
greenville,2026-02-14,1,2026-02-21,Flu ED visits pct,quantile,0.025,0.5332683021294916
hall,2026-02-14,1,2026-02-21,Flu ED visits pct,quantile,0.025,0.3151034559301064
harford,2026-02-14,1,2026-02-21,Flu ED visits pct,quantile,0.025,0.18948363032153975
henry,2026-02-14,1,2026-02-21,Flu ED visits pct,quantile,0.025,0.31629151524396176
horry,2026-02-14,1,2026-02-21,Flu ED visits pct,quantile,0.025,0.9107887858879024
houston,2026-02-14,1,2026-02-21,Flu ED visits pct,quantile,0.025,0.5721918785842367
indiana,2026-02-14,1,2026-02-21,Flu ED visits pct,quantile,0.025,0.8661351163760972
indianapolis,2026-02-14,1,2026-02-21,Flu ED visits pct,quantile,0.025,1.086447922034776
la-grange,2026-02-14,1,2026-02-21,Flu ED visits pct,quantile,0.025,0.48847223547644286
larimer,2026-02-14,1,2026-02-21,Flu ED visits pct,quantile,0.025,0.2959345275164577
lynn,2026-02-14,1,2026-02-21,Flu ED visits pct,quantile,0.025,0.4345349941325128
macon,2026-02-14,1,2026-02-21,Flu ED visits pct,quantile,0.025,0.6095617664769691
maine,2026-02-14,1,2026-02-21,Flu ED visits pct,quantile,0.025,0.7179723505119002
marietta,2026-02-14,1,2026-02-21,Flu ED visits pct,quantile,0.025,0.4882880106606925
maryland,2026-02-14,1,2026-02-21,Flu ED visits pct,quantile,0.025,0.2110393813079428
massachusetts,2026-02-14,1,2026-02-21,Flu ED visits pct,quantile,0.025,0.4197757507850979
medford,2026-02-14,1,2026-02-21,Flu ED visits pct,quantile,0.025,2.346572235297619
mesa,2026-02-14,1,2026-02-21,Flu ED visits pct,quantile,0.025,0.5679330351521743
minneapolis,2026-02-14,1,2026-02-21,Flu ED visits pct,quantile,0.025,0.4929961693178666
minnesota,2026-02-14,1,2026-02-21,Flu ED visits pct,quantile,0.025,0.7384141481772536
montgomery,2026-02-14,1,2026-02-21,Flu ED visits pct,quantile,0.025,0.21598549146942592
nenc,2026-02-14,1,2026-02-21,Flu ED visits pct,quantile,0.025,0.9645955403363261
new-bedford,2026-02-14,1,2026-02-21,Flu ED visits pct,quantile,0.025,0.39844085150454955
north-carolina,2026-02-14,1,2026-02-21,Flu ED visits pct,quantile,0.025,0.9912956960006112
nyc,2026-02-14,1,2026-02-21,ILI ED visits pct,quantile,0.025,1.641023860888406
ogden,2026-02-14,1,2026-02-21,Flu ED visits pct,quantile,0.025,1.0284202959473145
oregon,2026-02-14,1,2026-02-21,Flu ED visits pct,quantile,0.025,2.97035760260492
pittsfield,2026-02-14,1,2026-02-21,Flu ED visits pct,quantile,0.025,0.2355725465514445
portland,2026-02-14,1,2026-02-21,Flu ED visits pct,quantile,0.025,0.4124679973371003
portland-or,2026-02-14,1,2026-02-21,Flu ED visits pct,quantile,0.025,2.72472819053819
provo,2026-02-14,1,2026-02-21,Flu ED visits pct,quantile,0.025,0.8512858770817203
roanoke,2026-02-14,1,2026-02-21,Flu ED visits pct,quantile,0.025,0.7838319391948907
rochester,2026-02-14,1,2026-02-21,Flu ED visits pct,quantile,0.025,1.2673936076735286
rock-hill,2026-02-14,1,2026-02-21,Flu ED visits pct,quantile,0.025,0.13724491909993058
rtp-area,2026-02-14,1,2026-02-21,Flu ED visits pct,quantile,0.025,0.8519345050879354
salem,2026-02-14,1,2026-02-21,Flu ED visits pct,quantile,0.025,2.854550229461987
salt-lake-city,2026-02-14,1,2026-02-21,Flu ED visits pct,quantile,0.025,1.209560592510283
san-antonio,2026-02-14,1,2026-02-21,Flu ED visits pct,quantile,0.025,3.510291527377508
savannah,2026-02-14,1,2026-02-21,Flu ED visits pct,quantile,0.025,1.3583278603456561
senc,2026-02-14,1,2026-02-21,Flu ED visits pct,quantile,0.025,0.7443279783285595
south-augusta,2026-02-14,1,2026-02-21,Flu ED visits pct,quantile,0.025,0.7425103186222592
south-carolina,2026-02-14,1,2026-02-21,Flu ED visits pct,quantile,0.025,1.3489294589546594
springfield,2026-02-14,1,2026-02-21,Flu ED visits pct,quantile,0.025,0.31746599935279973
st-cloud,2026-02-14,1,2026-02-21,Flu ED visits pct,quantile,0.025,1.0106727199933028
st-paul,2026-02-14,1,2026-02-21,Flu ED visits pct,quantile,0.025,0.3706678955033276
texas,2026-02-14,1,2026-02-21,Flu ED visits pct,quantile,0.025,1.625559390437214
triad-area,2026-02-14,1,2026-02-21,Flu ED visits pct,quantile,0.025,0.6397608444736814
utah,2026-02-14,1,2026-02-21,Flu ED visits pct,quantile,0.025,1.151961177582669
virginia,2026-02-14,1,2026-02-21,Flu ED visits pct,quantile,0.025,0.7010916423683342
weld,2026-02-14,1,2026-02-21,Flu ED visits pct,quantile,0.025,0.333200465389467
wnc,2026-02-14,1,2026-02-21,Flu ED visits pct,quantile,0.025,0.6585464561180158
worcester,2026-02-14,1,2026-02-21,Flu ED visits pct,quantile,0.025,0.3881090039340779
athens,2026-02-14,2,2026-02-28,Flu ED visits pct,quantile,0.025,0.1831907040692833
austin,2026-02-14,2,2026-02-28,Flu ED visits pct,quantile,0.025,1.3861864116629916
baltimore,2026-02-14,2,2026-02-28,Flu ED visits pct,quantile,0.025,0.12171696145186632
bangor,2026-02-14,2,2026-02-28,Flu ED visits pct,quantile,0.025,0.36077233039719225
beaumont,2026-02-14,2,2026-02-28,Flu ED visits pct,quantile,0.025,0.844473252912262
boston,2026-02-14,2,2026-02-28,Flu ED visits pct,quantile,0.025,0.2659279079198477
boulder,2026-02-14,2,2026-02-28,Flu ED visits pct,quantile,0.025,0.6313190658394928
charleston,2026-02-14,2,2026-02-28,Flu ED visits pct,quantile,0.025,1.6935738347128677
cherokee,2026-02-14,2,2026-02-28,Flu ED visits pct,quantile,0.025,0.49686978974168594
clt-area,2026-02-14,2,2026-02-28,Flu ED visits pct,quantile,0.025,0.7130101358383825
colorado,2026-02-14,2,2026-02-28,Flu ED visits pct,quantile,0.025,0.3747735117721835
colorado-springs,2026-02-14,2,2026-02-28,Flu ED visits pct,quantile,0.025,0.48173450026739606
columbia,2026-02-14,2,2026-02-28,Flu ED visits pct,quantile,0.025,0.512560291866591
columbus,2026-02-14,2,2026-02-28,Flu ED visits pct,quantile,0.025,1.3891092032639631
dallas,2026-02-14,2,2026-02-28,Flu ED visits pct,quantile,0.025,0.8622112019239621
denver,2026-02-14,2,2026-02-28,Flu ED visits pct,quantile,0.025,0.40966394760826813
deschutes,2026-02-14,2,2026-02-28,Flu ED visits pct,quantile,0.025,1.5564973453213546
duluth,2026-02-14,2,2026-02-28,Flu ED visits pct,quantile,0.025,0.3435500533807459
el-paso,2026-02-14,2,2026-02-28,Flu ED visits pct,quantile,0.025,0.27127164241116375
eugene,2026-02-14,2,2026-02-28,Flu ED visits pct,quantile,0.025,1.5575400039767642
fay-area,2026-02-14,2,2026-02-28,Flu ED visits pct,quantile,0.025,1.1717072995137685
florence,2026-02-14,2,2026-02-28,Flu ED visits pct,quantile,0.025,0.7947276271271425
floyd,2026-02-14,2,2026-02-28,Flu ED visits pct,quantile,0.025,0.3386485368292658
frederick,2026-02-14,2,2026-02-28,Flu ED visits pct,quantile,0.025,0.020340472562852124
georgia,2026-02-14,2,2026-02-28,Flu ED visits pct,quantile,0.025,0.7381735548632792
greenville,2026-02-14,2,2026-02-28,Flu ED visits pct,quantile,0.025,0.38575285057627534
hall,2026-02-14,2,2026-02-28,Flu ED visits pct,quantile,0.025,0.21441213586258798
harford,2026-02-14,2,2026-02-28,Flu ED visits pct,quantile,0.025,0.12074212357677604
henry,2026-02-14,2,2026-02-28,Flu ED visits pct,quantile,0.025,0.22096484615648507
horry,2026-02-14,2,2026-02-28,Flu ED visits pct,quantile,0.025,0.6702324087722359
houston,2026-02-14,2,2026-02-28,Flu ED visits pct,quantile,0.025,0.49649390748409883
indiana,2026-02-14,2,2026-02-28,Flu ED visits pct,quantile,0.025,0.6213842575154797
indianapolis,2026-02-14,2,2026-02-28,Flu ED visits pct,quantile,0.025,0.808151201893849
la-grange,2026-02-14,2,2026-02-28,Flu ED visits pct,quantile,0.025,0.3375290105095112
larimer,2026-02-14,2,2026-02-28,Flu ED visits pct,quantile,0.025,0.19062342934933843
lynn,2026-02-14,2,2026-02-28,Flu ED visits pct,quantile,0.025,0.2947188341475805
macon,2026-02-14,2,2026-02-28,Flu ED visits pct,quantile,0.025,0.4517838294893117
maine,2026-02-14,2,2026-02-28,Flu ED visits pct,quantile,0.025,0.5337157048654343
marietta,2026-02-14,2,2026-02-28,Flu ED visits pct,quantile,0.025,0.33830423826516887
maryland,2026-02-14,2,2026-02-28,Flu ED visits pct,quantile,0.025,0.13541503551674902
massachusetts,2026-02-14,2,2026-02-28,Flu ED visits pct,quantile,0.025,0.300171630468809
medford,2026-02-14,2,2026-02-28,Flu ED visits pct,quantile,0.025,1.6910704631208184
mesa,2026-02-14,2,2026-02-28,Flu ED visits pct,quantile,0.025,0.404458781757039
minneapolis,2026-02-14,2,2026-02-28,Flu ED visits pct,quantile,0.025,0.3595527356592387
minnesota,2026-02-14,2,2026-02-28,Flu ED visits pct,quantile,0.025,0.5272137707646469
montgomery,2026-02-14,2,2026-02-28,Flu ED visits pct,quantile,0.025,0.1449828461614735
nenc,2026-02-14,2,2026-02-28,Flu ED visits pct,quantile,0.025,0.7054648980198232
new-bedford,2026-02-14,2,2026-02-28,Flu ED visits pct,quantile,0.025,0.26546454354437293
north-carolina,2026-02-14,2,2026-02-28,Flu ED visits pct,quantile,0.025,0.7076737274851496
nyc,2026-02-14,2,2026-02-28,ILI ED visits pct,quantile,0.025,1.4602844389668002
ogden,2026-02-14,2,2026-02-28,Flu ED visits pct,quantile,0.025,0.7597849890672985
oregon,2026-02-14,2,2026-02-28,Flu ED visits pct,quantile,0.025,2.2983146012330278
pittsfield,2026-02-14,2,2026-02-28,Flu ED visits pct,quantile,0.025,0.13112938190121112
portland,2026-02-14,2,2026-02-28,Flu ED visits pct,quantile,0.025,0.2910874001805887
portland-or,2026-02-14,2,2026-02-28,Flu ED visits pct,quantile,0.025,2.122514434950282
provo,2026-02-14,2,2026-02-28,Flu ED visits pct,quantile,0.025,0.6140299855253565
roanoke,2026-02-14,2,2026-02-28,Flu ED visits pct,quantile,0.025,0.541300584354735
rochester,2026-02-14,2,2026-02-28,Flu ED visits pct,quantile,0.025,0.8946522894476073
rock-hill,2026-02-14,2,2026-02-28,Flu ED visits pct,quantile,0.025,0.07979928183300936
rtp-area,2026-02-14,2,2026-02-28,Flu ED visits pct,quantile,0.025,0.595127695247474
salem,2026-02-14,2,2026-02-28,Flu ED visits pct,quantile,0.025,2.0514897665438956
salt-lake-city,2026-02-14,2,2026-02-28,Flu ED visits pct,quantile,0.025,0.934556176862499
san-antonio,2026-02-14,2,2026-02-28,Flu ED visits pct,quantile,0.025,2.7182151442439184
savannah,2026-02-14,2,2026-02-28,Flu ED visits pct,quantile,0.025,1.0010084339081902
senc,2026-02-14,2,2026-02-28,Flu ED visits pct,quantile,0.025,0.5498577655107644
south-augusta,2026-02-14,2,2026-02-28,Flu ED visits pct,quantile,0.025,0.5448884776847728
south-carolina,2026-02-14,2,2026-02-28,Flu ED visits pct,quantile,0.025,0.9827715250197462
springfield,2026-02-14,2,2026-02-28,Flu ED visits pct,quantile,0.025,0.19697407023781982
st-cloud,2026-02-14,2,2026-02-28,Flu ED visits pct,quantile,0.025,0.7086319688889369
st-paul,2026-02-14,2,2026-02-28,Flu ED visits pct,quantile,0.025,0.26959025708560713
texas,2026-02-14,2,2026-02-28,Flu ED visits pct,quantile,0.025,1.271530940690303
triad-area,2026-02-14,2,2026-02-28,Flu ED visits pct,quantile,0.025,0.4328649501905351
utah,2026-02-14,2,2026-02-28,Flu ED visits pct,quantile,0.025,0.8860446043979143
virginia,2026-02-14,2,2026-02-28,Flu ED visits pct,quantile,0.025,0.5216828587931106
weld,2026-02-14,2,2026-02-28,Flu ED visits pct,quantile,0.025,0.2520469107181102
wnc,2026-02-14,2,2026-02-28,Flu ED visits pct,quantile,0.025,0.445259604666753
worcester,2026-02-14,2,2026-02-28,Flu ED visits pct,quantile,0.025,0.24569501074215716
athens,2026-02-14,3,2026-03-07,Flu ED visits pct,quantile,0.025,0.14124522490121041
austin,2026-02-14,3,2026-03-07,Flu ED visits pct,quantile,0.025,1.1030427259171183
baltimore,2026-02-14,3,2026-03-07,Flu ED visits pct,quantile,0.025,0.0989201218079858
bangor,2026-02-14,3,2026-03-07,Flu ED visits pct,quantile,0.025,0.2631346546105641
beaumont,2026-02-14,3,2026-03-07,Flu ED visits pct,quantile,0.025,0.6589950868958868
boston,2026-02-14,3,2026-03-07,Flu ED visits pct,quantile,0.025,0.2064262155012429
boulder,2026-02-14,3,2026-03-07,Flu ED visits pct,quantile,0.025,0.4765868121048655
charleston,2026-02-14,3,2026-03-07,Flu ED visits pct,quantile,0.025,1.3111926337110344
cherokee,2026-02-14,3,2026-03-07,Flu ED visits pct,quantile,0.025,0.37025304911410706
clt-area,2026-02-14,3,2026-03-07,Flu ED visits pct,quantile,0.025,0.4925308831654597
colorado,2026-02-14,3,2026-03-07,Flu ED visits pct,quantile,0.025,0.2954921490755926
colorado-springs,2026-02-14,3,2026-03-07,Flu ED visits pct,quantile,0.025,0.3639269264102251
columbia,2026-02-14,3,2026-03-07,Flu ED visits pct,quantile,0.025,0.3808610925807764
columbus,2026-02-14,3,2026-03-07,Flu ED visits pct,quantile,0.025,1.0001974256735633
dallas,2026-02-14,3,2026-03-07,Flu ED visits pct,quantile,0.025,0.6574407473191145
denver,2026-02-14,3,2026-03-07,Flu ED visits pct,quantile,0.025,0.30972165609439545
deschutes,2026-02-14,3,2026-03-07,Flu ED visits pct,quantile,0.025,1.135997877450544
duluth,2026-02-14,3,2026-03-07,Flu ED visits pct,quantile,0.025,0.24961223717319464
el-paso,2026-02-14,3,2026-03-07,Flu ED visits pct,quantile,0.025,0.24404211512773627
eugene,2026-02-14,3,2026-03-07,Flu ED visits pct,quantile,0.025,1.1026825365695099
fay-area,2026-02-14,3,2026-03-07,Flu ED visits pct,quantile,0.025,0.8362649706426096
florence,2026-02-14,3,2026-03-07,Flu ED visits pct,quantile,0.025,0.5935382412110203
floyd,2026-02-14,3,2026-03-07,Flu ED visits pct,quantile,0.025,0.24404901614404956
frederick,2026-02-14,3,2026-03-07,Flu ED visits pct,quantile,0.025,0.016036353951115488
georgia,2026-02-14,3,2026-03-07,Flu ED visits pct,quantile,0.025,0.5950623493393417
greenville,2026-02-14,3,2026-03-07,Flu ED visits pct,quantile,0.025,0.2746839952177519
hall,2026-02-14,3,2026-03-07,Flu ED visits pct,quantile,0.025,0.16196067958324104
harford,2026-02-14,3,2026-03-07,Flu ED visits pct,quantile,0.025,0.08831777515241435
henry,2026-02-14,3,2026-03-07,Flu ED visits pct,quantile,0.025,0.167515569024799
horry,2026-02-14,3,2026-03-07,Flu ED visits pct,quantile,0.025,0.5152321637773206
houston,2026-02-14,3,2026-03-07,Flu ED visits pct,quantile,0.025,0.4189616159420278
indiana,2026-02-14,3,2026-03-07,Flu ED visits pct,quantile,0.025,0.5013526981958418
indianapolis,2026-02-14,3,2026-03-07,Flu ED visits pct,quantile,0.025,0.6121503247082811
la-grange,2026-02-14,3,2026-03-07,Flu ED visits pct,quantile,0.025,0.24105683404116074
larimer,2026-02-14,3,2026-03-07,Flu ED visits pct,quantile,0.025,0.1390375272119444
lynn,2026-02-14,3,2026-03-07,Flu ED visits pct,quantile,0.025,0.21430850897589218
macon,2026-02-14,3,2026-03-07,Flu ED visits pct,quantile,0.025,0.3378764660094863
maine,2026-02-14,3,2026-03-07,Flu ED visits pct,quantile,0.025,0.39144131664036624
marietta,2026-02-14,3,2026-03-07,Flu ED visits pct,quantile,0.025,0.26200292065149994
maryland,2026-02-14,3,2026-03-07,Flu ED visits pct,quantile,0.025,0.10471664980294894
massachusetts,2026-02-14,3,2026-03-07,Flu ED visits pct,quantile,0.025,0.2285039774218139
medford,2026-02-14,3,2026-03-07,Flu ED visits pct,quantile,0.025,1.1847824049936646
mesa,2026-02-14,3,2026-03-07,Flu ED visits pct,quantile,0.025,0.2941950196453045
minneapolis,2026-02-14,3,2026-03-07,Flu ED visits pct,quantile,0.025,0.2707463077353043
minnesota,2026-02-14,3,2026-03-07,Flu ED visits pct,quantile,0.025,0.400574498499881
montgomery,2026-02-14,3,2026-03-07,Flu ED visits pct,quantile,0.025,0.10888172263027533
nenc,2026-02-14,3,2026-03-07,Flu ED visits pct,quantile,0.025,0.5215501353317981
new-bedford,2026-02-14,3,2026-03-07,Flu ED visits pct,quantile,0.025,0.1971212574458049
north-carolina,2026-02-14,3,2026-03-07,Flu ED visits pct,quantile,0.025,0.49014884009765336
nyc,2026-02-14,3,2026-03-07,ILI ED visits pct,quantile,0.025,1.3416742559227084
ogden,2026-02-14,3,2026-03-07,Flu ED visits pct,quantile,0.025,0.5950902810117499
oregon,2026-02-14,3,2026-03-07,Flu ED visits pct,quantile,0.025,1.691662899324198
pittsfield,2026-02-14,3,2026-03-07,Flu ED visits pct,quantile,0.025,0.09070963133483105
portland,2026-02-14,3,2026-03-07,Flu ED visits pct,quantile,0.025,0.21111467442793613
portland-or,2026-02-14,3,2026-03-07,Flu ED visits pct,quantile,0.025,1.560952986781209
provo,2026-02-14,3,2026-03-07,Flu ED visits pct,quantile,0.025,0.47043844228381887
roanoke,2026-02-14,3,2026-03-07,Flu ED visits pct,quantile,0.025,0.4027219704506755
rochester,2026-02-14,3,2026-03-07,Flu ED visits pct,quantile,0.025,0.6208808652686393
rock-hill,2026-02-14,3,2026-03-07,Flu ED visits pct,quantile,0.025,0.05630846089660118
rtp-area,2026-02-14,3,2026-03-07,Flu ED visits pct,quantile,0.025,0.38622893167292605
salem,2026-02-14,3,2026-03-07,Flu ED visits pct,quantile,0.025,1.46631145078065
salt-lake-city,2026-02-14,3,2026-03-07,Flu ED visits pct,quantile,0.025,0.7060003405835122
san-antonio,2026-02-14,3,2026-03-07,Flu ED visits pct,quantile,0.025,2.0612122130748225
savannah,2026-02-14,3,2026-03-07,Flu ED visits pct,quantile,0.025,0.6818616301366942
senc,2026-02-14,3,2026-03-07,Flu ED visits pct,quantile,0.025,0.4315670951701241
south-augusta,2026-02-14,3,2026-03-07,Flu ED visits pct,quantile,0.025,0.40011000006358516
south-carolina,2026-02-14,3,2026-03-07,Flu ED visits pct,quantile,0.025,0.7788495533020138
springfield,2026-02-14,3,2026-03-07,Flu ED visits pct,quantile,0.025,0.14708763975294065
st-cloud,2026-02-14,3,2026-03-07,Flu ED visits pct,quantile,0.025,0.5198307680619751
st-paul,2026-02-14,3,2026-03-07,Flu ED visits pct,quantile,0.025,0.21097060184045566
texas,2026-02-14,3,2026-03-07,Flu ED visits pct,quantile,0.025,1.0457774693926298
triad-area,2026-02-14,3,2026-03-07,Flu ED visits pct,quantile,0.025,0.2875301318503828
utah,2026-02-14,3,2026-03-07,Flu ED visits pct,quantile,0.025,0.6793346106880415
virginia,2026-02-14,3,2026-03-07,Flu ED visits pct,quantile,0.025,0.4008651425038337
weld,2026-02-14,3,2026-03-07,Flu ED visits pct,quantile,0.025,0.21104199617618438
wnc,2026-02-14,3,2026-03-07,Flu ED visits pct,quantile,0.025,0.30153210425024973
worcester,2026-02-14,3,2026-03-07,Flu ED visits pct,quantile,0.025,0.17104637159683592
athens,2026-02-14,0,2026-02-14,Flu ED visits pct,quantile,0.05,0.5623545057748477
austin,2026-02-14,0,2026-02-14,Flu ED visits pct,quantile,0.05,2.8166047468209228
baltimore,2026-02-14,0,2026-02-14,Flu ED visits pct,quantile,0.05,0.28420225175125585
bangor,2026-02-14,0,2026-02-14,Flu ED visits pct,quantile,0.05,1.0836992073359046
beaumont,2026-02-14,0,2026-02-14,Flu ED visits pct,quantile,0.05,1.9806383191577543
boston,2026-02-14,0,2026-02-14,Flu ED visits pct,quantile,0.05,0.7017351281841563
boulder,2026-02-14,0,2026-02-14,Flu ED visits pct,quantile,0.05,1.5239011453056739
charleston,2026-02-14,0,2026-02-14,Flu ED visits pct,quantile,0.05,3.47204876783919
cherokee,2026-02-14,0,2026-02-14,Flu ED visits pct,quantile,0.05,1.3100667503791992
clt-area,2026-02-14,0,2026-02-14,Flu ED visits pct,quantile,0.05,1.8100128442933128
colorado,2026-02-14,0,2026-02-14,Flu ED visits pct,quantile,0.05,0.92585675916113
colorado-springs,2026-02-14,0,2026-02-14,Flu ED visits pct,quantile,0.05,1.1478333843762705
columbia,2026-02-14,0,2026-02-14,Flu ED visits pct,quantile,0.05,1.3636139677989227
columbus,2026-02-14,0,2026-02-14,Flu ED visits pct,quantile,0.05,3.0775965284051607
dallas,2026-02-14,0,2026-02-14,Flu ED visits pct,quantile,0.05,1.8945572774157133
denver,2026-02-14,0,2026-02-14,Flu ED visits pct,quantile,0.05,0.9541672131240384
deschutes,2026-02-14,0,2026-02-14,Flu ED visits pct,quantile,0.05,3.341674512090761
duluth,2026-02-14,0,2026-02-14,Flu ED visits pct,quantile,0.05,1.012873505696094
el-paso,2026-02-14,0,2026-02-14,Flu ED visits pct,quantile,0.05,0.5832351299422301
eugene,2026-02-14,0,2026-02-14,Flu ED visits pct,quantile,0.05,3.4842981249636504
fay-area,2026-02-14,0,2026-02-14,Flu ED visits pct,quantile,0.05,2.7940220759456946
florence,2026-02-14,0,2026-02-14,Flu ED visits pct,quantile,0.05,2.146504084681394
floyd,2026-02-14,0,2026-02-14,Flu ED visits pct,quantile,0.05,1.0571219278180712
frederick,2026-02-14,0,2026-02-14,Flu ED visits pct,quantile,0.05,0.22990785378418765
georgia,2026-02-14,0,2026-02-14,Flu ED visits pct,quantile,0.05,1.62950283626974
greenville,2026-02-14,0,2026-02-14,Flu ED visits pct,quantile,0.05,1.1172302458143077
hall,2026-02-14,0,2026-02-14,Flu ED visits pct,quantile,0.05,0.6626725221265899
harford,2026-02-14,0,2026-02-14,Flu ED visits pct,quantile,0.05,0.3819867094212632
henry,2026-02-14,0,2026-02-14,Flu ED visits pct,quantile,0.05,0.6378761408510304
horry,2026-02-14,0,2026-02-14,Flu ED visits pct,quantile,0.05,1.6727330968982859
houston,2026-02-14,0,2026-02-14,Flu ED visits pct,quantile,0.05,1.0845701321415289
indiana,2026-02-14,0,2026-02-14,Flu ED visits pct,quantile,0.05,1.5880398718805846
indianapolis,2026-02-14,0,2026-02-14,Flu ED visits pct,quantile,0.05,1.7953495800164758
la-grange,2026-02-14,0,2026-02-14,Flu ED visits pct,quantile,0.05,0.9688473408295649
larimer,2026-02-14,0,2026-02-14,Flu ED visits pct,quantile,0.05,0.7429046481189351
lynn,2026-02-14,0,2026-02-14,Flu ED visits pct,quantile,0.05,0.8104072817049179
macon,2026-02-14,0,2026-02-14,Flu ED visits pct,quantile,0.05,1.0413280738452715
maine,2026-02-14,0,2026-02-14,Flu ED visits pct,quantile,0.05,1.1855041382892513
marietta,2026-02-14,0,2026-02-14,Flu ED visits pct,quantile,0.05,0.9406556519912188
maryland,2026-02-14,0,2026-02-14,Flu ED visits pct,quantile,0.05,0.42641551243269826
massachusetts,2026-02-14,0,2026-02-14,Flu ED visits pct,quantile,0.05,0.7854862730532697
medford,2026-02-14,0,2026-02-14,Flu ED visits pct,quantile,0.05,3.943038715165288
mesa,2026-02-14,0,2026-02-14,Flu ED visits pct,quantile,0.05,1.0869018545645497
minneapolis,2026-02-14,0,2026-02-14,Flu ED visits pct,quantile,0.05,0.9212564663015866
minnesota,2026-02-14,0,2026-02-14,Flu ED visits pct,quantile,0.05,1.3278199268349713
montgomery,2026-02-14,0,2026-02-14,Flu ED visits pct,quantile,0.05,0.417059840936474
nenc,2026-02-14,0,2026-02-14,Flu ED visits pct,quantile,0.05,1.6042188390630354
new-bedford,2026-02-14,0,2026-02-14,Flu ED visits pct,quantile,0.05,0.8098154029945462
north-carolina,2026-02-14,0,2026-02-14,Flu ED visits pct,quantile,0.05,1.74496486996431
nyc,2026-02-14,0,2026-02-14,ILI ED visits pct,quantile,0.05,2.2838708243318724
ogden,2026-02-14,0,2026-02-14,Flu ED visits pct,quantile,0.05,1.7486441748317687
oregon,2026-02-14,0,2026-02-14,Flu ED visits pct,quantile,0.05,4.606247523620819
pittsfield,2026-02-14,0,2026-02-14,Flu ED visits pct,quantile,0.05,0.5390149014277973
portland,2026-02-14,0,2026-02-14,Flu ED visits pct,quantile,0.05,0.7325520795364058
portland-or,2026-02-14,0,2026-02-14,Flu ED visits pct,quantile,0.05,4.236147151440618
provo,2026-02-14,0,2026-02-14,Flu ED visits pct,quantile,0.05,1.555531744548433
roanoke,2026-02-14,0,2026-02-14,Flu ED visits pct,quantile,0.05,1.3376566073639025
rochester,2026-02-14,0,2026-02-14,Flu ED visits pct,quantile,0.05,2.2721519545937836
rock-hill,2026-02-14,0,2026-02-14,Flu ED visits pct,quantile,0.05,0.3522930413858782
rtp-area,2026-02-14,0,2026-02-14,Flu ED visits pct,quantile,0.05,1.5194836797997
salem,2026-02-14,0,2026-02-14,Flu ED visits pct,quantile,0.05,4.5411099432708255
salt-lake-city,2026-02-14,0,2026-02-14,Flu ED visits pct,quantile,0.05,1.964650341452284
san-antonio,2026-02-14,0,2026-02-14,Flu ED visits pct,quantile,0.05,5.571330367492718
savannah,2026-02-14,0,2026-02-14,Flu ED visits pct,quantile,0.05,2.1743620000662953
senc,2026-02-14,0,2026-02-14,Flu ED visits pct,quantile,0.05,1.3331483902390922
south-augusta,2026-02-14,0,2026-02-14,Flu ED visits pct,quantile,0.05,1.2950031829165594
south-carolina,2026-02-14,0,2026-02-14,Flu ED visits pct,quantile,0.05,2.265032968905605
springfield,2026-02-14,0,2026-02-14,Flu ED visits pct,quantile,0.05,0.6146503290489574
st-cloud,2026-02-14,0,2026-02-14,Flu ED visits pct,quantile,0.05,1.8422509563714429
st-paul,2026-02-14,0,2026-02-14,Flu ED visits pct,quantile,0.05,0.662830727077577
texas,2026-02-14,0,2026-02-14,Flu ED visits pct,quantile,0.05,2.470017939863536
triad-area,2026-02-14,0,2026-02-14,Flu ED visits pct,quantile,0.05,1.157145746890508
utah,2026-02-14,0,2026-02-14,Flu ED visits pct,quantile,0.05,1.9572638063409682
virginia,2026-02-14,0,2026-02-14,Flu ED visits pct,quantile,0.05,1.1437707571057807
weld,2026-02-14,0,2026-02-14,Flu ED visits pct,quantile,0.05,0.6906604990743574
wnc,2026-02-14,0,2026-02-14,Flu ED visits pct,quantile,0.05,1.1924927737354722
worcester,2026-02-14,0,2026-02-14,Flu ED visits pct,quantile,0.05,0.7795996608094938
athens,2026-02-14,1,2026-02-21,Flu ED visits pct,quantile,0.05,0.4283231684622597
austin,2026-02-14,1,2026-02-21,Flu ED visits pct,quantile,0.05,2.2414147883989
baltimore,2026-02-14,1,2026-02-21,Flu ED visits pct,quantile,0.05,0.21812022331971545
bangor,2026-02-14,1,2026-02-21,Flu ED visits pct,quantile,0.05,0.8604960819016165
beaumont,2026-02-14,1,2026-02-21,Flu ED visits pct,quantile,0.05,1.6263531349491154
boston,2026-02-14,1,2026-02-21,Flu ED visits pct,quantile,0.05,0.55796600086635
boulder,2026-02-14,1,2026-02-21,Flu ED visits pct,quantile,0.05,1.1820430091791467
charleston,2026-02-14,1,2026-02-21,Flu ED visits pct,quantile,0.05,2.615849184959244
cherokee,2026-02-14,1,2026-02-21,Flu ED visits pct,quantile,0.05,1.0026370135206402
clt-area,2026-02-14,1,2026-02-21,Flu ED visits pct,quantile,0.05,1.2619635824376028
colorado,2026-02-14,1,2026-02-21,Flu ED visits pct,quantile,0.05,0.7069744713542163
colorado-springs,2026-02-14,1,2026-02-21,Flu ED visits pct,quantile,0.05,0.9168846236951305
columbia,2026-02-14,1,2026-02-21,Flu ED visits pct,quantile,0.05,1.0682119615018764
columbus,2026-02-14,1,2026-02-21,Flu ED visits pct,quantile,0.05,2.2403364007955116
dallas,2026-02-14,1,2026-02-21,Flu ED visits pct,quantile,0.05,1.422265039799732
denver,2026-02-14,1,2026-02-21,Flu ED visits pct,quantile,0.05,0.7982650709264975
deschutes,2026-02-14,1,2026-02-21,Flu ED visits pct,quantile,0.05,2.511335979534498
duluth,2026-02-14,1,2026-02-21,Flu ED visits pct,quantile,0.05,0.8092475712019376
el-paso,2026-02-14,1,2026-02-21,Flu ED visits pct,quantile,0.05,0.47465986709929503
eugene,2026-02-14,1,2026-02-21,Flu ED visits pct,quantile,0.05,2.486629640035991
fay-area,2026-02-14,1,2026-02-21,Flu ED visits pct,quantile,0.05,2.001073214996955
florence,2026-02-14,1,2026-02-21,Flu ED visits pct,quantile,0.05,1.7088835465030179
floyd,2026-02-14,1,2026-02-21,Flu ED visits pct,quantile,0.05,0.8083549914460167
frederick,2026-02-14,1,2026-02-21,Flu ED visits pct,quantile,0.05,0.15219166817905522
georgia,2026-02-14,1,2026-02-21,Flu ED visits pct,quantile,0.05,1.3608070283975036
greenville,2026-02-14,1,2026-02-21,Flu ED visits pct,quantile,0.05,0.8659835419296903
hall,2026-02-14,1,2026-02-21,Flu ED visits pct,quantile,0.05,0.5093447059471311
harford,2026-02-14,1,2026-02-21,Flu ED visits pct,quantile,0.05,0.2902606444876211
henry,2026-02-14,1,2026-02-21,Flu ED visits pct,quantile,0.05,0.4854774893550855
horry,2026-02-14,1,2026-02-21,Flu ED visits pct,quantile,0.05,1.3587386288389915
houston,2026-02-14,1,2026-02-21,Flu ED visits pct,quantile,0.05,0.9188133968653596
indiana,2026-02-14,1,2026-02-21,Flu ED visits pct,quantile,0.05,1.2806910138186778
indianapolis,2026-02-14,1,2026-02-21,Flu ED visits pct,quantile,0.05,1.403350008560572
la-grange,2026-02-14,1,2026-02-21,Flu ED visits pct,quantile,0.05,0.7618646776550422
larimer,2026-02-14,1,2026-02-21,Flu ED visits pct,quantile,0.05,0.5212386957236185
lynn,2026-02-14,1,2026-02-21,Flu ED visits pct,quantile,0.05,0.6358723699684183
macon,2026-02-14,1,2026-02-21,Flu ED visits pct,quantile,0.05,0.7991889981158902
maine,2026-02-14,1,2026-02-21,Flu ED visits pct,quantile,0.05,0.8687411811440513
marietta,2026-02-14,1,2026-02-21,Flu ED visits pct,quantile,0.05,0.6924068686508639
maryland,2026-02-14,1,2026-02-21,Flu ED visits pct,quantile,0.05,0.3250103717912973
massachusetts,2026-02-14,1,2026-02-21,Flu ED visits pct,quantile,0.05,0.6081778040876054
medford,2026-02-14,1,2026-02-21,Flu ED visits pct,quantile,0.05,2.6364772009564876
mesa,2026-02-14,1,2026-02-21,Flu ED visits pct,quantile,0.05,0.8640532113686759
minneapolis,2026-02-14,1,2026-02-21,Flu ED visits pct,quantile,0.05,0.7415274436965779
minnesota,2026-02-14,1,2026-02-21,Flu ED visits pct,quantile,0.05,1.0156246798847466
montgomery,2026-02-14,1,2026-02-21,Flu ED visits pct,quantile,0.05,0.3223746299447311
nenc,2026-02-14,1,2026-02-21,Flu ED visits pct,quantile,0.05,1.1471655269090846
new-bedford,2026-02-14,1,2026-02-21,Flu ED visits pct,quantile,0.05,0.6298850898169644
north-carolina,2026-02-14,1,2026-02-21,Flu ED visits pct,quantile,0.05,1.23436373242632
nyc,2026-02-14,1,2026-02-21,ILI ED visits pct,quantile,0.05,2.117696371530273
ogden,2026-02-14,1,2026-02-21,Flu ED visits pct,quantile,0.05,1.4064375549229118
oregon,2026-02-14,1,2026-02-21,Flu ED visits pct,quantile,0.05,3.450422754220625
pittsfield,2026-02-14,1,2026-02-21,Flu ED visits pct,quantile,0.05,0.4041583544550819
portland,2026-02-14,1,2026-02-21,Flu ED visits pct,quantile,0.05,0.5754367969916602
portland-or,2026-02-14,1,2026-02-21,Flu ED visits pct,quantile,0.05,3.185481144227562
provo,2026-02-14,1,2026-02-21,Flu ED visits pct,quantile,0.05,1.2516031315053948
roanoke,2026-02-14,1,2026-02-21,Flu ED visits pct,quantile,0.05,0.984891632550298
rochester,2026-02-14,1,2026-02-21,Flu ED visits pct,quantile,0.05,1.6175955191388551
rock-hill,2026-02-14,1,2026-02-21,Flu ED visits pct,quantile,0.05,0.25932439632729265
rtp-area,2026-02-14,1,2026-02-21,Flu ED visits pct,quantile,0.05,1.0310651501701251
salem,2026-02-14,1,2026-02-21,Flu ED visits pct,quantile,0.05,3.23615959868978
salt-lake-city,2026-02-14,1,2026-02-21,Flu ED visits pct,quantile,0.05,1.6038223972088042
san-antonio,2026-02-14,1,2026-02-21,Flu ED visits pct,quantile,0.05,4.237407861445915
savannah,2026-02-14,1,2026-02-21,Flu ED visits pct,quantile,0.05,1.5022070395950662
senc,2026-02-14,1,2026-02-21,Flu ED visits pct,quantile,0.05,1.0201623560342308
south-augusta,2026-02-14,1,2026-02-21,Flu ED visits pct,quantile,0.05,0.9391777527503365
south-carolina,2026-02-14,1,2026-02-21,Flu ED visits pct,quantile,0.05,1.8741942888292211
springfield,2026-02-14,1,2026-02-21,Flu ED visits pct,quantile,0.05,0.4617423658750849
st-cloud,2026-02-14,1,2026-02-21,Flu ED visits pct,quantile,0.05,1.4789380453030243
st-paul,2026-02-14,1,2026-02-21,Flu ED visits pct,quantile,0.05,0.5256729911205199
texas,2026-02-14,1,2026-02-21,Flu ED visits pct,quantile,0.05,2.023480101312781
triad-area,2026-02-14,1,2026-02-21,Flu ED visits pct,quantile,0.05,0.770601178245274
utah,2026-02-14,1,2026-02-21,Flu ED visits pct,quantile,0.05,1.6081457519527478
virginia,2026-02-14,1,2026-02-21,Flu ED visits pct,quantile,0.05,0.8880484509970278
weld,2026-02-14,1,2026-02-21,Flu ED visits pct,quantile,0.05,0.5543833497339126
wnc,2026-02-14,1,2026-02-21,Flu ED visits pct,quantile,0.05,0.8086611503106504
worcester,2026-02-14,1,2026-02-21,Flu ED visits pct,quantile,0.05,0.5568069622683441
athens,2026-02-14,2,2026-02-28,Flu ED visits pct,quantile,0.05,0.333426935629153
austin,2026-02-14,2,2026-02-28,Flu ED visits pct,quantile,0.05,1.841576460488583
baltimore,2026-02-14,2,2026-02-28,Flu ED visits pct,quantile,0.05,0.181800220365264
bangor,2026-02-14,2,2026-02-28,Flu ED visits pct,quantile,0.05,0.6485365635103406
beaumont,2026-02-14,2,2026-02-28,Flu ED visits pct,quantile,0.05,1.291018119648089
boston,2026-02-14,2,2026-02-28,Flu ED visits pct,quantile,0.05,0.45849403494165086
boulder,2026-02-14,2,2026-02-28,Flu ED visits pct,quantile,0.05,0.9398283405388476
charleston,2026-02-14,2,2026-02-28,Flu ED visits pct,quantile,0.05,1.9952775240977496
cherokee,2026-02-14,2,2026-02-28,Flu ED visits pct,quantile,0.05,0.789513921741306
clt-area,2026-02-14,2,2026-02-28,Flu ED visits pct,quantile,0.05,0.8857910493269651
colorado,2026-02-14,2,2026-02-28,Flu ED visits pct,quantile,0.05,0.5868300273404303
colorado-springs,2026-02-14,2,2026-02-28,Flu ED visits pct,quantile,0.05,0.7317033196127215
columbia,2026-02-14,2,2026-02-28,Flu ED visits pct,quantile,0.05,0.814601322902027
columbus,2026-02-14,2,2026-02-28,Flu ED visits pct,quantile,0.05,1.6255922906080853
dallas,2026-02-14,2,2026-02-28,Flu ED visits pct,quantile,0.05,1.1495516520687574
denver,2026-02-14,2,2026-02-28,Flu ED visits pct,quantile,0.05,0.6738908382308151
deschutes,2026-02-14,2,2026-02-28,Flu ED visits pct,quantile,0.05,1.8900541055917204
duluth,2026-02-14,2,2026-02-28,Flu ED visits pct,quantile,0.05,0.6121004758843699
el-paso,2026-02-14,2,2026-02-28,Flu ED visits pct,quantile,0.05,0.4381227343790344
eugene,2026-02-14,2,2026-02-28,Flu ED visits pct,quantile,0.05,1.8013886315878833
fay-area,2026-02-14,2,2026-02-28,Flu ED visits pct,quantile,0.05,1.4203783778325916
florence,2026-02-14,2,2026-02-28,Flu ED visits pct,quantile,0.05,1.3335444482071477
floyd,2026-02-14,2,2026-02-28,Flu ED visits pct,quantile,0.05,0.6195539401791872
frederick,2026-02-14,2,2026-02-28,Flu ED visits pct,quantile,0.05,0.09574049254512945
georgia,2026-02-14,2,2026-02-28,Flu ED visits pct,quantile,0.05,1.1466366330030056
greenville,2026-02-14,2,2026-02-28,Flu ED visits pct,quantile,0.05,0.6824705003899412
hall,2026-02-14,2,2026-02-28,Flu ED visits pct,quantile,0.05,0.3949352963411685
harford,2026-02-14,2,2026-02-28,Flu ED visits pct,quantile,0.05,0.22230229286188402
henry,2026-02-14,2,2026-02-28,Flu ED visits pct,quantile,0.05,0.37725977235176017
horry,2026-02-14,2,2026-02-28,Flu ED visits pct,quantile,0.05,1.0730812055061825
houston,2026-02-14,2,2026-02-28,Flu ED visits pct,quantile,0.05,0.8383314982580661
indiana,2026-02-14,2,2026-02-28,Flu ED visits pct,quantile,0.05,1.0255225999580668
indianapolis,2026-02-14,2,2026-02-28,Flu ED visits pct,quantile,0.05,1.1552624714011424
la-grange,2026-02-14,2,2026-02-28,Flu ED visits pct,quantile,0.05,0.5898290006497313
larimer,2026-02-14,2,2026-02-28,Flu ED visits pct,quantile,0.05,0.3553998315569355
lynn,2026-02-14,2,2026-02-28,Flu ED visits pct,quantile,0.05,0.48397856366954867
macon,2026-02-14,2,2026-02-28,Flu ED visits pct,quantile,0.05,0.6289979823080731
maine,2026-02-14,2,2026-02-28,Flu ED visits pct,quantile,0.05,0.6624947637557018
marietta,2026-02-14,2,2026-02-28,Flu ED visits pct,quantile,0.05,0.5597103556226561
maryland,2026-02-14,2,2026-02-28,Flu ED visits pct,quantile,0.05,0.24135934658955938
massachusetts,2026-02-14,2,2026-02-28,Flu ED visits pct,quantile,0.05,0.4907378015355389
medford,2026-02-14,2,2026-02-28,Flu ED visits pct,quantile,0.05,1.696347187081907
mesa,2026-02-14,2,2026-02-28,Flu ED visits pct,quantile,0.05,0.6753770782625986
minneapolis,2026-02-14,2,2026-02-28,Flu ED visits pct,quantile,0.05,0.6065710024094818
minnesota,2026-02-14,2,2026-02-28,Flu ED visits pct,quantile,0.05,0.839791442257814
montgomery,2026-02-14,2,2026-02-28,Flu ED visits pct,quantile,0.05,0.2534107543681256
nenc,2026-02-14,2,2026-02-28,Flu ED visits pct,quantile,0.05,0.8700494817627029
new-bedford,2026-02-14,2,2026-02-28,Flu ED visits pct,quantile,0.05,0.4711271339501
north-carolina,2026-02-14,2,2026-02-28,Flu ED visits pct,quantile,0.05,0.8566690367293335
nyc,2026-02-14,2,2026-02-28,ILI ED visits pct,quantile,0.05,2.0136939372499034
ogden,2026-02-14,2,2026-02-28,Flu ED visits pct,quantile,0.05,1.1414884053213177
oregon,2026-02-14,2,2026-02-28,Flu ED visits pct,quantile,0.05,2.6278511592507874
pittsfield,2026-02-14,2,2026-02-28,Flu ED visits pct,quantile,0.05,0.2705142927606936
portland,2026-02-14,2,2026-02-28,Flu ED visits pct,quantile,0.05,0.44331592795279945
portland-or,2026-02-14,2,2026-02-28,Flu ED visits pct,quantile,0.05,2.409291610203989
provo,2026-02-14,2,2026-02-28,Flu ED visits pct,quantile,0.05,0.9782159582256291
roanoke,2026-02-14,2,2026-02-28,Flu ED visits pct,quantile,0.05,0.7409548212243183
rochester,2026-02-14,2,2026-02-28,Flu ED visits pct,quantile,0.05,1.1413843969589612
rock-hill,2026-02-14,2,2026-02-28,Flu ED visits pct,quantile,0.05,0.18597487844482902
rtp-area,2026-02-14,2,2026-02-28,Flu ED visits pct,quantile,0.05,0.7109381754440097
salem,2026-02-14,2,2026-02-28,Flu ED visits pct,quantile,0.05,2.2719690598468048
salt-lake-city,2026-02-14,2,2026-02-28,Flu ED visits pct,quantile,0.05,1.3174202761685392
san-antonio,2026-02-14,2,2026-02-28,Flu ED visits pct,quantile,0.05,3.2766541889094376
savannah,2026-02-14,2,2026-02-28,Flu ED visits pct,quantile,0.05,1.0692828933980139
senc,2026-02-14,2,2026-02-28,Flu ED visits pct,quantile,0.05,0.8051277156543384
south-augusta,2026-02-14,2,2026-02-28,Flu ED visits pct,quantile,0.05,0.6924659540912905
south-carolina,2026-02-14,2,2026-02-28,Flu ED visits pct,quantile,0.05,1.5625792297425667
springfield,2026-02-14,2,2026-02-28,Flu ED visits pct,quantile,0.05,0.3506160105731662
st-cloud,2026-02-14,2,2026-02-28,Flu ED visits pct,quantile,0.05,1.1637555838811446
st-paul,2026-02-14,2,2026-02-28,Flu ED visits pct,quantile,0.05,0.43072735044549987
texas,2026-02-14,2,2026-02-28,Flu ED visits pct,quantile,0.05,1.7223046782481533
triad-area,2026-02-14,2,2026-02-28,Flu ED visits pct,quantile,0.05,0.5219449110684492
utah,2026-02-14,2,2026-02-28,Flu ED visits pct,quantile,0.05,1.3482865233321726
virginia,2026-02-14,2,2026-02-28,Flu ED visits pct,quantile,0.05,0.7028523779219239
weld,2026-02-14,2,2026-02-28,Flu ED visits pct,quantile,0.05,0.4683600768940786
wnc,2026-02-14,2,2026-02-28,Flu ED visits pct,quantile,0.05,0.5670478291299895
worcester,2026-02-14,2,2026-02-28,Flu ED visits pct,quantile,0.05,0.36554780932154857
athens,2026-02-14,3,2026-03-07,Flu ED visits pct,quantile,0.05,0.26998360058455356
austin,2026-02-14,3,2026-03-07,Flu ED visits pct,quantile,0.05,1.4571672025096456
baltimore,2026-02-14,3,2026-03-07,Flu ED visits pct,quantile,0.05,0.15033034562587727
bangor,2026-02-14,3,2026-03-07,Flu ED visits pct,quantile,0.05,0.48612837749079135
beaumont,2026-02-14,3,2026-03-07,Flu ED visits pct,quantile,0.05,1.0379179775208505
boston,2026-02-14,3,2026-03-07,Flu ED visits pct,quantile,0.05,0.38377464366228053
boulder,2026-02-14,3,2026-03-07,Flu ED visits pct,quantile,0.05,0.7248440294441201
charleston,2026-02-14,3,2026-03-07,Flu ED visits pct,quantile,0.05,1.5039407702385001
cherokee,2026-02-14,3,2026-03-07,Flu ED visits pct,quantile,0.05,0.6295960185599588
clt-area,2026-02-14,3,2026-03-07,Flu ED visits pct,quantile,0.05,0.6008565921388205
colorado,2026-02-14,3,2026-03-07,Flu ED visits pct,quantile,0.05,0.5195429276505451
colorado-springs,2026-02-14,3,2026-03-07,Flu ED visits pct,quantile,0.05,0.6096089139426915
columbia,2026-02-14,3,2026-03-07,Flu ED visits pct,quantile,0.05,0.6472216759802204
columbus,2026-02-14,3,2026-03-07,Flu ED visits pct,quantile,0.05,1.1625391410169994
dallas,2026-02-14,3,2026-03-07,Flu ED visits pct,quantile,0.05,0.9051487420485185
denver,2026-02-14,3,2026-03-07,Flu ED visits pct,quantile,0.05,0.5554452291924217
deschutes,2026-02-14,3,2026-03-07,Flu ED visits pct,quantile,0.05,1.4124156337328608
duluth,2026-02-14,3,2026-03-07,Flu ED visits pct,quantile,0.05,0.4727789325525443
el-paso,2026-02-14,3,2026-03-07,Flu ED visits pct,quantile,0.05,0.40838760877561076
eugene,2026-02-14,3,2026-03-07,Flu ED visits pct,quantile,0.05,1.256427774721348
fay-area,2026-02-14,3,2026-03-07,Flu ED visits pct,quantile,0.05,0.9560725727349036
florence,2026-02-14,3,2026-03-07,Flu ED visits pct,quantile,0.05,1.0231001554433783
floyd,2026-02-14,3,2026-03-07,Flu ED visits pct,quantile,0.05,0.4702833969530407
frederick,2026-02-14,3,2026-03-07,Flu ED visits pct,quantile,0.05,0.08697581814615081
georgia,2026-02-14,3,2026-03-07,Flu ED visits pct,quantile,0.05,0.9332842343553385
greenville,2026-02-14,3,2026-03-07,Flu ED visits pct,quantile,0.05,0.5275161782883342
hall,2026-02-14,3,2026-03-07,Flu ED visits pct,quantile,0.05,0.3093792489778437
harford,2026-02-14,3,2026-03-07,Flu ED visits pct,quantile,0.05,0.17986768912810266
henry,2026-02-14,3,2026-03-07,Flu ED visits pct,quantile,0.05,0.3223362705006197
horry,2026-02-14,3,2026-03-07,Flu ED visits pct,quantile,0.05,0.8260942257491216
houston,2026-02-14,3,2026-03-07,Flu ED visits pct,quantile,0.05,0.7447674926844294
indiana,2026-02-14,3,2026-03-07,Flu ED visits pct,quantile,0.05,0.8138962859773763
indianapolis,2026-02-14,3,2026-03-07,Flu ED visits pct,quantile,0.05,0.9046763741387612
la-grange,2026-02-14,3,2026-03-07,Flu ED visits pct,quantile,0.05,0.45933812722503403
larimer,2026-02-14,3,2026-03-07,Flu ED visits pct,quantile,0.05,0.2894465760560386
lynn,2026-02-14,3,2026-03-07,Flu ED visits pct,quantile,0.05,0.3880964958355434
macon,2026-02-14,3,2026-03-07,Flu ED visits pct,quantile,0.05,0.49536691427272483
maine,2026-02-14,3,2026-03-07,Flu ED visits pct,quantile,0.05,0.5152463825338258
marietta,2026-02-14,3,2026-03-07,Flu ED visits pct,quantile,0.05,0.4287388565754911
maryland,2026-02-14,3,2026-03-07,Flu ED visits pct,quantile,0.05,0.20751464852862792
massachusetts,2026-02-14,3,2026-03-07,Flu ED visits pct,quantile,0.05,0.4205963309670161
medford,2026-02-14,3,2026-03-07,Flu ED visits pct,quantile,0.05,1.2130461316731926
mesa,2026-02-14,3,2026-03-07,Flu ED visits pct,quantile,0.05,0.5032898113409734
minneapolis,2026-02-14,3,2026-03-07,Flu ED visits pct,quantile,0.05,0.5016366881894001
minnesota,2026-02-14,3,2026-03-07,Flu ED visits pct,quantile,0.05,0.6946609701335933
montgomery,2026-02-14,3,2026-03-07,Flu ED visits pct,quantile,0.05,0.2104322670697184
nenc,2026-02-14,3,2026-03-07,Flu ED visits pct,quantile,0.05,0.6394155054234641
new-bedford,2026-02-14,3,2026-03-07,Flu ED visits pct,quantile,0.05,0.3775130450153065
north-carolina,2026-02-14,3,2026-03-07,Flu ED visits pct,quantile,0.05,0.5740467014529325
nyc,2026-02-14,3,2026-03-07,ILI ED visits pct,quantile,0.05,1.9124705277929896
ogden,2026-02-14,3,2026-03-07,Flu ED visits pct,quantile,0.05,0.9201869419802077
oregon,2026-02-14,3,2026-03-07,Flu ED visits pct,quantile,0.05,2.007442759004084
pittsfield,2026-02-14,3,2026-03-07,Flu ED visits pct,quantile,0.05,0.19748761548055677
portland,2026-02-14,3,2026-03-07,Flu ED visits pct,quantile,0.05,0.34143660575704454
portland-or,2026-02-14,3,2026-03-07,Flu ED visits pct,quantile,0.05,1.771048445707156
provo,2026-02-14,3,2026-03-07,Flu ED visits pct,quantile,0.05,0.7583359551111584
roanoke,2026-02-14,3,2026-03-07,Flu ED visits pct,quantile,0.05,0.5522627075731653
rochester,2026-02-14,3,2026-03-07,Flu ED visits pct,quantile,0.05,0.7702209466162706
rock-hill,2026-02-14,3,2026-03-07,Flu ED visits pct,quantile,0.05,0.13830323637024533
rtp-area,2026-02-14,3,2026-03-07,Flu ED visits pct,quantile,0.05,0.4648430954447342
salem,2026-02-14,3,2026-03-07,Flu ED visits pct,quantile,0.05,1.5337253504351889
salt-lake-city,2026-02-14,3,2026-03-07,Flu ED visits pct,quantile,0.05,1.0298509933826907
san-antonio,2026-02-14,3,2026-03-07,Flu ED visits pct,quantile,0.05,2.427794923090225
savannah,2026-02-14,3,2026-03-07,Flu ED visits pct,quantile,0.05,0.7216156943250545
senc,2026-02-14,3,2026-03-07,Flu ED visits pct,quantile,0.05,0.6272102789242849
south-augusta,2026-02-14,3,2026-03-07,Flu ED visits pct,quantile,0.05,0.4966648563314976
south-carolina,2026-02-14,3,2026-03-07,Flu ED visits pct,quantile,0.05,1.1870051144824036
springfield,2026-02-14,3,2026-03-07,Flu ED visits pct,quantile,0.05,0.2702404550200064
st-cloud,2026-02-14,3,2026-03-07,Flu ED visits pct,quantile,0.05,0.8801814516787141
st-paul,2026-02-14,3,2026-03-07,Flu ED visits pct,quantile,0.05,0.3642748866440222
texas,2026-02-14,3,2026-03-07,Flu ED visits pct,quantile,0.05,1.4475561197644171
triad-area,2026-02-14,3,2026-03-07,Flu ED visits pct,quantile,0.05,0.34065779834619725
utah,2026-02-14,3,2026-03-07,Flu ED visits pct,quantile,0.05,1.0721595007495162
virginia,2026-02-14,3,2026-03-07,Flu ED visits pct,quantile,0.05,0.6172668650903113
weld,2026-02-14,3,2026-03-07,Flu ED visits pct,quantile,0.05,0.4197579478069945
wnc,2026-02-14,3,2026-03-07,Flu ED visits pct,quantile,0.05,0.37921932844154527
worcester,2026-02-14,3,2026-03-07,Flu ED visits pct,quantile,0.05,0.29083626011843267
athens,2026-02-14,0,2026-02-14,Flu ED visits pct,quantile,0.1,0.7656202406417811
austin,2026-02-14,0,2026-02-14,Flu ED visits pct,quantile,0.1,3.193395782549705
baltimore,2026-02-14,0,2026-02-14,Flu ED visits pct,quantile,0.1,0.3488920348431081
bangor,2026-02-14,0,2026-02-14,Flu ED visits pct,quantile,0.1,1.408239275154281
beaumont,2026-02-14,0,2026-02-14,Flu ED visits pct,quantile,0.1,2.5422030976016115
boston,2026-02-14,0,2026-02-14,Flu ED visits pct,quantile,0.1,0.8353008471545998
boulder,2026-02-14,0,2026-02-14,Flu ED visits pct,quantile,0.1,2.1066110020385973
charleston,2026-02-14,0,2026-02-14,Flu ED visits pct,quantile,0.1,3.9173936942196215
cherokee,2026-02-14,0,2026-02-14,Flu ED visits pct,quantile,0.1,1.700996106025243
clt-area,2026-02-14,0,2026-02-14,Flu ED visits pct,quantile,0.1,2.081026920081704
colorado,2026-02-14,0,2026-02-14,Flu ED visits pct,quantile,0.1,1.1789767029065559
colorado-springs,2026-02-14,0,2026-02-14,Flu ED visits pct,quantile,0.1,1.4269561910765916
columbia,2026-02-14,0,2026-02-14,Flu ED visits pct,quantile,0.1,1.755399492645268
columbus,2026-02-14,0,2026-02-14,Flu ED visits pct,quantile,0.1,3.6300828160828793
dallas,2026-02-14,0,2026-02-14,Flu ED visits pct,quantile,0.1,2.166841289642787
denver,2026-02-14,0,2026-02-14,Flu ED visits pct,quantile,0.1,1.1337744551946698
deschutes,2026-02-14,0,2026-02-14,Flu ED visits pct,quantile,0.1,3.93516967610109
duluth,2026-02-14,0,2026-02-14,Flu ED visits pct,quantile,0.1,1.30047363654251
el-paso,2026-02-14,0,2026-02-14,Flu ED visits pct,quantile,0.1,0.7000137233581621
eugene,2026-02-14,0,2026-02-14,Flu ED visits pct,quantile,0.1,3.949988045905241
fay-area,2026-02-14,0,2026-02-14,Flu ED visits pct,quantile,0.1,3.167455371275336
florence,2026-02-14,0,2026-02-14,Flu ED visits pct,quantile,0.1,2.8273433430621577
floyd,2026-02-14,0,2026-02-14,Flu ED visits pct,quantile,0.1,1.438149991380507
frederick,2026-02-14,0,2026-02-14,Flu ED visits pct,quantile,0.1,0.4259154448678643
georgia,2026-02-14,0,2026-02-14,Flu ED visits pct,quantile,0.1,1.9033447063447384
greenville,2026-02-14,0,2026-02-14,Flu ED visits pct,quantile,0.1,1.4175861758329689
hall,2026-02-14,0,2026-02-14,Flu ED visits pct,quantile,0.1,0.9002334424249984
harford,2026-02-14,0,2026-02-14,Flu ED visits pct,quantile,0.1,0.4993048959691767
henry,2026-02-14,0,2026-02-14,Flu ED visits pct,quantile,0.1,0.8416737457193755
horry,2026-02-14,0,2026-02-14,Flu ED visits pct,quantile,0.1,2.1867808659811665
houston,2026-02-14,0,2026-02-14,Flu ED visits pct,quantile,0.1,1.2073580654271863
indiana,2026-02-14,0,2026-02-14,Flu ED visits pct,quantile,0.1,1.938969503414883
indianapolis,2026-02-14,0,2026-02-14,Flu ED visits pct,quantile,0.1,2.0966336275388975
la-grange,2026-02-14,0,2026-02-14,Flu ED visits pct,quantile,0.1,1.3348966572303043
larimer,2026-02-14,0,2026-02-14,Flu ED visits pct,quantile,0.1,1.0376839710110703
lynn,2026-02-14,0,2026-02-14,Flu ED visits pct,quantile,0.1,1.0576476634699925
macon,2026-02-14,0,2026-02-14,Flu ED visits pct,quantile,0.1,1.2746485138161474
maine,2026-02-14,0,2026-02-14,Flu ED visits pct,quantile,0.1,1.3934467446172938
marietta,2026-02-14,0,2026-02-14,Flu ED visits pct,quantile,0.1,1.2220352667741072
maryland,2026-02-14,0,2026-02-14,Flu ED visits pct,quantile,0.1,0.4985027930890432
massachusetts,2026-02-14,0,2026-02-14,Flu ED visits pct,quantile,0.1,0.9366719592648223
medford,2026-02-14,0,2026-02-14,Flu ED visits pct,quantile,0.1,4.483003489325001
mesa,2026-02-14,0,2026-02-14,Flu ED visits pct,quantile,0.1,1.4344821176438476
minneapolis,2026-02-14,0,2026-02-14,Flu ED visits pct,quantile,0.1,1.1006655863316177
minnesota,2026-02-14,0,2026-02-14,Flu ED visits pct,quantile,0.1,1.5661213047299438
montgomery,2026-02-14,0,2026-02-14,Flu ED visits pct,quantile,0.1,0.5161479962052318
nenc,2026-02-14,0,2026-02-14,Flu ED visits pct,quantile,0.1,1.9134710900864849
new-bedford,2026-02-14,0,2026-02-14,Flu ED visits pct,quantile,0.1,1.0335700704901303
north-carolina,2026-02-14,0,2026-02-14,Flu ED visits pct,quantile,0.1,1.9768744852727365
nyc,2026-02-14,0,2026-02-14,ILI ED visits pct,quantile,0.1,2.5238806463659595
ogden,2026-02-14,0,2026-02-14,Flu ED visits pct,quantile,0.1,2.152824090452107
oregon,2026-02-14,0,2026-02-14,Flu ED visits pct,quantile,0.1,4.963694261429644
pittsfield,2026-02-14,0,2026-02-14,Flu ED visits pct,quantile,0.1,0.6436629698632056
portland,2026-02-14,0,2026-02-14,Flu ED visits pct,quantile,0.1,0.9484350720022228
portland-or,2026-02-14,0,2026-02-14,Flu ED visits pct,quantile,0.1,4.458833430902778
provo,2026-02-14,0,2026-02-14,Flu ED visits pct,quantile,0.1,2.0191592714892734
roanoke,2026-02-14,0,2026-02-14,Flu ED visits pct,quantile,0.1,1.6584576683836936
rochester,2026-02-14,0,2026-02-14,Flu ED visits pct,quantile,0.1,2.7538651003446946
rock-hill,2026-02-14,0,2026-02-14,Flu ED visits pct,quantile,0.1,0.5174044324875255
rtp-area,2026-02-14,0,2026-02-14,Flu ED visits pct,quantile,0.1,1.6923114382396758
salem,2026-02-14,0,2026-02-14,Flu ED visits pct,quantile,0.1,5.318594376596508
salt-lake-city,2026-02-14,0,2026-02-14,Flu ED visits pct,quantile,0.1,2.2793103168183584
san-antonio,2026-02-14,0,2026-02-14,Flu ED visits pct,quantile,0.1,6.093862843486688
savannah,2026-02-14,0,2026-02-14,Flu ED visits pct,quantile,0.1,2.401156720561326
senc,2026-02-14,0,2026-02-14,Flu ED visits pct,quantile,0.1,1.701262745202087
south-augusta,2026-02-14,0,2026-02-14,Flu ED visits pct,quantile,0.1,1.5746132207118315
south-carolina,2026-02-14,0,2026-02-14,Flu ED visits pct,quantile,0.1,2.7063790068030507
springfield,2026-02-14,0,2026-02-14,Flu ED visits pct,quantile,0.1,0.7821983154519171
st-cloud,2026-02-14,0,2026-02-14,Flu ED visits pct,quantile,0.1,2.4141516727623644
st-paul,2026-02-14,0,2026-02-14,Flu ED visits pct,quantile,0.1,0.8057055675278114
texas,2026-02-14,0,2026-02-14,Flu ED visits pct,quantile,0.1,2.9483388280659386
triad-area,2026-02-14,0,2026-02-14,Flu ED visits pct,quantile,0.1,1.2913413933380338
utah,2026-02-14,0,2026-02-14,Flu ED visits pct,quantile,0.1,2.2859314939861384
virginia,2026-02-14,0,2026-02-14,Flu ED visits pct,quantile,0.1,1.3331844965080701
weld,2026-02-14,0,2026-02-14,Flu ED visits pct,quantile,0.1,0.8144594861893697
wnc,2026-02-14,0,2026-02-14,Flu ED visits pct,quantile,0.1,1.3598926895728596
worcester,2026-02-14,0,2026-02-14,Flu ED visits pct,quantile,0.1,0.9302695318547451
athens,2026-02-14,1,2026-02-21,Flu ED visits pct,quantile,0.1,0.6435224729172421
austin,2026-02-14,1,2026-02-21,Flu ED visits pct,quantile,0.1,2.4590824331614947
baltimore,2026-02-14,1,2026-02-21,Flu ED visits pct,quantile,0.1,0.3074449896558548
bangor,2026-02-14,1,2026-02-21,Flu ED visits pct,quantile,0.1,1.1354464137002434
beaumont,2026-02-14,1,2026-02-21,Flu ED visits pct,quantile,0.1,2.077878934429947
boston,2026-02-14,1,2026-02-21,Flu ED visits pct,quantile,0.1,0.7335199137881823
boulder,2026-02-14,1,2026-02-21,Flu ED visits pct,quantile,0.1,1.6791419271034653
charleston,2026-02-14,1,2026-02-21,Flu ED visits pct,quantile,0.1,2.919392928745217
cherokee,2026-02-14,1,2026-02-21,Flu ED visits pct,quantile,0.1,1.4666366879286916
clt-area,2026-02-14,1,2026-02-21,Flu ED visits pct,quantile,0.1,1.4659077941216359
colorado,2026-02-14,1,2026-02-21,Flu ED visits pct,quantile,0.1,0.9963128166992932
colorado-springs,2026-02-14,1,2026-02-21,Flu ED visits pct,quantile,0.1,1.1545368717427837
columbia,2026-02-14,1,2026-02-21,Flu ED visits pct,quantile,0.1,1.4261628367750456
columbus,2026-02-14,1,2026-02-21,Flu ED visits pct,quantile,0.1,2.6206005739717737
dallas,2026-02-14,1,2026-02-21,Flu ED visits pct,quantile,0.1,1.5905792449152951
denver,2026-02-14,1,2026-02-21,Flu ED visits pct,quantile,0.1,0.9902770719321798
deschutes,2026-02-14,1,2026-02-21,Flu ED visits pct,quantile,0.1,2.920663424353632
duluth,2026-02-14,1,2026-02-21,Flu ED visits pct,quantile,0.1,1.0612832838910415
el-paso,2026-02-14,1,2026-02-21,Flu ED visits pct,quantile,0.1,0.675903054456783
eugene,2026-02-14,1,2026-02-21,Flu ED visits pct,quantile,0.1,2.764420207747451
fay-area,2026-02-14,1,2026-02-21,Flu ED visits pct,quantile,0.1,2.242324818808487
florence,2026-02-14,1,2026-02-21,Flu ED visits pct,quantile,0.1,2.001961761458629
floyd,2026-02-14,1,2026-02-21,Flu ED visits pct,quantile,0.1,1.1691882526267399
frederick,2026-02-14,1,2026-02-21,Flu ED visits pct,quantile,0.1,0.34250356836537615
georgia,2026-02-14,1,2026-02-21,Flu ED visits pct,quantile,0.1,1.5802319441185768
greenville,2026-02-14,1,2026-02-21,Flu ED visits pct,quantile,0.1,1.0926775118077239
hall,2026-02-14,1,2026-02-21,Flu ED visits pct,quantile,0.1,0.7424039216837329
harford,2026-02-14,1,2026-02-21,Flu ED visits pct,quantile,0.1,0.40719556909137655
henry,2026-02-14,1,2026-02-21,Flu ED visits pct,quantile,0.1,0.724039845726775
horry,2026-02-14,1,2026-02-21,Flu ED visits pct,quantile,0.1,1.729473713510123
houston,2026-02-14,1,2026-02-21,Flu ED visits pct,quantile,0.1,1.1697496247369057
indiana,2026-02-14,1,2026-02-21,Flu ED visits pct,quantile,0.1,1.5554068515896773
indianapolis,2026-02-14,1,2026-02-21,Flu ED visits pct,quantile,0.1,1.633883211454272
la-grange,2026-02-14,1,2026-02-21,Flu ED visits pct,quantile,0.1,0.9819673236929759
larimer,2026-02-14,1,2026-02-21,Flu ED visits pct,quantile,0.1,0.8619718975256816
lynn,2026-02-14,1,2026-02-21,Flu ED visits pct,quantile,0.1,0.8550963227360401
macon,2026-02-14,1,2026-02-21,Flu ED visits pct,quantile,0.1,0.9481540127515036
maine,2026-02-14,1,2026-02-21,Flu ED visits pct,quantile,0.1,1.0346285876417853
marietta,2026-02-14,1,2026-02-21,Flu ED visits pct,quantile,0.1,1.0305365402032576
maryland,2026-02-14,1,2026-02-21,Flu ED visits pct,quantile,0.1,0.40571920382927856
massachusetts,2026-02-14,1,2026-02-21,Flu ED visits pct,quantile,0.1,0.7822437818644665
medford,2026-02-14,1,2026-02-21,Flu ED visits pct,quantile,0.1,2.944023706043938
mesa,2026-02-14,1,2026-02-21,Flu ED visits pct,quantile,0.1,1.0845298115750706
minneapolis,2026-02-14,1,2026-02-21,Flu ED visits pct,quantile,0.1,0.941388376293027
minnesota,2026-02-14,1,2026-02-21,Flu ED visits pct,quantile,0.1,1.288775060565728
montgomery,2026-02-14,1,2026-02-21,Flu ED visits pct,quantile,0.1,0.42702588869490943
nenc,2026-02-14,1,2026-02-21,Flu ED visits pct,quantile,0.1,1.3457933299275084
new-bedford,2026-02-14,1,2026-02-21,Flu ED visits pct,quantile,0.1,0.8574505627683527
north-carolina,2026-02-14,1,2026-02-21,Flu ED visits pct,quantile,0.1,1.3602798032292405
nyc,2026-02-14,1,2026-02-21,ILI ED visits pct,quantile,0.1,2.49471438289055
ogden,2026-02-14,1,2026-02-21,Flu ED visits pct,quantile,0.1,1.705293105429269
oregon,2026-02-14,1,2026-02-21,Flu ED visits pct,quantile,0.1,3.658307392231256
pittsfield,2026-02-14,1,2026-02-21,Flu ED visits pct,quantile,0.1,0.472698450005073
portland,2026-02-14,1,2026-02-21,Flu ED visits pct,quantile,0.1,0.7076492464213296
portland-or,2026-02-14,1,2026-02-21,Flu ED visits pct,quantile,0.1,3.279595642339392
provo,2026-02-14,1,2026-02-21,Flu ED visits pct,quantile,0.1,1.6283561999801879
roanoke,2026-02-14,1,2026-02-21,Flu ED visits pct,quantile,0.1,1.1577160971106821
rochester,2026-02-14,1,2026-02-21,Flu ED visits pct,quantile,0.1,1.8992599191175599
rock-hill,2026-02-14,1,2026-02-21,Flu ED visits pct,quantile,0.1,0.4353746960042325
rtp-area,2026-02-14,1,2026-02-21,Flu ED visits pct,quantile,0.1,1.149338298065292
salem,2026-02-14,1,2026-02-21,Flu ED visits pct,quantile,0.1,3.74440127037506
salt-lake-city,2026-02-14,1,2026-02-21,Flu ED visits pct,quantile,0.1,1.7122958043816259
san-antonio,2026-02-14,1,2026-02-21,Flu ED visits pct,quantile,0.1,4.610104053567935
savannah,2026-02-14,1,2026-02-21,Flu ED visits pct,quantile,0.1,1.6580590770147081
senc,2026-02-14,1,2026-02-21,Flu ED visits pct,quantile,0.1,1.3032507580039647
south-augusta,2026-02-14,1,2026-02-21,Flu ED visits pct,quantile,0.1,1.1125512262070243
south-carolina,2026-02-14,1,2026-02-21,Flu ED visits pct,quantile,0.1,2.1872833711487267
springfield,2026-02-14,1,2026-02-21,Flu ED visits pct,quantile,0.1,0.6185710609421158
st-cloud,2026-02-14,1,2026-02-21,Flu ED visits pct,quantile,0.1,1.8912700729084997
st-paul,2026-02-14,1,2026-02-21,Flu ED visits pct,quantile,0.1,0.6982199210091049
texas,2026-02-14,1,2026-02-21,Flu ED visits pct,quantile,0.1,2.325078931183216
triad-area,2026-02-14,1,2026-02-21,Flu ED visits pct,quantile,0.1,0.8522220726293773
utah,2026-02-14,1,2026-02-21,Flu ED visits pct,quantile,0.1,1.8412011976846585
virginia,2026-02-14,1,2026-02-21,Flu ED visits pct,quantile,0.1,1.0475079991797098
weld,2026-02-14,1,2026-02-21,Flu ED visits pct,quantile,0.1,0.7448741175124409
wnc,2026-02-14,1,2026-02-21,Flu ED visits pct,quantile,0.1,0.9368512956039988
worcester,2026-02-14,1,2026-02-21,Flu ED visits pct,quantile,0.1,0.742278869266186
athens,2026-02-14,2,2026-02-28,Flu ED visits pct,quantile,0.1,0.5332152345348706
austin,2026-02-14,2,2026-02-28,Flu ED visits pct,quantile,0.1,2.1545467096401527
baltimore,2026-02-14,2,2026-02-28,Flu ED visits pct,quantile,0.1,0.2552448293866582
bangor,2026-02-14,2,2026-02-28,Flu ED visits pct,quantile,0.1,0.9423119202428029
beaumont,2026-02-14,2,2026-02-28,Flu ED visits pct,quantile,0.1,1.781300621681947
boston,2026-02-14,2,2026-02-28,Flu ED visits pct,quantile,0.1,0.6370334990765275
boulder,2026-02-14,2,2026-02-28,Flu ED visits pct,quantile,0.1,1.3810177281980685
charleston,2026-02-14,2,2026-02-28,Flu ED visits pct,quantile,0.1,2.3937012989402238
cherokee,2026-02-14,2,2026-02-28,Flu ED visits pct,quantile,0.1,1.2603484719570905
clt-area,2026-02-14,2,2026-02-28,Flu ED visits pct,quantile,0.1,1.1176499352470508
colorado,2026-02-14,2,2026-02-28,Flu ED visits pct,quantile,0.1,0.8323687190584237
colorado-springs,2026-02-14,2,2026-02-28,Flu ED visits pct,quantile,0.1,0.9709772367726027
columbia,2026-02-14,2,2026-02-28,Flu ED visits pct,quantile,0.1,1.2320233562073848
columbus,2026-02-14,2,2026-02-28,Flu ED visits pct,quantile,0.1,1.9580605976061425
dallas,2026-02-14,2,2026-02-28,Flu ED visits pct,quantile,0.1,1.3291569099727842
denver,2026-02-14,2,2026-02-28,Flu ED visits pct,quantile,0.1,0.8633713624354258
deschutes,2026-02-14,2,2026-02-28,Flu ED visits pct,quantile,0.1,2.2883901812364935
duluth,2026-02-14,2,2026-02-28,Flu ED visits pct,quantile,0.1,0.885252299093273
el-paso,2026-02-14,2,2026-02-28,Flu ED visits pct,quantile,0.1,0.6275150212108082
eugene,2026-02-14,2,2026-02-28,Flu ED visits pct,quantile,0.1,1.8240251406963406
fay-area,2026-02-14,2,2026-02-28,Flu ED visits pct,quantile,0.1,1.6981127200858979
florence,2026-02-14,2,2026-02-28,Flu ED visits pct,quantile,0.1,1.6232501444914635
floyd,2026-02-14,2,2026-02-28,Flu ED visits pct,quantile,0.1,0.9612728194052145
frederick,2026-02-14,2,2026-02-28,Flu ED visits pct,quantile,0.1,0.24616272227129526
georgia,2026-02-14,2,2026-02-28,Flu ED visits pct,quantile,0.1,1.370896419305551
greenville,2026-02-14,2,2026-02-28,Flu ED visits pct,quantile,0.1,0.9296723336874086
hall,2026-02-14,2,2026-02-28,Flu ED visits pct,quantile,0.1,0.6118680583522133
harford,2026-02-14,2,2026-02-28,Flu ED visits pct,quantile,0.1,0.30804321331781215
henry,2026-02-14,2,2026-02-28,Flu ED visits pct,quantile,0.1,0.6287707897532492
horry,2026-02-14,2,2026-02-28,Flu ED visits pct,quantile,0.1,1.4379919848583655
houston,2026-02-14,2,2026-02-28,Flu ED visits pct,quantile,0.1,1.0845103418519615
indiana,2026-02-14,2,2026-02-28,Flu ED visits pct,quantile,0.1,1.3537514910841097
indianapolis,2026-02-14,2,2026-02-28,Flu ED visits pct,quantile,0.1,1.4002416146972225
la-grange,2026-02-14,2,2026-02-28,Flu ED visits pct,quantile,0.1,0.7574627102095717
larimer,2026-02-14,2,2026-02-28,Flu ED visits pct,quantile,0.1,0.6977961991954275
lynn,2026-02-14,2,2026-02-28,Flu ED visits pct,quantile,0.1,0.6964539921110723
macon,2026-02-14,2,2026-02-28,Flu ED visits pct,quantile,0.1,0.7521743344526824
maine,2026-02-14,2,2026-02-28,Flu ED visits pct,quantile,0.1,0.8133411964407046
marietta,2026-02-14,2,2026-02-28,Flu ED visits pct,quantile,0.1,0.8878765811373642
maryland,2026-02-14,2,2026-02-28,Flu ED visits pct,quantile,0.1,0.3240104477300667
massachusetts,2026-02-14,2,2026-02-28,Flu ED visits pct,quantile,0.1,0.6526913598152861
medford,2026-02-14,2,2026-02-28,Flu ED visits pct,quantile,0.1,1.7197986398822214
mesa,2026-02-14,2,2026-02-28,Flu ED visits pct,quantile,0.1,0.8837140291313843
minneapolis,2026-02-14,2,2026-02-28,Flu ED visits pct,quantile,0.1,0.810420081309082
minnesota,2026-02-14,2,2026-02-28,Flu ED visits pct,quantile,0.1,1.098319702009323
montgomery,2026-02-14,2,2026-02-28,Flu ED visits pct,quantile,0.1,0.3619989816149407
nenc,2026-02-14,2,2026-02-28,Flu ED visits pct,quantile,0.1,1.0488173081777135
new-bedford,2026-02-14,2,2026-02-28,Flu ED visits pct,quantile,0.1,0.686848690688309
north-carolina,2026-02-14,2,2026-02-28,Flu ED visits pct,quantile,0.1,1.0307853728398806
nyc,2026-02-14,2,2026-02-28,ILI ED visits pct,quantile,0.1,2.4117480239746905
ogden,2026-02-14,2,2026-02-28,Flu ED visits pct,quantile,0.1,1.4283441613454915
oregon,2026-02-14,2,2026-02-28,Flu ED visits pct,quantile,0.1,2.861003920408273
pittsfield,2026-02-14,2,2026-02-28,Flu ED visits pct,quantile,0.1,0.3524226502151729
portland,2026-02-14,2,2026-02-28,Flu ED visits pct,quantile,0.1,0.5666591784479892
portland-or,2026-02-14,2,2026-02-28,Flu ED visits pct,quantile,0.1,2.639231801176519
provo,2026-02-14,2,2026-02-28,Flu ED visits pct,quantile,0.1,1.3803992132128753
roanoke,2026-02-14,2,2026-02-28,Flu ED visits pct,quantile,0.1,0.9162698373078059
rochester,2026-02-14,2,2026-02-28,Flu ED visits pct,quantile,0.1,1.3826719220846908
rock-hill,2026-02-14,2,2026-02-28,Flu ED visits pct,quantile,0.1,0.33454838814234195
rtp-area,2026-02-14,2,2026-02-28,Flu ED visits pct,quantile,0.1,0.8472587170972432
salem,2026-02-14,2,2026-02-28,Flu ED visits pct,quantile,0.1,2.350692507594955
salt-lake-city,2026-02-14,2,2026-02-28,Flu ED visits pct,quantile,0.1,1.455784332253732
san-antonio,2026-02-14,2,2026-02-28,Flu ED visits pct,quantile,0.1,3.7678468240057668
savannah,2026-02-14,2,2026-02-28,Flu ED visits pct,quantile,0.1,1.1489982521953825
senc,2026-02-14,2,2026-02-28,Flu ED visits pct,quantile,0.1,1.0785932423194795
south-augusta,2026-02-14,2,2026-02-28,Flu ED visits pct,quantile,0.1,0.869799173974397
south-carolina,2026-02-14,2,2026-02-28,Flu ED visits pct,quantile,0.1,1.8859177373871405
springfield,2026-02-14,2,2026-02-28,Flu ED visits pct,quantile,0.1,0.48452247888333355
st-cloud,2026-02-14,2,2026-02-28,Flu ED visits pct,quantile,0.1,1.5490529744852821
st-paul,2026-02-14,2,2026-02-28,Flu ED visits pct,quantile,0.1,0.6072177199426606
texas,2026-02-14,2,2026-02-28,Flu ED visits pct,quantile,0.1,1.9975262419981836
triad-area,2026-02-14,2,2026-02-28,Flu ED visits pct,quantile,0.1,0.6309990047589281
utah,2026-02-14,2,2026-02-28,Flu ED visits pct,quantile,0.1,1.588229600130633
virginia,2026-02-14,2,2026-02-28,Flu ED visits pct,quantile,0.1,0.8783039938780707
weld,2026-02-14,2,2026-02-28,Flu ED visits pct,quantile,0.1,0.6752169454454522
wnc,2026-02-14,2,2026-02-28,Flu ED visits pct,quantile,0.1,0.6945167420661308
worcester,2026-02-14,2,2026-02-28,Flu ED visits pct,quantile,0.1,0.5825077047227057
athens,2026-02-14,3,2026-03-07,Flu ED visits pct,quantile,0.1,0.5021034943702618
austin,2026-02-14,3,2026-03-07,Flu ED visits pct,quantile,0.1,1.6838987095443883
baltimore,2026-02-14,3,2026-03-07,Flu ED visits pct,quantile,0.1,0.23231112190248956
bangor,2026-02-14,3,2026-03-07,Flu ED visits pct,quantile,0.1,0.8139221496249691
beaumont,2026-02-14,3,2026-03-07,Flu ED visits pct,quantile,0.1,1.5218317998697388
boston,2026-02-14,3,2026-03-07,Flu ED visits pct,quantile,0.1,0.570861438503688
boulder,2026-02-14,3,2026-03-07,Flu ED visits pct,quantile,0.1,1.154283669249508
charleston,2026-02-14,3,2026-03-07,Flu ED visits pct,quantile,0.1,1.8101131704996543
cherokee,2026-02-14,3,2026-03-07,Flu ED visits pct,quantile,0.1,1.1332086536539614
clt-area,2026-02-14,3,2026-03-07,Flu ED visits pct,quantile,0.1,0.7711684126379736
colorado,2026-02-14,3,2026-03-07,Flu ED visits pct,quantile,0.1,0.7240740459852757
colorado-springs,2026-02-14,3,2026-03-07,Flu ED visits pct,quantile,0.1,0.8129402994111274
columbia,2026-02-14,3,2026-03-07,Flu ED visits pct,quantile,0.1,1.0436693603375253
columbus,2026-02-14,3,2026-03-07,Flu ED visits pct,quantile,0.1,1.4393682300814885
dallas,2026-02-14,3,2026-03-07,Flu ED visits pct,quantile,0.1,1.0327701002862788
denver,2026-02-14,3,2026-03-07,Flu ED visits pct,quantile,0.1,0.7649908751273572
deschutes,2026-02-14,3,2026-03-07,Flu ED visits pct,quantile,0.1,1.7922017388777243
duluth,2026-02-14,3,2026-03-07,Flu ED visits pct,quantile,0.1,0.7696607671368147
el-paso,2026-02-14,3,2026-03-07,Flu ED visits pct,quantile,0.1,0.6019694388370016
eugene,2026-02-14,3,2026-03-07,Flu ED visits pct,quantile,0.1,1.4032596102817108
fay-area,2026-02-14,3,2026-03-07,Flu ED visits pct,quantile,0.1,1.1791641454154207
florence,2026-02-14,3,2026-03-07,Flu ED visits pct,quantile,0.1,1.251916023522105
floyd,2026-02-14,3,2026-03-07,Flu ED visits pct,quantile,0.1,0.8607384114975613
frederick,2026-02-14,3,2026-03-07,Flu ED visits pct,quantile,0.1,0.2436275598977315
georgia,2026-02-14,3,2026-03-07,Flu ED visits pct,quantile,0.1,1.1340624076032664
greenville,2026-02-14,3,2026-03-07,Flu ED visits pct,quantile,0.1,0.7754327148603456
hall,2026-02-14,3,2026-03-07,Flu ED visits pct,quantile,0.1,0.5502223585471836
harford,2026-02-14,3,2026-03-07,Flu ED visits pct,quantile,0.1,0.28539454170973366
henry,2026-02-14,3,2026-03-07,Flu ED visits pct,quantile,0.1,0.5837803116448496
horry,2026-02-14,3,2026-03-07,Flu ED visits pct,quantile,0.1,1.1888867561444243
houston,2026-02-14,3,2026-03-07,Flu ED visits pct,quantile,0.1,1.0211369334273424
indiana,2026-02-14,3,2026-03-07,Flu ED visits pct,quantile,0.1,1.1276507184056055
indianapolis,2026-02-14,3,2026-03-07,Flu ED visits pct,quantile,0.1,1.1076867805303796
la-grange,2026-02-14,3,2026-03-07,Flu ED visits pct,quantile,0.1,0.6122631229629684
larimer,2026-02-14,3,2026-03-07,Flu ED visits pct,quantile,0.1,0.638128571417944
lynn,2026-02-14,3,2026-03-07,Flu ED visits pct,quantile,0.1,0.6086782976874405
macon,2026-02-14,3,2026-03-07,Flu ED visits pct,quantile,0.1,0.5817609583455161
maine,2026-02-14,3,2026-03-07,Flu ED visits pct,quantile,0.1,0.6102361566409152
marietta,2026-02-14,3,2026-03-07,Flu ED visits pct,quantile,0.1,0.8178201266321041
maryland,2026-02-14,3,2026-03-07,Flu ED visits pct,quantile,0.1,0.2977489264439254
massachusetts,2026-02-14,3,2026-03-07,Flu ED visits pct,quantile,0.1,0.5838278380149685
medford,2026-02-14,3,2026-03-07,Flu ED visits pct,quantile,0.1,1.2966779596802713
mesa,2026-02-14,3,2026-03-07,Flu ED visits pct,quantile,0.1,0.7043617608621223
minneapolis,2026-02-14,3,2026-03-07,Flu ED visits pct,quantile,0.1,0.7234229836026717
minnesota,2026-02-14,3,2026-03-07,Flu ED visits pct,quantile,0.1,0.9765515453694091
montgomery,2026-02-14,3,2026-03-07,Flu ED visits pct,quantile,0.1,0.31960357311479554
nenc,2026-02-14,3,2026-03-07,Flu ED visits pct,quantile,0.1,0.758039382408616
new-bedford,2026-02-14,3,2026-03-07,Flu ED visits pct,quantile,0.1,0.6355906909904646
north-carolina,2026-02-14,3,2026-03-07,Flu ED visits pct,quantile,0.1,0.6988897799085417
nyc,2026-02-14,3,2026-03-07,ILI ED visits pct,quantile,0.1,2.3796983910571754
ogden,2026-02-14,3,2026-03-07,Flu ED visits pct,quantile,0.1,1.205944045835543
oregon,2026-02-14,3,2026-03-07,Flu ED visits pct,quantile,0.1,2.2416224849806867
pittsfield,2026-02-14,3,2026-03-07,Flu ED visits pct,quantile,0.1,0.28774222810218825
portland,2026-02-14,3,2026-03-07,Flu ED visits pct,quantile,0.1,0.4548384179904362
portland-or,2026-02-14,3,2026-03-07,Flu ED visits pct,quantile,0.1,2.006236163639377
provo,2026-02-14,3,2026-03-07,Flu ED visits pct,quantile,0.1,1.172206941924797
roanoke,2026-02-14,3,2026-03-07,Flu ED visits pct,quantile,0.1,0.6535354932502584
rochester,2026-02-14,3,2026-03-07,Flu ED visits pct,quantile,0.1,0.9815671508947533
rock-hill,2026-02-14,3,2026-03-07,Flu ED visits pct,quantile,0.1,0.3108843495308357
rtp-area,2026-02-14,3,2026-03-07,Flu ED visits pct,quantile,0.1,0.5723340475222212
salem,2026-02-14,3,2026-03-07,Flu ED visits pct,quantile,0.1,1.6945051046561161
salt-lake-city,2026-02-14,3,2026-03-07,Flu ED visits pct,quantile,0.1,1.1404491074249095
san-antonio,2026-02-14,3,2026-03-07,Flu ED visits pct,quantile,0.1,2.8512171462695477
savannah,2026-02-14,3,2026-03-07,Flu ED visits pct,quantile,0.1,0.8002135259441081
senc,2026-02-14,3,2026-03-07,Flu ED visits pct,quantile,0.1,0.7926224702621831
south-augusta,2026-02-14,3,2026-03-07,Flu ED visits pct,quantile,0.1,0.6180099040328665
south-carolina,2026-02-14,3,2026-03-07,Flu ED visits pct,quantile,0.1,1.519355076323699
springfield,2026-02-14,3,2026-03-07,Flu ED visits pct,quantile,0.1,0.43261167139872153
st-cloud,2026-02-14,3,2026-03-07,Flu ED visits pct,quantile,0.1,1.3104336899612692
st-paul,2026-02-14,3,2026-03-07,Flu ED visits pct,quantile,0.1,0.5448026945363785
texas,2026-02-14,3,2026-03-07,Flu ED visits pct,quantile,0.1,1.6531039604445108
triad-area,2026-02-14,3,2026-03-07,Flu ED visits pct,quantile,0.1,0.42000722019638764
utah,2026-02-14,3,2026-03-07,Flu ED visits pct,quantile,0.1,1.3448103507577123
virginia,2026-02-14,3,2026-03-07,Flu ED visits pct,quantile,0.1,0.7897611673654519
weld,2026-02-14,3,2026-03-07,Flu ED visits pct,quantile,0.1,0.6235222633181442
wnc,2026-02-14,3,2026-03-07,Flu ED visits pct,quantile,0.1,0.4729100829449987
worcester,2026-02-14,3,2026-03-07,Flu ED visits pct,quantile,0.1,0.530614373031181
athens,2026-02-14,0,2026-02-14,Flu ED visits pct,quantile,0.25,1.1591787992358322
austin,2026-02-14,0,2026-02-14,Flu ED visits pct,quantile,0.25,3.689860190211009
baltimore,2026-02-14,0,2026-02-14,Flu ED visits pct,quantile,0.25,0.47354442935156893
bangor,2026-02-14,0,2026-02-14,Flu ED visits pct,quantile,0.25,2.0004382122595468
beaumont,2026-02-14,0,2026-02-14,Flu ED visits pct,quantile,0.25,3.5569829853344346
boston,2026-02-14,0,2026-02-14,Flu ED visits pct,quantile,0.25,1.0370468232761956
boulder,2026-02-14,0,2026-02-14,Flu ED visits pct,quantile,0.25,2.9626385271166913
charleston,2026-02-14,0,2026-02-14,Flu ED visits pct,quantile,0.25,4.760718558598927
cherokee,2026-02-14,0,2026-02-14,Flu ED visits pct,quantile,0.25,2.44942899427601
clt-area,2026-02-14,0,2026-02-14,Flu ED visits pct,quantile,0.25,2.411233734327245
colorado,2026-02-14,0,2026-02-14,Flu ED visits pct,quantile,0.25,1.5256436434440317
colorado-springs,2026-02-14,0,2026-02-14,Flu ED visits pct,quantile,0.25,1.7799424589880575
columbia,2026-02-14,0,2026-02-14,Flu ED visits pct,quantile,0.25,2.4097862235843404
columbus,2026-02-14,0,2026-02-14,Flu ED visits pct,quantile,0.25,4.614751722836691
dallas,2026-02-14,0,2026-02-14,Flu ED visits pct,quantile,0.25,2.351527897644395
denver,2026-02-14,0,2026-02-14,Flu ED visits pct,quantile,0.25,1.3641465713542733
deschutes,2026-02-14,0,2026-02-14,Flu ED visits pct,quantile,0.25,4.597352688694727
duluth,2026-02-14,0,2026-02-14,Flu ED visits pct,quantile,0.25,1.8372928220550013
el-paso,2026-02-14,0,2026-02-14,Flu ED visits pct,quantile,0.25,1.0436193951927661
eugene,2026-02-14,0,2026-02-14,Flu ED visits pct,quantile,0.25,4.184497771139272
fay-area,2026-02-14,0,2026-02-14,Flu ED visits pct,quantile,0.25,3.492334204785962
florence,2026-02-14,0,2026-02-14,Flu ED visits pct,quantile,0.25,3.679429387520617
floyd,2026-02-14,0,2026-02-14,Flu ED visits pct,quantile,0.25,2.0697121599123407
frederick,2026-02-14,0,2026-02-14,Flu ED visits pct,quantile,0.25,0.6536161517971522
georgia,2026-02-14,0,2026-02-14,Flu ED visits pct,quantile,0.25,2.312105684510044
greenville,2026-02-14,0,2026-02-14,Flu ED visits pct,quantile,0.25,1.7992142643594302
hall,2026-02-14,0,2026-02-14,Flu ED visits pct,quantile,0.25,1.380220268681531
harford,2026-02-14,0,2026-02-14,Flu ED visits pct,quantile,0.25,0.6717593928025101
henry,2026-02-14,0,2026-02-14,Flu ED visits pct,quantile,0.25,1.192843597101462
horry,2026-02-14,0,2026-02-14,Flu ED visits pct,quantile,0.25,3.135696476286278
houston,2026-02-14,0,2026-02-14,Flu ED visits pct,quantile,0.25,1.416574641083465
indiana,2026-02-14,0,2026-02-14,Flu ED visits pct,quantile,0.25,2.206219125404026
indianapolis,2026-02-14,0,2026-02-14,Flu ED visits pct,quantile,0.25,2.32776782260674
la-grange,2026-02-14,0,2026-02-14,Flu ED visits pct,quantile,0.25,1.8058627413653034
larimer,2026-02-14,0,2026-02-14,Flu ED visits pct,quantile,0.25,1.6413790389978669
lynn,2026-02-14,0,2026-02-14,Flu ED visits pct,quantile,0.25,1.3072536551418987
macon,2026-02-14,0,2026-02-14,Flu ED visits pct,quantile,0.25,1.5998720747064605
maine,2026-02-14,0,2026-02-14,Flu ED visits pct,quantile,0.25,1.6736175239243671
marietta,2026-02-14,0,2026-02-14,Flu ED visits pct,quantile,0.25,1.806711034680274
maryland,2026-02-14,0,2026-02-14,Flu ED visits pct,quantile,0.25,0.6069438552875124
massachusetts,2026-02-14,0,2026-02-14,Flu ED visits pct,quantile,0.25,1.1067761643630094
medford,2026-02-14,0,2026-02-14,Flu ED visits pct,quantile,0.25,5.138474941879676
mesa,2026-02-14,0,2026-02-14,Flu ED visits pct,quantile,0.25,1.832517711491528
minneapolis,2026-02-14,0,2026-02-14,Flu ED visits pct,quantile,0.25,1.2930813426878955
minnesota,2026-02-14,0,2026-02-14,Flu ED visits pct,quantile,0.25,1.8504554938874735
montgomery,2026-02-14,0,2026-02-14,Flu ED visits pct,quantile,0.25,0.6272289712712872
nenc,2026-02-14,0,2026-02-14,Flu ED visits pct,quantile,0.25,2.25384210442168
new-bedford,2026-02-14,0,2026-02-14,Flu ED visits pct,quantile,0.25,1.3926413094525936
north-carolina,2026-02-14,0,2026-02-14,Flu ED visits pct,quantile,0.25,2.2376974934512615
nyc,2026-02-14,0,2026-02-14,ILI ED visits pct,quantile,0.25,2.699173348394742
ogden,2026-02-14,0,2026-02-14,Flu ED visits pct,quantile,0.25,2.724923270935466
oregon,2026-02-14,0,2026-02-14,Flu ED visits pct,quantile,0.25,5.393470923123045
pittsfield,2026-02-14,0,2026-02-14,Flu ED visits pct,quantile,0.25,0.9638852317212578
portland,2026-02-14,0,2026-02-14,Flu ED visits pct,quantile,0.25,1.2156245534296606
portland-or,2026-02-14,0,2026-02-14,Flu ED visits pct,quantile,0.25,4.7263452264663615
provo,2026-02-14,0,2026-02-14,Flu ED visits pct,quantile,0.25,2.6970973307767645
roanoke,2026-02-14,0,2026-02-14,Flu ED visits pct,quantile,0.25,1.8963865868228391
rochester,2026-02-14,0,2026-02-14,Flu ED visits pct,quantile,0.25,3.425101457393749
rock-hill,2026-02-14,0,2026-02-14,Flu ED visits pct,quantile,0.25,0.8034760713080261
rtp-area,2026-02-14,0,2026-02-14,Flu ED visits pct,quantile,0.25,1.7869020680104584
salem,2026-02-14,0,2026-02-14,Flu ED visits pct,quantile,0.25,5.826652010462844
salt-lake-city,2026-02-14,0,2026-02-14,Flu ED visits pct,quantile,0.25,2.632283736843713
san-antonio,2026-02-14,0,2026-02-14,Flu ED visits pct,quantile,0.25,6.806379056442943
savannah,2026-02-14,0,2026-02-14,Flu ED visits pct,quantile,0.25,2.6360019379553705
senc,2026-02-14,0,2026-02-14,Flu ED visits pct,quantile,0.25,2.230551086444717
south-augusta,2026-02-14,0,2026-02-14,Flu ED visits pct,quantile,0.25,1.9683342155478212
south-carolina,2026-02-14,0,2026-02-14,Flu ED visits pct,quantile,0.25,3.3167706207127265
springfield,2026-02-14,0,2026-02-14,Flu ED visits pct,quantile,0.25,0.9665474243202457
st-cloud,2026-02-14,0,2026-02-14,Flu ED visits pct,quantile,0.25,3.26663872541879
st-paul,2026-02-14,0,2026-02-14,Flu ED visits pct,quantile,0.25,0.9882156045837918
texas,2026-02-14,0,2026-02-14,Flu ED visits pct,quantile,0.25,3.0636620439410214
triad-area,2026-02-14,0,2026-02-14,Flu ED visits pct,quantile,0.25,1.3462402747816713
utah,2026-02-14,0,2026-02-14,Flu ED visits pct,quantile,0.25,2.7131750111910886
virginia,2026-02-14,0,2026-02-14,Flu ED visits pct,quantile,0.25,1.5275756071357591
weld,2026-02-14,0,2026-02-14,Flu ED visits pct,quantile,0.25,1.262912428993674
wnc,2026-02-14,0,2026-02-14,Flu ED visits pct,quantile,0.25,1.4883756919518318
worcester,2026-02-14,0,2026-02-14,Flu ED visits pct,quantile,0.25,1.2706188464330774
athens,2026-02-14,1,2026-02-21,Flu ED visits pct,quantile,0.25,1.1837045400153
austin,2026-02-14,1,2026-02-21,Flu ED visits pct,quantile,0.25,3.1988044803408147
baltimore,2026-02-14,1,2026-02-21,Flu ED visits pct,quantile,0.25,0.48735016942901577
bangor,2026-02-14,1,2026-02-21,Flu ED visits pct,quantile,0.25,1.8568482956043535
beaumont,2026-02-14,1,2026-02-21,Flu ED visits pct,quantile,0.25,3.329539663864681
boston,2026-02-14,1,2026-02-21,Flu ED visits pct,quantile,0.25,0.9611642019728593
boulder,2026-02-14,1,2026-02-21,Flu ED visits pct,quantile,0.25,2.737469224936851
charleston,2026-02-14,1,2026-02-21,Flu ED visits pct,quantile,0.25,3.925806575961896
cherokee,2026-02-14,1,2026-02-21,Flu ED visits pct,quantile,0.25,2.3517244257121432
clt-area,2026-02-14,1,2026-02-21,Flu ED visits pct,quantile,0.25,1.9120699138107249
colorado,2026-02-14,1,2026-02-21,Flu ED visits pct,quantile,0.25,1.4163051591224496
colorado-springs,2026-02-14,1,2026-02-21,Flu ED visits pct,quantile,0.25,1.624829572413826
columbia,2026-02-14,1,2026-02-21,Flu ED visits pct,quantile,0.25,2.2216822361445057
columbus,2026-02-14,1,2026-02-21,Flu ED visits pct,quantile,0.25,3.516018533447427
dallas,2026-02-14,1,2026-02-21,Flu ED visits pct,quantile,0.25,1.9702983047476588
denver,2026-02-14,1,2026-02-21,Flu ED visits pct,quantile,0.25,1.2975559221515787
deschutes,2026-02-14,1,2026-02-21,Flu ED visits pct,quantile,0.25,3.608596735880402
duluth,2026-02-14,1,2026-02-21,Flu ED visits pct,quantile,0.25,1.6651069216096785
el-paso,2026-02-14,1,2026-02-21,Flu ED visits pct,quantile,0.25,1.174708289495185
eugene,2026-02-14,1,2026-02-21,Flu ED visits pct,quantile,0.25,2.922686560030469
fay-area,2026-02-14,1,2026-02-21,Flu ED visits pct,quantile,0.25,2.808355879915584
florence,2026-02-14,1,2026-02-21,Flu ED visits pct,quantile,0.25,3.135423432508798
floyd,2026-02-14,1,2026-02-21,Flu ED visits pct,quantile,0.25,1.8694828294803427
frederick,2026-02-14,1,2026-02-21,Flu ED visits pct,quantile,0.25,0.5768689981133893
georgia,2026-02-14,1,2026-02-21,Flu ED visits pct,quantile,0.25,2.16071917597324
greenville,2026-02-14,1,2026-02-21,Flu ED visits pct,quantile,0.25,1.5715014656462132
hall,2026-02-14,1,2026-02-21,Flu ED visits pct,quantile,0.25,1.3320995620570897
harford,2026-02-14,1,2026-02-21,Flu ED visits pct,quantile,0.25,0.6052929816961393
henry,2026-02-14,1,2026-02-21,Flu ED visits pct,quantile,0.25,1.218748119265855
horry,2026-02-14,1,2026-02-21,Flu ED visits pct,quantile,0.25,2.9630244610782044
houston,2026-02-14,1,2026-02-21,Flu ED visits pct,quantile,0.25,1.5126185117922972
indiana,2026-02-14,1,2026-02-21,Flu ED visits pct,quantile,0.25,1.9423556028018294
indianapolis,2026-02-14,1,2026-02-21,Flu ED visits pct,quantile,0.25,1.9292933281469378
la-grange,2026-02-14,1,2026-02-21,Flu ED visits pct,quantile,0.25,1.629233520012257
larimer,2026-02-14,1,2026-02-21,Flu ED visits pct,quantile,0.25,1.5291068389172224
lynn,2026-02-14,1,2026-02-21,Flu ED visits pct,quantile,0.25,1.1740968963445813
macon,2026-02-14,1,2026-02-21,Flu ED visits pct,quantile,0.25,1.2934948237978139
maine,2026-02-14,1,2026-02-21,Flu ED visits pct,quantile,0.25,1.393733797323526
marietta,2026-02-14,1,2026-02-21,Flu ED visits pct,quantile,0.25,1.7367020567556106
maryland,2026-02-14,1,2026-02-21,Flu ED visits pct,quantile,0.25,0.5676203493813131
massachusetts,2026-02-14,1,2026-02-21,Flu ED visits pct,quantile,0.25,0.9987543535598788
medford,2026-02-14,1,2026-02-21,Flu ED visits pct,quantile,0.25,3.092308711246129
mesa,2026-02-14,1,2026-02-21,Flu ED visits pct,quantile,0.25,1.5284855939045179
minneapolis,2026-02-14,1,2026-02-21,Flu ED visits pct,quantile,0.25,1.1903522853265578
minnesota,2026-02-14,1,2026-02-21,Flu ED visits pct,quantile,0.25,1.60122882028997
montgomery,2026-02-14,1,2026-02-21,Flu ED visits pct,quantile,0.25,0.5893686610558344
nenc,2026-02-14,1,2026-02-21,Flu ED visits pct,quantile,0.25,1.8180046852482052
new-bedford,2026-02-14,1,2026-02-21,Flu ED visits pct,quantile,0.25,1.3113615994200492
north-carolina,2026-02-14,1,2026-02-21,Flu ED visits pct,quantile,0.25,1.7093878588339546
nyc,2026-02-14,1,2026-02-21,ILI ED visits pct,quantile,0.25,2.851787679840815
ogden,2026-02-14,1,2026-02-21,Flu ED visits pct,quantile,0.25,2.386986873201553
oregon,2026-02-14,1,2026-02-21,Flu ED visits pct,quantile,0.25,4.218393921784321
pittsfield,2026-02-14,1,2026-02-21,Flu ED visits pct,quantile,0.25,0.8222430167851643
portland,2026-02-14,1,2026-02-21,Flu ED visits pct,quantile,0.25,1.0124463074760275
portland-or,2026-02-14,1,2026-02-21,Flu ED visits pct,quantile,0.25,3.7185991533252696
provo,2026-02-14,1,2026-02-21,Flu ED visits pct,quantile,0.25,2.568594806796494
roanoke,2026-02-14,1,2026-02-21,Flu ED visits pct,quantile,0.25,1.5703768533643314
rochester,2026-02-14,1,2026-02-21,Flu ED visits pct,quantile,0.25,2.62050594081679
rock-hill,2026-02-14,1,2026-02-21,Flu ED visits pct,quantile,0.25,0.8093211589079636
rtp-area,2026-02-14,1,2026-02-21,Flu ED visits pct,quantile,0.25,1.4060813876162455
salem,2026-02-14,1,2026-02-21,Flu ED visits pct,quantile,0.25,3.957398123018005
salt-lake-city,2026-02-14,1,2026-02-21,Flu ED visits pct,quantile,0.25,2.246396366097318
san-antonio,2026-02-14,1,2026-02-21,Flu ED visits pct,quantile,0.25,5.513831185985166
savannah,2026-02-14,1,2026-02-21,Flu ED visits pct,quantile,0.25,1.8380798094375064
senc,2026-02-14,1,2026-02-21,Flu ED visits pct,quantile,0.25,2.0313482016145827
south-augusta,2026-02-14,1,2026-02-21,Flu ED visits pct,quantile,0.25,1.5577552653131648
south-carolina,2026-02-14,1,2026-02-21,Flu ED visits pct,quantile,0.25,3.026900401529028
springfield,2026-02-14,1,2026-02-21,Flu ED visits pct,quantile,0.25,0.853237277068812
st-cloud,2026-02-14,1,2026-02-21,Flu ED visits pct,quantile,0.25,2.9603398302564052
st-paul,2026-02-14,1,2026-02-21,Flu ED visits pct,quantile,0.25,0.9500270433642449
texas,2026-02-14,1,2026-02-21,Flu ED visits pct,quantile,0.25,2.802433214153987
triad-area,2026-02-14,1,2026-02-21,Flu ED visits pct,quantile,0.25,1.0319363197800544
utah,2026-02-14,1,2026-02-21,Flu ED visits pct,quantile,0.25,2.4310761340680167
virginia,2026-02-14,1,2026-02-21,Flu ED visits pct,quantile,0.25,1.3221686159826795
weld,2026-02-14,1,2026-02-21,Flu ED visits pct,quantile,0.25,1.3035438399024781
wnc,2026-02-14,1,2026-02-21,Flu ED visits pct,quantile,0.25,1.1613526129321057
worcester,2026-02-14,1,2026-02-21,Flu ED visits pct,quantile,0.25,1.1096603311368123
athens,2026-02-14,2,2026-02-28,Flu ED visits pct,quantile,0.25,1.1554766368261158
austin,2026-02-14,2,2026-02-28,Flu ED visits pct,quantile,0.25,2.5918247498366496
baltimore,2026-02-14,2,2026-02-28,Flu ED visits pct,quantile,0.25,0.5446530627971995
bangor,2026-02-14,2,2026-02-28,Flu ED visits pct,quantile,0.25,1.5768743713084392
beaumont,2026-02-14,2,2026-02-28,Flu ED visits pct,quantile,0.25,2.8337404645143685
boston,2026-02-14,2,2026-02-28,Flu ED visits pct,quantile,0.25,0.8707318913667667
boulder,2026-02-14,2,2026-02-28,Flu ED visits pct,quantile,0.25,2.1137624804636834
charleston,2026-02-14,2,2026-02-28,Flu ED visits pct,quantile,0.25,2.8074429000593195
cherokee,2026-02-14,2,2026-02-28,Flu ED visits pct,quantile,0.25,2.290370096771388
clt-area,2026-02-14,2,2026-02-28,Flu ED visits pct,quantile,0.25,1.4637437813658576
colorado,2026-02-14,2,2026-02-28,Flu ED visits pct,quantile,0.25,1.1407771384399517
colorado-springs,2026-02-14,2,2026-02-28,Flu ED visits pct,quantile,0.25,1.289113034721637
columbia,2026-02-14,2,2026-02-28,Flu ED visits pct,quantile,0.25,2.007329531954795
columbus,2026-02-14,2,2026-02-28,Flu ED visits pct,quantile,0.25,2.5415634689708693
dallas,2026-02-14,2,2026-02-28,Flu ED visits pct,quantile,0.25,1.5216289399625555
denver,2026-02-14,2,2026-02-28,Flu ED visits pct,quantile,0.25,1.2093893966497697
deschutes,2026-02-14,2,2026-02-28,Flu ED visits pct,quantile,0.25,2.7588715774915555
duluth,2026-02-14,2,2026-02-28,Flu ED visits pct,quantile,0.25,1.347699078946962
el-paso,2026-02-14,2,2026-02-28,Flu ED visits pct,quantile,0.25,1.3374850318428775
eugene,2026-02-14,2,2026-02-28,Flu ED visits pct,quantile,0.25,1.9594255417267064
fay-area,2026-02-14,2,2026-02-28,Flu ED visits pct,quantile,0.25,2.092806614008674
florence,2026-02-14,2,2026-02-28,Flu ED visits pct,quantile,0.25,2.3016911681506462
floyd,2026-02-14,2,2026-02-28,Flu ED visits pct,quantile,0.25,1.634006649726931
frederick,2026-02-14,2,2026-02-28,Flu ED visits pct,quantile,0.25,0.5231203627066916
georgia,2026-02-14,2,2026-02-28,Flu ED visits pct,quantile,0.25,1.89270601613426
greenville,2026-02-14,2,2026-02-28,Flu ED visits pct,quantile,0.25,1.2708917726906717
hall,2026-02-14,2,2026-02-28,Flu ED visits pct,quantile,0.25,1.290881544697642
harford,2026-02-14,2,2026-02-28,Flu ED visits pct,quantile,0.25,0.5265115580572173
henry,2026-02-14,2,2026-02-28,Flu ED visits pct,quantile,0.25,1.2137297755553538
horry,2026-02-14,2,2026-02-28,Flu ED visits pct,quantile,0.25,2.4570334690564986
houston,2026-02-14,2,2026-02-28,Flu ED visits pct,quantile,0.25,1.577360051073246
indiana,2026-02-14,2,2026-02-28,Flu ED visits pct,quantile,0.25,1.651101006306292
indianapolis,2026-02-14,2,2026-02-28,Flu ED visits pct,quantile,0.25,1.4901922865013189
la-grange,2026-02-14,2,2026-02-28,Flu ED visits pct,quantile,0.25,1.3629238885102926
larimer,2026-02-14,2,2026-02-28,Flu ED visits pct,quantile,0.25,1.370545393386618
lynn,2026-02-14,2,2026-02-28,Flu ED visits pct,quantile,0.25,0.9797856379621743
macon,2026-02-14,2,2026-02-28,Flu ED visits pct,quantile,0.25,1.0078367284412284
maine,2026-02-14,2,2026-02-28,Flu ED visits pct,quantile,0.25,1.073907758278863
marietta,2026-02-14,2,2026-02-28,Flu ED visits pct,quantile,0.25,1.6734766600474327
maryland,2026-02-14,2,2026-02-28,Flu ED visits pct,quantile,0.25,0.5657600016038965
massachusetts,2026-02-14,2,2026-02-28,Flu ED visits pct,quantile,0.25,0.8864858647737869
medford,2026-02-14,2,2026-02-28,Flu ED visits pct,quantile,0.25,2.1330776066040036
mesa,2026-02-14,2,2026-02-28,Flu ED visits pct,quantile,0.25,1.2125776241791997
minneapolis,2026-02-14,2,2026-02-28,Flu ED visits pct,quantile,0.25,1.1134593172733536
minnesota,2026-02-14,2,2026-02-28,Flu ED visits pct,quantile,0.25,1.3304680935372062
montgomery,2026-02-14,2,2026-02-28,Flu ED visits pct,quantile,0.25,0.566831861123807
nenc,2026-02-14,2,2026-02-28,Flu ED visits pct,quantile,0.25,1.35396026296163
new-bedford,2026-02-14,2,2026-02-28,Flu ED visits pct,quantile,0.25,1.1946698388404329
north-carolina,2026-02-14,2,2026-02-28,Flu ED visits pct,quantile,0.25,1.2491460069531208
nyc,2026-02-14,2,2026-02-28,ILI ED visits pct,quantile,0.25,3.1216192381639187
ogden,2026-02-14,2,2026-02-28,Flu ED visits pct,quantile,0.25,1.8902628783236883
oregon,2026-02-14,2,2026-02-28,Flu ED visits pct,quantile,0.25,3.01268298056034
pittsfield,2026-02-14,2,2026-02-28,Flu ED visits pct,quantile,0.25,0.7313652132888736
portland,2026-02-14,2,2026-02-28,Flu ED visits pct,quantile,0.25,0.8332034736848153
portland-or,2026-02-14,2,2026-02-28,Flu ED visits pct,quantile,0.25,2.763216153977363
provo,2026-02-14,2,2026-02-28,Flu ED visits pct,quantile,0.25,2.225690117237976
roanoke,2026-02-14,2,2026-02-28,Flu ED visits pct,quantile,0.25,1.202586560971334
rochester,2026-02-14,2,2026-02-28,Flu ED visits pct,quantile,0.25,1.843870988084039
rock-hill,2026-02-14,2,2026-02-28,Flu ED visits pct,quantile,0.25,0.8035347529511665
rtp-area,2026-02-14,2,2026-02-28,Flu ED visits pct,quantile,0.25,1.0626284979888294
salem,2026-02-14,2,2026-02-28,Flu ED visits pct,quantile,0.25,2.769859276415746
salt-lake-city,2026-02-14,2,2026-02-28,Flu ED visits pct,quantile,0.25,1.7234563763520652
san-antonio,2026-02-14,2,2026-02-28,Flu ED visits pct,quantile,0.25,4.0325919149094585
savannah,2026-02-14,2,2026-02-28,Flu ED visits pct,quantile,0.25,1.3052212805654393
senc,2026-02-14,2,2026-02-28,Flu ED visits pct,quantile,0.25,1.5410753042570304
south-augusta,2026-02-14,2,2026-02-28,Flu ED visits pct,quantile,0.25,1.1111380115643466
south-carolina,2026-02-14,2,2026-02-28,Flu ED visits pct,quantile,0.25,2.457402132710076
springfield,2026-02-14,2,2026-02-28,Flu ED visits pct,quantile,0.25,0.7434147360651611
st-cloud,2026-02-14,2,2026-02-28,Flu ED visits pct,quantile,0.25,2.224989181881419
st-paul,2026-02-14,2,2026-02-28,Flu ED visits pct,quantile,0.25,0.9438877093813607
texas,2026-02-14,2,2026-02-28,Flu ED visits pct,quantile,0.25,2.238847083360486
triad-area,2026-02-14,2,2026-02-28,Flu ED visits pct,quantile,0.25,0.7754027536062952
utah,2026-02-14,2,2026-02-28,Flu ED visits pct,quantile,0.25,1.9064692447744798
virginia,2026-02-14,2,2026-02-28,Flu ED visits pct,quantile,0.25,1.095558758573084
weld,2026-02-14,2,2026-02-28,Flu ED visits pct,quantile,0.25,1.3396027727262632
wnc,2026-02-14,2,2026-02-28,Flu ED visits pct,quantile,0.25,0.8681095458405167
worcester,2026-02-14,2,2026-02-28,Flu ED visits pct,quantile,0.25,0.9339191010675064
athens,2026-02-14,3,2026-03-07,Flu ED visits pct,quantile,0.25,1.0703942540126188
austin,2026-02-14,3,2026-03-07,Flu ED visits pct,quantile,0.25,2.026746111467981
baltimore,2026-02-14,3,2026-03-07,Flu ED visits pct,quantile,0.25,0.5121528315942485
bangor,2026-02-14,3,2026-03-07,Flu ED visits pct,quantile,0.25,1.3435312511957156
beaumont,2026-02-14,3,2026-03-07,Flu ED visits pct,quantile,0.25,2.4026025129945094
boston,2026-02-14,3,2026-03-07,Flu ED visits pct,quantile,0.25,0.7770564266034025
boulder,2026-02-14,3,2026-03-07,Flu ED visits pct,quantile,0.25,1.7207006978685033
charleston,2026-02-14,3,2026-03-07,Flu ED visits pct,quantile,0.25,2.1392675748178496
cherokee,2026-02-14,3,2026-03-07,Flu ED visits pct,quantile,0.25,2.067137017498722
clt-area,2026-02-14,3,2026-03-07,Flu ED visits pct,quantile,0.25,1.0465323212267532
colorado,2026-02-14,3,2026-03-07,Flu ED visits pct,quantile,0.25,1.0254289195312547
colorado-springs,2026-02-14,3,2026-03-07,Flu ED visits pct,quantile,0.25,1.1203312889819395
columbia,2026-02-14,3,2026-03-07,Flu ED visits pct,quantile,0.25,1.689255822279174
columbus,2026-02-14,3,2026-03-07,Flu ED visits pct,quantile,0.25,1.9603141293095727
dallas,2026-02-14,3,2026-03-07,Flu ED visits pct,quantile,0.25,1.1335513474524699
denver,2026-02-14,3,2026-03-07,Flu ED visits pct,quantile,0.25,1.1040946304398196
deschutes,2026-02-14,3,2026-03-07,Flu ED visits pct,quantile,0.25,2.2897529306367486
duluth,2026-02-14,3,2026-03-07,Flu ED visits pct,quantile,0.25,1.154795944032216
el-paso,2026-02-14,3,2026-03-07,Flu ED visits pct,quantile,0.25,1.3460778792029409
eugene,2026-02-14,3,2026-03-07,Flu ED visits pct,quantile,0.25,1.607898606334314
fay-area,2026-02-14,3,2026-03-07,Flu ED visits pct,quantile,0.25,1.5699295153059767
florence,2026-02-14,3,2026-03-07,Flu ED visits pct,quantile,0.25,1.7566611813760036
floyd,2026-02-14,3,2026-03-07,Flu ED visits pct,quantile,0.25,1.4170650491322925
frederick,2026-02-14,3,2026-03-07,Flu ED visits pct,quantile,0.25,0.4553022760371123
georgia,2026-02-14,3,2026-03-07,Flu ED visits pct,quantile,0.25,1.6414636971161896
greenville,2026-02-14,3,2026-03-07,Flu ED visits pct,quantile,0.25,1.014121182147494
hall,2026-02-14,3,2026-03-07,Flu ED visits pct,quantile,0.25,1.17727794917558
harford,2026-02-14,3,2026-03-07,Flu ED visits pct,quantile,0.25,0.4250441571284567
henry,2026-02-14,3,2026-03-07,Flu ED visits pct,quantile,0.25,1.0989469592087824
horry,2026-02-14,3,2026-03-07,Flu ED visits pct,quantile,0.25,2.0730873496143407
houston,2026-02-14,3,2026-03-07,Flu ED visits pct,quantile,0.25,1.4872908921743866
indiana,2026-02-14,3,2026-03-07,Flu ED visits pct,quantile,0.25,1.3772386053673213
indianapolis,2026-02-14,3,2026-03-07,Flu ED visits pct,quantile,0.25,1.1175896353676433
la-grange,2026-02-14,3,2026-03-07,Flu ED visits pct,quantile,0.25,1.0921818699771766
larimer,2026-02-14,3,2026-03-07,Flu ED visits pct,quantile,0.25,1.2211624717177103
lynn,2026-02-14,3,2026-03-07,Flu ED visits pct,quantile,0.25,0.8503619221723323
macon,2026-02-14,3,2026-03-07,Flu ED visits pct,quantile,0.25,0.7555024802270631
maine,2026-02-14,3,2026-03-07,Flu ED visits pct,quantile,0.25,0.8277297704533876
marietta,2026-02-14,3,2026-03-07,Flu ED visits pct,quantile,0.25,1.4725875810059628
maryland,2026-02-14,3,2026-03-07,Flu ED visits pct,quantile,0.25,0.49412959238062637
massachusetts,2026-02-14,3,2026-03-07,Flu ED visits pct,quantile,0.25,0.7728646862764996
medford,2026-02-14,3,2026-03-07,Flu ED visits pct,quantile,0.25,1.8078148114498773
mesa,2026-02-14,3,2026-03-07,Flu ED visits pct,quantile,0.25,0.9611128870117299
minneapolis,2026-02-14,3,2026-03-07,Flu ED visits pct,quantile,0.25,0.9928728633139694
minnesota,2026-02-14,3,2026-03-07,Flu ED visits pct,quantile,0.25,1.1319831041423947
montgomery,2026-02-14,3,2026-03-07,Flu ED visits pct,quantile,0.25,0.4963277499643294
nenc,2026-02-14,3,2026-03-07,Flu ED visits pct,quantile,0.25,0.9968576594084533
new-bedford,2026-02-14,3,2026-03-07,Flu ED visits pct,quantile,0.25,1.077284998548808
north-carolina,2026-02-14,3,2026-03-07,Flu ED visits pct,quantile,0.25,0.9346044337610278
nyc,2026-02-14,3,2026-03-07,ILI ED visits pct,quantile,0.25,3.015388604147682
ogden,2026-02-14,3,2026-03-07,Flu ED visits pct,quantile,0.25,1.5855490568522668
oregon,2026-02-14,3,2026-03-07,Flu ED visits pct,quantile,0.25,2.3740661662494875
pittsfield,2026-02-14,3,2026-03-07,Flu ED visits pct,quantile,0.25,0.6258829999907002
portland,2026-02-14,3,2026-03-07,Flu ED visits pct,quantile,0.25,0.684779578891761
portland-or,2026-02-14,3,2026-03-07,Flu ED visits pct,quantile,0.25,2.1573585762599543
provo,2026-02-14,3,2026-03-07,Flu ED visits pct,quantile,0.25,1.9530850149553525
roanoke,2026-02-14,3,2026-03-07,Flu ED visits pct,quantile,0.25,0.8907359142347909
rochester,2026-02-14,3,2026-03-07,Flu ED visits pct,quantile,0.25,1.3981079527180122
rock-hill,2026-02-14,3,2026-03-07,Flu ED visits pct,quantile,0.25,0.7271067833304525
rtp-area,2026-02-14,3,2026-03-07,Flu ED visits pct,quantile,0.25,0.7803487687798155
salem,2026-02-14,3,2026-03-07,Flu ED visits pct,quantile,0.25,2.2264585339612077
salt-lake-city,2026-02-14,3,2026-03-07,Flu ED visits pct,quantile,0.25,1.3174193934502516
san-antonio,2026-02-14,3,2026-03-07,Flu ED visits pct,quantile,0.25,3.0889507620548553
savannah,2026-02-14,3,2026-03-07,Flu ED visits pct,quantile,0.25,1.0313117444834665
senc,2026-02-14,3,2026-03-07,Flu ED visits pct,quantile,0.25,1.204733013738272
south-augusta,2026-02-14,3,2026-03-07,Flu ED visits pct,quantile,0.25,0.8451390975538365
south-carolina,2026-02-14,3,2026-03-07,Flu ED visits pct,quantile,0.25,2.0346011762180094
springfield,2026-02-14,3,2026-03-07,Flu ED visits pct,quantile,0.25,0.6353227482903708
st-cloud,2026-02-14,3,2026-03-07,Flu ED visits pct,quantile,0.25,1.8356871042146707
st-paul,2026-02-14,3,2026-03-07,Flu ED visits pct,quantile,0.25,0.8581346514678789
texas,2026-02-14,3,2026-03-07,Flu ED visits pct,quantile,0.25,1.8052053793495308
triad-area,2026-02-14,3,2026-03-07,Flu ED visits pct,quantile,0.25,0.5543957228686066
utah,2026-02-14,3,2026-03-07,Flu ED visits pct,quantile,0.25,1.585348904389307
virginia,2026-02-14,3,2026-03-07,Flu ED visits pct,quantile,0.25,0.9228191885469461
weld,2026-02-14,3,2026-03-07,Flu ED visits pct,quantile,0.25,1.271591753106048
wnc,2026-02-14,3,2026-03-07,Flu ED visits pct,quantile,0.25,0.6411002084943698
worcester,2026-02-14,3,2026-03-07,Flu ED visits pct,quantile,0.25,0.8149891755428548
athens,2026-02-14,0,2026-02-14,Flu ED visits pct,quantile,0.5,1.414524828942971
austin,2026-02-14,0,2026-02-14,Flu ED visits pct,quantile,0.5,3.9391901864677576
baltimore,2026-02-14,0,2026-02-14,Flu ED visits pct,quantile,0.5,0.5559038045866785
bangor,2026-02-14,0,2026-02-14,Flu ED visits pct,quantile,0.5,2.3655666009619885
beaumont,2026-02-14,0,2026-02-14,Flu ED visits pct,quantile,0.5,4.090440096288514
boston,2026-02-14,0,2026-02-14,Flu ED visits pct,quantile,0.5,1.1666240870232443
boulder,2026-02-14,0,2026-02-14,Flu ED visits pct,quantile,0.5,3.3135673594392636
charleston,2026-02-14,0,2026-02-14,Flu ED visits pct,quantile,0.5,5.34239872831463
cherokee,2026-02-14,0,2026-02-14,Flu ED visits pct,quantile,0.5,2.775475276012449
clt-area,2026-02-14,0,2026-02-14,Flu ED visits pct,quantile,0.5,2.665240268621457
colorado,2026-02-14,0,2026-02-14,Flu ED visits pct,quantile,0.5,1.715681370332111
colorado-springs,2026-02-14,0,2026-02-14,Flu ED visits pct,quantile,0.5,2.0092590701408084
columbia,2026-02-14,0,2026-02-14,Flu ED visits pct,quantile,0.5,2.7359846380757875
columbus,2026-02-14,0,2026-02-14,Flu ED visits pct,quantile,0.5,5.414840511805841
dallas,2026-02-14,0,2026-02-14,Flu ED visits pct,quantile,0.5,2.64131187008677
denver,2026-02-14,0,2026-02-14,Flu ED visits pct,quantile,0.5,1.483804606066125
deschutes,2026-02-14,0,2026-02-14,Flu ED visits pct,quantile,0.5,5.368150555615791
duluth,2026-02-14,0,2026-02-14,Flu ED visits pct,quantile,0.5,2.1050804406614554
el-paso,2026-02-14,0,2026-02-14,Flu ED visits pct,quantile,0.5,1.2167035419695715
eugene,2026-02-14,0,2026-02-14,Flu ED visits pct,quantile,0.5,4.706097305883566
fay-area,2026-02-14,0,2026-02-14,Flu ED visits pct,quantile,0.5,4.076860094468761
florence,2026-02-14,0,2026-02-14,Flu ED visits pct,quantile,0.5,4.1329746815747805
floyd,2026-02-14,0,2026-02-14,Flu ED visits pct,quantile,0.5,2.2824835747347416
frederick,2026-02-14,0,2026-02-14,Flu ED visits pct,quantile,0.5,0.9755357203594115
georgia,2026-02-14,0,2026-02-14,Flu ED visits pct,quantile,0.5,2.52825580850315
greenville,2026-02-14,0,2026-02-14,Flu ED visits pct,quantile,0.5,2.0351240373459616
hall,2026-02-14,0,2026-02-14,Flu ED visits pct,quantile,0.5,1.546176547426858
harford,2026-02-14,0,2026-02-14,Flu ED visits pct,quantile,0.5,0.912254197667179
henry,2026-02-14,0,2026-02-14,Flu ED visits pct,quantile,0.5,1.3790679537310486
horry,2026-02-14,0,2026-02-14,Flu ED visits pct,quantile,0.5,3.543788153953209
houston,2026-02-14,0,2026-02-14,Flu ED visits pct,quantile,0.5,1.5900409880275006
indiana,2026-02-14,0,2026-02-14,Flu ED visits pct,quantile,0.5,2.3485084017490077
indianapolis,2026-02-14,0,2026-02-14,Flu ED visits pct,quantile,0.5,2.5578309486402158
la-grange,2026-02-14,0,2026-02-14,Flu ED visits pct,quantile,0.5,2.075165901894063
larimer,2026-02-14,0,2026-02-14,Flu ED visits pct,quantile,0.5,1.8135939634692808
lynn,2026-02-14,0,2026-02-14,Flu ED visits pct,quantile,0.5,1.5627783502396213
macon,2026-02-14,0,2026-02-14,Flu ED visits pct,quantile,0.5,1.8437813994908685
maine,2026-02-14,0,2026-02-14,Flu ED visits pct,quantile,0.5,1.8630046054340743
marietta,2026-02-14,0,2026-02-14,Flu ED visits pct,quantile,0.5,2.107396940123538
maryland,2026-02-14,0,2026-02-14,Flu ED visits pct,quantile,0.5,0.7572016496730524
massachusetts,2026-02-14,0,2026-02-14,Flu ED visits pct,quantile,0.5,1.2272045545186998
medford,2026-02-14,0,2026-02-14,Flu ED visits pct,quantile,0.5,5.736325618417469
mesa,2026-02-14,0,2026-02-14,Flu ED visits pct,quantile,0.5,2.0568719568519342
minneapolis,2026-02-14,0,2026-02-14,Flu ED visits pct,quantile,0.5,1.4520846929476083
minnesota,2026-02-14,0,2026-02-14,Flu ED visits pct,quantile,0.5,1.989977997839772
montgomery,2026-02-14,0,2026-02-14,Flu ED visits pct,quantile,0.5,0.7426252059102614
nenc,2026-02-14,0,2026-02-14,Flu ED visits pct,quantile,0.5,2.6060170798294067
new-bedford,2026-02-14,0,2026-02-14,Flu ED visits pct,quantile,0.5,1.681687795165137
north-carolina,2026-02-14,0,2026-02-14,Flu ED visits pct,quantile,0.5,2.3731644807930885
nyc,2026-02-14,0,2026-02-14,ILI ED visits pct,quantile,0.5,2.758777581174755
ogden,2026-02-14,0,2026-02-14,Flu ED visits pct,quantile,0.5,3.0056809281854475
oregon,2026-02-14,0,2026-02-14,Flu ED visits pct,quantile,0.5,5.91068970812974
pittsfield,2026-02-14,0,2026-02-14,Flu ED visits pct,quantile,0.5,1.16111314338685
portland,2026-02-14,0,2026-02-14,Flu ED visits pct,quantile,0.5,1.3416787869599773
portland-or,2026-02-14,0,2026-02-14,Flu ED visits pct,quantile,0.5,5.309373791090263
provo,2026-02-14,0,2026-02-14,Flu ED visits pct,quantile,0.5,3.1766342076929264
roanoke,2026-02-14,0,2026-02-14,Flu ED visits pct,quantile,0.5,2.2944406778113415
rochester,2026-02-14,0,2026-02-14,Flu ED visits pct,quantile,0.5,3.8417523386233015
rock-hill,2026-02-14,0,2026-02-14,Flu ED visits pct,quantile,0.5,1.0570147024184888
rtp-area,2026-02-14,0,2026-02-14,Flu ED visits pct,quantile,0.5,2.139969469393086
salem,2026-02-14,0,2026-02-14,Flu ED visits pct,quantile,0.5,6.496748600089263
salt-lake-city,2026-02-14,0,2026-02-14,Flu ED visits pct,quantile,0.5,2.8063855658424024
san-antonio,2026-02-14,0,2026-02-14,Flu ED visits pct,quantile,0.5,7.505855752041867
savannah,2026-02-14,0,2026-02-14,Flu ED visits pct,quantile,0.5,3.1293570577472734
senc,2026-02-14,0,2026-02-14,Flu ED visits pct,quantile,0.5,2.5518884116977882
south-augusta,2026-02-14,0,2026-02-14,Flu ED visits pct,quantile,0.5,2.237167735162604
south-carolina,2026-02-14,0,2026-02-14,Flu ED visits pct,quantile,0.5,3.704681763512187
springfield,2026-02-14,0,2026-02-14,Flu ED visits pct,quantile,0.5,1.20566803461335
st-cloud,2026-02-14,0,2026-02-14,Flu ED visits pct,quantile,0.5,3.8310409718787213
st-paul,2026-02-14,0,2026-02-14,Flu ED visits pct,quantile,0.5,1.192018145600097
texas,2026-02-14,0,2026-02-14,Flu ED visits pct,quantile,0.5,3.5780908518177985
triad-area,2026-02-14,0,2026-02-14,Flu ED visits pct,quantile,0.5,1.6346604609040842
utah,2026-02-14,0,2026-02-14,Flu ED visits pct,quantile,0.5,3.0178869693970225
virginia,2026-02-14,0,2026-02-14,Flu ED visits pct,quantile,0.5,1.7082681379528553
weld,2026-02-14,0,2026-02-14,Flu ED visits pct,quantile,0.5,1.597809860395455
wnc,2026-02-14,0,2026-02-14,Flu ED visits pct,quantile,0.5,1.801848926066648
worcester,2026-02-14,0,2026-02-14,Flu ED visits pct,quantile,0.5,1.4277646916309399
athens,2026-02-14,1,2026-02-21,Flu ED visits pct,quantile,0.5,1.494166587527536
austin,2026-02-14,1,2026-02-21,Flu ED visits pct,quantile,0.5,3.5817280794163655
baltimore,2026-02-14,1,2026-02-21,Flu ED visits pct,quantile,0.5,0.5622872739500935
bangor,2026-02-14,1,2026-02-21,Flu ED visits pct,quantile,0.5,2.2670053904250507
beaumont,2026-02-14,1,2026-02-21,Flu ED visits pct,quantile,0.5,3.958402244585984
boston,2026-02-14,1,2026-02-21,Flu ED visits pct,quantile,0.5,1.1186038149122135
boulder,2026-02-14,1,2026-02-21,Flu ED visits pct,quantile,0.5,3.090853719822731
charleston,2026-02-14,1,2026-02-21,Flu ED visits pct,quantile,0.5,4.693539338314818
cherokee,2026-02-14,1,2026-02-21,Flu ED visits pct,quantile,0.5,2.9117798221284765
clt-area,2026-02-14,1,2026-02-21,Flu ED visits pct,quantile,0.5,2.2441585981134278
colorado,2026-02-14,1,2026-02-21,Flu ED visits pct,quantile,0.5,1.5827803301067591
colorado-springs,2026-02-14,1,2026-02-21,Flu ED visits pct,quantile,0.5,1.7561484892474917
columbia,2026-02-14,1,2026-02-21,Flu ED visits pct,quantile,0.5,2.768022815151848
columbus,2026-02-14,1,2026-02-21,Flu ED visits pct,quantile,0.5,4.348149755875264
dallas,2026-02-14,1,2026-02-21,Flu ED visits pct,quantile,0.5,2.264945109160383
denver,2026-02-14,1,2026-02-21,Flu ED visits pct,quantile,0.5,1.4492820819539556
deschutes,2026-02-14,1,2026-02-21,Flu ED visits pct,quantile,0.5,4.416784115614657
duluth,2026-02-14,1,2026-02-21,Flu ED visits pct,quantile,0.5,1.962508469540275
el-paso,2026-02-14,1,2026-02-21,Flu ED visits pct,quantile,0.5,1.408154645716913
eugene,2026-02-14,1,2026-02-21,Flu ED visits pct,quantile,0.5,3.494992682154898
fay-area,2026-02-14,1,2026-02-21,Flu ED visits pct,quantile,0.5,3.465248969838971
florence,2026-02-14,1,2026-02-21,Flu ED visits pct,quantile,0.5,3.611199390024034
floyd,2026-02-14,1,2026-02-21,Flu ED visits pct,quantile,0.5,2.1868705792187626
frederick,2026-02-14,1,2026-02-21,Flu ED visits pct,quantile,0.5,0.8869340746238167
georgia,2026-02-14,1,2026-02-21,Flu ED visits pct,quantile,0.5,2.5137562444751094
greenville,2026-02-14,1,2026-02-21,Flu ED visits pct,quantile,0.5,1.8311044506919965
hall,2026-02-14,1,2026-02-21,Flu ED visits pct,quantile,0.5,1.5559564744089462
harford,2026-02-14,1,2026-02-21,Flu ED visits pct,quantile,0.5,0.8157003480843903
henry,2026-02-14,1,2026-02-21,Flu ED visits pct,quantile,0.5,1.4610158479023394
horry,2026-02-14,1,2026-02-21,Flu ED visits pct,quantile,0.5,3.41558632655882
houston,2026-02-14,1,2026-02-21,Flu ED visits pct,quantile,0.5,1.709798816900171
indiana,2026-02-14,1,2026-02-21,Flu ED visits pct,quantile,0.5,2.1718411469293897
indianapolis,2026-02-14,1,2026-02-21,Flu ED visits pct,quantile,0.5,2.2342219847969482
la-grange,2026-02-14,1,2026-02-21,Flu ED visits pct,quantile,0.5,1.9322076612989354
larimer,2026-02-14,1,2026-02-21,Flu ED visits pct,quantile,0.5,1.698982660735757
lynn,2026-02-14,1,2026-02-21,Flu ED visits pct,quantile,0.5,1.420754270651436
macon,2026-02-14,1,2026-02-21,Flu ED visits pct,quantile,0.5,1.567604954827297
maine,2026-02-14,1,2026-02-21,Flu ED visits pct,quantile,0.5,1.5686276975153606
marietta,2026-02-14,1,2026-02-21,Flu ED visits pct,quantile,0.5,2.1719997114111234
maryland,2026-02-14,1,2026-02-21,Flu ED visits pct,quantile,0.5,0.7467749828351352
massachusetts,2026-02-14,1,2026-02-21,Flu ED visits pct,quantile,0.5,1.1194467594063433
medford,2026-02-14,1,2026-02-21,Flu ED visits pct,quantile,0.5,4.026526053729785
mesa,2026-02-14,1,2026-02-21,Flu ED visits pct,quantile,0.5,1.7893251916895698
minneapolis,2026-02-14,1,2026-02-21,Flu ED visits pct,quantile,0.5,1.3619402046535407
minnesota,2026-02-14,1,2026-02-21,Flu ED visits pct,quantile,0.5,1.7746195592574794
montgomery,2026-02-14,1,2026-02-21,Flu ED visits pct,quantile,0.5,0.7481424683105102
nenc,2026-02-14,1,2026-02-21,Flu ED visits pct,quantile,0.5,2.1886105927176547
new-bedford,2026-02-14,1,2026-02-21,Flu ED visits pct,quantile,0.5,1.5876095460060142
north-carolina,2026-02-14,1,2026-02-21,Flu ED visits pct,quantile,0.5,1.9296359294730627
nyc,2026-02-14,1,2026-02-21,ILI ED visits pct,quantile,0.5,2.898375877793267
ogden,2026-02-14,1,2026-02-21,Flu ED visits pct,quantile,0.5,2.7166638447559444
oregon,2026-02-14,1,2026-02-21,Flu ED visits pct,quantile,0.5,4.6373203596271475
pittsfield,2026-02-14,1,2026-02-21,Flu ED visits pct,quantile,0.5,0.9902401226038362
portland,2026-02-14,1,2026-02-21,Flu ED visits pct,quantile,0.5,1.1494880129722582
portland-or,2026-02-14,1,2026-02-21,Flu ED visits pct,quantile,0.5,4.355864936006925
provo,2026-02-14,1,2026-02-21,Flu ED visits pct,quantile,0.5,3.1702175713680543
roanoke,2026-02-14,1,2026-02-21,Flu ED visits pct,quantile,0.5,1.9524653339723406
rochester,2026-02-14,1,2026-02-21,Flu ED visits pct,quantile,0.5,3.0994820425924154
rock-hill,2026-02-14,1,2026-02-21,Flu ED visits pct,quantile,0.5,1.1096169958563378
rtp-area,2026-02-14,1,2026-02-21,Flu ED visits pct,quantile,0.5,1.724794338959695
salem,2026-02-14,1,2026-02-21,Flu ED visits pct,quantile,0.5,4.795966019530105
salt-lake-city,2026-02-14,1,2026-02-21,Flu ED visits pct,quantile,0.5,2.415116453158189
san-antonio,2026-02-14,1,2026-02-21,Flu ED visits pct,quantile,0.5,6.374397021962601
savannah,2026-02-14,1,2026-02-21,Flu ED visits pct,quantile,0.5,2.369283243099498
senc,2026-02-14,1,2026-02-21,Flu ED visits pct,quantile,0.5,2.3828020553799973
south-augusta,2026-02-14,1,2026-02-21,Flu ED visits pct,quantile,0.5,1.9040081254224233
south-carolina,2026-02-14,1,2026-02-21,Flu ED visits pct,quantile,0.5,3.536700776729462
springfield,2026-02-14,1,2026-02-21,Flu ED visits pct,quantile,0.5,1.1106686468519391
st-cloud,2026-02-14,1,2026-02-21,Flu ED visits pct,quantile,0.5,3.523382705455338
st-paul,2026-02-14,1,2026-02-21,Flu ED visits pct,quantile,0.5,1.1747178094673871
texas,2026-02-14,1,2026-02-21,Flu ED visits pct,quantile,0.5,3.297909409994345
triad-area,2026-02-14,1,2026-02-21,Flu ED visits pct,quantile,0.5,1.3187796589183367
utah,2026-02-14,1,2026-02-21,Flu ED visits pct,quantile,0.5,2.7001356720926424
virginia,2026-02-14,1,2026-02-21,Flu ED visits pct,quantile,0.5,1.5073588414994048
weld,2026-02-14,1,2026-02-21,Flu ED visits pct,quantile,0.5,1.725418600182905
wnc,2026-02-14,1,2026-02-21,Flu ED visits pct,quantile,0.5,1.5024442890420324
worcester,2026-02-14,1,2026-02-21,Flu ED visits pct,quantile,0.5,1.268798379097516
athens,2026-02-14,2,2026-02-28,Flu ED visits pct,quantile,0.5,1.5028579136779694
austin,2026-02-14,2,2026-02-28,Flu ED visits pct,quantile,0.5,3.086574199882198
baltimore,2026-02-14,2,2026-02-28,Flu ED visits pct,quantile,0.5,0.5687754540077186
bangor,2026-02-14,2,2026-02-28,Flu ED visits pct,quantile,0.5,1.9507669922856548
beaumont,2026-02-14,2,2026-02-28,Flu ED visits pct,quantile,0.5,3.3312330247804764
boston,2026-02-14,2,2026-02-28,Flu ED visits pct,quantile,0.5,1.0421133879132893
boulder,2026-02-14,2,2026-02-28,Flu ED visits pct,quantile,0.5,2.4938285634145494
charleston,2026-02-14,2,2026-02-28,Flu ED visits pct,quantile,0.5,3.567890580751947
cherokee,2026-02-14,2,2026-02-28,Flu ED visits pct,quantile,0.5,2.8850484804713723
clt-area,2026-02-14,2,2026-02-28,Flu ED visits pct,quantile,0.5,1.825646778383978
colorado,2026-02-14,2,2026-02-28,Flu ED visits pct,quantile,0.5,1.415640399794323
colorado-springs,2026-02-14,2,2026-02-28,Flu ED visits pct,quantile,0.5,1.4442490352912267
columbia,2026-02-14,2,2026-02-28,Flu ED visits pct,quantile,0.5,2.644893721083554
columbus,2026-02-14,2,2026-02-28,Flu ED visits pct,quantile,0.5,3.2729089486408296
dallas,2026-02-14,2,2026-02-28,Flu ED visits pct,quantile,0.5,1.9086577133776206
denver,2026-02-14,2,2026-02-28,Flu ED visits pct,quantile,0.5,1.3625653762845833
deschutes,2026-02-14,2,2026-02-28,Flu ED visits pct,quantile,0.5,3.564003666255768
duluth,2026-02-14,2,2026-02-28,Flu ED visits pct,quantile,0.5,1.6276696293228319
el-paso,2026-02-14,2,2026-02-28,Flu ED visits pct,quantile,0.5,1.6991112916734388
eugene,2026-02-14,2,2026-02-28,Flu ED visits pct,quantile,0.5,2.611919963749545
fay-area,2026-02-14,2,2026-02-28,Flu ED visits pct,quantile,0.5,2.8471108448133156
florence,2026-02-14,2,2026-02-28,Flu ED visits pct,quantile,0.5,2.80886804296578
floyd,2026-02-14,2,2026-02-28,Flu ED visits pct,quantile,0.5,1.9746669926088545
frederick,2026-02-14,2,2026-02-28,Flu ED visits pct,quantile,0.5,0.7996139463104444
georgia,2026-02-14,2,2026-02-28,Flu ED visits pct,quantile,0.5,2.3613227894988915
greenville,2026-02-14,2,2026-02-28,Flu ED visits pct,quantile,0.5,1.6548210390718836
hall,2026-02-14,2,2026-02-28,Flu ED visits pct,quantile,0.5,1.5471574052296622
harford,2026-02-14,2,2026-02-28,Flu ED visits pct,quantile,0.5,0.7233576894352243
henry,2026-02-14,2,2026-02-28,Flu ED visits pct,quantile,0.5,1.5004886506536512
horry,2026-02-14,2,2026-02-28,Flu ED visits pct,quantile,0.5,3.0588576144595327
houston,2026-02-14,2,2026-02-28,Flu ED visits pct,quantile,0.5,1.8202309644348749
indiana,2026-02-14,2,2026-02-28,Flu ED visits pct,quantile,0.5,1.9816245848607419
indianapolis,2026-02-14,2,2026-02-28,Flu ED visits pct,quantile,0.5,1.8295201005063546
la-grange,2026-02-14,2,2026-02-28,Flu ED visits pct,quantile,0.5,1.643876381833551
larimer,2026-02-14,2,2026-02-28,Flu ED visits pct,quantile,0.5,1.5431921210487376
lynn,2026-02-14,2,2026-02-28,Flu ED visits pct,quantile,0.5,1.2193950552617405
macon,2026-02-14,2,2026-02-28,Flu ED visits pct,quantile,0.5,1.2700783786215848
maine,2026-02-14,2,2026-02-28,Flu ED visits pct,quantile,0.5,1.2717090667164401
marietta,2026-02-14,2,2026-02-28,Flu ED visits pct,quantile,0.5,2.1261973915720316
maryland,2026-02-14,2,2026-02-28,Flu ED visits pct,quantile,0.5,0.7249102414314805
massachusetts,2026-02-14,2,2026-02-28,Flu ED visits pct,quantile,0.5,1.0412629373859363
medford,2026-02-14,2,2026-02-28,Flu ED visits pct,quantile,0.5,3.047966982932558
mesa,2026-02-14,2,2026-02-28,Flu ED visits pct,quantile,0.5,1.4311148335270216
minneapolis,2026-02-14,2,2026-02-28,Flu ED visits pct,quantile,0.5,1.3269186177323846
minnesota,2026-02-14,2,2026-02-28,Flu ED visits pct,quantile,0.5,1.564920182923608
montgomery,2026-02-14,2,2026-02-28,Flu ED visits pct,quantile,0.5,0.7195613415674438
nenc,2026-02-14,2,2026-02-28,Flu ED visits pct,quantile,0.5,1.7396706608819266
new-bedford,2026-02-14,2,2026-02-28,Flu ED visits pct,quantile,0.5,1.4910553066832544
north-carolina,2026-02-14,2,2026-02-28,Flu ED visits pct,quantile,0.5,1.5123734863160896
nyc,2026-02-14,2,2026-02-28,ILI ED visits pct,quantile,0.5,3.278625018774014
ogden,2026-02-14,2,2026-02-28,Flu ED visits pct,quantile,0.5,2.245798823019476
oregon,2026-02-14,2,2026-02-28,Flu ED visits pct,quantile,0.5,3.575498166167121
pittsfield,2026-02-14,2,2026-02-28,Flu ED visits pct,quantile,0.5,0.8267589121090344
portland,2026-02-14,2,2026-02-28,Flu ED visits pct,quantile,0.5,0.948800402648655
portland-or,2026-02-14,2,2026-02-28,Flu ED visits pct,quantile,0.5,3.4419083690061636
provo,2026-02-14,2,2026-02-28,Flu ED visits pct,quantile,0.5,2.7631026772634515
roanoke,2026-02-14,2,2026-02-28,Flu ED visits pct,quantile,0.5,1.5856737320031096
rochester,2026-02-14,2,2026-02-28,Flu ED visits pct,quantile,0.5,2.4460669654844285
rock-hill,2026-02-14,2,2026-02-28,Flu ED visits pct,quantile,0.5,1.1108985666042075
rtp-area,2026-02-14,2,2026-02-28,Flu ED visits pct,quantile,0.5,1.3790710788967118
salem,2026-02-14,2,2026-02-28,Flu ED visits pct,quantile,0.5,3.6363408697809296
salt-lake-city,2026-02-14,2,2026-02-28,Flu ED visits pct,quantile,0.5,2.0063278287212065
san-antonio,2026-02-14,2,2026-02-28,Flu ED visits pct,quantile,0.5,4.8305052153048615
savannah,2026-02-14,2,2026-02-28,Flu ED visits pct,quantile,0.5,1.7964427231145137
senc,2026-02-14,2,2026-02-28,Flu ED visits pct,quantile,0.5,1.9022083202382605
south-augusta,2026-02-14,2,2026-02-28,Flu ED visits pct,quantile,0.5,1.4871530687038557
south-carolina,2026-02-14,2,2026-02-28,Flu ED visits pct,quantile,0.5,3.1670430067370026
springfield,2026-02-14,2,2026-02-28,Flu ED visits pct,quantile,0.5,0.9668009907925075
st-cloud,2026-02-14,2,2026-02-28,Flu ED visits pct,quantile,0.5,2.8919158057439778
st-paul,2026-02-14,2,2026-02-28,Flu ED visits pct,quantile,0.5,1.1410764442153138
texas,2026-02-14,2,2026-02-28,Flu ED visits pct,quantile,0.5,3.09946134053543
triad-area,2026-02-14,2,2026-02-28,Flu ED visits pct,quantile,0.5,1.0452526344080462
utah,2026-02-14,2,2026-02-28,Flu ED visits pct,quantile,0.5,2.261448244099424
virginia,2026-02-14,2,2026-02-28,Flu ED visits pct,quantile,0.5,1.3080683685704064
weld,2026-02-14,2,2026-02-28,Flu ED visits pct,quantile,0.5,1.799582439253829
wnc,2026-02-14,2,2026-02-28,Flu ED visits pct,quantile,0.5,1.2051741962414029
worcester,2026-02-14,2,2026-02-28,Flu ED visits pct,quantile,0.5,1.1426099307550095
athens,2026-02-14,3,2026-03-07,Flu ED visits pct,quantile,0.5,1.4522517999441964
austin,2026-02-14,3,2026-03-07,Flu ED visits pct,quantile,0.5,2.692589884223362
baltimore,2026-02-14,3,2026-03-07,Flu ED visits pct,quantile,0.5,0.58765541121076
bangor,2026-02-14,3,2026-03-07,Flu ED visits pct,quantile,0.5,1.7458980896690222
beaumont,2026-02-14,3,2026-03-07,Flu ED visits pct,quantile,0.5,2.970298316546686
boston,2026-02-14,3,2026-03-07,Flu ED visits pct,quantile,0.5,1.007613327368988
boulder,2026-02-14,3,2026-03-07,Flu ED visits pct,quantile,0.5,2.146006260530961
charleston,2026-02-14,3,2026-03-07,Flu ED visits pct,quantile,0.5,3.0101312495888135
cherokee,2026-02-14,3,2026-03-07,Flu ED visits pct,quantile,0.5,2.7496214111473543
clt-area,2026-02-14,3,2026-03-07,Flu ED visits pct,quantile,0.5,1.4783691667642154
colorado,2026-02-14,3,2026-03-07,Flu ED visits pct,quantile,0.5,1.3147861405605084
colorado-springs,2026-02-14,3,2026-03-07,Flu ED visits pct,quantile,0.5,1.3134476163301059
columbia,2026-02-14,3,2026-03-07,Flu ED visits pct,quantile,0.5,2.4500148940118978
columbus,2026-02-14,3,2026-03-07,Flu ED visits pct,quantile,0.5,2.718145228385691
dallas,2026-02-14,3,2026-03-07,Flu ED visits pct,quantile,0.5,1.5816835778229457
denver,2026-02-14,3,2026-03-07,Flu ED visits pct,quantile,0.5,1.3026975235863243
deschutes,2026-02-14,3,2026-03-07,Flu ED visits pct,quantile,0.5,3.0868758496977664
duluth,2026-02-14,3,2026-03-07,Flu ED visits pct,quantile,0.5,1.428283422743321
el-paso,2026-02-14,3,2026-03-07,Flu ED visits pct,quantile,0.5,1.776091160513721
eugene,2026-02-14,3,2026-03-07,Flu ED visits pct,quantile,0.5,2.2062812121932853
fay-area,2026-02-14,3,2026-03-07,Flu ED visits pct,quantile,0.5,2.322349999522385
florence,2026-02-14,3,2026-03-07,Flu ED visits pct,quantile,0.5,2.386880973059298
floyd,2026-02-14,3,2026-03-07,Flu ED visits pct,quantile,0.5,1.8210777114244925
frederick,2026-02-14,3,2026-03-07,Flu ED visits pct,quantile,0.5,0.786717920616264
georgia,2026-02-14,3,2026-03-07,Flu ED visits pct,quantile,0.5,2.0908510574424604
greenville,2026-02-14,3,2026-03-07,Flu ED visits pct,quantile,0.5,1.471701121311742
hall,2026-02-14,3,2026-03-07,Flu ED visits pct,quantile,0.5,1.472440345492688
harford,2026-02-14,3,2026-03-07,Flu ED visits pct,quantile,0.5,0.6882710770395752
henry,2026-02-14,3,2026-03-07,Flu ED visits pct,quantile,0.5,1.4269486876321138
horry,2026-02-14,3,2026-03-07,Flu ED visits pct,quantile,0.5,2.7613095998773685
houston,2026-02-14,3,2026-03-07,Flu ED visits pct,quantile,0.5,1.8419721530050497
indiana,2026-02-14,3,2026-03-07,Flu ED visits pct,quantile,0.5,1.7679212407975717
indianapolis,2026-02-14,3,2026-03-07,Flu ED visits pct,quantile,0.5,1.555774593706862
la-grange,2026-02-14,3,2026-03-07,Flu ED visits pct,quantile,0.5,1.4619996862125988
larimer,2026-02-14,3,2026-03-07,Flu ED visits pct,quantile,0.5,1.4499100186384617
lynn,2026-02-14,3,2026-03-07,Flu ED visits pct,quantile,0.5,1.1224302763814045
macon,2026-02-14,3,2026-03-07,Flu ED visits pct,quantile,0.5,1.0552441248574547
maine,2026-02-14,3,2026-03-07,Flu ED visits pct,quantile,0.5,1.068235834046815
marietta,2026-02-14,3,2026-03-07,Flu ED visits pct,quantile,0.5,1.9839299303897147
maryland,2026-02-14,3,2026-03-07,Flu ED visits pct,quantile,0.5,0.720774812122131
massachusetts,2026-02-14,3,2026-03-07,Flu ED visits pct,quantile,0.5,1.007176852693675
medford,2026-02-14,3,2026-03-07,Flu ED visits pct,quantile,0.5,2.6084635993550846
mesa,2026-02-14,3,2026-03-07,Flu ED visits pct,quantile,0.5,1.1876811967131102
minneapolis,2026-02-14,3,2026-03-07,Flu ED visits pct,quantile,0.5,1.2424003455788395
minnesota,2026-02-14,3,2026-03-07,Flu ED visits pct,quantile,0.5,1.3752816179530272
montgomery,2026-02-14,3,2026-03-07,Flu ED visits pct,quantile,0.5,0.7055280305451274
nenc,2026-02-14,3,2026-03-07,Flu ED visits pct,quantile,0.5,1.451434272652519
new-bedford,2026-02-14,3,2026-03-07,Flu ED visits pct,quantile,0.5,1.3886030302718184
north-carolina,2026-02-14,3,2026-03-07,Flu ED visits pct,quantile,0.5,1.2590661586013772
nyc,2026-02-14,3,2026-03-07,ILI ED visits pct,quantile,0.5,3.370455966936503
ogden,2026-02-14,3,2026-03-07,Flu ED visits pct,quantile,0.5,1.9769000241343744
oregon,2026-02-14,3,2026-03-07,Flu ED visits pct,quantile,0.5,2.936891672758442
pittsfield,2026-02-14,3,2026-03-07,Flu ED visits pct,quantile,0.5,0.7072779842968705
portland,2026-02-14,3,2026-03-07,Flu ED visits pct,quantile,0.5,0.8056280672401791
portland-or,2026-02-14,3,2026-03-07,Flu ED visits pct,quantile,0.5,2.9064393835542495
provo,2026-02-14,3,2026-03-07,Flu ED visits pct,quantile,0.5,2.500381720767204
roanoke,2026-02-14,3,2026-03-07,Flu ED visits pct,quantile,0.5,1.3482958651548935
rochester,2026-02-14,3,2026-03-07,Flu ED visits pct,quantile,0.5,1.9589204227075832
rock-hill,2026-02-14,3,2026-03-07,Flu ED visits pct,quantile,0.5,1.0758170170685548
rtp-area,2026-02-14,3,2026-03-07,Flu ED visits pct,quantile,0.5,1.1274883137845462
salem,2026-02-14,3,2026-03-07,Flu ED visits pct,quantile,0.5,3.031289981470202
salt-lake-city,2026-02-14,3,2026-03-07,Flu ED visits pct,quantile,0.5,1.69829567708509
san-antonio,2026-02-14,3,2026-03-07,Flu ED visits pct,quantile,0.5,4.077482118245151
savannah,2026-02-14,3,2026-03-07,Flu ED visits pct,quantile,0.5,1.457030214365684
senc,2026-02-14,3,2026-03-07,Flu ED visits pct,quantile,0.5,1.5900904111532645
south-augusta,2026-02-14,3,2026-03-07,Flu ED visits pct,quantile,0.5,1.2314173472042653
south-carolina,2026-02-14,3,2026-03-07,Flu ED visits pct,quantile,0.5,2.7288860691810832
springfield,2026-02-14,3,2026-03-07,Flu ED visits pct,quantile,0.5,0.9407820444852274
st-cloud,2026-02-14,3,2026-03-07,Flu ED visits pct,quantile,0.5,2.5379628619656227
st-paul,2026-02-14,3,2026-03-07,Flu ED visits pct,quantile,0.5,1.121825593067412
texas,2026-02-14,3,2026-03-07,Flu ED visits pct,quantile,0.5,2.81746708881525
triad-area,2026-02-14,3,2026-03-07,Flu ED visits pct,quantile,0.5,0.8472435994310872
utah,2026-02-14,3,2026-03-07,Flu ED visits pct,quantile,0.5,1.9710328603917169
virginia,2026-02-14,3,2026-03-07,Flu ED visits pct,quantile,0.5,1.1781007146885654
weld,2026-02-14,3,2026-03-07,Flu ED visits pct,quantile,0.5,1.7620652328091755
wnc,2026-02-14,3,2026-03-07,Flu ED visits pct,quantile,0.5,0.9704694112500581
worcester,2026-02-14,3,2026-03-07,Flu ED visits pct,quantile,0.5,1.0642613191181038
athens,2026-02-14,0,2026-02-14,Flu ED visits pct,quantile,0.75,2.336955136896458
austin,2026-02-14,0,2026-02-14,Flu ED visits pct,quantile,0.75,4.508331849503978
baltimore,2026-02-14,0,2026-02-14,Flu ED visits pct,quantile,0.75,0.8734201090143864
bangor,2026-02-14,0,2026-02-14,Flu ED visits pct,quantile,0.75,3.0759672022636404
beaumont,2026-02-14,0,2026-02-14,Flu ED visits pct,quantile,0.75,5.345358492572791
boston,2026-02-14,0,2026-02-14,Flu ED visits pct,quantile,0.75,1.632349135171419
boulder,2026-02-14,0,2026-02-14,Flu ED visits pct,quantile,0.75,4.127256321786738
charleston,2026-02-14,0,2026-02-14,Flu ED visits pct,quantile,0.75,5.716677849605526
cherokee,2026-02-14,0,2026-02-14,Flu ED visits pct,quantile,0.75,4.3259614644125035
clt-area,2026-02-14,0,2026-02-14,Flu ED visits pct,quantile,0.75,2.922002207442799
colorado,2026-02-14,0,2026-02-14,Flu ED visits pct,quantile,0.75,2.249901873887421
colorado-springs,2026-02-14,0,2026-02-14,Flu ED visits pct,quantile,0.75,2.3824050146111726
columbia,2026-02-14,0,2026-02-14,Flu ED visits pct,quantile,0.75,4.024006542861267
columbus,2026-02-14,0,2026-02-14,Flu ED visits pct,quantile,0.75,5.807248738507619
dallas,2026-02-14,0,2026-02-14,Flu ED visits pct,quantile,0.75,3.209077355597841
denver,2026-02-14,0,2026-02-14,Flu ED visits pct,quantile,0.75,1.993790278487736
deschutes,2026-02-14,0,2026-02-14,Flu ED visits pct,quantile,0.75,5.753067704574945
duluth,2026-02-14,0,2026-02-14,Flu ED visits pct,quantile,0.75,2.783729887620959
el-paso,2026-02-14,0,2026-02-14,Flu ED visits pct,quantile,0.75,2.1206161706279913
eugene,2026-02-14,0,2026-02-14,Flu ED visits pct,quantile,0.75,5.42499598680016
fay-area,2026-02-14,0,2026-02-14,Flu ED visits pct,quantile,0.75,4.4689413450713
florence,2026-02-14,0,2026-02-14,Flu ED visits pct,quantile,0.75,5.09864292588339
floyd,2026-02-14,0,2026-02-14,Flu ED visits pct,quantile,0.75,3.6453902754156466
frederick,2026-02-14,0,2026-02-14,Flu ED visits pct,quantile,0.75,1.6232351271520455
georgia,2026-02-14,0,2026-02-14,Flu ED visits pct,quantile,0.75,3.223209605427554
greenville,2026-02-14,0,2026-02-14,Flu ED visits pct,quantile,0.75,2.698759022740849
hall,2026-02-14,0,2026-02-14,Flu ED visits pct,quantile,0.75,2.513346428699201
harford,2026-02-14,0,2026-02-14,Flu ED visits pct,quantile,0.75,1.3845212787684673
henry,2026-02-14,0,2026-02-14,Flu ED visits pct,quantile,0.75,2.334666677323827
horry,2026-02-14,0,2026-02-14,Flu ED visits pct,quantile,0.75,4.681078820596049
houston,2026-02-14,0,2026-02-14,Flu ED visits pct,quantile,0.75,2.1462596376251644
indiana,2026-02-14,0,2026-02-14,Flu ED visits pct,quantile,0.75,3.144055869246735
indianapolis,2026-02-14,0,2026-02-14,Flu ED visits pct,quantile,0.75,2.990783967456525
la-grange,2026-02-14,0,2026-02-14,Flu ED visits pct,quantile,0.75,2.8342443843224823
larimer,2026-02-14,0,2026-02-14,Flu ED visits pct,quantile,0.75,2.7061198548873393
lynn,2026-02-14,0,2026-02-14,Flu ED visits pct,quantile,0.75,2.1583096651641256
macon,2026-02-14,0,2026-02-14,Flu ED visits pct,quantile,0.75,2.214757913626956
maine,2026-02-14,0,2026-02-14,Flu ED visits pct,quantile,0.75,2.3075090855307434
marietta,2026-02-14,0,2026-02-14,Flu ED visits pct,quantile,0.75,3.235475549321463
maryland,2026-02-14,0,2026-02-14,Flu ED visits pct,quantile,0.75,1.1850573921410954
massachusetts,2026-02-14,0,2026-02-14,Flu ED visits pct,quantile,0.75,1.8198358759317805
medford,2026-02-14,0,2026-02-14,Flu ED visits pct,quantile,0.75,6.606717818781627
mesa,2026-02-14,0,2026-02-14,Flu ED visits pct,quantile,0.75,2.66213365451997
minneapolis,2026-02-14,0,2026-02-14,Flu ED visits pct,quantile,0.75,2.147599436521183
minnesota,2026-02-14,0,2026-02-14,Flu ED visits pct,quantile,0.75,2.650322228861351
montgomery,2026-02-14,0,2026-02-14,Flu ED visits pct,quantile,0.75,1.174693554557824
nenc,2026-02-14,0,2026-02-14,Flu ED visits pct,quantile,0.75,2.851300203980323
new-bedford,2026-02-14,0,2026-02-14,Flu ED visits pct,quantile,0.75,2.433464620745462
north-carolina,2026-02-14,0,2026-02-14,Flu ED visits pct,quantile,0.75,2.476855629797533
nyc,2026-02-14,0,2026-02-14,ILI ED visits pct,quantile,0.75,3.572395909467769
ogden,2026-02-14,0,2026-02-14,Flu ED visits pct,quantile,0.75,3.6635404956209365
oregon,2026-02-14,0,2026-02-14,Flu ED visits pct,quantile,0.75,6.172945353246033
pittsfield,2026-02-14,0,2026-02-14,Flu ED visits pct,quantile,0.75,1.6273138881268685
portland,2026-02-14,0,2026-02-14,Flu ED visits pct,quantile,0.75,1.7265127086387124
portland-or,2026-02-14,0,2026-02-14,Flu ED visits pct,quantile,0.75,5.7216226824295475
provo,2026-02-14,0,2026-02-14,Flu ED visits pct,quantile,0.75,4.148388753449936
roanoke,2026-02-14,0,2026-02-14,Flu ED visits pct,quantile,0.75,2.8651934880011183
rochester,2026-02-14,0,2026-02-14,Flu ED visits pct,quantile,0.75,4.225474319164006
rock-hill,2026-02-14,0,2026-02-14,Flu ED visits pct,quantile,0.75,1.943327759766663
rtp-area,2026-02-14,0,2026-02-14,Flu ED visits pct,quantile,0.75,2.31403496252891
salem,2026-02-14,0,2026-02-14,Flu ED visits pct,quantile,0.75,7.2691496227938295
salt-lake-city,2026-02-14,0,2026-02-14,Flu ED visits pct,quantile,0.75,3.258619765399586
san-antonio,2026-02-14,0,2026-02-14,Flu ED visits pct,quantile,0.75,8.0176850791939
savannah,2026-02-14,0,2026-02-14,Flu ED visits pct,quantile,0.75,3.3377549993843436
senc,2026-02-14,0,2026-02-14,Flu ED visits pct,quantile,0.75,3.162321682966128
south-augusta,2026-02-14,0,2026-02-14,Flu ED visits pct,quantile,0.75,2.430356903840649
south-carolina,2026-02-14,0,2026-02-14,Flu ED visits pct,quantile,0.75,4.479405463162901
springfield,2026-02-14,0,2026-02-14,Flu ED visits pct,quantile,0.75,1.8296373739146055
st-cloud,2026-02-14,0,2026-02-14,Flu ED visits pct,quantile,0.75,4.654884174973531
st-paul,2026-02-14,0,2026-02-14,Flu ED visits pct,quantile,0.75,1.7032965778705438
texas,2026-02-14,0,2026-02-14,Flu ED visits pct,quantile,0.75,4.438011820455674
triad-area,2026-02-14,0,2026-02-14,Flu ED visits pct,quantile,0.75,1.8071562900810227
utah,2026-02-14,0,2026-02-14,Flu ED visits pct,quantile,0.75,3.600760023133129
virginia,2026-02-14,0,2026-02-14,Flu ED visits pct,quantile,0.75,2.202936242860969
weld,2026-02-14,0,2026-02-14,Flu ED visits pct,quantile,0.75,2.4023860941259323
wnc,2026-02-14,0,2026-02-14,Flu ED visits pct,quantile,0.75,2.0539246217499203
worcester,2026-02-14,0,2026-02-14,Flu ED visits pct,quantile,0.75,2.1323182937928986
athens,2026-02-14,1,2026-02-21,Flu ED visits pct,quantile,0.75,2.6395828285704184
austin,2026-02-14,1,2026-02-21,Flu ED visits pct,quantile,0.75,4.430795661589156
baltimore,2026-02-14,1,2026-02-21,Flu ED visits pct,quantile,0.75,0.9836023598035488
bangor,2026-02-14,1,2026-02-21,Flu ED visits pct,quantile,0.75,3.1633074431630206
beaumont,2026-02-14,1,2026-02-21,Flu ED visits pct,quantile,0.75,5.88649807236329
boston,2026-02-14,1,2026-02-21,Flu ED visits pct,quantile,0.75,1.6666386934589092
boulder,2026-02-14,1,2026-02-21,Flu ED visits pct,quantile,0.75,4.131346980638219
charleston,2026-02-14,1,2026-02-21,Flu ED visits pct,quantile,0.75,5.418883324866318
cherokee,2026-02-14,1,2026-02-21,Flu ED visits pct,quantile,0.75,4.970666984532478
clt-area,2026-02-14,1,2026-02-21,Flu ED visits pct,quantile,0.75,2.701097114392899
colorado,2026-02-14,1,2026-02-21,Flu ED visits pct,quantile,0.75,2.2364093809513865
colorado-springs,2026-02-14,1,2026-02-21,Flu ED visits pct,quantile,0.75,2.288304920831676
columbia,2026-02-14,1,2026-02-21,Flu ED visits pct,quantile,0.75,4.480186209550347
columbus,2026-02-14,1,2026-02-21,Flu ED visits pct,quantile,0.75,5.144059505390563
dallas,2026-02-14,1,2026-02-21,Flu ED visits pct,quantile,0.75,3.0911148215974316
denver,2026-02-14,1,2026-02-21,Flu ED visits pct,quantile,0.75,2.040600973191635
deschutes,2026-02-14,1,2026-02-21,Flu ED visits pct,quantile,0.75,5.317823453913576
duluth,2026-02-14,1,2026-02-21,Flu ED visits pct,quantile,0.75,2.883466168725338
el-paso,2026-02-14,1,2026-02-21,Flu ED visits pct,quantile,0.75,2.842949739400015
eugene,2026-02-14,1,2026-02-21,Flu ED visits pct,quantile,0.75,4.5884162969589095
fay-area,2026-02-14,1,2026-02-21,Flu ED visits pct,quantile,0.75,4.12557867662704
florence,2026-02-14,1,2026-02-21,Flu ED visits pct,quantile,0.75,4.96103310354726
floyd,2026-02-14,1,2026-02-21,Flu ED visits pct,quantile,0.75,3.8840962562527164
frederick,2026-02-14,1,2026-02-21,Flu ED visits pct,quantile,0.75,1.7487661236062113
georgia,2026-02-14,1,2026-02-21,Flu ED visits pct,quantile,0.75,3.3816515285010995
greenville,2026-02-14,1,2026-02-21,Flu ED visits pct,quantile,0.75,2.7298747608575944
hall,2026-02-14,1,2026-02-21,Flu ED visits pct,quantile,0.75,2.8215637414453356
harford,2026-02-14,1,2026-02-21,Flu ED visits pct,quantile,0.75,1.4832481245001088
henry,2026-02-14,1,2026-02-21,Flu ED visits pct,quantile,0.75,2.6771011755726795
horry,2026-02-14,1,2026-02-21,Flu ED visits pct,quantile,0.75,5.05560945201392
houston,2026-02-14,1,2026-02-21,Flu ED visits pct,quantile,0.75,2.5721212227391628
indiana,2026-02-14,1,2026-02-21,Flu ED visits pct,quantile,0.75,3.100210325783911
indianapolis,2026-02-14,1,2026-02-21,Flu ED visits pct,quantile,0.75,2.9561004949065257
la-grange,2026-02-14,1,2026-02-21,Flu ED visits pct,quantile,0.75,2.927103153773096
larimer,2026-02-14,1,2026-02-21,Flu ED visits pct,quantile,0.75,2.8471025266249117
lynn,2026-02-14,1,2026-02-21,Flu ED visits pct,quantile,0.75,2.1807054576015634
macon,2026-02-14,1,2026-02-21,Flu ED visits pct,quantile,0.75,2.100075932962787
maine,2026-02-14,1,2026-02-21,Flu ED visits pct,quantile,0.75,2.108444239207523
marietta,2026-02-14,1,2026-02-21,Flu ED visits pct,quantile,0.75,3.6281130379467657
maryland,2026-02-14,1,2026-02-21,Flu ED visits pct,quantile,0.75,1.1699304695998252
massachusetts,2026-02-14,1,2026-02-21,Flu ED visits pct,quantile,0.75,1.733948728170884
medford,2026-02-14,1,2026-02-21,Flu ED visits pct,quantile,0.75,5.198210576576182
mesa,2026-02-14,1,2026-02-21,Flu ED visits pct,quantile,0.75,2.5967844163064093
minneapolis,2026-02-14,1,2026-02-21,Flu ED visits pct,quantile,0.75,2.171519885894287
minnesota,2026-02-14,1,2026-02-21,Flu ED visits pct,quantile,0.75,2.4176299697327663
montgomery,2026-02-14,1,2026-02-21,Flu ED visits pct,quantile,0.75,1.1976869719512415
nenc,2026-02-14,1,2026-02-21,Flu ED visits pct,quantile,0.75,2.703487480735953
new-bedford,2026-02-14,1,2026-02-21,Flu ED visits pct,quantile,0.75,2.604163537449395
north-carolina,2026-02-14,1,2026-02-21,Flu ED visits pct,quantile,0.75,2.30051907107521
nyc,2026-02-14,1,2026-02-21,ILI ED visits pct,quantile,0.75,3.7922772738461865
ogden,2026-02-14,1,2026-02-21,Flu ED visits pct,quantile,0.75,3.596562423522648
oregon,2026-02-14,1,2026-02-21,Flu ED visits pct,quantile,0.75,5.440601654590405
pittsfield,2026-02-14,1,2026-02-21,Flu ED visits pct,quantile,0.75,1.4691283295849784
portland,2026-02-14,1,2026-02-21,Flu ED visits pct,quantile,0.75,1.6105506157434017
portland-or,2026-02-14,1,2026-02-21,Flu ED visits pct,quantile,0.75,5.197545618606474
provo,2026-02-14,1,2026-02-21,Flu ED visits pct,quantile,0.75,4.534085480195287
roanoke,2026-02-14,1,2026-02-21,Flu ED visits pct,quantile,0.75,2.794795830487739
rochester,2026-02-14,1,2026-02-21,Flu ED visits pct,quantile,0.75,3.887884328441393
rock-hill,2026-02-14,1,2026-02-21,Flu ED visits pct,quantile,0.75,2.2525143764820377
rtp-area,2026-02-14,1,2026-02-21,Flu ED visits pct,quantile,0.75,2.055399396670799
salem,2026-02-14,1,2026-02-21,Flu ED visits pct,quantile,0.75,5.8731309016021465
salt-lake-city,2026-02-14,1,2026-02-21,Flu ED visits pct,quantile,0.75,3.0524010836767688
san-antonio,2026-02-14,1,2026-02-21,Flu ED visits pct,quantile,0.75,7.363671019859475
savannah,2026-02-14,1,2026-02-21,Flu ED visits pct,quantile,0.75,2.8626694850900183
senc,2026-02-14,1,2026-02-21,Flu ED visits pct,quantile,0.75,3.069881015813738
south-augusta,2026-02-14,1,2026-02-21,Flu ED visits pct,quantile,0.75,2.2855191635032868
south-carolina,2026-02-14,1,2026-02-21,Flu ED visits pct,quantile,0.75,4.658900270125482
springfield,2026-02-14,1,2026-02-21,Flu ED visits pct,quantile,0.75,1.9257073431253315
st-cloud,2026-02-14,1,2026-02-21,Flu ED visits pct,quantile,0.75,4.619001643556692
st-paul,2026-02-14,1,2026-02-21,Flu ED visits pct,quantile,0.75,1.858992819776659
texas,2026-02-14,1,2026-02-21,Flu ED visits pct,quantile,0.75,4.48811581687193
triad-area,2026-02-14,1,2026-02-21,Flu ED visits pct,quantile,0.75,1.6550161886612222
utah,2026-02-14,1,2026-02-21,Flu ED visits pct,quantile,0.75,3.4849399230425564
virginia,2026-02-14,1,2026-02-21,Flu ED visits pct,quantile,0.75,2.008718685033492
weld,2026-02-14,1,2026-02-21,Flu ED visits pct,quantile,0.75,2.9400403124686876
wnc,2026-02-14,1,2026-02-21,Flu ED visits pct,quantile,0.75,1.949113085518913
worcester,2026-02-14,1,2026-02-21,Flu ED visits pct,quantile,0.75,2.1269723513504455
athens,2026-02-14,2,2026-02-28,Flu ED visits pct,quantile,0.75,3.205068280776103
austin,2026-02-14,2,2026-02-28,Flu ED visits pct,quantile,0.75,4.071648971085426
baltimore,2026-02-14,2,2026-02-28,Flu ED visits pct,quantile,0.75,1.1286535583886386
bangor,2026-02-14,2,2026-02-28,Flu ED visits pct,quantile,0.75,3.5819502842546553
beaumont,2026-02-14,2,2026-02-28,Flu ED visits pct,quantile,0.75,5.562182619007103
boston,2026-02-14,2,2026-02-28,Flu ED visits pct,quantile,0.75,1.7265256453044906
boulder,2026-02-14,2,2026-02-28,Flu ED visits pct,quantile,0.75,3.729027825664601
charleston,2026-02-14,2,2026-02-28,Flu ED visits pct,quantile,0.75,4.696673424230531
cherokee,2026-02-14,2,2026-02-28,Flu ED visits pct,quantile,0.75,5.578220565137909
clt-area,2026-02-14,2,2026-02-28,Flu ED visits pct,quantile,0.75,2.361765622539852
colorado,2026-02-14,2,2026-02-28,Flu ED visits pct,quantile,0.75,2.2279603994474324
colorado-springs,2026-02-14,2,2026-02-28,Flu ED visits pct,quantile,0.75,2.340464428581896
columbia,2026-02-14,2,2026-02-28,Flu ED visits pct,quantile,0.75,4.769297233549878
columbus,2026-02-14,2,2026-02-28,Flu ED visits pct,quantile,0.75,4.099255090156975
dallas,2026-02-14,2,2026-02-28,Flu ED visits pct,quantile,0.75,2.8041998365355982
denver,2026-02-14,2,2026-02-28,Flu ED visits pct,quantile,0.75,2.131436608522934
deschutes,2026-02-14,2,2026-02-28,Flu ED visits pct,quantile,0.75,4.702064840731647
duluth,2026-02-14,2,2026-02-28,Flu ED visits pct,quantile,0.75,2.9490098187047136
el-paso,2026-02-14,2,2026-02-28,Flu ED visits pct,quantile,0.75,3.5708043728847323
eugene,2026-02-14,2,2026-02-28,Flu ED visits pct,quantile,0.75,3.711087377131999
fay-area,2026-02-14,2,2026-02-28,Flu ED visits pct,quantile,0.75,3.5654604304950244
florence,2026-02-14,2,2026-02-28,Flu ED visits pct,quantile,0.75,4.665884555479368
floyd,2026-02-14,2,2026-02-28,Flu ED visits pct,quantile,0.75,4.3213982729162925
frederick,2026-02-14,2,2026-02-28,Flu ED visits pct,quantile,0.75,2.036241635689009
georgia,2026-02-14,2,2026-02-28,Flu ED visits pct,quantile,0.75,3.546473037140593
greenville,2026-02-14,2,2026-02-28,Flu ED visits pct,quantile,0.75,2.6212191907504723
hall,2026-02-14,2,2026-02-28,Flu ED visits pct,quantile,0.75,3.3038873575856083
harford,2026-02-14,2,2026-02-28,Flu ED visits pct,quantile,0.75,1.727311861254856
henry,2026-02-14,2,2026-02-28,Flu ED visits pct,quantile,0.75,3.117742542784158
horry,2026-02-14,2,2026-02-28,Flu ED visits pct,quantile,0.75,5.078669653966886
houston,2026-02-14,2,2026-02-28,Flu ED visits pct,quantile,0.75,3.0466460329889338
indiana,2026-02-14,2,2026-02-28,Flu ED visits pct,quantile,0.75,3.00429451383457
indianapolis,2026-02-14,2,2026-02-28,Flu ED visits pct,quantile,0.75,2.647583348422375
la-grange,2026-02-14,2,2026-02-28,Flu ED visits pct,quantile,0.75,2.973799890037723
larimer,2026-02-14,2,2026-02-28,Flu ED visits pct,quantile,0.75,3.1007675710773484
lynn,2026-02-14,2,2026-02-28,Flu ED visits pct,quantile,0.75,2.4176270955787733
macon,2026-02-14,2,2026-02-28,Flu ED visits pct,quantile,0.75,1.8828388551031165
maine,2026-02-14,2,2026-02-28,Flu ED visits pct,quantile,0.75,1.8874493731918993
marietta,2026-02-14,2,2026-02-28,Flu ED visits pct,quantile,0.75,4.119496930637096
maryland,2026-02-14,2,2026-02-28,Flu ED visits pct,quantile,0.75,1.2113400335304267
massachusetts,2026-02-14,2,2026-02-28,Flu ED visits pct,quantile,0.75,1.7098595709769464
medford,2026-02-14,2,2026-02-28,Flu ED visits pct,quantile,0.75,4.232602921808763
mesa,2026-02-14,2,2026-02-28,Flu ED visits pct,quantile,0.75,2.396569385148926
minneapolis,2026-02-14,2,2026-02-28,Flu ED visits pct,quantile,0.75,2.3739047327655465
minnesota,2026-02-14,2,2026-02-28,Flu ED visits pct,quantile,0.75,2.2946453910622466
montgomery,2026-02-14,2,2026-02-28,Flu ED visits pct,quantile,0.75,1.2808062933262132
nenc,2026-02-14,2,2026-02-28,Flu ED visits pct,quantile,0.75,2.376388645069546
new-bedford,2026-02-14,2,2026-02-28,Flu ED visits pct,quantile,0.75,2.9705023061458395
north-carolina,2026-02-14,2,2026-02-28,Flu ED visits pct,quantile,0.75,2.0565883611334628
nyc,2026-02-14,2,2026-02-28,ILI ED visits pct,quantile,0.75,4.359532743112197
ogden,2026-02-14,2,2026-02-28,Flu ED visits pct,quantile,0.75,3.3309493542312176
oregon,2026-02-14,2,2026-02-28,Flu ED visits pct,quantile,0.75,4.621254873733861
pittsfield,2026-02-14,2,2026-02-28,Flu ED visits pct,quantile,0.75,1.68453661227598
portland,2026-02-14,2,2026-02-28,Flu ED visits pct,quantile,0.75,1.6012520208109318
portland-or,2026-02-14,2,2026-02-28,Flu ED visits pct,quantile,0.75,4.442032197752715
provo,2026-02-14,2,2026-02-28,Flu ED visits pct,quantile,0.75,4.586753380449048
roanoke,2026-02-14,2,2026-02-28,Flu ED visits pct,quantile,0.75,2.5524274292345592
rochester,2026-02-14,2,2026-02-28,Flu ED visits pct,quantile,0.75,3.3272731891529546
rock-hill,2026-02-14,2,2026-02-28,Flu ED visits pct,quantile,0.75,2.733001654705496
rtp-area,2026-02-14,2,2026-02-28,Flu ED visits pct,quantile,0.75,1.8325618216652892
salem,2026-02-14,2,2026-02-28,Flu ED visits pct,quantile,0.75,4.840898762457277
salt-lake-city,2026-02-14,2,2026-02-28,Flu ED visits pct,quantile,0.75,2.787758698802311
san-antonio,2026-02-14,2,2026-02-28,Flu ED visits pct,quantile,0.75,6.214127936974645
savannah,2026-02-14,2,2026-02-28,Flu ED visits pct,quantile,0.75,2.2837842387818252
senc,2026-02-14,2,2026-02-28,Flu ED visits pct,quantile,0.75,2.6793142512340826
south-augusta,2026-02-14,2,2026-02-28,Flu ED visits pct,quantile,0.75,1.9646906703066371
south-carolina,2026-02-14,2,2026-02-28,Flu ED visits pct,quantile,0.75,4.520564645420037
springfield,2026-02-14,2,2026-02-28,Flu ED visits pct,quantile,0.75,2.1642011373275643
st-cloud,2026-02-14,2,2026-02-28,Flu ED visits pct,quantile,0.75,4.187304485495969
st-paul,2026-02-14,2,2026-02-28,Flu ED visits pct,quantile,0.75,2.034285459638003
texas,2026-02-14,2,2026-02-28,Flu ED visits pct,quantile,0.75,4.557267980556414
triad-area,2026-02-14,2,2026-02-28,Flu ED visits pct,quantile,0.75,1.4630520571220271
utah,2026-02-14,2,2026-02-28,Flu ED visits pct,quantile,0.75,3.260525821473662
virginia,2026-02-14,2,2026-02-28,Flu ED visits pct,quantile,0.75,1.9124843374973433
weld,2026-02-14,2,2026-02-28,Flu ED visits pct,quantile,0.75,3.5569015729005415
wnc,2026-02-14,2,2026-02-28,Flu ED visits pct,quantile,0.75,1.6799506496340835
worcester,2026-02-14,2,2026-02-28,Flu ED visits pct,quantile,0.75,2.2814754238568646
athens,2026-02-14,3,2026-03-07,Flu ED visits pct,quantile,0.75,3.1727506419465974
austin,2026-02-14,3,2026-03-07,Flu ED visits pct,quantile,0.75,3.7660288146330223
baltimore,2026-02-14,3,2026-03-07,Flu ED visits pct,quantile,0.75,1.308073072580097
bangor,2026-02-14,3,2026-03-07,Flu ED visits pct,quantile,0.75,3.34882034653277
beaumont,2026-02-14,3,2026-03-07,Flu ED visits pct,quantile,0.75,4.884165290939294
boston,2026-02-14,3,2026-03-07,Flu ED visits pct,quantile,0.75,1.8233698713728912
boulder,2026-02-14,3,2026-03-07,Flu ED visits pct,quantile,0.75,3.172343365133405
charleston,2026-02-14,3,2026-03-07,Flu ED visits pct,quantile,0.75,4.0617850311008175
cherokee,2026-02-14,3,2026-03-07,Flu ED visits pct,quantile,0.75,5.282008128367587
clt-area,2026-02-14,3,2026-03-07,Flu ED visits pct,quantile,0.75,1.9843111879356667
colorado,2026-02-14,3,2026-03-07,Flu ED visits pct,quantile,0.75,2.262304050155083
colorado-springs,2026-02-14,3,2026-03-07,Flu ED visits pct,quantile,0.75,2.149008543264153
columbia,2026-02-14,3,2026-03-07,Flu ED visits pct,quantile,0.75,4.353280914255386
columbus,2026-02-14,3,2026-03-07,Flu ED visits pct,quantile,0.75,3.444967227992272
dallas,2026-02-14,3,2026-03-07,Flu ED visits pct,quantile,0.75,2.5784055194068216
denver,2026-02-14,3,2026-03-07,Flu ED visits pct,quantile,0.75,2.242223534485614
deschutes,2026-02-14,3,2026-03-07,Flu ED visits pct,quantile,0.75,4.0956831702833885
duluth,2026-02-14,3,2026-03-07,Flu ED visits pct,quantile,0.75,2.8454033844564637
el-paso,2026-02-14,3,2026-03-07,Flu ED visits pct,quantile,0.75,3.9991114596008632
eugene,2026-02-14,3,2026-03-07,Flu ED visits pct,quantile,0.75,3.1898821620306976
fay-area,2026-02-14,3,2026-03-07,Flu ED visits pct,quantile,0.75,3.0910982927802997
florence,2026-02-14,3,2026-03-07,Flu ED visits pct,quantile,0.75,4.105161389472588
floyd,2026-02-14,3,2026-03-07,Flu ED visits pct,quantile,0.75,3.9268818804046974
frederick,2026-02-14,3,2026-03-07,Flu ED visits pct,quantile,0.75,1.9822080246935
georgia,2026-02-14,3,2026-03-07,Flu ED visits pct,quantile,0.75,3.419173724671523
greenville,2026-02-14,3,2026-03-07,Flu ED visits pct,quantile,0.75,2.418351226795464
hall,2026-02-14,3,2026-03-07,Flu ED visits pct,quantile,0.75,3.18205553612575
harford,2026-02-14,3,2026-03-07,Flu ED visits pct,quantile,0.75,1.7794326652988126
henry,2026-02-14,3,2026-03-07,Flu ED visits pct,quantile,0.75,3.1073524946539206
horry,2026-02-14,3,2026-03-07,Flu ED visits pct,quantile,0.75,4.45528277860634
houston,2026-02-14,3,2026-03-07,Flu ED visits pct,quantile,0.75,3.198926046869003
indiana,2026-02-14,3,2026-03-07,Flu ED visits pct,quantile,0.75,2.882969667887458
indianapolis,2026-02-14,3,2026-03-07,Flu ED visits pct,quantile,0.75,2.4415291778449735
la-grange,2026-02-14,3,2026-03-07,Flu ED visits pct,quantile,0.75,2.7751372137549057
larimer,2026-02-14,3,2026-03-07,Flu ED visits pct,quantile,0.75,2.817295412771208
lynn,2026-02-14,3,2026-03-07,Flu ED visits pct,quantile,0.75,2.3532642339666157
macon,2026-02-14,3,2026-03-07,Flu ED visits pct,quantile,0.75,1.6893056431538058
maine,2026-02-14,3,2026-03-07,Flu ED visits pct,quantile,0.75,1.6714662725171832
marietta,2026-02-14,3,2026-03-07,Flu ED visits pct,quantile,0.75,3.839020429550794
maryland,2026-02-14,3,2026-03-07,Flu ED visits pct,quantile,0.75,1.3990471098830701
massachusetts,2026-02-14,3,2026-03-07,Flu ED visits pct,quantile,0.75,1.8150991211547374
medford,2026-02-14,3,2026-03-07,Flu ED visits pct,quantile,0.75,3.6087323886312292
mesa,2026-02-14,3,2026-03-07,Flu ED visits pct,quantile,0.75,2.0889134909854223
minneapolis,2026-02-14,3,2026-03-07,Flu ED visits pct,quantile,0.75,2.4876656774281947
minnesota,2026-02-14,3,2026-03-07,Flu ED visits pct,quantile,0.75,2.306377739678055
montgomery,2026-02-14,3,2026-03-07,Flu ED visits pct,quantile,0.75,1.4869890720382724
nenc,2026-02-14,3,2026-03-07,Flu ED visits pct,quantile,0.75,1.9869438689611485
new-bedford,2026-02-14,3,2026-03-07,Flu ED visits pct,quantile,0.75,2.977974713058035
north-carolina,2026-02-14,3,2026-03-07,Flu ED visits pct,quantile,0.75,1.6668246050089106
nyc,2026-02-14,3,2026-03-07,ILI ED visits pct,quantile,0.75,5.085590768906053
ogden,2026-02-14,3,2026-03-07,Flu ED visits pct,quantile,0.75,2.9883516969680968
oregon,2026-02-14,3,2026-03-07,Flu ED visits pct,quantile,0.75,4.085949197775512
pittsfield,2026-02-14,3,2026-03-07,Flu ED visits pct,quantile,0.75,1.5176839169174097
portland,2026-02-14,3,2026-03-07,Flu ED visits pct,quantile,0.75,1.4803252164603167
portland-or,2026-02-14,3,2026-03-07,Flu ED visits pct,quantile,0.75,3.918390853901659
provo,2026-02-14,3,2026-03-07,Flu ED visits pct,quantile,0.75,4.1986761951532054
roanoke,2026-02-14,3,2026-03-07,Flu ED visits pct,quantile,0.75,2.3120182948005366
rochester,2026-02-14,3,2026-03-07,Flu ED visits pct,quantile,0.75,2.7684365504395494
rock-hill,2026-02-14,3,2026-03-07,Flu ED visits pct,quantile,0.75,2.8209950707519575
rtp-area,2026-02-14,3,2026-03-07,Flu ED visits pct,quantile,0.75,1.5451724236583364
salem,2026-02-14,3,2026-03-07,Flu ED visits pct,quantile,0.75,4.333760021858348
salt-lake-city,2026-02-14,3,2026-03-07,Flu ED visits pct,quantile,0.75,2.562373028588585
san-antonio,2026-02-14,3,2026-03-07,Flu ED visits pct,quantile,0.75,5.435816697994719
savannah,2026-02-14,3,2026-03-07,Flu ED visits pct,quantile,0.75,1.8927655505577399
senc,2026-02-14,3,2026-03-07,Flu ED visits pct,quantile,0.75,2.4097509091197384
south-augusta,2026-02-14,3,2026-03-07,Flu ED visits pct,quantile,0.75,1.727740928041146
south-carolina,2026-02-14,3,2026-03-07,Flu ED visits pct,quantile,0.75,3.996269419256749
springfield,2026-02-14,3,2026-03-07,Flu ED visits pct,quantile,0.75,2.164609672285399
st-cloud,2026-02-14,3,2026-03-07,Flu ED visits pct,quantile,0.75,3.6979415496011856
st-paul,2026-02-14,3,2026-03-07,Flu ED visits pct,quantile,0.75,2.3030588509584886
texas,2026-02-14,3,2026-03-07,Flu ED visits pct,quantile,0.75,4.5218796285582465
triad-area,2026-02-14,3,2026-03-07,Flu ED visits pct,quantile,0.75,1.2788975841833539
utah,2026-02-14,3,2026-03-07,Flu ED visits pct,quantile,0.75,3.0658976011478902
virginia,2026-02-14,3,2026-03-07,Flu ED visits pct,quantile,0.75,1.89810421892139
weld,2026-02-14,3,2026-03-07,Flu ED visits pct,quantile,0.75,3.662402203609813
wnc,2026-02-14,3,2026-03-07,Flu ED visits pct,quantile,0.75,1.4020237714802546
worcester,2026-02-14,3,2026-03-07,Flu ED visits pct,quantile,0.75,2.183557226513828
athens,2026-02-14,0,2026-02-14,Flu ED visits pct,quantile,0.9,2.905652903133787
austin,2026-02-14,0,2026-02-14,Flu ED visits pct,quantile,0.9,5.463600968915586
baltimore,2026-02-14,0,2026-02-14,Flu ED visits pct,quantile,0.9,1.142173502930792
bangor,2026-02-14,0,2026-02-14,Flu ED visits pct,quantile,0.9,3.9885915180406077
beaumont,2026-02-14,0,2026-02-14,Flu ED visits pct,quantile,0.9,6.525137554528577
boston,2026-02-14,0,2026-02-14,Flu ED visits pct,quantile,0.9,1.969318510146912
boulder,2026-02-14,0,2026-02-14,Flu ED visits pct,quantile,0.9,5.009845904142415
charleston,2026-02-14,0,2026-02-14,Flu ED visits pct,quantile,0.9,7.0886682050048675
cherokee,2026-02-14,0,2026-02-14,Flu ED visits pct,quantile,0.9,5.318895615713396
clt-area,2026-02-14,0,2026-02-14,Flu ED visits pct,quantile,0.9,3.355583655409348
colorado,2026-02-14,0,2026-02-14,Flu ED visits pct,quantile,0.9,2.50900165822375
colorado-springs,2026-02-14,0,2026-02-14,Flu ED visits pct,quantile,0.9,2.8203326092426777
columbia,2026-02-14,0,2026-02-14,Flu ED visits pct,quantile,0.9,5.2113815584952174
columbus,2026-02-14,0,2026-02-14,Flu ED visits pct,quantile,0.9,7.048853826468288
dallas,2026-02-14,0,2026-02-14,Flu ED visits pct,quantile,0.9,3.720234677063005
denver,2026-02-14,0,2026-02-14,Flu ED visits pct,quantile,0.9,2.236833660232991
deschutes,2026-02-14,0,2026-02-14,Flu ED visits pct,quantile,0.9,7.240448623970652
duluth,2026-02-14,0,2026-02-14,Flu ED visits pct,quantile,0.9,3.2444030210763044
el-paso,2026-02-14,0,2026-02-14,Flu ED visits pct,quantile,0.9,2.7326764265455
eugene,2026-02-14,0,2026-02-14,Flu ED visits pct,quantile,0.9,6.546231677260241
fay-area,2026-02-14,0,2026-02-14,Flu ED visits pct,quantile,0.9,5.115630307427181
florence,2026-02-14,0,2026-02-14,Flu ED visits pct,quantile,0.9,6.007427193579744
floyd,2026-02-14,0,2026-02-14,Flu ED visits pct,quantile,0.9,4.208552244766702
frederick,2026-02-14,0,2026-02-14,Flu ED visits pct,quantile,0.9,2.1087099132970932
georgia,2026-02-14,0,2026-02-14,Flu ED visits pct,quantile,0.9,4.021784355623985
greenville,2026-02-14,0,2026-02-14,Flu ED visits pct,quantile,0.9,3.35031015441282
hall,2026-02-14,0,2026-02-14,Flu ED visits pct,quantile,0.9,3.029673753196352
harford,2026-02-14,0,2026-02-14,Flu ED visits pct,quantile,0.9,1.8618514438588176
henry,2026-02-14,0,2026-02-14,Flu ED visits pct,quantile,0.9,2.910997420035654
horry,2026-02-14,0,2026-02-14,Flu ED visits pct,quantile,0.9,5.662372220932661
houston,2026-02-14,0,2026-02-14,Flu ED visits pct,quantile,0.9,2.6709907172147638
indiana,2026-02-14,0,2026-02-14,Flu ED visits pct,quantile,0.9,3.7415049043162742
indianapolis,2026-02-14,0,2026-02-14,Flu ED visits pct,quantile,0.9,3.5774467407989157
la-grange,2026-02-14,0,2026-02-14,Flu ED visits pct,quantile,0.9,3.7203643413796206
larimer,2026-02-14,0,2026-02-14,Flu ED visits pct,quantile,0.9,3.083962156907832
lynn,2026-02-14,0,2026-02-14,Flu ED visits pct,quantile,0.9,2.6470775159447077
macon,2026-02-14,0,2026-02-14,Flu ED visits pct,quantile,0.9,2.7199392842033445
maine,2026-02-14,0,2026-02-14,Flu ED visits pct,quantile,0.9,2.5833868666368636
marietta,2026-02-14,0,2026-02-14,Flu ED visits pct,quantile,0.9,3.9552507496866043
maryland,2026-02-14,0,2026-02-14,Flu ED visits pct,quantile,0.9,1.5144681381910436
massachusetts,2026-02-14,0,2026-02-14,Flu ED visits pct,quantile,0.9,2.100933697557198
medford,2026-02-14,0,2026-02-14,Flu ED visits pct,quantile,0.9,7.758340144347492
mesa,2026-02-14,0,2026-02-14,Flu ED visits pct,quantile,0.9,3.0074533795285188
minneapolis,2026-02-14,0,2026-02-14,Flu ED visits pct,quantile,0.9,2.5032433444316444
minnesota,2026-02-14,0,2026-02-14,Flu ED visits pct,quantile,0.9,3.0756469871403835
montgomery,2026-02-14,0,2026-02-14,Flu ED visits pct,quantile,0.9,1.452567091131155
nenc,2026-02-14,0,2026-02-14,Flu ED visits pct,quantile,0.9,3.269960559422439
new-bedford,2026-02-14,0,2026-02-14,Flu ED visits pct,quantile,0.9,3.0482703728458667
north-carolina,2026-02-14,0,2026-02-14,Flu ED visits pct,quantile,0.9,3.0765036898996305
nyc,2026-02-14,0,2026-02-14,ILI ED visits pct,quantile,0.9,4.591422792372442
ogden,2026-02-14,0,2026-02-14,Flu ED visits pct,quantile,0.9,4.536011554600239
oregon,2026-02-14,0,2026-02-14,Flu ED visits pct,quantile,0.9,7.6453456638446715
pittsfield,2026-02-14,0,2026-02-14,Flu ED visits pct,quantile,0.9,1.9767501131381469
portland,2026-02-14,0,2026-02-14,Flu ED visits pct,quantile,0.9,2.0199075758337566
portland-or,2026-02-14,0,2026-02-14,Flu ED visits pct,quantile,0.9,7.097212437938671
provo,2026-02-14,0,2026-02-14,Flu ED visits pct,quantile,0.9,5.195853356562459
roanoke,2026-02-14,0,2026-02-14,Flu ED visits pct,quantile,0.9,3.3891195887709507
rochester,2026-02-14,0,2026-02-14,Flu ED visits pct,quantile,0.9,5.155639010234263
rock-hill,2026-02-14,0,2026-02-14,Flu ED visits pct,quantile,0.9,2.568009414993905
rtp-area,2026-02-14,0,2026-02-14,Flu ED visits pct,quantile,0.9,2.9147396551087312
salem,2026-02-14,0,2026-02-14,Flu ED visits pct,quantile,0.9,8.629623656495536
salt-lake-city,2026-02-14,0,2026-02-14,Flu ED visits pct,quantile,0.9,3.7238305896377497
san-antonio,2026-02-14,0,2026-02-14,Flu ED visits pct,quantile,0.9,9.44504546933537
savannah,2026-02-14,0,2026-02-14,Flu ED visits pct,quantile,0.9,4.138137919352378
senc,2026-02-14,0,2026-02-14,Flu ED visits pct,quantile,0.9,3.4192379033372307
south-augusta,2026-02-14,0,2026-02-14,Flu ED visits pct,quantile,0.9,2.808575747620585
south-carolina,2026-02-14,0,2026-02-14,Flu ED visits pct,quantile,0.9,5.4575468362070385
springfield,2026-02-14,0,2026-02-14,Flu ED visits pct,quantile,0.9,2.3513978104241358
st-cloud,2026-02-14,0,2026-02-14,Flu ED visits pct,quantile,0.9,5.553473613788375
st-paul,2026-02-14,0,2026-02-14,Flu ED visits pct,quantile,0.9,2.156522695561764
texas,2026-02-14,0,2026-02-14,Flu ED visits pct,quantile,0.9,5.380537006156483
triad-area,2026-02-14,0,2026-02-14,Flu ED visits pct,quantile,0.9,2.3278515162590865
utah,2026-02-14,0,2026-02-14,Flu ED visits pct,quantile,0.9,4.050207466515829
virginia,2026-02-14,0,2026-02-14,Flu ED visits pct,quantile,0.9,2.73773419284859
weld,2026-02-14,0,2026-02-14,Flu ED visits pct,quantile,0.9,3.350232066513507
wnc,2026-02-14,0,2026-02-14,Flu ED visits pct,quantile,0.9,2.5183621323979577
worcester,2026-02-14,0,2026-02-14,Flu ED visits pct,quantile,0.9,2.5503903982021545
athens,2026-02-14,1,2026-02-21,Flu ED visits pct,quantile,0.9,3.2946876577838164
austin,2026-02-14,1,2026-02-21,Flu ED visits pct,quantile,0.9,5.485176886484961
baltimore,2026-02-14,1,2026-02-21,Flu ED visits pct,quantile,0.9,1.357494544014671
bangor,2026-02-14,1,2026-02-21,Flu ED visits pct,quantile,0.9,4.532087915299445
beaumont,2026-02-14,1,2026-02-21,Flu ED visits pct,quantile,0.9,7.212406738120574
boston,2026-02-14,1,2026-02-21,Flu ED visits pct,quantile,0.9,2.1832575662205236
boulder,2026-02-14,1,2026-02-21,Flu ED visits pct,quantile,0.9,5.0237181353212685
charleston,2026-02-14,1,2026-02-21,Flu ED visits pct,quantile,0.9,6.4598662026245455
cherokee,2026-02-14,1,2026-02-21,Flu ED visits pct,quantile,0.9,6.485887417494131
clt-area,2026-02-14,1,2026-02-21,Flu ED visits pct,quantile,0.9,2.9831064775210643
colorado,2026-02-14,1,2026-02-21,Flu ED visits pct,quantile,0.9,2.6080098174706663
colorado-springs,2026-02-14,1,2026-02-21,Flu ED visits pct,quantile,0.9,2.9441563962335517
columbia,2026-02-14,1,2026-02-21,Flu ED visits pct,quantile,0.9,6.183018099240905
columbus,2026-02-14,1,2026-02-21,Flu ED visits pct,quantile,0.9,6.027682248897514
dallas,2026-02-14,1,2026-02-21,Flu ED visits pct,quantile,0.9,3.705371989042973
denver,2026-02-14,1,2026-02-21,Flu ED visits pct,quantile,0.9,2.4202386189446483
deschutes,2026-02-14,1,2026-02-21,Flu ED visits pct,quantile,0.9,6.585773389202403
duluth,2026-02-14,1,2026-02-21,Flu ED visits pct,quantile,0.9,3.6596793032672137
el-paso,2026-02-14,1,2026-02-21,Flu ED visits pct,quantile,0.9,3.290768832215739
eugene,2026-02-14,1,2026-02-21,Flu ED visits pct,quantile,0.9,5.617131166844037
fay-area,2026-02-14,1,2026-02-21,Flu ED visits pct,quantile,0.9,4.545038156036304
florence,2026-02-14,1,2026-02-21,Flu ED visits pct,quantile,0.9,5.906364814318028
floyd,2026-02-14,1,2026-02-21,Flu ED visits pct,quantile,0.9,5.079511448085281
frederick,2026-02-14,1,2026-02-21,Flu ED visits pct,quantile,0.9,2.3741102115047674
georgia,2026-02-14,1,2026-02-21,Flu ED visits pct,quantile,0.9,4.276380124453627
greenville,2026-02-14,1,2026-02-21,Flu ED visits pct,quantile,0.9,3.6357201829127224
hall,2026-02-14,1,2026-02-21,Flu ED visits pct,quantile,0.9,3.4757721134269186
harford,2026-02-14,1,2026-02-21,Flu ED visits pct,quantile,0.9,2.1318027126652517
henry,2026-02-14,1,2026-02-21,Flu ED visits pct,quantile,0.9,3.455850986825613
horry,2026-02-14,1,2026-02-21,Flu ED visits pct,quantile,0.9,6.2363510055570215
houston,2026-02-14,1,2026-02-21,Flu ED visits pct,quantile,0.9,3.240611812801555
indiana,2026-02-14,1,2026-02-21,Flu ED visits pct,quantile,0.9,3.854437759021501
indianapolis,2026-02-14,1,2026-02-21,Flu ED visits pct,quantile,0.9,3.5778819734790246
la-grange,2026-02-14,1,2026-02-21,Flu ED visits pct,quantile,0.9,3.9500822899531163
larimer,2026-02-14,1,2026-02-21,Flu ED visits pct,quantile,0.9,3.6883687943952
lynn,2026-02-14,1,2026-02-21,Flu ED visits pct,quantile,0.9,3.036026781425687
macon,2026-02-14,1,2026-02-21,Flu ED visits pct,quantile,0.9,2.6476625973786163
maine,2026-02-14,1,2026-02-21,Flu ED visits pct,quantile,0.9,2.6564254731609753
marietta,2026-02-14,1,2026-02-21,Flu ED visits pct,quantile,0.9,4.72511458023768
maryland,2026-02-14,1,2026-02-21,Flu ED visits pct,quantile,0.9,1.7077873201203881
massachusetts,2026-02-14,1,2026-02-21,Flu ED visits pct,quantile,0.9,2.259907180856107
medford,2026-02-14,1,2026-02-21,Flu ED visits pct,quantile,0.9,6.719695379050788
mesa,2026-02-14,1,2026-02-21,Flu ED visits pct,quantile,0.9,2.9271732821039116
minneapolis,2026-02-14,1,2026-02-21,Flu ED visits pct,quantile,0.9,2.7500166884971624
minnesota,2026-02-14,1,2026-02-21,Flu ED visits pct,quantile,0.9,3.1314728938883083
montgomery,2026-02-14,1,2026-02-21,Flu ED visits pct,quantile,0.9,1.662729663101992
nenc,2026-02-14,1,2026-02-21,Flu ED visits pct,quantile,0.9,2.952396278153536
new-bedford,2026-02-14,1,2026-02-21,Flu ED visits pct,quantile,0.9,3.495229400537681
north-carolina,2026-02-14,1,2026-02-21,Flu ED visits pct,quantile,0.9,2.7664296805747592
nyc,2026-02-14,1,2026-02-21,ILI ED visits pct,quantile,0.9,5.119355537136791
ogden,2026-02-14,1,2026-02-21,Flu ED visits pct,quantile,0.9,4.57365796677251
oregon,2026-02-14,1,2026-02-21,Flu ED visits pct,quantile,0.9,6.856564936066709
pittsfield,2026-02-14,1,2026-02-21,Flu ED visits pct,quantile,0.9,2.184676738839442
portland,2026-02-14,1,2026-02-21,Flu ED visits pct,quantile,0.9,2.0172728548117296
portland-or,2026-02-14,1,2026-02-21,Flu ED visits pct,quantile,0.9,6.527345697618763
provo,2026-02-14,1,2026-02-21,Flu ED visits pct,quantile,0.9,5.932545180105422
roanoke,2026-02-14,1,2026-02-21,Flu ED visits pct,quantile,0.9,3.2863537840720127
rochester,2026-02-14,1,2026-02-21,Flu ED visits pct,quantile,0.9,4.663091179331082
rock-hill,2026-02-14,1,2026-02-21,Flu ED visits pct,quantile,0.9,3.080401105038336
rtp-area,2026-02-14,1,2026-02-21,Flu ED visits pct,quantile,0.9,2.5935216944404718
salem,2026-02-14,1,2026-02-21,Flu ED visits pct,quantile,0.9,7.518215381002021
salt-lake-city,2026-02-14,1,2026-02-21,Flu ED visits pct,quantile,0.9,3.59203949903812
san-antonio,2026-02-14,1,2026-02-21,Flu ED visits pct,quantile,0.9,8.538482919710686
savannah,2026-02-14,1,2026-02-21,Flu ED visits pct,quantile,0.9,3.5365890019367656
senc,2026-02-14,1,2026-02-21,Flu ED visits pct,quantile,0.9,3.209608360629943
south-augusta,2026-02-14,1,2026-02-21,Flu ED visits pct,quantile,0.9,2.6413135901287528
south-carolina,2026-02-14,1,2026-02-21,Flu ED visits pct,quantile,0.9,5.884810273863861
springfield,2026-02-14,1,2026-02-21,Flu ED visits pct,quantile,0.9,2.7332632317948415
st-cloud,2026-02-14,1,2026-02-21,Flu ED visits pct,quantile,0.9,5.543466831663845
st-paul,2026-02-14,1,2026-02-21,Flu ED visits pct,quantile,0.9,2.5107439869834955
texas,2026-02-14,1,2026-02-21,Flu ED visits pct,quantile,0.9,5.541654577085711
triad-area,2026-02-14,1,2026-02-21,Flu ED visits pct,quantile,0.9,2.0595511686356933
utah,2026-02-14,1,2026-02-21,Flu ED visits pct,quantile,0.9,4.043507756421675
virginia,2026-02-14,1,2026-02-21,Flu ED visits pct,quantile,0.9,2.8739324069711434
weld,2026-02-14,1,2026-02-21,Flu ED visits pct,quantile,0.9,3.8429216680436453
wnc,2026-02-14,1,2026-02-21,Flu ED visits pct,quantile,0.9,2.2622032385198754
worcester,2026-02-14,1,2026-02-21,Flu ED visits pct,quantile,0.9,2.859729051276203
athens,2026-02-14,2,2026-02-28,Flu ED visits pct,quantile,0.9,3.8722418757974557
austin,2026-02-14,2,2026-02-28,Flu ED visits pct,quantile,0.9,4.992602033713451
baltimore,2026-02-14,2,2026-02-28,Flu ED visits pct,quantile,0.9,1.5076217150891729
bangor,2026-02-14,2,2026-02-28,Flu ED visits pct,quantile,0.9,4.590093015026631
beaumont,2026-02-14,2,2026-02-28,Flu ED visits pct,quantile,0.9,7.0454759923941825
boston,2026-02-14,2,2026-02-28,Flu ED visits pct,quantile,0.9,2.389446719639999
boulder,2026-02-14,2,2026-02-28,Flu ED visits pct,quantile,0.9,4.503828528228322
charleston,2026-02-14,2,2026-02-28,Flu ED visits pct,quantile,0.9,5.773044022263629
cherokee,2026-02-14,2,2026-02-28,Flu ED visits pct,quantile,0.9,7.092613917942941
clt-area,2026-02-14,2,2026-02-28,Flu ED visits pct,quantile,0.9,2.6694319408594867
colorado,2026-02-14,2,2026-02-28,Flu ED visits pct,quantile,0.9,2.9068659649345463
colorado-springs,2026-02-14,2,2026-02-28,Flu ED visits pct,quantile,0.9,3.126087078480088
columbia,2026-02-14,2,2026-02-28,Flu ED visits pct,quantile,0.9,7.093362664698091
columbus,2026-02-14,2,2026-02-28,Flu ED visits pct,quantile,0.9,5.123000993942004
dallas,2026-02-14,2,2026-02-28,Flu ED visits pct,quantile,0.9,3.705110629841051
denver,2026-02-14,2,2026-02-28,Flu ED visits pct,quantile,0.9,2.7369646312891023
deschutes,2026-02-14,2,2026-02-28,Flu ED visits pct,quantile,0.9,5.8436816333727
duluth,2026-02-14,2,2026-02-28,Flu ED visits pct,quantile,0.9,4.109875961371195
el-paso,2026-02-14,2,2026-02-28,Flu ED visits pct,quantile,0.9,3.8065714124643932
eugene,2026-02-14,2,2026-02-28,Flu ED visits pct,quantile,0.9,4.768315785770112
fay-area,2026-02-14,2,2026-02-28,Flu ED visits pct,quantile,0.9,3.9765560200470436
florence,2026-02-14,2,2026-02-28,Flu ED visits pct,quantile,0.9,5.903756025821575
floyd,2026-02-14,2,2026-02-28,Flu ED visits pct,quantile,0.9,5.568755496144997
frederick,2026-02-14,2,2026-02-28,Flu ED visits pct,quantile,0.9,2.76535440219946
georgia,2026-02-14,2,2026-02-28,Flu ED visits pct,quantile,0.9,4.556145833448409
greenville,2026-02-14,2,2026-02-28,Flu ED visits pct,quantile,0.9,4.200858605480276
hall,2026-02-14,2,2026-02-28,Flu ED visits pct,quantile,0.9,3.8320878245062837
harford,2026-02-14,2,2026-02-28,Flu ED visits pct,quantile,0.9,2.507257760199676
henry,2026-02-14,2,2026-02-28,Flu ED visits pct,quantile,0.9,3.988683023331476
horry,2026-02-14,2,2026-02-28,Flu ED visits pct,quantile,0.9,6.983202470052232
houston,2026-02-14,2,2026-02-28,Flu ED visits pct,quantile,0.9,3.6382696857755685
indiana,2026-02-14,2,2026-02-28,Flu ED visits pct,quantile,0.9,4.272057023379096
indianapolis,2026-02-14,2,2026-02-28,Flu ED visits pct,quantile,0.9,3.52277320425874
la-grange,2026-02-14,2,2026-02-28,Flu ED visits pct,quantile,0.9,4.7237696682300445
larimer,2026-02-14,2,2026-02-28,Flu ED visits pct,quantile,0.9,3.994033086920215
lynn,2026-02-14,2,2026-02-28,Flu ED visits pct,quantile,0.9,3.4442157046711395
macon,2026-02-14,2,2026-02-28,Flu ED visits pct,quantile,0.9,2.5449623289986487
maine,2026-02-14,2,2026-02-28,Flu ED visits pct,quantile,0.9,2.642854062809131
marietta,2026-02-14,2,2026-02-28,Flu ED visits pct,quantile,0.9,5.230641374965056
maryland,2026-02-14,2,2026-02-28,Flu ED visits pct,quantile,0.9,1.8640245784569638
massachusetts,2026-02-14,2,2026-02-28,Flu ED visits pct,quantile,0.9,2.6546304041974857
medford,2026-02-14,2,2026-02-28,Flu ED visits pct,quantile,0.9,5.795619882066244
mesa,2026-02-14,2,2026-02-28,Flu ED visits pct,quantile,0.9,2.820343996807691
minneapolis,2026-02-14,2,2026-02-28,Flu ED visits pct,quantile,0.9,3.073298389802408
minnesota,2026-02-14,2,2026-02-28,Flu ED visits pct,quantile,0.9,3.4558753929828483
montgomery,2026-02-14,2,2026-02-28,Flu ED visits pct,quantile,0.9,1.8151268637843807
nenc,2026-02-14,2,2026-02-28,Flu ED visits pct,quantile,0.9,2.629699417282341
new-bedford,2026-02-14,2,2026-02-28,Flu ED visits pct,quantile,0.9,3.9097863873318772
north-carolina,2026-02-14,2,2026-02-28,Flu ED visits pct,quantile,0.9,2.4274302748602565
nyc,2026-02-14,2,2026-02-28,ILI ED visits pct,quantile,0.9,5.920416290803353
ogden,2026-02-14,2,2026-02-28,Flu ED visits pct,quantile,0.9,4.269769194229395
oregon,2026-02-14,2,2026-02-28,Flu ED visits pct,quantile,0.9,6.108638909293284
pittsfield,2026-02-14,2,2026-02-28,Flu ED visits pct,quantile,0.9,2.6859995071560085
portland,2026-02-14,2,2026-02-28,Flu ED visits pct,quantile,0.9,2.196283733295673
portland-or,2026-02-14,2,2026-02-28,Flu ED visits pct,quantile,0.9,5.796096794043411
provo,2026-02-14,2,2026-02-28,Flu ED visits pct,quantile,0.9,6.039165982812969
roanoke,2026-02-14,2,2026-02-28,Flu ED visits pct,quantile,0.9,3.328288234007005
rochester,2026-02-14,2,2026-02-28,Flu ED visits pct,quantile,0.9,3.984518680263148
rock-hill,2026-02-14,2,2026-02-28,Flu ED visits pct,quantile,0.9,3.644159214487576
rtp-area,2026-02-14,2,2026-02-28,Flu ED visits pct,quantile,0.9,2.223102099771811
salem,2026-02-14,2,2026-02-28,Flu ED visits pct,quantile,0.9,6.6278478767938935
salt-lake-city,2026-02-14,2,2026-02-28,Flu ED visits pct,quantile,0.9,3.4628086113128225
san-antonio,2026-02-14,2,2026-02-28,Flu ED visits pct,quantile,0.9,7.565905426568416
savannah,2026-02-14,2,2026-02-28,Flu ED visits pct,quantile,0.9,2.963582379700236
senc,2026-02-14,2,2026-02-28,Flu ED visits pct,quantile,0.9,2.919967476928358
south-augusta,2026-02-14,2,2026-02-28,Flu ED visits pct,quantile,0.9,2.2999082524364103
south-carolina,2026-02-14,2,2026-02-28,Flu ED visits pct,quantile,0.9,5.819343454799356
springfield,2026-02-14,2,2026-02-28,Flu ED visits pct,quantile,0.9,3.000949351015903
st-cloud,2026-02-14,2,2026-02-28,Flu ED visits pct,quantile,0.9,5.475236695342396
st-paul,2026-02-14,2,2026-02-28,Flu ED visits pct,quantile,0.9,2.596909995249988
texas,2026-02-14,2,2026-02-28,Flu ED visits pct,quantile,0.9,5.824965716785147
triad-area,2026-02-14,2,2026-02-28,Flu ED visits pct,quantile,0.9,1.766242748707563
utah,2026-02-14,2,2026-02-28,Flu ED visits pct,quantile,0.9,4.095933366827086
virginia,2026-02-14,2,2026-02-28,Flu ED visits pct,quantile,0.9,3.137828826974526
weld,2026-02-14,2,2026-02-28,Flu ED visits pct,quantile,0.9,4.271520848780222
wnc,2026-02-14,2,2026-02-28,Flu ED visits pct,quantile,0.9,1.9425148296899275
worcester,2026-02-14,2,2026-02-28,Flu ED visits pct,quantile,0.9,3.195060392894533
athens,2026-02-14,3,2026-03-07,Flu ED visits pct,quantile,0.9,4.091843588580963
austin,2026-02-14,3,2026-03-07,Flu ED visits pct,quantile,0.9,5.054022105933585
baltimore,2026-02-14,3,2026-03-07,Flu ED visits pct,quantile,0.9,1.9515672405455697
bangor,2026-02-14,3,2026-03-07,Flu ED visits pct,quantile,0.9,4.968365921863576
beaumont,2026-02-14,3,2026-03-07,Flu ED visits pct,quantile,0.9,7.061204120820825
boston,2026-02-14,3,2026-03-07,Flu ED visits pct,quantile,0.9,2.710592865598667
boulder,2026-02-14,3,2026-03-07,Flu ED visits pct,quantile,0.9,4.566928863492973
charleston,2026-02-14,3,2026-03-07,Flu ED visits pct,quantile,0.9,5.636052873709433
cherokee,2026-02-14,3,2026-03-07,Flu ED visits pct,quantile,0.9,7.3532545603899235
clt-area,2026-02-14,3,2026-03-07,Flu ED visits pct,quantile,0.9,2.4912031719843903
colorado,2026-02-14,3,2026-03-07,Flu ED visits pct,quantile,0.9,3.0436788627388065
colorado-springs,2026-02-14,3,2026-03-07,Flu ED visits pct,quantile,0.9,3.2940501108291933
columbia,2026-02-14,3,2026-03-07,Flu ED visits pct,quantile,0.9,7.232396958299552
columbus,2026-02-14,3,2026-03-07,Flu ED visits pct,quantile,0.9,4.909301906280181
dallas,2026-02-14,3,2026-03-07,Flu ED visits pct,quantile,0.9,3.7353150403700597
denver,2026-02-14,3,2026-03-07,Flu ED visits pct,quantile,0.9,2.9961166788459903
deschutes,2026-02-14,3,2026-03-07,Flu ED visits pct,quantile,0.9,5.866492891216775
duluth,2026-02-14,3,2026-03-07,Flu ED visits pct,quantile,0.9,4.246370329820586
el-paso,2026-02-14,3,2026-03-07,Flu ED visits pct,quantile,0.9,4.6413286163070575
eugene,2026-02-14,3,2026-03-07,Flu ED visits pct,quantile,0.9,4.582340144971501
fay-area,2026-02-14,3,2026-03-07,Flu ED visits pct,quantile,0.9,3.8116060808997703
florence,2026-02-14,3,2026-03-07,Flu ED visits pct,quantile,0.9,5.961625763501805
floyd,2026-02-14,3,2026-03-07,Flu ED visits pct,quantile,0.9,5.773103624061335
frederick,2026-02-14,3,2026-03-07,Flu ED visits pct,quantile,0.9,3.0664535030415894
georgia,2026-02-14,3,2026-03-07,Flu ED visits pct,quantile,0.9,4.860773482299252
greenville,2026-02-14,3,2026-03-07,Flu ED visits pct,quantile,0.9,4.285238507755256
hall,2026-02-14,3,2026-03-07,Flu ED visits pct,quantile,0.9,4.017271867957233
harford,2026-02-14,3,2026-03-07,Flu ED visits pct,quantile,0.9,2.7899097035182683
henry,2026-02-14,3,2026-03-07,Flu ED visits pct,quantile,0.9,4.137335550345983
horry,2026-02-14,3,2026-03-07,Flu ED visits pct,quantile,0.9,7.114238252995904
houston,2026-02-14,3,2026-03-07,Flu ED visits pct,quantile,0.9,4.092958233638724
indiana,2026-02-14,3,2026-03-07,Flu ED visits pct,quantile,0.9,4.4538282234178626
indianapolis,2026-02-14,3,2026-03-07,Flu ED visits pct,quantile,0.9,3.5602753244540377
la-grange,2026-02-14,3,2026-03-07,Flu ED visits pct,quantile,0.9,4.695937155902945
larimer,2026-02-14,3,2026-03-07,Flu ED visits pct,quantile,0.9,4.059475962151117
lynn,2026-02-14,3,2026-03-07,Flu ED visits pct,quantile,0.9,3.569074797579409
macon,2026-02-14,3,2026-03-07,Flu ED visits pct,quantile,0.9,2.6026467500896278
maine,2026-02-14,3,2026-03-07,Flu ED visits pct,quantile,0.9,2.788941141031456
marietta,2026-02-14,3,2026-03-07,Flu ED visits pct,quantile,0.9,5.337893354332377
maryland,2026-02-14,3,2026-03-07,Flu ED visits pct,quantile,0.9,2.182217217377719
massachusetts,2026-02-14,3,2026-03-07,Flu ED visits pct,quantile,0.9,2.899535533755565
medford,2026-02-14,3,2026-03-07,Flu ED visits pct,quantile,0.9,5.530168201722554
mesa,2026-02-14,3,2026-03-07,Flu ED visits pct,quantile,0.9,2.8652318251816227
minneapolis,2026-02-14,3,2026-03-07,Flu ED visits pct,quantile,0.9,3.3877180589816627
minnesota,2026-02-14,3,2026-03-07,Flu ED visits pct,quantile,0.9,3.6131640254810224
montgomery,2026-02-14,3,2026-03-07,Flu ED visits pct,quantile,0.9,2.17147750945618
nenc,2026-02-14,3,2026-03-07,Flu ED visits pct,quantile,0.9,2.6026416981211296
new-bedford,2026-02-14,3,2026-03-07,Flu ED visits pct,quantile,0.9,4.088945168976581
north-carolina,2026-02-14,3,2026-03-07,Flu ED visits pct,quantile,0.9,2.3266530295085266
nyc,2026-02-14,3,2026-03-07,ILI ED visits pct,quantile,0.9,6.585576776976059
ogden,2026-02-14,3,2026-03-07,Flu ED visits pct,quantile,0.9,4.319760196574699
oregon,2026-02-14,3,2026-03-07,Flu ED visits pct,quantile,0.9,5.932431686546213
pittsfield,2026-02-14,3,2026-03-07,Flu ED visits pct,quantile,0.9,2.9087330831165397
portland,2026-02-14,3,2026-03-07,Flu ED visits pct,quantile,0.9,2.279356253443185
portland-or,2026-02-14,3,2026-03-07,Flu ED visits pct,quantile,0.9,5.662088943437258
provo,2026-02-14,3,2026-03-07,Flu ED visits pct,quantile,0.9,6.017758278024023
roanoke,2026-02-14,3,2026-03-07,Flu ED visits pct,quantile,0.9,3.395292119391977
rochester,2026-02-14,3,2026-03-07,Flu ED visits pct,quantile,0.9,3.834076783301934
rock-hill,2026-02-14,3,2026-03-07,Flu ED visits pct,quantile,0.9,3.9409410589804574
rtp-area,2026-02-14,3,2026-03-07,Flu ED visits pct,quantile,0.9,2.1289765641010505
salem,2026-02-14,3,2026-03-07,Flu ED visits pct,quantile,0.9,6.407534268435143
salt-lake-city,2026-02-14,3,2026-03-07,Flu ED visits pct,quantile,0.9,3.603436068180032
san-antonio,2026-02-14,3,2026-03-07,Flu ED visits pct,quantile,0.9,7.299814619040972
savannah,2026-02-14,3,2026-03-07,Flu ED visits pct,quantile,0.9,2.808617686767785
senc,2026-02-14,3,2026-03-07,Flu ED visits pct,quantile,0.9,2.949614501812415
south-augusta,2026-02-14,3,2026-03-07,Flu ED visits pct,quantile,0.9,2.282057086788673
south-carolina,2026-02-14,3,2026-03-07,Flu ED visits pct,quantile,0.9,6.147507101901244
springfield,2026-02-14,3,2026-03-07,Flu ED visits pct,quantile,0.9,3.292333802548865
st-cloud,2026-02-14,3,2026-03-07,Flu ED visits pct,quantile,0.9,5.4556027361681325
st-paul,2026-02-14,3,2026-03-07,Flu ED visits pct,quantile,0.9,3.1086258530207025
texas,2026-02-14,3,2026-03-07,Flu ED visits pct,quantile,0.9,5.991408066601763
triad-area,2026-02-14,3,2026-03-07,Flu ED visits pct,quantile,0.9,1.713844718627815
utah,2026-02-14,3,2026-03-07,Flu ED visits pct,quantile,0.9,4.257026937875716
virginia,2026-02-14,3,2026-03-07,Flu ED visits pct,quantile,0.9,3.40243354597877
weld,2026-02-14,3,2026-03-07,Flu ED visits pct,quantile,0.9,4.600201158722156
wnc,2026-02-14,3,2026-03-07,Flu ED visits pct,quantile,0.9,1.8796825061761773
worcester,2026-02-14,3,2026-03-07,Flu ED visits pct,quantile,0.9,3.511478180712466
athens,2026-02-14,0,2026-02-14,Flu ED visits pct,quantile,0.95,2.9191259982026114
austin,2026-02-14,0,2026-02-14,Flu ED visits pct,quantile,0.95,6.026711384734564
baltimore,2026-02-14,0,2026-02-14,Flu ED visits pct,quantile,0.95,1.235376603094074
bangor,2026-02-14,0,2026-02-14,Flu ED visits pct,quantile,0.95,4.14858227458749
beaumont,2026-02-14,0,2026-02-14,Flu ED visits pct,quantile,0.95,6.738874269103981
boston,2026-02-14,0,2026-02-14,Flu ED visits pct,quantile,0.95,2.026504630230134
boulder,2026-02-14,0,2026-02-14,Flu ED visits pct,quantile,0.95,5.291760389113072
charleston,2026-02-14,0,2026-02-14,Flu ED visits pct,quantile,0.95,7.911441576891189
cherokee,2026-02-14,0,2026-02-14,Flu ED visits pct,quantile,0.95,5.348205225612633
clt-area,2026-02-14,0,2026-02-14,Flu ED visits pct,quantile,0.95,3.6092127500453595
colorado,2026-02-14,0,2026-02-14,Flu ED visits pct,quantile,0.95,2.7863079833467563
colorado-springs,2026-02-14,0,2026-02-14,Flu ED visits pct,quantile,0.95,3.0252701174221825
columbia,2026-02-14,0,2026-02-14,Flu ED visits pct,quantile,0.95,5.431384442694096
columbus,2026-02-14,0,2026-02-14,Flu ED visits pct,quantile,0.95,7.490862695993217
dallas,2026-02-14,0,2026-02-14,Flu ED visits pct,quantile,0.95,4.507091928611234
denver,2026-02-14,0,2026-02-14,Flu ED visits pct,quantile,0.95,2.335034210543493
deschutes,2026-02-14,0,2026-02-14,Flu ED visits pct,quantile,0.95,8.164020641594165
duluth,2026-02-14,0,2026-02-14,Flu ED visits pct,quantile,0.95,3.5130161791194343
el-paso,2026-02-14,0,2026-02-14,Flu ED visits pct,quantile,0.95,2.7384331849519494
eugene,2026-02-14,0,2026-02-14,Flu ED visits pct,quantile,0.95,7.480764775669162
fay-area,2026-02-14,0,2026-02-14,Flu ED visits pct,quantile,0.95,5.561891632617723
florence,2026-02-14,0,2026-02-14,Flu ED visits pct,quantile,0.95,6.43962762090099
floyd,2026-02-14,0,2026-02-14,Flu ED visits pct,quantile,0.95,4.405148196633707
frederick,2026-02-14,0,2026-02-14,Flu ED visits pct,quantile,0.95,2.133604659326027
georgia,2026-02-14,0,2026-02-14,Flu ED visits pct,quantile,0.95,4.275578006735814
greenville,2026-02-14,0,2026-02-14,Flu ED visits pct,quantile,0.95,3.8798084458526323
hall,2026-02-14,0,2026-02-14,Flu ED visits pct,quantile,0.95,3.064103801436
harford,2026-02-14,0,2026-02-14,Flu ED visits pct,quantile,0.95,1.912719040230696
henry,2026-02-14,0,2026-02-14,Flu ED visits pct,quantile,0.95,2.9428188075082256
horry,2026-02-14,0,2026-02-14,Flu ED visits pct,quantile,0.95,6.083943097544612
houston,2026-02-14,0,2026-02-14,Flu ED visits pct,quantile,0.95,2.9285492853106923
indiana,2026-02-14,0,2026-02-14,Flu ED visits pct,quantile,0.95,4.160890621597421
indianapolis,2026-02-14,0,2026-02-14,Flu ED visits pct,quantile,0.95,4.293575006241272
la-grange,2026-02-14,0,2026-02-14,Flu ED visits pct,quantile,0.95,4.084882262001442
larimer,2026-02-14,0,2026-02-14,Flu ED visits pct,quantile,0.95,3.2249978775787045
lynn,2026-02-14,0,2026-02-14,Flu ED visits pct,quantile,0.95,2.711509903578438
macon,2026-02-14,0,2026-02-14,Flu ED visits pct,quantile,0.95,3.187226765419114
maine,2026-02-14,0,2026-02-14,Flu ED visits pct,quantile,0.95,3.0632463917053863
marietta,2026-02-14,0,2026-02-14,Flu ED visits pct,quantile,0.95,3.9860473557409497
maryland,2026-02-14,0,2026-02-14,Flu ED visits pct,quantile,0.95,1.5195058464367577
massachusetts,2026-02-14,0,2026-02-14,Flu ED visits pct,quantile,0.95,2.271323589061852
medford,2026-02-14,0,2026-02-14,Flu ED visits pct,quantile,0.95,9.320166122627334
mesa,2026-02-14,0,2026-02-14,Flu ED visits pct,quantile,0.95,3.140034612188498
minneapolis,2026-02-14,0,2026-02-14,Flu ED visits pct,quantile,0.95,2.5881459092889663
minnesota,2026-02-14,0,2026-02-14,Flu ED visits pct,quantile,0.95,3.3689497253066634
montgomery,2026-02-14,0,2026-02-14,Flu ED visits pct,quantile,0.95,1.4787814193892632
nenc,2026-02-14,0,2026-02-14,Flu ED visits pct,quantile,0.95,3.585588056899545
new-bedford,2026-02-14,0,2026-02-14,Flu ED visits pct,quantile,0.95,3.1128998257076645
north-carolina,2026-02-14,0,2026-02-14,Flu ED visits pct,quantile,0.95,3.3540664951204384
nyc,2026-02-14,0,2026-02-14,ILI ED visits pct,quantile,0.95,4.604451043953653
ogden,2026-02-14,0,2026-02-14,Flu ED visits pct,quantile,0.95,4.849278301973986
oregon,2026-02-14,0,2026-02-14,Flu ED visits pct,quantile,0.95,8.88091470897065
pittsfield,2026-02-14,0,2026-02-14,Flu ED visits pct,quantile,0.95,2.1381978355446263
portland,2026-02-14,0,2026-02-14,Flu ED visits pct,quantile,0.95,2.172601303875405
portland-or,2026-02-14,0,2026-02-14,Flu ED visits pct,quantile,0.95,8.149224133763148
provo,2026-02-14,0,2026-02-14,Flu ED visits pct,quantile,0.95,5.339104208997789
roanoke,2026-02-14,0,2026-02-14,Flu ED visits pct,quantile,0.95,4.114285740433448
rochester,2026-02-14,0,2026-02-14,Flu ED visits pct,quantile,0.95,5.621860827188189
rock-hill,2026-02-14,0,2026-02-14,Flu ED visits pct,quantile,0.95,2.5715940374915496
rtp-area,2026-02-14,0,2026-02-14,Flu ED visits pct,quantile,0.95,3.213984947992056
salem,2026-02-14,0,2026-02-14,Flu ED visits pct,quantile,0.95,10.095713433772485
salt-lake-city,2026-02-14,0,2026-02-14,Flu ED visits pct,quantile,0.95,4.153198587588116
san-antonio,2026-02-14,0,2026-02-14,Flu ED visits pct,quantile,0.95,10.401756885382792
savannah,2026-02-14,0,2026-02-14,Flu ED visits pct,quantile,0.95,4.446000442035495
senc,2026-02-14,0,2026-02-14,Flu ED visits pct,quantile,0.95,3.563765198514178
south-augusta,2026-02-14,0,2026-02-14,Flu ED visits pct,quantile,0.95,3.138109875087081
south-carolina,2026-02-14,0,2026-02-14,Flu ED visits pct,quantile,0.95,5.979082195142499
springfield,2026-02-14,0,2026-02-14,Flu ED visits pct,quantile,0.95,2.355740459453112
st-cloud,2026-02-14,0,2026-02-14,Flu ED visits pct,quantile,0.95,6.032878896171019
st-paul,2026-02-14,0,2026-02-14,Flu ED visits pct,quantile,0.95,2.223025352928832
texas,2026-02-14,0,2026-02-14,Flu ED visits pct,quantile,0.95,5.73647417735289
triad-area,2026-02-14,0,2026-02-14,Flu ED visits pct,quantile,0.95,2.6301076809938095
utah,2026-02-14,0,2026-02-14,Flu ED visits pct,quantile,0.95,4.340739018090243
virginia,2026-02-14,0,2026-02-14,Flu ED visits pct,quantile,0.95,3.1653603008692555
weld,2026-02-14,0,2026-02-14,Flu ED visits pct,quantile,0.95,3.393760075888308
wnc,2026-02-14,0,2026-02-14,Flu ED visits pct,quantile,0.95,2.8333146289097315
worcester,2026-02-14,0,2026-02-14,Flu ED visits pct,quantile,0.95,2.731181928783984
athens,2026-02-14,1,2026-02-21,Flu ED visits pct,quantile,0.95,3.5406275767387245
austin,2026-02-14,1,2026-02-21,Flu ED visits pct,quantile,0.95,6.549377955367073
baltimore,2026-02-14,1,2026-02-21,Flu ED visits pct,quantile,0.95,1.417867802669539
bangor,2026-02-14,1,2026-02-21,Flu ED visits pct,quantile,0.95,4.7662136426124615
beaumont,2026-02-14,1,2026-02-21,Flu ED visits pct,quantile,0.95,7.665519407550581
boston,2026-02-14,1,2026-02-21,Flu ED visits pct,quantile,0.95,2.2504295657871802
boulder,2026-02-14,1,2026-02-21,Flu ED visits pct,quantile,0.95,5.723062754677529
charleston,2026-02-14,1,2026-02-21,Flu ED visits pct,quantile,0.95,8.095513439467924
cherokee,2026-02-14,1,2026-02-21,Flu ED visits pct,quantile,0.95,6.576568771057878
clt-area,2026-02-14,1,2026-02-21,Flu ED visits pct,quantile,0.95,3.49070250296917
colorado,2026-02-14,1,2026-02-21,Flu ED visits pct,quantile,0.95,2.9919282400704144
colorado-springs,2026-02-14,1,2026-02-21,Flu ED visits pct,quantile,0.95,3.2476895014794454
columbia,2026-02-14,1,2026-02-21,Flu ED visits pct,quantile,0.95,6.6847209144606925
columbus,2026-02-14,1,2026-02-21,Flu ED visits pct,quantile,0.95,7.3407804070054805
dallas,2026-02-14,1,2026-02-21,Flu ED visits pct,quantile,0.95,4.773869240676292
denver,2026-02-14,1,2026-02-21,Flu ED visits pct,quantile,0.95,2.584018881253641
deschutes,2026-02-14,1,2026-02-21,Flu ED visits pct,quantile,0.95,8.510106244762763
duluth,2026-02-14,1,2026-02-21,Flu ED visits pct,quantile,0.95,3.8433141415121184
el-paso,2026-02-14,1,2026-02-21,Flu ED visits pct,quantile,0.95,3.331074730877036
eugene,2026-02-14,1,2026-02-21,Flu ED visits pct,quantile,0.95,7.469860909504298
fay-area,2026-02-14,1,2026-02-21,Flu ED visits pct,quantile,0.95,5.334904115298886
florence,2026-02-14,1,2026-02-21,Flu ED visits pct,quantile,0.95,7.050781540548729
floyd,2026-02-14,1,2026-02-21,Flu ED visits pct,quantile,0.95,5.143186168813666
frederick,2026-02-14,1,2026-02-21,Flu ED visits pct,quantile,0.95,2.460217189213184
georgia,2026-02-14,1,2026-02-21,Flu ED visits pct,quantile,0.95,4.839852548523043
greenville,2026-02-14,1,2026-02-21,Flu ED visits pct,quantile,0.95,4.3356123032695635
hall,2026-02-14,1,2026-02-21,Flu ED visits pct,quantile,0.95,3.483404382661657
harford,2026-02-14,1,2026-02-21,Flu ED visits pct,quantile,0.95,2.156214428037063
henry,2026-02-14,1,2026-02-21,Flu ED visits pct,quantile,0.95,3.5470653747231373
horry,2026-02-14,1,2026-02-21,Flu ED visits pct,quantile,0.95,6.995840335180827
houston,2026-02-14,1,2026-02-21,Flu ED visits pct,quantile,0.95,3.25829674163358
indiana,2026-02-14,1,2026-02-21,Flu ED visits pct,quantile,0.95,4.730284186811606
indianapolis,2026-02-14,1,2026-02-21,Flu ED visits pct,quantile,0.95,4.526000467996469
la-grange,2026-02-14,1,2026-02-21,Flu ED visits pct,quantile,0.95,4.736327762712525
larimer,2026-02-14,1,2026-02-21,Flu ED visits pct,quantile,0.95,3.6913206743759797
lynn,2026-02-14,1,2026-02-21,Flu ED visits pct,quantile,0.95,3.067232989856641
macon,2026-02-14,1,2026-02-21,Flu ED visits pct,quantile,0.95,3.3839041371721903
maine,2026-02-14,1,2026-02-21,Flu ED visits pct,quantile,0.95,3.1836646778830713
marietta,2026-02-14,1,2026-02-21,Flu ED visits pct,quantile,0.95,4.764381495301081
maryland,2026-02-14,1,2026-02-21,Flu ED visits pct,quantile,0.95,1.7294020325917503
massachusetts,2026-02-14,1,2026-02-21,Flu ED visits pct,quantile,0.95,2.538818187374093
medford,2026-02-14,1,2026-02-21,Flu ED visits pct,quantile,0.95,9.269111942714034
mesa,2026-02-14,1,2026-02-21,Flu ED visits pct,quantile,0.95,3.283706764597221
minneapolis,2026-02-14,1,2026-02-21,Flu ED visits pct,quantile,0.95,2.884709296158037
minnesota,2026-02-14,1,2026-02-21,Flu ED visits pct,quantile,0.95,3.6836987432471058
montgomery,2026-02-14,1,2026-02-21,Flu ED visits pct,quantile,0.95,1.6823493967698606
nenc,2026-02-14,1,2026-02-21,Flu ED visits pct,quantile,0.95,3.47008729243009
new-bedford,2026-02-14,1,2026-02-21,Flu ED visits pct,quantile,0.95,3.504974099184757
north-carolina,2026-02-14,1,2026-02-21,Flu ED visits pct,quantile,0.95,3.2926851282836043
nyc,2026-02-14,1,2026-02-21,ILI ED visits pct,quantile,0.95,5.193544170441418
ogden,2026-02-14,1,2026-02-21,Flu ED visits pct,quantile,0.95,5.313402895085322
oregon,2026-02-14,1,2026-02-21,Flu ED visits pct,quantile,0.95,9.182781677100994
pittsfield,2026-02-14,1,2026-02-21,Flu ED visits pct,quantile,0.95,2.3555140128983014
portland,2026-02-14,1,2026-02-21,Flu ED visits pct,quantile,0.95,2.3256893109810806
portland-or,2026-02-14,1,2026-02-21,Flu ED visits pct,quantile,0.95,8.550814552732675
provo,2026-02-14,1,2026-02-21,Flu ED visits pct,quantile,0.95,5.998287447613505
roanoke,2026-02-14,1,2026-02-21,Flu ED visits pct,quantile,0.95,4.3910171514497485
rochester,2026-02-14,1,2026-02-21,Flu ED visits pct,quantile,0.95,5.494608529184163
rock-hill,2026-02-14,1,2026-02-21,Flu ED visits pct,quantile,0.95,3.187225179795017
rtp-area,2026-02-14,1,2026-02-21,Flu ED visits pct,quantile,0.95,3.0889842651655637
salem,2026-02-14,1,2026-02-21,Flu ED visits pct,quantile,0.95,10.198825768232085
salt-lake-city,2026-02-14,1,2026-02-21,Flu ED visits pct,quantile,0.95,4.294526232190341
san-antonio,2026-02-14,1,2026-02-21,Flu ED visits pct,quantile,0.95,10.593226166228822
savannah,2026-02-14,1,2026-02-21,Flu ED visits pct,quantile,0.95,4.283837572501909
senc,2026-02-14,1,2026-02-21,Flu ED visits pct,quantile,0.95,3.643272218560054
south-augusta,2026-02-14,1,2026-02-21,Flu ED visits pct,quantile,0.95,3.0952102457516877
south-carolina,2026-02-14,1,2026-02-21,Flu ED visits pct,quantile,0.95,6.8809696445032635
springfield,2026-02-14,1,2026-02-21,Flu ED visits pct,quantile,0.95,2.793364562066234
st-cloud,2026-02-14,1,2026-02-21,Flu ED visits pct,quantile,0.95,6.517039862207727
st-paul,2026-02-14,1,2026-02-21,Flu ED visits pct,quantile,0.95,2.5290921779869566
texas,2026-02-14,1,2026-02-21,Flu ED visits pct,quantile,0.95,6.335036968049927
triad-area,2026-02-14,1,2026-02-21,Flu ED visits pct,quantile,0.95,2.5239519452439114
utah,2026-02-14,1,2026-02-21,Flu ED visits pct,quantile,0.95,4.703913185210991
virginia,2026-02-14,1,2026-02-21,Flu ED visits pct,quantile,0.95,3.4832904698234923
weld,2026-02-14,1,2026-02-21,Flu ED visits pct,quantile,0.95,3.8554860703113962
wnc,2026-02-14,1,2026-02-21,Flu ED visits pct,quantile,0.95,2.7193419740898808
worcester,2026-02-14,1,2026-02-21,Flu ED visits pct,quantile,0.95,3.0531287333131543
athens,2026-02-14,2,2026-02-28,Flu ED visits pct,quantile,0.95,4.02583760379875
austin,2026-02-14,2,2026-02-28,Flu ED visits pct,quantile,0.95,6.3030089408433385
baltimore,2026-02-14,2,2026-02-28,Flu ED visits pct,quantile,0.95,1.7835195655413794
bangor,2026-02-14,2,2026-02-28,Flu ED visits pct,quantile,0.95,5.231520680564374
beaumont,2026-02-14,2,2026-02-28,Flu ED visits pct,quantile,0.95,7.529915429318856
boston,2026-02-14,2,2026-02-28,Flu ED visits pct,quantile,0.95,2.613918129883176
boulder,2026-02-14,2,2026-02-28,Flu ED visits pct,quantile,0.95,5.515336914271526
charleston,2026-02-14,2,2026-02-28,Flu ED visits pct,quantile,0.95,7.848303634138844
cherokee,2026-02-14,2,2026-02-28,Flu ED visits pct,quantile,0.95,7.448375116057171
clt-area,2026-02-14,2,2026-02-28,Flu ED visits pct,quantile,0.95,3.1987300767042153
colorado,2026-02-14,2,2026-02-28,Flu ED visits pct,quantile,0.95,3.106570868322387
colorado-springs,2026-02-14,2,2026-02-28,Flu ED visits pct,quantile,0.95,3.508472465912575
columbia,2026-02-14,2,2026-02-28,Flu ED visits pct,quantile,0.95,7.362456588595044
columbus,2026-02-14,2,2026-02-28,Flu ED visits pct,quantile,0.95,6.8307221839454035
dallas,2026-02-14,2,2026-02-28,Flu ED visits pct,quantile,0.95,4.7161758122011115
denver,2026-02-14,2,2026-02-28,Flu ED visits pct,quantile,0.95,2.835669102754138
deschutes,2026-02-14,2,2026-02-28,Flu ED visits pct,quantile,0.95,8.177096564440125
duluth,2026-02-14,2,2026-02-28,Flu ED visits pct,quantile,0.95,4.212781637603379
el-paso,2026-02-14,2,2026-02-28,Flu ED visits pct,quantile,0.95,4.150094141249757
eugene,2026-02-14,2,2026-02-28,Flu ED visits pct,quantile,0.95,6.941557279113845
fay-area,2026-02-14,2,2026-02-28,Flu ED visits pct,quantile,0.95,4.9248140045105115
florence,2026-02-14,2,2026-02-28,Flu ED visits pct,quantile,0.95,7.021428245258033
floyd,2026-02-14,2,2026-02-28,Flu ED visits pct,quantile,0.95,5.989683122419857
frederick,2026-02-14,2,2026-02-28,Flu ED visits pct,quantile,0.95,2.7674836932141402
georgia,2026-02-14,2,2026-02-28,Flu ED visits pct,quantile,0.95,4.91809512749179
greenville,2026-02-14,2,2026-02-28,Flu ED visits pct,quantile,0.95,4.543076240191054
hall,2026-02-14,2,2026-02-28,Flu ED visits pct,quantile,0.95,4.100108811304972
harford,2026-02-14,2,2026-02-28,Flu ED visits pct,quantile,0.95,2.5489026222737317
henry,2026-02-14,2,2026-02-28,Flu ED visits pct,quantile,0.95,4.059592944548213
horry,2026-02-14,2,2026-02-28,Flu ED visits pct,quantile,0.95,7.1861571927463705
houston,2026-02-14,2,2026-02-28,Flu ED visits pct,quantile,0.95,3.697055996315053
indiana,2026-02-14,2,2026-02-28,Flu ED visits pct,quantile,0.95,4.919771794684261
indianapolis,2026-02-14,2,2026-02-28,Flu ED visits pct,quantile,0.95,4.455753694333426
la-grange,2026-02-14,2,2026-02-28,Flu ED visits pct,quantile,0.95,5.277211163173172
larimer,2026-02-14,2,2026-02-28,Flu ED visits pct,quantile,0.95,4.315151340939073
lynn,2026-02-14,2,2026-02-28,Flu ED visits pct,quantile,0.95,3.568461402294997
macon,2026-02-14,2,2026-02-28,Flu ED visits pct,quantile,0.95,3.327743686627544
maine,2026-02-14,2,2026-02-28,Flu ED visits pct,quantile,0.95,3.23943893100924
marietta,2026-02-14,2,2026-02-28,Flu ED visits pct,quantile,0.95,5.428697725294849
maryland,2026-02-14,2,2026-02-28,Flu ED visits pct,quantile,0.95,1.9150400873254196
massachusetts,2026-02-14,2,2026-02-28,Flu ED visits pct,quantile,0.95,2.6946424190726828
medford,2026-02-14,2,2026-02-28,Flu ED visits pct,quantile,0.95,8.80459846427709
mesa,2026-02-14,2,2026-02-28,Flu ED visits pct,quantile,0.95,3.2789259566377074
minneapolis,2026-02-14,2,2026-02-28,Flu ED visits pct,quantile,0.95,3.206011719629958
minnesota,2026-02-14,2,2026-02-28,Flu ED visits pct,quantile,0.95,3.854177149821391
montgomery,2026-02-14,2,2026-02-28,Flu ED visits pct,quantile,0.95,2.0300586356405135
nenc,2026-02-14,2,2026-02-28,Flu ED visits pct,quantile,0.95,3.1494234265158885
new-bedford,2026-02-14,2,2026-02-28,Flu ED visits pct,quantile,0.95,4.117316679151276
north-carolina,2026-02-14,2,2026-02-28,Flu ED visits pct,quantile,0.95,3.0441060330125054
nyc,2026-02-14,2,2026-02-28,ILI ED visits pct,quantile,0.95,6.0307963801057625
ogden,2026-02-14,2,2026-02-28,Flu ED visits pct,quantile,0.95,5.245380574328341
oregon,2026-02-14,2,2026-02-28,Flu ED visits pct,quantile,0.95,8.75500368161274
pittsfield,2026-02-14,2,2026-02-28,Flu ED visits pct,quantile,0.95,2.8555378634831796
portland,2026-02-14,2,2026-02-28,Flu ED visits pct,quantile,0.95,2.557898953762417
portland-or,2026-02-14,2,2026-02-28,Flu ED visits pct,quantile,0.95,8.225656465081947
provo,2026-02-14,2,2026-02-28,Flu ED visits pct,quantile,0.95,6.405096718958611
roanoke,2026-02-14,2,2026-02-28,Flu ED visits pct,quantile,0.95,4.677644883276161
rochester,2026-02-14,2,2026-02-28,Flu ED visits pct,quantile,0.95,5.157549328145581
rock-hill,2026-02-14,2,2026-02-28,Flu ED visits pct,quantile,0.95,3.7742905247158975
rtp-area,2026-02-14,2,2026-02-28,Flu ED visits pct,quantile,0.95,2.8434042221274187
salem,2026-02-14,2,2026-02-28,Flu ED visits pct,quantile,0.95,9.680086484740094
salt-lake-city,2026-02-14,2,2026-02-28,Flu ED visits pct,quantile,0.95,4.307334834686392
san-antonio,2026-02-14,2,2026-02-28,Flu ED visits pct,quantile,0.95,10.233375944494853
savannah,2026-02-14,2,2026-02-28,Flu ED visits pct,quantile,0.95,3.9758974180781452
senc,2026-02-14,2,2026-02-28,Flu ED visits pct,quantile,0.95,3.4867067281754016
south-augusta,2026-02-14,2,2026-02-28,Flu ED visits pct,quantile,0.95,2.9661114010095706
south-carolina,2026-02-14,2,2026-02-28,Flu ED visits pct,quantile,0.95,6.915427446557243
springfield,2026-02-14,2,2026-02-28,Flu ED visits pct,quantile,0.95,3.3154602665907404
st-cloud,2026-02-14,2,2026-02-28,Flu ED visits pct,quantile,0.95,6.43730072058162
st-paul,2026-02-14,2,2026-02-28,Flu ED visits pct,quantile,0.95,2.9584079942561314
texas,2026-02-14,2,2026-02-28,Flu ED visits pct,quantile,0.95,6.475749100114381
triad-area,2026-02-14,2,2026-02-28,Flu ED visits pct,quantile,0.95,2.3075141530336887
utah,2026-02-14,2,2026-02-28,Flu ED visits pct,quantile,0.95,4.781969416067271
virginia,2026-02-14,2,2026-02-28,Flu ED visits pct,quantile,0.95,3.745280942209936
weld,2026-02-14,2,2026-02-28,Flu ED visits pct,quantile,0.95,4.659124276291469
wnc,2026-02-14,2,2026-02-28,Flu ED visits pct,quantile,0.95,2.5337860332509603
worcester,2026-02-14,2,2026-02-28,Flu ED visits pct,quantile,0.95,3.433623035509866
athens,2026-02-14,3,2026-03-07,Flu ED visits pct,quantile,0.95,4.49404724448986
austin,2026-02-14,3,2026-03-07,Flu ED visits pct,quantile,0.95,6.292658228459425
baltimore,2026-02-14,3,2026-03-07,Flu ED visits pct,quantile,0.95,2.1601166798010363
bangor,2026-02-14,3,2026-03-07,Flu ED visits pct,quantile,0.95,5.417892289625365
beaumont,2026-02-14,3,2026-03-07,Flu ED visits pct,quantile,0.95,7.481043032418074
boston,2026-02-14,3,2026-03-07,Flu ED visits pct,quantile,0.95,2.9094140555330865
boulder,2026-02-14,3,2026-03-07,Flu ED visits pct,quantile,0.95,5.406195401859566
charleston,2026-02-14,3,2026-03-07,Flu ED visits pct,quantile,0.95,7.778299456905673
cherokee,2026-02-14,3,2026-03-07,Flu ED visits pct,quantile,0.95,8.319635233992987
clt-area,2026-02-14,3,2026-03-07,Flu ED visits pct,quantile,0.95,3.23526872995962
colorado,2026-02-14,3,2026-03-07,Flu ED visits pct,quantile,0.95,3.3324549794251124
colorado-springs,2026-02-14,3,2026-03-07,Flu ED visits pct,quantile,0.95,3.520479966076085
columbia,2026-02-14,3,2026-03-07,Flu ED visits pct,quantile,0.95,7.429241893727418
columbus,2026-02-14,3,2026-03-07,Flu ED visits pct,quantile,0.95,6.805203679095648
dallas,2026-02-14,3,2026-03-07,Flu ED visits pct,quantile,0.95,4.883128504015324
denver,2026-02-14,3,2026-03-07,Flu ED visits pct,quantile,0.95,3.1234782961186753
deschutes,2026-02-14,3,2026-03-07,Flu ED visits pct,quantile,0.95,8.224199143471651
duluth,2026-02-14,3,2026-03-07,Flu ED visits pct,quantile,0.95,4.309996245875525
el-paso,2026-02-14,3,2026-03-07,Flu ED visits pct,quantile,0.95,4.811399303165223
eugene,2026-02-14,3,2026-03-07,Flu ED visits pct,quantile,0.95,6.911808635273651
fay-area,2026-02-14,3,2026-03-07,Flu ED visits pct,quantile,0.95,4.9268405303008365
florence,2026-02-14,3,2026-03-07,Flu ED visits pct,quantile,0.95,6.91664405220723
floyd,2026-02-14,3,2026-03-07,Flu ED visits pct,quantile,0.95,5.95992732114486
frederick,2026-02-14,3,2026-03-07,Flu ED visits pct,quantile,0.95,3.14270093556801
georgia,2026-02-14,3,2026-03-07,Flu ED visits pct,quantile,0.95,5.187624112828974
greenville,2026-02-14,3,2026-03-07,Flu ED visits pct,quantile,0.95,5.060524322538373
hall,2026-02-14,3,2026-03-07,Flu ED visits pct,quantile,0.95,4.478394246932632
harford,2026-02-14,3,2026-03-07,Flu ED visits pct,quantile,0.95,2.8393928029793427
henry,2026-02-14,3,2026-03-07,Flu ED visits pct,quantile,0.95,4.59087253120527
horry,2026-02-14,3,2026-03-07,Flu ED visits pct,quantile,0.95,7.398781781174038
houston,2026-02-14,3,2026-03-07,Flu ED visits pct,quantile,0.95,4.119285757810311
indiana,2026-02-14,3,2026-03-07,Flu ED visits pct,quantile,0.95,5.200461050324475
indianapolis,2026-02-14,3,2026-03-07,Flu ED visits pct,quantile,0.95,4.489727803382501
la-grange,2026-02-14,3,2026-03-07,Flu ED visits pct,quantile,0.95,5.154657304212234
larimer,2026-02-14,3,2026-03-07,Flu ED visits pct,quantile,0.95,4.392003343060194
lynn,2026-02-14,3,2026-03-07,Flu ED visits pct,quantile,0.95,3.934301359083568
macon,2026-02-14,3,2026-03-07,Flu ED visits pct,quantile,0.95,3.3416400999060105
maine,2026-02-14,3,2026-03-07,Flu ED visits pct,quantile,0.95,3.350809207481142
marietta,2026-02-14,3,2026-03-07,Flu ED visits pct,quantile,0.95,5.8290815920082695
maryland,2026-02-14,3,2026-03-07,Flu ED visits pct,quantile,0.95,2.2357425540125626
massachusetts,2026-02-14,3,2026-03-07,Flu ED visits pct,quantile,0.95,3.0179282772218885
medford,2026-02-14,3,2026-03-07,Flu ED visits pct,quantile,0.95,8.909666726068181
mesa,2026-02-14,3,2026-03-07,Flu ED visits pct,quantile,0.95,3.2307077492216143
minneapolis,2026-02-14,3,2026-03-07,Flu ED visits pct,quantile,0.95,3.685405725090003
minnesota,2026-02-14,3,2026-03-07,Flu ED visits pct,quantile,0.95,4.090603201557757
montgomery,2026-02-14,3,2026-03-07,Flu ED visits pct,quantile,0.95,2.2275517677228724
nenc,2026-02-14,3,2026-03-07,Flu ED visits pct,quantile,0.95,3.1686324289560637
new-bedford,2026-02-14,3,2026-03-07,Flu ED visits pct,quantile,0.95,4.6625249336275125
north-carolina,2026-02-14,3,2026-03-07,Flu ED visits pct,quantile,0.95,3.049176706762232
nyc,2026-02-14,3,2026-03-07,ILI ED visits pct,quantile,0.95,6.801995335713898
ogden,2026-02-14,3,2026-03-07,Flu ED visits pct,quantile,0.95,5.287863294139633
oregon,2026-02-14,3,2026-03-07,Flu ED visits pct,quantile,0.95,8.907456942484693
pittsfield,2026-02-14,3,2026-03-07,Flu ED visits pct,quantile,0.95,2.9470577061283945
portland,2026-02-14,3,2026-03-07,Flu ED visits pct,quantile,0.95,2.59969014363049
portland-or,2026-02-14,3,2026-03-07,Flu ED visits pct,quantile,0.95,8.241432501457915
provo,2026-02-14,3,2026-03-07,Flu ED visits pct,quantile,0.95,6.362861699252755
roanoke,2026-02-14,3,2026-03-07,Flu ED visits pct,quantile,0.95,4.731752846501268
rochester,2026-02-14,3,2026-03-07,Flu ED visits pct,quantile,0.95,5.12346070496709
rock-hill,2026-02-14,3,2026-03-07,Flu ED visits pct,quantile,0.95,4.284209189133803
rtp-area,2026-02-14,3,2026-03-07,Flu ED visits pct,quantile,0.95,2.8671575307909616
salem,2026-02-14,3,2026-03-07,Flu ED visits pct,quantile,0.95,9.686974551044385
salt-lake-city,2026-02-14,3,2026-03-07,Flu ED visits pct,quantile,0.95,4.364537288570962
san-antonio,2026-02-14,3,2026-03-07,Flu ED visits pct,quantile,0.95,10.258366415458042
savannah,2026-02-14,3,2026-03-07,Flu ED visits pct,quantile,0.95,4.030557565861322
senc,2026-02-14,3,2026-03-07,Flu ED visits pct,quantile,0.95,3.519786110122075
south-augusta,2026-02-14,3,2026-03-07,Flu ED visits pct,quantile,0.95,2.9635807314780247
south-carolina,2026-02-14,3,2026-03-07,Flu ED visits pct,quantile,0.95,7.112550294211898
springfield,2026-02-14,3,2026-03-07,Flu ED visits pct,quantile,0.95,3.578322634811491
st-cloud,2026-02-14,3,2026-03-07,Flu ED visits pct,quantile,0.95,6.460097622375789
st-paul,2026-02-14,3,2026-03-07,Flu ED visits pct,quantile,0.95,3.359461918302235
texas,2026-02-14,3,2026-03-07,Flu ED visits pct,quantile,0.95,6.685407947278461
triad-area,2026-02-14,3,2026-03-07,Flu ED visits pct,quantile,0.95,2.3157339182815133
utah,2026-02-14,3,2026-03-07,Flu ED visits pct,quantile,0.95,4.894340158334638
virginia,2026-02-14,3,2026-03-07,Flu ED visits pct,quantile,0.95,4.0824995377023265
weld,2026-02-14,3,2026-03-07,Flu ED visits pct,quantile,0.95,5.161456373232921
wnc,2026-02-14,3,2026-03-07,Flu ED visits pct,quantile,0.95,2.536802503576299
worcester,2026-02-14,3,2026-03-07,Flu ED visits pct,quantile,0.95,3.690731273340989
athens,2026-02-14,0,2026-02-14,Flu ED visits pct,quantile,0.975,2.997820216772271
austin,2026-02-14,0,2026-02-14,Flu ED visits pct,quantile,0.975,6.900400654024689
baltimore,2026-02-14,0,2026-02-14,Flu ED visits pct,quantile,0.975,1.2711867441055358
bangor,2026-02-14,0,2026-02-14,Flu ED visits pct,quantile,0.975,4.3560950884931575
beaumont,2026-02-14,0,2026-02-14,Flu ED visits pct,quantile,0.975,7.039526812578906
boston,2026-02-14,0,2026-02-14,Flu ED visits pct,quantile,0.975,2.120741416701914
boulder,2026-02-14,0,2026-02-14,Flu ED visits pct,quantile,0.975,5.561981805984957
charleston,2026-02-14,0,2026-02-14,Flu ED visits pct,quantile,0.975,8.593856080263013
cherokee,2026-02-14,0,2026-02-14,Flu ED visits pct,quantile,0.975,5.551026541575627
clt-area,2026-02-14,0,2026-02-14,Flu ED visits pct,quantile,0.975,3.717309431181364
colorado,2026-02-14,0,2026-02-14,Flu ED visits pct,quantile,0.975,2.841132321780689
colorado-springs,2026-02-14,0,2026-02-14,Flu ED visits pct,quantile,0.975,3.104265363620144
columbia,2026-02-14,0,2026-02-14,Flu ED visits pct,quantile,0.975,5.647046493428221
columbus,2026-02-14,0,2026-02-14,Flu ED visits pct,quantile,0.975,7.921939205972382
dallas,2026-02-14,0,2026-02-14,Flu ED visits pct,quantile,0.975,5.008415986601281
denver,2026-02-14,0,2026-02-14,Flu ED visits pct,quantile,0.975,2.495502825585264
deschutes,2026-02-14,0,2026-02-14,Flu ED visits pct,quantile,0.975,9.297441896141532
duluth,2026-02-14,0,2026-02-14,Flu ED visits pct,quantile,0.975,3.61869242902202
el-paso,2026-02-14,0,2026-02-14,Flu ED visits pct,quantile,0.975,2.8732745307388217
eugene,2026-02-14,0,2026-02-14,Flu ED visits pct,quantile,0.975,8.664947391374419
fay-area,2026-02-14,0,2026-02-14,Flu ED visits pct,quantile,0.975,5.713777893382954
florence,2026-02-14,0,2026-02-14,Flu ED visits pct,quantile,0.975,7.051364295212161
floyd,2026-02-14,0,2026-02-14,Flu ED visits pct,quantile,0.975,4.591932760050642
frederick,2026-02-14,0,2026-02-14,Flu ED visits pct,quantile,0.975,2.1345084658895774
georgia,2026-02-14,0,2026-02-14,Flu ED visits pct,quantile,0.975,4.536959552798024
greenville,2026-02-14,0,2026-02-14,Flu ED visits pct,quantile,0.975,4.149397829159332
hall,2026-02-14,0,2026-02-14,Flu ED visits pct,quantile,0.975,3.1001516129495714
harford,2026-02-14,0,2026-02-14,Flu ED visits pct,quantile,0.975,1.943491234636224
henry,2026-02-14,0,2026-02-14,Flu ED visits pct,quantile,0.975,2.9965327911530175
horry,2026-02-14,0,2026-02-14,Flu ED visits pct,quantile,0.975,6.547501946424173
houston,2026-02-14,0,2026-02-14,Flu ED visits pct,quantile,0.975,2.9492423627337074
indiana,2026-02-14,0,2026-02-14,Flu ED visits pct,quantile,0.975,4.488686939606828
indianapolis,2026-02-14,0,2026-02-14,Flu ED visits pct,quantile,0.975,4.734519134464792
la-grange,2026-02-14,0,2026-02-14,Flu ED visits pct,quantile,0.975,4.246329023427726
larimer,2026-02-14,0,2026-02-14,Flu ED visits pct,quantile,0.975,3.3793010782516233
lynn,2026-02-14,0,2026-02-14,Flu ED visits pct,quantile,0.975,2.921307185578004
macon,2026-02-14,0,2026-02-14,Flu ED visits pct,quantile,0.975,3.4436068766347714
maine,2026-02-14,0,2026-02-14,Flu ED visits pct,quantile,0.975,3.1784372229831472
marietta,2026-02-14,0,2026-02-14,Flu ED visits pct,quantile,0.975,4.075515635427277
maryland,2026-02-14,0,2026-02-14,Flu ED visits pct,quantile,0.975,1.610978314969883
massachusetts,2026-02-14,0,2026-02-14,Flu ED visits pct,quantile,0.975,2.4061357847103673
medford,2026-02-14,0,2026-02-14,Flu ED visits pct,quantile,0.975,11.51999281748764
mesa,2026-02-14,0,2026-02-14,Flu ED visits pct,quantile,0.975,3.36864724869442
minneapolis,2026-02-14,0,2026-02-14,Flu ED visits pct,quantile,0.975,2.6845400450081955
minnesota,2026-02-14,0,2026-02-14,Flu ED visits pct,quantile,0.975,3.5144379761870295
montgomery,2026-02-14,0,2026-02-14,Flu ED visits pct,quantile,0.975,1.554243971014855
nenc,2026-02-14,0,2026-02-14,Flu ED visits pct,quantile,0.975,3.6517895673015572
new-bedford,2026-02-14,0,2026-02-14,Flu ED visits pct,quantile,0.975,3.2307046524145613
north-carolina,2026-02-14,0,2026-02-14,Flu ED visits pct,quantile,0.975,3.5458505238888436
nyc,2026-02-14,0,2026-02-14,ILI ED visits pct,quantile,0.975,4.7851254069747124
ogden,2026-02-14,0,2026-02-14,Flu ED visits pct,quantile,0.975,5.16062638256119
oregon,2026-02-14,0,2026-02-14,Flu ED visits pct,quantile,0.975,10.373286439614809
pittsfield,2026-02-14,0,2026-02-14,Flu ED visits pct,quantile,0.975,2.331308981958681
portland,2026-02-14,0,2026-02-14,Flu ED visits pct,quantile,0.975,2.2973875662730885
portland-or,2026-02-14,0,2026-02-14,Flu ED visits pct,quantile,0.975,9.544333314845604
provo,2026-02-14,0,2026-02-14,Flu ED visits pct,quantile,0.975,5.55261221634649
roanoke,2026-02-14,0,2026-02-14,Flu ED visits pct,quantile,0.975,4.567871399111023
rochester,2026-02-14,0,2026-02-14,Flu ED visits pct,quantile,0.975,5.968952321684231
rock-hill,2026-02-14,0,2026-02-14,Flu ED visits pct,quantile,0.975,2.7501961627543587
rtp-area,2026-02-14,0,2026-02-14,Flu ED visits pct,quantile,0.975,3.287486468572041
salem,2026-02-14,0,2026-02-14,Flu ED visits pct,quantile,0.975,11.916257864849337
salt-lake-city,2026-02-14,0,2026-02-14,Flu ED visits pct,quantile,0.975,4.587495066907926
san-antonio,2026-02-14,0,2026-02-14,Flu ED visits pct,quantile,0.975,11.739000066322175
savannah,2026-02-14,0,2026-02-14,Flu ED visits pct,quantile,0.975,4.939803024000351
senc,2026-02-14,0,2026-02-14,Flu ED visits pct,quantile,0.975,3.5890984804918142
south-augusta,2026-02-14,0,2026-02-14,Flu ED visits pct,quantile,0.975,3.398611576232247
south-carolina,2026-02-14,0,2026-02-14,Flu ED visits pct,quantile,0.975,6.573578788000443
springfield,2026-02-14,0,2026-02-14,Flu ED visits pct,quantile,0.975,2.5606518408942933
st-cloud,2026-02-14,0,2026-02-14,Flu ED visits pct,quantile,0.975,6.443475303021483
st-paul,2026-02-14,0,2026-02-14,Flu ED visits pct,quantile,0.975,2.2737711227005093
texas,2026-02-14,0,2026-02-14,Flu ED visits pct,quantile,0.975,6.3968318412187966
triad-area,2026-02-14,0,2026-02-14,Flu ED visits pct,quantile,0.975,2.777287474400842
utah,2026-02-14,0,2026-02-14,Flu ED visits pct,quantile,0.975,4.810494034623266
virginia,2026-02-14,0,2026-02-14,Flu ED visits pct,quantile,0.975,3.4307917829609176
weld,2026-02-14,0,2026-02-14,Flu ED visits pct,quantile,0.975,3.416118495813517
wnc,2026-02-14,0,2026-02-14,Flu ED visits pct,quantile,0.975,2.9172477303146356
worcester,2026-02-14,0,2026-02-14,Flu ED visits pct,quantile,0.975,2.883506686069381
athens,2026-02-14,1,2026-02-21,Flu ED visits pct,quantile,0.975,3.8296665855075527
austin,2026-02-14,1,2026-02-21,Flu ED visits pct,quantile,0.975,7.496562423485174
baltimore,2026-02-14,1,2026-02-21,Flu ED visits pct,quantile,0.975,1.4470564091821443
bangor,2026-02-14,1,2026-02-21,Flu ED visits pct,quantile,0.975,4.9306101922386665
beaumont,2026-02-14,1,2026-02-21,Flu ED visits pct,quantile,0.975,7.820860353029069
boston,2026-02-14,1,2026-02-21,Flu ED visits pct,quantile,0.975,2.3194120388138115
boulder,2026-02-14,1,2026-02-21,Flu ED visits pct,quantile,0.975,5.911371770521939
charleston,2026-02-14,1,2026-02-21,Flu ED visits pct,quantile,0.975,9.038410908100436
cherokee,2026-02-14,1,2026-02-21,Flu ED visits pct,quantile,0.975,7.022531553835917
clt-area,2026-02-14,1,2026-02-21,Flu ED visits pct,quantile,0.975,3.6493468286941324
colorado,2026-02-14,1,2026-02-21,Flu ED visits pct,quantile,0.975,3.1121142594883286
colorado-springs,2026-02-14,1,2026-02-21,Flu ED visits pct,quantile,0.975,3.2837907904282444
columbia,2026-02-14,1,2026-02-21,Flu ED visits pct,quantile,0.975,6.687807029820241
columbus,2026-02-14,1,2026-02-21,Flu ED visits pct,quantile,0.975,7.989256276437107
dallas,2026-02-14,1,2026-02-21,Flu ED visits pct,quantile,0.975,5.427926948322283
denver,2026-02-14,1,2026-02-21,Flu ED visits pct,quantile,0.975,2.7179967726243697
deschutes,2026-02-14,1,2026-02-21,Flu ED visits pct,quantile,0.975,9.914142922344892
duluth,2026-02-14,1,2026-02-21,Flu ED visits pct,quantile,0.975,3.858481572803923
el-paso,2026-02-14,1,2026-02-21,Flu ED visits pct,quantile,0.975,4.075435997974162
eugene,2026-02-14,1,2026-02-21,Flu ED visits pct,quantile,0.975,9.056186608381086
fay-area,2026-02-14,1,2026-02-21,Flu ED visits pct,quantile,0.975,5.620319473670788
florence,2026-02-14,1,2026-02-21,Flu ED visits pct,quantile,0.975,7.32208959733023
floyd,2026-02-14,1,2026-02-21,Flu ED visits pct,quantile,0.975,5.1615302720472105
frederick,2026-02-14,1,2026-02-21,Flu ED visits pct,quantile,0.975,2.5734451498947317
georgia,2026-02-14,1,2026-02-21,Flu ED visits pct,quantile,0.975,5.222241734938266
greenville,2026-02-14,1,2026-02-21,Flu ED visits pct,quantile,0.975,4.658073452891291
hall,2026-02-14,1,2026-02-21,Flu ED visits pct,quantile,0.975,3.9791106305968884
harford,2026-02-14,1,2026-02-21,Flu ED visits pct,quantile,0.975,2.318543149339731
henry,2026-02-14,1,2026-02-21,Flu ED visits pct,quantile,0.975,3.9537879107245972
horry,2026-02-14,1,2026-02-21,Flu ED visits pct,quantile,0.975,7.381754097449658
houston,2026-02-14,1,2026-02-21,Flu ED visits pct,quantile,0.975,3.422424780741036
indiana,2026-02-14,1,2026-02-21,Flu ED visits pct,quantile,0.975,4.933948377620947
indianapolis,2026-02-14,1,2026-02-21,Flu ED visits pct,quantile,0.975,4.930098179717434
la-grange,2026-02-14,1,2026-02-21,Flu ED visits pct,quantile,0.975,4.78753636366569
larimer,2026-02-14,1,2026-02-21,Flu ED visits pct,quantile,0.975,3.7322216255674276
lynn,2026-02-14,1,2026-02-21,Flu ED visits pct,quantile,0.975,3.1757866625268227
macon,2026-02-14,1,2026-02-21,Flu ED visits pct,quantile,0.975,3.5797060281000337
maine,2026-02-14,1,2026-02-21,Flu ED visits pct,quantile,0.975,3.314789231362346
marietta,2026-02-14,1,2026-02-21,Flu ED visits pct,quantile,0.975,5.025643114651138
maryland,2026-02-14,1,2026-02-21,Flu ED visits pct,quantile,0.975,1.7898065796197624
massachusetts,2026-02-14,1,2026-02-21,Flu ED visits pct,quantile,0.975,2.6476697002056055
medford,2026-02-14,1,2026-02-21,Flu ED visits pct,quantile,0.975,12.121476379177244
mesa,2026-02-14,1,2026-02-21,Flu ED visits pct,quantile,0.975,3.489774443218151
minneapolis,2026-02-14,1,2026-02-21,Flu ED visits pct,quantile,0.975,2.95786410371358
minnesota,2026-02-14,1,2026-02-21,Flu ED visits pct,quantile,0.975,3.7939067684465675
montgomery,2026-02-14,1,2026-02-21,Flu ED visits pct,quantile,0.975,1.7497885466345593
nenc,2026-02-14,1,2026-02-21,Flu ED visits pct,quantile,0.975,3.5960654301883173
new-bedford,2026-02-14,1,2026-02-21,Flu ED visits pct,quantile,0.975,3.5929137338984116
north-carolina,2026-02-14,1,2026-02-21,Flu ED visits pct,quantile,0.975,3.467965207247285
nyc,2026-02-14,1,2026-02-21,ILI ED visits pct,quantile,0.975,5.222265647898895
ogden,2026-02-14,1,2026-02-21,Flu ED visits pct,quantile,0.975,5.543032453759819
oregon,2026-02-14,1,2026-02-21,Flu ED visits pct,quantile,0.975,11.11141110242419
pittsfield,2026-02-14,1,2026-02-21,Flu ED visits pct,quantile,0.975,2.589648524612063
portland,2026-02-14,1,2026-02-21,Flu ED visits pct,quantile,0.975,2.451473382521803
portland-or,2026-02-14,1,2026-02-21,Flu ED visits pct,quantile,0.975,10.191952212084038
provo,2026-02-14,1,2026-02-21,Flu ED visits pct,quantile,0.975,6.190041489393191
roanoke,2026-02-14,1,2026-02-21,Flu ED visits pct,quantile,0.975,4.847071588946687
rochester,2026-02-14,1,2026-02-21,Flu ED visits pct,quantile,0.975,5.894592643267647
rock-hill,2026-02-14,1,2026-02-21,Flu ED visits pct,quantile,0.975,3.654135548033056
rtp-area,2026-02-14,1,2026-02-21,Flu ED visits pct,quantile,0.975,3.2230009399780726
salem,2026-02-14,1,2026-02-21,Flu ED visits pct,quantile,0.975,12.706562401220975
salt-lake-city,2026-02-14,1,2026-02-21,Flu ED visits pct,quantile,0.975,4.730199499291078
san-antonio,2026-02-14,1,2026-02-21,Flu ED visits pct,quantile,0.975,12.226928130619212
savannah,2026-02-14,1,2026-02-21,Flu ED visits pct,quantile,0.975,4.97114577775498
senc,2026-02-14,1,2026-02-21,Flu ED visits pct,quantile,0.975,3.709018561942775
south-augusta,2026-02-14,1,2026-02-21,Flu ED visits pct,quantile,0.975,3.403317617246319
south-carolina,2026-02-14,1,2026-02-21,Flu ED visits pct,quantile,0.975,7.346157673289811
springfield,2026-02-14,1,2026-02-21,Flu ED visits pct,quantile,0.975,2.8947757732291266
st-cloud,2026-02-14,1,2026-02-21,Flu ED visits pct,quantile,0.975,6.816502624569157
st-paul,2026-02-14,1,2026-02-21,Flu ED visits pct,quantile,0.975,2.5344494943439386
texas,2026-02-14,1,2026-02-21,Flu ED visits pct,quantile,0.975,7.0304625769494935
triad-area,2026-02-14,1,2026-02-21,Flu ED visits pct,quantile,0.975,2.7243964925178257
utah,2026-02-14,1,2026-02-21,Flu ED visits pct,quantile,0.975,5.165266595399401
virginia,2026-02-14,1,2026-02-21,Flu ED visits pct,quantile,0.975,3.7504377950468233
weld,2026-02-14,1,2026-02-21,Flu ED visits pct,quantile,0.975,4.222867195580757
wnc,2026-02-14,1,2026-02-21,Flu ED visits pct,quantile,0.975,2.854954727907942
worcester,2026-02-14,1,2026-02-21,Flu ED visits pct,quantile,0.975,3.1898296104016115
athens,2026-02-14,2,2026-02-28,Flu ED visits pct,quantile,0.975,4.460904034237936
austin,2026-02-14,2,2026-02-28,Flu ED visits pct,quantile,0.975,7.818893846895448
baltimore,2026-02-14,2,2026-02-28,Flu ED visits pct,quantile,0.975,1.8958229657543033
bangor,2026-02-14,2,2026-02-28,Flu ED visits pct,quantile,0.975,5.549909536372442
beaumont,2026-02-14,2,2026-02-28,Flu ED visits pct,quantile,0.975,8.046452192989976
boston,2026-02-14,2,2026-02-28,Flu ED visits pct,quantile,0.975,2.661749152664867
boulder,2026-02-14,2,2026-02-28,Flu ED visits pct,quantile,0.975,5.946197510480237
charleston,2026-02-14,2,2026-02-28,Flu ED visits pct,quantile,0.975,9.361016179113589
cherokee,2026-02-14,2,2026-02-28,Flu ED visits pct,quantile,0.975,8.143543320355542
clt-area,2026-02-14,2,2026-02-28,Flu ED visits pct,quantile,0.975,3.7690067728861356
colorado,2026-02-14,2,2026-02-28,Flu ED visits pct,quantile,0.975,3.405116569793318
colorado-springs,2026-02-14,2,2026-02-28,Flu ED visits pct,quantile,0.975,3.6342129303784767
columbia,2026-02-14,2,2026-02-28,Flu ED visits pct,quantile,0.975,7.6257499092492065
columbus,2026-02-14,2,2026-02-28,Flu ED visits pct,quantile,0.975,8.095575059562531
dallas,2026-02-14,2,2026-02-28,Flu ED visits pct,quantile,0.975,5.7133722414493775
denver,2026-02-14,2,2026-02-28,Flu ED visits pct,quantile,0.975,3.0723581191055054
deschutes,2026-02-14,2,2026-02-28,Flu ED visits pct,quantile,0.975,10.310335297825487
duluth,2026-02-14,2,2026-02-28,Flu ED visits pct,quantile,0.975,4.298294751001481
el-paso,2026-02-14,2,2026-02-28,Flu ED visits pct,quantile,0.975,4.9703802122061544
eugene,2026-02-14,2,2026-02-28,Flu ED visits pct,quantile,0.975,9.325220467250727
fay-area,2026-02-14,2,2026-02-28,Flu ED visits pct,quantile,0.975,5.789124231340811
florence,2026-02-14,2,2026-02-28,Flu ED visits pct,quantile,0.975,7.613375305455616
floyd,2026-02-14,2,2026-02-28,Flu ED visits pct,quantile,0.975,6.009823792575108
frederick,2026-02-14,2,2026-02-28,Flu ED visits pct,quantile,0.975,3.289327717104549
georgia,2026-02-14,2,2026-02-28,Flu ED visits pct,quantile,0.975,5.721282212261996
greenville,2026-02-14,2,2026-02-28,Flu ED visits pct,quantile,0.975,5.143511163553747
hall,2026-02-14,2,2026-02-28,Flu ED visits pct,quantile,0.975,4.511486636723137
harford,2026-02-14,2,2026-02-28,Flu ED visits pct,quantile,0.975,2.935630605379198
henry,2026-02-14,2,2026-02-28,Flu ED visits pct,quantile,0.975,4.760377683306206
horry,2026-02-14,2,2026-02-28,Flu ED visits pct,quantile,0.975,7.734130327468443
houston,2026-02-14,2,2026-02-28,Flu ED visits pct,quantile,0.975,3.86200298260418
indiana,2026-02-14,2,2026-02-28,Flu ED visits pct,quantile,0.975,5.6008231875983405
indianapolis,2026-02-14,2,2026-02-28,Flu ED visits pct,quantile,0.975,5.138515214143444
la-grange,2026-02-14,2,2026-02-28,Flu ED visits pct,quantile,0.975,5.46652782764361
larimer,2026-02-14,2,2026-02-28,Flu ED visits pct,quantile,0.975,4.323313961884886
lynn,2026-02-14,2,2026-02-28,Flu ED visits pct,quantile,0.975,3.659047436239995
macon,2026-02-14,2,2026-02-28,Flu ED visits pct,quantile,0.975,3.7225463123246154
maine,2026-02-14,2,2026-02-28,Flu ED visits pct,quantile,0.975,3.672273263811641
marietta,2026-02-14,2,2026-02-28,Flu ED visits pct,quantile,0.975,5.618541277689703
maryland,2026-02-14,2,2026-02-28,Flu ED visits pct,quantile,0.975,2.152497423792987
massachusetts,2026-02-14,2,2026-02-28,Flu ED visits pct,quantile,0.975,3.0495976731489063
medford,2026-02-14,2,2026-02-28,Flu ED visits pct,quantile,0.975,12.42852129180587
mesa,2026-02-14,2,2026-02-28,Flu ED visits pct,quantile,0.975,3.666191981116562
minneapolis,2026-02-14,2,2026-02-28,Flu ED visits pct,quantile,0.975,3.3995472372450766
minnesota,2026-02-14,2,2026-02-28,Flu ED visits pct,quantile,0.975,4.176241438495614
montgomery,2026-02-14,2,2026-02-28,Flu ED visits pct,quantile,0.975,2.049536458540744
nenc,2026-02-14,2,2026-02-28,Flu ED visits pct,quantile,0.975,3.706534775109407
new-bedford,2026-02-14,2,2026-02-28,Flu ED visits pct,quantile,0.975,4.420460810311389
north-carolina,2026-02-14,2,2026-02-28,Flu ED visits pct,quantile,0.975,3.5893704684440966
nyc,2026-02-14,2,2026-02-28,ILI ED visits pct,quantile,0.975,6.033308254532344
ogden,2026-02-14,2,2026-02-28,Flu ED visits pct,quantile,0.975,5.653628598360966
oregon,2026-02-14,2,2026-02-28,Flu ED visits pct,quantile,0.975,11.514413638556753
pittsfield,2026-02-14,2,2026-02-28,Flu ED visits pct,quantile,0.975,3.085932641289575
portland,2026-02-14,2,2026-02-28,Flu ED visits pct,quantile,0.975,2.7187183957019676
portland-or,2026-02-14,2,2026-02-28,Flu ED visits pct,quantile,0.975,10.766100194132855
provo,2026-02-14,2,2026-02-28,Flu ED visits pct,quantile,0.975,6.495803353993334
roanoke,2026-02-14,2,2026-02-28,Flu ED visits pct,quantile,0.975,5.371826948388652
rochester,2026-02-14,2,2026-02-28,Flu ED visits pct,quantile,0.975,6.081643689214012
rock-hill,2026-02-14,2,2026-02-28,Flu ED visits pct,quantile,0.975,4.806841415914353
rtp-area,2026-02-14,2,2026-02-28,Flu ED visits pct,quantile,0.975,3.3515253943982617
salem,2026-02-14,2,2026-02-28,Flu ED visits pct,quantile,0.975,13.006636366111026
salt-lake-city,2026-02-14,2,2026-02-28,Flu ED visits pct,quantile,0.975,4.980828110731274
san-antonio,2026-02-14,2,2026-02-28,Flu ED visits pct,quantile,0.975,12.74384652283811
savannah,2026-02-14,2,2026-02-28,Flu ED visits pct,quantile,0.975,5.097359889714984
senc,2026-02-14,2,2026-02-28,Flu ED visits pct,quantile,0.975,3.792584881933684
south-augusta,2026-02-14,2,2026-02-28,Flu ED visits pct,quantile,0.975,3.4859874940925724
south-carolina,2026-02-14,2,2026-02-28,Flu ED visits pct,quantile,0.975,7.885473800494617
springfield,2026-02-14,2,2026-02-28,Flu ED visits pct,quantile,0.975,3.444787409021831
st-cloud,2026-02-14,2,2026-02-28,Flu ED visits pct,quantile,0.975,7.070849854536452
st-paul,2026-02-14,2,2026-02-28,Flu ED visits pct,quantile,0.975,3.0446017098185494
texas,2026-02-14,2,2026-02-28,Flu ED visits pct,quantile,0.975,7.5538616616196546
triad-area,2026-02-14,2,2026-02-28,Flu ED visits pct,quantile,0.975,2.8011059956761875
utah,2026-02-14,2,2026-02-28,Flu ED visits pct,quantile,0.975,5.493063807987675
virginia,2026-02-14,2,2026-02-28,Flu ED visits pct,quantile,0.975,4.203526074618728
weld,2026-02-14,2,2026-02-28,Flu ED visits pct,quantile,0.975,5.045318350251675
wnc,2026-02-14,2,2026-02-28,Flu ED visits pct,quantile,0.975,2.959246569906959
worcester,2026-02-14,2,2026-02-28,Flu ED visits pct,quantile,0.975,3.6474586427470244
athens,2026-02-14,3,2026-03-07,Flu ED visits pct,quantile,0.975,4.874398670817319
austin,2026-02-14,3,2026-03-07,Flu ED visits pct,quantile,0.975,8.113525253001445
baltimore,2026-02-14,3,2026-03-07,Flu ED visits pct,quantile,0.975,2.1982013901769006
bangor,2026-02-14,3,2026-03-07,Flu ED visits pct,quantile,0.975,5.9013111035654
beaumont,2026-02-14,3,2026-03-07,Flu ED visits pct,quantile,0.975,8.347830270788267
boston,2026-02-14,3,2026-03-07,Flu ED visits pct,quantile,0.975,3.0773481501975803
boulder,2026-02-14,3,2026-03-07,Flu ED visits pct,quantile,0.975,5.969814234124705
charleston,2026-02-14,3,2026-03-07,Flu ED visits pct,quantile,0.975,9.457798415065602
cherokee,2026-02-14,3,2026-03-07,Flu ED visits pct,quantile,0.975,8.395546401752446
clt-area,2026-02-14,3,2026-03-07,Flu ED visits pct,quantile,0.975,3.8816856469904812
colorado,2026-02-14,3,2026-03-07,Flu ED visits pct,quantile,0.975,3.85039286175277
colorado-springs,2026-02-14,3,2026-03-07,Flu ED visits pct,quantile,0.975,3.9788058250510208
columbia,2026-02-14,3,2026-03-07,Flu ED visits pct,quantile,0.975,8.471734618120799
columbus,2026-02-14,3,2026-03-07,Flu ED visits pct,quantile,0.975,8.257572727977974
dallas,2026-02-14,3,2026-03-07,Flu ED visits pct,quantile,0.975,6.162510021206526
denver,2026-02-14,3,2026-03-07,Flu ED visits pct,quantile,0.975,3.4638214005794072
deschutes,2026-02-14,3,2026-03-07,Flu ED visits pct,quantile,0.975,10.602629787991878
duluth,2026-02-14,3,2026-03-07,Flu ED visits pct,quantile,0.975,4.74032521249634
el-paso,2026-02-14,3,2026-03-07,Flu ED visits pct,quantile,0.975,5.434922875980018
eugene,2026-02-14,3,2026-03-07,Flu ED visits pct,quantile,0.975,9.473008055152825
fay-area,2026-02-14,3,2026-03-07,Flu ED visits pct,quantile,0.975,5.943875485843326
florence,2026-02-14,3,2026-03-07,Flu ED visits pct,quantile,0.975,7.915820906670979
floyd,2026-02-14,3,2026-03-07,Flu ED visits pct,quantile,0.975,6.450316316931797
frederick,2026-02-14,3,2026-03-07,Flu ED visits pct,quantile,0.975,3.4774637154960644
georgia,2026-02-14,3,2026-03-07,Flu ED visits pct,quantile,0.975,6.3551397615709515
greenville,2026-02-14,3,2026-03-07,Flu ED visits pct,quantile,0.975,5.671884641074053
hall,2026-02-14,3,2026-03-07,Flu ED visits pct,quantile,0.975,4.883183543222819
harford,2026-02-14,3,2026-03-07,Flu ED visits pct,quantile,0.975,3.18688557335752
henry,2026-02-14,3,2026-03-07,Flu ED visits pct,quantile,0.975,5.083099405288185
horry,2026-02-14,3,2026-03-07,Flu ED visits pct,quantile,0.975,8.340244071392307
houston,2026-02-14,3,2026-03-07,Flu ED visits pct,quantile,0.975,4.5087988308672085
indiana,2026-02-14,3,2026-03-07,Flu ED visits pct,quantile,0.975,6.1355085790085
indianapolis,2026-02-14,3,2026-03-07,Flu ED visits pct,quantile,0.975,5.416316429614394
la-grange,2026-02-14,3,2026-03-07,Flu ED visits pct,quantile,0.975,5.8057702870558705
larimer,2026-02-14,3,2026-03-07,Flu ED visits pct,quantile,0.975,4.6732787042362105
lynn,2026-02-14,3,2026-03-07,Flu ED visits pct,quantile,0.975,4.056846260582477
macon,2026-02-14,3,2026-03-07,Flu ED visits pct,quantile,0.975,3.863018837786645
maine,2026-02-14,3,2026-03-07,Flu ED visits pct,quantile,0.975,4.041385268415746
marietta,2026-02-14,3,2026-03-07,Flu ED visits pct,quantile,0.975,6.123953896107733
maryland,2026-02-14,3,2026-03-07,Flu ED visits pct,quantile,0.975,2.558365507179954
massachusetts,2026-02-14,3,2026-03-07,Flu ED visits pct,quantile,0.975,3.582945703959107
medford,2026-02-14,3,2026-03-07,Flu ED visits pct,quantile,0.975,12.955389211380947
mesa,2026-02-14,3,2026-03-07,Flu ED visits pct,quantile,0.975,3.823358707161923
minneapolis,2026-02-14,3,2026-03-07,Flu ED visits pct,quantile,0.975,3.921362557228023
minnesota,2026-02-14,3,2026-03-07,Flu ED visits pct,quantile,0.975,4.744588515589752
montgomery,2026-02-14,3,2026-03-07,Flu ED visits pct,quantile,0.975,2.417477393166949
nenc,2026-02-14,3,2026-03-07,Flu ED visits pct,quantile,0.975,3.7818795712495614
new-bedford,2026-02-14,3,2026-03-07,Flu ED visits pct,quantile,0.975,4.772961891581812
north-carolina,2026-02-14,3,2026-03-07,Flu ED visits pct,quantile,0.975,3.7419221980232202
nyc,2026-02-14,3,2026-03-07,ILI ED visits pct,quantile,0.975,7.152438019609141
ogden,2026-02-14,3,2026-03-07,Flu ED visits pct,quantile,0.975,5.823211497144004
oregon,2026-02-14,3,2026-03-07,Flu ED visits pct,quantile,0.975,11.923430322654195
pittsfield,2026-02-14,3,2026-03-07,Flu ED visits pct,quantile,0.975,3.3833795406148117
portland,2026-02-14,3,2026-03-07,Flu ED visits pct,quantile,0.975,2.975920668091928
portland-or,2026-02-14,3,2026-03-07,Flu ED visits pct,quantile,0.975,11.057218627879674
provo,2026-02-14,3,2026-03-07,Flu ED visits pct,quantile,0.975,6.735176433284541
roanoke,2026-02-14,3,2026-03-07,Flu ED visits pct,quantile,0.975,5.828097496911849
rochester,2026-02-14,3,2026-03-07,Flu ED visits pct,quantile,0.975,6.267456178693693
rock-hill,2026-02-14,3,2026-03-07,Flu ED visits pct,quantile,0.975,5.277773202947619
rtp-area,2026-02-14,3,2026-03-07,Flu ED visits pct,quantile,0.975,3.4304088015389103
salem,2026-02-14,3,2026-03-07,Flu ED visits pct,quantile,0.975,13.535455480661273
salt-lake-city,2026-02-14,3,2026-03-07,Flu ED visits pct,quantile,0.975,5.252043192004506
san-antonio,2026-02-14,3,2026-03-07,Flu ED visits pct,quantile,0.975,12.862634489882831
savannah,2026-02-14,3,2026-03-07,Flu ED visits pct,quantile,0.975,5.227557228513564
senc,2026-02-14,3,2026-03-07,Flu ED visits pct,quantile,0.975,3.900656150773272
south-augusta,2026-02-14,3,2026-03-07,Flu ED visits pct,quantile,0.975,3.6178576222112957
south-carolina,2026-02-14,3,2026-03-07,Flu ED visits pct,quantile,0.975,8.460436858985382
springfield,2026-02-14,3,2026-03-07,Flu ED visits pct,quantile,0.975,3.7010477038404566
st-cloud,2026-02-14,3,2026-03-07,Flu ED visits pct,quantile,0.975,7.395164450533703
st-paul,2026-02-14,3,2026-03-07,Flu ED visits pct,quantile,0.975,3.445436177637409
texas,2026-02-14,3,2026-03-07,Flu ED visits pct,quantile,0.975,8.194239907891305
triad-area,2026-02-14,3,2026-03-07,Flu ED visits pct,quantile,0.975,2.8666664912704456
utah,2026-02-14,3,2026-03-07,Flu ED visits pct,quantile,0.975,5.81060651043937
virginia,2026-02-14,3,2026-03-07,Flu ED visits pct,quantile,0.975,4.757496899361938
weld,2026-02-14,3,2026-03-07,Flu ED visits pct,quantile,0.975,5.421923573549921
wnc,2026-02-14,3,2026-03-07,Flu ED visits pct,quantile,0.975,3.051905003153692
worcester,2026-02-14,3,2026-03-07,Flu ED visits pct,quantile,0.975,4.039851492902227
