location,reference_date,horizon,target_end_date,target,output_type,output_type_id,value
athens,2026-04-11,0,2026-04-11,Flu ED visits pct,quantile,0.025,0.1983841419863934
austin,2026-04-11,0,2026-04-11,Flu ED visits pct,quantile,0.025,0.24196415761433032
baltimore,2026-04-11,0,2026-04-11,Flu ED visits pct,quantile,0.025,0.47820219726355506
bangor,2026-04-11,0,2026-04-11,Flu ED visits pct,quantile,0.025,0.42025266274763234
beaumont,2026-04-11,0,2026-04-11,Flu ED visits pct,quantile,0.025,0.07798574596372615
boston,2026-04-11,0,2026-04-11,Flu ED visits pct,quantile,0.025,0.6437166542018119
boulder,2026-04-11,0,2026-04-11,Flu ED visits pct,quantile,0.025,0.2576401997132851
charleston,2026-04-11,0,2026-04-11,Flu ED visits pct,quantile,0.025,0.2617843332513139
cherokee,2026-04-11,0,2026-04-11,Flu ED visits pct,quantile,0.025,0.4250099512352316
clt-area,2026-04-11,0,2026-04-11,Flu ED visits pct,quantile,0.025,1.0016984863588767
colorado,2026-04-11,0,2026-04-11,Flu ED visits pct,quantile,0.025,0.5175455300066123
colorado-springs,2026-04-11,0,2026-04-11,Flu ED visits pct,quantile,0.025,0.5190102539656394
columbia,2026-04-11,0,2026-04-11,Flu ED visits pct,quantile,0.025,0.16578011868242348
columbus,2026-04-11,0,2026-04-11,Flu ED visits pct,quantile,0.025,0.18451123288878102
dallas,2026-04-11,0,2026-04-11,Flu ED visits pct,quantile,0.025,0.1841204891844408
denver,2026-04-11,0,2026-04-11,Flu ED visits pct,quantile,0.025,0.7011934036216902
deschutes,2026-04-11,0,2026-04-11,Flu ED visits pct,quantile,0.025,0.3172364539965436
duluth,2026-04-11,0,2026-04-11,Flu ED visits pct,quantile,0.025,0.6273390188863296
el-paso,2026-04-11,0,2026-04-11,Flu ED visits pct,quantile,0.025,0.7267083036679981
eugene,2026-04-11,0,2026-04-11,Flu ED visits pct,quantile,0.025,0.08929873897916786
fay-area,2026-04-11,0,2026-04-11,Flu ED visits pct,quantile,0.025,0.8548317505119276
florence,2026-04-11,0,2026-04-11,Flu ED visits pct,quantile,0.025,0.08470554901503623
floyd,2026-04-11,0,2026-04-11,Flu ED visits pct,quantile,0.025,0.11983823914050064
frederick,2026-04-11,0,2026-04-11,Flu ED visits pct,quantile,0.025,0.1501490833405315
georgia,2026-04-11,0,2026-04-11,Flu ED visits pct,quantile,0.025,0.30782156907610425
greenville,2026-04-11,0,2026-04-11,Flu ED visits pct,quantile,0.025,0.19732285185282836
hall,2026-04-11,0,2026-04-11,Flu ED visits pct,quantile,0.025,0.16941375269311643
harford,2026-04-11,0,2026-04-11,Flu ED visits pct,quantile,0.025,0.10338793197723994
henry,2026-04-11,0,2026-04-11,Flu ED visits pct,quantile,0.025,0.23761767128583605
horry,2026-04-11,0,2026-04-11,Flu ED visits pct,quantile,0.025,0.14891680681374922
houston,2026-04-11,0,2026-04-11,Flu ED visits pct,quantile,0.025,0.29258825221594303
indiana,2026-04-11,0,2026-04-11,Flu ED visits pct,quantile,0.025,0.3760599661983736
indianapolis,2026-04-11,0,2026-04-11,Flu ED visits pct,quantile,0.025,0.26249773726212006
la-grange,2026-04-11,0,2026-04-11,Flu ED visits pct,quantile,0.025,0.08284898735630125
larimer,2026-04-11,0,2026-04-11,Flu ED visits pct,quantile,0.025,0.20559881684858408
lynn,2026-04-11,0,2026-04-11,Flu ED visits pct,quantile,0.025,0.355712516801683
macon,2026-04-11,0,2026-04-11,Flu ED visits pct,quantile,0.025,0.10651364865822653
maine,2026-04-11,0,2026-04-11,Flu ED visits pct,quantile,0.025,0.5687601662197189
marietta,2026-04-11,0,2026-04-11,Flu ED visits pct,quantile,0.025,0.1371657339047504
maryland,2026-04-11,0,2026-04-11,Flu ED visits pct,quantile,0.025,0.5302034560992755
massachusetts,2026-04-11,0,2026-04-11,Flu ED visits pct,quantile,0.025,0.7148303452408168
medford,2026-04-11,0,2026-04-11,Flu ED visits pct,quantile,0.025,0.006506504812360455
mesa,2026-04-11,0,2026-04-11,Flu ED visits pct,quantile,0.025,0.11200467966772097
minneapolis,2026-04-11,0,2026-04-11,Flu ED visits pct,quantile,0.025,0.541275676446636
minnesota,2026-04-11,0,2026-04-11,Flu ED visits pct,quantile,0.025,0.6627155450491778
montgomery,2026-04-11,0,2026-04-11,Flu ED visits pct,quantile,0.025,0.4565378901471981
nenc,2026-04-11,0,2026-04-11,Flu ED visits pct,quantile,0.025,0.2270582069844077
new-bedford,2026-04-11,0,2026-04-11,Flu ED visits pct,quantile,0.025,0.7706901126631946
north-carolina,2026-04-11,0,2026-04-11,Flu ED visits pct,quantile,0.025,0.5487430339475914
nyc,2026-04-11,0,2026-04-11,ILI ED visits pct,quantile,0.025,2.0974173235567712
ogden,2026-04-11,0,2026-04-11,Flu ED visits pct,quantile,0.025,0.09921506633449406
oregon,2026-04-11,0,2026-04-11,Flu ED visits pct,quantile,0.025,0.294739901475162
pittsfield,2026-04-11,0,2026-04-11,Flu ED visits pct,quantile,0.025,0.15694906300397843
portland,2026-04-11,0,2026-04-11,Flu ED visits pct,quantile,0.025,0.3776537017542153
portland-or,2026-04-11,0,2026-04-11,Flu ED visits pct,quantile,0.025,0.3559826112084658
provo,2026-04-11,0,2026-04-11,Flu ED visits pct,quantile,0.025,0.08247316994677349
roanoke,2026-04-11,0,2026-04-11,Flu ED visits pct,quantile,0.025,0.4292529265664651
rochester,2026-04-11,0,2026-04-11,Flu ED visits pct,quantile,0.025,0.21372360449242198
rock-hill,2026-04-11,0,2026-04-11,Flu ED visits pct,quantile,0.025,0.07939953472709513
rtp-area,2026-04-11,0,2026-04-11,Flu ED visits pct,quantile,0.025,0.20098162151028362
salem,2026-04-11,0,2026-04-11,Flu ED visits pct,quantile,0.025,0.17279870445263026
salt-lake-city,2026-04-11,0,2026-04-11,Flu ED visits pct,quantile,0.025,0.1882751193426033
san-antonio,2026-04-11,0,2026-04-11,Flu ED visits pct,quantile,0.025,0.2293490462812301
savannah,2026-04-11,0,2026-04-11,Flu ED visits pct,quantile,0.025,0.07680729474744628
senc,2026-04-11,0,2026-04-11,Flu ED visits pct,quantile,0.025,0.37025535387083747
south-augusta,2026-04-11,0,2026-04-11,Flu ED visits pct,quantile,0.025,0.2973786979072284
south-carolina,2026-04-11,0,2026-04-11,Flu ED visits pct,quantile,0.025,0.2814197293199215
springfield,2026-04-11,0,2026-04-11,Flu ED visits pct,quantile,0.025,0.7986793927693546
st-cloud,2026-04-11,0,2026-04-11,Flu ED visits pct,quantile,0.025,0.3501853170878703
st-paul,2026-04-11,0,2026-04-11,Flu ED visits pct,quantile,0.025,0.6917576972876938
texas,2026-04-11,0,2026-04-11,Flu ED visits pct,quantile,0.025,0.345838091696502
triad-area,2026-04-11,0,2026-04-11,Flu ED visits pct,quantile,0.025,0.3354395117796879
utah,2026-04-11,0,2026-04-11,Flu ED visits pct,quantile,0.025,0.20083658964087167
virginia,2026-04-11,0,2026-04-11,Flu ED visits pct,quantile,0.025,0.5874587382119872
weld,2026-04-11,0,2026-04-11,Flu ED visits pct,quantile,0.025,0.3950057637472725
wnc,2026-04-11,0,2026-04-11,Flu ED visits pct,quantile,0.025,0.24040468424103034
worcester,2026-04-11,0,2026-04-11,Flu ED visits pct,quantile,0.025,0.5884082134995213
athens,2026-04-11,1,2026-04-18,Flu ED visits pct,quantile,0.025,0.12916252323756638
austin,2026-04-11,1,2026-04-18,Flu ED visits pct,quantile,0.025,0.17570299635206577
baltimore,2026-04-11,1,2026-04-18,Flu ED visits pct,quantile,0.025,0.3531575234493726
bangor,2026-04-11,1,2026-04-18,Flu ED visits pct,quantile,0.025,0.2766244407013934
beaumont,2026-04-11,1,2026-04-18,Flu ED visits pct,quantile,0.025,0.047652441374922756
boston,2026-04-11,1,2026-04-18,Flu ED visits pct,quantile,0.025,0.4778391720603423
boulder,2026-04-11,1,2026-04-18,Flu ED visits pct,quantile,0.025,0.16361343936331013
charleston,2026-04-11,1,2026-04-18,Flu ED visits pct,quantile,0.025,0.1819090110913212
cherokee,2026-04-11,1,2026-04-18,Flu ED visits pct,quantile,0.025,0.2940763159133882
clt-area,2026-04-11,1,2026-04-18,Flu ED visits pct,quantile,0.025,0.7030409707171006
colorado,2026-04-11,1,2026-04-18,Flu ED visits pct,quantile,0.025,0.3590302947070246
colorado-springs,2026-04-11,1,2026-04-18,Flu ED visits pct,quantile,0.025,0.3550784271234551
columbia,2026-04-11,1,2026-04-18,Flu ED visits pct,quantile,0.025,0.09961178855712848
columbus,2026-04-11,1,2026-04-18,Flu ED visits pct,quantile,0.025,0.1164720991208024
dallas,2026-04-11,1,2026-04-18,Flu ED visits pct,quantile,0.025,0.13102716252315116
denver,2026-04-11,1,2026-04-18,Flu ED visits pct,quantile,0.025,0.5032988955309264
deschutes,2026-04-11,1,2026-04-18,Flu ED visits pct,quantile,0.025,0.23332234589378445
duluth,2026-04-11,1,2026-04-18,Flu ED visits pct,quantile,0.025,0.43330618028416146
el-paso,2026-04-11,1,2026-04-18,Flu ED visits pct,quantile,0.025,0.5170810344516833
eugene,2026-04-11,1,2026-04-18,Flu ED visits pct,quantile,0.025,0.05501122305733198
fay-area,2026-04-11,1,2026-04-18,Flu ED visits pct,quantile,0.025,0.5866787584117047
florence,2026-04-11,1,2026-04-18,Flu ED visits pct,quantile,0.025,0.047762470548343816
floyd,2026-04-11,1,2026-04-18,Flu ED visits pct,quantile,0.025,0.07245397455534233
frederick,2026-04-11,1,2026-04-18,Flu ED visits pct,quantile,0.025,0.08905257459891634
georgia,2026-04-11,1,2026-04-18,Flu ED visits pct,quantile,0.025,0.23250112735944486
greenville,2026-04-11,1,2026-04-18,Flu ED visits pct,quantile,0.025,0.12209559365385615
hall,2026-04-11,1,2026-04-18,Flu ED visits pct,quantile,0.025,0.11147743476720616
harford,2026-04-11,1,2026-04-18,Flu ED visits pct,quantile,0.025,0.059068930432434476
henry,2026-04-11,1,2026-04-18,Flu ED visits pct,quantile,0.025,0.16177842820000277
horry,2026-04-11,1,2026-04-18,Flu ED visits pct,quantile,0.025,0.09356432753715142
houston,2026-04-11,1,2026-04-18,Flu ED visits pct,quantile,0.025,0.22725147266567083
indiana,2026-04-11,1,2026-04-18,Flu ED visits pct,quantile,0.025,0.24088804664709557
indianapolis,2026-04-11,1,2026-04-18,Flu ED visits pct,quantile,0.025,0.16444064693608051
la-grange,2026-04-11,1,2026-04-18,Flu ED visits pct,quantile,0.025,0.050417871261023664
larimer,2026-04-11,1,2026-04-18,Flu ED visits pct,quantile,0.025,0.12426710173256007
lynn,2026-04-11,1,2026-04-18,Flu ED visits pct,quantile,0.025,0.2509067232801285
macon,2026-04-11,1,2026-04-18,Flu ED visits pct,quantile,0.025,0.07280194698066392
maine,2026-04-11,1,2026-04-18,Flu ED visits pct,quantile,0.025,0.3992534611081896
marietta,2026-04-11,1,2026-04-18,Flu ED visits pct,quantile,0.025,0.09161904173743494
maryland,2026-04-11,1,2026-04-18,Flu ED visits pct,quantile,0.025,0.3965214482870755
massachusetts,2026-04-11,1,2026-04-18,Flu ED visits pct,quantile,0.025,0.549339427354803
medford,2026-04-11,1,2026-04-18,Flu ED visits pct,quantile,0.025,0.0
mesa,2026-04-11,1,2026-04-18,Flu ED visits pct,quantile,0.025,0.0776724886924936
minneapolis,2026-04-11,1,2026-04-18,Flu ED visits pct,quantile,0.025,0.37901834319210814
minnesota,2026-04-11,1,2026-04-18,Flu ED visits pct,quantile,0.025,0.4641353436258566
montgomery,2026-04-11,1,2026-04-18,Flu ED visits pct,quantile,0.025,0.3165627817020162
nenc,2026-04-11,1,2026-04-18,Flu ED visits pct,quantile,0.025,0.1409208017336545
new-bedford,2026-04-11,1,2026-04-18,Flu ED visits pct,quantile,0.025,0.5655083248529614
north-carolina,2026-04-11,1,2026-04-18,Flu ED visits pct,quantile,0.025,0.38828297911325504
nyc,2026-04-11,1,2026-04-18,ILI ED visits pct,quantile,0.025,1.7792864302080453
ogden,2026-04-11,1,2026-04-18,Flu ED visits pct,quantile,0.025,0.06275375815931464
oregon,2026-04-11,1,2026-04-18,Flu ED visits pct,quantile,0.025,0.20982252260773795
pittsfield,2026-04-11,1,2026-04-18,Flu ED visits pct,quantile,0.025,0.08899155770213266
portland,2026-04-11,1,2026-04-18,Flu ED visits pct,quantile,0.025,0.2772777736518283
portland-or,2026-04-11,1,2026-04-18,Flu ED visits pct,quantile,0.025,0.25214108875042923
provo,2026-04-11,1,2026-04-18,Flu ED visits pct,quantile,0.025,0.05273806217209654
roanoke,2026-04-11,1,2026-04-18,Flu ED visits pct,quantile,0.025,0.283718108748971
rochester,2026-04-11,1,2026-04-18,Flu ED visits pct,quantile,0.025,0.14337826883906385
rock-hill,2026-04-11,1,2026-04-18,Flu ED visits pct,quantile,0.025,0.04044983925285697
rtp-area,2026-04-11,1,2026-04-18,Flu ED visits pct,quantile,0.025,0.12649606799822283
salem,2026-04-11,1,2026-04-18,Flu ED visits pct,quantile,0.025,0.1055431925080116
salt-lake-city,2026-04-11,1,2026-04-18,Flu ED visits pct,quantile,0.025,0.13513383428318285
san-antonio,2026-04-11,1,2026-04-18,Flu ED visits pct,quantile,0.025,0.1580213921724541
savannah,2026-04-11,1,2026-04-18,Flu ED visits pct,quantile,0.025,0.049773766543193876
senc,2026-04-11,1,2026-04-18,Flu ED visits pct,quantile,0.025,0.24815220272964755
south-augusta,2026-04-11,1,2026-04-18,Flu ED visits pct,quantile,0.025,0.1989646403583598
south-carolina,2026-04-11,1,2026-04-18,Flu ED visits pct,quantile,0.025,0.19748124592126776
springfield,2026-04-11,1,2026-04-18,Flu ED visits pct,quantile,0.025,0.5326740847154802
st-cloud,2026-04-11,1,2026-04-18,Flu ED visits pct,quantile,0.025,0.24676405757141512
st-paul,2026-04-11,1,2026-04-18,Flu ED visits pct,quantile,0.025,0.5010817586378752
texas,2026-04-11,1,2026-04-18,Flu ED visits pct,quantile,0.025,0.2611346709356995
triad-area,2026-04-11,1,2026-04-18,Flu ED visits pct,quantile,0.025,0.21738139577519844
utah,2026-04-11,1,2026-04-18,Flu ED visits pct,quantile,0.025,0.14412260536634997
virginia,2026-04-11,1,2026-04-18,Flu ED visits pct,quantile,0.025,0.44875032917532776
weld,2026-04-11,1,2026-04-18,Flu ED visits pct,quantile,0.025,0.26376874544282536
wnc,2026-04-11,1,2026-04-18,Flu ED visits pct,quantile,0.025,0.15408582211087737
worcester,2026-04-11,1,2026-04-18,Flu ED visits pct,quantile,0.025,0.4067553587305517
athens,2026-04-11,2,2026-04-25,Flu ED visits pct,quantile,0.025,0.08201884746718344
austin,2026-04-11,2,2026-04-25,Flu ED visits pct,quantile,0.025,0.1444261833047205
baltimore,2026-04-11,2,2026-04-25,Flu ED visits pct,quantile,0.025,0.2767177996983856
bangor,2026-04-11,2,2026-04-25,Flu ED visits pct,quantile,0.025,0.17577383650210907
beaumont,2026-04-11,2,2026-04-25,Flu ED visits pct,quantile,0.025,0.03343105606698955
boston,2026-04-11,2,2026-04-25,Flu ED visits pct,quantile,0.025,0.37679104045428463
boulder,2026-04-11,2,2026-04-25,Flu ED visits pct,quantile,0.025,0.09216721495788673
charleston,2026-04-11,2,2026-04-25,Flu ED visits pct,quantile,0.025,0.13720830579593285
cherokee,2026-04-11,2,2026-04-25,Flu ED visits pct,quantile,0.025,0.21819501409502534
clt-area,2026-04-11,2,2026-04-25,Flu ED visits pct,quantile,0.025,0.5052533293515197
colorado,2026-04-11,2,2026-04-25,Flu ED visits pct,quantile,0.025,0.2606947956512251
colorado-springs,2026-04-11,2,2026-04-25,Flu ED visits pct,quantile,0.025,0.2369506695066645
columbia,2026-04-11,2,2026-04-25,Flu ED visits pct,quantile,0.025,0.06397857641827277
columbus,2026-04-11,2,2026-04-25,Flu ED visits pct,quantile,0.025,0.06888670476569697
dallas,2026-04-11,2,2026-04-25,Flu ED visits pct,quantile,0.025,0.10831401693932863
denver,2026-04-11,2,2026-04-25,Flu ED visits pct,quantile,0.025,0.36016871661854377
deschutes,2026-04-11,2,2026-04-25,Flu ED visits pct,quantile,0.025,0.1623586981574827
duluth,2026-04-11,2,2026-04-25,Flu ED visits pct,quantile,0.025,0.2582093816603784
el-paso,2026-04-11,2,2026-04-25,Flu ED visits pct,quantile,0.025,0.4046557046738879
eugene,2026-04-11,2,2026-04-25,Flu ED visits pct,quantile,0.025,0.0377372656709946
fay-area,2026-04-11,2,2026-04-25,Flu ED visits pct,quantile,0.025,0.4175159027314726
florence,2026-04-11,2,2026-04-25,Flu ED visits pct,quantile,0.025,0.026759539525572022
floyd,2026-04-11,2,2026-04-25,Flu ED visits pct,quantile,0.025,0.046678589886044175
frederick,2026-04-11,2,2026-04-25,Flu ED visits pct,quantile,0.025,0.06158339002179002
georgia,2026-04-11,2,2026-04-25,Flu ED visits pct,quantile,0.025,0.18965274317180514
greenville,2026-04-11,2,2026-04-25,Flu ED visits pct,quantile,0.025,0.08197697899984972
hall,2026-04-11,2,2026-04-25,Flu ED visits pct,quantile,0.025,0.07236497123175377
harford,2026-04-11,2,2026-04-25,Flu ED visits pct,quantile,0.025,0.034965525769339936
henry,2026-04-11,2,2026-04-25,Flu ED visits pct,quantile,0.025,0.11441820693319044
horry,2026-04-11,2,2026-04-25,Flu ED visits pct,quantile,0.025,0.06198907590781897
houston,2026-04-11,2,2026-04-25,Flu ED visits pct,quantile,0.025,0.19202062752842278
indiana,2026-04-11,2,2026-04-25,Flu ED visits pct,quantile,0.025,0.16716320304167437
indianapolis,2026-04-11,2,2026-04-25,Flu ED visits pct,quantile,0.025,0.10772665768938058
la-grange,2026-04-11,2,2026-04-25,Flu ED visits pct,quantile,0.025,0.03302753010348566
larimer,2026-04-11,2,2026-04-25,Flu ED visits pct,quantile,0.025,0.07281041112989975
lynn,2026-04-11,2,2026-04-25,Flu ED visits pct,quantile,0.025,0.18454383833831
macon,2026-04-11,2,2026-04-25,Flu ED visits pct,quantile,0.025,0.053483246665609115
maine,2026-04-11,2,2026-04-25,Flu ED visits pct,quantile,0.025,0.31235105641677063
marietta,2026-04-11,2,2026-04-25,Flu ED visits pct,quantile,0.025,0.06249810621502041
maryland,2026-04-11,2,2026-04-25,Flu ED visits pct,quantile,0.025,0.3157118881800792
massachusetts,2026-04-11,2,2026-04-25,Flu ED visits pct,quantile,0.025,0.4430094968580853
medford,2026-04-11,2,2026-04-25,Flu ED visits pct,quantile,0.025,0.0
mesa,2026-04-11,2,2026-04-25,Flu ED visits pct,quantile,0.025,0.0523488367453287
minneapolis,2026-04-11,2,2026-04-25,Flu ED visits pct,quantile,0.025,0.26653175387933753
minnesota,2026-04-11,2,2026-04-25,Flu ED visits pct,quantile,0.025,0.35683937882624267
montgomery,2026-04-11,2,2026-04-25,Flu ED visits pct,quantile,0.025,0.2547277162387928
nenc,2026-04-11,2,2026-04-25,Flu ED visits pct,quantile,0.025,0.09159992421347518
new-bedford,2026-04-11,2,2026-04-25,Flu ED visits pct,quantile,0.025,0.4283822586977952
north-carolina,2026-04-11,2,2026-04-25,Flu ED visits pct,quantile,0.025,0.2776110487247567
nyc,2026-04-11,2,2026-04-25,ILI ED visits pct,quantile,0.025,1.5660408335604616
ogden,2026-04-11,2,2026-04-25,Flu ED visits pct,quantile,0.025,0.047437395453364284
oregon,2026-04-11,2,2026-04-25,Flu ED visits pct,quantile,0.025,0.1687790401400747
pittsfield,2026-04-11,2,2026-04-25,Flu ED visits pct,quantile,0.025,0.03902948731766807
portland,2026-04-11,2,2026-04-25,Flu ED visits pct,quantile,0.025,0.1967094003264056
portland-or,2026-04-11,2,2026-04-25,Flu ED visits pct,quantile,0.025,0.19687719874129378
provo,2026-04-11,2,2026-04-25,Flu ED visits pct,quantile,0.025,0.04018205126422766
roanoke,2026-04-11,2,2026-04-25,Flu ED visits pct,quantile,0.025,0.17765413970126526
rochester,2026-04-11,2,2026-04-25,Flu ED visits pct,quantile,0.025,0.08407026767426846
rock-hill,2026-04-11,2,2026-04-25,Flu ED visits pct,quantile,0.025,0.021161868639424042
rtp-area,2026-04-11,2,2026-04-25,Flu ED visits pct,quantile,0.025,0.08107697041418103
salem,2026-04-11,2,2026-04-25,Flu ED visits pct,quantile,0.025,0.060491287037986126
salt-lake-city,2026-04-11,2,2026-04-25,Flu ED visits pct,quantile,0.025,0.10930280266427998
san-antonio,2026-04-11,2,2026-04-25,Flu ED visits pct,quantile,0.025,0.12323209205057765
savannah,2026-04-11,2,2026-04-25,Flu ED visits pct,quantile,0.025,0.03195471428944906
senc,2026-04-11,2,2026-04-25,Flu ED visits pct,quantile,0.025,0.16227430856896907
south-augusta,2026-04-11,2,2026-04-25,Flu ED visits pct,quantile,0.025,0.12351200583718057
south-carolina,2026-04-11,2,2026-04-25,Flu ED visits pct,quantile,0.025,0.15064465431749666
springfield,2026-04-11,2,2026-04-25,Flu ED visits pct,quantile,0.025,0.3882357881221273
st-cloud,2026-04-11,2,2026-04-25,Flu ED visits pct,quantile,0.025,0.15689717900973094
st-paul,2026-04-11,2,2026-04-25,Flu ED visits pct,quantile,0.025,0.4101666453239878
texas,2026-04-11,2,2026-04-25,Flu ED visits pct,quantile,0.025,0.22132607596596762
triad-area,2026-04-11,2,2026-04-25,Flu ED visits pct,quantile,0.025,0.14875567726152022
utah,2026-04-11,2,2026-04-25,Flu ED visits pct,quantile,0.025,0.11647164456864485
virginia,2026-04-11,2,2026-04-25,Flu ED visits pct,quantile,0.025,0.37051360418203616
weld,2026-04-11,2,2026-04-25,Flu ED visits pct,quantile,0.025,0.15533412262240348
wnc,2026-04-11,2,2026-04-25,Flu ED visits pct,quantile,0.025,0.09854905043476055
worcester,2026-04-11,2,2026-04-25,Flu ED visits pct,quantile,0.025,0.2684531530050965
athens,2026-04-11,3,2026-05-02,Flu ED visits pct,quantile,0.025,0.05605709763639121
austin,2026-04-11,3,2026-05-02,Flu ED visits pct,quantile,0.025,0.11990740785698929
baltimore,2026-04-11,3,2026-05-02,Flu ED visits pct,quantile,0.025,0.2196939711533787
bangor,2026-04-11,3,2026-05-02,Flu ED visits pct,quantile,0.025,0.1162267877535912
beaumont,2026-04-11,3,2026-05-02,Flu ED visits pct,quantile,0.025,0.027019070735366524
boston,2026-04-11,3,2026-05-02,Flu ED visits pct,quantile,0.025,0.2819167752536776
boulder,2026-04-11,3,2026-05-02,Flu ED visits pct,quantile,0.025,0.05873662752297339
charleston,2026-04-11,3,2026-05-02,Flu ED visits pct,quantile,0.025,0.10985120577888004
cherokee,2026-04-11,3,2026-05-02,Flu ED visits pct,quantile,0.025,0.1680617982333243
clt-area,2026-04-11,3,2026-05-02,Flu ED visits pct,quantile,0.025,0.355463482942826
colorado,2026-04-11,3,2026-05-02,Flu ED visits pct,quantile,0.025,0.19785861385060946
colorado-springs,2026-04-11,3,2026-05-02,Flu ED visits pct,quantile,0.025,0.16780193009112881
columbia,2026-04-11,3,2026-05-02,Flu ED visits pct,quantile,0.025,0.04910233065434267
columbus,2026-04-11,3,2026-05-02,Flu ED visits pct,quantile,0.025,0.04906769063727017
dallas,2026-04-11,3,2026-05-02,Flu ED visits pct,quantile,0.025,0.08998501072412242
denver,2026-04-11,3,2026-05-02,Flu ED visits pct,quantile,0.025,0.27460392943108486
deschutes,2026-04-11,3,2026-05-02,Flu ED visits pct,quantile,0.025,0.12593163559518844
duluth,2026-04-11,3,2026-05-02,Flu ED visits pct,quantile,0.025,0.16862088572877845
el-paso,2026-04-11,3,2026-05-02,Flu ED visits pct,quantile,0.025,0.3282393512537581
eugene,2026-04-11,3,2026-05-02,Flu ED visits pct,quantile,0.025,0.029226514383574632
fay-area,2026-04-11,3,2026-05-02,Flu ED visits pct,quantile,0.025,0.28467315368377594
florence,2026-04-11,3,2026-05-02,Flu ED visits pct,quantile,0.025,0.018653993268717216
floyd,2026-04-11,3,2026-05-02,Flu ED visits pct,quantile,0.025,0.033730381679602
frederick,2026-04-11,3,2026-05-02,Flu ED visits pct,quantile,0.025,0.04443723863155556
georgia,2026-04-11,3,2026-05-02,Flu ED visits pct,quantile,0.025,0.1478322991477456
greenville,2026-04-11,3,2026-05-02,Flu ED visits pct,quantile,0.025,0.05933808698831928
hall,2026-04-11,3,2026-05-02,Flu ED visits pct,quantile,0.025,0.05513956026716447
harford,2026-04-11,3,2026-05-02,Flu ED visits pct,quantile,0.025,0.023621311158651695
henry,2026-04-11,3,2026-05-02,Flu ED visits pct,quantile,0.025,0.0876063813783882
horry,2026-04-11,3,2026-05-02,Flu ED visits pct,quantile,0.025,0.04535607610121339
houston,2026-04-11,3,2026-05-02,Flu ED visits pct,quantile,0.025,0.16692345915704257
indiana,2026-04-11,3,2026-05-02,Flu ED visits pct,quantile,0.025,0.12587996078058034
indianapolis,2026-04-11,3,2026-05-02,Flu ED visits pct,quantile,0.025,0.07761908917082433
la-grange,2026-04-11,3,2026-05-02,Flu ED visits pct,quantile,0.025,0.023165913067900654
larimer,2026-04-11,3,2026-05-02,Flu ED visits pct,quantile,0.025,0.047088776740744395
lynn,2026-04-11,3,2026-05-02,Flu ED visits pct,quantile,0.025,0.14536889690814706
macon,2026-04-11,3,2026-05-02,Flu ED visits pct,quantile,0.025,0.04322979204506129
maine,2026-04-11,3,2026-05-02,Flu ED visits pct,quantile,0.025,0.22567446852567408
marietta,2026-04-11,3,2026-05-02,Flu ED visits pct,quantile,0.025,0.044526551248691405
maryland,2026-04-11,3,2026-05-02,Flu ED visits pct,quantile,0.025,0.2517282392595554
massachusetts,2026-04-11,3,2026-05-02,Flu ED visits pct,quantile,0.025,0.3449009851270822
medford,2026-04-11,3,2026-05-02,Flu ED visits pct,quantile,0.025,0.0
mesa,2026-04-11,3,2026-05-02,Flu ED visits pct,quantile,0.025,0.03701012377889217
minneapolis,2026-04-11,3,2026-05-02,Flu ED visits pct,quantile,0.025,0.20316660405077405
minnesota,2026-04-11,3,2026-05-02,Flu ED visits pct,quantile,0.025,0.27681403743208643
montgomery,2026-04-11,3,2026-05-02,Flu ED visits pct,quantile,0.025,0.2063983526736962
nenc,2026-04-11,3,2026-05-02,Flu ED visits pct,quantile,0.025,0.06018579445685982
new-bedford,2026-04-11,3,2026-05-02,Flu ED visits pct,quantile,0.025,0.31156149474077693
north-carolina,2026-04-11,3,2026-05-02,Flu ED visits pct,quantile,0.025,0.1995949548373175
nyc,2026-04-11,3,2026-05-02,ILI ED visits pct,quantile,0.025,1.3154521031144675
ogden,2026-04-11,3,2026-05-02,Flu ED visits pct,quantile,0.025,0.037833164494135776
oregon,2026-04-11,3,2026-05-02,Flu ED visits pct,quantile,0.025,0.13688416462608088
pittsfield,2026-04-11,3,2026-05-02,Flu ED visits pct,quantile,0.025,0.022843080139911653
portland,2026-04-11,3,2026-05-02,Flu ED visits pct,quantile,0.025,0.13937945217501937
portland-or,2026-04-11,3,2026-05-02,Flu ED visits pct,quantile,0.025,0.1587078711408889
provo,2026-04-11,3,2026-05-02,Flu ED visits pct,quantile,0.025,0.03350396711863461
roanoke,2026-04-11,3,2026-05-02,Flu ED visits pct,quantile,0.025,0.1306637563488937
rochester,2026-04-11,3,2026-05-02,Flu ED visits pct,quantile,0.025,0.0604945638951753
rock-hill,2026-04-11,3,2026-05-02,Flu ED visits pct,quantile,0.025,0.01292288294287768
rtp-area,2026-04-11,3,2026-05-02,Flu ED visits pct,quantile,0.025,0.057171343316406796
salem,2026-04-11,3,2026-05-02,Flu ED visits pct,quantile,0.025,0.04294617708262316
salt-lake-city,2026-04-11,3,2026-05-02,Flu ED visits pct,quantile,0.025,0.08954981455441677
san-antonio,2026-04-11,3,2026-05-02,Flu ED visits pct,quantile,0.025,0.10316065232335196
savannah,2026-04-11,3,2026-05-02,Flu ED visits pct,quantile,0.025,0.02058917006207693
senc,2026-04-11,3,2026-05-02,Flu ED visits pct,quantile,0.025,0.10555094427448637
south-augusta,2026-04-11,3,2026-05-02,Flu ED visits pct,quantile,0.025,0.08260703612069849
south-carolina,2026-04-11,3,2026-05-02,Flu ED visits pct,quantile,0.025,0.11817729212671309
springfield,2026-04-11,3,2026-05-02,Flu ED visits pct,quantile,0.025,0.27689606558171337
st-cloud,2026-04-11,3,2026-05-02,Flu ED visits pct,quantile,0.025,0.11646618636098209
st-paul,2026-04-11,3,2026-05-02,Flu ED visits pct,quantile,0.025,0.33135733267863204
texas,2026-04-11,3,2026-05-02,Flu ED visits pct,quantile,0.025,0.19140877351106264
triad-area,2026-04-11,3,2026-05-02,Flu ED visits pct,quantile,0.025,0.10149335029703979
utah,2026-04-11,3,2026-05-02,Flu ED visits pct,quantile,0.025,0.09699055741239664
virginia,2026-04-11,3,2026-05-02,Flu ED visits pct,quantile,0.025,0.3071276150057503
weld,2026-04-11,3,2026-05-02,Flu ED visits pct,quantile,0.025,0.11680184376772139
wnc,2026-04-11,3,2026-05-02,Flu ED visits pct,quantile,0.025,0.05963980369854715
worcester,2026-04-11,3,2026-05-02,Flu ED visits pct,quantile,0.025,0.19927077246017538
athens,2026-04-11,0,2026-04-11,Flu ED visits pct,quantile,0.05,0.27971566178431384
austin,2026-04-11,0,2026-04-11,Flu ED visits pct,quantile,0.05,0.3064935377965322
baltimore,2026-04-11,0,2026-04-11,Flu ED visits pct,quantile,0.05,0.6506461560694028
bangor,2026-04-11,0,2026-04-11,Flu ED visits pct,quantile,0.05,0.598113546284178
beaumont,2026-04-11,0,2026-04-11,Flu ED visits pct,quantile,0.05,0.11896103256908462
boston,2026-04-11,0,2026-04-11,Flu ED visits pct,quantile,0.05,0.8616148682993302
boulder,2026-04-11,0,2026-04-11,Flu ED visits pct,quantile,0.05,0.3443836934966324
charleston,2026-04-11,0,2026-04-11,Flu ED visits pct,quantile,0.05,0.3349349615600119
cherokee,2026-04-11,0,2026-04-11,Flu ED visits pct,quantile,0.05,0.5707015890040925
clt-area,2026-04-11,0,2026-04-11,Flu ED visits pct,quantile,0.05,1.2044550768523568
colorado,2026-04-11,0,2026-04-11,Flu ED visits pct,quantile,0.05,0.7103718210886253
colorado-springs,2026-04-11,0,2026-04-11,Flu ED visits pct,quantile,0.05,0.6316024827079536
columbia,2026-04-11,0,2026-04-11,Flu ED visits pct,quantile,0.05,0.24802218139980908
columbus,2026-04-11,0,2026-04-11,Flu ED visits pct,quantile,0.05,0.25705280246897866
dallas,2026-04-11,0,2026-04-11,Flu ED visits pct,quantile,0.05,0.23116346619312578
denver,2026-04-11,0,2026-04-11,Flu ED visits pct,quantile,0.05,0.8796709310296718
deschutes,2026-04-11,0,2026-04-11,Flu ED visits pct,quantile,0.05,0.4261865318846084
duluth,2026-04-11,0,2026-04-11,Flu ED visits pct,quantile,0.05,0.7878498143086681
el-paso,2026-04-11,0,2026-04-11,Flu ED visits pct,quantile,0.05,0.8844648825848848
eugene,2026-04-11,0,2026-04-11,Flu ED visits pct,quantile,0.05,0.1261548664663458
fay-area,2026-04-11,0,2026-04-11,Flu ED visits pct,quantile,0.05,1.0160928710076094
florence,2026-04-11,0,2026-04-11,Flu ED visits pct,quantile,0.05,0.1586885862736134
floyd,2026-04-11,0,2026-04-11,Flu ED visits pct,quantile,0.05,0.17468884498666862
frederick,2026-04-11,0,2026-04-11,Flu ED visits pct,quantile,0.05,0.22498126203822683
georgia,2026-04-11,0,2026-04-11,Flu ED visits pct,quantile,0.05,0.39074846262377444
greenville,2026-04-11,0,2026-04-11,Flu ED visits pct,quantile,0.05,0.2630865462030525
hall,2026-04-11,0,2026-04-11,Flu ED visits pct,quantile,0.05,0.263697152649267
harford,2026-04-11,0,2026-04-11,Flu ED visits pct,quantile,0.05,0.14840987975449518
henry,2026-04-11,0,2026-04-11,Flu ED visits pct,quantile,0.05,0.3274428563474357
horry,2026-04-11,0,2026-04-11,Flu ED visits pct,quantile,0.05,0.23989224898924633
houston,2026-04-11,0,2026-04-11,Flu ED visits pct,quantile,0.05,0.3776396474015062
indiana,2026-04-11,0,2026-04-11,Flu ED visits pct,quantile,0.05,0.4621095752444801
indianapolis,2026-04-11,0,2026-04-11,Flu ED visits pct,quantile,0.05,0.3428278332593931
la-grange,2026-04-11,0,2026-04-11,Flu ED visits pct,quantile,0.05,0.12447752543022413
larimer,2026-04-11,0,2026-04-11,Flu ED visits pct,quantile,0.05,0.2897414652044781
lynn,2026-04-11,0,2026-04-11,Flu ED visits pct,quantile,0.05,0.4743468050352562
macon,2026-04-11,0,2026-04-11,Flu ED visits pct,quantile,0.05,0.15240082214221387
maine,2026-04-11,0,2026-04-11,Flu ED visits pct,quantile,0.05,0.6926160153402235
marietta,2026-04-11,0,2026-04-11,Flu ED visits pct,quantile,0.05,0.21161265184092504
maryland,2026-04-11,0,2026-04-11,Flu ED visits pct,quantile,0.05,0.682339980352049
massachusetts,2026-04-11,0,2026-04-11,Flu ED visits pct,quantile,0.05,0.9637677114962405
medford,2026-04-11,0,2026-04-11,Flu ED visits pct,quantile,0.05,0.016775502681839895
mesa,2026-04-11,0,2026-04-11,Flu ED visits pct,quantile,0.05,0.1710455237146167
minneapolis,2026-04-11,0,2026-04-11,Flu ED visits pct,quantile,0.05,0.6911906998125397
minnesota,2026-04-11,0,2026-04-11,Flu ED visits pct,quantile,0.05,0.8497521937829816
montgomery,2026-04-11,0,2026-04-11,Flu ED visits pct,quantile,0.05,0.5888876273733671
nenc,2026-04-11,0,2026-04-11,Flu ED visits pct,quantile,0.05,0.288721261932833
new-bedford,2026-04-11,0,2026-04-11,Flu ED visits pct,quantile,0.05,1.0980734911828287
north-carolina,2026-04-11,0,2026-04-11,Flu ED visits pct,quantile,0.05,0.6879091430356314
nyc,2026-04-11,0,2026-04-11,ILI ED visits pct,quantile,0.05,2.548072685304459
ogden,2026-04-11,0,2026-04-11,Flu ED visits pct,quantile,0.05,0.13759508502107462
oregon,2026-04-11,0,2026-04-11,Flu ED visits pct,quantile,0.05,0.3654141529075871
pittsfield,2026-04-11,0,2026-04-11,Flu ED visits pct,quantile,0.05,0.24655006816865732
portland,2026-04-11,0,2026-04-11,Flu ED visits pct,quantile,0.05,0.509128623814692
portland-or,2026-04-11,0,2026-04-11,Flu ED visits pct,quantile,0.05,0.44690455551706076
provo,2026-04-11,0,2026-04-11,Flu ED visits pct,quantile,0.05,0.11182179014811418
roanoke,2026-04-11,0,2026-04-11,Flu ED visits pct,quantile,0.05,0.5465138432499117
rochester,2026-04-11,0,2026-04-11,Flu ED visits pct,quantile,0.05,0.30760317130068204
rock-hill,2026-04-11,0,2026-04-11,Flu ED visits pct,quantile,0.05,0.131426909125111
rtp-area,2026-04-11,0,2026-04-11,Flu ED visits pct,quantile,0.05,0.24854558772251822
salem,2026-04-11,0,2026-04-11,Flu ED visits pct,quantile,0.05,0.2393073377156239
salt-lake-city,2026-04-11,0,2026-04-11,Flu ED visits pct,quantile,0.05,0.24495179049257076
san-antonio,2026-04-11,0,2026-04-11,Flu ED visits pct,quantile,0.05,0.2979666267759024
savannah,2026-04-11,0,2026-04-11,Flu ED visits pct,quantile,0.05,0.11631859635552678
senc,2026-04-11,0,2026-04-11,Flu ED visits pct,quantile,0.05,0.4551843202907654
south-augusta,2026-04-11,0,2026-04-11,Flu ED visits pct,quantile,0.05,0.39158536740496175
south-carolina,2026-04-11,0,2026-04-11,Flu ED visits pct,quantile,0.05,0.3848984966732916
springfield,2026-04-11,0,2026-04-11,Flu ED visits pct,quantile,0.05,0.9985460633220455
st-cloud,2026-04-11,0,2026-04-11,Flu ED visits pct,quantile,0.05,0.5250112696313309
st-paul,2026-04-11,0,2026-04-11,Flu ED visits pct,quantile,0.05,0.8487673795797122
texas,2026-04-11,0,2026-04-11,Flu ED visits pct,quantile,0.05,0.40573555528182675
triad-area,2026-04-11,0,2026-04-11,Flu ED visits pct,quantile,0.05,0.409785300197141
utah,2026-04-11,0,2026-04-11,Flu ED visits pct,quantile,0.05,0.2644473802327647
virginia,2026-04-11,0,2026-04-11,Flu ED visits pct,quantile,0.05,0.7353513804641434
weld,2026-04-11,0,2026-04-11,Flu ED visits pct,quantile,0.05,0.4898314267552013
wnc,2026-04-11,0,2026-04-11,Flu ED visits pct,quantile,0.05,0.3082188789816734
worcester,2026-04-11,0,2026-04-11,Flu ED visits pct,quantile,0.05,0.7304311462483759
athens,2026-04-11,1,2026-04-18,Flu ED visits pct,quantile,0.05,0.18550387666116414
austin,2026-04-11,1,2026-04-18,Flu ED visits pct,quantile,0.05,0.2352513497535796
baltimore,2026-04-11,1,2026-04-18,Flu ED visits pct,quantile,0.05,0.5053403832124405
bangor,2026-04-11,1,2026-04-18,Flu ED visits pct,quantile,0.05,0.401306303802481
beaumont,2026-04-11,1,2026-04-18,Flu ED visits pct,quantile,0.05,0.07837059938919477
boston,2026-04-11,1,2026-04-18,Flu ED visits pct,quantile,0.05,0.6478071215317278
boulder,2026-04-11,1,2026-04-18,Flu ED visits pct,quantile,0.05,0.22160046290661742
charleston,2026-04-11,1,2026-04-18,Flu ED visits pct,quantile,0.05,0.23232791733170507
cherokee,2026-04-11,1,2026-04-18,Flu ED visits pct,quantile,0.05,0.41334916542706346
clt-area,2026-04-11,1,2026-04-18,Flu ED visits pct,quantile,0.05,0.8254157101013947
colorado,2026-04-11,1,2026-04-18,Flu ED visits pct,quantile,0.05,0.474246031512078
colorado-springs,2026-04-11,1,2026-04-18,Flu ED visits pct,quantile,0.05,0.42804601836060896
columbia,2026-04-11,1,2026-04-18,Flu ED visits pct,quantile,0.05,0.16062028350015042
columbus,2026-04-11,1,2026-04-18,Flu ED visits pct,quantile,0.05,0.16728745765367886
dallas,2026-04-11,1,2026-04-18,Flu ED visits pct,quantile,0.05,0.17388893089901084
denver,2026-04-11,1,2026-04-18,Flu ED visits pct,quantile,0.05,0.6254950987204332
deschutes,2026-04-11,1,2026-04-18,Flu ED visits pct,quantile,0.05,0.3162130729122174
duluth,2026-04-11,1,2026-04-18,Flu ED visits pct,quantile,0.05,0.5346848843648108
el-paso,2026-04-11,1,2026-04-18,Flu ED visits pct,quantile,0.05,0.6596143847451078
eugene,2026-04-11,1,2026-04-18,Flu ED visits pct,quantile,0.05,0.08260857826755076
fay-area,2026-04-11,1,2026-04-18,Flu ED visits pct,quantile,0.05,0.6999851337891051
florence,2026-04-11,1,2026-04-18,Flu ED visits pct,quantile,0.05,0.09914918913527034
floyd,2026-04-11,1,2026-04-18,Flu ED visits pct,quantile,0.05,0.11122211222573454
frederick,2026-04-11,1,2026-04-18,Flu ED visits pct,quantile,0.05,0.1430146882306654
georgia,2026-04-11,1,2026-04-18,Flu ED visits pct,quantile,0.05,0.3091070667288556
greenville,2026-04-11,1,2026-04-18,Flu ED visits pct,quantile,0.05,0.1652854118195833
hall,2026-04-11,1,2026-04-18,Flu ED visits pct,quantile,0.05,0.17709551653702596
harford,2026-04-11,1,2026-04-18,Flu ED visits pct,quantile,0.05,0.09688148550120045
henry,2026-04-11,1,2026-04-18,Flu ED visits pct,quantile,0.05,0.2297117554036653
horry,2026-04-11,1,2026-04-18,Flu ED visits pct,quantile,0.05,0.16553991752709163
houston,2026-04-11,1,2026-04-18,Flu ED visits pct,quantile,0.05,0.3187198747530326
indiana,2026-04-11,1,2026-04-18,Flu ED visits pct,quantile,0.05,0.2902440869705326
indianapolis,2026-04-11,1,2026-04-18,Flu ED visits pct,quantile,0.05,0.22502877542591765
la-grange,2026-04-11,1,2026-04-18,Flu ED visits pct,quantile,0.05,0.0845606679877217
larimer,2026-04-11,1,2026-04-18,Flu ED visits pct,quantile,0.05,0.16449650712325994
lynn,2026-04-11,1,2026-04-18,Flu ED visits pct,quantile,0.05,0.34565043855907956
macon,2026-04-11,1,2026-04-18,Flu ED visits pct,quantile,0.05,0.10577895094622054
maine,2026-04-11,1,2026-04-18,Flu ED visits pct,quantile,0.05,0.4979088531118596
marietta,2026-04-11,1,2026-04-18,Flu ED visits pct,quantile,0.05,0.14312736756957528
maryland,2026-04-11,1,2026-04-18,Flu ED visits pct,quantile,0.05,0.5256499808351497
massachusetts,2026-04-11,1,2026-04-18,Flu ED visits pct,quantile,0.05,0.7316780582570653
medford,2026-04-11,1,2026-04-18,Flu ED visits pct,quantile,0.05,0.006375225503590242
mesa,2026-04-11,1,2026-04-18,Flu ED visits pct,quantile,0.05,0.12277272168255372
minneapolis,2026-04-11,1,2026-04-18,Flu ED visits pct,quantile,0.05,0.47339754180564947
minnesota,2026-04-11,1,2026-04-18,Flu ED visits pct,quantile,0.05,0.5892852082365847
montgomery,2026-04-11,1,2026-04-18,Flu ED visits pct,quantile,0.05,0.45258998473142653
nenc,2026-04-11,1,2026-04-18,Flu ED visits pct,quantile,0.05,0.1766921327466567
new-bedford,2026-04-11,1,2026-04-18,Flu ED visits pct,quantile,0.05,0.8105440153492817
north-carolina,2026-04-11,1,2026-04-18,Flu ED visits pct,quantile,0.05,0.4835669361762501
nyc,2026-04-11,1,2026-04-18,ILI ED visits pct,quantile,0.05,2.2284817521866245
ogden,2026-04-11,1,2026-04-18,Flu ED visits pct,quantile,0.05,0.09302975394161987
oregon,2026-04-11,1,2026-04-18,Flu ED visits pct,quantile,0.05,0.2735981626450619
pittsfield,2026-04-11,1,2026-04-18,Flu ED visits pct,quantile,0.05,0.15285328952772428
portland,2026-04-11,1,2026-04-18,Flu ED visits pct,quantile,0.05,0.3590600023237706
portland-or,2026-04-11,1,2026-04-18,Flu ED visits pct,quantile,0.05,0.3227170208433415
provo,2026-04-11,1,2026-04-18,Flu ED visits pct,quantile,0.05,0.07862453186473921
roanoke,2026-04-11,1,2026-04-18,Flu ED visits pct,quantile,0.05,0.3584923652926787
rochester,2026-04-11,1,2026-04-18,Flu ED visits pct,quantile,0.05,0.19776482268553233
rock-hill,2026-04-11,1,2026-04-18,Flu ED visits pct,quantile,0.05,0.08221959730197935
rtp-area,2026-04-11,1,2026-04-18,Flu ED visits pct,quantile,0.05,0.15649288366672284
salem,2026-04-11,1,2026-04-18,Flu ED visits pct,quantile,0.05,0.1465872013547699
salt-lake-city,2026-04-11,1,2026-04-18,Flu ED visits pct,quantile,0.05,0.18576630220501703
san-antonio,2026-04-11,1,2026-04-18,Flu ED visits pct,quantile,0.05,0.21591747594985067
savannah,2026-04-11,1,2026-04-18,Flu ED visits pct,quantile,0.05,0.08060945682494167
senc,2026-04-11,1,2026-04-18,Flu ED visits pct,quantile,0.05,0.308673736000063
south-augusta,2026-04-11,1,2026-04-18,Flu ED visits pct,quantile,0.05,0.2639307449860622
south-carolina,2026-04-11,1,2026-04-18,Flu ED visits pct,quantile,0.05,0.28024697962097384
springfield,2026-04-11,1,2026-04-18,Flu ED visits pct,quantile,0.05,0.6731266142505787
st-cloud,2026-04-11,1,2026-04-18,Flu ED visits pct,quantile,0.05,0.36000614039204243
st-paul,2026-04-11,1,2026-04-18,Flu ED visits pct,quantile,0.05,0.643229342925024
texas,2026-04-11,1,2026-04-18,Flu ED visits pct,quantile,0.05,0.3139698364348119
triad-area,2026-04-11,1,2026-04-18,Flu ED visits pct,quantile,0.05,0.27539473931039127
utah,2026-04-11,1,2026-04-18,Flu ED visits pct,quantile,0.05,0.19968694214863852
virginia,2026-04-11,1,2026-04-18,Flu ED visits pct,quantile,0.05,0.5855460964331847
weld,2026-04-11,1,2026-04-18,Flu ED visits pct,quantile,0.05,0.30718584990855713
wnc,2026-04-11,1,2026-04-18,Flu ED visits pct,quantile,0.05,0.19452085049632012
worcester,2026-04-11,1,2026-04-18,Flu ED visits pct,quantile,0.05,0.5134214935227402
athens,2026-04-11,2,2026-04-25,Flu ED visits pct,quantile,0.05,0.11842413636291062
austin,2026-04-11,2,2026-04-25,Flu ED visits pct,quantile,0.05,0.1945109486699631
baltimore,2026-04-11,2,2026-04-25,Flu ED visits pct,quantile,0.05,0.41092629198147257
bangor,2026-04-11,2,2026-04-25,Flu ED visits pct,quantile,0.05,0.2641631134633384
beaumont,2026-04-11,2,2026-04-25,Flu ED visits pct,quantile,0.05,0.062134652791818186
boston,2026-04-11,2,2026-04-25,Flu ED visits pct,quantile,0.05,0.5139301356452103
boulder,2026-04-11,2,2026-04-25,Flu ED visits pct,quantile,0.05,0.12349139405729041
charleston,2026-04-11,2,2026-04-25,Flu ED visits pct,quantile,0.05,0.1795615081563975
cherokee,2026-04-11,2,2026-04-25,Flu ED visits pct,quantile,0.05,0.303663090620643
clt-area,2026-04-11,2,2026-04-25,Flu ED visits pct,quantile,0.05,0.5644549309936395
colorado,2026-04-11,2,2026-04-25,Flu ED visits pct,quantile,0.05,0.3460135209044799
colorado-springs,2026-04-11,2,2026-04-25,Flu ED visits pct,quantile,0.05,0.28485708130790455
columbia,2026-04-11,2,2026-04-25,Flu ED visits pct,quantile,0.05,0.11768349168194699
columbus,2026-04-11,2,2026-04-25,Flu ED visits pct,quantile,0.05,0.10361208703598038
dallas,2026-04-11,2,2026-04-25,Flu ED visits pct,quantile,0.05,0.14559014486751318
denver,2026-04-11,2,2026-04-25,Flu ED visits pct,quantile,0.05,0.4522514596038409
deschutes,2026-04-11,2,2026-04-25,Flu ED visits pct,quantile,0.05,0.23100374240497112
duluth,2026-04-11,2,2026-04-25,Flu ED visits pct,quantile,0.05,0.321271679952114
el-paso,2026-04-11,2,2026-04-25,Flu ED visits pct,quantile,0.05,0.5153725991915905
eugene,2026-04-11,2,2026-04-25,Flu ED visits pct,quantile,0.05,0.06028643318946484
fay-area,2026-04-11,2,2026-04-25,Flu ED visits pct,quantile,0.05,0.4671153692755976
florence,2026-04-11,2,2026-04-25,Flu ED visits pct,quantile,0.05,0.06879825780862245
floyd,2026-04-11,2,2026-04-25,Flu ED visits pct,quantile,0.05,0.08087139378991888
frederick,2026-04-11,2,2026-04-25,Flu ED visits pct,quantile,0.05,0.09899406822087599
georgia,2026-04-11,2,2026-04-25,Flu ED visits pct,quantile,0.05,0.25657202415347213
greenville,2026-04-11,2,2026-04-25,Flu ED visits pct,quantile,0.05,0.12682681667819717
hall,2026-04-11,2,2026-04-25,Flu ED visits pct,quantile,0.05,0.1251453284776636
harford,2026-04-11,2,2026-04-25,Flu ED visits pct,quantile,0.05,0.07057106777215397
henry,2026-04-11,2,2026-04-25,Flu ED visits pct,quantile,0.05,0.1705329520346774
horry,2026-04-11,2,2026-04-25,Flu ED visits pct,quantile,0.05,0.12123278670638628
houston,2026-04-11,2,2026-04-25,Flu ED visits pct,quantile,0.05,0.2820499134447802
indiana,2026-04-11,2,2026-04-25,Flu ED visits pct,quantile,0.05,0.20241213710586953
indianapolis,2026-04-11,2,2026-04-25,Flu ED visits pct,quantile,0.05,0.14708422192594808
la-grange,2026-04-11,2,2026-04-25,Flu ED visits pct,quantile,0.05,0.060403829235820765
larimer,2026-04-11,2,2026-04-25,Flu ED visits pct,quantile,0.05,0.10088415825704776
lynn,2026-04-11,2,2026-04-25,Flu ED visits pct,quantile,0.05,0.26009835884763105
macon,2026-04-11,2,2026-04-25,Flu ED visits pct,quantile,0.05,0.08446069378818305
maine,2026-04-11,2,2026-04-25,Flu ED visits pct,quantile,0.05,0.3818988209011338
marietta,2026-04-11,2,2026-04-25,Flu ED visits pct,quantile,0.05,0.10821879727565711
maryland,2026-04-11,2,2026-04-25,Flu ED visits pct,quantile,0.05,0.41602063514549
massachusetts,2026-04-11,2,2026-04-25,Flu ED visits pct,quantile,0.05,0.5946978400617579
medford,2026-04-11,2,2026-04-25,Flu ED visits pct,quantile,0.05,0.0027285843802470205
mesa,2026-04-11,2,2026-04-25,Flu ED visits pct,quantile,0.05,0.09582056573457877
minneapolis,2026-04-11,2,2026-04-25,Flu ED visits pct,quantile,0.05,0.3411289744611928
minnesota,2026-04-11,2,2026-04-25,Flu ED visits pct,quantile,0.05,0.45803727977854725
montgomery,2026-04-11,2,2026-04-25,Flu ED visits pct,quantile,0.05,0.36691073106683836
nenc,2026-04-11,2,2026-04-25,Flu ED visits pct,quantile,0.05,0.10968879411258947
new-bedford,2026-04-11,2,2026-04-25,Flu ED visits pct,quantile,0.05,0.6029212189946612
north-carolina,2026-04-11,2,2026-04-25,Flu ED visits pct,quantile,0.05,0.34563260135402035
nyc,2026-04-11,2,2026-04-25,ILI ED visits pct,quantile,0.05,1.9664441060748592
ogden,2026-04-11,2,2026-04-25,Flu ED visits pct,quantile,0.05,0.0756738751529747
oregon,2026-04-11,2,2026-04-25,Flu ED visits pct,quantile,0.05,0.2212897148929889
pittsfield,2026-04-11,2,2026-04-25,Flu ED visits pct,quantile,0.05,0.08288192252474408
portland,2026-04-11,2,2026-04-25,Flu ED visits pct,quantile,0.05,0.25766029839005244
portland-or,2026-04-11,2,2026-04-25,Flu ED visits pct,quantile,0.05,0.2627132518093816
provo,2026-04-11,2,2026-04-25,Flu ED visits pct,quantile,0.05,0.06528603081879478
roanoke,2026-04-11,2,2026-04-25,Flu ED visits pct,quantile,0.05,0.22627669079690668
rochester,2026-04-11,2,2026-04-25,Flu ED visits pct,quantile,0.05,0.12959987264125095
rock-hill,2026-04-11,2,2026-04-25,Flu ED visits pct,quantile,0.05,0.04963750762311872
rtp-area,2026-04-11,2,2026-04-25,Flu ED visits pct,quantile,0.05,0.10228591277074363
salem,2026-04-11,2,2026-04-25,Flu ED visits pct,quantile,0.05,0.09652183431955179
salt-lake-city,2026-04-11,2,2026-04-25,Flu ED visits pct,quantile,0.05,0.15060894498125807
san-antonio,2026-04-11,2,2026-04-25,Flu ED visits pct,quantile,0.05,0.1722582025561356
savannah,2026-04-11,2,2026-04-25,Flu ED visits pct,quantile,0.05,0.05590173599525059
senc,2026-04-11,2,2026-04-25,Flu ED visits pct,quantile,0.05,0.19769806927149033
south-augusta,2026-04-11,2,2026-04-25,Flu ED visits pct,quantile,0.05,0.16223409141835707
south-carolina,2026-04-11,2,2026-04-25,Flu ED visits pct,quantile,0.05,0.22075282705868735
springfield,2026-04-11,2,2026-04-25,Flu ED visits pct,quantile,0.05,0.5003566294085688
st-cloud,2026-04-11,2,2026-04-25,Flu ED visits pct,quantile,0.05,0.2547681034069671
st-paul,2026-04-11,2,2026-04-25,Flu ED visits pct,quantile,0.05,0.5235597826505053
texas,2026-04-11,2,2026-04-25,Flu ED visits pct,quantile,0.05,0.27329547216209427
triad-area,2026-04-11,2,2026-04-25,Flu ED visits pct,quantile,0.05,0.18563205701833485
utah,2026-04-11,2,2026-04-25,Flu ED visits pct,quantile,0.05,0.16304783510987164
virginia,2026-04-11,2,2026-04-25,Flu ED visits pct,quantile,0.05,0.4840252404033586
weld,2026-04-11,2,2026-04-25,Flu ED visits pct,quantile,0.05,0.18922989738963247
wnc,2026-04-11,2,2026-04-25,Flu ED visits pct,quantile,0.05,0.12047158310575258
worcester,2026-04-11,2,2026-04-25,Flu ED visits pct,quantile,0.05,0.3671616320298403
athens,2026-04-11,3,2026-05-02,Flu ED visits pct,quantile,0.05,0.09251216819818707
austin,2026-04-11,3,2026-05-02,Flu ED visits pct,quantile,0.05,0.16443939081759262
baltimore,2026-04-11,3,2026-05-02,Flu ED visits pct,quantile,0.05,0.33027010055729944
bangor,2026-04-11,3,2026-05-02,Flu ED visits pct,quantile,0.05,0.1958510439089462
beaumont,2026-04-11,3,2026-05-02,Flu ED visits pct,quantile,0.05,0.04963031470347469
boston,2026-04-11,3,2026-05-02,Flu ED visits pct,quantile,0.05,0.41894333799730454
boulder,2026-04-11,3,2026-05-02,Flu ED visits pct,quantile,0.05,0.07456146412793063
charleston,2026-04-11,3,2026-05-02,Flu ED visits pct,quantile,0.05,0.1467182865454752
cherokee,2026-04-11,3,2026-05-02,Flu ED visits pct,quantile,0.05,0.23793948445519214
clt-area,2026-04-11,3,2026-05-02,Flu ED visits pct,quantile,0.05,0.3816697174516338
colorado,2026-04-11,3,2026-05-02,Flu ED visits pct,quantile,0.05,0.2724329510742381
colorado-springs,2026-04-11,3,2026-05-02,Flu ED visits pct,quantile,0.05,0.2028387026946167
columbia,2026-04-11,3,2026-05-02,Flu ED visits pct,quantile,0.05,0.0929730604214407
columbus,2026-04-11,3,2026-05-02,Flu ED visits pct,quantile,0.05,0.07359661932466151
dallas,2026-04-11,3,2026-05-02,Flu ED visits pct,quantile,0.05,0.12225995774712457
denver,2026-04-11,3,2026-05-02,Flu ED visits pct,quantile,0.05,0.3452648888200247
deschutes,2026-04-11,3,2026-05-02,Flu ED visits pct,quantile,0.05,0.18873666581693888
duluth,2026-04-11,3,2026-05-02,Flu ED visits pct,quantile,0.05,0.21708531144010978
el-paso,2026-04-11,3,2026-05-02,Flu ED visits pct,quantile,0.05,0.4249102591635348
eugene,2026-04-11,3,2026-05-02,Flu ED visits pct,quantile,0.05,0.048690323048294855
fay-area,2026-04-11,3,2026-05-02,Flu ED visits pct,quantile,0.05,0.31895562331405425
florence,2026-04-11,3,2026-05-02,Flu ED visits pct,quantile,0.05,0.056635517728898195
floyd,2026-04-11,3,2026-05-02,Flu ED visits pct,quantile,0.05,0.06010496248174562
frederick,2026-04-11,3,2026-05-02,Flu ED visits pct,quantile,0.05,0.07706898830718079
georgia,2026-04-11,3,2026-05-02,Flu ED visits pct,quantile,0.05,0.20613294758833398
greenville,2026-04-11,3,2026-05-02,Flu ED visits pct,quantile,0.05,0.09091451367576749
hall,2026-04-11,3,2026-05-02,Flu ED visits pct,quantile,0.05,0.09407141362548044
harford,2026-04-11,3,2026-05-02,Flu ED visits pct,quantile,0.05,0.056188172924240505
henry,2026-04-11,3,2026-05-02,Flu ED visits pct,quantile,0.05,0.132709163798412
horry,2026-04-11,3,2026-05-02,Flu ED visits pct,quantile,0.05,0.09346887343499657
houston,2026-04-11,3,2026-05-02,Flu ED visits pct,quantile,0.05,0.2402805412365992
indiana,2026-04-11,3,2026-05-02,Flu ED visits pct,quantile,0.05,0.15420164929090888
indianapolis,2026-04-11,3,2026-05-02,Flu ED visits pct,quantile,0.05,0.10826493750087465
la-grange,2026-04-11,3,2026-05-02,Flu ED visits pct,quantile,0.05,0.04940657930997928
larimer,2026-04-11,3,2026-05-02,Flu ED visits pct,quantile,0.05,0.07394495806264861
lynn,2026-04-11,3,2026-05-02,Flu ED visits pct,quantile,0.05,0.2168917148855386
macon,2026-04-11,3,2026-05-02,Flu ED visits pct,quantile,0.05,0.07364373138472712
maine,2026-04-11,3,2026-05-02,Flu ED visits pct,quantile,0.05,0.30570845017096443
marietta,2026-04-11,3,2026-05-02,Flu ED visits pct,quantile,0.05,0.08843402171236257
maryland,2026-04-11,3,2026-05-02,Flu ED visits pct,quantile,0.05,0.34629243047749997
massachusetts,2026-04-11,3,2026-05-02,Flu ED visits pct,quantile,0.05,0.4831968670688495
medford,2026-04-11,3,2026-05-02,Flu ED visits pct,quantile,0.05,0.0012698379660516443
mesa,2026-04-11,3,2026-05-02,Flu ED visits pct,quantile,0.05,0.08636166384496115
minneapolis,2026-04-11,3,2026-05-02,Flu ED visits pct,quantile,0.05,0.2556815492518447
minnesota,2026-04-11,3,2026-05-02,Flu ED visits pct,quantile,0.05,0.36128628406820695
montgomery,2026-04-11,3,2026-05-02,Flu ED visits pct,quantile,0.05,0.2919553438295943
nenc,2026-04-11,3,2026-05-02,Flu ED visits pct,quantile,0.05,0.07171067933989836
new-bedford,2026-04-11,3,2026-05-02,Flu ED visits pct,quantile,0.05,0.4717717250592694
north-carolina,2026-04-11,3,2026-05-02,Flu ED visits pct,quantile,0.05,0.24346516133327706
nyc,2026-04-11,3,2026-05-02,ILI ED visits pct,quantile,0.05,1.7155700304098374
ogden,2026-04-11,3,2026-05-02,Flu ED visits pct,quantile,0.05,0.06515863826906731
oregon,2026-04-11,3,2026-05-02,Flu ED visits pct,quantile,0.05,0.1829991676313957
pittsfield,2026-04-11,3,2026-05-02,Flu ED visits pct,quantile,0.05,0.0597811036770478
portland,2026-04-11,3,2026-05-02,Flu ED visits pct,quantile,0.05,0.19104058529051796
portland-or,2026-04-11,3,2026-05-02,Flu ED visits pct,quantile,0.05,0.20929457663956286
provo,2026-04-11,3,2026-05-02,Flu ED visits pct,quantile,0.05,0.0557766899175872
roanoke,2026-04-11,3,2026-05-02,Flu ED visits pct,quantile,0.05,0.1709043068799706
rochester,2026-04-11,3,2026-05-02,Flu ED visits pct,quantile,0.05,0.10057055875049564
rock-hill,2026-04-11,3,2026-05-02,Flu ED visits pct,quantile,0.05,0.034879954040353114
rtp-area,2026-04-11,3,2026-05-02,Flu ED visits pct,quantile,0.05,0.06927870848002853
salem,2026-04-11,3,2026-05-02,Flu ED visits pct,quantile,0.05,0.06645752404143822
salt-lake-city,2026-04-11,3,2026-05-02,Flu ED visits pct,quantile,0.05,0.1261335947609551
san-antonio,2026-04-11,3,2026-05-02,Flu ED visits pct,quantile,0.05,0.14525923582343228
savannah,2026-04-11,3,2026-05-02,Flu ED visits pct,quantile,0.05,0.04271774405850352
senc,2026-04-11,3,2026-05-02,Flu ED visits pct,quantile,0.05,0.1271731683248385
south-augusta,2026-04-11,3,2026-05-02,Flu ED visits pct,quantile,0.05,0.10798502605535615
south-carolina,2026-04-11,3,2026-05-02,Flu ED visits pct,quantile,0.05,0.17137439357411982
springfield,2026-04-11,3,2026-05-02,Flu ED visits pct,quantile,0.05,0.37452715761196853
st-cloud,2026-04-11,3,2026-05-02,Flu ED visits pct,quantile,0.05,0.1943160451262339
st-paul,2026-04-11,3,2026-05-02,Flu ED visits pct,quantile,0.05,0.4439450562892553
texas,2026-04-11,3,2026-05-02,Flu ED visits pct,quantile,0.05,0.2347655881284107
triad-area,2026-04-11,3,2026-05-02,Flu ED visits pct,quantile,0.05,0.1293667218882769
utah,2026-04-11,3,2026-05-02,Flu ED visits pct,quantile,0.05,0.13566969629099992
virginia,2026-04-11,3,2026-05-02,Flu ED visits pct,quantile,0.05,0.40432919108040144
weld,2026-04-11,3,2026-05-02,Flu ED visits pct,quantile,0.05,0.1439730240570814
wnc,2026-04-11,3,2026-05-02,Flu ED visits pct,quantile,0.05,0.07909359550033145
worcester,2026-04-11,3,2026-05-02,Flu ED visits pct,quantile,0.05,0.29270547385756646
athens,2026-04-11,0,2026-04-11,Flu ED visits pct,quantile,0.1,0.29477223309264877
austin,2026-04-11,0,2026-04-11,Flu ED visits pct,quantile,0.1,0.3481513021321259
baltimore,2026-04-11,0,2026-04-11,Flu ED visits pct,quantile,0.1,0.7256424614746023
bangor,2026-04-11,0,2026-04-11,Flu ED visits pct,quantile,0.1,0.6059228910872706
beaumont,2026-04-11,0,2026-04-11,Flu ED visits pct,quantile,0.1,0.14912725068699254
boston,2026-04-11,0,2026-04-11,Flu ED visits pct,quantile,0.1,0.9355338148223081
boulder,2026-04-11,0,2026-04-11,Flu ED visits pct,quantile,0.1,0.46917690366617226
charleston,2026-04-11,0,2026-04-11,Flu ED visits pct,quantile,0.1,0.3887203579598318
cherokee,2026-04-11,0,2026-04-11,Flu ED visits pct,quantile,0.1,0.625139986247502
clt-area,2026-04-11,0,2026-04-11,Flu ED visits pct,quantile,0.1,1.423270934663116
colorado,2026-04-11,0,2026-04-11,Flu ED visits pct,quantile,0.1,0.8286492666266799
colorado-springs,2026-04-11,0,2026-04-11,Flu ED visits pct,quantile,0.1,0.7502372731851307
columbia,2026-04-11,0,2026-04-11,Flu ED visits pct,quantile,0.1,0.3015699265244764
columbus,2026-04-11,0,2026-04-11,Flu ED visits pct,quantile,0.1,0.3076722969001647
dallas,2026-04-11,0,2026-04-11,Flu ED visits pct,quantile,0.1,0.26223069104809377
denver,2026-04-11,0,2026-04-11,Flu ED visits pct,quantile,0.1,1.0128812355786816
deschutes,2026-04-11,0,2026-04-11,Flu ED visits pct,quantile,0.1,0.45535336719554154
duluth,2026-04-11,0,2026-04-11,Flu ED visits pct,quantile,0.1,0.9937370479502425
el-paso,2026-04-11,0,2026-04-11,Flu ED visits pct,quantile,0.1,0.983837350365158
eugene,2026-04-11,0,2026-04-11,Flu ED visits pct,quantile,0.1,0.14699165203157213
fay-area,2026-04-11,0,2026-04-11,Flu ED visits pct,quantile,0.1,1.2219529816435843
florence,2026-04-11,0,2026-04-11,Flu ED visits pct,quantile,0.1,0.18197712942535335
floyd,2026-04-11,0,2026-04-11,Flu ED visits pct,quantile,0.1,0.1896046786186943
frederick,2026-04-11,0,2026-04-11,Flu ED visits pct,quantile,0.1,0.28209551280243605
georgia,2026-04-11,0,2026-04-11,Flu ED visits pct,quantile,0.1,0.429528156231161
greenville,2026-04-11,0,2026-04-11,Flu ED visits pct,quantile,0.1,0.3236296085955848
hall,2026-04-11,0,2026-04-11,Flu ED visits pct,quantile,0.1,0.2808367535457288
harford,2026-04-11,0,2026-04-11,Flu ED visits pct,quantile,0.1,0.16213314277922536
henry,2026-04-11,0,2026-04-11,Flu ED visits pct,quantile,0.1,0.3832176160527058
horry,2026-04-11,0,2026-04-11,Flu ED visits pct,quantile,0.1,0.28644639899101565
houston,2026-04-11,0,2026-04-11,Flu ED visits pct,quantile,0.1,0.42598056279320734
indiana,2026-04-11,0,2026-04-11,Flu ED visits pct,quantile,0.1,0.5548442608748122
indianapolis,2026-04-11,0,2026-04-11,Flu ED visits pct,quantile,0.1,0.4131872940707824
la-grange,2026-04-11,0,2026-04-11,Flu ED visits pct,quantile,0.1,0.13491004864067407
larimer,2026-04-11,0,2026-04-11,Flu ED visits pct,quantile,0.1,0.34793219769171496
lynn,2026-04-11,0,2026-04-11,Flu ED visits pct,quantile,0.1,0.5623557460336275
macon,2026-04-11,0,2026-04-11,Flu ED visits pct,quantile,0.1,0.17117846846686202
maine,2026-04-11,0,2026-04-11,Flu ED visits pct,quantile,0.1,0.7977481588933983
marietta,2026-04-11,0,2026-04-11,Flu ED visits pct,quantile,0.1,0.24241594832829721
maryland,2026-04-11,0,2026-04-11,Flu ED visits pct,quantile,0.1,0.7737100518915341
massachusetts,2026-04-11,0,2026-04-11,Flu ED visits pct,quantile,0.1,1.0591198728239006
medford,2026-04-11,0,2026-04-11,Flu ED visits pct,quantile,0.1,0.021342018694109864
mesa,2026-04-11,0,2026-04-11,Flu ED visits pct,quantile,0.1,0.17479574568642378
minneapolis,2026-04-11,0,2026-04-11,Flu ED visits pct,quantile,0.1,0.818853842938265
minnesota,2026-04-11,0,2026-04-11,Flu ED visits pct,quantile,0.1,0.9324710328590248
montgomery,2026-04-11,0,2026-04-11,Flu ED visits pct,quantile,0.1,0.6828685192684255
nenc,2026-04-11,0,2026-04-11,Flu ED visits pct,quantile,0.1,0.3452960931603279
new-bedford,2026-04-11,0,2026-04-11,Flu ED visits pct,quantile,0.1,1.1836480580444138
north-carolina,2026-04-11,0,2026-04-11,Flu ED visits pct,quantile,0.1,0.7962009672311845
nyc,2026-04-11,0,2026-04-11,ILI ED visits pct,quantile,0.1,2.602295658566456
ogden,2026-04-11,0,2026-04-11,Flu ED visits pct,quantile,0.1,0.16506286815964885
oregon,2026-04-11,0,2026-04-11,Flu ED visits pct,quantile,0.1,0.4116370198052648
pittsfield,2026-04-11,0,2026-04-11,Flu ED visits pct,quantile,0.1,0.29875115457212775
portland,2026-04-11,0,2026-04-11,Flu ED visits pct,quantile,0.1,0.5441477928167329
portland-or,2026-04-11,0,2026-04-11,Flu ED visits pct,quantile,0.1,0.4898920246684481
provo,2026-04-11,0,2026-04-11,Flu ED visits pct,quantile,0.1,0.13823924106397673
roanoke,2026-04-11,0,2026-04-11,Flu ED visits pct,quantile,0.1,0.6480695703671986
rochester,2026-04-11,0,2026-04-11,Flu ED visits pct,quantile,0.1,0.3274940258957506
rock-hill,2026-04-11,0,2026-04-11,Flu ED visits pct,quantile,0.1,0.14265828173581016
rtp-area,2026-04-11,0,2026-04-11,Flu ED visits pct,quantile,0.1,0.296197765315253
salem,2026-04-11,0,2026-04-11,Flu ED visits pct,quantile,0.1,0.30585103180671747
salt-lake-city,2026-04-11,0,2026-04-11,Flu ED visits pct,quantile,0.1,0.2824835711237105
san-antonio,2026-04-11,0,2026-04-11,Flu ED visits pct,quantile,0.1,0.3377613045677844
savannah,2026-04-11,0,2026-04-11,Flu ED visits pct,quantile,0.1,0.13477657512188088
senc,2026-04-11,0,2026-04-11,Flu ED visits pct,quantile,0.1,0.5381201837959395
south-augusta,2026-04-11,0,2026-04-11,Flu ED visits pct,quantile,0.1,0.4903593360519324
south-carolina,2026-04-11,0,2026-04-11,Flu ED visits pct,quantile,0.1,0.43831353969860504
springfield,2026-04-11,0,2026-04-11,Flu ED visits pct,quantile,0.1,1.1177739736937398
st-cloud,2026-04-11,0,2026-04-11,Flu ED visits pct,quantile,0.1,0.536280945062267
st-paul,2026-04-11,0,2026-04-11,Flu ED visits pct,quantile,0.1,0.9713840669094905
texas,2026-04-11,0,2026-04-11,Flu ED visits pct,quantile,0.1,0.4379244956751094
triad-area,2026-04-11,0,2026-04-11,Flu ED visits pct,quantile,0.1,0.4791604548461787
utah,2026-04-11,0,2026-04-11,Flu ED visits pct,quantile,0.1,0.30101825130202514
virginia,2026-04-11,0,2026-04-11,Flu ED visits pct,quantile,0.1,0.8041126484708819
weld,2026-04-11,0,2026-04-11,Flu ED visits pct,quantile,0.1,0.5536796190851566
wnc,2026-04-11,0,2026-04-11,Flu ED visits pct,quantile,0.1,0.37429880832384893
worcester,2026-04-11,0,2026-04-11,Flu ED visits pct,quantile,0.1,0.8128312704426567
athens,2026-04-11,1,2026-04-18,Flu ED visits pct,quantile,0.1,0.2115514541032615
austin,2026-04-11,1,2026-04-18,Flu ED visits pct,quantile,0.1,0.29488443854906976
baltimore,2026-04-11,1,2026-04-18,Flu ED visits pct,quantile,0.1,0.6190447500667704
bangor,2026-04-11,1,2026-04-18,Flu ED visits pct,quantile,0.1,0.4162043425677336
beaumont,2026-04-11,1,2026-04-18,Flu ED visits pct,quantile,0.1,0.12107450107689986
boston,2026-04-11,1,2026-04-18,Flu ED visits pct,quantile,0.1,0.7822513106799627
boulder,2026-04-11,1,2026-04-18,Flu ED visits pct,quantile,0.1,0.28177292294444634
charleston,2026-04-11,1,2026-04-18,Flu ED visits pct,quantile,0.1,0.2951726727434224
cherokee,2026-04-11,1,2026-04-18,Flu ED visits pct,quantile,0.1,0.49404328414042953
clt-area,2026-04-11,1,2026-04-18,Flu ED visits pct,quantile,0.1,0.9698153466365714
colorado,2026-04-11,1,2026-04-18,Flu ED visits pct,quantile,0.1,0.5583853851147393
colorado-springs,2026-04-11,1,2026-04-18,Flu ED visits pct,quantile,0.1,0.5226422140004675
columbia,2026-04-11,1,2026-04-18,Flu ED visits pct,quantile,0.1,0.24015765595565602
columbus,2026-04-11,1,2026-04-18,Flu ED visits pct,quantile,0.1,0.2104076311220146
dallas,2026-04-11,1,2026-04-18,Flu ED visits pct,quantile,0.1,0.22164297826006749
denver,2026-04-11,1,2026-04-18,Flu ED visits pct,quantile,0.1,0.750133795040016
deschutes,2026-04-11,1,2026-04-18,Flu ED visits pct,quantile,0.1,0.3420443347371427
duluth,2026-04-11,1,2026-04-18,Flu ED visits pct,quantile,0.1,0.6709704076405866
el-paso,2026-04-11,1,2026-04-18,Flu ED visits pct,quantile,0.1,0.8174913746818674
eugene,2026-04-11,1,2026-04-18,Flu ED visits pct,quantile,0.1,0.11095629770245502
fay-area,2026-04-11,1,2026-04-18,Flu ED visits pct,quantile,0.1,0.7995562103219503
florence,2026-04-11,1,2026-04-18,Flu ED visits pct,quantile,0.1,0.1445848084046521
floyd,2026-04-11,1,2026-04-18,Flu ED visits pct,quantile,0.1,0.14171779082656225
frederick,2026-04-11,1,2026-04-18,Flu ED visits pct,quantile,0.1,0.20975549778026062
georgia,2026-04-11,1,2026-04-18,Flu ED visits pct,quantile,0.1,0.36776790487506905
greenville,2026-04-11,1,2026-04-18,Flu ED visits pct,quantile,0.1,0.23546181752281783
hall,2026-04-11,1,2026-04-18,Flu ED visits pct,quantile,0.1,0.2094761856524984
harford,2026-04-11,1,2026-04-18,Flu ED visits pct,quantile,0.1,0.1348291860428118
henry,2026-04-11,1,2026-04-18,Flu ED visits pct,quantile,0.1,0.3090877026124713
horry,2026-04-11,1,2026-04-18,Flu ED visits pct,quantile,0.1,0.23182315500051004
houston,2026-04-11,1,2026-04-18,Flu ED visits pct,quantile,0.1,0.37944683231555143
indiana,2026-04-11,1,2026-04-18,Flu ED visits pct,quantile,0.1,0.3814426421038806
indianapolis,2026-04-11,1,2026-04-18,Flu ED visits pct,quantile,0.1,0.2868986285570582
la-grange,2026-04-11,1,2026-04-18,Flu ED visits pct,quantile,0.1,0.1056110776300805
larimer,2026-04-11,1,2026-04-18,Flu ED visits pct,quantile,0.1,0.2564165280393369
lynn,2026-04-11,1,2026-04-18,Flu ED visits pct,quantile,0.1,0.4661002702542158
macon,2026-04-11,1,2026-04-18,Flu ED visits pct,quantile,0.1,0.13643229649083846
maine,2026-04-11,1,2026-04-18,Flu ED visits pct,quantile,0.1,0.5792700110322132
marietta,2026-04-11,1,2026-04-18,Flu ED visits pct,quantile,0.1,0.1869549687591811
maryland,2026-04-11,1,2026-04-18,Flu ED visits pct,quantile,0.1,0.6140047607531633
massachusetts,2026-04-11,1,2026-04-18,Flu ED visits pct,quantile,0.1,0.8828966861905323
medford,2026-04-11,1,2026-04-18,Flu ED visits pct,quantile,0.1,0.016045128380425447
mesa,2026-04-11,1,2026-04-18,Flu ED visits pct,quantile,0.1,0.1390397056442826
minneapolis,2026-04-11,1,2026-04-18,Flu ED visits pct,quantile,0.1,0.573790691766297
minnesota,2026-04-11,1,2026-04-18,Flu ED visits pct,quantile,0.1,0.7239316230278939
montgomery,2026-04-11,1,2026-04-18,Flu ED visits pct,quantile,0.1,0.5676911726704807
nenc,2026-04-11,1,2026-04-18,Flu ED visits pct,quantile,0.1,0.22614660782250878
new-bedford,2026-04-11,1,2026-04-18,Flu ED visits pct,quantile,0.1,0.9154498173678871
north-carolina,2026-04-11,1,2026-04-18,Flu ED visits pct,quantile,0.1,0.5519931489477704
nyc,2026-04-11,1,2026-04-18,ILI ED visits pct,quantile,0.1,2.4234303609462557
ogden,2026-04-11,1,2026-04-18,Flu ED visits pct,quantile,0.1,0.13072653312059423
oregon,2026-04-11,1,2026-04-18,Flu ED visits pct,quantile,0.1,0.334669251637002
pittsfield,2026-04-11,1,2026-04-18,Flu ED visits pct,quantile,0.1,0.1832236992963502
portland,2026-04-11,1,2026-04-18,Flu ED visits pct,quantile,0.1,0.39956187456722236
portland-or,2026-04-11,1,2026-04-18,Flu ED visits pct,quantile,0.1,0.3882752473126819
provo,2026-04-11,1,2026-04-18,Flu ED visits pct,quantile,0.1,0.11334140928190668
roanoke,2026-04-11,1,2026-04-18,Flu ED visits pct,quantile,0.1,0.446178341653022
rochester,2026-04-11,1,2026-04-18,Flu ED visits pct,quantile,0.1,0.23549177340107866
rock-hill,2026-04-11,1,2026-04-18,Flu ED visits pct,quantile,0.1,0.11648953858866033
rtp-area,2026-04-11,1,2026-04-18,Flu ED visits pct,quantile,0.1,0.19620659240939567
salem,2026-04-11,1,2026-04-18,Flu ED visits pct,quantile,0.1,0.2130733127995537
salt-lake-city,2026-04-11,1,2026-04-18,Flu ED visits pct,quantile,0.1,0.23950777766076034
san-antonio,2026-04-11,1,2026-04-18,Flu ED visits pct,quantile,0.1,0.27718984564789967
savannah,2026-04-11,1,2026-04-18,Flu ED visits pct,quantile,0.1,0.10533068115599163
senc,2026-04-11,1,2026-04-18,Flu ED visits pct,quantile,0.1,0.36308574888001455
south-augusta,2026-04-11,1,2026-04-18,Flu ED visits pct,quantile,0.1,0.32188793719536846
south-carolina,2026-04-11,1,2026-04-18,Flu ED visits pct,quantile,0.1,0.35939848667151686
springfield,2026-04-11,1,2026-04-18,Flu ED visits pct,quantile,0.1,0.8012267271958363
st-cloud,2026-04-11,1,2026-04-18,Flu ED visits pct,quantile,0.1,0.37405227118197837
st-paul,2026-04-11,1,2026-04-18,Flu ED visits pct,quantile,0.1,0.7972727899374634
texas,2026-04-11,1,2026-04-18,Flu ED visits pct,quantile,0.1,0.38222834848684584
triad-area,2026-04-11,1,2026-04-18,Flu ED visits pct,quantile,0.1,0.3340146324909844
utah,2026-04-11,1,2026-04-18,Flu ED visits pct,quantile,0.1,0.25225329324679646
virginia,2026-04-11,1,2026-04-18,Flu ED visits pct,quantile,0.1,0.6773552186797281
weld,2026-04-11,1,2026-04-18,Flu ED visits pct,quantile,0.1,0.3611059293330166
wnc,2026-04-11,1,2026-04-18,Flu ED visits pct,quantile,0.1,0.2304256638233016
worcester,2026-04-11,1,2026-04-18,Flu ED visits pct,quantile,0.1,0.6167966295884975
athens,2026-04-11,2,2026-04-25,Flu ED visits pct,quantile,0.1,0.14641595600942814
austin,2026-04-11,2,2026-04-25,Flu ED visits pct,quantile,0.1,0.24487208003339694
baltimore,2026-04-11,2,2026-04-25,Flu ED visits pct,quantile,0.1,0.5234701206905551
bangor,2026-04-11,2,2026-04-25,Flu ED visits pct,quantile,0.1,0.2764641798256478
beaumont,2026-04-11,2,2026-04-25,Flu ED visits pct,quantile,0.1,0.0909240597685222
boston,2026-04-11,2,2026-04-25,Flu ED visits pct,quantile,0.1,0.6199474892853885
boulder,2026-04-11,2,2026-04-25,Flu ED visits pct,quantile,0.1,0.1741749102592402
charleston,2026-04-11,2,2026-04-25,Flu ED visits pct,quantile,0.1,0.22740462265004413
cherokee,2026-04-11,2,2026-04-25,Flu ED visits pct,quantile,0.1,0.3730875002703174
clt-area,2026-04-11,2,2026-04-25,Flu ED visits pct,quantile,0.1,0.6572608341917826
colorado,2026-04-11,2,2026-04-25,Flu ED visits pct,quantile,0.1,0.3889033021309667
colorado-springs,2026-04-11,2,2026-04-25,Flu ED visits pct,quantile,0.1,0.33687432806731604
columbia,2026-04-11,2,2026-04-25,Flu ED visits pct,quantile,0.1,0.18061198811059387
columbus,2026-04-11,2,2026-04-25,Flu ED visits pct,quantile,0.1,0.13818751738411683
dallas,2026-04-11,2,2026-04-25,Flu ED visits pct,quantile,0.1,0.17777191090209912
denver,2026-04-11,2,2026-04-25,Flu ED visits pct,quantile,0.1,0.5484505491564153
deschutes,2026-04-11,2,2026-04-25,Flu ED visits pct,quantile,0.1,0.2682671517845342
duluth,2026-04-11,2,2026-04-25,Flu ED visits pct,quantile,0.1,0.4022846497115704
el-paso,2026-04-11,2,2026-04-25,Flu ED visits pct,quantile,0.1,0.6528426955599738
eugene,2026-04-11,2,2026-04-25,Flu ED visits pct,quantile,0.1,0.08093567564041283
fay-area,2026-04-11,2,2026-04-25,Flu ED visits pct,quantile,0.1,0.5510805699619445
florence,2026-04-11,2,2026-04-25,Flu ED visits pct,quantile,0.1,0.11475996947640717
floyd,2026-04-11,2,2026-04-25,Flu ED visits pct,quantile,0.1,0.09806798206765119
frederick,2026-04-11,2,2026-04-25,Flu ED visits pct,quantile,0.1,0.1487619061759055
georgia,2026-04-11,2,2026-04-25,Flu ED visits pct,quantile,0.1,0.3132486004559031
greenville,2026-04-11,2,2026-04-25,Flu ED visits pct,quantile,0.1,0.17423946334706397
hall,2026-04-11,2,2026-04-25,Flu ED visits pct,quantile,0.1,0.16065130074402043
harford,2026-04-11,2,2026-04-25,Flu ED visits pct,quantile,0.1,0.10114006345303787
henry,2026-04-11,2,2026-04-25,Flu ED visits pct,quantile,0.1,0.2365729481971898
horry,2026-04-11,2,2026-04-25,Flu ED visits pct,quantile,0.1,0.17576872242580205
houston,2026-04-11,2,2026-04-25,Flu ED visits pct,quantile,0.1,0.34117961086752907
indiana,2026-04-11,2,2026-04-25,Flu ED visits pct,quantile,0.1,0.2547292719215325
indianapolis,2026-04-11,2,2026-04-25,Flu ED visits pct,quantile,0.1,0.19470027246204374
la-grange,2026-04-11,2,2026-04-25,Flu ED visits pct,quantile,0.1,0.07552179118854091
larimer,2026-04-11,2,2026-04-25,Flu ED visits pct,quantile,0.1,0.16178323616137022
lynn,2026-04-11,2,2026-04-25,Flu ED visits pct,quantile,0.1,0.36680175185377734
macon,2026-04-11,2,2026-04-25,Flu ED visits pct,quantile,0.1,0.10367601996239685
maine,2026-04-11,2,2026-04-25,Flu ED visits pct,quantile,0.1,0.4611043091334786
marietta,2026-04-11,2,2026-04-25,Flu ED visits pct,quantile,0.1,0.1442870927336417
maryland,2026-04-11,2,2026-04-25,Flu ED visits pct,quantile,0.1,0.5115390304948322
massachusetts,2026-04-11,2,2026-04-25,Flu ED visits pct,quantile,0.1,0.7212084373024419
medford,2026-04-11,2,2026-04-25,Flu ED visits pct,quantile,0.1,0.009642280613888896
mesa,2026-04-11,2,2026-04-25,Flu ED visits pct,quantile,0.1,0.10566548642418902
minneapolis,2026-04-11,2,2026-04-25,Flu ED visits pct,quantile,0.1,0.3954654149256496
minnesota,2026-04-11,2,2026-04-25,Flu ED visits pct,quantile,0.1,0.5433227012578925
montgomery,2026-04-11,2,2026-04-25,Flu ED visits pct,quantile,0.1,0.47268840148460445
nenc,2026-04-11,2,2026-04-25,Flu ED visits pct,quantile,0.1,0.14481604114237467
new-bedford,2026-04-11,2,2026-04-25,Flu ED visits pct,quantile,0.1,0.7049884398353556
north-carolina,2026-04-11,2,2026-04-25,Flu ED visits pct,quantile,0.1,0.4068207659035474
nyc,2026-04-11,2,2026-04-25,ILI ED visits pct,quantile,0.1,2.161041862022741
ogden,2026-04-11,2,2026-04-25,Flu ED visits pct,quantile,0.1,0.09943574021298242
oregon,2026-04-11,2,2026-04-25,Flu ED visits pct,quantile,0.1,0.2687986242779621
pittsfield,2026-04-11,2,2026-04-25,Flu ED visits pct,quantile,0.1,0.09323303938862934
portland,2026-04-11,2,2026-04-25,Flu ED visits pct,quantile,0.1,0.2934902610974809
portland-or,2026-04-11,2,2026-04-25,Flu ED visits pct,quantile,0.1,0.3110579279260512
provo,2026-04-11,2,2026-04-25,Flu ED visits pct,quantile,0.1,0.09012111869313824
roanoke,2026-04-11,2,2026-04-25,Flu ED visits pct,quantile,0.1,0.27884655283987886
rochester,2026-04-11,2,2026-04-25,Flu ED visits pct,quantile,0.1,0.16013057896155578
rock-hill,2026-04-11,2,2026-04-25,Flu ED visits pct,quantile,0.1,0.07844334765048704
rtp-area,2026-04-11,2,2026-04-25,Flu ED visits pct,quantile,0.1,0.12925453350367747
salem,2026-04-11,2,2026-04-25,Flu ED visits pct,quantile,0.1,0.14014514753239768
salt-lake-city,2026-04-11,2,2026-04-25,Flu ED visits pct,quantile,0.1,0.19723867027515649
san-antonio,2026-04-11,2,2026-04-25,Flu ED visits pct,quantile,0.1,0.2200674913742701
savannah,2026-04-11,2,2026-04-25,Flu ED visits pct,quantile,0.1,0.07561438449895398
senc,2026-04-11,2,2026-04-25,Flu ED visits pct,quantile,0.1,0.22676879584562168
south-augusta,2026-04-11,2,2026-04-25,Flu ED visits pct,quantile,0.1,0.1975444484862612
south-carolina,2026-04-11,2,2026-04-25,Flu ED visits pct,quantile,0.1,0.2839880031682855
springfield,2026-04-11,2,2026-04-25,Flu ED visits pct,quantile,0.1,0.5736481771269818
st-cloud,2026-04-11,2,2026-04-25,Flu ED visits pct,quantile,0.1,0.26816710321160575
st-paul,2026-04-11,2,2026-04-25,Flu ED visits pct,quantile,0.1,0.6506369241428475
texas,2026-04-11,2,2026-04-25,Flu ED visits pct,quantile,0.1,0.3240186965166045
triad-area,2026-04-11,2,2026-04-25,Flu ED visits pct,quantile,0.1,0.2275760034649168
utah,2026-04-11,2,2026-04-25,Flu ED visits pct,quantile,0.1,0.21043269071364515
virginia,2026-04-11,2,2026-04-25,Flu ED visits pct,quantile,0.1,0.5633729776612862
weld,2026-04-11,2,2026-04-25,Flu ED visits pct,quantile,0.1,0.21666696517214107
wnc,2026-04-11,2,2026-04-25,Flu ED visits pct,quantile,0.1,0.14042154815089145
worcester,2026-04-11,2,2026-04-25,Flu ED visits pct,quantile,0.1,0.44369419363043616
athens,2026-04-11,3,2026-05-02,Flu ED visits pct,quantile,0.1,0.12223580850863093
austin,2026-04-11,3,2026-05-02,Flu ED visits pct,quantile,0.1,0.21303779144954488
baltimore,2026-04-11,3,2026-05-02,Flu ED visits pct,quantile,0.1,0.4539171233064647
bangor,2026-04-11,3,2026-05-02,Flu ED visits pct,quantile,0.1,0.2261813389199457
beaumont,2026-04-11,3,2026-05-02,Flu ED visits pct,quantile,0.1,0.08234108252281006
boston,2026-04-11,3,2026-05-02,Flu ED visits pct,quantile,0.1,0.5041388787695473
boulder,2026-04-11,3,2026-05-02,Flu ED visits pct,quantile,0.1,0.13161881276029455
charleston,2026-04-11,3,2026-05-02,Flu ED visits pct,quantile,0.1,0.196700261455364
cherokee,2026-04-11,3,2026-05-02,Flu ED visits pct,quantile,0.1,0.31928206686650046
clt-area,2026-04-11,3,2026-05-02,Flu ED visits pct,quantile,0.1,0.4236185603513074
colorado,2026-04-11,3,2026-05-02,Flu ED visits pct,quantile,0.1,0.316859689521592
colorado-springs,2026-04-11,3,2026-05-02,Flu ED visits pct,quantile,0.1,0.25283485760879015
columbia,2026-04-11,3,2026-05-02,Flu ED visits pct,quantile,0.1,0.15518133638479367
columbus,2026-04-11,3,2026-05-02,Flu ED visits pct,quantile,0.1,0.11103932286764505
dallas,2026-04-11,3,2026-05-02,Flu ED visits pct,quantile,0.1,0.15241234830938988
denver,2026-04-11,3,2026-05-02,Flu ED visits pct,quantile,0.1,0.43175049993739373
deschutes,2026-04-11,3,2026-05-02,Flu ED visits pct,quantile,0.1,0.23930566074789522
duluth,2026-04-11,3,2026-05-02,Flu ED visits pct,quantile,0.1,0.30812374180239255
el-paso,2026-04-11,3,2026-05-02,Flu ED visits pct,quantile,0.1,0.5879703286096073
eugene,2026-04-11,3,2026-05-02,Flu ED visits pct,quantile,0.1,0.0677184038166814
fay-area,2026-04-11,3,2026-05-02,Flu ED visits pct,quantile,0.1,0.3761961101133654
florence,2026-04-11,3,2026-05-02,Flu ED visits pct,quantile,0.1,0.1034948813931169
floyd,2026-04-11,3,2026-05-02,Flu ED visits pct,quantile,0.1,0.0829252191330835
frederick,2026-04-11,3,2026-05-02,Flu ED visits pct,quantile,0.1,0.13241741486005265
georgia,2026-04-11,3,2026-05-02,Flu ED visits pct,quantile,0.1,0.27202471034553594
greenville,2026-04-11,3,2026-05-02,Flu ED visits pct,quantile,0.1,0.13887990898309277
hall,2026-04-11,3,2026-05-02,Flu ED visits pct,quantile,0.1,0.13849561533001448
harford,2026-04-11,3,2026-05-02,Flu ED visits pct,quantile,0.1,0.08934748892492082
henry,2026-04-11,3,2026-05-02,Flu ED visits pct,quantile,0.1,0.20386013225825633
horry,2026-04-11,3,2026-05-02,Flu ED visits pct,quantile,0.1,0.1576441338020161
houston,2026-04-11,3,2026-05-02,Flu ED visits pct,quantile,0.1,0.30573129235075247
indiana,2026-04-11,3,2026-05-02,Flu ED visits pct,quantile,0.1,0.19989167948128886
indianapolis,2026-04-11,3,2026-05-02,Flu ED visits pct,quantile,0.1,0.14987124207414684
la-grange,2026-04-11,3,2026-05-02,Flu ED visits pct,quantile,0.1,0.06572897716857916
larimer,2026-04-11,3,2026-05-02,Flu ED visits pct,quantile,0.1,0.13693487295293677
lynn,2026-04-11,3,2026-05-02,Flu ED visits pct,quantile,0.1,0.32081477987924034
macon,2026-04-11,3,2026-05-02,Flu ED visits pct,quantile,0.1,0.09145279615514107
maine,2026-04-11,3,2026-05-02,Flu ED visits pct,quantile,0.1,0.3768254593351853
marietta,2026-04-11,3,2026-05-02,Flu ED visits pct,quantile,0.1,0.12527318930708808
maryland,2026-04-11,3,2026-05-02,Flu ED visits pct,quantile,0.1,0.4518901190747004
massachusetts,2026-04-11,3,2026-05-02,Flu ED visits pct,quantile,0.1,0.6043906971454985
medford,2026-04-11,3,2026-05-02,Flu ED visits pct,quantile,0.1,0.00780223012930315
mesa,2026-04-11,3,2026-05-02,Flu ED visits pct,quantile,0.1,0.09531480680593651
minneapolis,2026-04-11,3,2026-05-02,Flu ED visits pct,quantile,0.1,0.304170168724316
minnesota,2026-04-11,3,2026-05-02,Flu ED visits pct,quantile,0.1,0.4473190546944232
montgomery,2026-04-11,3,2026-05-02,Flu ED visits pct,quantile,0.1,0.4014297605910119
nenc,2026-04-11,3,2026-05-02,Flu ED visits pct,quantile,0.1,0.10712594239077959
new-bedford,2026-04-11,3,2026-05-02,Flu ED visits pct,quantile,0.1,0.574477205595852
north-carolina,2026-04-11,3,2026-05-02,Flu ED visits pct,quantile,0.1,0.2965257557103596
nyc,2026-04-11,3,2026-05-02,ILI ED visits pct,quantile,0.1,1.9753912768796749
ogden,2026-04-11,3,2026-05-02,Flu ED visits pct,quantile,0.1,0.08912071638852423
oregon,2026-04-11,3,2026-05-02,Flu ED visits pct,quantile,0.1,0.22815651897034273
pittsfield,2026-04-11,3,2026-05-02,Flu ED visits pct,quantile,0.1,0.07357293281112794
portland,2026-04-11,3,2026-05-02,Flu ED visits pct,quantile,0.1,0.24454458524793948
portland-or,2026-04-11,3,2026-05-02,Flu ED visits pct,quantile,0.1,0.25780017730863614
provo,2026-04-11,3,2026-05-02,Flu ED visits pct,quantile,0.1,0.07902271395165733
roanoke,2026-04-11,3,2026-05-02,Flu ED visits pct,quantile,0.1,0.22569021914699403
rochester,2026-04-11,3,2026-05-02,Flu ED visits pct,quantile,0.1,0.13835600999951825
rock-hill,2026-04-11,3,2026-05-02,Flu ED visits pct,quantile,0.1,0.0664440510494199
rtp-area,2026-04-11,3,2026-05-02,Flu ED visits pct,quantile,0.1,0.09590739672080462
salem,2026-04-11,3,2026-05-02,Flu ED visits pct,quantile,0.1,0.11141005993763133
salt-lake-city,2026-04-11,3,2026-05-02,Flu ED visits pct,quantile,0.1,0.17204619791747128
san-antonio,2026-04-11,3,2026-05-02,Flu ED visits pct,quantile,0.1,0.19316839555389942
savannah,2026-04-11,3,2026-05-02,Flu ED visits pct,quantile,0.1,0.06416281304534696
senc,2026-04-11,3,2026-05-02,Flu ED visits pct,quantile,0.1,0.16696846346231814
south-augusta,2026-04-11,3,2026-05-02,Flu ED visits pct,quantile,0.1,0.15143318560348093
south-carolina,2026-04-11,3,2026-05-02,Flu ED visits pct,quantile,0.1,0.2424387364092372
springfield,2026-04-11,3,2026-05-02,Flu ED visits pct,quantile,0.1,0.47165464141039837
st-cloud,2026-04-11,3,2026-05-02,Flu ED visits pct,quantile,0.1,0.21963878807641393
st-paul,2026-04-11,3,2026-05-02,Flu ED visits pct,quantile,0.1,0.5760420189252579
texas,2026-04-11,3,2026-05-02,Flu ED visits pct,quantile,0.1,0.2855571568195913
triad-area,2026-04-11,3,2026-05-02,Flu ED visits pct,quantile,0.1,0.1715749333750915
utah,2026-04-11,3,2026-05-02,Flu ED visits pct,quantile,0.1,0.180660896562685
virginia,2026-04-11,3,2026-05-02,Flu ED visits pct,quantile,0.1,0.4875104976898213
weld,2026-04-11,3,2026-05-02,Flu ED visits pct,quantile,0.1,0.185181324598844
wnc,2026-04-11,3,2026-05-02,Flu ED visits pct,quantile,0.1,0.09708443946856378
worcester,2026-04-11,3,2026-05-02,Flu ED visits pct,quantile,0.1,0.3766626261029401
athens,2026-04-11,0,2026-04-11,Flu ED visits pct,quantile,0.25,0.45607392364481775
austin,2026-04-11,0,2026-04-11,Flu ED visits pct,quantile,0.25,0.42160097215889564
baltimore,2026-04-11,0,2026-04-11,Flu ED visits pct,quantile,0.25,0.8346084962272569
bangor,2026-04-11,0,2026-04-11,Flu ED visits pct,quantile,0.25,0.8340472001245043
beaumont,2026-04-11,0,2026-04-11,Flu ED visits pct,quantile,0.25,0.25109239798638827
boston,2026-04-11,0,2026-04-11,Flu ED visits pct,quantile,0.25,1.0665159841445684
boulder,2026-04-11,0,2026-04-11,Flu ED visits pct,quantile,0.25,0.62360811419541
charleston,2026-04-11,0,2026-04-11,Flu ED visits pct,quantile,0.25,0.4978040101367316
cherokee,2026-04-11,0,2026-04-11,Flu ED visits pct,quantile,0.25,0.8674216667279567
clt-area,2026-04-11,0,2026-04-11,Flu ED visits pct,quantile,0.25,1.622432324299563
colorado,2026-04-11,0,2026-04-11,Flu ED visits pct,quantile,0.25,0.9878701432827679
colorado-springs,2026-04-11,0,2026-04-11,Flu ED visits pct,quantile,0.25,0.9435148607080219
columbia,2026-04-11,0,2026-04-11,Flu ED visits pct,quantile,0.25,0.4318480006261562
columbus,2026-04-11,0,2026-04-11,Flu ED visits pct,quantile,0.25,0.43395676816784423
dallas,2026-04-11,0,2026-04-11,Flu ED visits pct,quantile,0.25,0.3283062806175249
denver,2026-04-11,0,2026-04-11,Flu ED visits pct,quantile,0.25,1.1792376868423602
deschutes,2026-04-11,0,2026-04-11,Flu ED visits pct,quantile,0.25,0.6596098292280632
duluth,2026-04-11,0,2026-04-11,Flu ED visits pct,quantile,0.25,1.2678787301008705
el-paso,2026-04-11,0,2026-04-11,Flu ED visits pct,quantile,0.25,1.271002197445193
eugene,2026-04-11,0,2026-04-11,Flu ED visits pct,quantile,0.25,0.2274048714305799
fay-area,2026-04-11,0,2026-04-11,Flu ED visits pct,quantile,0.25,1.4236569984553729
florence,2026-04-11,0,2026-04-11,Flu ED visits pct,quantile,0.25,0.3111100244764013
floyd,2026-04-11,0,2026-04-11,Flu ED visits pct,quantile,0.25,0.3276499203213115
frederick,2026-04-11,0,2026-04-11,Flu ED visits pct,quantile,0.25,0.4861281313021951
georgia,2026-04-11,0,2026-04-11,Flu ED visits pct,quantile,0.25,0.5272145863011293
greenville,2026-04-11,0,2026-04-11,Flu ED visits pct,quantile,0.25,0.430476561747157
hall,2026-04-11,0,2026-04-11,Flu ED visits pct,quantile,0.25,0.4687933510496689
harford,2026-04-11,0,2026-04-11,Flu ED visits pct,quantile,0.25,0.2501552034341701
henry,2026-04-11,0,2026-04-11,Flu ED visits pct,quantile,0.25,0.5078390254764931
horry,2026-04-11,0,2026-04-11,Flu ED visits pct,quantile,0.25,0.44925644962164224
houston,2026-04-11,0,2026-04-11,Flu ED visits pct,quantile,0.25,0.5038230688233428
indiana,2026-04-11,0,2026-04-11,Flu ED visits pct,quantile,0.25,0.6526577033792806
indianapolis,2026-04-11,0,2026-04-11,Flu ED visits pct,quantile,0.25,0.5228692262471594
la-grange,2026-04-11,0,2026-04-11,Flu ED visits pct,quantile,0.25,0.2283264163435315
larimer,2026-04-11,0,2026-04-11,Flu ED visits pct,quantile,0.25,0.5538208447756764
lynn,2026-04-11,0,2026-04-11,Flu ED visits pct,quantile,0.25,0.7359339446572769
macon,2026-04-11,0,2026-04-11,Flu ED visits pct,quantile,0.25,0.26764386241269433
maine,2026-04-11,0,2026-04-11,Flu ED visits pct,quantile,0.25,1.0093641222658052
marietta,2026-04-11,0,2026-04-11,Flu ED visits pct,quantile,0.25,0.3379413736030108
maryland,2026-04-11,0,2026-04-11,Flu ED visits pct,quantile,0.25,0.8955317666696353
massachusetts,2026-04-11,0,2026-04-11,Flu ED visits pct,quantile,0.25,1.2128575486751476
medford,2026-04-11,0,2026-04-11,Flu ED visits pct,quantile,0.25,0.05185509157124708
mesa,2026-04-11,0,2026-04-11,Flu ED visits pct,quantile,0.25,0.2792921453306422
minneapolis,2026-04-11,0,2026-04-11,Flu ED visits pct,quantile,0.25,0.9977831605808594
minnesota,2026-04-11,0,2026-04-11,Flu ED visits pct,quantile,0.25,1.1434585012677374
montgomery,2026-04-11,0,2026-04-11,Flu ED visits pct,quantile,0.25,0.7824143494256001
nenc,2026-04-11,0,2026-04-11,Flu ED visits pct,quantile,0.25,0.4240843981773034
new-bedford,2026-04-11,0,2026-04-11,Flu ED visits pct,quantile,0.25,1.47981129381256
north-carolina,2026-04-11,0,2026-04-11,Flu ED visits pct,quantile,0.25,0.9204674192528304
nyc,2026-04-11,0,2026-04-11,ILI ED visits pct,quantile,0.25,2.781250191263943
ogden,2026-04-11,0,2026-04-11,Flu ED visits pct,quantile,0.25,0.2437999866461083
oregon,2026-04-11,0,2026-04-11,Flu ED visits pct,quantile,0.25,0.5146890732003042
pittsfield,2026-04-11,0,2026-04-11,Flu ED visits pct,quantile,0.25,0.4113008517860948
portland,2026-04-11,0,2026-04-11,Flu ED visits pct,quantile,0.25,0.7598863597866559
portland-or,2026-04-11,0,2026-04-11,Flu ED visits pct,quantile,0.25,0.6029877639598279
provo,2026-04-11,0,2026-04-11,Flu ED visits pct,quantile,0.25,0.1966968479031237
roanoke,2026-04-11,0,2026-04-11,Flu ED visits pct,quantile,0.25,0.8778926682159849
rochester,2026-04-11,0,2026-04-11,Flu ED visits pct,quantile,0.25,0.5230366540307703
rock-hill,2026-04-11,0,2026-04-11,Flu ED visits pct,quantile,0.25,0.26389033465185735
rtp-area,2026-04-11,0,2026-04-11,Flu ED visits pct,quantile,0.25,0.3732958119396522
salem,2026-04-11,0,2026-04-11,Flu ED visits pct,quantile,0.25,0.41758547806639335
salt-lake-city,2026-04-11,0,2026-04-11,Flu ED visits pct,quantile,0.25,0.35263635535687293
san-antonio,2026-04-11,0,2026-04-11,Flu ED visits pct,quantile,0.25,0.4192336440006279
savannah,2026-04-11,0,2026-04-11,Flu ED visits pct,quantile,0.25,0.20720473262891717
senc,2026-04-11,0,2026-04-11,Flu ED visits pct,quantile,0.25,0.6502763522119202
south-augusta,2026-04-11,0,2026-04-11,Flu ED visits pct,quantile,0.25,0.6357286144807412
south-carolina,2026-04-11,0,2026-04-11,Flu ED visits pct,quantile,0.25,0.5626102500913286
springfield,2026-04-11,0,2026-04-11,Flu ED visits pct,quantile,0.25,1.4514039014459632
st-cloud,2026-04-11,0,2026-04-11,Flu ED visits pct,quantile,0.25,0.7672692982577688
st-paul,2026-04-11,0,2026-04-11,Flu ED visits pct,quantile,0.25,1.1789093999635776
texas,2026-04-11,0,2026-04-11,Flu ED visits pct,quantile,0.25,0.537313770403372
triad-area,2026-04-11,0,2026-04-11,Flu ED visits pct,quantile,0.25,0.5813219479797032
utah,2026-04-11,0,2026-04-11,Flu ED visits pct,quantile,0.25,0.36922301681017394
virginia,2026-04-11,0,2026-04-11,Flu ED visits pct,quantile,0.25,0.9494594195455809
weld,2026-04-11,0,2026-04-11,Flu ED visits pct,quantile,0.25,0.7936663755652299
wnc,2026-04-11,0,2026-04-11,Flu ED visits pct,quantile,0.25,0.4538804641634107
worcester,2026-04-11,0,2026-04-11,Flu ED visits pct,quantile,0.25,1.0720900971912775
athens,2026-04-11,1,2026-04-18,Flu ED visits pct,quantile,0.25,0.3377283457876239
austin,2026-04-11,1,2026-04-18,Flu ED visits pct,quantile,0.25,0.35692537475853414
baltimore,2026-04-11,1,2026-04-18,Flu ED visits pct,quantile,0.25,0.719707303197961
bangor,2026-04-11,1,2026-04-18,Flu ED visits pct,quantile,0.25,0.6137971309978573
beaumont,2026-04-11,1,2026-04-18,Flu ED visits pct,quantile,0.25,0.19887159628546122
boston,2026-04-11,1,2026-04-18,Flu ED visits pct,quantile,0.25,0.8911978130899288
boulder,2026-04-11,1,2026-04-18,Flu ED visits pct,quantile,0.25,0.40693324251255325
charleston,2026-04-11,1,2026-04-18,Flu ED visits pct,quantile,0.25,0.40329152525609374
cherokee,2026-04-11,1,2026-04-18,Flu ED visits pct,quantile,0.25,0.7006772747615282
clt-area,2026-04-11,1,2026-04-18,Flu ED visits pct,quantile,0.25,1.1807428666109123
colorado,2026-04-11,1,2026-04-18,Flu ED visits pct,quantile,0.25,0.7138612882556755
colorado-springs,2026-04-11,1,2026-04-18,Flu ED visits pct,quantile,0.25,0.6708598448344689
columbia,2026-04-11,1,2026-04-18,Flu ED visits pct,quantile,0.25,0.34319055983135843
columbus,2026-04-11,1,2026-04-18,Flu ED visits pct,quantile,0.25,0.308360635783044
dallas,2026-04-11,1,2026-04-18,Flu ED visits pct,quantile,0.25,0.2766525744436789
denver,2026-04-11,1,2026-04-18,Flu ED visits pct,quantile,0.25,0.8726675656681577
deschutes,2026-04-11,1,2026-04-18,Flu ED visits pct,quantile,0.25,0.5151056615641235
duluth,2026-04-11,1,2026-04-18,Flu ED visits pct,quantile,0.25,0.9085938861525965
el-paso,2026-04-11,1,2026-04-18,Flu ED visits pct,quantile,0.25,1.0778932529681746
eugene,2026-04-11,1,2026-04-18,Flu ED visits pct,quantile,0.25,0.17652454564874331
fay-area,2026-04-11,1,2026-04-18,Flu ED visits pct,quantile,0.25,1.013926092738346
florence,2026-04-11,1,2026-04-18,Flu ED visits pct,quantile,0.25,0.240679101402471
floyd,2026-04-11,1,2026-04-18,Flu ED visits pct,quantile,0.25,0.24741280726272696
frederick,2026-04-11,1,2026-04-18,Flu ED visits pct,quantile,0.25,0.39808039430459485
georgia,2026-04-11,1,2026-04-18,Flu ED visits pct,quantile,0.25,0.4618097679702127
greenville,2026-04-11,1,2026-04-18,Flu ED visits pct,quantile,0.25,0.3141619419254821
hall,2026-04-11,1,2026-04-18,Flu ED visits pct,quantile,0.25,0.351130651511296
harford,2026-04-11,1,2026-04-18,Flu ED visits pct,quantile,0.25,0.19975044369487813
henry,2026-04-11,1,2026-04-18,Flu ED visits pct,quantile,0.25,0.4161410276710703
horry,2026-04-11,1,2026-04-18,Flu ED visits pct,quantile,0.25,0.35661131115994976
houston,2026-04-11,1,2026-04-18,Flu ED visits pct,quantile,0.25,0.46350705865233727
indiana,2026-04-11,1,2026-04-18,Flu ED visits pct,quantile,0.25,0.4387275004731557
indianapolis,2026-04-11,1,2026-04-18,Flu ED visits pct,quantile,0.25,0.36093001699549265
la-grange,2026-04-11,1,2026-04-18,Flu ED visits pct,quantile,0.25,0.17314187739939454
larimer,2026-04-11,1,2026-04-18,Flu ED visits pct,quantile,0.25,0.39828240204009985
lynn,2026-04-11,1,2026-04-18,Flu ED visits pct,quantile,0.25,0.6172710958129707
macon,2026-04-11,1,2026-04-18,Flu ED visits pct,quantile,0.25,0.20990556887039669
maine,2026-04-11,1,2026-04-18,Flu ED visits pct,quantile,0.25,0.8480632649420083
marietta,2026-04-11,1,2026-04-18,Flu ED visits pct,quantile,0.25,0.27178391792746553
maryland,2026-04-11,1,2026-04-18,Flu ED visits pct,quantile,0.25,0.7831590508740841
massachusetts,2026-04-11,1,2026-04-18,Flu ED visits pct,quantile,0.25,1.0134253215300801
medford,2026-04-11,1,2026-04-18,Flu ED visits pct,quantile,0.25,0.04094352717025071
mesa,2026-04-11,1,2026-04-18,Flu ED visits pct,quantile,0.25,0.22130284367171543
minneapolis,2026-04-11,1,2026-04-18,Flu ED visits pct,quantile,0.25,0.7337746581927694
minnesota,2026-04-11,1,2026-04-18,Flu ED visits pct,quantile,0.25,0.8899598572604993
montgomery,2026-04-11,1,2026-04-18,Flu ED visits pct,quantile,0.25,0.6858072589974853
nenc,2026-04-11,1,2026-04-18,Flu ED visits pct,quantile,0.25,0.29283917358502143
new-bedford,2026-04-11,1,2026-04-18,Flu ED visits pct,quantile,0.25,1.1770674554819558
north-carolina,2026-04-11,1,2026-04-18,Flu ED visits pct,quantile,0.25,0.6698280645203525
nyc,2026-04-11,1,2026-04-18,ILI ED visits pct,quantile,0.25,2.7260848091999828
ogden,2026-04-11,1,2026-04-18,Flu ED visits pct,quantile,0.25,0.1974234195728385
oregon,2026-04-11,1,2026-04-18,Flu ED visits pct,quantile,0.25,0.4229886552305789
pittsfield,2026-04-11,1,2026-04-18,Flu ED visits pct,quantile,0.25,0.2808008399794099
portland,2026-04-11,1,2026-04-18,Flu ED visits pct,quantile,0.25,0.5665055199178783
portland-or,2026-04-11,1,2026-04-18,Flu ED visits pct,quantile,0.25,0.4730791336195475
provo,2026-04-11,1,2026-04-18,Flu ED visits pct,quantile,0.25,0.16751315799621974
roanoke,2026-04-11,1,2026-04-18,Flu ED visits pct,quantile,0.25,0.6190125948999967
rochester,2026-04-11,1,2026-04-18,Flu ED visits pct,quantile,0.25,0.3791179829604534
rock-hill,2026-04-11,1,2026-04-18,Flu ED visits pct,quantile,0.25,0.19915168331793628
rtp-area,2026-04-11,1,2026-04-18,Flu ED visits pct,quantile,0.25,0.25656344560740035
salem,2026-04-11,1,2026-04-18,Flu ED visits pct,quantile,0.25,0.2959734692848783
salt-lake-city,2026-04-11,1,2026-04-18,Flu ED visits pct,quantile,0.25,0.29781328730758966
san-antonio,2026-04-11,1,2026-04-18,Flu ED visits pct,quantile,0.25,0.3354700724340166
savannah,2026-04-11,1,2026-04-18,Flu ED visits pct,quantile,0.25,0.1597398920154172
senc,2026-04-11,1,2026-04-18,Flu ED visits pct,quantile,0.25,0.4695043129522148
south-augusta,2026-04-11,1,2026-04-18,Flu ED visits pct,quantile,0.25,0.4526973522978039
south-carolina,2026-04-11,1,2026-04-18,Flu ED visits pct,quantile,0.25,0.46591245339330134
springfield,2026-04-11,1,2026-04-18,Flu ED visits pct,quantile,0.25,1.0749156705621878
st-cloud,2026-04-11,1,2026-04-18,Flu ED visits pct,quantile,0.25,0.5739636977309572
st-paul,2026-04-11,1,2026-04-18,Flu ED visits pct,quantile,0.25,1.0036535536132514
texas,2026-04-11,1,2026-04-18,Flu ED visits pct,quantile,0.25,0.48931652135874193
triad-area,2026-04-11,1,2026-04-18,Flu ED visits pct,quantile,0.25,0.4324967987279813
utah,2026-04-11,1,2026-04-18,Flu ED visits pct,quantile,0.25,0.31788489920696067
virginia,2026-04-11,1,2026-04-18,Flu ED visits pct,quantile,0.25,0.8068955988675415
weld,2026-04-11,1,2026-04-18,Flu ED visits pct,quantile,0.25,0.5408544922642372
wnc,2026-04-11,1,2026-04-18,Flu ED visits pct,quantile,0.25,0.3098041819862967
worcester,2026-04-11,1,2026-04-18,Flu ED visits pct,quantile,0.25,0.8667141922931874
athens,2026-04-11,2,2026-04-25,Flu ED visits pct,quantile,0.25,0.25645173523725606
austin,2026-04-11,2,2026-04-25,Flu ED visits pct,quantile,0.25,0.29609636545136464
baltimore,2026-04-11,2,2026-04-25,Flu ED visits pct,quantile,0.25,0.6443282168396481
bangor,2026-04-11,2,2026-04-25,Flu ED visits pct,quantile,0.25,0.4880207720608082
beaumont,2026-04-11,2,2026-04-25,Flu ED visits pct,quantile,0.25,0.15118394523827208
boston,2026-04-11,2,2026-04-25,Flu ED visits pct,quantile,0.25,0.7197369059666658
boulder,2026-04-11,2,2026-04-25,Flu ED visits pct,quantile,0.25,0.2831364244008455
charleston,2026-04-11,2,2026-04-25,Flu ED visits pct,quantile,0.25,0.32849768650010996
cherokee,2026-04-11,2,2026-04-25,Flu ED visits pct,quantile,0.25,0.5575432512052517
clt-area,2026-04-11,2,2026-04-25,Flu ED visits pct,quantile,0.25,0.7831029711116899
colorado,2026-04-11,2,2026-04-25,Flu ED visits pct,quantile,0.25,0.5323757644606233
colorado-springs,2026-04-11,2,2026-04-25,Flu ED visits pct,quantile,0.25,0.4831334386105752
columbia,2026-04-11,2,2026-04-25,Flu ED visits pct,quantile,0.25,0.2691517787217948
columbus,2026-04-11,2,2026-04-25,Flu ED visits pct,quantile,0.25,0.22951330849519463
dallas,2026-04-11,2,2026-04-25,Flu ED visits pct,quantile,0.25,0.22648658206706024
denver,2026-04-11,2,2026-04-25,Flu ED visits pct,quantile,0.25,0.6527972543513061
deschutes,2026-04-11,2,2026-04-25,Flu ED visits pct,quantile,0.25,0.42293798291246865
duluth,2026-04-11,2,2026-04-25,Flu ED visits pct,quantile,0.25,0.643932020389484
el-paso,2026-04-11,2,2026-04-25,Flu ED visits pct,quantile,0.25,0.9176121328745027
eugene,2026-04-11,2,2026-04-25,Flu ED visits pct,quantile,0.25,0.13414223097432548
fay-area,2026-04-11,2,2026-04-25,Flu ED visits pct,quantile,0.25,0.679996800600677
florence,2026-04-11,2,2026-04-25,Flu ED visits pct,quantile,0.25,0.19272630763158752
floyd,2026-04-11,2,2026-04-25,Flu ED visits pct,quantile,0.25,0.19171221004685798
frederick,2026-04-11,2,2026-04-25,Flu ED visits pct,quantile,0.25,0.31614618626485963
georgia,2026-04-11,2,2026-04-25,Flu ED visits pct,quantile,0.25,0.386027681614937
greenville,2026-04-11,2,2026-04-25,Flu ED visits pct,quantile,0.25,0.22910651028720455
hall,2026-04-11,2,2026-04-25,Flu ED visits pct,quantile,0.25,0.2889566666686494
harford,2026-04-11,2,2026-04-25,Flu ED visits pct,quantile,0.25,0.15763341961820876
henry,2026-04-11,2,2026-04-25,Flu ED visits pct,quantile,0.25,0.33124543251197347
horry,2026-04-11,2,2026-04-25,Flu ED visits pct,quantile,0.25,0.2744991802998145
houston,2026-04-11,2,2026-04-25,Flu ED visits pct,quantile,0.25,0.4226308209935938
indiana,2026-04-11,2,2026-04-25,Flu ED visits pct,quantile,0.25,0.322801586157494
indianapolis,2026-04-11,2,2026-04-25,Flu ED visits pct,quantile,0.25,0.25503538210129606
la-grange,2026-04-11,2,2026-04-25,Flu ED visits pct,quantile,0.25,0.13543303685416383
larimer,2026-04-11,2,2026-04-25,Flu ED visits pct,quantile,0.25,0.30793779283125844
lynn,2026-04-11,2,2026-04-25,Flu ED visits pct,quantile,0.25,0.5108245801851512
macon,2026-04-11,2,2026-04-25,Flu ED visits pct,quantile,0.25,0.16728307530188266
maine,2026-04-11,2,2026-04-25,Flu ED visits pct,quantile,0.25,0.6775836981264682
marietta,2026-04-11,2,2026-04-25,Flu ED visits pct,quantile,0.25,0.216186477133777
maryland,2026-04-11,2,2026-04-25,Flu ED visits pct,quantile,0.25,0.6754585539264395
massachusetts,2026-04-11,2,2026-04-25,Flu ED visits pct,quantile,0.25,0.8396001480160434
medford,2026-04-11,2,2026-04-25,Flu ED visits pct,quantile,0.25,0.030512915255847338
mesa,2026-04-11,2,2026-04-25,Flu ED visits pct,quantile,0.25,0.17958670366185653
minneapolis,2026-04-11,2,2026-04-25,Flu ED visits pct,quantile,0.25,0.5541920088796559
minnesota,2026-04-11,2,2026-04-25,Flu ED visits pct,quantile,0.25,0.7006602453748427
montgomery,2026-04-11,2,2026-04-25,Flu ED visits pct,quantile,0.25,0.5859131347082892
nenc,2026-04-11,2,2026-04-25,Flu ED visits pct,quantile,0.25,0.2086445245214294
new-bedford,2026-04-11,2,2026-04-25,Flu ED visits pct,quantile,0.25,0.9548061900685579
north-carolina,2026-04-11,2,2026-04-25,Flu ED visits pct,quantile,0.25,0.4731508250029783
nyc,2026-04-11,2,2026-04-25,ILI ED visits pct,quantile,0.25,2.5579097313962746
ogden,2026-04-11,2,2026-04-25,Flu ED visits pct,quantile,0.25,0.15337660359048108
oregon,2026-04-11,2,2026-04-25,Flu ED visits pct,quantile,0.25,0.33973914684348977
pittsfield,2026-04-11,2,2026-04-25,Flu ED visits pct,quantile,0.25,0.2001538210545479
portland,2026-04-11,2,2026-04-25,Flu ED visits pct,quantile,0.25,0.4428815524792728
portland-or,2026-04-11,2,2026-04-25,Flu ED visits pct,quantile,0.25,0.366176884287066
provo,2026-04-11,2,2026-04-25,Flu ED visits pct,quantile,0.25,0.13604104990978216
roanoke,2026-04-11,2,2026-04-25,Flu ED visits pct,quantile,0.25,0.4510242472805568
rochester,2026-04-11,2,2026-04-25,Flu ED visits pct,quantile,0.25,0.2796353555172507
rock-hill,2026-04-11,2,2026-04-25,Flu ED visits pct,quantile,0.25,0.15068614441411213
rtp-area,2026-04-11,2,2026-04-25,Flu ED visits pct,quantile,0.25,0.18539974616776134
salem,2026-04-11,2,2026-04-25,Flu ED visits pct,quantile,0.25,0.2188191122781307
salt-lake-city,2026-04-11,2,2026-04-25,Flu ED visits pct,quantile,0.25,0.24342037642707914
san-antonio,2026-04-11,2,2026-04-25,Flu ED visits pct,quantile,0.25,0.2644936006612152
savannah,2026-04-11,2,2026-04-25,Flu ED visits pct,quantile,0.25,0.1246956936002183
senc,2026-04-11,2,2026-04-25,Flu ED visits pct,quantile,0.25,0.33265900463633996
south-augusta,2026-04-11,2,2026-04-25,Flu ED visits pct,quantile,0.25,0.3460010254106224
south-carolina,2026-04-11,2,2026-04-25,Flu ED visits pct,quantile,0.25,0.37873893784042956
springfield,2026-04-11,2,2026-04-25,Flu ED visits pct,quantile,0.25,0.8093430481694014
st-cloud,2026-04-11,2,2026-04-25,Flu ED visits pct,quantile,0.25,0.4366103018478429
st-paul,2026-04-11,2,2026-04-25,Flu ED visits pct,quantile,0.25,0.8304995427999877
texas,2026-04-11,2,2026-04-25,Flu ED visits pct,quantile,0.25,0.4261246805206948
triad-area,2026-04-11,2,2026-04-25,Flu ED visits pct,quantile,0.25,0.32446486157627646
utah,2026-04-11,2,2026-04-25,Flu ED visits pct,quantile,0.25,0.2618477653665418
virginia,2026-04-11,2,2026-04-25,Flu ED visits pct,quantile,0.25,0.6695953702187183
weld,2026-04-11,2,2026-04-25,Flu ED visits pct,quantile,0.25,0.3826136001961994
wnc,2026-04-11,2,2026-04-25,Flu ED visits pct,quantile,0.25,0.20993731450070283
worcester,2026-04-11,2,2026-04-25,Flu ED visits pct,quantile,0.25,0.6954563746546286
athens,2026-04-11,3,2026-05-02,Flu ED visits pct,quantile,0.25,0.2209326237496665
austin,2026-04-11,3,2026-05-02,Flu ED visits pct,quantile,0.25,0.26226672904260107
baltimore,2026-04-11,3,2026-05-02,Flu ED visits pct,quantile,0.25,0.5703638714488639
bangor,2026-04-11,3,2026-05-02,Flu ED visits pct,quantile,0.25,0.42431561088584335
beaumont,2026-04-11,3,2026-05-02,Flu ED visits pct,quantile,0.25,0.1335426889778546
boston,2026-04-11,3,2026-05-02,Flu ED visits pct,quantile,0.25,0.6031739509224917
boulder,2026-04-11,3,2026-05-02,Flu ED visits pct,quantile,0.25,0.23284678769375924
charleston,2026-04-11,3,2026-05-02,Flu ED visits pct,quantile,0.25,0.28189211278200393
cherokee,2026-04-11,3,2026-05-02,Flu ED visits pct,quantile,0.25,0.48425430061539165
clt-area,2026-04-11,3,2026-05-02,Flu ED visits pct,quantile,0.25,0.5681776211465174
colorado,2026-04-11,3,2026-05-02,Flu ED visits pct,quantile,0.25,0.41964518300232045
colorado-springs,2026-04-11,3,2026-05-02,Flu ED visits pct,quantile,0.25,0.3759308856195137
columbia,2026-04-11,3,2026-05-02,Flu ED visits pct,quantile,0.25,0.23249789977288632
columbus,2026-04-11,3,2026-05-02,Flu ED visits pct,quantile,0.25,0.19874748977792842
dallas,2026-04-11,3,2026-05-02,Flu ED visits pct,quantile,0.25,0.19667045270671876
denver,2026-04-11,3,2026-05-02,Flu ED visits pct,quantile,0.25,0.524119459750698
deschutes,2026-04-11,3,2026-05-02,Flu ED visits pct,quantile,0.25,0.3753788775816941
duluth,2026-04-11,3,2026-05-02,Flu ED visits pct,quantile,0.25,0.5234265449726532
el-paso,2026-04-11,3,2026-05-02,Flu ED visits pct,quantile,0.25,0.8174418852536518
eugene,2026-04-11,3,2026-05-02,Flu ED visits pct,quantile,0.25,0.1142219563625332
fay-area,2026-04-11,3,2026-05-02,Flu ED visits pct,quantile,0.25,0.49785089477658584
florence,2026-04-11,3,2026-05-02,Flu ED visits pct,quantile,0.25,0.17358492154342556
floyd,2026-04-11,3,2026-05-02,Flu ED visits pct,quantile,0.25,0.16312491423822068
frederick,2026-04-11,3,2026-05-02,Flu ED visits pct,quantile,0.25,0.2765863663401355
georgia,2026-04-11,3,2026-05-02,Flu ED visits pct,quantile,0.25,0.34511062547178234
greenville,2026-04-11,3,2026-05-02,Flu ED visits pct,quantile,0.25,0.1813456029938072
hall,2026-04-11,3,2026-05-02,Flu ED visits pct,quantile,0.25,0.25120151349136943
harford,2026-04-11,3,2026-05-02,Flu ED visits pct,quantile,0.25,0.14276759349605087
henry,2026-04-11,3,2026-05-02,Flu ED visits pct,quantile,0.25,0.2969777291269299
horry,2026-04-11,3,2026-05-02,Flu ED visits pct,quantile,0.25,0.243501265544737
houston,2026-04-11,3,2026-05-02,Flu ED visits pct,quantile,0.25,0.38632131454581525
indiana,2026-04-11,3,2026-05-02,Flu ED visits pct,quantile,0.25,0.24936690866917804
indianapolis,2026-04-11,3,2026-05-02,Flu ED visits pct,quantile,0.25,0.20517290723304177
la-grange,2026-04-11,3,2026-05-02,Flu ED visits pct,quantile,0.25,0.11783088650198724
larimer,2026-04-11,3,2026-05-02,Flu ED visits pct,quantile,0.25,0.2653666389331822
lynn,2026-04-11,3,2026-05-02,Flu ED visits pct,quantile,0.25,0.46062924436071273
macon,2026-04-11,3,2026-05-02,Flu ED visits pct,quantile,0.25,0.14673554705151928
maine,2026-04-11,3,2026-05-02,Flu ED visits pct,quantile,0.25,0.5809585869090983
marietta,2026-04-11,3,2026-05-02,Flu ED visits pct,quantile,0.25,0.19176243289287392
maryland,2026-04-11,3,2026-05-02,Flu ED visits pct,quantile,0.25,0.6090611355634807
massachusetts,2026-04-11,3,2026-05-02,Flu ED visits pct,quantile,0.25,0.7083498168089483
medford,2026-04-11,3,2026-05-02,Flu ED visits pct,quantile,0.25,0.030121302557045947
mesa,2026-04-11,3,2026-05-02,Flu ED visits pct,quantile,0.25,0.16288609891826308
minneapolis,2026-04-11,3,2026-05-02,Flu ED visits pct,quantile,0.25,0.4442011192284645
minnesota,2026-04-11,3,2026-05-02,Flu ED visits pct,quantile,0.25,0.5705020309847597
montgomery,2026-04-11,3,2026-05-02,Flu ED visits pct,quantile,0.25,0.5259449381495195
nenc,2026-04-11,3,2026-05-02,Flu ED visits pct,quantile,0.25,0.1598255886242162
new-bedford,2026-04-11,3,2026-05-02,Flu ED visits pct,quantile,0.25,0.8511832552168662
north-carolina,2026-04-11,3,2026-05-02,Flu ED visits pct,quantile,0.25,0.34843804794261846
nyc,2026-04-11,3,2026-05-02,ILI ED visits pct,quantile,0.25,2.3786910506852714
ogden,2026-04-11,3,2026-05-02,Flu ED visits pct,quantile,0.25,0.1339423587341498
oregon,2026-04-11,3,2026-05-02,Flu ED visits pct,quantile,0.25,0.29217066833442934
pittsfield,2026-04-11,3,2026-05-02,Flu ED visits pct,quantile,0.25,0.14895956886943604
portland,2026-04-11,3,2026-05-02,Flu ED visits pct,quantile,0.25,0.3888100740733932
portland-or,2026-04-11,3,2026-05-02,Flu ED visits pct,quantile,0.25,0.3037176545013091
provo,2026-04-11,3,2026-05-02,Flu ED visits pct,quantile,0.25,0.12329898294191792
roanoke,2026-04-11,3,2026-05-02,Flu ED visits pct,quantile,0.25,0.3883258187048139
rochester,2026-04-11,3,2026-05-02,Flu ED visits pct,quantile,0.25,0.24244568728378396
rock-hill,2026-04-11,3,2026-05-02,Flu ED visits pct,quantile,0.25,0.13127190260376428
rtp-area,2026-04-11,3,2026-05-02,Flu ED visits pct,quantile,0.25,0.1394293597801135
salem,2026-04-11,3,2026-05-02,Flu ED visits pct,quantile,0.25,0.17529844048481363
salt-lake-city,2026-04-11,3,2026-05-02,Flu ED visits pct,quantile,0.25,0.21546477070716002
san-antonio,2026-04-11,3,2026-05-02,Flu ED visits pct,quantile,0.25,0.22968467800821965
savannah,2026-04-11,3,2026-05-02,Flu ED visits pct,quantile,0.25,0.1066231792924241
senc,2026-04-11,3,2026-05-02,Flu ED visits pct,quantile,0.25,0.24810192167629314
south-augusta,2026-04-11,3,2026-05-02,Flu ED visits pct,quantile,0.25,0.29729968627029896
south-carolina,2026-04-11,3,2026-05-02,Flu ED visits pct,quantile,0.25,0.33040794825480796
springfield,2026-04-11,3,2026-05-02,Flu ED visits pct,quantile,0.25,0.6668352938623207
st-cloud,2026-04-11,3,2026-05-02,Flu ED visits pct,quantile,0.25,0.384324987875227
st-paul,2026-04-11,3,2026-05-02,Flu ED visits pct,quantile,0.25,0.7109518327095179
texas,2026-04-11,3,2026-05-02,Flu ED visits pct,quantile,0.25,0.3793032674684364
triad-area,2026-04-11,3,2026-05-02,Flu ED visits pct,quantile,0.25,0.25467495978292176
utah,2026-04-11,3,2026-05-02,Flu ED visits pct,quantile,0.25,0.23177118802918772
virginia,2026-04-11,3,2026-05-02,Flu ED visits pct,quantile,0.25,0.5763251791795682
weld,2026-04-11,3,2026-05-02,Flu ED visits pct,quantile,0.25,0.3270409885181908
wnc,2026-04-11,3,2026-05-02,Flu ED visits pct,quantile,0.25,0.15551748036388496
worcester,2026-04-11,3,2026-05-02,Flu ED visits pct,quantile,0.25,0.5960436498983898
athens,2026-04-11,0,2026-04-11,Flu ED visits pct,quantile,0.5,0.6614589814461168
austin,2026-04-11,0,2026-04-11,Flu ED visits pct,quantile,0.5,0.5058777649442775
baltimore,2026-04-11,0,2026-04-11,Flu ED visits pct,quantile,0.5,0.9795737495669075
bangor,2026-04-11,0,2026-04-11,Flu ED visits pct,quantile,0.5,1.1487603660378556
beaumont,2026-04-11,0,2026-04-11,Flu ED visits pct,quantile,0.5,0.3602260823391919
boston,2026-04-11,0,2026-04-11,Flu ED visits pct,quantile,0.5,1.2326743649211829
boulder,2026-04-11,0,2026-04-11,Flu ED visits pct,quantile,0.5,0.7883343055378724
charleston,2026-04-11,0,2026-04-11,Flu ED visits pct,quantile,0.5,0.611995332449318
cherokee,2026-04-11,0,2026-04-11,Flu ED visits pct,quantile,0.5,1.1225369581489721
clt-area,2026-04-11,0,2026-04-11,Flu ED visits pct,quantile,0.5,1.8374396979189793
colorado,2026-04-11,0,2026-04-11,Flu ED visits pct,quantile,0.5,1.086283467494063
colorado-springs,2026-04-11,0,2026-04-11,Flu ED visits pct,quantile,0.5,1.1278448827832028
columbia,2026-04-11,0,2026-04-11,Flu ED visits pct,quantile,0.5,0.5569395391993429
columbus,2026-04-11,0,2026-04-11,Flu ED visits pct,quantile,0.5,0.5914344115713898
dallas,2026-04-11,0,2026-04-11,Flu ED visits pct,quantile,0.5,0.39500419767193173
denver,2026-04-11,0,2026-04-11,Flu ED visits pct,quantile,0.5,1.2503504474235596
deschutes,2026-04-11,0,2026-04-11,Flu ED visits pct,quantile,0.5,0.8960659883303115
duluth,2026-04-11,0,2026-04-11,Flu ED visits pct,quantile,0.5,1.5767631928866293
el-paso,2026-04-11,0,2026-04-11,Flu ED visits pct,quantile,0.5,1.5699242323538645
eugene,2026-04-11,0,2026-04-11,Flu ED visits pct,quantile,0.5,0.29055712189284294
fay-area,2026-04-11,0,2026-04-11,Flu ED visits pct,quantile,0.5,1.5826702138375497
florence,2026-04-11,0,2026-04-11,Flu ED visits pct,quantile,0.5,0.4907896125520249
floyd,2026-04-11,0,2026-04-11,Flu ED visits pct,quantile,0.5,0.505053870085063
frederick,2026-04-11,0,2026-04-11,Flu ED visits pct,quantile,0.5,0.7909140647800749
georgia,2026-04-11,0,2026-04-11,Flu ED visits pct,quantile,0.5,0.5981346032432654
greenville,2026-04-11,0,2026-04-11,Flu ED visits pct,quantile,0.5,0.5253929608749356
hall,2026-04-11,0,2026-04-11,Flu ED visits pct,quantile,0.5,0.6259419551763793
harford,2026-04-11,0,2026-04-11,Flu ED visits pct,quantile,0.5,0.4640008180923569
henry,2026-04-11,0,2026-04-11,Flu ED visits pct,quantile,0.5,0.625161958767062
horry,2026-04-11,0,2026-04-11,Flu ED visits pct,quantile,0.5,0.5825973541296405
houston,2026-04-11,0,2026-04-11,Flu ED visits pct,quantile,0.5,0.5691015625222876
indiana,2026-04-11,0,2026-04-11,Flu ED visits pct,quantile,0.5,0.7088245701371215
indianapolis,2026-04-11,0,2026-04-11,Flu ED visits pct,quantile,0.5,0.5603422946067141
la-grange,2026-04-11,0,2026-04-11,Flu ED visits pct,quantile,0.5,0.3618571026751417
larimer,2026-04-11,0,2026-04-11,Flu ED visits pct,quantile,0.5,0.717633120756545
lynn,2026-04-11,0,2026-04-11,Flu ED visits pct,quantile,0.5,0.9061724527468796
macon,2026-04-11,0,2026-04-11,Flu ED visits pct,quantile,0.5,0.33214717893628404
maine,2026-04-11,0,2026-04-11,Flu ED visits pct,quantile,0.5,1.200367760923316
marietta,2026-04-11,0,2026-04-11,Flu ED visits pct,quantile,0.5,0.44696791672733566
maryland,2026-04-11,0,2026-04-11,Flu ED visits pct,quantile,0.5,1.0481715531784848
massachusetts,2026-04-11,0,2026-04-11,Flu ED visits pct,quantile,0.5,1.3865551558172335
medford,2026-04-11,0,2026-04-11,Flu ED visits pct,quantile,0.5,0.10823998863961001
mesa,2026-04-11,0,2026-04-11,Flu ED visits pct,quantile,0.5,0.43269169834076876
minneapolis,2026-04-11,0,2026-04-11,Flu ED visits pct,quantile,0.5,1.1043285771763722
minnesota,2026-04-11,0,2026-04-11,Flu ED visits pct,quantile,0.5,1.301709923607111
montgomery,2026-04-11,0,2026-04-11,Flu ED visits pct,quantile,0.5,0.9343129135264316
nenc,2026-04-11,0,2026-04-11,Flu ED visits pct,quantile,0.5,0.48673475164252844
new-bedford,2026-04-11,0,2026-04-11,Flu ED visits pct,quantile,0.5,1.7769737327968684
north-carolina,2026-04-11,0,2026-04-11,Flu ED visits pct,quantile,0.5,0.9926758266580158
nyc,2026-04-11,0,2026-04-11,ILI ED visits pct,quantile,0.5,3.046923016608653
ogden,2026-04-11,0,2026-04-11,Flu ED visits pct,quantile,0.5,0.32948246346952453
oregon,2026-04-11,0,2026-04-11,Flu ED visits pct,quantile,0.5,0.583909578492603
pittsfield,2026-04-11,0,2026-04-11,Flu ED visits pct,quantile,0.5,0.6134203472331178
portland,2026-04-11,0,2026-04-11,Flu ED visits pct,quantile,0.5,0.9732703590921145
portland-or,2026-04-11,0,2026-04-11,Flu ED visits pct,quantile,0.5,0.6786902994229905
provo,2026-04-11,0,2026-04-11,Flu ED visits pct,quantile,0.5,0.26783579040034733
roanoke,2026-04-11,0,2026-04-11,Flu ED visits pct,quantile,0.5,0.9953977568391821
rochester,2026-04-11,0,2026-04-11,Flu ED visits pct,quantile,0.5,0.7103782708634389
rock-hill,2026-04-11,0,2026-04-11,Flu ED visits pct,quantile,0.5,0.46431496367627195
rtp-area,2026-04-11,0,2026-04-11,Flu ED visits pct,quantile,0.5,0.42504378419984823
salem,2026-04-11,0,2026-04-11,Flu ED visits pct,quantile,0.5,0.5145808470791557
salt-lake-city,2026-04-11,0,2026-04-11,Flu ED visits pct,quantile,0.5,0.4233669045699153
san-antonio,2026-04-11,0,2026-04-11,Flu ED visits pct,quantile,0.5,0.5107985667698225
savannah,2026-04-11,0,2026-04-11,Flu ED visits pct,quantile,0.5,0.2729693452252707
senc,2026-04-11,0,2026-04-11,Flu ED visits pct,quantile,0.5,0.7717215344589977
south-augusta,2026-04-11,0,2026-04-11,Flu ED visits pct,quantile,0.5,0.763208545035763
south-carolina,2026-04-11,0,2026-04-11,Flu ED visits pct,quantile,0.5,0.6713949360613884
springfield,2026-04-11,0,2026-04-11,Flu ED visits pct,quantile,0.5,1.7541850095290712
st-cloud,2026-04-11,0,2026-04-11,Flu ED visits pct,quantile,0.5,1.1158956818804289
st-paul,2026-04-11,0,2026-04-11,Flu ED visits pct,quantile,0.5,1.4601558620945039
texas,2026-04-11,0,2026-04-11,Flu ED visits pct,quantile,0.5,0.6349702946883975
triad-area,2026-04-11,0,2026-04-11,Flu ED visits pct,quantile,0.5,0.6718522096294599
utah,2026-04-11,0,2026-04-11,Flu ED visits pct,quantile,0.5,0.4439160458258356
virginia,2026-04-11,0,2026-04-11,Flu ED visits pct,quantile,0.5,1.1204984091252903
weld,2026-04-11,0,2026-04-11,Flu ED visits pct,quantile,0.5,1.026386052117567
wnc,2026-04-11,0,2026-04-11,Flu ED visits pct,quantile,0.5,0.5121720891350358
worcester,2026-04-11,0,2026-04-11,Flu ED visits pct,quantile,0.5,1.3432366769619477
athens,2026-04-11,1,2026-04-18,Flu ED visits pct,quantile,0.5,0.5337075087821848
austin,2026-04-11,1,2026-04-18,Flu ED visits pct,quantile,0.5,0.43391654766180693
baltimore,2026-04-11,1,2026-04-18,Flu ED visits pct,quantile,0.5,0.8906402544995949
bangor,2026-04-11,1,2026-04-18,Flu ED visits pct,quantile,0.5,0.9609831053080677
beaumont,2026-04-11,1,2026-04-18,Flu ED visits pct,quantile,0.5,0.298097445170679
boston,2026-04-11,1,2026-04-18,Flu ED visits pct,quantile,0.5,1.0790674552543191
boulder,2026-04-11,1,2026-04-18,Flu ED visits pct,quantile,0.5,0.5695201580583079
charleston,2026-04-11,1,2026-04-18,Flu ED visits pct,quantile,0.5,0.5127110971515246
cherokee,2026-04-11,1,2026-04-18,Flu ED visits pct,quantile,0.5,0.9641670927367705
clt-area,2026-04-11,1,2026-04-18,Flu ED visits pct,quantile,0.5,1.4156947502953032
colorado,2026-04-11,1,2026-04-18,Flu ED visits pct,quantile,0.5,0.8598771796228818
colorado-springs,2026-04-11,1,2026-04-18,Flu ED visits pct,quantile,0.5,0.8656586256603134
columbia,2026-04-11,1,2026-04-18,Flu ED visits pct,quantile,0.5,0.46819612612590106
columbus,2026-04-11,1,2026-04-18,Flu ED visits pct,quantile,0.5,0.4662410805033633
dallas,2026-04-11,1,2026-04-18,Flu ED visits pct,quantile,0.5,0.33044819438208306
denver,2026-04-11,1,2026-04-18,Flu ED visits pct,quantile,0.5,1.004254427776091
deschutes,2026-04-11,1,2026-04-18,Flu ED visits pct,quantile,0.5,0.7664012015434232
duluth,2026-04-11,1,2026-04-18,Flu ED visits pct,quantile,0.5,1.2256710004655782
el-paso,2026-04-11,1,2026-04-18,Flu ED visits pct,quantile,0.5,1.3974890504367572
eugene,2026-04-11,1,2026-04-18,Flu ED visits pct,quantile,0.5,0.23426631500357098
fay-area,2026-04-11,1,2026-04-18,Flu ED visits pct,quantile,0.5,1.2202483529349004
florence,2026-04-11,1,2026-04-18,Flu ED visits pct,quantile,0.5,0.41757432481119877
floyd,2026-04-11,1,2026-04-18,Flu ED visits pct,quantile,0.5,0.40074995603017133
frederick,2026-04-11,1,2026-04-18,Flu ED visits pct,quantile,0.5,0.6630125389029379
georgia,2026-04-11,1,2026-04-18,Flu ED visits pct,quantile,0.5,0.5139850720098277
greenville,2026-04-11,1,2026-04-18,Flu ED visits pct,quantile,0.5,0.4154326774446381
hall,2026-04-11,1,2026-04-18,Flu ED visits pct,quantile,0.5,0.529136956744535
harford,2026-04-11,1,2026-04-18,Flu ED visits pct,quantile,0.5,0.39549504264033486
henry,2026-04-11,1,2026-04-18,Flu ED visits pct,quantile,0.5,0.5343264508829625
horry,2026-04-11,1,2026-04-18,Flu ED visits pct,quantile,0.5,0.49701025970705526
houston,2026-04-11,1,2026-04-18,Flu ED visits pct,quantile,0.5,0.5181249071279206
indiana,2026-04-11,1,2026-04-18,Flu ED visits pct,quantile,0.5,0.5359994189338836
indianapolis,2026-04-11,1,2026-04-18,Flu ED visits pct,quantile,0.5,0.41813077165134466
la-grange,2026-04-11,1,2026-04-18,Flu ED visits pct,quantile,0.5,0.29383933610872914
larimer,2026-04-11,1,2026-04-18,Flu ED visits pct,quantile,0.5,0.5923948142828082
lynn,2026-04-11,1,2026-04-18,Flu ED visits pct,quantile,0.5,0.801833983381568
macon,2026-04-11,1,2026-04-18,Flu ED visits pct,quantile,0.5,0.27395811977484513
maine,2026-04-11,1,2026-04-18,Flu ED visits pct,quantile,0.5,1.0588725258046519
marietta,2026-04-11,1,2026-04-18,Flu ED visits pct,quantile,0.5,0.38025221542825294
maryland,2026-04-11,1,2026-04-18,Flu ED visits pct,quantile,0.5,0.947231756105043
massachusetts,2026-04-11,1,2026-04-18,Flu ED visits pct,quantile,0.5,1.2131861041784788
medford,2026-04-11,1,2026-04-18,Flu ED visits pct,quantile,0.5,0.08533197802152466
mesa,2026-04-11,1,2026-04-18,Flu ED visits pct,quantile,0.5,0.35858045822728773
minneapolis,2026-04-11,1,2026-04-18,Flu ED visits pct,quantile,0.5,0.8947758282961669
minnesota,2026-04-11,1,2026-04-18,Flu ED visits pct,quantile,0.5,1.0827235135149056
montgomery,2026-04-11,1,2026-04-18,Flu ED visits pct,quantile,0.5,0.8372224063891801
nenc,2026-04-11,1,2026-04-18,Flu ED visits pct,quantile,0.5,0.3804088402156908
new-bedford,2026-04-11,1,2026-04-18,Flu ED visits pct,quantile,0.5,1.4812420330001441
north-carolina,2026-04-11,1,2026-04-18,Flu ED visits pct,quantile,0.5,0.7582392122029912
nyc,2026-04-11,1,2026-04-18,ILI ED visits pct,quantile,0.5,2.9308036043798817
ogden,2026-04-11,1,2026-04-18,Flu ED visits pct,quantile,0.5,0.2700003815927753
oregon,2026-04-11,1,2026-04-18,Flu ED visits pct,quantile,0.5,0.4907431057171201
pittsfield,2026-04-11,1,2026-04-18,Flu ED visits pct,quantile,0.5,0.4901641643726298
portland,2026-04-11,1,2026-04-18,Flu ED visits pct,quantile,0.5,0.8407729332993691
portland-or,2026-04-11,1,2026-04-18,Flu ED visits pct,quantile,0.5,0.5610832280828467
provo,2026-04-11,1,2026-04-18,Flu ED visits pct,quantile,0.5,0.23144522865758418
roanoke,2026-04-11,1,2026-04-18,Flu ED visits pct,quantile,0.5,0.7770106412728851
rochester,2026-04-11,1,2026-04-18,Flu ED visits pct,quantile,0.5,0.5633513509414723
rock-hill,2026-04-11,1,2026-04-18,Flu ED visits pct,quantile,0.5,0.38247071864420523
rtp-area,2026-04-11,1,2026-04-18,Flu ED visits pct,quantile,0.5,0.330190791935865
salem,2026-04-11,1,2026-04-18,Flu ED visits pct,quantile,0.5,0.3977623169259553
salt-lake-city,2026-04-11,1,2026-04-18,Flu ED visits pct,quantile,0.5,0.3586537035832565
san-antonio,2026-04-11,1,2026-04-18,Flu ED visits pct,quantile,0.5,0.42305548166566154
savannah,2026-04-11,1,2026-04-18,Flu ED visits pct,quantile,0.5,0.2230313018407132
senc,2026-04-11,1,2026-04-18,Flu ED visits pct,quantile,0.5,0.6012048447497236
south-augusta,2026-04-11,1,2026-04-18,Flu ED visits pct,quantile,0.5,0.6290785800913203
south-carolina,2026-04-11,1,2026-04-18,Flu ED visits pct,quantile,0.5,0.5594121844603827
springfield,2026-04-11,1,2026-04-18,Flu ED visits pct,quantile,0.5,1.4793099751200671
st-cloud,2026-04-11,1,2026-04-18,Flu ED visits pct,quantile,0.5,0.9195899996800919
st-paul,2026-04-11,1,2026-04-18,Flu ED visits pct,quantile,0.5,1.2792149896186154
texas,2026-04-11,1,2026-04-18,Flu ED visits pct,quantile,0.5,0.5671017103763815
triad-area,2026-04-11,1,2026-04-18,Flu ED visits pct,quantile,0.5,0.5510285856367189
utah,2026-04-11,1,2026-04-18,Flu ED visits pct,quantile,0.5,0.3699893284645922
virginia,2026-04-11,1,2026-04-18,Flu ED visits pct,quantile,0.5,0.9650871391320639
weld,2026-04-11,1,2026-04-18,Flu ED visits pct,quantile,0.5,0.7980118359350918
wnc,2026-04-11,1,2026-04-18,Flu ED visits pct,quantile,0.5,0.3867693853488079
worcester,2026-04-11,1,2026-04-18,Flu ED visits pct,quantile,0.5,1.1602396790208296
athens,2026-04-11,2,2026-04-25,Flu ED visits pct,quantile,0.5,0.4439742044533617
austin,2026-04-11,2,2026-04-25,Flu ED visits pct,quantile,0.5,0.37971999634764453
baltimore,2026-04-11,2,2026-04-25,Flu ED visits pct,quantile,0.5,0.7994966429734066
bangor,2026-04-11,2,2026-04-25,Flu ED visits pct,quantile,0.5,0.7859437291080121
beaumont,2026-04-11,2,2026-04-25,Flu ED visits pct,quantile,0.5,0.259221628258797
boston,2026-04-11,2,2026-04-25,Flu ED visits pct,quantile,0.5,0.9136046419153532
boulder,2026-04-11,2,2026-04-25,Flu ED visits pct,quantile,0.5,0.4220383615541506
charleston,2026-04-11,2,2026-04-25,Flu ED visits pct,quantile,0.5,0.4268683583167845
cherokee,2026-04-11,2,2026-04-25,Flu ED visits pct,quantile,0.5,0.7980741588765387
clt-area,2026-04-11,2,2026-04-25,Flu ED visits pct,quantile,0.5,1.0322329161682522
colorado,2026-04-11,2,2026-04-25,Flu ED visits pct,quantile,0.5,0.6846775443521065
colorado-springs,2026-04-11,2,2026-04-25,Flu ED visits pct,quantile,0.5,0.6684744719145507
columbia,2026-04-11,2,2026-04-25,Flu ED visits pct,quantile,0.5,0.3890393166221959
columbus,2026-04-11,2,2026-04-25,Flu ED visits pct,quantile,0.5,0.3985757755891141
dallas,2026-04-11,2,2026-04-25,Flu ED visits pct,quantile,0.5,0.2873191708828103
denver,2026-04-11,2,2026-04-25,Flu ED visits pct,quantile,0.5,0.805486427372681
deschutes,2026-04-11,2,2026-04-25,Flu ED visits pct,quantile,0.5,0.670847697260203
duluth,2026-04-11,2,2026-04-25,Flu ED visits pct,quantile,0.5,0.9455306617139261
el-paso,2026-04-11,2,2026-04-25,Flu ED visits pct,quantile,0.5,1.205054803179704
eugene,2026-04-11,2,2026-04-25,Flu ED visits pct,quantile,0.5,0.2005624486296087
fay-area,2026-04-11,2,2026-04-25,Flu ED visits pct,quantile,0.5,0.9103979465113824
florence,2026-04-11,2,2026-04-25,Flu ED visits pct,quantile,0.5,0.35532168074505105
floyd,2026-04-11,2,2026-04-25,Flu ED visits pct,quantile,0.5,0.3331280416292747
frederick,2026-04-11,2,2026-04-25,Flu ED visits pct,quantile,0.5,0.5775498335227941
georgia,2026-04-11,2,2026-04-25,Flu ED visits pct,quantile,0.5,0.43932035183935114
greenville,2026-04-11,2,2026-04-25,Flu ED visits pct,quantile,0.5,0.33753026303133493
hall,2026-04-11,2,2026-04-25,Flu ED visits pct,quantile,0.5,0.43443687037656536
harford,2026-04-11,2,2026-04-25,Flu ED visits pct,quantile,0.5,0.34823660262983663
henry,2026-04-11,2,2026-04-25,Flu ED visits pct,quantile,0.5,0.4509535804777762
horry,2026-04-11,2,2026-04-25,Flu ED visits pct,quantile,0.5,0.41765031912192074
houston,2026-04-11,2,2026-04-25,Flu ED visits pct,quantile,0.5,0.47218858165670036
indiana,2026-04-11,2,2026-04-25,Flu ED visits pct,quantile,0.5,0.42419075210088986
indianapolis,2026-04-11,2,2026-04-25,Flu ED visits pct,quantile,0.5,0.3263094128258546
la-grange,2026-04-11,2,2026-04-25,Flu ED visits pct,quantile,0.5,0.2495562863296783
larimer,2026-04-11,2,2026-04-25,Flu ED visits pct,quantile,0.5,0.4894883470345849
lynn,2026-04-11,2,2026-04-25,Flu ED visits pct,quantile,0.5,0.7107959109158197
macon,2026-04-11,2,2026-04-25,Flu ED visits pct,quantile,0.5,0.234749855937924
maine,2026-04-11,2,2026-04-25,Flu ED visits pct,quantile,0.5,0.9041530081692155
marietta,2026-04-11,2,2026-04-25,Flu ED visits pct,quantile,0.5,0.32091736772582047
maryland,2026-04-11,2,2026-04-25,Flu ED visits pct,quantile,0.5,0.857231970636545
massachusetts,2026-04-11,2,2026-04-25,Flu ED visits pct,quantile,0.5,1.050273623463945
medford,2026-04-11,2,2026-04-25,Flu ED visits pct,quantile,0.5,0.07198702772531826
mesa,2026-04-11,2,2026-04-25,Flu ED visits pct,quantile,0.5,0.31012683752006936
minneapolis,2026-04-11,2,2026-04-25,Flu ED visits pct,quantile,0.5,0.7451372908528978
minnesota,2026-04-11,2,2026-04-25,Flu ED visits pct,quantile,0.5,0.9165043374241663
montgomery,2026-04-11,2,2026-04-25,Flu ED visits pct,quantile,0.5,0.7471977267371123
nenc,2026-04-11,2,2026-04-25,Flu ED visits pct,quantile,0.5,0.3053817801483748
new-bedford,2026-04-11,2,2026-04-25,Flu ED visits pct,quantile,0.5,1.2446372238342918
north-carolina,2026-04-11,2,2026-04-25,Flu ED visits pct,quantile,0.5,0.5737051828783704
nyc,2026-04-11,2,2026-04-25,ILI ED visits pct,quantile,0.5,2.744433538732121
ogden,2026-04-11,2,2026-04-25,Flu ED visits pct,quantile,0.5,0.23473666140662394
oregon,2026-04-11,2,2026-04-25,Flu ED visits pct,quantile,0.5,0.4179814079527081
pittsfield,2026-04-11,2,2026-04-25,Flu ED visits pct,quantile,0.5,0.40157557877741223
portland,2026-04-11,2,2026-04-25,Flu ED visits pct,quantile,0.5,0.6974732877677445
portland-or,2026-04-11,2,2026-04-25,Flu ED visits pct,quantile,0.5,0.48026932924463267
provo,2026-04-11,2,2026-04-25,Flu ED visits pct,quantile,0.5,0.20885112272641154
roanoke,2026-04-11,2,2026-04-25,Flu ED visits pct,quantile,0.5,0.6274376646610649
rochester,2026-04-11,2,2026-04-25,Flu ED visits pct,quantile,0.5,0.464161161909806
rock-hill,2026-04-11,2,2026-04-25,Flu ED visits pct,quantile,0.5,0.32314940277233734
rtp-area,2026-04-11,2,2026-04-25,Flu ED visits pct,quantile,0.5,0.26815397962056425
salem,2026-04-11,2,2026-04-25,Flu ED visits pct,quantile,0.5,0.3155361504756847
salt-lake-city,2026-04-11,2,2026-04-25,Flu ED visits pct,quantile,0.5,0.30761811055814986
san-antonio,2026-04-11,2,2026-04-25,Flu ED visits pct,quantile,0.5,0.3666845335967948
savannah,2026-04-11,2,2026-04-25,Flu ED visits pct,quantile,0.5,0.18571493726771945
senc,2026-04-11,2,2026-04-25,Flu ED visits pct,quantile,0.5,0.4634861524535993
south-augusta,2026-04-11,2,2026-04-25,Flu ED visits pct,quantile,0.5,0.5079408513568322
south-carolina,2026-04-11,2,2026-04-25,Flu ED visits pct,quantile,0.5,0.47454645535908324
springfield,2026-04-11,2,2026-04-25,Flu ED visits pct,quantile,0.5,1.2216202055992929
st-cloud,2026-04-11,2,2026-04-25,Flu ED visits pct,quantile,0.5,0.7506872159243736
st-paul,2026-04-11,2,2026-04-25,Flu ED visits pct,quantile,0.5,1.0687189849763465
texas,2026-04-11,2,2026-04-25,Flu ED visits pct,quantile,0.5,0.49660013831324323
triad-area,2026-04-11,2,2026-04-25,Flu ED visits pct,quantile,0.5,0.4472415952181178
utah,2026-04-11,2,2026-04-25,Flu ED visits pct,quantile,0.5,0.32444216017170174
virginia,2026-04-11,2,2026-04-25,Flu ED visits pct,quantile,0.5,0.8288344393495488
weld,2026-04-11,2,2026-04-25,Flu ED visits pct,quantile,0.5,0.6340256340165137
wnc,2026-04-11,2,2026-04-25,Flu ED visits pct,quantile,0.5,0.29520394263741007
worcester,2026-04-11,2,2026-04-25,Flu ED visits pct,quantile,0.5,0.9821619024141112
athens,2026-04-11,3,2026-05-02,Flu ED visits pct,quantile,0.5,0.38734615924324156
austin,2026-04-11,3,2026-05-02,Flu ED visits pct,quantile,0.5,0.3464559231977244
baltimore,2026-04-11,3,2026-05-02,Flu ED visits pct,quantile,0.5,0.7309509124584028
bangor,2026-04-11,3,2026-05-02,Flu ED visits pct,quantile,0.5,0.668882688418397
beaumont,2026-04-11,3,2026-05-02,Flu ED visits pct,quantile,0.5,0.23184844370155328
boston,2026-04-11,3,2026-05-02,Flu ED visits pct,quantile,0.5,0.7901845317931977
boulder,2026-04-11,3,2026-05-02,Flu ED visits pct,quantile,0.5,0.348383442439552
charleston,2026-04-11,3,2026-05-02,Flu ED visits pct,quantile,0.5,0.3781282302087825
cherokee,2026-04-11,3,2026-05-02,Flu ED visits pct,quantile,0.5,0.712541608116041
clt-area,2026-04-11,3,2026-05-02,Flu ED visits pct,quantile,0.5,0.8483780211023226
colorado,2026-04-11,3,2026-05-02,Flu ED visits pct,quantile,0.5,0.5815251471804863
colorado-springs,2026-04-11,3,2026-05-02,Flu ED visits pct,quantile,0.5,0.5652903477037525
columbia,2026-04-11,3,2026-05-02,Flu ED visits pct,quantile,0.5,0.343852302945982
columbus,2026-04-11,3,2026-05-02,Flu ED visits pct,quantile,0.5,0.35268615189405944
dallas,2026-04-11,3,2026-05-02,Flu ED visits pct,quantile,0.5,0.2596429059603128
denver,2026-04-11,3,2026-05-02,Flu ED visits pct,quantile,0.5,0.6869132538971124
deschutes,2026-04-11,3,2026-05-02,Flu ED visits pct,quantile,0.5,0.5986528628971204
duluth,2026-04-11,3,2026-05-02,Flu ED visits pct,quantile,0.5,0.8036509459798171
el-paso,2026-04-11,3,2026-05-02,Flu ED visits pct,quantile,0.5,1.0699633677777733
eugene,2026-04-11,3,2026-05-02,Flu ED visits pct,quantile,0.5,0.17843579226850723
fay-area,2026-04-11,3,2026-05-02,Flu ED visits pct,quantile,0.5,0.7442588968961511
florence,2026-04-11,3,2026-05-02,Flu ED visits pct,quantile,0.5,0.333575394936443
floyd,2026-04-11,3,2026-05-02,Flu ED visits pct,quantile,0.5,0.28690478114020684
frederick,2026-04-11,3,2026-05-02,Flu ED visits pct,quantile,0.5,0.5156101319943456
georgia,2026-04-11,3,2026-05-02,Flu ED visits pct,quantile,0.5,0.39841278353538817
greenville,2026-04-11,3,2026-05-02,Flu ED visits pct,quantile,0.5,0.2861452538350751
hall,2026-04-11,3,2026-05-02,Flu ED visits pct,quantile,0.5,0.39635270072204976
harford,2026-04-11,3,2026-05-02,Flu ED visits pct,quantile,0.5,0.31757753429629865
henry,2026-04-11,3,2026-05-02,Flu ED visits pct,quantile,0.5,0.4056449810250183
horry,2026-04-11,3,2026-05-02,Flu ED visits pct,quantile,0.5,0.37215553056909934
houston,2026-04-11,3,2026-05-02,Flu ED visits pct,quantile,0.5,0.4318383740505167
indiana,2026-04-11,3,2026-05-02,Flu ED visits pct,quantile,0.5,0.3666810905187288
indianapolis,2026-04-11,3,2026-05-02,Flu ED visits pct,quantile,0.5,0.28242197809061054
la-grange,2026-04-11,3,2026-05-02,Flu ED visits pct,quantile,0.5,0.22395771239599546
larimer,2026-04-11,3,2026-05-02,Flu ED visits pct,quantile,0.5,0.4280633396766609
lynn,2026-04-11,3,2026-05-02,Flu ED visits pct,quantile,0.5,0.638821693865838
macon,2026-04-11,3,2026-05-02,Flu ED visits pct,quantile,0.5,0.2080161788158708
maine,2026-04-11,3,2026-05-02,Flu ED visits pct,quantile,0.5,0.787452828396718
marietta,2026-04-11,3,2026-05-02,Flu ED visits pct,quantile,0.5,0.2869141937706916
maryland,2026-04-11,3,2026-05-02,Flu ED visits pct,quantile,0.5,0.7800951640332393
massachusetts,2026-04-11,3,2026-05-02,Flu ED visits pct,quantile,0.5,0.9007060629564142
medford,2026-04-11,3,2026-05-02,Flu ED visits pct,quantile,0.5,0.06814644528642103
mesa,2026-04-11,3,2026-05-02,Flu ED visits pct,quantile,0.5,0.2876539281725396
minneapolis,2026-04-11,3,2026-05-02,Flu ED visits pct,quantile,0.5,0.6438880378431923
minnesota,2026-04-11,3,2026-05-02,Flu ED visits pct,quantile,0.5,0.789007341917105
montgomery,2026-04-11,3,2026-05-02,Flu ED visits pct,quantile,0.5,0.6799403745631736
nenc,2026-04-11,3,2026-05-02,Flu ED visits pct,quantile,0.5,0.25741623272795133
new-bedford,2026-04-11,3,2026-05-02,Flu ED visits pct,quantile,0.5,1.0968148677802347
north-carolina,2026-04-11,3,2026-05-02,Flu ED visits pct,quantile,0.5,0.4752195583287145
nyc,2026-04-11,3,2026-05-02,ILI ED visits pct,quantile,0.5,2.553907449384955
ogden,2026-04-11,3,2026-05-02,Flu ED visits pct,quantile,0.5,0.21398596990163413
oregon,2026-04-11,3,2026-05-02,Flu ED visits pct,quantile,0.5,0.3666712026368655
pittsfield,2026-04-11,3,2026-05-02,Flu ED visits pct,quantile,0.5,0.3382553907522218
portland,2026-04-11,3,2026-05-02,Flu ED visits pct,quantile,0.5,0.6141388207886537
portland-or,2026-04-11,3,2026-05-02,Flu ED visits pct,quantile,0.5,0.42105920576832995
provo,2026-04-11,3,2026-05-02,Flu ED visits pct,quantile,0.5,0.19261085826685673
roanoke,2026-04-11,3,2026-05-02,Flu ED visits pct,quantile,0.5,0.5473441424605106
rochester,2026-04-11,3,2026-05-02,Flu ED visits pct,quantile,0.5,0.4090793198066195
rock-hill,2026-04-11,3,2026-05-02,Flu ED visits pct,quantile,0.5,0.2941101403780647
rtp-area,2026-04-11,3,2026-05-02,Flu ED visits pct,quantile,0.5,0.2291901989453042
salem,2026-04-11,3,2026-05-02,Flu ED visits pct,quantile,0.5,0.269226893526103
salt-lake-city,2026-04-11,3,2026-05-02,Flu ED visits pct,quantile,0.5,0.2796880290718879
san-antonio,2026-04-11,3,2026-05-02,Flu ED visits pct,quantile,0.5,0.33511249993675785
savannah,2026-04-11,3,2026-05-02,Flu ED visits pct,quantile,0.5,0.16143130917334528
senc,2026-04-11,3,2026-05-02,Flu ED visits pct,quantile,0.5,0.38848498120656283
south-augusta,2026-04-11,3,2026-05-02,Flu ED visits pct,quantile,0.5,0.4362395952259639
south-carolina,2026-04-11,3,2026-05-02,Flu ED visits pct,quantile,0.5,0.4176314503360216
springfield,2026-04-11,3,2026-05-02,Flu ED visits pct,quantile,0.5,1.0765974239656886
st-cloud,2026-04-11,3,2026-05-02,Flu ED visits pct,quantile,0.5,0.649460387776206
st-paul,2026-04-11,3,2026-05-02,Flu ED visits pct,quantile,0.5,0.9386228897224818
texas,2026-04-11,3,2026-05-02,Flu ED visits pct,quantile,0.5,0.46301340175319955
triad-area,2026-04-11,3,2026-05-02,Flu ED visits pct,quantile,0.5,0.3915641261389935
utah,2026-04-11,3,2026-05-02,Flu ED visits pct,quantile,0.5,0.2978299596268435
virginia,2026-04-11,3,2026-05-02,Flu ED visits pct,quantile,0.5,0.7375042245787905
weld,2026-04-11,3,2026-05-02,Flu ED visits pct,quantile,0.5,0.5610509183391009
wnc,2026-04-11,3,2026-05-02,Flu ED visits pct,quantile,0.5,0.24324104152623166
worcester,2026-04-11,3,2026-05-02,Flu ED visits pct,quantile,0.5,0.8551122301399355
athens,2026-04-11,0,2026-04-11,Flu ED visits pct,quantile,0.75,0.8383267123399613
austin,2026-04-11,0,2026-04-11,Flu ED visits pct,quantile,0.75,0.5666832149021334
baltimore,2026-04-11,0,2026-04-11,Flu ED visits pct,quantile,0.75,1.1266661962395752
bangor,2026-04-11,0,2026-04-11,Flu ED visits pct,quantile,0.75,1.468829766192779
beaumont,2026-04-11,0,2026-04-11,Flu ED visits pct,quantile,0.75,0.4506867881768265
boston,2026-04-11,0,2026-04-11,Flu ED visits pct,quantile,0.75,1.397518838442016
boulder,2026-04-11,0,2026-04-11,Flu ED visits pct,quantile,0.75,0.9833734490224825
charleston,2026-04-11,0,2026-04-11,Flu ED visits pct,quantile,0.75,0.7091008924028965
cherokee,2026-04-11,0,2026-04-11,Flu ED visits pct,quantile,0.75,1.350007455436539
clt-area,2026-04-11,0,2026-04-11,Flu ED visits pct,quantile,0.75,1.9260031000676943
colorado,2026-04-11,0,2026-04-11,Flu ED visits pct,quantile,0.75,1.230238293232558
colorado-springs,2026-04-11,0,2026-04-11,Flu ED visits pct,quantile,0.75,1.3045520632309409
columbia,2026-04-11,0,2026-04-11,Flu ED visits pct,quantile,0.75,0.6712689383402105
columbus,2026-04-11,0,2026-04-11,Flu ED visits pct,quantile,0.75,0.7542234937304699
dallas,2026-04-11,0,2026-04-11,Flu ED visits pct,quantile,0.75,0.43973691046974756
denver,2026-04-11,0,2026-04-11,Flu ED visits pct,quantile,0.75,1.3903003290727598
deschutes,2026-04-11,0,2026-04-11,Flu ED visits pct,quantile,0.75,1.1382563045320344
duluth,2026-04-11,0,2026-04-11,Flu ED visits pct,quantile,0.75,1.9245078965449254
el-paso,2026-04-11,0,2026-04-11,Flu ED visits pct,quantile,0.75,1.8759569365804911
eugene,2026-04-11,0,2026-04-11,Flu ED visits pct,quantile,0.75,0.34975603746227146
fay-area,2026-04-11,0,2026-04-11,Flu ED visits pct,quantile,0.75,1.7215359975867206
florence,2026-04-11,0,2026-04-11,Flu ED visits pct,quantile,0.75,0.6697126563202096
floyd,2026-04-11,0,2026-04-11,Flu ED visits pct,quantile,0.75,0.6678310959443298
frederick,2026-04-11,0,2026-04-11,Flu ED visits pct,quantile,0.75,1.0107240927687633
georgia,2026-04-11,0,2026-04-11,Flu ED visits pct,quantile,0.75,0.6579919355294552
greenville,2026-04-11,0,2026-04-11,Flu ED visits pct,quantile,0.75,0.6415130688608771
hall,2026-04-11,0,2026-04-11,Flu ED visits pct,quantile,0.75,0.8344069114601158
harford,2026-04-11,0,2026-04-11,Flu ED visits pct,quantile,0.75,0.6263510872443999
henry,2026-04-11,0,2026-04-11,Flu ED visits pct,quantile,0.75,0.7637348631499417
horry,2026-04-11,0,2026-04-11,Flu ED visits pct,quantile,0.75,0.7368612746970439
houston,2026-04-11,0,2026-04-11,Flu ED visits pct,quantile,0.75,0.6121188737961731
indiana,2026-04-11,0,2026-04-11,Flu ED visits pct,quantile,0.75,0.8614954964436082
indianapolis,2026-04-11,0,2026-04-11,Flu ED visits pct,quantile,0.75,0.6678131719455133
la-grange,2026-04-11,0,2026-04-11,Flu ED visits pct,quantile,0.75,0.4662784678267319
larimer,2026-04-11,0,2026-04-11,Flu ED visits pct,quantile,0.75,0.9141182469279939
lynn,2026-04-11,0,2026-04-11,Flu ED visits pct,quantile,0.75,1.1189890235595734
macon,2026-04-11,0,2026-04-11,Flu ED visits pct,quantile,0.75,0.42074209469817747
maine,2026-04-11,0,2026-04-11,Flu ED visits pct,quantile,0.75,1.4440716380883902
marietta,2026-04-11,0,2026-04-11,Flu ED visits pct,quantile,0.75,0.5435415879405795
maryland,2026-04-11,0,2026-04-11,Flu ED visits pct,quantile,0.75,1.1773148354946894
massachusetts,2026-04-11,0,2026-04-11,Flu ED visits pct,quantile,0.75,1.556237596749855
medford,2026-04-11,0,2026-04-11,Flu ED visits pct,quantile,0.75,0.14866639925284394
mesa,2026-04-11,0,2026-04-11,Flu ED visits pct,quantile,0.75,0.5572563043902993
minneapolis,2026-04-11,0,2026-04-11,Flu ED visits pct,quantile,0.75,1.3036388698585795
minnesota,2026-04-11,0,2026-04-11,Flu ED visits pct,quantile,0.75,1.4522615774337797
montgomery,2026-04-11,0,2026-04-11,Flu ED visits pct,quantile,0.75,1.0678168423432088
nenc,2026-04-11,0,2026-04-11,Flu ED visits pct,quantile,0.75,0.5658563117661813
new-bedford,2026-04-11,0,2026-04-11,Flu ED visits pct,quantile,0.75,2.2771748802219194
north-carolina,2026-04-11,0,2026-04-11,Flu ED visits pct,quantile,0.75,1.0684487752497085
nyc,2026-04-11,0,2026-04-11,ILI ED visits pct,quantile,0.75,3.194915476411803
ogden,2026-04-11,0,2026-04-11,Flu ED visits pct,quantile,0.75,0.39238736483003395
oregon,2026-04-11,0,2026-04-11,Flu ED visits pct,quantile,0.75,0.6469920048071428
pittsfield,2026-04-11,0,2026-04-11,Flu ED visits pct,quantile,0.75,0.8495182299270088
portland,2026-04-11,0,2026-04-11,Flu ED visits pct,quantile,0.75,1.2645594775949245
portland-or,2026-04-11,0,2026-04-11,Flu ED visits pct,quantile,0.75,0.7595949287966797
provo,2026-04-11,0,2026-04-11,Flu ED visits pct,quantile,0.75,0.3312253527561089
roanoke,2026-04-11,0,2026-04-11,Flu ED visits pct,quantile,0.75,1.219825600969675
rochester,2026-04-11,0,2026-04-11,Flu ED visits pct,quantile,0.75,0.8749867651408585
rock-hill,2026-04-11,0,2026-04-11,Flu ED visits pct,quantile,0.75,0.6192079602137714
rtp-area,2026-04-11,0,2026-04-11,Flu ED visits pct,quantile,0.75,0.4749505432611109
salem,2026-04-11,0,2026-04-11,Flu ED visits pct,quantile,0.75,0.6269006376469366
salt-lake-city,2026-04-11,0,2026-04-11,Flu ED visits pct,quantile,0.75,0.47022217049296167
san-antonio,2026-04-11,0,2026-04-11,Flu ED visits pct,quantile,0.75,0.584257521794733
savannah,2026-04-11,0,2026-04-11,Flu ED visits pct,quantile,0.75,0.33842199114073307
senc,2026-04-11,0,2026-04-11,Flu ED visits pct,quantile,0.75,0.9075165939713072
south-augusta,2026-04-11,0,2026-04-11,Flu ED visits pct,quantile,0.75,0.9268064955689714
south-carolina,2026-04-11,0,2026-04-11,Flu ED visits pct,quantile,0.75,0.7362078465709927
springfield,2026-04-11,0,2026-04-11,Flu ED visits pct,quantile,0.75,2.2056679347813892
st-cloud,2026-04-11,0,2026-04-11,Flu ED visits pct,quantile,0.75,1.387050485840575
st-paul,2026-04-11,0,2026-04-11,Flu ED visits pct,quantile,0.75,1.6360670973605997
texas,2026-04-11,0,2026-04-11,Flu ED visits pct,quantile,0.75,0.690929584498048
triad-area,2026-04-11,0,2026-04-11,Flu ED visits pct,quantile,0.75,0.744244673245045
utah,2026-04-11,0,2026-04-11,Flu ED visits pct,quantile,0.75,0.4807049565174802
virginia,2026-04-11,0,2026-04-11,Flu ED visits pct,quantile,0.75,1.23032379661482
weld,2026-04-11,0,2026-04-11,Flu ED visits pct,quantile,0.75,1.3343180201648461
wnc,2026-04-11,0,2026-04-11,Flu ED visits pct,quantile,0.75,0.5793943452572597
worcester,2026-04-11,0,2026-04-11,Flu ED visits pct,quantile,0.75,1.6911897236866629
athens,2026-04-11,1,2026-04-18,Flu ED visits pct,quantile,0.75,0.7377295623172881
austin,2026-04-11,1,2026-04-18,Flu ED visits pct,quantile,0.75,0.5154935324028329
baltimore,2026-04-11,1,2026-04-18,Flu ED visits pct,quantile,0.75,1.0676381388725287
bangor,2026-04-11,1,2026-04-18,Flu ED visits pct,quantile,0.75,1.3299692637310578
beaumont,2026-04-11,1,2026-04-18,Flu ED visits pct,quantile,0.75,0.40553261177213296
boston,2026-04-11,1,2026-04-18,Flu ED visits pct,quantile,0.75,1.2927760305783955
boulder,2026-04-11,1,2026-04-18,Flu ED visits pct,quantile,0.75,0.7932607495984642
charleston,2026-04-11,1,2026-04-18,Flu ED visits pct,quantile,0.75,0.6325530586805029
cherokee,2026-04-11,1,2026-04-18,Flu ED visits pct,quantile,0.75,1.2376298654813112
clt-area,2026-04-11,1,2026-04-18,Flu ED visits pct,quantile,0.75,1.638810766314444
colorado,2026-04-11,1,2026-04-18,Flu ED visits pct,quantile,0.75,1.0724210556114129
colorado-springs,2026-04-11,1,2026-04-18,Flu ED visits pct,quantile,0.75,1.1433184284258524
columbia,2026-04-11,1,2026-04-18,Flu ED visits pct,quantile,0.75,0.6022773284831975
columbus,2026-04-11,1,2026-04-18,Flu ED visits pct,quantile,0.75,0.6667029158215894
dallas,2026-04-11,1,2026-04-18,Flu ED visits pct,quantile,0.75,0.4021669464253542
denver,2026-04-11,1,2026-04-18,Flu ED visits pct,quantile,0.75,1.2106700821648408
deschutes,2026-04-11,1,2026-04-18,Flu ED visits pct,quantile,0.75,1.0409015456706576
duluth,2026-04-11,1,2026-04-18,Flu ED visits pct,quantile,0.75,1.6515032749317873
el-paso,2026-04-11,1,2026-04-18,Flu ED visits pct,quantile,0.75,1.7477992456222624
eugene,2026-04-11,1,2026-04-18,Flu ED visits pct,quantile,0.75,0.3091080140587407
fay-area,2026-04-11,1,2026-04-18,Flu ED visits pct,quantile,0.75,1.4497108323846775
florence,2026-04-11,1,2026-04-18,Flu ED visits pct,quantile,0.75,0.6187848944422029
floyd,2026-04-11,1,2026-04-18,Flu ED visits pct,quantile,0.75,0.5991468077055837
frederick,2026-04-11,1,2026-04-18,Flu ED visits pct,quantile,0.75,0.9524816464012268
georgia,2026-04-11,1,2026-04-18,Flu ED visits pct,quantile,0.75,0.5927440238948829
greenville,2026-04-11,1,2026-04-18,Flu ED visits pct,quantile,0.75,0.5460614362950758
hall,2026-04-11,1,2026-04-18,Flu ED visits pct,quantile,0.75,0.7712442299694879
harford,2026-04-11,1,2026-04-18,Flu ED visits pct,quantile,0.75,0.5749566875008323
henry,2026-04-11,1,2026-04-18,Flu ED visits pct,quantile,0.75,0.6977905340117468
horry,2026-04-11,1,2026-04-18,Flu ED visits pct,quantile,0.75,0.6718884329783684
houston,2026-04-11,1,2026-04-18,Flu ED visits pct,quantile,0.75,0.5759756532558159
indiana,2026-04-11,1,2026-04-18,Flu ED visits pct,quantile,0.75,0.7269464814007248
indianapolis,2026-04-11,1,2026-04-18,Flu ED visits pct,quantile,0.75,0.5481365065547668
la-grange,2026-04-11,1,2026-04-18,Flu ED visits pct,quantile,0.75,0.4226565107583896
larimer,2026-04-11,1,2026-04-18,Flu ED visits pct,quantile,0.75,0.8197959605233115
lynn,2026-04-11,1,2026-04-18,Flu ED visits pct,quantile,0.75,1.0527370254567814
macon,2026-04-11,1,2026-04-18,Flu ED visits pct,quantile,0.75,0.3700831254148493
maine,2026-04-11,1,2026-04-18,Flu ED visits pct,quantile,0.75,1.3412979741659035
marietta,2026-04-11,1,2026-04-18,Flu ED visits pct,quantile,0.75,0.48986777162985473
maryland,2026-04-11,1,2026-04-18,Flu ED visits pct,quantile,0.75,1.1077143496900428
massachusetts,2026-04-11,1,2026-04-18,Flu ED visits pct,quantile,0.75,1.4479953709109616
medford,2026-04-11,1,2026-04-18,Flu ED visits pct,quantile,0.75,0.13042590153857025
mesa,2026-04-11,1,2026-04-18,Flu ED visits pct,quantile,0.75,0.503981848271372
minneapolis,2026-04-11,1,2026-04-18,Flu ED visits pct,quantile,0.75,1.1573369470809143
minnesota,2026-04-11,1,2026-04-18,Flu ED visits pct,quantile,0.75,1.3016957622450858
montgomery,2026-04-11,1,2026-04-18,Flu ED visits pct,quantile,0.75,1.0026864281253034
nenc,2026-04-11,1,2026-04-18,Flu ED visits pct,quantile,0.75,0.4841047881774146
new-bedford,2026-04-11,1,2026-04-18,Flu ED visits pct,quantile,0.75,2.125233859830567
north-carolina,2026-04-11,1,2026-04-18,Flu ED visits pct,quantile,0.75,0.9001996609882325
nyc,2026-04-11,1,2026-04-18,ILI ED visits pct,quantile,0.75,3.094777603858543
ogden,2026-04-11,1,2026-04-18,Flu ED visits pct,quantile,0.75,0.35086006198597136
oregon,2026-04-11,1,2026-04-18,Flu ED visits pct,quantile,0.75,0.5759943260476066
pittsfield,2026-04-11,1,2026-04-18,Flu ED visits pct,quantile,0.75,0.7609339670726268
portland,2026-04-11,1,2026-04-18,Flu ED visits pct,quantile,0.75,1.1618675615294976
portland-or,2026-04-11,1,2026-04-18,Flu ED visits pct,quantile,0.75,0.6742227415673391
provo,2026-04-11,1,2026-04-18,Flu ED visits pct,quantile,0.75,0.2994999846731937
roanoke,2026-04-11,1,2026-04-18,Flu ED visits pct,quantile,0.75,1.0141388199534829
rochester,2026-04-11,1,2026-04-18,Flu ED visits pct,quantile,0.75,0.7489912324836717
rock-hill,2026-04-11,1,2026-04-18,Flu ED visits pct,quantile,0.75,0.5628833313090619
rtp-area,2026-04-11,1,2026-04-18,Flu ED visits pct,quantile,0.75,0.40223705529728276
salem,2026-04-11,1,2026-04-18,Flu ED visits pct,quantile,0.75,0.526208592069543
salt-lake-city,2026-04-11,1,2026-04-18,Flu ED visits pct,quantile,0.75,0.4238684978077121
san-antonio,2026-04-11,1,2026-04-18,Flu ED visits pct,quantile,0.75,0.528268334480966
savannah,2026-04-11,1,2026-04-18,Flu ED visits pct,quantile,0.75,0.3041298120476063
senc,2026-04-11,1,2026-04-18,Flu ED visits pct,quantile,0.75,0.7867708501297286
south-augusta,2026-04-11,1,2026-04-18,Flu ED visits pct,quantile,0.75,0.8146689571289439
south-carolina,2026-04-11,1,2026-04-18,Flu ED visits pct,quantile,0.75,0.6678178387858046
springfield,2026-04-11,1,2026-04-18,Flu ED visits pct,quantile,0.75,1.986364058377961
st-cloud,2026-04-11,1,2026-04-18,Flu ED visits pct,quantile,0.75,1.2435406516907253
st-paul,2026-04-11,1,2026-04-18,Flu ED visits pct,quantile,0.75,1.5009372504742824
texas,2026-04-11,1,2026-04-18,Flu ED visits pct,quantile,0.75,0.6378128616952093
triad-area,2026-04-11,1,2026-04-18,Flu ED visits pct,quantile,0.75,0.6468527824266723
utah,2026-04-11,1,2026-04-18,Flu ED visits pct,quantile,0.75,0.43667617373655754
virginia,2026-04-11,1,2026-04-18,Flu ED visits pct,quantile,0.75,1.122921317038004
weld,2026-04-11,1,2026-04-18,Flu ED visits pct,quantile,0.75,1.1300334975852633
wnc,2026-04-11,1,2026-04-18,Flu ED visits pct,quantile,0.75,0.4841475381258794
worcester,2026-04-11,1,2026-04-18,Flu ED visits pct,quantile,0.75,1.5574741520486217
athens,2026-04-11,2,2026-04-25,Flu ED visits pct,quantile,0.75,0.6557937391581194
austin,2026-04-11,2,2026-04-25,Flu ED visits pct,quantile,0.75,0.47468317345015504
baltimore,2026-04-11,2,2026-04-25,Flu ED visits pct,quantile,0.75,1.0082826982656647
bangor,2026-04-11,2,2026-04-25,Flu ED visits pct,quantile,0.75,1.2009135246012261
beaumont,2026-04-11,2,2026-04-25,Flu ED visits pct,quantile,0.75,0.37342103473957056
boston,2026-04-11,2,2026-04-25,Flu ED visits pct,quantile,0.75,1.1790135953621403
boulder,2026-04-11,2,2026-04-25,Flu ED visits pct,quantile,0.75,0.6483962386243458
charleston,2026-04-11,2,2026-04-25,Flu ED visits pct,quantile,0.75,0.5648683444241138
cherokee,2026-04-11,2,2026-04-25,Flu ED visits pct,quantile,0.75,1.1152774017509013
clt-area,2026-04-11,2,2026-04-25,Flu ED visits pct,quantile,0.75,1.340977927092539
colorado,2026-04-11,2,2026-04-25,Flu ED visits pct,quantile,0.75,0.9399526495301803
colorado-springs,2026-04-11,2,2026-04-25,Flu ED visits pct,quantile,0.75,0.9988302792726393
columbia,2026-04-11,2,2026-04-25,Flu ED visits pct,quantile,0.75,0.5386545524688579
columbus,2026-04-11,2,2026-04-25,Flu ED visits pct,quantile,0.75,0.5838585080142152
dallas,2026-04-11,2,2026-04-25,Flu ED visits pct,quantile,0.75,0.36760863204748984
denver,2026-04-11,2,2026-04-25,Flu ED visits pct,quantile,0.75,1.0738370477402484
deschutes,2026-04-11,2,2026-04-25,Flu ED visits pct,quantile,0.75,0.9562355371336035
duluth,2026-04-11,2,2026-04-25,Flu ED visits pct,quantile,0.75,1.4499707626300873
el-paso,2026-04-11,2,2026-04-25,Flu ED visits pct,quantile,0.75,1.625477032522291
eugene,2026-04-11,2,2026-04-25,Flu ED visits pct,quantile,0.75,0.27132301588068714
fay-area,2026-04-11,2,2026-04-25,Flu ED visits pct,quantile,0.75,1.1805870288916
florence,2026-04-11,2,2026-04-25,Flu ED visits pct,quantile,0.75,0.5607179176113226
floyd,2026-04-11,2,2026-04-25,Flu ED visits pct,quantile,0.75,0.5412317833124111
frederick,2026-04-11,2,2026-04-25,Flu ED visits pct,quantile,0.75,0.8834106057800619
georgia,2026-04-11,2,2026-04-25,Flu ED visits pct,quantile,0.75,0.5411340047973493
greenville,2026-04-11,2,2026-04-25,Flu ED visits pct,quantile,0.75,0.4745963135188171
hall,2026-04-11,2,2026-04-25,Flu ED visits pct,quantile,0.75,0.7034785269246873
harford,2026-04-11,2,2026-04-25,Flu ED visits pct,quantile,0.75,0.5295224318109057
henry,2026-04-11,2,2026-04-25,Flu ED visits pct,quantile,0.75,0.6376839242910605
horry,2026-04-11,2,2026-04-25,Flu ED visits pct,quantile,0.75,0.6160028008636188
houston,2026-04-11,2,2026-04-25,Flu ED visits pct,quantile,0.75,0.5498732235430378
indiana,2026-04-11,2,2026-04-25,Flu ED visits pct,quantile,0.75,0.6089092514186113
indianapolis,2026-04-11,2,2026-04-25,Flu ED visits pct,quantile,0.75,0.4516159543903785
la-grange,2026-04-11,2,2026-04-25,Flu ED visits pct,quantile,0.75,0.38106220398595686
larimer,2026-04-11,2,2026-04-25,Flu ED visits pct,quantile,0.75,0.7389285214521518
lynn,2026-04-11,2,2026-04-25,Flu ED visits pct,quantile,0.75,0.9688791356260797
macon,2026-04-11,2,2026-04-25,Flu ED visits pct,quantile,0.75,0.33121572771127533
maine,2026-04-11,2,2026-04-25,Flu ED visits pct,quantile,0.75,1.2111325498414167
marietta,2026-04-11,2,2026-04-25,Flu ED visits pct,quantile,0.75,0.4381575804608802
maryland,2026-04-11,2,2026-04-25,Flu ED visits pct,quantile,0.75,1.0486036516088189
massachusetts,2026-04-11,2,2026-04-25,Flu ED visits pct,quantile,0.75,1.3371009935012867
medford,2026-04-11,2,2026-04-25,Flu ED visits pct,quantile,0.75,0.12136871393376324
mesa,2026-04-11,2,2026-04-25,Flu ED visits pct,quantile,0.75,0.4590479821635231
minneapolis,2026-04-11,2,2026-04-25,Flu ED visits pct,quantile,0.75,1.0429702741353526
minnesota,2026-04-11,2,2026-04-25,Flu ED visits pct,quantile,0.75,1.1810579431264943
montgomery,2026-04-11,2,2026-04-25,Flu ED visits pct,quantile,0.75,0.9502249732624356
nenc,2026-04-11,2,2026-04-25,Flu ED visits pct,quantile,0.75,0.40052661247942634
new-bedford,2026-04-11,2,2026-04-25,Flu ED visits pct,quantile,0.75,1.8928349405156717
north-carolina,2026-04-11,2,2026-04-25,Flu ED visits pct,quantile,0.75,0.7635243456534432
nyc,2026-04-11,2,2026-04-25,ILI ED visits pct,quantile,0.75,2.9433553310121945
ogden,2026-04-11,2,2026-04-25,Flu ED visits pct,quantile,0.75,0.32028731249754133
oregon,2026-04-11,2,2026-04-25,Flu ED visits pct,quantile,0.75,0.5210315051619647
pittsfield,2026-04-11,2,2026-04-25,Flu ED visits pct,quantile,0.75,0.6887705793834813
portland,2026-04-11,2,2026-04-25,Flu ED visits pct,quantile,0.75,1.0463409885228858
portland-or,2026-04-11,2,2026-04-25,Flu ED visits pct,quantile,0.75,0.5949429019152861
provo,2026-04-11,2,2026-04-25,Flu ED visits pct,quantile,0.75,0.27199028989758584
roanoke,2026-04-11,2,2026-04-25,Flu ED visits pct,quantile,0.75,0.8639880515644683
rochester,2026-04-11,2,2026-04-25,Flu ED visits pct,quantile,0.75,0.6428191733372366
rock-hill,2026-04-11,2,2026-04-25,Flu ED visits pct,quantile,0.75,0.5123213631700008
rtp-area,2026-04-11,2,2026-04-25,Flu ED visits pct,quantile,0.75,0.34201285442860685
salem,2026-04-11,2,2026-04-25,Flu ED visits pct,quantile,0.75,0.43785923518509096
salt-lake-city,2026-04-11,2,2026-04-25,Flu ED visits pct,quantile,0.75,0.38939818198608683
san-antonio,2026-04-11,2,2026-04-25,Flu ED visits pct,quantile,0.75,0.48640758554153735
savannah,2026-04-11,2,2026-04-25,Flu ED visits pct,quantile,0.75,0.2661894160448393
senc,2026-04-11,2,2026-04-25,Flu ED visits pct,quantile,0.75,0.6831311795005041
south-augusta,2026-04-11,2,2026-04-25,Flu ED visits pct,quantile,0.75,0.7057041115936993
south-carolina,2026-04-11,2,2026-04-25,Flu ED visits pct,quantile,0.75,0.6022809388921945
springfield,2026-04-11,2,2026-04-25,Flu ED visits pct,quantile,0.75,1.7661782024118304
st-cloud,2026-04-11,2,2026-04-25,Flu ED visits pct,quantile,0.75,1.1054215968360097
st-paul,2026-04-11,2,2026-04-25,Flu ED visits pct,quantile,0.75,1.3607143486039652
texas,2026-04-11,2,2026-04-25,Flu ED visits pct,quantile,0.75,0.5921914371581627
triad-area,2026-04-11,2,2026-04-25,Flu ED visits pct,quantile,0.75,0.571629909584317
utah,2026-04-11,2,2026-04-25,Flu ED visits pct,quantile,0.75,0.4032851941193529
virginia,2026-04-11,2,2026-04-25,Flu ED visits pct,quantile,0.75,1.0284052914547572
weld,2026-04-11,2,2026-04-25,Flu ED visits pct,quantile,0.75,0.9573054097527732
wnc,2026-04-11,2,2026-04-25,Flu ED visits pct,quantile,0.75,0.3995987479439177
worcester,2026-04-11,2,2026-04-25,Flu ED visits pct,quantile,0.75,1.3885444496208883
athens,2026-04-11,3,2026-05-02,Flu ED visits pct,quantile,0.75,0.6123066119655401
austin,2026-04-11,3,2026-05-02,Flu ED visits pct,quantile,0.75,0.45957707527312097
baltimore,2026-04-11,3,2026-05-02,Flu ED visits pct,quantile,0.75,0.9627438773195698
bangor,2026-04-11,3,2026-05-02,Flu ED visits pct,quantile,0.75,1.1036584384822605
beaumont,2026-04-11,3,2026-05-02,Flu ED visits pct,quantile,0.75,0.3599201508784545
boston,2026-04-11,3,2026-05-02,Flu ED visits pct,quantile,0.75,1.1045417319082311
boulder,2026-04-11,3,2026-05-02,Flu ED visits pct,quantile,0.75,0.5658109559850513
charleston,2026-04-11,3,2026-05-02,Flu ED visits pct,quantile,0.75,0.5375696534114535
cherokee,2026-04-11,3,2026-05-02,Flu ED visits pct,quantile,0.75,1.0645226020679677
clt-area,2026-04-11,3,2026-05-02,Flu ED visits pct,quantile,0.75,1.1494278044091057
colorado,2026-04-11,3,2026-05-02,Flu ED visits pct,quantile,0.75,0.8783413998475483
colorado-springs,2026-04-11,3,2026-05-02,Flu ED visits pct,quantile,0.75,0.9248380739295302
columbia,2026-04-11,3,2026-05-02,Flu ED visits pct,quantile,0.75,0.514274844719124
columbus,2026-04-11,3,2026-05-02,Flu ED visits pct,quantile,0.75,0.5402330806150982
dallas,2026-04-11,3,2026-05-02,Flu ED visits pct,quantile,0.75,0.3524663308886982
denver,2026-04-11,3,2026-05-02,Flu ED visits pct,quantile,0.75,1.0056382362831242
deschutes,2026-04-11,3,2026-05-02,Flu ED visits pct,quantile,0.75,0.9136436322332346
duluth,2026-04-11,3,2026-05-02,Flu ED visits pct,quantile,0.75,1.348539741829203
el-paso,2026-04-11,3,2026-05-02,Flu ED visits pct,quantile,0.75,1.56018423754423
eugene,2026-04-11,3,2026-05-02,Flu ED visits pct,quantile,0.75,0.2559555156754112
fay-area,2026-04-11,3,2026-05-02,Flu ED visits pct,quantile,0.75,1.022977552068779
florence,2026-04-11,3,2026-05-02,Flu ED visits pct,quantile,0.75,0.5422695443730409
floyd,2026-04-11,3,2026-05-02,Flu ED visits pct,quantile,0.75,0.5014117071226933
frederick,2026-04-11,3,2026-05-02,Flu ED visits pct,quantile,0.75,0.8512226277634108
georgia,2026-04-11,3,2026-05-02,Flu ED visits pct,quantile,0.75,0.5234606831914631
greenville,2026-04-11,3,2026-05-02,Flu ED visits pct,quantile,0.75,0.43517801224321256
hall,2026-04-11,3,2026-05-02,Flu ED visits pct,quantile,0.75,0.6786646868883051
harford,2026-04-11,3,2026-05-02,Flu ED visits pct,quantile,0.75,0.5100670128182305
henry,2026-04-11,3,2026-05-02,Flu ED visits pct,quantile,0.75,0.615992831647726
horry,2026-04-11,3,2026-05-02,Flu ED visits pct,quantile,0.75,0.5840273654471975
houston,2026-04-11,3,2026-05-02,Flu ED visits pct,quantile,0.75,0.5362575424907622
indiana,2026-04-11,3,2026-05-02,Flu ED visits pct,quantile,0.75,0.5719567834104109
indianapolis,2026-04-11,3,2026-05-02,Flu ED visits pct,quantile,0.75,0.4178334176592566
la-grange,2026-04-11,3,2026-05-02,Flu ED visits pct,quantile,0.75,0.36078425316755414
larimer,2026-04-11,3,2026-05-02,Flu ED visits pct,quantile,0.75,0.7007391831047055
lynn,2026-04-11,3,2026-05-02,Flu ED visits pct,quantile,0.75,0.9189219682328306
macon,2026-04-11,3,2026-05-02,Flu ED visits pct,quantile,0.75,0.3123084553464664
maine,2026-04-11,3,2026-05-02,Flu ED visits pct,quantile,0.75,1.1281768621321384
marietta,2026-04-11,3,2026-05-02,Flu ED visits pct,quantile,0.75,0.41946116097285685
maryland,2026-04-11,3,2026-05-02,Flu ED visits pct,quantile,0.75,1.0034927018825888
massachusetts,2026-04-11,3,2026-05-02,Flu ED visits pct,quantile,0.75,1.2386369276039695
medford,2026-04-11,3,2026-05-02,Flu ED visits pct,quantile,0.75,0.11656795970526186
mesa,2026-04-11,3,2026-05-02,Flu ED visits pct,quantile,0.75,0.43807218191131575
minneapolis,2026-04-11,3,2026-05-02,Flu ED visits pct,quantile,0.75,0.9654287259545428
minnesota,2026-04-11,3,2026-05-02,Flu ED visits pct,quantile,0.75,1.1124304530664488
montgomery,2026-04-11,3,2026-05-02,Flu ED visits pct,quantile,0.75,0.9191898892010517
nenc,2026-04-11,3,2026-05-02,Flu ED visits pct,quantile,0.75,0.371131492543239
new-bedford,2026-04-11,3,2026-05-02,Flu ED visits pct,quantile,0.75,1.789707827988215
north-carolina,2026-04-11,3,2026-05-02,Flu ED visits pct,quantile,0.75,0.6734138255514167
nyc,2026-04-11,3,2026-05-02,ILI ED visits pct,quantile,0.75,2.8450806464597433
ogden,2026-04-11,3,2026-05-02,Flu ED visits pct,quantile,0.75,0.3080920436292965
oregon,2026-04-11,3,2026-05-02,Flu ED visits pct,quantile,0.75,0.5036113445453203
pittsfield,2026-04-11,3,2026-05-02,Flu ED visits pct,quantile,0.75,0.6399747147299497
portland,2026-04-11,3,2026-05-02,Flu ED visits pct,quantile,0.75,0.9957072989739006
portland-or,2026-04-11,3,2026-05-02,Flu ED visits pct,quantile,0.75,0.561894565617252
provo,2026-04-11,3,2026-05-02,Flu ED visits pct,quantile,0.75,0.26191389295393863
roanoke,2026-04-11,3,2026-05-02,Flu ED visits pct,quantile,0.75,0.8019788240539946
rochester,2026-04-11,3,2026-05-02,Flu ED visits pct,quantile,0.75,0.5989700969805068
rock-hill,2026-04-11,3,2026-05-02,Flu ED visits pct,quantile,0.75,0.4856650287152943
rtp-area,2026-04-11,3,2026-05-02,Flu ED visits pct,quantile,0.75,0.3140231358597074
salem,2026-04-11,3,2026-05-02,Flu ED visits pct,quantile,0.75,0.41075986583215335
salt-lake-city,2026-04-11,3,2026-05-02,Flu ED visits pct,quantile,0.75,0.3761762953444382
san-antonio,2026-04-11,3,2026-05-02,Flu ED visits pct,quantile,0.75,0.4620181426189146
savannah,2026-04-11,3,2026-05-02,Flu ED visits pct,quantile,0.75,0.2547881177277119
senc,2026-04-11,3,2026-05-02,Flu ED visits pct,quantile,0.75,0.634676958433948
south-augusta,2026-04-11,3,2026-05-02,Flu ED visits pct,quantile,0.75,0.6619904455752023
south-carolina,2026-04-11,3,2026-05-02,Flu ED visits pct,quantile,0.75,0.5750447040526879
springfield,2026-04-11,3,2026-05-02,Flu ED visits pct,quantile,0.75,1.659031780572451
st-cloud,2026-04-11,3,2026-05-02,Flu ED visits pct,quantile,0.75,1.0397834526173868
st-paul,2026-04-11,3,2026-05-02,Flu ED visits pct,quantile,0.75,1.2931011411506046
texas,2026-04-11,3,2026-05-02,Flu ED visits pct,quantile,0.75,0.5815623735826111
triad-area,2026-04-11,3,2026-05-02,Flu ED visits pct,quantile,0.75,0.5342715206294959
utah,2026-04-11,3,2026-05-02,Flu ED visits pct,quantile,0.75,0.38862515146133164
virginia,2026-04-11,3,2026-05-02,Flu ED visits pct,quantile,0.75,0.9894812040039362
weld,2026-04-11,3,2026-05-02,Flu ED visits pct,quantile,0.75,0.886216930847589
wnc,2026-04-11,3,2026-05-02,Flu ED visits pct,quantile,0.75,0.3510896055885171
worcester,2026-04-11,3,2026-05-02,Flu ED visits pct,quantile,0.75,1.3146915595549427
athens,2026-04-11,0,2026-04-11,Flu ED visits pct,quantile,0.9,1.030082203709002
austin,2026-04-11,0,2026-04-11,Flu ED visits pct,quantile,0.9,0.6407966988364947
baltimore,2026-04-11,0,2026-04-11,Flu ED visits pct,quantile,0.9,1.2571900446868183
bangor,2026-04-11,0,2026-04-11,Flu ED visits pct,quantile,0.9,1.7526849622373428
beaumont,2026-04-11,0,2026-04-11,Flu ED visits pct,quantile,0.9,0.6189882385024617
boston,2026-04-11,0,2026-04-11,Flu ED visits pct,quantile,0.9,1.53353948511141
boulder,2026-04-11,0,2026-04-11,Flu ED visits pct,quantile,0.9,1.1675225700702063
charleston,2026-04-11,0,2026-04-11,Flu ED visits pct,quantile,0.9,0.8117945941764823
cherokee,2026-04-11,0,2026-04-11,Flu ED visits pct,quantile,0.9,1.6042828883680462
clt-area,2026-04-11,0,2026-04-11,Flu ED visits pct,quantile,0.9,2.0448841179422117
colorado,2026-04-11,0,2026-04-11,Flu ED visits pct,quantile,0.9,1.3629863110090863
colorado-springs,2026-04-11,0,2026-04-11,Flu ED visits pct,quantile,0.9,1.5504988239800577
columbia,2026-04-11,0,2026-04-11,Flu ED visits pct,quantile,0.9,0.8327553883940975
columbus,2026-04-11,0,2026-04-11,Flu ED visits pct,quantile,0.9,0.9286560939235399
dallas,2026-04-11,0,2026-04-11,Flu ED visits pct,quantile,0.9,0.482502795800527
denver,2026-04-11,0,2026-04-11,Flu ED visits pct,quantile,0.9,1.5220400810242665
deschutes,2026-04-11,0,2026-04-11,Flu ED visits pct,quantile,0.9,1.4503315514698274
duluth,2026-04-11,0,2026-04-11,Flu ED visits pct,quantile,0.9,2.1995038208441176
el-paso,2026-04-11,0,2026-04-11,Flu ED visits pct,quantile,0.9,2.1147050076026437
eugene,2026-04-11,0,2026-04-11,Flu ED visits pct,quantile,0.9,0.44448129244818674
fay-area,2026-04-11,0,2026-04-11,Flu ED visits pct,quantile,0.9,1.9181310498574642
florence,2026-04-11,0,2026-04-11,Flu ED visits pct,quantile,0.9,0.8316090173390225
floyd,2026-04-11,0,2026-04-11,Flu ED visits pct,quantile,0.9,0.8722026083937595
frederick,2026-04-11,0,2026-04-11,Flu ED visits pct,quantile,0.9,1.4586492026678486
georgia,2026-04-11,0,2026-04-11,Flu ED visits pct,quantile,0.9,0.7129522540198373
greenville,2026-04-11,0,2026-04-11,Flu ED visits pct,quantile,0.9,0.7728138443392507
hall,2026-04-11,0,2026-04-11,Flu ED visits pct,quantile,0.9,1.042049383285938
harford,2026-04-11,0,2026-04-11,Flu ED visits pct,quantile,0.9,0.7327590758475285
henry,2026-04-11,0,2026-04-11,Flu ED visits pct,quantile,0.9,0.9032771551468454
horry,2026-04-11,0,2026-04-11,Flu ED visits pct,quantile,0.9,0.929610433636917
houston,2026-04-11,0,2026-04-11,Flu ED visits pct,quantile,0.9,0.67041844146574
indiana,2026-04-11,0,2026-04-11,Flu ED visits pct,quantile,0.9,0.9801336785305397
indianapolis,2026-04-11,0,2026-04-11,Flu ED visits pct,quantile,0.9,0.781124744383793
la-grange,2026-04-11,0,2026-04-11,Flu ED visits pct,quantile,0.9,0.6109186742824534
larimer,2026-04-11,0,2026-04-11,Flu ED visits pct,quantile,0.9,1.1231668140289444
lynn,2026-04-11,0,2026-04-11,Flu ED visits pct,quantile,0.9,1.3255432631363424
macon,2026-04-11,0,2026-04-11,Flu ED visits pct,quantile,0.9,0.5052773319157148
maine,2026-04-11,0,2026-04-11,Flu ED visits pct,quantile,0.9,1.543972472620161
marietta,2026-04-11,0,2026-04-11,Flu ED visits pct,quantile,0.9,0.6520332853246008
maryland,2026-04-11,0,2026-04-11,Flu ED visits pct,quantile,0.9,1.2779283931049403
massachusetts,2026-04-11,0,2026-04-11,Flu ED visits pct,quantile,0.9,1.7511157396805408
medford,2026-04-11,0,2026-04-11,Flu ED visits pct,quantile,0.9,0.2044977572117482
mesa,2026-04-11,0,2026-04-11,Flu ED visits pct,quantile,0.9,0.6871929893719255
minneapolis,2026-04-11,0,2026-04-11,Flu ED visits pct,quantile,0.9,1.4897648356135806
minnesota,2026-04-11,0,2026-04-11,Flu ED visits pct,quantile,0.9,1.5898831147440111
montgomery,2026-04-11,0,2026-04-11,Flu ED visits pct,quantile,0.9,1.1874125455673346
nenc,2026-04-11,0,2026-04-11,Flu ED visits pct,quantile,0.9,0.6664064702558815
new-bedford,2026-04-11,0,2026-04-11,Flu ED visits pct,quantile,0.9,2.8349963157639797
north-carolina,2026-04-11,0,2026-04-11,Flu ED visits pct,quantile,0.9,1.1560584351829821
nyc,2026-04-11,0,2026-04-11,ILI ED visits pct,quantile,0.9,3.401199092976616
ogden,2026-04-11,0,2026-04-11,Flu ED visits pct,quantile,0.9,0.4966209715623189
oregon,2026-04-11,0,2026-04-11,Flu ED visits pct,quantile,0.9,0.7117628456583242
pittsfield,2026-04-11,0,2026-04-11,Flu ED visits pct,quantile,0.9,1.0743565426832322
portland,2026-04-11,0,2026-04-11,Flu ED visits pct,quantile,0.9,1.5315661829096752
portland-or,2026-04-11,0,2026-04-11,Flu ED visits pct,quantile,0.9,0.8864035250394823
provo,2026-04-11,0,2026-04-11,Flu ED visits pct,quantile,0.9,0.39944315069409975
roanoke,2026-04-11,0,2026-04-11,Flu ED visits pct,quantile,0.9,1.4320915606082332
rochester,2026-04-11,0,2026-04-11,Flu ED visits pct,quantile,0.9,1.051236486696453
rock-hill,2026-04-11,0,2026-04-11,Flu ED visits pct,quantile,0.9,0.7986098316942213
rtp-area,2026-04-11,0,2026-04-11,Flu ED visits pct,quantile,0.9,0.5519813859511894
salem,2026-04-11,0,2026-04-11,Flu ED visits pct,quantile,0.9,0.7729246545640995
salt-lake-city,2026-04-11,0,2026-04-11,Flu ED visits pct,quantile,0.9,0.540909784357447
san-antonio,2026-04-11,0,2026-04-11,Flu ED visits pct,quantile,0.9,0.6530264190362587
savannah,2026-04-11,0,2026-04-11,Flu ED visits pct,quantile,0.9,0.4157130414971
senc,2026-04-11,0,2026-04-11,Flu ED visits pct,quantile,0.9,1.0494468986421426
south-augusta,2026-04-11,0,2026-04-11,Flu ED visits pct,quantile,0.9,1.0855970776850488
south-carolina,2026-04-11,0,2026-04-11,Flu ED visits pct,quantile,0.9,0.8356716203889054
springfield,2026-04-11,0,2026-04-11,Flu ED visits pct,quantile,0.9,2.681290217217426
st-cloud,2026-04-11,0,2026-04-11,Flu ED visits pct,quantile,0.9,1.682606234858142
st-paul,2026-04-11,0,2026-04-11,Flu ED visits pct,quantile,0.9,1.8158660672410298
texas,2026-04-11,0,2026-04-11,Flu ED visits pct,quantile,0.9,0.7585117688869126
triad-area,2026-04-11,0,2026-04-11,Flu ED visits pct,quantile,0.9,0.8392224945175907
utah,2026-04-11,0,2026-04-11,Flu ED visits pct,quantile,0.9,0.529143806217857
virginia,2026-04-11,0,2026-04-11,Flu ED visits pct,quantile,0.9,1.3213526985261042
weld,2026-04-11,0,2026-04-11,Flu ED visits pct,quantile,0.9,1.6317969754365833
wnc,2026-04-11,0,2026-04-11,Flu ED visits pct,quantile,0.9,0.6790159154623455
worcester,2026-04-11,0,2026-04-11,Flu ED visits pct,quantile,0.9,1.9909284402555574
athens,2026-04-11,1,2026-04-18,Flu ED visits pct,quantile,0.9,0.973512959470085
austin,2026-04-11,1,2026-04-18,Flu ED visits pct,quantile,0.9,0.5997647057932856
baltimore,2026-04-11,1,2026-04-18,Flu ED visits pct,quantile,0.9,1.2535859906656734
bangor,2026-04-11,1,2026-04-18,Flu ED visits pct,quantile,0.9,1.6782038774711185
beaumont,2026-04-11,1,2026-04-18,Flu ED visits pct,quantile,0.9,0.6007314261288578
boston,2026-04-11,1,2026-04-18,Flu ED visits pct,quantile,0.9,1.5281600827942756
boulder,2026-04-11,1,2026-04-18,Flu ED visits pct,quantile,0.9,1.0216852345090202
charleston,2026-04-11,1,2026-04-18,Flu ED visits pct,quantile,0.9,0.7549192470865687
cherokee,2026-04-11,1,2026-04-18,Flu ED visits pct,quantile,0.9,1.5550980037646063
clt-area,2026-04-11,1,2026-04-18,Flu ED visits pct,quantile,0.9,1.8163449020432432
colorado,2026-04-11,1,2026-04-18,Flu ED visits pct,quantile,0.9,1.283926766261959
colorado-springs,2026-04-11,1,2026-04-18,Flu ED visits pct,quantile,0.9,1.4380294134631055
columbia,2026-04-11,1,2026-04-18,Flu ED visits pct,quantile,0.9,0.7880285366603014
columbus,2026-04-11,1,2026-04-18,Flu ED visits pct,quantile,0.9,0.8725531651308199
dallas,2026-04-11,1,2026-04-18,Flu ED visits pct,quantile,0.9,0.454142106129604
denver,2026-04-11,1,2026-04-18,Flu ED visits pct,quantile,0.9,1.434022946291142
deschutes,2026-04-11,1,2026-04-18,Flu ED visits pct,quantile,0.9,1.4085731694956234
duluth,2026-04-11,1,2026-04-18,Flu ED visits pct,quantile,0.9,2.0390082596292465
el-paso,2026-04-11,1,2026-04-18,Flu ED visits pct,quantile,0.9,2.0867445446619297
eugene,2026-04-11,1,2026-04-18,Flu ED visits pct,quantile,0.9,0.4142736402532554
fay-area,2026-04-11,1,2026-04-18,Flu ED visits pct,quantile,0.9,1.6936379673409414
florence,2026-04-11,1,2026-04-18,Flu ED visits pct,quantile,0.9,0.7916817250660397
floyd,2026-04-11,1,2026-04-18,Flu ED visits pct,quantile,0.9,0.8280970210261924
frederick,2026-04-11,1,2026-04-18,Flu ED visits pct,quantile,0.9,1.4691913237767737
georgia,2026-04-11,1,2026-04-18,Flu ED visits pct,quantile,0.9,0.6834475324887702
greenville,2026-04-11,1,2026-04-18,Flu ED visits pct,quantile,0.9,0.7093515826789404
hall,2026-04-11,1,2026-04-18,Flu ED visits pct,quantile,0.9,1.0228365581838865
harford,2026-04-11,1,2026-04-18,Flu ED visits pct,quantile,0.9,0.7117756301749939
henry,2026-04-11,1,2026-04-18,Flu ED visits pct,quantile,0.9,0.8698624116303716
horry,2026-04-11,1,2026-04-18,Flu ED visits pct,quantile,0.9,0.8983166385467843
houston,2026-04-11,1,2026-04-18,Flu ED visits pct,quantile,0.9,0.6595505133422886
indiana,2026-04-11,1,2026-04-18,Flu ED visits pct,quantile,0.9,0.9134871613671587
indianapolis,2026-04-11,1,2026-04-18,Flu ED visits pct,quantile,0.9,0.7147597403142711
la-grange,2026-04-11,1,2026-04-18,Flu ED visits pct,quantile,0.9,0.5796367024161047
larimer,2026-04-11,1,2026-04-18,Flu ED visits pct,quantile,0.9,1.0731590942801095
lynn,2026-04-11,1,2026-04-18,Flu ED visits pct,quantile,0.9,1.2900890094453732
macon,2026-04-11,1,2026-04-18,Flu ED visits pct,quantile,0.9,0.4944213721175501
maine,2026-04-11,1,2026-04-18,Flu ED visits pct,quantile,0.9,1.5210516422646836
marietta,2026-04-11,1,2026-04-18,Flu ED visits pct,quantile,0.9,0.6200712049380753
maryland,2026-04-11,1,2026-04-18,Flu ED visits pct,quantile,0.9,1.278213420176888
massachusetts,2026-04-11,1,2026-04-18,Flu ED visits pct,quantile,0.9,1.74412351043829
medford,2026-04-11,1,2026-04-18,Flu ED visits pct,quantile,0.9,0.193673536691573
mesa,2026-04-11,1,2026-04-18,Flu ED visits pct,quantile,0.9,0.6506925146283661
minneapolis,2026-04-11,1,2026-04-18,Flu ED visits pct,quantile,0.9,1.4384067629516635
minnesota,2026-04-11,1,2026-04-18,Flu ED visits pct,quantile,0.9,1.557209015385035
montgomery,2026-04-11,1,2026-04-18,Flu ED visits pct,quantile,0.9,1.1948088650278454
nenc,2026-04-11,1,2026-04-18,Flu ED visits pct,quantile,0.9,0.6023231101387955
new-bedford,2026-04-11,1,2026-04-18,Flu ED visits pct,quantile,0.9,2.879092194441999
north-carolina,2026-04-11,1,2026-04-18,Flu ED visits pct,quantile,0.9,1.0426960481579823
nyc,2026-04-11,1,2026-04-18,ILI ED visits pct,quantile,0.9,3.427800183158005
ogden,2026-04-11,1,2026-04-18,Flu ED visits pct,quantile,0.9,0.453946134211642
oregon,2026-04-11,1,2026-04-18,Flu ED visits pct,quantile,0.9,0.6690196449570005
pittsfield,2026-04-11,1,2026-04-18,Flu ED visits pct,quantile,0.9,1.0359901386719828
portland,2026-04-11,1,2026-04-18,Flu ED visits pct,quantile,0.9,1.5162524101237285
portland-or,2026-04-11,1,2026-04-18,Flu ED visits pct,quantile,0.9,0.8363787065001107
provo,2026-04-11,1,2026-04-18,Flu ED visits pct,quantile,0.9,0.37699679510485157
roanoke,2026-04-11,1,2026-04-18,Flu ED visits pct,quantile,0.9,1.3319677296351022
rochester,2026-04-11,1,2026-04-18,Flu ED visits pct,quantile,0.9,0.9662836434265952
rock-hill,2026-04-11,1,2026-04-18,Flu ED visits pct,quantile,0.9,0.764781939196954
rtp-area,2026-04-11,1,2026-04-18,Flu ED visits pct,quantile,0.9,0.5116834613086836
salem,2026-04-11,1,2026-04-18,Flu ED visits pct,quantile,0.9,0.7083154079129793
salt-lake-city,2026-04-11,1,2026-04-18,Flu ED visits pct,quantile,0.9,0.5206815161091897
san-antonio,2026-04-11,1,2026-04-18,Flu ED visits pct,quantile,0.9,0.6158842896090011
savannah,2026-04-11,1,2026-04-18,Flu ED visits pct,quantile,0.9,0.39784091804686555
senc,2026-04-11,1,2026-04-18,Flu ED visits pct,quantile,0.9,0.953128549679422
south-augusta,2026-04-11,1,2026-04-18,Flu ED visits pct,quantile,0.9,1.023508621789669
south-carolina,2026-04-11,1,2026-04-18,Flu ED visits pct,quantile,0.9,0.8031836621930041
springfield,2026-04-11,1,2026-04-18,Flu ED visits pct,quantile,0.9,2.6716326580918945
st-cloud,2026-04-11,1,2026-04-18,Flu ED visits pct,quantile,0.9,1.612978007183891
st-paul,2026-04-11,1,2026-04-18,Flu ED visits pct,quantile,0.9,1.7594630702790766
texas,2026-04-11,1,2026-04-18,Flu ED visits pct,quantile,0.9,0.7232041504341183
triad-area,2026-04-11,1,2026-04-18,Flu ED visits pct,quantile,0.9,0.7920792956236693
utah,2026-04-11,1,2026-04-18,Flu ED visits pct,quantile,0.9,0.5064513872485163
virginia,2026-04-11,1,2026-04-18,Flu ED visits pct,quantile,0.9,1.2843502117849408
weld,2026-04-11,1,2026-04-18,Flu ED visits pct,quantile,0.9,1.560569363652455
wnc,2026-04-11,1,2026-04-18,Flu ED visits pct,quantile,0.9,0.592566183268503
worcester,2026-04-11,1,2026-04-18,Flu ED visits pct,quantile,0.9,1.982779855979728
athens,2026-04-11,2,2026-04-25,Flu ED visits pct,quantile,0.9,0.9231321497499598
austin,2026-04-11,2,2026-04-25,Flu ED visits pct,quantile,0.9,0.5676151780265138
baltimore,2026-04-11,2,2026-04-25,Flu ED visits pct,quantile,0.9,1.2393629165638906
bangor,2026-04-11,2,2026-04-25,Flu ED visits pct,quantile,0.9,1.6009629862011867
beaumont,2026-04-11,2,2026-04-25,Flu ED visits pct,quantile,0.9,0.5551553954583046
boston,2026-04-11,2,2026-04-25,Flu ED visits pct,quantile,0.9,1.50044239341892
boulder,2026-04-11,2,2026-04-25,Flu ED visits pct,quantile,0.9,0.9304642703828483
charleston,2026-04-11,2,2026-04-25,Flu ED visits pct,quantile,0.9,0.7218899919357876
cherokee,2026-04-11,2,2026-04-25,Flu ED visits pct,quantile,0.9,1.4833728161080941
clt-area,2026-04-11,2,2026-04-25,Flu ED visits pct,quantile,0.9,1.6263965458847591
colorado,2026-04-11,2,2026-04-25,Flu ED visits pct,quantile,0.9,1.2278479226362033
colorado-springs,2026-04-11,2,2026-04-25,Flu ED visits pct,quantile,0.9,1.3618499542067863
columbia,2026-04-11,2,2026-04-25,Flu ED visits pct,quantile,0.9,0.7495661182598017
columbus,2026-04-11,2,2026-04-25,Flu ED visits pct,quantile,0.9,0.8231138970216045
dallas,2026-04-11,2,2026-04-25,Flu ED visits pct,quantile,0.9,0.43381790517568286
denver,2026-04-11,2,2026-04-25,Flu ED visits pct,quantile,0.9,1.3742720762735225
deschutes,2026-04-11,2,2026-04-25,Flu ED visits pct,quantile,0.9,1.3677980197158022
duluth,2026-04-11,2,2026-04-25,Flu ED visits pct,quantile,0.9,1.9388594933067793
el-paso,2026-04-11,2,2026-04-25,Flu ED visits pct,quantile,0.9,2.024697663464429
eugene,2026-04-11,2,2026-04-25,Flu ED visits pct,quantile,0.9,0.3894265587715886
fay-area,2026-04-11,2,2026-04-25,Flu ED visits pct,quantile,0.9,1.5325877323473578
florence,2026-04-11,2,2026-04-25,Flu ED visits pct,quantile,0.9,0.7535148893991365
floyd,2026-04-11,2,2026-04-25,Flu ED visits pct,quantile,0.9,0.7872256122485509
frederick,2026-04-11,2,2026-04-25,Flu ED visits pct,quantile,0.9,1.5052670263770302
georgia,2026-04-11,2,2026-04-25,Flu ED visits pct,quantile,0.9,0.6593616543658634
greenville,2026-04-11,2,2026-04-25,Flu ED visits pct,quantile,0.9,0.6723279833641319
hall,2026-04-11,2,2026-04-25,Flu ED visits pct,quantile,0.9,0.9783868216577108
harford,2026-04-11,2,2026-04-25,Flu ED visits pct,quantile,0.9,0.6831213983963058
henry,2026-04-11,2,2026-04-25,Flu ED visits pct,quantile,0.9,0.8239181314879763
horry,2026-04-11,2,2026-04-25,Flu ED visits pct,quantile,0.9,0.8575499624878776
houston,2026-04-11,2,2026-04-25,Flu ED visits pct,quantile,0.9,0.6391461145459237
indiana,2026-04-11,2,2026-04-25,Flu ED visits pct,quantile,0.9,0.856577273373807
indianapolis,2026-04-11,2,2026-04-25,Flu ED visits pct,quantile,0.9,0.6714494615495189
la-grange,2026-04-11,2,2026-04-25,Flu ED visits pct,quantile,0.9,0.5474746641450364
larimer,2026-04-11,2,2026-04-25,Flu ED visits pct,quantile,0.9,1.0254594656834892
lynn,2026-04-11,2,2026-04-25,Flu ED visits pct,quantile,0.9,1.26282560990139
macon,2026-04-11,2,2026-04-25,Flu ED visits pct,quantile,0.9,0.47840010685864826
maine,2026-04-11,2,2026-04-25,Flu ED visits pct,quantile,0.9,1.4833161776807746
marietta,2026-04-11,2,2026-04-25,Flu ED visits pct,quantile,0.9,0.589139056523893
maryland,2026-04-11,2,2026-04-25,Flu ED visits pct,quantile,0.9,1.2619937900576774
massachusetts,2026-04-11,2,2026-04-25,Flu ED visits pct,quantile,0.9,1.7202875664950303
medford,2026-04-11,2,2026-04-25,Flu ED visits pct,quantile,0.9,0.17697029941804368
mesa,2026-04-11,2,2026-04-25,Flu ED visits pct,quantile,0.9,0.6251821312144678
minneapolis,2026-04-11,2,2026-04-25,Flu ED visits pct,quantile,0.9,1.381668259241369
minnesota,2026-04-11,2,2026-04-25,Flu ED visits pct,quantile,0.9,1.496705808158054
montgomery,2026-04-11,2,2026-04-25,Flu ED visits pct,quantile,0.9,1.1691233106937242
nenc,2026-04-11,2,2026-04-25,Flu ED visits pct,quantile,0.9,0.5630568017954578
new-bedford,2026-04-11,2,2026-04-25,Flu ED visits pct,quantile,0.9,2.9145892823743424
north-carolina,2026-04-11,2,2026-04-25,Flu ED visits pct,quantile,0.9,0.9622034613014288
nyc,2026-04-11,2,2026-04-25,ILI ED visits pct,quantile,0.9,3.433794997295902
ogden,2026-04-11,2,2026-04-25,Flu ED visits pct,quantile,0.9,0.4293659030250725
oregon,2026-04-11,2,2026-04-25,Flu ED visits pct,quantile,0.9,0.6432465450883249
pittsfield,2026-04-11,2,2026-04-25,Flu ED visits pct,quantile,0.9,1.0149144832352677
portland,2026-04-11,2,2026-04-25,Flu ED visits pct,quantile,0.9,1.492509630803527
portland-or,2026-04-11,2,2026-04-25,Flu ED visits pct,quantile,0.9,0.7839118714789761
provo,2026-04-11,2,2026-04-25,Flu ED visits pct,quantile,0.9,0.3581335539846268
roanoke,2026-04-11,2,2026-04-25,Flu ED visits pct,quantile,0.9,1.2447665766323648
rochester,2026-04-11,2,2026-04-25,Flu ED visits pct,quantile,0.9,0.8957346440652008
rock-hill,2026-04-11,2,2026-04-25,Flu ED visits pct,quantile,0.9,0.7235273752305432
rtp-area,2026-04-11,2,2026-04-25,Flu ED visits pct,quantile,0.9,0.4768113319238872
salem,2026-04-11,2,2026-04-25,Flu ED visits pct,quantile,0.9,0.656202825725692
salt-lake-city,2026-04-11,2,2026-04-25,Flu ED visits pct,quantile,0.9,0.48755971897599093
san-antonio,2026-04-11,2,2026-04-25,Flu ED visits pct,quantile,0.9,0.5834233980694182
savannah,2026-04-11,2,2026-04-25,Flu ED visits pct,quantile,0.9,0.3794217386833278
senc,2026-04-11,2,2026-04-25,Flu ED visits pct,quantile,0.9,0.8891036654966661
south-augusta,2026-04-11,2,2026-04-25,Flu ED visits pct,quantile,0.9,0.9622375042589744
south-carolina,2026-04-11,2,2026-04-25,Flu ED visits pct,quantile,0.9,0.7779415167337431
springfield,2026-04-11,2,2026-04-25,Flu ED visits pct,quantile,0.9,2.6757821793017986
st-cloud,2026-04-11,2,2026-04-25,Flu ED visits pct,quantile,0.9,1.5175896416717067
st-paul,2026-04-11,2,2026-04-25,Flu ED visits pct,quantile,0.9,1.6895021826227803
texas,2026-04-11,2,2026-04-25,Flu ED visits pct,quantile,0.9,0.7103201819650825
triad-area,2026-04-11,2,2026-04-25,Flu ED visits pct,quantile,0.9,0.7372260193375655
utah,2026-04-11,2,2026-04-25,Flu ED visits pct,quantile,0.9,0.48374270791231194
virginia,2026-04-11,2,2026-04-25,Flu ED visits pct,quantile,0.9,1.2378861677906536
weld,2026-04-11,2,2026-04-25,Flu ED visits pct,quantile,0.9,1.4785438095835444
wnc,2026-04-11,2,2026-04-25,Flu ED visits pct,quantile,0.9,0.5430398969113996
worcester,2026-04-11,2,2026-04-25,Flu ED visits pct,quantile,0.9,1.9602613958057058
athens,2026-04-11,3,2026-05-02,Flu ED visits pct,quantile,0.9,0.9136027785468032
austin,2026-04-11,3,2026-05-02,Flu ED visits pct,quantile,0.9,0.5654117456568782
baltimore,2026-04-11,3,2026-05-02,Flu ED visits pct,quantile,0.9,1.2473551952877806
bangor,2026-04-11,3,2026-05-02,Flu ED visits pct,quantile,0.9,1.5851775442955909
beaumont,2026-04-11,3,2026-05-02,Flu ED visits pct,quantile,0.9,0.5498817219875097
boston,2026-04-11,3,2026-05-02,Flu ED visits pct,quantile,0.9,1.5096529207569505
boulder,2026-04-11,3,2026-05-02,Flu ED visits pct,quantile,0.9,0.8936389100501654
charleston,2026-04-11,3,2026-05-02,Flu ED visits pct,quantile,0.9,0.712656896758834
cherokee,2026-04-11,3,2026-05-02,Flu ED visits pct,quantile,0.9,1.4656428892874942
clt-area,2026-04-11,3,2026-05-02,Flu ED visits pct,quantile,0.9,1.528325090779999
colorado,2026-04-11,3,2026-05-02,Flu ED visits pct,quantile,0.9,1.215769300683351
colorado-springs,2026-04-11,3,2026-05-02,Flu ED visits pct,quantile,0.9,1.34746810585901
columbia,2026-04-11,3,2026-05-02,Flu ED visits pct,quantile,0.9,0.7393745885681485
columbus,2026-04-11,3,2026-05-02,Flu ED visits pct,quantile,0.9,0.8097390313266796
dallas,2026-04-11,3,2026-05-02,Flu ED visits pct,quantile,0.9,0.4323619268247457
denver,2026-04-11,3,2026-05-02,Flu ED visits pct,quantile,0.9,1.3637429712266154
deschutes,2026-04-11,3,2026-05-02,Flu ED visits pct,quantile,0.9,1.3399793417600732
duluth,2026-04-11,3,2026-05-02,Flu ED visits pct,quantile,0.9,1.9005776245009613
el-paso,2026-04-11,3,2026-05-02,Flu ED visits pct,quantile,0.9,2.0242574204254176
eugene,2026-04-11,3,2026-05-02,Flu ED visits pct,quantile,0.9,0.3828955593272059
fay-area,2026-04-11,3,2026-05-02,Flu ED visits pct,quantile,0.9,1.4506969346439458
florence,2026-04-11,3,2026-05-02,Flu ED visits pct,quantile,0.9,0.7489341576494323
floyd,2026-04-11,3,2026-05-02,Flu ED visits pct,quantile,0.9,0.7757630659146265
frederick,2026-04-11,3,2026-05-02,Flu ED visits pct,quantile,0.9,1.5289329470414115
georgia,2026-04-11,3,2026-05-02,Flu ED visits pct,quantile,0.9,0.6539468686296155
greenville,2026-04-11,3,2026-05-02,Flu ED visits pct,quantile,0.9,0.6570352526298595
hall,2026-04-11,3,2026-05-02,Flu ED visits pct,quantile,0.9,0.9861407419199463
harford,2026-04-11,3,2026-05-02,Flu ED visits pct,quantile,0.9,0.676997059870392
henry,2026-04-11,3,2026-05-02,Flu ED visits pct,quantile,0.9,0.814697128339281
horry,2026-04-11,3,2026-05-02,Flu ED visits pct,quantile,0.9,0.8537480010475706
houston,2026-04-11,3,2026-05-02,Flu ED visits pct,quantile,0.9,0.6391461145459237
indiana,2026-04-11,3,2026-05-02,Flu ED visits pct,quantile,0.9,0.8494911654774878
indianapolis,2026-04-11,3,2026-05-02,Flu ED visits pct,quantile,0.9,0.6584147761441286
la-grange,2026-04-11,3,2026-05-02,Flu ED visits pct,quantile,0.9,0.5334241913137733
larimer,2026-04-11,3,2026-05-02,Flu ED visits pct,quantile,0.9,1.017254732123941
lynn,2026-04-11,3,2026-05-02,Flu ED visits pct,quantile,0.9,1.262433142989513
macon,2026-04-11,3,2026-05-02,Flu ED visits pct,quantile,0.9,0.4711487075862182
maine,2026-04-11,3,2026-05-02,Flu ED visits pct,quantile,0.9,1.4790486821020346
marietta,2026-04-11,3,2026-05-02,Flu ED visits pct,quantile,0.9,0.5825905251866514
maryland,2026-04-11,3,2026-05-02,Flu ED visits pct,quantile,0.9,1.2701813611102482
massachusetts,2026-04-11,3,2026-05-02,Flu ED visits pct,quantile,0.9,1.7266715332558706
medford,2026-04-11,3,2026-05-02,Flu ED visits pct,quantile,0.9,0.18122242129123772
mesa,2026-04-11,3,2026-05-02,Flu ED visits pct,quantile,0.9,0.6125729795389968
minneapolis,2026-04-11,3,2026-05-02,Flu ED visits pct,quantile,0.9,1.371521775591478
minnesota,2026-04-11,3,2026-05-02,Flu ED visits pct,quantile,0.9,1.4829074771913324
montgomery,2026-04-11,3,2026-05-02,Flu ED visits pct,quantile,0.9,1.1801141131364292
nenc,2026-04-11,3,2026-05-02,Flu ED visits pct,quantile,0.9,0.5558138427039697
new-bedford,2026-04-11,3,2026-05-02,Flu ED visits pct,quantile,0.9,2.906353047680536
north-carolina,2026-04-11,3,2026-05-02,Flu ED visits pct,quantile,0.9,0.9383931739197668
nyc,2026-04-11,3,2026-05-02,ILI ED visits pct,quantile,0.9,3.4555207094049205
ogden,2026-04-11,3,2026-05-02,Flu ED visits pct,quantile,0.9,0.4199099930118254
oregon,2026-04-11,3,2026-05-02,Flu ED visits pct,quantile,0.9,0.636029224635279
pittsfield,2026-04-11,3,2026-05-02,Flu ED visits pct,quantile,0.9,1.0220900987128394
portland,2026-04-11,3,2026-05-02,Flu ED visits pct,quantile,0.9,1.484467434793034
portland-or,2026-04-11,3,2026-05-02,Flu ED visits pct,quantile,0.9,0.7769010089976652
provo,2026-04-11,3,2026-05-02,Flu ED visits pct,quantile,0.9,0.35512135479825735
roanoke,2026-04-11,3,2026-05-02,Flu ED visits pct,quantile,0.9,1.2278627326013407
rochester,2026-04-11,3,2026-05-02,Flu ED visits pct,quantile,0.9,0.8827080927814276
rock-hill,2026-04-11,3,2026-05-02,Flu ED visits pct,quantile,0.9,0.7144306880940903
rtp-area,2026-04-11,3,2026-05-02,Flu ED visits pct,quantile,0.9,0.4610281779230623
salem,2026-04-11,3,2026-05-02,Flu ED visits pct,quantile,0.9,0.6443728052034846
salt-lake-city,2026-04-11,3,2026-05-02,Flu ED visits pct,quantile,0.9,0.48242315666204266
san-antonio,2026-04-11,3,2026-05-02,Flu ED visits pct,quantile,0.9,0.580227178299207
savannah,2026-04-11,3,2026-05-02,Flu ED visits pct,quantile,0.9,0.3762960311967545
senc,2026-04-11,3,2026-05-02,Flu ED visits pct,quantile,0.9,0.8693325567397252
south-augusta,2026-04-11,3,2026-05-02,Flu ED visits pct,quantile,0.9,0.9491078218359109
south-carolina,2026-04-11,3,2026-05-02,Flu ED visits pct,quantile,0.9,0.7644398797714482
springfield,2026-04-11,3,2026-05-02,Flu ED visits pct,quantile,0.9,2.6781030998724726
st-cloud,2026-04-11,3,2026-05-02,Flu ED visits pct,quantile,0.9,1.4971308700147206
st-paul,2026-04-11,3,2026-05-02,Flu ED visits pct,quantile,0.9,1.685388873281683
texas,2026-04-11,3,2026-05-02,Flu ED visits pct,quantile,0.9,0.703278145602251
triad-area,2026-04-11,3,2026-05-02,Flu ED visits pct,quantile,0.9,0.7202283294684281
utah,2026-04-11,3,2026-05-02,Flu ED visits pct,quantile,0.9,0.4816734575345596
virginia,2026-04-11,3,2026-05-02,Flu ED visits pct,quantile,0.9,1.2285463752013697
weld,2026-04-11,3,2026-05-02,Flu ED visits pct,quantile,0.9,1.4700850440178292
wnc,2026-04-11,3,2026-05-02,Flu ED visits pct,quantile,0.9,0.5227565143718113
worcester,2026-04-11,3,2026-05-02,Flu ED visits pct,quantile,0.9,1.949259686235085
athens,2026-04-11,0,2026-04-11,Flu ED visits pct,quantile,0.95,1.1447648083679465
austin,2026-04-11,0,2026-04-11,Flu ED visits pct,quantile,0.95,0.6876153429535341
baltimore,2026-04-11,0,2026-04-11,Flu ED visits pct,quantile,0.95,1.4526895943127993
bangor,2026-04-11,0,2026-04-11,Flu ED visits pct,quantile,0.95,1.9070094175532584
beaumont,2026-04-11,0,2026-04-11,Flu ED visits pct,quantile,0.95,0.7098454120201393
boston,2026-04-11,0,2026-04-11,Flu ED visits pct,quantile,0.95,1.6742301252515444
boulder,2026-04-11,0,2026-04-11,Flu ED visits pct,quantile,0.95,1.3106227131065613
charleston,2026-04-11,0,2026-04-11,Flu ED visits pct,quantile,0.95,0.9135944915785862
cherokee,2026-04-11,0,2026-04-11,Flu ED visits pct,quantile,0.95,1.7569389755159854
clt-area,2026-04-11,0,2026-04-11,Flu ED visits pct,quantile,0.95,2.0748946240043344
colorado,2026-04-11,0,2026-04-11,Flu ED visits pct,quantile,0.95,1.4679720304548538
colorado-springs,2026-04-11,0,2026-04-11,Flu ED visits pct,quantile,0.95,1.6410644663691267
columbia,2026-04-11,0,2026-04-11,Flu ED visits pct,quantile,0.95,0.9238505573662394
columbus,2026-04-11,0,2026-04-11,Flu ED visits pct,quantile,0.95,1.0316399719245553
dallas,2026-04-11,0,2026-04-11,Flu ED visits pct,quantile,0.95,0.5370202747539922
denver,2026-04-11,0,2026-04-11,Flu ED visits pct,quantile,0.95,1.6542579677046787
deschutes,2026-04-11,0,2026-04-11,Flu ED visits pct,quantile,0.95,1.57084418221309
duluth,2026-04-11,0,2026-04-11,Flu ED visits pct,quantile,0.95,2.3918642045559024
el-paso,2026-04-11,0,2026-04-11,Flu ED visits pct,quantile,0.95,2.3547544980796116
eugene,2026-04-11,0,2026-04-11,Flu ED visits pct,quantile,0.95,0.49851499308749714
fay-area,2026-04-11,0,2026-04-11,Flu ED visits pct,quantile,0.95,2.0298416958884915
florence,2026-04-11,0,2026-04-11,Flu ED visits pct,quantile,0.95,1.0366211314369957
floyd,2026-04-11,0,2026-04-11,Flu ED visits pct,quantile,0.95,1.0174968776714926
frederick,2026-04-11,0,2026-04-11,Flu ED visits pct,quantile,0.95,1.8371599485202417
georgia,2026-04-11,0,2026-04-11,Flu ED visits pct,quantile,0.95,0.7606830840477584
greenville,2026-04-11,0,2026-04-11,Flu ED visits pct,quantile,0.95,0.8876034164681234
hall,2026-04-11,0,2026-04-11,Flu ED visits pct,quantile,0.95,1.1147801310571506
harford,2026-04-11,0,2026-04-11,Flu ED visits pct,quantile,0.95,0.8158743439251573
henry,2026-04-11,0,2026-04-11,Flu ED visits pct,quantile,0.95,0.999169032189831
horry,2026-04-11,0,2026-04-11,Flu ED visits pct,quantile,0.95,0.9906604230203444
houston,2026-04-11,0,2026-04-11,Flu ED visits pct,quantile,0.95,0.7181074377812237
indiana,2026-04-11,0,2026-04-11,Flu ED visits pct,quantile,0.95,1.1085637013778316
indianapolis,2026-04-11,0,2026-04-11,Flu ED visits pct,quantile,0.95,0.8956545534186866
la-grange,2026-04-11,0,2026-04-11,Flu ED visits pct,quantile,0.95,0.7032459691729188
larimer,2026-04-11,0,2026-04-11,Flu ED visits pct,quantile,0.95,1.2718526561176078
lynn,2026-04-11,0,2026-04-11,Flu ED visits pct,quantile,0.95,1.4424073892206875
macon,2026-04-11,0,2026-04-11,Flu ED visits pct,quantile,0.95,0.5669354377035002
maine,2026-04-11,0,2026-04-11,Flu ED visits pct,quantile,0.95,1.64310774527884
marietta,2026-04-11,0,2026-04-11,Flu ED visits pct,quantile,0.95,0.7453518470070714
maryland,2026-04-11,0,2026-04-11,Flu ED visits pct,quantile,0.95,1.373525070061182
massachusetts,2026-04-11,0,2026-04-11,Flu ED visits pct,quantile,0.95,1.9404601215510398
medford,2026-04-11,0,2026-04-11,Flu ED visits pct,quantile,0.95,0.24254673842565344
mesa,2026-04-11,0,2026-04-11,Flu ED visits pct,quantile,0.95,0.7947572497759074
minneapolis,2026-04-11,0,2026-04-11,Flu ED visits pct,quantile,0.95,1.6226114728398255
minnesota,2026-04-11,0,2026-04-11,Flu ED visits pct,quantile,0.95,1.7256408777780643
montgomery,2026-04-11,0,2026-04-11,Flu ED visits pct,quantile,0.95,1.2703171414027354
nenc,2026-04-11,0,2026-04-11,Flu ED visits pct,quantile,0.95,0.7373052838797747
new-bedford,2026-04-11,0,2026-04-11,Flu ED visits pct,quantile,0.95,3.5014681552798437
north-carolina,2026-04-11,0,2026-04-11,Flu ED visits pct,quantile,0.95,1.2565323870772402
nyc,2026-04-11,0,2026-04-11,ILI ED visits pct,quantile,0.95,3.7442764210506003
ogden,2026-04-11,0,2026-04-11,Flu ED visits pct,quantile,0.95,0.5489094212960771
oregon,2026-04-11,0,2026-04-11,Flu ED visits pct,quantile,0.95,0.7824659972627045
pittsfield,2026-04-11,0,2026-04-11,Flu ED visits pct,quantile,0.95,1.2976715135436505
portland,2026-04-11,0,2026-04-11,Flu ED visits pct,quantile,0.95,1.6202337168652836
portland-or,2026-04-11,0,2026-04-11,Flu ED visits pct,quantile,0.95,0.9872392308697922
provo,2026-04-11,0,2026-04-11,Flu ED visits pct,quantile,0.95,0.4591189561073682
roanoke,2026-04-11,0,2026-04-11,Flu ED visits pct,quantile,0.95,1.5740200064739462
rochester,2026-04-11,0,2026-04-11,Flu ED visits pct,quantile,0.95,1.1798155942331836
rock-hill,2026-04-11,0,2026-04-11,Flu ED visits pct,quantile,0.95,0.9222456282853383
rtp-area,2026-04-11,0,2026-04-11,Flu ED visits pct,quantile,0.95,0.606132019972872
salem,2026-04-11,0,2026-04-11,Flu ED visits pct,quantile,0.95,0.8570959664045306
salt-lake-city,2026-04-11,0,2026-04-11,Flu ED visits pct,quantile,0.95,0.5971231479882388
san-antonio,2026-04-11,0,2026-04-11,Flu ED visits pct,quantile,0.95,0.7112390536286889
savannah,2026-04-11,0,2026-04-11,Flu ED visits pct,quantile,0.95,0.45597205889443765
senc,2026-04-11,0,2026-04-11,Flu ED visits pct,quantile,0.95,1.1062847249200685
south-augusta,2026-04-11,0,2026-04-11,Flu ED visits pct,quantile,0.95,1.180627037487408
south-carolina,2026-04-11,0,2026-04-11,Flu ED visits pct,quantile,0.95,0.8966388130948414
springfield,2026-04-11,0,2026-04-11,Flu ED visits pct,quantile,0.95,3.366111412835212
st-cloud,2026-04-11,0,2026-04-11,Flu ED visits pct,quantile,0.95,1.8667251391770021
st-paul,2026-04-11,0,2026-04-11,Flu ED visits pct,quantile,0.95,1.948552143215174
texas,2026-04-11,0,2026-04-11,Flu ED visits pct,quantile,0.95,0.8243104680557182
triad-area,2026-04-11,0,2026-04-11,Flu ED visits pct,quantile,0.95,0.914711902077061
utah,2026-04-11,0,2026-04-11,Flu ED visits pct,quantile,0.95,0.5800407735032347
virginia,2026-04-11,0,2026-04-11,Flu ED visits pct,quantile,0.95,1.4148403904142515
weld,2026-04-11,0,2026-04-11,Flu ED visits pct,quantile,0.95,1.8765459024034743
wnc,2026-04-11,0,2026-04-11,Flu ED visits pct,quantile,0.95,0.7453163760067182
worcester,2026-04-11,0,2026-04-11,Flu ED visits pct,quantile,0.95,2.3288696016503914
athens,2026-04-11,1,2026-04-18,Flu ED visits pct,quantile,0.95,1.1349126509476661
austin,2026-04-11,1,2026-04-18,Flu ED visits pct,quantile,0.95,0.677092118397419
baltimore,2026-04-11,1,2026-04-18,Flu ED visits pct,quantile,0.95,1.51072342078274
bangor,2026-04-11,1,2026-04-18,Flu ED visits pct,quantile,0.95,1.899146965118206
beaumont,2026-04-11,1,2026-04-18,Flu ED visits pct,quantile,0.95,0.7074958230210759
boston,2026-04-11,1,2026-04-18,Flu ED visits pct,quantile,0.95,1.729041025843555
boulder,2026-04-11,1,2026-04-18,Flu ED visits pct,quantile,0.95,1.2649065295082034
charleston,2026-04-11,1,2026-04-18,Flu ED visits pct,quantile,0.95,0.8995592553884774
cherokee,2026-04-11,1,2026-04-18,Flu ED visits pct,quantile,0.95,1.7543624620390765
clt-area,2026-04-11,1,2026-04-18,Flu ED visits pct,quantile,0.95,1.9768383506141918
colorado,2026-04-11,1,2026-04-18,Flu ED visits pct,quantile,0.95,1.4542655489497134
colorado-springs,2026-04-11,1,2026-04-18,Flu ED visits pct,quantile,0.95,1.629178258031506
columbia,2026-04-11,1,2026-04-18,Flu ED visits pct,quantile,0.95,0.9120376550727413
columbus,2026-04-11,1,2026-04-18,Flu ED visits pct,quantile,0.95,1.0069563959809906
dallas,2026-04-11,1,2026-04-18,Flu ED visits pct,quantile,0.95,0.5295415917240375
denver,2026-04-11,1,2026-04-18,Flu ED visits pct,quantile,0.95,1.6475083903771799
deschutes,2026-04-11,1,2026-04-18,Flu ED visits pct,quantile,0.95,1.5685048198331202
duluth,2026-04-11,1,2026-04-18,Flu ED visits pct,quantile,0.95,2.3592012105339415
el-paso,2026-04-11,1,2026-04-18,Flu ED visits pct,quantile,0.95,2.404410049413568
eugene,2026-04-11,1,2026-04-18,Flu ED visits pct,quantile,0.95,0.48536161654209115
fay-area,2026-04-11,1,2026-04-18,Flu ED visits pct,quantile,0.95,1.925355231996642
florence,2026-04-11,1,2026-04-18,Flu ED visits pct,quantile,0.95,1.0298509989806433
floyd,2026-04-11,1,2026-04-18,Flu ED visits pct,quantile,0.95,1.0161524701114553
frederick,2026-04-11,1,2026-04-18,Flu ED visits pct,quantile,0.95,2.0237045805244227
georgia,2026-04-11,1,2026-04-18,Flu ED visits pct,quantile,0.95,0.7552956941422937
greenville,2026-04-11,1,2026-04-18,Flu ED visits pct,quantile,0.95,0.8696909520102193
hall,2026-04-11,1,2026-04-18,Flu ED visits pct,quantile,0.95,1.1380503237459108
harford,2026-04-11,1,2026-04-18,Flu ED visits pct,quantile,0.95,0.8131770442570498
henry,2026-04-11,1,2026-04-18,Flu ED visits pct,quantile,0.95,0.9972614089329312
horry,2026-04-11,1,2026-04-18,Flu ED visits pct,quantile,0.95,1.0027532052299053
houston,2026-04-11,1,2026-04-18,Flu ED visits pct,quantile,0.95,0.7262855361547575
indiana,2026-04-11,1,2026-04-18,Flu ED visits pct,quantile,0.95,1.084267105353401
indianapolis,2026-04-11,1,2026-04-18,Flu ED visits pct,quantile,0.95,0.8759770155423056
la-grange,2026-04-11,1,2026-04-18,Flu ED visits pct,quantile,0.95,0.7021473867005927
larimer,2026-04-11,1,2026-04-18,Flu ED visits pct,quantile,0.95,1.2555958812980088
lynn,2026-04-11,1,2026-04-18,Flu ED visits pct,quantile,0.95,1.4708558877998197
macon,2026-04-11,1,2026-04-18,Flu ED visits pct,quantile,0.95,0.5624072453380863
maine,2026-04-11,1,2026-04-18,Flu ED visits pct,quantile,0.95,1.6569920206590878
marietta,2026-04-11,1,2026-04-18,Flu ED visits pct,quantile,0.95,0.7343639805514307
maryland,2026-04-11,1,2026-04-18,Flu ED visits pct,quantile,0.95,1.4104814763566818
massachusetts,2026-04-11,1,2026-04-18,Flu ED visits pct,quantile,0.95,2.0379612683891857
medford,2026-04-11,1,2026-04-18,Flu ED visits pct,quantile,0.95,0.23997316202451385
mesa,2026-04-11,1,2026-04-18,Flu ED visits pct,quantile,0.95,0.7928537949122334
minneapolis,2026-04-11,1,2026-04-18,Flu ED visits pct,quantile,0.95,1.630489322565141
minnesota,2026-04-11,1,2026-04-18,Flu ED visits pct,quantile,0.95,1.7253657674152332
montgomery,2026-04-11,1,2026-04-18,Flu ED visits pct,quantile,0.95,1.30795481191723
nenc,2026-04-11,1,2026-04-18,Flu ED visits pct,quantile,0.95,0.7073902069894382
new-bedford,2026-04-11,1,2026-04-18,Flu ED visits pct,quantile,0.95,3.694116503891163
north-carolina,2026-04-11,1,2026-04-18,Flu ED visits pct,quantile,0.95,1.225612071906131
nyc,2026-04-11,1,2026-04-18,ILI ED visits pct,quantile,0.95,3.894072826504008
ogden,2026-04-11,1,2026-04-18,Flu ED visits pct,quantile,0.95,0.5314648313856344
oregon,2026-04-11,1,2026-04-18,Flu ED visits pct,quantile,0.95,0.770815258945366
pittsfield,2026-04-11,1,2026-04-18,Flu ED visits pct,quantile,0.95,1.34689297556214
portland,2026-04-11,1,2026-04-18,Flu ED visits pct,quantile,0.95,1.6731621930073146
portland-or,2026-04-11,1,2026-04-18,Flu ED visits pct,quantile,0.95,0.9704795660797533
provo,2026-04-11,1,2026-04-18,Flu ED visits pct,quantile,0.95,0.45119578032961866
roanoke,2026-04-11,1,2026-04-18,Flu ED visits pct,quantile,0.95,1.5333809188773426
rochester,2026-04-11,1,2026-04-18,Flu ED visits pct,quantile,0.95,1.1381434685705931
rock-hill,2026-04-11,1,2026-04-18,Flu ED visits pct,quantile,0.95,0.9214516786738663
rtp-area,2026-04-11,1,2026-04-18,Flu ED visits pct,quantile,0.95,0.572466650506383
salem,2026-04-11,1,2026-04-18,Flu ED visits pct,quantile,0.95,0.8284272836986744
salt-lake-city,2026-04-11,1,2026-04-18,Flu ED visits pct,quantile,0.95,0.5887967355921545
san-antonio,2026-04-11,1,2026-04-18,Flu ED visits pct,quantile,0.95,0.6990835208739625
savannah,2026-04-11,1,2026-04-18,Flu ED visits pct,quantile,0.95,0.45111440031695565
senc,2026-04-11,1,2026-04-18,Flu ED visits pct,quantile,0.95,1.076588816148668
south-augusta,2026-04-11,1,2026-04-18,Flu ED visits pct,quantile,0.95,1.149984236041129
south-carolina,2026-04-11,1,2026-04-18,Flu ED visits pct,quantile,0.95,0.8933712903577099
springfield,2026-04-11,1,2026-04-18,Flu ED visits pct,quantile,0.95,3.564437882520054
st-cloud,2026-04-11,1,2026-04-18,Flu ED visits pct,quantile,0.95,1.8505227598541696
st-paul,2026-04-11,1,2026-04-18,Flu ED visits pct,quantile,0.95,1.95523855354646
texas,2026-04-11,1,2026-04-18,Flu ED visits pct,quantile,0.95,0.8165413267579501
triad-area,2026-04-11,1,2026-04-18,Flu ED visits pct,quantile,0.95,0.8856716434058411
utah,2026-04-11,1,2026-04-18,Flu ED visits pct,quantile,0.95,0.5777254492998505
virginia,2026-04-11,1,2026-04-18,Flu ED visits pct,quantile,0.95,1.410961800315375
weld,2026-04-11,1,2026-04-18,Flu ED visits pct,quantile,0.95,1.9182569366224738
wnc,2026-04-11,1,2026-04-18,Flu ED visits pct,quantile,0.95,0.7021586383758764
worcester,2026-04-11,1,2026-04-18,Flu ED visits pct,quantile,0.95,2.478902492979676
athens,2026-04-11,2,2026-04-25,Flu ED visits pct,quantile,0.95,1.1180394437168757
austin,2026-04-11,2,2026-04-25,Flu ED visits pct,quantile,0.95,0.6755458610117159
baltimore,2026-04-11,2,2026-04-25,Flu ED visits pct,quantile,0.95,1.5672821388347846
bangor,2026-04-11,2,2026-04-25,Flu ED visits pct,quantile,0.95,1.8846785225964002
beaumont,2026-04-11,2,2026-04-25,Flu ED visits pct,quantile,0.95,0.7007484352506932
boston,2026-04-11,2,2026-04-25,Flu ED visits pct,quantile,0.95,1.734477940148565
boulder,2026-04-11,2,2026-04-25,Flu ED visits pct,quantile,0.95,1.227506019098379
charleston,2026-04-11,2,2026-04-25,Flu ED visits pct,quantile,0.95,0.8786213149815891
cherokee,2026-04-11,2,2026-04-25,Flu ED visits pct,quantile,0.95,1.7419256845392284
clt-area,2026-04-11,2,2026-04-25,Flu ED visits pct,quantile,0.95,1.9225916907778156
colorado,2026-04-11,2,2026-04-25,Flu ED visits pct,quantile,0.95,1.4385161439150915
colorado-springs,2026-04-11,2,2026-04-25,Flu ED visits pct,quantile,0.95,1.619158906763552
columbia,2026-04-11,2,2026-04-25,Flu ED visits pct,quantile,0.95,0.9071647058769156
columbus,2026-04-11,2,2026-04-25,Flu ED visits pct,quantile,0.95,0.9895012133416462
dallas,2026-04-11,2,2026-04-25,Flu ED visits pct,quantile,0.95,0.5298930834615143
denver,2026-04-11,2,2026-04-25,Flu ED visits pct,quantile,0.95,1.6297710161646384
deschutes,2026-04-11,2,2026-04-25,Flu ED visits pct,quantile,0.95,1.5438475530947608
duluth,2026-04-11,2,2026-04-25,Flu ED visits pct,quantile,0.95,2.355529938228172
el-paso,2026-04-11,2,2026-04-25,Flu ED visits pct,quantile,0.95,2.440950271393859
eugene,2026-04-11,2,2026-04-25,Flu ED visits pct,quantile,0.95,0.48208856661864447
fay-area,2026-04-11,2,2026-04-25,Flu ED visits pct,quantile,0.95,1.8568296898078793
florence,2026-04-11,2,2026-04-25,Flu ED visits pct,quantile,0.95,1.0257379921536705
floyd,2026-04-11,2,2026-04-25,Flu ED visits pct,quantile,0.95,0.9934382167270221
frederick,2026-04-11,2,2026-04-25,Flu ED visits pct,quantile,0.95,2.081613825120764
georgia,2026-04-11,2,2026-04-25,Flu ED visits pct,quantile,0.95,0.751822708529568
greenville,2026-04-11,2,2026-04-25,Flu ED visits pct,quantile,0.95,0.8545980208374403
hall,2026-04-11,2,2026-04-25,Flu ED visits pct,quantile,0.95,1.1304257039957375
harford,2026-04-11,2,2026-04-25,Flu ED visits pct,quantile,0.95,0.8088803840717118
henry,2026-04-11,2,2026-04-25,Flu ED visits pct,quantile,0.95,0.9858990306002446
horry,2026-04-11,2,2026-04-25,Flu ED visits pct,quantile,0.95,0.9973231996754597
houston,2026-04-11,2,2026-04-25,Flu ED visits pct,quantile,0.95,0.7322331763037488
indiana,2026-04-11,2,2026-04-25,Flu ED visits pct,quantile,0.95,1.062987087483844
indianapolis,2026-04-11,2,2026-04-25,Flu ED visits pct,quantile,0.95,0.8615206675252318
la-grange,2026-04-11,2,2026-04-25,Flu ED visits pct,quantile,0.95,0.6896010016354915
larimer,2026-04-11,2,2026-04-25,Flu ED visits pct,quantile,0.95,1.2453443737231795
lynn,2026-04-11,2,2026-04-25,Flu ED visits pct,quantile,0.95,1.480373909849418
macon,2026-04-11,2,2026-04-25,Flu ED visits pct,quantile,0.95,0.5557395452347254
maine,2026-04-11,2,2026-04-25,Flu ED visits pct,quantile,0.95,1.666679937433737
marietta,2026-04-11,2,2026-04-25,Flu ED visits pct,quantile,0.95,0.7323895808668047
maryland,2026-04-11,2,2026-04-25,Flu ED visits pct,quantile,0.95,1.4256156669901994
massachusetts,2026-04-11,2,2026-04-25,Flu ED visits pct,quantile,0.95,2.0667551076547737
medford,2026-04-11,2,2026-04-25,Flu ED visits pct,quantile,0.95,0.23938877205911444
mesa,2026-04-11,2,2026-04-25,Flu ED visits pct,quantile,0.95,0.788867747232265
minneapolis,2026-04-11,2,2026-04-25,Flu ED visits pct,quantile,0.95,1.6455360669031833
minnesota,2026-04-11,2,2026-04-25,Flu ED visits pct,quantile,0.95,1.7204943506475097
montgomery,2026-04-11,2,2026-04-25,Flu ED visits pct,quantile,0.95,1.3173435913939795
nenc,2026-04-11,2,2026-04-25,Flu ED visits pct,quantile,0.95,0.6847141531641657
new-bedford,2026-04-11,2,2026-04-25,Flu ED visits pct,quantile,0.95,3.9053960059668
north-carolina,2026-04-11,2,2026-04-25,Flu ED visits pct,quantile,0.95,1.193740262457582
nyc,2026-04-11,2,2026-04-25,ILI ED visits pct,quantile,0.95,3.989724265822039
ogden,2026-04-11,2,2026-04-25,Flu ED visits pct,quantile,0.95,0.5198875345948863
oregon,2026-04-11,2,2026-04-25,Flu ED visits pct,quantile,0.95,0.7606005625979153
pittsfield,2026-04-11,2,2026-04-25,Flu ED visits pct,quantile,0.95,1.4040205037157303
portland,2026-04-11,2,2026-04-25,Flu ED visits pct,quantile,0.95,1.6706363279859335
portland-or,2026-04-11,2,2026-04-25,Flu ED visits pct,quantile,0.95,0.9429893847239454
provo,2026-04-11,2,2026-04-25,Flu ED visits pct,quantile,0.95,0.44492203848792067
roanoke,2026-04-11,2,2026-04-25,Flu ED visits pct,quantile,0.95,1.5076003393894477
rochester,2026-04-11,2,2026-04-25,Flu ED visits pct,quantile,0.95,1.1227711960228395
rock-hill,2026-04-11,2,2026-04-25,Flu ED visits pct,quantile,0.95,0.901612954555447
rtp-area,2026-04-11,2,2026-04-25,Flu ED visits pct,quantile,0.95,0.5532079157751211
salem,2026-04-11,2,2026-04-25,Flu ED visits pct,quantile,0.95,0.8056508755775351
salt-lake-city,2026-04-11,2,2026-04-25,Flu ED visits pct,quantile,0.95,0.5873808199120446
san-antonio,2026-04-11,2,2026-04-25,Flu ED visits pct,quantile,0.95,0.6882319949525422
savannah,2026-04-11,2,2026-04-25,Flu ED visits pct,quantile,0.95,0.44949961881445427
senc,2026-04-11,2,2026-04-25,Flu ED visits pct,quantile,0.95,1.0416506902237286
south-augusta,2026-04-11,2,2026-04-25,Flu ED visits pct,quantile,0.95,1.1323091116325856
south-carolina,2026-04-11,2,2026-04-25,Flu ED visits pct,quantile,0.95,0.895392013625843
springfield,2026-04-11,2,2026-04-25,Flu ED visits pct,quantile,0.95,3.721424340192628
st-cloud,2026-04-11,2,2026-04-25,Flu ED visits pct,quantile,0.95,1.8192139317609441
st-paul,2026-04-11,2,2026-04-25,Flu ED visits pct,quantile,0.95,1.9550143723869549
texas,2026-04-11,2,2026-04-25,Flu ED visits pct,quantile,0.95,0.8247797436415488
triad-area,2026-04-11,2,2026-04-25,Flu ED visits pct,quantile,0.95,0.8625254615631406
utah,2026-04-11,2,2026-04-25,Flu ED visits pct,quantile,0.95,0.574039267217674
virginia,2026-04-11,2,2026-04-25,Flu ED visits pct,quantile,0.95,1.41229065821194
weld,2026-04-11,2,2026-04-25,Flu ED visits pct,quantile,0.95,1.9174317138055335
wnc,2026-04-11,2,2026-04-25,Flu ED visits pct,quantile,0.95,0.6806345808244261
worcester,2026-04-11,2,2026-04-25,Flu ED visits pct,quantile,0.95,2.524537467285453
athens,2026-04-11,3,2026-05-02,Flu ED visits pct,quantile,0.95,1.122267188848013
austin,2026-04-11,3,2026-05-02,Flu ED visits pct,quantile,0.95,0.6738910510470931
baltimore,2026-04-11,3,2026-05-02,Flu ED visits pct,quantile,0.95,1.637749634356477
bangor,2026-04-11,3,2026-05-02,Flu ED visits pct,quantile,0.95,1.8685481876911052
beaumont,2026-04-11,3,2026-05-02,Flu ED visits pct,quantile,0.95,0.6746204587976176
boston,2026-04-11,3,2026-05-02,Flu ED visits pct,quantile,0.95,1.7578667217220212
boulder,2026-04-11,3,2026-05-02,Flu ED visits pct,quantile,0.95,1.2255286633673432
charleston,2026-04-11,3,2026-05-02,Flu ED visits pct,quantile,0.95,0.8747756895122587
cherokee,2026-04-11,3,2026-05-02,Flu ED visits pct,quantile,0.95,1.736850858961658
clt-area,2026-04-11,3,2026-05-02,Flu ED visits pct,quantile,0.95,1.9032371847204097
colorado,2026-04-11,3,2026-05-02,Flu ED visits pct,quantile,0.95,1.4536011057837834
colorado-springs,2026-04-11,3,2026-05-02,Flu ED visits pct,quantile,0.95,1.6272906309888429
columbia,2026-04-11,3,2026-05-02,Flu ED visits pct,quantile,0.95,0.9127779606812262
columbus,2026-04-11,3,2026-05-02,Flu ED visits pct,quantile,0.95,0.9812823582921272
dallas,2026-04-11,3,2026-05-02,Flu ED visits pct,quantile,0.95,0.5331756067580113
denver,2026-04-11,3,2026-05-02,Flu ED visits pct,quantile,0.95,1.642359169286511
deschutes,2026-04-11,3,2026-05-02,Flu ED visits pct,quantile,0.95,1.531069597799127
duluth,2026-04-11,3,2026-05-02,Flu ED visits pct,quantile,0.95,2.357021400925315
el-paso,2026-04-11,3,2026-05-02,Flu ED visits pct,quantile,0.95,2.476126533701017
eugene,2026-04-11,3,2026-05-02,Flu ED visits pct,quantile,0.95,0.4782914875540918
fay-area,2026-04-11,3,2026-05-02,Flu ED visits pct,quantile,0.95,1.8503033030908704
florence,2026-04-11,3,2026-05-02,Flu ED visits pct,quantile,0.95,1.0180679228588194
floyd,2026-04-11,3,2026-05-02,Flu ED visits pct,quantile,0.95,0.9794712186041641
frederick,2026-04-11,3,2026-05-02,Flu ED visits pct,quantile,0.95,2.1553649549905303
georgia,2026-04-11,3,2026-05-02,Flu ED visits pct,quantile,0.95,0.7595055168811478
greenville,2026-04-11,3,2026-05-02,Flu ED visits pct,quantile,0.95,0.8501991079297477
hall,2026-04-11,3,2026-05-02,Flu ED visits pct,quantile,0.95,1.1419748691040654
harford,2026-04-11,3,2026-05-02,Flu ED visits pct,quantile,0.95,0.8187967016015314
henry,2026-04-11,3,2026-05-02,Flu ED visits pct,quantile,0.95,0.9849202932495305
horry,2026-04-11,3,2026-05-02,Flu ED visits pct,quantile,0.95,1.000870573902037
houston,2026-04-11,3,2026-05-02,Flu ED visits pct,quantile,0.95,0.7357476892126076
indiana,2026-04-11,3,2026-05-02,Flu ED visits pct,quantile,0.95,1.056440669778935
indianapolis,2026-04-11,3,2026-05-02,Flu ED visits pct,quantile,0.95,0.8603050358844369
la-grange,2026-04-11,3,2026-05-02,Flu ED visits pct,quantile,0.95,0.6800846532832726
larimer,2026-04-11,3,2026-05-02,Flu ED visits pct,quantile,0.95,1.244955947413993
lynn,2026-04-11,3,2026-05-02,Flu ED visits pct,quantile,0.95,1.4966072144158347
macon,2026-04-11,3,2026-05-02,Flu ED visits pct,quantile,0.95,0.5510809412603382
maine,2026-04-11,3,2026-05-02,Flu ED visits pct,quantile,0.95,1.693997784860703
marietta,2026-04-11,3,2026-05-02,Flu ED visits pct,quantile,0.95,0.7311983717022489
maryland,2026-04-11,3,2026-05-02,Flu ED visits pct,quantile,0.95,1.4693743691814531
massachusetts,2026-04-11,3,2026-05-02,Flu ED visits pct,quantile,0.95,2.1210912299321585
medford,2026-04-11,3,2026-05-02,Flu ED visits pct,quantile,0.95,0.23802551883374506
mesa,2026-04-11,3,2026-05-02,Flu ED visits pct,quantile,0.95,0.7855462189284428
minneapolis,2026-04-11,3,2026-05-02,Flu ED visits pct,quantile,0.95,1.67028143117427
minnesota,2026-04-11,3,2026-05-02,Flu ED visits pct,quantile,0.95,1.7353165169381675
montgomery,2026-04-11,3,2026-05-02,Flu ED visits pct,quantile,0.95,1.365765617953396
nenc,2026-04-11,3,2026-05-02,Flu ED visits pct,quantile,0.95,0.6725394535278914
new-bedford,2026-04-11,3,2026-05-02,Flu ED visits pct,quantile,0.95,4.011427875000999
north-carolina,2026-04-11,3,2026-05-02,Flu ED visits pct,quantile,0.95,1.1858856124935435
nyc,2026-04-11,3,2026-05-02,ILI ED visits pct,quantile,0.95,4.087676055597068
ogden,2026-04-11,3,2026-05-02,Flu ED visits pct,quantile,0.95,0.5104502919795011
oregon,2026-04-11,3,2026-05-02,Flu ED visits pct,quantile,0.95,0.7611806709114773
pittsfield,2026-04-11,3,2026-05-02,Flu ED visits pct,quantile,0.95,1.4482813483475339
portland,2026-04-11,3,2026-05-02,Flu ED visits pct,quantile,0.95,1.728908071020753
portland-or,2026-04-11,3,2026-05-02,Flu ED visits pct,quantile,0.95,0.9423545109182957
provo,2026-04-11,3,2026-05-02,Flu ED visits pct,quantile,0.95,0.44642716921483416
roanoke,2026-04-11,3,2026-05-02,Flu ED visits pct,quantile,0.95,1.512430691874356
rochester,2026-04-11,3,2026-05-02,Flu ED visits pct,quantile,0.95,1.1144348159010806
rock-hill,2026-04-11,3,2026-05-02,Flu ED visits pct,quantile,0.95,0.8958226095667775
rtp-area,2026-04-11,3,2026-05-02,Flu ED visits pct,quantile,0.95,0.5511987614230093
salem,2026-04-11,3,2026-05-02,Flu ED visits pct,quantile,0.95,0.8056316495715129
salt-lake-city,2026-04-11,3,2026-05-02,Flu ED visits pct,quantile,0.95,0.588077358532111
san-antonio,2026-04-11,3,2026-05-02,Flu ED visits pct,quantile,0.95,0.6950290874305665
savannah,2026-04-11,3,2026-05-02,Flu ED visits pct,quantile,0.95,0.4457835453381527
senc,2026-04-11,3,2026-05-02,Flu ED visits pct,quantile,0.95,1.041218631386052
south-augusta,2026-04-11,3,2026-05-02,Flu ED visits pct,quantile,0.95,1.1294596822299172
south-carolina,2026-04-11,3,2026-05-02,Flu ED visits pct,quantile,0.95,0.9028343907452164
springfield,2026-04-11,3,2026-05-02,Flu ED visits pct,quantile,0.95,3.8070836523842146
st-cloud,2026-04-11,3,2026-05-02,Flu ED visits pct,quantile,0.95,1.8096607806152634
st-paul,2026-04-11,3,2026-05-02,Flu ED visits pct,quantile,0.95,1.9698569790712566
texas,2026-04-11,3,2026-05-02,Flu ED visits pct,quantile,0.95,0.8292715153359077
triad-area,2026-04-11,3,2026-05-02,Flu ED visits pct,quantile,0.95,0.8706880566095457
utah,2026-04-11,3,2026-05-02,Flu ED visits pct,quantile,0.95,0.5809558498899411
virginia,2026-04-11,3,2026-05-02,Flu ED visits pct,quantile,0.95,1.4294620620990495
weld,2026-04-11,3,2026-05-02,Flu ED visits pct,quantile,0.95,1.924357085382656
wnc,2026-04-11,3,2026-05-02,Flu ED visits pct,quantile,0.95,0.6758300666563298
worcester,2026-04-11,3,2026-05-02,Flu ED visits pct,quantile,0.95,2.538434668525386
athens,2026-04-11,0,2026-04-11,Flu ED visits pct,quantile,0.975,1.314833228161756
austin,2026-04-11,0,2026-04-11,Flu ED visits pct,quantile,0.975,0.8027168825414641
baltimore,2026-04-11,0,2026-04-11,Flu ED visits pct,quantile,0.975,1.614790135405137
bangor,2026-04-11,0,2026-04-11,Flu ED visits pct,quantile,0.975,2.1153820203800517
beaumont,2026-04-11,0,2026-04-11,Flu ED visits pct,quantile,0.975,0.8491210067739766
boston,2026-04-11,0,2026-04-11,Flu ED visits pct,quantile,0.975,1.9205988561619014
boulder,2026-04-11,0,2026-04-11,Flu ED visits pct,quantile,0.975,1.5039548043213042
charleston,2026-04-11,0,2026-04-11,Flu ED visits pct,quantile,0.975,1.0280530720447705
cherokee,2026-04-11,0,2026-04-11,Flu ED visits pct,quantile,0.975,1.9884399062238236
clt-area,2026-04-11,0,2026-04-11,Flu ED visits pct,quantile,0.975,2.245931011094587
colorado,2026-04-11,0,2026-04-11,Flu ED visits pct,quantile,0.975,1.681615650547791
colorado-springs,2026-04-11,0,2026-04-11,Flu ED visits pct,quantile,0.975,1.9012160994760219
columbia,2026-04-11,0,2026-04-11,Flu ED visits pct,quantile,0.975,1.1146379733735199
columbus,2026-04-11,0,2026-04-11,Flu ED visits pct,quantile,0.975,1.1278519456126794
dallas,2026-04-11,0,2026-04-11,Flu ED visits pct,quantile,0.975,0.6627209451773057
denver,2026-04-11,0,2026-04-11,Flu ED visits pct,quantile,0.975,1.8868890210199045
deschutes,2026-04-11,0,2026-04-11,Flu ED visits pct,quantile,0.975,1.805744852156065
duluth,2026-04-11,0,2026-04-11,Flu ED visits pct,quantile,0.975,2.749852020026411
el-paso,2026-04-11,0,2026-04-11,Flu ED visits pct,quantile,0.975,2.6615791657895778
eugene,2026-04-11,0,2026-04-11,Flu ED visits pct,quantile,0.975,0.5747798322316406
fay-area,2026-04-11,0,2026-04-11,Flu ED visits pct,quantile,0.975,2.215942602169915
florence,2026-04-11,0,2026-04-11,Flu ED visits pct,quantile,0.975,1.3641043577764755
floyd,2026-04-11,0,2026-04-11,Flu ED visits pct,quantile,0.975,1.2267206385628329
frederick,2026-04-11,0,2026-04-11,Flu ED visits pct,quantile,0.975,2.0407569966448085
georgia,2026-04-11,0,2026-04-11,Flu ED visits pct,quantile,0.975,0.8655958666252084
greenville,2026-04-11,0,2026-04-11,Flu ED visits pct,quantile,0.975,1.0207665513531963
hall,2026-04-11,0,2026-04-11,Flu ED visits pct,quantile,0.975,1.2911066238760218
harford,2026-04-11,0,2026-04-11,Flu ED visits pct,quantile,0.975,0.979246706953082
henry,2026-04-11,0,2026-04-11,Flu ED visits pct,quantile,0.975,1.1299387744837663
horry,2026-04-11,0,2026-04-11,Flu ED visits pct,quantile,0.975,1.1770279616682828
houston,2026-04-11,0,2026-04-11,Flu ED visits pct,quantile,0.975,0.8701575375047864
indiana,2026-04-11,0,2026-04-11,Flu ED visits pct,quantile,0.975,1.2851559773195154
indianapolis,2026-04-11,0,2026-04-11,Flu ED visits pct,quantile,0.975,1.0437206356064257
la-grange,2026-04-11,0,2026-04-11,Flu ED visits pct,quantile,0.975,0.8197929774182305
larimer,2026-04-11,0,2026-04-11,Flu ED visits pct,quantile,0.975,1.3984828119340362
lynn,2026-04-11,0,2026-04-11,Flu ED visits pct,quantile,0.975,1.5863360723660715
macon,2026-04-11,0,2026-04-11,Flu ED visits pct,quantile,0.975,0.6529866798890418
maine,2026-04-11,0,2026-04-11,Flu ED visits pct,quantile,0.975,1.8220714120189574
marietta,2026-04-11,0,2026-04-11,Flu ED visits pct,quantile,0.975,0.8900905415265589
maryland,2026-04-11,0,2026-04-11,Flu ED visits pct,quantile,0.975,1.5903709213917692
massachusetts,2026-04-11,0,2026-04-11,Flu ED visits pct,quantile,0.975,2.2989401087290466
medford,2026-04-11,0,2026-04-11,Flu ED visits pct,quantile,0.975,0.3250517626805953
mesa,2026-04-11,0,2026-04-11,Flu ED visits pct,quantile,0.975,0.9712745603094173
minneapolis,2026-04-11,0,2026-04-11,Flu ED visits pct,quantile,0.975,1.8179254567595875
minnesota,2026-04-11,0,2026-04-11,Flu ED visits pct,quantile,0.975,1.9571495151827674
montgomery,2026-04-11,0,2026-04-11,Flu ED visits pct,quantile,0.975,1.4538605203353063
nenc,2026-04-11,0,2026-04-11,Flu ED visits pct,quantile,0.975,0.8409939067234155
new-bedford,2026-04-11,0,2026-04-11,Flu ED visits pct,quantile,0.975,4.1429731174252575
north-carolina,2026-04-11,0,2026-04-11,Flu ED visits pct,quantile,0.975,1.412242118505803
nyc,2026-04-11,0,2026-04-11,ILI ED visits pct,quantile,0.975,4.283510177360639
ogden,2026-04-11,0,2026-04-11,Flu ED visits pct,quantile,0.975,0.6334705238749189
oregon,2026-04-11,0,2026-04-11,Flu ED visits pct,quantile,0.975,0.8925985349540634
pittsfield,2026-04-11,0,2026-04-11,Flu ED visits pct,quantile,0.975,1.5182621371453404
portland,2026-04-11,0,2026-04-11,Flu ED visits pct,quantile,0.975,1.8782084283102574
portland-or,2026-04-11,0,2026-04-11,Flu ED visits pct,quantile,0.975,1.079909520467578
provo,2026-04-11,0,2026-04-11,Flu ED visits pct,quantile,0.975,0.5570998277558223
roanoke,2026-04-11,0,2026-04-11,Flu ED visits pct,quantile,0.975,1.8034539143354154
rochester,2026-04-11,0,2026-04-11,Flu ED visits pct,quantile,0.975,1.3749066228294926
rock-hill,2026-04-11,0,2026-04-11,Flu ED visits pct,quantile,0.975,1.1384302894246134
rtp-area,2026-04-11,0,2026-04-11,Flu ED visits pct,quantile,0.975,0.664859424034029
salem,2026-04-11,0,2026-04-11,Flu ED visits pct,quantile,0.975,0.996739317975726
salt-lake-city,2026-04-11,0,2026-04-11,Flu ED visits pct,quantile,0.975,0.7083680232879421
san-antonio,2026-04-11,0,2026-04-11,Flu ED visits pct,quantile,0.975,0.8453816100613807
savannah,2026-04-11,0,2026-04-11,Flu ED visits pct,quantile,0.975,0.5098495040732547
senc,2026-04-11,0,2026-04-11,Flu ED visits pct,quantile,0.975,1.2220067726324504
south-augusta,2026-04-11,0,2026-04-11,Flu ED visits pct,quantile,0.975,1.3167027305292536
south-carolina,2026-04-11,0,2026-04-11,Flu ED visits pct,quantile,0.975,1.0274298416349839
springfield,2026-04-11,0,2026-04-11,Flu ED visits pct,quantile,0.975,3.822140942443886
st-cloud,2026-04-11,0,2026-04-11,Flu ED visits pct,quantile,0.975,2.0589911569230366
st-paul,2026-04-11,0,2026-04-11,Flu ED visits pct,quantile,0.975,2.1748213909796146
texas,2026-04-11,0,2026-04-11,Flu ED visits pct,quantile,0.975,0.969666631432014
triad-area,2026-04-11,0,2026-04-11,Flu ED visits pct,quantile,0.975,1.0153230432825215
utah,2026-04-11,0,2026-04-11,Flu ED visits pct,quantile,0.975,0.6981465395823725
virginia,2026-04-11,0,2026-04-11,Flu ED visits pct,quantile,0.975,1.632478662312892
weld,2026-04-11,0,2026-04-11,Flu ED visits pct,quantile,0.975,2.230413126001585
wnc,2026-04-11,0,2026-04-11,Flu ED visits pct,quantile,0.975,0.8332376463795638
worcester,2026-04-11,0,2026-04-11,Flu ED visits pct,quantile,0.975,2.7034653666666224
athens,2026-04-11,1,2026-04-18,Flu ED visits pct,quantile,0.975,1.3686170334296015
austin,2026-04-11,1,2026-04-18,Flu ED visits pct,quantile,0.975,0.8104252089720971
baltimore,2026-04-11,1,2026-04-18,Flu ED visits pct,quantile,0.975,1.8023461060307744
bangor,2026-04-11,1,2026-04-18,Flu ED visits pct,quantile,0.975,2.146671370465798
beaumont,2026-04-11,1,2026-04-18,Flu ED visits pct,quantile,0.975,0.8633120020743983
boston,2026-04-11,1,2026-04-18,Flu ED visits pct,quantile,0.975,2.06711394036585
boulder,2026-04-11,1,2026-04-18,Flu ED visits pct,quantile,0.975,1.51514539231489
charleston,2026-04-11,1,2026-04-18,Flu ED visits pct,quantile,0.975,1.040206440891322
cherokee,2026-04-11,1,2026-04-18,Flu ED visits pct,quantile,0.975,2.0267631003546667
clt-area,2026-04-11,1,2026-04-18,Flu ED visits pct,quantile,0.975,2.214207589691845
colorado,2026-04-11,1,2026-04-18,Flu ED visits pct,quantile,0.975,1.7020979842428288
colorado-springs,2026-04-11,1,2026-04-18,Flu ED visits pct,quantile,0.975,1.9306858105068974
columbia,2026-04-11,1,2026-04-18,Flu ED visits pct,quantile,0.975,1.1282141955224756
columbus,2026-04-11,1,2026-04-18,Flu ED visits pct,quantile,0.975,1.139039913841159
dallas,2026-04-11,1,2026-04-18,Flu ED visits pct,quantile,0.975,0.6706346655460492
denver,2026-04-11,1,2026-04-18,Flu ED visits pct,quantile,0.975,1.9170459218079903
deschutes,2026-04-11,1,2026-04-18,Flu ED visits pct,quantile,0.975,1.8203833108793244
duluth,2026-04-11,1,2026-04-18,Flu ED visits pct,quantile,0.975,2.8059631146866852
el-paso,2026-04-11,1,2026-04-18,Flu ED visits pct,quantile,0.975,2.776403744490758
eugene,2026-04-11,1,2026-04-18,Flu ED visits pct,quantile,0.975,0.5878816152322927
fay-area,2026-04-11,1,2026-04-18,Flu ED visits pct,quantile,0.975,2.1969793938497957
florence,2026-04-11,1,2026-04-18,Flu ED visits pct,quantile,0.975,1.3981612817492994
floyd,2026-04-11,1,2026-04-18,Flu ED visits pct,quantile,0.975,1.2578231910047677
frederick,2026-04-11,1,2026-04-18,Flu ED visits pct,quantile,0.975,2.3190849869333627
georgia,2026-04-11,1,2026-04-18,Flu ED visits pct,quantile,0.975,0.8659002911643363
greenville,2026-04-11,1,2026-04-18,Flu ED visits pct,quantile,0.975,1.0267584349326768
hall,2026-04-11,1,2026-04-18,Flu ED visits pct,quantile,0.975,1.3280852320842211
harford,2026-04-11,1,2026-04-18,Flu ED visits pct,quantile,0.975,1.0133708351219004
henry,2026-04-11,1,2026-04-18,Flu ED visits pct,quantile,0.975,1.1498530318240727
horry,2026-04-11,1,2026-04-18,Flu ED visits pct,quantile,0.975,1.2221202111931049
houston,2026-04-11,1,2026-04-18,Flu ED visits pct,quantile,0.975,0.8970096934567249
indiana,2026-04-11,1,2026-04-18,Flu ED visits pct,quantile,0.975,1.3008024803237046
indianapolis,2026-04-11,1,2026-04-18,Flu ED visits pct,quantile,0.975,1.037722793048688
la-grange,2026-04-11,1,2026-04-18,Flu ED visits pct,quantile,0.975,0.8343040125440825
larimer,2026-04-11,1,2026-04-18,Flu ED visits pct,quantile,0.975,1.4171053856493934
lynn,2026-04-11,1,2026-04-18,Flu ED visits pct,quantile,0.975,1.6152317154511604
macon,2026-04-11,1,2026-04-18,Flu ED visits pct,quantile,0.975,0.6581788510018989
maine,2026-04-11,1,2026-04-18,Flu ED visits pct,quantile,0.975,1.8480099000785406
marietta,2026-04-11,1,2026-04-18,Flu ED visits pct,quantile,0.975,0.8941431566527311
maryland,2026-04-11,1,2026-04-18,Flu ED visits pct,quantile,0.975,1.7229126593907182
massachusetts,2026-04-11,1,2026-04-18,Flu ED visits pct,quantile,0.975,2.5586155284634002
medford,2026-04-11,1,2026-04-18,Flu ED visits pct,quantile,0.975,0.330110069187852
mesa,2026-04-11,1,2026-04-18,Flu ED visits pct,quantile,0.975,0.9763895660536833
minneapolis,2026-04-11,1,2026-04-18,Flu ED visits pct,quantile,0.975,1.8632970479844249
minnesota,2026-04-11,1,2026-04-18,Flu ED visits pct,quantile,0.975,1.9630823168287024
montgomery,2026-04-11,1,2026-04-18,Flu ED visits pct,quantile,0.975,1.5505392732477015
nenc,2026-04-11,1,2026-04-18,Flu ED visits pct,quantile,0.975,0.8537572780469023
new-bedford,2026-04-11,1,2026-04-18,Flu ED visits pct,quantile,0.975,4.70189024891732
north-carolina,2026-04-11,1,2026-04-18,Flu ED visits pct,quantile,0.975,1.4231812616813715
nyc,2026-04-11,1,2026-04-18,ILI ED visits pct,quantile,0.975,4.740363863540192
ogden,2026-04-11,1,2026-04-18,Flu ED visits pct,quantile,0.975,0.6468072233589937
oregon,2026-04-11,1,2026-04-18,Flu ED visits pct,quantile,0.975,0.8927965143374821
pittsfield,2026-04-11,1,2026-04-18,Flu ED visits pct,quantile,0.975,1.6548844191538536
portland,2026-04-11,1,2026-04-18,Flu ED visits pct,quantile,0.975,1.9860136876039127
portland-or,2026-04-11,1,2026-04-18,Flu ED visits pct,quantile,0.975,1.0798825539971777
provo,2026-04-11,1,2026-04-18,Flu ED visits pct,quantile,0.975,0.5674723085118676
roanoke,2026-04-11,1,2026-04-18,Flu ED visits pct,quantile,0.975,1.8278928309362785
rochester,2026-04-11,1,2026-04-18,Flu ED visits pct,quantile,0.975,1.3868789404730082
rock-hill,2026-04-11,1,2026-04-18,Flu ED visits pct,quantile,0.975,1.1741558707805937
rtp-area,2026-04-11,1,2026-04-18,Flu ED visits pct,quantile,0.975,0.6650698628760773
salem,2026-04-11,1,2026-04-18,Flu ED visits pct,quantile,0.975,1.0096667680459754
salt-lake-city,2026-04-11,1,2026-04-18,Flu ED visits pct,quantile,0.975,0.7166182986034242
san-antonio,2026-04-11,1,2026-04-18,Flu ED visits pct,quantile,0.975,0.8620598774207456
savannah,2026-04-11,1,2026-04-18,Flu ED visits pct,quantile,0.975,0.5156110772451495
senc,2026-04-11,1,2026-04-18,Flu ED visits pct,quantile,0.975,1.2281484741071542
south-augusta,2026-04-11,1,2026-04-18,Flu ED visits pct,quantile,0.975,1.321182226698474
south-carolina,2026-04-11,1,2026-04-18,Flu ED visits pct,quantile,0.975,1.0536839182652464
springfield,2026-04-11,1,2026-04-18,Flu ED visits pct,quantile,0.975,4.363883803571243
st-cloud,2026-04-11,1,2026-04-18,Flu ED visits pct,quantile,0.975,2.0949521559801902
st-paul,2026-04-11,1,2026-04-18,Flu ED visits pct,quantile,0.975,2.23317822355132
texas,2026-04-11,1,2026-04-18,Flu ED visits pct,quantile,0.975,0.9831713407596956
triad-area,2026-04-11,1,2026-04-18,Flu ED visits pct,quantile,0.975,1.0185919621245376
utah,2026-04-11,1,2026-04-18,Flu ED visits pct,quantile,0.975,0.7105203328751042
virginia,2026-04-11,1,2026-04-18,Flu ED visits pct,quantile,0.975,1.646586100600363
weld,2026-04-11,1,2026-04-18,Flu ED visits pct,quantile,0.975,2.3623662224828887
wnc,2026-04-11,1,2026-04-18,Flu ED visits pct,quantile,0.975,0.825986221446606
worcester,2026-04-11,1,2026-04-18,Flu ED visits pct,quantile,0.975,3.00376388853978
athens,2026-04-11,2,2026-04-25,Flu ED visits pct,quantile,0.975,1.3641781020447779
austin,2026-04-11,2,2026-04-25,Flu ED visits pct,quantile,0.975,0.8185629207382892
baltimore,2026-04-11,2,2026-04-25,Flu ED visits pct,quantile,0.975,1.9255439259231475
bangor,2026-04-11,2,2026-04-25,Flu ED visits pct,quantile,0.975,2.1735554662249488
beaumont,2026-04-11,2,2026-04-25,Flu ED visits pct,quantile,0.975,0.8593974751159795
boston,2026-04-11,2,2026-04-25,Flu ED visits pct,quantile,0.975,2.1388083402218907
boulder,2026-04-11,2,2026-04-25,Flu ED visits pct,quantile,0.975,1.5111809110021999
charleston,2026-04-11,2,2026-04-25,Flu ED visits pct,quantile,0.975,1.0532745076031447
cherokee,2026-04-11,2,2026-04-25,Flu ED visits pct,quantile,0.975,2.0593736658057935
clt-area,2026-04-11,2,2026-04-25,Flu ED visits pct,quantile,0.975,2.1983255947301834
colorado,2026-04-11,2,2026-04-25,Flu ED visits pct,quantile,0.975,1.7430589571385962
colorado-springs,2026-04-11,2,2026-04-25,Flu ED visits pct,quantile,0.975,1.9423490681988216
columbia,2026-04-11,2,2026-04-25,Flu ED visits pct,quantile,0.975,1.1280024586889417
columbus,2026-04-11,2,2026-04-25,Flu ED visits pct,quantile,0.975,1.1521378149667332
dallas,2026-04-11,2,2026-04-25,Flu ED visits pct,quantile,0.975,0.6681996417169114
denver,2026-04-11,2,2026-04-25,Flu ED visits pct,quantile,0.975,1.942361705769002
deschutes,2026-04-11,2,2026-04-25,Flu ED visits pct,quantile,0.975,1.8514331129994335
duluth,2026-04-11,2,2026-04-25,Flu ED visits pct,quantile,0.975,2.852204433933099
el-paso,2026-04-11,2,2026-04-25,Flu ED visits pct,quantile,0.975,2.848859957259933
eugene,2026-04-11,2,2026-04-25,Flu ED visits pct,quantile,0.975,0.5917082098074042
fay-area,2026-04-11,2,2026-04-25,Flu ED visits pct,quantile,0.975,2.19327499232169
florence,2026-04-11,2,2026-04-25,Flu ED visits pct,quantile,0.975,1.4210925264576555
floyd,2026-04-11,2,2026-04-25,Flu ED visits pct,quantile,0.975,1.273293785176049
frederick,2026-04-11,2,2026-04-25,Flu ED visits pct,quantile,0.975,2.5360551292625684
georgia,2026-04-11,2,2026-04-25,Flu ED visits pct,quantile,0.975,0.8823870387764571
greenville,2026-04-11,2,2026-04-25,Flu ED visits pct,quantile,0.975,1.0536600779973666
hall,2026-04-11,2,2026-04-25,Flu ED visits pct,quantile,0.975,1.3570146272688968
harford,2026-04-11,2,2026-04-25,Flu ED visits pct,quantile,0.975,1.0225133006118285
henry,2026-04-11,2,2026-04-25,Flu ED visits pct,quantile,0.975,1.1616282801376896
horry,2026-04-11,2,2026-04-25,Flu ED visits pct,quantile,0.975,1.2163941403514025
houston,2026-04-11,2,2026-04-25,Flu ED visits pct,quantile,0.975,0.9034006457126895
indiana,2026-04-11,2,2026-04-25,Flu ED visits pct,quantile,0.975,1.3135641946166965
indianapolis,2026-04-11,2,2026-04-25,Flu ED visits pct,quantile,0.975,1.0608387917853053
la-grange,2026-04-11,2,2026-04-25,Flu ED visits pct,quantile,0.975,0.8359802313742024
larimer,2026-04-11,2,2026-04-25,Flu ED visits pct,quantile,0.975,1.4359433377705206
lynn,2026-04-11,2,2026-04-25,Flu ED visits pct,quantile,0.975,1.6376261302537671
macon,2026-04-11,2,2026-04-25,Flu ED visits pct,quantile,0.975,0.6549793343890382
maine,2026-04-11,2,2026-04-25,Flu ED visits pct,quantile,0.975,1.8804582717811542
marietta,2026-04-11,2,2026-04-25,Flu ED visits pct,quantile,0.975,0.9017823667239939
maryland,2026-04-11,2,2026-04-25,Flu ED visits pct,quantile,0.975,1.7881357030699996
massachusetts,2026-04-11,2,2026-04-25,Flu ED visits pct,quantile,0.975,2.688062663717966
medford,2026-04-11,2,2026-04-25,Flu ED visits pct,quantile,0.975,0.3491863370515542
mesa,2026-04-11,2,2026-04-25,Flu ED visits pct,quantile,0.975,1.007008938790847
minneapolis,2026-04-11,2,2026-04-25,Flu ED visits pct,quantile,0.975,1.908428456531027
minnesota,2026-04-11,2,2026-04-25,Flu ED visits pct,quantile,0.975,1.995910753396388
montgomery,2026-04-11,2,2026-04-25,Flu ED visits pct,quantile,0.975,1.5725592752906168
nenc,2026-04-11,2,2026-04-25,Flu ED visits pct,quantile,0.975,0.8584729278103556
new-bedford,2026-04-11,2,2026-04-25,Flu ED visits pct,quantile,0.975,5.055785556505731
north-carolina,2026-04-11,2,2026-04-25,Flu ED visits pct,quantile,0.975,1.424805762316922
nyc,2026-04-11,2,2026-04-25,ILI ED visits pct,quantile,0.975,4.927847495470798
ogden,2026-04-11,2,2026-04-25,Flu ED visits pct,quantile,0.975,0.649748168154797
oregon,2026-04-11,2,2026-04-25,Flu ED visits pct,quantile,0.975,0.9105540282941337
pittsfield,2026-04-11,2,2026-04-25,Flu ED visits pct,quantile,0.975,1.8001368277967313
portland,2026-04-11,2,2026-04-25,Flu ED visits pct,quantile,0.975,2.058847199574157
portland-or,2026-04-11,2,2026-04-25,Flu ED visits pct,quantile,0.975,1.0918628933558019
provo,2026-04-11,2,2026-04-25,Flu ED visits pct,quantile,0.975,0.5778625957633875
roanoke,2026-04-11,2,2026-04-25,Flu ED visits pct,quantile,0.975,1.834668852585601
rochester,2026-04-11,2,2026-04-25,Flu ED visits pct,quantile,0.975,1.3868559682386532
rock-hill,2026-04-11,2,2026-04-25,Flu ED visits pct,quantile,0.975,1.1866712794161276
rtp-area,2026-04-11,2,2026-04-25,Flu ED visits pct,quantile,0.975,0.6640999220950552
salem,2026-04-11,2,2026-04-25,Flu ED visits pct,quantile,0.975,1.012970793005247
salt-lake-city,2026-04-11,2,2026-04-25,Flu ED visits pct,quantile,0.975,0.725391683084637
san-antonio,2026-04-11,2,2026-04-25,Flu ED visits pct,quantile,0.975,0.8682675847125273
savannah,2026-04-11,2,2026-04-25,Flu ED visits pct,quantile,0.975,0.5189471174810426
senc,2026-04-11,2,2026-04-25,Flu ED visits pct,quantile,0.975,1.223642905926206
south-augusta,2026-04-11,2,2026-04-25,Flu ED visits pct,quantile,0.975,1.3267991354046964
south-carolina,2026-04-11,2,2026-04-25,Flu ED visits pct,quantile,0.975,1.084106391031963
springfield,2026-04-11,2,2026-04-25,Flu ED visits pct,quantile,0.975,4.675520905166265
st-cloud,2026-04-11,2,2026-04-25,Flu ED visits pct,quantile,0.975,2.1023315895142334
st-paul,2026-04-11,2,2026-04-25,Flu ED visits pct,quantile,0.975,2.259622384448316
texas,2026-04-11,2,2026-04-25,Flu ED visits pct,quantile,0.975,0.9702892660788753
triad-area,2026-04-11,2,2026-04-25,Flu ED visits pct,quantile,0.975,1.025297656512248
utah,2026-04-11,2,2026-04-25,Flu ED visits pct,quantile,0.975,0.7068123639496005
virginia,2026-04-11,2,2026-04-25,Flu ED visits pct,quantile,0.975,1.682818874441103
weld,2026-04-11,2,2026-04-25,Flu ED visits pct,quantile,0.975,2.3998505482227643
wnc,2026-04-11,2,2026-04-25,Flu ED visits pct,quantile,0.975,0.8263638149521644
worcester,2026-04-11,2,2026-04-25,Flu ED visits pct,quantile,0.975,3.19376226577457
athens,2026-04-11,3,2026-05-02,Flu ED visits pct,quantile,0.975,1.4516728719824494
austin,2026-04-11,3,2026-05-02,Flu ED visits pct,quantile,0.975,0.8677764567246984
baltimore,2026-04-11,3,2026-05-02,Flu ED visits pct,quantile,0.975,2.0408132991151606
bangor,2026-04-11,3,2026-05-02,Flu ED visits pct,quantile,0.975,2.221606574553453
beaumont,2026-04-11,3,2026-05-02,Flu ED visits pct,quantile,0.975,0.8931742754893769
boston,2026-04-11,3,2026-05-02,Flu ED visits pct,quantile,0.975,2.2125669267032686
boulder,2026-04-11,3,2026-05-02,Flu ED visits pct,quantile,0.975,1.565583566795818
charleston,2026-04-11,3,2026-05-02,Flu ED visits pct,quantile,0.975,1.0790763732438022
cherokee,2026-04-11,3,2026-05-02,Flu ED visits pct,quantile,0.975,2.13019482117684
clt-area,2026-04-11,3,2026-05-02,Flu ED visits pct,quantile,0.975,2.240547496315168
colorado,2026-04-11,3,2026-05-02,Flu ED visits pct,quantile,0.975,1.8128269014076006
colorado-springs,2026-04-11,3,2026-05-02,Flu ED visits pct,quantile,0.975,1.986640653007316
columbia,2026-04-11,3,2026-05-02,Flu ED visits pct,quantile,0.975,1.215177620254181
columbus,2026-04-11,3,2026-05-02,Flu ED visits pct,quantile,0.975,1.1780855101327625
dallas,2026-04-11,3,2026-05-02,Flu ED visits pct,quantile,0.975,0.7094793618864303
denver,2026-04-11,3,2026-05-02,Flu ED visits pct,quantile,0.975,2.0029736967313725
deschutes,2026-04-11,3,2026-05-02,Flu ED visits pct,quantile,0.975,1.8740269548353263
duluth,2026-04-11,3,2026-05-02,Flu ED visits pct,quantile,0.975,2.925667881548773
el-paso,2026-04-11,3,2026-05-02,Flu ED visits pct,quantile,0.975,2.987099633396529
eugene,2026-04-11,3,2026-05-02,Flu ED visits pct,quantile,0.975,0.6179798904193816
fay-area,2026-04-11,3,2026-05-02,Flu ED visits pct,quantile,0.975,2.2232623651828702
florence,2026-04-11,3,2026-05-02,Flu ED visits pct,quantile,0.975,1.5072868703427904
floyd,2026-04-11,3,2026-05-02,Flu ED visits pct,quantile,0.975,1.3091010195243074
frederick,2026-04-11,3,2026-05-02,Flu ED visits pct,quantile,0.975,2.6510914045974046
georgia,2026-04-11,3,2026-05-02,Flu ED visits pct,quantile,0.975,0.9245011318124569
greenville,2026-04-11,3,2026-05-02,Flu ED visits pct,quantile,0.975,1.0992895264367544
hall,2026-04-11,3,2026-05-02,Flu ED visits pct,quantile,0.975,1.439633048836059
harford,2026-04-11,3,2026-05-02,Flu ED visits pct,quantile,0.975,1.091752081621295
henry,2026-04-11,3,2026-05-02,Flu ED visits pct,quantile,0.975,1.2180640883378144
horry,2026-04-11,3,2026-05-02,Flu ED visits pct,quantile,0.975,1.305847221315597
houston,2026-04-11,3,2026-05-02,Flu ED visits pct,quantile,0.975,0.9880417601260663
indiana,2026-04-11,3,2026-05-02,Flu ED visits pct,quantile,0.975,1.3692809649111366
indianapolis,2026-04-11,3,2026-05-02,Flu ED visits pct,quantile,0.975,1.0791458426573126
la-grange,2026-04-11,3,2026-05-02,Flu ED visits pct,quantile,0.975,0.8813894630421217
larimer,2026-04-11,3,2026-05-02,Flu ED visits pct,quantile,0.975,1.5026888197760053
lynn,2026-04-11,3,2026-05-02,Flu ED visits pct,quantile,0.975,1.720621783495915
macon,2026-04-11,3,2026-05-02,Flu ED visits pct,quantile,0.975,0.6724614724665162
maine,2026-04-11,3,2026-05-02,Flu ED visits pct,quantile,0.975,1.96959189276242
marietta,2026-04-11,3,2026-05-02,Flu ED visits pct,quantile,0.975,0.965067660958039
maryland,2026-04-11,3,2026-05-02,Flu ED visits pct,quantile,0.975,1.8787720841269115
massachusetts,2026-04-11,3,2026-05-02,Flu ED visits pct,quantile,0.975,2.847077629011446
medford,2026-04-11,3,2026-05-02,Flu ED visits pct,quantile,0.975,0.3833346453116104
mesa,2026-04-11,3,2026-05-02,Flu ED visits pct,quantile,0.975,1.0594791707021025
minneapolis,2026-04-11,3,2026-05-02,Flu ED visits pct,quantile,0.975,1.9630108766760632
minnesota,2026-04-11,3,2026-05-02,Flu ED visits pct,quantile,0.975,2.0756566903978277
montgomery,2026-04-11,3,2026-05-02,Flu ED visits pct,quantile,0.975,1.6408909555598123
nenc,2026-04-11,3,2026-05-02,Flu ED visits pct,quantile,0.975,0.8915632345257185
new-bedford,2026-04-11,3,2026-05-02,Flu ED visits pct,quantile,0.975,5.312597170191503
north-carolina,2026-04-11,3,2026-05-02,Flu ED visits pct,quantile,0.975,1.4553019937232534
nyc,2026-04-11,3,2026-05-02,ILI ED visits pct,quantile,0.975,5.150564645505608
ogden,2026-04-11,3,2026-05-02,Flu ED visits pct,quantile,0.975,0.6798345965103498
oregon,2026-04-11,3,2026-05-02,Flu ED visits pct,quantile,0.975,0.9496929097881607
pittsfield,2026-04-11,3,2026-05-02,Flu ED visits pct,quantile,0.975,1.8864784929464626
portland,2026-04-11,3,2026-05-02,Flu ED visits pct,quantile,0.975,2.1522195346165844
portland-or,2026-04-11,3,2026-05-02,Flu ED visits pct,quantile,0.975,1.1201788408026232
provo,2026-04-11,3,2026-05-02,Flu ED visits pct,quantile,0.975,0.6275049239069569
roanoke,2026-04-11,3,2026-05-02,Flu ED visits pct,quantile,0.975,1.9155469410853296
rochester,2026-04-11,3,2026-05-02,Flu ED visits pct,quantile,0.975,1.4525763084809917
rock-hill,2026-04-11,3,2026-05-02,Flu ED visits pct,quantile,0.975,1.2513903521558178
rtp-area,2026-04-11,3,2026-05-02,Flu ED visits pct,quantile,0.975,0.6908444557454002
salem,2026-04-11,3,2026-05-02,Flu ED visits pct,quantile,0.975,1.049960454027111
salt-lake-city,2026-04-11,3,2026-05-02,Flu ED visits pct,quantile,0.975,0.7698736569458611
san-antonio,2026-04-11,3,2026-05-02,Flu ED visits pct,quantile,0.975,0.9356374246953079
savannah,2026-04-11,3,2026-05-02,Flu ED visits pct,quantile,0.975,0.5341707347811508
senc,2026-04-11,3,2026-05-02,Flu ED visits pct,quantile,0.975,1.2408843830008476
south-augusta,2026-04-11,3,2026-05-02,Flu ED visits pct,quantile,0.975,1.3516669480197294
south-carolina,2026-04-11,3,2026-05-02,Flu ED visits pct,quantile,0.975,1.1678878470704122
springfield,2026-04-11,3,2026-05-02,Flu ED visits pct,quantile,0.975,4.822027074949107
st-cloud,2026-04-11,3,2026-05-02,Flu ED visits pct,quantile,0.975,2.1712834845796305
st-paul,2026-04-11,3,2026-05-02,Flu ED visits pct,quantile,0.975,2.374596019968124
texas,2026-04-11,3,2026-05-02,Flu ED visits pct,quantile,0.975,1.0534079778926102
triad-area,2026-04-11,3,2026-05-02,Flu ED visits pct,quantile,0.975,1.0611616202917291
utah,2026-04-11,3,2026-05-02,Flu ED visits pct,quantile,0.975,0.7591473787726443
virginia,2026-04-11,3,2026-05-02,Flu ED visits pct,quantile,0.975,1.816551922894844
weld,2026-04-11,3,2026-05-02,Flu ED visits pct,quantile,0.975,2.493959731977744
wnc,2026-04-11,3,2026-05-02,Flu ED visits pct,quantile,0.975,0.8423505836799161
worcester,2026-04-11,3,2026-05-02,Flu ED visits pct,quantile,0.975,3.29835075240168
