location,reference_date,horizon,target_end_date,target,output_type,output_type_id,value
athens,2026-04-04,0,2026-04-04,Flu ED visits pct,quantile,0.025,0.2668676298792166
austin,2026-04-04,0,2026-04-04,Flu ED visits pct,quantile,0.025,0.29276792347406466
baltimore,2026-04-04,0,2026-04-04,Flu ED visits pct,quantile,0.025,0.5678240661101358
bangor,2026-04-04,0,2026-04-04,Flu ED visits pct,quantile,0.025,0.5409221185472053
beaumont,2026-04-04,0,2026-04-04,Flu ED visits pct,quantile,0.025,0.2644490193801241
boston,2026-04-04,0,2026-04-04,Flu ED visits pct,quantile,0.025,0.7476234308136208
boulder,2026-04-04,0,2026-04-04,Flu ED visits pct,quantile,0.025,0.4741713426448218
charleston,2026-04-04,0,2026-04-04,Flu ED visits pct,quantile,0.025,0.27034280278363465
cherokee,2026-04-04,0,2026-04-04,Flu ED visits pct,quantile,0.025,0.5159154368569632
clt-area,2026-04-04,0,2026-04-04,Flu ED visits pct,quantile,0.025,1.0790137320553772
colorado,2026-04-04,0,2026-04-04,Flu ED visits pct,quantile,0.025,0.7681705593749041
colorado-springs,2026-04-04,0,2026-04-04,Flu ED visits pct,quantile,0.025,0.934870861936821
columbia,2026-04-04,0,2026-04-04,Flu ED visits pct,quantile,0.025,0.22992556692586757
columbus,2026-04-04,0,2026-04-04,Flu ED visits pct,quantile,0.025,0.317679045993343
dallas,2026-04-04,0,2026-04-04,Flu ED visits pct,quantile,0.025,0.2932470833529721
denver,2026-04-04,0,2026-04-04,Flu ED visits pct,quantile,0.025,0.8750129283522041
deschutes,2026-04-04,0,2026-04-04,Flu ED visits pct,quantile,0.025,0.30615587124694127
duluth,2026-04-04,0,2026-04-04,Flu ED visits pct,quantile,0.025,0.7901598415712168
el-paso,2026-04-04,0,2026-04-04,Flu ED visits pct,quantile,0.025,0.5997017212068261
eugene,2026-04-04,0,2026-04-04,Flu ED visits pct,quantile,0.025,0.14975675787703316
fay-area,2026-04-04,0,2026-04-04,Flu ED visits pct,quantile,0.025,0.9775390463973547
florence,2026-04-04,0,2026-04-04,Flu ED visits pct,quantile,0.025,0.052402147939731095
floyd,2026-04-04,0,2026-04-04,Flu ED visits pct,quantile,0.025,0.2359245452129028
frederick,2026-04-04,0,2026-04-04,Flu ED visits pct,quantile,0.025,0.6892326099143962
georgia,2026-04-04,0,2026-04-04,Flu ED visits pct,quantile,0.025,0.3920322589673596
greenville,2026-04-04,0,2026-04-04,Flu ED visits pct,quantile,0.025,0.29733125683659234
hall,2026-04-04,0,2026-04-04,Flu ED visits pct,quantile,0.025,0.2640491771022858
harford,2026-04-04,0,2026-04-04,Flu ED visits pct,quantile,0.025,0.1465080993190203
henry,2026-04-04,0,2026-04-04,Flu ED visits pct,quantile,0.025,0.2023458339560291
horry,2026-04-04,0,2026-04-04,Flu ED visits pct,quantile,0.025,0.2699213359410898
houston,2026-04-04,0,2026-04-04,Flu ED visits pct,quantile,0.025,0.3320259709725298
indiana,2026-04-04,0,2026-04-04,Flu ED visits pct,quantile,0.025,0.5387919468224507
indianapolis,2026-04-04,0,2026-04-04,Flu ED visits pct,quantile,0.025,0.4238730625995785
la-grange,2026-04-04,0,2026-04-04,Flu ED visits pct,quantile,0.025,0.1251164669580108
larimer,2026-04-04,0,2026-04-04,Flu ED visits pct,quantile,0.025,0.37665159097540063
lynn,2026-04-04,0,2026-04-04,Flu ED visits pct,quantile,0.025,0.4701959909681311
macon,2026-04-04,0,2026-04-04,Flu ED visits pct,quantile,0.025,0.13946484468322964
maine,2026-04-04,0,2026-04-04,Flu ED visits pct,quantile,0.025,0.5621996918040209
marietta,2026-04-04,0,2026-04-04,Flu ED visits pct,quantile,0.025,0.18439123179653272
maryland,2026-04-04,0,2026-04-04,Flu ED visits pct,quantile,0.025,0.6361888018522281
massachusetts,2026-04-04,0,2026-04-04,Flu ED visits pct,quantile,0.025,0.8512657319425736
medford,2026-04-04,0,2026-04-04,Flu ED visits pct,quantile,0.025,0.014524594919110486
mesa,2026-04-04,0,2026-04-04,Flu ED visits pct,quantile,0.025,0.024296308395142983
minneapolis,2026-04-04,0,2026-04-04,Flu ED visits pct,quantile,0.025,0.935742908543576
minnesota,2026-04-04,0,2026-04-04,Flu ED visits pct,quantile,0.025,0.84884262231772
montgomery,2026-04-04,0,2026-04-04,Flu ED visits pct,quantile,0.025,0.5962230276338593
nenc,2026-04-04,0,2026-04-04,Flu ED visits pct,quantile,0.025,0.3468927203030394
new-bedford,2026-04-04,0,2026-04-04,Flu ED visits pct,quantile,0.025,0.829570718759054
north-carolina,2026-04-04,0,2026-04-04,Flu ED visits pct,quantile,0.025,0.6877572806724327
nyc,2026-04-04,0,2026-04-04,ILI ED visits pct,quantile,0.025,2.241925065031256
ogden,2026-04-04,0,2026-04-04,Flu ED visits pct,quantile,0.025,0.2119070995570852
oregon,2026-04-04,0,2026-04-04,Flu ED visits pct,quantile,0.025,0.47106164298329506
pittsfield,2026-04-04,0,2026-04-04,Flu ED visits pct,quantile,0.025,0.053151972969764254
portland,2026-04-04,0,2026-04-04,Flu ED visits pct,quantile,0.025,0.4243173712977924
portland-or,2026-04-04,0,2026-04-04,Flu ED visits pct,quantile,0.025,0.5341414784323067
provo,2026-04-04,0,2026-04-04,Flu ED visits pct,quantile,0.025,0.10286577162469478
roanoke,2026-04-04,0,2026-04-04,Flu ED visits pct,quantile,0.025,0.6123936515677613
rochester,2026-04-04,0,2026-04-04,Flu ED visits pct,quantile,0.025,0.3086688945577847
rock-hill,2026-04-04,0,2026-04-04,Flu ED visits pct,quantile,0.025,0.22575801061958092
rtp-area,2026-04-04,0,2026-04-04,Flu ED visits pct,quantile,0.025,0.41429698603408
salem,2026-04-04,0,2026-04-04,Flu ED visits pct,quantile,0.025,0.4124880761920927
salt-lake-city,2026-04-04,0,2026-04-04,Flu ED visits pct,quantile,0.025,0.24240944379718193
san-antonio,2026-04-04,0,2026-04-04,Flu ED visits pct,quantile,0.025,0.357318231553862
savannah,2026-04-04,0,2026-04-04,Flu ED visits pct,quantile,0.025,0.19444683949005417
senc,2026-04-04,0,2026-04-04,Flu ED visits pct,quantile,0.025,0.5357586458421683
south-augusta,2026-04-04,0,2026-04-04,Flu ED visits pct,quantile,0.025,0.3094659311055096
south-carolina,2026-04-04,0,2026-04-04,Flu ED visits pct,quantile,0.025,0.37433419969734844
springfield,2026-04-04,0,2026-04-04,Flu ED visits pct,quantile,0.025,0.9807367243988762
st-cloud,2026-04-04,0,2026-04-04,Flu ED visits pct,quantile,0.025,0.5118122025749748
st-paul,2026-04-04,0,2026-04-04,Flu ED visits pct,quantile,0.025,0.6208515335663064
texas,2026-04-04,0,2026-04-04,Flu ED visits pct,quantile,0.025,0.44261975707545353
triad-area,2026-04-04,0,2026-04-04,Flu ED visits pct,quantile,0.025,0.46932428910206186
utah,2026-04-04,0,2026-04-04,Flu ED visits pct,quantile,0.025,0.2852137048950401
virginia,2026-04-04,0,2026-04-04,Flu ED visits pct,quantile,0.025,0.6884826251812501
weld,2026-04-04,0,2026-04-04,Flu ED visits pct,quantile,0.025,0.4405482149061751
wnc,2026-04-04,0,2026-04-04,Flu ED visits pct,quantile,0.025,0.3851453554136935
worcester,2026-04-04,0,2026-04-04,Flu ED visits pct,quantile,0.025,0.7329531973785084
athens,2026-04-04,1,2026-04-11,Flu ED visits pct,quantile,0.025,0.16920302712722163
austin,2026-04-04,1,2026-04-11,Flu ED visits pct,quantile,0.025,0.21378511551804746
baltimore,2026-04-04,1,2026-04-11,Flu ED visits pct,quantile,0.025,0.4445186412507998
bangor,2026-04-04,1,2026-04-11,Flu ED visits pct,quantile,0.025,0.36693912383726973
beaumont,2026-04-04,1,2026-04-11,Flu ED visits pct,quantile,0.025,0.18674963449722784
boston,2026-04-04,1,2026-04-11,Flu ED visits pct,quantile,0.025,0.5601137709002495
boulder,2026-04-04,1,2026-04-11,Flu ED visits pct,quantile,0.025,0.31911788781216577
charleston,2026-04-04,1,2026-04-11,Flu ED visits pct,quantile,0.025,0.17007202576540237
cherokee,2026-04-04,1,2026-04-11,Flu ED visits pct,quantile,0.025,0.36467376325794837
clt-area,2026-04-04,1,2026-04-11,Flu ED visits pct,quantile,0.025,0.7768097366874652
colorado,2026-04-04,1,2026-04-11,Flu ED visits pct,quantile,0.025,0.5330680694713887
colorado-springs,2026-04-04,1,2026-04-11,Flu ED visits pct,quantile,0.025,0.6586901028425695
columbia,2026-04-04,1,2026-04-11,Flu ED visits pct,quantile,0.025,0.14462383414708485
columbus,2026-04-04,1,2026-04-11,Flu ED visits pct,quantile,0.025,0.21703517745766407
dallas,2026-04-04,1,2026-04-11,Flu ED visits pct,quantile,0.025,0.21261256923441016
denver,2026-04-04,1,2026-04-11,Flu ED visits pct,quantile,0.025,0.6348060487978844
deschutes,2026-04-04,1,2026-04-11,Flu ED visits pct,quantile,0.025,0.22729838475026212
duluth,2026-04-04,1,2026-04-11,Flu ED visits pct,quantile,0.025,0.5586632710252437
el-paso,2026-04-04,1,2026-04-11,Flu ED visits pct,quantile,0.025,0.4452602625749373
eugene,2026-04-04,1,2026-04-11,Flu ED visits pct,quantile,0.025,0.09879893691026823
fay-area,2026-04-04,1,2026-04-11,Flu ED visits pct,quantile,0.025,0.6899965292632154
florence,2026-04-04,1,2026-04-11,Flu ED visits pct,quantile,0.025,0.02583967812126345
floyd,2026-04-04,1,2026-04-11,Flu ED visits pct,quantile,0.025,0.1551619183920711
frederick,2026-04-04,1,2026-04-11,Flu ED visits pct,quantile,0.025,0.5180178144399904
georgia,2026-04-04,1,2026-04-11,Flu ED visits pct,quantile,0.025,0.3016113820154021
greenville,2026-04-04,1,2026-04-11,Flu ED visits pct,quantile,0.025,0.1704083474432125
hall,2026-04-04,1,2026-04-11,Flu ED visits pct,quantile,0.025,0.18173008923324044
harford,2026-04-04,1,2026-04-11,Flu ED visits pct,quantile,0.025,0.09668487043327609
henry,2026-04-04,1,2026-04-11,Flu ED visits pct,quantile,0.025,0.13562351907084136
horry,2026-04-04,1,2026-04-11,Flu ED visits pct,quantile,0.025,0.18718586552994138
houston,2026-04-04,1,2026-04-11,Flu ED visits pct,quantile,0.025,0.2524329839866468
indiana,2026-04-04,1,2026-04-11,Flu ED visits pct,quantile,0.025,0.35084358661060255
indianapolis,2026-04-04,1,2026-04-11,Flu ED visits pct,quantile,0.025,0.27958225365932904
la-grange,2026-04-04,1,2026-04-11,Flu ED visits pct,quantile,0.025,0.07571127694809485
larimer,2026-04-04,1,2026-04-11,Flu ED visits pct,quantile,0.025,0.25387527997488607
lynn,2026-04-04,1,2026-04-11,Flu ED visits pct,quantile,0.025,0.3428989334666061
macon,2026-04-04,1,2026-04-11,Flu ED visits pct,quantile,0.025,0.09189409408485227
maine,2026-04-04,1,2026-04-11,Flu ED visits pct,quantile,0.025,0.40358130494442784
marietta,2026-04-04,1,2026-04-11,Flu ED visits pct,quantile,0.025,0.12422488888051915
maryland,2026-04-04,1,2026-04-11,Flu ED visits pct,quantile,0.025,0.4705714464075531
massachusetts,2026-04-04,1,2026-04-11,Flu ED visits pct,quantile,0.025,0.6530150947600734
medford,2026-04-04,1,2026-04-11,Flu ED visits pct,quantile,0.025,0.004486612242138867
mesa,2026-04-04,1,2026-04-11,Flu ED visits pct,quantile,0.025,0.011751509111016264
minneapolis,2026-04-04,1,2026-04-11,Flu ED visits pct,quantile,0.025,0.6593363323827426
minnesota,2026-04-04,1,2026-04-11,Flu ED visits pct,quantile,0.025,0.5970620721967972
montgomery,2026-04-04,1,2026-04-11,Flu ED visits pct,quantile,0.025,0.4612441232000706
nenc,2026-04-04,1,2026-04-11,Flu ED visits pct,quantile,0.025,0.22889879909868774
new-bedford,2026-04-04,1,2026-04-11,Flu ED visits pct,quantile,0.025,0.6112414870006981
north-carolina,2026-04-04,1,2026-04-11,Flu ED visits pct,quantile,0.025,0.49440787756992965
nyc,2026-04-04,1,2026-04-11,ILI ED visits pct,quantile,0.025,1.901607467052654
ogden,2026-04-04,1,2026-04-11,Flu ED visits pct,quantile,0.025,0.14249525801483962
oregon,2026-04-04,1,2026-04-11,Flu ED visits pct,quantile,0.025,0.32642567107871856
pittsfield,2026-04-04,1,2026-04-11,Flu ED visits pct,quantile,0.025,0.0234021705599511
portland,2026-04-04,1,2026-04-11,Flu ED visits pct,quantile,0.025,0.31179818224564615
portland-or,2026-04-04,1,2026-04-11,Flu ED visits pct,quantile,0.025,0.36727442941058464
provo,2026-04-04,1,2026-04-11,Flu ED visits pct,quantile,0.025,0.06725139176761039
roanoke,2026-04-04,1,2026-04-11,Flu ED visits pct,quantile,0.025,0.40512676287298816
rochester,2026-04-04,1,2026-04-11,Flu ED visits pct,quantile,0.025,0.2048219575091743
rock-hill,2026-04-04,1,2026-04-11,Flu ED visits pct,quantile,0.025,0.1444317879451699
rtp-area,2026-04-04,1,2026-04-11,Flu ED visits pct,quantile,0.025,0.28720396189641584
salem,2026-04-04,1,2026-04-11,Flu ED visits pct,quantile,0.025,0.2611028563287812
salt-lake-city,2026-04-04,1,2026-04-11,Flu ED visits pct,quantile,0.025,0.17380508970797792
san-antonio,2026-04-04,1,2026-04-11,Flu ED visits pct,quantile,0.025,0.25269714655543196
savannah,2026-04-04,1,2026-04-11,Flu ED visits pct,quantile,0.025,0.1351281289840423
senc,2026-04-04,1,2026-04-11,Flu ED visits pct,quantile,0.025,0.3859832145013391
south-augusta,2026-04-04,1,2026-04-11,Flu ED visits pct,quantile,0.025,0.20512995026743994
south-carolina,2026-04-04,1,2026-04-11,Flu ED visits pct,quantile,0.025,0.2604670672247722
springfield,2026-04-04,1,2026-04-11,Flu ED visits pct,quantile,0.025,0.7158848940713834
st-cloud,2026-04-04,1,2026-04-11,Flu ED visits pct,quantile,0.025,0.33402817874042523
st-paul,2026-04-04,1,2026-04-11,Flu ED visits pct,quantile,0.025,0.4525969691678457
texas,2026-04-04,1,2026-04-11,Flu ED visits pct,quantile,0.025,0.3381636227003188
triad-area,2026-04-04,1,2026-04-11,Flu ED visits pct,quantile,0.025,0.3305759932253175
utah,2026-04-04,1,2026-04-11,Flu ED visits pct,quantile,0.025,0.20553850436309967
virginia,2026-04-04,1,2026-04-11,Flu ED visits pct,quantile,0.025,0.50634707068799
weld,2026-04-04,1,2026-04-11,Flu ED visits pct,quantile,0.025,0.30471959430069395
wnc,2026-04-04,1,2026-04-11,Flu ED visits pct,quantile,0.025,0.2602588380428339
worcester,2026-04-04,1,2026-04-11,Flu ED visits pct,quantile,0.025,0.5164789525164073
athens,2026-04-04,2,2026-04-18,Flu ED visits pct,quantile,0.025,0.0946381806401084
austin,2026-04-04,2,2026-04-18,Flu ED visits pct,quantile,0.025,0.18098938907133247
baltimore,2026-04-04,2,2026-04-18,Flu ED visits pct,quantile,0.025,0.3701805318420525
bangor,2026-04-04,2,2026-04-18,Flu ED visits pct,quantile,0.025,0.2300178209873979
beaumont,2026-04-04,2,2026-04-18,Flu ED visits pct,quantile,0.025,0.1340405798339757
boston,2026-04-04,2,2026-04-18,Flu ED visits pct,quantile,0.025,0.45791739012068433
boulder,2026-04-04,2,2026-04-18,Flu ED visits pct,quantile,0.025,0.19636673278563155
charleston,2026-04-04,2,2026-04-18,Flu ED visits pct,quantile,0.025,0.11656473369141844
cherokee,2026-04-04,2,2026-04-18,Flu ED visits pct,quantile,0.025,0.2604601302253414
clt-area,2026-04-04,2,2026-04-18,Flu ED visits pct,quantile,0.025,0.5658019695914241
colorado,2026-04-04,2,2026-04-18,Flu ED visits pct,quantile,0.025,0.40581781545249
colorado-springs,2026-04-04,2,2026-04-18,Flu ED visits pct,quantile,0.025,0.46534547697714707
columbia,2026-04-04,2,2026-04-18,Flu ED visits pct,quantile,0.025,0.10244920802179669
columbus,2026-04-04,2,2026-04-18,Flu ED visits pct,quantile,0.025,0.12464921317481222
dallas,2026-04-04,2,2026-04-18,Flu ED visits pct,quantile,0.025,0.1770321851218651
denver,2026-04-04,2,2026-04-18,Flu ED visits pct,quantile,0.025,0.48330468831943224
deschutes,2026-04-04,2,2026-04-18,Flu ED visits pct,quantile,0.025,0.16024546901584752
duluth,2026-04-04,2,2026-04-18,Flu ED visits pct,quantile,0.025,0.362524518979282
el-paso,2026-04-04,2,2026-04-18,Flu ED visits pct,quantile,0.025,0.3585644640218347
eugene,2026-04-04,2,2026-04-18,Flu ED visits pct,quantile,0.025,0.06328928446660757
fay-area,2026-04-04,2,2026-04-18,Flu ED visits pct,quantile,0.025,0.5169545815157388
florence,2026-04-04,2,2026-04-18,Flu ED visits pct,quantile,0.025,0.017154078747608076
floyd,2026-04-04,2,2026-04-18,Flu ED visits pct,quantile,0.025,0.10213650498079595
frederick,2026-04-04,2,2026-04-18,Flu ED visits pct,quantile,0.025,0.32970547100519654
georgia,2026-04-04,2,2026-04-18,Flu ED visits pct,quantile,0.025,0.25006178072056434
greenville,2026-04-04,2,2026-04-18,Flu ED visits pct,quantile,0.025,0.10365189364803458
hall,2026-04-04,2,2026-04-18,Flu ED visits pct,quantile,0.025,0.1375645389623178
harford,2026-04-04,2,2026-04-18,Flu ED visits pct,quantile,0.025,0.06422112568255221
henry,2026-04-04,2,2026-04-18,Flu ED visits pct,quantile,0.025,0.09623025773719456
horry,2026-04-04,2,2026-04-18,Flu ED visits pct,quantile,0.025,0.1394380961147582
houston,2026-04-04,2,2026-04-18,Flu ED visits pct,quantile,0.025,0.21862075367660144
indiana,2026-04-04,2,2026-04-18,Flu ED visits pct,quantile,0.025,0.23698992838257402
indianapolis,2026-04-04,2,2026-04-18,Flu ED visits pct,quantile,0.025,0.17666300866560183
la-grange,2026-04-04,2,2026-04-18,Flu ED visits pct,quantile,0.025,0.050732552230625706
larimer,2026-04-04,2,2026-04-18,Flu ED visits pct,quantile,0.025,0.14911646607951956
lynn,2026-04-04,2,2026-04-18,Flu ED visits pct,quantile,0.025,0.25702945382381615
macon,2026-04-04,2,2026-04-18,Flu ED visits pct,quantile,0.025,0.06590697976432991
maine,2026-04-04,2,2026-04-18,Flu ED visits pct,quantile,0.025,0.3207815774616417
marietta,2026-04-04,2,2026-04-18,Flu ED visits pct,quantile,0.025,0.09613216305021184
maryland,2026-04-04,2,2026-04-18,Flu ED visits pct,quantile,0.025,0.38978387910537554
massachusetts,2026-04-04,2,2026-04-18,Flu ED visits pct,quantile,0.025,0.5254124871269364
medford,2026-04-04,2,2026-04-18,Flu ED visits pct,quantile,0.025,0.00023305310025465223
mesa,2026-04-04,2,2026-04-18,Flu ED visits pct,quantile,0.025,0.0055068206354191
minneapolis,2026-04-04,2,2026-04-18,Flu ED visits pct,quantile,0.025,0.5082592148296892
minnesota,2026-04-04,2,2026-04-18,Flu ED visits pct,quantile,0.025,0.4414652523084263
montgomery,2026-04-04,2,2026-04-18,Flu ED visits pct,quantile,0.025,0.386615698068941
nenc,2026-04-04,2,2026-04-18,Flu ED visits pct,quantile,0.025,0.15577446824473015
new-bedford,2026-04-04,2,2026-04-18,Flu ED visits pct,quantile,0.025,0.44500893101175953
north-carolina,2026-04-04,2,2026-04-18,Flu ED visits pct,quantile,0.025,0.36904429859970433
nyc,2026-04-04,2,2026-04-18,ILI ED visits pct,quantile,0.025,1.6972309130601706
ogden,2026-04-04,2,2026-04-18,Flu ED visits pct,quantile,0.025,0.10681706470778535
oregon,2026-04-04,2,2026-04-18,Flu ED visits pct,quantile,0.025,0.23500018815800855
pittsfield,2026-04-04,2,2026-04-18,Flu ED visits pct,quantile,0.025,0.008523461244073294
portland,2026-04-04,2,2026-04-18,Flu ED visits pct,quantile,0.025,0.22395085142080468
portland-or,2026-04-04,2,2026-04-18,Flu ED visits pct,quantile,0.025,0.26654667079533406
provo,2026-04-04,2,2026-04-18,Flu ED visits pct,quantile,0.025,0.0495104640700398
roanoke,2026-04-04,2,2026-04-18,Flu ED visits pct,quantile,0.025,0.2469814141070139
rochester,2026-04-04,2,2026-04-18,Flu ED visits pct,quantile,0.025,0.11657291301384805
rock-hill,2026-04-04,2,2026-04-18,Flu ED visits pct,quantile,0.025,0.0938410929685805
rtp-area,2026-04-04,2,2026-04-18,Flu ED visits pct,quantile,0.025,0.20201975285152052
salem,2026-04-04,2,2026-04-18,Flu ED visits pct,quantile,0.025,0.15889633863311617
salt-lake-city,2026-04-04,2,2026-04-18,Flu ED visits pct,quantile,0.025,0.14486383319126733
san-antonio,2026-04-04,2,2026-04-18,Flu ED visits pct,quantile,0.025,0.19231312774871567
savannah,2026-04-04,2,2026-04-18,Flu ED visits pct,quantile,0.025,0.09278757521934969
senc,2026-04-04,2,2026-04-18,Flu ED visits pct,quantile,0.025,0.277035354586908
south-augusta,2026-04-04,2,2026-04-18,Flu ED visits pct,quantile,0.025,0.12649430430588296
south-carolina,2026-04-04,2,2026-04-18,Flu ED visits pct,quantile,0.025,0.20891384633542667
springfield,2026-04-04,2,2026-04-18,Flu ED visits pct,quantile,0.025,0.49911624058210424
st-cloud,2026-04-04,2,2026-04-18,Flu ED visits pct,quantile,0.025,0.2005296513925916
st-paul,2026-04-04,2,2026-04-18,Flu ED visits pct,quantile,0.025,0.36915328199694036
texas,2026-04-04,2,2026-04-18,Flu ED visits pct,quantile,0.025,0.29083833029674344
triad-area,2026-04-04,2,2026-04-18,Flu ED visits pct,quantile,0.025,0.2406800457299073
utah,2026-04-04,2,2026-04-18,Flu ED visits pct,quantile,0.025,0.17484217745098535
virginia,2026-04-04,2,2026-04-18,Flu ED visits pct,quantile,0.025,0.4102855135243327
weld,2026-04-04,2,2026-04-18,Flu ED visits pct,quantile,0.025,0.19032452630679375
wnc,2026-04-04,2,2026-04-18,Flu ED visits pct,quantile,0.025,0.1833327458224588
worcester,2026-04-04,2,2026-04-18,Flu ED visits pct,quantile,0.025,0.3719019266279239
athens,2026-04-04,3,2026-04-25,Flu ED visits pct,quantile,0.025,0.07002053405155377
austin,2026-04-04,3,2026-04-25,Flu ED visits pct,quantile,0.025,0.15597117725432533
baltimore,2026-04-04,3,2026-04-25,Flu ED visits pct,quantile,0.025,0.298248544121391
bangor,2026-04-04,3,2026-04-25,Flu ED visits pct,quantile,0.025,0.15710011410713087
beaumont,2026-04-04,3,2026-04-25,Flu ED visits pct,quantile,0.025,0.1085363924673551
boston,2026-04-04,3,2026-04-25,Flu ED visits pct,quantile,0.025,0.3541438921622048
boulder,2026-04-04,3,2026-04-25,Flu ED visits pct,quantile,0.025,0.12266443031701003
charleston,2026-04-04,3,2026-04-25,Flu ED visits pct,quantile,0.025,0.08742705593146334
cherokee,2026-04-04,3,2026-04-25,Flu ED visits pct,quantile,0.025,0.2029374314402291
clt-area,2026-04-04,3,2026-04-25,Flu ED visits pct,quantile,0.025,0.3997586267580184
colorado,2026-04-04,3,2026-04-25,Flu ED visits pct,quantile,0.025,0.31769815967023124
colorado-springs,2026-04-04,3,2026-04-25,Flu ED visits pct,quantile,0.025,0.3385747739320968
columbia,2026-04-04,3,2026-04-25,Flu ED visits pct,quantile,0.025,0.08177737581130085
columbus,2026-04-04,3,2026-04-25,Flu ED visits pct,quantile,0.025,0.08385732021068433
dallas,2026-04-04,3,2026-04-25,Flu ED visits pct,quantile,0.025,0.15411309184633937
denver,2026-04-04,3,2026-04-25,Flu ED visits pct,quantile,0.025,0.36553303259854913
deschutes,2026-04-04,3,2026-04-25,Flu ED visits pct,quantile,0.025,0.13373728750628966
duluth,2026-04-04,3,2026-04-25,Flu ED visits pct,quantile,0.025,0.25709509012622345
el-paso,2026-04-04,3,2026-04-25,Flu ED visits pct,quantile,0.025,0.2905196641854329
eugene,2026-04-04,3,2026-04-25,Flu ED visits pct,quantile,0.025,0.04815288863529532
fay-area,2026-04-04,3,2026-04-25,Flu ED visits pct,quantile,0.025,0.37047679233429504
florence,2026-04-04,3,2026-04-25,Flu ED visits pct,quantile,0.025,0.012014765201982138
floyd,2026-04-04,3,2026-04-25,Flu ED visits pct,quantile,0.025,0.07417452599015023
frederick,2026-04-04,3,2026-04-25,Flu ED visits pct,quantile,0.025,0.2692670930617345
georgia,2026-04-04,3,2026-04-25,Flu ED visits pct,quantile,0.025,0.2044372903305807
greenville,2026-04-04,3,2026-04-25,Flu ED visits pct,quantile,0.025,0.07419964511585188
hall,2026-04-04,3,2026-04-25,Flu ED visits pct,quantile,0.025,0.1171155369419997
harford,2026-04-04,3,2026-04-25,Flu ED visits pct,quantile,0.025,0.050049537667299596
henry,2026-04-04,3,2026-04-25,Flu ED visits pct,quantile,0.025,0.07783808806264714
horry,2026-04-04,3,2026-04-25,Flu ED visits pct,quantile,0.025,0.11529176716825514
houston,2026-04-04,3,2026-04-25,Flu ED visits pct,quantile,0.025,0.1889768852873625
indiana,2026-04-04,3,2026-04-25,Flu ED visits pct,quantile,0.025,0.17485013571458166
indianapolis,2026-04-04,3,2026-04-25,Flu ED visits pct,quantile,0.025,0.12695403960833115
la-grange,2026-04-04,3,2026-04-25,Flu ED visits pct,quantile,0.025,0.0404625979169569
larimer,2026-04-04,3,2026-04-25,Flu ED visits pct,quantile,0.025,0.10499214777244818
lynn,2026-04-04,3,2026-04-25,Flu ED visits pct,quantile,0.025,0.2128083037529758
macon,2026-04-04,3,2026-04-25,Flu ED visits pct,quantile,0.025,0.05311323461449289
maine,2026-04-04,3,2026-04-25,Flu ED visits pct,quantile,0.025,0.23548777274240965
marietta,2026-04-04,3,2026-04-25,Flu ED visits pct,quantile,0.025,0.0753686003410325
maryland,2026-04-04,3,2026-04-25,Flu ED visits pct,quantile,0.025,0.31939136380143324
massachusetts,2026-04-04,3,2026-04-25,Flu ED visits pct,quantile,0.025,0.4196724283214025
medford,2026-04-04,3,2026-04-25,Flu ED visits pct,quantile,0.025,0.0
mesa,2026-04-04,3,2026-04-25,Flu ED visits pct,quantile,0.025,0.0031439868476959617
minneapolis,2026-04-04,3,2026-04-25,Flu ED visits pct,quantile,0.025,0.39265491729597163
minnesota,2026-04-04,3,2026-04-25,Flu ED visits pct,quantile,0.025,0.3494716037845483
montgomery,2026-04-04,3,2026-04-25,Flu ED visits pct,quantile,0.025,0.3119751582233452
nenc,2026-04-04,3,2026-04-25,Flu ED visits pct,quantile,0.025,0.10558312150422221
new-bedford,2026-04-04,3,2026-04-25,Flu ED visits pct,quantile,0.025,0.34473715728571425
north-carolina,2026-04-04,3,2026-04-25,Flu ED visits pct,quantile,0.025,0.26764191579964564
nyc,2026-04-04,3,2026-04-25,ILI ED visits pct,quantile,0.025,1.459692381551105
ogden,2026-04-04,3,2026-04-25,Flu ED visits pct,quantile,0.025,0.08988107577690294
oregon,2026-04-04,3,2026-04-25,Flu ED visits pct,quantile,0.025,0.185825087308968
pittsfield,2026-04-04,3,2026-04-25,Flu ED visits pct,quantile,0.025,0.004324992221532615
portland,2026-04-04,3,2026-04-25,Flu ED visits pct,quantile,0.025,0.1660842231456046
portland-or,2026-04-04,3,2026-04-25,Flu ED visits pct,quantile,0.025,0.21152948979293695
provo,2026-04-04,3,2026-04-25,Flu ED visits pct,quantile,0.025,0.04165170274300111
roanoke,2026-04-04,3,2026-04-25,Flu ED visits pct,quantile,0.025,0.18081826871907644
rochester,2026-04-04,3,2026-04-25,Flu ED visits pct,quantile,0.025,0.08081359027686338
rock-hill,2026-04-04,3,2026-04-25,Flu ED visits pct,quantile,0.025,0.07089055075189772
rtp-area,2026-04-04,3,2026-04-25,Flu ED visits pct,quantile,0.025,0.13872155560009594
salem,2026-04-04,3,2026-04-25,Flu ED visits pct,quantile,0.025,0.10795291844429088
salt-lake-city,2026-04-04,3,2026-04-25,Flu ED visits pct,quantile,0.025,0.12208852457138188
san-antonio,2026-04-04,3,2026-04-25,Flu ED visits pct,quantile,0.025,0.1589698702864313
savannah,2026-04-04,3,2026-04-25,Flu ED visits pct,quantile,0.025,0.07028342815829529
senc,2026-04-04,3,2026-04-25,Flu ED visits pct,quantile,0.025,0.18581794162955845
south-augusta,2026-04-04,3,2026-04-25,Flu ED visits pct,quantile,0.025,0.08476661861514374
south-carolina,2026-04-04,3,2026-04-25,Flu ED visits pct,quantile,0.025,0.16386040406754832
springfield,2026-04-04,3,2026-04-25,Flu ED visits pct,quantile,0.025,0.3624850095782632
st-cloud,2026-04-04,3,2026-04-25,Flu ED visits pct,quantile,0.025,0.1464175575165333
st-paul,2026-04-04,3,2026-04-25,Flu ED visits pct,quantile,0.025,0.300717518158461
texas,2026-04-04,3,2026-04-25,Flu ED visits pct,quantile,0.025,0.2597580369361118
triad-area,2026-04-04,3,2026-04-25,Flu ED visits pct,quantile,0.025,0.16674257824140568
utah,2026-04-04,3,2026-04-25,Flu ED visits pct,quantile,0.025,0.14795653543133963
virginia,2026-04-04,3,2026-04-25,Flu ED visits pct,quantile,0.025,0.34010707554870667
weld,2026-04-04,3,2026-04-25,Flu ED visits pct,quantile,0.025,0.13396449360418608
wnc,2026-04-04,3,2026-04-25,Flu ED visits pct,quantile,0.025,0.12105326331778953
worcester,2026-04-04,3,2026-04-25,Flu ED visits pct,quantile,0.025,0.28617024611399383
athens,2026-04-04,0,2026-04-04,Flu ED visits pct,quantile,0.05,0.33875752661695496
austin,2026-04-04,0,2026-04-04,Flu ED visits pct,quantile,0.05,0.35481037508248764
baltimore,2026-04-04,0,2026-04-04,Flu ED visits pct,quantile,0.05,0.7234843594184095
bangor,2026-04-04,0,2026-04-04,Flu ED visits pct,quantile,0.05,0.6899892791701575
beaumont,2026-04-04,0,2026-04-04,Flu ED visits pct,quantile,0.05,0.37353301424412644
boston,2026-04-04,0,2026-04-04,Flu ED visits pct,quantile,0.05,0.9793786132020689
boulder,2026-04-04,0,2026-04-04,Flu ED visits pct,quantile,0.05,0.6119251516956504
charleston,2026-04-04,0,2026-04-04,Flu ED visits pct,quantile,0.05,0.32531134299424663
cherokee,2026-04-04,0,2026-04-04,Flu ED visits pct,quantile,0.05,0.6794214178161397
clt-area,2026-04-04,0,2026-04-04,Flu ED visits pct,quantile,0.05,1.2784114791331163
colorado,2026-04-04,0,2026-04-04,Flu ED visits pct,quantile,0.05,0.9525889595036418
colorado-springs,2026-04-04,0,2026-04-04,Flu ED visits pct,quantile,0.05,1.0481858272041016
columbia,2026-04-04,0,2026-04-04,Flu ED visits pct,quantile,0.05,0.32869478160576565
columbus,2026-04-04,0,2026-04-04,Flu ED visits pct,quantile,0.05,0.43433354563486043
dallas,2026-04-04,0,2026-04-04,Flu ED visits pct,quantile,0.05,0.3598450613907539
denver,2026-04-04,0,2026-04-04,Flu ED visits pct,quantile,0.05,1.0407720252957682
deschutes,2026-04-04,0,2026-04-04,Flu ED visits pct,quantile,0.05,0.4255561204593582
duluth,2026-04-04,0,2026-04-04,Flu ED visits pct,quantile,0.05,0.9697720216253607
el-paso,2026-04-04,0,2026-04-04,Flu ED visits pct,quantile,0.05,0.7602180959569356
eugene,2026-04-04,0,2026-04-04,Flu ED visits pct,quantile,0.05,0.202387978902062
fay-area,2026-04-04,0,2026-04-04,Flu ED visits pct,quantile,0.05,1.155161661307735
florence,2026-04-04,0,2026-04-04,Flu ED visits pct,quantile,0.05,0.07570324166981876
floyd,2026-04-04,0,2026-04-04,Flu ED visits pct,quantile,0.05,0.34051134986002446
frederick,2026-04-04,0,2026-04-04,Flu ED visits pct,quantile,0.05,0.9776746617327682
georgia,2026-04-04,0,2026-04-04,Flu ED visits pct,quantile,0.05,0.4880893432224478
greenville,2026-04-04,0,2026-04-04,Flu ED visits pct,quantile,0.05,0.38412099965333296
hall,2026-04-04,0,2026-04-04,Flu ED visits pct,quantile,0.05,0.3791556580117711
harford,2026-04-04,0,2026-04-04,Flu ED visits pct,quantile,0.05,0.21069319536384923
henry,2026-04-04,0,2026-04-04,Flu ED visits pct,quantile,0.05,0.2711913628532392
horry,2026-04-04,0,2026-04-04,Flu ED visits pct,quantile,0.05,0.4003080945125552
houston,2026-04-04,0,2026-04-04,Flu ED visits pct,quantile,0.05,0.4122292940447913
indiana,2026-04-04,0,2026-04-04,Flu ED visits pct,quantile,0.05,0.6804285326121806
indianapolis,2026-04-04,0,2026-04-04,Flu ED visits pct,quantile,0.05,0.5324430213864522
la-grange,2026-04-04,0,2026-04-04,Flu ED visits pct,quantile,0.05,0.18228863214988927
larimer,2026-04-04,0,2026-04-04,Flu ED visits pct,quantile,0.05,0.5433211287822528
lynn,2026-04-04,0,2026-04-04,Flu ED visits pct,quantile,0.05,0.6150239257035514
macon,2026-04-04,0,2026-04-04,Flu ED visits pct,quantile,0.05,0.18677649807823235
maine,2026-04-04,0,2026-04-04,Flu ED visits pct,quantile,0.05,0.6718861610695027
marietta,2026-04-04,0,2026-04-04,Flu ED visits pct,quantile,0.05,0.2667355218535206
maryland,2026-04-04,0,2026-04-04,Flu ED visits pct,quantile,0.05,0.7559720389068222
massachusetts,2026-04-04,0,2026-04-04,Flu ED visits pct,quantile,0.05,1.0872112933529694
medford,2026-04-04,0,2026-04-04,Flu ED visits pct,quantile,0.05,0.02457416010149273
mesa,2026-04-04,0,2026-04-04,Flu ED visits pct,quantile,0.05,0.03512531634242109
minneapolis,2026-04-04,0,2026-04-04,Flu ED visits pct,quantile,0.05,1.1432044561445214
minnesota,2026-04-04,0,2026-04-04,Flu ED visits pct,quantile,0.05,1.0388295420640807
montgomery,2026-04-04,0,2026-04-04,Flu ED visits pct,quantile,0.05,0.7297474199835412
nenc,2026-04-04,0,2026-04-04,Flu ED visits pct,quantile,0.05,0.4281621852564155
new-bedford,2026-04-04,0,2026-04-04,Flu ED visits pct,quantile,0.05,1.0391390889412222
north-carolina,2026-04-04,0,2026-04-04,Flu ED visits pct,quantile,0.05,0.8262378364557661
nyc,2026-04-04,0,2026-04-04,ILI ED visits pct,quantile,0.05,2.722743617564293
ogden,2026-04-04,0,2026-04-04,Flu ED visits pct,quantile,0.05,0.28443514738447717
oregon,2026-04-04,0,2026-04-04,Flu ED visits pct,quantile,0.05,0.5596819793469626
pittsfield,2026-04-04,0,2026-04-04,Flu ED visits pct,quantile,0.05,0.08738581496391616
portland,2026-04-04,0,2026-04-04,Flu ED visits pct,quantile,0.05,0.5755525573980217
portland-or,2026-04-04,0,2026-04-04,Flu ED visits pct,quantile,0.05,0.6343409693571251
provo,2026-04-04,0,2026-04-04,Flu ED visits pct,quantile,0.05,0.13610929410864586
roanoke,2026-04-04,0,2026-04-04,Flu ED visits pct,quantile,0.05,0.7679756808060034
rochester,2026-04-04,0,2026-04-04,Flu ED visits pct,quantile,0.05,0.4204950775762333
rock-hill,2026-04-04,0,2026-04-04,Flu ED visits pct,quantile,0.05,0.33528607792695087
rtp-area,2026-04-04,0,2026-04-04,Flu ED visits pct,quantile,0.05,0.4872457857114893
salem,2026-04-04,0,2026-04-04,Flu ED visits pct,quantile,0.05,0.5260895529323295
salt-lake-city,2026-04-04,0,2026-04-04,Flu ED visits pct,quantile,0.05,0.3046926621387279
san-antonio,2026-04-04,0,2026-04-04,Flu ED visits pct,quantile,0.05,0.45099616269380816
savannah,2026-04-04,0,2026-04-04,Flu ED visits pct,quantile,0.05,0.25629796720800213
senc,2026-04-04,0,2026-04-04,Flu ED visits pct,quantile,0.05,0.6334259780027865
south-augusta,2026-04-04,0,2026-04-04,Flu ED visits pct,quantile,0.05,0.40865163712472985
south-carolina,2026-04-04,0,2026-04-04,Flu ED visits pct,quantile,0.05,0.4779396894959702
springfield,2026-04-04,0,2026-04-04,Flu ED visits pct,quantile,0.05,1.168720988025499
st-cloud,2026-04-04,0,2026-04-04,Flu ED visits pct,quantile,0.05,0.6551875508166837
st-paul,2026-04-04,0,2026-04-04,Flu ED visits pct,quantile,0.05,0.7778340013569814
texas,2026-04-04,0,2026-04-04,Flu ED visits pct,quantile,0.05,0.4829558949432323
triad-area,2026-04-04,0,2026-04-04,Flu ED visits pct,quantile,0.05,0.5676961257145191
utah,2026-04-04,0,2026-04-04,Flu ED visits pct,quantile,0.05,0.35645170972276924
virginia,2026-04-04,0,2026-04-04,Flu ED visits pct,quantile,0.05,0.8295671020457893
weld,2026-04-04,0,2026-04-04,Flu ED visits pct,quantile,0.05,0.5573329262720816
wnc,2026-04-04,0,2026-04-04,Flu ED visits pct,quantile,0.05,0.46443394453850406
worcester,2026-04-04,0,2026-04-04,Flu ED visits pct,quantile,0.05,0.8509585969061051
athens,2026-04-04,1,2026-04-11,Flu ED visits pct,quantile,0.05,0.21582844693957265
austin,2026-04-04,1,2026-04-11,Flu ED visits pct,quantile,0.05,0.2684378906826779
baltimore,2026-04-04,1,2026-04-11,Flu ED visits pct,quantile,0.05,0.5910278141545637
bangor,2026-04-04,1,2026-04-11,Flu ED visits pct,quantile,0.05,0.4549641175128841
beaumont,2026-04-04,1,2026-04-11,Flu ED visits pct,quantile,0.05,0.2641227815001851
boston,2026-04-04,1,2026-04-11,Flu ED visits pct,quantile,0.05,0.7605787834725064
boulder,2026-04-04,1,2026-04-11,Flu ED visits pct,quantile,0.05,0.3836002101184163
charleston,2026-04-04,1,2026-04-11,Flu ED visits pct,quantile,0.05,0.21385487596996947
cherokee,2026-04-04,1,2026-04-11,Flu ED visits pct,quantile,0.05,0.4713516125077955
clt-area,2026-04-04,1,2026-04-11,Flu ED visits pct,quantile,0.05,0.8636514437601214
colorado,2026-04-04,1,2026-04-11,Flu ED visits pct,quantile,0.05,0.6858936683406306
colorado-springs,2026-04-04,1,2026-04-11,Flu ED visits pct,quantile,0.05,0.7441898614165642
columbia,2026-04-04,1,2026-04-11,Flu ED visits pct,quantile,0.05,0.21713695598749283
columbus,2026-04-04,1,2026-04-11,Flu ED visits pct,quantile,0.05,0.28416345620580225
dallas,2026-04-04,1,2026-04-11,Flu ED visits pct,quantile,0.05,0.267550325627731
denver,2026-04-04,1,2026-04-11,Flu ED visits pct,quantile,0.05,0.7519216929342887
deschutes,2026-04-04,1,2026-04-11,Flu ED visits pct,quantile,0.05,0.30362949596441097
duluth,2026-04-04,1,2026-04-11,Flu ED visits pct,quantile,0.05,0.6629285850703159
el-paso,2026-04-04,1,2026-04-11,Flu ED visits pct,quantile,0.05,0.5814312933999953
eugene,2026-04-04,1,2026-04-11,Flu ED visits pct,quantile,0.05,0.12819285620343657
fay-area,2026-04-04,1,2026-04-11,Flu ED visits pct,quantile,0.05,0.7811270471239199
florence,2026-04-04,1,2026-04-11,Flu ED visits pct,quantile,0.05,0.04481113836764774
floyd,2026-04-04,1,2026-04-11,Flu ED visits pct,quantile,0.05,0.2217515582463941
frederick,2026-04-04,1,2026-04-11,Flu ED visits pct,quantile,0.05,0.7091720175967527
georgia,2026-04-04,1,2026-04-11,Flu ED visits pct,quantile,0.05,0.38258975604306883
greenville,2026-04-04,1,2026-04-11,Flu ED visits pct,quantile,0.05,0.2315131459774484
hall,2026-04-04,1,2026-04-11,Flu ED visits pct,quantile,0.05,0.23485903116565712
harford,2026-04-04,1,2026-04-11,Flu ED visits pct,quantile,0.05,0.14188143343354082
henry,2026-04-04,1,2026-04-11,Flu ED visits pct,quantile,0.05,0.18296112154243233
horry,2026-04-04,1,2026-04-11,Flu ED visits pct,quantile,0.05,0.2853102500857131
houston,2026-04-04,1,2026-04-11,Flu ED visits pct,quantile,0.05,0.3389144536107345
indiana,2026-04-04,1,2026-04-11,Flu ED visits pct,quantile,0.05,0.4302703290853203
indianapolis,2026-04-04,1,2026-04-11,Flu ED visits pct,quantile,0.05,0.33396419355903295
la-grange,2026-04-04,1,2026-04-11,Flu ED visits pct,quantile,0.05,0.11793806239931058
larimer,2026-04-04,1,2026-04-11,Flu ED visits pct,quantile,0.05,0.30589621459131505
lynn,2026-04-04,1,2026-04-11,Flu ED visits pct,quantile,0.05,0.4664863353719564
macon,2026-04-04,1,2026-04-11,Flu ED visits pct,quantile,0.05,0.1250133586494928
maine,2026-04-04,1,2026-04-11,Flu ED visits pct,quantile,0.05,0.4910686638133429
marietta,2026-04-04,1,2026-04-11,Flu ED visits pct,quantile,0.05,0.18218030945341743
maryland,2026-04-04,1,2026-04-11,Flu ED visits pct,quantile,0.05,0.5719106259301137
massachusetts,2026-04-04,1,2026-04-11,Flu ED visits pct,quantile,0.05,0.8737576088879948
medford,2026-04-04,1,2026-04-11,Flu ED visits pct,quantile,0.05,0.009993102626927654
mesa,2026-04-04,1,2026-04-11,Flu ED visits pct,quantile,0.05,0.019080690267372614
minneapolis,2026-04-04,1,2026-04-11,Flu ED visits pct,quantile,0.05,0.8243341857955564
minnesota,2026-04-04,1,2026-04-11,Flu ED visits pct,quantile,0.05,0.7596369905806304
montgomery,2026-04-04,1,2026-04-11,Flu ED visits pct,quantile,0.05,0.5822659718957519
nenc,2026-04-04,1,2026-04-11,Flu ED visits pct,quantile,0.05,0.282334253265625
new-bedford,2026-04-04,1,2026-04-11,Flu ED visits pct,quantile,0.05,0.773405987157776
north-carolina,2026-04-04,1,2026-04-11,Flu ED visits pct,quantile,0.05,0.5775819439580939
nyc,2026-04-04,1,2026-04-11,ILI ED visits pct,quantile,0.05,2.450811108626371
ogden,2026-04-04,1,2026-04-11,Flu ED visits pct,quantile,0.05,0.19463381894989346
oregon,2026-04-04,1,2026-04-11,Flu ED visits pct,quantile,0.05,0.3990574002537295
pittsfield,2026-04-04,1,2026-04-11,Flu ED visits pct,quantile,0.05,0.04470606055901414
portland,2026-04-04,1,2026-04-11,Flu ED visits pct,quantile,0.05,0.40703596024437183
portland-or,2026-04-04,1,2026-04-11,Flu ED visits pct,quantile,0.05,0.45198943581909373
provo,2026-04-04,1,2026-04-11,Flu ED visits pct,quantile,0.05,0.09354532487000514
roanoke,2026-04-04,1,2026-04-11,Flu ED visits pct,quantile,0.05,0.5114692091628321
rochester,2026-04-04,1,2026-04-11,Flu ED visits pct,quantile,0.05,0.27230811577583247
rock-hill,2026-04-04,1,2026-04-11,Flu ED visits pct,quantile,0.05,0.2207746561598547
rtp-area,2026-04-04,1,2026-04-11,Flu ED visits pct,quantile,0.05,0.33337829994628426
salem,2026-04-04,1,2026-04-11,Flu ED visits pct,quantile,0.05,0.3386940934241232
salt-lake-city,2026-04-04,1,2026-04-11,Flu ED visits pct,quantile,0.05,0.22814924804214357
san-antonio,2026-04-04,1,2026-04-11,Flu ED visits pct,quantile,0.05,0.3250333451931887
savannah,2026-04-04,1,2026-04-11,Flu ED visits pct,quantile,0.05,0.17471430766471865
senc,2026-04-04,1,2026-04-11,Flu ED visits pct,quantile,0.05,0.4372695606735519
south-augusta,2026-04-04,1,2026-04-11,Flu ED visits pct,quantile,0.05,0.26976150404946914
south-carolina,2026-04-04,1,2026-04-11,Flu ED visits pct,quantile,0.05,0.34177339964356157
springfield,2026-04-04,1,2026-04-11,Flu ED visits pct,quantile,0.05,0.8171871259873073
st-cloud,2026-04-04,1,2026-04-11,Flu ED visits pct,quantile,0.05,0.4235892778373711
st-paul,2026-04-04,1,2026-04-11,Flu ED visits pct,quantile,0.05,0.5786459927260459
texas,2026-04-04,1,2026-04-11,Flu ED visits pct,quantile,0.05,0.38059493638893005
triad-area,2026-04-04,1,2026-04-11,Flu ED visits pct,quantile,0.05,0.39524520957644593
utah,2026-04-04,1,2026-04-11,Flu ED visits pct,quantile,0.05,0.2685223367179862
virginia,2026-04-04,1,2026-04-11,Flu ED visits pct,quantile,0.05,0.6352017136193021
weld,2026-04-04,1,2026-04-11,Flu ED visits pct,quantile,0.05,0.35102811883207713
wnc,2026-04-04,1,2026-04-11,Flu ED visits pct,quantile,0.05,0.3003934643372863
worcester,2026-04-04,1,2026-04-11,Flu ED visits pct,quantile,0.05,0.5811536827637803
athens,2026-04-04,2,2026-04-18,Flu ED visits pct,quantile,0.05,0.11773226915185735
austin,2026-04-04,2,2026-04-18,Flu ED visits pct,quantile,0.05,0.22841612640035563
baltimore,2026-04-04,2,2026-04-18,Flu ED visits pct,quantile,0.05,0.49258686982583955
bangor,2026-04-04,2,2026-04-18,Flu ED visits pct,quantile,0.05,0.29924084975425125
beaumont,2026-04-04,2,2026-04-18,Flu ED visits pct,quantile,0.05,0.2007276731486482
boston,2026-04-04,2,2026-04-18,Flu ED visits pct,quantile,0.05,0.6305557654614332
boulder,2026-04-04,2,2026-04-18,Flu ED visits pct,quantile,0.05,0.22240388648360973
charleston,2026-04-04,2,2026-04-18,Flu ED visits pct,quantile,0.05,0.13788300807087314
cherokee,2026-04-04,2,2026-04-18,Flu ED visits pct,quantile,0.05,0.343546347258019
clt-area,2026-04-04,2,2026-04-18,Flu ED visits pct,quantile,0.05,0.6108888631633487
colorado,2026-04-04,2,2026-04-18,Flu ED visits pct,quantile,0.05,0.512445269999619
colorado-springs,2026-04-04,2,2026-04-18,Flu ED visits pct,quantile,0.05,0.5182140611822283
columbia,2026-04-04,2,2026-04-18,Flu ED visits pct,quantile,0.05,0.15434688677087133
columbus,2026-04-04,2,2026-04-18,Flu ED visits pct,quantile,0.05,0.16894752491741064
dallas,2026-04-04,2,2026-04-18,Flu ED visits pct,quantile,0.05,0.22620300648741173
denver,2026-04-04,2,2026-04-18,Flu ED visits pct,quantile,0.05,0.5821115311028032
deschutes,2026-04-04,2,2026-04-18,Flu ED visits pct,quantile,0.05,0.2269853101557247
duluth,2026-04-04,2,2026-04-18,Flu ED visits pct,quantile,0.05,0.4131772756320715
el-paso,2026-04-04,2,2026-04-18,Flu ED visits pct,quantile,0.05,0.4688803437014083
eugene,2026-04-04,2,2026-04-18,Flu ED visits pct,quantile,0.05,0.08380570840326156
fay-area,2026-04-04,2,2026-04-18,Flu ED visits pct,quantile,0.05,0.5512853279614468
florence,2026-04-04,2,2026-04-18,Flu ED visits pct,quantile,0.05,0.03354792170124475
floyd,2026-04-04,2,2026-04-18,Flu ED visits pct,quantile,0.05,0.15925484346329027
frederick,2026-04-04,2,2026-04-18,Flu ED visits pct,quantile,0.05,0.5288772785774868
georgia,2026-04-04,2,2026-04-18,Flu ED visits pct,quantile,0.05,0.31909954655623307
greenville,2026-04-04,2,2026-04-18,Flu ED visits pct,quantile,0.05,0.15370748951063723
hall,2026-04-04,2,2026-04-18,Flu ED visits pct,quantile,0.05,0.1701171895677597
harford,2026-04-04,2,2026-04-18,Flu ED visits pct,quantile,0.05,0.10156256907689433
henry,2026-04-04,2,2026-04-18,Flu ED visits pct,quantile,0.05,0.136229520693775
horry,2026-04-04,2,2026-04-18,Flu ED visits pct,quantile,0.05,0.21998841096027438
houston,2026-04-04,2,2026-04-18,Flu ED visits pct,quantile,0.05,0.29941026516225683
indiana,2026-04-04,2,2026-04-18,Flu ED visits pct,quantile,0.05,0.31484907910212107
indianapolis,2026-04-04,2,2026-04-18,Flu ED visits pct,quantile,0.05,0.22025631855805844
la-grange,2026-04-04,2,2026-04-18,Flu ED visits pct,quantile,0.05,0.08247415786714786
larimer,2026-04-04,2,2026-04-18,Flu ED visits pct,quantile,0.05,0.19672073306806157
lynn,2026-04-04,2,2026-04-18,Flu ED visits pct,quantile,0.05,0.3635665710896746
macon,2026-04-04,2,2026-04-18,Flu ED visits pct,quantile,0.05,0.09335632486793671
maine,2026-04-04,2,2026-04-18,Flu ED visits pct,quantile,0.05,0.39203083587163373
marietta,2026-04-04,2,2026-04-18,Flu ED visits pct,quantile,0.05,0.1421174137292873
maryland,2026-04-04,2,2026-04-18,Flu ED visits pct,quantile,0.05,0.4704479494243708
massachusetts,2026-04-04,2,2026-04-18,Flu ED visits pct,quantile,0.05,0.7389262031924908
medford,2026-04-04,2,2026-04-18,Flu ED visits pct,quantile,0.05,0.006224678454955989
mesa,2026-04-04,2,2026-04-18,Flu ED visits pct,quantile,0.05,0.011309027800601766
minneapolis,2026-04-04,2,2026-04-18,Flu ED visits pct,quantile,0.05,0.6286428415744538
minnesota,2026-04-04,2,2026-04-18,Flu ED visits pct,quantile,0.05,0.6025696755165126
montgomery,2026-04-04,2,2026-04-18,Flu ED visits pct,quantile,0.05,0.49629097721810234
nenc,2026-04-04,2,2026-04-18,Flu ED visits pct,quantile,0.05,0.1868019901491587
new-bedford,2026-04-04,2,2026-04-18,Flu ED visits pct,quantile,0.05,0.594141683780841
north-carolina,2026-04-04,2,2026-04-18,Flu ED visits pct,quantile,0.05,0.41425733063082515
nyc,2026-04-04,2,2026-04-18,ILI ED visits pct,quantile,0.05,2.226154077813359
ogden,2026-04-04,2,2026-04-18,Flu ED visits pct,quantile,0.05,0.15524679584609502
oregon,2026-04-04,2,2026-04-18,Flu ED visits pct,quantile,0.05,0.29888038315372867
pittsfield,2026-04-04,2,2026-04-18,Flu ED visits pct,quantile,0.05,0.02480797972987743
portland,2026-04-04,2,2026-04-18,Flu ED visits pct,quantile,0.05,0.2896366641312409
portland-or,2026-04-04,2,2026-04-18,Flu ED visits pct,quantile,0.05,0.33876332174899726
provo,2026-04-04,2,2026-04-18,Flu ED visits pct,quantile,0.05,0.08179236617273966
roanoke,2026-04-04,2,2026-04-18,Flu ED visits pct,quantile,0.05,0.3196081195796618
rochester,2026-04-04,2,2026-04-18,Flu ED visits pct,quantile,0.05,0.15661430829592207
rock-hill,2026-04-04,2,2026-04-18,Flu ED visits pct,quantile,0.05,0.15433519520805014
rtp-area,2026-04-04,2,2026-04-18,Flu ED visits pct,quantile,0.05,0.22610394648651516
salem,2026-04-04,2,2026-04-18,Flu ED visits pct,quantile,0.05,0.20587757871316198
salt-lake-city,2026-04-04,2,2026-04-18,Flu ED visits pct,quantile,0.05,0.1931184029884533
san-antonio,2026-04-04,2,2026-04-18,Flu ED visits pct,quantile,0.05,0.26733816305494396
savannah,2026-04-04,2,2026-04-18,Flu ED visits pct,quantile,0.05,0.12322908726232167
senc,2026-04-04,2,2026-04-18,Flu ED visits pct,quantile,0.05,0.29185328447605235
south-augusta,2026-04-04,2,2026-04-18,Flu ED visits pct,quantile,0.05,0.1646400633100194
south-carolina,2026-04-04,2,2026-04-18,Flu ED visits pct,quantile,0.05,0.27754757968497257
springfield,2026-04-04,2,2026-04-18,Flu ED visits pct,quantile,0.05,0.6136359564582253
st-cloud,2026-04-04,2,2026-04-18,Flu ED visits pct,quantile,0.05,0.25090580963366266
st-paul,2026-04-04,2,2026-04-18,Flu ED visits pct,quantile,0.05,0.4830862586689927
texas,2026-04-04,2,2026-04-18,Flu ED visits pct,quantile,0.05,0.33562956781324177
triad-area,2026-04-04,2,2026-04-18,Flu ED visits pct,quantile,0.05,0.27833455634018467
utah,2026-04-04,2,2026-04-18,Flu ED visits pct,quantile,0.05,0.23343632650687599
virginia,2026-04-04,2,2026-04-18,Flu ED visits pct,quantile,0.05,0.5256174439755904
weld,2026-04-04,2,2026-04-18,Flu ED visits pct,quantile,0.05,0.1995100047075533
wnc,2026-04-04,2,2026-04-18,Flu ED visits pct,quantile,0.05,0.1978573534596827
worcester,2026-04-04,2,2026-04-18,Flu ED visits pct,quantile,0.05,0.441428612306208
athens,2026-04-04,3,2026-04-25,Flu ED visits pct,quantile,0.05,0.08169276451750017
austin,2026-04-04,3,2026-04-25,Flu ED visits pct,quantile,0.05,0.20029413201464258
baltimore,2026-04-04,3,2026-04-25,Flu ED visits pct,quantile,0.05,0.40839459362527036
bangor,2026-04-04,3,2026-04-25,Flu ED visits pct,quantile,0.05,0.21495643038248538
beaumont,2026-04-04,3,2026-04-25,Flu ED visits pct,quantile,0.05,0.16440952175473755
boston,2026-04-04,3,2026-04-25,Flu ED visits pct,quantile,0.05,0.5361054424205122
boulder,2026-04-04,3,2026-04-25,Flu ED visits pct,quantile,0.05,0.13934475170361985
charleston,2026-04-04,3,2026-04-25,Flu ED visits pct,quantile,0.05,0.10504329312027282
cherokee,2026-04-04,3,2026-04-25,Flu ED visits pct,quantile,0.05,0.2873932992058624
clt-area,2026-04-04,3,2026-04-25,Flu ED visits pct,quantile,0.05,0.406250361534472
colorado,2026-04-04,3,2026-04-25,Flu ED visits pct,quantile,0.05,0.38640686472408775
colorado-springs,2026-04-04,3,2026-04-25,Flu ED visits pct,quantile,0.05,0.3659272443646661
columbia,2026-04-04,3,2026-04-25,Flu ED visits pct,quantile,0.05,0.12633459235153238
columbus,2026-04-04,3,2026-04-25,Flu ED visits pct,quantile,0.05,0.11779500219960888
dallas,2026-04-04,3,2026-04-25,Flu ED visits pct,quantile,0.05,0.1975784389228686
denver,2026-04-04,3,2026-04-25,Flu ED visits pct,quantile,0.05,0.4320649773316798
deschutes,2026-04-04,3,2026-04-25,Flu ED visits pct,quantile,0.05,0.18953767127987334
duluth,2026-04-04,3,2026-04-25,Flu ED visits pct,quantile,0.05,0.2833636659807635
el-paso,2026-04-04,3,2026-04-25,Flu ED visits pct,quantile,0.05,0.4141352202792751
eugene,2026-04-04,3,2026-04-25,Flu ED visits pct,quantile,0.05,0.0636240525930066
fay-area,2026-04-04,3,2026-04-25,Flu ED visits pct,quantile,0.05,0.3826602623383543
florence,2026-04-04,3,2026-04-25,Flu ED visits pct,quantile,0.05,0.029478647286056918
floyd,2026-04-04,3,2026-04-25,Flu ED visits pct,quantile,0.05,0.12257620240815202
frederick,2026-04-04,3,2026-04-25,Flu ED visits pct,quantile,0.05,0.42416934881350826
georgia,2026-04-04,3,2026-04-25,Flu ED visits pct,quantile,0.05,0.27158598591860295
greenville,2026-04-04,3,2026-04-25,Flu ED visits pct,quantile,0.05,0.10945658616642755
hall,2026-04-04,3,2026-04-25,Flu ED visits pct,quantile,0.05,0.132109954074749
harford,2026-04-04,3,2026-04-25,Flu ED visits pct,quantile,0.05,0.08081436596004157
henry,2026-04-04,3,2026-04-25,Flu ED visits pct,quantile,0.05,0.11117835140249849
horry,2026-04-04,3,2026-04-25,Flu ED visits pct,quantile,0.05,0.18225817904297556
houston,2026-04-04,3,2026-04-25,Flu ED visits pct,quantile,0.05,0.2643345224880203
indiana,2026-04-04,3,2026-04-25,Flu ED visits pct,quantile,0.05,0.25310793465447207
indianapolis,2026-04-04,3,2026-04-25,Flu ED visits pct,quantile,0.05,0.16032972496989126
la-grange,2026-04-04,3,2026-04-25,Flu ED visits pct,quantile,0.05,0.06348132797964642
larimer,2026-04-04,3,2026-04-25,Flu ED visits pct,quantile,0.05,0.1518392282208043
lynn,2026-04-04,3,2026-04-25,Flu ED visits pct,quantile,0.05,0.29840033310518105
macon,2026-04-04,3,2026-04-25,Flu ED visits pct,quantile,0.05,0.07465224790541658
maine,2026-04-04,3,2026-04-25,Flu ED visits pct,quantile,0.05,0.32682416535563025
marietta,2026-04-04,3,2026-04-25,Flu ED visits pct,quantile,0.05,0.12613393787571836
maryland,2026-04-04,3,2026-04-25,Flu ED visits pct,quantile,0.05,0.3963584102077017
massachusetts,2026-04-04,3,2026-04-25,Flu ED visits pct,quantile,0.05,0.6193935308476537
medford,2026-04-04,3,2026-04-25,Flu ED visits pct,quantile,0.05,0.00518296241707937
mesa,2026-04-04,3,2026-04-25,Flu ED visits pct,quantile,0.05,0.010446784640642694
minneapolis,2026-04-04,3,2026-04-25,Flu ED visits pct,quantile,0.05,0.49302984769108626
minnesota,2026-04-04,3,2026-04-25,Flu ED visits pct,quantile,0.05,0.4860941673400474
montgomery,2026-04-04,3,2026-04-25,Flu ED visits pct,quantile,0.05,0.4257961425831948
nenc,2026-04-04,3,2026-04-25,Flu ED visits pct,quantile,0.05,0.13630975140714263
new-bedford,2026-04-04,3,2026-04-25,Flu ED visits pct,quantile,0.05,0.4912522783561061
north-carolina,2026-04-04,3,2026-04-25,Flu ED visits pct,quantile,0.05,0.29583440430841845
nyc,2026-04-04,3,2026-04-25,ILI ED visits pct,quantile,0.05,1.972647980829351
ogden,2026-04-04,3,2026-04-25,Flu ED visits pct,quantile,0.05,0.13353803484951574
oregon,2026-04-04,3,2026-04-25,Flu ED visits pct,quantile,0.05,0.23861483331738645
pittsfield,2026-04-04,3,2026-04-25,Flu ED visits pct,quantile,0.05,0.017358894443097093
portland,2026-04-04,3,2026-04-25,Flu ED visits pct,quantile,0.05,0.21570935672188965
portland-or,2026-04-04,3,2026-04-25,Flu ED visits pct,quantile,0.05,0.264118400820998
provo,2026-04-04,3,2026-04-25,Flu ED visits pct,quantile,0.05,0.07199046090962388
roanoke,2026-04-04,3,2026-04-25,Flu ED visits pct,quantile,0.05,0.22703069938950202
rochester,2026-04-04,3,2026-04-25,Flu ED visits pct,quantile,0.05,0.11362651442848522
rock-hill,2026-04-04,3,2026-04-25,Flu ED visits pct,quantile,0.05,0.11734147064078122
rtp-area,2026-04-04,3,2026-04-25,Flu ED visits pct,quantile,0.05,0.16371789819154448
salem,2026-04-04,3,2026-04-25,Flu ED visits pct,quantile,0.05,0.14420380008087116
salt-lake-city,2026-04-04,3,2026-04-25,Flu ED visits pct,quantile,0.05,0.1668813949253035
san-antonio,2026-04-04,3,2026-04-25,Flu ED visits pct,quantile,0.05,0.22905935348748446
savannah,2026-04-04,3,2026-04-25,Flu ED visits pct,quantile,0.05,0.09369777370361308
senc,2026-04-04,3,2026-04-25,Flu ED visits pct,quantile,0.05,0.19233380349717746
south-augusta,2026-04-04,3,2026-04-25,Flu ED visits pct,quantile,0.05,0.11883909628855589
south-carolina,2026-04-04,3,2026-04-25,Flu ED visits pct,quantile,0.05,0.22959530009081613
springfield,2026-04-04,3,2026-04-25,Flu ED visits pct,quantile,0.05,0.46045377563776974
st-cloud,2026-04-04,3,2026-04-25,Flu ED visits pct,quantile,0.05,0.18213116717487393
st-paul,2026-04-04,3,2026-04-25,Flu ED visits pct,quantile,0.05,0.4101071855099916
texas,2026-04-04,3,2026-04-25,Flu ED visits pct,quantile,0.05,0.3061982647820357
triad-area,2026-04-04,3,2026-04-25,Flu ED visits pct,quantile,0.05,0.20436476207323193
utah,2026-04-04,3,2026-04-25,Flu ED visits pct,quantile,0.05,0.19972659142773674
virginia,2026-04-04,3,2026-04-25,Flu ED visits pct,quantile,0.05,0.44997314733377525
weld,2026-04-04,3,2026-04-25,Flu ED visits pct,quantile,0.05,0.1363554308852904
wnc,2026-04-04,3,2026-04-25,Flu ED visits pct,quantile,0.05,0.12958554821812643
worcester,2026-04-04,3,2026-04-25,Flu ED visits pct,quantile,0.05,0.36475506574732774
athens,2026-04-04,0,2026-04-04,Flu ED visits pct,quantile,0.1,0.43951811336006663
austin,2026-04-04,0,2026-04-04,Flu ED visits pct,quantile,0.1,0.40047179456500154
baltimore,2026-04-04,0,2026-04-04,Flu ED visits pct,quantile,0.1,0.8229659597503199
bangor,2026-04-04,0,2026-04-04,Flu ED visits pct,quantile,0.1,0.7943694868430672
beaumont,2026-04-04,0,2026-04-04,Flu ED visits pct,quantile,0.1,0.44028422518180677
boston,2026-04-04,0,2026-04-04,Flu ED visits pct,quantile,0.1,1.059695921932597
boulder,2026-04-04,0,2026-04-04,Flu ED visits pct,quantile,0.1,0.8955878194153903
charleston,2026-04-04,0,2026-04-04,Flu ED visits pct,quantile,0.1,0.38360106789233733
cherokee,2026-04-04,0,2026-04-04,Flu ED visits pct,quantile,0.1,0.7568707485482786
clt-area,2026-04-04,0,2026-04-04,Flu ED visits pct,quantile,0.1,1.4881392182472568
colorado,2026-04-04,0,2026-04-04,Flu ED visits pct,quantile,0.1,1.099300520423328
colorado-springs,2026-04-04,0,2026-04-04,Flu ED visits pct,quantile,0.1,1.2006925647587918
columbia,2026-04-04,0,2026-04-04,Flu ED visits pct,quantile,0.1,0.37698426204639707
columbus,2026-04-04,0,2026-04-04,Flu ED visits pct,quantile,0.1,0.5430505473061018
dallas,2026-04-04,0,2026-04-04,Flu ED visits pct,quantile,0.1,0.40904603673930917
denver,2026-04-04,0,2026-04-04,Flu ED visits pct,quantile,0.1,1.181855183058063
deschutes,2026-04-04,0,2026-04-04,Flu ED visits pct,quantile,0.1,0.44250048278218584
duluth,2026-04-04,0,2026-04-04,Flu ED visits pct,quantile,0.1,1.149904873689843
el-paso,2026-04-04,0,2026-04-04,Flu ED visits pct,quantile,0.1,0.8434004250204704
eugene,2026-04-04,0,2026-04-04,Flu ED visits pct,quantile,0.1,0.2558083076483856
fay-area,2026-04-04,0,2026-04-04,Flu ED visits pct,quantile,0.1,1.3698399104825363
florence,2026-04-04,0,2026-04-04,Flu ED visits pct,quantile,0.1,0.0826958198800383
floyd,2026-04-04,0,2026-04-04,Flu ED visits pct,quantile,0.1,0.3712115419822217
frederick,2026-04-04,0,2026-04-04,Flu ED visits pct,quantile,0.1,1.111411961262666
georgia,2026-04-04,0,2026-04-04,Flu ED visits pct,quantile,0.1,0.5283790346562681
greenville,2026-04-04,0,2026-04-04,Flu ED visits pct,quantile,0.1,0.4792752740798332
hall,2026-04-04,0,2026-04-04,Flu ED visits pct,quantile,0.1,0.4603297838675073
harford,2026-04-04,0,2026-04-04,Flu ED visits pct,quantile,0.1,0.2301593280421003
henry,2026-04-04,0,2026-04-04,Flu ED visits pct,quantile,0.1,0.33404136366071924
horry,2026-04-04,0,2026-04-04,Flu ED visits pct,quantile,0.1,0.4857435465777701
houston,2026-04-04,0,2026-04-04,Flu ED visits pct,quantile,0.1,0.4675647872271047
indiana,2026-04-04,0,2026-04-04,Flu ED visits pct,quantile,0.1,0.8211377323477367
indianapolis,2026-04-04,0,2026-04-04,Flu ED visits pct,quantile,0.1,0.6547428684101751
la-grange,2026-04-04,0,2026-04-04,Flu ED visits pct,quantile,0.1,0.1956438674585747
larimer,2026-04-04,0,2026-04-04,Flu ED visits pct,quantile,0.1,0.6374917703827893
lynn,2026-04-04,0,2026-04-04,Flu ED visits pct,quantile,0.1,0.7295165370880643
macon,2026-04-04,0,2026-04-04,Flu ED visits pct,quantile,0.1,0.21823099758900288
maine,2026-04-04,0,2026-04-04,Flu ED visits pct,quantile,0.1,0.736398151979693
marietta,2026-04-04,0,2026-04-04,Flu ED visits pct,quantile,0.1,0.29572617016964126
maryland,2026-04-04,0,2026-04-04,Flu ED visits pct,quantile,0.1,0.9036645810357465
massachusetts,2026-04-04,0,2026-04-04,Flu ED visits pct,quantile,0.1,1.1960722343393853
medford,2026-04-04,0,2026-04-04,Flu ED visits pct,quantile,0.1,0.028682434964812202
mesa,2026-04-04,0,2026-04-04,Flu ED visits pct,quantile,0.1,0.040121451632524896
minneapolis,2026-04-04,0,2026-04-04,Flu ED visits pct,quantile,0.1,1.3146381151542958
minnesota,2026-04-04,0,2026-04-04,Flu ED visits pct,quantile,0.1,1.1761498317672126
montgomery,2026-04-04,0,2026-04-04,Flu ED visits pct,quantile,0.1,0.8443311054243092
nenc,2026-04-04,0,2026-04-04,Flu ED visits pct,quantile,0.1,0.5204486837949838
new-bedford,2026-04-04,0,2026-04-04,Flu ED visits pct,quantile,0.1,1.1336476893094283
north-carolina,2026-04-04,0,2026-04-04,Flu ED visits pct,quantile,0.1,0.964794911028167
nyc,2026-04-04,0,2026-04-04,ILI ED visits pct,quantile,0.1,2.808040098245451
ogden,2026-04-04,0,2026-04-04,Flu ED visits pct,quantile,0.1,0.323433249325954
oregon,2026-04-04,0,2026-04-04,Flu ED visits pct,quantile,0.1,0.6504082456063826
pittsfield,2026-04-04,0,2026-04-04,Flu ED visits pct,quantile,0.1,0.0963542287410388
portland,2026-04-04,0,2026-04-04,Flu ED visits pct,quantile,0.1,0.5917897974087629
portland-or,2026-04-04,0,2026-04-04,Flu ED visits pct,quantile,0.1,0.7299257047630139
provo,2026-04-04,0,2026-04-04,Flu ED visits pct,quantile,0.1,0.16746561429571816
roanoke,2026-04-04,0,2026-04-04,Flu ED visits pct,quantile,0.1,0.9202891225782398
rochester,2026-04-04,0,2026-04-04,Flu ED visits pct,quantile,0.1,0.5515316644870275
rock-hill,2026-04-04,0,2026-04-04,Flu ED visits pct,quantile,0.1,0.3722103901087385
rtp-area,2026-04-04,0,2026-04-04,Flu ED visits pct,quantile,0.1,0.5808703296784559
salem,2026-04-04,0,2026-04-04,Flu ED visits pct,quantile,0.1,0.6513786622399363
salt-lake-city,2026-04-04,0,2026-04-04,Flu ED visits pct,quantile,0.1,0.3447649467198125
san-antonio,2026-04-04,0,2026-04-04,Flu ED visits pct,quantile,0.1,0.5014807149326347
savannah,2026-04-04,0,2026-04-04,Flu ED visits pct,quantile,0.1,0.2795116336069801
senc,2026-04-04,0,2026-04-04,Flu ED visits pct,quantile,0.1,0.7307094501628151
south-augusta,2026-04-04,0,2026-04-04,Flu ED visits pct,quantile,0.1,0.5276212761475041
south-carolina,2026-04-04,0,2026-04-04,Flu ED visits pct,quantile,0.1,0.5342570549733056
springfield,2026-04-04,0,2026-04-04,Flu ED visits pct,quantile,0.1,1.284945075860069
st-cloud,2026-04-04,0,2026-04-04,Flu ED visits pct,quantile,0.1,0.7727693358975326
st-paul,2026-04-04,0,2026-04-04,Flu ED visits pct,quantile,0.1,0.883121584729494
texas,2026-04-04,0,2026-04-04,Flu ED visits pct,quantile,0.1,0.5307813340637438
triad-area,2026-04-04,0,2026-04-04,Flu ED visits pct,quantile,0.1,0.6598184730643217
utah,2026-04-04,0,2026-04-04,Flu ED visits pct,quantile,0.1,0.3997103806246185
virginia,2026-04-04,0,2026-04-04,Flu ED visits pct,quantile,0.1,0.9045948997553838
weld,2026-04-04,0,2026-04-04,Flu ED visits pct,quantile,0.1,0.7064533984210349
wnc,2026-04-04,0,2026-04-04,Flu ED visits pct,quantile,0.1,0.559300997353113
worcester,2026-04-04,0,2026-04-04,Flu ED visits pct,quantile,0.1,1.0155040903822001
athens,2026-04-04,1,2026-04-11,Flu ED visits pct,quantile,0.1,0.2845441565758485
austin,2026-04-04,1,2026-04-11,Flu ED visits pct,quantile,0.1,0.33577903689814487
baltimore,2026-04-04,1,2026-04-11,Flu ED visits pct,quantile,0.1,0.712676463866971
bangor,2026-04-04,1,2026-04-11,Flu ED visits pct,quantile,0.1,0.5544388516267633
beaumont,2026-04-04,1,2026-04-11,Flu ED visits pct,quantile,0.1,0.34648943016736994
boston,2026-04-04,1,2026-04-11,Flu ED visits pct,quantile,0.1,0.8931855141075776
boulder,2026-04-04,1,2026-04-11,Flu ED visits pct,quantile,0.1,0.5255494310287352
charleston,2026-04-04,1,2026-04-11,Flu ED visits pct,quantile,0.1,0.26162286148438246
cherokee,2026-04-04,1,2026-04-11,Flu ED visits pct,quantile,0.1,0.5656395469629321
clt-area,2026-04-04,1,2026-04-11,Flu ED visits pct,quantile,0.1,1.0032152314252034
colorado,2026-04-04,1,2026-04-11,Flu ED visits pct,quantile,0.1,0.7631640452402978
colorado-springs,2026-04-04,1,2026-04-11,Flu ED visits pct,quantile,0.1,0.851170251242425
columbia,2026-04-04,1,2026-04-11,Flu ED visits pct,quantile,0.1,0.2835241666089437
columbus,2026-04-04,1,2026-04-11,Flu ED visits pct,quantile,0.1,0.371257101490229
dallas,2026-04-04,1,2026-04-11,Flu ED visits pct,quantile,0.1,0.3409529095102072
denver,2026-04-04,1,2026-04-11,Flu ED visits pct,quantile,0.1,0.8882105950458814
deschutes,2026-04-04,1,2026-04-11,Flu ED visits pct,quantile,0.1,0.35542864460713675
duluth,2026-04-04,1,2026-04-11,Flu ED visits pct,quantile,0.1,0.8122653625840126
el-paso,2026-04-04,1,2026-04-11,Flu ED visits pct,quantile,0.1,0.6957840436652742
eugene,2026-04-04,1,2026-04-11,Flu ED visits pct,quantile,0.1,0.17480145936578895
fay-area,2026-04-04,1,2026-04-11,Flu ED visits pct,quantile,0.1,0.9032917766280927
florence,2026-04-04,1,2026-04-11,Flu ED visits pct,quantile,0.1,0.06309616911679033
floyd,2026-04-04,1,2026-04-11,Flu ED visits pct,quantile,0.1,0.2681035819648934
frederick,2026-04-04,1,2026-04-11,Flu ED visits pct,quantile,0.1,0.888221097974866
georgia,2026-04-04,1,2026-04-11,Flu ED visits pct,quantile,0.1,0.44931912684968167
greenville,2026-04-04,1,2026-04-11,Flu ED visits pct,quantile,0.1,0.3173783884442431
hall,2026-04-04,1,2026-04-11,Flu ED visits pct,quantile,0.1,0.34418990233491203
harford,2026-04-04,1,2026-04-11,Flu ED visits pct,quantile,0.1,0.17991788016067203
henry,2026-04-04,1,2026-04-11,Flu ED visits pct,quantile,0.1,0.26496580889035243
horry,2026-04-04,1,2026-04-11,Flu ED visits pct,quantile,0.1,0.3876116192628058
houston,2026-04-04,1,2026-04-11,Flu ED visits pct,quantile,0.1,0.41413433559571533
indiana,2026-04-04,1,2026-04-11,Flu ED visits pct,quantile,0.1,0.5218194122636305
indianapolis,2026-04-04,1,2026-04-11,Flu ED visits pct,quantile,0.1,0.4283959406515945
la-grange,2026-04-04,1,2026-04-11,Flu ED visits pct,quantile,0.1,0.15436731419254657
larimer,2026-04-04,1,2026-04-11,Flu ED visits pct,quantile,0.1,0.4468945248077633
lynn,2026-04-04,1,2026-04-11,Flu ED visits pct,quantile,0.1,0.6168583985144108
macon,2026-04-04,1,2026-04-11,Flu ED visits pct,quantile,0.1,0.16403869361151757
maine,2026-04-04,1,2026-04-11,Flu ED visits pct,quantile,0.1,0.5388940888546326
marietta,2026-04-04,1,2026-04-11,Flu ED visits pct,quantile,0.1,0.21952104807816739
maryland,2026-04-04,1,2026-04-11,Flu ED visits pct,quantile,0.1,0.7267270987391234
massachusetts,2026-04-04,1,2026-04-11,Flu ED visits pct,quantile,0.1,1.0203306907817313
medford,2026-04-04,1,2026-04-11,Flu ED visits pct,quantile,0.1,0.020107730468607678
mesa,2026-04-04,1,2026-04-11,Flu ED visits pct,quantile,0.1,0.029365597880002585
minneapolis,2026-04-04,1,2026-04-11,Flu ED visits pct,quantile,0.1,0.9681696520791737
minnesota,2026-04-04,1,2026-04-11,Flu ED visits pct,quantile,0.1,0.8941884348187109
montgomery,2026-04-04,1,2026-04-11,Flu ED visits pct,quantile,0.1,0.7027272269487579
nenc,2026-04-04,1,2026-04-11,Flu ED visits pct,quantile,0.1,0.329606462782725
new-bedford,2026-04-04,1,2026-04-11,Flu ED visits pct,quantile,0.1,0.9148571571135776
north-carolina,2026-04-04,1,2026-04-11,Flu ED visits pct,quantile,0.1,0.6693136092581715
nyc,2026-04-04,1,2026-04-11,ILI ED visits pct,quantile,0.1,2.684084736931248
ogden,2026-04-04,1,2026-04-11,Flu ED visits pct,quantile,0.1,0.25304342768584204
oregon,2026-04-04,1,2026-04-11,Flu ED visits pct,quantile,0.1,0.49605054347115907
pittsfield,2026-04-04,1,2026-04-11,Flu ED visits pct,quantile,0.1,0.05642229850086682
portland,2026-04-04,1,2026-04-11,Flu ED visits pct,quantile,0.1,0.45984465080712483
portland-or,2026-04-04,1,2026-04-11,Flu ED visits pct,quantile,0.1,0.5440262608443412
provo,2026-04-04,1,2026-04-11,Flu ED visits pct,quantile,0.1,0.13729138694741388
roanoke,2026-04-04,1,2026-04-11,Flu ED visits pct,quantile,0.1,0.5830184953090825
rochester,2026-04-04,1,2026-04-11,Flu ED visits pct,quantile,0.1,0.373075184370014
rock-hill,2026-04-04,1,2026-04-11,Flu ED visits pct,quantile,0.1,0.31067973899992046
rtp-area,2026-04-04,1,2026-04-11,Flu ED visits pct,quantile,0.1,0.37576888069859643
salem,2026-04-04,1,2026-04-11,Flu ED visits pct,quantile,0.1,0.423921932398099
salt-lake-city,2026-04-04,1,2026-04-11,Flu ED visits pct,quantile,0.1,0.2890332909399761
san-antonio,2026-04-04,1,2026-04-11,Flu ED visits pct,quantile,0.1,0.39905873764336397
savannah,2026-04-04,1,2026-04-11,Flu ED visits pct,quantile,0.1,0.20355981406230123
senc,2026-04-04,1,2026-04-11,Flu ED visits pct,quantile,0.1,0.4848264466378861
south-augusta,2026-04-04,1,2026-04-11,Flu ED visits pct,quantile,0.1,0.3499646171558366
south-carolina,2026-04-04,1,2026-04-11,Flu ED visits pct,quantile,0.1,0.4260665036602618
springfield,2026-04-04,1,2026-04-11,Flu ED visits pct,quantile,0.1,0.96172949154652
st-cloud,2026-04-04,1,2026-04-11,Flu ED visits pct,quantile,0.1,0.5252480150708378
st-paul,2026-04-04,1,2026-04-11,Flu ED visits pct,quantile,0.1,0.7070598000592114
texas,2026-04-04,1,2026-04-11,Flu ED visits pct,quantile,0.1,0.45673412491246906
triad-area,2026-04-04,1,2026-04-11,Flu ED visits pct,quantile,0.1,0.4391448886449837
utah,2026-04-04,1,2026-04-11,Flu ED visits pct,quantile,0.1,0.33834606043788135
virginia,2026-04-04,1,2026-04-11,Flu ED visits pct,quantile,0.1,0.7672652422756607
weld,2026-04-04,1,2026-04-11,Flu ED visits pct,quantile,0.1,0.41874313686758086
wnc,2026-04-04,1,2026-04-11,Flu ED visits pct,quantile,0.1,0.3513091815482729
worcester,2026-04-04,1,2026-04-11,Flu ED visits pct,quantile,0.1,0.7442982390852768
athens,2026-04-04,2,2026-04-18,Flu ED visits pct,quantile,0.1,0.16374672778573907
austin,2026-04-04,2,2026-04-18,Flu ED visits pct,quantile,0.1,0.2790541656631962
baltimore,2026-04-04,2,2026-04-18,Flu ED visits pct,quantile,0.1,0.6011566216510317
bangor,2026-04-04,2,2026-04-18,Flu ED visits pct,quantile,0.1,0.3400084015082747
beaumont,2026-04-04,2,2026-04-18,Flu ED visits pct,quantile,0.1,0.2707200959815939
boston,2026-04-04,2,2026-04-18,Flu ED visits pct,quantile,0.1,0.7546048509324683
boulder,2026-04-04,2,2026-04-18,Flu ED visits pct,quantile,0.1,0.3048092287789789
charleston,2026-04-04,2,2026-04-18,Flu ED visits pct,quantile,0.1,0.17204203493682363
cherokee,2026-04-04,2,2026-04-18,Flu ED visits pct,quantile,0.1,0.434625246591109
clt-area,2026-04-04,2,2026-04-18,Flu ED visits pct,quantile,0.1,0.7085255234043655
colorado,2026-04-04,2,2026-04-18,Flu ED visits pct,quantile,0.1,0.5438881569008345
colorado-springs,2026-04-04,2,2026-04-18,Flu ED visits pct,quantile,0.1,0.5663668564348004
columbia,2026-04-04,2,2026-04-18,Flu ED visits pct,quantile,0.1,0.20309250974211537
columbus,2026-04-04,2,2026-04-18,Flu ED visits pct,quantile,0.1,0.22522816558570083
dallas,2026-04-04,2,2026-04-18,Flu ED visits pct,quantile,0.1,0.2741159565677805
denver,2026-04-04,2,2026-04-18,Flu ED visits pct,quantile,0.1,0.6719442010338734
deschutes,2026-04-04,2,2026-04-18,Flu ED visits pct,quantile,0.1,0.25677250155587533
duluth,2026-04-04,2,2026-04-18,Flu ED visits pct,quantile,0.1,0.49442698441336796
el-paso,2026-04-04,2,2026-04-18,Flu ED visits pct,quantile,0.1,0.5435956408397568
eugene,2026-04-04,2,2026-04-18,Flu ED visits pct,quantile,0.1,0.11729324592769584
fay-area,2026-04-04,2,2026-04-18,Flu ED visits pct,quantile,0.1,0.6289348525087126
florence,2026-04-04,2,2026-04-18,Flu ED visits pct,quantile,0.1,0.03986344468230407
floyd,2026-04-04,2,2026-04-18,Flu ED visits pct,quantile,0.1,0.18493879189927806
frederick,2026-04-04,2,2026-04-18,Flu ED visits pct,quantile,0.1,0.6797025983747007
georgia,2026-04-04,2,2026-04-18,Flu ED visits pct,quantile,0.1,0.3798409832764908
greenville,2026-04-04,2,2026-04-18,Flu ED visits pct,quantile,0.1,0.19946258458310304
hall,2026-04-04,2,2026-04-18,Flu ED visits pct,quantile,0.1,0.25603375328420713
harford,2026-04-04,2,2026-04-18,Flu ED visits pct,quantile,0.1,0.1358200190183536
henry,2026-04-04,2,2026-04-18,Flu ED visits pct,quantile,0.1,0.1998224853808016
horry,2026-04-04,2,2026-04-18,Flu ED visits pct,quantile,0.1,0.315227059082672
houston,2026-04-04,2,2026-04-18,Flu ED visits pct,quantile,0.1,0.36477434265294106
indiana,2026-04-04,2,2026-04-18,Flu ED visits pct,quantile,0.1,0.36543719380099865
indianapolis,2026-04-04,2,2026-04-18,Flu ED visits pct,quantile,0.1,0.286048533053823
la-grange,2026-04-04,2,2026-04-18,Flu ED visits pct,quantile,0.1,0.10899736173013248
larimer,2026-04-04,2,2026-04-18,Flu ED visits pct,quantile,0.1,0.30800204780228047
lynn,2026-04-04,2,2026-04-18,Flu ED visits pct,quantile,0.1,0.5038521461216374
macon,2026-04-04,2,2026-04-18,Flu ED visits pct,quantile,0.1,0.12399717650272822
maine,2026-04-04,2,2026-04-18,Flu ED visits pct,quantile,0.1,0.42987785051576594
marietta,2026-04-04,2,2026-04-18,Flu ED visits pct,quantile,0.1,0.1697796370210823
maryland,2026-04-04,2,2026-04-18,Flu ED visits pct,quantile,0.1,0.5824775330991517
massachusetts,2026-04-04,2,2026-04-18,Flu ED visits pct,quantile,0.1,0.8748301390984574
medford,2026-04-04,2,2026-04-18,Flu ED visits pct,quantile,0.1,0.011253894614678487
mesa,2026-04-04,2,2026-04-18,Flu ED visits pct,quantile,0.1,0.019475375335547898
minneapolis,2026-04-04,2,2026-04-18,Flu ED visits pct,quantile,0.1,0.7045563978088969
minnesota,2026-04-04,2,2026-04-18,Flu ED visits pct,quantile,0.1,0.6939560784653882
montgomery,2026-04-04,2,2026-04-18,Flu ED visits pct,quantile,0.1,0.5890924313527214
nenc,2026-04-04,2,2026-04-18,Flu ED visits pct,quantile,0.1,0.20336600054095386
new-bedford,2026-04-04,2,2026-04-18,Flu ED visits pct,quantile,0.1,0.6768317693740803
north-carolina,2026-04-04,2,2026-04-18,Flu ED visits pct,quantile,0.1,0.488594057418884
nyc,2026-04-04,2,2026-04-18,ILI ED visits pct,quantile,0.1,2.4517340134341334
ogden,2026-04-04,2,2026-04-18,Flu ED visits pct,quantile,0.1,0.19695399549881776
oregon,2026-04-04,2,2026-04-18,Flu ED visits pct,quantile,0.1,0.37202040820942894
pittsfield,2026-04-04,2,2026-04-18,Flu ED visits pct,quantile,0.1,0.029634685862143358
portland,2026-04-04,2,2026-04-18,Flu ED visits pct,quantile,0.1,0.3202413670710814
portland-or,2026-04-04,2,2026-04-18,Flu ED visits pct,quantile,0.1,0.4049980874405913
provo,2026-04-04,2,2026-04-18,Flu ED visits pct,quantile,0.1,0.10610654155257798
roanoke,2026-04-04,2,2026-04-18,Flu ED visits pct,quantile,0.1,0.3332083585047219
rochester,2026-04-04,2,2026-04-18,Flu ED visits pct,quantile,0.1,0.21798541454040318
rock-hill,2026-04-04,2,2026-04-18,Flu ED visits pct,quantile,0.1,0.2237689945938007
rtp-area,2026-04-04,2,2026-04-18,Flu ED visits pct,quantile,0.1,0.2659293292034585
salem,2026-04-04,2,2026-04-18,Flu ED visits pct,quantile,0.1,0.2509310003878616
salt-lake-city,2026-04-04,2,2026-04-18,Flu ED visits pct,quantile,0.1,0.2350071837890444
san-antonio,2026-04-04,2,2026-04-18,Flu ED visits pct,quantile,0.1,0.31363226612972156
savannah,2026-04-04,2,2026-04-18,Flu ED visits pct,quantile,0.1,0.14965545441403352
senc,2026-04-04,2,2026-04-18,Flu ED visits pct,quantile,0.1,0.29237502948393923
south-augusta,2026-04-04,2,2026-04-18,Flu ED visits pct,quantile,0.1,0.20846551585209233
south-carolina,2026-04-04,2,2026-04-18,Flu ED visits pct,quantile,0.1,0.33380904431440445
springfield,2026-04-04,2,2026-04-18,Flu ED visits pct,quantile,0.1,0.6770567880262116
st-cloud,2026-04-04,2,2026-04-18,Flu ED visits pct,quantile,0.1,0.32128999681554377
st-paul,2026-04-04,2,2026-04-18,Flu ED visits pct,quantile,0.1,0.551160562630464
texas,2026-04-04,2,2026-04-18,Flu ED visits pct,quantile,0.1,0.3985878691725507
triad-area,2026-04-04,2,2026-04-18,Flu ED visits pct,quantile,0.1,0.31325726528692244
utah,2026-04-04,2,2026-04-18,Flu ED visits pct,quantile,0.1,0.2771150188063611
virginia,2026-04-04,2,2026-04-18,Flu ED visits pct,quantile,0.1,0.6277700674920551
weld,2026-04-04,2,2026-04-18,Flu ED visits pct,quantile,0.1,0.22574566208448968
wnc,2026-04-04,2,2026-04-18,Flu ED visits pct,quantile,0.1,0.22671275675241911
worcester,2026-04-04,2,2026-04-18,Flu ED visits pct,quantile,0.1,0.5520388764833144
athens,2026-04-04,3,2026-04-25,Flu ED visits pct,quantile,0.1,0.13137009322597712
austin,2026-04-04,3,2026-04-25,Flu ED visits pct,quantile,0.1,0.2405934900818798
baltimore,2026-04-04,3,2026-04-25,Flu ED visits pct,quantile,0.1,0.5346999155747331
bangor,2026-04-04,3,2026-04-25,Flu ED visits pct,quantile,0.1,0.265406968290375
beaumont,2026-04-04,3,2026-04-25,Flu ED visits pct,quantile,0.1,0.2461111673634821
boston,2026-04-04,3,2026-04-25,Flu ED visits pct,quantile,0.1,0.6371965206176456
boulder,2026-04-04,3,2026-04-25,Flu ED visits pct,quantile,0.1,0.21525785718134838
charleston,2026-04-04,3,2026-04-25,Flu ED visits pct,quantile,0.1,0.13700897324960346
cherokee,2026-04-04,3,2026-04-25,Flu ED visits pct,quantile,0.1,0.36509170061283025
clt-area,2026-04-04,3,2026-04-25,Flu ED visits pct,quantile,0.1,0.46697256970346557
colorado,2026-04-04,3,2026-04-25,Flu ED visits pct,quantile,0.1,0.4265618375996206
colorado-springs,2026-04-04,3,2026-04-25,Flu ED visits pct,quantile,0.1,0.4254954323039712
columbia,2026-04-04,3,2026-04-25,Flu ED visits pct,quantile,0.1,0.17439377630241384
columbus,2026-04-04,3,2026-04-25,Flu ED visits pct,quantile,0.1,0.17393687002777694
dallas,2026-04-04,3,2026-04-25,Flu ED visits pct,quantile,0.1,0.2397574200456803
denver,2026-04-04,3,2026-04-25,Flu ED visits pct,quantile,0.1,0.5254396028199958
deschutes,2026-04-04,3,2026-04-25,Flu ED visits pct,quantile,0.1,0.22443339946970525
duluth,2026-04-04,3,2026-04-25,Flu ED visits pct,quantile,0.1,0.37162063944409074
el-paso,2026-04-04,3,2026-04-25,Flu ED visits pct,quantile,0.1,0.5088842822834083
eugene,2026-04-04,3,2026-04-25,Flu ED visits pct,quantile,0.1,0.09483021129854634
fay-area,2026-04-04,3,2026-04-25,Flu ED visits pct,quantile,0.1,0.4213211270982496
florence,2026-04-04,3,2026-04-25,Flu ED visits pct,quantile,0.1,0.033558913890661464
floyd,2026-04-04,3,2026-04-25,Flu ED visits pct,quantile,0.1,0.1510903187176917
frederick,2026-04-04,3,2026-04-25,Flu ED visits pct,quantile,0.1,0.6150485348844956
georgia,2026-04-04,3,2026-04-25,Flu ED visits pct,quantile,0.1,0.32849768125732043
greenville,2026-04-04,3,2026-04-25,Flu ED visits pct,quantile,0.1,0.146565606298873
hall,2026-04-04,3,2026-04-25,Flu ED visits pct,quantile,0.1,0.22126742019179943
harford,2026-04-04,3,2026-04-25,Flu ED visits pct,quantile,0.1,0.12406116297552101
henry,2026-04-04,3,2026-04-25,Flu ED visits pct,quantile,0.1,0.17062156738636433
horry,2026-04-04,3,2026-04-25,Flu ED visits pct,quantile,0.1,0.27485548742314786
houston,2026-04-04,3,2026-04-25,Flu ED visits pct,quantile,0.1,0.32655171886006573
indiana,2026-04-04,3,2026-04-25,Flu ED visits pct,quantile,0.1,0.28773131377404826
indianapolis,2026-04-04,3,2026-04-25,Flu ED visits pct,quantile,0.1,0.21847795125723815
la-grange,2026-04-04,3,2026-04-25,Flu ED visits pct,quantile,0.1,0.0960207007559294
larimer,2026-04-04,3,2026-04-25,Flu ED visits pct,quantile,0.1,0.2694350913732049
lynn,2026-04-04,3,2026-04-25,Flu ED visits pct,quantile,0.1,0.4420926611469881
macon,2026-04-04,3,2026-04-25,Flu ED visits pct,quantile,0.1,0.10704279071212808
maine,2026-04-04,3,2026-04-25,Flu ED visits pct,quantile,0.1,0.36200907162260193
marietta,2026-04-04,3,2026-04-25,Flu ED visits pct,quantile,0.1,0.15104053554367913
maryland,2026-04-04,3,2026-04-25,Flu ED visits pct,quantile,0.1,0.5349183898230034
massachusetts,2026-04-04,3,2026-04-25,Flu ED visits pct,quantile,0.1,0.7494518502314117
medford,2026-04-04,3,2026-04-25,Flu ED visits pct,quantile,0.1,0.00903527001441236
mesa,2026-04-04,3,2026-04-25,Flu ED visits pct,quantile,0.1,0.016591299080982586
minneapolis,2026-04-04,3,2026-04-25,Flu ED visits pct,quantile,0.1,0.5695065573824138
minnesota,2026-04-04,3,2026-04-25,Flu ED visits pct,quantile,0.1,0.5676721793305013
montgomery,2026-04-04,3,2026-04-25,Flu ED visits pct,quantile,0.1,0.5434481584454682
nenc,2026-04-04,3,2026-04-25,Flu ED visits pct,quantile,0.1,0.14572941324874944
new-bedford,2026-04-04,3,2026-04-25,Flu ED visits pct,quantile,0.1,0.5892346705842064
north-carolina,2026-04-04,3,2026-04-25,Flu ED visits pct,quantile,0.1,0.3570433771591848
nyc,2026-04-04,3,2026-04-25,ILI ED visits pct,quantile,0.1,2.228092607384662
ogden,2026-04-04,3,2026-04-25,Flu ED visits pct,quantile,0.1,0.17531751312958418
oregon,2026-04-04,3,2026-04-25,Flu ED visits pct,quantile,0.1,0.29747516329983287
pittsfield,2026-04-04,3,2026-04-25,Flu ED visits pct,quantile,0.1,0.02397631925184121
portland,2026-04-04,3,2026-04-25,Flu ED visits pct,quantile,0.1,0.27116617176168983
portland-or,2026-04-04,3,2026-04-25,Flu ED visits pct,quantile,0.1,0.3174674524795155
provo,2026-04-04,3,2026-04-25,Flu ED visits pct,quantile,0.1,0.09368832682380912
roanoke,2026-04-04,3,2026-04-25,Flu ED visits pct,quantile,0.1,0.2599573536718727
rochester,2026-04-04,3,2026-04-25,Flu ED visits pct,quantile,0.1,0.16803083481730918
rock-hill,2026-04-04,3,2026-04-25,Flu ED visits pct,quantile,0.1,0.1963304411942049
rtp-area,2026-04-04,3,2026-04-25,Flu ED visits pct,quantile,0.1,0.19367175241339002
salem,2026-04-04,3,2026-04-25,Flu ED visits pct,quantile,0.1,0.20166030272065522
salt-lake-city,2026-04-04,3,2026-04-25,Flu ED visits pct,quantile,0.1,0.20351966091825432
san-antonio,2026-04-04,3,2026-04-25,Flu ED visits pct,quantile,0.1,0.2658526103661774
savannah,2026-04-04,3,2026-04-25,Flu ED visits pct,quantile,0.1,0.1230236944569459
senc,2026-04-04,3,2026-04-25,Flu ED visits pct,quantile,0.1,0.21466839650774475
south-augusta,2026-04-04,3,2026-04-25,Flu ED visits pct,quantile,0.1,0.15944344483872788
south-carolina,2026-04-04,3,2026-04-25,Flu ED visits pct,quantile,0.1,0.27569386694975784
springfield,2026-04-04,3,2026-04-25,Flu ED visits pct,quantile,0.1,0.5800631704631368
st-cloud,2026-04-04,3,2026-04-25,Flu ED visits pct,quantile,0.1,0.2487724546120702
st-paul,2026-04-04,3,2026-04-25,Flu ED visits pct,quantile,0.1,0.480328011737643
texas,2026-04-04,3,2026-04-25,Flu ED visits pct,quantile,0.1,0.3577416928394726
triad-area,2026-04-04,3,2026-04-25,Flu ED visits pct,quantile,0.1,0.23281946188500366
utah,2026-04-04,3,2026-04-25,Flu ED visits pct,quantile,0.1,0.2401060921030081
virginia,2026-04-04,3,2026-04-25,Flu ED visits pct,quantile,0.1,0.5507187254939033
weld,2026-04-04,3,2026-04-25,Flu ED visits pct,quantile,0.1,0.18187747144968314
wnc,2026-04-04,3,2026-04-25,Flu ED visits pct,quantile,0.1,0.1488954782771132
worcester,2026-04-04,3,2026-04-25,Flu ED visits pct,quantile,0.1,0.47076205010653666
athens,2026-04-04,0,2026-04-04,Flu ED visits pct,quantile,0.25,0.5880578502424088
austin,2026-04-04,0,2026-04-04,Flu ED visits pct,quantile,0.25,0.4811110873938252
baltimore,2026-04-04,0,2026-04-04,Flu ED visits pct,quantile,0.25,0.9410811138855646
bangor,2026-04-04,0,2026-04-04,Flu ED visits pct,quantile,0.25,1.0351291017159492
beaumont,2026-04-04,0,2026-04-04,Flu ED visits pct,quantile,0.25,0.6348703737433422
boston,2026-04-04,0,2026-04-04,Flu ED visits pct,quantile,0.25,1.2065158511432457
boulder,2026-04-04,0,2026-04-04,Flu ED visits pct,quantile,0.25,1.1208482645922941
charleston,2026-04-04,0,2026-04-04,Flu ED visits pct,quantile,0.25,0.5287791966343893
cherokee,2026-04-04,0,2026-04-04,Flu ED visits pct,quantile,0.25,1.0319846665783028
clt-area,2026-04-04,0,2026-04-04,Flu ED visits pct,quantile,0.25,1.7053969194885517
colorado,2026-04-04,0,2026-04-04,Flu ED visits pct,quantile,0.25,1.3399241048376662
colorado-springs,2026-04-04,0,2026-04-04,Flu ED visits pct,quantile,0.25,1.5156668839973777
columbia,2026-04-04,0,2026-04-04,Flu ED visits pct,quantile,0.25,0.5285369011294414
columbus,2026-04-04,0,2026-04-04,Flu ED visits pct,quantile,0.25,0.7018727106721265
dallas,2026-04-04,0,2026-04-04,Flu ED visits pct,quantile,0.25,0.48950450389383876
denver,2026-04-04,0,2026-04-04,Flu ED visits pct,quantile,0.25,1.4051277976389915
deschutes,2026-04-04,0,2026-04-04,Flu ED visits pct,quantile,0.25,0.6536465996947479
duluth,2026-04-04,0,2026-04-04,Flu ED visits pct,quantile,0.25,1.5532394121441824
el-paso,2026-04-04,0,2026-04-04,Flu ED visits pct,quantile,0.25,1.1047348170009164
eugene,2026-04-04,0,2026-04-04,Flu ED visits pct,quantile,0.25,0.34823353197934676
fay-area,2026-04-04,0,2026-04-04,Flu ED visits pct,quantile,0.25,1.602188867570078
florence,2026-04-04,0,2026-04-04,Flu ED visits pct,quantile,0.25,0.154417479397324
floyd,2026-04-04,0,2026-04-04,Flu ED visits pct,quantile,0.25,0.5758130240086955
frederick,2026-04-04,0,2026-04-04,Flu ED visits pct,quantile,0.25,1.65840927741606
georgia,2026-04-04,0,2026-04-04,Flu ED visits pct,quantile,0.25,0.6303629415270953
greenville,2026-04-04,0,2026-04-04,Flu ED visits pct,quantile,0.25,0.6368619177865698
hall,2026-04-04,0,2026-04-04,Flu ED visits pct,quantile,0.25,0.6889910014578247
harford,2026-04-04,0,2026-04-04,Flu ED visits pct,quantile,0.25,0.32716477752557405
henry,2026-04-04,0,2026-04-04,Flu ED visits pct,quantile,0.25,0.45798883019157444
horry,2026-04-04,0,2026-04-04,Flu ED visits pct,quantile,0.25,0.7110884064051464
houston,2026-04-04,0,2026-04-04,Flu ED visits pct,quantile,0.25,0.5397976877587113
indiana,2026-04-04,0,2026-04-04,Flu ED visits pct,quantile,0.25,0.9683669212053854
indianapolis,2026-04-04,0,2026-04-04,Flu ED visits pct,quantile,0.25,0.8019992224499295
la-grange,2026-04-04,0,2026-04-04,Flu ED visits pct,quantile,0.25,0.31451236699009294
larimer,2026-04-04,0,2026-04-04,Flu ED visits pct,quantile,0.25,0.9151083837606862
lynn,2026-04-04,0,2026-04-04,Flu ED visits pct,quantile,0.25,0.9277109078001908
macon,2026-04-04,0,2026-04-04,Flu ED visits pct,quantile,0.25,0.31893352431652255
maine,2026-04-04,0,2026-04-04,Flu ED visits pct,quantile,0.25,1.0020307558460062
marietta,2026-04-04,0,2026-04-04,Flu ED visits pct,quantile,0.25,0.4289524867075268
maryland,2026-04-04,0,2026-04-04,Flu ED visits pct,quantile,0.25,1.0824332718673444
massachusetts,2026-04-04,0,2026-04-04,Flu ED visits pct,quantile,0.25,1.3638992867135267
medford,2026-04-04,0,2026-04-04,Flu ED visits pct,quantile,0.25,0.06885905717604943
mesa,2026-04-04,0,2026-04-04,Flu ED visits pct,quantile,0.25,0.08774547558737861
minneapolis,2026-04-04,0,2026-04-04,Flu ED visits pct,quantile,0.25,1.587696090933676
minnesota,2026-04-04,0,2026-04-04,Flu ED visits pct,quantile,0.25,1.4163582833206543
montgomery,2026-04-04,0,2026-04-04,Flu ED visits pct,quantile,0.25,1.0113954187605967
nenc,2026-04-04,0,2026-04-04,Flu ED visits pct,quantile,0.25,0.6274160729132174
new-bedford,2026-04-04,0,2026-04-04,Flu ED visits pct,quantile,0.25,1.4782354186967561
north-carolina,2026-04-04,0,2026-04-04,Flu ED visits pct,quantile,0.25,1.1128347678003827
nyc,2026-04-04,0,2026-04-04,ILI ED visits pct,quantile,0.25,2.9393661600573306
ogden,2026-04-04,0,2026-04-04,Flu ED visits pct,quantile,0.25,0.4532058330818169
oregon,2026-04-04,0,2026-04-04,Flu ED visits pct,quantile,0.25,0.7862003587579951
pittsfield,2026-04-04,0,2026-04-04,Flu ED visits pct,quantile,0.25,0.18186373287632326
portland,2026-04-04,0,2026-04-04,Flu ED visits pct,quantile,0.25,0.8116120756402291
portland-or,2026-04-04,0,2026-04-04,Flu ED visits pct,quantile,0.25,0.8734716661921187
provo,2026-04-04,0,2026-04-04,Flu ED visits pct,quantile,0.25,0.25187431415581424
roanoke,2026-04-04,0,2026-04-04,Flu ED visits pct,quantile,0.25,1.2046445622148882
rochester,2026-04-04,0,2026-04-04,Flu ED visits pct,quantile,0.25,0.7276899252212212
rock-hill,2026-04-04,0,2026-04-04,Flu ED visits pct,quantile,0.25,0.6123645727399267
rtp-area,2026-04-04,0,2026-04-04,Flu ED visits pct,quantile,0.25,0.6890496054538257
salem,2026-04-04,0,2026-04-04,Flu ED visits pct,quantile,0.25,0.8439820460302059
salt-lake-city,2026-04-04,0,2026-04-04,Flu ED visits pct,quantile,0.25,0.4255191315264636
san-antonio,2026-04-04,0,2026-04-04,Flu ED visits pct,quantile,0.25,0.6154912811183781
savannah,2026-04-04,0,2026-04-04,Flu ED visits pct,quantile,0.25,0.38396840653911757
senc,2026-04-04,0,2026-04-04,Flu ED visits pct,quantile,0.25,0.9189037086589169
south-augusta,2026-04-04,0,2026-04-04,Flu ED visits pct,quantile,0.25,0.6810828922175548
south-carolina,2026-04-04,0,2026-04-04,Flu ED visits pct,quantile,0.25,0.6641948844720615
springfield,2026-04-04,0,2026-04-04,Flu ED visits pct,quantile,0.25,1.7571768387266125
st-cloud,2026-04-04,0,2026-04-04,Flu ED visits pct,quantile,0.25,1.0194043363495042
st-paul,2026-04-04,0,2026-04-04,Flu ED visits pct,quantile,0.25,1.1007833017148243
texas,2026-04-04,0,2026-04-04,Flu ED visits pct,quantile,0.25,0.6326422012088821
triad-area,2026-04-04,0,2026-04-04,Flu ED visits pct,quantile,0.25,0.7677374010764616
utah,2026-04-04,0,2026-04-04,Flu ED visits pct,quantile,0.25,0.4893428674505404
virginia,2026-04-04,0,2026-04-04,Flu ED visits pct,quantile,0.25,1.0738259244710715
weld,2026-04-04,0,2026-04-04,Flu ED visits pct,quantile,0.25,0.9324250738960291
wnc,2026-04-04,0,2026-04-04,Flu ED visits pct,quantile,0.25,0.6605657180639856
worcester,2026-04-04,0,2026-04-04,Flu ED visits pct,quantile,0.25,1.3199061323702121
athens,2026-04-04,1,2026-04-11,Flu ED visits pct,quantile,0.25,0.3934475033365565
austin,2026-04-04,1,2026-04-11,Flu ED visits pct,quantile,0.25,0.3964149881569943
baltimore,2026-04-04,1,2026-04-11,Flu ED visits pct,quantile,0.25,0.8444379934867239
bangor,2026-04-04,1,2026-04-11,Flu ED visits pct,quantile,0.25,0.7583384619953772
beaumont,2026-04-04,1,2026-04-11,Flu ED visits pct,quantile,0.25,0.5144075380485648
boston,2026-04-04,1,2026-04-11,Flu ED visits pct,quantile,0.25,1.003243793129357
boulder,2026-04-04,1,2026-04-11,Flu ED visits pct,quantile,0.25,0.7231827064611009
charleston,2026-04-04,1,2026-04-11,Flu ED visits pct,quantile,0.25,0.38725962366013644
cherokee,2026-04-04,1,2026-04-11,Flu ED visits pct,quantile,0.25,0.7865237824482
clt-area,2026-04-04,1,2026-04-11,Flu ED visits pct,quantile,0.25,1.2200521721532533
colorado,2026-04-04,1,2026-04-11,Flu ED visits pct,quantile,0.25,0.9890837091352679
colorado-springs,2026-04-04,1,2026-04-11,Flu ED visits pct,quantile,0.25,1.111009850665401
columbia,2026-04-04,1,2026-04-11,Flu ED visits pct,quantile,0.25,0.4044379662680323
columbus,2026-04-04,1,2026-04-11,Flu ED visits pct,quantile,0.25,0.5070959331121946
dallas,2026-04-04,1,2026-04-11,Flu ED visits pct,quantile,0.25,0.40219695123577726
denver,2026-04-04,1,2026-04-11,Flu ED visits pct,quantile,0.25,1.0634712996657936
deschutes,2026-04-04,1,2026-04-11,Flu ED visits pct,quantile,0.25,0.516288889976393
duluth,2026-04-04,1,2026-04-11,Flu ED visits pct,quantile,0.25,1.1259727182203132
el-paso,2026-04-04,1,2026-04-11,Flu ED visits pct,quantile,0.25,0.9678137850633712
eugene,2026-04-04,1,2026-04-11,Flu ED visits pct,quantile,0.25,0.2640086058726602
fay-area,2026-04-04,1,2026-04-11,Flu ED visits pct,quantile,0.25,1.1483785035047374
florence,2026-04-04,1,2026-04-11,Flu ED visits pct,quantile,0.25,0.12030230295933074
floyd,2026-04-04,1,2026-04-11,Flu ED visits pct,quantile,0.25,0.4308978180542944
frederick,2026-04-04,1,2026-04-11,Flu ED visits pct,quantile,0.25,1.4110826896933588
georgia,2026-04-04,1,2026-04-11,Flu ED visits pct,quantile,0.25,0.5539353215713823
greenville,2026-04-04,1,2026-04-11,Flu ED visits pct,quantile,0.25,0.4315125298480867
hall,2026-04-04,1,2026-04-11,Flu ED visits pct,quantile,0.25,0.524556124825145
harford,2026-04-04,1,2026-04-11,Flu ED visits pct,quantile,0.25,0.26303286076368393
henry,2026-04-04,1,2026-04-11,Flu ED visits pct,quantile,0.25,0.3550698849655837
horry,2026-04-04,1,2026-04-11,Flu ED visits pct,quantile,0.25,0.5540829007894837
houston,2026-04-04,1,2026-04-11,Flu ED visits pct,quantile,0.25,0.4824388762457294
indiana,2026-04-04,1,2026-04-11,Flu ED visits pct,quantile,0.25,0.5972201225371864
indianapolis,2026-04-04,1,2026-04-11,Flu ED visits pct,quantile,0.25,0.5226152583027073
la-grange,2026-04-04,1,2026-04-11,Flu ED visits pct,quantile,0.25,0.24752543084707862
larimer,2026-04-04,1,2026-04-11,Flu ED visits pct,quantile,0.25,0.7044657584073556
lynn,2026-04-04,1,2026-04-11,Flu ED visits pct,quantile,0.25,0.770147022143048
macon,2026-04-04,1,2026-04-11,Flu ED visits pct,quantile,0.25,0.24993989406341588
maine,2026-04-04,1,2026-04-11,Flu ED visits pct,quantile,0.25,0.8500253462452926
marietta,2026-04-04,1,2026-04-11,Flu ED visits pct,quantile,0.25,0.33738997634843015
maryland,2026-04-04,1,2026-04-11,Flu ED visits pct,quantile,0.25,0.9507891916995584
massachusetts,2026-04-04,1,2026-04-11,Flu ED visits pct,quantile,0.25,1.1569144300450407
medford,2026-04-04,1,2026-04-11,Flu ED visits pct,quantile,0.25,0.05125504986964667
mesa,2026-04-04,1,2026-04-11,Flu ED visits pct,quantile,0.25,0.06748483604152344
minneapolis,2026-04-04,1,2026-04-11,Flu ED visits pct,quantile,0.25,1.1866886439064408
minnesota,2026-04-04,1,2026-04-11,Flu ED visits pct,quantile,0.25,1.097204158049423
montgomery,2026-04-04,1,2026-04-11,Flu ED visits pct,quantile,0.25,0.8832253343890606
nenc,2026-04-04,1,2026-04-11,Flu ED visits pct,quantile,0.25,0.42122998166581055
new-bedford,2026-04-04,1,2026-04-11,Flu ED visits pct,quantile,0.25,1.1768310013189967
north-carolina,2026-04-04,1,2026-04-11,Flu ED visits pct,quantile,0.25,0.8137235145950008
nyc,2026-04-04,1,2026-04-11,ILI ED visits pct,quantile,0.25,2.9130353556807536
ogden,2026-04-04,1,2026-04-11,Flu ED visits pct,quantile,0.25,0.3569455577586025
oregon,2026-04-04,1,2026-04-11,Flu ED visits pct,quantile,0.25,0.6374197551771439
pittsfield,2026-04-04,1,2026-04-11,Flu ED visits pct,quantile,0.25,0.11667091095208705
portland,2026-04-04,1,2026-04-11,Flu ED visits pct,quantile,0.25,0.64435650784753
portland-or,2026-04-04,1,2026-04-11,Flu ED visits pct,quantile,0.25,0.6523322882546347
provo,2026-04-04,1,2026-04-11,Flu ED visits pct,quantile,0.25,0.20469219676077302
roanoke,2026-04-04,1,2026-04-11,Flu ED visits pct,quantile,0.25,0.7949573067027944
rochester,2026-04-04,1,2026-04-11,Flu ED visits pct,quantile,0.25,0.49330601525827056
rock-hill,2026-04-04,1,2026-04-11,Flu ED visits pct,quantile,0.25,0.502100892377251
rtp-area,2026-04-04,1,2026-04-11,Flu ED visits pct,quantile,0.25,0.4925760820808939
salem,2026-04-04,1,2026-04-11,Flu ED visits pct,quantile,0.25,0.5975042479227202
salt-lake-city,2026-04-04,1,2026-04-11,Flu ED visits pct,quantile,0.25,0.3531983164573151
san-antonio,2026-04-04,1,2026-04-11,Flu ED visits pct,quantile,0.25,0.4944372989436643
savannah,2026-04-04,1,2026-04-11,Flu ED visits pct,quantile,0.25,0.2925890746586765
senc,2026-04-04,1,2026-04-11,Flu ED visits pct,quantile,0.25,0.681027976177079
south-augusta,2026-04-04,1,2026-04-11,Flu ED visits pct,quantile,0.25,0.480407113170199
south-carolina,2026-04-04,1,2026-04-11,Flu ED visits pct,quantile,0.25,0.5454409445179845
springfield,2026-04-04,1,2026-04-11,Flu ED visits pct,quantile,0.25,1.3457885358462687
st-cloud,2026-04-04,1,2026-04-11,Flu ED visits pct,quantile,0.25,0.7047926649653903
st-paul,2026-04-04,1,2026-04-11,Flu ED visits pct,quantile,0.25,0.9117549448762188
texas,2026-04-04,1,2026-04-11,Flu ED visits pct,quantile,0.25,0.5548301432557813
triad-area,2026-04-04,1,2026-04-11,Flu ED visits pct,quantile,0.25,0.5625800501028678
utah,2026-04-04,1,2026-04-11,Flu ED visits pct,quantile,0.25,0.42217568716484094
virginia,2026-04-04,1,2026-04-11,Flu ED visits pct,quantile,0.25,0.8950543293853972
weld,2026-04-04,1,2026-04-11,Flu ED visits pct,quantile,0.25,0.5569617049046575
wnc,2026-04-04,1,2026-04-11,Flu ED visits pct,quantile,0.25,0.45048612239844976
worcester,2026-04-04,1,2026-04-11,Flu ED visits pct,quantile,0.25,1.0398476875714855
athens,2026-04-04,2,2026-04-18,Flu ED visits pct,quantile,0.25,0.28196187128744754
austin,2026-04-04,2,2026-04-18,Flu ED visits pct,quantile,0.25,0.330946346148736
baltimore,2026-04-04,2,2026-04-18,Flu ED visits pct,quantile,0.25,0.7336658301729068
bangor,2026-04-04,2,2026-04-18,Flu ED visits pct,quantile,0.25,0.5747009401164344
beaumont,2026-04-04,2,2026-04-18,Flu ED visits pct,quantile,0.25,0.42437806720601884
boston,2026-04-04,2,2026-04-18,Flu ED visits pct,quantile,0.25,0.8219135759466867
boulder,2026-04-04,2,2026-04-18,Flu ED visits pct,quantile,0.25,0.4819957157677027
charleston,2026-04-04,2,2026-04-18,Flu ED visits pct,quantile,0.25,0.2893346349971341
cherokee,2026-04-04,2,2026-04-18,Flu ED visits pct,quantile,0.25,0.6181008188734225
clt-area,2026-04-04,2,2026-04-18,Flu ED visits pct,quantile,0.25,0.8425332169807773
colorado,2026-04-04,2,2026-04-18,Flu ED visits pct,quantile,0.25,0.7131979608830087
colorado-springs,2026-04-04,2,2026-04-18,Flu ED visits pct,quantile,0.25,0.8028650205413157
columbia,2026-04-04,2,2026-04-18,Flu ED visits pct,quantile,0.25,0.3268293435064809
columbus,2026-04-04,2,2026-04-18,Flu ED visits pct,quantile,0.25,0.3680337864199508
dallas,2026-04-04,2,2026-04-18,Flu ED visits pct,quantile,0.25,0.3340699469357639
denver,2026-04-04,2,2026-04-18,Flu ED visits pct,quantile,0.25,0.7847217315452453
deschutes,2026-04-04,2,2026-04-18,Flu ED visits pct,quantile,0.25,0.3953354219852061
duluth,2026-04-04,2,2026-04-18,Flu ED visits pct,quantile,0.25,0.7772860727848091
el-paso,2026-04-04,2,2026-04-18,Flu ED visits pct,quantile,0.25,0.8251648438940151
eugene,2026-04-04,2,2026-04-18,Flu ED visits pct,quantile,0.25,0.19211686327482375
fay-area,2026-04-04,2,2026-04-18,Flu ED visits pct,quantile,0.25,0.7811481658468593
florence,2026-04-04,2,2026-04-18,Flu ED visits pct,quantile,0.25,0.09013737299682782
floyd,2026-04-04,2,2026-04-18,Flu ED visits pct,quantile,0.25,0.3110303243057624
frederick,2026-04-04,2,2026-04-18,Flu ED visits pct,quantile,0.25,1.194135975249195
georgia,2026-04-04,2,2026-04-18,Flu ED visits pct,quantile,0.25,0.454374039515644
greenville,2026-04-04,2,2026-04-18,Flu ED visits pct,quantile,0.25,0.29584705833160163
hall,2026-04-04,2,2026-04-18,Flu ED visits pct,quantile,0.25,0.4149772372653683
harford,2026-04-04,2,2026-04-18,Flu ED visits pct,quantile,0.25,0.21202855787696992
henry,2026-04-04,2,2026-04-18,Flu ED visits pct,quantile,0.25,0.2848747278704485
horry,2026-04-04,2,2026-04-18,Flu ED visits pct,quantile,0.25,0.45777520981783293
houston,2026-04-04,2,2026-04-18,Flu ED visits pct,quantile,0.25,0.4488523558547441
indiana,2026-04-04,2,2026-04-18,Flu ED visits pct,quantile,0.25,0.4136197811113663
indianapolis,2026-04-04,2,2026-04-18,Flu ED visits pct,quantile,0.25,0.3486689342553502
la-grange,2026-04-04,2,2026-04-18,Flu ED visits pct,quantile,0.25,0.19139259622038904
larimer,2026-04-04,2,2026-04-18,Flu ED visits pct,quantile,0.25,0.5465999015059473
lynn,2026-04-04,2,2026-04-18,Flu ED visits pct,quantile,0.25,0.632885047922085
macon,2026-04-04,2,2026-04-18,Flu ED visits pct,quantile,0.25,0.1918454107905184
maine,2026-04-04,2,2026-04-18,Flu ED visits pct,quantile,0.25,0.6830821014471341
marietta,2026-04-04,2,2026-04-18,Flu ED visits pct,quantile,0.25,0.26910930447721026
maryland,2026-04-04,2,2026-04-18,Flu ED visits pct,quantile,0.25,0.8256298686726756
massachusetts,2026-04-04,2,2026-04-18,Flu ED visits pct,quantile,0.25,0.9655207427345586
medford,2026-04-04,2,2026-04-18,Flu ED visits pct,quantile,0.25,0.03842950838660919
mesa,2026-04-04,2,2026-04-18,Flu ED visits pct,quantile,0.25,0.05369977600143092
minneapolis,2026-04-04,2,2026-04-18,Flu ED visits pct,quantile,0.25,0.8633530526379296
minnesota,2026-04-04,2,2026-04-18,Flu ED visits pct,quantile,0.25,0.854950923566615
montgomery,2026-04-04,2,2026-04-18,Flu ED visits pct,quantile,0.25,0.7794533669233237
nenc,2026-04-04,2,2026-04-18,Flu ED visits pct,quantile,0.25,0.2938884825867979
new-bedford,2026-04-04,2,2026-04-18,Flu ED visits pct,quantile,0.25,0.9376936891631428
north-carolina,2026-04-04,2,2026-04-18,Flu ED visits pct,quantile,0.25,0.5774647148538905
nyc,2026-04-04,2,2026-04-18,ILI ED visits pct,quantile,0.25,2.778482357835314
ogden,2026-04-04,2,2026-04-18,Flu ED visits pct,quantile,0.25,0.2877475847187321
oregon,2026-04-04,2,2026-04-18,Flu ED visits pct,quantile,0.25,0.4762791817499145
pittsfield,2026-04-04,2,2026-04-18,Flu ED visits pct,quantile,0.25,0.07837215050185822
portland,2026-04-04,2,2026-04-18,Flu ED visits pct,quantile,0.25,0.49572129802795417
portland-or,2026-04-04,2,2026-04-18,Flu ED visits pct,quantile,0.25,0.49058081034857615
provo,2026-04-04,2,2026-04-18,Flu ED visits pct,quantile,0.25,0.16303325701863006
roanoke,2026-04-04,2,2026-04-18,Flu ED visits pct,quantile,0.25,0.5786581765452149
rochester,2026-04-04,2,2026-04-18,Flu ED visits pct,quantile,0.25,0.35227536269512566
rock-hill,2026-04-04,2,2026-04-18,Flu ED visits pct,quantile,0.25,0.40627781276213804
rtp-area,2026-04-04,2,2026-04-18,Flu ED visits pct,quantile,0.25,0.34085059643929955
salem,2026-04-04,2,2026-04-18,Flu ED visits pct,quantile,0.25,0.43687909152644866
salt-lake-city,2026-04-04,2,2026-04-18,Flu ED visits pct,quantile,0.25,0.2860397836392418
san-antonio,2026-04-04,2,2026-04-18,Flu ED visits pct,quantile,0.25,0.37155476384631136
savannah,2026-04-04,2,2026-04-18,Flu ED visits pct,quantile,0.25,0.22700224829524748
senc,2026-04-04,2,2026-04-18,Flu ED visits pct,quantile,0.25,0.4863021184144582
south-augusta,2026-04-04,2,2026-04-18,Flu ED visits pct,quantile,0.25,0.3488577022717
south-carolina,2026-04-04,2,2026-04-18,Flu ED visits pct,quantile,0.25,0.42808933386555686
springfield,2026-04-04,2,2026-04-18,Flu ED visits pct,quantile,0.25,1.046923653021494
st-cloud,2026-04-04,2,2026-04-18,Flu ED visits pct,quantile,0.25,0.524346062347204
st-paul,2026-04-04,2,2026-04-18,Flu ED visits pct,quantile,0.25,0.7221275059370502
texas,2026-04-04,2,2026-04-18,Flu ED visits pct,quantile,0.25,0.4675547358628541
triad-area,2026-04-04,2,2026-04-18,Flu ED visits pct,quantile,0.25,0.40395866119132134
utah,2026-04-04,2,2026-04-18,Flu ED visits pct,quantile,0.25,0.34669234226983076
virginia,2026-04-04,2,2026-04-18,Flu ED visits pct,quantile,0.25,0.72883265978063
weld,2026-04-04,2,2026-04-18,Flu ED visits pct,quantile,0.25,0.4067747214639293
wnc,2026-04-04,2,2026-04-18,Flu ED visits pct,quantile,0.25,0.3035435154567218
worcester,2026-04-04,2,2026-04-18,Flu ED visits pct,quantile,0.25,0.8368044279425255
athens,2026-04-04,3,2026-04-25,Flu ED visits pct,quantile,0.25,0.23769498251804466
austin,2026-04-04,3,2026-04-25,Flu ED visits pct,quantile,0.25,0.29308193895589213
baltimore,2026-04-04,3,2026-04-25,Flu ED visits pct,quantile,0.25,0.6695897241291646
bangor,2026-04-04,3,2026-04-25,Flu ED visits pct,quantile,0.25,0.4838219028897515
beaumont,2026-04-04,3,2026-04-25,Flu ED visits pct,quantile,0.25,0.37944814384339925
boston,2026-04-04,3,2026-04-25,Flu ED visits pct,quantile,0.25,0.705905788589851
boulder,2026-04-04,3,2026-04-25,Flu ED visits pct,quantile,0.25,0.35444482812340083
charleston,2026-04-04,3,2026-04-25,Flu ED visits pct,quantile,0.25,0.22970572085554677
cherokee,2026-04-04,3,2026-04-25,Flu ED visits pct,quantile,0.25,0.5340595367091568
clt-area,2026-04-04,3,2026-04-25,Flu ED visits pct,quantile,0.25,0.6226283234394464
colorado,2026-04-04,3,2026-04-25,Flu ED visits pct,quantile,0.25,0.5729529617345629
colorado-springs,2026-04-04,3,2026-04-25,Flu ED visits pct,quantile,0.25,0.6555133589774563
columbia,2026-04-04,3,2026-04-25,Flu ED visits pct,quantile,0.25,0.27476284090704145
columbus,2026-04-04,3,2026-04-25,Flu ED visits pct,quantile,0.25,0.3214758392555319
dallas,2026-04-04,3,2026-04-25,Flu ED visits pct,quantile,0.25,0.28838800444230356
denver,2026-04-04,3,2026-04-25,Flu ED visits pct,quantile,0.25,0.6077064889065271
deschutes,2026-04-04,3,2026-04-25,Flu ED visits pct,quantile,0.25,0.35230295753013785
duluth,2026-04-04,3,2026-04-25,Flu ED visits pct,quantile,0.25,0.6230999020162319
el-paso,2026-04-04,3,2026-04-25,Flu ED visits pct,quantile,0.25,0.7306996487278865
eugene,2026-04-04,3,2026-04-25,Flu ED visits pct,quantile,0.25,0.1624395682079164
fay-area,2026-04-04,3,2026-04-25,Flu ED visits pct,quantile,0.25,0.55930766959311
florence,2026-04-04,3,2026-04-25,Flu ED visits pct,quantile,0.25,0.07762799001175101
floyd,2026-04-04,3,2026-04-25,Flu ED visits pct,quantile,0.25,0.2622739049085979
frederick,2026-04-04,3,2026-04-25,Flu ED visits pct,quantile,0.25,1.1047599455635917
georgia,2026-04-04,3,2026-04-25,Flu ED visits pct,quantile,0.25,0.37710018322955874
greenville,2026-04-04,3,2026-04-25,Flu ED visits pct,quantile,0.25,0.2261960787760983
hall,2026-04-04,3,2026-04-25,Flu ED visits pct,quantile,0.25,0.37241932801245237
harford,2026-04-04,3,2026-04-25,Flu ED visits pct,quantile,0.25,0.19350321060265943
henry,2026-04-04,3,2026-04-25,Flu ED visits pct,quantile,0.25,0.24848701653696492
horry,2026-04-04,3,2026-04-25,Flu ED visits pct,quantile,0.25,0.4071385417642629
houston,2026-04-04,3,2026-04-25,Flu ED visits pct,quantile,0.25,0.4136268796277339
indiana,2026-04-04,3,2026-04-25,Flu ED visits pct,quantile,0.25,0.33348416771316786
indianapolis,2026-04-04,3,2026-04-25,Flu ED visits pct,quantile,0.25,0.2734508841462712
la-grange,2026-04-04,3,2026-04-25,Flu ED visits pct,quantile,0.25,0.17119602381176657
larimer,2026-04-04,3,2026-04-25,Flu ED visits pct,quantile,0.25,0.4791027239700535
lynn,2026-04-04,3,2026-04-25,Flu ED visits pct,quantile,0.25,0.5627360688803306
macon,2026-04-04,3,2026-04-25,Flu ED visits pct,quantile,0.25,0.16252093577191212
maine,2026-04-04,3,2026-04-25,Flu ED visits pct,quantile,0.25,0.5663867660774998
marietta,2026-04-04,3,2026-04-25,Flu ED visits pct,quantile,0.25,0.2278529218839829
maryland,2026-04-04,3,2026-04-25,Flu ED visits pct,quantile,0.25,0.7526271971754949
massachusetts,2026-04-04,3,2026-04-25,Flu ED visits pct,quantile,0.25,0.8360384403376646
medford,2026-04-04,3,2026-04-25,Flu ED visits pct,quantile,0.25,0.03554628693919539
mesa,2026-04-04,3,2026-04-25,Flu ED visits pct,quantile,0.25,0.046966014441986795
minneapolis,2026-04-04,3,2026-04-25,Flu ED visits pct,quantile,0.25,0.6905195708001656
minnesota,2026-04-04,3,2026-04-25,Flu ED visits pct,quantile,0.25,0.6859215131723473
montgomery,2026-04-04,3,2026-04-25,Flu ED visits pct,quantile,0.25,0.6994416428395628
nenc,2026-04-04,3,2026-04-25,Flu ED visits pct,quantile,0.25,0.22765241677256187
new-bedford,2026-04-04,3,2026-04-25,Flu ED visits pct,quantile,0.25,0.8657161504598235
north-carolina,2026-04-04,3,2026-04-25,Flu ED visits pct,quantile,0.25,0.41630801461270206
nyc,2026-04-04,3,2026-04-25,ILI ED visits pct,quantile,0.25,2.6308857616892163
ogden,2026-04-04,3,2026-04-25,Flu ED visits pct,quantile,0.25,0.24706239590599743
oregon,2026-04-04,3,2026-04-25,Flu ED visits pct,quantile,0.25,0.3898939540293077
pittsfield,2026-04-04,3,2026-04-25,Flu ED visits pct,quantile,0.25,0.058917832479925346
portland,2026-04-04,3,2026-04-25,Flu ED visits pct,quantile,0.25,0.44385135851181867
portland-or,2026-04-04,3,2026-04-25,Flu ED visits pct,quantile,0.25,0.40332128655262167
provo,2026-04-04,3,2026-04-25,Flu ED visits pct,quantile,0.25,0.14355179389379305
roanoke,2026-04-04,3,2026-04-25,Flu ED visits pct,quantile,0.25,0.45887383048200614
rochester,2026-04-04,3,2026-04-25,Flu ED visits pct,quantile,0.25,0.2983247109745763
rock-hill,2026-04-04,3,2026-04-25,Flu ED visits pct,quantile,0.25,0.3528138629889803
rtp-area,2026-04-04,3,2026-04-25,Flu ED visits pct,quantile,0.25,0.2731224367760876
salem,2026-04-04,3,2026-04-25,Flu ED visits pct,quantile,0.25,0.36481698386260125
salt-lake-city,2026-04-04,3,2026-04-25,Flu ED visits pct,quantile,0.25,0.2510412010005878
san-antonio,2026-04-04,3,2026-04-25,Flu ED visits pct,quantile,0.25,0.3171686865985166
savannah,2026-04-04,3,2026-04-25,Flu ED visits pct,quantile,0.25,0.19153032389922808
senc,2026-04-04,3,2026-04-25,Flu ED visits pct,quantile,0.25,0.3657774289441937
south-augusta,2026-04-04,3,2026-04-25,Flu ED visits pct,quantile,0.25,0.2943410940600202
south-carolina,2026-04-04,3,2026-04-25,Flu ED visits pct,quantile,0.25,0.3445998742873593
springfield,2026-04-04,3,2026-04-25,Flu ED visits pct,quantile,0.25,0.9098356081031788
st-cloud,2026-04-04,3,2026-04-25,Flu ED visits pct,quantile,0.25,0.4443781734214068
st-paul,2026-04-04,3,2026-04-25,Flu ED visits pct,quantile,0.25,0.6105671386359762
texas,2026-04-04,3,2026-04-25,Flu ED visits pct,quantile,0.25,0.42016288967394294
triad-area,2026-04-04,3,2026-04-25,Flu ED visits pct,quantile,0.25,0.3189083897986809
utah,2026-04-04,3,2026-04-25,Flu ED visits pct,quantile,0.25,0.30053227003575295
virginia,2026-04-04,3,2026-04-25,Flu ED visits pct,quantile,0.25,0.6149725964937044
weld,2026-04-04,3,2026-04-25,Flu ED visits pct,quantile,0.25,0.3446973139352147
wnc,2026-04-04,3,2026-04-25,Flu ED visits pct,quantile,0.25,0.21588674838062127
worcester,2026-04-04,3,2026-04-25,Flu ED visits pct,quantile,0.25,0.7391798935281594
athens,2026-04-04,0,2026-04-04,Flu ED visits pct,quantile,0.5,0.8162433555386266
austin,2026-04-04,0,2026-04-04,Flu ED visits pct,quantile,0.5,0.58353587378514
baltimore,2026-04-04,0,2026-04-04,Flu ED visits pct,quantile,0.5,1.0640306776450523
bangor,2026-04-04,0,2026-04-04,Flu ED visits pct,quantile,0.5,1.3680432264349829
beaumont,2026-04-04,0,2026-04-04,Flu ED visits pct,quantile,0.5,0.8072759790298278
boston,2026-04-04,0,2026-04-04,Flu ED visits pct,quantile,0.5,1.3942547416301247
boulder,2026-04-04,0,2026-04-04,Flu ED visits pct,quantile,0.5,1.34869843442117
charleston,2026-04-04,0,2026-04-04,Flu ED visits pct,quantile,0.5,0.6152039544255894
cherokee,2026-04-04,0,2026-04-04,Flu ED visits pct,quantile,0.5,1.3166666165367193
clt-area,2026-04-04,0,2026-04-04,Flu ED visits pct,quantile,0.5,1.8532089918416497
colorado,2026-04-04,0,2026-04-04,Flu ED visits pct,quantile,0.5,1.4754048915828673
colorado-springs,2026-04-04,0,2026-04-04,Flu ED visits pct,quantile,0.5,1.8116630049489664
columbia,2026-04-04,0,2026-04-04,Flu ED visits pct,quantile,0.5,0.6700154749444415
columbus,2026-04-04,0,2026-04-04,Flu ED visits pct,quantile,0.5,0.9629201046523969
dallas,2026-04-04,0,2026-04-04,Flu ED visits pct,quantile,0.5,0.5947271264572337
denver,2026-04-04,0,2026-04-04,Flu ED visits pct,quantile,0.5,1.498767230114498
deschutes,2026-04-04,0,2026-04-04,Flu ED visits pct,quantile,0.5,0.9453778794657276
duluth,2026-04-04,0,2026-04-04,Flu ED visits pct,quantile,0.5,1.9785921055639204
el-paso,2026-04-04,0,2026-04-04,Flu ED visits pct,quantile,0.5,1.413088714222509
eugene,2026-04-04,0,2026-04-04,Flu ED visits pct,quantile,0.5,0.4482102078883497
fay-area,2026-04-04,0,2026-04-04,Flu ED visits pct,quantile,0.5,1.7464977967583135
florence,2026-04-04,0,2026-04-04,Flu ED visits pct,quantile,0.5,0.2930087455552477
floyd,2026-04-04,0,2026-04-04,Flu ED visits pct,quantile,0.5,0.8744950715583683
frederick,2026-04-04,0,2026-04-04,Flu ED visits pct,quantile,0.5,2.283825065074545
georgia,2026-04-04,0,2026-04-04,Flu ED visits pct,quantile,0.5,0.7282625898961536
greenville,2026-04-04,0,2026-04-04,Flu ED visits pct,quantile,0.5,0.7390270435874218
hall,2026-04-04,0,2026-04-04,Flu ED visits pct,quantile,0.5,0.9504651637675161
harford,2026-04-04,0,2026-04-04,Flu ED visits pct,quantile,0.5,0.5902989141344911
henry,2026-04-04,0,2026-04-04,Flu ED visits pct,quantile,0.5,0.5664706310890225
horry,2026-04-04,0,2026-04-04,Flu ED visits pct,quantile,0.5,0.8954063525054066
houston,2026-04-04,0,2026-04-04,Flu ED visits pct,quantile,0.5,0.6128494046009763
indiana,2026-04-04,0,2026-04-04,Flu ED visits pct,quantile,0.5,1.0812364837513362
indianapolis,2026-04-04,0,2026-04-04,Flu ED visits pct,quantile,0.5,0.8695750537281624
la-grange,2026-04-04,0,2026-04-04,Flu ED visits pct,quantile,0.5,0.4902072245053668
larimer,2026-04-04,0,2026-04-04,Flu ED visits pct,quantile,0.5,1.2064309089647014
lynn,2026-04-04,0,2026-04-04,Flu ED visits pct,quantile,0.5,1.0889276531374166
macon,2026-04-04,0,2026-04-04,Flu ED visits pct,quantile,0.5,0.4042759878879856
maine,2026-04-04,0,2026-04-04,Flu ED visits pct,quantile,0.5,1.2094842097247456
marietta,2026-04-04,0,2026-04-04,Flu ED visits pct,quantile,0.5,0.5425567225887726
maryland,2026-04-04,0,2026-04-04,Flu ED visits pct,quantile,0.5,1.2765697196938004
massachusetts,2026-04-04,0,2026-04-04,Flu ED visits pct,quantile,0.5,1.5941131073948633
medford,2026-04-04,0,2026-04-04,Flu ED visits pct,quantile,0.5,0.13699089891203334
mesa,2026-04-04,0,2026-04-04,Flu ED visits pct,quantile,0.5,0.16513623792122586
minneapolis,2026-04-04,0,2026-04-04,Flu ED visits pct,quantile,0.5,1.7821413868210942
minnesota,2026-04-04,0,2026-04-04,Flu ED visits pct,quantile,0.5,1.6157294963976592
montgomery,2026-04-04,0,2026-04-04,Flu ED visits pct,quantile,0.5,1.1686405563578603
nenc,2026-04-04,0,2026-04-04,Flu ED visits pct,quantile,0.5,0.71302608564459
new-bedford,2026-04-04,0,2026-04-04,Flu ED visits pct,quantile,0.5,1.871817141989762
north-carolina,2026-04-04,0,2026-04-04,Flu ED visits pct,quantile,0.5,1.2021110028999142
nyc,2026-04-04,0,2026-04-04,ILI ED visits pct,quantile,0.5,3.24187148652677
ogden,2026-04-04,0,2026-04-04,Flu ED visits pct,quantile,0.5,0.5560825331764181
oregon,2026-04-04,0,2026-04-04,Flu ED visits pct,quantile,0.5,0.8449321175902472
pittsfield,2026-04-04,0,2026-04-04,Flu ED visits pct,quantile,0.5,0.32699382506023983
portland,2026-04-04,0,2026-04-04,Flu ED visits pct,quantile,0.5,1.048683588461116
portland-or,2026-04-04,0,2026-04-04,Flu ED visits pct,quantile,0.5,0.9555417750509139
provo,2026-04-04,0,2026-04-04,Flu ED visits pct,quantile,0.5,0.33953782886447764
roanoke,2026-04-04,0,2026-04-04,Flu ED visits pct,quantile,0.5,1.3690047499662017
rochester,2026-04-04,0,2026-04-04,Flu ED visits pct,quantile,0.5,0.9431606769933496
rock-hill,2026-04-04,0,2026-04-04,Flu ED visits pct,quantile,0.5,0.9332162650522052
rtp-area,2026-04-04,0,2026-04-04,Flu ED visits pct,quantile,0.5,0.7843918209942915
salem,2026-04-04,0,2026-04-04,Flu ED visits pct,quantile,0.5,0.9696174445763933
salt-lake-city,2026-04-04,0,2026-04-04,Flu ED visits pct,quantile,0.5,0.5116352423434013
san-antonio,2026-04-04,0,2026-04-04,Flu ED visits pct,quantile,0.5,0.7421936092221372
savannah,2026-04-04,0,2026-04-04,Flu ED visits pct,quantile,0.5,0.49066997767611753
senc,2026-04-04,0,2026-04-04,Flu ED visits pct,quantile,0.5,1.1128136149404038
south-augusta,2026-04-04,0,2026-04-04,Flu ED visits pct,quantile,0.5,0.8090458291417705
south-carolina,2026-04-04,0,2026-04-04,Flu ED visits pct,quantile,0.5,0.802320987786986
springfield,2026-04-04,0,2026-04-04,Flu ED visits pct,quantile,0.5,2.1495615215450044
st-cloud,2026-04-04,0,2026-04-04,Flu ED visits pct,quantile,0.5,1.3612590984472268
st-paul,2026-04-04,0,2026-04-04,Flu ED visits pct,quantile,0.5,1.3538177330353625
texas,2026-04-04,0,2026-04-04,Flu ED visits pct,quantile,0.5,0.7804915540919949
triad-area,2026-04-04,0,2026-04-04,Flu ED visits pct,quantile,0.5,0.884240229527406
utah,2026-04-04,0,2026-04-04,Flu ED visits pct,quantile,0.5,0.5777707241547645
virginia,2026-04-04,0,2026-04-04,Flu ED visits pct,quantile,0.5,1.2709285166179858
weld,2026-04-04,0,2026-04-04,Flu ED visits pct,quantile,0.5,1.230999896933519
wnc,2026-04-04,0,2026-04-04,Flu ED visits pct,quantile,0.5,0.7350672369525709
worcester,2026-04-04,0,2026-04-04,Flu ED visits pct,quantile,0.5,1.5968947859865281
athens,2026-04-04,1,2026-04-11,Flu ED visits pct,quantile,0.5,0.6325957656606398
austin,2026-04-04,1,2026-04-11,Flu ED visits pct,quantile,0.5,0.4935953450360352
baltimore,2026-04-04,1,2026-04-11,Flu ED visits pct,quantile,0.5,0.9754715246073379
bangor,2026-04-04,1,2026-04-11,Flu ED visits pct,quantile,0.5,1.1226267224601332
beaumont,2026-04-04,1,2026-04-11,Flu ED visits pct,quantile,0.5,0.6829115031213114
boston,2026-04-04,1,2026-04-11,Flu ED visits pct,quantile,0.5,1.2247458752723315
boulder,2026-04-04,1,2026-04-11,Flu ED visits pct,quantile,0.5,0.9935854363817249
charleston,2026-04-04,1,2026-04-11,Flu ED visits pct,quantile,0.5,0.4896377789233471
cherokee,2026-04-04,1,2026-04-11,Flu ED visits pct,quantile,0.5,1.0963737527177382
clt-area,2026-04-04,1,2026-04-11,Flu ED visits pct,quantile,0.5,1.4419069370113853
colorado,2026-04-04,1,2026-04-11,Flu ED visits pct,quantile,0.5,1.182009404809142
colorado-springs,2026-04-04,1,2026-04-11,Flu ED visits pct,quantile,0.5,1.4771044014989756
columbia,2026-04-04,1,2026-04-11,Flu ED visits pct,quantile,0.5,0.5375257765150101
columbus,2026-04-04,1,2026-04-11,Flu ED visits pct,quantile,0.5,0.7684032797299296
dallas,2026-04-04,1,2026-04-11,Flu ED visits pct,quantile,0.5,0.49520151314470795
denver,2026-04-04,1,2026-04-11,Flu ED visits pct,quantile,0.5,1.1963149027843825
deschutes,2026-04-04,1,2026-04-11,Flu ED visits pct,quantile,0.5,0.788913273278387
duluth,2026-04-04,1,2026-04-11,Flu ED visits pct,quantile,0.5,1.5391214081419866
el-paso,2026-04-04,1,2026-04-11,Flu ED visits pct,quantile,0.5,1.2639093332236178
eugene,2026-04-04,1,2026-04-11,Flu ED visits pct,quantile,0.5,0.35529208159195896
fay-area,2026-04-04,1,2026-04-11,Flu ED visits pct,quantile,0.5,1.3743534132218869
florence,2026-04-04,1,2026-04-11,Flu ED visits pct,quantile,0.5,0.23316995949624886
floyd,2026-04-04,1,2026-04-11,Flu ED visits pct,quantile,0.5,0.6957863562116524
frederick,2026-04-04,1,2026-04-11,Flu ED visits pct,quantile,0.5,1.982248951378339
georgia,2026-04-04,1,2026-04-11,Flu ED visits pct,quantile,0.5,0.6217464816774861
greenville,2026-04-04,1,2026-04-11,Flu ED visits pct,quantile,0.5,0.5588094109025861
hall,2026-04-04,1,2026-04-11,Flu ED visits pct,quantile,0.5,0.7907309373935668
harford,2026-04-04,1,2026-04-11,Flu ED visits pct,quantile,0.5,0.496452633611412
henry,2026-04-04,1,2026-04-11,Flu ED visits pct,quantile,0.5,0.45657088791544387
horry,2026-04-04,1,2026-04-11,Flu ED visits pct,quantile,0.5,0.7512822830644438
houston,2026-04-04,1,2026-04-11,Flu ED visits pct,quantile,0.5,0.5614943397741957
indiana,2026-04-04,1,2026-04-11,Flu ED visits pct,quantile,0.5,0.7803299007196043
indianapolis,2026-04-04,1,2026-04-11,Flu ED visits pct,quantile,0.5,0.6145840127812937
la-grange,2026-04-04,1,2026-04-11,Flu ED visits pct,quantile,0.5,0.39162202697845233
larimer,2026-04-04,1,2026-04-11,Flu ED visits pct,quantile,0.5,1.031580059856215
lynn,2026-04-04,1,2026-04-11,Flu ED visits pct,quantile,0.5,0.934739867615117
macon,2026-04-04,1,2026-04-11,Flu ED visits pct,quantile,0.5,0.3301517574130238
maine,2026-04-04,1,2026-04-11,Flu ED visits pct,quantile,0.5,1.0664697795992304
marietta,2026-04-04,1,2026-04-11,Flu ED visits pct,quantile,0.5,0.43333630989511235
maryland,2026-04-04,1,2026-04-11,Flu ED visits pct,quantile,0.5,1.1455538799712661
massachusetts,2026-04-04,1,2026-04-11,Flu ED visits pct,quantile,0.5,1.403737988720566
medford,2026-04-04,1,2026-04-11,Flu ED visits pct,quantile,0.5,0.10857870954421636
mesa,2026-04-04,1,2026-04-11,Flu ED visits pct,quantile,0.5,0.13506072400397284
minneapolis,2026-04-04,1,2026-04-11,Flu ED visits pct,quantile,0.5,1.4542299797626579
minnesota,2026-04-04,1,2026-04-11,Flu ED visits pct,quantile,0.5,1.3408137259822055
montgomery,2026-04-04,1,2026-04-11,Flu ED visits pct,quantile,0.5,1.0496850690120436
nenc,2026-04-04,1,2026-04-11,Flu ED visits pct,quantile,0.5,0.5348889777300021
new-bedford,2026-04-04,1,2026-04-11,Flu ED visits pct,quantile,0.5,1.6128634629242538
north-carolina,2026-04-04,1,2026-04-11,Flu ED visits pct,quantile,0.5,0.9360179505341923
nyc,2026-04-04,1,2026-04-11,ILI ED visits pct,quantile,0.5,3.1242769291587633
ogden,2026-04-04,1,2026-04-11,Flu ED visits pct,quantile,0.5,0.45432322004532116
oregon,2026-04-04,1,2026-04-11,Flu ED visits pct,quantile,0.5,0.6950431518839397
pittsfield,2026-04-04,1,2026-04-11,Flu ED visits pct,quantile,0.5,0.25942911737878827
portland,2026-04-04,1,2026-04-11,Flu ED visits pct,quantile,0.5,0.8966736531325191
portland-or,2026-04-04,1,2026-04-11,Flu ED visits pct,quantile,0.5,0.7611638716820412
provo,2026-04-04,1,2026-04-11,Flu ED visits pct,quantile,0.5,0.28438652057770325
roanoke,2026-04-04,1,2026-04-11,Flu ED visits pct,quantile,0.5,1.0320931587370106
rochester,2026-04-04,1,2026-04-11,Flu ED visits pct,quantile,0.5,0.7075333396667703
rock-hill,2026-04-04,1,2026-04-11,Flu ED visits pct,quantile,0.5,0.7654198042579058
rtp-area,2026-04-04,1,2026-04-11,Flu ED visits pct,quantile,0.5,0.6057500476002105
salem,2026-04-04,1,2026-04-11,Flu ED visits pct,quantile,0.5,0.747435598540641
salt-lake-city,2026-04-04,1,2026-04-11,Flu ED visits pct,quantile,0.5,0.43733944864651575
san-antonio,2026-04-04,1,2026-04-11,Flu ED visits pct,quantile,0.5,0.6045320820435401
savannah,2026-04-04,1,2026-04-11,Flu ED visits pct,quantile,0.5,0.41524129712991364
senc,2026-04-04,1,2026-04-11,Flu ED visits pct,quantile,0.5,0.9406541020258777
south-augusta,2026-04-04,1,2026-04-11,Flu ED visits pct,quantile,0.5,0.6461911202139728
south-carolina,2026-04-04,1,2026-04-11,Flu ED visits pct,quantile,0.5,0.662488429185432
springfield,2026-04-04,1,2026-04-11,Flu ED visits pct,quantile,0.5,1.8505397234164127
st-cloud,2026-04-04,1,2026-04-11,Flu ED visits pct,quantile,0.5,1.054658622392419
st-paul,2026-04-04,1,2026-04-11,Flu ED visits pct,quantile,0.5,1.16484336265028
texas,2026-04-04,1,2026-04-11,Flu ED visits pct,quantile,0.5,0.6789712105689233
triad-area,2026-04-04,1,2026-04-11,Flu ED visits pct,quantile,0.5,0.7039037409371875
utah,2026-04-04,1,2026-04-11,Flu ED visits pct,quantile,0.5,0.48921275163617195
virginia,2026-04-04,1,2026-04-11,Flu ED visits pct,quantile,0.5,1.0841613904023903
weld,2026-04-04,1,2026-04-11,Flu ED visits pct,quantile,0.5,0.8576329515913225
wnc,2026-04-04,1,2026-04-11,Flu ED visits pct,quantile,0.5,0.5624304282051191
worcester,2026-04-04,1,2026-04-11,Flu ED visits pct,quantile,0.5,1.3944715626407487
athens,2026-04-04,2,2026-04-18,Flu ED visits pct,quantile,0.5,0.4952675902356528
austin,2026-04-04,2,2026-04-18,Flu ED visits pct,quantile,0.5,0.4307748387657258
baltimore,2026-04-04,2,2026-04-18,Flu ED visits pct,quantile,0.5,0.8688599725125925
bangor,2026-04-04,2,2026-04-18,Flu ED visits pct,quantile,0.5,0.8975569560097876
beaumont,2026-04-04,2,2026-04-18,Flu ED visits pct,quantile,0.5,0.5761532989659522
boston,2026-04-04,2,2026-04-18,Flu ED visits pct,quantile,0.5,1.0696163467166688
boulder,2026-04-04,2,2026-04-18,Flu ED visits pct,quantile,0.5,0.6999351375584356
charleston,2026-04-04,2,2026-04-18,Flu ED visits pct,quantile,0.5,0.39145100110254677
cherokee,2026-04-04,2,2026-04-18,Flu ED visits pct,quantile,0.5,0.900613235289714
clt-area,2026-04-04,2,2026-04-18,Flu ED visits pct,quantile,0.5,1.118652159180998
colorado,2026-04-04,2,2026-04-18,Flu ED visits pct,quantile,0.5,0.9427184749879723
colorado-springs,2026-04-04,2,2026-04-18,Flu ED visits pct,quantile,0.5,1.1627091119011335
columbia,2026-04-04,2,2026-04-18,Flu ED visits pct,quantile,0.5,0.4468193097103341
columbus,2026-04-04,2,2026-04-18,Flu ED visits pct,quantile,0.5,0.5794733462705183
dallas,2026-04-04,2,2026-04-18,Flu ED visits pct,quantile,0.5,0.43309137272230047
denver,2026-04-04,2,2026-04-18,Flu ED visits pct,quantile,0.5,0.964193609541838
deschutes,2026-04-04,2,2026-04-18,Flu ED visits pct,quantile,0.5,0.6838708853424706
duluth,2026-04-04,2,2026-04-18,Flu ED visits pct,quantile,0.5,1.1226171719428084
el-paso,2026-04-04,2,2026-04-18,Flu ED visits pct,quantile,0.5,1.1255790060141735
eugene,2026-04-04,2,2026-04-18,Flu ED visits pct,quantile,0.5,0.29103926600351854
fay-area,2026-04-04,2,2026-04-18,Flu ED visits pct,quantile,0.5,1.0546375400183274
florence,2026-04-04,2,2026-04-18,Flu ED visits pct,quantile,0.5,0.1929979176635523
floyd,2026-04-04,2,2026-04-18,Flu ED visits pct,quantile,0.5,0.5710866987350036
frederick,2026-04-04,2,2026-04-18,Flu ED visits pct,quantile,0.5,1.730717508717517
georgia,2026-04-04,2,2026-04-18,Flu ED visits pct,quantile,0.5,0.539420715190759
greenville,2026-04-04,2,2026-04-18,Flu ED visits pct,quantile,0.5,0.4350518923419183
hall,2026-04-04,2,2026-04-18,Flu ED visits pct,quantile,0.5,0.6328904850053929
harford,2026-04-04,2,2026-04-18,Flu ED visits pct,quantile,0.5,0.4262702171558695
henry,2026-04-04,2,2026-04-18,Flu ED visits pct,quantile,0.5,0.3751819748175338
horry,2026-04-04,2,2026-04-18,Flu ED visits pct,quantile,0.5,0.644830487382581
houston,2026-04-04,2,2026-04-18,Flu ED visits pct,quantile,0.5,0.5136884018915852
indiana,2026-04-04,2,2026-04-18,Flu ED visits pct,quantile,0.5,0.6021455253017955
indianapolis,2026-04-04,2,2026-04-18,Flu ED visits pct,quantile,0.5,0.44034727983987704
la-grange,2026-04-04,2,2026-04-18,Flu ED visits pct,quantile,0.5,0.3229671779866744
larimer,2026-04-04,2,2026-04-18,Flu ED visits pct,quantile,0.5,0.8615136503515212
lynn,2026-04-04,2,2026-04-18,Flu ED visits pct,quantile,0.5,0.8186304071276743
macon,2026-04-04,2,2026-04-18,Flu ED visits pct,quantile,0.5,0.28144854667943825
maine,2026-04-04,2,2026-04-18,Flu ED visits pct,quantile,0.5,0.9162674789422078
marietta,2026-04-04,2,2026-04-18,Flu ED visits pct,quantile,0.5,0.3710542420622891
maryland,2026-04-04,2,2026-04-18,Flu ED visits pct,quantile,0.5,1.0221792612414686
massachusetts,2026-04-04,2,2026-04-18,Flu ED visits pct,quantile,0.5,1.2324231774109218
medford,2026-04-04,2,2026-04-18,Flu ED visits pct,quantile,0.5,0.09433532856327227
mesa,2026-04-04,2,2026-04-18,Flu ED visits pct,quantile,0.5,0.10838325146629796
minneapolis,2026-04-04,2,2026-04-18,Flu ED visits pct,quantile,0.5,1.1947206109158466
minnesota,2026-04-04,2,2026-04-18,Flu ED visits pct,quantile,0.5,1.13239333679359
montgomery,2026-04-04,2,2026-04-18,Flu ED visits pct,quantile,0.5,0.9352122052208696
nenc,2026-04-04,2,2026-04-18,Flu ED visits pct,quantile,0.5,0.40133158438582045
new-bedford,2026-04-04,2,2026-04-18,Flu ED visits pct,quantile,0.5,1.379893025254035
north-carolina,2026-04-04,2,2026-04-18,Flu ED visits pct,quantile,0.5,0.6933243756393188
nyc,2026-04-04,2,2026-04-18,ILI ED visits pct,quantile,0.5,2.9464896687529345
ogden,2026-04-04,2,2026-04-18,Flu ED visits pct,quantile,0.5,0.3895340943598339
oregon,2026-04-04,2,2026-04-18,Flu ED visits pct,quantile,0.5,0.5830730830653331
pittsfield,2026-04-04,2,2026-04-18,Flu ED visits pct,quantile,0.5,0.21202271278267878
portland,2026-04-04,2,2026-04-18,Flu ED visits pct,quantile,0.5,0.7536639282623527
portland-or,2026-04-04,2,2026-04-18,Flu ED visits pct,quantile,0.5,0.6177802128557941
provo,2026-04-04,2,2026-04-18,Flu ED visits pct,quantile,0.5,0.24587133940397898
roanoke,2026-04-04,2,2026-04-18,Flu ED visits pct,quantile,0.5,0.7972452332364766
rochester,2026-04-04,2,2026-04-18,Flu ED visits pct,quantile,0.5,0.5508656754614792
rock-hill,2026-04-04,2,2026-04-18,Flu ED visits pct,quantile,0.5,0.6332468445297175
rtp-area,2026-04-04,2,2026-04-18,Flu ED visits pct,quantile,0.5,0.4535176675350125
salem,2026-04-04,2,2026-04-18,Flu ED visits pct,quantile,0.5,0.5973062639169283
salt-lake-city,2026-04-04,2,2026-04-18,Flu ED visits pct,quantile,0.5,0.3781223729201108
san-antonio,2026-04-04,2,2026-04-18,Flu ED visits pct,quantile,0.5,0.4959800287711621
savannah,2026-04-04,2,2026-04-18,Flu ED visits pct,quantile,0.5,0.3339768669033601
senc,2026-04-04,2,2026-04-18,Flu ED visits pct,quantile,0.5,0.677161601463013
south-augusta,2026-04-04,2,2026-04-18,Flu ED visits pct,quantile,0.5,0.4994227067559869
south-carolina,2026-04-04,2,2026-04-18,Flu ED visits pct,quantile,0.5,0.570290497368198
springfield,2026-04-04,2,2026-04-18,Flu ED visits pct,quantile,0.5,1.5472314438207928
st-cloud,2026-04-04,2,2026-04-18,Flu ED visits pct,quantile,0.5,0.8270187946311797
st-paul,2026-04-04,2,2026-04-18,Flu ED visits pct,quantile,0.5,1.0135027896510693
texas,2026-04-04,2,2026-04-18,Flu ED visits pct,quantile,0.5,0.6099126738703493
triad-area,2026-04-04,2,2026-04-18,Flu ED visits pct,quantile,0.5,0.5399427828990668
utah,2026-04-04,2,2026-04-18,Flu ED visits pct,quantile,0.5,0.4323214991633727
virginia,2026-04-04,2,2026-04-18,Flu ED visits pct,quantile,0.5,0.9391609022541857
weld,2026-04-04,2,2026-04-18,Flu ED visits pct,quantile,0.5,0.6356130967390077
wnc,2026-04-04,2,2026-04-18,Flu ED visits pct,quantile,0.5,0.4205604431505146
worcester,2026-04-04,2,2026-04-18,Flu ED visits pct,quantile,0.5,1.1914807117939428
athens,2026-04-04,3,2026-04-25,Flu ED visits pct,quantile,0.5,0.43866433445381836
austin,2026-04-04,3,2026-04-25,Flu ED visits pct,quantile,0.5,0.3870781296055955
baltimore,2026-04-04,3,2026-04-25,Flu ED visits pct,quantile,0.5,0.7908332815634107
bangor,2026-04-04,3,2026-04-25,Flu ED visits pct,quantile,0.5,0.7669559159100084
beaumont,2026-04-04,3,2026-04-25,Flu ED visits pct,quantile,0.5,0.5306237904684574
boston,2026-04-04,3,2026-04-25,Flu ED visits pct,quantile,0.5,0.9551293637842342
boulder,2026-04-04,3,2026-04-25,Flu ED visits pct,quantile,0.5,0.5547897443704226
charleston,2026-04-04,3,2026-04-25,Flu ED visits pct,quantile,0.5,0.34591143606325797
cherokee,2026-04-04,3,2026-04-25,Flu ED visits pct,quantile,0.5,0.7924689358655996
clt-area,2026-04-04,3,2026-04-25,Flu ED visits pct,quantile,0.5,0.9332036285678957
colorado,2026-04-04,3,2026-04-25,Flu ED visits pct,quantile,0.5,0.8002924874280367
colorado-springs,2026-04-04,3,2026-04-25,Flu ED visits pct,quantile,0.5,0.9969169977610666
columbia,2026-04-04,3,2026-04-25,Flu ED visits pct,quantile,0.5,0.3965863002664177
columbus,2026-04-04,3,2026-04-25,Flu ED visits pct,quantile,0.5,0.49454149796910085
dallas,2026-04-04,3,2026-04-25,Flu ED visits pct,quantile,0.5,0.38248785672951663
denver,2026-04-04,3,2026-04-25,Flu ED visits pct,quantile,0.5,0.8180548069308223
deschutes,2026-04-04,3,2026-04-25,Flu ED visits pct,quantile,0.5,0.6281261448255638
duluth,2026-04-04,3,2026-04-25,Flu ED visits pct,quantile,0.5,0.9541284672338172
el-paso,2026-04-04,3,2026-04-25,Flu ED visits pct,quantile,0.5,1.0241689602535091
eugene,2026-04-04,3,2026-04-25,Flu ED visits pct,quantile,0.5,0.253114400252368
fay-area,2026-04-04,3,2026-04-25,Flu ED visits pct,quantile,0.5,0.8809174840627916
florence,2026-04-04,3,2026-04-25,Flu ED visits pct,quantile,0.5,0.18068271763576826
floyd,2026-04-04,3,2026-04-25,Flu ED visits pct,quantile,0.5,0.510265023772477
frederick,2026-04-04,3,2026-04-25,Flu ED visits pct,quantile,0.5,1.590807743451616
georgia,2026-04-04,3,2026-04-25,Flu ED visits pct,quantile,0.5,0.4855912359030195
greenville,2026-04-04,3,2026-04-25,Flu ED visits pct,quantile,0.5,0.3657217286679571
hall,2026-04-04,3,2026-04-25,Flu ED visits pct,quantile,0.5,0.5595561885993972
harford,2026-04-04,3,2026-04-25,Flu ED visits pct,quantile,0.5,0.39002682586055093
henry,2026-04-04,3,2026-04-25,Flu ED visits pct,quantile,0.5,0.3435281045245351
horry,2026-04-04,3,2026-04-25,Flu ED visits pct,quantile,0.5,0.5907380711015088
houston,2026-04-04,3,2026-04-25,Flu ED visits pct,quantile,0.5,0.4770019151862352
indiana,2026-04-04,3,2026-04-25,Flu ED visits pct,quantile,0.5,0.5032837762291184
indianapolis,2026-04-04,3,2026-04-25,Flu ED visits pct,quantile,0.5,0.34559082171502065
la-grange,2026-04-04,3,2026-04-25,Flu ED visits pct,quantile,0.5,0.29149956376915503
larimer,2026-04-04,3,2026-04-25,Flu ED visits pct,quantile,0.5,0.7628031797909459
lynn,2026-04-04,3,2026-04-25,Flu ED visits pct,quantile,0.5,0.7529784117847437
macon,2026-04-04,3,2026-04-25,Flu ED visits pct,quantile,0.5,0.25043846417709326
maine,2026-04-04,3,2026-04-25,Flu ED visits pct,quantile,0.5,0.7916394528075974
marietta,2026-04-04,3,2026-04-25,Flu ED visits pct,quantile,0.5,0.3303075984850754
maryland,2026-04-04,3,2026-04-25,Flu ED visits pct,quantile,0.5,0.9082541487246563
massachusetts,2026-04-04,3,2026-04-25,Flu ED visits pct,quantile,0.5,1.0771871706277854
medford,2026-04-04,3,2026-04-25,Flu ED visits pct,quantile,0.5,0.08767618085937373
mesa,2026-04-04,3,2026-04-25,Flu ED visits pct,quantile,0.5,0.10675533007503549
minneapolis,2026-04-04,3,2026-04-25,Flu ED visits pct,quantile,0.5,1.0109590670980775
minnesota,2026-04-04,3,2026-04-25,Flu ED visits pct,quantile,0.5,0.9649424138150183
montgomery,2026-04-04,3,2026-04-25,Flu ED visits pct,quantile,0.5,0.8392148137060125
nenc,2026-04-04,3,2026-04-25,Flu ED visits pct,quantile,0.5,0.33439069412641426
new-bedford,2026-04-04,3,2026-04-25,Flu ED visits pct,quantile,0.5,1.2738101862925655
north-carolina,2026-04-04,3,2026-04-25,Flu ED visits pct,quantile,0.5,0.5790301295701863
nyc,2026-04-04,3,2026-04-25,ILI ED visits pct,quantile,0.5,2.777413669033121
ogden,2026-04-04,3,2026-04-25,Flu ED visits pct,quantile,0.5,0.34528700576418225
oregon,2026-04-04,3,2026-04-25,Flu ED visits pct,quantile,0.5,0.5072339025280023
pittsfield,2026-04-04,3,2026-04-25,Flu ED visits pct,quantile,0.5,0.18640171005868675
portland,2026-04-04,3,2026-04-25,Flu ED visits pct,quantile,0.5,0.6758224980961988
portland-or,2026-04-04,3,2026-04-25,Flu ED visits pct,quantile,0.5,0.5254676037190014
provo,2026-04-04,3,2026-04-25,Flu ED visits pct,quantile,0.5,0.22750251820504933
roanoke,2026-04-04,3,2026-04-25,Flu ED visits pct,quantile,0.5,0.6602829626147211
rochester,2026-04-04,3,2026-04-25,Flu ED visits pct,quantile,0.5,0.4719441235234264
rock-hill,2026-04-04,3,2026-04-25,Flu ED visits pct,quantile,0.5,0.5988869906782555
rtp-area,2026-04-04,3,2026-04-25,Flu ED visits pct,quantile,0.5,0.3873205724727846
salem,2026-04-04,3,2026-04-25,Flu ED visits pct,quantile,0.5,0.48223008530220246
salt-lake-city,2026-04-04,3,2026-04-25,Flu ED visits pct,quantile,0.5,0.34289787712105924
san-antonio,2026-04-04,3,2026-04-25,Flu ED visits pct,quantile,0.5,0.4384377906806424
savannah,2026-04-04,3,2026-04-25,Flu ED visits pct,quantile,0.5,0.29425201734597795
senc,2026-04-04,3,2026-04-25,Flu ED visits pct,quantile,0.5,0.5682673508330217
south-augusta,2026-04-04,3,2026-04-25,Flu ED visits pct,quantile,0.5,0.42217211398056537
south-carolina,2026-04-04,3,2026-04-25,Flu ED visits pct,quantile,0.5,0.4990368137272011
springfield,2026-04-04,3,2026-04-25,Flu ED visits pct,quantile,0.5,1.3680166157826605
st-cloud,2026-04-04,3,2026-04-25,Flu ED visits pct,quantile,0.5,0.7043757125171047
st-paul,2026-04-04,3,2026-04-25,Flu ED visits pct,quantile,0.5,0.9073396398970037
texas,2026-04-04,3,2026-04-25,Flu ED visits pct,quantile,0.5,0.5710899804779811
triad-area,2026-04-04,3,2026-04-25,Flu ED visits pct,quantile,0.5,0.45772404324241556
utah,2026-04-04,3,2026-04-25,Flu ED visits pct,quantile,0.5,0.390133518013066
virginia,2026-04-04,3,2026-04-25,Flu ED visits pct,quantile,0.5,0.8560451153406669
weld,2026-04-04,3,2026-04-25,Flu ED visits pct,quantile,0.5,0.5333857596938524
wnc,2026-04-04,3,2026-04-25,Flu ED visits pct,quantile,0.5,0.35159913038810103
worcester,2026-04-04,3,2026-04-25,Flu ED visits pct,quantile,0.5,1.0649265414412936
athens,2026-04-04,0,2026-04-04,Flu ED visits pct,quantile,0.75,1.0698075045253692
austin,2026-04-04,0,2026-04-04,Flu ED visits pct,quantile,0.75,0.6611981590090366
baltimore,2026-04-04,0,2026-04-04,Flu ED visits pct,quantile,0.75,1.252436157342603
bangor,2026-04-04,0,2026-04-04,Flu ED visits pct,quantile,0.75,1.7239236825643438
beaumont,2026-04-04,0,2026-04-04,Flu ED visits pct,quantile,0.75,0.9808778586144186
boston,2026-04-04,0,2026-04-04,Flu ED visits pct,quantile,0.75,1.5879357516890005
boulder,2026-04-04,0,2026-04-04,Flu ED visits pct,quantile,0.75,1.6028849780871322
charleston,2026-04-04,0,2026-04-04,Flu ED visits pct,quantile,0.75,0.7244649711717673
cherokee,2026-04-04,0,2026-04-04,Flu ED visits pct,quantile,0.75,1.6037275583632766
clt-area,2026-04-04,0,2026-04-04,Flu ED visits pct,quantile,0.75,1.9906351665467195
colorado,2026-04-04,0,2026-04-04,Flu ED visits pct,quantile,0.75,1.6378413022128653
colorado-springs,2026-04-04,0,2026-04-04,Flu ED visits pct,quantile,0.75,2.0237348294775335
columbia,2026-04-04,0,2026-04-04,Flu ED visits pct,quantile,0.75,0.8485675693670965
columbus,2026-04-04,0,2026-04-04,Flu ED visits pct,quantile,0.75,1.1735958703879255
dallas,2026-04-04,0,2026-04-04,Flu ED visits pct,quantile,0.75,0.6722307737890476
denver,2026-04-04,0,2026-04-04,Flu ED visits pct,quantile,0.75,1.6258339986005717
deschutes,2026-04-04,0,2026-04-04,Flu ED visits pct,quantile,0.75,1.2032798813114063
duluth,2026-04-04,0,2026-04-04,Flu ED visits pct,quantile,0.75,2.2897526936617623
el-paso,2026-04-04,0,2026-04-04,Flu ED visits pct,quantile,0.75,1.6601604302134385
eugene,2026-04-04,0,2026-04-04,Flu ED visits pct,quantile,0.75,0.5145834516918246
fay-area,2026-04-04,0,2026-04-04,Flu ED visits pct,quantile,0.75,1.9286086818543773
florence,2026-04-04,0,2026-04-04,Flu ED visits pct,quantile,0.75,0.40204319050419773
floyd,2026-04-04,0,2026-04-04,Flu ED visits pct,quantile,0.75,1.1309439421479337
frederick,2026-04-04,0,2026-04-04,Flu ED visits pct,quantile,0.75,2.8323415011151436
georgia,2026-04-04,0,2026-04-04,Flu ED visits pct,quantile,0.75,0.8104687809866481
greenville,2026-04-04,0,2026-04-04,Flu ED visits pct,quantile,0.75,0.8918675911925372
hall,2026-04-04,0,2026-04-04,Flu ED visits pct,quantile,0.75,1.2469830173283307
harford,2026-04-04,0,2026-04-04,Flu ED visits pct,quantile,0.75,0.7708507198486513
henry,2026-04-04,0,2026-04-04,Flu ED visits pct,quantile,0.75,0.6912605623508803
horry,2026-04-04,0,2026-04-04,Flu ED visits pct,quantile,0.75,1.125924871276637
houston,2026-04-04,0,2026-04-04,Flu ED visits pct,quantile,0.75,0.6902294592265454
indiana,2026-04-04,0,2026-04-04,Flu ED visits pct,quantile,0.75,1.2946224097407082
indianapolis,2026-04-04,0,2026-04-04,Flu ED visits pct,quantile,0.75,0.9768817950785443
la-grange,2026-04-04,0,2026-04-04,Flu ED visits pct,quantile,0.75,0.6491804170062633
larimer,2026-04-04,0,2026-04-04,Flu ED visits pct,quantile,0.75,1.4665649933991192
lynn,2026-04-04,0,2026-04-04,Flu ED visits pct,quantile,0.75,1.351032764208277
macon,2026-04-04,0,2026-04-04,Flu ED visits pct,quantile,0.75,0.5150264910867943
maine,2026-04-04,0,2026-04-04,Flu ED visits pct,quantile,0.75,1.37971335031306
marietta,2026-04-04,0,2026-04-04,Flu ED visits pct,quantile,0.75,0.6712574924687942
maryland,2026-04-04,0,2026-04-04,Flu ED visits pct,quantile,0.75,1.4140091273501287
massachusetts,2026-04-04,0,2026-04-04,Flu ED visits pct,quantile,0.75,1.756265467974418
medford,2026-04-04,0,2026-04-04,Flu ED visits pct,quantile,0.75,0.193300346021686
mesa,2026-04-04,0,2026-04-04,Flu ED visits pct,quantile,0.75,0.25989195973645957
minneapolis,2026-04-04,0,2026-04-04,Flu ED visits pct,quantile,0.75,2.0004329096900078
minnesota,2026-04-04,0,2026-04-04,Flu ED visits pct,quantile,0.75,1.7847070690270055
montgomery,2026-04-04,0,2026-04-04,Flu ED visits pct,quantile,0.75,1.3682467907206444
nenc,2026-04-04,0,2026-04-04,Flu ED visits pct,quantile,0.75,0.8172776573072824
new-bedford,2026-04-04,0,2026-04-04,Flu ED visits pct,quantile,0.75,2.3057231204998723
north-carolina,2026-04-04,0,2026-04-04,Flu ED visits pct,quantile,0.75,1.3055200660310076
nyc,2026-04-04,0,2026-04-04,ILI ED visits pct,quantile,0.75,3.4077623013441367
ogden,2026-04-04,0,2026-04-04,Flu ED visits pct,quantile,0.75,0.6708937789509967
oregon,2026-04-04,0,2026-04-04,Flu ED visits pct,quantile,0.75,0.9528450470246236
pittsfield,2026-04-04,0,2026-04-04,Flu ED visits pct,quantile,0.75,0.495540978117194
portland,2026-04-04,0,2026-04-04,Flu ED visits pct,quantile,0.75,1.3903131546350729
portland-or,2026-04-04,0,2026-04-04,Flu ED visits pct,quantile,0.75,1.082706809465865
provo,2026-04-04,0,2026-04-04,Flu ED visits pct,quantile,0.75,0.43178094913614706
roanoke,2026-04-04,0,2026-04-04,Flu ED visits pct,quantile,0.75,1.6399714591877375
rochester,2026-04-04,0,2026-04-04,Flu ED visits pct,quantile,0.75,1.1686925419634562
rock-hill,2026-04-04,0,2026-04-04,Flu ED visits pct,quantile,0.75,1.1942778670703895
rtp-area,2026-04-04,0,2026-04-04,Flu ED visits pct,quantile,0.75,0.84758748578554
salem,2026-04-04,0,2026-04-04,Flu ED visits pct,quantile,0.75,1.1620396352657847
salt-lake-city,2026-04-04,0,2026-04-04,Flu ED visits pct,quantile,0.75,0.5779380352744297
san-antonio,2026-04-04,0,2026-04-04,Flu ED visits pct,quantile,0.75,0.8121688681615352
savannah,2026-04-04,0,2026-04-04,Flu ED visits pct,quantile,0.75,0.5974801341365671
senc,2026-04-04,0,2026-04-04,Flu ED visits pct,quantile,0.75,1.2008142001284057
south-augusta,2026-04-04,0,2026-04-04,Flu ED visits pct,quantile,0.75,0.9633404429701845
south-carolina,2026-04-04,0,2026-04-04,Flu ED visits pct,quantile,0.75,0.9110791721853593
springfield,2026-04-04,0,2026-04-04,Flu ED visits pct,quantile,0.75,2.5116891798765426
st-cloud,2026-04-04,0,2026-04-04,Flu ED visits pct,quantile,0.75,1.724734360243177
st-paul,2026-04-04,0,2026-04-04,Flu ED visits pct,quantile,0.75,1.519328313621938
texas,2026-04-04,0,2026-04-04,Flu ED visits pct,quantile,0.75,0.8724415672341673
triad-area,2026-04-04,0,2026-04-04,Flu ED visits pct,quantile,0.75,0.9616567679847752
utah,2026-04-04,0,2026-04-04,Flu ED visits pct,quantile,0.75,0.6332974147374325
virginia,2026-04-04,0,2026-04-04,Flu ED visits pct,quantile,0.75,1.4068177254832437
weld,2026-04-04,0,2026-04-04,Flu ED visits pct,quantile,0.75,1.561399342060767
wnc,2026-04-04,0,2026-04-04,Flu ED visits pct,quantile,0.75,0.8384748231677045
worcester,2026-04-04,0,2026-04-04,Flu ED visits pct,quantile,0.75,1.9197592464531272
athens,2026-04-04,1,2026-04-11,Flu ED visits pct,quantile,0.75,0.9126714812889634
austin,2026-04-04,1,2026-04-11,Flu ED visits pct,quantile,0.75,0.6017714645668424
baltimore,2026-04-04,1,2026-04-11,Flu ED visits pct,quantile,0.75,1.2047311045860305
bangor,2026-04-04,1,2026-04-11,Flu ED visits pct,quantile,0.75,1.598516363950828
beaumont,2026-04-04,1,2026-04-11,Flu ED visits pct,quantile,0.75,0.8989537507281413
boston,2026-04-04,1,2026-04-11,Flu ED visits pct,quantile,0.75,1.49486051544698
boulder,2026-04-04,1,2026-04-11,Flu ED visits pct,quantile,0.75,1.3160526321245998
charleston,2026-04-04,1,2026-04-11,Flu ED visits pct,quantile,0.75,0.605327996737953
cherokee,2026-04-04,1,2026-04-11,Flu ED visits pct,quantile,0.75,1.4740435114138957
clt-area,2026-04-04,1,2026-04-11,Flu ED visits pct,quantile,0.75,1.6919243013716228
colorado,2026-04-04,1,2026-04-11,Flu ED visits pct,quantile,0.75,1.4582702247875161
colorado-springs,2026-04-04,1,2026-04-11,Flu ED visits pct,quantile,0.75,1.8165752461751472
columbia,2026-04-04,1,2026-04-11,Flu ED visits pct,quantile,0.75,0.7542709531148035
columbus,2026-04-04,1,2026-04-11,Flu ED visits pct,quantile,0.75,1.0325652481753445
dallas,2026-04-04,1,2026-04-11,Flu ED visits pct,quantile,0.75,0.6081263805950137
denver,2026-04-04,1,2026-04-11,Flu ED visits pct,quantile,0.75,1.4430409489458011
deschutes,2026-04-04,1,2026-04-11,Flu ED visits pct,quantile,0.75,1.1553936413445312
duluth,2026-04-04,1,2026-04-11,Flu ED visits pct,quantile,0.75,2.0395973168924306
el-paso,2026-04-04,1,2026-04-11,Flu ED visits pct,quantile,0.75,1.561569538236525
eugene,2026-04-04,1,2026-04-11,Flu ED visits pct,quantile,0.75,0.4369459264996211
fay-area,2026-04-04,1,2026-04-11,Flu ED visits pct,quantile,0.75,1.6279295118748371
florence,2026-04-04,1,2026-04-11,Flu ED visits pct,quantile,0.75,0.35907986508237594
floyd,2026-04-04,1,2026-04-11,Flu ED visits pct,quantile,0.75,1.0358587752907975
frederick,2026-04-04,1,2026-04-11,Flu ED visits pct,quantile,0.75,2.758384475512086
georgia,2026-04-04,1,2026-04-11,Flu ED visits pct,quantile,0.75,0.7421839479224149
greenville,2026-04-04,1,2026-04-11,Flu ED visits pct,quantile,0.75,0.7341670363150541
hall,2026-04-04,1,2026-04-11,Flu ED visits pct,quantile,0.75,1.1562231999226815
harford,2026-04-04,1,2026-04-11,Flu ED visits pct,quantile,0.75,0.7165105299250737
henry,2026-04-04,1,2026-04-11,Flu ED visits pct,quantile,0.75,0.6299999359317854
horry,2026-04-04,1,2026-04-11,Flu ED visits pct,quantile,0.75,1.0392085854770605
houston,2026-04-04,1,2026-04-11,Flu ED visits pct,quantile,0.75,0.6597245760579873
indiana,2026-04-04,1,2026-04-11,Flu ED visits pct,quantile,0.75,1.0659405504288237
indianapolis,2026-04-04,1,2026-04-11,Flu ED visits pct,quantile,0.75,0.7803407630722279
la-grange,2026-04-04,1,2026-04-11,Flu ED visits pct,quantile,0.75,0.6063692517371427
larimer,2026-04-04,1,2026-04-11,Flu ED visits pct,quantile,0.75,1.3487264099411858
lynn,2026-04-04,1,2026-04-11,Flu ED visits pct,quantile,0.75,1.2745959551690853
macon,2026-04-04,1,2026-04-11,Flu ED visits pct,quantile,0.75,0.46538306956770675
maine,2026-04-04,1,2026-04-11,Flu ED visits pct,quantile,0.75,1.3028170115713553
marietta,2026-04-04,1,2026-04-11,Flu ED visits pct,quantile,0.75,0.5971121708428648
maryland,2026-04-04,1,2026-04-11,Flu ED visits pct,quantile,0.75,1.348646173521477
massachusetts,2026-04-04,1,2026-04-11,Flu ED visits pct,quantile,0.75,1.6606246412888046
medford,2026-04-04,1,2026-04-11,Flu ED visits pct,quantile,0.75,0.172372864606141
mesa,2026-04-04,1,2026-04-11,Flu ED visits pct,quantile,0.75,0.24178092710055138
minneapolis,2026-04-04,1,2026-04-11,Flu ED visits pct,quantile,0.75,1.821005866462791
minnesota,2026-04-04,1,2026-04-11,Flu ED visits pct,quantile,0.75,1.640694949637873
montgomery,2026-04-04,1,2026-04-11,Flu ED visits pct,quantile,0.75,1.3130124068233717
nenc,2026-04-04,1,2026-04-11,Flu ED visits pct,quantile,0.75,0.6785818281722804
new-bedford,2026-04-04,1,2026-04-11,Flu ED visits pct,quantile,0.75,2.1919221741244
north-carolina,2026-04-04,1,2026-04-11,Flu ED visits pct,quantile,0.75,1.0989796632589994
nyc,2026-04-04,1,2026-04-11,ILI ED visits pct,quantile,0.75,3.3245983822569882
ogden,2026-04-04,1,2026-04-11,Flu ED visits pct,quantile,0.75,0.6022617222105546
oregon,2026-04-04,1,2026-04-11,Flu ED visits pct,quantile,0.75,0.8284622855580047
pittsfield,2026-04-04,1,2026-04-11,Flu ED visits pct,quantile,0.75,0.46207314954590395
portland,2026-04-04,1,2026-04-11,Flu ED visits pct,quantile,0.75,1.2965773568405725
portland-or,2026-04-04,1,2026-04-11,Flu ED visits pct,quantile,0.75,0.9364646285056162
provo,2026-04-04,1,2026-04-11,Flu ED visits pct,quantile,0.75,0.38573775647209024
roanoke,2026-04-04,1,2026-04-11,Flu ED visits pct,quantile,0.75,1.3763131159764452
rochester,2026-04-04,1,2026-04-11,Flu ED visits pct,quantile,0.75,0.9718082093560371
rock-hill,2026-04-04,1,2026-04-11,Flu ED visits pct,quantile,0.75,1.1396872718357538
rtp-area,2026-04-04,1,2026-04-11,Flu ED visits pct,quantile,0.75,0.7037988651458388
salem,2026-04-04,1,2026-04-11,Flu ED visits pct,quantile,0.75,0.9756937854264243
salt-lake-city,2026-04-04,1,2026-04-11,Flu ED visits pct,quantile,0.75,0.5258582370675352
san-antonio,2026-04-04,1,2026-04-11,Flu ED visits pct,quantile,0.75,0.703749856211917
savannah,2026-04-04,1,2026-04-11,Flu ED visits pct,quantile,0.75,0.5487837476696902
senc,2026-04-04,1,2026-04-11,Flu ED visits pct,quantile,0.75,1.074927993761737
south-augusta,2026-04-04,1,2026-04-11,Flu ED visits pct,quantile,0.75,0.8320080769513836
south-carolina,2026-04-04,1,2026-04-11,Flu ED visits pct,quantile,0.75,0.8114259986742044
springfield,2026-04-04,1,2026-04-11,Flu ED visits pct,quantile,0.75,2.3481015780927
st-cloud,2026-04-04,1,2026-04-11,Flu ED visits pct,quantile,0.75,1.5170361606820062
st-paul,2026-04-04,1,2026-04-11,Flu ED visits pct,quantile,0.75,1.3898545253140684
texas,2026-04-04,1,2026-04-11,Flu ED visits pct,quantile,0.75,0.818387263667933
triad-area,2026-04-04,1,2026-04-11,Flu ED visits pct,quantile,0.75,0.8264448692820313
utah,2026-04-04,1,2026-04-11,Flu ED visits pct,quantile,0.75,0.5786369296770137
virginia,2026-04-04,1,2026-04-11,Flu ED visits pct,quantile,0.75,1.30081289418074
weld,2026-04-04,1,2026-04-11,Flu ED visits pct,quantile,0.75,1.3013595671911264
wnc,2026-04-04,1,2026-04-11,Flu ED visits pct,quantile,0.75,0.6959161334557412
worcester,2026-04-04,1,2026-04-11,Flu ED visits pct,quantile,0.75,1.8035410708477775
athens,2026-04-04,2,2026-04-18,Flu ED visits pct,quantile,0.75,0.7699273060835938
austin,2026-04-04,2,2026-04-18,Flu ED visits pct,quantile,0.75,0.5518154637643022
baltimore,2026-04-04,2,2026-04-18,Flu ED visits pct,quantile,0.75,1.1203544892291708
bangor,2026-04-04,2,2026-04-18,Flu ED visits pct,quantile,0.75,1.4082984406528531
beaumont,2026-04-04,2,2026-04-18,Flu ED visits pct,quantile,0.75,0.8070103336657324
boston,2026-04-04,2,2026-04-18,Flu ED visits pct,quantile,0.75,1.3654773915917349
boulder,2026-04-04,2,2026-04-18,Flu ED visits pct,quantile,0.75,1.0774430601628597
charleston,2026-04-04,2,2026-04-18,Flu ED visits pct,quantile,0.75,0.5013536144868473
cherokee,2026-04-04,2,2026-04-18,Flu ED visits pct,quantile,0.75,1.3014202448178684
clt-area,2026-04-04,2,2026-04-18,Flu ED visits pct,quantile,0.75,1.382173030035881
colorado,2026-04-04,2,2026-04-18,Flu ED visits pct,quantile,0.75,1.2917623089055283
colorado-springs,2026-04-04,2,2026-04-18,Flu ED visits pct,quantile,0.75,1.60418846800664
columbia,2026-04-04,2,2026-04-18,Flu ED visits pct,quantile,0.75,0.6583064935730143
columbus,2026-04-04,2,2026-04-18,Flu ED visits pct,quantile,0.75,0.8785196821928867
dallas,2026-04-04,2,2026-04-18,Flu ED visits pct,quantile,0.75,0.5488517456131804
denver,2026-04-04,2,2026-04-18,Flu ED visits pct,quantile,0.75,1.2847129344846437
deschutes,2026-04-04,2,2026-04-18,Flu ED visits pct,quantile,0.75,1.0467739601583606
duluth,2026-04-04,2,2026-04-18,Flu ED visits pct,quantile,0.75,1.7804286223908337
el-paso,2026-04-04,2,2026-04-18,Flu ED visits pct,quantile,0.75,1.3979038960981953
eugene,2026-04-04,2,2026-04-18,Flu ED visits pct,quantile,0.75,0.3629108186042145
fay-area,2026-04-04,2,2026-04-18,Flu ED visits pct,quantile,0.75,1.351867672012421
florence,2026-04-04,2,2026-04-18,Flu ED visits pct,quantile,0.75,0.33728059092832674
floyd,2026-04-04,2,2026-04-18,Flu ED visits pct,quantile,0.75,0.9267244012549385
frederick,2026-04-04,2,2026-04-18,Flu ED visits pct,quantile,0.75,2.535250489436025
georgia,2026-04-04,2,2026-04-18,Flu ED visits pct,quantile,0.75,0.6678761805110235
greenville,2026-04-04,2,2026-04-18,Flu ED visits pct,quantile,0.75,0.5895065302301866
hall,2026-04-04,2,2026-04-18,Flu ED visits pct,quantile,0.75,1.0355904786903263
harford,2026-04-04,2,2026-04-18,Flu ED visits pct,quantile,0.75,0.6444321619441564
henry,2026-04-04,2,2026-04-18,Flu ED visits pct,quantile,0.75,0.5574470625510781
horry,2026-04-04,2,2026-04-18,Flu ED visits pct,quantile,0.75,0.950262857324994
houston,2026-04-04,2,2026-04-18,Flu ED visits pct,quantile,0.75,0.6277999695083122
indiana,2026-04-04,2,2026-04-18,Flu ED visits pct,quantile,0.75,0.8764849835597944
indianapolis,2026-04-04,2,2026-04-18,Flu ED visits pct,quantile,0.75,0.5984769789586117
la-grange,2026-04-04,2,2026-04-18,Flu ED visits pct,quantile,0.75,0.5396365967094485
larimer,2026-04-04,2,2026-04-18,Flu ED visits pct,quantile,0.75,1.2014933509337895
lynn,2026-04-04,2,2026-04-18,Flu ED visits pct,quantile,0.75,1.1790530124001912
macon,2026-04-04,2,2026-04-18,Flu ED visits pct,quantile,0.75,0.4177605893699625
maine,2026-04-04,2,2026-04-18,Flu ED visits pct,quantile,0.75,1.204741599938803
marietta,2026-04-04,2,2026-04-18,Flu ED visits pct,quantile,0.75,0.5324208310920187
maryland,2026-04-04,2,2026-04-18,Flu ED visits pct,quantile,0.75,1.2603840651653264
massachusetts,2026-04-04,2,2026-04-18,Flu ED visits pct,quantile,0.75,1.4984102727250834
medford,2026-04-04,2,2026-04-18,Flu ED visits pct,quantile,0.75,0.15755463059172142
mesa,2026-04-04,2,2026-04-18,Flu ED visits pct,quantile,0.75,0.22201796423153097
minneapolis,2026-04-04,2,2026-04-18,Flu ED visits pct,quantile,0.75,1.6238208956632647
minnesota,2026-04-04,2,2026-04-18,Flu ED visits pct,quantile,0.75,1.4642632323414726
montgomery,2026-04-04,2,2026-04-18,Flu ED visits pct,quantile,0.75,1.234938248296995
nenc,2026-04-04,2,2026-04-18,Flu ED visits pct,quantile,0.75,0.5711455859069305
new-bedford,2026-04-04,2,2026-04-18,Flu ED visits pct,quantile,0.75,1.999364183020069
north-carolina,2026-04-04,2,2026-04-18,Flu ED visits pct,quantile,0.75,0.9251181595929534
nyc,2026-04-04,2,2026-04-18,ILI ED visits pct,quantile,0.75,3.176165966705613
ogden,2026-04-04,2,2026-04-18,Flu ED visits pct,quantile,0.75,0.5327715637908856
oregon,2026-04-04,2,2026-04-18,Flu ED visits pct,quantile,0.75,0.7072295105762969
pittsfield,2026-04-04,2,2026-04-18,Flu ED visits pct,quantile,0.75,0.41572530636495625
portland,2026-04-04,2,2026-04-18,Flu ED visits pct,quantile,0.75,1.1693069705203682
portland-or,2026-04-04,2,2026-04-18,Flu ED visits pct,quantile,0.75,0.7912204138265098
provo,2026-04-04,2,2026-04-18,Flu ED visits pct,quantile,0.75,0.3596917452239497
roanoke,2026-04-04,2,2026-04-18,Flu ED visits pct,quantile,0.75,1.1570013528811847
rochester,2026-04-04,2,2026-04-18,Flu ED visits pct,quantile,0.75,0.8031720213518821
rock-hill,2026-04-04,2,2026-04-18,Flu ED visits pct,quantile,0.75,1.0353010171766623
rtp-area,2026-04-04,2,2026-04-18,Flu ED visits pct,quantile,0.75,0.5770183442590441
salem,2026-04-04,2,2026-04-18,Flu ED visits pct,quantile,0.75,0.7914106288870099
salt-lake-city,2026-04-04,2,2026-04-18,Flu ED visits pct,quantile,0.75,0.48216078753558295
san-antonio,2026-04-04,2,2026-04-18,Flu ED visits pct,quantile,0.75,0.6052403924990166
savannah,2026-04-04,2,2026-04-18,Flu ED visits pct,quantile,0.75,0.4804249239194666
senc,2026-04-04,2,2026-04-18,Flu ED visits pct,quantile,0.75,0.9285505804362262
south-augusta,2026-04-04,2,2026-04-18,Flu ED visits pct,quantile,0.75,0.6865273663944048
south-carolina,2026-04-04,2,2026-04-18,Flu ED visits pct,quantile,0.75,0.7314074449370197
springfield,2026-04-04,2,2026-04-18,Flu ED visits pct,quantile,0.75,2.090097428809443
st-cloud,2026-04-04,2,2026-04-18,Flu ED visits pct,quantile,0.75,1.2814353578600286
st-paul,2026-04-04,2,2026-04-18,Flu ED visits pct,quantile,0.75,1.2407103894182334
texas,2026-04-04,2,2026-04-18,Flu ED visits pct,quantile,0.75,0.7880554237380754
triad-area,2026-04-04,2,2026-04-18,Flu ED visits pct,quantile,0.75,0.7056053250262319
utah,2026-04-04,2,2026-04-18,Flu ED visits pct,quantile,0.75,0.5251059477334582
virginia,2026-04-04,2,2026-04-18,Flu ED visits pct,quantile,0.75,1.179058215139966
weld,2026-04-04,2,2026-04-18,Flu ED visits pct,quantile,0.75,1.0944564696742516
wnc,2026-04-04,2,2026-04-18,Flu ED visits pct,quantile,0.75,0.5575227668705716
worcester,2026-04-04,2,2026-04-18,Flu ED visits pct,quantile,0.75,1.6335491833457159
athens,2026-04-04,3,2026-04-25,Flu ED visits pct,quantile,0.75,0.7238088694105179
austin,2026-04-04,3,2026-04-25,Flu ED visits pct,quantile,0.75,0.5317256162913736
baltimore,2026-04-04,3,2026-04-25,Flu ED visits pct,quantile,0.75,1.0802294865120896
bangor,2026-04-04,3,2026-04-25,Flu ED visits pct,quantile,0.75,1.3437713219396388
beaumont,2026-04-04,3,2026-04-25,Flu ED visits pct,quantile,0.75,0.7785408161954027
boston,2026-04-04,3,2026-04-25,Flu ED visits pct,quantile,0.75,1.296912378243264
boulder,2026-04-04,3,2026-04-25,Flu ED visits pct,quantile,0.75,0.9238300534163055
charleston,2026-04-04,3,2026-04-25,Flu ED visits pct,quantile,0.75,0.47422455241806766
cherokee,2026-04-04,3,2026-04-25,Flu ED visits pct,quantile,0.75,1.2576291005787767
clt-area,2026-04-04,3,2026-04-25,Flu ED visits pct,quantile,0.75,1.1707365365245497
colorado,2026-04-04,3,2026-04-25,Flu ED visits pct,quantile,0.75,1.2084478407144834
colorado-springs,2026-04-04,3,2026-04-25,Flu ED visits pct,quantile,0.75,1.5203189771945003
columbia,2026-04-04,3,2026-04-25,Flu ED visits pct,quantile,0.75,0.6286803860298907
columbus,2026-04-04,3,2026-04-25,Flu ED visits pct,quantile,0.75,0.8063269002423172
dallas,2026-04-04,3,2026-04-25,Flu ED visits pct,quantile,0.75,0.5343013723095285
denver,2026-04-04,3,2026-04-25,Flu ED visits pct,quantile,0.75,1.2191871811343742
deschutes,2026-04-04,3,2026-04-25,Flu ED visits pct,quantile,0.75,1.0281159335278582
duluth,2026-04-04,3,2026-04-25,Flu ED visits pct,quantile,0.75,1.676206385100661
el-paso,2026-04-04,3,2026-04-25,Flu ED visits pct,quantile,0.75,1.3428231308192313
eugene,2026-04-04,3,2026-04-25,Flu ED visits pct,quantile,0.75,0.3390608931152208
fay-area,2026-04-04,3,2026-04-25,Flu ED visits pct,quantile,0.75,1.1454585688274659
florence,2026-04-04,3,2026-04-25,Flu ED visits pct,quantile,0.75,0.3194786260474442
floyd,2026-04-04,3,2026-04-25,Flu ED visits pct,quantile,0.75,0.8777824367806041
frederick,2026-04-04,3,2026-04-25,Flu ED visits pct,quantile,0.75,2.424585229644613
georgia,2026-04-04,3,2026-04-25,Flu ED visits pct,quantile,0.75,0.6377953297498389
greenville,2026-04-04,3,2026-04-25,Flu ED visits pct,quantile,0.75,0.5482499041993274
hall,2026-04-04,3,2026-04-25,Flu ED visits pct,quantile,0.75,0.9781036791252935
harford,2026-04-04,3,2026-04-25,Flu ED visits pct,quantile,0.75,0.6183266670373168
henry,2026-04-04,3,2026-04-25,Flu ED visits pct,quantile,0.75,0.5326696999070445
horry,2026-04-04,3,2026-04-25,Flu ED visits pct,quantile,0.75,0.9073026412252484
houston,2026-04-04,3,2026-04-25,Flu ED visits pct,quantile,0.75,0.6132767683940006
indiana,2026-04-04,3,2026-04-25,Flu ED visits pct,quantile,0.75,0.7760597580698888
indianapolis,2026-04-04,3,2026-04-25,Flu ED visits pct,quantile,0.75,0.5169551498829662
la-grange,2026-04-04,3,2026-04-25,Flu ED visits pct,quantile,0.75,0.5211905703551034
larimer,2026-04-04,3,2026-04-25,Flu ED visits pct,quantile,0.75,1.1449419511308856
lynn,2026-04-04,3,2026-04-25,Flu ED visits pct,quantile,0.75,1.1307416379327844
macon,2026-04-04,3,2026-04-25,Flu ED visits pct,quantile,0.75,0.4027113268389944
maine,2026-04-04,3,2026-04-25,Flu ED visits pct,quantile,0.75,1.138263879888452
marietta,2026-04-04,3,2026-04-25,Flu ED visits pct,quantile,0.75,0.5083196079671937
maryland,2026-04-04,3,2026-04-25,Flu ED visits pct,quantile,0.75,1.2237491027599678
massachusetts,2026-04-04,3,2026-04-25,Flu ED visits pct,quantile,0.75,1.4243717630976456
medford,2026-04-04,3,2026-04-25,Flu ED visits pct,quantile,0.75,0.15013896803092364
mesa,2026-04-04,3,2026-04-25,Flu ED visits pct,quantile,0.75,0.21153790827364297
minneapolis,2026-04-04,3,2026-04-25,Flu ED visits pct,quantile,0.75,1.523527623769104
minnesota,2026-04-04,3,2026-04-25,Flu ED visits pct,quantile,0.75,1.3819114984428746
montgomery,2026-04-04,3,2026-04-25,Flu ED visits pct,quantile,0.75,1.1901924919141296
nenc,2026-04-04,3,2026-04-25,Flu ED visits pct,quantile,0.75,0.5027625834082163
new-bedford,2026-04-04,3,2026-04-25,Flu ED visits pct,quantile,0.75,1.920758651578621
north-carolina,2026-04-04,3,2026-04-25,Flu ED visits pct,quantile,0.75,0.8024365791205059
nyc,2026-04-04,3,2026-04-25,ILI ED visits pct,quantile,0.75,3.082451337147482
ogden,2026-04-04,3,2026-04-25,Flu ED visits pct,quantile,0.75,0.5119978996884034
oregon,2026-04-04,3,2026-04-25,Flu ED visits pct,quantile,0.75,0.6684502657843352
pittsfield,2026-04-04,3,2026-04-25,Flu ED visits pct,quantile,0.75,0.39551639336321903
portland,2026-04-04,3,2026-04-25,Flu ED visits pct,quantile,0.75,1.111855809740312
portland-or,2026-04-04,3,2026-04-25,Flu ED visits pct,quantile,0.75,0.7410682944810231
provo,2026-04-04,3,2026-04-25,Flu ED visits pct,quantile,0.75,0.3416963310001543
roanoke,2026-04-04,3,2026-04-25,Flu ED visits pct,quantile,0.75,1.057935010711469
rochester,2026-04-04,3,2026-04-25,Flu ED visits pct,quantile,0.75,0.7479620471290356
rock-hill,2026-04-04,3,2026-04-25,Flu ED visits pct,quantile,0.75,0.99639762213905
rtp-area,2026-04-04,3,2026-04-25,Flu ED visits pct,quantile,0.75,0.5075386524612444
salem,2026-04-04,3,2026-04-25,Flu ED visits pct,quantile,0.75,0.7272658649289792
salt-lake-city,2026-04-04,3,2026-04-25,Flu ED visits pct,quantile,0.75,0.46172282027923695
san-antonio,2026-04-04,3,2026-04-25,Flu ED visits pct,quantile,0.75,0.5721687849771594
savannah,2026-04-04,3,2026-04-25,Flu ED visits pct,quantile,0.75,0.45308273140857097
senc,2026-04-04,3,2026-04-25,Flu ED visits pct,quantile,0.75,0.8406264122379635
south-augusta,2026-04-04,3,2026-04-25,Flu ED visits pct,quantile,0.75,0.6460015956904802
south-carolina,2026-04-04,3,2026-04-25,Flu ED visits pct,quantile,0.75,0.6986564232606546
springfield,2026-04-04,3,2026-04-25,Flu ED visits pct,quantile,0.75,1.9961739315076577
st-cloud,2026-04-04,3,2026-04-25,Flu ED visits pct,quantile,0.75,1.184130640523184
st-paul,2026-04-04,3,2026-04-25,Flu ED visits pct,quantile,0.75,1.1864601709298992
texas,2026-04-04,3,2026-04-25,Flu ED visits pct,quantile,0.75,0.7466138422032456
triad-area,2026-04-04,3,2026-04-25,Flu ED visits pct,quantile,0.75,0.6500617578202926
utah,2026-04-04,3,2026-04-25,Flu ED visits pct,quantile,0.75,0.504343362002762
virginia,2026-04-04,3,2026-04-25,Flu ED visits pct,quantile,0.75,1.127837258265311
weld,2026-04-04,3,2026-04-25,Flu ED visits pct,quantile,0.75,0.9851229085344412
wnc,2026-04-04,3,2026-04-25,Flu ED visits pct,quantile,0.75,0.4788104266159891
worcester,2026-04-04,3,2026-04-25,Flu ED visits pct,quantile,0.75,1.5719233661605874
athens,2026-04-04,0,2026-04-04,Flu ED visits pct,quantile,0.9,1.321934772174917
austin,2026-04-04,0,2026-04-04,Flu ED visits pct,quantile,0.9,0.732720172262177
baltimore,2026-04-04,0,2026-04-04,Flu ED visits pct,quantile,0.9,1.400929507171249
bangor,2026-04-04,0,2026-04-04,Flu ED visits pct,quantile,0.9,2.012478747662464
beaumont,2026-04-04,0,2026-04-04,Flu ED visits pct,quantile,0.9,1.1823115433048221
boston,2026-04-04,0,2026-04-04,Flu ED visits pct,quantile,0.9,1.7092366821132863
boulder,2026-04-04,0,2026-04-04,Flu ED visits pct,quantile,0.9,1.8708461097751627
charleston,2026-04-04,0,2026-04-04,Flu ED visits pct,quantile,0.9,0.8329663715431275
cherokee,2026-04-04,0,2026-04-04,Flu ED visits pct,quantile,0.9,1.8888109782337452
clt-area,2026-04-04,0,2026-04-04,Flu ED visits pct,quantile,0.9,2.170916138112567
colorado,2026-04-04,0,2026-04-04,Flu ED visits pct,quantile,0.9,1.7796816167130947
colorado-springs,2026-04-04,0,2026-04-04,Flu ED visits pct,quantile,0.9,2.226035563007335
columbia,2026-04-04,0,2026-04-04,Flu ED visits pct,quantile,0.9,1.0129698324516287
columbus,2026-04-04,0,2026-04-04,Flu ED visits pct,quantile,0.9,1.3882818974533437
dallas,2026-04-04,0,2026-04-04,Flu ED visits pct,quantile,0.9,0.7248935586635747
denver,2026-04-04,0,2026-04-04,Flu ED visits pct,quantile,0.9,1.7511083630144435
deschutes,2026-04-04,0,2026-04-04,Flu ED visits pct,quantile,0.9,1.5859289466138453
duluth,2026-04-04,0,2026-04-04,Flu ED visits pct,quantile,0.9,2.5888271283603235
el-paso,2026-04-04,0,2026-04-04,Flu ED visits pct,quantile,0.9,1.8472679048244474
eugene,2026-04-04,0,2026-04-04,Flu ED visits pct,quantile,0.9,0.6196151362097454
fay-area,2026-04-04,0,2026-04-04,Flu ED visits pct,quantile,0.9,2.1056058087217555
florence,2026-04-04,0,2026-04-04,Flu ED visits pct,quantile,0.9,0.5209617410901545
floyd,2026-04-04,0,2026-04-04,Flu ED visits pct,quantile,0.9,1.3949742189279735
frederick,2026-04-04,0,2026-04-04,Flu ED visits pct,quantile,0.9,3.568995017321444
georgia,2026-04-04,0,2026-04-04,Flu ED visits pct,quantile,0.9,0.8789155211650613
greenville,2026-04-04,0,2026-04-04,Flu ED visits pct,quantile,0.9,1.0667044693584002
hall,2026-04-04,0,2026-04-04,Flu ED visits pct,quantile,0.9,1.4889329529912887
harford,2026-04-04,0,2026-04-04,Flu ED visits pct,quantile,0.9,0.926647894727025
henry,2026-04-04,0,2026-04-04,Flu ED visits pct,quantile,0.9,0.8351730043418156
horry,2026-04-04,0,2026-04-04,Flu ED visits pct,quantile,0.9,1.3346389227723916
houston,2026-04-04,0,2026-04-04,Flu ED visits pct,quantile,0.9,0.7340197154961245
indiana,2026-04-04,0,2026-04-04,Flu ED visits pct,quantile,0.9,1.4818192147977343
indianapolis,2026-04-04,0,2026-04-04,Flu ED visits pct,quantile,0.9,1.1367245349516666
la-grange,2026-04-04,0,2026-04-04,Flu ED visits pct,quantile,0.9,0.8165563789121928
larimer,2026-04-04,0,2026-04-04,Flu ED visits pct,quantile,0.9,1.7428997112473785
lynn,2026-04-04,0,2026-04-04,Flu ED visits pct,quantile,0.9,1.560064285796976
macon,2026-04-04,0,2026-04-04,Flu ED visits pct,quantile,0.9,0.6175587872366325
maine,2026-04-04,0,2026-04-04,Flu ED visits pct,quantile,0.9,1.4792663958742969
marietta,2026-04-04,0,2026-04-04,Flu ED visits pct,quantile,0.9,0.7918432550529012
maryland,2026-04-04,0,2026-04-04,Flu ED visits pct,quantile,0.9,1.491728125927732
massachusetts,2026-04-04,0,2026-04-04,Flu ED visits pct,quantile,0.9,1.8718050317631667
medford,2026-04-04,0,2026-04-04,Flu ED visits pct,quantile,0.9,0.2640367217341616
mesa,2026-04-04,0,2026-04-04,Flu ED visits pct,quantile,0.9,0.3868523540375513
minneapolis,2026-04-04,0,2026-04-04,Flu ED visits pct,quantile,0.9,2.072896469869982
minnesota,2026-04-04,0,2026-04-04,Flu ED visits pct,quantile,0.9,1.941810466355445
montgomery,2026-04-04,0,2026-04-04,Flu ED visits pct,quantile,0.9,1.4720613015805268
nenc,2026-04-04,0,2026-04-04,Flu ED visits pct,quantile,0.9,0.9483971720340592
new-bedford,2026-04-04,0,2026-04-04,Flu ED visits pct,quantile,0.9,2.904927208361155
north-carolina,2026-04-04,0,2026-04-04,Flu ED visits pct,quantile,0.9,1.3973218228643332
nyc,2026-04-04,0,2026-04-04,ILI ED visits pct,quantile,0.9,3.6776684520360754
ogden,2026-04-04,0,2026-04-04,Flu ED visits pct,quantile,0.9,0.8009721057779611
oregon,2026-04-04,0,2026-04-04,Flu ED visits pct,quantile,0.9,1.0360510116713306
pittsfield,2026-04-04,0,2026-04-04,Flu ED visits pct,quantile,0.9,0.717618650425425
portland,2026-04-04,0,2026-04-04,Flu ED visits pct,quantile,0.9,1.7031022345563336
portland-or,2026-04-04,0,2026-04-04,Flu ED visits pct,quantile,0.9,1.2205859476000147
provo,2026-04-04,0,2026-04-04,Flu ED visits pct,quantile,0.9,0.5206838595296834
roanoke,2026-04-04,0,2026-04-04,Flu ED visits pct,quantile,0.9,1.926175183651792
rochester,2026-04-04,0,2026-04-04,Flu ED visits pct,quantile,0.9,1.3975671540683738
rock-hill,2026-04-04,0,2026-04-04,Flu ED visits pct,quantile,0.9,1.456426521658515
rtp-area,2026-04-04,0,2026-04-04,Flu ED visits pct,quantile,0.9,0.93623414656425
salem,2026-04-04,0,2026-04-04,Flu ED visits pct,quantile,0.9,1.333264723051386
salt-lake-city,2026-04-04,0,2026-04-04,Flu ED visits pct,quantile,0.9,0.652554700977746
san-antonio,2026-04-04,0,2026-04-04,Flu ED visits pct,quantile,0.9,0.8990864908629407
savannah,2026-04-04,0,2026-04-04,Flu ED visits pct,quantile,0.9,0.7283475006014852
senc,2026-04-04,0,2026-04-04,Flu ED visits pct,quantile,0.9,1.331452011588012
south-augusta,2026-04-04,0,2026-04-04,Flu ED visits pct,quantile,0.9,1.1148096677431845
south-carolina,2026-04-04,0,2026-04-04,Flu ED visits pct,quantile,0.9,1.0127240471917618
springfield,2026-04-04,0,2026-04-04,Flu ED visits pct,quantile,0.9,2.9257313849263995
st-cloud,2026-04-04,0,2026-04-04,Flu ED visits pct,quantile,0.9,2.0174535614442113
st-paul,2026-04-04,0,2026-04-04,Flu ED visits pct,quantile,0.9,1.6623193323710033
texas,2026-04-04,0,2026-04-04,Flu ED visits pct,quantile,0.9,0.9249933977826147
triad-area,2026-04-04,0,2026-04-04,Flu ED visits pct,quantile,0.9,1.0747907794787805
utah,2026-04-04,0,2026-04-04,Flu ED visits pct,quantile,0.9,0.6941954335552024
virginia,2026-04-04,0,2026-04-04,Flu ED visits pct,quantile,0.9,1.5255000808271864
weld,2026-04-04,0,2026-04-04,Flu ED visits pct,quantile,0.9,1.9479044042378122
wnc,2026-04-04,0,2026-04-04,Flu ED visits pct,quantile,0.9,0.9449506096293304
worcester,2026-04-04,0,2026-04-04,Flu ED visits pct,quantile,0.9,2.145890937253399
athens,2026-04-04,1,2026-04-11,Flu ED visits pct,quantile,0.9,1.2431070084888292
austin,2026-04-04,1,2026-04-11,Flu ED visits pct,quantile,0.9,0.6853689005195586
baltimore,2026-04-04,1,2026-04-11,Flu ED visits pct,quantile,0.9,1.4188284254320644
bangor,2026-04-04,1,2026-04-11,Flu ED visits pct,quantile,0.9,1.9278956834539551
beaumont,2026-04-04,1,2026-04-11,Flu ED visits pct,quantile,0.9,1.1525927188083782
boston,2026-04-04,1,2026-04-11,Flu ED visits pct,quantile,0.9,1.7013599545133673
boulder,2026-04-04,1,2026-04-11,Flu ED visits pct,quantile,0.9,1.6583391277144446
charleston,2026-04-04,1,2026-04-11,Flu ED visits pct,quantile,0.9,0.7637002862445115
cherokee,2026-04-04,1,2026-04-11,Flu ED visits pct,quantile,0.9,1.8302512408010438
clt-area,2026-04-04,1,2026-04-11,Flu ED visits pct,quantile,0.9,1.9637212603196288
colorado,2026-04-04,1,2026-04-11,Flu ED visits pct,quantile,0.9,1.6939485653684443
colorado-springs,2026-04-04,1,2026-04-11,Flu ED visits pct,quantile,0.9,2.143969434864232
columbia,2026-04-04,1,2026-04-11,Flu ED visits pct,quantile,0.9,0.9678351923629278
columbus,2026-04-04,1,2026-04-11,Flu ED visits pct,quantile,0.9,1.3388435068843927
dallas,2026-04-04,1,2026-04-11,Flu ED visits pct,quantile,0.9,0.6915761016866324
denver,2026-04-04,1,2026-04-11,Flu ED visits pct,quantile,0.9,1.6800343233978259
deschutes,2026-04-04,1,2026-04-11,Flu ED visits pct,quantile,0.9,1.5347608186429897
duluth,2026-04-04,1,2026-04-11,Flu ED visits pct,quantile,0.9,2.457613187382542
el-paso,2026-04-04,1,2026-04-11,Flu ED visits pct,quantile,0.9,1.84934482834509
eugene,2026-04-04,1,2026-04-11,Flu ED visits pct,quantile,0.9,0.579017270479747
fay-area,2026-04-04,1,2026-04-11,Flu ED visits pct,quantile,0.9,1.885596270823789
florence,2026-04-04,1,2026-04-11,Flu ED visits pct,quantile,0.9,0.4919208993837697
floyd,2026-04-04,1,2026-04-11,Flu ED visits pct,quantile,0.9,1.345236911770885
frederick,2026-04-04,1,2026-04-11,Flu ED visits pct,quantile,0.9,3.5767693185143417
georgia,2026-04-04,1,2026-04-11,Flu ED visits pct,quantile,0.9,0.850592432990323
greenville,2026-04-04,1,2026-04-11,Flu ED visits pct,quantile,0.9,0.9984669417967929
hall,2026-04-04,1,2026-04-11,Flu ED visits pct,quantile,0.9,1.4499769617088
harford,2026-04-04,1,2026-04-11,Flu ED visits pct,quantile,0.9,0.9223475871623721
henry,2026-04-04,1,2026-04-11,Flu ED visits pct,quantile,0.9,0.7895273954961389
horry,2026-04-04,1,2026-04-11,Flu ED visits pct,quantile,0.9,1.2933564839573994
houston,2026-04-04,1,2026-04-11,Flu ED visits pct,quantile,0.9,0.7348735318428666
indiana,2026-04-04,1,2026-04-11,Flu ED visits pct,quantile,0.9,1.3644957017196753
indianapolis,2026-04-04,1,2026-04-11,Flu ED visits pct,quantile,0.9,0.9797171101194415
la-grange,2026-04-04,1,2026-04-11,Flu ED visits pct,quantile,0.9,0.7891955304705595
larimer,2026-04-04,1,2026-04-11,Flu ED visits pct,quantile,0.9,1.703080294847346
lynn,2026-04-04,1,2026-04-11,Flu ED visits pct,quantile,0.9,1.5487847133295378
macon,2026-04-04,1,2026-04-11,Flu ED visits pct,quantile,0.9,0.5976740714245994
maine,2026-04-04,1,2026-04-11,Flu ED visits pct,quantile,0.9,1.4477780181648592
marietta,2026-04-04,1,2026-04-11,Flu ED visits pct,quantile,0.9,0.7537750383056139
maryland,2026-04-04,1,2026-04-11,Flu ED visits pct,quantile,0.9,1.49410005259668
massachusetts,2026-04-04,1,2026-04-11,Flu ED visits pct,quantile,0.9,1.8565870128513804
medford,2026-04-04,1,2026-04-11,Flu ED visits pct,quantile,0.9,0.2538325124277879
mesa,2026-04-04,1,2026-04-11,Flu ED visits pct,quantile,0.9,0.3740985118195517
minneapolis,2026-04-04,1,2026-04-11,Flu ED visits pct,quantile,0.9,2.0020906101589833
minnesota,2026-04-04,1,2026-04-11,Flu ED visits pct,quantile,0.9,1.8842335757123905
montgomery,2026-04-04,1,2026-04-11,Flu ED visits pct,quantile,0.9,1.4755583901491545
nenc,2026-04-04,1,2026-04-11,Flu ED visits pct,quantile,0.9,0.8500837923356168
new-bedford,2026-04-04,1,2026-04-11,Flu ED visits pct,quantile,0.9,2.875409066092999
north-carolina,2026-04-04,1,2026-04-11,Flu ED visits pct,quantile,0.9,1.2619105855626607
nyc,2026-04-04,1,2026-04-11,ILI ED visits pct,quantile,0.9,3.6973983692673698
ogden,2026-04-04,1,2026-04-11,Flu ED visits pct,quantile,0.9,0.7575217264809689
oregon,2026-04-04,1,2026-04-11,Flu ED visits pct,quantile,0.9,0.9770864674603578
pittsfield,2026-04-04,1,2026-04-11,Flu ED visits pct,quantile,0.9,0.7109917747363292
portland,2026-04-04,1,2026-04-11,Flu ED visits pct,quantile,0.9,1.6830977935242943
portland-or,2026-04-04,1,2026-04-11,Flu ED visits pct,quantile,0.9,1.134971038440083
provo,2026-04-04,1,2026-04-11,Flu ED visits pct,quantile,0.9,0.49943050812822654
roanoke,2026-04-04,1,2026-04-11,Flu ED visits pct,quantile,0.9,1.799815480787319
rochester,2026-04-04,1,2026-04-11,Flu ED visits pct,quantile,0.9,1.2920195438345519
rock-hill,2026-04-04,1,2026-04-11,Flu ED visits pct,quantile,0.9,1.4586490379627177
rtp-area,2026-04-04,1,2026-04-11,Flu ED visits pct,quantile,0.9,0.8227654484335224
salem,2026-04-04,1,2026-04-11,Flu ED visits pct,quantile,0.9,1.2332760438299326
salt-lake-city,2026-04-04,1,2026-04-11,Flu ED visits pct,quantile,0.9,0.607674210419437
san-antonio,2026-04-04,1,2026-04-11,Flu ED visits pct,quantile,0.9,0.8417210572517718
savannah,2026-04-04,1,2026-04-11,Flu ED visits pct,quantile,0.9,0.7008567547439072
senc,2026-04-04,1,2026-04-11,Flu ED visits pct,quantile,0.9,1.2400993350096685
south-augusta,2026-04-04,1,2026-04-11,Flu ED visits pct,quantile,0.9,1.0571339603266583
south-carolina,2026-04-04,1,2026-04-11,Flu ED visits pct,quantile,0.9,0.9816169415243575
springfield,2026-04-04,1,2026-04-11,Flu ED visits pct,quantile,0.9,2.904018630200568
st-cloud,2026-04-04,1,2026-04-11,Flu ED visits pct,quantile,0.9,1.9235403586331303
st-paul,2026-04-04,1,2026-04-11,Flu ED visits pct,quantile,0.9,1.6148208860357514
texas,2026-04-04,1,2026-04-11,Flu ED visits pct,quantile,0.9,0.9080031357991136
triad-area,2026-04-04,1,2026-04-11,Flu ED visits pct,quantile,0.9,1.0004141825632542
utah,2026-04-04,1,2026-04-11,Flu ED visits pct,quantile,0.9,0.6707041273608155
virginia,2026-04-04,1,2026-04-11,Flu ED visits pct,quantile,0.9,1.4910560713931726
weld,2026-04-04,1,2026-04-11,Flu ED visits pct,quantile,0.9,1.8344199891572868
wnc,2026-04-04,1,2026-04-11,Flu ED visits pct,quantile,0.9,0.8410095427081178
worcester,2026-04-04,1,2026-04-11,Flu ED visits pct,quantile,0.9,2.1215045599302207
athens,2026-04-04,2,2026-04-18,Flu ED visits pct,quantile,0.9,1.1866128174798782
austin,2026-04-04,2,2026-04-18,Flu ED visits pct,quantile,0.9,0.6531563506322293
baltimore,2026-04-04,2,2026-04-18,Flu ED visits pct,quantile,0.9,1.4434495715986062
bangor,2026-04-04,2,2026-04-18,Flu ED visits pct,quantile,0.9,1.8224666615833045
beaumont,2026-04-04,2,2026-04-18,Flu ED visits pct,quantile,0.9,1.09349873502405
boston,2026-04-04,2,2026-04-18,Flu ED visits pct,quantile,0.9,1.6727602086775597
boulder,2026-04-04,2,2026-04-18,Flu ED visits pct,quantile,0.9,1.515010124153478
charleston,2026-04-04,2,2026-04-18,Flu ED visits pct,quantile,0.9,0.7265838311213093
cherokee,2026-04-04,2,2026-04-18,Flu ED visits pct,quantile,0.9,1.7403301282784402
clt-area,2026-04-04,2,2026-04-18,Flu ED visits pct,quantile,0.9,1.7479544844677268
colorado,2026-04-04,2,2026-04-18,Flu ED visits pct,quantile,0.9,1.6326721550239771
colorado-springs,2026-04-04,2,2026-04-18,Flu ED visits pct,quantile,0.9,2.0544772687665462
columbia,2026-04-04,2,2026-04-18,Flu ED visits pct,quantile,0.9,0.9180586395272936
columbus,2026-04-04,2,2026-04-18,Flu ED visits pct,quantile,0.9,1.2615576054543027
dallas,2026-04-04,2,2026-04-18,Flu ED visits pct,quantile,0.9,0.6631331282132995
denver,2026-04-04,2,2026-04-18,Flu ED visits pct,quantile,0.9,1.6168388421584392
deschutes,2026-04-04,2,2026-04-18,Flu ED visits pct,quantile,0.9,1.500351954950983
duluth,2026-04-04,2,2026-04-18,Flu ED visits pct,quantile,0.9,2.3590672564013015
el-paso,2026-04-04,2,2026-04-18,Flu ED visits pct,quantile,0.9,1.8524667576743028
eugene,2026-04-04,2,2026-04-18,Flu ED visits pct,quantile,0.9,0.5495898864323135
fay-area,2026-04-04,2,2026-04-18,Flu ED visits pct,quantile,0.9,1.6829656790704965
florence,2026-04-04,2,2026-04-18,Flu ED visits pct,quantile,0.9,0.4521312905845597
floyd,2026-04-04,2,2026-04-18,Flu ED visits pct,quantile,0.9,1.2664721160932966
frederick,2026-04-04,2,2026-04-18,Flu ED visits pct,quantile,0.9,3.5722406035187464
georgia,2026-04-04,2,2026-04-18,Flu ED visits pct,quantile,0.9,0.8142591780767492
greenville,2026-04-04,2,2026-04-18,Flu ED visits pct,quantile,0.9,0.9264700460235054
hall,2026-04-04,2,2026-04-18,Flu ED visits pct,quantile,0.9,1.3777733488705695
harford,2026-04-04,2,2026-04-18,Flu ED visits pct,quantile,0.9,0.8958616646143479
henry,2026-04-04,2,2026-04-18,Flu ED visits pct,quantile,0.9,0.7487723660052725
horry,2026-04-04,2,2026-04-18,Flu ED visits pct,quantile,0.9,1.231296985621077
houston,2026-04-04,2,2026-04-18,Flu ED visits pct,quantile,0.9,0.7135917670320119
indiana,2026-04-04,2,2026-04-18,Flu ED visits pct,quantile,0.9,1.271571981289438
indianapolis,2026-04-04,2,2026-04-18,Flu ED visits pct,quantile,0.9,0.9086024195415958
la-grange,2026-04-04,2,2026-04-18,Flu ED visits pct,quantile,0.9,0.7454832330407373
larimer,2026-04-04,2,2026-04-18,Flu ED visits pct,quantile,0.9,1.6480777818785923
lynn,2026-04-04,2,2026-04-18,Flu ED visits pct,quantile,0.9,1.5163721072338454
macon,2026-04-04,2,2026-04-18,Flu ED visits pct,quantile,0.9,0.576602622880718
maine,2026-04-04,2,2026-04-18,Flu ED visits pct,quantile,0.9,1.3885042548188735
marietta,2026-04-04,2,2026-04-18,Flu ED visits pct,quantile,0.9,0.707054689051943
maryland,2026-04-04,2,2026-04-18,Flu ED visits pct,quantile,0.9,1.4657923483291222
massachusetts,2026-04-04,2,2026-04-18,Flu ED visits pct,quantile,0.9,1.821039564680151
medford,2026-04-04,2,2026-04-18,Flu ED visits pct,quantile,0.9,0.2384522013997274
mesa,2026-04-04,2,2026-04-18,Flu ED visits pct,quantile,0.9,0.3573113052939516
minneapolis,2026-04-04,2,2026-04-18,Flu ED visits pct,quantile,0.9,1.9586069200456233
minnesota,2026-04-04,2,2026-04-18,Flu ED visits pct,quantile,0.9,1.8415727898843295
montgomery,2026-04-04,2,2026-04-18,Flu ED visits pct,quantile,0.9,1.4511625543530786
nenc,2026-04-04,2,2026-04-18,Flu ED visits pct,quantile,0.9,0.7674248666575477
new-bedford,2026-04-04,2,2026-04-18,Flu ED visits pct,quantile,0.9,2.845285014106878
north-carolina,2026-04-04,2,2026-04-18,Flu ED visits pct,quantile,0.9,1.1697035204288653
nyc,2026-04-04,2,2026-04-18,ILI ED visits pct,quantile,0.9,3.72174758746595
ogden,2026-04-04,2,2026-04-18,Flu ED visits pct,quantile,0.9,0.729151311629492
oregon,2026-04-04,2,2026-04-18,Flu ED visits pct,quantile,0.9,0.9291881797819463
pittsfield,2026-04-04,2,2026-04-18,Flu ED visits pct,quantile,0.9,0.6980003693619591
portland,2026-04-04,2,2026-04-18,Flu ED visits pct,quantile,0.9,1.6322043293238306
portland-or,2026-04-04,2,2026-04-18,Flu ED visits pct,quantile,0.9,1.071458482423271
provo,2026-04-04,2,2026-04-18,Flu ED visits pct,quantile,0.9,0.46794258922291854
roanoke,2026-04-04,2,2026-04-18,Flu ED visits pct,quantile,0.9,1.679905831851317
rochester,2026-04-04,2,2026-04-18,Flu ED visits pct,quantile,0.9,1.2234652272134066
rock-hill,2026-04-04,2,2026-04-18,Flu ED visits pct,quantile,0.9,1.4093078139228903
rtp-area,2026-04-04,2,2026-04-18,Flu ED visits pct,quantile,0.9,0.7526727628094513
salem,2026-04-04,2,2026-04-18,Flu ED visits pct,quantile,0.9,1.1712249691480356
salt-lake-city,2026-04-04,2,2026-04-18,Flu ED visits pct,quantile,0.9,0.5876356129733354
san-antonio,2026-04-04,2,2026-04-18,Flu ED visits pct,quantile,0.9,0.8005916296224401
savannah,2026-04-04,2,2026-04-18,Flu ED visits pct,quantile,0.9,0.6767849627581011
senc,2026-04-04,2,2026-04-18,Flu ED visits pct,quantile,0.9,1.1520299612711933
south-augusta,2026-04-04,2,2026-04-18,Flu ED visits pct,quantile,0.9,1.0060901864064642
south-carolina,2026-04-04,2,2026-04-18,Flu ED visits pct,quantile,0.9,0.9396766998643122
springfield,2026-04-04,2,2026-04-18,Flu ED visits pct,quantile,0.9,2.8764068340820512
st-cloud,2026-04-04,2,2026-04-18,Flu ED visits pct,quantile,0.9,1.8150428757283585
st-paul,2026-04-04,2,2026-04-18,Flu ED visits pct,quantile,0.9,1.5688003699735777
texas,2026-04-04,2,2026-04-18,Flu ED visits pct,quantile,0.9,0.8761140362079399
triad-area,2026-04-04,2,2026-04-18,Flu ED visits pct,quantile,0.9,0.9273125803769848
utah,2026-04-04,2,2026-04-18,Flu ED visits pct,quantile,0.9,0.6419353655690098
virginia,2026-04-04,2,2026-04-18,Flu ED visits pct,quantile,0.9,1.4432863031160237
weld,2026-04-04,2,2026-04-18,Flu ED visits pct,quantile,0.9,1.7677266980897015
wnc,2026-04-04,2,2026-04-18,Flu ED visits pct,quantile,0.9,0.7503025547419381
worcester,2026-04-04,2,2026-04-18,Flu ED visits pct,quantile,0.9,2.0576319755361627
athens,2026-04-04,3,2026-04-25,Flu ED visits pct,quantile,0.9,1.1712542789056137
austin,2026-04-04,3,2026-04-25,Flu ED visits pct,quantile,0.9,0.6488421628718823
baltimore,2026-04-04,3,2026-04-25,Flu ED visits pct,quantile,0.9,1.4731215837066192
bangor,2026-04-04,3,2026-04-25,Flu ED visits pct,quantile,0.9,1.8256470040843211
beaumont,2026-04-04,3,2026-04-25,Flu ED visits pct,quantile,0.9,1.076619500346229
boston,2026-04-04,3,2026-04-25,Flu ED visits pct,quantile,0.9,1.6752279652733444
boulder,2026-04-04,3,2026-04-25,Flu ED visits pct,quantile,0.9,1.4614902893612425
charleston,2026-04-04,3,2026-04-25,Flu ED visits pct,quantile,0.9,0.7064259175257824
cherokee,2026-04-04,3,2026-04-25,Flu ED visits pct,quantile,0.9,1.739393439850743
clt-area,2026-04-04,3,2026-04-25,Flu ED visits pct,quantile,0.9,1.632734902300834
colorado,2026-04-04,3,2026-04-25,Flu ED visits pct,quantile,0.9,1.6045152452853884
colorado-springs,2026-04-04,3,2026-04-25,Flu ED visits pct,quantile,0.9,2.04091965223012
columbia,2026-04-04,3,2026-04-25,Flu ED visits pct,quantile,0.9,0.8898688528620141
columbus,2026-04-04,3,2026-04-25,Flu ED visits pct,quantile,0.9,1.2543366427734441
dallas,2026-04-04,3,2026-04-25,Flu ED visits pct,quantile,0.9,0.6598303841793927
denver,2026-04-04,3,2026-04-25,Flu ED visits pct,quantile,0.9,1.591701164946798
deschutes,2026-04-04,3,2026-04-25,Flu ED visits pct,quantile,0.9,1.497575792217926
duluth,2026-04-04,3,2026-04-25,Flu ED visits pct,quantile,0.9,2.3356681709061187
el-paso,2026-04-04,3,2026-04-25,Flu ED visits pct,quantile,0.9,1.8483045914850158
eugene,2026-04-04,3,2026-04-25,Flu ED visits pct,quantile,0.9,0.5411923585437665
fay-area,2026-04-04,3,2026-04-25,Flu ED visits pct,quantile,0.9,1.5857275690168122
florence,2026-04-04,3,2026-04-25,Flu ED visits pct,quantile,0.9,0.4410454508099817
floyd,2026-04-04,3,2026-04-25,Flu ED visits pct,quantile,0.9,1.2587979714835453
frederick,2026-04-04,3,2026-04-25,Flu ED visits pct,quantile,0.9,3.6811185650539997
georgia,2026-04-04,3,2026-04-25,Flu ED visits pct,quantile,0.9,0.8134724665755796
greenville,2026-04-04,3,2026-04-25,Flu ED visits pct,quantile,0.9,0.9102628079951354
hall,2026-04-04,3,2026-04-25,Flu ED visits pct,quantile,0.9,1.3663341884906286
harford,2026-04-04,3,2026-04-25,Flu ED visits pct,quantile,0.9,0.8747739050940443
henry,2026-04-04,3,2026-04-25,Flu ED visits pct,quantile,0.9,0.7352139275591023
horry,2026-04-04,3,2026-04-25,Flu ED visits pct,quantile,0.9,1.220868982081657
houston,2026-04-04,3,2026-04-25,Flu ED visits pct,quantile,0.9,0.714275173562249
indiana,2026-04-04,3,2026-04-25,Flu ED visits pct,quantile,0.9,1.2364824123585938
indianapolis,2026-04-04,3,2026-04-25,Flu ED visits pct,quantile,0.9,0.8761126744331044
la-grange,2026-04-04,3,2026-04-25,Flu ED visits pct,quantile,0.9,0.7431402910989434
larimer,2026-04-04,3,2026-04-25,Flu ED visits pct,quantile,0.9,1.6132318128275889
lynn,2026-04-04,3,2026-04-25,Flu ED visits pct,quantile,0.9,1.5115050054790748
macon,2026-04-04,3,2026-04-25,Flu ED visits pct,quantile,0.9,0.5600434493482996
maine,2026-04-04,3,2026-04-25,Flu ED visits pct,quantile,0.9,1.3811423336598256
marietta,2026-04-04,3,2026-04-25,Flu ED visits pct,quantile,0.9,0.6940945843699285
maryland,2026-04-04,3,2026-04-25,Flu ED visits pct,quantile,0.9,1.4771583887889608
massachusetts,2026-04-04,3,2026-04-25,Flu ED visits pct,quantile,0.9,1.8405374777242622
medford,2026-04-04,3,2026-04-25,Flu ED visits pct,quantile,0.9,0.23743572275062705
mesa,2026-04-04,3,2026-04-25,Flu ED visits pct,quantile,0.9,0.35055629804783855
minneapolis,2026-04-04,3,2026-04-25,Flu ED visits pct,quantile,0.9,1.9557554533609594
minnesota,2026-04-04,3,2026-04-25,Flu ED visits pct,quantile,0.9,1.8458486738589677
montgomery,2026-04-04,3,2026-04-25,Flu ED visits pct,quantile,0.9,1.4567096000457913
nenc,2026-04-04,3,2026-04-25,Flu ED visits pct,quantile,0.9,0.7386512429048754
new-bedford,2026-04-04,3,2026-04-25,Flu ED visits pct,quantile,0.9,2.8748520394577333
north-carolina,2026-04-04,3,2026-04-25,Flu ED visits pct,quantile,0.9,1.111326194155149
nyc,2026-04-04,3,2026-04-25,ILI ED visits pct,quantile,0.9,3.702807707195545
ogden,2026-04-04,3,2026-04-25,Flu ED visits pct,quantile,0.9,0.7149208001689971
oregon,2026-04-04,3,2026-04-25,Flu ED visits pct,quantile,0.9,0.9240609484973324
pittsfield,2026-04-04,3,2026-04-25,Flu ED visits pct,quantile,0.9,0.6812473989665474
portland,2026-04-04,3,2026-04-25,Flu ED visits pct,quantile,0.9,1.654135199475099
portland-or,2026-04-04,3,2026-04-25,Flu ED visits pct,quantile,0.9,1.0654648191647094
provo,2026-04-04,3,2026-04-25,Flu ED visits pct,quantile,0.9,0.4598007983395021
roanoke,2026-04-04,3,2026-04-25,Flu ED visits pct,quantile,0.9,1.6412487754445868
rochester,2026-04-04,3,2026-04-25,Flu ED visits pct,quantile,0.9,1.1976110439108596
rock-hill,2026-04-04,3,2026-04-25,Flu ED visits pct,quantile,0.9,1.3861545310188983
rtp-area,2026-04-04,3,2026-04-25,Flu ED visits pct,quantile,0.9,0.7176558877890432
salem,2026-04-04,3,2026-04-25,Flu ED visits pct,quantile,0.9,1.1536294426931941
salt-lake-city,2026-04-04,3,2026-04-25,Flu ED visits pct,quantile,0.9,0.5775186285921153
san-antonio,2026-04-04,3,2026-04-25,Flu ED visits pct,quantile,0.9,0.7956637407027389
savannah,2026-04-04,3,2026-04-25,Flu ED visits pct,quantile,0.9,0.6533188004740396
senc,2026-04-04,3,2026-04-25,Flu ED visits pct,quantile,0.9,1.1169193836051747
south-augusta,2026-04-04,3,2026-04-25,Flu ED visits pct,quantile,0.9,0.9929540247864748
south-carolina,2026-04-04,3,2026-04-25,Flu ED visits pct,quantile,0.9,0.9367314868539975
springfield,2026-04-04,3,2026-04-25,Flu ED visits pct,quantile,0.9,2.8524741944457936
st-cloud,2026-04-04,3,2026-04-25,Flu ED visits pct,quantile,0.9,1.8033666910451311
st-paul,2026-04-04,3,2026-04-25,Flu ED visits pct,quantile,0.9,1.5642781059489703
texas,2026-04-04,3,2026-04-25,Flu ED visits pct,quantile,0.9,0.8752912750869817
triad-area,2026-04-04,3,2026-04-25,Flu ED visits pct,quantile,0.9,0.8897495710668734
utah,2026-04-04,3,2026-04-25,Flu ED visits pct,quantile,0.9,0.6421548349878349
virginia,2026-04-04,3,2026-04-25,Flu ED visits pct,quantile,0.9,1.4457191011054742
weld,2026-04-04,3,2026-04-25,Flu ED visits pct,quantile,0.9,1.738018622824743
wnc,2026-04-04,3,2026-04-25,Flu ED visits pct,quantile,0.9,0.7123088631919563
worcester,2026-04-04,3,2026-04-25,Flu ED visits pct,quantile,0.9,2.051995693456419
athens,2026-04-04,0,2026-04-04,Flu ED visits pct,quantile,0.95,1.4212102785182488
austin,2026-04-04,0,2026-04-04,Flu ED visits pct,quantile,0.95,0.8036168447400461
baltimore,2026-04-04,0,2026-04-04,Flu ED visits pct,quantile,0.95,1.6532127225616449
bangor,2026-04-04,0,2026-04-04,Flu ED visits pct,quantile,0.95,2.19669714704403
beaumont,2026-04-04,0,2026-04-04,Flu ED visits pct,quantile,0.95,1.3237242991253224
boston,2026-04-04,0,2026-04-04,Flu ED visits pct,quantile,0.95,1.8569996553965642
boulder,2026-04-04,0,2026-04-04,Flu ED visits pct,quantile,0.95,1.949594248742713
charleston,2026-04-04,0,2026-04-04,Flu ED visits pct,quantile,0.95,0.9264931571060087
cherokee,2026-04-04,0,2026-04-04,Flu ED visits pct,quantile,0.95,2.0718509641812486
clt-area,2026-04-04,0,2026-04-04,Flu ED visits pct,quantile,0.95,2.2479958544709646
colorado,2026-04-04,0,2026-04-04,Flu ED visits pct,quantile,0.95,1.917917750771989
colorado-springs,2026-04-04,0,2026-04-04,Flu ED visits pct,quantile,0.95,2.413051687493615
columbia,2026-04-04,0,2026-04-04,Flu ED visits pct,quantile,0.95,1.157744837869062
columbus,2026-04-04,0,2026-04-04,Flu ED visits pct,quantile,0.95,1.5695205507051404
dallas,2026-04-04,0,2026-04-04,Flu ED visits pct,quantile,0.95,0.7915841518969434
denver,2026-04-04,0,2026-04-04,Flu ED visits pct,quantile,0.95,1.9199974407781883
deschutes,2026-04-04,0,2026-04-04,Flu ED visits pct,quantile,0.95,1.7065749532855994
duluth,2026-04-04,0,2026-04-04,Flu ED visits pct,quantile,0.95,2.8037817359327537
el-paso,2026-04-04,0,2026-04-04,Flu ED visits pct,quantile,0.95,2.117570939674733
eugene,2026-04-04,0,2026-04-04,Flu ED visits pct,quantile,0.95,0.6842229226013103
fay-area,2026-04-04,0,2026-04-04,Flu ED visits pct,quantile,0.95,2.1905404921223
florence,2026-04-04,0,2026-04-04,Flu ED visits pct,quantile,0.95,0.6126445961724587
floyd,2026-04-04,0,2026-04-04,Flu ED visits pct,quantile,0.95,1.5212416442103003
frederick,2026-04-04,0,2026-04-04,Flu ED visits pct,quantile,0.95,4.281014538223946
georgia,2026-04-04,0,2026-04-04,Flu ED visits pct,quantile,0.95,0.955232936592748
greenville,2026-04-04,0,2026-04-04,Flu ED visits pct,quantile,0.95,1.2010307643112248
hall,2026-04-04,0,2026-04-04,Flu ED visits pct,quantile,0.95,1.7102294192624687
harford,2026-04-04,0,2026-04-04,Flu ED visits pct,quantile,0.95,1.063553018099965
henry,2026-04-04,0,2026-04-04,Flu ED visits pct,quantile,0.95,0.8983622050860882
horry,2026-04-04,0,2026-04-04,Flu ED visits pct,quantile,0.95,1.5219700126469364
houston,2026-04-04,0,2026-04-04,Flu ED visits pct,quantile,0.95,0.7961082783426421
indiana,2026-04-04,0,2026-04-04,Flu ED visits pct,quantile,0.95,1.6289125872178918
indianapolis,2026-04-04,0,2026-04-04,Flu ED visits pct,quantile,0.95,1.278623937762373
la-grange,2026-04-04,0,2026-04-04,Flu ED visits pct,quantile,0.95,0.9112849860798082
larimer,2026-04-04,0,2026-04-04,Flu ED visits pct,quantile,0.95,1.8636481178614845
lynn,2026-04-04,0,2026-04-04,Flu ED visits pct,quantile,0.95,1.705808712792511
macon,2026-04-04,0,2026-04-04,Flu ED visits pct,quantile,0.95,0.6600454110653182
maine,2026-04-04,0,2026-04-04,Flu ED visits pct,quantile,0.95,1.598155292907078
marietta,2026-04-04,0,2026-04-04,Flu ED visits pct,quantile,0.95,0.8860955364997644
maryland,2026-04-04,0,2026-04-04,Flu ED visits pct,quantile,0.95,1.6125289564757639
massachusetts,2026-04-04,0,2026-04-04,Flu ED visits pct,quantile,0.95,2.036864403386933
medford,2026-04-04,0,2026-04-04,Flu ED visits pct,quantile,0.95,0.3197436129601949
mesa,2026-04-04,0,2026-04-04,Flu ED visits pct,quantile,0.95,0.4622984489561675
minneapolis,2026-04-04,0,2026-04-04,Flu ED visits pct,quantile,0.95,2.3668382033433777
minnesota,2026-04-04,0,2026-04-04,Flu ED visits pct,quantile,0.95,2.0941939205841
montgomery,2026-04-04,0,2026-04-04,Flu ED visits pct,quantile,0.95,1.6353258669626338
nenc,2026-04-04,0,2026-04-04,Flu ED visits pct,quantile,0.95,1.032796173267234
new-bedford,2026-04-04,0,2026-04-04,Flu ED visits pct,quantile,0.95,3.3142418569114724
north-carolina,2026-04-04,0,2026-04-04,Flu ED visits pct,quantile,0.95,1.5002548078821263
nyc,2026-04-04,0,2026-04-04,ILI ED visits pct,quantile,0.95,4.096235345551233
ogden,2026-04-04,0,2026-04-04,Flu ED visits pct,quantile,0.95,0.8868632738490513
oregon,2026-04-04,0,2026-04-04,Flu ED visits pct,quantile,0.95,1.1368923563248932
pittsfield,2026-04-04,0,2026-04-04,Flu ED visits pct,quantile,0.95,0.8790614099547476
portland,2026-04-04,0,2026-04-04,Flu ED visits pct,quantile,0.95,1.8978122542461104
portland-or,2026-04-04,0,2026-04-04,Flu ED visits pct,quantile,0.95,1.34461842431386
provo,2026-04-04,0,2026-04-04,Flu ED visits pct,quantile,0.95,0.565086150980234
roanoke,2026-04-04,0,2026-04-04,Flu ED visits pct,quantile,0.95,2.1245827757646314
rochester,2026-04-04,0,2026-04-04,Flu ED visits pct,quantile,0.95,1.5474596434309855
rock-hill,2026-04-04,0,2026-04-04,Flu ED visits pct,quantile,0.95,1.6958669206177899
rtp-area,2026-04-04,0,2026-04-04,Flu ED visits pct,quantile,0.95,1.0285613168182823
salem,2026-04-04,0,2026-04-04,Flu ED visits pct,quantile,0.95,1.4713728897096947
salt-lake-city,2026-04-04,0,2026-04-04,Flu ED visits pct,quantile,0.95,0.700062129241219
san-antonio,2026-04-04,0,2026-04-04,Flu ED visits pct,quantile,0.95,1.0064251177134
savannah,2026-04-04,0,2026-04-04,Flu ED visits pct,quantile,0.95,0.814759864007113
senc,2026-04-04,0,2026-04-04,Flu ED visits pct,quantile,0.95,1.4334586804719909
south-augusta,2026-04-04,0,2026-04-04,Flu ED visits pct,quantile,0.95,1.1910098934080404
south-carolina,2026-04-04,0,2026-04-04,Flu ED visits pct,quantile,0.95,1.1308314249041025
springfield,2026-04-04,0,2026-04-04,Flu ED visits pct,quantile,0.95,3.3860375931436484
st-cloud,2026-04-04,0,2026-04-04,Flu ED visits pct,quantile,0.95,2.234565584656994
st-paul,2026-04-04,0,2026-04-04,Flu ED visits pct,quantile,0.95,1.84293326232466
texas,2026-04-04,0,2026-04-04,Flu ED visits pct,quantile,0.95,1.0269689670637074
triad-area,2026-04-04,0,2026-04-04,Flu ED visits pct,quantile,0.95,1.182548260071433
utah,2026-04-04,0,2026-04-04,Flu ED visits pct,quantile,0.95,0.7551218965165943
virginia,2026-04-04,0,2026-04-04,Flu ED visits pct,quantile,0.95,1.645384165486772
weld,2026-04-04,0,2026-04-04,Flu ED visits pct,quantile,0.95,2.3118724450230026
wnc,2026-04-04,0,2026-04-04,Flu ED visits pct,quantile,0.95,1.0224454078087635
worcester,2026-04-04,0,2026-04-04,Flu ED visits pct,quantile,0.95,2.350784628463171
athens,2026-04-04,1,2026-04-11,Flu ED visits pct,quantile,0.95,1.4273749332402648
austin,2026-04-04,1,2026-04-11,Flu ED visits pct,quantile,0.95,0.784654597914532
baltimore,2026-04-04,1,2026-04-11,Flu ED visits pct,quantile,0.95,1.749740858796433
bangor,2026-04-04,1,2026-04-11,Flu ED visits pct,quantile,0.95,2.1720168306851426
beaumont,2026-04-04,1,2026-04-11,Flu ED visits pct,quantile,0.95,1.3066206474268012
boston,2026-04-04,1,2026-04-11,Flu ED visits pct,quantile,0.95,1.9013512370960595
boulder,2026-04-04,1,2026-04-11,Flu ED visits pct,quantile,0.95,1.885026146039885
charleston,2026-04-04,1,2026-04-11,Flu ED visits pct,quantile,0.95,0.902904811600101
cherokee,2026-04-04,1,2026-04-11,Flu ED visits pct,quantile,0.95,2.0577816673697455
clt-area,2026-04-04,1,2026-04-11,Flu ED visits pct,quantile,0.95,2.1373975031230783
colorado,2026-04-04,1,2026-04-11,Flu ED visits pct,quantile,0.95,1.9193892804652286
colorado-springs,2026-04-04,1,2026-04-11,Flu ED visits pct,quantile,0.95,2.408303208779659
columbia,2026-04-04,1,2026-04-11,Flu ED visits pct,quantile,0.95,1.1478137551935557
columbus,2026-04-04,1,2026-04-11,Flu ED visits pct,quantile,0.95,1.547859288843616
dallas,2026-04-04,1,2026-04-11,Flu ED visits pct,quantile,0.95,0.7845944779082166
denver,2026-04-04,1,2026-04-11,Flu ED visits pct,quantile,0.95,1.9362900091091628
deschutes,2026-04-04,1,2026-04-11,Flu ED visits pct,quantile,0.95,1.7084127803264366
duluth,2026-04-04,1,2026-04-11,Flu ED visits pct,quantile,0.95,2.8337946598913613
el-paso,2026-04-04,1,2026-04-11,Flu ED visits pct,quantile,0.95,2.2074560412491033
eugene,2026-04-04,1,2026-04-11,Flu ED visits pct,quantile,0.95,0.6667222835856761
fay-area,2026-04-04,1,2026-04-11,Flu ED visits pct,quantile,0.95,2.080041123797759
florence,2026-04-04,1,2026-04-11,Flu ED visits pct,quantile,0.95,0.5983017950539151
floyd,2026-04-04,1,2026-04-11,Flu ED visits pct,quantile,0.95,1.5110564664129145
frederick,2026-04-04,1,2026-04-11,Flu ED visits pct,quantile,0.95,4.4939010289116315
georgia,2026-04-04,1,2026-04-11,Flu ED visits pct,quantile,0.95,0.9544497012203016
greenville,2026-04-04,1,2026-04-11,Flu ED visits pct,quantile,0.95,1.181255983490964
hall,2026-04-04,1,2026-04-11,Flu ED visits pct,quantile,0.95,1.7128482791759454
harford,2026-04-04,1,2026-04-11,Flu ED visits pct,quantile,0.95,1.0657975324093885
henry,2026-04-04,1,2026-04-11,Flu ED visits pct,quantile,0.95,0.8976282532026044
horry,2026-04-04,1,2026-04-11,Flu ED visits pct,quantile,0.95,1.5296280191618892
houston,2026-04-04,1,2026-04-11,Flu ED visits pct,quantile,0.95,0.7988955704239066
indiana,2026-04-04,1,2026-04-11,Flu ED visits pct,quantile,0.95,1.6131334058942053
indianapolis,2026-04-04,1,2026-04-11,Flu ED visits pct,quantile,0.95,1.2364642515012763
la-grange,2026-04-04,1,2026-04-11,Flu ED visits pct,quantile,0.95,0.9014491110820663
larimer,2026-04-04,1,2026-04-11,Flu ED visits pct,quantile,0.95,1.8696126646802942
lynn,2026-04-04,1,2026-04-11,Flu ED visits pct,quantile,0.95,1.7179239127359858
macon,2026-04-04,1,2026-04-11,Flu ED visits pct,quantile,0.95,0.6518230288446429
maine,2026-04-04,1,2026-04-11,Flu ED visits pct,quantile,0.95,1.5962926124630838
marietta,2026-04-04,1,2026-04-11,Flu ED visits pct,quantile,0.95,0.892311355576196
maryland,2026-04-04,1,2026-04-11,Flu ED visits pct,quantile,0.95,1.660742307714273
massachusetts,2026-04-04,1,2026-04-11,Flu ED visits pct,quantile,0.95,2.0762615159655757
medford,2026-04-04,1,2026-04-11,Flu ED visits pct,quantile,0.95,0.31356669778136215
mesa,2026-04-04,1,2026-04-11,Flu ED visits pct,quantile,0.95,0.4476258799485095
minneapolis,2026-04-04,1,2026-04-11,Flu ED visits pct,quantile,0.95,2.3982083643136045
minnesota,2026-04-04,1,2026-04-11,Flu ED visits pct,quantile,0.95,2.0830243836333735
montgomery,2026-04-04,1,2026-04-11,Flu ED visits pct,quantile,0.95,1.6721152662248806
nenc,2026-04-04,1,2026-04-11,Flu ED visits pct,quantile,0.95,0.9759064156657888
new-bedford,2026-04-04,1,2026-04-11,Flu ED visits pct,quantile,0.95,3.4845964192297028
north-carolina,2026-04-04,1,2026-04-11,Flu ED visits pct,quantile,0.95,1.4670659776927502
nyc,2026-04-04,1,2026-04-11,ILI ED visits pct,quantile,0.95,4.25762281077557
ogden,2026-04-04,1,2026-04-11,Flu ED visits pct,quantile,0.95,0.8755556976202974
oregon,2026-04-04,1,2026-04-11,Flu ED visits pct,quantile,0.95,1.1217340787593637
pittsfield,2026-04-04,1,2026-04-11,Flu ED visits pct,quantile,0.95,0.9122410517482238
portland,2026-04-04,1,2026-04-11,Flu ED visits pct,quantile,0.95,1.9385626538796723
portland-or,2026-04-04,1,2026-04-11,Flu ED visits pct,quantile,0.95,1.311685552610324
provo,2026-04-04,1,2026-04-11,Flu ED visits pct,quantile,0.95,0.5628926238314912
roanoke,2026-04-04,1,2026-04-11,Flu ED visits pct,quantile,0.95,2.120645890102023
rochester,2026-04-04,1,2026-04-11,Flu ED visits pct,quantile,0.95,1.5226849314359967
rock-hill,2026-04-04,1,2026-04-11,Flu ED visits pct,quantile,0.95,1.707776439153674
rtp-area,2026-04-04,1,2026-04-11,Flu ED visits pct,quantile,0.95,0.9835841926043656
salem,2026-04-04,1,2026-04-11,Flu ED visits pct,quantile,0.95,1.4300088427845654
salt-lake-city,2026-04-04,1,2026-04-11,Flu ED visits pct,quantile,0.95,0.6813717363977513
san-antonio,2026-04-04,1,2026-04-11,Flu ED visits pct,quantile,0.95,0.976458999580689
savannah,2026-04-04,1,2026-04-11,Flu ED visits pct,quantile,0.95,0.806370600564938
senc,2026-04-04,1,2026-04-11,Flu ED visits pct,quantile,0.95,1.4000473887306193
south-augusta,2026-04-04,1,2026-04-11,Flu ED visits pct,quantile,0.95,1.1691955980363815
south-carolina,2026-04-04,1,2026-04-11,Flu ED visits pct,quantile,0.95,1.127543603362967
springfield,2026-04-04,1,2026-04-11,Flu ED visits pct,quantile,0.95,3.5678099888303074
st-cloud,2026-04-04,1,2026-04-11,Flu ED visits pct,quantile,0.95,2.1897155391472083
st-paul,2026-04-04,1,2026-04-11,Flu ED visits pct,quantile,0.95,1.8835406213416888
texas,2026-04-04,1,2026-04-11,Flu ED visits pct,quantile,0.95,1.031229353645191
triad-area,2026-04-04,1,2026-04-11,Flu ED visits pct,quantile,0.95,1.149586348336952
utah,2026-04-04,1,2026-04-11,Flu ED visits pct,quantile,0.95,0.7540876423546472
virginia,2026-04-04,1,2026-04-11,Flu ED visits pct,quantile,0.95,1.6455104149772448
weld,2026-04-04,1,2026-04-11,Flu ED visits pct,quantile,0.95,2.4381826661230117
wnc,2026-04-04,1,2026-04-11,Flu ED visits pct,quantile,0.95,0.9648956264335943
worcester,2026-04-04,1,2026-04-11,Flu ED visits pct,quantile,0.95,2.385921910042463
athens,2026-04-04,2,2026-04-18,Flu ED visits pct,quantile,0.95,1.4026758971592561
austin,2026-04-04,2,2026-04-18,Flu ED visits pct,quantile,0.95,0.7828497456668582
baltimore,2026-04-04,2,2026-04-18,Flu ED visits pct,quantile,0.95,1.8450245106058887
bangor,2026-04-04,2,2026-04-18,Flu ED visits pct,quantile,0.95,2.128907770199258
beaumont,2026-04-04,2,2026-04-18,Flu ED visits pct,quantile,0.95,1.2960174828723017
boston,2026-04-04,2,2026-04-18,Flu ED visits pct,quantile,0.95,1.9091647164233514
boulder,2026-04-04,2,2026-04-18,Flu ED visits pct,quantile,0.95,1.8675554107322279
charleston,2026-04-04,2,2026-04-18,Flu ED visits pct,quantile,0.95,0.8832039107019508
cherokee,2026-04-04,2,2026-04-18,Flu ED visits pct,quantile,0.95,2.035246647606685
clt-area,2026-04-04,2,2026-04-18,Flu ED visits pct,quantile,0.95,2.0667702832725183
colorado,2026-04-04,2,2026-04-18,Flu ED visits pct,quantile,0.95,1.918461004998971
colorado-springs,2026-04-04,2,2026-04-18,Flu ED visits pct,quantile,0.95,2.387814070629712
columbia,2026-04-04,2,2026-04-18,Flu ED visits pct,quantile,0.95,1.1294478474678153
columbus,2026-04-04,2,2026-04-18,Flu ED visits pct,quantile,0.95,1.5191140808517336
dallas,2026-04-04,2,2026-04-18,Flu ED visits pct,quantile,0.95,0.7826520472502119
denver,2026-04-04,2,2026-04-18,Flu ED visits pct,quantile,0.95,1.9426201296412742
deschutes,2026-04-04,2,2026-04-18,Flu ED visits pct,quantile,0.95,1.708264079447936
duluth,2026-04-04,2,2026-04-18,Flu ED visits pct,quantile,0.95,2.883878923318546
el-paso,2026-04-04,2,2026-04-18,Flu ED visits pct,quantile,0.95,2.2900681999380232
eugene,2026-04-04,2,2026-04-18,Flu ED visits pct,quantile,0.95,0.6576152805849207
fay-area,2026-04-04,2,2026-04-18,Flu ED visits pct,quantile,0.95,2.0297548682399964
florence,2026-04-04,2,2026-04-18,Flu ED visits pct,quantile,0.95,0.5907715366086842
floyd,2026-04-04,2,2026-04-18,Flu ED visits pct,quantile,0.95,1.4799167535336282
frederick,2026-04-04,2,2026-04-18,Flu ED visits pct,quantile,0.95,4.533754886655512
georgia,2026-04-04,2,2026-04-18,Flu ED visits pct,quantile,0.95,0.9439729581667005
greenville,2026-04-04,2,2026-04-18,Flu ED visits pct,quantile,0.95,1.1570260885367512
hall,2026-04-04,2,2026-04-18,Flu ED visits pct,quantile,0.95,1.6983800647817575
harford,2026-04-04,2,2026-04-18,Flu ED visits pct,quantile,0.95,1.0628201949621086
henry,2026-04-04,2,2026-04-18,Flu ED visits pct,quantile,0.95,0.8872255138558748
horry,2026-04-04,2,2026-04-18,Flu ED visits pct,quantile,0.95,1.5110510092295517
houston,2026-04-04,2,2026-04-18,Flu ED visits pct,quantile,0.95,0.79762851200219
indiana,2026-04-04,2,2026-04-18,Flu ED visits pct,quantile,0.95,1.5793430808924502
indianapolis,2026-04-04,2,2026-04-18,Flu ED visits pct,quantile,0.95,1.209617759845927
la-grange,2026-04-04,2,2026-04-18,Flu ED visits pct,quantile,0.95,0.8961078386961391
larimer,2026-04-04,2,2026-04-18,Flu ED visits pct,quantile,0.95,1.8566988057428278
lynn,2026-04-04,2,2026-04-18,Flu ED visits pct,quantile,0.95,1.7177392488341499
macon,2026-04-04,2,2026-04-18,Flu ED visits pct,quantile,0.95,0.6450395371685608
maine,2026-04-04,2,2026-04-18,Flu ED visits pct,quantile,0.95,1.594383192119723
marietta,2026-04-04,2,2026-04-18,Flu ED visits pct,quantile,0.95,0.879464454560651
maryland,2026-04-04,2,2026-04-18,Flu ED visits pct,quantile,0.95,1.6915494850738892
massachusetts,2026-04-04,2,2026-04-18,Flu ED visits pct,quantile,0.95,2.100854440846119
medford,2026-04-04,2,2026-04-18,Flu ED visits pct,quantile,0.95,0.3031683900019877
mesa,2026-04-04,2,2026-04-18,Flu ED visits pct,quantile,0.95,0.44658185399151956
minneapolis,2026-04-04,2,2026-04-18,Flu ED visits pct,quantile,0.95,2.458404293748982
minnesota,2026-04-04,2,2026-04-18,Flu ED visits pct,quantile,0.95,2.0963531269866436
montgomery,2026-04-04,2,2026-04-18,Flu ED visits pct,quantile,0.95,1.689041042866804
nenc,2026-04-04,2,2026-04-18,Flu ED visits pct,quantile,0.95,0.9585898460147423
new-bedford,2026-04-04,2,2026-04-18,Flu ED visits pct,quantile,0.95,3.4628554052601666
north-carolina,2026-04-04,2,2026-04-18,Flu ED visits pct,quantile,0.95,1.4397094469488085
nyc,2026-04-04,2,2026-04-18,ILI ED visits pct,quantile,0.95,4.368697110989473
ogden,2026-04-04,2,2026-04-18,Flu ED visits pct,quantile,0.95,0.867479483956369
oregon,2026-04-04,2,2026-04-18,Flu ED visits pct,quantile,0.95,1.1072504887389265
pittsfield,2026-04-04,2,2026-04-18,Flu ED visits pct,quantile,0.95,0.9361078430208406
portland,2026-04-04,2,2026-04-18,Flu ED visits pct,quantile,0.95,1.9380143153478944
portland-or,2026-04-04,2,2026-04-18,Flu ED visits pct,quantile,0.95,1.2991062880413018
provo,2026-04-04,2,2026-04-18,Flu ED visits pct,quantile,0.95,0.5582823248798009
roanoke,2026-04-04,2,2026-04-18,Flu ED visits pct,quantile,0.95,2.1297575805229396
rochester,2026-04-04,2,2026-04-18,Flu ED visits pct,quantile,0.95,1.4991672930724598
rock-hill,2026-04-04,2,2026-04-18,Flu ED visits pct,quantile,0.95,1.6814917706815047
rtp-area,2026-04-04,2,2026-04-18,Flu ED visits pct,quantile,0.95,0.9554110992743723
salem,2026-04-04,2,2026-04-18,Flu ED visits pct,quantile,0.95,1.3986922969062157
salt-lake-city,2026-04-04,2,2026-04-18,Flu ED visits pct,quantile,0.95,0.6769695935548465
san-antonio,2026-04-04,2,2026-04-18,Flu ED visits pct,quantile,0.95,0.968035639181326
savannah,2026-04-04,2,2026-04-18,Flu ED visits pct,quantile,0.95,0.7959851356576872
senc,2026-04-04,2,2026-04-18,Flu ED visits pct,quantile,0.95,1.3728694192666913
south-augusta,2026-04-04,2,2026-04-18,Flu ED visits pct,quantile,0.95,1.144742747362569
south-carolina,2026-04-04,2,2026-04-18,Flu ED visits pct,quantile,0.95,1.12426577275573
springfield,2026-04-04,2,2026-04-18,Flu ED visits pct,quantile,0.95,3.646588852913307
st-cloud,2026-04-04,2,2026-04-18,Flu ED visits pct,quantile,0.95,2.156152719897403
st-paul,2026-04-04,2,2026-04-18,Flu ED visits pct,quantile,0.95,1.893954577446307
texas,2026-04-04,2,2026-04-18,Flu ED visits pct,quantile,0.95,1.0340305471805367
triad-area,2026-04-04,2,2026-04-18,Flu ED visits pct,quantile,0.95,1.1215900667813832
utah,2026-04-04,2,2026-04-18,Flu ED visits pct,quantile,0.95,0.7426995649160992
virginia,2026-04-04,2,2026-04-18,Flu ED visits pct,quantile,0.95,1.6505761187783374
weld,2026-04-04,2,2026-04-18,Flu ED visits pct,quantile,0.95,2.6153647026554987
wnc,2026-04-04,2,2026-04-18,Flu ED visits pct,quantile,0.95,0.9341209093588838
worcester,2026-04-04,2,2026-04-18,Flu ED visits pct,quantile,0.95,2.389407196016296
athens,2026-04-04,3,2026-04-25,Flu ED visits pct,quantile,0.95,1.4200037927171119
austin,2026-04-04,3,2026-04-25,Flu ED visits pct,quantile,0.95,0.7848596224543666
baltimore,2026-04-04,3,2026-04-25,Flu ED visits pct,quantile,0.95,1.9303313020827249
bangor,2026-04-04,3,2026-04-25,Flu ED visits pct,quantile,0.95,2.1297126351432745
beaumont,2026-04-04,3,2026-04-25,Flu ED visits pct,quantile,0.95,1.2879264189522501
boston,2026-04-04,3,2026-04-25,Flu ED visits pct,quantile,0.95,1.956663795093037
boulder,2026-04-04,3,2026-04-25,Flu ED visits pct,quantile,0.95,1.8643529112367692
charleston,2026-04-04,3,2026-04-25,Flu ED visits pct,quantile,0.95,0.8795641504087395
cherokee,2026-04-04,3,2026-04-25,Flu ED visits pct,quantile,0.95,2.049615395152864
clt-area,2026-04-04,3,2026-04-25,Flu ED visits pct,quantile,0.95,2.062245632483305
colorado,2026-04-04,3,2026-04-25,Flu ED visits pct,quantile,0.95,1.943711859428927
colorado-springs,2026-04-04,3,2026-04-25,Flu ED visits pct,quantile,0.95,2.4178346135194118
columbia,2026-04-04,3,2026-04-25,Flu ED visits pct,quantile,0.95,1.1401849986233457
columbus,2026-04-04,3,2026-04-25,Flu ED visits pct,quantile,0.95,1.5020659835634973
dallas,2026-04-04,3,2026-04-25,Flu ED visits pct,quantile,0.95,0.7904516492430707
denver,2026-04-04,3,2026-04-25,Flu ED visits pct,quantile,0.95,1.972494150244659
deschutes,2026-04-04,3,2026-04-25,Flu ED visits pct,quantile,0.95,1.689661096097086
duluth,2026-04-04,3,2026-04-25,Flu ED visits pct,quantile,0.95,2.91206411751678
el-paso,2026-04-04,3,2026-04-25,Flu ED visits pct,quantile,0.95,2.3427985390652553
eugene,2026-04-04,3,2026-04-25,Flu ED visits pct,quantile,0.95,0.6639005004265278
fay-area,2026-04-04,3,2026-04-25,Flu ED visits pct,quantile,0.95,2.0297548682399964
florence,2026-04-04,3,2026-04-25,Flu ED visits pct,quantile,0.95,0.5801996261885042
floyd,2026-04-04,3,2026-04-25,Flu ED visits pct,quantile,0.95,1.4907324283347103
frederick,2026-04-04,3,2026-04-25,Flu ED visits pct,quantile,0.95,4.79427772896686
georgia,2026-04-04,3,2026-04-25,Flu ED visits pct,quantile,0.95,0.9493773425231931
greenville,2026-04-04,3,2026-04-25,Flu ED visits pct,quantile,0.95,1.1633892483762982
hall,2026-04-04,3,2026-04-25,Flu ED visits pct,quantile,0.95,1.7046205607615275
harford,2026-04-04,3,2026-04-25,Flu ED visits pct,quantile,0.95,1.06384957386433
henry,2026-04-04,3,2026-04-25,Flu ED visits pct,quantile,0.95,0.8925338049930028
horry,2026-04-04,3,2026-04-25,Flu ED visits pct,quantile,0.95,1.5082846265693988
houston,2026-04-04,3,2026-04-25,Flu ED visits pct,quantile,0.95,0.808016704810974
indiana,2026-04-04,3,2026-04-25,Flu ED visits pct,quantile,0.95,1.5975753386665452
indianapolis,2026-04-04,3,2026-04-25,Flu ED visits pct,quantile,0.95,1.2240784405777687
la-grange,2026-04-04,3,2026-04-25,Flu ED visits pct,quantile,0.95,0.8953507417243312
larimer,2026-04-04,3,2026-04-25,Flu ED visits pct,quantile,0.95,1.888457050875407
lynn,2026-04-04,3,2026-04-25,Flu ED visits pct,quantile,0.95,1.7575748600144108
macon,2026-04-04,3,2026-04-25,Flu ED visits pct,quantile,0.95,0.6394055753278725
maine,2026-04-04,3,2026-04-25,Flu ED visits pct,quantile,0.95,1.6002740536528546
marietta,2026-04-04,3,2026-04-25,Flu ED visits pct,quantile,0.95,0.8756782454676542
maryland,2026-04-04,3,2026-04-25,Flu ED visits pct,quantile,0.95,1.709527162745503
massachusetts,2026-04-04,3,2026-04-25,Flu ED visits pct,quantile,0.95,2.131076451487741
medford,2026-04-04,3,2026-04-25,Flu ED visits pct,quantile,0.95,0.30174223235602543
mesa,2026-04-04,3,2026-04-25,Flu ED visits pct,quantile,0.95,0.42744224802088515
minneapolis,2026-04-04,3,2026-04-25,Flu ED visits pct,quantile,0.95,2.500685407478048
minnesota,2026-04-04,3,2026-04-25,Flu ED visits pct,quantile,0.95,2.134627748777411
montgomery,2026-04-04,3,2026-04-25,Flu ED visits pct,quantile,0.95,1.723739032348552
nenc,2026-04-04,3,2026-04-25,Flu ED visits pct,quantile,0.95,0.9546160927265409
new-bedford,2026-04-04,3,2026-04-25,Flu ED visits pct,quantile,0.95,3.62496486404455
north-carolina,2026-04-04,3,2026-04-25,Flu ED visits pct,quantile,0.95,1.435179495372617
nyc,2026-04-04,3,2026-04-25,ILI ED visits pct,quantile,0.95,4.461043053383368
ogden,2026-04-04,3,2026-04-25,Flu ED visits pct,quantile,0.95,0.8644213716939174
oregon,2026-04-04,3,2026-04-25,Flu ED visits pct,quantile,0.95,1.1091957157045294
pittsfield,2026-04-04,3,2026-04-25,Flu ED visits pct,quantile,0.95,0.9531076323130894
portland,2026-04-04,3,2026-04-25,Flu ED visits pct,quantile,0.95,1.9846344689125703
portland-or,2026-04-04,3,2026-04-25,Flu ED visits pct,quantile,0.95,1.2950176861065903
provo,2026-04-04,3,2026-04-25,Flu ED visits pct,quantile,0.95,0.5577633688392876
roanoke,2026-04-04,3,2026-04-25,Flu ED visits pct,quantile,0.95,2.112080605031061
rochester,2026-04-04,3,2026-04-25,Flu ED visits pct,quantile,0.95,1.4830257777030105
rock-hill,2026-04-04,3,2026-04-25,Flu ED visits pct,quantile,0.95,1.6828971441259524
rtp-area,2026-04-04,3,2026-04-25,Flu ED visits pct,quantile,0.95,0.9531581831077275
salem,2026-04-04,3,2026-04-25,Flu ED visits pct,quantile,0.95,1.384771945737293
salt-lake-city,2026-04-04,3,2026-04-25,Flu ED visits pct,quantile,0.95,0.6838266872807639
san-antonio,2026-04-04,3,2026-04-25,Flu ED visits pct,quantile,0.95,0.96827700816674
savannah,2026-04-04,3,2026-04-25,Flu ED visits pct,quantile,0.95,0.7928223626402945
senc,2026-04-04,3,2026-04-25,Flu ED visits pct,quantile,0.95,1.3722857715860677
south-augusta,2026-04-04,3,2026-04-25,Flu ED visits pct,quantile,0.95,1.1384780117389433
south-carolina,2026-04-04,3,2026-04-25,Flu ED visits pct,quantile,0.95,1.1389479923077646
springfield,2026-04-04,3,2026-04-25,Flu ED visits pct,quantile,0.95,3.7689532588872
st-cloud,2026-04-04,3,2026-04-25,Flu ED visits pct,quantile,0.95,2.1363470319876154
st-paul,2026-04-04,3,2026-04-25,Flu ED visits pct,quantile,0.95,1.9439768340673276
texas,2026-04-04,3,2026-04-25,Flu ED visits pct,quantile,0.95,1.041439542297856
triad-area,2026-04-04,3,2026-04-25,Flu ED visits pct,quantile,0.95,1.1166131839655076
utah,2026-04-04,3,2026-04-25,Flu ED visits pct,quantile,0.95,0.7543879277618494
virginia,2026-04-04,3,2026-04-25,Flu ED visits pct,quantile,0.95,1.6851477971111453
weld,2026-04-04,3,2026-04-25,Flu ED visits pct,quantile,0.95,2.6175405736116963
wnc,2026-04-04,3,2026-04-25,Flu ED visits pct,quantile,0.95,0.9373666292397071
worcester,2026-04-04,3,2026-04-25,Flu ED visits pct,quantile,0.95,2.4192015020351993
athens,2026-04-04,0,2026-04-04,Flu ED visits pct,quantile,0.975,1.684021223510688
austin,2026-04-04,0,2026-04-04,Flu ED visits pct,quantile,0.975,0.9176728139037545
baltimore,2026-04-04,0,2026-04-04,Flu ED visits pct,quantile,0.975,2.0166038548015983
bangor,2026-04-04,0,2026-04-04,Flu ED visits pct,quantile,0.975,2.3945134179270418
beaumont,2026-04-04,0,2026-04-04,Flu ED visits pct,quantile,0.975,1.4928038694569674
boston,2026-04-04,0,2026-04-04,Flu ED visits pct,quantile,0.975,2.1984742187884856
boulder,2026-04-04,0,2026-04-04,Flu ED visits pct,quantile,0.975,2.2903722375482864
charleston,2026-04-04,0,2026-04-04,Flu ED visits pct,quantile,0.975,1.0642739067362472
cherokee,2026-04-04,0,2026-04-04,Flu ED visits pct,quantile,0.975,2.3072769634660015
clt-area,2026-04-04,0,2026-04-04,Flu ED visits pct,quantile,0.975,2.3999960805117895
colorado,2026-04-04,0,2026-04-04,Flu ED visits pct,quantile,0.975,2.1615597177890775
colorado-springs,2026-04-04,0,2026-04-04,Flu ED visits pct,quantile,0.975,2.743665860205026
columbia,2026-04-04,0,2026-04-04,Flu ED visits pct,quantile,0.975,1.3136816118209873
columbus,2026-04-04,0,2026-04-04,Flu ED visits pct,quantile,0.975,1.758522483592472
dallas,2026-04-04,0,2026-04-04,Flu ED visits pct,quantile,0.975,0.9362799222626673
denver,2026-04-04,0,2026-04-04,Flu ED visits pct,quantile,0.975,2.2081842891791186
deschutes,2026-04-04,0,2026-04-04,Flu ED visits pct,quantile,0.975,1.7535174842994945
duluth,2026-04-04,0,2026-04-04,Flu ED visits pct,quantile,0.975,3.3310920583937422
el-paso,2026-04-04,0,2026-04-04,Flu ED visits pct,quantile,0.975,2.4869552005392976
eugene,2026-04-04,0,2026-04-04,Flu ED visits pct,quantile,0.975,0.7959150467347863
fay-area,2026-04-04,0,2026-04-04,Flu ED visits pct,quantile,0.975,2.386102504747833
florence,2026-04-04,0,2026-04-04,Flu ED visits pct,quantile,0.975,0.7280292638629396
floyd,2026-04-04,0,2026-04-04,Flu ED visits pct,quantile,0.975,1.6912487936318001
frederick,2026-04-04,0,2026-04-04,Flu ED visits pct,quantile,0.975,4.897302048430464
georgia,2026-04-04,0,2026-04-04,Flu ED visits pct,quantile,0.975,1.0740303339691046
greenville,2026-04-04,0,2026-04-04,Flu ED visits pct,quantile,0.975,1.3931711262089463
hall,2026-04-04,0,2026-04-04,Flu ED visits pct,quantile,0.975,2.0048678745556003
harford,2026-04-04,0,2026-04-04,Flu ED visits pct,quantile,0.975,1.2743321826828236
henry,2026-04-04,0,2026-04-04,Flu ED visits pct,quantile,0.975,1.023652832760291
horry,2026-04-04,0,2026-04-04,Flu ED visits pct,quantile,0.975,1.7955273720584966
houston,2026-04-04,0,2026-04-04,Flu ED visits pct,quantile,0.975,0.9668301612004254
indiana,2026-04-04,0,2026-04-04,Flu ED visits pct,quantile,0.975,1.923273362852788
indianapolis,2026-04-04,0,2026-04-04,Flu ED visits pct,quantile,0.975,1.4692395171383277
la-grange,2026-04-04,0,2026-04-04,Flu ED visits pct,quantile,0.975,0.9914507363355403
larimer,2026-04-04,0,2026-04-04,Flu ED visits pct,quantile,0.975,2.0631219264764376
lynn,2026-04-04,0,2026-04-04,Flu ED visits pct,quantile,0.975,1.9037910095680648
macon,2026-04-04,0,2026-04-04,Flu ED visits pct,quantile,0.975,0.737138584944005
maine,2026-04-04,0,2026-04-04,Flu ED visits pct,quantile,0.975,1.7722665997093054
marietta,2026-04-04,0,2026-04-04,Flu ED visits pct,quantile,0.975,1.009918426720033
maryland,2026-04-04,0,2026-04-04,Flu ED visits pct,quantile,0.975,1.91124363982633
massachusetts,2026-04-04,0,2026-04-04,Flu ED visits pct,quantile,0.975,2.36312463978111
medford,2026-04-04,0,2026-04-04,Flu ED visits pct,quantile,0.975,0.4366595808826393
mesa,2026-04-04,0,2026-04-04,Flu ED visits pct,quantile,0.975,0.46607178486526746
minneapolis,2026-04-04,0,2026-04-04,Flu ED visits pct,quantile,0.975,2.8065666298807237
minnesota,2026-04-04,0,2026-04-04,Flu ED visits pct,quantile,0.975,2.3598796235044768
montgomery,2026-04-04,0,2026-04-04,Flu ED visits pct,quantile,0.975,1.9601837296424152
nenc,2026-04-04,0,2026-04-04,Flu ED visits pct,quantile,0.975,1.1663173683445396
new-bedford,2026-04-04,0,2026-04-04,Flu ED visits pct,quantile,0.975,3.803718224410862
north-carolina,2026-04-04,0,2026-04-04,Flu ED visits pct,quantile,0.975,1.7005852230573926
nyc,2026-04-04,0,2026-04-04,ILI ED visits pct,quantile,0.975,4.676050677007125
ogden,2026-04-04,0,2026-04-04,Flu ED visits pct,quantile,0.975,0.992812167126288
oregon,2026-04-04,0,2026-04-04,Flu ED visits pct,quantile,0.975,1.2903399176309738
pittsfield,2026-04-04,0,2026-04-04,Flu ED visits pct,quantile,0.975,0.9389711500776049
portland,2026-04-04,0,2026-04-04,Flu ED visits pct,quantile,0.975,2.1812695352767166
portland-or,2026-04-04,0,2026-04-04,Flu ED visits pct,quantile,0.975,1.5091263137024455
provo,2026-04-04,0,2026-04-04,Flu ED visits pct,quantile,0.975,0.6629644361719399
roanoke,2026-04-04,0,2026-04-04,Flu ED visits pct,quantile,0.975,2.4713181602089764
rochester,2026-04-04,0,2026-04-04,Flu ED visits pct,quantile,0.975,1.8052351253557704
rock-hill,2026-04-04,0,2026-04-04,Flu ED visits pct,quantile,0.975,1.8976693040334718
rtp-area,2026-04-04,0,2026-04-04,Flu ED visits pct,quantile,0.975,1.1689664247238303
salem,2026-04-04,0,2026-04-04,Flu ED visits pct,quantile,0.975,1.6907397061689664
salt-lake-city,2026-04-04,0,2026-04-04,Flu ED visits pct,quantile,0.975,0.8501483953545903
san-antonio,2026-04-04,0,2026-04-04,Flu ED visits pct,quantile,0.975,1.192232732425334
savannah,2026-04-04,0,2026-04-04,Flu ED visits pct,quantile,0.975,0.9218867909178197
senc,2026-04-04,0,2026-04-04,Flu ED visits pct,quantile,0.975,1.6201480178181313
south-augusta,2026-04-04,0,2026-04-04,Flu ED visits pct,quantile,0.975,1.3691441270981157
south-carolina,2026-04-04,0,2026-04-04,Flu ED visits pct,quantile,0.975,1.2674343630169895
springfield,2026-04-04,0,2026-04-04,Flu ED visits pct,quantile,0.975,4.124361161158648
st-cloud,2026-04-04,0,2026-04-04,Flu ED visits pct,quantile,0.975,2.47865456777505
st-paul,2026-04-04,0,2026-04-04,Flu ED visits pct,quantile,0.975,2.0942797807961897
texas,2026-04-04,0,2026-04-04,Flu ED visits pct,quantile,0.975,1.1742624201696645
triad-area,2026-04-04,0,2026-04-04,Flu ED visits pct,quantile,0.975,1.3369154989662324
utah,2026-04-04,0,2026-04-04,Flu ED visits pct,quantile,0.975,0.8770747044325221
virginia,2026-04-04,0,2026-04-04,Flu ED visits pct,quantile,0.975,1.8566324945777022
weld,2026-04-04,0,2026-04-04,Flu ED visits pct,quantile,0.975,2.693738658461043
wnc,2026-04-04,0,2026-04-04,Flu ED visits pct,quantile,0.975,1.1622644005110905
worcester,2026-04-04,0,2026-04-04,Flu ED visits pct,quantile,0.975,2.644391701383725
athens,2026-04-04,1,2026-04-11,Flu ED visits pct,quantile,0.975,1.7584680761999585
austin,2026-04-04,1,2026-04-11,Flu ED visits pct,quantile,0.975,0.9440253475750169
baltimore,2026-04-04,1,2026-04-11,Flu ED visits pct,quantile,0.975,2.323854931185143
bangor,2026-04-04,1,2026-04-11,Flu ED visits pct,quantile,0.975,2.4434824215684903
beaumont,2026-04-04,1,2026-04-11,Flu ED visits pct,quantile,0.975,1.5267702519998096
boston,2026-04-04,1,2026-04-11,Flu ED visits pct,quantile,0.975,2.3065288386707916
boulder,2026-04-04,1,2026-04-11,Flu ED visits pct,quantile,0.975,2.314473386055923
charleston,2026-04-04,1,2026-04-11,Flu ED visits pct,quantile,0.975,1.077982925946034
cherokee,2026-04-04,1,2026-04-11,Flu ED visits pct,quantile,0.975,2.3404499665502825
clt-area,2026-04-04,1,2026-04-11,Flu ED visits pct,quantile,0.975,2.3893290865668804
colorado,2026-04-04,1,2026-04-11,Flu ED visits pct,quantile,0.975,2.2261570934394483
colorado-springs,2026-04-04,1,2026-04-11,Flu ED visits pct,quantile,0.975,2.819315941918855
columbia,2026-04-04,1,2026-04-11,Flu ED visits pct,quantile,0.975,1.3467865047198435
columbus,2026-04-04,1,2026-04-11,Flu ED visits pct,quantile,0.975,1.7777588224298047
dallas,2026-04-04,1,2026-04-11,Flu ED visits pct,quantile,0.975,0.9679647051992719
denver,2026-04-04,1,2026-04-11,Flu ED visits pct,quantile,0.975,2.31874536257787
deschutes,2026-04-04,1,2026-04-11,Flu ED visits pct,quantile,0.975,1.7919229673186379
duluth,2026-04-04,1,2026-04-11,Flu ED visits pct,quantile,0.975,3.5822781429114325
el-paso,2026-04-04,1,2026-04-11,Flu ED visits pct,quantile,0.975,2.7738061096767908
eugene,2026-04-04,1,2026-04-11,Flu ED visits pct,quantile,0.975,0.8218059490287283
fay-area,2026-04-04,1,2026-04-11,Flu ED visits pct,quantile,0.975,2.3427700282768744
florence,2026-04-04,1,2026-04-11,Flu ED visits pct,quantile,0.975,0.7409073516152246
floyd,2026-04-04,1,2026-04-11,Flu ED visits pct,quantile,0.975,1.7505296426465595
frederick,2026-04-04,1,2026-04-11,Flu ED visits pct,quantile,0.975,5.348232757868013
georgia,2026-04-04,1,2026-04-11,Flu ED visits pct,quantile,0.975,1.0986041251486571
greenville,2026-04-04,1,2026-04-11,Flu ED visits pct,quantile,0.975,1.438915990117386
hall,2026-04-04,1,2026-04-11,Flu ED visits pct,quantile,0.975,2.08696811347133
harford,2026-04-04,1,2026-04-11,Flu ED visits pct,quantile,0.975,1.3214352235675753
henry,2026-04-04,1,2026-04-11,Flu ED visits pct,quantile,0.975,1.049217853802236
horry,2026-04-04,1,2026-04-11,Flu ED visits pct,quantile,0.975,1.8405394518620652
houston,2026-04-04,1,2026-04-11,Flu ED visits pct,quantile,0.975,0.9864394824021864
indiana,2026-04-04,1,2026-04-11,Flu ED visits pct,quantile,0.975,1.9454365826348223
indianapolis,2026-04-04,1,2026-04-11,Flu ED visits pct,quantile,0.975,1.4700348995899968
la-grange,2026-04-04,1,2026-04-11,Flu ED visits pct,quantile,0.975,1.031826400788445
larimer,2026-04-04,1,2026-04-11,Flu ED visits pct,quantile,0.975,2.113976732136738
lynn,2026-04-04,1,2026-04-11,Flu ED visits pct,quantile,0.975,1.9493356682067595
macon,2026-04-04,1,2026-04-11,Flu ED visits pct,quantile,0.975,0.7525786472094687
maine,2026-04-04,1,2026-04-11,Flu ED visits pct,quantile,0.975,1.812651644722811
marietta,2026-04-04,1,2026-04-11,Flu ED visits pct,quantile,0.975,1.0352128053990974
maryland,2026-04-04,1,2026-04-11,Flu ED visits pct,quantile,0.975,1.985526679591432
massachusetts,2026-04-04,1,2026-04-11,Flu ED visits pct,quantile,0.975,2.5086777576592785
medford,2026-04-04,1,2026-04-11,Flu ED visits pct,quantile,0.975,0.44535691262918037
mesa,2026-04-04,1,2026-04-11,Flu ED visits pct,quantile,0.975,0.4837966455842597
minneapolis,2026-04-04,1,2026-04-11,Flu ED visits pct,quantile,0.975,3.045576070708113
minnesota,2026-04-04,1,2026-04-11,Flu ED visits pct,quantile,0.975,2.4021361351158728
montgomery,2026-04-04,1,2026-04-11,Flu ED visits pct,quantile,0.975,2.047288960444071
nenc,2026-04-04,1,2026-04-11,Flu ED visits pct,quantile,0.975,1.1743459398301725
new-bedford,2026-04-04,1,2026-04-11,Flu ED visits pct,quantile,0.975,4.173401325362562
north-carolina,2026-04-04,1,2026-04-11,Flu ED visits pct,quantile,0.975,1.7085727789487453
nyc,2026-04-04,1,2026-04-11,ILI ED visits pct,quantile,0.975,5.069449168181895
ogden,2026-04-04,1,2026-04-11,Flu ED visits pct,quantile,0.975,1.0132624703263917
oregon,2026-04-04,1,2026-04-11,Flu ED visits pct,quantile,0.975,1.3069630579141465
pittsfield,2026-04-04,1,2026-04-11,Flu ED visits pct,quantile,0.975,1.0798199690007244
portland,2026-04-04,1,2026-04-11,Flu ED visits pct,quantile,0.975,2.2931393262686472
portland-or,2026-04-04,1,2026-04-11,Flu ED visits pct,quantile,0.975,1.532565169311331
provo,2026-04-04,1,2026-04-11,Flu ED visits pct,quantile,0.975,0.6782882687787746
roanoke,2026-04-04,1,2026-04-11,Flu ED visits pct,quantile,0.975,2.5671702428227525
rochester,2026-04-04,1,2026-04-11,Flu ED visits pct,quantile,0.975,1.8386719772835958
rock-hill,2026-04-04,1,2026-04-11,Flu ED visits pct,quantile,0.975,1.9506408149568997
rtp-area,2026-04-04,1,2026-04-11,Flu ED visits pct,quantile,0.975,1.170503463294307
salem,2026-04-04,1,2026-04-11,Flu ED visits pct,quantile,0.975,1.7241480388162078
salt-lake-city,2026-04-04,1,2026-04-11,Flu ED visits pct,quantile,0.975,0.8533309134342179
san-antonio,2026-04-04,1,2026-04-11,Flu ED visits pct,quantile,0.975,1.212633776376373
savannah,2026-04-04,1,2026-04-11,Flu ED visits pct,quantile,0.975,0.9403047228655856
senc,2026-04-04,1,2026-04-11,Flu ED visits pct,quantile,0.975,1.6361282467009608
south-augusta,2026-04-04,1,2026-04-11,Flu ED visits pct,quantile,0.975,1.3915451341909917
south-carolina,2026-04-04,1,2026-04-11,Flu ED visits pct,quantile,0.975,1.298873223005968
springfield,2026-04-04,1,2026-04-11,Flu ED visits pct,quantile,0.975,4.721816112593335
st-cloud,2026-04-04,1,2026-04-11,Flu ED visits pct,quantile,0.975,2.538293263169161
st-paul,2026-04-04,1,2026-04-11,Flu ED visits pct,quantile,0.975,2.2058821492818153
texas,2026-04-04,1,2026-04-11,Flu ED visits pct,quantile,0.975,1.197646349341277
triad-area,2026-04-04,1,2026-04-11,Flu ED visits pct,quantile,0.975,1.3553760126654053
utah,2026-04-04,1,2026-04-11,Flu ED visits pct,quantile,0.975,0.9000087226603845
virginia,2026-04-04,1,2026-04-11,Flu ED visits pct,quantile,0.975,1.9161141195633749
weld,2026-04-04,1,2026-04-11,Flu ED visits pct,quantile,0.975,3.067648293204211
wnc,2026-04-04,1,2026-04-11,Flu ED visits pct,quantile,0.975,1.1579792161227593
worcester,2026-04-04,1,2026-04-11,Flu ED visits pct,quantile,0.975,2.775606681740497
athens,2026-04-04,2,2026-04-18,Flu ED visits pct,quantile,0.975,1.7465451843452353
austin,2026-04-04,2,2026-04-18,Flu ED visits pct,quantile,0.975,0.940619856650974
baltimore,2026-04-04,2,2026-04-18,Flu ED visits pct,quantile,0.975,2.535176489799358
bangor,2026-04-04,2,2026-04-18,Flu ED visits pct,quantile,0.975,2.442149510109481
beaumont,2026-04-04,2,2026-04-18,Flu ED visits pct,quantile,0.975,1.524338720977481
boston,2026-04-04,2,2026-04-18,Flu ED visits pct,quantile,0.975,2.324757838573061
boulder,2026-04-04,2,2026-04-18,Flu ED visits pct,quantile,0.975,2.3412348030357157
charleston,2026-04-04,2,2026-04-18,Flu ED visits pct,quantile,0.975,1.0813439218629033
cherokee,2026-04-04,2,2026-04-18,Flu ED visits pct,quantile,0.975,2.362347649126832
clt-area,2026-04-04,2,2026-04-18,Flu ED visits pct,quantile,0.975,2.353169046727654
colorado,2026-04-04,2,2026-04-18,Flu ED visits pct,quantile,0.975,2.3021926784448494
colorado-springs,2026-04-04,2,2026-04-18,Flu ED visits pct,quantile,0.975,2.8123515674736392
columbia,2026-04-04,2,2026-04-18,Flu ED visits pct,quantile,0.975,1.3536534286514041
columbus,2026-04-04,2,2026-04-18,Flu ED visits pct,quantile,0.975,1.7699787655694574
dallas,2026-04-04,2,2026-04-18,Flu ED visits pct,quantile,0.975,0.9666961887628716
denver,2026-04-04,2,2026-04-18,Flu ED visits pct,quantile,0.975,2.3655316745261814
deschutes,2026-04-04,2,2026-04-18,Flu ED visits pct,quantile,0.975,1.77879473096959
duluth,2026-04-04,2,2026-04-18,Flu ED visits pct,quantile,0.975,3.659991042728814
el-paso,2026-04-04,2,2026-04-18,Flu ED visits pct,quantile,0.975,2.886311315201148
eugene,2026-04-04,2,2026-04-18,Flu ED visits pct,quantile,0.975,0.8246058706341911
fay-area,2026-04-04,2,2026-04-18,Flu ED visits pct,quantile,0.975,2.3250320911485653
florence,2026-04-04,2,2026-04-18,Flu ED visits pct,quantile,0.975,0.7455380621433055
floyd,2026-04-04,2,2026-04-18,Flu ED visits pct,quantile,0.975,1.7689968254547503
frederick,2026-04-04,2,2026-04-18,Flu ED visits pct,quantile,0.975,5.550916473602015
georgia,2026-04-04,2,2026-04-18,Flu ED visits pct,quantile,0.975,1.1045061622996744
greenville,2026-04-04,2,2026-04-18,Flu ED visits pct,quantile,0.975,1.429655522551187
hall,2026-04-04,2,2026-04-18,Flu ED visits pct,quantile,0.975,2.110970985330469
harford,2026-04-04,2,2026-04-18,Flu ED visits pct,quantile,0.975,1.3268776071341801
henry,2026-04-04,2,2026-04-18,Flu ED visits pct,quantile,0.975,1.0563220438042584
horry,2026-04-04,2,2026-04-18,Flu ED visits pct,quantile,0.975,1.8428754189264573
houston,2026-04-04,2,2026-04-18,Flu ED visits pct,quantile,0.975,1.0040126881480957
indiana,2026-04-04,2,2026-04-18,Flu ED visits pct,quantile,0.975,1.9610529336341718
indianapolis,2026-04-04,2,2026-04-18,Flu ED visits pct,quantile,0.975,1.4742668978547575
la-grange,2026-04-04,2,2026-04-18,Flu ED visits pct,quantile,0.975,1.0289640614783384
larimer,2026-04-04,2,2026-04-18,Flu ED visits pct,quantile,0.975,2.1248118551940816
lynn,2026-04-04,2,2026-04-18,Flu ED visits pct,quantile,0.975,1.9659445321375508
macon,2026-04-04,2,2026-04-18,Flu ED visits pct,quantile,0.975,0.7567893142667107
maine,2026-04-04,2,2026-04-18,Flu ED visits pct,quantile,0.975,1.8112585167964763
marietta,2026-04-04,2,2026-04-18,Flu ED visits pct,quantile,0.975,1.0277629123345415
maryland,2026-04-04,2,2026-04-18,Flu ED visits pct,quantile,0.975,2.0130701735269665
massachusetts,2026-04-04,2,2026-04-18,Flu ED visits pct,quantile,0.975,2.5438690703371023
medford,2026-04-04,2,2026-04-18,Flu ED visits pct,quantile,0.975,0.4452186585368035
mesa,2026-04-04,2,2026-04-18,Flu ED visits pct,quantile,0.975,0.4795788819378574
minneapolis,2026-04-04,2,2026-04-18,Flu ED visits pct,quantile,0.975,3.146514433270427
minnesota,2026-04-04,2,2026-04-18,Flu ED visits pct,quantile,0.975,2.428346958096954
montgomery,2026-04-04,2,2026-04-18,Flu ED visits pct,quantile,0.975,2.075377222329078
nenc,2026-04-04,2,2026-04-18,Flu ED visits pct,quantile,0.975,1.1842788890869236
new-bedford,2026-04-04,2,2026-04-18,Flu ED visits pct,quantile,0.975,4.207183044571123
north-carolina,2026-04-04,2,2026-04-18,Flu ED visits pct,quantile,0.975,1.702029449968891
nyc,2026-04-04,2,2026-04-18,ILI ED visits pct,quantile,0.975,5.320528825817089
ogden,2026-04-04,2,2026-04-18,Flu ED visits pct,quantile,0.975,1.0159518368557312
oregon,2026-04-04,2,2026-04-18,Flu ED visits pct,quantile,0.975,1.31773956343779
pittsfield,2026-04-04,2,2026-04-18,Flu ED visits pct,quantile,0.975,1.160623391747952
portland,2026-04-04,2,2026-04-18,Flu ED visits pct,quantile,0.975,2.2665248488330194
portland-or,2026-04-04,2,2026-04-18,Flu ED visits pct,quantile,0.975,1.522610765826079
provo,2026-04-04,2,2026-04-18,Flu ED visits pct,quantile,0.975,0.6790022300535332
roanoke,2026-04-04,2,2026-04-18,Flu ED visits pct,quantile,0.975,2.6010572896842716
rochester,2026-04-04,2,2026-04-18,Flu ED visits pct,quantile,0.975,1.844942546834231
rock-hill,2026-04-04,2,2026-04-18,Flu ED visits pct,quantile,0.975,1.975305886738729
rtp-area,2026-04-04,2,2026-04-18,Flu ED visits pct,quantile,0.975,1.1585257794926265
salem,2026-04-04,2,2026-04-18,Flu ED visits pct,quantile,0.975,1.7091715213669363
salt-lake-city,2026-04-04,2,2026-04-18,Flu ED visits pct,quantile,0.975,0.8590741196347286
san-antonio,2026-04-04,2,2026-04-18,Flu ED visits pct,quantile,0.975,1.2070826357312654
savannah,2026-04-04,2,2026-04-18,Flu ED visits pct,quantile,0.975,0.942046593317407
senc,2026-04-04,2,2026-04-18,Flu ED visits pct,quantile,0.975,1.6249756287974908
south-augusta,2026-04-04,2,2026-04-18,Flu ED visits pct,quantile,0.975,1.3975748998354696
south-carolina,2026-04-04,2,2026-04-18,Flu ED visits pct,quantile,0.975,1.319956610723915
springfield,2026-04-04,2,2026-04-18,Flu ED visits pct,quantile,0.975,5.028349158403791
st-cloud,2026-04-04,2,2026-04-18,Flu ED visits pct,quantile,0.975,2.5072996643372925
st-paul,2026-04-04,2,2026-04-18,Flu ED visits pct,quantile,0.975,2.247388437355351
texas,2026-04-04,2,2026-04-18,Flu ED visits pct,quantile,0.975,1.2037101551069558
triad-area,2026-04-04,2,2026-04-18,Flu ED visits pct,quantile,0.975,1.3576249578771766
utah,2026-04-04,2,2026-04-18,Flu ED visits pct,quantile,0.975,0.901284004487653
virginia,2026-04-04,2,2026-04-18,Flu ED visits pct,quantile,0.975,1.9403263765904624
weld,2026-04-04,2,2026-04-18,Flu ED visits pct,quantile,0.975,3.232266531463171
wnc,2026-04-04,2,2026-04-18,Flu ED visits pct,quantile,0.975,1.151945328946925
worcester,2026-04-04,2,2026-04-18,Flu ED visits pct,quantile,0.975,2.796045275628038
athens,2026-04-04,3,2026-04-25,Flu ED visits pct,quantile,0.975,1.8733664663764633
austin,2026-04-04,3,2026-04-25,Flu ED visits pct,quantile,0.975,0.9882056281297885
baltimore,2026-04-04,3,2026-04-25,Flu ED visits pct,quantile,0.975,2.624588305407123
bangor,2026-04-04,3,2026-04-25,Flu ED visits pct,quantile,0.975,2.53702441011379
beaumont,2026-04-04,3,2026-04-25,Flu ED visits pct,quantile,0.975,1.5836249039113373
boston,2026-04-04,3,2026-04-25,Flu ED visits pct,quantile,0.975,2.4360302420883486
boulder,2026-04-04,3,2026-04-25,Flu ED visits pct,quantile,0.975,2.414808204111544
charleston,2026-04-04,3,2026-04-25,Flu ED visits pct,quantile,0.975,1.107264235264833
cherokee,2026-04-04,3,2026-04-25,Flu ED visits pct,quantile,0.975,2.5046844616849926
clt-area,2026-04-04,3,2026-04-25,Flu ED visits pct,quantile,0.975,2.405877414972673
colorado,2026-04-04,3,2026-04-25,Flu ED visits pct,quantile,0.975,2.395190031017299
colorado-springs,2026-04-04,3,2026-04-25,Flu ED visits pct,quantile,0.975,2.9294936888627374
columbia,2026-04-04,3,2026-04-25,Flu ED visits pct,quantile,0.975,1.4148657893621182
columbus,2026-04-04,3,2026-04-25,Flu ED visits pct,quantile,0.975,1.802101739796248
dallas,2026-04-04,3,2026-04-25,Flu ED visits pct,quantile,0.975,1.045625094734652
denver,2026-04-04,3,2026-04-25,Flu ED visits pct,quantile,0.975,2.4486141640746784
deschutes,2026-04-04,3,2026-04-25,Flu ED visits pct,quantile,0.975,1.8568023969742888
duluth,2026-04-04,3,2026-04-25,Flu ED visits pct,quantile,0.975,3.8602812328150273
el-paso,2026-04-04,3,2026-04-25,Flu ED visits pct,quantile,0.975,2.9655741664883477
eugene,2026-04-04,3,2026-04-25,Flu ED visits pct,quantile,0.975,0.8683216157894419
fay-area,2026-04-04,3,2026-04-25,Flu ED visits pct,quantile,0.975,2.3605620428922856
florence,2026-04-04,3,2026-04-25,Flu ED visits pct,quantile,0.975,0.7866331984437558
floyd,2026-04-04,3,2026-04-25,Flu ED visits pct,quantile,0.975,1.8714740740216014
frederick,2026-04-04,3,2026-04-25,Flu ED visits pct,quantile,0.975,5.662491221639845
georgia,2026-04-04,3,2026-04-25,Flu ED visits pct,quantile,0.975,1.16019675887524
greenville,2026-04-04,3,2026-04-25,Flu ED visits pct,quantile,0.975,1.505294422920282
hall,2026-04-04,3,2026-04-25,Flu ED visits pct,quantile,0.975,2.160563154523721
harford,2026-04-04,3,2026-04-25,Flu ED visits pct,quantile,0.975,1.390687560337759
henry,2026-04-04,3,2026-04-25,Flu ED visits pct,quantile,0.975,1.140381909440628
horry,2026-04-04,3,2026-04-25,Flu ED visits pct,quantile,0.975,1.8939393189544633
houston,2026-04-04,3,2026-04-25,Flu ED visits pct,quantile,0.975,1.0761353347853557
indiana,2026-04-04,3,2026-04-25,Flu ED visits pct,quantile,0.975,2.043070910187109
indianapolis,2026-04-04,3,2026-04-25,Flu ED visits pct,quantile,0.975,1.5142317626931958
la-grange,2026-04-04,3,2026-04-25,Flu ED visits pct,quantile,0.975,1.1059753470786124
larimer,2026-04-04,3,2026-04-25,Flu ED visits pct,quantile,0.975,2.2188133081948025
lynn,2026-04-04,3,2026-04-25,Flu ED visits pct,quantile,0.975,2.0742830583370964
macon,2026-04-04,3,2026-04-25,Flu ED visits pct,quantile,0.975,0.7776868064178596
maine,2026-04-04,3,2026-04-25,Flu ED visits pct,quantile,0.975,1.8783267714867349
marietta,2026-04-04,3,2026-04-25,Flu ED visits pct,quantile,0.975,1.0862200203881762
maryland,2026-04-04,3,2026-04-25,Flu ED visits pct,quantile,0.975,2.110189640606932
massachusetts,2026-04-04,3,2026-04-25,Flu ED visits pct,quantile,0.975,2.7033680158069173
medford,2026-04-04,3,2026-04-25,Flu ED visits pct,quantile,0.975,0.5111643553157921
mesa,2026-04-04,3,2026-04-25,Flu ED visits pct,quantile,0.975,0.5217471047154771
minneapolis,2026-04-04,3,2026-04-25,Flu ED visits pct,quantile,0.975,3.2682067177178937
minnesota,2026-04-04,3,2026-04-25,Flu ED visits pct,quantile,0.975,2.5404597242334974
montgomery,2026-04-04,3,2026-04-25,Flu ED visits pct,quantile,0.975,2.187671439733665
nenc,2026-04-04,3,2026-04-25,Flu ED visits pct,quantile,0.975,1.1988761648794681
new-bedford,2026-04-04,3,2026-04-25,Flu ED visits pct,quantile,0.975,4.295034826208687
north-carolina,2026-04-04,3,2026-04-25,Flu ED visits pct,quantile,0.975,1.7492027056887558
nyc,2026-04-04,3,2026-04-25,ILI ED visits pct,quantile,0.975,5.537429591518749
ogden,2026-04-04,3,2026-04-25,Flu ED visits pct,quantile,0.975,1.080112209300766
oregon,2026-04-04,3,2026-04-25,Flu ED visits pct,quantile,0.975,1.3366513815348524
pittsfield,2026-04-04,3,2026-04-25,Flu ED visits pct,quantile,0.975,1.251804182911428
portland,2026-04-04,3,2026-04-25,Flu ED visits pct,quantile,0.975,2.3582085702674593
portland-or,2026-04-04,3,2026-04-25,Flu ED visits pct,quantile,0.975,1.5639081227514748
provo,2026-04-04,3,2026-04-25,Flu ED visits pct,quantile,0.975,0.7326013173332718
roanoke,2026-04-04,3,2026-04-25,Flu ED visits pct,quantile,0.975,2.6619071474933182
rochester,2026-04-04,3,2026-04-25,Flu ED visits pct,quantile,0.975,1.9107591506905695
rock-hill,2026-04-04,3,2026-04-25,Flu ED visits pct,quantile,0.975,2.1512339746291786
rtp-area,2026-04-04,3,2026-04-25,Flu ED visits pct,quantile,0.975,1.183859407017263
salem,2026-04-04,3,2026-04-25,Flu ED visits pct,quantile,0.975,1.7334434188910501
salt-lake-city,2026-04-04,3,2026-04-25,Flu ED visits pct,quantile,0.975,0.9161454448622829
san-antonio,2026-04-04,3,2026-04-25,Flu ED visits pct,quantile,0.975,1.279013627406927
savannah,2026-04-04,3,2026-04-25,Flu ED visits pct,quantile,0.975,0.9617189185073189
senc,2026-04-04,3,2026-04-25,Flu ED visits pct,quantile,0.975,1.6651079718452582
south-augusta,2026-04-04,3,2026-04-25,Flu ED visits pct,quantile,0.975,1.4339124667768994
south-carolina,2026-04-04,3,2026-04-25,Flu ED visits pct,quantile,0.975,1.4233355242986379
springfield,2026-04-04,3,2026-04-25,Flu ED visits pct,quantile,0.975,5.197282826024439
st-cloud,2026-04-04,3,2026-04-25,Flu ED visits pct,quantile,0.975,2.634580465798844
st-paul,2026-04-04,3,2026-04-25,Flu ED visits pct,quantile,0.975,2.389908344135994
texas,2026-04-04,3,2026-04-25,Flu ED visits pct,quantile,0.975,1.2893332041778622
triad-area,2026-04-04,3,2026-04-25,Flu ED visits pct,quantile,0.975,1.3852103487477587
utah,2026-04-04,3,2026-04-25,Flu ED visits pct,quantile,0.975,0.9378145879008355
virginia,2026-04-04,3,2026-04-25,Flu ED visits pct,quantile,0.975,2.0464840272215405
weld,2026-04-04,3,2026-04-25,Flu ED visits pct,quantile,0.975,3.3183188634127747
wnc,2026-04-04,3,2026-04-25,Flu ED visits pct,quantile,0.975,1.162618220418232
worcester,2026-04-04,3,2026-04-25,Flu ED visits pct,quantile,0.975,2.9526341614865848
