location,reference_date,horizon,target_end_date,target,output_type,output_type_id,value
athens,2026-03-14,0,2026-03-14,Flu ED visits pct,quantile,0.025,0.8152935031759776
austin,2026-03-14,0,2026-03-14,Flu ED visits pct,quantile,0.025,0.8635631169693924
baltimore,2026-03-14,0,2026-03-14,Flu ED visits pct,quantile,0.025,0.4067735360953312
bangor,2026-03-14,0,2026-03-14,Flu ED visits pct,quantile,0.025,0.425444891013375
beaumont,2026-03-14,0,2026-03-14,Flu ED visits pct,quantile,0.025,0.48682056191665074
boston,2026-03-14,0,2026-03-14,Flu ED visits pct,quantile,0.025,0.5114167638406499
boulder,2026-03-14,0,2026-03-14,Flu ED visits pct,quantile,0.025,1.5271156480194703
charleston,2026-03-14,0,2026-03-14,Flu ED visits pct,quantile,0.025,0.916186014271907
cherokee,2026-03-14,0,2026-03-14,Flu ED visits pct,quantile,0.025,0.5677529077080601
clt-area,2026-03-14,0,2026-03-14,Flu ED visits pct,quantile,0.025,2.102232284455429
colorado,2026-03-14,0,2026-03-14,Flu ED visits pct,quantile,0.025,1.2279595621763013
colorado-springs,2026-03-14,0,2026-03-14,Flu ED visits pct,quantile,0.025,0.882775732642048
columbia,2026-03-14,0,2026-03-14,Flu ED visits pct,quantile,0.025,0.794720347013038
columbus,2026-03-14,0,2026-03-14,Flu ED visits pct,quantile,0.025,0.7642296300951804
dallas,2026-03-14,0,2026-03-14,Flu ED visits pct,quantile,0.025,0.8874226044333267
denver,2026-03-14,0,2026-03-14,Flu ED visits pct,quantile,0.025,1.291821983150513
deschutes,2026-03-14,0,2026-03-14,Flu ED visits pct,quantile,0.025,0.564112883369004
duluth,2026-03-14,0,2026-03-14,Flu ED visits pct,quantile,0.025,1.008913650455702
el-paso,2026-03-14,0,2026-03-14,Flu ED visits pct,quantile,0.025,0.8965394328112909
eugene,2026-03-14,0,2026-03-14,Flu ED visits pct,quantile,0.025,0.38875489971008087
fay-area,2026-03-14,0,2026-03-14,Flu ED visits pct,quantile,0.025,2.5671577359205573
florence,2026-03-14,0,2026-03-14,Flu ED visits pct,quantile,0.025,0.35203477645065534
floyd,2026-03-14,0,2026-03-14,Flu ED visits pct,quantile,0.025,0.5646526596893167
frederick,2026-03-14,0,2026-03-14,Flu ED visits pct,quantile,0.025,0.0697849830413106
georgia,2026-03-14,0,2026-03-14,Flu ED visits pct,quantile,0.025,0.7310392339364751
greenville,2026-03-14,0,2026-03-14,Flu ED visits pct,quantile,0.025,1.3227941488255106
hall,2026-03-14,0,2026-03-14,Flu ED visits pct,quantile,0.025,0.7752848501551478
harford,2026-03-14,0,2026-03-14,Flu ED visits pct,quantile,0.025,0.4153511705233579
henry,2026-03-14,0,2026-03-14,Flu ED visits pct,quantile,0.025,0.41639440222938207
horry,2026-03-14,0,2026-03-14,Flu ED visits pct,quantile,0.025,0.4938278094695686
houston,2026-03-14,0,2026-03-14,Flu ED visits pct,quantile,0.025,0.5298375179939637
indiana,2026-03-14,0,2026-03-14,Flu ED visits pct,quantile,0.025,1.8186711018102908
indianapolis,2026-03-14,0,2026-03-14,Flu ED visits pct,quantile,0.025,2.31572354963623
la-grange,2026-03-14,0,2026-03-14,Flu ED visits pct,quantile,0.025,0.37653446789004863
larimer,2026-03-14,0,2026-03-14,Flu ED visits pct,quantile,0.025,0.41669730263523264
lynn,2026-03-14,0,2026-03-14,Flu ED visits pct,quantile,0.025,0.3467768075596812
macon,2026-03-14,0,2026-03-14,Flu ED visits pct,quantile,0.025,0.48082180149752396
maine,2026-03-14,0,2026-03-14,Flu ED visits pct,quantile,0.025,0.5021460967200999
marietta,2026-03-14,0,2026-03-14,Flu ED visits pct,quantile,0.025,0.4472843929702541
maryland,2026-03-14,0,2026-03-14,Flu ED visits pct,quantile,0.025,0.566188144894112
massachusetts,2026-03-14,0,2026-03-14,Flu ED visits pct,quantile,0.025,0.48280830233694316
medford,2026-03-14,0,2026-03-14,Flu ED visits pct,quantile,0.025,0.23663273681485808
mesa,2026-03-14,0,2026-03-14,Flu ED visits pct,quantile,0.025,0.3722887618237187
minneapolis,2026-03-14,0,2026-03-14,Flu ED visits pct,quantile,0.025,1.4078534084395045
minnesota,2026-03-14,0,2026-03-14,Flu ED visits pct,quantile,0.025,1.3895422747623625
montgomery,2026-03-14,0,2026-03-14,Flu ED visits pct,quantile,0.025,0.5436841813193204
nenc,2026-03-14,0,2026-03-14,Flu ED visits pct,quantile,0.025,1.45354655033335
new-bedford,2026-03-14,0,2026-03-14,Flu ED visits pct,quantile,0.025,0.333443817327854
north-carolina,2026-03-14,0,2026-03-14,Flu ED visits pct,quantile,0.025,1.6635874351147266
nyc,2026-03-14,0,2026-03-14,ILI ED visits pct,quantile,0.025,1.804917054161666
ogden,2026-03-14,0,2026-03-14,Flu ED visits pct,quantile,0.025,0.630095849586239
oregon,2026-03-14,0,2026-03-14,Flu ED visits pct,quantile,0.025,1.0912534251816541
pittsfield,2026-03-14,0,2026-03-14,Flu ED visits pct,quantile,0.025,0.09137488745518725
portland,2026-03-14,0,2026-03-14,Flu ED visits pct,quantile,0.025,0.3786501493376758
portland-or,2026-03-14,0,2026-03-14,Flu ED visits pct,quantile,0.025,1.3868002913274455
provo,2026-03-14,0,2026-03-14,Flu ED visits pct,quantile,0.025,0.2681353277226387
roanoke,2026-03-14,0,2026-03-14,Flu ED visits pct,quantile,0.025,1.4962562874095182
rochester,2026-03-14,0,2026-03-14,Flu ED visits pct,quantile,0.025,1.3578933309954666
rock-hill,2026-03-14,0,2026-03-14,Flu ED visits pct,quantile,0.025,0.2559358561926619
rtp-area,2026-03-14,0,2026-03-14,Flu ED visits pct,quantile,0.025,1.1524209472502582
salem,2026-03-14,0,2026-03-14,Flu ED visits pct,quantile,0.025,1.0784159320854696
salt-lake-city,2026-03-14,0,2026-03-14,Flu ED visits pct,quantile,0.025,0.5786998080749779
san-antonio,2026-03-14,0,2026-03-14,Flu ED visits pct,quantile,0.025,1.2762605565794058
savannah,2026-03-14,0,2026-03-14,Flu ED visits pct,quantile,0.025,0.22137202012748045
senc,2026-03-14,0,2026-03-14,Flu ED visits pct,quantile,0.025,0.9297835021326142
south-augusta,2026-03-14,0,2026-03-14,Flu ED visits pct,quantile,0.025,0.544905973682341
south-carolina,2026-03-14,0,2026-03-14,Flu ED visits pct,quantile,0.025,0.8897235745933876
springfield,2026-03-14,0,2026-03-14,Flu ED visits pct,quantile,0.025,0.37617248098304695
st-cloud,2026-03-14,0,2026-03-14,Flu ED visits pct,quantile,0.025,0.6408723436248422
st-paul,2026-03-14,0,2026-03-14,Flu ED visits pct,quantile,0.025,1.2988182286275756
texas,2026-03-14,0,2026-03-14,Flu ED visits pct,quantile,0.025,1.060832514950373
triad-area,2026-03-14,0,2026-03-14,Flu ED visits pct,quantile,0.025,1.0000200531940944
utah,2026-03-14,0,2026-03-14,Flu ED visits pct,quantile,0.025,0.607517070386456
virginia,2026-03-14,0,2026-03-14,Flu ED visits pct,quantile,0.025,1.3385354124545186
weld,2026-03-14,0,2026-03-14,Flu ED visits pct,quantile,0.025,1.3777744484024805
wnc,2026-03-14,0,2026-03-14,Flu ED visits pct,quantile,0.025,1.1940578576576855
worcester,2026-03-14,0,2026-03-14,Flu ED visits pct,quantile,0.025,0.4091679204348709
athens,2026-03-14,1,2026-03-21,Flu ED visits pct,quantile,0.025,0.5685280731427231
austin,2026-03-14,1,2026-03-21,Flu ED visits pct,quantile,0.025,0.6445221720367252
baltimore,2026-03-14,1,2026-03-21,Flu ED visits pct,quantile,0.025,0.30897900364275976
bangor,2026-03-14,1,2026-03-21,Flu ED visits pct,quantile,0.025,0.2967098039260955
beaumont,2026-03-14,1,2026-03-21,Flu ED visits pct,quantile,0.025,0.336507455407282
boston,2026-03-14,1,2026-03-21,Flu ED visits pct,quantile,0.025,0.3756036353876871
boulder,2026-03-14,1,2026-03-21,Flu ED visits pct,quantile,0.025,1.080057108024768
charleston,2026-03-14,1,2026-03-21,Flu ED visits pct,quantile,0.025,0.6636182678222404
cherokee,2026-03-14,1,2026-03-21,Flu ED visits pct,quantile,0.025,0.37770990780083974
clt-area,2026-03-14,1,2026-03-21,Flu ED visits pct,quantile,0.025,1.5445480670556708
colorado,2026-03-14,1,2026-03-21,Flu ED visits pct,quantile,0.025,0.9632548557604023
colorado-springs,2026-03-14,1,2026-03-21,Flu ED visits pct,quantile,0.025,0.657096796968075
columbia,2026-03-14,1,2026-03-21,Flu ED visits pct,quantile,0.025,0.537841954862467
columbus,2026-03-14,1,2026-03-21,Flu ED visits pct,quantile,0.025,0.5275769433256764
dallas,2026-03-14,1,2026-03-21,Flu ED visits pct,quantile,0.025,0.6602105231171445
denver,2026-03-14,1,2026-03-21,Flu ED visits pct,quantile,0.025,1.0377558831962357
deschutes,2026-03-14,1,2026-03-21,Flu ED visits pct,quantile,0.025,0.41039286445745077
duluth,2026-03-14,1,2026-03-21,Flu ED visits pct,quantile,0.025,0.7406070920551096
el-paso,2026-03-14,1,2026-03-21,Flu ED visits pct,quantile,0.025,0.7000395968374598
eugene,2026-03-14,1,2026-03-21,Flu ED visits pct,quantile,0.025,0.23337798536749443
fay-area,2026-03-14,1,2026-03-21,Flu ED visits pct,quantile,0.025,1.9385017303462873
florence,2026-03-14,1,2026-03-21,Flu ED visits pct,quantile,0.025,0.23296984406042756
floyd,2026-03-14,1,2026-03-21,Flu ED visits pct,quantile,0.025,0.39295176150641875
frederick,2026-03-14,1,2026-03-21,Flu ED visits pct,quantile,0.025,0.037288841876319326
georgia,2026-03-14,1,2026-03-21,Flu ED visits pct,quantile,0.025,0.5730287165620344
greenville,2026-03-14,1,2026-03-21,Flu ED visits pct,quantile,0.025,0.9587076672562169
hall,2026-03-14,1,2026-03-21,Flu ED visits pct,quantile,0.025,0.555690103528044
harford,2026-03-14,1,2026-03-21,Flu ED visits pct,quantile,0.025,0.2981847511113611
henry,2026-03-14,1,2026-03-21,Flu ED visits pct,quantile,0.025,0.2786582738137927
horry,2026-03-14,1,2026-03-21,Flu ED visits pct,quantile,0.025,0.3369255502861927
houston,2026-03-14,1,2026-03-21,Flu ED visits pct,quantile,0.025,0.39480967146156737
indiana,2026-03-14,1,2026-03-21,Flu ED visits pct,quantile,0.025,1.364902231145387
indianapolis,2026-03-14,1,2026-03-21,Flu ED visits pct,quantile,0.025,1.638698196835044
la-grange,2026-03-14,1,2026-03-21,Flu ED visits pct,quantile,0.025,0.257774341795338
larimer,2026-03-14,1,2026-03-21,Flu ED visits pct,quantile,0.025,0.29173678329180913
lynn,2026-03-14,1,2026-03-21,Flu ED visits pct,quantile,0.025,0.23642069517411846
macon,2026-03-14,1,2026-03-21,Flu ED visits pct,quantile,0.025,0.34819223315218517
maine,2026-03-14,1,2026-03-21,Flu ED visits pct,quantile,0.025,0.3422262113227994
marietta,2026-03-14,1,2026-03-21,Flu ED visits pct,quantile,0.025,0.2934674497718765
maryland,2026-03-14,1,2026-03-21,Flu ED visits pct,quantile,0.025,0.44208025348989416
massachusetts,2026-03-14,1,2026-03-21,Flu ED visits pct,quantile,0.025,0.37188898864307335
medford,2026-03-14,1,2026-03-21,Flu ED visits pct,quantile,0.025,0.14293946840753524
mesa,2026-03-14,1,2026-03-21,Flu ED visits pct,quantile,0.025,0.2607182024053511
minneapolis,2026-03-14,1,2026-03-21,Flu ED visits pct,quantile,0.025,1.0935294584897393
minnesota,2026-03-14,1,2026-03-21,Flu ED visits pct,quantile,0.025,1.0716809291514258
montgomery,2026-03-14,1,2026-03-21,Flu ED visits pct,quantile,0.025,0.411239102894801
nenc,2026-03-14,1,2026-03-21,Flu ED visits pct,quantile,0.025,1.1135886501931633
new-bedford,2026-03-14,1,2026-03-21,Flu ED visits pct,quantile,0.025,0.2262120617808929
north-carolina,2026-03-14,1,2026-03-21,Flu ED visits pct,quantile,0.025,1.2388317292330595
nyc,2026-03-14,1,2026-03-21,ILI ED visits pct,quantile,0.025,1.6117090384539414
ogden,2026-03-14,1,2026-03-21,Flu ED visits pct,quantile,0.025,0.44715671921058847
oregon,2026-03-14,1,2026-03-21,Flu ED visits pct,quantile,0.025,0.7976606641832615
pittsfield,2026-03-14,1,2026-03-21,Flu ED visits pct,quantile,0.025,0.04917925148085945
portland,2026-03-14,1,2026-03-21,Flu ED visits pct,quantile,0.025,0.2664103040655838
portland-or,2026-03-14,1,2026-03-21,Flu ED visits pct,quantile,0.025,1.0045669842418405
provo,2026-03-14,1,2026-03-21,Flu ED visits pct,quantile,0.025,0.1792814715929995
roanoke,2026-03-14,1,2026-03-21,Flu ED visits pct,quantile,0.025,1.1065749453597558
rochester,2026-03-14,1,2026-03-21,Flu ED visits pct,quantile,0.025,0.9783989743851235
rock-hill,2026-03-14,1,2026-03-21,Flu ED visits pct,quantile,0.025,0.1597411571122535
rtp-area,2026-03-14,1,2026-03-21,Flu ED visits pct,quantile,0.025,0.8312414748813022
salem,2026-03-14,1,2026-03-21,Flu ED visits pct,quantile,0.025,0.7292839417222213
salt-lake-city,2026-03-14,1,2026-03-21,Flu ED visits pct,quantile,0.025,0.4242630733977731
san-antonio,2026-03-14,1,2026-03-21,Flu ED visits pct,quantile,0.025,0.9088733055334483
savannah,2026-03-14,1,2026-03-21,Flu ED visits pct,quantile,0.025,0.1411977967372522
senc,2026-03-14,1,2026-03-21,Flu ED visits pct,quantile,0.025,0.6868214456680779
south-augusta,2026-03-14,1,2026-03-21,Flu ED visits pct,quantile,0.025,0.3622459962202377
south-carolina,2026-03-14,1,2026-03-21,Flu ED visits pct,quantile,0.025,0.6543301149378936
springfield,2026-03-14,1,2026-03-21,Flu ED visits pct,quantile,0.025,0.24590950046078974
st-cloud,2026-03-14,1,2026-03-21,Flu ED visits pct,quantile,0.025,0.4535474122096939
st-paul,2026-03-14,1,2026-03-21,Flu ED visits pct,quantile,0.025,1.0046538697602427
texas,2026-03-14,1,2026-03-21,Flu ED visits pct,quantile,0.025,0.8303446760175106
triad-area,2026-03-14,1,2026-03-21,Flu ED visits pct,quantile,0.025,0.7784073706832719
utah,2026-03-14,1,2026-03-21,Flu ED visits pct,quantile,0.025,0.4432928610211777
virginia,2026-03-14,1,2026-03-21,Flu ED visits pct,quantile,0.025,1.059338805228488
weld,2026-03-14,1,2026-03-21,Flu ED visits pct,quantile,0.025,1.0578642434856156
wnc,2026-03-14,1,2026-03-21,Flu ED visits pct,quantile,0.025,0.8580971840555708
worcester,2026-03-14,1,2026-03-21,Flu ED visits pct,quantile,0.025,0.2702796286010889
athens,2026-03-14,2,2026-03-28,Flu ED visits pct,quantile,0.025,0.39360611573642945
austin,2026-03-14,2,2026-03-28,Flu ED visits pct,quantile,0.025,0.4719913735785039
baltimore,2026-03-14,2,2026-03-28,Flu ED visits pct,quantile,0.025,0.2625482582902573
bangor,2026-03-14,2,2026-03-28,Flu ED visits pct,quantile,0.025,0.19567926155899168
beaumont,2026-03-14,2,2026-03-28,Flu ED visits pct,quantile,0.025,0.21929880424603374
boston,2026-03-14,2,2026-03-28,Flu ED visits pct,quantile,0.025,0.3027078141107313
boulder,2026-03-14,2,2026-03-28,Flu ED visits pct,quantile,0.025,0.748515154613917
charleston,2026-03-14,2,2026-03-28,Flu ED visits pct,quantile,0.025,0.4654998730119411
cherokee,2026-03-14,2,2026-03-28,Flu ED visits pct,quantile,0.025,0.25482308161130823
clt-area,2026-03-14,2,2026-03-28,Flu ED visits pct,quantile,0.025,1.1229578878689068
colorado,2026-03-14,2,2026-03-28,Flu ED visits pct,quantile,0.025,0.758183255234514
colorado-springs,2026-03-14,2,2026-03-28,Flu ED visits pct,quantile,0.025,0.4900137144512242
columbia,2026-03-14,2,2026-03-28,Flu ED visits pct,quantile,0.025,0.37905733945789755
columbus,2026-03-14,2,2026-03-28,Flu ED visits pct,quantile,0.025,0.34029447026667425
dallas,2026-03-14,2,2026-03-28,Flu ED visits pct,quantile,0.025,0.47639762533265373
denver,2026-03-14,2,2026-03-28,Flu ED visits pct,quantile,0.025,0.8310048333203403
deschutes,2026-03-14,2,2026-03-28,Flu ED visits pct,quantile,0.025,0.2602838399404837
duluth,2026-03-14,2,2026-03-28,Flu ED visits pct,quantile,0.025,0.535171041229783
el-paso,2026-03-14,2,2026-03-28,Flu ED visits pct,quantile,0.025,0.5970231106001412
eugene,2026-03-14,2,2026-03-28,Flu ED visits pct,quantile,0.025,0.14100242812737374
fay-area,2026-03-14,2,2026-03-28,Flu ED visits pct,quantile,0.025,1.4745453741343781
florence,2026-03-14,2,2026-03-28,Flu ED visits pct,quantile,0.025,0.13420756808395765
floyd,2026-03-14,2,2026-03-28,Flu ED visits pct,quantile,0.025,0.25405990047415733
frederick,2026-03-14,2,2026-03-28,Flu ED visits pct,quantile,0.025,0.02267255009593496
georgia,2026-03-14,2,2026-03-28,Flu ED visits pct,quantile,0.025,0.42821198052702397
greenville,2026-03-14,2,2026-03-28,Flu ED visits pct,quantile,0.025,0.7031150670192624
hall,2026-03-14,2,2026-03-28,Flu ED visits pct,quantile,0.025,0.41265501739869603
harford,2026-03-14,2,2026-03-28,Flu ED visits pct,quantile,0.025,0.21279748653430042
henry,2026-03-14,2,2026-03-28,Flu ED visits pct,quantile,0.025,0.19879710051068247
horry,2026-03-14,2,2026-03-28,Flu ED visits pct,quantile,0.025,0.22766956836528107
houston,2026-03-14,2,2026-03-28,Flu ED visits pct,quantile,0.025,0.3377213461870069
indiana,2026-03-14,2,2026-03-28,Flu ED visits pct,quantile,0.025,1.0217034108284098
indianapolis,2026-03-14,2,2026-03-28,Flu ED visits pct,quantile,0.025,1.2372335713301754
la-grange,2026-03-14,2,2026-03-28,Flu ED visits pct,quantile,0.025,0.1576831091414041
larimer,2026-03-14,2,2026-03-28,Flu ED visits pct,quantile,0.025,0.18236250398932446
lynn,2026-03-14,2,2026-03-28,Flu ED visits pct,quantile,0.025,0.18515147449058247
macon,2026-03-14,2,2026-03-28,Flu ED visits pct,quantile,0.025,0.24121315958475387
maine,2026-03-14,2,2026-03-28,Flu ED visits pct,quantile,0.025,0.25133642984132065
marietta,2026-03-14,2,2026-03-28,Flu ED visits pct,quantile,0.025,0.19884511057331788
maryland,2026-03-14,2,2026-03-28,Flu ED visits pct,quantile,0.025,0.3666911694176507
massachusetts,2026-03-14,2,2026-03-28,Flu ED visits pct,quantile,0.025,0.2831527892237308
medford,2026-03-14,2,2026-03-28,Flu ED visits pct,quantile,0.025,0.0740999810501132
mesa,2026-03-14,2,2026-03-28,Flu ED visits pct,quantile,0.025,0.17105565980709272
minneapolis,2026-03-14,2,2026-03-28,Flu ED visits pct,quantile,0.025,0.8891620449206776
minnesota,2026-03-14,2,2026-03-28,Flu ED visits pct,quantile,0.025,0.8505900003401871
montgomery,2026-03-14,2,2026-03-28,Flu ED visits pct,quantile,0.025,0.3420360617763795
nenc,2026-03-14,2,2026-03-28,Flu ED visits pct,quantile,0.025,0.8191231856364698
new-bedford,2026-03-14,2,2026-03-28,Flu ED visits pct,quantile,0.025,0.15913106540480276
north-carolina,2026-03-14,2,2026-03-28,Flu ED visits pct,quantile,0.025,0.9643471943338997
nyc,2026-03-14,2,2026-03-28,ILI ED visits pct,quantile,0.025,1.421652461670578
ogden,2026-03-14,2,2026-03-28,Flu ED visits pct,quantile,0.025,0.3056678877785464
oregon,2026-03-14,2,2026-03-28,Flu ED visits pct,quantile,0.025,0.5825808079470636
pittsfield,2026-03-14,2,2026-03-28,Flu ED visits pct,quantile,0.025,0.02062794911131382
portland,2026-03-14,2,2026-03-28,Flu ED visits pct,quantile,0.025,0.18602856728168365
portland-or,2026-03-14,2,2026-03-28,Flu ED visits pct,quantile,0.025,0.7384924139493839
provo,2026-03-14,2,2026-03-28,Flu ED visits pct,quantile,0.025,0.12829105609109093
roanoke,2026-03-14,2,2026-03-28,Flu ED visits pct,quantile,0.025,0.7919593738967059
rochester,2026-03-14,2,2026-03-28,Flu ED visits pct,quantile,0.025,0.6746367105149454
rock-hill,2026-03-14,2,2026-03-28,Flu ED visits pct,quantile,0.025,0.11295583778189401
rtp-area,2026-03-14,2,2026-03-28,Flu ED visits pct,quantile,0.025,0.6247681716970707
salem,2026-03-14,2,2026-03-28,Flu ED visits pct,quantile,0.025,0.4984230186206291
salt-lake-city,2026-03-14,2,2026-03-28,Flu ED visits pct,quantile,0.025,0.30990307187281607
san-antonio,2026-03-14,2,2026-03-28,Flu ED visits pct,quantile,0.025,0.6722159354219636
savannah,2026-03-14,2,2026-03-28,Flu ED visits pct,quantile,0.025,0.08737216010840872
senc,2026-03-14,2,2026-03-28,Flu ED visits pct,quantile,0.025,0.4956464234855933
south-augusta,2026-03-14,2,2026-03-28,Flu ED visits pct,quantile,0.025,0.24781678714691074
south-carolina,2026-03-14,2,2026-03-28,Flu ED visits pct,quantile,0.025,0.4795151484990095
springfield,2026-03-14,2,2026-03-28,Flu ED visits pct,quantile,0.025,0.1762443893168981
st-cloud,2026-03-14,2,2026-03-28,Flu ED visits pct,quantile,0.025,0.27926110485110467
st-paul,2026-03-14,2,2026-03-28,Flu ED visits pct,quantile,0.025,0.8451489335201668
texas,2026-03-14,2,2026-03-28,Flu ED visits pct,quantile,0.025,0.660388564774851
triad-area,2026-03-14,2,2026-03-28,Flu ED visits pct,quantile,0.025,0.6010070115548504
utah,2026-03-14,2,2026-03-28,Flu ED visits pct,quantile,0.025,0.32842816662438207
virginia,2026-03-14,2,2026-03-28,Flu ED visits pct,quantile,0.025,0.8877586286308665
weld,2026-03-14,2,2026-03-28,Flu ED visits pct,quantile,0.025,0.8464480457722283
wnc,2026-03-14,2,2026-03-28,Flu ED visits pct,quantile,0.025,0.6392742952410638
worcester,2026-03-14,2,2026-03-28,Flu ED visits pct,quantile,0.025,0.18986819691024825
athens,2026-03-14,3,2026-04-04,Flu ED visits pct,quantile,0.025,0.2729087690318873
austin,2026-03-14,3,2026-04-04,Flu ED visits pct,quantile,0.025,0.35205010028816386
baltimore,2026-03-14,3,2026-04-04,Flu ED visits pct,quantile,0.025,0.20501935547526617
bangor,2026-03-14,3,2026-04-04,Flu ED visits pct,quantile,0.025,0.1292703670108041
beaumont,2026-03-14,3,2026-04-04,Flu ED visits pct,quantile,0.025,0.1667326820541042
boston,2026-03-14,3,2026-04-04,Flu ED visits pct,quantile,0.025,0.24915924500888303
boulder,2026-03-14,3,2026-04-04,Flu ED visits pct,quantile,0.025,0.49768602762214353
charleston,2026-03-14,3,2026-04-04,Flu ED visits pct,quantile,0.025,0.32632012055517307
cherokee,2026-03-14,3,2026-04-04,Flu ED visits pct,quantile,0.025,0.17499622454782807
clt-area,2026-03-14,3,2026-04-04,Flu ED visits pct,quantile,0.025,0.7739731440643572
colorado,2026-03-14,3,2026-04-04,Flu ED visits pct,quantile,0.025,0.5928231634101435
colorado-springs,2026-03-14,3,2026-04-04,Flu ED visits pct,quantile,0.025,0.3651594282035901
columbia,2026-03-14,3,2026-04-04,Flu ED visits pct,quantile,0.025,0.26760760276205714
columbus,2026-03-14,3,2026-04-04,Flu ED visits pct,quantile,0.025,0.23298114624624114
dallas,2026-03-14,3,2026-04-04,Flu ED visits pct,quantile,0.025,0.358550171815966
denver,2026-03-14,3,2026-04-04,Flu ED visits pct,quantile,0.025,0.6684476091965896
deschutes,2026-03-14,3,2026-04-04,Flu ED visits pct,quantile,0.025,0.18620805845027627
duluth,2026-03-14,3,2026-04-04,Flu ED visits pct,quantile,0.025,0.3839819038664188
el-paso,2026-03-14,3,2026-04-04,Flu ED visits pct,quantile,0.025,0.48182500633035347
eugene,2026-03-14,3,2026-04-04,Flu ED visits pct,quantile,0.025,0.08658047269070725
fay-area,2026-03-14,3,2026-04-04,Flu ED visits pct,quantile,0.025,1.0636822680248736
florence,2026-03-14,3,2026-04-04,Flu ED visits pct,quantile,0.025,0.08490127009673053
floyd,2026-03-14,3,2026-04-04,Flu ED visits pct,quantile,0.025,0.17182833848711235
frederick,2026-03-14,3,2026-04-04,Flu ED visits pct,quantile,0.025,0.016978893641608775
georgia,2026-03-14,3,2026-04-04,Flu ED visits pct,quantile,0.025,0.3061230083737182
greenville,2026-03-14,3,2026-04-04,Flu ED visits pct,quantile,0.025,0.5188942822776583
hall,2026-03-14,3,2026-04-04,Flu ED visits pct,quantile,0.025,0.2892186605549155
harford,2026-03-14,3,2026-04-04,Flu ED visits pct,quantile,0.025,0.16098877224498706
henry,2026-03-14,3,2026-04-04,Flu ED visits pct,quantile,0.025,0.14835183913500768
horry,2026-03-14,3,2026-04-04,Flu ED visits pct,quantile,0.025,0.1529428169612648
houston,2026-03-14,3,2026-04-04,Flu ED visits pct,quantile,0.025,0.299541184885042
indiana,2026-03-14,3,2026-04-04,Flu ED visits pct,quantile,0.025,0.7743933746300121
indianapolis,2026-03-14,3,2026-04-04,Flu ED visits pct,quantile,0.025,0.8674074538374327
la-grange,2026-03-14,3,2026-04-04,Flu ED visits pct,quantile,0.025,0.10249041542407672
larimer,2026-03-14,3,2026-04-04,Flu ED visits pct,quantile,0.025,0.13031690275642596
lynn,2026-03-14,3,2026-04-04,Flu ED visits pct,quantile,0.025,0.15096297463024416
macon,2026-03-14,3,2026-04-04,Flu ED visits pct,quantile,0.025,0.17214857864362249
maine,2026-03-14,3,2026-04-04,Flu ED visits pct,quantile,0.025,0.18112516261304384
marietta,2026-03-14,3,2026-04-04,Flu ED visits pct,quantile,0.025,0.13774034628760376
maryland,2026-03-14,3,2026-04-04,Flu ED visits pct,quantile,0.025,0.3074567393676381
massachusetts,2026-03-14,3,2026-04-04,Flu ED visits pct,quantile,0.025,0.2371914169022118
medford,2026-03-14,3,2026-04-04,Flu ED visits pct,quantile,0.025,0.04286123036616629
mesa,2026-03-14,3,2026-04-04,Flu ED visits pct,quantile,0.025,0.11527063809453826
minneapolis,2026-03-14,3,2026-04-04,Flu ED visits pct,quantile,0.025,0.6783916769864518
minnesota,2026-03-14,3,2026-04-04,Flu ED visits pct,quantile,0.025,0.6590213664833301
montgomery,2026-03-14,3,2026-04-04,Flu ED visits pct,quantile,0.025,0.2838404712538071
nenc,2026-03-14,3,2026-04-04,Flu ED visits pct,quantile,0.025,0.5966888865002583
new-bedford,2026-03-14,3,2026-04-04,Flu ED visits pct,quantile,0.025,0.12468766859487083
north-carolina,2026-03-14,3,2026-04-04,Flu ED visits pct,quantile,0.025,0.7259461657084583
nyc,2026-03-14,3,2026-04-04,ILI ED visits pct,quantile,0.025,1.3025225203538788
ogden,2026-03-14,3,2026-04-04,Flu ED visits pct,quantile,0.025,0.2161499208679135
oregon,2026-03-14,3,2026-04-04,Flu ED visits pct,quantile,0.025,0.4247447450045036
pittsfield,2026-03-14,3,2026-04-04,Flu ED visits pct,quantile,0.025,0.011352983678015178
portland,2026-03-14,3,2026-04-04,Flu ED visits pct,quantile,0.025,0.1327258308761731
portland-or,2026-03-14,3,2026-04-04,Flu ED visits pct,quantile,0.025,0.5375754322760623
provo,2026-03-14,3,2026-04-04,Flu ED visits pct,quantile,0.025,0.10009139510812154
roanoke,2026-03-14,3,2026-04-04,Flu ED visits pct,quantile,0.025,0.589791682886372
rochester,2026-03-14,3,2026-04-04,Flu ED visits pct,quantile,0.025,0.459339963647493
rock-hill,2026-03-14,3,2026-04-04,Flu ED visits pct,quantile,0.025,0.08020340591549607
rtp-area,2026-03-14,3,2026-04-04,Flu ED visits pct,quantile,0.025,0.44767919167442183
salem,2026-03-14,3,2026-04-04,Flu ED visits pct,quantile,0.025,0.3242160641439381
salt-lake-city,2026-03-14,3,2026-04-04,Flu ED visits pct,quantile,0.025,0.24075262595056424
san-antonio,2026-03-14,3,2026-04-04,Flu ED visits pct,quantile,0.025,0.49321998076414386
savannah,2026-03-14,3,2026-04-04,Flu ED visits pct,quantile,0.025,0.055757177151833294
senc,2026-03-14,3,2026-04-04,Flu ED visits pct,quantile,0.025,0.33731099245003987
south-augusta,2026-03-14,3,2026-04-04,Flu ED visits pct,quantile,0.025,0.16716157055048236
south-carolina,2026-03-14,3,2026-04-04,Flu ED visits pct,quantile,0.025,0.3458220098753144
springfield,2026-03-14,3,2026-04-04,Flu ED visits pct,quantile,0.025,0.1332994360768238
st-cloud,2026-03-14,3,2026-04-04,Flu ED visits pct,quantile,0.025,0.17929523122199764
st-paul,2026-03-14,3,2026-04-04,Flu ED visits pct,quantile,0.025,0.6739817778342286
texas,2026-03-14,3,2026-04-04,Flu ED visits pct,quantile,0.025,0.5073321423158458
triad-area,2026-03-14,3,2026-04-04,Flu ED visits pct,quantile,0.025,0.44277872734355367
utah,2026-03-14,3,2026-04-04,Flu ED visits pct,quantile,0.025,0.2549823855378727
virginia,2026-03-14,3,2026-04-04,Flu ED visits pct,quantile,0.025,0.6847681481258326
weld,2026-03-14,3,2026-04-04,Flu ED visits pct,quantile,0.025,0.659999594141107
wnc,2026-03-14,3,2026-04-04,Flu ED visits pct,quantile,0.025,0.4703112083275783
worcester,2026-03-14,3,2026-04-04,Flu ED visits pct,quantile,0.025,0.15019381023438413
athens,2026-03-14,0,2026-03-14,Flu ED visits pct,quantile,0.05,1.0790085078335176
austin,2026-03-14,0,2026-03-14,Flu ED visits pct,quantile,0.05,1.0947685211145968
baltimore,2026-03-14,0,2026-03-14,Flu ED visits pct,quantile,0.05,0.5285103251454817
bangor,2026-03-14,0,2026-03-14,Flu ED visits pct,quantile,0.05,0.629346389402755
beaumont,2026-03-14,0,2026-03-14,Flu ED visits pct,quantile,0.05,0.6865793956189188
boston,2026-03-14,0,2026-03-14,Flu ED visits pct,quantile,0.05,0.6555276924093552
boulder,2026-03-14,0,2026-03-14,Flu ED visits pct,quantile,0.05,1.793896397435458
charleston,2026-03-14,0,2026-03-14,Flu ED visits pct,quantile,0.05,1.1357806533374817
cherokee,2026-03-14,0,2026-03-14,Flu ED visits pct,quantile,0.05,0.7770487328867121
clt-area,2026-03-14,0,2026-03-14,Flu ED visits pct,quantile,0.05,2.3761467757567565
colorado,2026-03-14,0,2026-03-14,Flu ED visits pct,quantile,0.05,1.5420821954076949
colorado-springs,2026-03-14,0,2026-03-14,Flu ED visits pct,quantile,0.05,1.0718506729493635
columbia,2026-03-14,0,2026-03-14,Flu ED visits pct,quantile,0.05,1.0537562604167907
columbus,2026-03-14,0,2026-03-14,Flu ED visits pct,quantile,0.05,1.007541131050211
dallas,2026-03-14,0,2026-03-14,Flu ED visits pct,quantile,0.05,1.1670110726678722
denver,2026-03-14,0,2026-03-14,Flu ED visits pct,quantile,0.05,1.654426635739679
deschutes,2026-03-14,0,2026-03-14,Flu ED visits pct,quantile,0.05,0.7679343680010637
duluth,2026-03-14,0,2026-03-14,Flu ED visits pct,quantile,0.05,1.2873557067689252
el-paso,2026-03-14,0,2026-03-14,Flu ED visits pct,quantile,0.05,1.1368833837371366
eugene,2026-03-14,0,2026-03-14,Flu ED visits pct,quantile,0.05,0.508461576031566
fay-area,2026-03-14,0,2026-03-14,Flu ED visits pct,quantile,0.05,2.9629429365403577
florence,2026-03-14,0,2026-03-14,Flu ED visits pct,quantile,0.05,0.5478528256464397
floyd,2026-03-14,0,2026-03-14,Flu ED visits pct,quantile,0.05,0.7963525039275152
frederick,2026-03-14,0,2026-03-14,Flu ED visits pct,quantile,0.05,0.13963634364342423
georgia,2026-03-14,0,2026-03-14,Flu ED visits pct,quantile,0.05,0.9470182283672133
greenville,2026-03-14,0,2026-03-14,Flu ED visits pct,quantile,0.05,1.6642757808233997
hall,2026-03-14,0,2026-03-14,Flu ED visits pct,quantile,0.05,0.9855929848754831
harford,2026-03-14,0,2026-03-14,Flu ED visits pct,quantile,0.05,0.5388732310895065
henry,2026-03-14,0,2026-03-14,Flu ED visits pct,quantile,0.05,0.5601740958420699
horry,2026-03-14,0,2026-03-14,Flu ED visits pct,quantile,0.05,0.6821823777805117
houston,2026-03-14,0,2026-03-14,Flu ED visits pct,quantile,0.05,0.6604995373136284
indiana,2026-03-14,0,2026-03-14,Flu ED visits pct,quantile,0.05,2.1974013626263096
indianapolis,2026-03-14,0,2026-03-14,Flu ED visits pct,quantile,0.05,2.7636749422832247
la-grange,2026-03-14,0,2026-03-14,Flu ED visits pct,quantile,0.05,0.5571679525362808
larimer,2026-03-14,0,2026-03-14,Flu ED visits pct,quantile,0.05,0.6183516302554881
lynn,2026-03-14,0,2026-03-14,Flu ED visits pct,quantile,0.05,0.4307760783805236
macon,2026-03-14,0,2026-03-14,Flu ED visits pct,quantile,0.05,0.6177619335152634
maine,2026-03-14,0,2026-03-14,Flu ED visits pct,quantile,0.05,0.6169043364553687
marietta,2026-03-14,0,2026-03-14,Flu ED visits pct,quantile,0.05,0.5858611528654977
maryland,2026-03-14,0,2026-03-14,Flu ED visits pct,quantile,0.05,0.6816482184502124
massachusetts,2026-03-14,0,2026-03-14,Flu ED visits pct,quantile,0.05,0.6341600795777812
medford,2026-03-14,0,2026-03-14,Flu ED visits pct,quantile,0.05,0.3540731853266392
mesa,2026-03-14,0,2026-03-14,Flu ED visits pct,quantile,0.05,0.5267303094763641
minneapolis,2026-03-14,0,2026-03-14,Flu ED visits pct,quantile,0.05,1.806110301536069
minnesota,2026-03-14,0,2026-03-14,Flu ED visits pct,quantile,0.05,1.7529416118342038
montgomery,2026-03-14,0,2026-03-14,Flu ED visits pct,quantile,0.05,0.7177691287185497
nenc,2026-03-14,0,2026-03-14,Flu ED visits pct,quantile,0.05,1.654967726001314
new-bedford,2026-03-14,0,2026-03-14,Flu ED visits pct,quantile,0.05,0.44466374538597625
north-carolina,2026-03-14,0,2026-03-14,Flu ED visits pct,quantile,0.05,1.9306942762941548
nyc,2026-03-14,0,2026-03-14,ILI ED visits pct,quantile,0.05,2.1136351941705884
ogden,2026-03-14,0,2026-03-14,Flu ED visits pct,quantile,0.05,0.8049630970976765
oregon,2026-03-14,0,2026-03-14,Flu ED visits pct,quantile,0.05,1.3485728644991697
pittsfield,2026-03-14,0,2026-03-14,Flu ED visits pct,quantile,0.05,0.1758858881189264
portland,2026-03-14,0,2026-03-14,Flu ED visits pct,quantile,0.05,0.5082640926505668
portland-or,2026-03-14,0,2026-03-14,Flu ED visits pct,quantile,0.05,1.6737186623780125
provo,2026-03-14,0,2026-03-14,Flu ED visits pct,quantile,0.05,0.3579792598940395
roanoke,2026-03-14,0,2026-03-14,Flu ED visits pct,quantile,0.05,1.880342711954
rochester,2026-03-14,0,2026-03-14,Flu ED visits pct,quantile,0.05,1.7017890811673055
rock-hill,2026-03-14,0,2026-03-14,Flu ED visits pct,quantile,0.05,0.3760629277283926
rtp-area,2026-03-14,0,2026-03-14,Flu ED visits pct,quantile,0.05,1.3087536100497201
salem,2026-03-14,0,2026-03-14,Flu ED visits pct,quantile,0.05,1.3386178490874665
salt-lake-city,2026-03-14,0,2026-03-14,Flu ED visits pct,quantile,0.05,0.7383532678956373
san-antonio,2026-03-14,0,2026-03-14,Flu ED visits pct,quantile,0.05,1.6036684619955206
savannah,2026-03-14,0,2026-03-14,Flu ED visits pct,quantile,0.05,0.3179251750354341
senc,2026-03-14,0,2026-03-14,Flu ED visits pct,quantile,0.05,1.1029751554970841
south-augusta,2026-03-14,0,2026-03-14,Flu ED visits pct,quantile,0.05,0.6827721788025294
south-carolina,2026-03-14,0,2026-03-14,Flu ED visits pct,quantile,0.05,1.2446641063238855
springfield,2026-03-14,0,2026-03-14,Flu ED visits pct,quantile,0.05,0.46826024173840863
st-cloud,2026-03-14,0,2026-03-14,Flu ED visits pct,quantile,0.05,0.8787569006346768
st-paul,2026-03-14,0,2026-03-14,Flu ED visits pct,quantile,0.05,1.5758000283951474
texas,2026-03-14,0,2026-03-14,Flu ED visits pct,quantile,0.05,1.2966065868871997
triad-area,2026-03-14,0,2026-03-14,Flu ED visits pct,quantile,0.05,1.188486388497542
utah,2026-03-14,0,2026-03-14,Flu ED visits pct,quantile,0.05,0.8094504695397071
virginia,2026-03-14,0,2026-03-14,Flu ED visits pct,quantile,0.05,1.6540335628674285
weld,2026-03-14,0,2026-03-14,Flu ED visits pct,quantile,0.05,1.831266719688413
wnc,2026-03-14,0,2026-03-14,Flu ED visits pct,quantile,0.05,1.3775190776821487
worcester,2026-03-14,0,2026-03-14,Flu ED visits pct,quantile,0.05,0.49794200523358845
athens,2026-03-14,1,2026-03-21,Flu ED visits pct,quantile,0.05,0.73113130504022
austin,2026-03-14,1,2026-03-21,Flu ED visits pct,quantile,0.05,0.7952304308669298
baltimore,2026-03-14,1,2026-03-21,Flu ED visits pct,quantile,0.05,0.43411646734869785
bangor,2026-03-14,1,2026-03-21,Flu ED visits pct,quantile,0.05,0.4261015156532808
beaumont,2026-03-14,1,2026-03-21,Flu ED visits pct,quantile,0.05,0.4631717539027611
boston,2026-03-14,1,2026-03-21,Flu ED visits pct,quantile,0.05,0.48719813399424733
boulder,2026-03-14,1,2026-03-21,Flu ED visits pct,quantile,0.05,1.1840057794280832
charleston,2026-03-14,1,2026-03-21,Flu ED visits pct,quantile,0.05,0.7529814819977199
cherokee,2026-03-14,1,2026-03-21,Flu ED visits pct,quantile,0.05,0.5157801494117746
clt-area,2026-03-14,1,2026-03-21,Flu ED visits pct,quantile,0.05,1.6570420069664282
colorado,2026-03-14,1,2026-03-21,Flu ED visits pct,quantile,0.05,1.1825260895856753
colorado-springs,2026-03-14,1,2026-03-21,Flu ED visits pct,quantile,0.05,0.7777272299811819
columbia,2026-03-14,1,2026-03-21,Flu ED visits pct,quantile,0.05,0.7230962465847525
columbus,2026-03-14,1,2026-03-21,Flu ED visits pct,quantile,0.05,0.6547832029516826
dallas,2026-03-14,1,2026-03-21,Flu ED visits pct,quantile,0.05,0.8689701021909705
denver,2026-03-14,1,2026-03-21,Flu ED visits pct,quantile,0.05,1.3169877159983847
deschutes,2026-03-14,1,2026-03-21,Flu ED visits pct,quantile,0.05,0.5279249767117077
duluth,2026-03-14,1,2026-03-21,Flu ED visits pct,quantile,0.05,0.920623102932465
el-paso,2026-03-14,1,2026-03-21,Flu ED visits pct,quantile,0.05,0.9782634390574086
eugene,2026-03-14,1,2026-03-21,Flu ED visits pct,quantile,0.05,0.3006813384413964
fay-area,2026-03-14,1,2026-03-21,Flu ED visits pct,quantile,0.05,2.104400445803408
florence,2026-03-14,1,2026-03-21,Flu ED visits pct,quantile,0.05,0.350534546138643
floyd,2026-03-14,1,2026-03-21,Flu ED visits pct,quantile,0.05,0.5502824244160265
frederick,2026-03-14,1,2026-03-21,Flu ED visits pct,quantile,0.05,0.08749903175395411
georgia,2026-03-14,1,2026-03-21,Flu ED visits pct,quantile,0.05,0.7036621050670357
greenville,2026-03-14,1,2026-03-21,Flu ED visits pct,quantile,0.05,1.1944169441749333
hall,2026-03-14,1,2026-03-21,Flu ED visits pct,quantile,0.05,0.7066656424322549
harford,2026-03-14,1,2026-03-21,Flu ED visits pct,quantile,0.05,0.41511146862924087
henry,2026-03-14,1,2026-03-21,Flu ED visits pct,quantile,0.05,0.38786573271079317
horry,2026-03-14,1,2026-03-21,Flu ED visits pct,quantile,0.05,0.47010420550194115
houston,2026-03-14,1,2026-03-21,Flu ED visits pct,quantile,0.05,0.5372172027607715
indiana,2026-03-14,1,2026-03-21,Flu ED visits pct,quantile,0.05,1.5206768258980223
indianapolis,2026-03-14,1,2026-03-21,Flu ED visits pct,quantile,0.05,1.9431544730193873
la-grange,2026-03-14,1,2026-03-21,Flu ED visits pct,quantile,0.05,0.36540012058595644
larimer,2026-03-14,1,2026-03-21,Flu ED visits pct,quantile,0.05,0.3707530019105923
lynn,2026-03-14,1,2026-03-21,Flu ED visits pct,quantile,0.05,0.3008725338889392
macon,2026-03-14,1,2026-03-21,Flu ED visits pct,quantile,0.05,0.4442630288984634
maine,2026-03-14,1,2026-03-21,Flu ED visits pct,quantile,0.05,0.39563140897413857
marietta,2026-03-14,1,2026-03-21,Flu ED visits pct,quantile,0.05,0.38577230023671616
maryland,2026-03-14,1,2026-03-21,Flu ED visits pct,quantile,0.05,0.5394032884766429
massachusetts,2026-03-14,1,2026-03-21,Flu ED visits pct,quantile,0.05,0.4700764279967253
medford,2026-03-14,1,2026-03-21,Flu ED visits pct,quantile,0.05,0.19211130279364158
mesa,2026-03-14,1,2026-03-21,Flu ED visits pct,quantile,0.05,0.3579377884577388
minneapolis,2026-03-14,1,2026-03-21,Flu ED visits pct,quantile,0.05,1.4126745465993766
minnesota,2026-03-14,1,2026-03-21,Flu ED visits pct,quantile,0.05,1.35309783878947
montgomery,2026-03-14,1,2026-03-21,Flu ED visits pct,quantile,0.05,0.5794913735074446
nenc,2026-03-14,1,2026-03-21,Flu ED visits pct,quantile,0.05,1.1538768166700148
new-bedford,2026-03-14,1,2026-03-21,Flu ED visits pct,quantile,0.05,0.2988680025272393
north-carolina,2026-03-14,1,2026-03-21,Flu ED visits pct,quantile,0.05,1.3628738239150895
nyc,2026-03-14,1,2026-03-21,ILI ED visits pct,quantile,0.05,1.9178976315726597
ogden,2026-03-14,1,2026-03-21,Flu ED visits pct,quantile,0.05,0.5794082483671982
oregon,2026-03-14,1,2026-03-21,Flu ED visits pct,quantile,0.05,0.9262648357252264
pittsfield,2026-03-14,1,2026-03-21,Flu ED visits pct,quantile,0.05,0.10159141063062528
portland,2026-03-14,1,2026-03-21,Flu ED visits pct,quantile,0.05,0.35497733209398064
portland-or,2026-03-14,1,2026-03-21,Flu ED visits pct,quantile,0.05,1.184798881118774
provo,2026-03-14,1,2026-03-21,Flu ED visits pct,quantile,0.05,0.24462750471637607
roanoke,2026-03-14,1,2026-03-21,Flu ED visits pct,quantile,0.05,1.3339918592124813
rochester,2026-03-14,1,2026-03-21,Flu ED visits pct,quantile,0.05,1.1557720379347773
rock-hill,2026-03-14,1,2026-03-21,Flu ED visits pct,quantile,0.05,0.24959428654407645
rtp-area,2026-03-14,1,2026-03-21,Flu ED visits pct,quantile,0.05,0.9117802742546101
salem,2026-03-14,1,2026-03-21,Flu ED visits pct,quantile,0.05,0.8674813665877157
salt-lake-city,2026-03-14,1,2026-03-21,Flu ED visits pct,quantile,0.05,0.5362455471112505
san-antonio,2026-03-14,1,2026-03-21,Flu ED visits pct,quantile,0.05,1.0821876350319235
savannah,2026-03-14,1,2026-03-21,Flu ED visits pct,quantile,0.05,0.19971406408160405
senc,2026-03-14,1,2026-03-21,Flu ED visits pct,quantile,0.05,0.744457855740519
south-augusta,2026-03-14,1,2026-03-21,Flu ED visits pct,quantile,0.05,0.4425594273610551
south-carolina,2026-03-14,1,2026-03-21,Flu ED visits pct,quantile,0.05,0.8726224544767688
springfield,2026-03-14,1,2026-03-21,Flu ED visits pct,quantile,0.05,0.3196272025655941
st-cloud,2026-03-14,1,2026-03-21,Flu ED visits pct,quantile,0.05,0.569310004670993
st-paul,2026-03-14,1,2026-03-21,Flu ED visits pct,quantile,0.05,1.305430460297703
texas,2026-03-14,1,2026-03-21,Flu ED visits pct,quantile,0.05,1.003964768343133
triad-area,2026-03-14,1,2026-03-21,Flu ED visits pct,quantile,0.05,0.899590911238119
utah,2026-03-14,1,2026-03-21,Flu ED visits pct,quantile,0.05,0.5798746548360838
virginia,2026-03-14,1,2026-03-21,Flu ED visits pct,quantile,0.05,1.3268504475507774
weld,2026-03-14,1,2026-03-21,Flu ED visits pct,quantile,0.05,1.4249001851384644
wnc,2026-03-14,1,2026-03-21,Flu ED visits pct,quantile,0.05,0.9597068188355131
worcester,2026-03-14,1,2026-03-21,Flu ED visits pct,quantile,0.05,0.31147880137354267
athens,2026-03-14,2,2026-03-28,Flu ED visits pct,quantile,0.05,0.47497962005965616
austin,2026-03-14,2,2026-03-28,Flu ED visits pct,quantile,0.05,0.5761051223317093
baltimore,2026-03-14,2,2026-03-28,Flu ED visits pct,quantile,0.05,0.3763601549617039
bangor,2026-03-14,2,2026-03-28,Flu ED visits pct,quantile,0.05,0.2622459214776945
beaumont,2026-03-14,2,2026-03-28,Flu ED visits pct,quantile,0.05,0.31061325191716677
boston,2026-03-14,2,2026-03-28,Flu ED visits pct,quantile,0.05,0.41104119998041977
boulder,2026-03-14,2,2026-03-28,Flu ED visits pct,quantile,0.05,0.7724591696577392
charleston,2026-03-14,2,2026-03-28,Flu ED visits pct,quantile,0.05,0.5043893717640794
cherokee,2026-03-14,2,2026-03-28,Flu ED visits pct,quantile,0.05,0.33628385500971897
clt-area,2026-03-14,2,2026-03-28,Flu ED visits pct,quantile,0.05,1.1277200059153234
colorado,2026-03-14,2,2026-03-28,Flu ED visits pct,quantile,0.05,0.9056170929314539
colorado-springs,2026-03-14,2,2026-03-28,Flu ED visits pct,quantile,0.05,0.5643484490352003
columbia,2026-03-14,2,2026-03-28,Flu ED visits pct,quantile,0.05,0.47122922664344574
columbus,2026-03-14,2,2026-03-28,Flu ED visits pct,quantile,0.05,0.40153474634121217
dallas,2026-03-14,2,2026-03-28,Flu ED visits pct,quantile,0.05,0.6443175769739358
denver,2026-03-14,2,2026-03-28,Flu ED visits pct,quantile,0.05,1.0852798159399204
deschutes,2026-03-14,2,2026-03-28,Flu ED visits pct,quantile,0.05,0.33021918818687485
duluth,2026-03-14,2,2026-03-28,Flu ED visits pct,quantile,0.05,0.6249504625572879
el-paso,2026-03-14,2,2026-03-28,Flu ED visits pct,quantile,0.05,0.8485346913683508
eugene,2026-03-14,2,2026-03-28,Flu ED visits pct,quantile,0.05,0.17362430298533282
fay-area,2026-03-14,2,2026-03-28,Flu ED visits pct,quantile,0.05,1.5402313328751496
florence,2026-03-14,2,2026-03-28,Flu ED visits pct,quantile,0.05,0.19306255836198932
floyd,2026-03-14,2,2026-03-28,Flu ED visits pct,quantile,0.05,0.33743668602234955
frederick,2026-03-14,2,2026-03-28,Flu ED visits pct,quantile,0.05,0.06243161377627688
georgia,2026-03-14,2,2026-03-28,Flu ED visits pct,quantile,0.05,0.5060974910656223
greenville,2026-03-14,2,2026-03-28,Flu ED visits pct,quantile,0.05,0.875700049003145
hall,2026-03-14,2,2026-03-28,Flu ED visits pct,quantile,0.05,0.5052481056188008
harford,2026-03-14,2,2026-03-28,Flu ED visits pct,quantile,0.05,0.3343927905311919
henry,2026-03-14,2,2026-03-28,Flu ED visits pct,quantile,0.05,0.2788466351756895
horry,2026-03-14,2,2026-03-28,Flu ED visits pct,quantile,0.05,0.3021420750546264
houston,2026-03-14,2,2026-03-28,Flu ED visits pct,quantile,0.05,0.47151912567115556
indiana,2026-03-14,2,2026-03-28,Flu ED visits pct,quantile,0.05,1.0494160801404009
indianapolis,2026-03-14,2,2026-03-28,Flu ED visits pct,quantile,0.05,1.4051111726505712
la-grange,2026-03-14,2,2026-03-28,Flu ED visits pct,quantile,0.05,0.2257209817721329
larimer,2026-03-14,2,2026-03-28,Flu ED visits pct,quantile,0.05,0.23854875587880645
lynn,2026-03-14,2,2026-03-28,Flu ED visits pct,quantile,0.05,0.24085241839028576
macon,2026-03-14,2,2026-03-28,Flu ED visits pct,quantile,0.05,0.28927471946301225
maine,2026-03-14,2,2026-03-28,Flu ED visits pct,quantile,0.05,0.27457084721885405
marietta,2026-03-14,2,2026-03-28,Flu ED visits pct,quantile,0.05,0.25410171997252967
maryland,2026-03-14,2,2026-03-28,Flu ED visits pct,quantile,0.05,0.46293585938757514
massachusetts,2026-03-14,2,2026-03-28,Flu ED visits pct,quantile,0.05,0.39810097574031783
medford,2026-03-14,2,2026-03-28,Flu ED visits pct,quantile,0.05,0.0940998579641552
mesa,2026-03-14,2,2026-03-28,Flu ED visits pct,quantile,0.05,0.22574848200312642
minneapolis,2026-03-14,2,2026-03-28,Flu ED visits pct,quantile,0.05,1.1879474797061624
minnesota,2026-03-14,2,2026-03-28,Flu ED visits pct,quantile,0.05,1.1262100320374127
montgomery,2026-03-14,2,2026-03-28,Flu ED visits pct,quantile,0.05,0.510055460473876
nenc,2026-03-14,2,2026-03-28,Flu ED visits pct,quantile,0.05,0.8353724114930868
new-bedford,2026-03-14,2,2026-03-28,Flu ED visits pct,quantile,0.05,0.22731143458788353
north-carolina,2026-03-14,2,2026-03-28,Flu ED visits pct,quantile,0.05,1.007813591261168
nyc,2026-03-14,2,2026-03-28,ILI ED visits pct,quantile,0.05,1.7686371627368196
ogden,2026-03-14,2,2026-03-28,Flu ED visits pct,quantile,0.05,0.38308993626929344
oregon,2026-03-14,2,2026-03-28,Flu ED visits pct,quantile,0.05,0.661255315699481
pittsfield,2026-03-14,2,2026-03-28,Flu ED visits pct,quantile,0.05,0.07507743150272056
portland,2026-03-14,2,2026-03-28,Flu ED visits pct,quantile,0.05,0.23801783068614968
portland-or,2026-03-14,2,2026-03-28,Flu ED visits pct,quantile,0.05,0.8326564503167365
provo,2026-03-14,2,2026-03-28,Flu ED visits pct,quantile,0.05,0.1717851899321291
roanoke,2026-03-14,2,2026-03-28,Flu ED visits pct,quantile,0.05,0.9257495272559403
rochester,2026-03-14,2,2026-03-28,Flu ED visits pct,quantile,0.05,0.7175312688576315
rock-hill,2026-03-14,2,2026-03-28,Flu ED visits pct,quantile,0.05,0.1947578772876267
rtp-area,2026-03-14,2,2026-03-28,Flu ED visits pct,quantile,0.05,0.6425866790305027
salem,2026-03-14,2,2026-03-28,Flu ED visits pct,quantile,0.05,0.5264472461937644
salt-lake-city,2026-03-14,2,2026-03-28,Flu ED visits pct,quantile,0.05,0.3927509870740457
san-antonio,2026-03-14,2,2026-03-28,Flu ED visits pct,quantile,0.05,0.7662149812829258
savannah,2026-03-14,2,2026-03-28,Flu ED visits pct,quantile,0.05,0.11458467375833324
senc,2026-03-14,2,2026-03-28,Flu ED visits pct,quantile,0.05,0.4986625665768799
south-augusta,2026-03-14,2,2026-03-28,Flu ED visits pct,quantile,0.05,0.275863520584635
south-carolina,2026-03-14,2,2026-03-28,Flu ED visits pct,quantile,0.05,0.6408164009888652
springfield,2026-03-14,2,2026-03-28,Flu ED visits pct,quantile,0.05,0.24527989213139206
st-cloud,2026-03-14,2,2026-03-28,Flu ED visits pct,quantile,0.05,0.33993182120353443
st-paul,2026-03-14,2,2026-03-28,Flu ED visits pct,quantile,0.05,1.1316563076958577
texas,2026-03-14,2,2026-03-28,Flu ED visits pct,quantile,0.05,0.7983791278066746
triad-area,2026-03-14,2,2026-03-28,Flu ED visits pct,quantile,0.05,0.6815518332643011
utah,2026-03-14,2,2026-03-28,Flu ED visits pct,quantile,0.05,0.426349287755585
virginia,2026-03-14,2,2026-03-28,Flu ED visits pct,quantile,0.05,1.1170750765933781
weld,2026-03-14,2,2026-03-28,Flu ED visits pct,quantile,0.05,1.1218968155444382
wnc,2026-03-14,2,2026-03-28,Flu ED visits pct,quantile,0.05,0.6713508635731404
worcester,2026-03-14,2,2026-03-28,Flu ED visits pct,quantile,0.05,0.23409162691585142
athens,2026-03-14,3,2026-04-04,Flu ED visits pct,quantile,0.05,0.32016447964191547
austin,2026-03-14,3,2026-04-04,Flu ED visits pct,quantile,0.05,0.46084289172662585
baltimore,2026-03-14,3,2026-04-04,Flu ED visits pct,quantile,0.05,0.3192167319559907
bangor,2026-03-14,3,2026-04-04,Flu ED visits pct,quantile,0.05,0.19428018328703656
beaumont,2026-03-14,3,2026-04-04,Flu ED visits pct,quantile,0.05,0.23022147664692882
boston,2026-03-14,3,2026-04-04,Flu ED visits pct,quantile,0.05,0.3662173199063361
boulder,2026-03-14,3,2026-04-04,Flu ED visits pct,quantile,0.05,0.5307455951137053
charleston,2026-03-14,3,2026-04-04,Flu ED visits pct,quantile,0.05,0.3546958176114356
cherokee,2026-03-14,3,2026-04-04,Flu ED visits pct,quantile,0.05,0.23741351036038277
clt-area,2026-03-14,3,2026-04-04,Flu ED visits pct,quantile,0.05,0.7974510854110223
colorado,2026-03-14,3,2026-04-04,Flu ED visits pct,quantile,0.05,0.7443991436136929
colorado-springs,2026-03-14,3,2026-04-04,Flu ED visits pct,quantile,0.05,0.42108325198493957
columbia,2026-03-14,3,2026-04-04,Flu ED visits pct,quantile,0.05,0.34576856581679183
columbus,2026-03-14,3,2026-04-04,Flu ED visits pct,quantile,0.05,0.24878449821883236
dallas,2026-03-14,3,2026-04-04,Flu ED visits pct,quantile,0.05,0.5273173439780476
denver,2026-03-14,3,2026-04-04,Flu ED visits pct,quantile,0.05,0.8926424948591842
deschutes,2026-03-14,3,2026-04-04,Flu ED visits pct,quantile,0.05,0.2359104197263263
duluth,2026-03-14,3,2026-04-04,Flu ED visits pct,quantile,0.05,0.47084626425716536
el-paso,2026-03-14,3,2026-04-04,Flu ED visits pct,quantile,0.05,0.7165494630403794
eugene,2026-03-14,3,2026-04-04,Flu ED visits pct,quantile,0.05,0.0959555988300323
fay-area,2026-03-14,3,2026-04-04,Flu ED visits pct,quantile,0.05,1.14217310172995
florence,2026-03-14,3,2026-04-04,Flu ED visits pct,quantile,0.05,0.1276230341556182
floyd,2026-03-14,3,2026-04-04,Flu ED visits pct,quantile,0.05,0.2398222639376271
frederick,2026-03-14,3,2026-04-04,Flu ED visits pct,quantile,0.05,0.06665600756805658
georgia,2026-03-14,3,2026-04-04,Flu ED visits pct,quantile,0.05,0.4057837718539132
greenville,2026-03-14,3,2026-04-04,Flu ED visits pct,quantile,0.05,0.656051008163165
hall,2026-03-14,3,2026-04-04,Flu ED visits pct,quantile,0.05,0.3795349356303188
harford,2026-03-14,3,2026-04-04,Flu ED visits pct,quantile,0.05,0.2680574567060255
henry,2026-03-14,3,2026-04-04,Flu ED visits pct,quantile,0.05,0.21824162426912339
horry,2026-03-14,3,2026-04-04,Flu ED visits pct,quantile,0.05,0.21953268128029518
houston,2026-03-14,3,2026-04-04,Flu ED visits pct,quantile,0.05,0.42591876305836884
indiana,2026-03-14,3,2026-04-04,Flu ED visits pct,quantile,0.05,0.7765017796753622
indianapolis,2026-03-14,3,2026-04-04,Flu ED visits pct,quantile,0.05,0.9882608477125688
la-grange,2026-03-14,3,2026-04-04,Flu ED visits pct,quantile,0.05,0.1641082284802558
larimer,2026-03-14,3,2026-04-04,Flu ED visits pct,quantile,0.05,0.18804100957983788
lynn,2026-03-14,3,2026-04-04,Flu ED visits pct,quantile,0.05,0.20381844836948101
macon,2026-03-14,3,2026-04-04,Flu ED visits pct,quantile,0.05,0.2094757568553382
maine,2026-03-14,3,2026-04-04,Flu ED visits pct,quantile,0.05,0.23189211780808444
marietta,2026-03-14,3,2026-04-04,Flu ED visits pct,quantile,0.05,0.18826054005428697
maryland,2026-03-14,3,2026-04-04,Flu ED visits pct,quantile,0.05,0.4098166866961979
massachusetts,2026-03-14,3,2026-04-04,Flu ED visits pct,quantile,0.05,0.36312449210958503
medford,2026-03-14,3,2026-04-04,Flu ED visits pct,quantile,0.05,0.05457817952958421
mesa,2026-03-14,3,2026-04-04,Flu ED visits pct,quantile,0.05,0.16568055154754807
minneapolis,2026-03-14,3,2026-04-04,Flu ED visits pct,quantile,0.05,0.9887528555303775
minnesota,2026-03-14,3,2026-04-04,Flu ED visits pct,quantile,0.05,0.9351713761065673
montgomery,2026-03-14,3,2026-04-04,Flu ED visits pct,quantile,0.05,0.44368107377187394
nenc,2026-03-14,3,2026-04-04,Flu ED visits pct,quantile,0.05,0.6030843250101224
new-bedford,2026-03-14,3,2026-04-04,Flu ED visits pct,quantile,0.05,0.18511091908752575
north-carolina,2026-03-14,3,2026-04-04,Flu ED visits pct,quantile,0.05,0.7411792768266896
nyc,2026-03-14,3,2026-04-04,ILI ED visits pct,quantile,0.05,1.6474556222455632
ogden,2026-03-14,3,2026-04-04,Flu ED visits pct,quantile,0.05,0.27806974845699
oregon,2026-03-14,3,2026-04-04,Flu ED visits pct,quantile,0.05,0.5049751904220983
pittsfield,2026-03-14,3,2026-04-04,Flu ED visits pct,quantile,0.05,0.06019425279266393
portland,2026-03-14,3,2026-04-04,Flu ED visits pct,quantile,0.05,0.18066795557130902
portland-or,2026-03-14,3,2026-04-04,Flu ED visits pct,quantile,0.05,0.6199853745895597
provo,2026-03-14,3,2026-04-04,Flu ED visits pct,quantile,0.05,0.13931685878960862
roanoke,2026-03-14,3,2026-04-04,Flu ED visits pct,quantile,0.05,0.6913674621134629
rochester,2026-03-14,3,2026-04-04,Flu ED visits pct,quantile,0.05,0.4703512393022354
rock-hill,2026-03-14,3,2026-04-04,Flu ED visits pct,quantile,0.05,0.1551955512161332
rtp-area,2026-03-14,3,2026-04-04,Flu ED visits pct,quantile,0.05,0.4572342265962402
salem,2026-03-14,3,2026-04-04,Flu ED visits pct,quantile,0.05,0.35328489582404354
salt-lake-city,2026-03-14,3,2026-04-04,Flu ED visits pct,quantile,0.05,0.32349056404873483
san-antonio,2026-03-14,3,2026-04-04,Flu ED visits pct,quantile,0.05,0.5641619649863903
savannah,2026-03-14,3,2026-04-04,Flu ED visits pct,quantile,0.05,0.07671156026118525
senc,2026-03-14,3,2026-04-04,Flu ED visits pct,quantile,0.05,0.3538065266652292
south-augusta,2026-03-14,3,2026-04-04,Flu ED visits pct,quantile,0.05,0.1699979470887826
south-carolina,2026-03-14,3,2026-04-04,Flu ED visits pct,quantile,0.05,0.511272995905671
springfield,2026-03-14,3,2026-04-04,Flu ED visits pct,quantile,0.05,0.21341043622023817
st-cloud,2026-03-14,3,2026-04-04,Flu ED visits pct,quantile,0.05,0.22015325166804708
st-paul,2026-03-14,3,2026-04-04,Flu ED visits pct,quantile,0.05,0.979571902904868
texas,2026-03-14,3,2026-04-04,Flu ED visits pct,quantile,0.05,0.6752977906872204
triad-area,2026-03-14,3,2026-04-04,Flu ED visits pct,quantile,0.05,0.5336931627994265
utah,2026-03-14,3,2026-04-04,Flu ED visits pct,quantile,0.05,0.3612344091949213
virginia,2026-03-14,3,2026-04-04,Flu ED visits pct,quantile,0.05,0.9581596730057867
weld,2026-03-14,3,2026-04-04,Flu ED visits pct,quantile,0.05,0.9222176304838389
wnc,2026-03-14,3,2026-04-04,Flu ED visits pct,quantile,0.05,0.48616464535179843
worcester,2026-03-14,3,2026-04-04,Flu ED visits pct,quantile,0.05,0.19727431928226427
athens,2026-03-14,0,2026-03-14,Flu ED visits pct,quantile,0.1,1.2671627850117024
austin,2026-03-14,0,2026-03-14,Flu ED visits pct,quantile,0.1,1.2786368523372533
baltimore,2026-03-14,0,2026-03-14,Flu ED visits pct,quantile,0.1,0.6443255325973499
bangor,2026-03-14,0,2026-03-14,Flu ED visits pct,quantile,0.1,0.7385304531931973
beaumont,2026-03-14,0,2026-03-14,Flu ED visits pct,quantile,0.1,0.8854618845777117
boston,2026-03-14,0,2026-03-14,Flu ED visits pct,quantile,0.1,0.7135825863357185
boulder,2026-03-14,0,2026-03-14,Flu ED visits pct,quantile,0.1,2.232537380518685
charleston,2026-03-14,0,2026-03-14,Flu ED visits pct,quantile,0.1,1.3429883751403386
cherokee,2026-03-14,0,2026-03-14,Flu ED visits pct,quantile,0.1,0.9408327893420364
clt-area,2026-03-14,0,2026-03-14,Flu ED visits pct,quantile,0.1,2.626292203652372
colorado,2026-03-14,0,2026-03-14,Flu ED visits pct,quantile,0.1,1.591308871440428
colorado-springs,2026-03-14,0,2026-03-14,Flu ED visits pct,quantile,0.1,1.198244565189765
columbia,2026-03-14,0,2026-03-14,Flu ED visits pct,quantile,0.1,1.248835278265473
columbus,2026-03-14,0,2026-03-14,Flu ED visits pct,quantile,0.1,1.2717753815014528
dallas,2026-03-14,0,2026-03-14,Flu ED visits pct,quantile,0.1,1.3419011180627414
denver,2026-03-14,0,2026-03-14,Flu ED visits pct,quantile,0.1,1.762411633785264
deschutes,2026-03-14,0,2026-03-14,Flu ED visits pct,quantile,0.1,0.9701283029151408
duluth,2026-03-14,0,2026-03-14,Flu ED visits pct,quantile,0.1,1.4404208781133605
el-paso,2026-03-14,0,2026-03-14,Flu ED visits pct,quantile,0.1,1.4235553858366212
eugene,2026-03-14,0,2026-03-14,Flu ED visits pct,quantile,0.1,0.6557712826763573
fay-area,2026-03-14,0,2026-03-14,Flu ED visits pct,quantile,0.1,3.2576230365459105
florence,2026-03-14,0,2026-03-14,Flu ED visits pct,quantile,0.1,0.7145855924690943
floyd,2026-03-14,0,2026-03-14,Flu ED visits pct,quantile,0.1,0.9348607491283288
frederick,2026-03-14,0,2026-03-14,Flu ED visits pct,quantile,0.1,0.22826542105785788
georgia,2026-03-14,0,2026-03-14,Flu ED visits pct,quantile,0.1,1.0168474835287689
greenville,2026-03-14,0,2026-03-14,Flu ED visits pct,quantile,0.1,1.9002702299336924
hall,2026-03-14,0,2026-03-14,Flu ED visits pct,quantile,0.1,1.1155392470771475
harford,2026-03-14,0,2026-03-14,Flu ED visits pct,quantile,0.1,0.622509549321009
henry,2026-03-14,0,2026-03-14,Flu ED visits pct,quantile,0.1,0.6770930505478441
horry,2026-03-14,0,2026-03-14,Flu ED visits pct,quantile,0.1,0.8349290440001556
houston,2026-03-14,0,2026-03-14,Flu ED visits pct,quantile,0.1,0.7346373695900354
indiana,2026-03-14,0,2026-03-14,Flu ED visits pct,quantile,0.1,2.3481693709210893
indianapolis,2026-03-14,0,2026-03-14,Flu ED visits pct,quantile,0.1,3.0533322624352417
la-grange,2026-03-14,0,2026-03-14,Flu ED visits pct,quantile,0.1,0.6655828666759689
larimer,2026-03-14,0,2026-03-14,Flu ED visits pct,quantile,0.1,0.7855747163503941
lynn,2026-03-14,0,2026-03-14,Flu ED visits pct,quantile,0.1,0.5310887011984328
macon,2026-03-14,0,2026-03-14,Flu ED visits pct,quantile,0.1,0.7444097925968456
maine,2026-03-14,0,2026-03-14,Flu ED visits pct,quantile,0.1,0.689991804943015
marietta,2026-03-14,0,2026-03-14,Flu ED visits pct,quantile,0.1,0.6792934100147374
maryland,2026-03-14,0,2026-03-14,Flu ED visits pct,quantile,0.1,0.7962521966162239
massachusetts,2026-03-14,0,2026-03-14,Flu ED visits pct,quantile,0.1,0.721908129614913
medford,2026-03-14,0,2026-03-14,Flu ED visits pct,quantile,0.1,0.4619555031475168
mesa,2026-03-14,0,2026-03-14,Flu ED visits pct,quantile,0.1,0.6248483027553979
minneapolis,2026-03-14,0,2026-03-14,Flu ED visits pct,quantile,0.1,1.9067554507170255
minnesota,2026-03-14,0,2026-03-14,Flu ED visits pct,quantile,0.1,1.849489564662115
montgomery,2026-03-14,0,2026-03-14,Flu ED visits pct,quantile,0.1,0.8213382357540703
nenc,2026-03-14,0,2026-03-14,Flu ED visits pct,quantile,0.1,1.8376988472369444
new-bedford,2026-03-14,0,2026-03-14,Flu ED visits pct,quantile,0.1,0.5375208133308914
north-carolina,2026-03-14,0,2026-03-14,Flu ED visits pct,quantile,0.1,2.0247231239690056
nyc,2026-03-14,0,2026-03-14,ILI ED visits pct,quantile,0.1,2.2709901071534206
ogden,2026-03-14,0,2026-03-14,Flu ED visits pct,quantile,0.1,0.9554765427457329
oregon,2026-03-14,0,2026-03-14,Flu ED visits pct,quantile,0.1,1.6217181254266269
pittsfield,2026-03-14,0,2026-03-14,Flu ED visits pct,quantile,0.1,0.19386871434120614
portland,2026-03-14,0,2026-03-14,Flu ED visits pct,quantile,0.1,0.6077671382807036
portland-or,2026-03-14,0,2026-03-14,Flu ED visits pct,quantile,0.1,1.962007935752117
provo,2026-03-14,0,2026-03-14,Flu ED visits pct,quantile,0.1,0.44685187101602536
roanoke,2026-03-14,0,2026-03-14,Flu ED visits pct,quantile,0.1,2.127235492155969
rochester,2026-03-14,0,2026-03-14,Flu ED visits pct,quantile,0.1,2.116477356371019
rock-hill,2026-03-14,0,2026-03-14,Flu ED visits pct,quantile,0.1,0.4629851069648901
rtp-area,2026-03-14,0,2026-03-14,Flu ED visits pct,quantile,0.1,1.4641129619109219
salem,2026-03-14,0,2026-03-14,Flu ED visits pct,quantile,0.1,1.707482357876564
salt-lake-city,2026-03-14,0,2026-03-14,Flu ED visits pct,quantile,0.1,0.8427887334298442
san-antonio,2026-03-14,0,2026-03-14,Flu ED visits pct,quantile,0.1,1.9181031120696193
savannah,2026-03-14,0,2026-03-14,Flu ED visits pct,quantile,0.1,0.4145483865015286
senc,2026-03-14,0,2026-03-14,Flu ED visits pct,quantile,0.1,1.2143855484814046
south-augusta,2026-03-14,0,2026-03-14,Flu ED visits pct,quantile,0.1,0.8814217421942384
south-carolina,2026-03-14,0,2026-03-14,Flu ED visits pct,quantile,0.1,1.414606833821756
springfield,2026-03-14,0,2026-03-14,Flu ED visits pct,quantile,0.1,0.5627993654675792
st-cloud,2026-03-14,0,2026-03-14,Flu ED visits pct,quantile,0.1,1.0993101241913137
st-paul,2026-03-14,0,2026-03-14,Flu ED visits pct,quantile,0.1,1.794386999149391
texas,2026-03-14,0,2026-03-14,Flu ED visits pct,quantile,0.1,1.4485310310561914
triad-area,2026-03-14,0,2026-03-14,Flu ED visits pct,quantile,0.1,1.2879589610892286
utah,2026-03-14,0,2026-03-14,Flu ED visits pct,quantile,0.1,0.9365414346716862
virginia,2026-03-14,0,2026-03-14,Flu ED visits pct,quantile,0.1,1.7886614067280338
weld,2026-03-14,0,2026-03-14,Flu ED visits pct,quantile,0.1,2.0357875167174755
wnc,2026-03-14,0,2026-03-14,Flu ED visits pct,quantile,0.1,1.5172543028097347
worcester,2026-03-14,0,2026-03-14,Flu ED visits pct,quantile,0.1,0.5371310739698353
athens,2026-03-14,1,2026-03-21,Flu ED visits pct,quantile,0.1,0.8783091190010001
austin,2026-03-14,1,2026-03-21,Flu ED visits pct,quantile,0.1,0.9274378014444727
baltimore,2026-03-14,1,2026-03-21,Flu ED visits pct,quantile,0.1,0.5727099064153548
bangor,2026-03-14,1,2026-03-21,Flu ED visits pct,quantile,0.1,0.5305849687281855
beaumont,2026-03-14,1,2026-03-21,Flu ED visits pct,quantile,0.1,0.6449056582834237
boston,2026-03-14,1,2026-03-21,Flu ED visits pct,quantile,0.1,0.6143585552587238
boulder,2026-03-14,1,2026-03-21,Flu ED visits pct,quantile,0.1,1.4727684752699812
charleston,2026-03-14,1,2026-03-21,Flu ED visits pct,quantile,0.1,0.8937868051288174
cherokee,2026-03-14,1,2026-03-21,Flu ED visits pct,quantile,0.1,0.6228604716658788
clt-area,2026-03-14,1,2026-03-21,Flu ED visits pct,quantile,0.1,1.8338266429732308
colorado,2026-03-14,1,2026-03-21,Flu ED visits pct,quantile,0.1,1.1839780384429053
colorado-springs,2026-03-14,1,2026-03-21,Flu ED visits pct,quantile,0.1,0.888595774030269
columbia,2026-03-14,1,2026-03-21,Flu ED visits pct,quantile,0.1,0.8802286046611498
columbus,2026-03-14,1,2026-03-21,Flu ED visits pct,quantile,0.1,0.7952950456389764
dallas,2026-03-14,1,2026-03-21,Flu ED visits pct,quantile,0.1,1.052330696201809
denver,2026-03-14,1,2026-03-21,Flu ED visits pct,quantile,0.1,1.4883100542121153
deschutes,2026-03-14,1,2026-03-21,Flu ED visits pct,quantile,0.1,0.6344148057447369
duluth,2026-03-14,1,2026-03-21,Flu ED visits pct,quantile,0.1,1.0841654984978386
el-paso,2026-03-14,1,2026-03-21,Flu ED visits pct,quantile,0.1,1.2359474641045505
eugene,2026-03-14,1,2026-03-21,Flu ED visits pct,quantile,0.1,0.3780105586370793
fay-area,2026-03-14,1,2026-03-21,Flu ED visits pct,quantile,0.1,2.3089560263570292
florence,2026-03-14,1,2026-03-21,Flu ED visits pct,quantile,0.1,0.42525286390609723
floyd,2026-03-14,1,2026-03-21,Flu ED visits pct,quantile,0.1,0.6517712463545606
frederick,2026-03-14,1,2026-03-21,Flu ED visits pct,quantile,0.1,0.20057772361015236
georgia,2026-03-14,1,2026-03-21,Flu ED visits pct,quantile,0.1,0.7292315530062353
greenville,2026-03-14,1,2026-03-21,Flu ED visits pct,quantile,0.1,1.4127814248838755
hall,2026-03-14,1,2026-03-21,Flu ED visits pct,quantile,0.1,0.8528453282857035
harford,2026-03-14,1,2026-03-21,Flu ED visits pct,quantile,0.1,0.5211144245921402
henry,2026-03-14,1,2026-03-21,Flu ED visits pct,quantile,0.1,0.505976815561883
horry,2026-03-14,1,2026-03-21,Flu ED visits pct,quantile,0.1,0.5982777959503469
houston,2026-03-14,1,2026-03-21,Flu ED visits pct,quantile,0.1,0.6664461399109246
indiana,2026-03-14,1,2026-03-21,Flu ED visits pct,quantile,0.1,1.560961838223939
indianapolis,2026-03-14,1,2026-03-21,Flu ED visits pct,quantile,0.1,2.137038113035832
la-grange,2026-03-14,1,2026-03-21,Flu ED visits pct,quantile,0.1,0.4252799038465047
larimer,2026-03-14,1,2026-03-21,Flu ED visits pct,quantile,0.1,0.5664303039337163
lynn,2026-03-14,1,2026-03-21,Flu ED visits pct,quantile,0.1,0.44886750249820073
macon,2026-03-14,1,2026-03-21,Flu ED visits pct,quantile,0.1,0.5072079486998851
maine,2026-03-14,1,2026-03-21,Flu ED visits pct,quantile,0.1,0.45700053385461237
marietta,2026-03-14,1,2026-03-21,Flu ED visits pct,quantile,0.1,0.4464419390442808
maryland,2026-03-14,1,2026-03-21,Flu ED visits pct,quantile,0.1,0.6429735754860464
massachusetts,2026-03-14,1,2026-03-21,Flu ED visits pct,quantile,0.1,0.62122268832359
medford,2026-03-14,1,2026-03-21,Flu ED visits pct,quantile,0.1,0.2537795221165792
mesa,2026-03-14,1,2026-03-21,Flu ED visits pct,quantile,0.1,0.45146984545326707
minneapolis,2026-03-14,1,2026-03-21,Flu ED visits pct,quantile,0.1,1.6394953777727834
minnesota,2026-03-14,1,2026-03-21,Flu ED visits pct,quantile,0.1,1.5297214615223493
montgomery,2026-03-14,1,2026-03-21,Flu ED visits pct,quantile,0.1,0.7000662221616633
nenc,2026-03-14,1,2026-03-21,Flu ED visits pct,quantile,0.1,1.261052202810505
new-bedford,2026-03-14,1,2026-03-21,Flu ED visits pct,quantile,0.1,0.4217026547278421
north-carolina,2026-03-14,1,2026-03-21,Flu ED visits pct,quantile,0.1,1.41511893422933
nyc,2026-03-14,1,2026-03-21,ILI ED visits pct,quantile,0.1,2.1910791681233293
ogden,2026-03-14,1,2026-03-21,Flu ED visits pct,quantile,0.1,0.6312900284543459
oregon,2026-03-14,1,2026-03-21,Flu ED visits pct,quantile,0.1,1.121390104877162
pittsfield,2026-03-14,1,2026-03-21,Flu ED visits pct,quantile,0.1,0.1411041658681964
portland,2026-03-14,1,2026-03-21,Flu ED visits pct,quantile,0.1,0.4600100804067151
portland-or,2026-03-14,1,2026-03-21,Flu ED visits pct,quantile,0.1,1.379217192751022
provo,2026-03-14,1,2026-03-21,Flu ED visits pct,quantile,0.1,0.33044163038894275
roanoke,2026-03-14,1,2026-03-21,Flu ED visits pct,quantile,0.1,1.5195757123377989
rochester,2026-03-14,1,2026-03-21,Flu ED visits pct,quantile,0.1,1.3580013025984026
rock-hill,2026-03-14,1,2026-03-21,Flu ED visits pct,quantile,0.1,0.3923887255603619
rtp-area,2026-03-14,1,2026-03-21,Flu ED visits pct,quantile,0.1,1.0010963806937292
salem,2026-03-14,1,2026-03-21,Flu ED visits pct,quantile,0.1,1.0581496849212648
salt-lake-city,2026-03-14,1,2026-03-21,Flu ED visits pct,quantile,0.1,0.6552307647669585
san-antonio,2026-03-14,1,2026-03-21,Flu ED visits pct,quantile,0.1,1.2593114318407717
savannah,2026-03-14,1,2026-03-21,Flu ED visits pct,quantile,0.1,0.25470716750755434
senc,2026-03-14,1,2026-03-21,Flu ED visits pct,quantile,0.1,0.8096275696196339
south-augusta,2026-03-14,1,2026-03-21,Flu ED visits pct,quantile,0.1,0.5455316376203392
south-carolina,2026-03-14,1,2026-03-21,Flu ED visits pct,quantile,0.1,1.0859886085970052
springfield,2026-03-14,1,2026-03-21,Flu ED visits pct,quantile,0.1,0.4852288950926986
st-cloud,2026-03-14,1,2026-03-21,Flu ED visits pct,quantile,0.1,0.6832253485836198
st-paul,2026-03-14,1,2026-03-21,Flu ED visits pct,quantile,0.1,1.573889510640392
texas,2026-03-14,1,2026-03-21,Flu ED visits pct,quantile,0.1,1.1428704731163748
triad-area,2026-03-14,1,2026-03-21,Flu ED visits pct,quantile,0.1,0.9693199231522207
utah,2026-03-14,1,2026-03-21,Flu ED visits pct,quantile,0.1,0.7133482383798209
virginia,2026-03-14,1,2026-03-21,Flu ED visits pct,quantile,0.1,1.5402252300171781
weld,2026-03-14,1,2026-03-21,Flu ED visits pct,quantile,0.1,1.6979303483145867
wnc,2026-03-14,1,2026-03-21,Flu ED visits pct,quantile,0.1,1.048274055725076
worcester,2026-03-14,1,2026-03-21,Flu ED visits pct,quantile,0.1,0.4125384562945084
athens,2026-03-14,2,2026-03-28,Flu ED visits pct,quantile,0.1,0.5560136336361324
austin,2026-03-14,2,2026-03-28,Flu ED visits pct,quantile,0.1,0.6819403537690626
baltimore,2026-03-14,2,2026-03-28,Flu ED visits pct,quantile,0.1,0.5226460260912832
bangor,2026-03-14,2,2026-03-28,Flu ED visits pct,quantile,0.1,0.3332526801662578
beaumont,2026-03-14,2,2026-03-28,Flu ED visits pct,quantile,0.1,0.41536929716163995
boston,2026-03-14,2,2026-03-28,Flu ED visits pct,quantile,0.1,0.5324888148888218
boulder,2026-03-14,2,2026-03-28,Flu ED visits pct,quantile,0.1,0.9602531727194966
charleston,2026-03-14,2,2026-03-28,Flu ED visits pct,quantile,0.1,0.5583121660672785
cherokee,2026-03-14,2,2026-03-28,Flu ED visits pct,quantile,0.1,0.39067343008592836
clt-area,2026-03-14,2,2026-03-28,Flu ED visits pct,quantile,0.1,1.3629794162216715
colorado,2026-03-14,2,2026-03-28,Flu ED visits pct,quantile,0.1,0.9317285400888256
colorado-springs,2026-03-14,2,2026-03-28,Flu ED visits pct,quantile,0.1,0.6011858293879175
columbia,2026-03-14,2,2026-03-28,Flu ED visits pct,quantile,0.1,0.598667723963466
columbus,2026-03-14,2,2026-03-28,Flu ED visits pct,quantile,0.1,0.48348509776248644
dallas,2026-03-14,2,2026-03-28,Flu ED visits pct,quantile,0.1,0.8336435327032653
denver,2026-03-14,2,2026-03-28,Flu ED visits pct,quantile,0.1,1.272922139448047
deschutes,2026-03-14,2,2026-03-28,Flu ED visits pct,quantile,0.1,0.396567284372555
duluth,2026-03-14,2,2026-03-28,Flu ED visits pct,quantile,0.1,0.7955042026120548
el-paso,2026-03-14,2,2026-03-28,Flu ED visits pct,quantile,0.1,1.1515638765700382
eugene,2026-03-14,2,2026-03-28,Flu ED visits pct,quantile,0.1,0.2189084359776
fay-area,2026-03-14,2,2026-03-28,Flu ED visits pct,quantile,0.1,1.711085875851035
florence,2026-03-14,2,2026-03-28,Flu ED visits pct,quantile,0.1,0.24746375832424805
floyd,2026-03-14,2,2026-03-28,Flu ED visits pct,quantile,0.1,0.42593319474872227
frederick,2026-03-14,2,2026-03-28,Flu ED visits pct,quantile,0.1,0.16168870335343166
georgia,2026-03-14,2,2026-03-28,Flu ED visits pct,quantile,0.1,0.5144340004408194
greenville,2026-03-14,2,2026-03-28,Flu ED visits pct,quantile,0.1,1.0214279023507473
hall,2026-03-14,2,2026-03-28,Flu ED visits pct,quantile,0.1,0.6094782049223473
harford,2026-03-14,2,2026-03-28,Flu ED visits pct,quantile,0.1,0.45053260922830884
henry,2026-03-14,2,2026-03-28,Flu ED visits pct,quantile,0.1,0.35230500148681465
horry,2026-03-14,2,2026-03-28,Flu ED visits pct,quantile,0.1,0.4088721784977955
houston,2026-03-14,2,2026-03-28,Flu ED visits pct,quantile,0.1,0.586007505967923
indiana,2026-03-14,2,2026-03-28,Flu ED visits pct,quantile,0.1,1.0978679247207637
indianapolis,2026-03-14,2,2026-03-28,Flu ED visits pct,quantile,0.1,1.5241834971851698
la-grange,2026-03-14,2,2026-03-28,Flu ED visits pct,quantile,0.1,0.2578051385190206
larimer,2026-03-14,2,2026-03-28,Flu ED visits pct,quantile,0.1,0.38421166476070107
lynn,2026-03-14,2,2026-03-28,Flu ED visits pct,quantile,0.1,0.3663763771610919
macon,2026-03-14,2,2026-03-28,Flu ED visits pct,quantile,0.1,0.3377975178319013
maine,2026-03-14,2,2026-03-28,Flu ED visits pct,quantile,0.1,0.34020322260643
marietta,2026-03-14,2,2026-03-28,Flu ED visits pct,quantile,0.1,0.284320843227525
maryland,2026-03-14,2,2026-03-28,Flu ED visits pct,quantile,0.1,0.5685470919900903
massachusetts,2026-03-14,2,2026-03-28,Flu ED visits pct,quantile,0.1,0.5264009140879722
medford,2026-03-14,2,2026-03-28,Flu ED visits pct,quantile,0.1,0.13225041454797978
mesa,2026-03-14,2,2026-03-28,Flu ED visits pct,quantile,0.1,0.3223700687402607
minneapolis,2026-03-14,2,2026-03-28,Flu ED visits pct,quantile,0.1,1.4530619776207094
minnesota,2026-03-14,2,2026-03-28,Flu ED visits pct,quantile,0.1,1.297933735657427
montgomery,2026-03-14,2,2026-03-28,Flu ED visits pct,quantile,0.1,0.6236416669556397
nenc,2026-03-14,2,2026-03-28,Flu ED visits pct,quantile,0.1,0.903742456236208
new-bedford,2026-03-14,2,2026-03-28,Flu ED visits pct,quantile,0.1,0.3331461713254633
north-carolina,2026-03-14,2,2026-03-28,Flu ED visits pct,quantile,0.1,1.066663597848303
nyc,2026-03-14,2,2026-03-28,ILI ED visits pct,quantile,0.1,2.0272961988209652
ogden,2026-03-14,2,2026-03-28,Flu ED visits pct,quantile,0.1,0.3881797751128032
oregon,2026-03-14,2,2026-03-28,Flu ED visits pct,quantile,0.1,0.7740053290763713
pittsfield,2026-03-14,2,2026-03-28,Flu ED visits pct,quantile,0.1,0.09836767089211688
portland,2026-03-14,2,2026-03-28,Flu ED visits pct,quantile,0.1,0.31170249559145113
portland-or,2026-03-14,2,2026-03-28,Flu ED visits pct,quantile,0.1,0.9698636516994765
provo,2026-03-14,2,2026-03-28,Flu ED visits pct,quantile,0.1,0.2436871607085257
roanoke,2026-03-14,2,2026-03-28,Flu ED visits pct,quantile,0.1,1.0207698731741266
rochester,2026-03-14,2,2026-03-28,Flu ED visits pct,quantile,0.1,0.8235542791642216
rock-hill,2026-03-14,2,2026-03-28,Flu ED visits pct,quantile,0.1,0.3368870410425874
rtp-area,2026-03-14,2,2026-03-28,Flu ED visits pct,quantile,0.1,0.7113415667343108
salem,2026-03-14,2,2026-03-28,Flu ED visits pct,quantile,0.1,0.6374855296131718
salt-lake-city,2026-03-14,2,2026-03-28,Flu ED visits pct,quantile,0.1,0.4921954680387166
san-antonio,2026-03-14,2,2026-03-28,Flu ED visits pct,quantile,0.1,0.8436323205169045
savannah,2026-03-14,2,2026-03-28,Flu ED visits pct,quantile,0.1,0.15588653222343948
senc,2026-03-14,2,2026-03-28,Flu ED visits pct,quantile,0.1,0.528055918960612
south-augusta,2026-03-14,2,2026-03-28,Flu ED visits pct,quantile,0.1,0.33270586388963286
south-carolina,2026-03-14,2,2026-03-28,Flu ED visits pct,quantile,0.1,0.8197234100408802
springfield,2026-03-14,2,2026-03-28,Flu ED visits pct,quantile,0.1,0.4018917073631103
st-cloud,2026-03-14,2,2026-03-28,Flu ED visits pct,quantile,0.1,0.3930909050393533
st-paul,2026-03-14,2,2026-03-28,Flu ED visits pct,quantile,0.1,1.3704380660939575
texas,2026-03-14,2,2026-03-28,Flu ED visits pct,quantile,0.1,0.9357164185842608
triad-area,2026-03-14,2,2026-03-28,Flu ED visits pct,quantile,0.1,0.755721345357118
utah,2026-03-14,2,2026-03-28,Flu ED visits pct,quantile,0.1,0.5651871227874969
virginia,2026-03-14,2,2026-03-28,Flu ED visits pct,quantile,0.1,1.3233940081613145
weld,2026-03-14,2,2026-03-28,Flu ED visits pct,quantile,0.1,1.2941364660318575
wnc,2026-03-14,2,2026-03-28,Flu ED visits pct,quantile,0.1,0.7785184760968453
worcester,2026-03-14,2,2026-03-28,Flu ED visits pct,quantile,0.1,0.3398303976736581
athens,2026-03-14,3,2026-04-04,Flu ED visits pct,quantile,0.1,0.44998568804933053
austin,2026-03-14,3,2026-04-04,Flu ED visits pct,quantile,0.1,0.5483770394420395
baltimore,2026-03-14,3,2026-04-04,Flu ED visits pct,quantile,0.1,0.48941891825873035
bangor,2026-03-14,3,2026-04-04,Flu ED visits pct,quantile,0.1,0.2779855058718482
beaumont,2026-03-14,3,2026-04-04,Flu ED visits pct,quantile,0.1,0.35225968736178
boston,2026-03-14,3,2026-04-04,Flu ED visits pct,quantile,0.1,0.49179741875824723
boulder,2026-03-14,3,2026-04-04,Flu ED visits pct,quantile,0.1,0.6879236734789718
charleston,2026-03-14,3,2026-04-04,Flu ED visits pct,quantile,0.1,0.4017365101533784
cherokee,2026-03-14,3,2026-04-04,Flu ED visits pct,quantile,0.1,0.33408961598073905
clt-area,2026-03-14,3,2026-04-04,Flu ED visits pct,quantile,0.1,0.9762500905616136
colorado,2026-03-14,3,2026-04-04,Flu ED visits pct,quantile,0.1,0.7490977416818397
colorado-springs,2026-03-14,3,2026-04-04,Flu ED visits pct,quantile,0.1,0.49756755316854084
columbia,2026-03-14,3,2026-04-04,Flu ED visits pct,quantile,0.1,0.48857940796635607
columbus,2026-03-14,3,2026-04-04,Flu ED visits pct,quantile,0.1,0.33601615561893083
dallas,2026-03-14,3,2026-04-04,Flu ED visits pct,quantile,0.1,0.6908637838058124
denver,2026-03-14,3,2026-04-04,Flu ED visits pct,quantile,0.1,1.0949853130970908
deschutes,2026-03-14,3,2026-04-04,Flu ED visits pct,quantile,0.1,0.32792010371076785
duluth,2026-03-14,3,2026-04-04,Flu ED visits pct,quantile,0.1,0.6376232614086523
el-paso,2026-03-14,3,2026-04-04,Flu ED visits pct,quantile,0.1,1.1328917938796041
eugene,2026-03-14,3,2026-04-04,Flu ED visits pct,quantile,0.1,0.15046652332678848
fay-area,2026-03-14,3,2026-04-04,Flu ED visits pct,quantile,0.1,1.2525921109673523
florence,2026-03-14,3,2026-04-04,Flu ED visits pct,quantile,0.1,0.1979465751738091
floyd,2026-03-14,3,2026-04-04,Flu ED visits pct,quantile,0.1,0.3565114395257842
frederick,2026-03-14,3,2026-04-04,Flu ED visits pct,quantile,0.1,0.159863861697066
georgia,2026-03-14,3,2026-04-04,Flu ED visits pct,quantile,0.1,0.41363855628301477
greenville,2026-03-14,3,2026-04-04,Flu ED visits pct,quantile,0.1,0.8062130100533857
hall,2026-03-14,3,2026-04-04,Flu ED visits pct,quantile,0.1,0.5382282268499626
harford,2026-03-14,3,2026-04-04,Flu ED visits pct,quantile,0.1,0.4297238573192373
henry,2026-03-14,3,2026-04-04,Flu ED visits pct,quantile,0.1,0.3211854375614917
horry,2026-03-14,3,2026-04-04,Flu ED visits pct,quantile,0.1,0.3500214830004462
houston,2026-03-14,3,2026-04-04,Flu ED visits pct,quantile,0.1,0.5586816547033319
indiana,2026-03-14,3,2026-04-04,Flu ED visits pct,quantile,0.1,0.8020826476805142
indianapolis,2026-03-14,3,2026-04-04,Flu ED visits pct,quantile,0.1,1.0594300534554393
la-grange,2026-03-14,3,2026-04-04,Flu ED visits pct,quantile,0.1,0.20317049161913492
larimer,2026-03-14,3,2026-04-04,Flu ED visits pct,quantile,0.1,0.32930721879748304
lynn,2026-03-14,3,2026-04-04,Flu ED visits pct,quantile,0.1,0.3575017331617989
macon,2026-03-14,3,2026-04-04,Flu ED visits pct,quantile,0.1,0.2724737846879597
maine,2026-03-14,3,2026-04-04,Flu ED visits pct,quantile,0.1,0.2846368470610596
marietta,2026-03-14,3,2026-04-04,Flu ED visits pct,quantile,0.1,0.2319424912136469
maryland,2026-03-14,3,2026-04-04,Flu ED visits pct,quantile,0.1,0.5637541467131294
massachusetts,2026-03-14,3,2026-04-04,Flu ED visits pct,quantile,0.1,0.4952552233639581
medford,2026-03-14,3,2026-04-04,Flu ED visits pct,quantile,0.1,0.09352365251104193
mesa,2026-03-14,3,2026-04-04,Flu ED visits pct,quantile,0.1,0.2715453791513959
minneapolis,2026-03-14,3,2026-04-04,Flu ED visits pct,quantile,0.1,1.2553030008953634
minnesota,2026-03-14,3,2026-04-04,Flu ED visits pct,quantile,0.1,1.1374083329336118
montgomery,2026-03-14,3,2026-04-04,Flu ED visits pct,quantile,0.1,0.5952126700659701
nenc,2026-03-14,3,2026-04-04,Flu ED visits pct,quantile,0.1,0.6311781043785403
new-bedford,2026-03-14,3,2026-04-04,Flu ED visits pct,quantile,0.1,0.3214910124228842
north-carolina,2026-03-14,3,2026-04-04,Flu ED visits pct,quantile,0.1,0.8091941150022667
nyc,2026-03-14,3,2026-04-04,ILI ED visits pct,quantile,0.1,1.9933345726485785
ogden,2026-03-14,3,2026-04-04,Flu ED visits pct,quantile,0.1,0.3043957249638774
oregon,2026-03-14,3,2026-04-04,Flu ED visits pct,quantile,0.1,0.5710170519392032
pittsfield,2026-03-14,3,2026-04-04,Flu ED visits pct,quantile,0.1,0.09881562608219627
portland,2026-03-14,3,2026-04-04,Flu ED visits pct,quantile,0.1,0.25591392940242713
portland-or,2026-03-14,3,2026-04-04,Flu ED visits pct,quantile,0.1,0.6982828215684526
provo,2026-03-14,3,2026-04-04,Flu ED visits pct,quantile,0.1,0.2186030344877379
roanoke,2026-03-14,3,2026-04-04,Flu ED visits pct,quantile,0.1,0.8232246763969687
rochester,2026-03-14,3,2026-04-04,Flu ED visits pct,quantile,0.1,0.5898608415666261
rock-hill,2026-03-14,3,2026-04-04,Flu ED visits pct,quantile,0.1,0.31864286645828677
rtp-area,2026-03-14,3,2026-04-04,Flu ED visits pct,quantile,0.1,0.48734048999770646
salem,2026-03-14,3,2026-04-04,Flu ED visits pct,quantile,0.1,0.44559502763085734
salt-lake-city,2026-03-14,3,2026-04-04,Flu ED visits pct,quantile,0.1,0.419304540643132
san-antonio,2026-03-14,3,2026-04-04,Flu ED visits pct,quantile,0.1,0.6020209366994347
savannah,2026-03-14,3,2026-04-04,Flu ED visits pct,quantile,0.1,0.12111113470291514
senc,2026-03-14,3,2026-04-04,Flu ED visits pct,quantile,0.1,0.3823574159062774
south-augusta,2026-03-14,3,2026-04-04,Flu ED visits pct,quantile,0.1,0.2276131410449609
south-carolina,2026-03-14,3,2026-04-04,Flu ED visits pct,quantile,0.1,0.6676312224286901
springfield,2026-03-14,3,2026-04-04,Flu ED visits pct,quantile,0.1,0.39142018137431434
st-cloud,2026-03-14,3,2026-04-04,Flu ED visits pct,quantile,0.1,0.29494777269094685
st-paul,2026-03-14,3,2026-04-04,Flu ED visits pct,quantile,0.1,1.2717757698289693
texas,2026-03-14,3,2026-04-04,Flu ED visits pct,quantile,0.1,0.8105734840111791
triad-area,2026-03-14,3,2026-04-04,Flu ED visits pct,quantile,0.1,0.5978678081562581
utah,2026-03-14,3,2026-04-04,Flu ED visits pct,quantile,0.1,0.47858400403415285
virginia,2026-03-14,3,2026-04-04,Flu ED visits pct,quantile,0.1,1.1312117869166534
weld,2026-03-14,3,2026-04-04,Flu ED visits pct,quantile,0.1,1.1603168975792724
wnc,2026-03-14,3,2026-04-04,Flu ED visits pct,quantile,0.1,0.5356713595811595
worcester,2026-03-14,3,2026-04-04,Flu ED visits pct,quantile,0.1,0.3065631143191089
athens,2026-03-14,0,2026-03-14,Flu ED visits pct,quantile,0.25,1.7459414540563394
austin,2026-03-14,0,2026-03-14,Flu ED visits pct,quantile,0.25,1.5343241721118754
baltimore,2026-03-14,0,2026-03-14,Flu ED visits pct,quantile,0.25,0.8563680591186249
bangor,2026-03-14,0,2026-03-14,Flu ED visits pct,quantile,0.25,0.9860651938499032
beaumont,2026-03-14,0,2026-03-14,Flu ED visits pct,quantile,0.25,1.1563453439948888
boston,2026-03-14,0,2026-03-14,Flu ED visits pct,quantile,0.25,0.8749749526740974
boulder,2026-03-14,0,2026-03-14,Flu ED visits pct,quantile,0.25,2.882499740503739
charleston,2026-03-14,0,2026-03-14,Flu ED visits pct,quantile,0.25,1.6943126489009797
cherokee,2026-03-14,0,2026-03-14,Flu ED visits pct,quantile,0.25,1.3017828883343185
clt-area,2026-03-14,0,2026-03-14,Flu ED visits pct,quantile,0.25,2.9999891523525326
colorado,2026-03-14,0,2026-03-14,Flu ED visits pct,quantile,0.25,1.8735651004236615
colorado-springs,2026-03-14,0,2026-03-14,Flu ED visits pct,quantile,0.25,1.5064167410777576
columbia,2026-03-14,0,2026-03-14,Flu ED visits pct,quantile,0.25,1.5866400691840452
columbus,2026-03-14,0,2026-03-14,Flu ED visits pct,quantile,0.25,1.6073610952991428
dallas,2026-03-14,0,2026-03-14,Flu ED visits pct,quantile,0.25,1.5835568579014037
denver,2026-03-14,0,2026-03-14,Flu ED visits pct,quantile,0.25,1.9467943161331696
deschutes,2026-03-14,0,2026-03-14,Flu ED visits pct,quantile,0.25,1.2065598503010553
duluth,2026-03-14,0,2026-03-14,Flu ED visits pct,quantile,0.25,1.9252729152470385
el-paso,2026-03-14,0,2026-03-14,Flu ED visits pct,quantile,0.25,1.7996059618605178
eugene,2026-03-14,0,2026-03-14,Flu ED visits pct,quantile,0.25,0.8007830670762841
fay-area,2026-03-14,0,2026-03-14,Flu ED visits pct,quantile,0.25,3.767929991594505
florence,2026-03-14,0,2026-03-14,Flu ED visits pct,quantile,0.25,0.9135018739199668
floyd,2026-03-14,0,2026-03-14,Flu ED visits pct,quantile,0.25,1.2729005985736286
frederick,2026-03-14,0,2026-03-14,Flu ED visits pct,quantile,0.25,0.4580135610791799
georgia,2026-03-14,0,2026-03-14,Flu ED visits pct,quantile,0.25,1.2736919374367772
greenville,2026-03-14,0,2026-03-14,Flu ED visits pct,quantile,0.25,2.281948244516378
hall,2026-03-14,0,2026-03-14,Flu ED visits pct,quantile,0.25,1.5503073065787274
harford,2026-03-14,0,2026-03-14,Flu ED visits pct,quantile,0.25,0.8858611417409819
henry,2026-03-14,0,2026-03-14,Flu ED visits pct,quantile,0.25,0.898123376931664
horry,2026-03-14,0,2026-03-14,Flu ED visits pct,quantile,0.25,1.1477158148980688
houston,2026-03-14,0,2026-03-14,Flu ED visits pct,quantile,0.25,0.894423555555048
indiana,2026-03-14,0,2026-03-14,Flu ED visits pct,quantile,0.25,2.815001065416595
indianapolis,2026-03-14,0,2026-03-14,Flu ED visits pct,quantile,0.25,3.501740668127458
la-grange,2026-03-14,0,2026-03-14,Flu ED visits pct,quantile,0.25,0.8924506396898787
larimer,2026-03-14,0,2026-03-14,Flu ED visits pct,quantile,0.25,1.0880882242842735
lynn,2026-03-14,0,2026-03-14,Flu ED visits pct,quantile,0.25,0.7110790933488526
macon,2026-03-14,0,2026-03-14,Flu ED visits pct,quantile,0.25,0.9648535130246804
maine,2026-03-14,0,2026-03-14,Flu ED visits pct,quantile,0.25,0.9708869755192209
marietta,2026-03-14,0,2026-03-14,Flu ED visits pct,quantile,0.25,0.9728383390587891
maryland,2026-03-14,0,2026-03-14,Flu ED visits pct,quantile,0.25,1.0333245010779857
massachusetts,2026-03-14,0,2026-03-14,Flu ED visits pct,quantile,0.25,0.8772935599004384
medford,2026-03-14,0,2026-03-14,Flu ED visits pct,quantile,0.25,0.5844600261370775
mesa,2026-03-14,0,2026-03-14,Flu ED visits pct,quantile,0.25,0.8177281024404421
minneapolis,2026-03-14,0,2026-03-14,Flu ED visits pct,quantile,0.25,2.2188924813501956
minnesota,2026-03-14,0,2026-03-14,Flu ED visits pct,quantile,0.25,2.2041674685735915
montgomery,2026-03-14,0,2026-03-14,Flu ED visits pct,quantile,0.25,1.0524345669959114
nenc,2026-03-14,0,2026-03-14,Flu ED visits pct,quantile,0.25,2.1177273205912552
new-bedford,2026-03-14,0,2026-03-14,Flu ED visits pct,quantile,0.25,0.7821306951767608
north-carolina,2026-03-14,0,2026-03-14,Flu ED visits pct,quantile,0.25,2.301457252863696
nyc,2026-03-14,0,2026-03-14,ILI ED visits pct,quantile,0.25,2.534669329337897
ogden,2026-03-14,0,2026-03-14,Flu ED visits pct,quantile,0.25,1.208595520894262
oregon,2026-03-14,0,2026-03-14,Flu ED visits pct,quantile,0.25,1.9009788739509412
pittsfield,2026-03-14,0,2026-03-14,Flu ED visits pct,quantile,0.25,0.324058472496777
portland,2026-03-14,0,2026-03-14,Flu ED visits pct,quantile,0.25,0.7957548633491625
portland-or,2026-03-14,0,2026-03-14,Flu ED visits pct,quantile,0.25,2.240573483309616
provo,2026-03-14,0,2026-03-14,Flu ED visits pct,quantile,0.25,0.615257235200903
roanoke,2026-03-14,0,2026-03-14,Flu ED visits pct,quantile,0.25,2.6811747604995264
rochester,2026-03-14,0,2026-03-14,Flu ED visits pct,quantile,0.25,2.6420213038359663
rock-hill,2026-03-14,0,2026-03-14,Flu ED visits pct,quantile,0.25,0.7113516340150983
rtp-area,2026-03-14,0,2026-03-14,Flu ED visits pct,quantile,0.25,1.7011723473121896
salem,2026-03-14,0,2026-03-14,Flu ED visits pct,quantile,0.25,2.0721688101860862
salt-lake-city,2026-03-14,0,2026-03-14,Flu ED visits pct,quantile,0.25,1.0224512276045346
san-antonio,2026-03-14,0,2026-03-14,Flu ED visits pct,quantile,0.25,2.224548139465408
savannah,2026-03-14,0,2026-03-14,Flu ED visits pct,quantile,0.25,0.5491706406005283
senc,2026-03-14,0,2026-03-14,Flu ED visits pct,quantile,0.25,1.475295564407818
south-augusta,2026-03-14,0,2026-03-14,Flu ED visits pct,quantile,0.25,1.1229331032578347
south-carolina,2026-03-14,0,2026-03-14,Flu ED visits pct,quantile,0.25,1.7272918057858326
springfield,2026-03-14,0,2026-03-14,Flu ED visits pct,quantile,0.25,0.7871673941633182
st-cloud,2026-03-14,0,2026-03-14,Flu ED visits pct,quantile,0.25,1.4829032216303535
st-paul,2026-03-14,0,2026-03-14,Flu ED visits pct,quantile,0.25,2.1955362946282917
texas,2026-03-14,0,2026-03-14,Flu ED visits pct,quantile,0.25,1.6962938090092248
triad-area,2026-03-14,0,2026-03-14,Flu ED visits pct,quantile,0.25,1.5118155033397738
utah,2026-03-14,0,2026-03-14,Flu ED visits pct,quantile,0.25,1.110417414846325
virginia,2026-03-14,0,2026-03-14,Flu ED visits pct,quantile,0.25,2.031967024122327
weld,2026-03-14,0,2026-03-14,Flu ED visits pct,quantile,0.25,2.551703480249786
wnc,2026-03-14,0,2026-03-14,Flu ED visits pct,quantile,0.25,1.7354056608946573
worcester,2026-03-14,0,2026-03-14,Flu ED visits pct,quantile,0.25,0.7756671324772707
athens,2026-03-14,1,2026-03-21,Flu ED visits pct,quantile,0.25,1.241088400888237
austin,2026-03-14,1,2026-03-21,Flu ED visits pct,quantile,0.25,1.0899900075614395
baltimore,2026-03-14,1,2026-03-21,Flu ED visits pct,quantile,0.25,0.8200698556840096
bangor,2026-03-14,1,2026-03-21,Flu ED visits pct,quantile,0.25,0.6588630229230552
beaumont,2026-03-14,1,2026-03-21,Flu ED visits pct,quantile,0.25,0.8679816401648167
boston,2026-03-14,1,2026-03-21,Flu ED visits pct,quantile,0.25,0.7423304420497043
boulder,2026-03-14,1,2026-03-21,Flu ED visits pct,quantile,0.25,2.0669156701930116
charleston,2026-03-14,1,2026-03-21,Flu ED visits pct,quantile,0.25,1.1873455172576504
cherokee,2026-03-14,1,2026-03-21,Flu ED visits pct,quantile,0.25,0.8691535498627685
clt-area,2026-03-14,1,2026-03-21,Flu ED visits pct,quantile,0.25,2.3185504571437225
colorado,2026-03-14,1,2026-03-21,Flu ED visits pct,quantile,0.25,1.395079365695868
colorado-springs,2026-03-14,1,2026-03-21,Flu ED visits pct,quantile,0.25,1.094124294633844
columbia,2026-03-14,1,2026-03-21,Flu ED visits pct,quantile,0.25,1.13141584063856
columbus,2026-03-14,1,2026-03-21,Flu ED visits pct,quantile,0.25,1.0678004262554783
dallas,2026-03-14,1,2026-03-21,Flu ED visits pct,quantile,0.25,1.1830938499461843
denver,2026-03-14,1,2026-03-21,Flu ED visits pct,quantile,0.25,1.576368527019229
deschutes,2026-03-14,1,2026-03-21,Flu ED visits pct,quantile,0.25,0.8051439642435889
duluth,2026-03-14,1,2026-03-21,Flu ED visits pct,quantile,0.25,1.4383338358034705
el-paso,2026-03-14,1,2026-03-21,Flu ED visits pct,quantile,0.25,1.754376239592197
eugene,2026-03-14,1,2026-03-21,Flu ED visits pct,quantile,0.25,0.5286289320056738
fay-area,2026-03-14,1,2026-03-21,Flu ED visits pct,quantile,0.25,2.9521791859876387
florence,2026-03-14,1,2026-03-21,Flu ED visits pct,quantile,0.25,0.5696749681911151
floyd,2026-03-14,1,2026-03-21,Flu ED visits pct,quantile,0.25,0.8428756857323305
frederick,2026-03-14,1,2026-03-21,Flu ED visits pct,quantile,0.25,0.3999648138883978
georgia,2026-03-14,1,2026-03-21,Flu ED visits pct,quantile,0.25,0.9133361012599387
greenville,2026-03-14,1,2026-03-21,Flu ED visits pct,quantile,0.25,1.615765057870059
hall,2026-03-14,1,2026-03-21,Flu ED visits pct,quantile,0.25,1.148719120697855
harford,2026-03-14,1,2026-03-21,Flu ED visits pct,quantile,0.25,0.7939156962773857
henry,2026-03-14,1,2026-03-21,Flu ED visits pct,quantile,0.25,0.6120919723768715
horry,2026-03-14,1,2026-03-21,Flu ED visits pct,quantile,0.25,0.8002872261700761
houston,2026-03-14,1,2026-03-21,Flu ED visits pct,quantile,0.25,0.8506410106187621
indiana,2026-03-14,1,2026-03-21,Flu ED visits pct,quantile,0.25,2.0107491352480653
indianapolis,2026-03-14,1,2026-03-21,Flu ED visits pct,quantile,0.25,2.548818830447259
la-grange,2026-03-14,1,2026-03-21,Flu ED visits pct,quantile,0.25,0.5826269325420396
larimer,2026-03-14,1,2026-03-21,Flu ED visits pct,quantile,0.25,0.8095024961451857
lynn,2026-03-14,1,2026-03-21,Flu ED visits pct,quantile,0.25,0.5855824918125648
macon,2026-03-14,1,2026-03-21,Flu ED visits pct,quantile,0.25,0.687970871292968
maine,2026-03-14,1,2026-03-21,Flu ED visits pct,quantile,0.25,0.7221338403771227
marietta,2026-03-14,1,2026-03-21,Flu ED visits pct,quantile,0.25,0.6770092748843953
maryland,2026-03-14,1,2026-03-21,Flu ED visits pct,quantile,0.25,0.969096613385815
massachusetts,2026-03-14,1,2026-03-21,Flu ED visits pct,quantile,0.25,0.7141926123369726
medford,2026-03-14,1,2026-03-21,Flu ED visits pct,quantile,0.25,0.3472564290005956
mesa,2026-03-14,1,2026-03-21,Flu ED visits pct,quantile,0.25,0.5624633113465879
minneapolis,2026-03-14,1,2026-03-21,Flu ED visits pct,quantile,0.25,1.90615378186555
minnesota,2026-03-14,1,2026-03-21,Flu ED visits pct,quantile,0.25,1.7825105778932129
montgomery,2026-03-14,1,2026-03-21,Flu ED visits pct,quantile,0.25,1.0090584908605538
nenc,2026-03-14,1,2026-03-21,Flu ED visits pct,quantile,0.25,1.610863128089548
new-bedford,2026-03-14,1,2026-03-21,Flu ED visits pct,quantile,0.25,0.6126198486018385
north-carolina,2026-03-14,1,2026-03-21,Flu ED visits pct,quantile,0.25,1.7335571179147942
nyc,2026-03-14,1,2026-03-21,ILI ED visits pct,quantile,0.25,2.5512594097389347
ogden,2026-03-14,1,2026-03-21,Flu ED visits pct,quantile,0.25,0.8280142238246488
oregon,2026-03-14,1,2026-03-21,Flu ED visits pct,quantile,0.25,1.3652713081974719
pittsfield,2026-03-14,1,2026-03-21,Flu ED visits pct,quantile,0.25,0.2381099680971518
portland,2026-03-14,1,2026-03-21,Flu ED visits pct,quantile,0.25,0.5916709567831235
portland-or,2026-03-14,1,2026-03-21,Flu ED visits pct,quantile,0.25,1.6278448455078731
provo,2026-03-14,1,2026-03-21,Flu ED visits pct,quantile,0.25,0.4213194854347118
roanoke,2026-03-14,1,2026-03-21,Flu ED visits pct,quantile,0.25,1.9408845346565913
rochester,2026-03-14,1,2026-03-21,Flu ED visits pct,quantile,0.25,1.8280965642437341
rock-hill,2026-03-14,1,2026-03-21,Flu ED visits pct,quantile,0.25,0.6185232676817523
rtp-area,2026-03-14,1,2026-03-21,Flu ED visits pct,quantile,0.25,1.2579822834381793
salem,2026-03-14,1,2026-03-21,Flu ED visits pct,quantile,0.25,1.4280095679203353
salt-lake-city,2026-03-14,1,2026-03-21,Flu ED visits pct,quantile,0.25,0.7253568211406076
san-antonio,2026-03-14,1,2026-03-21,Flu ED visits pct,quantile,0.25,1.537674750977972
savannah,2026-03-14,1,2026-03-21,Flu ED visits pct,quantile,0.25,0.36157806570175616
senc,2026-03-14,1,2026-03-21,Flu ED visits pct,quantile,0.25,1.0972636621505079
south-augusta,2026-03-14,1,2026-03-21,Flu ED visits pct,quantile,0.25,0.7606160070207054
south-carolina,2026-03-14,1,2026-03-21,Flu ED visits pct,quantile,0.25,1.2336377325866665
springfield,2026-03-14,1,2026-03-21,Flu ED visits pct,quantile,0.25,0.6542631233291895
st-cloud,2026-03-14,1,2026-03-21,Flu ED visits pct,quantile,0.25,0.946614145888066
st-paul,2026-03-14,1,2026-03-21,Flu ED visits pct,quantile,0.25,1.9802159774551844
texas,2026-03-14,1,2026-03-21,Flu ED visits pct,quantile,0.25,1.2935710310135853
triad-area,2026-03-14,1,2026-03-21,Flu ED visits pct,quantile,0.25,1.142519484367347
utah,2026-03-14,1,2026-03-21,Flu ED visits pct,quantile,0.25,0.8001858271634736
virginia,2026-03-14,1,2026-03-21,Flu ED visits pct,quantile,0.25,1.7368101730484091
weld,2026-03-14,1,2026-03-21,Flu ED visits pct,quantile,0.25,2.20301225631694
wnc,2026-03-14,1,2026-03-21,Flu ED visits pct,quantile,0.25,1.2734978010537708
worcester,2026-03-14,1,2026-03-21,Flu ED visits pct,quantile,0.25,0.6130316938742882
athens,2026-03-14,2,2026-03-28,Flu ED visits pct,quantile,0.25,0.8518278526473472
austin,2026-03-14,2,2026-03-28,Flu ED visits pct,quantile,0.25,0.7925412596174617
baltimore,2026-03-14,2,2026-03-28,Flu ED visits pct,quantile,0.25,0.8105642373704222
bangor,2026-03-14,2,2026-03-28,Flu ED visits pct,quantile,0.25,0.4612332013197768
beaumont,2026-03-14,2,2026-03-28,Flu ED visits pct,quantile,0.25,0.6665065121831484
boston,2026-03-14,2,2026-03-28,Flu ED visits pct,quantile,0.25,0.6861281934175683
boulder,2026-03-14,2,2026-03-28,Flu ED visits pct,quantile,0.25,1.3785126373492946
charleston,2026-03-14,2,2026-03-28,Flu ED visits pct,quantile,0.25,0.7530336440102303
cherokee,2026-03-14,2,2026-03-28,Flu ED visits pct,quantile,0.25,0.5949927036422987
clt-area,2026-03-14,2,2026-03-28,Flu ED visits pct,quantile,0.25,1.724954164801836
colorado,2026-03-14,2,2026-03-28,Flu ED visits pct,quantile,0.25,1.0562117514916738
colorado-springs,2026-03-14,2,2026-03-28,Flu ED visits pct,quantile,0.25,0.7607641045972782
columbia,2026-03-14,2,2026-03-28,Flu ED visits pct,quantile,0.25,0.8035317563106915
columbus,2026-03-14,2,2026-03-28,Flu ED visits pct,quantile,0.25,0.6775173179042555
dallas,2026-03-14,2,2026-03-28,Flu ED visits pct,quantile,0.25,0.8562193707033602
denver,2026-03-14,2,2026-03-28,Flu ED visits pct,quantile,0.25,1.3118073034309907
deschutes,2026-03-14,2,2026-03-28,Flu ED visits pct,quantile,0.25,0.5794352655198487
duluth,2026-03-14,2,2026-03-28,Flu ED visits pct,quantile,0.25,1.0970762615876561
el-paso,2026-03-14,2,2026-03-28,Flu ED visits pct,quantile,0.25,1.7292645374522737
eugene,2026-03-14,2,2026-03-28,Flu ED visits pct,quantile,0.25,0.32936699967133476
fay-area,2026-03-14,2,2026-03-28,Flu ED visits pct,quantile,0.25,2.0789957737426987
florence,2026-03-14,2,2026-03-28,Flu ED visits pct,quantile,0.25,0.3915460167860085
floyd,2026-03-14,2,2026-03-28,Flu ED visits pct,quantile,0.25,0.6015158058180463
frederick,2026-03-14,2,2026-03-28,Flu ED visits pct,quantile,0.25,0.4010507465218043
georgia,2026-03-14,2,2026-03-28,Flu ED visits pct,quantile,0.25,0.6811339889738064
greenville,2026-03-14,2,2026-03-28,Flu ED visits pct,quantile,0.25,1.031947048730316
hall,2026-03-14,2,2026-03-28,Flu ED visits pct,quantile,0.25,0.9078889594825188
harford,2026-03-14,2,2026-03-28,Flu ED visits pct,quantile,0.25,0.747916186936648
henry,2026-03-14,2,2026-03-28,Flu ED visits pct,quantile,0.25,0.44988378017183545
horry,2026-03-14,2,2026-03-28,Flu ED visits pct,quantile,0.25,0.5995813677470169
houston,2026-03-14,2,2026-03-28,Flu ED visits pct,quantile,0.25,0.8430289365055271
indiana,2026-03-14,2,2026-03-28,Flu ED visits pct,quantile,0.25,1.3837628345344155
indianapolis,2026-03-14,2,2026-03-28,Flu ED visits pct,quantile,0.25,1.7746567914966982
la-grange,2026-03-14,2,2026-03-28,Flu ED visits pct,quantile,0.25,0.4033065367529667
larimer,2026-03-14,2,2026-03-28,Flu ED visits pct,quantile,0.25,0.5859582863813249
lynn,2026-03-14,2,2026-03-28,Flu ED visits pct,quantile,0.25,0.5040037370447569
macon,2026-03-14,2,2026-03-28,Flu ED visits pct,quantile,0.25,0.49669986083676476
maine,2026-03-14,2,2026-03-28,Flu ED visits pct,quantile,0.25,0.5480677301986259
marietta,2026-03-14,2,2026-03-28,Flu ED visits pct,quantile,0.25,0.4733640432304297
maryland,2026-03-14,2,2026-03-28,Flu ED visits pct,quantile,0.25,0.9033351941729071
massachusetts,2026-03-14,2,2026-03-28,Flu ED visits pct,quantile,0.25,0.6493271313241846
medford,2026-03-14,2,2026-03-28,Flu ED visits pct,quantile,0.25,0.19511846527152765
mesa,2026-03-14,2,2026-03-28,Flu ED visits pct,quantile,0.25,0.4145005722459952
minneapolis,2026-03-14,2,2026-03-28,Flu ED visits pct,quantile,0.25,1.7370809300594896
minnesota,2026-03-14,2,2026-03-28,Flu ED visits pct,quantile,0.25,1.4915274514766785
montgomery,2026-03-14,2,2026-03-28,Flu ED visits pct,quantile,0.25,0.982288123623334
nenc,2026-03-14,2,2026-03-28,Flu ED visits pct,quantile,0.25,1.090960925003019
new-bedford,2026-03-14,2,2026-03-28,Flu ED visits pct,quantile,0.25,0.5233676137846303
north-carolina,2026-03-14,2,2026-03-28,Flu ED visits pct,quantile,0.25,1.2752584361423094
nyc,2026-03-14,2,2026-03-28,ILI ED visits pct,quantile,0.25,2.526933813182828
ogden,2026-03-14,2,2026-03-28,Flu ED visits pct,quantile,0.25,0.5879576804408103
oregon,2026-03-14,2,2026-03-28,Flu ED visits pct,quantile,0.25,0.9179820421467474
pittsfield,2026-03-14,2,2026-03-28,Flu ED visits pct,quantile,0.25,0.19897153828098707
portland,2026-03-14,2,2026-03-28,Flu ED visits pct,quantile,0.25,0.4533555360113211
portland-or,2026-03-14,2,2026-03-28,Flu ED visits pct,quantile,0.25,1.1020137373798704
provo,2026-03-14,2,2026-03-28,Flu ED visits pct,quantile,0.25,0.32636282278343326
roanoke,2026-03-14,2,2026-03-28,Flu ED visits pct,quantile,0.25,1.42466458348114
rochester,2026-03-14,2,2026-03-28,Flu ED visits pct,quantile,0.25,1.184000457749567
rock-hill,2026-03-14,2,2026-03-28,Flu ED visits pct,quantile,0.25,0.5805838780102281
rtp-area,2026-03-14,2,2026-03-28,Flu ED visits pct,quantile,0.25,0.871391017566184
salem,2026-03-14,2,2026-03-28,Flu ED visits pct,quantile,0.25,0.8914434802433537
salt-lake-city,2026-03-14,2,2026-03-28,Flu ED visits pct,quantile,0.25,0.5349148651864825
san-antonio,2026-03-14,2,2026-03-28,Flu ED visits pct,quantile,0.25,1.0342535941855464
savannah,2026-03-14,2,2026-03-28,Flu ED visits pct,quantile,0.25,0.23975690720302947
senc,2026-03-14,2,2026-03-28,Flu ED visits pct,quantile,0.25,0.7520836699961221
south-augusta,2026-03-14,2,2026-03-28,Flu ED visits pct,quantile,0.25,0.4953615041772409
south-carolina,2026-03-14,2,2026-03-28,Flu ED visits pct,quantile,0.25,0.8899823935265816
springfield,2026-03-14,2,2026-03-28,Flu ED visits pct,quantile,0.25,0.5773354010998815
st-cloud,2026-03-14,2,2026-03-28,Flu ED visits pct,quantile,0.25,0.6223167209018183
st-paul,2026-03-14,2,2026-03-28,Flu ED visits pct,quantile,0.25,1.9258726389698408
texas,2026-03-14,2,2026-03-28,Flu ED visits pct,quantile,0.25,1.0748165839636947
triad-area,2026-03-14,2,2026-03-28,Flu ED visits pct,quantile,0.25,0.8046757310911812
utah,2026-03-14,2,2026-03-28,Flu ED visits pct,quantile,0.25,0.5865153600276021
virginia,2026-03-14,2,2026-03-28,Flu ED visits pct,quantile,0.25,1.5364747184329788
weld,2026-03-14,2,2026-03-28,Flu ED visits pct,quantile,0.25,1.975574918169346
wnc,2026-03-14,2,2026-03-28,Flu ED visits pct,quantile,0.25,0.9026711581966187
worcester,2026-03-14,2,2026-03-28,Flu ED visits pct,quantile,0.25,0.557552716237421
athens,2026-03-14,3,2026-04-04,Flu ED visits pct,quantile,0.25,0.7101440820729383
austin,2026-03-14,3,2026-04-04,Flu ED visits pct,quantile,0.25,0.669632941599099
baltimore,2026-03-14,3,2026-04-04,Flu ED visits pct,quantile,0.25,0.7776429460149513
bangor,2026-03-14,3,2026-04-04,Flu ED visits pct,quantile,0.25,0.3846379238186801
beaumont,2026-03-14,3,2026-04-04,Flu ED visits pct,quantile,0.25,0.5950550489976799
boston,2026-03-14,3,2026-04-04,Flu ED visits pct,quantile,0.25,0.631475489365786
boulder,2026-03-14,3,2026-04-04,Flu ED visits pct,quantile,0.25,1.0712435185787224
charleston,2026-03-14,3,2026-04-04,Flu ED visits pct,quantile,0.25,0.5722342654463377
cherokee,2026-03-14,3,2026-04-04,Flu ED visits pct,quantile,0.25,0.5115219726715986
clt-area,2026-03-14,3,2026-04-04,Flu ED visits pct,quantile,0.25,1.3733537968478342
colorado,2026-03-14,3,2026-04-04,Flu ED visits pct,quantile,0.25,0.8856046806039554
colorado-springs,2026-03-14,3,2026-04-04,Flu ED visits pct,quantile,0.25,0.6306477838413432
columbia,2026-03-14,3,2026-04-04,Flu ED visits pct,quantile,0.25,0.6839913255050893
columbus,2026-03-14,3,2026-04-04,Flu ED visits pct,quantile,0.25,0.5032514713122831
dallas,2026-03-14,3,2026-04-04,Flu ED visits pct,quantile,0.25,0.7023208142886769
denver,2026-03-14,3,2026-04-04,Flu ED visits pct,quantile,0.25,1.1120826574034122
deschutes,2026-03-14,3,2026-04-04,Flu ED visits pct,quantile,0.25,0.46419132230665583
duluth,2026-03-14,3,2026-04-04,Flu ED visits pct,quantile,0.25,0.9888253042397417
el-paso,2026-03-14,3,2026-04-04,Flu ED visits pct,quantile,0.25,1.6981928891870053
eugene,2026-03-14,3,2026-04-04,Flu ED visits pct,quantile,0.25,0.23458125326355997
fay-area,2026-03-14,3,2026-04-04,Flu ED visits pct,quantile,0.25,1.6167362319998786
florence,2026-03-14,3,2026-04-04,Flu ED visits pct,quantile,0.25,0.32026689885520077
floyd,2026-03-14,3,2026-04-04,Flu ED visits pct,quantile,0.25,0.4940050463786063
frederick,2026-03-14,3,2026-04-04,Flu ED visits pct,quantile,0.25,0.38072630356676973
georgia,2026-03-14,3,2026-04-04,Flu ED visits pct,quantile,0.25,0.5775002876096581
greenville,2026-03-14,3,2026-04-04,Flu ED visits pct,quantile,0.25,0.8135200489126164
hall,2026-03-14,3,2026-04-04,Flu ED visits pct,quantile,0.25,0.8139759189000473
harford,2026-03-14,3,2026-04-04,Flu ED visits pct,quantile,0.25,0.703770567981858
henry,2026-03-14,3,2026-04-04,Flu ED visits pct,quantile,0.25,0.37896682837607554
horry,2026-03-14,3,2026-04-04,Flu ED visits pct,quantile,0.25,0.5194500764459344
houston,2026-03-14,3,2026-04-04,Flu ED visits pct,quantile,0.25,0.7754901772803061
indiana,2026-03-14,3,2026-04-04,Flu ED visits pct,quantile,0.25,0.9766719000174547
indianapolis,2026-03-14,3,2026-04-04,Flu ED visits pct,quantile,0.25,1.324012955572565
la-grange,2026-03-14,3,2026-04-04,Flu ED visits pct,quantile,0.25,0.3396595520549039
larimer,2026-03-14,3,2026-04-04,Flu ED visits pct,quantile,0.25,0.510904816483947
lynn,2026-03-14,3,2026-04-04,Flu ED visits pct,quantile,0.25,0.4477919224446011
macon,2026-03-14,3,2026-04-04,Flu ED visits pct,quantile,0.25,0.43285597149596444
maine,2026-03-14,3,2026-04-04,Flu ED visits pct,quantile,0.25,0.4603719637066696
marietta,2026-03-14,3,2026-04-04,Flu ED visits pct,quantile,0.25,0.39606649313371806
maryland,2026-03-14,3,2026-04-04,Flu ED visits pct,quantile,0.25,0.8495676452994041
massachusetts,2026-03-14,3,2026-04-04,Flu ED visits pct,quantile,0.25,0.5949495908813245
medford,2026-03-14,3,2026-04-04,Flu ED visits pct,quantile,0.25,0.14863876064613357
mesa,2026-03-14,3,2026-04-04,Flu ED visits pct,quantile,0.25,0.36397311264562937
minneapolis,2026-03-14,3,2026-04-04,Flu ED visits pct,quantile,0.25,1.5434645848564084
minnesota,2026-03-14,3,2026-04-04,Flu ED visits pct,quantile,0.25,1.312991806768512
montgomery,2026-03-14,3,2026-04-04,Flu ED visits pct,quantile,0.25,0.9247438419449759
nenc,2026-03-14,3,2026-04-04,Flu ED visits pct,quantile,0.25,0.8075704851143644
new-bedford,2026-03-14,3,2026-04-04,Flu ED visits pct,quantile,0.25,0.4639037952178942
north-carolina,2026-03-14,3,2026-04-04,Flu ED visits pct,quantile,0.25,0.9452017606911794
nyc,2026-03-14,3,2026-04-04,ILI ED visits pct,quantile,0.25,2.50679685105286
ogden,2026-03-14,3,2026-04-04,Flu ED visits pct,quantile,0.25,0.48779811905082315
oregon,2026-03-14,3,2026-04-04,Flu ED visits pct,quantile,0.25,0.7027503709326481
pittsfield,2026-03-14,3,2026-04-04,Flu ED visits pct,quantile,0.25,0.1780611728453096
portland,2026-03-14,3,2026-04-04,Flu ED visits pct,quantile,0.25,0.38579499171429193
portland-or,2026-03-14,3,2026-04-04,Flu ED visits pct,quantile,0.25,0.8497068700905097
provo,2026-03-14,3,2026-04-04,Flu ED visits pct,quantile,0.25,0.2716555245554186
roanoke,2026-03-14,3,2026-04-04,Flu ED visits pct,quantile,0.25,1.1777438619939304
rochester,2026-03-14,3,2026-04-04,Flu ED visits pct,quantile,0.25,0.894656761123914
rock-hill,2026-03-14,3,2026-04-04,Flu ED visits pct,quantile,0.25,0.5296347778967798
rtp-area,2026-03-14,3,2026-04-04,Flu ED visits pct,quantile,0.25,0.6389808094398994
salem,2026-03-14,3,2026-04-04,Flu ED visits pct,quantile,0.25,0.6735637800187014
salt-lake-city,2026-03-14,3,2026-04-04,Flu ED visits pct,quantile,0.25,0.43185069850944385
san-antonio,2026-03-14,3,2026-04-04,Flu ED visits pct,quantile,0.25,0.7486516771147004
savannah,2026-03-14,3,2026-04-04,Flu ED visits pct,quantile,0.25,0.1992302574220716
senc,2026-03-14,3,2026-04-04,Flu ED visits pct,quantile,0.25,0.5656577714374555
south-augusta,2026-03-14,3,2026-04-04,Flu ED visits pct,quantile,0.25,0.3628149838663404
south-carolina,2026-03-14,3,2026-04-04,Flu ED visits pct,quantile,0.25,0.7284190429958667
springfield,2026-03-14,3,2026-04-04,Flu ED visits pct,quantile,0.25,0.5365457050005298
st-cloud,2026-03-14,3,2026-04-04,Flu ED visits pct,quantile,0.25,0.47477859813786316
st-paul,2026-03-14,3,2026-04-04,Flu ED visits pct,quantile,0.25,1.7677752203754789
texas,2026-03-14,3,2026-04-04,Flu ED visits pct,quantile,0.25,0.8989631257002128
triad-area,2026-03-14,3,2026-04-04,Flu ED visits pct,quantile,0.25,0.6042623503312486
utah,2026-03-14,3,2026-04-04,Flu ED visits pct,quantile,0.25,0.4945785307784706
virginia,2026-03-14,3,2026-04-04,Flu ED visits pct,quantile,0.25,1.3585353376868166
weld,2026-03-14,3,2026-04-04,Flu ED visits pct,quantile,0.25,1.8830844585863957
wnc,2026-03-14,3,2026-04-04,Flu ED visits pct,quantile,0.25,0.6681400757145541
worcester,2026-03-14,3,2026-04-04,Flu ED visits pct,quantile,0.25,0.4869728427222595
athens,2026-03-14,0,2026-03-14,Flu ED visits pct,quantile,0.5,2.23032676695155
austin,2026-03-14,0,2026-03-14,Flu ED visits pct,quantile,0.5,1.6699370244656764
baltimore,2026-03-14,0,2026-03-14,Flu ED visits pct,quantile,0.5,0.9400528060619003
bangor,2026-03-14,0,2026-03-14,Flu ED visits pct,quantile,0.5,1.2204271489715273
beaumont,2026-03-14,0,2026-03-14,Flu ED visits pct,quantile,0.5,1.5646368476909362
boston,2026-03-14,0,2026-03-14,Flu ED visits pct,quantile,0.5,1.0133960394097128
boulder,2026-03-14,0,2026-03-14,Flu ED visits pct,quantile,0.5,3.453608909538011
charleston,2026-03-14,0,2026-03-14,Flu ED visits pct,quantile,0.5,1.9237138983452446
cherokee,2026-03-14,0,2026-03-14,Flu ED visits pct,quantile,0.5,1.5424954626634972
clt-area,2026-03-14,0,2026-03-14,Flu ED visits pct,quantile,0.5,3.298993511268798
colorado,2026-03-14,0,2026-03-14,Flu ED visits pct,quantile,0.5,2.1547332262230756
colorado-springs,2026-03-14,0,2026-03-14,Flu ED visits pct,quantile,0.5,1.6874002761103752
columbia,2026-03-14,0,2026-03-14,Flu ED visits pct,quantile,0.5,1.8843514311518894
columbus,2026-03-14,0,2026-03-14,Flu ED visits pct,quantile,0.5,1.852776697542886
dallas,2026-03-14,0,2026-03-14,Flu ED visits pct,quantile,0.5,1.6633697625050163
denver,2026-03-14,0,2026-03-14,Flu ED visits pct,quantile,0.5,2.109059706845081
deschutes,2026-03-14,0,2026-03-14,Flu ED visits pct,quantile,0.5,1.457250809740428
duluth,2026-03-14,0,2026-03-14,Flu ED visits pct,quantile,0.5,2.3945249040902103
el-paso,2026-03-14,0,2026-03-14,Flu ED visits pct,quantile,0.5,2.0207208790266376
eugene,2026-03-14,0,2026-03-14,Flu ED visits pct,quantile,0.5,0.9574024678744815
fay-area,2026-03-14,0,2026-03-14,Flu ED visits pct,quantile,0.5,4.270345754528822
florence,2026-03-14,0,2026-03-14,Flu ED visits pct,quantile,0.5,1.2319275441669981
floyd,2026-03-14,0,2026-03-14,Flu ED visits pct,quantile,0.5,1.6116883629311978
frederick,2026-03-14,0,2026-03-14,Flu ED visits pct,quantile,0.5,0.7177835596513273
georgia,2026-03-14,0,2026-03-14,Flu ED visits pct,quantile,0.5,1.4382023455536908
greenville,2026-03-14,0,2026-03-14,Flu ED visits pct,quantile,0.5,2.496322360961567
hall,2026-03-14,0,2026-03-14,Flu ED visits pct,quantile,0.5,1.9166386438261798
harford,2026-03-14,0,2026-03-14,Flu ED visits pct,quantile,0.5,1.3803504393080321
henry,2026-03-14,0,2026-03-14,Flu ED visits pct,quantile,0.5,1.064189605153722
horry,2026-03-14,0,2026-03-14,Flu ED visits pct,quantile,0.5,1.3228258554003254
houston,2026-03-14,0,2026-03-14,Flu ED visits pct,quantile,0.5,0.9776685202119534
indiana,2026-03-14,0,2026-03-14,Flu ED visits pct,quantile,0.5,3.217731825037657
indianapolis,2026-03-14,0,2026-03-14,Flu ED visits pct,quantile,0.5,3.813025886771884
la-grange,2026-03-14,0,2026-03-14,Flu ED visits pct,quantile,0.5,1.1556415571663898
larimer,2026-03-14,0,2026-03-14,Flu ED visits pct,quantile,0.5,1.3860732229412607
lynn,2026-03-14,0,2026-03-14,Flu ED visits pct,quantile,0.5,0.9325026830834677
macon,2026-03-14,0,2026-03-14,Flu ED visits pct,quantile,0.5,1.1208949266227637
maine,2026-03-14,0,2026-03-14,Flu ED visits pct,quantile,0.5,1.0993963945793186
marietta,2026-03-14,0,2026-03-14,Flu ED visits pct,quantile,0.5,1.2150627347777965
maryland,2026-03-14,0,2026-03-14,Flu ED visits pct,quantile,0.5,1.2173317509426855
massachusetts,2026-03-14,0,2026-03-14,Flu ED visits pct,quantile,0.5,1.0053789854415478
medford,2026-03-14,0,2026-03-14,Flu ED visits pct,quantile,0.5,0.7263410883369597
mesa,2026-03-14,0,2026-03-14,Flu ED visits pct,quantile,0.5,1.0133801808210716
minneapolis,2026-03-14,0,2026-03-14,Flu ED visits pct,quantile,0.5,2.477354242490587
minnesota,2026-03-14,0,2026-03-14,Flu ED visits pct,quantile,0.5,2.5886942670813977
montgomery,2026-03-14,0,2026-03-14,Flu ED visits pct,quantile,0.5,1.1927464255599367
nenc,2026-03-14,0,2026-03-14,Flu ED visits pct,quantile,0.5,2.398218119784549
new-bedford,2026-03-14,0,2026-03-14,Flu ED visits pct,quantile,0.5,1.0300878811666512
north-carolina,2026-03-14,0,2026-03-14,Flu ED visits pct,quantile,0.5,2.483463147196263
nyc,2026-03-14,0,2026-03-14,ILI ED visits pct,quantile,0.5,2.546305283219368
ogden,2026-03-14,0,2026-03-14,Flu ED visits pct,quantile,0.5,1.4152389490821358
oregon,2026-03-14,0,2026-03-14,Flu ED visits pct,quantile,0.5,1.9948790541491894
pittsfield,2026-03-14,0,2026-03-14,Flu ED visits pct,quantile,0.5,0.5935624477294569
portland,2026-03-14,0,2026-03-14,Flu ED visits pct,quantile,0.5,0.9683325844753735
portland-or,2026-03-14,0,2026-03-14,Flu ED visits pct,quantile,0.5,2.399655231591493
provo,2026-03-14,0,2026-03-14,Flu ED visits pct,quantile,0.5,0.7871194581041548
roanoke,2026-03-14,0,2026-03-14,Flu ED visits pct,quantile,0.5,3.1377700577246097
rochester,2026-03-14,0,2026-03-14,Flu ED visits pct,quantile,0.5,3.177997199118974
rock-hill,2026-03-14,0,2026-03-14,Flu ED visits pct,quantile,0.5,1.0676173288850705
rtp-area,2026-03-14,0,2026-03-14,Flu ED visits pct,quantile,0.5,1.8024562415755363
salem,2026-03-14,0,2026-03-14,Flu ED visits pct,quantile,0.5,2.308887744054078
salt-lake-city,2026-03-14,0,2026-03-14,Flu ED visits pct,quantile,0.5,1.0901333587959667
san-antonio,2026-03-14,0,2026-03-14,Flu ED visits pct,quantile,0.5,2.373286196458956
savannah,2026-03-14,0,2026-03-14,Flu ED visits pct,quantile,0.5,0.6732404380902455
senc,2026-03-14,0,2026-03-14,Flu ED visits pct,quantile,0.5,1.6945534642694209
south-augusta,2026-03-14,0,2026-03-14,Flu ED visits pct,quantile,0.5,1.295469317890469
south-carolina,2026-03-14,0,2026-03-14,Flu ED visits pct,quantile,0.5,1.8059599785637646
springfield,2026-03-14,0,2026-03-14,Flu ED visits pct,quantile,0.5,1.113336287526727
st-cloud,2026-03-14,0,2026-03-14,Flu ED visits pct,quantile,0.5,1.8538084041573042
st-paul,2026-03-14,0,2026-03-14,Flu ED visits pct,quantile,0.5,2.455707872068648
texas,2026-03-14,0,2026-03-14,Flu ED visits pct,quantile,0.5,1.9502755512029784
triad-area,2026-03-14,0,2026-03-14,Flu ED visits pct,quantile,0.5,1.6908998127851902
utah,2026-03-14,0,2026-03-14,Flu ED visits pct,quantile,0.5,1.1846739809827074
virginia,2026-03-14,0,2026-03-14,Flu ED visits pct,quantile,0.5,2.4252171974758956
weld,2026-03-14,0,2026-03-14,Flu ED visits pct,quantile,0.5,3.4621943241185575
wnc,2026-03-14,0,2026-03-14,Flu ED visits pct,quantile,0.5,1.9351398387362906
worcester,2026-03-14,0,2026-03-14,Flu ED visits pct,quantile,0.5,0.9844601547806099
athens,2026-03-14,1,2026-03-21,Flu ED visits pct,quantile,0.5,1.6968496237851571
austin,2026-03-14,1,2026-03-21,Flu ED visits pct,quantile,0.5,1.2677010417819268
baltimore,2026-03-14,1,2026-03-21,Flu ED visits pct,quantile,0.5,0.9384635814153632
bangor,2026-03-14,1,2026-03-21,Flu ED visits pct,quantile,0.5,0.8805309349535009
beaumont,2026-03-14,1,2026-03-21,Flu ED visits pct,quantile,0.5,1.3424761536567862
boston,2026-03-14,1,2026-03-21,Flu ED visits pct,quantile,0.5,0.9213238372467689
boulder,2026-03-14,1,2026-03-21,Flu ED visits pct,quantile,0.5,2.6279086781757575
charleston,2026-03-14,1,2026-03-21,Flu ED visits pct,quantile,0.5,1.401680322381184
cherokee,2026-03-14,1,2026-03-21,Flu ED visits pct,quantile,0.5,1.1240119498352905
clt-area,2026-03-14,1,2026-03-21,Flu ED visits pct,quantile,0.5,2.8561246577732446
colorado,2026-03-14,1,2026-03-21,Flu ED visits pct,quantile,0.5,1.811636672973739
colorado-springs,2026-03-14,1,2026-03-21,Flu ED visits pct,quantile,0.5,1.2553590820992586
columbia,2026-03-14,1,2026-03-21,Flu ED visits pct,quantile,0.5,1.410649628128578
columbus,2026-03-14,1,2026-03-21,Flu ED visits pct,quantile,0.5,1.3203625365715723
dallas,2026-03-14,1,2026-03-21,Flu ED visits pct,quantile,0.5,1.2806578416945775
denver,2026-03-14,1,2026-03-21,Flu ED visits pct,quantile,0.5,1.8418634140748311
deschutes,2026-03-14,1,2026-03-21,Flu ED visits pct,quantile,0.5,1.035836123745663
duluth,2026-03-14,1,2026-03-21,Flu ED visits pct,quantile,0.5,1.8916478081058838
el-paso,2026-03-14,1,2026-03-21,Flu ED visits pct,quantile,0.5,2.0264674617617584
eugene,2026-03-14,1,2026-03-21,Flu ED visits pct,quantile,0.5,0.6685559300218277
fay-area,2026-03-14,1,2026-03-21,Flu ED visits pct,quantile,0.5,3.682833202795576
florence,2026-03-14,1,2026-03-21,Flu ED visits pct,quantile,0.5,0.8381757467390789
floyd,2026-03-14,1,2026-03-21,Flu ED visits pct,quantile,0.5,1.1571282700189935
frederick,2026-03-14,1,2026-03-21,Flu ED visits pct,quantile,0.5,0.676960301209328
georgia,2026-03-14,1,2026-03-21,Flu ED visits pct,quantile,0.5,1.1007841647695185
greenville,2026-03-14,1,2026-03-21,Flu ED visits pct,quantile,0.5,1.9741039804925526
hall,2026-03-14,1,2026-03-21,Flu ED visits pct,quantile,0.5,1.5475801731838672
harford,2026-03-14,1,2026-03-21,Flu ED visits pct,quantile,0.5,1.2757676288221615
henry,2026-03-14,1,2026-03-21,Flu ED visits pct,quantile,0.5,0.7875123242363622
horry,2026-03-14,1,2026-03-21,Flu ED visits pct,quantile,0.5,1.0101783496389045
houston,2026-03-14,1,2026-03-21,Flu ED visits pct,quantile,0.5,0.948767811383559
indiana,2026-03-14,1,2026-03-21,Flu ED visits pct,quantile,0.5,2.5481698663916403
indianapolis,2026-03-14,1,2026-03-21,Flu ED visits pct,quantile,0.5,2.916570410041787
la-grange,2026-03-14,1,2026-03-21,Flu ED visits pct,quantile,0.5,0.8210678767547719
larimer,2026-03-14,1,2026-03-21,Flu ED visits pct,quantile,0.5,1.0589778532326433
lynn,2026-03-14,1,2026-03-21,Flu ED visits pct,quantile,0.5,0.8300197837519446
macon,2026-03-14,1,2026-03-21,Flu ED visits pct,quantile,0.5,0.8257704260825055
maine,2026-03-14,1,2026-03-21,Flu ED visits pct,quantile,0.5,0.8844691879488623
marietta,2026-03-14,1,2026-03-21,Flu ED visits pct,quantile,0.5,0.8913667610158029
maryland,2026-03-14,1,2026-03-21,Flu ED visits pct,quantile,0.5,1.1964590047153774
massachusetts,2026-03-14,1,2026-03-21,Flu ED visits pct,quantile,0.5,0.9110381663783242
medford,2026-03-14,1,2026-03-21,Flu ED visits pct,quantile,0.5,0.45874169462853054
mesa,2026-03-14,1,2026-03-21,Flu ED visits pct,quantile,0.5,0.7394815804169618
minneapolis,2026-03-14,1,2026-03-21,Flu ED visits pct,quantile,0.5,2.3300132379149243
minnesota,2026-03-14,1,2026-03-21,Flu ED visits pct,quantile,0.5,2.4166726372159673
montgomery,2026-03-14,1,2026-03-21,Flu ED visits pct,quantile,0.5,1.1839250230718354
nenc,2026-03-14,1,2026-03-21,Flu ED visits pct,quantile,0.5,2.017110910557542
new-bedford,2026-03-14,1,2026-03-21,Flu ED visits pct,quantile,0.5,0.8994997661572413
north-carolina,2026-03-14,1,2026-03-21,Flu ED visits pct,quantile,0.5,2.0439846837572726
nyc,2026-03-14,1,2026-03-21,ILI ED visits pct,quantile,0.5,2.5917251225924804
ogden,2026-03-14,1,2026-03-21,Flu ED visits pct,quantile,0.5,1.0467261099664587
oregon,2026-03-14,1,2026-03-21,Flu ED visits pct,quantile,0.5,1.4997806824245825
pittsfield,2026-03-14,1,2026-03-21,Flu ED visits pct,quantile,0.5,0.5230871050512275
portland,2026-03-14,1,2026-03-21,Flu ED visits pct,quantile,0.5,0.7499387598913333
portland-or,2026-03-14,1,2026-03-21,Flu ED visits pct,quantile,0.5,1.8146942056693995
provo,2026-03-14,1,2026-03-21,Flu ED visits pct,quantile,0.5,0.6357633335611131
roanoke,2026-03-14,1,2026-03-21,Flu ED visits pct,quantile,0.5,2.52142899786579
rochester,2026-03-14,1,2026-03-21,Flu ED visits pct,quantile,0.5,2.2944196038161566
rock-hill,2026-03-14,1,2026-03-21,Flu ED visits pct,quantile,0.5,0.9340991017485054
rtp-area,2026-03-14,1,2026-03-21,Flu ED visits pct,quantile,0.5,1.4375132136166195
salem,2026-03-14,1,2026-03-21,Flu ED visits pct,quantile,0.5,1.6472317496636568
salt-lake-city,2026-03-14,1,2026-03-21,Flu ED visits pct,quantile,0.5,0.8136196798267129
san-antonio,2026-03-14,1,2026-03-21,Flu ED visits pct,quantile,0.5,1.742480609318264
savannah,2026-03-14,1,2026-03-21,Flu ED visits pct,quantile,0.5,0.46591310690775267
senc,2026-03-14,1,2026-03-21,Flu ED visits pct,quantile,0.5,1.397803155924972
south-augusta,2026-03-14,1,2026-03-21,Flu ED visits pct,quantile,0.5,0.9226397824480594
south-carolina,2026-03-14,1,2026-03-21,Flu ED visits pct,quantile,0.5,1.3743262664854452
springfield,2026-03-14,1,2026-03-21,Flu ED visits pct,quantile,0.5,1.0255144273449144
st-cloud,2026-03-14,1,2026-03-21,Flu ED visits pct,quantile,0.5,1.2953894136236557
st-paul,2026-03-14,1,2026-03-21,Flu ED visits pct,quantile,0.5,2.3742294552301417
texas,2026-03-14,1,2026-03-21,Flu ED visits pct,quantile,0.5,1.6299120122826793
triad-area,2026-03-14,1,2026-03-21,Flu ED visits pct,quantile,0.5,1.4123272287004827
utah,2026-03-14,1,2026-03-21,Flu ED visits pct,quantile,0.5,0.914482206038627
virginia,2026-03-14,1,2026-03-21,Flu ED visits pct,quantile,0.5,2.2659972033706164
weld,2026-03-14,1,2026-03-21,Flu ED visits pct,quantile,0.5,3.002949568167674
wnc,2026-03-14,1,2026-03-21,Flu ED visits pct,quantile,0.5,1.6012830425164855
worcester,2026-03-14,1,2026-03-21,Flu ED visits pct,quantile,0.5,0.8543027587315473
athens,2026-03-14,2,2026-03-28,Flu ED visits pct,quantile,0.5,1.278172174280163
austin,2026-03-14,2,2026-03-28,Flu ED visits pct,quantile,0.5,0.9771195146188698
baltimore,2026-03-14,2,2026-03-28,Flu ED visits pct,quantile,0.5,0.979283126027245
bangor,2026-03-14,2,2026-03-28,Flu ED visits pct,quantile,0.5,0.6920572606665142
beaumont,2026-03-14,2,2026-03-28,Flu ED visits pct,quantile,0.5,1.0956786411170898
boston,2026-03-14,2,2026-03-28,Flu ED visits pct,quantile,0.5,0.8488607704085968
boulder,2026-03-14,2,2026-03-28,Flu ED visits pct,quantile,0.5,1.9650542353122222
charleston,2026-03-14,2,2026-03-28,Flu ED visits pct,quantile,0.5,1.007415827017852
cherokee,2026-03-14,2,2026-03-28,Flu ED visits pct,quantile,0.5,0.8500420631721217
clt-area,2026-03-14,2,2026-03-28,Flu ED visits pct,quantile,0.5,2.4005445468223963
colorado,2026-03-14,2,2026-03-28,Flu ED visits pct,quantile,0.5,1.4926887184714457
colorado-springs,2026-03-14,2,2026-03-28,Flu ED visits pct,quantile,0.5,0.9533192641976217
columbia,2026-03-14,2,2026-03-28,Flu ED visits pct,quantile,0.5,1.0884122522089719
columbus,2026-03-14,2,2026-03-28,Flu ED visits pct,quantile,0.5,0.9533315816281511
dallas,2026-03-14,2,2026-03-28,Flu ED visits pct,quantile,0.5,1.0217420774728692
denver,2026-03-14,2,2026-03-28,Flu ED visits pct,quantile,0.5,1.5405098495704894
deschutes,2026-03-14,2,2026-03-28,Flu ED visits pct,quantile,0.5,0.7711447878244655
duluth,2026-03-14,2,2026-03-28,Flu ED visits pct,quantile,0.5,1.4586697022766353
el-paso,2026-03-14,2,2026-03-28,Flu ED visits pct,quantile,0.5,2.0516882915868155
eugene,2026-03-14,2,2026-03-28,Flu ED visits pct,quantile,0.5,0.46553088084553357
fay-area,2026-03-14,2,2026-03-28,Flu ED visits pct,quantile,0.5,2.9082074839017005
florence,2026-03-14,2,2026-03-28,Flu ED visits pct,quantile,0.5,0.620151763242498
floyd,2026-03-14,2,2026-03-28,Flu ED visits pct,quantile,0.5,0.9145688108141911
frederick,2026-03-14,2,2026-03-28,Flu ED visits pct,quantile,0.5,0.6530285337967655
georgia,2026-03-14,2,2026-03-28,Flu ED visits pct,quantile,0.5,0.8555685002288549
greenville,2026-03-14,2,2026-03-28,Flu ED visits pct,quantile,0.5,1.5166963119890984
hall,2026-03-14,2,2026-03-28,Flu ED visits pct,quantile,0.5,1.2222817645403787
harford,2026-03-14,2,2026-03-28,Flu ED visits pct,quantile,0.5,1.2241723188848146
henry,2026-03-14,2,2026-03-28,Flu ED visits pct,quantile,0.5,0.623436325020526
horry,2026-03-14,2,2026-03-28,Flu ED visits pct,quantile,0.5,0.8044903490730733
houston,2026-03-14,2,2026-03-28,Flu ED visits pct,quantile,0.5,0.8909536218676642
indiana,2026-03-14,2,2026-03-28,Flu ED visits pct,quantile,0.5,1.9605228600954263
indianapolis,2026-03-14,2,2026-03-28,Flu ED visits pct,quantile,0.5,2.248550831775535
la-grange,2026-03-14,2,2026-03-28,Flu ED visits pct,quantile,0.5,0.6109711409153702
larimer,2026-03-14,2,2026-03-28,Flu ED visits pct,quantile,0.5,0.8787685107551647
lynn,2026-03-14,2,2026-03-28,Flu ED visits pct,quantile,0.5,0.7678232992573678
macon,2026-03-14,2,2026-03-28,Flu ED visits pct,quantile,0.5,0.6348285685744889
maine,2026-03-14,2,2026-03-28,Flu ED visits pct,quantile,0.5,0.7428402800323782
marietta,2026-03-14,2,2026-03-28,Flu ED visits pct,quantile,0.5,0.6912760492736187
maryland,2026-03-14,2,2026-03-28,Flu ED visits pct,quantile,0.5,1.1402346923807722
massachusetts,2026-03-14,2,2026-03-28,Flu ED visits pct,quantile,0.5,0.8482863941099033
medford,2026-03-14,2,2026-03-28,Flu ED visits pct,quantile,0.5,0.305532065846248
mesa,2026-03-14,2,2026-03-28,Flu ED visits pct,quantile,0.5,0.6024954633201643
minneapolis,2026-03-14,2,2026-03-28,Flu ED visits pct,quantile,0.5,2.1499379738335747
minnesota,2026-03-14,2,2026-03-28,Flu ED visits pct,quantile,0.5,2.2272475309274675
montgomery,2026-03-14,2,2026-03-28,Flu ED visits pct,quantile,0.5,1.2115725501365313
nenc,2026-03-14,2,2026-03-28,Flu ED visits pct,quantile,0.5,1.5417574889443284
new-bedford,2026-03-14,2,2026-03-28,Flu ED visits pct,quantile,0.5,0.833617563735729
north-carolina,2026-03-14,2,2026-03-28,Flu ED visits pct,quantile,0.5,1.6091757566047904
nyc,2026-03-14,2,2026-03-28,ILI ED visits pct,quantile,0.5,2.5432046956281584
ogden,2026-03-14,2,2026-03-28,Flu ED visits pct,quantile,0.5,0.8150569589436556
oregon,2026-03-14,2,2026-03-28,Flu ED visits pct,quantile,0.5,1.108395616260412
pittsfield,2026-03-14,2,2026-03-28,Flu ED visits pct,quantile,0.5,0.4776671299605705
portland,2026-03-14,2,2026-03-28,Flu ED visits pct,quantile,0.5,0.5887775793267792
portland-or,2026-03-14,2,2026-03-28,Flu ED visits pct,quantile,0.5,1.344327837740666
provo,2026-03-14,2,2026-03-28,Flu ED visits pct,quantile,0.5,0.5512095955477732
roanoke,2026-03-14,2,2026-03-28,Flu ED visits pct,quantile,0.5,1.9845232614791353
rochester,2026-03-14,2,2026-03-28,Flu ED visits pct,quantile,0.5,1.6230054641236833
rock-hill,2026-03-14,2,2026-03-28,Flu ED visits pct,quantile,0.5,0.8760494617016004
rtp-area,2026-03-14,2,2026-03-28,Flu ED visits pct,quantile,0.5,1.1593613651478878
salem,2026-03-14,2,2026-03-28,Flu ED visits pct,quantile,0.5,1.1938928682841614
salt-lake-city,2026-03-14,2,2026-03-28,Flu ED visits pct,quantile,0.5,0.6468632896358749
san-antonio,2026-03-14,2,2026-03-28,Flu ED visits pct,quantile,0.5,1.2811079043768079
savannah,2026-03-14,2,2026-03-28,Flu ED visits pct,quantile,0.5,0.3124699456556703
senc,2026-03-14,2,2026-03-28,Flu ED visits pct,quantile,0.5,1.0554954870554714
south-augusta,2026-03-14,2,2026-03-28,Flu ED visits pct,quantile,0.5,0.6720806320508138
south-carolina,2026-03-14,2,2026-03-28,Flu ED visits pct,quantile,0.5,1.0965530426939127
springfield,2026-03-14,2,2026-03-28,Flu ED visits pct,quantile,0.5,0.969876719195004
st-cloud,2026-03-14,2,2026-03-28,Flu ED visits pct,quantile,0.5,0.965653762729532
st-paul,2026-03-14,2,2026-03-28,Flu ED visits pct,quantile,0.5,2.3152297136098023
texas,2026-03-14,2,2026-03-28,Flu ED visits pct,quantile,0.5,1.3604319690203208
triad-area,2026-03-14,2,2026-03-28,Flu ED visits pct,quantile,0.5,1.1530886719822786
utah,2026-03-14,2,2026-03-28,Flu ED visits pct,quantile,0.5,0.7313008464352806
virginia,2026-03-14,2,2026-03-28,Flu ED visits pct,quantile,0.5,2.0836507395451456
weld,2026-03-14,2,2026-03-28,Flu ED visits pct,quantile,0.5,2.5413537282739216
wnc,2026-03-14,2,2026-03-28,Flu ED visits pct,quantile,0.5,1.271079236975056
worcester,2026-03-14,2,2026-03-28,Flu ED visits pct,quantile,0.5,0.785393220371604
athens,2026-03-14,3,2026-04-04,Flu ED visits pct,quantile,0.5,1.1211298988141247
austin,2026-03-14,3,2026-04-04,Flu ED visits pct,quantile,0.5,0.8087061359410329
baltimore,2026-03-14,3,2026-04-04,Flu ED visits pct,quantile,0.5,0.9803876906475474
bangor,2026-03-14,3,2026-04-04,Flu ED visits pct,quantile,0.5,0.5846472907373556
beaumont,2026-03-14,3,2026-04-04,Flu ED visits pct,quantile,0.5,0.9716675316841259
boston,2026-03-14,3,2026-04-04,Flu ED visits pct,quantile,0.5,0.8308872560447702
boulder,2026-03-14,3,2026-04-04,Flu ED visits pct,quantile,0.5,1.6277091002950836
charleston,2026-03-14,3,2026-04-04,Flu ED visits pct,quantile,0.5,0.8194638143510121
cherokee,2026-03-14,3,2026-04-04,Flu ED visits pct,quantile,0.5,0.7076851256749023
clt-area,2026-03-14,3,2026-04-04,Flu ED visits pct,quantile,0.5,2.028522579693523
colorado,2026-03-14,3,2026-04-04,Flu ED visits pct,quantile,0.5,1.3384416084315252
colorado-springs,2026-03-14,3,2026-04-04,Flu ED visits pct,quantile,0.5,0.813325813535432
columbia,2026-03-14,3,2026-04-04,Flu ED visits pct,quantile,0.5,0.9252758363556604
columbus,2026-03-14,3,2026-04-04,Flu ED visits pct,quantile,0.5,0.7548794277034993
dallas,2026-03-14,3,2026-04-04,Flu ED visits pct,quantile,0.5,0.8582964924519508
denver,2026-03-14,3,2026-04-04,Flu ED visits pct,quantile,0.5,1.381764221308165
deschutes,2026-03-14,3,2026-04-04,Flu ED visits pct,quantile,0.5,0.63895846534645
duluth,2026-03-14,3,2026-04-04,Flu ED visits pct,quantile,0.5,1.3009511932444784
el-paso,2026-03-14,3,2026-04-04,Flu ED visits pct,quantile,0.5,1.9727214958864574
eugene,2026-03-14,3,2026-04-04,Flu ED visits pct,quantile,0.5,0.35579997707012667
fay-area,2026-03-14,3,2026-04-04,Flu ED visits pct,quantile,0.5,2.4600006583814364
florence,2026-03-14,3,2026-04-04,Flu ED visits pct,quantile,0.5,0.4785178479028921
floyd,2026-03-14,3,2026-04-04,Flu ED visits pct,quantile,0.5,0.7852710291409022
frederick,2026-03-14,3,2026-04-04,Flu ED visits pct,quantile,0.5,0.647507114876319
georgia,2026-03-14,3,2026-04-04,Flu ED visits pct,quantile,0.5,0.726458120332316
greenville,2026-03-14,3,2026-04-04,Flu ED visits pct,quantile,0.5,1.229274310190248
hall,2026-03-14,3,2026-04-04,Flu ED visits pct,quantile,0.5,1.0855446268460751
harford,2026-03-14,3,2026-04-04,Flu ED visits pct,quantile,0.5,1.165581128395244
henry,2026-03-14,3,2026-04-04,Flu ED visits pct,quantile,0.5,0.5241286333233233
horry,2026-03-14,3,2026-04-04,Flu ED visits pct,quantile,0.5,0.692302756736936
houston,2026-03-14,3,2026-04-04,Flu ED visits pct,quantile,0.5,0.8704222070976962
indiana,2026-03-14,3,2026-04-04,Flu ED visits pct,quantile,0.5,1.6239396637402428
indianapolis,2026-03-14,3,2026-04-04,Flu ED visits pct,quantile,0.5,1.8408348216627004
la-grange,2026-03-14,3,2026-04-04,Flu ED visits pct,quantile,0.5,0.5085882731264629
larimer,2026-03-14,3,2026-04-04,Flu ED visits pct,quantile,0.5,0.7588074705852422
lynn,2026-03-14,3,2026-04-04,Flu ED visits pct,quantile,0.5,0.7381214112386941
macon,2026-03-14,3,2026-04-04,Flu ED visits pct,quantile,0.5,0.5289321949390253
maine,2026-03-14,3,2026-04-04,Flu ED visits pct,quantile,0.5,0.6357305766844548
marietta,2026-03-14,3,2026-04-04,Flu ED visits pct,quantile,0.5,0.5784430827943187
maryland,2026-03-14,3,2026-04-04,Flu ED visits pct,quantile,0.5,1.1323317411178675
massachusetts,2026-03-14,3,2026-04-04,Flu ED visits pct,quantile,0.5,0.7996096426505963
medford,2026-03-14,3,2026-04-04,Flu ED visits pct,quantile,0.5,0.24348483972603702
mesa,2026-03-14,3,2026-04-04,Flu ED visits pct,quantile,0.5,0.5146846257080244
minneapolis,2026-03-14,3,2026-04-04,Flu ED visits pct,quantile,0.5,1.9496934351209252
minnesota,2026-03-14,3,2026-04-04,Flu ED visits pct,quantile,0.5,1.9872145945753703
montgomery,2026-03-14,3,2026-04-04,Flu ED visits pct,quantile,0.5,1.184054382980949
nenc,2026-03-14,3,2026-04-04,Flu ED visits pct,quantile,0.5,1.3020149018953278
new-bedford,2026-03-14,3,2026-04-04,Flu ED visits pct,quantile,0.5,0.7814259639608957
north-carolina,2026-03-14,3,2026-04-04,Flu ED visits pct,quantile,0.5,1.3595041349721013
nyc,2026-03-14,3,2026-04-04,ILI ED visits pct,quantile,0.5,2.5432512289370814
ogden,2026-03-14,3,2026-04-04,Flu ED visits pct,quantile,0.5,0.6640135053280034
oregon,2026-03-14,3,2026-04-04,Flu ED visits pct,quantile,0.5,0.894307326226137
pittsfield,2026-03-14,3,2026-04-04,Flu ED visits pct,quantile,0.5,0.4568442597659068
portland,2026-03-14,3,2026-04-04,Flu ED visits pct,quantile,0.5,0.5258197521823718
portland-or,2026-03-14,3,2026-04-04,Flu ED visits pct,quantile,0.5,1.089673689044609
provo,2026-03-14,3,2026-04-04,Flu ED visits pct,quantile,0.5,0.506955250453688
roanoke,2026-03-14,3,2026-04-04,Flu ED visits pct,quantile,0.5,1.7667231188447312
rochester,2026-03-14,3,2026-04-04,Flu ED visits pct,quantile,0.5,1.344947624246071
rock-hill,2026-03-14,3,2026-04-04,Flu ED visits pct,quantile,0.5,0.839367611704295
rtp-area,2026-03-14,3,2026-04-04,Flu ED visits pct,quantile,0.5,0.9560320278507306
salem,2026-03-14,3,2026-04-04,Flu ED visits pct,quantile,0.5,0.9594788322200862
salt-lake-city,2026-03-14,3,2026-04-04,Flu ED visits pct,quantile,0.5,0.5390749389401581
san-antonio,2026-03-14,3,2026-04-04,Flu ED visits pct,quantile,0.5,1.0267483404335893
savannah,2026-03-14,3,2026-04-04,Flu ED visits pct,quantile,0.5,0.252630672345206
senc,2026-03-14,3,2026-04-04,Flu ED visits pct,quantile,0.5,0.8930217824450316
south-augusta,2026-03-14,3,2026-04-04,Flu ED visits pct,quantile,0.5,0.5299536552940693
south-carolina,2026-03-14,3,2026-04-04,Flu ED visits pct,quantile,0.5,0.8924408627266692
springfield,2026-03-14,3,2026-04-04,Flu ED visits pct,quantile,0.5,0.9487596191681864
st-cloud,2026-03-14,3,2026-04-04,Flu ED visits pct,quantile,0.5,0.7692527676343122
st-paul,2026-03-14,3,2026-04-04,Flu ED visits pct,quantile,0.5,2.203006533094703
texas,2026-03-14,3,2026-04-04,Flu ED visits pct,quantile,0.5,1.2234249578585912
triad-area,2026-03-14,3,2026-04-04,Flu ED visits pct,quantile,0.5,0.9649512137805613
utah,2026-03-14,3,2026-04-04,Flu ED visits pct,quantile,0.5,0.6199698731237845
virginia,2026-03-14,3,2026-04-04,Flu ED visits pct,quantile,0.5,1.9068009196200006
weld,2026-03-14,3,2026-04-04,Flu ED visits pct,quantile,0.5,2.350735796409933
wnc,2026-03-14,3,2026-04-04,Flu ED visits pct,quantile,0.5,1.0746894184636027
worcester,2026-03-14,3,2026-04-04,Flu ED visits pct,quantile,0.5,0.7456916707726897
athens,2026-03-14,0,2026-03-14,Flu ED visits pct,quantile,0.75,2.5383320575265556
austin,2026-03-14,0,2026-03-14,Flu ED visits pct,quantile,0.75,1.829879769131952
baltimore,2026-03-14,0,2026-03-14,Flu ED visits pct,quantile,0.75,1.0063916019002543
bangor,2026-03-14,0,2026-03-14,Flu ED visits pct,quantile,0.75,1.5044583659585549
beaumont,2026-03-14,0,2026-03-14,Flu ED visits pct,quantile,0.75,1.7678798783181062
boston,2026-03-14,0,2026-03-14,Flu ED visits pct,quantile,0.75,1.0663505639829374
boulder,2026-03-14,0,2026-03-14,Flu ED visits pct,quantile,0.75,3.8887830150227165
charleston,2026-03-14,0,2026-03-14,Flu ED visits pct,quantile,0.75,2.1312162558811996
cherokee,2026-03-14,0,2026-03-14,Flu ED visits pct,quantile,0.75,1.803148149370081
clt-area,2026-03-14,0,2026-03-14,Flu ED visits pct,quantile,0.75,3.641434326886424
colorado,2026-03-14,0,2026-03-14,Flu ED visits pct,quantile,0.75,2.2668798215284323
colorado-springs,2026-03-14,0,2026-03-14,Flu ED visits pct,quantile,0.75,1.997592733499913
columbia,2026-03-14,0,2026-03-14,Flu ED visits pct,quantile,0.75,2.17974833539772
columbus,2026-03-14,0,2026-03-14,Flu ED visits pct,quantile,0.75,2.222444287895269
dallas,2026-03-14,0,2026-03-14,Flu ED visits pct,quantile,0.75,1.8418265911416005
denver,2026-03-14,0,2026-03-14,Flu ED visits pct,quantile,0.75,2.2307840306971674
deschutes,2026-03-14,0,2026-03-14,Flu ED visits pct,quantile,0.75,1.6829306691332573
duluth,2026-03-14,0,2026-03-14,Flu ED visits pct,quantile,0.75,2.8944425457530008
el-paso,2026-03-14,0,2026-03-14,Flu ED visits pct,quantile,0.75,2.193894127103371
eugene,2026-03-14,0,2026-03-14,Flu ED visits pct,quantile,0.75,1.1071978266943763
fay-area,2026-03-14,0,2026-03-14,Flu ED visits pct,quantile,0.75,4.4476753022483235
florence,2026-03-14,0,2026-03-14,Flu ED visits pct,quantile,0.75,1.4509225761570435
floyd,2026-03-14,0,2026-03-14,Flu ED visits pct,quantile,0.75,2.0002702672713757
frederick,2026-03-14,0,2026-03-14,Flu ED visits pct,quantile,0.75,0.8431446795050603
georgia,2026-03-14,0,2026-03-14,Flu ED visits pct,quantile,0.75,1.534566560093971
greenville,2026-03-14,0,2026-03-14,Flu ED visits pct,quantile,0.75,2.857436549033602
hall,2026-03-14,0,2026-03-14,Flu ED visits pct,quantile,0.75,2.200448730068576
harford,2026-03-14,0,2026-03-14,Flu ED visits pct,quantile,0.75,1.5359487203116773
henry,2026-03-14,0,2026-03-14,Flu ED visits pct,quantile,0.75,1.2771982145351999
horry,2026-03-14,0,2026-03-14,Flu ED visits pct,quantile,0.75,1.573184199837577
houston,2026-03-14,0,2026-03-14,Flu ED visits pct,quantile,0.75,1.0136482915365816
indiana,2026-03-14,0,2026-03-14,Flu ED visits pct,quantile,0.75,3.5851511857057
indianapolis,2026-03-14,0,2026-03-14,Flu ED visits pct,quantile,0.75,4.245715600413953
la-grange,2026-03-14,0,2026-03-14,Flu ED visits pct,quantile,0.75,1.392968617156929
larimer,2026-03-14,0,2026-03-14,Flu ED visits pct,quantile,0.75,1.5953099522956171
lynn,2026-03-14,0,2026-03-14,Flu ED visits pct,quantile,0.75,1.0034416457443542
macon,2026-03-14,0,2026-03-14,Flu ED visits pct,quantile,0.75,1.336614078087718
maine,2026-03-14,0,2026-03-14,Flu ED visits pct,quantile,0.75,1.2167635912264576
marietta,2026-03-14,0,2026-03-14,Flu ED visits pct,quantile,0.75,1.4157456454497481
maryland,2026-03-14,0,2026-03-14,Flu ED visits pct,quantile,0.75,1.237165488364542
massachusetts,2026-03-14,0,2026-03-14,Flu ED visits pct,quantile,0.75,1.0699945676626412
medford,2026-03-14,0,2026-03-14,Flu ED visits pct,quantile,0.75,0.9208321537014894
mesa,2026-03-14,0,2026-03-14,Flu ED visits pct,quantile,0.75,1.249179530405761
minneapolis,2026-03-14,0,2026-03-14,Flu ED visits pct,quantile,0.75,2.63681026519522
minnesota,2026-03-14,0,2026-03-14,Flu ED visits pct,quantile,0.75,2.635492908914355
montgomery,2026-03-14,0,2026-03-14,Flu ED visits pct,quantile,0.75,1.2639322728777722
nenc,2026-03-14,0,2026-03-14,Flu ED visits pct,quantile,0.75,2.5261518647647905
new-bedford,2026-03-14,0,2026-03-14,Flu ED visits pct,quantile,0.75,1.1268955357175967
north-carolina,2026-03-14,0,2026-03-14,Flu ED visits pct,quantile,0.75,2.745406558526474
nyc,2026-03-14,0,2026-03-14,ILI ED visits pct,quantile,0.75,2.597387797866693
ogden,2026-03-14,0,2026-03-14,Flu ED visits pct,quantile,0.75,1.6280498666917964
oregon,2026-03-14,0,2026-03-14,Flu ED visits pct,quantile,0.75,2.12463996430198
pittsfield,2026-03-14,0,2026-03-14,Flu ED visits pct,quantile,0.75,0.6635762434303577
portland,2026-03-14,0,2026-03-14,Flu ED visits pct,quantile,0.75,1.1716049912782545
portland-or,2026-03-14,0,2026-03-14,Flu ED visits pct,quantile,0.75,2.6137765783508526
provo,2026-03-14,0,2026-03-14,Flu ED visits pct,quantile,0.75,0.8589739101854286
roanoke,2026-03-14,0,2026-03-14,Flu ED visits pct,quantile,0.75,3.6114316316239936
rochester,2026-03-14,0,2026-03-14,Flu ED visits pct,quantile,0.75,3.6937030765573278
rock-hill,2026-03-14,0,2026-03-14,Flu ED visits pct,quantile,0.75,1.1929120374686726
rtp-area,2026-03-14,0,2026-03-14,Flu ED visits pct,quantile,0.75,1.9566032374409723
salem,2026-03-14,0,2026-03-14,Flu ED visits pct,quantile,0.75,2.7462615717252805
salt-lake-city,2026-03-14,0,2026-03-14,Flu ED visits pct,quantile,0.75,1.1911113494639465
san-antonio,2026-03-14,0,2026-03-14,Flu ED visits pct,quantile,0.75,2.593654064150126
savannah,2026-03-14,0,2026-03-14,Flu ED visits pct,quantile,0.75,0.7512687171198981
senc,2026-03-14,0,2026-03-14,Flu ED visits pct,quantile,0.75,1.8663663374534374
south-augusta,2026-03-14,0,2026-03-14,Flu ED visits pct,quantile,0.75,1.481499539011566
south-carolina,2026-03-14,0,2026-03-14,Flu ED visits pct,quantile,0.75,2.04389682407636
springfield,2026-03-14,0,2026-03-14,Flu ED visits pct,quantile,0.75,1.2177756522942325
st-cloud,2026-03-14,0,2026-03-14,Flu ED visits pct,quantile,0.75,2.1674520116247393
st-paul,2026-03-14,0,2026-03-14,Flu ED visits pct,quantile,0.75,2.6207254625287577
texas,2026-03-14,0,2026-03-14,Flu ED visits pct,quantile,0.75,2.0926831604979292
triad-area,2026-03-14,0,2026-03-14,Flu ED visits pct,quantile,0.75,1.7639305468756807
utah,2026-03-14,0,2026-03-14,Flu ED visits pct,quantile,0.75,1.2841358012491957
virginia,2026-03-14,0,2026-03-14,Flu ED visits pct,quantile,0.75,2.436752069304639
weld,2026-03-14,0,2026-03-14,Flu ED visits pct,quantile,0.75,3.8742751239172266
wnc,2026-03-14,0,2026-03-14,Flu ED visits pct,quantile,0.75,2.1017812866007697
worcester,2026-03-14,0,2026-03-14,Flu ED visits pct,quantile,0.75,1.0858380059103776
athens,2026-03-14,1,2026-03-21,Flu ED visits pct,quantile,0.75,2.25643993842605
austin,2026-03-14,1,2026-03-21,Flu ED visits pct,quantile,0.75,1.511440239627137
baltimore,2026-03-14,1,2026-03-21,Flu ED visits pct,quantile,0.75,1.0248040161605294
bangor,2026-03-14,1,2026-03-21,Flu ED visits pct,quantile,0.75,1.273607271150859
beaumont,2026-03-14,1,2026-03-21,Flu ED visits pct,quantile,0.75,1.5718494133067975
boston,2026-03-14,1,2026-03-21,Flu ED visits pct,quantile,0.75,0.9997079669558371
boulder,2026-03-14,1,2026-03-21,Flu ED visits pct,quantile,0.75,3.367898698934654
charleston,2026-03-14,1,2026-03-21,Flu ED visits pct,quantile,0.75,1.7195464552728112
cherokee,2026-03-14,1,2026-03-21,Flu ED visits pct,quantile,0.75,1.524580376196382
clt-area,2026-03-14,1,2026-03-21,Flu ED visits pct,quantile,0.75,3.321271556570365
colorado,2026-03-14,1,2026-03-21,Flu ED visits pct,quantile,0.75,2.0661682133127415
colorado-springs,2026-03-14,1,2026-03-21,Flu ED visits pct,quantile,0.75,1.6981065514985392
columbia,2026-03-14,1,2026-03-21,Flu ED visits pct,quantile,0.75,1.857095611852549
columbus,2026-03-14,1,2026-03-21,Flu ED visits pct,quantile,0.75,1.8388996303783043
dallas,2026-03-14,1,2026-03-21,Flu ED visits pct,quantile,0.75,1.5466786593658566
denver,2026-03-14,1,2026-03-21,Flu ED visits pct,quantile,0.75,2.065907053649169
deschutes,2026-03-14,1,2026-03-21,Flu ED visits pct,quantile,0.75,1.3946111588589978
duluth,2026-03-14,1,2026-03-21,Flu ED visits pct,quantile,0.75,2.6479822242449087
el-paso,2026-03-14,1,2026-03-21,Flu ED visits pct,quantile,0.75,2.197708850962252
eugene,2026-03-14,1,2026-03-21,Flu ED visits pct,quantile,0.75,0.8957059929143744
fay-area,2026-03-14,1,2026-03-21,Flu ED visits pct,quantile,0.75,3.9504284550275828
florence,2026-03-14,1,2026-03-21,Flu ED visits pct,quantile,0.75,1.1618885605382658
floyd,2026-03-14,1,2026-03-21,Flu ED visits pct,quantile,0.75,1.7245583078982867
frederick,2026-03-14,1,2026-03-21,Flu ED visits pct,quantile,0.75,0.8117652835682216
georgia,2026-03-14,1,2026-03-21,Flu ED visits pct,quantile,0.75,1.3183186238434883
greenville,2026-03-14,1,2026-03-21,Flu ED visits pct,quantile,0.75,2.4386514620460744
hall,2026-03-14,1,2026-03-21,Flu ED visits pct,quantile,0.75,2.0131910497319416
harford,2026-03-14,1,2026-03-21,Flu ED visits pct,quantile,0.75,1.4472933136305584
henry,2026-03-14,1,2026-03-21,Flu ED visits pct,quantile,0.75,1.1019583282858556
horry,2026-03-14,1,2026-03-21,Flu ED visits pct,quantile,0.75,1.3263243321762797
houston,2026-03-14,1,2026-03-21,Flu ED visits pct,quantile,0.75,1.0180650779693157
indiana,2026-03-14,1,2026-03-21,Flu ED visits pct,quantile,0.75,3.108740308556348
indianapolis,2026-03-14,1,2026-03-21,Flu ED visits pct,quantile,0.75,3.5935059678183205
la-grange,2026-03-14,1,2026-03-21,Flu ED visits pct,quantile,0.75,1.165853552103314
larimer,2026-03-14,1,2026-03-21,Flu ED visits pct,quantile,0.75,1.413034426000576
lynn,2026-03-14,1,2026-03-21,Flu ED visits pct,quantile,0.75,0.9137781778096093
macon,2026-03-14,1,2026-03-21,Flu ED visits pct,quantile,0.75,1.1382057359703317
maine,2026-03-14,1,2026-03-21,Flu ED visits pct,quantile,0.75,1.0191561313920015
marietta,2026-03-14,1,2026-03-21,Flu ED visits pct,quantile,0.75,1.187237049765395
maryland,2026-03-14,1,2026-03-21,Flu ED visits pct,quantile,0.75,1.2174559796168283
massachusetts,2026-03-14,1,2026-03-21,Flu ED visits pct,quantile,0.75,0.9918443499060368
medford,2026-03-14,1,2026-03-21,Flu ED visits pct,quantile,0.75,0.7284857743490203
mesa,2026-03-14,1,2026-03-21,Flu ED visits pct,quantile,0.75,1.0586575123107003
minneapolis,2026-03-14,1,2026-03-21,Flu ED visits pct,quantile,0.75,2.4687019636159
minnesota,2026-03-14,1,2026-03-21,Flu ED visits pct,quantile,0.75,2.4288380737585227
montgomery,2026-03-14,1,2026-03-21,Flu ED visits pct,quantile,0.75,1.2472883144028417
nenc,2026-03-14,1,2026-03-21,Flu ED visits pct,quantile,0.75,2.2291555489237362
new-bedford,2026-03-14,1,2026-03-21,Flu ED visits pct,quantile,0.75,1.0221984510772812
north-carolina,2026-03-14,1,2026-03-21,Flu ED visits pct,quantile,0.75,2.4231479150810635
nyc,2026-03-14,1,2026-03-21,ILI ED visits pct,quantile,0.75,2.6070624223039696
ogden,2026-03-14,1,2026-03-21,Flu ED visits pct,quantile,0.75,1.35598948799916
oregon,2026-03-14,1,2026-03-21,Flu ED visits pct,quantile,0.75,1.7438128379554452
pittsfield,2026-03-14,1,2026-03-21,Flu ED visits pct,quantile,0.75,0.6077173508493594
portland,2026-03-14,1,2026-03-21,Flu ED visits pct,quantile,0.75,1.019080347679711
portland-or,2026-03-14,1,2026-03-21,Flu ED visits pct,quantile,0.75,2.154847168867263
provo,2026-03-14,1,2026-03-21,Flu ED visits pct,quantile,0.75,0.7319910251814198
roanoke,2026-03-14,1,2026-03-21,Flu ED visits pct,quantile,0.75,3.2248990763793204
rochester,2026-03-14,1,2026-03-21,Flu ED visits pct,quantile,0.75,3.0571431591936773
rock-hill,2026-03-14,1,2026-03-21,Flu ED visits pct,quantile,0.75,1.0853436653500326
rtp-area,2026-03-14,1,2026-03-21,Flu ED visits pct,quantile,0.75,1.7016280985451488
salem,2026-03-14,1,2026-03-21,Flu ED visits pct,quantile,0.75,2.263029732165501
salt-lake-city,2026-03-14,1,2026-03-21,Flu ED visits pct,quantile,0.75,0.9745117347445829
san-antonio,2026-03-14,1,2026-03-21,Flu ED visits pct,quantile,0.75,2.1014744362055677
savannah,2026-03-14,1,2026-03-21,Flu ED visits pct,quantile,0.75,0.604673928206808
senc,2026-03-14,1,2026-03-21,Flu ED visits pct,quantile,0.75,1.65590344658899
south-augusta,2026-03-14,1,2026-03-21,Flu ED visits pct,quantile,0.75,1.2170989028062416
south-carolina,2026-03-14,1,2026-03-21,Flu ED visits pct,quantile,0.75,1.7173648870944735
springfield,2026-03-14,1,2026-03-21,Flu ED visits pct,quantile,0.75,1.1068971100366858
st-cloud,2026-03-14,1,2026-03-21,Flu ED visits pct,quantile,0.75,1.7985993709286305
st-paul,2026-03-14,1,2026-03-21,Flu ED visits pct,quantile,0.75,2.5445246471073126
texas,2026-03-14,1,2026-03-21,Flu ED visits pct,quantile,0.75,1.8466556298816958
triad-area,2026-03-14,1,2026-03-21,Flu ED visits pct,quantile,0.75,1.5668908034461673
utah,2026-03-14,1,2026-03-21,Flu ED visits pct,quantile,0.75,1.0672355506933882
virginia,2026-03-14,1,2026-03-21,Flu ED visits pct,quantile,0.75,2.2819278208873865
weld,2026-03-14,1,2026-03-21,Flu ED visits pct,quantile,0.75,3.5800179134935513
wnc,2026-03-14,1,2026-03-21,Flu ED visits pct,quantile,0.75,1.8645323983730242
worcester,2026-03-14,1,2026-03-21,Flu ED visits pct,quantile,0.75,0.984628498868583
athens,2026-03-14,2,2026-03-28,Flu ED visits pct,quantile,0.75,2.027215004553959
austin,2026-03-14,2,2026-03-28,Flu ED visits pct,quantile,0.75,1.2762566933472443
baltimore,2026-03-14,2,2026-03-28,Flu ED visits pct,quantile,0.75,0.9936041173470056
bangor,2026-03-14,2,2026-03-28,Flu ED visits pct,quantile,0.75,1.1065966416757227
beaumont,2026-03-14,2,2026-03-28,Flu ED visits pct,quantile,0.75,1.340100796045572
boston,2026-03-14,2,2026-03-28,Flu ED visits pct,quantile,0.75,0.9038795182091085
boulder,2026-03-14,2,2026-03-28,Flu ED visits pct,quantile,0.75,2.8785985225421795
charleston,2026-03-14,2,2026-03-28,Flu ED visits pct,quantile,0.75,1.3978105576982554
cherokee,2026-03-14,2,2026-03-28,Flu ED visits pct,quantile,0.75,1.3340082198160454
clt-area,2026-03-14,2,2026-03-28,Flu ED visits pct,quantile,0.75,3.050708498775069
colorado,2026-03-14,2,2026-03-28,Flu ED visits pct,quantile,0.75,1.899988548534848
colorado-springs,2026-03-14,2,2026-03-28,Flu ED visits pct,quantile,0.75,1.4837773691894514
columbia,2026-03-14,2,2026-03-28,Flu ED visits pct,quantile,0.75,1.6078538365757495
columbus,2026-03-14,2,2026-03-28,Flu ED visits pct,quantile,0.75,1.469948293556851
dallas,2026-03-14,2,2026-03-28,Flu ED visits pct,quantile,0.75,1.321715234746792
denver,2026-03-14,2,2026-03-28,Flu ED visits pct,quantile,0.75,1.8712399659813566
deschutes,2026-03-14,2,2026-03-28,Flu ED visits pct,quantile,0.75,1.1609659055757704
duluth,2026-03-14,2,2026-03-28,Flu ED visits pct,quantile,0.75,2.3882452862432815
el-paso,2026-03-14,2,2026-03-28,Flu ED visits pct,quantile,0.75,2.0762317690867436
eugene,2026-03-14,2,2026-03-28,Flu ED visits pct,quantile,0.75,0.7004693774449071
fay-area,2026-03-14,2,2026-03-28,Flu ED visits pct,quantile,0.75,3.407138052843595
florence,2026-03-14,2,2026-03-28,Flu ED visits pct,quantile,0.75,0.9542852448858521
floyd,2026-03-14,2,2026-03-28,Flu ED visits pct,quantile,0.75,1.526008484788723
frederick,2026-03-14,2,2026-03-28,Flu ED visits pct,quantile,0.75,0.7516095725682258
georgia,2026-03-14,2,2026-03-28,Flu ED visits pct,quantile,0.75,1.137948600979849
greenville,2026-03-14,2,2026-03-28,Flu ED visits pct,quantile,0.75,2.1421475736219477
hall,2026-03-14,2,2026-03-28,Flu ED visits pct,quantile,0.75,1.8020661189410523
harford,2026-03-14,2,2026-03-28,Flu ED visits pct,quantile,0.75,1.3145861109323171
henry,2026-03-14,2,2026-03-28,Flu ED visits pct,quantile,0.75,0.9680066517702022
horry,2026-03-14,2,2026-03-28,Flu ED visits pct,quantile,0.75,1.1430107604310746
houston,2026-03-14,2,2026-03-28,Flu ED visits pct,quantile,0.75,0.9999660432645527
indiana,2026-03-14,2,2026-03-28,Flu ED visits pct,quantile,0.75,2.699787335374659
indianapolis,2026-03-14,2,2026-03-28,Flu ED visits pct,quantile,0.75,3.0188617057740763
la-grange,2026-03-14,2,2026-03-28,Flu ED visits pct,quantile,0.75,0.9977098052875617
larimer,2026-03-14,2,2026-03-28,Flu ED visits pct,quantile,0.75,1.2765877148001177
lynn,2026-03-14,2,2026-03-28,Flu ED visits pct,quantile,0.75,0.8162385716478205
macon,2026-03-14,2,2026-03-28,Flu ED visits pct,quantile,0.75,0.96114247282081
maine,2026-03-14,2,2026-03-28,Flu ED visits pct,quantile,0.75,0.8629860771237498
marietta,2026-03-14,2,2026-03-28,Flu ED visits pct,quantile,0.75,1.0343006768271745
maryland,2026-03-14,2,2026-03-28,Flu ED visits pct,quantile,0.75,1.1970443051396376
massachusetts,2026-03-14,2,2026-03-28,Flu ED visits pct,quantile,0.75,0.9095065304696272
medford,2026-03-14,2,2026-03-28,Flu ED visits pct,quantile,0.75,0.567912431540332
mesa,2026-03-14,2,2026-03-28,Flu ED visits pct,quantile,0.75,0.9342838770465431
minneapolis,2026-03-14,2,2026-03-28,Flu ED visits pct,quantile,0.75,2.249070103865902
minnesota,2026-03-14,2,2026-03-28,Flu ED visits pct,quantile,0.75,2.2305163256476863
montgomery,2026-03-14,2,2026-03-28,Flu ED visits pct,quantile,0.75,1.2149323550104159
nenc,2026-03-14,2,2026-03-28,Flu ED visits pct,quantile,0.75,1.9540912796644494
new-bedford,2026-03-14,2,2026-03-28,Flu ED visits pct,quantile,0.75,0.9154010390203169
north-carolina,2026-03-14,2,2026-03-28,Flu ED visits pct,quantile,0.75,2.1131677999885543
nyc,2026-03-14,2,2026-03-28,ILI ED visits pct,quantile,0.75,2.6536121658051712
ogden,2026-03-14,2,2026-03-28,Flu ED visits pct,quantile,0.75,1.1678401802240541
oregon,2026-03-14,2,2026-03-28,Flu ED visits pct,quantile,0.75,1.4147907871520988
pittsfield,2026-03-14,2,2026-03-28,Flu ED visits pct,quantile,0.75,0.5628819922328364
portland,2026-03-14,2,2026-03-28,Flu ED visits pct,quantile,0.75,0.9030862878698085
portland-or,2026-03-14,2,2026-03-28,Flu ED visits pct,quantile,0.75,1.7336242167176181
provo,2026-03-14,2,2026-03-28,Flu ED visits pct,quantile,0.75,0.6305989978526942
roanoke,2026-03-14,2,2026-03-28,Flu ED visits pct,quantile,0.75,2.8720358586817047
rochester,2026-03-14,2,2026-03-28,Flu ED visits pct,quantile,0.75,2.525270551408612
rock-hill,2026-03-14,2,2026-03-28,Flu ED visits pct,quantile,0.75,0.963207347152441
rtp-area,2026-03-14,2,2026-03-28,Flu ED visits pct,quantile,0.75,1.4719463964989272
salem,2026-03-14,2,2026-03-28,Flu ED visits pct,quantile,0.75,1.8027287439031479
salt-lake-city,2026-03-14,2,2026-03-28,Flu ED visits pct,quantile,0.75,0.8150368916303028
san-antonio,2026-03-14,2,2026-03-28,Flu ED visits pct,quantile,0.75,1.7003081251784282
savannah,2026-03-14,2,2026-03-28,Flu ED visits pct,quantile,0.75,0.4799960439209896
senc,2026-03-14,2,2026-03-28,Flu ED visits pct,quantile,0.75,1.4773670645063224
south-augusta,2026-03-14,2,2026-03-28,Flu ED visits pct,quantile,0.75,0.9963800162207297
south-carolina,2026-03-14,2,2026-03-28,Flu ED visits pct,quantile,0.75,1.484255365044066
springfield,2026-03-14,2,2026-03-28,Flu ED visits pct,quantile,0.75,1.0047299755331336
st-cloud,2026-03-14,2,2026-03-28,Flu ED visits pct,quantile,0.75,1.5151592378097283
st-paul,2026-03-14,2,2026-03-28,Flu ED visits pct,quantile,0.75,2.357289093645401
texas,2026-03-14,2,2026-03-28,Flu ED visits pct,quantile,0.75,1.6550876512418826
triad-area,2026-03-14,2,2026-03-28,Flu ED visits pct,quantile,0.75,1.3892032449647518
utah,2026-03-14,2,2026-03-28,Flu ED visits pct,quantile,0.75,0.9075978406160451
virginia,2026-03-14,2,2026-03-28,Flu ED visits pct,quantile,0.75,2.085183816776257
weld,2026-03-14,2,2026-03-28,Flu ED visits pct,quantile,0.75,3.303710619229103
wnc,2026-03-14,2,2026-03-28,Flu ED visits pct,quantile,0.75,1.5983592521183747
worcester,2026-03-14,2,2026-03-28,Flu ED visits pct,quantile,0.75,0.8975273846351827
athens,2026-03-14,3,2026-04-04,Flu ED visits pct,quantile,0.75,1.896397564805778
austin,2026-03-14,3,2026-04-04,Flu ED visits pct,quantile,0.75,1.1206565533862296
baltimore,2026-03-14,3,2026-04-04,Flu ED visits pct,quantile,0.75,0.9876135428442124
bangor,2026-03-14,3,2026-04-04,Flu ED visits pct,quantile,0.75,1.028206081907001
beaumont,2026-03-14,3,2026-04-04,Flu ED visits pct,quantile,0.75,1.2447278486027962
boston,2026-03-14,3,2026-04-04,Flu ED visits pct,quantile,0.75,0.8678330500500157
boulder,2026-03-14,3,2026-04-04,Flu ED visits pct,quantile,0.75,2.55202392981658
charleston,2026-03-14,3,2026-04-04,Flu ED visits pct,quantile,0.75,1.1830584071234758
cherokee,2026-03-14,3,2026-04-04,Flu ED visits pct,quantile,0.75,1.2181295620379422
clt-area,2026-03-14,3,2026-04-04,Flu ED visits pct,quantile,0.75,2.749291629183627
colorado,2026-03-14,3,2026-04-04,Flu ED visits pct,quantile,0.75,1.7857993084401795
colorado-springs,2026-03-14,3,2026-04-04,Flu ED visits pct,quantile,0.75,1.392460234037785
columbia,2026-03-14,3,2026-04-04,Flu ED visits pct,quantile,0.75,1.5122858922350693
columbus,2026-03-14,3,2026-04-04,Flu ED visits pct,quantile,0.75,1.2427829687125707
dallas,2026-03-14,3,2026-04-04,Flu ED visits pct,quantile,0.75,1.2219378174955873
denver,2026-03-14,3,2026-04-04,Flu ED visits pct,quantile,0.75,1.7850212249192787
deschutes,2026-03-14,3,2026-04-04,Flu ED visits pct,quantile,0.75,0.9769353456889045
duluth,2026-03-14,3,2026-04-04,Flu ED visits pct,quantile,0.75,2.2689218980654067
el-paso,2026-03-14,3,2026-04-04,Flu ED visits pct,quantile,0.75,1.9842124571061106
eugene,2026-03-14,3,2026-04-04,Flu ED visits pct,quantile,0.75,0.5653121145581514
fay-area,2026-03-14,3,2026-04-04,Flu ED visits pct,quantile,0.75,3.014603544597162
florence,2026-03-14,3,2026-04-04,Flu ED visits pct,quantile,0.75,0.8331179161191804
floyd,2026-03-14,3,2026-04-04,Flu ED visits pct,quantile,0.75,1.4389917744018004
frederick,2026-03-14,3,2026-04-04,Flu ED visits pct,quantile,0.75,0.7292981134671593
georgia,2026-03-14,3,2026-04-04,Flu ED visits pct,quantile,0.75,1.0404424383686026
greenville,2026-03-14,3,2026-04-04,Flu ED visits pct,quantile,0.75,1.9872989552455305
hall,2026-03-14,3,2026-04-04,Flu ED visits pct,quantile,0.75,1.7162375085256358
harford,2026-03-14,3,2026-04-04,Flu ED visits pct,quantile,0.75,1.255831759085762
henry,2026-03-14,3,2026-04-04,Flu ED visits pct,quantile,0.75,0.90678286789466
horry,2026-03-14,3,2026-04-04,Flu ED visits pct,quantile,0.75,1.0653405914042866
houston,2026-03-14,3,2026-04-04,Flu ED visits pct,quantile,0.75,0.9992813911814389
indiana,2026-03-14,3,2026-04-04,Flu ED visits pct,quantile,0.75,2.5176185871943044
indianapolis,2026-03-14,3,2026-04-04,Flu ED visits pct,quantile,0.75,2.6475505969785917
la-grange,2026-03-14,3,2026-04-04,Flu ED visits pct,quantile,0.75,0.8941208874628024
larimer,2026-03-14,3,2026-04-04,Flu ED visits pct,quantile,0.75,1.2161943298765938
lynn,2026-03-14,3,2026-04-04,Flu ED visits pct,quantile,0.75,0.789223296778734
macon,2026-03-14,3,2026-04-04,Flu ED visits pct,quantile,0.75,0.8772078514986184
maine,2026-03-14,3,2026-04-04,Flu ED visits pct,quantile,0.75,0.8066979883005283
marietta,2026-03-14,3,2026-04-04,Flu ED visits pct,quantile,0.75,0.9495283279489586
maryland,2026-03-14,3,2026-04-04,Flu ED visits pct,quantile,0.75,1.1933516852503412
massachusetts,2026-03-14,3,2026-04-04,Flu ED visits pct,quantile,0.75,0.8695957560373972
medford,2026-03-14,3,2026-04-04,Flu ED visits pct,quantile,0.75,0.4476744276332907
mesa,2026-03-14,3,2026-04-04,Flu ED visits pct,quantile,0.75,0.8859445519158393
minneapolis,2026-03-14,3,2026-04-04,Flu ED visits pct,quantile,0.75,2.146005335806594
minnesota,2026-03-14,3,2026-04-04,Flu ED visits pct,quantile,0.75,2.0881248256761866
montgomery,2026-03-14,3,2026-04-04,Flu ED visits pct,quantile,0.75,1.2204910455399753
nenc,2026-03-14,3,2026-04-04,Flu ED visits pct,quantile,0.75,1.7578498414776278
new-bedford,2026-03-14,3,2026-04-04,Flu ED visits pct,quantile,0.75,0.875459124049049
north-carolina,2026-03-14,3,2026-04-04,Flu ED visits pct,quantile,0.75,1.8926604121977284
nyc,2026-03-14,3,2026-04-04,ILI ED visits pct,quantile,0.75,2.5533944735266783
ogden,2026-03-14,3,2026-04-04,Flu ED visits pct,quantile,0.75,1.0677769754163364
oregon,2026-03-14,3,2026-04-04,Flu ED visits pct,quantile,0.75,1.1916862353897433
pittsfield,2026-03-14,3,2026-04-04,Flu ED visits pct,quantile,0.75,0.534532023753758
portland,2026-03-14,3,2026-04-04,Flu ED visits pct,quantile,0.75,0.8428578929866049
portland-or,2026-03-14,3,2026-04-04,Flu ED visits pct,quantile,0.75,1.5116794462132401
provo,2026-03-14,3,2026-04-04,Flu ED visits pct,quantile,0.75,0.5978300454090568
roanoke,2026-03-14,3,2026-04-04,Flu ED visits pct,quantile,0.75,2.7329030081165646
rochester,2026-03-14,3,2026-04-04,Flu ED visits pct,quantile,0.75,2.2286943901742724
rock-hill,2026-03-14,3,2026-04-04,Flu ED visits pct,quantile,0.75,0.9103431033124477
rtp-area,2026-03-14,3,2026-04-04,Flu ED visits pct,quantile,0.75,1.2946181615726304
salem,2026-03-14,3,2026-04-04,Flu ED visits pct,quantile,0.75,1.4902098747219643
salt-lake-city,2026-03-14,3,2026-04-04,Flu ED visits pct,quantile,0.75,0.7495437983014676
san-antonio,2026-03-14,3,2026-04-04,Flu ED visits pct,quantile,0.75,1.4356404131734721
savannah,2026-03-14,3,2026-04-04,Flu ED visits pct,quantile,0.75,0.3995474603892644
senc,2026-03-14,3,2026-04-04,Flu ED visits pct,quantile,0.75,1.3332888393727556
south-augusta,2026-03-14,3,2026-04-04,Flu ED visits pct,quantile,0.75,0.8611858323612185
south-carolina,2026-03-14,3,2026-04-04,Flu ED visits pct,quantile,0.75,1.3684022364918613
springfield,2026-03-14,3,2026-04-04,Flu ED visits pct,quantile,0.75,0.9687003156792652
st-cloud,2026-03-14,3,2026-04-04,Flu ED visits pct,quantile,0.75,1.3445937641867367
st-paul,2026-03-14,3,2026-04-04,Flu ED visits pct,quantile,0.75,2.248605242869503
texas,2026-03-14,3,2026-04-04,Flu ED visits pct,quantile,0.75,1.5944058514223851
triad-area,2026-03-14,3,2026-04-04,Flu ED visits pct,quantile,0.75,1.289189351460501
utah,2026-03-14,3,2026-04-04,Flu ED visits pct,quantile,0.75,0.8336117533514716
virginia,2026-03-14,3,2026-04-04,Flu ED visits pct,quantile,0.75,1.9588468408307815
weld,2026-03-14,3,2026-04-04,Flu ED visits pct,quantile,0.75,3.1377772330143157
wnc,2026-03-14,3,2026-04-04,Flu ED visits pct,quantile,0.75,1.4250500450943322
worcester,2026-03-14,3,2026-04-04,Flu ED visits pct,quantile,0.75,0.8534985000970823
athens,2026-03-14,0,2026-03-14,Flu ED visits pct,quantile,0.9,3.498946304478096
austin,2026-03-14,0,2026-03-14,Flu ED visits pct,quantile,0.9,2.0239911028211552
baltimore,2026-03-14,0,2026-03-14,Flu ED visits pct,quantile,0.9,1.0980512659337178
bangor,2026-03-14,0,2026-03-14,Flu ED visits pct,quantile,0.9,1.7435357960838067
beaumont,2026-03-14,0,2026-03-14,Flu ED visits pct,quantile,0.9,2.0578422674314663
boston,2026-03-14,0,2026-03-14,Flu ED visits pct,quantile,0.9,1.1690651105911078
boulder,2026-03-14,0,2026-03-14,Flu ED visits pct,quantile,0.9,4.327113884328129
charleston,2026-03-14,0,2026-03-14,Flu ED visits pct,quantile,0.9,2.28927068987901
cherokee,2026-03-14,0,2026-03-14,Flu ED visits pct,quantile,0.9,1.9370398044861348
clt-area,2026-03-14,0,2026-03-14,Flu ED visits pct,quantile,0.9,3.7762394613790176
colorado,2026-03-14,0,2026-03-14,Flu ED visits pct,quantile,0.9,2.4426950596992825
colorado-springs,2026-03-14,0,2026-03-14,Flu ED visits pct,quantile,0.9,2.1795536899653176
columbia,2026-03-14,0,2026-03-14,Flu ED visits pct,quantile,0.9,2.474852492160716
columbus,2026-03-14,0,2026-03-14,Flu ED visits pct,quantile,0.9,2.4346753841867135
dallas,2026-03-14,0,2026-03-14,Flu ED visits pct,quantile,0.9,1.9913021061374774
denver,2026-03-14,0,2026-03-14,Flu ED visits pct,quantile,0.9,2.4881402871690015
deschutes,2026-03-14,0,2026-03-14,Flu ED visits pct,quantile,0.9,1.861346424867234
duluth,2026-03-14,0,2026-03-14,Flu ED visits pct,quantile,0.9,3.248501847292064
el-paso,2026-03-14,0,2026-03-14,Flu ED visits pct,quantile,0.9,2.6200976706870334
eugene,2026-03-14,0,2026-03-14,Flu ED visits pct,quantile,0.9,1.266363323332436
fay-area,2026-03-14,0,2026-03-14,Flu ED visits pct,quantile,0.9,4.619108800558205
florence,2026-03-14,0,2026-03-14,Flu ED visits pct,quantile,0.9,1.720126063160319
floyd,2026-03-14,0,2026-03-14,Flu ED visits pct,quantile,0.9,2.3188176056545298
frederick,2026-03-14,0,2026-03-14,Flu ED visits pct,quantile,0.9,1.1758622937078715
georgia,2026-03-14,0,2026-03-14,Flu ED visits pct,quantile,0.9,1.6754838100000409
greenville,2026-03-14,0,2026-03-14,Flu ED visits pct,quantile,0.9,3.210535842981617
hall,2026-03-14,0,2026-03-14,Flu ED visits pct,quantile,0.9,2.6177365696911963
harford,2026-03-14,0,2026-03-14,Flu ED visits pct,quantile,0.9,1.8602337138886118
henry,2026-03-14,0,2026-03-14,Flu ED visits pct,quantile,0.9,1.3895470572488764
horry,2026-03-14,0,2026-03-14,Flu ED visits pct,quantile,0.9,1.8347576101833856
houston,2026-03-14,0,2026-03-14,Flu ED visits pct,quantile,0.9,1.0466324738461643
indiana,2026-03-14,0,2026-03-14,Flu ED visits pct,quantile,0.9,3.79288527684809
indianapolis,2026-03-14,0,2026-03-14,Flu ED visits pct,quantile,0.9,4.47698569908576
la-grange,2026-03-14,0,2026-03-14,Flu ED visits pct,quantile,0.9,1.5957804345904232
larimer,2026-03-14,0,2026-03-14,Flu ED visits pct,quantile,0.9,1.844649343131107
lynn,2026-03-14,0,2026-03-14,Flu ED visits pct,quantile,0.9,1.2130347419857626
macon,2026-03-14,0,2026-03-14,Flu ED visits pct,quantile,0.9,1.5043386898179518
maine,2026-03-14,0,2026-03-14,Flu ED visits pct,quantile,0.9,1.360488695787005
marietta,2026-03-14,0,2026-03-14,Flu ED visits pct,quantile,0.9,1.5079171471951163
maryland,2026-03-14,0,2026-03-14,Flu ED visits pct,quantile,0.9,1.2991581629518782
massachusetts,2026-03-14,0,2026-03-14,Flu ED visits pct,quantile,0.9,1.1946555445592941
medford,2026-03-14,0,2026-03-14,Flu ED visits pct,quantile,0.9,1.1182834427628028
mesa,2026-03-14,0,2026-03-14,Flu ED visits pct,quantile,0.9,1.425162244237894
minneapolis,2026-03-14,0,2026-03-14,Flu ED visits pct,quantile,0.9,3.093575533685788
minnesota,2026-03-14,0,2026-03-14,Flu ED visits pct,quantile,0.9,2.8278276933516135
montgomery,2026-03-14,0,2026-03-14,Flu ED visits pct,quantile,0.9,1.359671472992685
nenc,2026-03-14,0,2026-03-14,Flu ED visits pct,quantile,0.9,2.7081321308603488
new-bedford,2026-03-14,0,2026-03-14,Flu ED visits pct,quantile,0.9,1.354590189515742
north-carolina,2026-03-14,0,2026-03-14,Flu ED visits pct,quantile,0.9,2.7500376290405306
nyc,2026-03-14,0,2026-03-14,ILI ED visits pct,quantile,0.9,2.683322360482233
ogden,2026-03-14,0,2026-03-14,Flu ED visits pct,quantile,0.9,1.827192248858473
oregon,2026-03-14,0,2026-03-14,Flu ED visits pct,quantile,0.9,2.2108225125198664
pittsfield,2026-03-14,0,2026-03-14,Flu ED visits pct,quantile,0.9,0.9026598662220263
portland,2026-03-14,0,2026-03-14,Flu ED visits pct,quantile,0.9,1.3524088882239444
portland-or,2026-03-14,0,2026-03-14,Flu ED visits pct,quantile,0.9,2.7865517555413986
provo,2026-03-14,0,2026-03-14,Flu ED visits pct,quantile,0.9,1.0052786628085577
roanoke,2026-03-14,0,2026-03-14,Flu ED visits pct,quantile,0.9,4.324754863848244
rochester,2026-03-14,0,2026-03-14,Flu ED visits pct,quantile,0.9,3.9858458887192416
rock-hill,2026-03-14,0,2026-03-14,Flu ED visits pct,quantile,0.9,1.4824692189809578
rtp-area,2026-03-14,0,2026-03-14,Flu ED visits pct,quantile,0.9,2.121306210269826
salem,2026-03-14,0,2026-03-14,Flu ED visits pct,quantile,0.9,3.0413625291820474
salt-lake-city,2026-03-14,0,2026-03-14,Flu ED visits pct,quantile,0.9,1.352798482883498
san-antonio,2026-03-14,0,2026-03-14,Flu ED visits pct,quantile,0.9,2.8194892610448696
savannah,2026-03-14,0,2026-03-14,Flu ED visits pct,quantile,0.9,0.8330686357011694
senc,2026-03-14,0,2026-03-14,Flu ED visits pct,quantile,0.9,2.012172243328454
south-augusta,2026-03-14,0,2026-03-14,Flu ED visits pct,quantile,0.9,1.6610730909887172
south-carolina,2026-03-14,0,2026-03-14,Flu ED visits pct,quantile,0.9,2.214852984927698
springfield,2026-03-14,0,2026-03-14,Flu ED visits pct,quantile,0.9,1.4716093049016234
st-cloud,2026-03-14,0,2026-03-14,Flu ED visits pct,quantile,0.9,2.5370400389903462
st-paul,2026-03-14,0,2026-03-14,Flu ED visits pct,quantile,0.9,3.115568599232719
texas,2026-03-14,0,2026-03-14,Flu ED visits pct,quantile,0.9,2.254320474536052
triad-area,2026-03-14,0,2026-03-14,Flu ED visits pct,quantile,0.9,1.9951306208945743
utah,2026-03-14,0,2026-03-14,Flu ED visits pct,quantile,0.9,1.4345775900956135
virginia,2026-03-14,0,2026-03-14,Flu ED visits pct,quantile,0.9,2.6708824421707282
weld,2026-03-14,0,2026-03-14,Flu ED visits pct,quantile,0.9,5.299688387304988
wnc,2026-03-14,0,2026-03-14,Flu ED visits pct,quantile,0.9,2.2023691055187964
worcester,2026-03-14,0,2026-03-14,Flu ED visits pct,quantile,0.9,1.2969971867229761
athens,2026-03-14,1,2026-03-21,Flu ED visits pct,quantile,0.9,3.5660394651159684
austin,2026-03-14,1,2026-03-21,Flu ED visits pct,quantile,0.9,1.8437503758123872
baltimore,2026-03-14,1,2026-03-21,Flu ED visits pct,quantile,0.9,1.130751617229201
bangor,2026-03-14,1,2026-03-21,Flu ED visits pct,quantile,0.9,1.6311964872061062
beaumont,2026-03-14,1,2026-03-21,Flu ED visits pct,quantile,0.9,1.961130004060645
boston,2026-03-14,1,2026-03-21,Flu ED visits pct,quantile,0.9,1.1564413035868573
boulder,2026-03-14,1,2026-03-21,Flu ED visits pct,quantile,0.9,4.057062898755799
charleston,2026-03-14,1,2026-03-21,Flu ED visits pct,quantile,0.9,2.019646703656332
cherokee,2026-03-14,1,2026-03-21,Flu ED visits pct,quantile,0.9,1.7874217587727483
clt-area,2026-03-14,1,2026-03-21,Flu ED visits pct,quantile,0.9,3.573989849823743
colorado,2026-03-14,1,2026-03-21,Flu ED visits pct,quantile,0.9,2.4234847064564438
colorado-springs,2026-03-14,1,2026-03-21,Flu ED visits pct,quantile,0.9,2.0330524489709516
columbia,2026-03-14,1,2026-03-21,Flu ED visits pct,quantile,0.9,2.3361873341687986
columbus,2026-03-14,1,2026-03-21,Flu ED visits pct,quantile,0.9,2.1457779195753246
dallas,2026-03-14,1,2026-03-21,Flu ED visits pct,quantile,0.9,1.8505664064051532
denver,2026-03-14,1,2026-03-21,Flu ED visits pct,quantile,0.9,2.5586191848334194
deschutes,2026-03-14,1,2026-03-21,Flu ED visits pct,quantile,0.9,1.6549579647278507
duluth,2026-03-14,1,2026-03-21,Flu ED visits pct,quantile,0.9,3.236116660917044
el-paso,2026-03-14,1,2026-03-21,Flu ED visits pct,quantile,0.9,2.664842953398898
eugene,2026-03-14,1,2026-03-21,Flu ED visits pct,quantile,0.9,1.0776871167759992
fay-area,2026-03-14,1,2026-03-21,Flu ED visits pct,quantile,0.9,4.262232418469332
florence,2026-03-14,1,2026-03-21,Flu ED visits pct,quantile,0.9,1.5275162239940785
floyd,2026-03-14,1,2026-03-21,Flu ED visits pct,quantile,0.9,2.2160285211602724
frederick,2026-03-14,1,2026-03-21,Flu ED visits pct,quantile,0.9,1.2097077212579732
georgia,2026-03-14,1,2026-03-21,Flu ED visits pct,quantile,0.9,1.5388919799851903
greenville,2026-03-14,1,2026-03-21,Flu ED visits pct,quantile,0.9,3.0371808731454806
hall,2026-03-14,1,2026-03-21,Flu ED visits pct,quantile,0.9,2.6276200372359226
harford,2026-03-14,1,2026-03-21,Flu ED visits pct,quantile,0.9,1.8992921981436677
henry,2026-03-14,1,2026-03-21,Flu ED visits pct,quantile,0.9,1.3378620589210939
horry,2026-03-14,1,2026-03-21,Flu ED visits pct,quantile,0.9,1.7387120099252293
houston,2026-03-14,1,2026-03-21,Flu ED visits pct,quantile,0.9,1.0265928844120673
indiana,2026-03-14,1,2026-03-21,Flu ED visits pct,quantile,0.9,3.6694529801163447
indianapolis,2026-03-14,1,2026-03-21,Flu ED visits pct,quantile,0.9,4.225784922469204
la-grange,2026-03-14,1,2026-03-21,Flu ED visits pct,quantile,0.9,1.4564338388977822
larimer,2026-03-14,1,2026-03-21,Flu ED visits pct,quantile,0.9,1.7579455952422984
lynn,2026-03-14,1,2026-03-21,Flu ED visits pct,quantile,0.9,1.1872857253970162
macon,2026-03-14,1,2026-03-21,Flu ED visits pct,quantile,0.9,1.3976570098196344
maine,2026-03-14,1,2026-03-21,Flu ED visits pct,quantile,0.9,1.287154833313707
marietta,2026-03-14,1,2026-03-21,Flu ED visits pct,quantile,0.9,1.4215804502961567
maryland,2026-03-14,1,2026-03-21,Flu ED visits pct,quantile,0.9,1.3153848882737365
massachusetts,2026-03-14,1,2026-03-21,Flu ED visits pct,quantile,0.9,1.1816849791176327
medford,2026-03-14,1,2026-03-21,Flu ED visits pct,quantile,0.9,0.9423852772091008
mesa,2026-03-14,1,2026-03-21,Flu ED visits pct,quantile,0.9,1.331810684289973
minneapolis,2026-03-14,1,2026-03-21,Flu ED visits pct,quantile,0.9,3.151815553090199
minnesota,2026-03-14,1,2026-03-21,Flu ED visits pct,quantile,0.9,2.8530835520408604
montgomery,2026-03-14,1,2026-03-21,Flu ED visits pct,quantile,0.9,1.3697439235239561
nenc,2026-03-14,1,2026-03-21,Flu ED visits pct,quantile,0.9,2.4728941926609322
new-bedford,2026-03-14,1,2026-03-21,Flu ED visits pct,quantile,0.9,1.3483857578712652
north-carolina,2026-03-14,1,2026-03-21,Flu ED visits pct,quantile,0.9,2.5284951893401457
nyc,2026-03-14,1,2026-03-21,ILI ED visits pct,quantile,0.9,2.7590761538448425
ogden,2026-03-14,1,2026-03-21,Flu ED visits pct,quantile,0.9,1.6557654644670752
oregon,2026-03-14,1,2026-03-21,Flu ED visits pct,quantile,0.9,2.0008047953022756
pittsfield,2026-03-14,1,2026-03-21,Flu ED visits pct,quantile,0.9,0.9022767201396454
portland,2026-03-14,1,2026-03-21,Flu ED visits pct,quantile,0.9,1.2910061860493542
portland-or,2026-03-14,1,2026-03-21,Flu ED visits pct,quantile,0.9,2.511898954546926
provo,2026-03-14,1,2026-03-21,Flu ED visits pct,quantile,0.9,0.9145600949296058
roanoke,2026-03-14,1,2026-03-21,Flu ED visits pct,quantile,0.9,4.240918621228792
rochester,2026-03-14,1,2026-03-21,Flu ED visits pct,quantile,0.9,3.5639517158865694
rock-hill,2026-03-14,1,2026-03-21,Flu ED visits pct,quantile,0.9,1.4498832902551653
rtp-area,2026-03-14,1,2026-03-21,Flu ED visits pct,quantile,0.9,1.9031314467801839
salem,2026-03-14,1,2026-03-21,Flu ED visits pct,quantile,0.9,2.680022590100174
salt-lake-city,2026-03-14,1,2026-03-21,Flu ED visits pct,quantile,0.9,1.2402719214092237
san-antonio,2026-03-14,1,2026-03-21,Flu ED visits pct,quantile,0.9,2.4994398841446217
savannah,2026-03-14,1,2026-03-21,Flu ED visits pct,quantile,0.9,0.7220021876435607
senc,2026-03-14,1,2026-03-21,Flu ED visits pct,quantile,0.9,1.8378911942435852
south-augusta,2026-03-14,1,2026-03-21,Flu ED visits pct,quantile,0.9,1.4684001267373716
south-carolina,2026-03-14,1,2026-03-21,Flu ED visits pct,quantile,0.9,2.05150237915471
springfield,2026-03-14,1,2026-03-21,Flu ED visits pct,quantile,0.9,1.4497940708650492
st-cloud,2026-03-14,1,2026-03-21,Flu ED visits pct,quantile,0.9,2.335935169443433
st-paul,2026-03-14,1,2026-03-21,Flu ED visits pct,quantile,0.9,3.158466240130175
texas,2026-03-14,1,2026-03-21,Flu ED visits pct,quantile,0.9,2.1451676760524774
triad-area,2026-03-14,1,2026-03-21,Flu ED visits pct,quantile,0.9,1.8448809208204693
utah,2026-03-14,1,2026-03-21,Flu ED visits pct,quantile,0.9,1.3381954440179202
virginia,2026-03-14,1,2026-03-21,Flu ED visits pct,quantile,0.9,2.6591576885778987
weld,2026-03-14,1,2026-03-21,Flu ED visits pct,quantile,0.9,5.397244451414463
wnc,2026-03-14,1,2026-03-21,Flu ED visits pct,quantile,0.9,2.008836632822915
worcester,2026-03-14,1,2026-03-21,Flu ED visits pct,quantile,0.9,1.259961216346883
athens,2026-03-14,2,2026-03-28,Flu ED visits pct,quantile,0.9,3.673304389553722
austin,2026-03-14,2,2026-03-28,Flu ED visits pct,quantile,0.9,1.7296626201625493
baltimore,2026-03-14,2,2026-03-28,Flu ED visits pct,quantile,0.9,1.173473615451659
bangor,2026-03-14,2,2026-03-28,Flu ED visits pct,quantile,0.9,1.6190102721875639
beaumont,2026-03-14,2,2026-03-28,Flu ED visits pct,quantile,0.9,1.8966232692526583
boston,2026-03-14,2,2026-03-28,Flu ED visits pct,quantile,0.9,1.1857377482675737
boulder,2026-03-14,2,2026-03-28,Flu ED visits pct,quantile,0.9,4.0171412712125285
charleston,2026-03-14,2,2026-03-28,Flu ED visits pct,quantile,0.9,1.8917498340630619
cherokee,2026-03-14,2,2026-03-28,Flu ED visits pct,quantile,0.9,1.8047470498039646
clt-area,2026-03-14,2,2026-03-28,Flu ED visits pct,quantile,0.9,3.5002135121863214
colorado,2026-03-14,2,2026-03-28,Flu ED visits pct,quantile,0.9,2.4429706665425193
colorado-springs,2026-03-14,2,2026-03-28,Flu ED visits pct,quantile,0.9,2.0319846825947536
columbia,2026-03-14,2,2026-03-28,Flu ED visits pct,quantile,0.9,2.2313894608295612
columbus,2026-03-14,2,2026-03-28,Flu ED visits pct,quantile,0.9,1.9440252215335685
dallas,2026-03-14,2,2026-03-28,Flu ED visits pct,quantile,0.9,1.7949566198145603
denver,2026-03-14,2,2026-03-28,Flu ED visits pct,quantile,0.9,2.635163316046598
deschutes,2026-03-14,2,2026-03-28,Flu ED visits pct,quantile,0.9,1.530617387150703
duluth,2026-03-14,2,2026-03-28,Flu ED visits pct,quantile,0.9,3.276067884029913
el-paso,2026-03-14,2,2026-03-28,Flu ED visits pct,quantile,0.9,2.706992036609099
eugene,2026-03-14,2,2026-03-28,Flu ED visits pct,quantile,0.9,0.9707983915552805
fay-area,2026-03-14,2,2026-03-28,Flu ED visits pct,quantile,0.9,3.9192991264630104
florence,2026-03-14,2,2026-03-28,Flu ED visits pct,quantile,0.9,1.4250134681823843
floyd,2026-03-14,2,2026-03-28,Flu ED visits pct,quantile,0.9,2.2651094996021386
frederick,2026-03-14,2,2026-03-28,Flu ED visits pct,quantile,0.9,1.247126595343051
georgia,2026-03-14,2,2026-03-28,Flu ED visits pct,quantile,0.9,1.466843099806545
greenville,2026-03-14,2,2026-03-28,Flu ED visits pct,quantile,0.9,3.024148705961332
hall,2026-03-14,2,2026-03-28,Flu ED visits pct,quantile,0.9,2.6566875504813536
harford,2026-03-14,2,2026-03-28,Flu ED visits pct,quantile,0.9,1.9629905181143266
henry,2026-03-14,2,2026-03-28,Flu ED visits pct,quantile,0.9,1.37972957636165
horry,2026-03-14,2,2026-03-28,Flu ED visits pct,quantile,0.9,1.6699508607252154
houston,2026-03-14,2,2026-03-28,Flu ED visits pct,quantile,0.9,1.0237238842149197
indiana,2026-03-14,2,2026-03-28,Flu ED visits pct,quantile,0.9,3.6537863934410226
indianapolis,2026-03-14,2,2026-03-28,Flu ED visits pct,quantile,0.9,4.158262204417055
la-grange,2026-03-14,2,2026-03-28,Flu ED visits pct,quantile,0.9,1.3602396363852043
larimer,2026-03-14,2,2026-03-28,Flu ED visits pct,quantile,0.9,1.6993407925071802
lynn,2026-03-14,2,2026-03-28,Flu ED visits pct,quantile,0.9,1.1934511696070011
macon,2026-03-14,2,2026-03-28,Flu ED visits pct,quantile,0.9,1.3386832777502997
maine,2026-03-14,2,2026-03-28,Flu ED visits pct,quantile,0.9,1.2216930553947711
marietta,2026-03-14,2,2026-03-28,Flu ED visits pct,quantile,0.9,1.433757038480241
maryland,2026-03-14,2,2026-03-28,Flu ED visits pct,quantile,0.9,1.3491187233699018
massachusetts,2026-03-14,2,2026-03-28,Flu ED visits pct,quantile,0.9,1.2117053628299836
medford,2026-03-14,2,2026-03-28,Flu ED visits pct,quantile,0.9,0.847856769322761
mesa,2026-03-14,2,2026-03-28,Flu ED visits pct,quantile,0.9,1.2582402938142754
minneapolis,2026-03-14,2,2026-03-28,Flu ED visits pct,quantile,0.9,3.1593552695394562
minnesota,2026-03-14,2,2026-03-28,Flu ED visits pct,quantile,0.9,2.806212768868474
montgomery,2026-03-14,2,2026-03-28,Flu ED visits pct,quantile,0.9,1.431788188935506
nenc,2026-03-14,2,2026-03-28,Flu ED visits pct,quantile,0.9,2.3145298468880258
new-bedford,2026-03-14,2,2026-03-28,Flu ED visits pct,quantile,0.9,1.3778907092206691
north-carolina,2026-03-14,2,2026-03-28,Flu ED visits pct,quantile,0.9,2.404336211031884
nyc,2026-03-14,2,2026-03-28,ILI ED visits pct,quantile,0.9,2.7927721329796853
ogden,2026-03-14,2,2026-03-28,Flu ED visits pct,quantile,0.9,1.5676610582947086
oregon,2026-03-14,2,2026-03-28,Flu ED visits pct,quantile,0.9,1.866354056067531
pittsfield,2026-03-14,2,2026-03-28,Flu ED visits pct,quantile,0.9,0.9178785359304531
portland,2026-03-14,2,2026-03-28,Flu ED visits pct,quantile,0.9,1.2840927617665046
portland-or,2026-03-14,2,2026-03-28,Flu ED visits pct,quantile,0.9,2.335456448300014
provo,2026-03-14,2,2026-03-28,Flu ED visits pct,quantile,0.9,0.8593876071167308
roanoke,2026-03-14,2,2026-03-28,Flu ED visits pct,quantile,0.9,4.0645798476282975
rochester,2026-03-14,2,2026-03-28,Flu ED visits pct,quantile,0.9,3.318259933455078
rock-hill,2026-03-14,2,2026-03-28,Flu ED visits pct,quantile,0.9,1.4005429936596334
rtp-area,2026-03-14,2,2026-03-28,Flu ED visits pct,quantile,0.9,1.7526738781667737
salem,2026-03-14,2,2026-03-28,Flu ED visits pct,quantile,0.9,2.459415383559231
salt-lake-city,2026-03-14,2,2026-03-28,Flu ED visits pct,quantile,0.9,1.1785967934173753
san-antonio,2026-03-14,2,2026-03-28,Flu ED visits pct,quantile,0.9,2.3135285606184572
savannah,2026-03-14,2,2026-03-28,Flu ED visits pct,quantile,0.9,0.6707074141251939
senc,2026-03-14,2,2026-03-28,Flu ED visits pct,quantile,0.9,1.7567059701991756
south-augusta,2026-03-14,2,2026-03-28,Flu ED visits pct,quantile,0.9,1.353304942329623
south-carolina,2026-03-14,2,2026-03-28,Flu ED visits pct,quantile,0.9,1.978354172553068
springfield,2026-03-14,2,2026-03-28,Flu ED visits pct,quantile,0.9,1.4901804239814966
st-cloud,2026-03-14,2,2026-03-28,Flu ED visits pct,quantile,0.9,2.2933656233279764
st-paul,2026-03-14,2,2026-03-28,Flu ED visits pct,quantile,0.9,3.172577055508905
texas,2026-03-14,2,2026-03-28,Flu ED visits pct,quantile,0.9,2.079681620773535
triad-area,2026-03-14,2,2026-03-28,Flu ED visits pct,quantile,0.9,1.7596353504263693
utah,2026-03-14,2,2026-03-28,Flu ED visits pct,quantile,0.9,1.2912693633870151
virginia,2026-03-14,2,2026-03-28,Flu ED visits pct,quantile,0.9,2.605733609460916
weld,2026-03-14,2,2026-03-28,Flu ED visits pct,quantile,0.9,5.317713418489621
wnc,2026-03-14,2,2026-03-28,Flu ED visits pct,quantile,0.9,1.8515178384672484
worcester,2026-03-14,2,2026-03-28,Flu ED visits pct,quantile,0.9,1.2133188138816828
athens,2026-03-14,3,2026-04-04,Flu ED visits pct,quantile,0.9,3.732969524046323
austin,2026-03-14,3,2026-04-04,Flu ED visits pct,quantile,0.9,1.6940222351144578
baltimore,2026-03-14,3,2026-04-04,Flu ED visits pct,quantile,0.9,1.2124082302074046
bangor,2026-03-14,3,2026-04-04,Flu ED visits pct,quantile,0.9,1.5910176208796438
beaumont,2026-03-14,3,2026-04-04,Flu ED visits pct,quantile,0.9,1.8910842929288338
boston,2026-03-14,3,2026-04-04,Flu ED visits pct,quantile,0.9,1.1987354686476974
boulder,2026-03-14,3,2026-04-04,Flu ED visits pct,quantile,0.9,3.975953180342851
charleston,2026-03-14,3,2026-04-04,Flu ED visits pct,quantile,0.9,1.8292431214566247
cherokee,2026-03-14,3,2026-04-04,Flu ED visits pct,quantile,0.9,1.7948234983051015
clt-area,2026-03-14,3,2026-04-04,Flu ED visits pct,quantile,0.9,3.3734936418514185
colorado,2026-03-14,3,2026-04-04,Flu ED visits pct,quantile,0.9,2.47601786416206
colorado-springs,2026-03-14,3,2026-04-04,Flu ED visits pct,quantile,0.9,2.0054633472268235
columbia,2026-03-14,3,2026-04-04,Flu ED visits pct,quantile,0.9,2.216787692472045
columbus,2026-03-14,3,2026-04-04,Flu ED visits pct,quantile,0.9,1.8579088411923166
dallas,2026-03-14,3,2026-04-04,Flu ED visits pct,quantile,0.9,1.7754901663405673
denver,2026-03-14,3,2026-04-04,Flu ED visits pct,quantile,0.9,2.732320598503191
deschutes,2026-03-14,3,2026-04-04,Flu ED visits pct,quantile,0.9,1.4796152452731774
duluth,2026-03-14,3,2026-04-04,Flu ED visits pct,quantile,0.9,3.31978016184807
el-paso,2026-03-14,3,2026-04-04,Flu ED visits pct,quantile,0.9,2.8350503112625596
eugene,2026-03-14,3,2026-04-04,Flu ED visits pct,quantile,0.9,0.9310696781553642
fay-area,2026-03-14,3,2026-04-04,Flu ED visits pct,quantile,0.9,3.7873432919825722
florence,2026-03-14,3,2026-04-04,Flu ED visits pct,quantile,0.9,1.4017860305865226
floyd,2026-03-14,3,2026-04-04,Flu ED visits pct,quantile,0.9,2.252122960032956
frederick,2026-03-14,3,2026-04-04,Flu ED visits pct,quantile,0.9,1.2491568117360394
georgia,2026-03-14,3,2026-04-04,Flu ED visits pct,quantile,0.9,1.43527043389648
greenville,2026-03-14,3,2026-04-04,Flu ED visits pct,quantile,0.9,3.0502772106041713
hall,2026-03-14,3,2026-04-04,Flu ED visits pct,quantile,0.9,2.692780308434842
harford,2026-03-14,3,2026-04-04,Flu ED visits pct,quantile,0.9,2.013445215616354
henry,2026-03-14,3,2026-04-04,Flu ED visits pct,quantile,0.9,1.3719310552230892
horry,2026-03-14,3,2026-04-04,Flu ED visits pct,quantile,0.9,1.6500422455153199
houston,2026-03-14,3,2026-04-04,Flu ED visits pct,quantile,0.9,1.0046266369475192
indiana,2026-03-14,3,2026-04-04,Flu ED visits pct,quantile,0.9,3.6874844000122753
indianapolis,2026-03-14,3,2026-04-04,Flu ED visits pct,quantile,0.9,3.9974528421744138
la-grange,2026-03-14,3,2026-04-04,Flu ED visits pct,quantile,0.9,1.3438218774489574
larimer,2026-03-14,3,2026-04-04,Flu ED visits pct,quantile,0.9,1.6856464919728493
lynn,2026-03-14,3,2026-04-04,Flu ED visits pct,quantile,0.9,1.1905135206600521
macon,2026-03-14,3,2026-04-04,Flu ED visits pct,quantile,0.9,1.3081741288640545
maine,2026-03-14,3,2026-04-04,Flu ED visits pct,quantile,0.9,1.2040176465315047
marietta,2026-03-14,3,2026-04-04,Flu ED visits pct,quantile,0.9,1.411717690219979
maryland,2026-03-14,3,2026-04-04,Flu ED visits pct,quantile,0.9,1.4076273725025128
massachusetts,2026-03-14,3,2026-04-04,Flu ED visits pct,quantile,0.9,1.2353701474417857
medford,2026-03-14,3,2026-04-04,Flu ED visits pct,quantile,0.9,0.8211206649057143
mesa,2026-03-14,3,2026-04-04,Flu ED visits pct,quantile,0.9,1.2505529316492165
minneapolis,2026-03-14,3,2026-04-04,Flu ED visits pct,quantile,0.9,3.236659271489451
minnesota,2026-03-14,3,2026-04-04,Flu ED visits pct,quantile,0.9,2.814013615453732
montgomery,2026-03-14,3,2026-04-04,Flu ED visits pct,quantile,0.9,1.4674877311506827
nenc,2026-03-14,3,2026-04-04,Flu ED visits pct,quantile,0.9,2.260894293611055
new-bedford,2026-03-14,3,2026-04-04,Flu ED visits pct,quantile,0.9,1.4054040581652938
north-carolina,2026-03-14,3,2026-04-04,Flu ED visits pct,quantile,0.9,2.3364250198518874
nyc,2026-03-14,3,2026-04-04,ILI ED visits pct,quantile,0.9,2.7959254084787
ogden,2026-03-14,3,2026-04-04,Flu ED visits pct,quantile,0.9,1.5545345605866598
oregon,2026-03-14,3,2026-04-04,Flu ED visits pct,quantile,0.9,1.804879285007547
pittsfield,2026-03-14,3,2026-04-04,Flu ED visits pct,quantile,0.9,0.9348100547722138
portland,2026-03-14,3,2026-04-04,Flu ED visits pct,quantile,0.9,1.2818971851156955
portland-or,2026-03-14,3,2026-04-04,Flu ED visits pct,quantile,0.9,2.271899765776964
provo,2026-03-14,3,2026-04-04,Flu ED visits pct,quantile,0.9,0.8512563957616964
roanoke,2026-03-14,3,2026-04-04,Flu ED visits pct,quantile,0.9,4.158347695485123
rochester,2026-03-14,3,2026-04-04,Flu ED visits pct,quantile,0.9,3.217947673481434
rock-hill,2026-03-14,3,2026-04-04,Flu ED visits pct,quantile,0.9,1.4070134450423615
rtp-area,2026-03-14,3,2026-04-04,Flu ED visits pct,quantile,0.9,1.679101979280204
salem,2026-03-14,3,2026-04-04,Flu ED visits pct,quantile,0.9,2.341537835561469
salt-lake-city,2026-03-14,3,2026-04-04,Flu ED visits pct,quantile,0.9,1.1731715005789265
san-antonio,2026-03-14,3,2026-04-04,Flu ED visits pct,quantile,0.9,2.2172451558605704
savannah,2026-03-14,3,2026-04-04,Flu ED visits pct,quantile,0.9,0.6427997967137339
senc,2026-03-14,3,2026-04-04,Flu ED visits pct,quantile,0.9,1.7139230571564632
south-augusta,2026-03-14,3,2026-04-04,Flu ED visits pct,quantile,0.9,1.3025697935246734
south-carolina,2026-03-14,3,2026-04-04,Flu ED visits pct,quantile,0.9,1.9578207388462534
springfield,2026-03-14,3,2026-04-04,Flu ED visits pct,quantile,0.9,1.50801241735988
st-cloud,2026-03-14,3,2026-04-04,Flu ED visits pct,quantile,0.9,2.2753181831465574
st-paul,2026-03-14,3,2026-04-04,Flu ED visits pct,quantile,0.9,3.254903538069808
texas,2026-03-14,3,2026-04-04,Flu ED visits pct,quantile,0.9,2.075310766729962
triad-area,2026-03-14,3,2026-04-04,Flu ED visits pct,quantile,0.9,1.7369740166622902
utah,2026-03-14,3,2026-04-04,Flu ED visits pct,quantile,0.9,1.2864452432311535
virginia,2026-03-14,3,2026-04-04,Flu ED visits pct,quantile,0.9,2.616712983351295
weld,2026-03-14,3,2026-04-04,Flu ED visits pct,quantile,0.9,5.392254292686847
wnc,2026-03-14,3,2026-04-04,Flu ED visits pct,quantile,0.9,1.8006116929745022
worcester,2026-03-14,3,2026-04-04,Flu ED visits pct,quantile,0.9,1.2278869937968733
athens,2026-03-14,0,2026-03-14,Flu ED visits pct,quantile,0.95,4.187472458763783
austin,2026-03-14,0,2026-03-14,Flu ED visits pct,quantile,0.95,2.233384720101505
baltimore,2026-03-14,0,2026-03-14,Flu ED visits pct,quantile,0.95,1.272540345567301
bangor,2026-03-14,0,2026-03-14,Flu ED visits pct,quantile,0.95,1.9588221726895032
beaumont,2026-03-14,0,2026-03-14,Flu ED visits pct,quantile,0.95,2.3535206660076
boston,2026-03-14,0,2026-03-14,Flu ED visits pct,quantile,0.95,1.2902969787325258
boulder,2026-03-14,0,2026-03-14,Flu ED visits pct,quantile,0.95,4.816797043675195
charleston,2026-03-14,0,2026-03-14,Flu ED visits pct,quantile,0.95,2.480782582547189
cherokee,2026-03-14,0,2026-03-14,Flu ED visits pct,quantile,0.95,2.415786890023138
clt-area,2026-03-14,0,2026-03-14,Flu ED visits pct,quantile,0.95,4.086489584894531
colorado,2026-03-14,0,2026-03-14,Flu ED visits pct,quantile,0.95,2.66876365325358
colorado-springs,2026-03-14,0,2026-03-14,Flu ED visits pct,quantile,0.95,2.3819319267454673
columbia,2026-03-14,0,2026-03-14,Flu ED visits pct,quantile,0.95,2.7007675883571833
columbus,2026-03-14,0,2026-03-14,Flu ED visits pct,quantile,0.95,2.562072825260239
dallas,2026-03-14,0,2026-03-14,Flu ED visits pct,quantile,0.95,2.1193707775200425
denver,2026-03-14,0,2026-03-14,Flu ED visits pct,quantile,0.95,2.99026407234605
deschutes,2026-03-14,0,2026-03-14,Flu ED visits pct,quantile,0.95,2.047176811555835
duluth,2026-03-14,0,2026-03-14,Flu ED visits pct,quantile,0.95,3.6437182983592242
el-paso,2026-03-14,0,2026-03-14,Flu ED visits pct,quantile,0.95,3.2795346522951907
eugene,2026-03-14,0,2026-03-14,Flu ED visits pct,quantile,0.95,1.370834578217636
fay-area,2026-03-14,0,2026-03-14,Flu ED visits pct,quantile,0.95,4.847827794630521
florence,2026-03-14,0,2026-03-14,Flu ED visits pct,quantile,0.95,1.8939906573382888
floyd,2026-03-14,0,2026-03-14,Flu ED visits pct,quantile,0.95,2.6374144022092514
frederick,2026-03-14,0,2026-03-14,Flu ED visits pct,quantile,0.95,1.4760559668833644
georgia,2026-03-14,0,2026-03-14,Flu ED visits pct,quantile,0.95,1.7732375143283314
greenville,2026-03-14,0,2026-03-14,Flu ED visits pct,quantile,0.95,3.6512719062510124
hall,2026-03-14,0,2026-03-14,Flu ED visits pct,quantile,0.95,3.0437490838011856
harford,2026-03-14,0,2026-03-14,Flu ED visits pct,quantile,0.95,2.2193110249234924
henry,2026-03-14,0,2026-03-14,Flu ED visits pct,quantile,0.95,1.7092718652783505
horry,2026-03-14,0,2026-03-14,Flu ED visits pct,quantile,0.95,2.0220529000907406
houston,2026-03-14,0,2026-03-14,Flu ED visits pct,quantile,0.95,1.142742879503248
indiana,2026-03-14,0,2026-03-14,Flu ED visits pct,quantile,0.95,4.282807031481518
indianapolis,2026-03-14,0,2026-03-14,Flu ED visits pct,quantile,0.95,5.430726989734864
la-grange,2026-03-14,0,2026-03-14,Flu ED visits pct,quantile,0.95,1.7767800250651211
larimer,2026-03-14,0,2026-03-14,Flu ED visits pct,quantile,0.95,2.043156478841308
lynn,2026-03-14,0,2026-03-14,Flu ED visits pct,quantile,0.95,1.3867899701144148
macon,2026-03-14,0,2026-03-14,Flu ED visits pct,quantile,0.95,1.6106360565088618
maine,2026-03-14,0,2026-03-14,Flu ED visits pct,quantile,0.95,1.48974406635682
marietta,2026-03-14,0,2026-03-14,Flu ED visits pct,quantile,0.95,1.8614518212856688
maryland,2026-03-14,0,2026-03-14,Flu ED visits pct,quantile,0.95,1.42631276880733
massachusetts,2026-03-14,0,2026-03-14,Flu ED visits pct,quantile,0.95,1.3146180280182236
medford,2026-03-14,0,2026-03-14,Flu ED visits pct,quantile,0.95,1.239802863293018
mesa,2026-03-14,0,2026-03-14,Flu ED visits pct,quantile,0.95,1.5671705857349032
minneapolis,2026-03-14,0,2026-03-14,Flu ED visits pct,quantile,0.95,3.714860253890908
minnesota,2026-03-14,0,2026-03-14,Flu ED visits pct,quantile,0.95,3.0984339374972683
montgomery,2026-03-14,0,2026-03-14,Flu ED visits pct,quantile,0.95,1.504573163351008
nenc,2026-03-14,0,2026-03-14,Flu ED visits pct,quantile,0.95,2.9319641357169273
new-bedford,2026-03-14,0,2026-03-14,Flu ED visits pct,quantile,0.95,1.546204243090266
north-carolina,2026-03-14,0,2026-03-14,Flu ED visits pct,quantile,0.95,2.862791038481803
nyc,2026-03-14,0,2026-03-14,ILI ED visits pct,quantile,0.95,2.7232657504708864
ogden,2026-03-14,0,2026-03-14,Flu ED visits pct,quantile,0.95,1.979234646082325
oregon,2026-03-14,0,2026-03-14,Flu ED visits pct,quantile,0.95,2.4423526448671247
pittsfield,2026-03-14,0,2026-03-14,Flu ED visits pct,quantile,0.95,1.0350459001585866
portland,2026-03-14,0,2026-03-14,Flu ED visits pct,quantile,0.95,1.4888578231808167
portland-or,2026-03-14,0,2026-03-14,Flu ED visits pct,quantile,0.95,2.905850694131096
provo,2026-03-14,0,2026-03-14,Flu ED visits pct,quantile,0.95,1.144984562454805
roanoke,2026-03-14,0,2026-03-14,Flu ED visits pct,quantile,0.95,4.980355382977177
rochester,2026-03-14,0,2026-03-14,Flu ED visits pct,quantile,0.95,4.268338893153113
rock-hill,2026-03-14,0,2026-03-14,Flu ED visits pct,quantile,0.95,1.7287914967775229
rtp-area,2026-03-14,0,2026-03-14,Flu ED visits pct,quantile,0.95,2.206693376914842
salem,2026-03-14,0,2026-03-14,Flu ED visits pct,quantile,0.95,3.2075427848571563
salt-lake-city,2026-03-14,0,2026-03-14,Flu ED visits pct,quantile,0.95,1.4990238329617334
san-antonio,2026-03-14,0,2026-03-14,Flu ED visits pct,quantile,0.95,2.9404413050379796
savannah,2026-03-14,0,2026-03-14,Flu ED visits pct,quantile,0.95,0.897256681889917
senc,2026-03-14,0,2026-03-14,Flu ED visits pct,quantile,0.95,2.157433944140256
south-augusta,2026-03-14,0,2026-03-14,Flu ED visits pct,quantile,0.95,1.7641177583510954
south-carolina,2026-03-14,0,2026-03-14,Flu ED visits pct,quantile,0.95,2.392338869541839
springfield,2026-03-14,0,2026-03-14,Flu ED visits pct,quantile,0.95,1.6495812329905737
st-cloud,2026-03-14,0,2026-03-14,Flu ED visits pct,quantile,0.95,2.7862784133858307
st-paul,2026-03-14,0,2026-03-14,Flu ED visits pct,quantile,0.95,3.9797544379673555
texas,2026-03-14,0,2026-03-14,Flu ED visits pct,quantile,0.95,2.4329072177322355
triad-area,2026-03-14,0,2026-03-14,Flu ED visits pct,quantile,0.95,2.1730608123111192
utah,2026-03-14,0,2026-03-14,Flu ED visits pct,quantile,0.95,1.5595274112109712
virginia,2026-03-14,0,2026-03-14,Flu ED visits pct,quantile,0.95,2.8641045225215693
weld,2026-03-14,0,2026-03-14,Flu ED visits pct,quantile,0.95,6.132343700098949
wnc,2026-03-14,0,2026-03-14,Flu ED visits pct,quantile,0.95,2.3086697360943065
worcester,2026-03-14,0,2026-03-14,Flu ED visits pct,quantile,0.95,1.4484686868882617
athens,2026-03-14,1,2026-03-21,Flu ED visits pct,quantile,0.95,4.734583846951688
austin,2026-03-14,1,2026-03-21,Flu ED visits pct,quantile,0.95,2.1941605699403492
baltimore,2026-03-14,1,2026-03-21,Flu ED visits pct,quantile,0.95,1.381307830336177
bangor,2026-03-14,1,2026-03-21,Flu ED visits pct,quantile,0.95,2.0257564280680316
beaumont,2026-03-14,1,2026-03-21,Flu ED visits pct,quantile,0.95,2.3436599826100246
boston,2026-03-14,1,2026-03-21,Flu ED visits pct,quantile,0.95,1.3224019020078697
boulder,2026-03-14,1,2026-03-21,Flu ED visits pct,quantile,0.95,5.000971463018232
charleston,2026-03-14,1,2026-03-21,Flu ED visits pct,quantile,0.95,2.426549086147073
cherokee,2026-03-14,1,2026-03-21,Flu ED visits pct,quantile,0.95,2.48782746366992
clt-area,2026-03-14,1,2026-03-21,Flu ED visits pct,quantile,0.95,4.089658075845293
colorado,2026-03-14,1,2026-03-21,Flu ED visits pct,quantile,0.95,2.8054571455855357
colorado-springs,2026-03-14,1,2026-03-21,Flu ED visits pct,quantile,0.95,2.3990354901107205
columbia,2026-03-14,1,2026-03-21,Flu ED visits pct,quantile,0.95,2.7202827263932634
columbus,2026-03-14,1,2026-03-21,Flu ED visits pct,quantile,0.95,2.4820248753063705
dallas,2026-03-14,1,2026-03-21,Flu ED visits pct,quantile,0.95,2.1057309740877863
denver,2026-03-14,1,2026-03-21,Flu ED visits pct,quantile,0.95,3.14826148613969
deschutes,2026-03-14,1,2026-03-21,Flu ED visits pct,quantile,0.95,1.9930042494725295
duluth,2026-03-14,1,2026-03-21,Flu ED visits pct,quantile,0.95,3.8454910155970476
el-paso,2026-03-14,1,2026-03-21,Flu ED visits pct,quantile,0.95,3.668240896929123
eugene,2026-03-14,1,2026-03-21,Flu ED visits pct,quantile,0.95,1.3139285961353677
fay-area,2026-03-14,1,2026-03-21,Flu ED visits pct,quantile,0.95,4.747313900623462
florence,2026-03-14,1,2026-03-21,Flu ED visits pct,quantile,0.95,1.8718482186501786
floyd,2026-03-14,1,2026-03-21,Flu ED visits pct,quantile,0.95,2.7357133494893153
frederick,2026-03-14,1,2026-03-21,Flu ED visits pct,quantile,0.95,1.5418102485623617
georgia,2026-03-14,1,2026-03-21,Flu ED visits pct,quantile,0.95,1.7870400365006422
greenville,2026-03-14,1,2026-03-21,Flu ED visits pct,quantile,0.95,3.7904027441654984
hall,2026-03-14,1,2026-03-21,Flu ED visits pct,quantile,0.95,3.242255788646033
harford,2026-03-14,1,2026-03-21,Flu ED visits pct,quantile,0.95,2.3729293509661944
henry,2026-03-14,1,2026-03-21,Flu ED visits pct,quantile,0.95,1.7994750010409923
horry,2026-03-14,1,2026-03-21,Flu ED visits pct,quantile,0.95,2.018284075911677
houston,2026-03-14,1,2026-03-21,Flu ED visits pct,quantile,0.95,1.141608057099211
indiana,2026-03-14,1,2026-03-21,Flu ED visits pct,quantile,0.95,4.39581300358842
indianapolis,2026-03-14,1,2026-03-21,Flu ED visits pct,quantile,0.95,5.330614366483619
la-grange,2026-03-14,1,2026-03-21,Flu ED visits pct,quantile,0.95,1.7497319158811224
larimer,2026-03-14,1,2026-03-21,Flu ED visits pct,quantile,0.95,2.049777394604765
lynn,2026-03-14,1,2026-03-21,Flu ED visits pct,quantile,0.95,1.4032206822637434
macon,2026-03-14,1,2026-03-21,Flu ED visits pct,quantile,0.95,1.602864576194613
maine,2026-03-14,1,2026-03-21,Flu ED visits pct,quantile,0.95,1.478620766501554
marietta,2026-03-14,1,2026-03-21,Flu ED visits pct,quantile,0.95,1.9262798687538063
maryland,2026-03-14,1,2026-03-21,Flu ED visits pct,quantile,0.95,1.482419996395595
massachusetts,2026-03-14,1,2026-03-21,Flu ED visits pct,quantile,0.95,1.3473419684541013
medford,2026-03-14,1,2026-03-21,Flu ED visits pct,quantile,0.95,1.1779532890098214
mesa,2026-03-14,1,2026-03-21,Flu ED visits pct,quantile,0.95,1.5573703076026937
minneapolis,2026-03-14,1,2026-03-21,Flu ED visits pct,quantile,0.95,4.075535173463523
minnesota,2026-03-14,1,2026-03-21,Flu ED visits pct,quantile,0.95,3.2176156049198448
montgomery,2026-03-14,1,2026-03-21,Flu ED visits pct,quantile,0.95,1.5734237771168194
nenc,2026-03-14,1,2026-03-21,Flu ED visits pct,quantile,0.95,2.9367603730233
new-bedford,2026-03-14,1,2026-03-21,Flu ED visits pct,quantile,0.95,1.6055778734881176
north-carolina,2026-03-14,1,2026-03-21,Flu ED visits pct,quantile,0.95,2.809496295682431
nyc,2026-03-14,1,2026-03-21,ILI ED visits pct,quantile,0.95,2.770712759060029
ogden,2026-03-14,1,2026-03-21,Flu ED visits pct,quantile,0.95,1.9500351236348377
oregon,2026-03-14,1,2026-03-21,Flu ED visits pct,quantile,0.95,2.354651077535238
pittsfield,2026-03-14,1,2026-03-21,Flu ED visits pct,quantile,0.95,1.1008047927873799
portland,2026-03-14,1,2026-03-21,Flu ED visits pct,quantile,0.95,1.5155203476125352
portland-or,2026-03-14,1,2026-03-21,Flu ED visits pct,quantile,0.95,2.809600966593416
provo,2026-03-14,1,2026-03-21,Flu ED visits pct,quantile,0.95,1.1428843897360792
roanoke,2026-03-14,1,2026-03-21,Flu ED visits pct,quantile,0.95,5.099615317496175
rochester,2026-03-14,1,2026-03-21,Flu ED visits pct,quantile,0.95,4.184491472921703
rock-hill,2026-03-14,1,2026-03-21,Flu ED visits pct,quantile,0.95,1.768833349104386
rtp-area,2026-03-14,1,2026-03-21,Flu ED visits pct,quantile,0.95,2.0966215021065224
salem,2026-03-14,1,2026-03-21,Flu ED visits pct,quantile,0.95,3.0980557054193945
salt-lake-city,2026-03-14,1,2026-03-21,Flu ED visits pct,quantile,0.95,1.4817479490253302
san-antonio,2026-03-14,1,2026-03-21,Flu ED visits pct,quantile,0.95,2.8623227912828795
savannah,2026-03-14,1,2026-03-21,Flu ED visits pct,quantile,0.95,0.8630713160628215
senc,2026-03-14,1,2026-03-21,Flu ED visits pct,quantile,0.95,2.1602154981167208
south-augusta,2026-03-14,1,2026-03-21,Flu ED visits pct,quantile,0.95,1.7537049527784787
south-carolina,2026-03-14,1,2026-03-21,Flu ED visits pct,quantile,0.95,2.40340064138588
springfield,2026-03-14,1,2026-03-21,Flu ED visits pct,quantile,0.95,1.7000278518606837
st-cloud,2026-03-14,1,2026-03-21,Flu ED visits pct,quantile,0.95,2.902420509922755
st-paul,2026-03-14,1,2026-03-21,Flu ED visits pct,quantile,0.95,4.441033370167881
texas,2026-03-14,1,2026-03-21,Flu ED visits pct,quantile,0.95,2.4468112978849015
triad-area,2026-03-14,1,2026-03-21,Flu ED visits pct,quantile,0.95,2.173508295461511
utah,2026-03-14,1,2026-03-21,Flu ED visits pct,quantile,0.95,1.560934581558789
virginia,2026-03-14,1,2026-03-21,Flu ED visits pct,quantile,0.95,2.9689959359880342
weld,2026-03-14,1,2026-03-21,Flu ED visits pct,quantile,0.95,6.608477975015653
wnc,2026-03-14,1,2026-03-21,Flu ED visits pct,quantile,0.95,2.2106158920456696
worcester,2026-03-14,1,2026-03-21,Flu ED visits pct,quantile,0.95,1.452768746454502
athens,2026-03-14,2,2026-03-28,Flu ED visits pct,quantile,0.95,5.114770383524386
austin,2026-03-14,2,2026-03-28,Flu ED visits pct,quantile,0.95,2.1876989532448827
baltimore,2026-03-14,2,2026-03-28,Flu ED visits pct,quantile,0.95,1.531637797517207
bangor,2026-03-14,2,2026-03-28,Flu ED visits pct,quantile,0.95,2.148750972497966
beaumont,2026-03-14,2,2026-03-28,Flu ED visits pct,quantile,0.95,2.3368639245902845
boston,2026-03-14,2,2026-03-28,Flu ED visits pct,quantile,0.95,1.3973796851897065
boulder,2026-03-14,2,2026-03-28,Flu ED visits pct,quantile,0.95,5.090151354905173
charleston,2026-03-14,2,2026-03-28,Flu ED visits pct,quantile,0.95,2.384608090512061
cherokee,2026-03-14,2,2026-03-28,Flu ED visits pct,quantile,0.95,2.68318667251347
clt-area,2026-03-14,2,2026-03-28,Flu ED visits pct,quantile,0.95,4.0744742772233336
colorado,2026-03-14,2,2026-03-28,Flu ED visits pct,quantile,0.95,2.93866185919603
colorado-springs,2026-03-14,2,2026-03-28,Flu ED visits pct,quantile,0.95,2.4886862743522746
columbia,2026-03-14,2,2026-03-28,Flu ED visits pct,quantile,0.95,2.6871944494436972
columbus,2026-03-14,2,2026-03-28,Flu ED visits pct,quantile,0.95,2.4385948041315717
dallas,2026-03-14,2,2026-03-28,Flu ED visits pct,quantile,0.95,2.098254524033805
denver,2026-03-14,2,2026-03-28,Flu ED visits pct,quantile,0.95,3.363804623488229
deschutes,2026-03-14,2,2026-03-28,Flu ED visits pct,quantile,0.95,1.9645777741098942
duluth,2026-03-14,2,2026-03-28,Flu ED visits pct,quantile,0.95,3.9755947132598544
el-paso,2026-03-14,2,2026-03-28,Flu ED visits pct,quantile,0.95,3.8248575839787824
eugene,2026-03-14,2,2026-03-28,Flu ED visits pct,quantile,0.95,1.2961681752081027
fay-area,2026-03-14,2,2026-03-28,Flu ED visits pct,quantile,0.95,4.646629940327672
florence,2026-03-14,2,2026-03-28,Flu ED visits pct,quantile,0.95,1.8771856270043246
floyd,2026-03-14,2,2026-03-28,Flu ED visits pct,quantile,0.95,2.8994148788356235
frederick,2026-03-14,2,2026-03-28,Flu ED visits pct,quantile,0.95,1.6319105344633276
georgia,2026-03-14,2,2026-03-28,Flu ED visits pct,quantile,0.95,1.8138101489941807
greenville,2026-03-14,2,2026-03-28,Flu ED visits pct,quantile,0.95,3.9481420920196304
hall,2026-03-14,2,2026-03-28,Flu ED visits pct,quantile,0.95,3.3923596546257175
harford,2026-03-14,2,2026-03-28,Flu ED visits pct,quantile,0.95,2.5365587084311723
henry,2026-03-14,2,2026-03-28,Flu ED visits pct,quantile,0.95,1.9300636367121322
horry,2026-03-14,2,2026-03-28,Flu ED visits pct,quantile,0.95,2.0110163675467305
houston,2026-03-14,2,2026-03-28,Flu ED visits pct,quantile,0.95,1.1428504921000966
indiana,2026-03-14,2,2026-03-28,Flu ED visits pct,quantile,0.95,4.560154825912569
indianapolis,2026-03-14,2,2026-03-28,Flu ED visits pct,quantile,0.95,5.408200491115235
la-grange,2026-03-14,2,2026-03-28,Flu ED visits pct,quantile,0.95,1.7835368506100167
larimer,2026-03-14,2,2026-03-28,Flu ED visits pct,quantile,0.95,2.06340259869082
lynn,2026-03-14,2,2026-03-28,Flu ED visits pct,quantile,0.95,1.4925991763647555
macon,2026-03-14,2,2026-03-28,Flu ED visits pct,quantile,0.95,1.5871288939853316
maine,2026-03-14,2,2026-03-28,Flu ED visits pct,quantile,0.95,1.4770243294469565
marietta,2026-03-14,2,2026-03-28,Flu ED visits pct,quantile,0.95,2.0320427278774065
maryland,2026-03-14,2,2026-03-28,Flu ED visits pct,quantile,0.95,1.5691070186052434
massachusetts,2026-03-14,2,2026-03-28,Flu ED visits pct,quantile,0.95,1.4138904043369376
medford,2026-03-14,2,2026-03-28,Flu ED visits pct,quantile,0.95,1.1671894854662501
mesa,2026-03-14,2,2026-03-28,Flu ED visits pct,quantile,0.95,1.5537732091419367
minneapolis,2026-03-14,2,2026-03-28,Flu ED visits pct,quantile,0.95,4.200648613529023
minnesota,2026-03-14,2,2026-03-28,Flu ED visits pct,quantile,0.95,3.243274257742499
montgomery,2026-03-14,2,2026-03-28,Flu ED visits pct,quantile,0.95,1.700190338910142
nenc,2026-03-14,2,2026-03-28,Flu ED visits pct,quantile,0.95,2.9019270611116674
new-bedford,2026-03-14,2,2026-03-28,Flu ED visits pct,quantile,0.95,1.7190426042240639
north-carolina,2026-03-14,2,2026-03-28,Flu ED visits pct,quantile,0.95,2.7665304625765743
nyc,2026-03-14,2,2026-03-28,ILI ED visits pct,quantile,0.95,2.851010073647574
ogden,2026-03-14,2,2026-03-28,Flu ED visits pct,quantile,0.95,1.9463467712702254
oregon,2026-03-14,2,2026-03-28,Flu ED visits pct,quantile,0.95,2.3232406764904217
pittsfield,2026-03-14,2,2026-03-28,Flu ED visits pct,quantile,0.95,1.1870200289697037
portland,2026-03-14,2,2026-03-28,Flu ED visits pct,quantile,0.95,1.5763513335535313
portland-or,2026-03-14,2,2026-03-28,Flu ED visits pct,quantile,0.95,2.7711469492904794
provo,2026-03-14,2,2026-03-28,Flu ED visits pct,quantile,0.95,1.139942475064416
roanoke,2026-03-14,2,2026-03-28,Flu ED visits pct,quantile,0.95,5.198951930251732
rochester,2026-03-14,2,2026-03-28,Flu ED visits pct,quantile,0.95,4.119829827934856
rock-hill,2026-03-14,2,2026-03-28,Flu ED visits pct,quantile,0.95,1.7736365040709745
rtp-area,2026-03-14,2,2026-03-28,Flu ED visits pct,quantile,0.95,2.0708680753290762
salem,2026-03-14,2,2026-03-28,Flu ED visits pct,quantile,0.95,3.0609909992869326
salt-lake-city,2026-03-14,2,2026-03-28,Flu ED visits pct,quantile,0.95,1.4711688728807342
san-antonio,2026-03-14,2,2026-03-28,Flu ED visits pct,quantile,0.95,2.797790737438369
savannah,2026-03-14,2,2026-03-28,Flu ED visits pct,quantile,0.95,0.85834918623443
senc,2026-03-14,2,2026-03-28,Flu ED visits pct,quantile,0.95,2.1856805336868455
south-augusta,2026-03-14,2,2026-03-28,Flu ED visits pct,quantile,0.95,1.737406603108311
south-carolina,2026-03-14,2,2026-03-28,Flu ED visits pct,quantile,0.95,2.3872269051626525
springfield,2026-03-14,2,2026-03-28,Flu ED visits pct,quantile,0.95,1.8207943115808822
st-cloud,2026-03-14,2,2026-03-28,Flu ED visits pct,quantile,0.95,3.0686775254858003
st-paul,2026-03-14,2,2026-03-28,Flu ED visits pct,quantile,0.95,4.7001368965828965
texas,2026-03-14,2,2026-03-28,Flu ED visits pct,quantile,0.95,2.4558692989133863
triad-area,2026-03-14,2,2026-03-28,Flu ED visits pct,quantile,0.95,2.1630261318003106
utah,2026-03-14,2,2026-03-28,Flu ED visits pct,quantile,0.95,1.5564779207067494
virginia,2026-03-14,2,2026-03-28,Flu ED visits pct,quantile,0.95,3.00677371522266
weld,2026-03-14,2,2026-03-28,Flu ED visits pct,quantile,0.95,6.552345031003855
wnc,2026-03-14,2,2026-03-28,Flu ED visits pct,quantile,0.95,2.1666053290391782
worcester,2026-03-14,2,2026-03-28,Flu ED visits pct,quantile,0.95,1.4532730640012845
athens,2026-03-14,3,2026-04-04,Flu ED visits pct,quantile,0.95,5.172974382039689
austin,2026-03-14,3,2026-04-04,Flu ED visits pct,quantile,0.95,2.1863335105701127
baltimore,2026-03-14,3,2026-04-04,Flu ED visits pct,quantile,0.95,1.6028128404506192
bangor,2026-03-14,3,2026-04-04,Flu ED visits pct,quantile,0.95,2.162303467955463
beaumont,2026-03-14,3,2026-04-04,Flu ED visits pct,quantile,0.95,2.352357729257286
boston,2026-03-14,3,2026-04-04,Flu ED visits pct,quantile,0.95,1.454230649030588
boulder,2026-03-14,3,2026-04-04,Flu ED visits pct,quantile,0.95,5.060735515611543
charleston,2026-03-14,3,2026-04-04,Flu ED visits pct,quantile,0.95,2.412476344060447
cherokee,2026-03-14,3,2026-04-04,Flu ED visits pct,quantile,0.95,2.7405492061426844
clt-area,2026-03-14,3,2026-04-04,Flu ED visits pct,quantile,0.95,4.070165438386429
colorado,2026-03-14,3,2026-04-04,Flu ED visits pct,quantile,0.95,3.0137726919048613
colorado-springs,2026-03-14,3,2026-04-04,Flu ED visits pct,quantile,0.95,2.522138685303301
columbia,2026-03-14,3,2026-04-04,Flu ED visits pct,quantile,0.95,2.7555725509037816
columbus,2026-03-14,3,2026-04-04,Flu ED visits pct,quantile,0.95,2.4174171034563208
dallas,2026-03-14,3,2026-04-04,Flu ED visits pct,quantile,0.95,2.1055609803332285
denver,2026-03-14,3,2026-04-04,Flu ED visits pct,quantile,0.95,3.4373718678159477
deschutes,2026-03-14,3,2026-04-04,Flu ED visits pct,quantile,0.95,1.9577495299689756
duluth,2026-03-14,3,2026-04-04,Flu ED visits pct,quantile,0.95,4.037903318903615
el-paso,2026-03-14,3,2026-04-04,Flu ED visits pct,quantile,0.95,3.9298704613555833
eugene,2026-03-14,3,2026-04-04,Flu ED visits pct,quantile,0.95,1.2961681752081027
fay-area,2026-03-14,3,2026-04-04,Flu ED visits pct,quantile,0.95,4.691164591660422
florence,2026-03-14,3,2026-04-04,Flu ED visits pct,quantile,0.95,1.8923077132772257
floyd,2026-03-14,3,2026-04-04,Flu ED visits pct,quantile,0.95,2.9678311509891793
frederick,2026-03-14,3,2026-04-04,Flu ED visits pct,quantile,0.95,1.6538771717594551
georgia,2026-03-14,3,2026-04-04,Flu ED visits pct,quantile,0.95,1.8447501361732164
greenville,2026-03-14,3,2026-04-04,Flu ED visits pct,quantile,0.95,4.016610279940742
hall,2026-03-14,3,2026-04-04,Flu ED visits pct,quantile,0.95,3.499000096118988
harford,2026-03-14,3,2026-04-04,Flu ED visits pct,quantile,0.95,2.586864934255307
henry,2026-03-14,3,2026-04-04,Flu ED visits pct,quantile,0.95,1.9869323379234787
horry,2026-03-14,3,2026-04-04,Flu ED visits pct,quantile,0.95,2.0112455584742235
houston,2026-03-14,3,2026-04-04,Flu ED visits pct,quantile,0.95,1.1704428247698
indiana,2026-03-14,3,2026-04-04,Flu ED visits pct,quantile,0.95,4.628328306455153
indianapolis,2026-03-14,3,2026-04-04,Flu ED visits pct,quantile,0.95,5.366047038172128
la-grange,2026-03-14,3,2026-04-04,Flu ED visits pct,quantile,0.95,1.7992881671457002
larimer,2026-03-14,3,2026-04-04,Flu ED visits pct,quantile,0.95,2.0898381143495293
lynn,2026-03-14,3,2026-04-04,Flu ED visits pct,quantile,0.95,1.4970851451232634
macon,2026-03-14,3,2026-04-04,Flu ED visits pct,quantile,0.95,1.571869863361837
maine,2026-03-14,3,2026-04-04,Flu ED visits pct,quantile,0.95,1.4761910485347858
marietta,2026-03-14,3,2026-04-04,Flu ED visits pct,quantile,0.95,2.07270239838839
maryland,2026-03-14,3,2026-04-04,Flu ED visits pct,quantile,0.95,1.6617633469774904
massachusetts,2026-03-14,3,2026-04-04,Flu ED visits pct,quantile,0.95,1.4767928007019344
medford,2026-03-14,3,2026-04-04,Flu ED visits pct,quantile,0.95,1.1605425882595668
mesa,2026-03-14,3,2026-04-04,Flu ED visits pct,quantile,0.95,1.5732630009416058
minneapolis,2026-03-14,3,2026-04-04,Flu ED visits pct,quantile,0.95,4.403850895270936
minnesota,2026-03-14,3,2026-04-04,Flu ED visits pct,quantile,0.95,3.341219795127408
montgomery,2026-03-14,3,2026-04-04,Flu ED visits pct,quantile,0.95,1.7804744552848846
nenc,2026-03-14,3,2026-04-04,Flu ED visits pct,quantile,0.95,2.981931336775467
new-bedford,2026-03-14,3,2026-04-04,Flu ED visits pct,quantile,0.95,1.7863697580144517
north-carolina,2026-03-14,3,2026-04-04,Flu ED visits pct,quantile,0.95,2.76722348706133
nyc,2026-03-14,3,2026-04-04,ILI ED visits pct,quantile,0.95,2.855406240960613
ogden,2026-03-14,3,2026-04-04,Flu ED visits pct,quantile,0.95,1.953958321402068
oregon,2026-03-14,3,2026-04-04,Flu ED visits pct,quantile,0.95,2.309095990439626
pittsfield,2026-03-14,3,2026-04-04,Flu ED visits pct,quantile,0.95,1.1970333633645578
portland,2026-03-14,3,2026-04-04,Flu ED visits pct,quantile,0.95,1.5703445153598994
portland-or,2026-03-14,3,2026-04-04,Flu ED visits pct,quantile,0.95,2.7619646798855784
provo,2026-03-14,3,2026-04-04,Flu ED visits pct,quantile,0.95,1.144484025552404
roanoke,2026-03-14,3,2026-04-04,Flu ED visits pct,quantile,0.95,5.198063276088985
rochester,2026-03-14,3,2026-04-04,Flu ED visits pct,quantile,0.95,4.113674048219376
rock-hill,2026-03-14,3,2026-04-04,Flu ED visits pct,quantile,0.95,1.7973413022797449
rtp-area,2026-03-14,3,2026-04-04,Flu ED visits pct,quantile,0.95,2.0577557465011505
salem,2026-03-14,3,2026-04-04,Flu ED visits pct,quantile,0.95,3.0512881152314897
salt-lake-city,2026-03-14,3,2026-04-04,Flu ED visits pct,quantile,0.95,1.4779088385530457
san-antonio,2026-03-14,3,2026-04-04,Flu ED visits pct,quantile,0.95,2.803978861855962
savannah,2026-03-14,3,2026-04-04,Flu ED visits pct,quantile,0.95,0.8518110665310522
senc,2026-03-14,3,2026-04-04,Flu ED visits pct,quantile,0.95,2.2469185072982962
south-augusta,2026-03-14,3,2026-04-04,Flu ED visits pct,quantile,0.95,1.7304686822867554
south-carolina,2026-03-14,3,2026-04-04,Flu ED visits pct,quantile,0.95,2.4083785070039045
springfield,2026-03-14,3,2026-04-04,Flu ED visits pct,quantile,0.95,1.8642139357115621
st-cloud,2026-03-14,3,2026-04-04,Flu ED visits pct,quantile,0.95,3.123353235979169
st-paul,2026-03-14,3,2026-04-04,Flu ED visits pct,quantile,0.95,4.810175512794944
texas,2026-03-14,3,2026-04-04,Flu ED visits pct,quantile,0.95,2.4918103330238326
triad-area,2026-03-14,3,2026-04-04,Flu ED visits pct,quantile,0.95,2.205788430635995
utah,2026-03-14,3,2026-04-04,Flu ED visits pct,quantile,0.95,1.5680843595638243
virginia,2026-03-14,3,2026-04-04,Flu ED visits pct,quantile,0.95,3.079993610656547
weld,2026-03-14,3,2026-04-04,Flu ED visits pct,quantile,0.95,6.759909286295956
wnc,2026-03-14,3,2026-04-04,Flu ED visits pct,quantile,0.95,2.1659794191361263
worcester,2026-03-14,3,2026-04-04,Flu ED visits pct,quantile,0.95,1.4751247919531536
athens,2026-03-14,0,2026-03-14,Flu ED visits pct,quantile,0.975,4.756578333285259
austin,2026-03-14,0,2026-03-14,Flu ED visits pct,quantile,0.975,2.499198828614689
baltimore,2026-03-14,0,2026-03-14,Flu ED visits pct,quantile,0.975,1.8227663319067935
bangor,2026-03-14,0,2026-03-14,Flu ED visits pct,quantile,0.975,2.3857526301875027
beaumont,2026-03-14,0,2026-03-14,Flu ED visits pct,quantile,0.975,2.721947100371905
boston,2026-03-14,0,2026-03-14,Flu ED visits pct,quantile,0.975,1.5608640110531582
boulder,2026-03-14,0,2026-03-14,Flu ED visits pct,quantile,0.975,5.66766112325993
charleston,2026-03-14,0,2026-03-14,Flu ED visits pct,quantile,0.975,2.860842481067348
cherokee,2026-03-14,0,2026-03-14,Flu ED visits pct,quantile,0.975,3.0558867020205747
clt-area,2026-03-14,0,2026-03-14,Flu ED visits pct,quantile,0.975,4.681138502680024
colorado,2026-03-14,0,2026-03-14,Flu ED visits pct,quantile,0.975,3.317724344263346
colorado-springs,2026-03-14,0,2026-03-14,Flu ED visits pct,quantile,0.975,2.8308687224289018
columbia,2026-03-14,0,2026-03-14,Flu ED visits pct,quantile,0.975,3.1744495974043403
columbus,2026-03-14,0,2026-03-14,Flu ED visits pct,quantile,0.975,2.7743987293355103
dallas,2026-03-14,0,2026-03-14,Flu ED visits pct,quantile,0.975,2.440421051120508
denver,2026-03-14,0,2026-03-14,Flu ED visits pct,quantile,0.975,3.456863393219883
deschutes,2026-03-14,0,2026-03-14,Flu ED visits pct,quantile,0.975,2.3160187839102995
duluth,2026-03-14,0,2026-03-14,Flu ED visits pct,quantile,0.975,4.436509703629435
el-paso,2026-03-14,0,2026-03-14,Flu ED visits pct,quantile,0.975,4.063861071276767
eugene,2026-03-14,0,2026-03-14,Flu ED visits pct,quantile,0.975,1.5836860054230721
fay-area,2026-03-14,0,2026-03-14,Flu ED visits pct,quantile,0.975,5.17536886011654
florence,2026-03-14,0,2026-03-14,Flu ED visits pct,quantile,0.975,2.373780941239394
floyd,2026-03-14,0,2026-03-14,Flu ED visits pct,quantile,0.975,3.2500039777351466
frederick,2026-03-14,0,2026-03-14,Flu ED visits pct,quantile,0.975,1.5683144639347966
georgia,2026-03-14,0,2026-03-14,Flu ED visits pct,quantile,0.975,2.1188665302651737
greenville,2026-03-14,0,2026-03-14,Flu ED visits pct,quantile,0.975,4.490258841417942
hall,2026-03-14,0,2026-03-14,Flu ED visits pct,quantile,0.975,3.8016421577558948
harford,2026-03-14,0,2026-03-14,Flu ED visits pct,quantile,0.975,2.7793448579286455
henry,2026-03-14,0,2026-03-14,Flu ED visits pct,quantile,0.975,2.1555778769092386
horry,2026-03-14,0,2026-03-14,Flu ED visits pct,quantile,0.975,2.4170727142474617
houston,2026-03-14,0,2026-03-14,Flu ED visits pct,quantile,0.975,1.40080717899149
indiana,2026-03-14,0,2026-03-14,Flu ED visits pct,quantile,0.975,5.199649267989466
indianapolis,2026-03-14,0,2026-03-14,Flu ED visits pct,quantile,0.975,6.214277112567872
la-grange,2026-03-14,0,2026-03-14,Flu ED visits pct,quantile,0.975,2.143205801219406
larimer,2026-03-14,0,2026-03-14,Flu ED visits pct,quantile,0.975,2.406194219389793
lynn,2026-03-14,0,2026-03-14,Flu ED visits pct,quantile,0.975,1.611791336119516
macon,2026-03-14,0,2026-03-14,Flu ED visits pct,quantile,0.975,1.8230415323898488
maine,2026-03-14,0,2026-03-14,Flu ED visits pct,quantile,0.975,1.725054454022736
marietta,2026-03-14,0,2026-03-14,Flu ED visits pct,quantile,0.975,2.2822994370541867
maryland,2026-03-14,0,2026-03-14,Flu ED visits pct,quantile,0.975,1.9047859662474793
massachusetts,2026-03-14,0,2026-03-14,Flu ED visits pct,quantile,0.975,1.59313453969746
medford,2026-03-14,0,2026-03-14,Flu ED visits pct,quantile,0.975,1.4720331771436348
mesa,2026-03-14,0,2026-03-14,Flu ED visits pct,quantile,0.975,1.8406226340791472
minneapolis,2026-03-14,0,2026-03-14,Flu ED visits pct,quantile,0.975,4.320519395003565
minnesota,2026-03-14,0,2026-03-14,Flu ED visits pct,quantile,0.975,3.595999177362623
montgomery,2026-03-14,0,2026-03-14,Flu ED visits pct,quantile,0.975,2.0509093808044883
nenc,2026-03-14,0,2026-03-14,Flu ED visits pct,quantile,0.975,3.246022614131543
new-bedford,2026-03-14,0,2026-03-14,Flu ED visits pct,quantile,0.975,1.9223925973723128
north-carolina,2026-03-14,0,2026-03-14,Flu ED visits pct,quantile,0.975,3.178988045336334
nyc,2026-03-14,0,2026-03-14,ILI ED visits pct,quantile,0.975,3.2313036516338536
ogden,2026-03-14,0,2026-03-14,Flu ED visits pct,quantile,0.975,2.3099234630546346
oregon,2026-03-14,0,2026-03-14,Flu ED visits pct,quantile,0.975,2.69023614449524
pittsfield,2026-03-14,0,2026-03-14,Flu ED visits pct,quantile,0.975,1.1898878673407045
portland,2026-03-14,0,2026-03-14,Flu ED visits pct,quantile,0.975,1.7653101375910472
portland-or,2026-03-14,0,2026-03-14,Flu ED visits pct,quantile,0.975,3.1648361714011557
provo,2026-03-14,0,2026-03-14,Flu ED visits pct,quantile,0.975,1.391910984854145
roanoke,2026-03-14,0,2026-03-14,Flu ED visits pct,quantile,0.975,5.792816431020225
rochester,2026-03-14,0,2026-03-14,Flu ED visits pct,quantile,0.975,4.92137501334128
rock-hill,2026-03-14,0,2026-03-14,Flu ED visits pct,quantile,0.975,2.058640754038285
rtp-area,2026-03-14,0,2026-03-14,Flu ED visits pct,quantile,0.975,2.3586399021745
salem,2026-03-14,0,2026-03-14,Flu ED visits pct,quantile,0.975,3.5893266675174247
salt-lake-city,2026-03-14,0,2026-03-14,Flu ED visits pct,quantile,0.975,1.733928795629766
san-antonio,2026-03-14,0,2026-03-14,Flu ED visits pct,quantile,0.975,3.28173781346084
savannah,2026-03-14,0,2026-03-14,Flu ED visits pct,quantile,0.975,1.0382606054146062
senc,2026-03-14,0,2026-03-14,Flu ED visits pct,quantile,0.975,2.4968760945082464
south-augusta,2026-03-14,0,2026-03-14,Flu ED visits pct,quantile,0.975,2.093350727441626
south-carolina,2026-03-14,0,2026-03-14,Flu ED visits pct,quantile,0.975,2.768632921068993
springfield,2026-03-14,0,2026-03-14,Flu ED visits pct,quantile,0.975,2.025097786745915
st-cloud,2026-03-14,0,2026-03-14,Flu ED visits pct,quantile,0.975,3.4265831695481976
st-paul,2026-03-14,0,2026-03-14,Flu ED visits pct,quantile,0.975,4.433297184653297
texas,2026-03-14,0,2026-03-14,Flu ED visits pct,quantile,0.975,2.8275192866706504
triad-area,2026-03-14,0,2026-03-14,Flu ED visits pct,quantile,0.975,2.38458661584224
utah,2026-03-14,0,2026-03-14,Flu ED visits pct,quantile,0.975,1.8225506753941902
virginia,2026-03-14,0,2026-03-14,Flu ED visits pct,quantile,0.975,3.4580635527887043
weld,2026-03-14,0,2026-03-14,Flu ED visits pct,quantile,0.975,6.729021731507989
wnc,2026-03-14,0,2026-03-14,Flu ED visits pct,quantile,0.975,2.5170176238250384
worcester,2026-03-14,0,2026-03-14,Flu ED visits pct,quantile,0.975,1.6979360388932023
athens,2026-03-14,1,2026-03-21,Flu ED visits pct,quantile,0.975,5.440754722471072
austin,2026-03-14,1,2026-03-21,Flu ED visits pct,quantile,0.975,2.591748233830339
baltimore,2026-03-14,1,2026-03-21,Flu ED visits pct,quantile,0.975,2.032255696633934
bangor,2026-03-14,1,2026-03-21,Flu ED visits pct,quantile,0.975,2.6301593952343043
beaumont,2026-03-14,1,2026-03-21,Flu ED visits pct,quantile,0.975,2.865189060408051
boston,2026-03-14,1,2026-03-21,Flu ED visits pct,quantile,0.975,1.6197976057890198
boulder,2026-03-14,1,2026-03-21,Flu ED visits pct,quantile,0.975,6.108294733071741
charleston,2026-03-14,1,2026-03-21,Flu ED visits pct,quantile,0.975,2.8829288633637193
cherokee,2026-03-14,1,2026-03-21,Flu ED visits pct,quantile,0.975,3.3776551348735215
clt-area,2026-03-14,1,2026-03-21,Flu ED visits pct,quantile,0.975,4.773701655866381
colorado,2026-03-14,1,2026-03-21,Flu ED visits pct,quantile,0.975,3.684372635229073
colorado-springs,2026-03-14,1,2026-03-21,Flu ED visits pct,quantile,0.975,2.925569668508431
columbia,2026-03-14,1,2026-03-21,Flu ED visits pct,quantile,0.975,3.27604113971856
columbus,2026-03-14,1,2026-03-21,Flu ED visits pct,quantile,0.975,2.768413014521112
dallas,2026-03-14,1,2026-03-21,Flu ED visits pct,quantile,0.975,2.501444027674815
denver,2026-03-14,1,2026-03-21,Flu ED visits pct,quantile,0.975,3.872136091480759
deschutes,2026-03-14,1,2026-03-21,Flu ED visits pct,quantile,0.975,2.3056527506175546
duluth,2026-03-14,1,2026-03-21,Flu ED visits pct,quantile,0.975,4.812317842047327
el-paso,2026-03-14,1,2026-03-21,Flu ED visits pct,quantile,0.975,4.843154678174881
eugene,2026-03-14,1,2026-03-21,Flu ED visits pct,quantile,0.975,1.6125539136214821
fay-area,2026-03-14,1,2026-03-21,Flu ED visits pct,quantile,0.975,5.220335829744473
florence,2026-03-14,1,2026-03-21,Flu ED visits pct,quantile,0.975,2.4913208619990783
floyd,2026-03-14,1,2026-03-21,Flu ED visits pct,quantile,0.975,3.6134405372152396
frederick,2026-03-14,1,2026-03-21,Flu ED visits pct,quantile,0.975,1.8154778820988782
georgia,2026-03-14,1,2026-03-21,Flu ED visits pct,quantile,0.975,2.24930540934976
greenville,2026-03-14,1,2026-03-21,Flu ED visits pct,quantile,0.975,4.842215816444138
hall,2026-03-14,1,2026-03-21,Flu ED visits pct,quantile,0.975,4.192699550593211
harford,2026-03-14,1,2026-03-21,Flu ED visits pct,quantile,0.975,3.080417835694194
henry,2026-03-14,1,2026-03-21,Flu ED visits pct,quantile,0.975,2.4265280415348625
horry,2026-03-14,1,2026-03-21,Flu ED visits pct,quantile,0.975,2.5310925290544555
houston,2026-03-14,1,2026-03-21,Flu ED visits pct,quantile,0.975,1.4786803258662276
indiana,2026-03-14,1,2026-03-21,Flu ED visits pct,quantile,0.975,5.678080138131418
indianapolis,2026-03-14,1,2026-03-21,Flu ED visits pct,quantile,0.975,6.603827206087411
la-grange,2026-03-14,1,2026-03-21,Flu ED visits pct,quantile,0.975,2.2567768207172394
larimer,2026-03-14,1,2026-03-21,Flu ED visits pct,quantile,0.975,2.4973654140277466
lynn,2026-03-14,1,2026-03-21,Flu ED visits pct,quantile,0.975,1.6899876488174355
macon,2026-03-14,1,2026-03-21,Flu ED visits pct,quantile,0.975,1.8976612508922288
maine,2026-03-14,1,2026-03-21,Flu ED visits pct,quantile,0.975,1.7809857178755428
marietta,2026-03-14,1,2026-03-21,Flu ED visits pct,quantile,0.975,2.431409571042595
maryland,2026-03-14,1,2026-03-21,Flu ED visits pct,quantile,0.975,2.0683602352123422
massachusetts,2026-03-14,1,2026-03-21,Flu ED visits pct,quantile,0.975,1.667245983745186
medford,2026-03-14,1,2026-03-21,Flu ED visits pct,quantile,0.975,1.4596938665017511
mesa,2026-03-14,1,2026-03-21,Flu ED visits pct,quantile,0.975,1.916304791480193
minneapolis,2026-03-14,1,2026-03-21,Flu ED visits pct,quantile,0.975,4.860099691966967
minnesota,2026-03-14,1,2026-03-21,Flu ED visits pct,quantile,0.975,3.762627471511425
montgomery,2026-03-14,1,2026-03-21,Flu ED visits pct,quantile,0.975,2.2495803034847968
nenc,2026-03-14,1,2026-03-21,Flu ED visits pct,quantile,0.975,3.3384050002874086
new-bedford,2026-03-14,1,2026-03-21,Flu ED visits pct,quantile,0.975,2.0988319034708316
north-carolina,2026-03-14,1,2026-03-21,Flu ED visits pct,quantile,0.975,3.1853216059218634
nyc,2026-03-14,1,2026-03-21,ILI ED visits pct,quantile,0.975,3.3402061937113605
ogden,2026-03-14,1,2026-03-21,Flu ED visits pct,quantile,0.975,2.379911796006625
oregon,2026-03-14,1,2026-03-21,Flu ED visits pct,quantile,0.975,2.6676085433813137
pittsfield,2026-03-14,1,2026-03-21,Flu ED visits pct,quantile,0.975,1.2715427062288311
portland,2026-03-14,1,2026-03-21,Flu ED visits pct,quantile,0.975,1.8311498865132454
portland-or,2026-03-14,1,2026-03-21,Flu ED visits pct,quantile,0.975,3.136727106022393
provo,2026-03-14,1,2026-03-21,Flu ED visits pct,quantile,0.975,1.4284770363305168
roanoke,2026-03-14,1,2026-03-21,Flu ED visits pct,quantile,0.975,6.229940191063558
rochester,2026-03-14,1,2026-03-21,Flu ED visits pct,quantile,0.975,4.980992909517249
rock-hill,2026-03-14,1,2026-03-21,Flu ED visits pct,quantile,0.975,2.1655110534027213
rtp-area,2026-03-14,1,2026-03-21,Flu ED visits pct,quantile,0.975,2.3361618891928733
salem,2026-03-14,1,2026-03-21,Flu ED visits pct,quantile,0.975,3.5573912908575407
salt-lake-city,2026-03-14,1,2026-03-21,Flu ED visits pct,quantile,0.975,1.7983371482584525
san-antonio,2026-03-14,1,2026-03-21,Flu ED visits pct,quantile,0.975,3.2723240167038483
savannah,2026-03-14,1,2026-03-21,Flu ED visits pct,quantile,0.975,1.029700287066481
senc,2026-03-14,1,2026-03-21,Flu ED visits pct,quantile,0.975,2.592142773185133
south-augusta,2026-03-14,1,2026-03-21,Flu ED visits pct,quantile,0.975,2.145440498203848
south-carolina,2026-03-14,1,2026-03-21,Flu ED visits pct,quantile,0.975,2.862118816019885
springfield,2026-03-14,1,2026-03-21,Flu ED visits pct,quantile,0.975,2.178738865160999
st-cloud,2026-03-14,1,2026-03-21,Flu ED visits pct,quantile,0.975,3.6483372335488524
st-paul,2026-03-14,1,2026-03-21,Flu ED visits pct,quantile,0.975,5.177462508428928
texas,2026-03-14,1,2026-03-21,Flu ED visits pct,quantile,0.975,2.9276808206224723
triad-area,2026-03-14,1,2026-03-21,Flu ED visits pct,quantile,0.975,2.492599093525966
utah,2026-03-14,1,2026-03-21,Flu ED visits pct,quantile,0.975,1.8737971237411286
virginia,2026-03-14,1,2026-03-21,Flu ED visits pct,quantile,0.975,3.6840255058611064
weld,2026-03-14,1,2026-03-21,Flu ED visits pct,quantile,0.975,7.5205369876082
wnc,2026-03-14,1,2026-03-21,Flu ED visits pct,quantile,0.975,2.502169222932974
worcester,2026-03-14,1,2026-03-21,Flu ED visits pct,quantile,0.975,1.7562011780383748
athens,2026-03-14,2,2026-03-28,Flu ED visits pct,quantile,0.975,5.696714403816243
austin,2026-03-14,2,2026-03-28,Flu ED visits pct,quantile,0.975,2.588641094094191
baltimore,2026-03-14,2,2026-03-28,Flu ED visits pct,quantile,0.975,2.1613739865186385
bangor,2026-03-14,2,2026-03-28,Flu ED visits pct,quantile,0.975,2.7018480268481198
beaumont,2026-03-14,2,2026-03-28,Flu ED visits pct,quantile,0.975,2.8489748623307953
boston,2026-03-14,2,2026-03-28,Flu ED visits pct,quantile,0.975,1.6611306746038965
boulder,2026-03-14,2,2026-03-28,Flu ED visits pct,quantile,0.975,6.284958337888675
charleston,2026-03-14,2,2026-03-28,Flu ED visits pct,quantile,0.975,2.882287896167065
cherokee,2026-03-14,2,2026-03-28,Flu ED visits pct,quantile,0.975,3.4565141511407695
clt-area,2026-03-14,2,2026-03-28,Flu ED visits pct,quantile,0.975,4.946914685486583
colorado,2026-03-14,2,2026-03-28,Flu ED visits pct,quantile,0.975,3.8820192329872087
colorado-springs,2026-03-14,2,2026-03-28,Flu ED visits pct,quantile,0.975,2.9654969120184766
columbia,2026-03-14,2,2026-03-28,Flu ED visits pct,quantile,0.975,3.3016223365238124
columbus,2026-03-14,2,2026-03-28,Flu ED visits pct,quantile,0.975,2.727755770863551
dallas,2026-03-14,2,2026-03-28,Flu ED visits pct,quantile,0.975,2.4917558681574445
denver,2026-03-14,2,2026-03-28,Flu ED visits pct,quantile,0.975,4.051161436743408
deschutes,2026-03-14,2,2026-03-28,Flu ED visits pct,quantile,0.975,2.2771702403779415
duluth,2026-03-14,2,2026-03-28,Flu ED visits pct,quantile,0.975,4.8971947324454685
el-paso,2026-03-14,2,2026-03-28,Flu ED visits pct,quantile,0.975,5.143502886760107
eugene,2026-03-14,2,2026-03-28,Flu ED visits pct,quantile,0.975,1.6074706878702385
fay-area,2026-03-14,2,2026-03-28,Flu ED visits pct,quantile,0.975,5.165711068633612
florence,2026-03-14,2,2026-03-28,Flu ED visits pct,quantile,0.975,2.5118090720896076
floyd,2026-03-14,2,2026-03-28,Flu ED visits pct,quantile,0.975,3.6458238005846186
frederick,2026-03-14,2,2026-03-28,Flu ED visits pct,quantile,0.975,1.9157032565269083
georgia,2026-03-14,2,2026-03-28,Flu ED visits pct,quantile,0.975,2.2708739643892564
greenville,2026-03-14,2,2026-03-28,Flu ED visits pct,quantile,0.975,4.961956582164822
hall,2026-03-14,2,2026-03-28,Flu ED visits pct,quantile,0.975,4.348042193503473
harford,2026-03-14,2,2026-03-28,Flu ED visits pct,quantile,0.975,3.287200305262531
henry,2026-03-14,2,2026-03-28,Flu ED visits pct,quantile,0.975,2.5152254830872067
horry,2026-03-14,2,2026-03-28,Flu ED visits pct,quantile,0.975,2.5381933146156053
houston,2026-03-14,2,2026-03-28,Flu ED visits pct,quantile,0.975,1.473230588696851
indiana,2026-03-14,2,2026-03-28,Flu ED visits pct,quantile,0.975,5.967419181977144
indianapolis,2026-03-14,2,2026-03-28,Flu ED visits pct,quantile,0.975,6.904053615766214
la-grange,2026-03-14,2,2026-03-28,Flu ED visits pct,quantile,0.975,2.265558669529843
larimer,2026-03-14,2,2026-03-28,Flu ED visits pct,quantile,0.975,2.5196172901302205
lynn,2026-03-14,2,2026-03-28,Flu ED visits pct,quantile,0.975,1.7449809952001583
macon,2026-03-14,2,2026-03-28,Flu ED visits pct,quantile,0.975,1.8790965896941514
maine,2026-03-14,2,2026-03-28,Flu ED visits pct,quantile,0.975,1.7749170630183446
marietta,2026-03-14,2,2026-03-28,Flu ED visits pct,quantile,0.975,2.5121042179980146
maryland,2026-03-14,2,2026-03-28,Flu ED visits pct,quantile,0.975,2.117042588583281
massachusetts,2026-03-14,2,2026-03-28,Flu ED visits pct,quantile,0.975,1.7176598494834856
medford,2026-03-14,2,2026-03-28,Flu ED visits pct,quantile,0.975,1.4525014057733463
mesa,2026-03-14,2,2026-03-28,Flu ED visits pct,quantile,0.975,1.9042349907305292
minneapolis,2026-03-14,2,2026-03-28,Flu ED visits pct,quantile,0.975,5.052968437829655
minnesota,2026-03-14,2,2026-03-28,Flu ED visits pct,quantile,0.975,3.8444148794475255
montgomery,2026-03-14,2,2026-03-28,Flu ED visits pct,quantile,0.975,2.262707233005416
nenc,2026-03-14,2,2026-03-28,Flu ED visits pct,quantile,0.975,3.2960016657407807
new-bedford,2026-03-14,2,2026-03-28,Flu ED visits pct,quantile,0.975,2.194160261215503
north-carolina,2026-03-14,2,2026-03-28,Flu ED visits pct,quantile,0.975,3.149456417696694
nyc,2026-03-14,2,2026-03-28,ILI ED visits pct,quantile,0.975,3.410387761160373
ogden,2026-03-14,2,2026-03-28,Flu ED visits pct,quantile,0.975,2.3853873577990674
oregon,2026-03-14,2,2026-03-28,Flu ED visits pct,quantile,0.975,2.620963877798443
pittsfield,2026-03-14,2,2026-03-28,Flu ED visits pct,quantile,0.975,1.3143326971120717
portland,2026-03-14,2,2026-03-28,Flu ED visits pct,quantile,0.975,1.848327699862404
portland-or,2026-03-14,2,2026-03-28,Flu ED visits pct,quantile,0.975,3.141586053524772
provo,2026-03-14,2,2026-03-28,Flu ED visits pct,quantile,0.975,1.4524825032924757
roanoke,2026-03-14,2,2026-03-28,Flu ED visits pct,quantile,0.975,6.358389028431043
rochester,2026-03-14,2,2026-03-28,Flu ED visits pct,quantile,0.975,4.931817926485972
rock-hill,2026-03-14,2,2026-03-28,Flu ED visits pct,quantile,0.975,2.1580717372508302
rtp-area,2026-03-14,2,2026-03-28,Flu ED visits pct,quantile,0.975,2.2982973874854626
salem,2026-03-14,2,2026-03-28,Flu ED visits pct,quantile,0.975,3.5221080265803835
salt-lake-city,2026-03-14,2,2026-03-28,Flu ED visits pct,quantile,0.975,1.8122963787285
san-antonio,2026-03-14,2,2026-03-28,Flu ED visits pct,quantile,0.975,3.238087327448935
savannah,2026-03-14,2,2026-03-28,Flu ED visits pct,quantile,0.975,1.0277054976747009
senc,2026-03-14,2,2026-03-28,Flu ED visits pct,quantile,0.975,2.6090864012737285
south-augusta,2026-03-14,2,2026-03-28,Flu ED visits pct,quantile,0.975,2.131376788587261
south-carolina,2026-03-14,2,2026-03-28,Flu ED visits pct,quantile,0.975,2.9605285347267727
springfield,2026-03-14,2,2026-03-28,Flu ED visits pct,quantile,0.975,2.2164914949657497
st-cloud,2026-03-14,2,2026-03-28,Flu ED visits pct,quantile,0.975,3.7066962791273297
st-paul,2026-03-14,2,2026-03-28,Flu ED visits pct,quantile,0.975,5.509174791052468
texas,2026-03-14,2,2026-03-28,Flu ED visits pct,quantile,0.975,2.9441966707988443
triad-area,2026-03-14,2,2026-03-28,Flu ED visits pct,quantile,0.975,2.4635281280298202
utah,2026-03-14,2,2026-03-28,Flu ED visits pct,quantile,0.975,1.8795937634353754
virginia,2026-03-14,2,2026-03-28,Flu ED visits pct,quantile,0.975,3.7601994168318242
weld,2026-03-14,2,2026-03-28,Flu ED visits pct,quantile,0.975,7.85926613992409
wnc,2026-03-14,2,2026-03-28,Flu ED visits pct,quantile,0.975,2.490256680548494
worcester,2026-03-14,2,2026-03-28,Flu ED visits pct,quantile,0.975,1.7669043076105304
athens,2026-03-14,3,2026-04-04,Flu ED visits pct,quantile,0.975,5.885149520586901
austin,2026-03-14,3,2026-04-04,Flu ED visits pct,quantile,0.975,2.6597869566592727
baltimore,2026-03-14,3,2026-04-04,Flu ED visits pct,quantile,0.975,2.358923518293734
bangor,2026-03-14,3,2026-04-04,Flu ED visits pct,quantile,0.975,2.7876073135691652
beaumont,2026-03-14,3,2026-04-04,Flu ED visits pct,quantile,0.975,2.9668219662637028
boston,2026-03-14,3,2026-04-04,Flu ED visits pct,quantile,0.975,1.745507697291882
boulder,2026-03-14,3,2026-04-04,Flu ED visits pct,quantile,0.975,6.492083865054475
charleston,2026-03-14,3,2026-04-04,Flu ED visits pct,quantile,0.975,2.91910100701408
cherokee,2026-03-14,3,2026-04-04,Flu ED visits pct,quantile,0.975,3.5695624180548564
clt-area,2026-03-14,3,2026-04-04,Flu ED visits pct,quantile,0.975,4.977799771390268
colorado,2026-03-14,3,2026-04-04,Flu ED visits pct,quantile,0.975,4.049394581436237
colorado-springs,2026-03-14,3,2026-04-04,Flu ED visits pct,quantile,0.975,3.0669882854889927
columbia,2026-03-14,3,2026-04-04,Flu ED visits pct,quantile,0.975,3.434762629859173
columbus,2026-03-14,3,2026-04-04,Flu ED visits pct,quantile,0.975,2.767521160529691
dallas,2026-03-14,3,2026-04-04,Flu ED visits pct,quantile,0.975,2.614621934381724
denver,2026-03-14,3,2026-04-04,Flu ED visits pct,quantile,0.975,4.215737219658625
deschutes,2026-03-14,3,2026-04-04,Flu ED visits pct,quantile,0.975,2.2975333354076044
duluth,2026-03-14,3,2026-04-04,Flu ED visits pct,quantile,0.975,5.044257342797098
el-paso,2026-03-14,3,2026-04-04,Flu ED visits pct,quantile,0.975,5.353040757907882
eugene,2026-03-14,3,2026-04-04,Flu ED visits pct,quantile,0.975,1.6116613029949372
fay-area,2026-03-14,3,2026-04-04,Flu ED visits pct,quantile,0.975,5.1968214507584065
florence,2026-03-14,3,2026-04-04,Flu ED visits pct,quantile,0.975,2.5816745285934273
floyd,2026-03-14,3,2026-04-04,Flu ED visits pct,quantile,0.975,3.7640260693380023
frederick,2026-03-14,3,2026-04-04,Flu ED visits pct,quantile,0.975,2.0775653381604315
georgia,2026-03-14,3,2026-04-04,Flu ED visits pct,quantile,0.975,2.389120209312621
greenville,2026-03-14,3,2026-04-04,Flu ED visits pct,quantile,0.975,5.193532246137958
hall,2026-03-14,3,2026-04-04,Flu ED visits pct,quantile,0.975,4.451606053316653
harford,2026-03-14,3,2026-04-04,Flu ED visits pct,quantile,0.975,3.4078910148653137
henry,2026-03-14,3,2026-04-04,Flu ED visits pct,quantile,0.975,2.636043502494282
horry,2026-03-14,3,2026-04-04,Flu ED visits pct,quantile,0.975,2.671375227550021
houston,2026-03-14,3,2026-04-04,Flu ED visits pct,quantile,0.975,1.591020854883426
indiana,2026-03-14,3,2026-04-04,Flu ED visits pct,quantile,0.975,6.102734509321674
indianapolis,2026-03-14,3,2026-04-04,Flu ED visits pct,quantile,0.975,6.9679384198687595
la-grange,2026-03-14,3,2026-04-04,Flu ED visits pct,quantile,0.975,2.343914354134547
larimer,2026-03-14,3,2026-04-04,Flu ED visits pct,quantile,0.975,2.605242248808014
lynn,2026-03-14,3,2026-04-04,Flu ED visits pct,quantile,0.975,1.832284009418575
macon,2026-03-14,3,2026-04-04,Flu ED visits pct,quantile,0.975,1.94406334766113
maine,2026-03-14,3,2026-04-04,Flu ED visits pct,quantile,0.975,1.8629844114958214
marietta,2026-03-14,3,2026-04-04,Flu ED visits pct,quantile,0.975,2.6336113359690407
maryland,2026-03-14,3,2026-04-04,Flu ED visits pct,quantile,0.975,2.2687095037332967
massachusetts,2026-03-14,3,2026-04-04,Flu ED visits pct,quantile,0.975,1.8583095939160197
medford,2026-03-14,3,2026-04-04,Flu ED visits pct,quantile,0.975,1.4796770508897878
mesa,2026-03-14,3,2026-04-04,Flu ED visits pct,quantile,0.975,1.9900643573322652
minneapolis,2026-03-14,3,2026-04-04,Flu ED visits pct,quantile,0.975,5.177525349287248
minnesota,2026-03-14,3,2026-04-04,Flu ED visits pct,quantile,0.975,4.041408442788557
montgomery,2026-03-14,3,2026-04-04,Flu ED visits pct,quantile,0.975,2.4579005177121855
nenc,2026-03-14,3,2026-04-04,Flu ED visits pct,quantile,0.975,3.376121381392721
new-bedford,2026-03-14,3,2026-04-04,Flu ED visits pct,quantile,0.975,2.304447649212832
north-carolina,2026-03-14,3,2026-04-04,Flu ED visits pct,quantile,0.975,3.197416505032568
nyc,2026-03-14,3,2026-04-04,ILI ED visits pct,quantile,0.975,3.54166966629282
ogden,2026-03-14,3,2026-04-04,Flu ED visits pct,quantile,0.975,2.4659106289916886
oregon,2026-03-14,3,2026-04-04,Flu ED visits pct,quantile,0.975,2.6919974136900833
pittsfield,2026-03-14,3,2026-04-04,Flu ED visits pct,quantile,0.975,1.3927981964776917
portland,2026-03-14,3,2026-04-04,Flu ED visits pct,quantile,0.975,1.9471896258401449
portland-or,2026-03-14,3,2026-04-04,Flu ED visits pct,quantile,0.975,3.158698897921202
provo,2026-03-14,3,2026-04-04,Flu ED visits pct,quantile,0.975,1.543198727941781
roanoke,2026-03-14,3,2026-04-04,Flu ED visits pct,quantile,0.975,6.55646398924057
rochester,2026-03-14,3,2026-04-04,Flu ED visits pct,quantile,0.975,5.0088111016690355
rock-hill,2026-03-14,3,2026-04-04,Flu ED visits pct,quantile,0.975,2.3634393061900423
rtp-area,2026-03-14,3,2026-04-04,Flu ED visits pct,quantile,0.975,2.341850140520507
salem,2026-03-14,3,2026-04-04,Flu ED visits pct,quantile,0.975,3.528348943126765
salt-lake-city,2026-03-14,3,2026-04-04,Flu ED visits pct,quantile,0.975,1.8769572747741172
san-antonio,2026-03-14,3,2026-04-04,Flu ED visits pct,quantile,0.975,3.3060567413435296
savannah,2026-03-14,3,2026-04-04,Flu ED visits pct,quantile,0.975,1.047618164971616
senc,2026-03-14,3,2026-04-04,Flu ED visits pct,quantile,0.975,2.6807544128343728
south-augusta,2026-03-14,3,2026-04-04,Flu ED visits pct,quantile,0.975,2.1615971136846355
south-carolina,2026-03-14,3,2026-04-04,Flu ED visits pct,quantile,0.975,3.1724936969058324
springfield,2026-03-14,3,2026-04-04,Flu ED visits pct,quantile,0.975,2.396956120067478
st-cloud,2026-03-14,3,2026-04-04,Flu ED visits pct,quantile,0.975,3.8150843280607925
st-paul,2026-03-14,3,2026-04-04,Flu ED visits pct,quantile,0.975,5.583979689305618
texas,2026-03-14,3,2026-04-04,Flu ED visits pct,quantile,0.975,3.048440481144998
triad-area,2026-03-14,3,2026-04-04,Flu ED visits pct,quantile,0.975,2.543265474038555
utah,2026-03-14,3,2026-04-04,Flu ED visits pct,quantile,0.975,1.9597152684558816
virginia,2026-03-14,3,2026-04-04,Flu ED visits pct,quantile,0.975,4.019152467833574
weld,2026-03-14,3,2026-04-04,Flu ED visits pct,quantile,0.975,7.929481913625642
wnc,2026-03-14,3,2026-04-04,Flu ED visits pct,quantile,0.975,2.515251197140383
worcester,2026-03-14,3,2026-04-04,Flu ED visits pct,quantile,0.975,1.8748413870981688
