location,reference_date,horizon,target_end_date,target,output_type,output_type_id,value
athens,2026-05-16,0,2026-05-16,Flu ED visits pct,quantile,0.025,0.008194121183488398
austin,2026-05-16,0,2026-05-16,Flu ED visits pct,quantile,0.025,0.05820520361607392
baltimore,2026-05-16,0,2026-05-16,Flu ED visits pct,quantile,0.025,0.05278400526298465
bangor,2026-05-16,0,2026-05-16,Flu ED visits pct,quantile,0.025,0.010797059606103733
beaumont,2026-05-16,0,2026-05-16,Flu ED visits pct,quantile,0.025,0.08612509017985506
boston,2026-05-16,0,2026-05-16,Flu ED visits pct,quantile,0.025,0.0804273865634661
boulder,2026-05-16,0,2026-05-16,Flu ED visits pct,quantile,0.025,0.050273638886256945
charleston,2026-05-16,0,2026-05-16,Flu ED visits pct,quantile,0.025,0.03410608966548339
cherokee,2026-05-16,0,2026-05-16,Flu ED visits pct,quantile,0.025,0.05249016972375823
clt-area,2026-05-16,0,2026-05-16,Flu ED visits pct,quantile,0.025,0.5993347420676051
colorado,2026-05-16,0,2026-05-16,Flu ED visits pct,quantile,0.025,0.173597115441011
colorado-springs,2026-05-16,0,2026-05-16,Flu ED visits pct,quantile,0.025,0.15049862331395628
columbia,2026-05-16,0,2026-05-16,Flu ED visits pct,quantile,0.025,0.03170017391436302
columbus,2026-05-16,0,2026-05-16,Flu ED visits pct,quantile,0.025,0.0
dallas,2026-05-16,0,2026-05-16,Flu ED visits pct,quantile,0.025,0.08234983354390661
denver,2026-05-16,0,2026-05-16,Flu ED visits pct,quantile,0.025,0.1517684013113542
deschutes,2026-05-16,0,2026-05-16,Flu ED visits pct,quantile,0.025,0.1018456351888179
duluth,2026-05-16,0,2026-05-16,Flu ED visits pct,quantile,0.025,0.03282103682901529
el-paso,2026-05-16,0,2026-05-16,Flu ED visits pct,quantile,0.025,0.7268322921726614
eugene,2026-05-16,0,2026-05-16,Flu ED visits pct,quantile,0.025,0.056410035473415186
fay-area,2026-05-16,0,2026-05-16,Flu ED visits pct,quantile,0.025,0.5710470505049539
florence,2026-05-16,0,2026-05-16,Flu ED visits pct,quantile,0.025,0.008112898580434522
floyd,2026-05-16,0,2026-05-16,Flu ED visits pct,quantile,0.025,0.010065776324154884
frederick,2026-05-16,0,2026-05-16,Flu ED visits pct,quantile,0.025,0.003193616814798933
georgia,2026-05-16,0,2026-05-16,Flu ED visits pct,quantile,0.025,0.0737821557662202
greenville,2026-05-16,0,2026-05-16,Flu ED visits pct,quantile,0.025,0.0543328934350465
hall,2026-05-16,0,2026-05-16,Flu ED visits pct,quantile,0.025,0.012990273949032244
harford,2026-05-16,0,2026-05-16,Flu ED visits pct,quantile,0.025,0.0
henry,2026-05-16,0,2026-05-16,Flu ED visits pct,quantile,0.025,0.014208753950639681
horry,2026-05-16,0,2026-05-16,Flu ED visits pct,quantile,0.025,0.03644959184076731
houston,2026-05-16,0,2026-05-16,Flu ED visits pct,quantile,0.025,0.15962695831212184
indiana,2026-05-16,0,2026-05-16,Flu ED visits pct,quantile,0.025,0.030497850700565245
indianapolis,2026-05-16,0,2026-05-16,Flu ED visits pct,quantile,0.025,0.016390313534824015
la-grange,2026-05-16,0,2026-05-16,Flu ED visits pct,quantile,0.025,0.0069388911446280985
larimer,2026-05-16,0,2026-05-16,Flu ED visits pct,quantile,0.025,0.027539096792423626
lynn,2026-05-16,0,2026-05-16,Flu ED visits pct,quantile,0.025,0.04741293602998138
macon,2026-05-16,0,2026-05-16,Flu ED visits pct,quantile,0.025,0.07170468239080273
maine,2026-05-16,0,2026-05-16,Flu ED visits pct,quantile,0.025,0.10634443774375739
marietta,2026-05-16,0,2026-05-16,Flu ED visits pct,quantile,0.025,0.01434637756241887
maryland,2026-05-16,0,2026-05-16,Flu ED visits pct,quantile,0.025,0.06050335945390529
massachusetts,2026-05-16,0,2026-05-16,Flu ED visits pct,quantile,0.025,0.08561239493188674
medford,2026-05-16,0,2026-05-16,Flu ED visits pct,quantile,0.025,0.0
mesa,2026-05-16,0,2026-05-16,Flu ED visits pct,quantile,0.025,0.0025618944174648963
minneapolis,2026-05-16,0,2026-05-16,Flu ED visits pct,quantile,0.025,0.13153914570146252
minnesota,2026-05-16,0,2026-05-16,Flu ED visits pct,quantile,0.025,0.12161344455671251
montgomery,2026-05-16,0,2026-05-16,Flu ED visits pct,quantile,0.025,0.05476570765425564
nenc,2026-05-16,0,2026-05-16,Flu ED visits pct,quantile,0.025,0.06305805499244446
new-bedford,2026-05-16,0,2026-05-16,Flu ED visits pct,quantile,0.025,0.059296363568312783
north-carolina,2026-05-16,0,2026-05-16,Flu ED visits pct,quantile,0.025,0.318982987990257
nyc,2026-05-16,0,2026-05-16,ILI ED visits pct,quantile,0.025,1.3916918155727476
ogden,2026-05-16,0,2026-05-16,Flu ED visits pct,quantile,0.025,0.02183713481268243
oregon,2026-05-16,0,2026-05-16,Flu ED visits pct,quantile,0.025,0.16170188072357022
pittsfield,2026-05-16,0,2026-05-16,Flu ED visits pct,quantile,0.025,0.0
portland,2026-05-16,0,2026-05-16,Flu ED visits pct,quantile,0.025,0.07498403728695073
portland-or,2026-05-16,0,2026-05-16,Flu ED visits pct,quantile,0.025,0.16387870670335186
provo,2026-05-16,0,2026-05-16,Flu ED visits pct,quantile,0.025,0.026648468811932453
roanoke,2026-05-16,0,2026-05-16,Flu ED visits pct,quantile,0.025,0.05345594106934103
rochester,2026-05-16,0,2026-05-16,Flu ED visits pct,quantile,0.025,0.007875224726933668
rock-hill,2026-05-16,0,2026-05-16,Flu ED visits pct,quantile,0.025,0.0002986274900716214
rtp-area,2026-05-16,0,2026-05-16,Flu ED visits pct,quantile,0.025,0.05754320793975438
salem,2026-05-16,0,2026-05-16,Flu ED visits pct,quantile,0.025,0.06808282696025904
salt-lake-city,2026-05-16,0,2026-05-16,Flu ED visits pct,quantile,0.025,0.04298745399424084
san-antonio,2026-05-16,0,2026-05-16,Flu ED visits pct,quantile,0.025,0.06582371656011272
savannah,2026-05-16,0,2026-05-16,Flu ED visits pct,quantile,0.025,0.0
senc,2026-05-16,0,2026-05-16,Flu ED visits pct,quantile,0.025,0.023431798463999336
south-augusta,2026-05-16,0,2026-05-16,Flu ED visits pct,quantile,0.025,0.028312833502555285
south-carolina,2026-05-16,0,2026-05-16,Flu ED visits pct,quantile,0.025,0.06084292075112128
springfield,2026-05-16,0,2026-05-16,Flu ED visits pct,quantile,0.025,0.07892234010623185
st-cloud,2026-05-16,0,2026-05-16,Flu ED visits pct,quantile,0.025,0.004816048574123769
st-paul,2026-05-16,0,2026-05-16,Flu ED visits pct,quantile,0.025,0.16661769176822017
texas,2026-05-16,0,2026-05-16,Flu ED visits pct,quantile,0.025,0.18748029986922518
triad-area,2026-05-16,0,2026-05-16,Flu ED visits pct,quantile,0.025,0.1426295735570978
utah,2026-05-16,0,2026-05-16,Flu ED visits pct,quantile,0.025,0.05864197799636648
virginia,2026-05-16,0,2026-05-16,Flu ED visits pct,quantile,0.025,0.1021373895130556
weld,2026-05-16,0,2026-05-16,Flu ED visits pct,quantile,0.025,0.07567638471273856
wnc,2026-05-16,0,2026-05-16,Flu ED visits pct,quantile,0.025,0.0585763321540436
worcester,2026-05-16,0,2026-05-16,Flu ED visits pct,quantile,0.025,0.0337549221372376
athens,2026-05-16,1,2026-05-23,Flu ED visits pct,quantile,0.025,0.0016634003086146935
austin,2026-05-16,1,2026-05-23,Flu ED visits pct,quantile,0.025,0.04747024885307174
baltimore,2026-05-16,1,2026-05-23,Flu ED visits pct,quantile,0.025,0.03510715209644632
bangor,2026-05-16,1,2026-05-23,Flu ED visits pct,quantile,0.025,0.0031693594519926482
beaumont,2026-05-16,1,2026-05-23,Flu ED visits pct,quantile,0.025,0.05947513413036338
boston,2026-05-16,1,2026-05-23,Flu ED visits pct,quantile,0.025,0.0545807841480264
boulder,2026-05-16,1,2026-05-23,Flu ED visits pct,quantile,0.025,0.03119491406315355
charleston,2026-05-16,1,2026-05-23,Flu ED visits pct,quantile,0.025,0.022586506706224786
cherokee,2026-05-16,1,2026-05-23,Flu ED visits pct,quantile,0.025,0.03348274550127849
clt-area,2026-05-16,1,2026-05-23,Flu ED visits pct,quantile,0.025,0.4274126449916441
colorado,2026-05-16,1,2026-05-23,Flu ED visits pct,quantile,0.025,0.12796408035104911
colorado-springs,2026-05-16,1,2026-05-23,Flu ED visits pct,quantile,0.025,0.09969578475822223
columbia,2026-05-16,1,2026-05-23,Flu ED visits pct,quantile,0.025,0.01741827495442385
columbus,2026-05-16,1,2026-05-23,Flu ED visits pct,quantile,0.025,0.0
dallas,2026-05-16,1,2026-05-23,Flu ED visits pct,quantile,0.025,0.061441799639183135
denver,2026-05-16,1,2026-05-23,Flu ED visits pct,quantile,0.025,0.11132495992999195
deschutes,2026-05-16,1,2026-05-23,Flu ED visits pct,quantile,0.025,0.07451264552193405
duluth,2026-05-16,1,2026-05-23,Flu ED visits pct,quantile,0.025,0.018220694506029395
el-paso,2026-05-16,1,2026-05-23,Flu ED visits pct,quantile,0.025,0.5288121139381773
eugene,2026-05-16,1,2026-05-23,Flu ED visits pct,quantile,0.025,0.03703975873129057
fay-area,2026-05-16,1,2026-05-23,Flu ED visits pct,quantile,0.025,0.4101884330325696
florence,2026-05-16,1,2026-05-23,Flu ED visits pct,quantile,0.025,0.0011685568560373272
floyd,2026-05-16,1,2026-05-23,Flu ED visits pct,quantile,0.025,0.0025833483476957516
frederick,2026-05-16,1,2026-05-23,Flu ED visits pct,quantile,0.025,0.0028481924002424046
georgia,2026-05-16,1,2026-05-23,Flu ED visits pct,quantile,0.025,0.054559344707144054
greenville,2026-05-16,1,2026-05-23,Flu ED visits pct,quantile,0.025,0.034342850621571386
hall,2026-05-16,1,2026-05-23,Flu ED visits pct,quantile,0.025,0.005610348579513921
harford,2026-05-16,1,2026-05-23,Flu ED visits pct,quantile,0.025,0.0
henry,2026-05-16,1,2026-05-23,Flu ED visits pct,quantile,0.025,0.00597680804796274
horry,2026-05-16,1,2026-05-23,Flu ED visits pct,quantile,0.025,0.023594369109883544
houston,2026-05-16,1,2026-05-23,Flu ED visits pct,quantile,0.025,0.12527533928749296
indiana,2026-05-16,1,2026-05-23,Flu ED visits pct,quantile,0.025,0.028331283811982785
indianapolis,2026-05-16,1,2026-05-23,Flu ED visits pct,quantile,0.025,0.014313611906490177
la-grange,2026-05-16,1,2026-05-23,Flu ED visits pct,quantile,0.025,0.00038523767083491027
larimer,2026-05-16,1,2026-05-23,Flu ED visits pct,quantile,0.025,0.019021031175556563
lynn,2026-05-16,1,2026-05-23,Flu ED visits pct,quantile,0.025,0.02570742660983478
macon,2026-05-16,1,2026-05-23,Flu ED visits pct,quantile,0.025,0.04891643232524469
maine,2026-05-16,1,2026-05-23,Flu ED visits pct,quantile,0.025,0.07007095877032357
marietta,2026-05-16,1,2026-05-23,Flu ED visits pct,quantile,0.025,0.007930028040108521
maryland,2026-05-16,1,2026-05-23,Flu ED visits pct,quantile,0.025,0.040779905434165244
massachusetts,2026-05-16,1,2026-05-23,Flu ED visits pct,quantile,0.025,0.057206047154529156
medford,2026-05-16,1,2026-05-23,Flu ED visits pct,quantile,0.025,0.0
mesa,2026-05-16,1,2026-05-23,Flu ED visits pct,quantile,0.025,0.0
minneapolis,2026-05-16,1,2026-05-23,Flu ED visits pct,quantile,0.025,0.0945750897759074
minnesota,2026-05-16,1,2026-05-23,Flu ED visits pct,quantile,0.025,0.08721396148658535
montgomery,2026-05-16,1,2026-05-23,Flu ED visits pct,quantile,0.025,0.03461632432795016
nenc,2026-05-16,1,2026-05-23,Flu ED visits pct,quantile,0.025,0.04410384257175814
new-bedford,2026-05-16,1,2026-05-23,Flu ED visits pct,quantile,0.025,0.032983036326083785
north-carolina,2026-05-16,1,2026-05-23,Flu ED visits pct,quantile,0.025,0.2413017937918645
nyc,2026-05-16,1,2026-05-23,ILI ED visits pct,quantile,0.025,1.1558483456525652
ogden,2026-05-16,1,2026-05-23,Flu ED visits pct,quantile,0.025,0.015471475500810622
oregon,2026-05-16,1,2026-05-23,Flu ED visits pct,quantile,0.025,0.12604812275764238
pittsfield,2026-05-16,1,2026-05-23,Flu ED visits pct,quantile,0.025,0.0
portland,2026-05-16,1,2026-05-23,Flu ED visits pct,quantile,0.025,0.04617466018523247
portland-or,2026-05-16,1,2026-05-23,Flu ED visits pct,quantile,0.025,0.12753468980383162
provo,2026-05-16,1,2026-05-23,Flu ED visits pct,quantile,0.025,0.015483103038854163
roanoke,2026-05-16,1,2026-05-23,Flu ED visits pct,quantile,0.025,0.034438903747022236
rochester,2026-05-16,1,2026-05-23,Flu ED visits pct,quantile,0.025,0.005090792167859556
rock-hill,2026-05-16,1,2026-05-23,Flu ED visits pct,quantile,0.025,0.0
rtp-area,2026-05-16,1,2026-05-23,Flu ED visits pct,quantile,0.025,0.039386938177843646
salem,2026-05-16,1,2026-05-23,Flu ED visits pct,quantile,0.025,0.045515550262406404
salt-lake-city,2026-05-16,1,2026-05-23,Flu ED visits pct,quantile,0.025,0.03445049271229522
san-antonio,2026-05-16,1,2026-05-23,Flu ED visits pct,quantile,0.025,0.049789658378103875
savannah,2026-05-16,1,2026-05-23,Flu ED visits pct,quantile,0.025,0.0
senc,2026-05-16,1,2026-05-23,Flu ED visits pct,quantile,0.025,0.011380003090566445
south-augusta,2026-05-16,1,2026-05-23,Flu ED visits pct,quantile,0.025,0.017024957745036144
south-carolina,2026-05-16,1,2026-05-23,Flu ED visits pct,quantile,0.025,0.04191771314382331
springfield,2026-05-16,1,2026-05-23,Flu ED visits pct,quantile,0.025,0.04562465143959084
st-cloud,2026-05-16,1,2026-05-23,Flu ED visits pct,quantile,0.025,0.0006069266339086173
st-paul,2026-05-16,1,2026-05-23,Flu ED visits pct,quantile,0.025,0.12076323357781395
texas,2026-05-16,1,2026-05-23,Flu ED visits pct,quantile,0.025,0.1557860460063482
triad-area,2026-05-16,1,2026-05-23,Flu ED visits pct,quantile,0.025,0.1014840149751259
utah,2026-05-16,1,2026-05-23,Flu ED visits pct,quantile,0.025,0.046436599520854646
virginia,2026-05-16,1,2026-05-23,Flu ED visits pct,quantile,0.025,0.08016911123271908
weld,2026-05-16,1,2026-05-23,Flu ED visits pct,quantile,0.025,0.05287754216533045
wnc,2026-05-16,1,2026-05-23,Flu ED visits pct,quantile,0.025,0.0362220874101625
worcester,2026-05-16,1,2026-05-23,Flu ED visits pct,quantile,0.025,0.016019113318962615
athens,2026-05-16,2,2026-05-30,Flu ED visits pct,quantile,0.025,0.0
austin,2026-05-16,2,2026-05-30,Flu ED visits pct,quantile,0.025,0.04541477645267495
baltimore,2026-05-16,2,2026-05-30,Flu ED visits pct,quantile,0.025,0.028912924084556
bangor,2026-05-16,2,2026-05-30,Flu ED visits pct,quantile,0.025,0.0
beaumont,2026-05-16,2,2026-05-30,Flu ED visits pct,quantile,0.025,0.046067876297689526
boston,2026-05-16,2,2026-05-30,Flu ED visits pct,quantile,0.025,0.047091726506301834
boulder,2026-05-16,2,2026-05-30,Flu ED visits pct,quantile,0.025,0.020635183006499053
charleston,2026-05-16,2,2026-05-30,Flu ED visits pct,quantile,0.025,0.018848413497266292
cherokee,2026-05-16,2,2026-05-30,Flu ED visits pct,quantile,0.025,0.02499573609058347
clt-area,2026-05-16,2,2026-05-30,Flu ED visits pct,quantile,0.025,0.3078064016131788
colorado,2026-05-16,2,2026-05-30,Flu ED visits pct,quantile,0.025,0.10992656113117856
colorado-springs,2026-05-16,2,2026-05-30,Flu ED visits pct,quantile,0.025,0.07041857884987121
columbia,2026-05-16,2,2026-05-30,Flu ED visits pct,quantile,0.025,0.012040702763964397
columbus,2026-05-16,2,2026-05-30,Flu ED visits pct,quantile,0.025,0.0
dallas,2026-05-16,2,2026-05-30,Flu ED visits pct,quantile,0.025,0.05488734636951454
denver,2026-05-16,2,2026-05-30,Flu ED visits pct,quantile,0.025,0.09581843430494921
deschutes,2026-05-16,2,2026-05-30,Flu ED visits pct,quantile,0.025,0.05485966977076057
duluth,2026-05-16,2,2026-05-30,Flu ED visits pct,quantile,0.025,0.010556923854820254
el-paso,2026-05-16,2,2026-05-30,Flu ED visits pct,quantile,0.025,0.4070956900672999
eugene,2026-05-16,2,2026-05-30,Flu ED visits pct,quantile,0.025,0.02820393592626643
fay-area,2026-05-16,2,2026-05-30,Flu ED visits pct,quantile,0.025,0.3078404569337829
florence,2026-05-16,2,2026-05-30,Flu ED visits pct,quantile,0.025,0.0
floyd,2026-05-16,2,2026-05-30,Flu ED visits pct,quantile,0.025,0.0
frederick,2026-05-16,2,2026-05-30,Flu ED visits pct,quantile,0.025,0.002871405973498555
georgia,2026-05-16,2,2026-05-30,Flu ED visits pct,quantile,0.025,0.048312112255961714
greenville,2026-05-16,2,2026-05-30,Flu ED visits pct,quantile,0.025,0.026592201495159694
hall,2026-05-16,2,2026-05-30,Flu ED visits pct,quantile,0.025,0.003431887082409664
harford,2026-05-16,2,2026-05-30,Flu ED visits pct,quantile,0.025,0.0
henry,2026-05-16,2,2026-05-30,Flu ED visits pct,quantile,0.025,0.003891119038662051
horry,2026-05-16,2,2026-05-30,Flu ED visits pct,quantile,0.025,0.0163343431804066
houston,2026-05-16,2,2026-05-30,Flu ED visits pct,quantile,0.025,0.11244164916427352
indiana,2026-05-16,2,2026-05-30,Flu ED visits pct,quantile,0.025,0.02753502024809757
indianapolis,2026-05-16,2,2026-05-30,Flu ED visits pct,quantile,0.025,0.013598412180682131
la-grange,2026-05-16,2,2026-05-30,Flu ED visits pct,quantile,0.025,0.0
larimer,2026-05-16,2,2026-05-30,Flu ED visits pct,quantile,0.025,0.015922048681438976
lynn,2026-05-16,2,2026-05-30,Flu ED visits pct,quantile,0.025,0.01854726913362857
macon,2026-05-16,2,2026-05-30,Flu ED visits pct,quantile,0.025,0.03608886025558515
maine,2026-05-16,2,2026-05-30,Flu ED visits pct,quantile,0.025,0.05451459878698466
marietta,2026-05-16,2,2026-05-30,Flu ED visits pct,quantile,0.025,0.00408338591494287
maryland,2026-05-16,2,2026-05-30,Flu ED visits pct,quantile,0.025,0.03425401403385707
massachusetts,2026-05-16,2,2026-05-30,Flu ED visits pct,quantile,0.025,0.04754169821613782
medford,2026-05-16,2,2026-05-30,Flu ED visits pct,quantile,0.025,0.0
mesa,2026-05-16,2,2026-05-30,Flu ED visits pct,quantile,0.025,0.0
minneapolis,2026-05-16,2,2026-05-30,Flu ED visits pct,quantile,0.025,0.08092914317650902
minnesota,2026-05-16,2,2026-05-30,Flu ED visits pct,quantile,0.025,0.07567995525810386
montgomery,2026-05-16,2,2026-05-30,Flu ED visits pct,quantile,0.025,0.029515215822834076
nenc,2026-05-16,2,2026-05-30,Flu ED visits pct,quantile,0.025,0.03379981321069822
new-bedford,2026-05-16,2,2026-05-30,Flu ED visits pct,quantile,0.025,0.023387718929289245
north-carolina,2026-05-16,2,2026-05-30,Flu ED visits pct,quantile,0.025,0.19335945545174538
nyc,2026-05-16,2,2026-05-30,ILI ED visits pct,quantile,0.025,0.9828745873015918
ogden,2026-05-16,2,2026-05-30,Flu ED visits pct,quantile,0.025,0.013563859583331445
oregon,2026-05-16,2,2026-05-30,Flu ED visits pct,quantile,0.025,0.11018648256510381
pittsfield,2026-05-16,2,2026-05-30,Flu ED visits pct,quantile,0.025,0.0
portland,2026-05-16,2,2026-05-30,Flu ED visits pct,quantile,0.025,0.028641330786452535
portland-or,2026-05-16,2,2026-05-30,Flu ED visits pct,quantile,0.025,0.11288378281869736
provo,2026-05-16,2,2026-05-30,Flu ED visits pct,quantile,0.025,0.01127761826647477
roanoke,2026-05-16,2,2026-05-30,Flu ED visits pct,quantile,0.025,0.026950455463169903
rochester,2026-05-16,2,2026-05-30,Flu ED visits pct,quantile,0.025,0.0039205892431682515
rock-hill,2026-05-16,2,2026-05-30,Flu ED visits pct,quantile,0.025,0.0
rtp-area,2026-05-16,2,2026-05-30,Flu ED visits pct,quantile,0.025,0.03143538966747716
salem,2026-05-16,2,2026-05-30,Flu ED visits pct,quantile,0.025,0.03424948877998147
salt-lake-city,2026-05-16,2,2026-05-30,Flu ED visits pct,quantile,0.025,0.03190370512452647
san-antonio,2026-05-16,2,2026-05-30,Flu ED visits pct,quantile,0.025,0.045604487829590076
savannah,2026-05-16,2,2026-05-30,Flu ED visits pct,quantile,0.025,0.0
senc,2026-05-16,2,2026-05-30,Flu ED visits pct,quantile,0.025,0.006867685818842726
south-augusta,2026-05-16,2,2026-05-30,Flu ED visits pct,quantile,0.025,0.01034251655394103
south-carolina,2026-05-16,2,2026-05-30,Flu ED visits pct,quantile,0.025,0.03462158935007288
springfield,2026-05-16,2,2026-05-30,Flu ED visits pct,quantile,0.025,0.03174998244717474
st-cloud,2026-05-16,2,2026-05-30,Flu ED visits pct,quantile,0.025,0.0
st-paul,2026-05-16,2,2026-05-30,Flu ED visits pct,quantile,0.025,0.10338143087776334
texas,2026-05-16,2,2026-05-30,Flu ED visits pct,quantile,0.025,0.1386973951296468
triad-area,2026-05-16,2,2026-05-30,Flu ED visits pct,quantile,0.025,0.07663184983000765
utah,2026-05-16,2,2026-05-30,Flu ED visits pct,quantile,0.025,0.04333308273017428
virginia,2026-05-16,2,2026-05-30,Flu ED visits pct,quantile,0.025,0.07287426576725446
weld,2026-05-16,2,2026-05-30,Flu ED visits pct,quantile,0.025,0.03911430319166027
wnc,2026-05-16,2,2026-05-30,Flu ED visits pct,quantile,0.025,0.024772048916278912
worcester,2026-05-16,2,2026-05-30,Flu ED visits pct,quantile,0.025,0.011072505168790317
athens,2026-05-16,3,2026-06-06,Flu ED visits pct,quantile,0.025,0.0
austin,2026-05-16,3,2026-06-06,Flu ED visits pct,quantile,0.025,0.041127906801445985
baltimore,2026-05-16,3,2026-06-06,Flu ED visits pct,quantile,0.025,0.02206373185721993
bangor,2026-05-16,3,2026-06-06,Flu ED visits pct,quantile,0.025,0.0
beaumont,2026-05-16,3,2026-06-06,Flu ED visits pct,quantile,0.025,0.0362051031538503
boston,2026-05-16,3,2026-06-06,Flu ED visits pct,quantile,0.025,0.038581478159471445
boulder,2026-05-16,3,2026-06-06,Flu ED visits pct,quantile,0.025,0.014569901482937098
charleston,2026-05-16,3,2026-06-06,Flu ED visits pct,quantile,0.025,0.015278277058953965
cherokee,2026-05-16,3,2026-06-06,Flu ED visits pct,quantile,0.025,0.020784232361803323
clt-area,2026-05-16,3,2026-06-06,Flu ED visits pct,quantile,0.025,0.20029466269179766
colorado,2026-05-16,3,2026-06-06,Flu ED visits pct,quantile,0.025,0.09423948488000337
colorado-springs,2026-05-16,3,2026-06-06,Flu ED visits pct,quantile,0.025,0.05597578033344224
columbia,2026-05-16,3,2026-06-06,Flu ED visits pct,quantile,0.025,0.007866496301813483
columbus,2026-05-16,3,2026-06-06,Flu ED visits pct,quantile,0.025,0.0
dallas,2026-05-16,3,2026-06-06,Flu ED visits pct,quantile,0.025,0.04784953416361445
denver,2026-05-16,3,2026-06-06,Flu ED visits pct,quantile,0.025,0.08181957589134561
deschutes,2026-05-16,3,2026-06-06,Flu ED visits pct,quantile,0.025,0.048273748789845486
duluth,2026-05-16,3,2026-06-06,Flu ED visits pct,quantile,0.025,0.006418844211931668
el-paso,2026-05-16,3,2026-06-06,Flu ED visits pct,quantile,0.025,0.3118641548361719
eugene,2026-05-16,3,2026-06-06,Flu ED visits pct,quantile,0.025,0.020979102698597644
fay-area,2026-05-16,3,2026-06-06,Flu ED visits pct,quantile,0.025,0.21549045904678363
florence,2026-05-16,3,2026-06-06,Flu ED visits pct,quantile,0.025,0.0
floyd,2026-05-16,3,2026-06-06,Flu ED visits pct,quantile,0.025,0.0
frederick,2026-05-16,3,2026-06-06,Flu ED visits pct,quantile,0.025,0.0030908113688476197
georgia,2026-05-16,3,2026-06-06,Flu ED visits pct,quantile,0.025,0.04041207321520835
greenville,2026-05-16,3,2026-06-06,Flu ED visits pct,quantile,0.025,0.01914129878829332
hall,2026-05-16,3,2026-06-06,Flu ED visits pct,quantile,0.025,0.0019607925616323477
harford,2026-05-16,3,2026-06-06,Flu ED visits pct,quantile,0.025,0.0
henry,2026-05-16,3,2026-06-06,Flu ED visits pct,quantile,0.025,0.002106931967888059
horry,2026-05-16,3,2026-06-06,Flu ED visits pct,quantile,0.025,0.011492204947879484
houston,2026-05-16,3,2026-06-06,Flu ED visits pct,quantile,0.025,0.09817283474173115
indiana,2026-05-16,3,2026-06-06,Flu ED visits pct,quantile,0.025,0.02599000057123227
indianapolis,2026-05-16,3,2026-06-06,Flu ED visits pct,quantile,0.025,0.011750595640301289
la-grange,2026-05-16,3,2026-06-06,Flu ED visits pct,quantile,0.025,0.0
larimer,2026-05-16,3,2026-06-06,Flu ED visits pct,quantile,0.025,0.013101516921103512
lynn,2026-05-16,3,2026-06-06,Flu ED visits pct,quantile,0.025,0.013875653207807094
macon,2026-05-16,3,2026-06-06,Flu ED visits pct,quantile,0.025,0.027759401062181645
maine,2026-05-16,3,2026-06-06,Flu ED visits pct,quantile,0.025,0.04333396250545004
marietta,2026-05-16,3,2026-06-06,Flu ED visits pct,quantile,0.025,0.0013197168132911708
maryland,2026-05-16,3,2026-06-06,Flu ED visits pct,quantile,0.025,0.02742861392745164
massachusetts,2026-05-16,3,2026-06-06,Flu ED visits pct,quantile,0.025,0.03987925046846462
medford,2026-05-16,3,2026-06-06,Flu ED visits pct,quantile,0.025,0.0
mesa,2026-05-16,3,2026-06-06,Flu ED visits pct,quantile,0.025,0.0
minneapolis,2026-05-16,3,2026-06-06,Flu ED visits pct,quantile,0.025,0.06816915608983289
minnesota,2026-05-16,3,2026-06-06,Flu ED visits pct,quantile,0.025,0.0641374407337145
montgomery,2026-05-16,3,2026-06-06,Flu ED visits pct,quantile,0.025,0.022514895261085542
nenc,2026-05-16,3,2026-06-06,Flu ED visits pct,quantile,0.025,0.026148041525887983
new-bedford,2026-05-16,3,2026-06-06,Flu ED visits pct,quantile,0.025,0.01834699113450139
north-carolina,2026-05-16,3,2026-06-06,Flu ED visits pct,quantile,0.025,0.1484530160005063
nyc,2026-05-16,3,2026-06-06,ILI ED visits pct,quantile,0.025,0.8419863216523028
ogden,2026-05-16,3,2026-06-06,Flu ED visits pct,quantile,0.025,0.012861601248910963
oregon,2026-05-16,3,2026-06-06,Flu ED visits pct,quantile,0.025,0.09666369026434349
pittsfield,2026-05-16,3,2026-06-06,Flu ED visits pct,quantile,0.025,0.0
portland,2026-05-16,3,2026-06-06,Flu ED visits pct,quantile,0.025,0.022003715890432117
portland-or,2026-05-16,3,2026-06-06,Flu ED visits pct,quantile,0.025,0.09488536920710695
provo,2026-05-16,3,2026-06-06,Flu ED visits pct,quantile,0.025,0.008289192931166289
roanoke,2026-05-16,3,2026-06-06,Flu ED visits pct,quantile,0.025,0.021048662182309094
rochester,2026-05-16,3,2026-06-06,Flu ED visits pct,quantile,0.025,0.002648487728042317
rock-hill,2026-05-16,3,2026-06-06,Flu ED visits pct,quantile,0.025,0.0
rtp-area,2026-05-16,3,2026-06-06,Flu ED visits pct,quantile,0.025,0.02343904392321259
salem,2026-05-16,3,2026-06-06,Flu ED visits pct,quantile,0.025,0.026513075394284498
salt-lake-city,2026-05-16,3,2026-06-06,Flu ED visits pct,quantile,0.025,0.027218304705584
san-antonio,2026-05-16,3,2026-06-06,Flu ED visits pct,quantile,0.025,0.03843568889805049
savannah,2026-05-16,3,2026-06-06,Flu ED visits pct,quantile,0.025,0.0
senc,2026-05-16,3,2026-06-06,Flu ED visits pct,quantile,0.025,0.0032891172077044
south-augusta,2026-05-16,3,2026-06-06,Flu ED visits pct,quantile,0.025,0.007907471058612564
south-carolina,2026-05-16,3,2026-06-06,Flu ED visits pct,quantile,0.025,0.02753080043139624
springfield,2026-05-16,3,2026-06-06,Flu ED visits pct,quantile,0.025,0.02238482736645396
st-cloud,2026-05-16,3,2026-06-06,Flu ED visits pct,quantile,0.025,0.0
st-paul,2026-05-16,3,2026-06-06,Flu ED visits pct,quantile,0.025,0.08625664919879869
texas,2026-05-16,3,2026-06-06,Flu ED visits pct,quantile,0.025,0.12506069277797288
triad-area,2026-05-16,3,2026-06-06,Flu ED visits pct,quantile,0.025,0.056949878447259995
utah,2026-05-16,3,2026-06-06,Flu ED visits pct,quantile,0.025,0.03841107940625719
virginia,2026-05-16,3,2026-06-06,Flu ED visits pct,quantile,0.025,0.06287767077677082
weld,2026-05-16,3,2026-06-06,Flu ED visits pct,quantile,0.025,0.032207137730252834
wnc,2026-05-16,3,2026-06-06,Flu ED visits pct,quantile,0.025,0.01778225008456716
worcester,2026-05-16,3,2026-06-06,Flu ED visits pct,quantile,0.025,0.007163066328696751
athens,2026-05-16,0,2026-05-16,Flu ED visits pct,quantile,0.05,0.013263723376073356
austin,2026-05-16,0,2026-05-16,Flu ED visits pct,quantile,0.05,0.07299363169020096
baltimore,2026-05-16,0,2026-05-16,Flu ED visits pct,quantile,0.05,0.06897633370207827
bangor,2026-05-16,0,2026-05-16,Flu ED visits pct,quantile,0.05,0.017806975415247013
beaumont,2026-05-16,0,2026-05-16,Flu ED visits pct,quantile,0.05,0.1082769992640748
boston,2026-05-16,0,2026-05-16,Flu ED visits pct,quantile,0.05,0.10009445681475265
boulder,2026-05-16,0,2026-05-16,Flu ED visits pct,quantile,0.05,0.06212631316214653
charleston,2026-05-16,0,2026-05-16,Flu ED visits pct,quantile,0.05,0.044863703401820706
cherokee,2026-05-16,0,2026-05-16,Flu ED visits pct,quantile,0.05,0.06477694689612783
clt-area,2026-05-16,0,2026-05-16,Flu ED visits pct,quantile,0.05,0.7104581831917395
colorado,2026-05-16,0,2026-05-16,Flu ED visits pct,quantile,0.05,0.18953204877852653
colorado-springs,2026-05-16,0,2026-05-16,Flu ED visits pct,quantile,0.05,0.18660737949836462
columbia,2026-05-16,0,2026-05-16,Flu ED visits pct,quantile,0.05,0.04358816151525896
columbus,2026-05-16,0,2026-05-16,Flu ED visits pct,quantile,0.05,0.0
dallas,2026-05-16,0,2026-05-16,Flu ED visits pct,quantile,0.05,0.10011684001351007
denver,2026-05-16,0,2026-05-16,Flu ED visits pct,quantile,0.05,0.1767268000130876
deschutes,2026-05-16,0,2026-05-16,Flu ED visits pct,quantile,0.05,0.11204979200976939
duluth,2026-05-16,0,2026-05-16,Flu ED visits pct,quantile,0.05,0.04203022264832893
el-paso,2026-05-16,0,2026-05-16,Flu ED visits pct,quantile,0.05,0.8682774426667083
eugene,2026-05-16,0,2026-05-16,Flu ED visits pct,quantile,0.05,0.07208384717731434
fay-area,2026-05-16,0,2026-05-16,Flu ED visits pct,quantile,0.05,0.7054828270355794
florence,2026-05-16,0,2026-05-16,Flu ED visits pct,quantile,0.05,0.013114299062207823
floyd,2026-05-16,0,2026-05-16,Flu ED visits pct,quantile,0.05,0.014456923561750332
frederick,2026-05-16,0,2026-05-16,Flu ED visits pct,quantile,0.05,0.003867130236401591
georgia,2026-05-16,0,2026-05-16,Flu ED visits pct,quantile,0.05,0.09396528378758791
greenville,2026-05-16,0,2026-05-16,Flu ED visits pct,quantile,0.05,0.07083387698012103
hall,2026-05-16,0,2026-05-16,Flu ED visits pct,quantile,0.05,0.017195824490492263
harford,2026-05-16,0,2026-05-16,Flu ED visits pct,quantile,0.05,0.0
henry,2026-05-16,0,2026-05-16,Flu ED visits pct,quantile,0.05,0.018728469114973632
horry,2026-05-16,0,2026-05-16,Flu ED visits pct,quantile,0.05,0.04820481004875967
houston,2026-05-16,0,2026-05-16,Flu ED visits pct,quantile,0.05,0.19770868765853894
indiana,2026-05-16,0,2026-05-16,Flu ED visits pct,quantile,0.05,0.04182573863729638
indianapolis,2026-05-16,0,2026-05-16,Flu ED visits pct,quantile,0.05,0.0246210652883345
la-grange,2026-05-16,0,2026-05-16,Flu ED visits pct,quantile,0.05,0.009628076009107788
larimer,2026-05-16,0,2026-05-16,Flu ED visits pct,quantile,0.05,0.032457332735918644
lynn,2026-05-16,0,2026-05-16,Flu ED visits pct,quantile,0.05,0.058951653575573436
macon,2026-05-16,0,2026-05-16,Flu ED visits pct,quantile,0.05,0.08984258221957699
maine,2026-05-16,0,2026-05-16,Flu ED visits pct,quantile,0.05,0.12945767555963075
marietta,2026-05-16,0,2026-05-16,Flu ED visits pct,quantile,0.05,0.023447774684656836
maryland,2026-05-16,0,2026-05-16,Flu ED visits pct,quantile,0.05,0.08098837895833294
massachusetts,2026-05-16,0,2026-05-16,Flu ED visits pct,quantile,0.05,0.10266650643267541
medford,2026-05-16,0,2026-05-16,Flu ED visits pct,quantile,0.05,0.0
mesa,2026-05-16,0,2026-05-16,Flu ED visits pct,quantile,0.05,0.007746792331766636
minneapolis,2026-05-16,0,2026-05-16,Flu ED visits pct,quantile,0.05,0.1579263920308829
minnesota,2026-05-16,0,2026-05-16,Flu ED visits pct,quantile,0.05,0.14435635962173224
montgomery,2026-05-16,0,2026-05-16,Flu ED visits pct,quantile,0.05,0.07047698292748986
nenc,2026-05-16,0,2026-05-16,Flu ED visits pct,quantile,0.05,0.08131750411060062
new-bedford,2026-05-16,0,2026-05-16,Flu ED visits pct,quantile,0.05,0.07500193577863115
north-carolina,2026-05-16,0,2026-05-16,Flu ED visits pct,quantile,0.05,0.3883078605546288
nyc,2026-05-16,0,2026-05-16,ILI ED visits pct,quantile,0.05,1.7501196146909639
ogden,2026-05-16,0,2026-05-16,Flu ED visits pct,quantile,0.05,0.030498482889781922
oregon,2026-05-16,0,2026-05-16,Flu ED visits pct,quantile,0.05,0.1914185043893591
pittsfield,2026-05-16,0,2026-05-16,Flu ED visits pct,quantile,0.05,0.002419421119753443
portland,2026-05-16,0,2026-05-16,Flu ED visits pct,quantile,0.05,0.10700392506802442
portland-or,2026-05-16,0,2026-05-16,Flu ED visits pct,quantile,0.05,0.19919073552609687
provo,2026-05-16,0,2026-05-16,Flu ED visits pct,quantile,0.05,0.03773552414036187
roanoke,2026-05-16,0,2026-05-16,Flu ED visits pct,quantile,0.05,0.07530141324800663
rochester,2026-05-16,0,2026-05-16,Flu ED visits pct,quantile,0.05,0.010712953757731706
rock-hill,2026-05-16,0,2026-05-16,Flu ED visits pct,quantile,0.05,0.0017306241837364827
rtp-area,2026-05-16,0,2026-05-16,Flu ED visits pct,quantile,0.05,0.0723695464802013
salem,2026-05-16,0,2026-05-16,Flu ED visits pct,quantile,0.05,0.08733019970531117
salt-lake-city,2026-05-16,0,2026-05-16,Flu ED visits pct,quantile,0.05,0.057436963918727595
san-antonio,2026-05-16,0,2026-05-16,Flu ED visits pct,quantile,0.05,0.08312516955775001
savannah,2026-05-16,0,2026-05-16,Flu ED visits pct,quantile,0.05,0.0
senc,2026-05-16,0,2026-05-16,Flu ED visits pct,quantile,0.05,0.035989006916993395
south-augusta,2026-05-16,0,2026-05-16,Flu ED visits pct,quantile,0.05,0.0444678374710562
south-carolina,2026-05-16,0,2026-05-16,Flu ED visits pct,quantile,0.05,0.08088675305205432
springfield,2026-05-16,0,2026-05-16,Flu ED visits pct,quantile,0.05,0.10169202115168793
st-cloud,2026-05-16,0,2026-05-16,Flu ED visits pct,quantile,0.05,0.006951448051481823
st-paul,2026-05-16,0,2026-05-16,Flu ED visits pct,quantile,0.05,0.20492996701831395
texas,2026-05-16,0,2026-05-16,Flu ED visits pct,quantile,0.05,0.22124492603630877
triad-area,2026-05-16,0,2026-05-16,Flu ED visits pct,quantile,0.05,0.19550928520953895
utah,2026-05-16,0,2026-05-16,Flu ED visits pct,quantile,0.05,0.07335452738401109
virginia,2026-05-16,0,2026-05-16,Flu ED visits pct,quantile,0.05,0.12724870572185215
weld,2026-05-16,0,2026-05-16,Flu ED visits pct,quantile,0.05,0.08478192127979127
wnc,2026-05-16,0,2026-05-16,Flu ED visits pct,quantile,0.05,0.07937473530677294
worcester,2026-05-16,0,2026-05-16,Flu ED visits pct,quantile,0.05,0.04379391639796765
athens,2026-05-16,1,2026-05-23,Flu ED visits pct,quantile,0.05,0.007648163838977163
austin,2026-05-16,1,2026-05-23,Flu ED visits pct,quantile,0.05,0.06627857675417433
baltimore,2026-05-16,1,2026-05-23,Flu ED visits pct,quantile,0.05,0.053096228126776675
bangor,2026-05-16,1,2026-05-23,Flu ED visits pct,quantile,0.05,0.007284499821763943
beaumont,2026-05-16,1,2026-05-23,Flu ED visits pct,quantile,0.05,0.08926369969168245
boston,2026-05-16,1,2026-05-23,Flu ED visits pct,quantile,0.05,0.07171605464368912
boulder,2026-05-16,1,2026-05-23,Flu ED visits pct,quantile,0.05,0.03880717508724156
charleston,2026-05-16,1,2026-05-23,Flu ED visits pct,quantile,0.05,0.03618308553999256
cherokee,2026-05-16,1,2026-05-23,Flu ED visits pct,quantile,0.05,0.04618156851461032
clt-area,2026-05-16,1,2026-05-23,Flu ED visits pct,quantile,0.05,0.5068034890378708
colorado,2026-05-16,1,2026-05-23,Flu ED visits pct,quantile,0.05,0.14510030728510026
colorado-springs,2026-05-16,1,2026-05-23,Flu ED visits pct,quantile,0.05,0.13745207659835504
columbia,2026-05-16,1,2026-05-23,Flu ED visits pct,quantile,0.05,0.03387066269310099
columbus,2026-05-16,1,2026-05-23,Flu ED visits pct,quantile,0.05,0.0
dallas,2026-05-16,1,2026-05-23,Flu ED visits pct,quantile,0.05,0.08406699864400283
denver,2026-05-16,1,2026-05-23,Flu ED visits pct,quantile,0.05,0.135401801055295
deschutes,2026-05-16,1,2026-05-23,Flu ED visits pct,quantile,0.05,0.09357531481657705
duluth,2026-05-16,1,2026-05-23,Flu ED visits pct,quantile,0.05,0.025576263776411423
el-paso,2026-05-16,1,2026-05-23,Flu ED visits pct,quantile,0.05,0.6341305403415284
eugene,2026-05-16,1,2026-05-23,Flu ED visits pct,quantile,0.05,0.057803938664036804
fay-area,2026-05-16,1,2026-05-23,Flu ED visits pct,quantile,0.05,0.5177154195535424
florence,2026-05-16,1,2026-05-23,Flu ED visits pct,quantile,0.05,0.007910526950800878
floyd,2026-05-16,1,2026-05-23,Flu ED visits pct,quantile,0.05,0.009601091886255518
frederick,2026-05-16,1,2026-05-23,Flu ED visits pct,quantile,0.05,0.003550066247593046
georgia,2026-05-16,1,2026-05-23,Flu ED visits pct,quantile,0.05,0.0824667574917542
greenville,2026-05-16,1,2026-05-23,Flu ED visits pct,quantile,0.05,0.05525244443255962
hall,2026-05-16,1,2026-05-23,Flu ED visits pct,quantile,0.05,0.0117204984311107
harford,2026-05-16,1,2026-05-23,Flu ED visits pct,quantile,0.05,0.0
henry,2026-05-16,1,2026-05-23,Flu ED visits pct,quantile,0.05,0.013450378019412597
horry,2026-05-16,1,2026-05-23,Flu ED visits pct,quantile,0.05,0.03632692800484619
houston,2026-05-16,1,2026-05-23,Flu ED visits pct,quantile,0.05,0.17474578395606644
indiana,2026-05-16,1,2026-05-23,Flu ED visits pct,quantile,0.05,0.03982544903889384
indianapolis,2026-05-16,1,2026-05-23,Flu ED visits pct,quantile,0.05,0.023074107439369836
la-grange,2026-05-16,1,2026-05-23,Flu ED visits pct,quantile,0.05,0.005145689761971628
larimer,2026-05-16,1,2026-05-23,Flu ED visits pct,quantile,0.05,0.025267299987435342
lynn,2026-05-16,1,2026-05-23,Flu ED visits pct,quantile,0.05,0.03892501497218049
macon,2026-05-16,1,2026-05-23,Flu ED visits pct,quantile,0.05,0.07197457277965626
maine,2026-05-16,1,2026-05-23,Flu ED visits pct,quantile,0.05,0.08893588122545566
marietta,2026-05-16,1,2026-05-23,Flu ED visits pct,quantile,0.05,0.017508741809520834
maryland,2026-05-16,1,2026-05-23,Flu ED visits pct,quantile,0.05,0.06426959828129904
massachusetts,2026-05-16,1,2026-05-23,Flu ED visits pct,quantile,0.05,0.07428302746417564
medford,2026-05-16,1,2026-05-23,Flu ED visits pct,quantile,0.05,0.0
mesa,2026-05-16,1,2026-05-23,Flu ED visits pct,quantile,0.05,0.00390053534821533
minneapolis,2026-05-16,1,2026-05-23,Flu ED visits pct,quantile,0.05,0.11801459493447523
minnesota,2026-05-16,1,2026-05-23,Flu ED visits pct,quantile,0.05,0.11536482616536402
montgomery,2026-05-16,1,2026-05-23,Flu ED visits pct,quantile,0.05,0.05616189729426924
nenc,2026-05-16,1,2026-05-23,Flu ED visits pct,quantile,0.05,0.06143352502910026
new-bedford,2026-05-16,1,2026-05-23,Flu ED visits pct,quantile,0.05,0.050247555426295845
north-carolina,2026-05-16,1,2026-05-23,Flu ED visits pct,quantile,0.05,0.2966897374590326
nyc,2026-05-16,1,2026-05-23,ILI ED visits pct,quantile,0.05,1.4969315038634619
ogden,2026-05-16,1,2026-05-23,Flu ED visits pct,quantile,0.05,0.025726682553310204
oregon,2026-05-16,1,2026-05-23,Flu ED visits pct,quantile,0.05,0.16467062904838758
pittsfield,2026-05-16,1,2026-05-23,Flu ED visits pct,quantile,0.05,0.0
portland,2026-05-16,1,2026-05-23,Flu ED visits pct,quantile,0.05,0.0719468730387153
portland-or,2026-05-16,1,2026-05-23,Flu ED visits pct,quantile,0.05,0.16870782225405365
provo,2026-05-16,1,2026-05-23,Flu ED visits pct,quantile,0.05,0.030684667087625454
roanoke,2026-05-16,1,2026-05-23,Flu ED visits pct,quantile,0.05,0.06125428425766213
rochester,2026-05-16,1,2026-05-23,Flu ED visits pct,quantile,0.05,0.00825385009634969
rock-hill,2026-05-16,1,2026-05-23,Flu ED visits pct,quantile,0.05,0.0
rtp-area,2026-05-16,1,2026-05-23,Flu ED visits pct,quantile,0.05,0.04955140128788027
salem,2026-05-16,1,2026-05-23,Flu ED visits pct,quantile,0.05,0.06813550973696456
salt-lake-city,2026-05-16,1,2026-05-23,Flu ED visits pct,quantile,0.05,0.05047242824520176
san-antonio,2026-05-16,1,2026-05-23,Flu ED visits pct,quantile,0.05,0.07142539938617144
savannah,2026-05-16,1,2026-05-23,Flu ED visits pct,quantile,0.05,0.0
senc,2026-05-16,1,2026-05-23,Flu ED visits pct,quantile,0.05,0.019813473927258185
south-augusta,2026-05-16,1,2026-05-23,Flu ED visits pct,quantile,0.05,0.029022254611491917
south-carolina,2026-05-16,1,2026-05-23,Flu ED visits pct,quantile,0.05,0.06419901120883974
springfield,2026-05-16,1,2026-05-23,Flu ED visits pct,quantile,0.05,0.06128172100121119
st-cloud,2026-05-16,1,2026-05-23,Flu ED visits pct,quantile,0.05,0.0020067902789920773
st-paul,2026-05-16,1,2026-05-23,Flu ED visits pct,quantile,0.05,0.16280994512541705
texas,2026-05-16,1,2026-05-23,Flu ED visits pct,quantile,0.05,0.19718123038171478
triad-area,2026-05-16,1,2026-05-23,Flu ED visits pct,quantile,0.05,0.14431326773234682
utah,2026-05-16,1,2026-05-23,Flu ED visits pct,quantile,0.05,0.06556747015403719
virginia,2026-05-16,1,2026-05-23,Flu ED visits pct,quantile,0.05,0.11250478813191996
weld,2026-05-16,1,2026-05-23,Flu ED visits pct,quantile,0.05,0.0653631222330468
wnc,2026-05-16,1,2026-05-23,Flu ED visits pct,quantile,0.05,0.05544465774018211
worcester,2026-05-16,1,2026-05-23,Flu ED visits pct,quantile,0.05,0.02601739761407
athens,2026-05-16,2,2026-05-30,Flu ED visits pct,quantile,0.05,0.0030777613790127795
austin,2026-05-16,2,2026-05-30,Flu ED visits pct,quantile,0.05,0.062610716446496
baltimore,2026-05-16,2,2026-05-30,Flu ED visits pct,quantile,0.05,0.04494445110262661
bangor,2026-05-16,2,2026-05-30,Flu ED visits pct,quantile,0.05,0.0032333074418978147
beaumont,2026-05-16,2,2026-05-30,Flu ED visits pct,quantile,0.05,0.0728619977649125
boston,2026-05-16,2,2026-05-30,Flu ED visits pct,quantile,0.05,0.058895743904397495
boulder,2026-05-16,2,2026-05-30,Flu ED visits pct,quantile,0.05,0.028261417237070388
charleston,2026-05-16,2,2026-05-30,Flu ED visits pct,quantile,0.05,0.03179706523570431
cherokee,2026-05-16,2,2026-05-30,Flu ED visits pct,quantile,0.05,0.037147965709177236
clt-area,2026-05-16,2,2026-05-30,Flu ED visits pct,quantile,0.05,0.3504993963870272
colorado,2026-05-16,2,2026-05-30,Flu ED visits pct,quantile,0.05,0.11940434419225222
colorado-springs,2026-05-16,2,2026-05-30,Flu ED visits pct,quantile,0.05,0.1027565414038058
columbia,2026-05-16,2,2026-05-30,Flu ED visits pct,quantile,0.05,0.025122423423978676
columbus,2026-05-16,2,2026-05-30,Flu ED visits pct,quantile,0.05,0.0
dallas,2026-05-16,2,2026-05-30,Flu ED visits pct,quantile,0.05,0.07449968636643411
denver,2026-05-16,2,2026-05-30,Flu ED visits pct,quantile,0.05,0.11378821161301703
deschutes,2026-05-16,2,2026-05-30,Flu ED visits pct,quantile,0.05,0.07495389333342019
duluth,2026-05-16,2,2026-05-30,Flu ED visits pct,quantile,0.05,0.016127351857462592
el-paso,2026-05-16,2,2026-05-30,Flu ED visits pct,quantile,0.05,0.456798695535311
eugene,2026-05-16,2,2026-05-30,Flu ED visits pct,quantile,0.05,0.045401804551988334
fay-area,2026-05-16,2,2026-05-30,Flu ED visits pct,quantile,0.05,0.3801667331848696
florence,2026-05-16,2,2026-05-30,Flu ED visits pct,quantile,0.05,0.003735048355701133
floyd,2026-05-16,2,2026-05-30,Flu ED visits pct,quantile,0.05,0.004832430480136686
frederick,2026-05-16,2,2026-05-30,Flu ED visits pct,quantile,0.05,0.0032300073285326195
georgia,2026-05-16,2,2026-05-30,Flu ED visits pct,quantile,0.05,0.07332617448058064
greenville,2026-05-16,2,2026-05-30,Flu ED visits pct,quantile,0.05,0.043941379023371294
hall,2026-05-16,2,2026-05-30,Flu ED visits pct,quantile,0.05,0.009555203378763146
harford,2026-05-16,2,2026-05-30,Flu ED visits pct,quantile,0.05,0.0
henry,2026-05-16,2,2026-05-30,Flu ED visits pct,quantile,0.05,0.0110034656566127
horry,2026-05-16,2,2026-05-30,Flu ED visits pct,quantile,0.05,0.029238431274792177
houston,2026-05-16,2,2026-05-30,Flu ED visits pct,quantile,0.05,0.15586315743221907
indiana,2026-05-16,2,2026-05-30,Flu ED visits pct,quantile,0.05,0.039166108102543236
indianapolis,2026-05-16,2,2026-05-30,Flu ED visits pct,quantile,0.05,0.02238756513221301
la-grange,2026-05-16,2,2026-05-30,Flu ED visits pct,quantile,0.05,0.0025242589450554104
larimer,2026-05-16,2,2026-05-30,Flu ED visits pct,quantile,0.05,0.023206072394351802
lynn,2026-05-16,2,2026-05-30,Flu ED visits pct,quantile,0.05,0.030655430254625117
macon,2026-05-16,2,2026-05-30,Flu ED visits pct,quantile,0.05,0.058426528988474176
maine,2026-05-16,2,2026-05-30,Flu ED visits pct,quantile,0.05,0.0687660991103719
marietta,2026-05-16,2,2026-05-30,Flu ED visits pct,quantile,0.05,0.012618688744392039
maryland,2026-05-16,2,2026-05-30,Flu ED visits pct,quantile,0.05,0.055617714631650626
massachusetts,2026-05-16,2,2026-05-30,Flu ED visits pct,quantile,0.05,0.06283248909438958
medford,2026-05-16,2,2026-05-30,Flu ED visits pct,quantile,0.05,0.0
mesa,2026-05-16,2,2026-05-30,Flu ED visits pct,quantile,0.05,0.0014082583507610599
minneapolis,2026-05-16,2,2026-05-30,Flu ED visits pct,quantile,0.05,0.09792196160733292
minnesota,2026-05-16,2,2026-05-30,Flu ED visits pct,quantile,0.05,0.0999141937885038
montgomery,2026-05-16,2,2026-05-30,Flu ED visits pct,quantile,0.05,0.0459874487583569
nenc,2026-05-16,2,2026-05-30,Flu ED visits pct,quantile,0.05,0.04779213114898328
new-bedford,2026-05-16,2,2026-05-30,Flu ED visits pct,quantile,0.05,0.040137984499865186
north-carolina,2026-05-16,2,2026-05-30,Flu ED visits pct,quantile,0.05,0.23369029873391234
nyc,2026-05-16,2,2026-05-30,ILI ED visits pct,quantile,0.05,1.2947043682428736
ogden,2026-05-16,2,2026-05-30,Flu ED visits pct,quantile,0.05,0.023224740385490723
oregon,2026-05-16,2,2026-05-30,Flu ED visits pct,quantile,0.05,0.14375002060876987
pittsfield,2026-05-16,2,2026-05-30,Flu ED visits pct,quantile,0.05,0.0
portland,2026-05-16,2,2026-05-30,Flu ED visits pct,quantile,0.05,0.04870452217477971
portland-or,2026-05-16,2,2026-05-30,Flu ED visits pct,quantile,0.05,0.14614001242274086
provo,2026-05-16,2,2026-05-30,Flu ED visits pct,quantile,0.05,0.024640762909261496
roanoke,2026-05-16,2,2026-05-30,Flu ED visits pct,quantile,0.05,0.05124816293609588
rochester,2026-05-16,2,2026-05-30,Flu ED visits pct,quantile,0.05,0.0070644410862114055
rock-hill,2026-05-16,2,2026-05-30,Flu ED visits pct,quantile,0.05,0.0
rtp-area,2026-05-16,2,2026-05-30,Flu ED visits pct,quantile,0.05,0.03903279442820796
salem,2026-05-16,2,2026-05-30,Flu ED visits pct,quantile,0.05,0.05316164965270782
salt-lake-city,2026-05-16,2,2026-05-30,Flu ED visits pct,quantile,0.05,0.04644740694896822
san-antonio,2026-05-16,2,2026-05-30,Flu ED visits pct,quantile,0.05,0.06398191482735399
savannah,2026-05-16,2,2026-05-30,Flu ED visits pct,quantile,0.05,0.0
senc,2026-05-16,2,2026-05-30,Flu ED visits pct,quantile,0.05,0.01195029873922524
south-augusta,2026-05-16,2,2026-05-30,Flu ED visits pct,quantile,0.05,0.021136950115835322
south-carolina,2026-05-16,2,2026-05-30,Flu ED visits pct,quantile,0.05,0.05326327840019102
springfield,2026-05-16,2,2026-05-30,Flu ED visits pct,quantile,0.05,0.044037579081204786
st-cloud,2026-05-16,2,2026-05-30,Flu ED visits pct,quantile,0.05,0.0008204209459528374
st-paul,2026-05-16,2,2026-05-30,Flu ED visits pct,quantile,0.05,0.13894029693442334
texas,2026-05-16,2,2026-05-30,Flu ED visits pct,quantile,0.05,0.18013925875980336
triad-area,2026-05-16,2,2026-05-30,Flu ED visits pct,quantile,0.05,0.11023522543624671
utah,2026-05-16,2,2026-05-30,Flu ED visits pct,quantile,0.05,0.060697663358173566
virginia,2026-05-16,2,2026-05-30,Flu ED visits pct,quantile,0.05,0.10367082757363291
weld,2026-05-16,2,2026-05-30,Flu ED visits pct,quantile,0.05,0.049178197799106746
wnc,2026-05-16,2,2026-05-30,Flu ED visits pct,quantile,0.05,0.03995770045853433
worcester,2026-05-16,2,2026-05-30,Flu ED visits pct,quantile,0.05,0.01795703163608963
athens,2026-05-16,3,2026-06-06,Flu ED visits pct,quantile,0.05,0.0007686212572717739
austin,2026-05-16,3,2026-06-06,Flu ED visits pct,quantile,0.05,0.05681578675361048
baltimore,2026-05-16,3,2026-06-06,Flu ED visits pct,quantile,0.05,0.03636016406640247
bangor,2026-05-16,3,2026-06-06,Flu ED visits pct,quantile,0.05,0.001370692805504687
beaumont,2026-05-16,3,2026-06-06,Flu ED visits pct,quantile,0.05,0.05996535828284335
boston,2026-05-16,3,2026-06-06,Flu ED visits pct,quantile,0.05,0.04814451833408354
boulder,2026-05-16,3,2026-06-06,Flu ED visits pct,quantile,0.05,0.0234880226612861
charleston,2026-05-16,3,2026-06-06,Flu ED visits pct,quantile,0.05,0.02651919186528861
cherokee,2026-05-16,3,2026-06-06,Flu ED visits pct,quantile,0.05,0.029672519478039457
clt-area,2026-05-16,3,2026-06-06,Flu ED visits pct,quantile,0.05,0.2308558816176761
colorado,2026-05-16,3,2026-06-06,Flu ED visits pct,quantile,0.05,0.10212892834792016
colorado-springs,2026-05-16,3,2026-06-06,Flu ED visits pct,quantile,0.05,0.08344267631030962
columbia,2026-05-16,3,2026-06-06,Flu ED visits pct,quantile,0.05,0.020720409789426096
columbus,2026-05-16,3,2026-06-06,Flu ED visits pct,quantile,0.05,0.0
dallas,2026-05-16,3,2026-06-06,Flu ED visits pct,quantile,0.05,0.0620360384744938
denver,2026-05-16,3,2026-06-06,Flu ED visits pct,quantile,0.05,0.09328004362639139
deschutes,2026-05-16,3,2026-06-06,Flu ED visits pct,quantile,0.05,0.06385266193263461
duluth,2026-05-16,3,2026-06-06,Flu ED visits pct,quantile,0.05,0.012311039987888526
el-paso,2026-05-16,3,2026-06-06,Flu ED visits pct,quantile,0.05,0.3376129158204352
eugene,2026-05-16,3,2026-06-06,Flu ED visits pct,quantile,0.05,0.03684525366335915
fay-area,2026-05-16,3,2026-06-06,Flu ED visits pct,quantile,0.05,0.2678894092803051
florence,2026-05-16,3,2026-06-06,Flu ED visits pct,quantile,0.05,0.0016531877088774138
floyd,2026-05-16,3,2026-06-06,Flu ED visits pct,quantile,0.05,0.0022644191411836066
frederick,2026-05-16,3,2026-06-06,Flu ED visits pct,quantile,0.05,0.004238818223403296
georgia,2026-05-16,3,2026-06-06,Flu ED visits pct,quantile,0.05,0.062439625159536806
greenville,2026-05-16,3,2026-06-06,Flu ED visits pct,quantile,0.05,0.03523611850599016
hall,2026-05-16,3,2026-06-06,Flu ED visits pct,quantile,0.05,0.007927142878591377
harford,2026-05-16,3,2026-06-06,Flu ED visits pct,quantile,0.05,0.0
henry,2026-05-16,3,2026-06-06,Flu ED visits pct,quantile,0.05,0.008526678496530752
horry,2026-05-16,3,2026-06-06,Flu ED visits pct,quantile,0.05,0.0240179169510875
houston,2026-05-16,3,2026-06-06,Flu ED visits pct,quantile,0.05,0.13361820958888923
indiana,2026-05-16,3,2026-06-06,Flu ED visits pct,quantile,0.05,0.03693121321843263
indianapolis,2026-05-16,3,2026-06-06,Flu ED visits pct,quantile,0.05,0.020164102958500733
la-grange,2026-05-16,3,2026-06-06,Flu ED visits pct,quantile,0.05,0.00044266503795429256
larimer,2026-05-16,3,2026-06-06,Flu ED visits pct,quantile,0.05,0.0216434668281833
lynn,2026-05-16,3,2026-06-06,Flu ED visits pct,quantile,0.05,0.02508274841503797
macon,2026-05-16,3,2026-06-06,Flu ED visits pct,quantile,0.05,0.04385401544458298
maine,2026-05-16,3,2026-06-06,Flu ED visits pct,quantile,0.05,0.056791569548393976
marietta,2026-05-16,3,2026-06-06,Flu ED visits pct,quantile,0.05,0.009130490066831387
maryland,2026-05-16,3,2026-06-06,Flu ED visits pct,quantile,0.05,0.045889941139416926
massachusetts,2026-05-16,3,2026-06-06,Flu ED visits pct,quantile,0.05,0.05156925056815237
medford,2026-05-16,3,2026-06-06,Flu ED visits pct,quantile,0.05,0.0
mesa,2026-05-16,3,2026-06-06,Flu ED visits pct,quantile,0.05,0.00014541480610643677
minneapolis,2026-05-16,3,2026-06-06,Flu ED visits pct,quantile,0.05,0.0777647802459249
minnesota,2026-05-16,3,2026-06-06,Flu ED visits pct,quantile,0.05,0.08484933962611134
montgomery,2026-05-16,3,2026-06-06,Flu ED visits pct,quantile,0.05,0.03712549809802347
nenc,2026-05-16,3,2026-06-06,Flu ED visits pct,quantile,0.05,0.03879956659826761
new-bedford,2026-05-16,3,2026-06-06,Flu ED visits pct,quantile,0.05,0.03263726854993831
north-carolina,2026-05-16,3,2026-06-06,Flu ED visits pct,quantile,0.05,0.17286084773241464
nyc,2026-05-16,3,2026-06-06,ILI ED visits pct,quantile,0.05,1.1242831430615239
ogden,2026-05-16,3,2026-06-06,Flu ED visits pct,quantile,0.05,0.022058620029994064
oregon,2026-05-16,3,2026-06-06,Flu ED visits pct,quantile,0.05,0.124939069625695
pittsfield,2026-05-16,3,2026-06-06,Flu ED visits pct,quantile,0.05,0.0
portland,2026-05-16,3,2026-06-06,Flu ED visits pct,quantile,0.05,0.03915580912934129
portland-or,2026-05-16,3,2026-06-06,Flu ED visits pct,quantile,0.05,0.12529945549976515
provo,2026-05-16,3,2026-06-06,Flu ED visits pct,quantile,0.05,0.021068720410145493
roanoke,2026-05-16,3,2026-06-06,Flu ED visits pct,quantile,0.05,0.043541930063938965
rochester,2026-05-16,3,2026-06-06,Flu ED visits pct,quantile,0.05,0.006673905801685637
rock-hill,2026-05-16,3,2026-06-06,Flu ED visits pct,quantile,0.05,0.0
rtp-area,2026-05-16,3,2026-06-06,Flu ED visits pct,quantile,0.05,0.030498833661942858
salem,2026-05-16,3,2026-06-06,Flu ED visits pct,quantile,0.05,0.04338984078573665
salt-lake-city,2026-05-16,3,2026-06-06,Flu ED visits pct,quantile,0.05,0.042259644078096154
san-antonio,2026-05-16,3,2026-06-06,Flu ED visits pct,quantile,0.05,0.05450909257310855
savannah,2026-05-16,3,2026-06-06,Flu ED visits pct,quantile,0.05,0.0
senc,2026-05-16,3,2026-06-06,Flu ED visits pct,quantile,0.05,0.00844766624778045
south-augusta,2026-05-16,3,2026-06-06,Flu ED visits pct,quantile,0.05,0.015925529018994147
south-carolina,2026-05-16,3,2026-06-06,Flu ED visits pct,quantile,0.05,0.04308549581134247
springfield,2026-05-16,3,2026-06-06,Flu ED visits pct,quantile,0.05,0.033761487460583293
st-cloud,2026-05-16,3,2026-06-06,Flu ED visits pct,quantile,0.05,0.0002240864063544467
st-paul,2026-05-16,3,2026-06-06,Flu ED visits pct,quantile,0.05,0.11559829145579102
texas,2026-05-16,3,2026-06-06,Flu ED visits pct,quantile,0.05,0.16023308602349917
triad-area,2026-05-16,3,2026-06-06,Flu ED visits pct,quantile,0.05,0.08977658361497945
utah,2026-05-16,3,2026-06-06,Flu ED visits pct,quantile,0.05,0.05416699752121348
virginia,2026-05-16,3,2026-06-06,Flu ED visits pct,quantile,0.05,0.08982120812984613
weld,2026-05-16,3,2026-06-06,Flu ED visits pct,quantile,0.05,0.04121231896992633
wnc,2026-05-16,3,2026-06-06,Flu ED visits pct,quantile,0.05,0.032230287439810476
worcester,2026-05-16,3,2026-06-06,Flu ED visits pct,quantile,0.05,0.013751803319953336
athens,2026-05-16,0,2026-05-16,Flu ED visits pct,quantile,0.1,0.02116770785572926
austin,2026-05-16,0,2026-05-16,Flu ED visits pct,quantile,0.1,0.09332999193055748
baltimore,2026-05-16,0,2026-05-16,Flu ED visits pct,quantile,0.1,0.09108877436580703
bangor,2026-05-16,0,2026-05-16,Flu ED visits pct,quantile,0.1,0.020430315538305877
beaumont,2026-05-16,0,2026-05-16,Flu ED visits pct,quantile,0.1,0.14707033551434154
boston,2026-05-16,0,2026-05-16,Flu ED visits pct,quantile,0.1,0.11764191787730295
boulder,2026-05-16,0,2026-05-16,Flu ED visits pct,quantile,0.1,0.08824659374940512
charleston,2026-05-16,0,2026-05-16,Flu ED visits pct,quantile,0.1,0.06412802948558416
cherokee,2026-05-16,0,2026-05-16,Flu ED visits pct,quantile,0.1,0.09927375638841542
clt-area,2026-05-16,0,2026-05-16,Flu ED visits pct,quantile,0.1,0.8458508759851365
colorado,2026-05-16,0,2026-05-16,Flu ED visits pct,quantile,0.1,0.20726020356862418
colorado-springs,2026-05-16,0,2026-05-16,Flu ED visits pct,quantile,0.1,0.2120492957901454
columbia,2026-05-16,0,2026-05-16,Flu ED visits pct,quantile,0.1,0.06885105662938551
columbus,2026-05-16,0,2026-05-16,Flu ED visits pct,quantile,0.1,0.0
dallas,2026-05-16,0,2026-05-16,Flu ED visits pct,quantile,0.1,0.1292053000640585
denver,2026-05-16,0,2026-05-16,Flu ED visits pct,quantile,0.1,0.1985801240344689
deschutes,2026-05-16,0,2026-05-16,Flu ED visits pct,quantile,0.1,0.13072478670693866
duluth,2026-05-16,0,2026-05-16,Flu ED visits pct,quantile,0.1,0.05036101876673262
el-paso,2026-05-16,0,2026-05-16,Flu ED visits pct,quantile,0.1,0.9430063795564372
eugene,2026-05-16,0,2026-05-16,Flu ED visits pct,quantile,0.1,0.0909682884904918
fay-area,2026-05-16,0,2026-05-16,Flu ED visits pct,quantile,0.1,0.8157214637625387
florence,2026-05-16,0,2026-05-16,Flu ED visits pct,quantile,0.1,0.024327165503203046
floyd,2026-05-16,0,2026-05-16,Flu ED visits pct,quantile,0.1,0.026443368624618616
frederick,2026-05-16,0,2026-05-16,Flu ED visits pct,quantile,0.1,0.011257159573709397
georgia,2026-05-16,0,2026-05-16,Flu ED visits pct,quantile,0.1,0.11844020266391385
greenville,2026-05-16,0,2026-05-16,Flu ED visits pct,quantile,0.1,0.10782956120150819
hall,2026-05-16,0,2026-05-16,Flu ED visits pct,quantile,0.1,0.024019706817780005
harford,2026-05-16,0,2026-05-16,Flu ED visits pct,quantile,0.1,0.0008965938113901194
henry,2026-05-16,0,2026-05-16,Flu ED visits pct,quantile,0.1,0.03652903616008828
horry,2026-05-16,0,2026-05-16,Flu ED visits pct,quantile,0.1,0.07598262741599106
houston,2026-05-16,0,2026-05-16,Flu ED visits pct,quantile,0.1,0.23785624782982276
indiana,2026-05-16,0,2026-05-16,Flu ED visits pct,quantile,0.1,0.048541167570791306
indianapolis,2026-05-16,0,2026-05-16,Flu ED visits pct,quantile,0.1,0.035360623861098846
la-grange,2026-05-16,0,2026-05-16,Flu ED visits pct,quantile,0.1,0.016976844295520065
larimer,2026-05-16,0,2026-05-16,Flu ED visits pct,quantile,0.1,0.039413340195008736
lynn,2026-05-16,0,2026-05-16,Flu ED visits pct,quantile,0.1,0.08167674101133927
macon,2026-05-16,0,2026-05-16,Flu ED visits pct,quantile,0.1,0.11351742594742587
maine,2026-05-16,0,2026-05-16,Flu ED visits pct,quantile,0.1,0.17284520660981587
marietta,2026-05-16,0,2026-05-16,Flu ED visits pct,quantile,0.1,0.040697406110269806
maryland,2026-05-16,0,2026-05-16,Flu ED visits pct,quantile,0.1,0.10576526139391466
massachusetts,2026-05-16,0,2026-05-16,Flu ED visits pct,quantile,0.1,0.1272484519374763
medford,2026-05-16,0,2026-05-16,Flu ED visits pct,quantile,0.1,0.0017804583028235513
mesa,2026-05-16,0,2026-05-16,Flu ED visits pct,quantile,0.1,0.014870439835184096
minneapolis,2026-05-16,0,2026-05-16,Flu ED visits pct,quantile,0.1,0.1757822300697369
minnesota,2026-05-16,0,2026-05-16,Flu ED visits pct,quantile,0.1,0.1730238306100417
montgomery,2026-05-16,0,2026-05-16,Flu ED visits pct,quantile,0.1,0.10170384836261254
nenc,2026-05-16,0,2026-05-16,Flu ED visits pct,quantile,0.1,0.10323941073608872
new-bedford,2026-05-16,0,2026-05-16,Flu ED visits pct,quantile,0.1,0.09921688444695742
north-carolina,2026-05-16,0,2026-05-16,Flu ED visits pct,quantile,0.1,0.41304111355603107
nyc,2026-05-16,0,2026-05-16,ILI ED visits pct,quantile,0.1,1.75542705834315
ogden,2026-05-16,0,2026-05-16,Flu ED visits pct,quantile,0.1,0.04989670057276431
oregon,2026-05-16,0,2026-05-16,Flu ED visits pct,quantile,0.1,0.2298004852758145
pittsfield,2026-05-16,0,2026-05-16,Flu ED visits pct,quantile,0.1,0.002709882529852237
portland,2026-05-16,0,2026-05-16,Flu ED visits pct,quantile,0.1,0.1257662797048502
portland-or,2026-05-16,0,2026-05-16,Flu ED visits pct,quantile,0.1,0.24055879295929555
provo,2026-05-16,0,2026-05-16,Flu ED visits pct,quantile,0.1,0.060103789105238996
roanoke,2026-05-16,0,2026-05-16,Flu ED visits pct,quantile,0.1,0.10376085194920559
rochester,2026-05-16,0,2026-05-16,Flu ED visits pct,quantile,0.1,0.01782579536582931
rock-hill,2026-05-16,0,2026-05-16,Flu ED visits pct,quantile,0.1,0.009903897497956797
rtp-area,2026-05-16,0,2026-05-16,Flu ED visits pct,quantile,0.1,0.08576625715790429
salem,2026-05-16,0,2026-05-16,Flu ED visits pct,quantile,0.1,0.11606488976034056
salt-lake-city,2026-05-16,0,2026-05-16,Flu ED visits pct,quantile,0.1,0.07457802147134125
san-antonio,2026-05-16,0,2026-05-16,Flu ED visits pct,quantile,0.1,0.10446589264602715
savannah,2026-05-16,0,2026-05-16,Flu ED visits pct,quantile,0.1,0.0027089348010396405
senc,2026-05-16,0,2026-05-16,Flu ED visits pct,quantile,0.1,0.043037225504514026
south-augusta,2026-05-16,0,2026-05-16,Flu ED visits pct,quantile,0.1,0.05607532401931111
south-carolina,2026-05-16,0,2026-05-16,Flu ED visits pct,quantile,0.1,0.11095957576643269
springfield,2026-05-16,0,2026-05-16,Flu ED visits pct,quantile,0.1,0.1265031998180648
st-cloud,2026-05-16,0,2026-05-16,Flu ED visits pct,quantile,0.1,0.007428035938874115
st-paul,2026-05-16,0,2026-05-16,Flu ED visits pct,quantile,0.1,0.2542335492010713
texas,2026-05-16,0,2026-05-16,Flu ED visits pct,quantile,0.1,0.26398990109002085
triad-area,2026-05-16,0,2026-05-16,Flu ED visits pct,quantile,0.1,0.22905576483375795
utah,2026-05-16,0,2026-05-16,Flu ED visits pct,quantile,0.1,0.09293209645809297
virginia,2026-05-16,0,2026-05-16,Flu ED visits pct,quantile,0.1,0.15050562518987784
weld,2026-05-16,0,2026-05-16,Flu ED visits pct,quantile,0.1,0.10960247182302127
wnc,2026-05-16,0,2026-05-16,Flu ED visits pct,quantile,0.1,0.0988752869717658
worcester,2026-05-16,0,2026-05-16,Flu ED visits pct,quantile,0.1,0.04817671834438003
athens,2026-05-16,1,2026-05-23,Flu ED visits pct,quantile,0.1,0.015006674255950364
austin,2026-05-16,1,2026-05-23,Flu ED visits pct,quantile,0.1,0.08479183473037663
baltimore,2026-05-16,1,2026-05-23,Flu ED visits pct,quantile,0.1,0.0728245839046968
bangor,2026-05-16,1,2026-05-23,Flu ED visits pct,quantile,0.1,0.01402918357625844
beaumont,2026-05-16,1,2026-05-23,Flu ED visits pct,quantile,0.1,0.11884611903396712
boston,2026-05-16,1,2026-05-23,Flu ED visits pct,quantile,0.1,0.09572605720013913
boulder,2026-05-16,1,2026-05-23,Flu ED visits pct,quantile,0.1,0.07228322634750672
charleston,2026-05-16,1,2026-05-23,Flu ED visits pct,quantile,0.1,0.05206335662941526
cherokee,2026-05-16,1,2026-05-23,Flu ED visits pct,quantile,0.1,0.07416456124886751
clt-area,2026-05-16,1,2026-05-23,Flu ED visits pct,quantile,0.1,0.6194155498349697
colorado,2026-05-16,1,2026-05-23,Flu ED visits pct,quantile,0.1,0.1655206996555167
colorado-springs,2026-05-16,1,2026-05-23,Flu ED visits pct,quantile,0.1,0.17339193208101025
columbia,2026-05-16,1,2026-05-23,Flu ED visits pct,quantile,0.1,0.05190335345165879
columbus,2026-05-16,1,2026-05-23,Flu ED visits pct,quantile,0.1,0.0
dallas,2026-05-16,1,2026-05-23,Flu ED visits pct,quantile,0.1,0.1068268353483067
denver,2026-05-16,1,2026-05-23,Flu ED visits pct,quantile,0.1,0.16808102945353548
deschutes,2026-05-16,1,2026-05-23,Flu ED visits pct,quantile,0.1,0.11140969049846655
duluth,2026-05-16,1,2026-05-23,Flu ED visits pct,quantile,0.1,0.03962856911312795
el-paso,2026-05-16,1,2026-05-23,Flu ED visits pct,quantile,0.1,0.7297781691895056
eugene,2026-05-16,1,2026-05-23,Flu ED visits pct,quantile,0.1,0.0722235646951603
fay-area,2026-05-16,1,2026-05-23,Flu ED visits pct,quantile,0.1,0.6297441072358189
florence,2026-05-16,1,2026-05-23,Flu ED visits pct,quantile,0.1,0.017459636385975738
floyd,2026-05-16,1,2026-05-23,Flu ED visits pct,quantile,0.1,0.019941546555861826
frederick,2026-05-16,1,2026-05-23,Flu ED visits pct,quantile,0.1,0.011153012771950825
georgia,2026-05-16,1,2026-05-23,Flu ED visits pct,quantile,0.1,0.103249682848492
greenville,2026-05-16,1,2026-05-23,Flu ED visits pct,quantile,0.1,0.08460658905949377
hall,2026-05-16,1,2026-05-23,Flu ED visits pct,quantile,0.1,0.018026576118745627
harford,2026-05-16,1,2026-05-23,Flu ED visits pct,quantile,0.1,0.0003308265348618191
henry,2026-05-16,1,2026-05-23,Flu ED visits pct,quantile,0.1,0.027481357947997206
horry,2026-05-16,1,2026-05-23,Flu ED visits pct,quantile,0.1,0.05941167760593374
houston,2026-05-16,1,2026-05-23,Flu ED visits pct,quantile,0.1,0.20392710839653713
indiana,2026-05-16,1,2026-05-23,Flu ED visits pct,quantile,0.1,0.04714384592424876
indianapolis,2026-05-16,1,2026-05-23,Flu ED visits pct,quantile,0.1,0.03424163333532756
la-grange,2026-05-16,1,2026-05-23,Flu ED visits pct,quantile,0.1,0.01196000201117506
larimer,2026-05-16,1,2026-05-23,Flu ED visits pct,quantile,0.1,0.03426503076723308
lynn,2026-05-16,1,2026-05-23,Flu ED visits pct,quantile,0.1,0.06491786523967687
macon,2026-05-16,1,2026-05-23,Flu ED visits pct,quantile,0.1,0.09146371684322975
maine,2026-05-16,1,2026-05-23,Flu ED visits pct,quantile,0.1,0.1414169207811221
marietta,2026-05-16,1,2026-05-23,Flu ED visits pct,quantile,0.1,0.03122957879678792
maryland,2026-05-16,1,2026-05-23,Flu ED visits pct,quantile,0.1,0.08662472427409104
massachusetts,2026-05-16,1,2026-05-23,Flu ED visits pct,quantile,0.1,0.10392930139349828
medford,2026-05-16,1,2026-05-23,Flu ED visits pct,quantile,0.1,0.0008126586915439722
mesa,2026-05-16,1,2026-05-23,Flu ED visits pct,quantile,0.1,0.010693472363023216
minneapolis,2026-05-16,1,2026-05-23,Flu ED visits pct,quantile,0.1,0.14317207757105993
minnesota,2026-05-16,1,2026-05-23,Flu ED visits pct,quantile,0.1,0.14369139678096077
montgomery,2026-05-16,1,2026-05-23,Flu ED visits pct,quantile,0.1,0.07786792015706419
nenc,2026-05-16,1,2026-05-23,Flu ED visits pct,quantile,0.1,0.08439993668769186
new-bedford,2026-05-16,1,2026-05-23,Flu ED visits pct,quantile,0.1,0.07689980330469483
north-carolina,2026-05-16,1,2026-05-23,Flu ED visits pct,quantile,0.1,0.3433712967685286
nyc,2026-05-16,1,2026-05-23,ILI ED visits pct,quantile,0.1,1.6293032711597675
ogden,2026-05-16,1,2026-05-23,Flu ED visits pct,quantile,0.1,0.04358634796040987
oregon,2026-05-16,1,2026-05-23,Flu ED visits pct,quantile,0.1,0.1955009837559586
pittsfield,2026-05-16,1,2026-05-23,Flu ED visits pct,quantile,0.1,0.0004289566243596242
portland,2026-05-16,1,2026-05-23,Flu ED visits pct,quantile,0.1,0.097850044181857
portland-or,2026-05-16,1,2026-05-23,Flu ED visits pct,quantile,0.1,0.20671999031435762
provo,2026-05-16,1,2026-05-23,Flu ED visits pct,quantile,0.1,0.0490146665966825
roanoke,2026-05-16,1,2026-05-23,Flu ED visits pct,quantile,0.1,0.08579386894403268
rochester,2026-05-16,1,2026-05-23,Flu ED visits pct,quantile,0.1,0.014385280961148892
rock-hill,2026-05-16,1,2026-05-23,Flu ED visits pct,quantile,0.1,0.005161415076330939
rtp-area,2026-05-16,1,2026-05-23,Flu ED visits pct,quantile,0.1,0.06799062872852554
salem,2026-05-16,1,2026-05-23,Flu ED visits pct,quantile,0.1,0.09079493946738601
salt-lake-city,2026-05-16,1,2026-05-23,Flu ED visits pct,quantile,0.1,0.06598011015901549
san-antonio,2026-05-16,1,2026-05-23,Flu ED visits pct,quantile,0.1,0.08946708102080454
savannah,2026-05-16,1,2026-05-23,Flu ED visits pct,quantile,0.1,0.002225653666997389
senc,2026-05-16,1,2026-05-23,Flu ED visits pct,quantile,0.1,0.031418141579621015
south-augusta,2026-05-16,1,2026-05-23,Flu ED visits pct,quantile,0.1,0.04111288058446183
south-carolina,2026-05-16,1,2026-05-23,Flu ED visits pct,quantile,0.1,0.08772369043942359
springfield,2026-05-16,1,2026-05-23,Flu ED visits pct,quantile,0.1,0.09398787573693682
st-cloud,2026-05-16,1,2026-05-23,Flu ED visits pct,quantile,0.1,0.005147258032789327
st-paul,2026-05-16,1,2026-05-23,Flu ED visits pct,quantile,0.1,0.21104760767718683
texas,2026-05-16,1,2026-05-23,Flu ED visits pct,quantile,0.1,0.2360705322987946
triad-area,2026-05-16,1,2026-05-23,Flu ED visits pct,quantile,0.1,0.18930677189742368
utah,2026-05-16,1,2026-05-23,Flu ED visits pct,quantile,0.1,0.08214730412651085
virginia,2026-05-16,1,2026-05-23,Flu ED visits pct,quantile,0.1,0.13105381569494035
weld,2026-05-16,1,2026-05-23,Flu ED visits pct,quantile,0.1,0.08735214603845692
wnc,2026-05-16,1,2026-05-23,Flu ED visits pct,quantile,0.1,0.07997512641813709
worcester,2026-05-16,1,2026-05-23,Flu ED visits pct,quantile,0.1,0.03055493401983688
athens,2026-05-16,2,2026-05-30,Flu ED visits pct,quantile,0.1,0.01044753856173422
austin,2026-05-16,2,2026-05-30,Flu ED visits pct,quantile,0.1,0.08112806992287024
baltimore,2026-05-16,2,2026-05-30,Flu ED visits pct,quantile,0.1,0.058756533900138415
bangor,2026-05-16,2,2026-05-30,Flu ED visits pct,quantile,0.1,0.007929489420349373
beaumont,2026-05-16,2,2026-05-30,Flu ED visits pct,quantile,0.1,0.0982808485276033
boston,2026-05-16,2,2026-05-30,Flu ED visits pct,quantile,0.1,0.07503701938912982
boulder,2026-05-16,2,2026-05-30,Flu ED visits pct,quantile,0.1,0.05733146903905983
charleston,2026-05-16,2,2026-05-30,Flu ED visits pct,quantile,0.1,0.04453785702310568
cherokee,2026-05-16,2,2026-05-30,Flu ED visits pct,quantile,0.1,0.061324914949269595
clt-area,2026-05-16,2,2026-05-30,Flu ED visits pct,quantile,0.1,0.4239986907521441
colorado,2026-05-16,2,2026-05-30,Flu ED visits pct,quantile,0.1,0.1385845855552113
colorado-springs,2026-05-16,2,2026-05-30,Flu ED visits pct,quantile,0.1,0.12957630503365217
columbia,2026-05-16,2,2026-05-30,Flu ED visits pct,quantile,0.1,0.041104313625839044
columbus,2026-05-16,2,2026-05-30,Flu ED visits pct,quantile,0.1,0.0
dallas,2026-05-16,2,2026-05-30,Flu ED visits pct,quantile,0.1,0.09194435356123638
denver,2026-05-16,2,2026-05-30,Flu ED visits pct,quantile,0.1,0.14009741749800173
deschutes,2026-05-16,2,2026-05-30,Flu ED visits pct,quantile,0.1,0.09658036787873825
duluth,2026-05-16,2,2026-05-30,Flu ED visits pct,quantile,0.1,0.029058583478052027
el-paso,2026-05-16,2,2026-05-30,Flu ED visits pct,quantile,0.1,0.5171160282122201
eugene,2026-05-16,2,2026-05-30,Flu ED visits pct,quantile,0.1,0.05974548950484466
fay-area,2026-05-16,2,2026-05-30,Flu ED visits pct,quantile,0.1,0.4447887252521423
florence,2026-05-16,2,2026-05-30,Flu ED visits pct,quantile,0.1,0.012686055835274197
floyd,2026-05-16,2,2026-05-30,Flu ED visits pct,quantile,0.1,0.014603573383951947
frederick,2026-05-16,2,2026-05-30,Flu ED visits pct,quantile,0.1,0.010393280437169911
georgia,2026-05-16,2,2026-05-30,Flu ED visits pct,quantile,0.1,0.09157059492227015
greenville,2026-05-16,2,2026-05-30,Flu ED visits pct,quantile,0.1,0.06869785408220773
hall,2026-05-16,2,2026-05-30,Flu ED visits pct,quantile,0.1,0.014943139428295312
harford,2026-05-16,2,2026-05-30,Flu ED visits pct,quantile,0.1,0.0003108702826526005
henry,2026-05-16,2,2026-05-30,Flu ED visits pct,quantile,0.1,0.022753084870667628
horry,2026-05-16,2,2026-05-30,Flu ED visits pct,quantile,0.1,0.047396937754690775
houston,2026-05-16,2,2026-05-30,Flu ED visits pct,quantile,0.1,0.182790909700237
indiana,2026-05-16,2,2026-05-30,Flu ED visits pct,quantile,0.1,0.046957098022160304
indianapolis,2026-05-16,2,2026-05-30,Flu ED visits pct,quantile,0.1,0.03407250565577163
la-grange,2026-05-16,2,2026-05-30,Flu ED visits pct,quantile,0.1,0.008109827145043958
larimer,2026-05-16,2,2026-05-30,Flu ED visits pct,quantile,0.1,0.03146726927910828
lynn,2026-05-16,2,2026-05-30,Flu ED visits pct,quantile,0.1,0.05007090339891392
macon,2026-05-16,2,2026-05-30,Flu ED visits pct,quantile,0.1,0.0741914216429473
maine,2026-05-16,2,2026-05-30,Flu ED visits pct,quantile,0.1,0.10896792136505867
marietta,2026-05-16,2,2026-05-30,Flu ED visits pct,quantile,0.1,0.024815167834040343
maryland,2026-05-16,2,2026-05-30,Flu ED visits pct,quantile,0.1,0.07110443523145524
massachusetts,2026-05-16,2,2026-05-30,Flu ED visits pct,quantile,0.1,0.0832126925401305
medford,2026-05-16,2,2026-05-30,Flu ED visits pct,quantile,0.1,0.00030139304201998694
mesa,2026-05-16,2,2026-05-30,Flu ED visits pct,quantile,0.1,0.007648652012565147
minneapolis,2026-05-16,2,2026-05-30,Flu ED visits pct,quantile,0.1,0.11232148988673306
minnesota,2026-05-16,2,2026-05-30,Flu ED visits pct,quantile,0.1,0.11944522180422378
montgomery,2026-05-16,2,2026-05-30,Flu ED visits pct,quantile,0.1,0.061743138164320484
nenc,2026-05-16,2,2026-05-30,Flu ED visits pct,quantile,0.1,0.06871493512907255
new-bedford,2026-05-16,2,2026-05-30,Flu ED visits pct,quantile,0.1,0.060649461790041014
north-carolina,2026-05-16,2,2026-05-30,Flu ED visits pct,quantile,0.1,0.2627380992558558
nyc,2026-05-16,2,2026-05-30,ILI ED visits pct,quantile,0.1,1.3914240387746142
ogden,2026-05-16,2,2026-05-30,Flu ED visits pct,quantile,0.1,0.04051717174796127
oregon,2026-05-16,2,2026-05-30,Flu ED visits pct,quantile,0.1,0.17099589514454785
pittsfield,2026-05-16,2,2026-05-30,Flu ED visits pct,quantile,0.1,0.0
portland,2026-05-16,2,2026-05-30,Flu ED visits pct,quantile,0.1,0.07013760286450048
portland-or,2026-05-16,2,2026-05-30,Flu ED visits pct,quantile,0.1,0.18186532869853347
provo,2026-05-16,2,2026-05-30,Flu ED visits pct,quantile,0.1,0.04122602894288606
roanoke,2026-05-16,2,2026-05-30,Flu ED visits pct,quantile,0.1,0.07220774339615067
rochester,2026-05-16,2,2026-05-30,Flu ED visits pct,quantile,0.1,0.013186232874921386
rock-hill,2026-05-16,2,2026-05-30,Flu ED visits pct,quantile,0.1,0.00366958245562167
rtp-area,2026-05-16,2,2026-05-30,Flu ED visits pct,quantile,0.1,0.05232678836559474
salem,2026-05-16,2,2026-05-30,Flu ED visits pct,quantile,0.1,0.07363009331170665
salt-lake-city,2026-05-16,2,2026-05-30,Flu ED visits pct,quantile,0.1,0.06173021394857683
san-antonio,2026-05-16,2,2026-05-30,Flu ED visits pct,quantile,0.1,0.07953286152910169
savannah,2026-05-16,2,2026-05-30,Flu ED visits pct,quantile,0.1,0.0022592499777015253
senc,2026-05-16,2,2026-05-30,Flu ED visits pct,quantile,0.1,0.02191498811836156
south-augusta,2026-05-16,2,2026-05-30,Flu ED visits pct,quantile,0.1,0.03002789718372169
south-carolina,2026-05-16,2,2026-05-30,Flu ED visits pct,quantile,0.1,0.07114649519268174
springfield,2026-05-16,2,2026-05-30,Flu ED visits pct,quantile,0.1,0.0653297600986946
st-cloud,2026-05-16,2,2026-05-30,Flu ED visits pct,quantile,0.1,0.00398512810641919
st-paul,2026-05-16,2,2026-05-30,Flu ED visits pct,quantile,0.1,0.17576123097326285
texas,2026-05-16,2,2026-05-30,Flu ED visits pct,quantile,0.1,0.21211999086820943
triad-area,2026-05-16,2,2026-05-30,Flu ED visits pct,quantile,0.1,0.14361206979173632
utah,2026-05-16,2,2026-05-30,Flu ED visits pct,quantile,0.1,0.0753132486890416
virginia,2026-05-16,2,2026-05-30,Flu ED visits pct,quantile,0.1,0.1168410204400664
weld,2026-05-16,2,2026-05-30,Flu ED visits pct,quantile,0.1,0.07474868805340648
wnc,2026-05-16,2,2026-05-30,Flu ED visits pct,quantile,0.1,0.05858067210004774
worcester,2026-05-16,2,2026-05-30,Flu ED visits pct,quantile,0.1,0.018742016842112713
athens,2026-05-16,3,2026-06-06,Flu ED visits pct,quantile,0.1,0.008482605493105413
austin,2026-05-16,3,2026-06-06,Flu ED visits pct,quantile,0.1,0.07695903745266995
baltimore,2026-05-16,3,2026-06-06,Flu ED visits pct,quantile,0.1,0.04949580484076206
bangor,2026-05-16,3,2026-06-06,Flu ED visits pct,quantile,0.1,0.0060329624521115715
beaumont,2026-05-16,3,2026-06-06,Flu ED visits pct,quantile,0.1,0.08597389595442825
boston,2026-05-16,3,2026-06-06,Flu ED visits pct,quantile,0.1,0.06219966090696099
boulder,2026-05-16,3,2026-06-06,Flu ED visits pct,quantile,0.1,0.05146528924486919
charleston,2026-05-16,3,2026-06-06,Flu ED visits pct,quantile,0.1,0.040116475011202156
cherokee,2026-05-16,3,2026-06-06,Flu ED visits pct,quantile,0.1,0.05221500336637063
clt-area,2026-05-16,3,2026-06-06,Flu ED visits pct,quantile,0.1,0.3014378769472201
colorado,2026-05-16,3,2026-06-06,Flu ED visits pct,quantile,0.1,0.11933177358936083
colorado-springs,2026-05-16,3,2026-06-06,Flu ED visits pct,quantile,0.1,0.11827618291277496
columbia,2026-05-16,3,2026-06-06,Flu ED visits pct,quantile,0.1,0.0327574512167793
columbus,2026-05-16,3,2026-06-06,Flu ED visits pct,quantile,0.1,0.0
dallas,2026-05-16,3,2026-06-06,Flu ED visits pct,quantile,0.1,0.07998634694909984
denver,2026-05-16,3,2026-06-06,Flu ED visits pct,quantile,0.1,0.12007613200882257
deschutes,2026-05-16,3,2026-06-06,Flu ED visits pct,quantile,0.1,0.08575886313592865
duluth,2026-05-16,3,2026-06-06,Flu ED visits pct,quantile,0.1,0.024681505566353137
el-paso,2026-05-16,3,2026-06-06,Flu ED visits pct,quantile,0.1,0.42638525139526456
eugene,2026-05-16,3,2026-06-06,Flu ED visits pct,quantile,0.1,0.05052102437615139
fay-area,2026-05-16,3,2026-06-06,Flu ED visits pct,quantile,0.1,0.3306964122625666
florence,2026-05-16,3,2026-06-06,Flu ED visits pct,quantile,0.1,0.010861499118854109
floyd,2026-05-16,3,2026-06-06,Flu ED visits pct,quantile,0.1,0.012597090173577833
frederick,2026-05-16,3,2026-06-06,Flu ED visits pct,quantile,0.1,0.010714745138699773
georgia,2026-05-16,3,2026-06-06,Flu ED visits pct,quantile,0.1,0.08048210877299466
greenville,2026-05-16,3,2026-06-06,Flu ED visits pct,quantile,0.1,0.05860124182512829
hall,2026-05-16,3,2026-06-06,Flu ED visits pct,quantile,0.1,0.013482806635353792
harford,2026-05-16,3,2026-06-06,Flu ED visits pct,quantile,0.1,0.00014449019373542586
henry,2026-05-16,3,2026-06-06,Flu ED visits pct,quantile,0.1,0.02045611947808513
horry,2026-05-16,3,2026-06-06,Flu ED visits pct,quantile,0.1,0.04084894260309442
houston,2026-05-16,3,2026-06-06,Flu ED visits pct,quantile,0.1,0.15962660878110604
indiana,2026-05-16,3,2026-06-06,Flu ED visits pct,quantile,0.1,0.04555845169605051
indianapolis,2026-05-16,3,2026-06-06,Flu ED visits pct,quantile,0.1,0.03328004269197028
la-grange,2026-05-16,3,2026-06-06,Flu ED visits pct,quantile,0.1,0.007244582716566516
larimer,2026-05-16,3,2026-06-06,Flu ED visits pct,quantile,0.1,0.02880592199807787
lynn,2026-05-16,3,2026-06-06,Flu ED visits pct,quantile,0.1,0.04286584987053593
macon,2026-05-16,3,2026-06-06,Flu ED visits pct,quantile,0.1,0.06331823220455926
maine,2026-05-16,3,2026-06-06,Flu ED visits pct,quantile,0.1,0.09273917233575774
marietta,2026-05-16,3,2026-06-06,Flu ED visits pct,quantile,0.1,0.021890765107050597
maryland,2026-05-16,3,2026-06-06,Flu ED visits pct,quantile,0.1,0.06030598296885952
massachusetts,2026-05-16,3,2026-06-06,Flu ED visits pct,quantile,0.1,0.07067153001071887
medford,2026-05-16,3,2026-06-06,Flu ED visits pct,quantile,0.1,0.0010032601704581933
mesa,2026-05-16,3,2026-06-06,Flu ED visits pct,quantile,0.1,0.006541760695227923
minneapolis,2026-05-16,3,2026-06-06,Flu ED visits pct,quantile,0.1,0.09398209317960744
minnesota,2026-05-16,3,2026-06-06,Flu ED visits pct,quantile,0.1,0.10266832852095124
montgomery,2026-05-16,3,2026-06-06,Flu ED visits pct,quantile,0.1,0.05358197959010883
nenc,2026-05-16,3,2026-06-06,Flu ED visits pct,quantile,0.1,0.05578067750046505
new-bedford,2026-05-16,3,2026-06-06,Flu ED visits pct,quantile,0.1,0.05282675946893512
north-carolina,2026-05-16,3,2026-06-06,Flu ED visits pct,quantile,0.1,0.20564629147844055
nyc,2026-05-16,3,2026-06-06,ILI ED visits pct,quantile,0.1,1.249290953620054
ogden,2026-05-16,3,2026-06-06,Flu ED visits pct,quantile,0.1,0.03885770408692514
oregon,2026-05-16,3,2026-06-06,Flu ED visits pct,quantile,0.1,0.14986010127296706
pittsfield,2026-05-16,3,2026-06-06,Flu ED visits pct,quantile,0.1,0.0
portland,2026-05-16,3,2026-06-06,Flu ED visits pct,quantile,0.1,0.06090335817071462
portland-or,2026-05-16,3,2026-06-06,Flu ED visits pct,quantile,0.1,0.15773858020575862
provo,2026-05-16,3,2026-06-06,Flu ED visits pct,quantile,0.1,0.03858224909807395
roanoke,2026-05-16,3,2026-06-06,Flu ED visits pct,quantile,0.1,0.06605920289815678
rochester,2026-05-16,3,2026-06-06,Flu ED visits pct,quantile,0.1,0.012648460871764017
rock-hill,2026-05-16,3,2026-06-06,Flu ED visits pct,quantile,0.1,0.0011846969080333575
rtp-area,2026-05-16,3,2026-06-06,Flu ED visits pct,quantile,0.1,0.04201268570511454
salem,2026-05-16,3,2026-06-06,Flu ED visits pct,quantile,0.1,0.06284601472403663
salt-lake-city,2026-05-16,3,2026-06-06,Flu ED visits pct,quantile,0.1,0.05846933766666796
san-antonio,2026-05-16,3,2026-06-06,Flu ED visits pct,quantile,0.1,0.07209311096782402
savannah,2026-05-16,3,2026-06-06,Flu ED visits pct,quantile,0.1,0.0020430393086905644
senc,2026-05-16,3,2026-06-06,Flu ED visits pct,quantile,0.1,0.01672494670404804
south-augusta,2026-05-16,3,2026-06-06,Flu ED visits pct,quantile,0.1,0.024771222408710998
south-carolina,2026-05-16,3,2026-06-06,Flu ED visits pct,quantile,0.1,0.05864441359621878
springfield,2026-05-16,3,2026-06-06,Flu ED visits pct,quantile,0.1,0.05621833252282112
st-cloud,2026-05-16,3,2026-06-06,Flu ED visits pct,quantile,0.1,0.003546300346145224
st-paul,2026-05-16,3,2026-06-06,Flu ED visits pct,quantile,0.1,0.1494271119395493
texas,2026-05-16,3,2026-06-06,Flu ED visits pct,quantile,0.1,0.19121336028753674
triad-area,2026-05-16,3,2026-06-06,Flu ED visits pct,quantile,0.1,0.11996723146134834
utah,2026-05-16,3,2026-06-06,Flu ED visits pct,quantile,0.1,0.06979142317061035
virginia,2026-05-16,3,2026-06-06,Flu ED visits pct,quantile,0.1,0.10854169418015111
weld,2026-05-16,3,2026-06-06,Flu ED visits pct,quantile,0.1,0.06488093958459744
wnc,2026-05-16,3,2026-06-06,Flu ED visits pct,quantile,0.1,0.0485688111729309
worcester,2026-05-16,3,2026-06-06,Flu ED visits pct,quantile,0.1,0.016933639172021737
athens,2026-05-16,0,2026-05-16,Flu ED visits pct,quantile,0.25,0.04634003691017582
austin,2026-05-16,0,2026-05-16,Flu ED visits pct,quantile,0.25,0.11931780300110319
baltimore,2026-05-16,0,2026-05-16,Flu ED visits pct,quantile,0.25,0.11656493213486126
bangor,2026-05-16,0,2026-05-16,Flu ED visits pct,quantile,0.25,0.05766458271199385
beaumont,2026-05-16,0,2026-05-16,Flu ED visits pct,quantile,0.25,0.20115746520307864
boston,2026-05-16,0,2026-05-16,Flu ED visits pct,quantile,0.25,0.15321887605003193
boulder,2026-05-16,0,2026-05-16,Flu ED visits pct,quantile,0.25,0.17766755204510756
charleston,2026-05-16,0,2026-05-16,Flu ED visits pct,quantile,0.25,0.09471377499454184
cherokee,2026-05-16,0,2026-05-16,Flu ED visits pct,quantile,0.25,0.19011900283873778
clt-area,2026-05-16,0,2026-05-16,Flu ED visits pct,quantile,0.25,1.0494878978495485
colorado,2026-05-16,0,2026-05-16,Flu ED visits pct,quantile,0.25,0.2873282802884717
colorado-springs,2026-05-16,0,2026-05-16,Flu ED visits pct,quantile,0.25,0.3161391960634806
columbia,2026-05-16,0,2026-05-16,Flu ED visits pct,quantile,0.25,0.113100455015293
columbus,2026-05-16,0,2026-05-16,Flu ED visits pct,quantile,0.25,0.002422586064280417
dallas,2026-05-16,0,2026-05-16,Flu ED visits pct,quantile,0.25,0.15495900220339764
denver,2026-05-16,0,2026-05-16,Flu ED visits pct,quantile,0.25,0.25753563770627597
deschutes,2026-05-16,0,2026-05-16,Flu ED visits pct,quantile,0.25,0.21803410101253043
duluth,2026-05-16,0,2026-05-16,Flu ED visits pct,quantile,0.25,0.12091145025445633
el-paso,2026-05-16,0,2026-05-16,Flu ED visits pct,quantile,0.25,1.2302279159874174
eugene,2026-05-16,0,2026-05-16,Flu ED visits pct,quantile,0.25,0.1265215783785428
fay-area,2026-05-16,0,2026-05-16,Flu ED visits pct,quantile,0.25,1.0245001493981822
florence,2026-05-16,0,2026-05-16,Flu ED visits pct,quantile,0.25,0.06813054792767836
floyd,2026-05-16,0,2026-05-16,Flu ED visits pct,quantile,0.25,0.05972319090257191
frederick,2026-05-16,0,2026-05-16,Flu ED visits pct,quantile,0.25,0.0461445165973421
georgia,2026-05-16,0,2026-05-16,Flu ED visits pct,quantile,0.25,0.13819139579255174
greenville,2026-05-16,0,2026-05-16,Flu ED visits pct,quantile,0.25,0.14137538073475026
hall,2026-05-16,0,2026-05-16,Flu ED visits pct,quantile,0.25,0.049782941693649746
harford,2026-05-16,0,2026-05-16,Flu ED visits pct,quantile,0.25,0.0118579447465336
henry,2026-05-16,0,2026-05-16,Flu ED visits pct,quantile,0.25,0.05288663813812471
horry,2026-05-16,0,2026-05-16,Flu ED visits pct,quantile,0.25,0.12377304762000353
houston,2026-05-16,0,2026-05-16,Flu ED visits pct,quantile,0.25,0.28153469437985307
indiana,2026-05-16,0,2026-05-16,Flu ED visits pct,quantile,0.25,0.06334125030476985
indianapolis,2026-05-16,0,2026-05-16,Flu ED visits pct,quantile,0.25,0.05249004248778343
la-grange,2026-05-16,0,2026-05-16,Flu ED visits pct,quantile,0.25,0.043644798423700025
larimer,2026-05-16,0,2026-05-16,Flu ED visits pct,quantile,0.25,0.06962396370893101
lynn,2026-05-16,0,2026-05-16,Flu ED visits pct,quantile,0.25,0.1386715557204247
macon,2026-05-16,0,2026-05-16,Flu ED visits pct,quantile,0.25,0.1606591165675084
maine,2026-05-16,0,2026-05-16,Flu ED visits pct,quantile,0.25,0.22687548837736837
marietta,2026-05-16,0,2026-05-16,Flu ED visits pct,quantile,0.25,0.061731980503239504
maryland,2026-05-16,0,2026-05-16,Flu ED visits pct,quantile,0.25,0.13431260257911495
massachusetts,2026-05-16,0,2026-05-16,Flu ED visits pct,quantile,0.25,0.17541003561712312
medford,2026-05-16,0,2026-05-16,Flu ED visits pct,quantile,0.25,0.017054119621694876
mesa,2026-05-16,0,2026-05-16,Flu ED visits pct,quantile,0.25,0.04520263050887999
minneapolis,2026-05-16,0,2026-05-16,Flu ED visits pct,quantile,0.25,0.2450244984546432
minnesota,2026-05-16,0,2026-05-16,Flu ED visits pct,quantile,0.25,0.2294996787410577
montgomery,2026-05-16,0,2026-05-16,Flu ED visits pct,quantile,0.25,0.12488018686221715
nenc,2026-05-16,0,2026-05-16,Flu ED visits pct,quantile,0.25,0.14031305772517524
new-bedford,2026-05-16,0,2026-05-16,Flu ED visits pct,quantile,0.25,0.17623282461223952
north-carolina,2026-05-16,0,2026-05-16,Flu ED visits pct,quantile,0.25,0.49360513625833025
nyc,2026-05-16,0,2026-05-16,ILI ED visits pct,quantile,0.25,1.925892749382428
ogden,2026-05-16,0,2026-05-16,Flu ED visits pct,quantile,0.25,0.07966468444112343
oregon,2026-05-16,0,2026-05-16,Flu ED visits pct,quantile,0.25,0.26047791127945247
pittsfield,2026-05-16,0,2026-05-16,Flu ED visits pct,quantile,0.25,0.018751639112338327
portland,2026-05-16,0,2026-05-16,Flu ED visits pct,quantile,0.25,0.20340358356075974
portland-or,2026-05-16,0,2026-05-16,Flu ED visits pct,quantile,0.25,0.2731946739829702
provo,2026-05-16,0,2026-05-16,Flu ED visits pct,quantile,0.25,0.09020351667556221
roanoke,2026-05-16,0,2026-05-16,Flu ED visits pct,quantile,0.25,0.14992290872120992
rochester,2026-05-16,0,2026-05-16,Flu ED visits pct,quantile,0.25,0.04174347402122328
rock-hill,2026-05-16,0,2026-05-16,Flu ED visits pct,quantile,0.25,0.05415361518533195
rtp-area,2026-05-16,0,2026-05-16,Flu ED visits pct,quantile,0.25,0.10628507795878199
salem,2026-05-16,0,2026-05-16,Flu ED visits pct,quantile,0.25,0.1580047393019627
salt-lake-city,2026-05-16,0,2026-05-16,Flu ED visits pct,quantile,0.25,0.0951552993430786
san-antonio,2026-05-16,0,2026-05-16,Flu ED visits pct,quantile,0.25,0.12727861110371813
savannah,2026-05-16,0,2026-05-16,Flu ED visits pct,quantile,0.25,0.013126375957022192
senc,2026-05-16,0,2026-05-16,Flu ED visits pct,quantile,0.25,0.07796713425996904
south-augusta,2026-05-16,0,2026-05-16,Flu ED visits pct,quantile,0.25,0.10443950692340934
south-carolina,2026-05-16,0,2026-05-16,Flu ED visits pct,quantile,0.25,0.14511038589935016
springfield,2026-05-16,0,2026-05-16,Flu ED visits pct,quantile,0.25,0.2180769610214101
st-cloud,2026-05-16,0,2026-05-16,Flu ED visits pct,quantile,0.25,0.03740686254818754
st-paul,2026-05-16,0,2026-05-16,Flu ED visits pct,quantile,0.25,0.31892194206174423
texas,2026-05-16,0,2026-05-16,Flu ED visits pct,quantile,0.25,0.2985980960153701
triad-area,2026-05-16,0,2026-05-16,Flu ED visits pct,quantile,0.25,0.29535993433550023
utah,2026-05-16,0,2026-05-16,Flu ED visits pct,quantile,0.25,0.10618555509521108
virginia,2026-05-16,0,2026-05-16,Flu ED visits pct,quantile,0.25,0.18053163169677283
weld,2026-05-16,0,2026-05-16,Flu ED visits pct,quantile,0.25,0.18102151270637654
wnc,2026-05-16,0,2026-05-16,Flu ED visits pct,quantile,0.25,0.13904976929144636
worcester,2026-05-16,0,2026-05-16,Flu ED visits pct,quantile,0.25,0.09094445427591184
athens,2026-05-16,1,2026-05-23,Flu ED visits pct,quantile,0.25,0.036822540405343586
austin,2026-05-16,1,2026-05-23,Flu ED visits pct,quantile,0.25,0.10714124864674693
baltimore,2026-05-16,1,2026-05-23,Flu ED visits pct,quantile,0.25,0.10019221381282083
bangor,2026-05-16,1,2026-05-23,Flu ED visits pct,quantile,0.25,0.044264018994487245
beaumont,2026-05-16,1,2026-05-23,Flu ED visits pct,quantile,0.25,0.16695032633876664
boston,2026-05-16,1,2026-05-23,Flu ED visits pct,quantile,0.25,0.12729541833750357
boulder,2026-05-16,1,2026-05-23,Flu ED visits pct,quantile,0.25,0.14662257869629045
charleston,2026-05-16,1,2026-05-23,Flu ED visits pct,quantile,0.25,0.08195716628057417
cherokee,2026-05-16,1,2026-05-23,Flu ED visits pct,quantile,0.25,0.15671177206600467
clt-area,2026-05-16,1,2026-05-23,Flu ED visits pct,quantile,0.25,0.8196735258007427
colorado,2026-05-16,1,2026-05-23,Flu ED visits pct,quantile,0.25,0.2434253331352032
colorado-springs,2026-05-16,1,2026-05-23,Flu ED visits pct,quantile,0.25,0.2517139754194867
columbia,2026-05-16,1,2026-05-23,Flu ED visits pct,quantile,0.25,0.09141755092791609
columbus,2026-05-16,1,2026-05-23,Flu ED visits pct,quantile,0.25,0.002380811683973723
dallas,2026-05-16,1,2026-05-23,Flu ED visits pct,quantile,0.25,0.13726145754432814
denver,2026-05-16,1,2026-05-23,Flu ED visits pct,quantile,0.25,0.22017376670339173
deschutes,2026-05-16,1,2026-05-23,Flu ED visits pct,quantile,0.25,0.17766753115746553
duluth,2026-05-16,1,2026-05-23,Flu ED visits pct,quantile,0.25,0.09621400001130623
el-paso,2026-05-16,1,2026-05-23,Flu ED visits pct,quantile,0.25,0.9719977495020313
eugene,2026-05-16,1,2026-05-23,Flu ED visits pct,quantile,0.25,0.09669149368380944
fay-area,2026-05-16,1,2026-05-23,Flu ED visits pct,quantile,0.25,0.8248041730827053
florence,2026-05-16,1,2026-05-23,Flu ED visits pct,quantile,0.25,0.05390225314032516
floyd,2026-05-16,1,2026-05-23,Flu ED visits pct,quantile,0.25,0.047445615793199745
frederick,2026-05-16,1,2026-05-23,Flu ED visits pct,quantile,0.25,0.04635114887021613
georgia,2026-05-16,1,2026-05-23,Flu ED visits pct,quantile,0.25,0.12752560235956603
greenville,2026-05-16,1,2026-05-23,Flu ED visits pct,quantile,0.25,0.1175359625039794
hall,2026-05-16,1,2026-05-23,Flu ED visits pct,quantile,0.25,0.039707310246905644
harford,2026-05-16,1,2026-05-23,Flu ED visits pct,quantile,0.25,0.01108660088268897
henry,2026-05-16,1,2026-05-23,Flu ED visits pct,quantile,0.25,0.04389937344812224
horry,2026-05-16,1,2026-05-23,Flu ED visits pct,quantile,0.25,0.10171201129090345
houston,2026-05-16,1,2026-05-23,Flu ED visits pct,quantile,0.25,0.25292983381749223
indiana,2026-05-16,1,2026-05-23,Flu ED visits pct,quantile,0.25,0.05620514244603641
indianapolis,2026-05-16,1,2026-05-23,Flu ED visits pct,quantile,0.25,0.048006525833669496
la-grange,2026-05-16,1,2026-05-23,Flu ED visits pct,quantile,0.25,0.03464496964998399
larimer,2026-05-16,1,2026-05-23,Flu ED visits pct,quantile,0.25,0.05965142899114855
lynn,2026-05-16,1,2026-05-23,Flu ED visits pct,quantile,0.25,0.11609512554647698
macon,2026-05-16,1,2026-05-23,Flu ED visits pct,quantile,0.25,0.12389763054087778
maine,2026-05-16,1,2026-05-23,Flu ED visits pct,quantile,0.25,0.19055394067462608
marietta,2026-05-16,1,2026-05-23,Flu ED visits pct,quantile,0.25,0.05087357402438593
maryland,2026-05-16,1,2026-05-23,Flu ED visits pct,quantile,0.25,0.11727426821766378
massachusetts,2026-05-16,1,2026-05-23,Flu ED visits pct,quantile,0.25,0.15314610668767314
medford,2026-05-16,1,2026-05-23,Flu ED visits pct,quantile,0.25,0.015009121934686379
mesa,2026-05-16,1,2026-05-23,Flu ED visits pct,quantile,0.25,0.03685349249510645
minneapolis,2026-05-16,1,2026-05-23,Flu ED visits pct,quantile,0.25,0.20790385747340764
minnesota,2026-05-16,1,2026-05-23,Flu ED visits pct,quantile,0.25,0.2019127340325025
montgomery,2026-05-16,1,2026-05-23,Flu ED visits pct,quantile,0.25,0.10721061154302734
nenc,2026-05-16,1,2026-05-23,Flu ED visits pct,quantile,0.25,0.12319070062319183
new-bedford,2026-05-16,1,2026-05-23,Flu ED visits pct,quantile,0.25,0.14948565493756807
north-carolina,2026-05-16,1,2026-05-23,Flu ED visits pct,quantile,0.25,0.41459157815537856
nyc,2026-05-16,1,2026-05-23,ILI ED visits pct,quantile,0.25,1.8704608825772546
ogden,2026-05-16,1,2026-05-23,Flu ED visits pct,quantile,0.25,0.06970989147490696
oregon,2026-05-16,1,2026-05-23,Flu ED visits pct,quantile,0.25,0.22777082636452192
pittsfield,2026-05-16,1,2026-05-23,Flu ED visits pct,quantile,0.25,0.015322309342501837
portland,2026-05-16,1,2026-05-23,Flu ED visits pct,quantile,0.25,0.15499660282497896
portland-or,2026-05-16,1,2026-05-23,Flu ED visits pct,quantile,0.25,0.2387880921524849
provo,2026-05-16,1,2026-05-23,Flu ED visits pct,quantile,0.25,0.07621583071926659
roanoke,2026-05-16,1,2026-05-23,Flu ED visits pct,quantile,0.25,0.12904131573093694
rochester,2026-05-16,1,2026-05-23,Flu ED visits pct,quantile,0.25,0.036342312967444834
rock-hill,2026-05-16,1,2026-05-23,Flu ED visits pct,quantile,0.25,0.03978249098774009
rtp-area,2026-05-16,1,2026-05-23,Flu ED visits pct,quantile,0.25,0.09094762903423063
salem,2026-05-16,1,2026-05-23,Flu ED visits pct,quantile,0.25,0.1311945648430705
salt-lake-city,2026-05-16,1,2026-05-23,Flu ED visits pct,quantile,0.25,0.08454083205383513
san-antonio,2026-05-16,1,2026-05-23,Flu ED visits pct,quantile,0.25,0.11068792661980632
savannah,2026-05-16,1,2026-05-23,Flu ED visits pct,quantile,0.25,0.011656724183986234
senc,2026-05-16,1,2026-05-23,Flu ED visits pct,quantile,0.25,0.06271582538678618
south-augusta,2026-05-16,1,2026-05-23,Flu ED visits pct,quantile,0.25,0.08639144191579702
south-carolina,2026-05-16,1,2026-05-23,Flu ED visits pct,quantile,0.25,0.12605600428514546
springfield,2026-05-16,1,2026-05-23,Flu ED visits pct,quantile,0.25,0.1730871022619567
st-cloud,2026-05-16,1,2026-05-23,Flu ED visits pct,quantile,0.25,0.03167760928237976
st-paul,2026-05-16,1,2026-05-23,Flu ED visits pct,quantile,0.25,0.27568103579665665
texas,2026-05-16,1,2026-05-23,Flu ED visits pct,quantile,0.25,0.27981259988449747
triad-area,2026-05-16,1,2026-05-23,Flu ED visits pct,quantile,0.25,0.25134259360233524
utah,2026-05-16,1,2026-05-23,Flu ED visits pct,quantile,0.25,0.0931114716404215
virginia,2026-05-16,1,2026-05-23,Flu ED visits pct,quantile,0.25,0.16846368728726643
weld,2026-05-16,1,2026-05-23,Flu ED visits pct,quantile,0.25,0.1452564279921581
wnc,2026-05-16,1,2026-05-23,Flu ED visits pct,quantile,0.25,0.11595547505311453
worcester,2026-05-16,1,2026-05-23,Flu ED visits pct,quantile,0.25,0.0701618173495618
athens,2026-05-16,2,2026-05-30,Flu ED visits pct,quantile,0.25,0.03411441202221606
austin,2026-05-16,2,2026-05-30,Flu ED visits pct,quantile,0.25,0.10024441491357892
baltimore,2026-05-16,2,2026-05-30,Flu ED visits pct,quantile,0.25,0.08670281590221178
bangor,2026-05-16,2,2026-05-30,Flu ED visits pct,quantile,0.25,0.03810598232184162
beaumont,2026-05-16,2,2026-05-30,Flu ED visits pct,quantile,0.25,0.1507614608919607
boston,2026-05-16,2,2026-05-30,Flu ED visits pct,quantile,0.25,0.09749373574310098
boulder,2026-05-16,2,2026-05-30,Flu ED visits pct,quantile,0.25,0.11782461640978338
charleston,2026-05-16,2,2026-05-30,Flu ED visits pct,quantile,0.25,0.07428408596179749
cherokee,2026-05-16,2,2026-05-30,Flu ED visits pct,quantile,0.25,0.14241875253611339
clt-area,2026-05-16,2,2026-05-30,Flu ED visits pct,quantile,0.25,0.6360484580824252
colorado,2026-05-16,2,2026-05-30,Flu ED visits pct,quantile,0.25,0.19819018485780204
colorado-springs,2026-05-16,2,2026-05-30,Flu ED visits pct,quantile,0.25,0.19297815855661035
columbia,2026-05-16,2,2026-05-30,Flu ED visits pct,quantile,0.25,0.07912053210726734
columbus,2026-05-16,2,2026-05-30,Flu ED visits pct,quantile,0.25,0.003049652320895848
dallas,2026-05-16,2,2026-05-30,Flu ED visits pct,quantile,0.25,0.12188064293737332
denver,2026-05-16,2,2026-05-30,Flu ED visits pct,quantile,0.25,0.17780813792131123
deschutes,2026-05-16,2,2026-05-30,Flu ED visits pct,quantile,0.25,0.1631991136648584
duluth,2026-05-16,2,2026-05-30,Flu ED visits pct,quantile,0.25,0.07175990709528146
el-paso,2026-05-16,2,2026-05-30,Flu ED visits pct,quantile,0.25,0.74217384510063
eugene,2026-05-16,2,2026-05-30,Flu ED visits pct,quantile,0.25,0.08204586990390206
fay-area,2026-05-16,2,2026-05-30,Flu ED visits pct,quantile,0.25,0.6379960621008623
florence,2026-05-16,2,2026-05-30,Flu ED visits pct,quantile,0.25,0.04930988515399229
floyd,2026-05-16,2,2026-05-30,Flu ED visits pct,quantile,0.25,0.041944577229329844
frederick,2026-05-16,2,2026-05-30,Flu ED visits pct,quantile,0.25,0.04938881656377286
georgia,2026-05-16,2,2026-05-30,Flu ED visits pct,quantile,0.25,0.11546539902472626
greenville,2026-05-16,2,2026-05-30,Flu ED visits pct,quantile,0.25,0.10181463575224947
hall,2026-05-16,2,2026-05-30,Flu ED visits pct,quantile,0.25,0.03651524957262683
harford,2026-05-16,2,2026-05-30,Flu ED visits pct,quantile,0.25,0.011150967552428363
henry,2026-05-16,2,2026-05-30,Flu ED visits pct,quantile,0.25,0.037426922789050784
horry,2026-05-16,2,2026-05-30,Flu ED visits pct,quantile,0.25,0.08760987564971738
houston,2026-05-16,2,2026-05-30,Flu ED visits pct,quantile,0.25,0.22974930484168077
indiana,2026-05-16,2,2026-05-30,Flu ED visits pct,quantile,0.25,0.055066635613569385
indianapolis,2026-05-16,2,2026-05-30,Flu ED visits pct,quantile,0.25,0.047633165481085316
la-grange,2026-05-16,2,2026-05-30,Flu ED visits pct,quantile,0.25,0.029789038506644223
larimer,2026-05-16,2,2026-05-30,Flu ED visits pct,quantile,0.25,0.05515659394476418
lynn,2026-05-16,2,2026-05-30,Flu ED visits pct,quantile,0.25,0.09673959976013204
macon,2026-05-16,2,2026-05-30,Flu ED visits pct,quantile,0.25,0.1067944041767866
maine,2026-05-16,2,2026-05-30,Flu ED visits pct,quantile,0.25,0.14723246000726825
marietta,2026-05-16,2,2026-05-30,Flu ED visits pct,quantile,0.25,0.04605384859935104
maryland,2026-05-16,2,2026-05-30,Flu ED visits pct,quantile,0.25,0.10423596715871417
massachusetts,2026-05-16,2,2026-05-30,Flu ED visits pct,quantile,0.25,0.1275651942721386
medford,2026-05-16,2,2026-05-30,Flu ED visits pct,quantile,0.25,0.01455400753180463
mesa,2026-05-16,2,2026-05-30,Flu ED visits pct,quantile,0.25,0.03329944244745127
minneapolis,2026-05-16,2,2026-05-30,Flu ED visits pct,quantile,0.25,0.18106254006089562
minnesota,2026-05-16,2,2026-05-30,Flu ED visits pct,quantile,0.25,0.17740395038438825
montgomery,2026-05-16,2,2026-05-30,Flu ED visits pct,quantile,0.25,0.09378856610200033
nenc,2026-05-16,2,2026-05-30,Flu ED visits pct,quantile,0.25,0.10740858829674005
new-bedford,2026-05-16,2,2026-05-30,Flu ED visits pct,quantile,0.25,0.12336964912777242
north-carolina,2026-05-16,2,2026-05-30,Flu ED visits pct,quantile,0.25,0.31233762503300616
nyc,2026-05-16,2,2026-05-30,ILI ED visits pct,quantile,0.25,1.7256560821534817
ogden,2026-05-16,2,2026-05-30,Flu ED visits pct,quantile,0.25,0.0638216139599978
oregon,2026-05-16,2,2026-05-30,Flu ED visits pct,quantile,0.25,0.20345260170036086
pittsfield,2026-05-16,2,2026-05-30,Flu ED visits pct,quantile,0.25,0.015604310798964906
portland,2026-05-16,2,2026-05-30,Flu ED visits pct,quantile,0.25,0.11760307774445923
portland-or,2026-05-16,2,2026-05-30,Flu ED visits pct,quantile,0.25,0.21416599128362623
provo,2026-05-16,2,2026-05-30,Flu ED visits pct,quantile,0.25,0.06719233566649975
roanoke,2026-05-16,2,2026-05-30,Flu ED visits pct,quantile,0.25,0.1163368015581225
rochester,2026-05-16,2,2026-05-30,Flu ED visits pct,quantile,0.25,0.03487472220647247
rock-hill,2026-05-16,2,2026-05-30,Flu ED visits pct,quantile,0.25,0.0360527223264359
rtp-area,2026-05-16,2,2026-05-30,Flu ED visits pct,quantile,0.25,0.07657817450989009
salem,2026-05-16,2,2026-05-30,Flu ED visits pct,quantile,0.25,0.11756915341718628
salt-lake-city,2026-05-16,2,2026-05-30,Flu ED visits pct,quantile,0.25,0.07750967868555132
san-antonio,2026-05-16,2,2026-05-30,Flu ED visits pct,quantile,0.25,0.09876932436997406
savannah,2026-05-16,2,2026-05-30,Flu ED visits pct,quantile,0.25,0.011738960297838231
senc,2026-05-16,2,2026-05-30,Flu ED visits pct,quantile,0.25,0.046209997654725485
south-augusta,2026-05-16,2,2026-05-30,Flu ED visits pct,quantile,0.25,0.07460394328043662
south-carolina,2026-05-16,2,2026-05-30,Flu ED visits pct,quantile,0.25,0.11134450204522355
springfield,2026-05-16,2,2026-05-30,Flu ED visits pct,quantile,0.25,0.12744605269153836
st-cloud,2026-05-16,2,2026-05-30,Flu ED visits pct,quantile,0.25,0.03146187000691767
st-paul,2026-05-16,2,2026-05-30,Flu ED visits pct,quantile,0.25,0.241688361509866
texas,2026-05-16,2,2026-05-30,Flu ED visits pct,quantile,0.25,0.25664004710315275
triad-area,2026-05-16,2,2026-05-30,Flu ED visits pct,quantile,0.25,0.19052193290710165
utah,2026-05-16,2,2026-05-30,Flu ED visits pct,quantile,0.25,0.08363743256460263
virginia,2026-05-16,2,2026-05-30,Flu ED visits pct,quantile,0.25,0.15398684999353718
weld,2026-05-16,2,2026-05-30,Flu ED visits pct,quantile,0.25,0.1298956941356036
wnc,2026-05-16,2,2026-05-30,Flu ED visits pct,quantile,0.25,0.0827918911484844
worcester,2026-05-16,2,2026-05-30,Flu ED visits pct,quantile,0.25,0.057021912780927074
athens,2026-05-16,3,2026-06-06,Flu ED visits pct,quantile,0.25,0.031129095293897464
austin,2026-05-16,3,2026-06-06,Flu ED visits pct,quantile,0.25,0.09506749372441861
baltimore,2026-05-16,3,2026-06-06,Flu ED visits pct,quantile,0.25,0.07952016574496552
bangor,2026-05-16,3,2026-06-06,Flu ED visits pct,quantile,0.25,0.035944697598804934
beaumont,2026-05-16,3,2026-06-06,Flu ED visits pct,quantile,0.25,0.13410919508135882
boston,2026-05-16,3,2026-06-06,Flu ED visits pct,quantile,0.25,0.08885484421224168
boulder,2026-05-16,3,2026-06-06,Flu ED visits pct,quantile,0.25,0.10919803265189879
charleston,2026-05-16,3,2026-06-06,Flu ED visits pct,quantile,0.25,0.06986677077144512
cherokee,2026-05-16,3,2026-06-06,Flu ED visits pct,quantile,0.25,0.12671345059737943
clt-area,2026-05-16,3,2026-06-06,Flu ED visits pct,quantile,0.25,0.49145879655468305
colorado,2026-05-16,3,2026-06-06,Flu ED visits pct,quantile,0.25,0.18100487249645517
colorado-springs,2026-05-16,3,2026-06-06,Flu ED visits pct,quantile,0.25,0.17171685836091888
columbia,2026-05-16,3,2026-06-06,Flu ED visits pct,quantile,0.25,0.07008607220035573
columbus,2026-05-16,3,2026-06-06,Flu ED visits pct,quantile,0.25,0.003068479785709651
dallas,2026-05-16,3,2026-06-06,Flu ED visits pct,quantile,0.25,0.1128101950833155
denver,2026-05-16,3,2026-06-06,Flu ED visits pct,quantile,0.25,0.1600834504854079
deschutes,2026-05-16,3,2026-06-06,Flu ED visits pct,quantile,0.25,0.14843608874419534
duluth,2026-05-16,3,2026-06-06,Flu ED visits pct,quantile,0.25,0.06711513747171076
el-paso,2026-05-16,3,2026-06-06,Flu ED visits pct,quantile,0.25,0.6333622710511773
eugene,2026-05-16,3,2026-06-06,Flu ED visits pct,quantile,0.25,0.07174185295468667
fay-area,2026-05-16,3,2026-06-06,Flu ED visits pct,quantile,0.25,0.49829183122918885
florence,2026-05-16,3,2026-06-06,Flu ED visits pct,quantile,0.25,0.04559328805164695
floyd,2026-05-16,3,2026-06-06,Flu ED visits pct,quantile,0.25,0.039457078619380505
frederick,2026-05-16,3,2026-06-06,Flu ED visits pct,quantile,0.25,0.049369257902110816
georgia,2026-05-16,3,2026-06-06,Flu ED visits pct,quantile,0.25,0.10565568393499636
greenville,2026-05-16,3,2026-06-06,Flu ED visits pct,quantile,0.25,0.0899505620618942
hall,2026-05-16,3,2026-06-06,Flu ED visits pct,quantile,0.25,0.03458876689427255
harford,2026-05-16,3,2026-06-06,Flu ED visits pct,quantile,0.25,0.011089838171483771
henry,2026-05-16,3,2026-06-06,Flu ED visits pct,quantile,0.25,0.03422593877124642
horry,2026-05-16,3,2026-06-06,Flu ED visits pct,quantile,0.25,0.07783631606796698
houston,2026-05-16,3,2026-06-06,Flu ED visits pct,quantile,0.25,0.21074389471326696
indiana,2026-05-16,3,2026-06-06,Flu ED visits pct,quantile,0.25,0.054600846314570774
indianapolis,2026-05-16,3,2026-06-06,Flu ED visits pct,quantile,0.25,0.04509354292999923
la-grange,2026-05-16,3,2026-06-06,Flu ED visits pct,quantile,0.25,0.028084188007622933
larimer,2026-05-16,3,2026-06-06,Flu ED visits pct,quantile,0.25,0.05357498559825847
lynn,2026-05-16,3,2026-06-06,Flu ED visits pct,quantile,0.25,0.0910479146989494
macon,2026-05-16,3,2026-06-06,Flu ED visits pct,quantile,0.25,0.09580000557489067
maine,2026-05-16,3,2026-06-06,Flu ED visits pct,quantile,0.25,0.13182922222209467
marietta,2026-05-16,3,2026-06-06,Flu ED visits pct,quantile,0.25,0.04419156441374279
maryland,2026-05-16,3,2026-06-06,Flu ED visits pct,quantile,0.25,0.09611335850540784
massachusetts,2026-05-16,3,2026-06-06,Flu ED visits pct,quantile,0.25,0.11997095478403456
medford,2026-05-16,3,2026-06-06,Flu ED visits pct,quantile,0.25,0.014799207574567165
mesa,2026-05-16,3,2026-06-06,Flu ED visits pct,quantile,0.25,0.030568732284160176
minneapolis,2026-05-16,3,2026-06-06,Flu ED visits pct,quantile,0.25,0.16357728686350395
minnesota,2026-05-16,3,2026-06-06,Flu ED visits pct,quantile,0.25,0.16330694862773726
montgomery,2026-05-16,3,2026-06-06,Flu ED visits pct,quantile,0.25,0.0855774240062361
nenc,2026-05-16,3,2026-06-06,Flu ED visits pct,quantile,0.25,0.09342655393670338
new-bedford,2026-05-16,3,2026-06-06,Flu ED visits pct,quantile,0.25,0.11462286260908255
north-carolina,2026-05-16,3,2026-06-06,Flu ED visits pct,quantile,0.25,0.24869829508880664
nyc,2026-05-16,3,2026-06-06,ILI ED visits pct,quantile,0.25,1.6200963182964783
ogden,2026-05-16,3,2026-06-06,Flu ED visits pct,quantile,0.25,0.05966113643555634
oregon,2026-05-16,3,2026-06-06,Flu ED visits pct,quantile,0.25,0.18401013817567932
pittsfield,2026-05-16,3,2026-06-06,Flu ED visits pct,quantile,0.25,0.016027431109381637
portland,2026-05-16,3,2026-06-06,Flu ED visits pct,quantile,0.25,0.10245538627866106
portland-or,2026-05-16,3,2026-06-06,Flu ED visits pct,quantile,0.25,0.19354242563023644
provo,2026-05-16,3,2026-06-06,Flu ED visits pct,quantile,0.25,0.06370669389678783
roanoke,2026-05-16,3,2026-06-06,Flu ED visits pct,quantile,0.25,0.1091957417784167
rochester,2026-05-16,3,2026-06-06,Flu ED visits pct,quantile,0.25,0.03380714207464336
rock-hill,2026-05-16,3,2026-06-06,Flu ED visits pct,quantile,0.25,0.03206823318526321
rtp-area,2026-05-16,3,2026-06-06,Flu ED visits pct,quantile,0.25,0.06665950555774042
salem,2026-05-16,3,2026-06-06,Flu ED visits pct,quantile,0.25,0.10793417351729603
salt-lake-city,2026-05-16,3,2026-06-06,Flu ED visits pct,quantile,0.25,0.07361974698285996
san-antonio,2026-05-16,3,2026-06-06,Flu ED visits pct,quantile,0.25,0.09180442088398102
savannah,2026-05-16,3,2026-06-06,Flu ED visits pct,quantile,0.25,0.010828455416896221
senc,2026-05-16,3,2026-06-06,Flu ED visits pct,quantile,0.25,0.04003176602401253
south-augusta,2026-05-16,3,2026-06-06,Flu ED visits pct,quantile,0.25,0.06788309370299274
south-carolina,2026-05-16,3,2026-06-06,Flu ED visits pct,quantile,0.25,0.10228188698460951
springfield,2026-05-16,3,2026-06-06,Flu ED visits pct,quantile,0.25,0.11348510435155112
st-cloud,2026-05-16,3,2026-06-06,Flu ED visits pct,quantile,0.25,0.03084131314148799
st-paul,2026-05-16,3,2026-06-06,Flu ED visits pct,quantile,0.25,0.21987578963685547
texas,2026-05-16,3,2026-06-06,Flu ED visits pct,quantile,0.25,0.23783620455112703
triad-area,2026-05-16,3,2026-06-06,Flu ED visits pct,quantile,0.25,0.16591045266015775
utah,2026-05-16,3,2026-06-06,Flu ED visits pct,quantile,0.25,0.07916036849499195
virginia,2026-05-16,3,2026-06-06,Flu ED visits pct,quantile,0.25,0.1436864199077155
weld,2026-05-16,3,2026-06-06,Flu ED visits pct,quantile,0.25,0.12157599526108694
wnc,2026-05-16,3,2026-06-06,Flu ED visits pct,quantile,0.25,0.07091892289462434
worcester,2026-05-16,3,2026-06-06,Flu ED visits pct,quantile,0.25,0.05299015049907365
athens,2026-05-16,0,2026-05-16,Flu ED visits pct,quantile,0.5,0.11599128743293201
austin,2026-05-16,0,2026-05-16,Flu ED visits pct,quantile,0.5,0.16353417010270055
baltimore,2026-05-16,0,2026-05-16,Flu ED visits pct,quantile,0.5,0.14856231331008704
bangor,2026-05-16,0,2026-05-16,Flu ED visits pct,quantile,0.5,0.13751373562215546
beaumont,2026-05-16,0,2026-05-16,Flu ED visits pct,quantile,0.5,0.3101239615920305
boston,2026-05-16,0,2026-05-16,Flu ED visits pct,quantile,0.5,0.1958562454015928
boulder,2026-05-16,0,2026-05-16,Flu ED visits pct,quantile,0.5,0.28907860018701104
charleston,2026-05-16,0,2026-05-16,Flu ED visits pct,quantile,0.5,0.13976122851745204
cherokee,2026-05-16,0,2026-05-16,Flu ED visits pct,quantile,0.5,0.2820447892451645
clt-area,2026-05-16,0,2026-05-16,Flu ED visits pct,quantile,0.5,1.196964059304358
colorado,2026-05-16,0,2026-05-16,Flu ED visits pct,quantile,0.5,0.34868135531620537
colorado-springs,2026-05-16,0,2026-05-16,Flu ED visits pct,quantile,0.5,0.4098884317232969
columbia,2026-05-16,0,2026-05-16,Flu ED visits pct,quantile,0.5,0.15549227534760907
columbus,2026-05-16,0,2026-05-16,Flu ED visits pct,quantile,0.5,0.030325570033186755
dallas,2026-05-16,0,2026-05-16,Flu ED visits pct,quantile,0.5,0.18449528636135284
denver,2026-05-16,0,2026-05-16,Flu ED visits pct,quantile,0.5,0.3184101097893907
deschutes,2026-05-16,0,2026-05-16,Flu ED visits pct,quantile,0.5,0.38803294478100475
duluth,2026-05-16,0,2026-05-16,Flu ED visits pct,quantile,0.5,0.2069201170797925
el-paso,2026-05-16,0,2026-05-16,Flu ED visits pct,quantile,0.5,1.633527105628353
eugene,2026-05-16,0,2026-05-16,Flu ED visits pct,quantile,0.5,0.1823389692866521
fay-area,2026-05-16,0,2026-05-16,Flu ED visits pct,quantile,0.5,1.1650091067245083
florence,2026-05-16,0,2026-05-16,Flu ED visits pct,quantile,0.5,0.1486313002657939
floyd,2026-05-16,0,2026-05-16,Flu ED visits pct,quantile,0.5,0.1444018261450565
frederick,2026-05-16,0,2026-05-16,Flu ED visits pct,quantile,0.5,0.09348442709022288
georgia,2026-05-16,0,2026-05-16,Flu ED visits pct,quantile,0.5,0.16638567756280395
greenville,2026-05-16,0,2026-05-16,Flu ED visits pct,quantile,0.5,0.18703255494187407
hall,2026-05-16,0,2026-05-16,Flu ED visits pct,quantile,0.5,0.10479052770020962
harford,2026-05-16,0,2026-05-16,Flu ED visits pct,quantile,0.5,0.04672762527315363
henry,2026-05-16,0,2026-05-16,Flu ED visits pct,quantile,0.5,0.09717881176905356
horry,2026-05-16,0,2026-05-16,Flu ED visits pct,quantile,0.5,0.1931984418335762
houston,2026-05-16,0,2026-05-16,Flu ED visits pct,quantile,0.5,0.31192918316089213
indiana,2026-05-16,0,2026-05-16,Flu ED visits pct,quantile,0.5,0.08276096554595176
indianapolis,2026-05-16,0,2026-05-16,Flu ED visits pct,quantile,0.5,0.07066877595985463
la-grange,2026-05-16,0,2026-05-16,Flu ED visits pct,quantile,0.5,0.12201457883727514
larimer,2026-05-16,0,2026-05-16,Flu ED visits pct,quantile,0.5,0.1495656637551188
lynn,2026-05-16,0,2026-05-16,Flu ED visits pct,quantile,0.5,0.20902315698591817
macon,2026-05-16,0,2026-05-16,Flu ED visits pct,quantile,0.5,0.2271701146340173
maine,2026-05-16,0,2026-05-16,Flu ED visits pct,quantile,0.5,0.2817865903981492
marietta,2026-05-16,0,2026-05-16,Flu ED visits pct,quantile,0.5,0.10212582202415556
maryland,2026-05-16,0,2026-05-16,Flu ED visits pct,quantile,0.5,0.1669146922839325
massachusetts,2026-05-16,0,2026-05-16,Flu ED visits pct,quantile,0.5,0.20715197309954272
medford,2026-05-16,0,2026-05-16,Flu ED visits pct,quantile,0.5,0.06015112416354767
mesa,2026-05-16,0,2026-05-16,Flu ED visits pct,quantile,0.5,0.12908999739385063
minneapolis,2026-05-16,0,2026-05-16,Flu ED visits pct,quantile,0.5,0.3121141068943569
minnesota,2026-05-16,0,2026-05-16,Flu ED visits pct,quantile,0.5,0.27046280851237847
montgomery,2026-05-16,0,2026-05-16,Flu ED visits pct,quantile,0.5,0.1658493921667556
nenc,2026-05-16,0,2026-05-16,Flu ED visits pct,quantile,0.5,0.1721437682649521
new-bedford,2026-05-16,0,2026-05-16,Flu ED visits pct,quantile,0.5,0.2588713671283479
north-carolina,2026-05-16,0,2026-05-16,Flu ED visits pct,quantile,0.5,0.5739752274452186
nyc,2026-05-16,0,2026-05-16,ILI ED visits pct,quantile,0.5,2.0828468179866113
ogden,2026-05-16,0,2026-05-16,Flu ED visits pct,quantile,0.5,0.13510192888582878
oregon,2026-05-16,0,2026-05-16,Flu ED visits pct,quantile,0.5,0.3155647272448255
pittsfield,2026-05-16,0,2026-05-16,Flu ED visits pct,quantile,0.5,0.08030284785131876
portland,2026-05-16,0,2026-05-16,Flu ED visits pct,quantile,0.5,0.2946175229789988
portland-or,2026-05-16,0,2026-05-16,Flu ED visits pct,quantile,0.5,0.33236690835526117
provo,2026-05-16,0,2026-05-16,Flu ED visits pct,quantile,0.5,0.14528004577295028
roanoke,2026-05-16,0,2026-05-16,Flu ED visits pct,quantile,0.5,0.21747127921288786
rochester,2026-05-16,0,2026-05-16,Flu ED visits pct,quantile,0.5,0.10427821942282345
rock-hill,2026-05-16,0,2026-05-16,Flu ED visits pct,quantile,0.5,0.13759586307453184
rtp-area,2026-05-16,0,2026-05-16,Flu ED visits pct,quantile,0.5,0.13679651847690438
salem,2026-05-16,0,2026-05-16,Flu ED visits pct,quantile,0.5,0.23483833188705627
salt-lake-city,2026-05-16,0,2026-05-16,Flu ED visits pct,quantile,0.5,0.12597765624363458
san-antonio,2026-05-16,0,2026-05-16,Flu ED visits pct,quantile,0.5,0.1673099690138915
savannah,2026-05-16,0,2026-05-16,Flu ED visits pct,quantile,0.5,0.03037632012118395
senc,2026-05-16,0,2026-05-16,Flu ED visits pct,quantile,0.5,0.10905051107639728
south-augusta,2026-05-16,0,2026-05-16,Flu ED visits pct,quantile,0.5,0.15552358718284795
south-carolina,2026-05-16,0,2026-05-16,Flu ED visits pct,quantile,0.5,0.1806465480081875
springfield,2026-05-16,0,2026-05-16,Flu ED visits pct,quantile,0.5,0.27881386682717757
st-cloud,2026-05-16,0,2026-05-16,Flu ED visits pct,quantile,0.5,0.1097448587829512
st-paul,2026-05-16,0,2026-05-16,Flu ED visits pct,quantile,0.5,0.3918267656201015
texas,2026-05-16,0,2026-05-16,Flu ED visits pct,quantile,0.5,0.35671414698449116
triad-area,2026-05-16,0,2026-05-16,Flu ED visits pct,quantile,0.5,0.342383263206819
utah,2026-05-16,0,2026-05-16,Flu ED visits pct,quantile,0.5,0.142802237410694
virginia,2026-05-16,0,2026-05-16,Flu ED visits pct,quantile,0.5,0.21700257024019678
weld,2026-05-16,0,2026-05-16,Flu ED visits pct,quantile,0.5,0.3278613527915158
wnc,2026-05-16,0,2026-05-16,Flu ED visits pct,quantile,0.5,0.1743209977336454
worcester,2026-05-16,0,2026-05-16,Flu ED visits pct,quantile,0.5,0.1230256194270702
athens,2026-05-16,1,2026-05-23,Flu ED visits pct,quantile,0.5,0.10250496076591996
austin,2026-05-16,1,2026-05-23,Flu ED visits pct,quantile,0.5,0.156557946499784
baltimore,2026-05-16,1,2026-05-23,Flu ED visits pct,quantile,0.5,0.13213383474867946
bangor,2026-05-16,1,2026-05-23,Flu ED visits pct,quantile,0.5,0.11935543673786382
beaumont,2026-05-16,1,2026-05-23,Flu ED visits pct,quantile,0.5,0.27528321391284183
boston,2026-05-16,1,2026-05-23,Flu ED visits pct,quantile,0.5,0.16050417459350147
boulder,2026-05-16,1,2026-05-23,Flu ED visits pct,quantile,0.5,0.24195457828624978
charleston,2026-05-16,1,2026-05-23,Flu ED visits pct,quantile,0.5,0.1260353276805901
cherokee,2026-05-16,1,2026-05-23,Flu ED visits pct,quantile,0.5,0.2434320090339303
clt-area,2026-05-16,1,2026-05-23,Flu ED visits pct,quantile,0.5,1.0617409150914368
colorado,2026-05-16,1,2026-05-23,Flu ED visits pct,quantile,0.5,0.2955352672676338
colorado-springs,2026-05-16,1,2026-05-23,Flu ED visits pct,quantile,0.5,0.3327461069200319
columbia,2026-05-16,1,2026-05-23,Flu ED visits pct,quantile,0.5,0.13354315461959543
columbus,2026-05-16,1,2026-05-23,Flu ED visits pct,quantile,0.5,0.0312750981282927
dallas,2026-05-16,1,2026-05-23,Flu ED visits pct,quantile,0.5,0.16643633831072585
denver,2026-05-16,1,2026-05-23,Flu ED visits pct,quantile,0.5,0.2692598847706944
deschutes,2026-05-16,1,2026-05-23,Flu ED visits pct,quantile,0.5,0.3409010717896417
duluth,2026-05-16,1,2026-05-23,Flu ED visits pct,quantile,0.5,0.16282961684716007
el-paso,2026-05-16,1,2026-05-23,Flu ED visits pct,quantile,0.5,1.3423172682346576
eugene,2026-05-16,1,2026-05-23,Flu ED visits pct,quantile,0.5,0.1560679042254793
fay-area,2026-05-16,1,2026-05-23,Flu ED visits pct,quantile,0.5,1.0413198805119446
florence,2026-05-16,1,2026-05-23,Flu ED visits pct,quantile,0.5,0.13034719523311383
floyd,2026-05-16,1,2026-05-23,Flu ED visits pct,quantile,0.5,0.12754146722797594
frederick,2026-05-16,1,2026-05-23,Flu ED visits pct,quantile,0.5,0.09123239454356967
georgia,2026-05-16,1,2026-05-23,Flu ED visits pct,quantile,0.5,0.15100212795058626
greenville,2026-05-16,1,2026-05-23,Flu ED visits pct,quantile,0.5,0.16120444373775805
hall,2026-05-16,1,2026-05-23,Flu ED visits pct,quantile,0.5,0.09349769225539613
harford,2026-05-16,1,2026-05-23,Flu ED visits pct,quantile,0.5,0.0451932423724595
henry,2026-05-16,1,2026-05-23,Flu ED visits pct,quantile,0.5,0.08751932669921589
horry,2026-05-16,1,2026-05-23,Flu ED visits pct,quantile,0.5,0.16782378830781075
houston,2026-05-16,1,2026-05-23,Flu ED visits pct,quantile,0.5,0.2804795825715881
indiana,2026-05-16,1,2026-05-23,Flu ED visits pct,quantile,0.5,0.0798972442603916
indianapolis,2026-05-16,1,2026-05-23,Flu ED visits pct,quantile,0.5,0.0688481982178996
la-grange,2026-05-16,1,2026-05-23,Flu ED visits pct,quantile,0.5,0.1062879156784959
larimer,2026-05-16,1,2026-05-23,Flu ED visits pct,quantile,0.5,0.13903983117291488
lynn,2026-05-16,1,2026-05-23,Flu ED visits pct,quantile,0.5,0.18301652193580523
macon,2026-05-16,1,2026-05-23,Flu ED visits pct,quantile,0.5,0.19793764907717987
maine,2026-05-16,1,2026-05-23,Flu ED visits pct,quantile,0.5,0.22997974875411925
marietta,2026-05-16,1,2026-05-23,Flu ED visits pct,quantile,0.5,0.09044631505012872
maryland,2026-05-16,1,2026-05-23,Flu ED visits pct,quantile,0.5,0.14962420219098557
massachusetts,2026-05-16,1,2026-05-23,Flu ED visits pct,quantile,0.5,0.17340367801506668
medford,2026-05-16,1,2026-05-23,Flu ED visits pct,quantile,0.5,0.05654277665340606
mesa,2026-05-16,1,2026-05-23,Flu ED visits pct,quantile,0.5,0.11640598192782738
minneapolis,2026-05-16,1,2026-05-23,Flu ED visits pct,quantile,0.5,0.27429897378642376
minnesota,2026-05-16,1,2026-05-23,Flu ED visits pct,quantile,0.5,0.24249738111743102
montgomery,2026-05-16,1,2026-05-23,Flu ED visits pct,quantile,0.5,0.14940828582656202
nenc,2026-05-16,1,2026-05-23,Flu ED visits pct,quantile,0.5,0.15696103374992543
new-bedford,2026-05-16,1,2026-05-23,Flu ED visits pct,quantile,0.5,0.2162912414492078
north-carolina,2026-05-16,1,2026-05-23,Flu ED visits pct,quantile,0.5,0.4974313625252583
nyc,2026-05-16,1,2026-05-23,ILI ED visits pct,quantile,0.5,1.9904143410462678
ogden,2026-05-16,1,2026-05-23,Flu ED visits pct,quantile,0.5,0.12555434824182754
oregon,2026-05-16,1,2026-05-23,Flu ED visits pct,quantile,0.5,0.28113432627184887
pittsfield,2026-05-16,1,2026-05-23,Flu ED visits pct,quantile,0.5,0.07921237752759101
portland,2026-05-16,1,2026-05-23,Flu ED visits pct,quantile,0.5,0.23956603255705952
portland-or,2026-05-16,1,2026-05-23,Flu ED visits pct,quantile,0.5,0.29518827823843297
provo,2026-05-16,1,2026-05-23,Flu ED visits pct,quantile,0.5,0.12992009264934667
roanoke,2026-05-16,1,2026-05-23,Flu ED visits pct,quantile,0.5,0.19754920318068284
rochester,2026-05-16,1,2026-05-23,Flu ED visits pct,quantile,0.5,0.09656260898135291
rock-hill,2026-05-16,1,2026-05-23,Flu ED visits pct,quantile,0.5,0.11138299795527974
rtp-area,2026-05-16,1,2026-05-23,Flu ED visits pct,quantile,0.5,0.12441200656954333
salem,2026-05-16,1,2026-05-23,Flu ED visits pct,quantile,0.5,0.2032542241704967
salt-lake-city,2026-05-16,1,2026-05-23,Flu ED visits pct,quantile,0.5,0.11779719913824115
san-antonio,2026-05-16,1,2026-05-23,Flu ED visits pct,quantile,0.5,0.15164512684783593
savannah,2026-05-16,1,2026-05-23,Flu ED visits pct,quantile,0.5,0.029448306816616046
senc,2026-05-16,1,2026-05-23,Flu ED visits pct,quantile,0.5,0.09018546579412552
south-augusta,2026-05-16,1,2026-05-23,Flu ED visits pct,quantile,0.5,0.13501418050877534
south-carolina,2026-05-16,1,2026-05-23,Flu ED visits pct,quantile,0.5,0.1634241760829806
springfield,2026-05-16,1,2026-05-23,Flu ED visits pct,quantile,0.5,0.21976207669255984
st-cloud,2026-05-16,1,2026-05-23,Flu ED visits pct,quantile,0.5,0.10391395973200392
st-paul,2026-05-16,1,2026-05-23,Flu ED visits pct,quantile,0.5,0.3477586887552496
texas,2026-05-16,1,2026-05-23,Flu ED visits pct,quantile,0.5,0.33452458248820627
triad-area,2026-05-16,1,2026-05-23,Flu ED visits pct,quantile,0.5,0.30279842868437845
utah,2026-05-16,1,2026-05-23,Flu ED visits pct,quantile,0.5,0.13051510842184183
virginia,2026-05-16,1,2026-05-23,Flu ED visits pct,quantile,0.5,0.19739740785853294
weld,2026-05-16,1,2026-05-23,Flu ED visits pct,quantile,0.5,0.2817054828312078
wnc,2026-05-16,1,2026-05-23,Flu ED visits pct,quantile,0.5,0.1489294167060719
worcester,2026-05-16,1,2026-05-23,Flu ED visits pct,quantile,0.5,0.10233270871002524
athens,2026-05-16,2,2026-05-30,Flu ED visits pct,quantile,0.5,0.09253076247847179
austin,2026-05-16,2,2026-05-30,Flu ED visits pct,quantile,0.5,0.15339498343326652
baltimore,2026-05-16,2,2026-05-30,Flu ED visits pct,quantile,0.5,0.11792956792601166
bangor,2026-05-16,2,2026-05-30,Flu ED visits pct,quantile,0.5,0.10871051829553474
beaumont,2026-05-16,2,2026-05-30,Flu ED visits pct,quantile,0.5,0.2511865765472417
boston,2026-05-16,2,2026-05-30,Flu ED visits pct,quantile,0.5,0.13927595413458416
boulder,2026-05-16,2,2026-05-30,Flu ED visits pct,quantile,0.5,0.21361366373738536
charleston,2026-05-16,2,2026-05-30,Flu ED visits pct,quantile,0.5,0.11661817871630138
cherokee,2026-05-16,2,2026-05-30,Flu ED visits pct,quantile,0.5,0.223068588967584
clt-area,2026-05-16,2,2026-05-30,Flu ED visits pct,quantile,0.5,0.8550318765516144
colorado,2026-05-16,2,2026-05-30,Flu ED visits pct,quantile,0.5,0.26443328753069884
colorado-springs,2026-05-16,2,2026-05-30,Flu ED visits pct,quantile,0.5,0.28057654066884863
columbia,2026-05-16,2,2026-05-30,Flu ED visits pct,quantile,0.5,0.12040733881638553
columbus,2026-05-16,2,2026-05-30,Flu ED visits pct,quantile,0.5,0.032268535430242905
dallas,2026-05-16,2,2026-05-30,Flu ED visits pct,quantile,0.5,0.15402262631665997
denver,2026-05-16,2,2026-05-30,Flu ED visits pct,quantile,0.5,0.23746755983849968
deschutes,2026-05-16,2,2026-05-30,Flu ED visits pct,quantile,0.5,0.31840154473460613
duluth,2026-05-16,2,2026-05-30,Flu ED visits pct,quantile,0.5,0.13850587979597936
el-paso,2026-05-16,2,2026-05-30,Flu ED visits pct,quantile,0.5,1.1103639714507896
eugene,2026-05-16,2,2026-05-30,Flu ED visits pct,quantile,0.5,0.14477297323986854
fay-area,2026-05-16,2,2026-05-30,Flu ED visits pct,quantile,0.5,0.8976980321745426
florence,2026-05-16,2,2026-05-30,Flu ED visits pct,quantile,0.5,0.11762479128186702
floyd,2026-05-16,2,2026-05-30,Flu ED visits pct,quantile,0.5,0.113747462768006
frederick,2026-05-16,2,2026-05-30,Flu ED visits pct,quantile,0.5,0.0945427050491313
georgia,2026-05-16,2,2026-05-30,Flu ED visits pct,quantile,0.5,0.13746659681301396
greenville,2026-05-16,2,2026-05-30,Flu ED visits pct,quantile,0.5,0.14153700358225457
hall,2026-05-16,2,2026-05-30,Flu ED visits pct,quantile,0.5,0.08824637732522138
harford,2026-05-16,2,2026-05-30,Flu ED visits pct,quantile,0.5,0.04586486826186518
henry,2026-05-16,2,2026-05-30,Flu ED visits pct,quantile,0.5,0.07943582107207417
horry,2026-05-16,2,2026-05-30,Flu ED visits pct,quantile,0.5,0.15028083893650895
houston,2026-05-16,2,2026-05-30,Flu ED visits pct,quantile,0.5,0.25536046193869755
indiana,2026-05-16,2,2026-05-30,Flu ED visits pct,quantile,0.5,0.08011064279855114
indianapolis,2026-05-16,2,2026-05-30,Flu ED visits pct,quantile,0.5,0.0684798565039257
la-grange,2026-05-16,2,2026-05-30,Flu ED visits pct,quantile,0.5,0.0948505387134024
larimer,2026-05-16,2,2026-05-30,Flu ED visits pct,quantile,0.5,0.12978277187920528
lynn,2026-05-16,2,2026-05-30,Flu ED visits pct,quantile,0.5,0.16359120955175252
macon,2026-05-16,2,2026-05-30,Flu ED visits pct,quantile,0.5,0.18194449496288112
maine,2026-05-16,2,2026-05-30,Flu ED visits pct,quantile,0.5,0.1986245422280379
marietta,2026-05-16,2,2026-05-30,Flu ED visits pct,quantile,0.5,0.08249622459017533
maryland,2026-05-16,2,2026-05-30,Flu ED visits pct,quantile,0.5,0.13567456489938345
massachusetts,2026-05-16,2,2026-05-30,Flu ED visits pct,quantile,0.5,0.14740859316109134
medford,2026-05-16,2,2026-05-30,Flu ED visits pct,quantile,0.5,0.05448286040704318
mesa,2026-05-16,2,2026-05-30,Flu ED visits pct,quantile,0.5,0.10811199123188976
minneapolis,2026-05-16,2,2026-05-30,Flu ED visits pct,quantile,0.5,0.24742136745718252
minnesota,2026-05-16,2,2026-05-30,Flu ED visits pct,quantile,0.5,0.21722569139329653
montgomery,2026-05-16,2,2026-05-30,Flu ED visits pct,quantile,0.5,0.13497324503225092
nenc,2026-05-16,2,2026-05-30,Flu ED visits pct,quantile,0.5,0.14531011777905173
new-bedford,2026-05-16,2,2026-05-30,Flu ED visits pct,quantile,0.5,0.18702096489537623
north-carolina,2026-05-16,2,2026-05-30,Flu ED visits pct,quantile,0.5,0.42607798906693256
nyc,2026-05-16,2,2026-05-30,ILI ED visits pct,quantile,0.5,1.9077234235516525
ogden,2026-05-16,2,2026-05-30,Flu ED visits pct,quantile,0.5,0.12063931229784551
oregon,2026-05-16,2,2026-05-30,Flu ED visits pct,quantile,0.5,0.2568808701695477
pittsfield,2026-05-16,2,2026-05-30,Flu ED visits pct,quantile,0.5,0.080736853066575
portland,2026-05-16,2,2026-05-30,Flu ED visits pct,quantile,0.5,0.19795191705880474
portland-or,2026-05-16,2,2026-05-30,Flu ED visits pct,quantile,0.5,0.2692549957100717
provo,2026-05-16,2,2026-05-30,Flu ED visits pct,quantile,0.5,0.11793790550548212
roanoke,2026-05-16,2,2026-05-30,Flu ED visits pct,quantile,0.5,0.18137649515563659
rochester,2026-05-16,2,2026-05-30,Flu ED visits pct,quantile,0.5,0.0923879644457622
rock-hill,2026-05-16,2,2026-05-30,Flu ED visits pct,quantile,0.5,0.09803200839283269
rtp-area,2026-05-16,2,2026-05-30,Flu ED visits pct,quantile,0.5,0.11458049647606286
salem,2026-05-16,2,2026-05-30,Flu ED visits pct,quantile,0.5,0.18741164241596225
salt-lake-city,2026-05-16,2,2026-05-30,Flu ED visits pct,quantile,0.5,0.11305122793613484
san-antonio,2026-05-16,2,2026-05-30,Flu ED visits pct,quantile,0.5,0.14057249373119313
savannah,2026-05-16,2,2026-05-30,Flu ED visits pct,quantile,0.5,0.029474123595797305
senc,2026-05-16,2,2026-05-30,Flu ED visits pct,quantile,0.5,0.07699562944569505
south-augusta,2026-05-16,2,2026-05-30,Flu ED visits pct,quantile,0.5,0.1223310050424083
south-carolina,2026-05-16,2,2026-05-30,Flu ED visits pct,quantile,0.5,0.14819689429286106
springfield,2026-05-16,2,2026-05-30,Flu ED visits pct,quantile,0.5,0.18294981926567075
st-cloud,2026-05-16,2,2026-05-30,Flu ED visits pct,quantile,0.5,0.10012808822114473
st-paul,2026-05-16,2,2026-05-30,Flu ED visits pct,quantile,0.5,0.31848205183213835
texas,2026-05-16,2,2026-05-30,Flu ED visits pct,quantile,0.5,0.3118921200349271
triad-area,2026-05-16,2,2026-05-30,Flu ED visits pct,quantile,0.5,0.26925136734077
utah,2026-05-16,2,2026-05-30,Flu ED visits pct,quantile,0.5,0.12315832437640396
virginia,2026-05-16,2,2026-05-30,Flu ED visits pct,quantile,0.5,0.18555812324348073
weld,2026-05-16,2,2026-05-30,Flu ED visits pct,quantile,0.5,0.2658290694308912
wnc,2026-05-16,2,2026-05-30,Flu ED visits pct,quantile,0.5,0.1286805037233871
worcester,2026-05-16,2,2026-05-30,Flu ED visits pct,quantile,0.5,0.09021882936108361
athens,2026-05-16,3,2026-06-06,Flu ED visits pct,quantile,0.5,0.08671541239448026
austin,2026-05-16,3,2026-06-06,Flu ED visits pct,quantile,0.5,0.1476271342637099
baltimore,2026-05-16,3,2026-06-06,Flu ED visits pct,quantile,0.5,0.10831051797609283
bangor,2026-05-16,3,2026-06-06,Flu ED visits pct,quantile,0.5,0.10472115573341267
beaumont,2026-05-16,3,2026-06-06,Flu ED visits pct,quantile,0.5,0.23002848875140622
boston,2026-05-16,3,2026-06-06,Flu ED visits pct,quantile,0.5,0.1253660770313863
boulder,2026-05-16,3,2026-06-06,Flu ED visits pct,quantile,0.5,0.19498792514545973
charleston,2026-05-16,3,2026-06-06,Flu ED visits pct,quantile,0.5,0.11078932379014327
cherokee,2026-05-16,3,2026-06-06,Flu ED visits pct,quantile,0.5,0.2050756175766028
clt-area,2026-05-16,3,2026-06-06,Flu ED visits pct,quantile,0.5,0.7505546515204582
colorado,2026-05-16,3,2026-06-06,Flu ED visits pct,quantile,0.5,0.23728311816328135
colorado-springs,2026-05-16,3,2026-06-06,Flu ED visits pct,quantile,0.5,0.25590258601656296
columbia,2026-05-16,3,2026-06-06,Flu ED visits pct,quantile,0.5,0.10925753921052385
columbus,2026-05-16,3,2026-06-06,Flu ED visits pct,quantile,0.5,0.03514542995026078
dallas,2026-05-16,3,2026-06-06,Flu ED visits pct,quantile,0.5,0.14504139741796598
denver,2026-05-16,3,2026-06-06,Flu ED visits pct,quantile,0.5,0.21221467318976284
deschutes,2026-05-16,3,2026-06-06,Flu ED visits pct,quantile,0.5,0.30016371944188325
duluth,2026-05-16,3,2026-06-06,Flu ED visits pct,quantile,0.5,0.12747635870160104
el-paso,2026-05-16,3,2026-06-06,Flu ED visits pct,quantile,0.5,0.9633363252130848
eugene,2026-05-16,3,2026-06-06,Flu ED visits pct,quantile,0.5,0.1332175980880954
fay-area,2026-05-16,3,2026-06-06,Flu ED visits pct,quantile,0.5,0.8105118035321864
florence,2026-05-16,3,2026-06-06,Flu ED visits pct,quantile,0.5,0.11168183200216633
floyd,2026-05-16,3,2026-06-06,Flu ED visits pct,quantile,0.5,0.10584318821472746
frederick,2026-05-16,3,2026-06-06,Flu ED visits pct,quantile,0.5,0.10180826561446697
georgia,2026-05-16,3,2026-06-06,Flu ED visits pct,quantile,0.5,0.1289344693089355
greenville,2026-05-16,3,2026-06-06,Flu ED visits pct,quantile,0.5,0.12504630335111325
hall,2026-05-16,3,2026-06-06,Flu ED visits pct,quantile,0.5,0.08469390969222022
harford,2026-05-16,3,2026-06-06,Flu ED visits pct,quantile,0.5,0.04549449118622314
henry,2026-05-16,3,2026-06-06,Flu ED visits pct,quantile,0.5,0.07338692354144152
horry,2026-05-16,3,2026-06-06,Flu ED visits pct,quantile,0.5,0.1374147948032212
houston,2026-05-16,3,2026-06-06,Flu ED visits pct,quantile,0.5,0.23373936220098165
indiana,2026-05-16,3,2026-06-06,Flu ED visits pct,quantile,0.5,0.08265027339570095
indianapolis,2026-05-16,3,2026-06-06,Flu ED visits pct,quantile,0.5,0.06769885987187221
la-grange,2026-05-16,3,2026-06-06,Flu ED visits pct,quantile,0.5,0.08869527681636706
larimer,2026-05-16,3,2026-06-06,Flu ED visits pct,quantile,0.5,0.12430217257063587
lynn,2026-05-16,3,2026-06-06,Flu ED visits pct,quantile,0.5,0.15287455205161413
macon,2026-05-16,3,2026-06-06,Flu ED visits pct,quantile,0.5,0.17059017740184718
maine,2026-05-16,3,2026-06-06,Flu ED visits pct,quantile,0.5,0.17584469502718889
marietta,2026-05-16,3,2026-06-06,Flu ED visits pct,quantile,0.5,0.07909978573950077
maryland,2026-05-16,3,2026-06-06,Flu ED visits pct,quantile,0.5,0.12640757914380762
massachusetts,2026-05-16,3,2026-06-06,Flu ED visits pct,quantile,0.5,0.1387456032491517
medford,2026-05-16,3,2026-06-06,Flu ED visits pct,quantile,0.5,0.05576046183672182
mesa,2026-05-16,3,2026-06-06,Flu ED visits pct,quantile,0.5,0.10431879024339161
minneapolis,2026-05-16,3,2026-06-06,Flu ED visits pct,quantile,0.5,0.22010185599101945
minnesota,2026-05-16,3,2026-06-06,Flu ED visits pct,quantile,0.5,0.20026202627649342
montgomery,2026-05-16,3,2026-06-06,Flu ED visits pct,quantile,0.5,0.12441457118976391
nenc,2026-05-16,3,2026-06-06,Flu ED visits pct,quantile,0.5,0.13035704736132286
new-bedford,2026-05-16,3,2026-06-06,Flu ED visits pct,quantile,0.5,0.17513228245343027
north-carolina,2026-05-16,3,2026-06-06,Flu ED visits pct,quantile,0.5,0.3715180905846155
nyc,2026-05-16,3,2026-06-06,ILI ED visits pct,quantile,0.5,1.7861926819140368
ogden,2026-05-16,3,2026-06-06,Flu ED visits pct,quantile,0.5,0.1155329524340611
oregon,2026-05-16,3,2026-06-06,Flu ED visits pct,quantile,0.5,0.2334107801905373
pittsfield,2026-05-16,3,2026-06-06,Flu ED visits pct,quantile,0.5,0.08043433898703961
portland,2026-05-16,3,2026-06-06,Flu ED visits pct,quantile,0.5,0.17861233698698467
portland-or,2026-05-16,3,2026-06-06,Flu ED visits pct,quantile,0.5,0.2446678842923185
provo,2026-05-16,3,2026-06-06,Flu ED visits pct,quantile,0.5,0.1106025676930967
roanoke,2026-05-16,3,2026-06-06,Flu ED visits pct,quantile,0.5,0.1710461072703506
rochester,2026-05-16,3,2026-06-06,Flu ED visits pct,quantile,0.5,0.08879969633783077
rock-hill,2026-05-16,3,2026-06-06,Flu ED visits pct,quantile,0.5,0.09000291509234984
rtp-area,2026-05-16,3,2026-06-06,Flu ED visits pct,quantile,0.5,0.1030212593536157
salem,2026-05-16,3,2026-06-06,Flu ED visits pct,quantile,0.5,0.17386949820290948
salt-lake-city,2026-05-16,3,2026-06-06,Flu ED visits pct,quantile,0.5,0.10829577993985949
san-antonio,2026-05-16,3,2026-06-06,Flu ED visits pct,quantile,0.5,0.13345462323082072
savannah,2026-05-16,3,2026-06-06,Flu ED visits pct,quantile,0.5,0.028927289722440484
senc,2026-05-16,3,2026-06-06,Flu ED visits pct,quantile,0.5,0.06962041007459698
south-augusta,2026-05-16,3,2026-06-06,Flu ED visits pct,quantile,0.5,0.1111314128732348
south-carolina,2026-05-16,3,2026-06-06,Flu ED visits pct,quantile,0.5,0.1390298827983965
springfield,2026-05-16,3,2026-06-06,Flu ED visits pct,quantile,0.5,0.16461011547709095
st-cloud,2026-05-16,3,2026-06-06,Flu ED visits pct,quantile,0.5,0.09838603204214158
st-paul,2026-05-16,3,2026-06-06,Flu ED visits pct,quantile,0.5,0.2890309596076965
texas,2026-05-16,3,2026-06-06,Flu ED visits pct,quantile,0.5,0.2954146883799848
triad-area,2026-05-16,3,2026-06-06,Flu ED visits pct,quantile,0.5,0.24517007565205634
utah,2026-05-16,3,2026-06-06,Flu ED visits pct,quantile,0.5,0.11760167766228956
virginia,2026-05-16,3,2026-06-06,Flu ED visits pct,quantile,0.5,0.17746196353916896
weld,2026-05-16,3,2026-06-06,Flu ED visits pct,quantile,0.5,0.24462553035030643
wnc,2026-05-16,3,2026-06-06,Flu ED visits pct,quantile,0.5,0.11159086800094747
worcester,2026-05-16,3,2026-06-06,Flu ED visits pct,quantile,0.5,0.0849423338414527
athens,2026-05-16,0,2026-05-16,Flu ED visits pct,quantile,0.75,0.16836280002304088
austin,2026-05-16,0,2026-05-16,Flu ED visits pct,quantile,0.75,0.2084185957937607
baltimore,2026-05-16,0,2026-05-16,Flu ED visits pct,quantile,0.75,0.17698065482887695
bangor,2026-05-16,0,2026-05-16,Flu ED visits pct,quantile,0.75,0.20774651798968408
beaumont,2026-05-16,0,2026-05-16,Flu ED visits pct,quantile,0.75,0.40389409166278845
boston,2026-05-16,0,2026-05-16,Flu ED visits pct,quantile,0.75,0.22455278744535254
boulder,2026-05-16,0,2026-05-16,Flu ED visits pct,quantile,0.75,0.41531726810617003
charleston,2026-05-16,0,2026-05-16,Flu ED visits pct,quantile,0.75,0.17180400306542448
cherokee,2026-05-16,0,2026-05-16,Flu ED visits pct,quantile,0.75,0.39422267885403733
clt-area,2026-05-16,0,2026-05-16,Flu ED visits pct,quantile,0.75,1.292581739950721
colorado,2026-05-16,0,2026-05-16,Flu ED visits pct,quantile,0.75,0.3954216470914877
colorado-springs,2026-05-16,0,2026-05-16,Flu ED visits pct,quantile,0.75,0.5181404686324017
columbia,2026-05-16,0,2026-05-16,Flu ED visits pct,quantile,0.75,0.21205791106956004
columbus,2026-05-16,0,2026-05-16,Flu ED visits pct,quantile,0.75,0.07386076952560851
dallas,2026-05-16,0,2026-05-16,Flu ED visits pct,quantile,0.75,0.21253818394809898
denver,2026-05-16,0,2026-05-16,Flu ED visits pct,quantile,0.75,0.3578353112221641
deschutes,2026-05-16,0,2026-05-16,Flu ED visits pct,quantile,0.75,0.5599006256563008
duluth,2026-05-16,0,2026-05-16,Flu ED visits pct,quantile,0.75,0.3031761840314863
el-paso,2026-05-16,0,2026-05-16,Flu ED visits pct,quantile,0.75,2.0051952850385546
eugene,2026-05-16,0,2026-05-16,Flu ED visits pct,quantile,0.75,0.25881726540135386
fay-area,2026-05-16,0,2026-05-16,Flu ED visits pct,quantile,0.75,1.2631418563636552
florence,2026-05-16,0,2026-05-16,Flu ED visits pct,quantile,0.75,0.22760023096855966
floyd,2026-05-16,0,2026-05-16,Flu ED visits pct,quantile,0.75,0.21390314132818705
frederick,2026-05-16,0,2026-05-16,Flu ED visits pct,quantile,0.75,0.1865054267101256
georgia,2026-05-16,0,2026-05-16,Flu ED visits pct,quantile,0.75,0.18000511894311041
greenville,2026-05-16,0,2026-05-16,Flu ED visits pct,quantile,0.75,0.2401999712426927
hall,2026-05-16,0,2026-05-16,Flu ED visits pct,quantile,0.75,0.15806241871461696
harford,2026-05-16,0,2026-05-16,Flu ED visits pct,quantile,0.75,0.08576626935288469
henry,2026-05-16,0,2026-05-16,Flu ED visits pct,quantile,0.75,0.14132967461751958
horry,2026-05-16,0,2026-05-16,Flu ED visits pct,quantile,0.75,0.2627566715553564
houston,2026-05-16,0,2026-05-16,Flu ED visits pct,quantile,0.75,0.3453556951552902
indiana,2026-05-16,0,2026-05-16,Flu ED visits pct,quantile,0.75,0.11995755302037102
indianapolis,2026-05-16,0,2026-05-16,Flu ED visits pct,quantile,0.75,0.09769781291517785
la-grange,2026-05-16,0,2026-05-16,Flu ED visits pct,quantile,0.75,0.1987874305933643
larimer,2026-05-16,0,2026-05-16,Flu ED visits pct,quantile,0.75,0.20683490986654135
lynn,2026-05-16,0,2026-05-16,Flu ED visits pct,quantile,0.75,0.264839920910383
macon,2026-05-16,0,2026-05-16,Flu ED visits pct,quantile,0.75,0.316253195018311
maine,2026-05-16,0,2026-05-16,Flu ED visits pct,quantile,0.75,0.34011922544350315
marietta,2026-05-16,0,2026-05-16,Flu ED visits pct,quantile,0.75,0.14599555156662988
maryland,2026-05-16,0,2026-05-16,Flu ED visits pct,quantile,0.75,0.19258608713020692
massachusetts,2026-05-16,0,2026-05-16,Flu ED visits pct,quantile,0.75,0.24053779130233033
medford,2026-05-16,0,2026-05-16,Flu ED visits pct,quantile,0.75,0.12045431044183964
mesa,2026-05-16,0,2026-05-16,Flu ED visits pct,quantile,0.75,0.2470103463392077
minneapolis,2026-05-16,0,2026-05-16,Flu ED visits pct,quantile,0.75,0.3622038251895064
minnesota,2026-05-16,0,2026-05-16,Flu ED visits pct,quantile,0.75,0.30561000829856033
montgomery,2026-05-16,0,2026-05-16,Flu ED visits pct,quantile,0.75,0.19372850889267196
nenc,2026-05-16,0,2026-05-16,Flu ED visits pct,quantile,0.75,0.20014013669434938
new-bedford,2026-05-16,0,2026-05-16,Flu ED visits pct,quantile,0.75,0.3286883052484141
north-carolina,2026-05-16,0,2026-05-16,Flu ED visits pct,quantile,0.75,0.6330889104009827
nyc,2026-05-16,0,2026-05-16,ILI ED visits pct,quantile,0.75,2.231291286944469
ogden,2026-05-16,0,2026-05-16,Flu ED visits pct,quantile,0.75,0.19334122373226195
oregon,2026-05-16,0,2026-05-16,Flu ED visits pct,quantile,0.75,0.36512924224482074
pittsfield,2026-05-16,0,2026-05-16,Flu ED visits pct,quantile,0.75,0.14167681424669631
portland,2026-05-16,0,2026-05-16,Flu ED visits pct,quantile,0.75,0.4137307588327477
portland-or,2026-05-16,0,2026-05-16,Flu ED visits pct,quantile,0.75,0.4033149987363202
provo,2026-05-16,0,2026-05-16,Flu ED visits pct,quantile,0.75,0.1966026276015722
roanoke,2026-05-16,0,2026-05-16,Flu ED visits pct,quantile,0.75,0.27348197188341605
rochester,2026-05-16,0,2026-05-16,Flu ED visits pct,quantile,0.75,0.15311110346271348
rock-hill,2026-05-16,0,2026-05-16,Flu ED visits pct,quantile,0.75,0.2299099818980564
rtp-area,2026-05-16,0,2026-05-16,Flu ED visits pct,quantile,0.75,0.1578680338058321
salem,2026-05-16,0,2026-05-16,Flu ED visits pct,quantile,0.75,0.3270995606650564
salt-lake-city,2026-05-16,0,2026-05-16,Flu ED visits pct,quantile,0.75,0.150271196881597
san-antonio,2026-05-16,0,2026-05-16,Flu ED visits pct,quantile,0.75,0.19688883493246334
savannah,2026-05-16,0,2026-05-16,Flu ED visits pct,quantile,0.75,0.04824442896442708
senc,2026-05-16,0,2026-05-16,Flu ED visits pct,quantile,0.75,0.14288196949385812
south-augusta,2026-05-16,0,2026-05-16,Flu ED visits pct,quantile,0.75,0.21553693945114816
south-carolina,2026-05-16,0,2026-05-16,Flu ED visits pct,quantile,0.75,0.20654584944353863
springfield,2026-05-16,0,2026-05-16,Flu ED visits pct,quantile,0.75,0.39056688263600725
st-cloud,2026-05-16,0,2026-05-16,Flu ED visits pct,quantile,0.75,0.20549557211732095
st-paul,2026-05-16,0,2026-05-16,Flu ED visits pct,quantile,0.75,0.4797760907512137
texas,2026-05-16,0,2026-05-16,Flu ED visits pct,quantile,0.75,0.3748442719405477
triad-area,2026-05-16,0,2026-05-16,Flu ED visits pct,quantile,0.75,0.3819936205125369
utah,2026-05-16,0,2026-05-16,Flu ED visits pct,quantile,0.75,0.16113327174105627
virginia,2026-05-16,0,2026-05-16,Flu ED visits pct,quantile,0.75,0.2438148720781883
weld,2026-05-16,0,2026-05-16,Flu ED visits pct,quantile,0.75,0.4791665675853511
wnc,2026-05-16,0,2026-05-16,Flu ED visits pct,quantile,0.75,0.20795723004255517
worcester,2026-05-16,0,2026-05-16,Flu ED visits pct,quantile,0.75,0.2042872805792434
athens,2026-05-16,1,2026-05-23,Flu ED visits pct,quantile,0.75,0.15390865367739334
austin,2026-05-16,1,2026-05-23,Flu ED visits pct,quantile,0.75,0.1976689418634369
baltimore,2026-05-16,1,2026-05-23,Flu ED visits pct,quantile,0.75,0.16006723289642075
bangor,2026-05-16,1,2026-05-23,Flu ED visits pct,quantile,0.75,0.19378456469535313
beaumont,2026-05-16,1,2026-05-23,Flu ED visits pct,quantile,0.75,0.36727654424676565
boston,2026-05-16,1,2026-05-23,Flu ED visits pct,quantile,0.75,0.20246739430723876
boulder,2026-05-16,1,2026-05-23,Flu ED visits pct,quantile,0.75,0.3788902641851623
charleston,2026-05-16,1,2026-05-23,Flu ED visits pct,quantile,0.75,0.1595520566898527
cherokee,2026-05-16,1,2026-05-23,Flu ED visits pct,quantile,0.75,0.35517826809062225
clt-area,2026-05-16,1,2026-05-23,Flu ED visits pct,quantile,0.75,1.190684549845118
colorado,2026-05-16,1,2026-05-23,Flu ED visits pct,quantile,0.75,0.3664956177726013
colorado-springs,2026-05-16,1,2026-05-23,Flu ED visits pct,quantile,0.75,0.4549147190402493
columbia,2026-05-16,1,2026-05-23,Flu ED visits pct,quantile,0.75,0.1903336979482676
columbus,2026-05-16,1,2026-05-23,Flu ED visits pct,quantile,0.75,0.07415096671442145
dallas,2026-05-16,1,2026-05-23,Flu ED visits pct,quantile,0.75,0.19702276886244077
denver,2026-05-16,1,2026-05-23,Flu ED visits pct,quantile,0.75,0.3288437546289604
deschutes,2026-05-16,1,2026-05-23,Flu ED visits pct,quantile,0.75,0.5197450761450373
duluth,2026-05-16,1,2026-05-23,Flu ED visits pct,quantile,0.75,0.2722208586635327
el-paso,2026-05-16,1,2026-05-23,Flu ED visits pct,quantile,0.75,1.8243304955724762
eugene,2026-05-16,1,2026-05-23,Flu ED visits pct,quantile,0.75,0.2355290772225566
fay-area,2026-05-16,1,2026-05-23,Flu ED visits pct,quantile,0.75,1.1476492586533065
florence,2026-05-16,1,2026-05-23,Flu ED visits pct,quantile,0.75,0.20779480112960486
floyd,2026-05-16,1,2026-05-23,Flu ED visits pct,quantile,0.75,0.1950048526314848
frederick,2026-05-16,1,2026-05-23,Flu ED visits pct,quantile,0.75,0.18309803587813356
georgia,2026-05-16,1,2026-05-23,Flu ED visits pct,quantile,0.75,0.16752881397074817
greenville,2026-05-16,1,2026-05-23,Flu ED visits pct,quantile,0.75,0.21161848287607585
hall,2026-05-16,1,2026-05-23,Flu ED visits pct,quantile,0.75,0.14693464212012797
harford,2026-05-16,1,2026-05-23,Flu ED visits pct,quantile,0.75,0.0812292012576283
henry,2026-05-16,1,2026-05-23,Flu ED visits pct,quantile,0.75,0.12890281951015653
horry,2026-05-16,1,2026-05-23,Flu ED visits pct,quantile,0.75,0.23579972384523037
houston,2026-05-16,1,2026-05-23,Flu ED visits pct,quantile,0.75,0.3195689883023189
indiana,2026-05-16,1,2026-05-23,Flu ED visits pct,quantile,0.75,0.11335414123114387
indianapolis,2026-05-16,1,2026-05-23,Flu ED visits pct,quantile,0.75,0.09499365784371915
la-grange,2026-05-16,1,2026-05-23,Flu ED visits pct,quantile,0.75,0.18418249546447688
larimer,2026-05-16,1,2026-05-23,Flu ED visits pct,quantile,0.75,0.1945998761508579
lynn,2026-05-16,1,2026-05-23,Flu ED visits pct,quantile,0.75,0.24165213261460744
macon,2026-05-16,1,2026-05-23,Flu ED visits pct,quantile,0.75,0.28919392588376225
maine,2026-05-16,1,2026-05-23,Flu ED visits pct,quantile,0.75,0.30852945176281726
marietta,2026-05-16,1,2026-05-23,Flu ED visits pct,quantile,0.75,0.13629492067140764
maryland,2026-05-16,1,2026-05-23,Flu ED visits pct,quantile,0.75,0.17693278179642022
massachusetts,2026-05-16,1,2026-05-23,Flu ED visits pct,quantile,0.75,0.22021168482750128
medford,2026-05-16,1,2026-05-23,Flu ED visits pct,quantile,0.75,0.11463806720426169
mesa,2026-05-16,1,2026-05-23,Flu ED visits pct,quantile,0.75,0.2488899852975402
minneapolis,2026-05-16,1,2026-05-23,Flu ED visits pct,quantile,0.75,0.3291166798412265
minnesota,2026-05-16,1,2026-05-23,Flu ED visits pct,quantile,0.75,0.2793325029625183
montgomery,2026-05-16,1,2026-05-23,Flu ED visits pct,quantile,0.75,0.17778339245204566
nenc,2026-05-16,1,2026-05-23,Flu ED visits pct,quantile,0.75,0.18251649550507534
new-bedford,2026-05-16,1,2026-05-23,Flu ED visits pct,quantile,0.75,0.2950155876375591
north-carolina,2026-05-16,1,2026-05-23,Flu ED visits pct,quantile,0.75,0.5755774868858946
nyc,2026-05-16,1,2026-05-23,ILI ED visits pct,quantile,0.75,2.166167137479564
ogden,2026-05-16,1,2026-05-23,Flu ED visits pct,quantile,0.75,0.1851381440702086
oregon,2026-05-16,1,2026-05-23,Flu ED visits pct,quantile,0.75,0.33804069491901023
pittsfield,2026-05-16,1,2026-05-23,Flu ED visits pct,quantile,0.75,0.13590881592188436
portland,2026-05-16,1,2026-05-23,Flu ED visits pct,quantile,0.75,0.3638506368364392
portland-or,2026-05-16,1,2026-05-23,Flu ED visits pct,quantile,0.75,0.37267131431647327
provo,2026-05-16,1,2026-05-23,Flu ED visits pct,quantile,0.75,0.18121691919995517
roanoke,2026-05-16,1,2026-05-23,Flu ED visits pct,quantile,0.75,0.2522696278368532
rochester,2026-05-16,1,2026-05-23,Flu ED visits pct,quantile,0.75,0.14281729142984892
rock-hill,2026-05-16,1,2026-05-23,Flu ED visits pct,quantile,0.75,0.2046332034780891
rtp-area,2026-05-16,1,2026-05-23,Flu ED visits pct,quantile,0.75,0.14457199201447504
salem,2026-05-16,1,2026-05-23,Flu ED visits pct,quantile,0.75,0.29889112154945446
salt-lake-city,2026-05-16,1,2026-05-23,Flu ED visits pct,quantile,0.75,0.14000965678430174
san-antonio,2026-05-16,1,2026-05-23,Flu ED visits pct,quantile,0.75,0.18425751823562644
savannah,2026-05-16,1,2026-05-23,Flu ED visits pct,quantile,0.75,0.04543382250780317
senc,2026-05-16,1,2026-05-23,Flu ED visits pct,quantile,0.75,0.12619478476212867
south-augusta,2026-05-16,1,2026-05-23,Flu ED visits pct,quantile,0.75,0.19381180842765902
south-carolina,2026-05-16,1,2026-05-23,Flu ED visits pct,quantile,0.75,0.19400347147731029
springfield,2026-05-16,1,2026-05-23,Flu ED visits pct,quantile,0.75,0.3392044647826093
st-cloud,2026-05-16,1,2026-05-23,Flu ED visits pct,quantile,0.75,0.19395052247921532
st-paul,2026-05-16,1,2026-05-23,Flu ED visits pct,quantile,0.75,0.43461949681993217
texas,2026-05-16,1,2026-05-23,Flu ED visits pct,quantile,0.75,0.35585594447820684
triad-area,2026-05-16,1,2026-05-23,Flu ED visits pct,quantile,0.75,0.3520176731325177
utah,2026-05-16,1,2026-05-23,Flu ED visits pct,quantile,0.75,0.15138991410364908
virginia,2026-05-16,1,2026-05-23,Flu ED visits pct,quantile,0.75,0.23043467040641874
weld,2026-05-16,1,2026-05-23,Flu ED visits pct,quantile,0.75,0.44275091944320777
wnc,2026-05-16,1,2026-05-23,Flu ED visits pct,quantile,0.75,0.18516312921044292
worcester,2026-05-16,1,2026-05-23,Flu ED visits pct,quantile,0.75,0.18682235353270119
athens,2026-05-16,2,2026-05-30,Flu ED visits pct,quantile,0.75,0.14204861838747104
austin,2026-05-16,2,2026-05-30,Flu ED visits pct,quantile,0.75,0.1945916406818811
baltimore,2026-05-16,2,2026-05-30,Flu ED visits pct,quantile,0.75,0.15035064648514485
bangor,2026-05-16,2,2026-05-30,Flu ED visits pct,quantile,0.75,0.17856094180708676
beaumont,2026-05-16,2,2026-05-30,Flu ED visits pct,quantile,0.75,0.33710288869576777
boston,2026-05-16,2,2026-05-30,Flu ED visits pct,quantile,0.75,0.1877580178713835
boulder,2026-05-16,2,2026-05-30,Flu ED visits pct,quantile,0.75,0.3505995335651906
charleston,2026-05-16,2,2026-05-30,Flu ED visits pct,quantile,0.75,0.14992985588147478
cherokee,2026-05-16,2,2026-05-30,Flu ED visits pct,quantile,0.75,0.3259366808820258
clt-area,2026-05-16,2,2026-05-30,Flu ED visits pct,quantile,0.75,1.0659622018296138
colorado,2026-05-16,2,2026-05-30,Flu ED visits pct,quantile,0.75,0.3396756680499486
colorado-springs,2026-05-16,2,2026-05-30,Flu ED visits pct,quantile,0.75,0.4091568755599799
columbia,2026-05-16,2,2026-05-30,Flu ED visits pct,quantile,0.75,0.1757315714056457
columbus,2026-05-16,2,2026-05-30,Flu ED visits pct,quantile,0.75,0.07514574904742723
dallas,2026-05-16,2,2026-05-30,Flu ED visits pct,quantile,0.75,0.1878998310452141
denver,2026-05-16,2,2026-05-30,Flu ED visits pct,quantile,0.75,0.30598928763845085
deschutes,2026-05-16,2,2026-05-30,Flu ED visits pct,quantile,0.75,0.4922472810056099
duluth,2026-05-16,2,2026-05-30,Flu ED visits pct,quantile,0.75,0.24576878391321072
el-paso,2026-05-16,2,2026-05-30,Flu ED visits pct,quantile,0.75,1.628887577601023
eugene,2026-05-16,2,2026-05-30,Flu ED visits pct,quantile,0.75,0.21867738256396416
fay-area,2026-05-16,2,2026-05-30,Flu ED visits pct,quantile,0.75,1.0776346174713038
florence,2026-05-16,2,2026-05-30,Flu ED visits pct,quantile,0.75,0.19419458861092395
floyd,2026-05-16,2,2026-05-30,Flu ED visits pct,quantile,0.75,0.17967695221937433
frederick,2026-05-16,2,2026-05-30,Flu ED visits pct,quantile,0.75,0.19085210570023428
georgia,2026-05-16,2,2026-05-30,Flu ED visits pct,quantile,0.75,0.15980851172039107
greenville,2026-05-16,2,2026-05-30,Flu ED visits pct,quantile,0.75,0.1918190095434418
hall,2026-05-16,2,2026-05-30,Flu ED visits pct,quantile,0.75,0.13926208798084203
harford,2026-05-16,2,2026-05-30,Flu ED visits pct,quantile,0.75,0.07977104803830955
henry,2026-05-16,2,2026-05-30,Flu ED visits pct,quantile,0.75,0.12030736294051937
horry,2026-05-16,2,2026-05-30,Flu ED visits pct,quantile,0.75,0.21948698869393032
houston,2026-05-16,2,2026-05-30,Flu ED visits pct,quantile,0.75,0.3014161007439694
indiana,2026-05-16,2,2026-05-30,Flu ED visits pct,quantile,0.75,0.113755735284643
indianapolis,2026-05-16,2,2026-05-30,Flu ED visits pct,quantile,0.75,0.09540732458660499
la-grange,2026-05-16,2,2026-05-30,Flu ED visits pct,quantile,0.75,0.1702431504772653
larimer,2026-05-16,2,2026-05-30,Flu ED visits pct,quantile,0.75,0.18489266857304315
lynn,2026-05-16,2,2026-05-30,Flu ED visits pct,quantile,0.75,0.22335043644784744
macon,2026-05-16,2,2026-05-30,Flu ED visits pct,quantile,0.75,0.26806071068138865
maine,2026-05-16,2,2026-05-30,Flu ED visits pct,quantile,0.75,0.28103171262297993
marietta,2026-05-16,2,2026-05-30,Flu ED visits pct,quantile,0.75,0.12842578313477288
maryland,2026-05-16,2,2026-05-30,Flu ED visits pct,quantile,0.75,0.16717271354903054
massachusetts,2026-05-16,2,2026-05-30,Flu ED visits pct,quantile,0.75,0.2064436015427724
medford,2026-05-16,2,2026-05-30,Flu ED visits pct,quantile,0.75,0.11547555718624432
mesa,2026-05-16,2,2026-05-30,Flu ED visits pct,quantile,0.75,0.24000173199046393
minneapolis,2026-05-16,2,2026-05-30,Flu ED visits pct,quantile,0.75,0.30254806678313284
minnesota,2026-05-16,2,2026-05-30,Flu ED visits pct,quantile,0.75,0.2603469947614023
montgomery,2026-05-16,2,2026-05-30,Flu ED visits pct,quantile,0.75,0.1680148150901309
nenc,2026-05-16,2,2026-05-30,Flu ED visits pct,quantile,0.75,0.16992139250298918
new-bedford,2026-05-16,2,2026-05-30,Flu ED visits pct,quantile,0.75,0.27042461292976677
north-carolina,2026-05-16,2,2026-05-30,Flu ED visits pct,quantile,0.75,0.5299157072706012
nyc,2026-05-16,2,2026-05-30,ILI ED visits pct,quantile,0.75,2.0757870109602763
ogden,2026-05-16,2,2026-05-30,Flu ED visits pct,quantile,0.75,0.17617250628844136
oregon,2026-05-16,2,2026-05-30,Flu ED visits pct,quantile,0.75,0.3188395265013399
pittsfield,2026-05-16,2,2026-05-30,Flu ED visits pct,quantile,0.75,0.13830187438847247
portland,2026-05-16,2,2026-05-30,Flu ED visits pct,quantile,0.75,0.32369572152281284
portland-or,2026-05-16,2,2026-05-30,Flu ED visits pct,quantile,0.75,0.35148130685845197
provo,2026-05-16,2,2026-05-30,Flu ED visits pct,quantile,0.75,0.16985999730108228
roanoke,2026-05-16,2,2026-05-30,Flu ED visits pct,quantile,0.75,0.23542626903338748
rochester,2026-05-16,2,2026-05-30,Flu ED visits pct,quantile,0.75,0.13711602793002292
rock-hill,2026-05-16,2,2026-05-30,Flu ED visits pct,quantile,0.75,0.18689346761444056
rtp-area,2026-05-16,2,2026-05-30,Flu ED visits pct,quantile,0.75,0.13346616071671838
salem,2026-05-16,2,2026-05-30,Flu ED visits pct,quantile,0.75,0.27710583131992134
salt-lake-city,2026-05-16,2,2026-05-30,Flu ED visits pct,quantile,0.75,0.135775744684166
san-antonio,2026-05-16,2,2026-05-30,Flu ED visits pct,quantile,0.75,0.17557113055273357
savannah,2026-05-16,2,2026-05-30,Flu ED visits pct,quantile,0.75,0.04489307111551629
senc,2026-05-16,2,2026-05-30,Flu ED visits pct,quantile,0.75,0.11264553637495564
south-augusta,2026-05-16,2,2026-05-30,Flu ED visits pct,quantile,0.75,0.17661357352854148
south-carolina,2026-05-16,2,2026-05-30,Flu ED visits pct,quantile,0.75,0.18049296780249693
springfield,2026-05-16,2,2026-05-30,Flu ED visits pct,quantile,0.75,0.2985809868420491
st-cloud,2026-05-16,2,2026-05-30,Flu ED visits pct,quantile,0.75,0.19097287120581447
st-paul,2026-05-16,2,2026-05-30,Flu ED visits pct,quantile,0.75,0.3982316616395495
texas,2026-05-16,2,2026-05-30,Flu ED visits pct,quantile,0.75,0.34762818925141914
triad-area,2026-05-16,2,2026-05-30,Flu ED visits pct,quantile,0.75,0.3240632242931364
utah,2026-05-16,2,2026-05-30,Flu ED visits pct,quantile,0.75,0.14596570626915398
virginia,2026-05-16,2,2026-05-30,Flu ED visits pct,quantile,0.75,0.2231653880112579
weld,2026-05-16,2,2026-05-30,Flu ED visits pct,quantile,0.75,0.41118097046471674
wnc,2026-05-16,2,2026-05-30,Flu ED visits pct,quantile,0.75,0.16430898061742708
worcester,2026-05-16,2,2026-05-30,Flu ED visits pct,quantile,0.75,0.1756612244809696
athens,2026-05-16,3,2026-06-06,Flu ED visits pct,quantile,0.75,0.13732427649954462
austin,2026-05-16,3,2026-06-06,Flu ED visits pct,quantile,0.75,0.19016722347980375
baltimore,2026-05-16,3,2026-06-06,Flu ED visits pct,quantile,0.75,0.14547967751146784
bangor,2026-05-16,3,2026-06-06,Flu ED visits pct,quantile,0.75,0.17257586945670558
beaumont,2026-05-16,3,2026-06-06,Flu ED visits pct,quantile,0.75,0.32468738963306404
boston,2026-05-16,3,2026-06-06,Flu ED visits pct,quantile,0.75,0.18038102502668504
boulder,2026-05-16,3,2026-06-06,Flu ED visits pct,quantile,0.75,0.3388205002128545
charleston,2026-05-16,3,2026-06-06,Flu ED visits pct,quantile,0.75,0.14687156966190237
cherokee,2026-05-16,3,2026-06-06,Flu ED visits pct,quantile,0.75,0.3146721221756288
clt-area,2026-05-16,3,2026-06-06,Flu ED visits pct,quantile,0.75,1.0221038921512227
colorado,2026-05-16,3,2026-06-06,Flu ED visits pct,quantile,0.75,0.32706880907296876
colorado-springs,2026-05-16,3,2026-06-06,Flu ED visits pct,quantile,0.75,0.39202890618387265
columbia,2026-05-16,3,2026-06-06,Flu ED visits pct,quantile,0.75,0.16999550381143727
columbus,2026-05-16,3,2026-06-06,Flu ED visits pct,quantile,0.75,0.08550437710232503
dallas,2026-05-16,3,2026-06-06,Flu ED visits pct,quantile,0.75,0.18497121547821863
denver,2026-05-16,3,2026-06-06,Flu ED visits pct,quantile,0.75,0.2958052310518634
deschutes,2026-05-16,3,2026-06-06,Flu ED visits pct,quantile,0.75,0.48220384765160595
duluth,2026-05-16,3,2026-06-06,Flu ED visits pct,quantile,0.75,0.2350737561341916
el-paso,2026-05-16,3,2026-06-06,Flu ED visits pct,quantile,0.75,1.5173301222518558
eugene,2026-05-16,3,2026-06-06,Flu ED visits pct,quantile,0.75,0.21408655039141436
fay-area,2026-05-16,3,2026-06-06,Flu ED visits pct,quantile,0.75,1.0288891295352856
florence,2026-05-16,3,2026-06-06,Flu ED visits pct,quantile,0.75,0.19021669091867388
floyd,2026-05-16,3,2026-06-06,Flu ED visits pct,quantile,0.75,0.17382043654885404
frederick,2026-05-16,3,2026-06-06,Flu ED visits pct,quantile,0.75,0.21194350068087425
georgia,2026-05-16,3,2026-06-06,Flu ED visits pct,quantile,0.75,0.15707266764549946
greenville,2026-05-16,3,2026-06-06,Flu ED visits pct,quantile,0.75,0.18071988610360026
hall,2026-05-16,3,2026-06-06,Flu ED visits pct,quantile,0.75,0.13524982007037584
harford,2026-05-16,3,2026-06-06,Flu ED visits pct,quantile,0.75,0.08064154364300871
henry,2026-05-16,3,2026-06-06,Flu ED visits pct,quantile,0.75,0.11877390306823667
horry,2026-05-16,3,2026-06-06,Flu ED visits pct,quantile,0.75,0.21228332123422033
houston,2026-05-16,3,2026-06-06,Flu ED visits pct,quantile,0.75,0.3003814561391322
indiana,2026-05-16,3,2026-06-06,Flu ED visits pct,quantile,0.75,0.12417985930041052
indianapolis,2026-05-16,3,2026-06-06,Flu ED visits pct,quantile,0.75,0.09603405441402864
la-grange,2026-05-16,3,2026-06-06,Flu ED visits pct,quantile,0.75,0.1660794157904226
larimer,2026-05-16,3,2026-06-06,Flu ED visits pct,quantile,0.75,0.18006996969596478
lynn,2026-05-16,3,2026-06-06,Flu ED visits pct,quantile,0.75,0.21500543739076936
macon,2026-05-16,3,2026-06-06,Flu ED visits pct,quantile,0.75,0.26320295959498563
maine,2026-05-16,3,2026-06-06,Flu ED visits pct,quantile,0.75,0.268076049635907
marietta,2026-05-16,3,2026-06-06,Flu ED visits pct,quantile,0.75,0.12578494453173178
maryland,2026-05-16,3,2026-06-06,Flu ED visits pct,quantile,0.75,0.1651549382780162
massachusetts,2026-05-16,3,2026-06-06,Flu ED visits pct,quantile,0.75,0.20132112031272872
medford,2026-05-16,3,2026-06-06,Flu ED visits pct,quantile,0.75,0.11931753091777549
mesa,2026-05-16,3,2026-06-06,Flu ED visits pct,quantile,0.75,0.23830933729073736
minneapolis,2026-05-16,3,2026-06-06,Flu ED visits pct,quantile,0.75,0.2883186468493486
minnesota,2026-05-16,3,2026-06-06,Flu ED visits pct,quantile,0.75,0.2508944809028087
montgomery,2026-05-16,3,2026-06-06,Flu ED visits pct,quantile,0.75,0.16436945881580015
nenc,2026-05-16,3,2026-06-06,Flu ED visits pct,quantile,0.75,0.16430144873021657
new-bedford,2026-05-16,3,2026-06-06,Flu ED visits pct,quantile,0.75,0.25841937217935906
north-carolina,2026-05-16,3,2026-06-06,Flu ED visits pct,quantile,0.75,0.49322646963968386
nyc,2026-05-16,3,2026-06-06,ILI ED visits pct,quantile,0.75,2.0165328386872736
ogden,2026-05-16,3,2026-06-06,Flu ED visits pct,quantile,0.75,0.1743392158821992
oregon,2026-05-16,3,2026-06-06,Flu ED visits pct,quantile,0.75,0.31256789290248627
pittsfield,2026-05-16,3,2026-06-06,Flu ED visits pct,quantile,0.75,0.14619548638019503
portland,2026-05-16,3,2026-06-06,Flu ED visits pct,quantile,0.75,0.30622324892251257
portland-or,2026-05-16,3,2026-06-06,Flu ED visits pct,quantile,0.75,0.3431989643655297
provo,2026-05-16,3,2026-06-06,Flu ED visits pct,quantile,0.75,0.1647915229825466
roanoke,2026-05-16,3,2026-06-06,Flu ED visits pct,quantile,0.75,0.22867800450097553
rochester,2026-05-16,3,2026-06-06,Flu ED visits pct,quantile,0.75,0.13589938640062788
rock-hill,2026-05-16,3,2026-06-06,Flu ED visits pct,quantile,0.75,0.17821268365492526
rtp-area,2026-05-16,3,2026-06-06,Flu ED visits pct,quantile,0.75,0.12804034500570005
salem,2026-05-16,3,2026-06-06,Flu ED visits pct,quantile,0.75,0.2685921872670286
salt-lake-city,2026-05-16,3,2026-06-06,Flu ED visits pct,quantile,0.75,0.13388595827650185
san-antonio,2026-05-16,3,2026-06-06,Flu ED visits pct,quantile,0.75,0.17410587463116767
savannah,2026-05-16,3,2026-06-06,Flu ED visits pct,quantile,0.75,0.047782349462094996
senc,2026-05-16,3,2026-06-06,Flu ED visits pct,quantile,0.75,0.10738677786142609
south-augusta,2026-05-16,3,2026-06-06,Flu ED visits pct,quantile,0.75,0.16903597097561118
south-carolina,2026-05-16,3,2026-06-06,Flu ED visits pct,quantile,0.75,0.17866369979185182
springfield,2026-05-16,3,2026-06-06,Flu ED visits pct,quantile,0.75,0.28327643101897587
st-cloud,2026-05-16,3,2026-06-06,Flu ED visits pct,quantile,0.75,0.18827744038567498
st-paul,2026-05-16,3,2026-06-06,Flu ED visits pct,quantile,0.75,0.3852339266491325
texas,2026-05-16,3,2026-06-06,Flu ED visits pct,quantile,0.75,0.341990795989302
triad-area,2026-05-16,3,2026-06-06,Flu ED visits pct,quantile,0.75,0.31167158847075765
utah,2026-05-16,3,2026-06-06,Flu ED visits pct,quantile,0.75,0.1442736301354097
virginia,2026-05-16,3,2026-06-06,Flu ED visits pct,quantile,0.75,0.22238769584284585
weld,2026-05-16,3,2026-06-06,Flu ED visits pct,quantile,0.75,0.40216204831820057
wnc,2026-05-16,3,2026-06-06,Flu ED visits pct,quantile,0.75,0.15634128173431822
worcester,2026-05-16,3,2026-06-06,Flu ED visits pct,quantile,0.75,0.17168628900590202
athens,2026-05-16,0,2026-05-16,Flu ED visits pct,quantile,0.9,0.21932929725326483
austin,2026-05-16,0,2026-05-16,Flu ED visits pct,quantile,0.9,0.22146574754121826
baltimore,2026-05-16,0,2026-05-16,Flu ED visits pct,quantile,0.9,0.20993300963826406
bangor,2026-05-16,0,2026-05-16,Flu ED visits pct,quantile,0.9,0.25574275606098407
beaumont,2026-05-16,0,2026-05-16,Flu ED visits pct,quantile,0.9,0.4977639738393965
boston,2026-05-16,0,2026-05-16,Flu ED visits pct,quantile,0.9,0.25276679406058844
boulder,2026-05-16,0,2026-05-16,Flu ED visits pct,quantile,0.9,0.5307043055953142
charleston,2026-05-16,0,2026-05-16,Flu ED visits pct,quantile,0.9,0.21003497946736369
cherokee,2026-05-16,0,2026-05-16,Flu ED visits pct,quantile,0.9,0.49122711968728205
clt-area,2026-05-16,0,2026-05-16,Flu ED visits pct,quantile,0.9,1.3639775914478605
colorado,2026-05-16,0,2026-05-16,Flu ED visits pct,quantile,0.9,0.4296702264118777
colorado-springs,2026-05-16,0,2026-05-16,Flu ED visits pct,quantile,0.9,0.6263372011931932
columbia,2026-05-16,0,2026-05-16,Flu ED visits pct,quantile,0.9,0.2749929595768157
columbus,2026-05-16,0,2026-05-16,Flu ED visits pct,quantile,0.9,0.15752568168924774
dallas,2026-05-16,0,2026-05-16,Flu ED visits pct,quantile,0.9,0.23851112314637932
denver,2026-05-16,0,2026-05-16,Flu ED visits pct,quantile,0.9,0.3995858896010761
deschutes,2026-05-16,0,2026-05-16,Flu ED visits pct,quantile,0.9,0.7368023784879802
duluth,2026-05-16,0,2026-05-16,Flu ED visits pct,quantile,0.9,0.36238523030488023
el-paso,2026-05-16,0,2026-05-16,Flu ED visits pct,quantile,0.9,2.248825068524533
eugene,2026-05-16,0,2026-05-16,Flu ED visits pct,quantile,0.9,0.3236165113251077
fay-area,2026-05-16,0,2026-05-16,Flu ED visits pct,quantile,0.9,1.397837468453944
florence,2026-05-16,0,2026-05-16,Flu ED visits pct,quantile,0.9,0.33090920879286034
floyd,2026-05-16,0,2026-05-16,Flu ED visits pct,quantile,0.9,0.27251148607787584
frederick,2026-05-16,0,2026-05-16,Flu ED visits pct,quantile,0.9,0.27303856328168713
georgia,2026-05-16,0,2026-05-16,Flu ED visits pct,quantile,0.9,0.20280781351959015
greenville,2026-05-16,0,2026-05-16,Flu ED visits pct,quantile,0.9,0.2907000655864759
hall,2026-05-16,0,2026-05-16,Flu ED visits pct,quantile,0.9,0.19902526710849397
harford,2026-05-16,0,2026-05-16,Flu ED visits pct,quantile,0.9,0.10791838514532118
henry,2026-05-16,0,2026-05-16,Flu ED visits pct,quantile,0.9,0.17799011425846156
horry,2026-05-16,0,2026-05-16,Flu ED visits pct,quantile,0.9,0.32750613820177904
houston,2026-05-16,0,2026-05-16,Flu ED visits pct,quantile,0.9,0.3788212520046123
indiana,2026-05-16,0,2026-05-16,Flu ED visits pct,quantile,0.9,0.14576658753692093
indianapolis,2026-05-16,0,2026-05-16,Flu ED visits pct,quantile,0.9,0.13412894216694723
la-grange,2026-05-16,0,2026-05-16,Flu ED visits pct,quantile,0.9,0.2641872729072348
larimer,2026-05-16,0,2026-05-16,Flu ED visits pct,quantile,0.9,0.25382504558723307
lynn,2026-05-16,0,2026-05-16,Flu ED visits pct,quantile,0.9,0.3213569477424129
macon,2026-05-16,0,2026-05-16,Flu ED visits pct,quantile,0.9,0.40825444326692667
maine,2026-05-16,0,2026-05-16,Flu ED visits pct,quantile,0.9,0.38766790860975736
marietta,2026-05-16,0,2026-05-16,Flu ED visits pct,quantile,0.9,0.1843318230097642
maryland,2026-05-16,0,2026-05-16,Flu ED visits pct,quantile,0.9,0.2156281881669257
massachusetts,2026-05-16,0,2026-05-16,Flu ED visits pct,quantile,0.9,0.2716120080730839
medford,2026-05-16,0,2026-05-16,Flu ED visits pct,quantile,0.9,0.21493920537403424
mesa,2026-05-16,0,2026-05-16,Flu ED visits pct,quantile,0.9,0.3697676152821697
minneapolis,2026-05-16,0,2026-05-16,Flu ED visits pct,quantile,0.9,0.400457835033629
minnesota,2026-05-16,0,2026-05-16,Flu ED visits pct,quantile,0.9,0.3379128471879795
montgomery,2026-05-16,0,2026-05-16,Flu ED visits pct,quantile,0.9,0.2271379952553139
nenc,2026-05-16,0,2026-05-16,Flu ED visits pct,quantile,0.9,0.24743866665308567
new-bedford,2026-05-16,0,2026-05-16,Flu ED visits pct,quantile,0.9,0.4005533229708007
north-carolina,2026-05-16,0,2026-05-16,Flu ED visits pct,quantile,0.9,0.6818748880106733
nyc,2026-05-16,0,2026-05-16,ILI ED visits pct,quantile,0.9,2.356811380745507
ogden,2026-05-16,0,2026-05-16,Flu ED visits pct,quantile,0.9,0.24183350398655112
oregon,2026-05-16,0,2026-05-16,Flu ED visits pct,quantile,0.9,0.410985345394172
pittsfield,2026-05-16,0,2026-05-16,Flu ED visits pct,quantile,0.9,0.2454881802431898
portland,2026-05-16,0,2026-05-16,Flu ED visits pct,quantile,0.9,0.49540994183322473
portland-or,2026-05-16,0,2026-05-16,Flu ED visits pct,quantile,0.9,0.47112082205007616
provo,2026-05-16,0,2026-05-16,Flu ED visits pct,quantile,0.9,0.237655339885451
roanoke,2026-05-16,0,2026-05-16,Flu ED visits pct,quantile,0.9,0.336774522585978
rochester,2026-05-16,0,2026-05-16,Flu ED visits pct,quantile,0.9,0.1948886560081104
rock-hill,2026-05-16,0,2026-05-16,Flu ED visits pct,quantile,0.9,0.33509599507924254
rtp-area,2026-05-16,0,2026-05-16,Flu ED visits pct,quantile,0.9,0.18293286834483294
salem,2026-05-16,0,2026-05-16,Flu ED visits pct,quantile,0.9,0.42215953479652496
salt-lake-city,2026-05-16,0,2026-05-16,Flu ED visits pct,quantile,0.9,0.1718421696913081
san-antonio,2026-05-16,0,2026-05-16,Flu ED visits pct,quantile,0.9,0.22082582962419975
savannah,2026-05-16,0,2026-05-16,Flu ED visits pct,quantile,0.9,0.06995551421828884
senc,2026-05-16,0,2026-05-16,Flu ED visits pct,quantile,0.9,0.17056874957710835
south-augusta,2026-05-16,0,2026-05-16,Flu ED visits pct,quantile,0.9,0.2607421402352808
south-carolina,2026-05-16,0,2026-05-16,Flu ED visits pct,quantile,0.9,0.2427646008029269
springfield,2026-05-16,0,2026-05-16,Flu ED visits pct,quantile,0.9,0.48594879961010184
st-cloud,2026-05-16,0,2026-05-16,Flu ED visits pct,quantile,0.9,0.3286249587397385
st-paul,2026-05-16,0,2026-05-16,Flu ED visits pct,quantile,0.9,0.5493703262374621
texas,2026-05-16,0,2026-05-16,Flu ED visits pct,quantile,0.9,0.4011700446650235
triad-area,2026-05-16,0,2026-05-16,Flu ED visits pct,quantile,0.9,0.4218550779691311
utah,2026-05-16,0,2026-05-16,Flu ED visits pct,quantile,0.9,0.17191726466962357
virginia,2026-05-16,0,2026-05-16,Flu ED visits pct,quantile,0.9,0.2712944133230346
weld,2026-05-16,0,2026-05-16,Flu ED visits pct,quantile,0.9,0.6120650839452387
wnc,2026-05-16,0,2026-05-16,Flu ED visits pct,quantile,0.9,0.2518485168369542
worcester,2026-05-16,0,2026-05-16,Flu ED visits pct,quantile,0.9,0.2616187626272072
athens,2026-05-16,1,2026-05-23,Flu ED visits pct,quantile,0.9,0.20968136841736457
austin,2026-05-16,1,2026-05-23,Flu ED visits pct,quantile,0.9,0.21569365477072133
baltimore,2026-05-16,1,2026-05-23,Flu ED visits pct,quantile,0.9,0.20001297720426667
bangor,2026-05-16,1,2026-05-23,Flu ED visits pct,quantile,0.9,0.24461308099393103
beaumont,2026-05-16,1,2026-05-23,Flu ED visits pct,quantile,0.9,0.4829250829073373
boston,2026-05-16,1,2026-05-23,Flu ED visits pct,quantile,0.9,0.2441134774179325
boulder,2026-05-16,1,2026-05-23,Flu ED visits pct,quantile,0.9,0.5147439972392175
charleston,2026-05-16,1,2026-05-23,Flu ED visits pct,quantile,0.9,0.20118642508867532
cherokee,2026-05-16,1,2026-05-23,Flu ED visits pct,quantile,0.9,0.47350242913198287
clt-area,2026-05-16,1,2026-05-23,Flu ED visits pct,quantile,0.9,1.3011964838955323
colorado,2026-05-16,1,2026-05-23,Flu ED visits pct,quantile,0.9,0.41774065134221744
colorado-springs,2026-05-16,1,2026-05-23,Flu ED visits pct,quantile,0.9,0.5905505068243005
columbia,2026-05-16,1,2026-05-23,Flu ED visits pct,quantile,0.9,0.2625816508284937
columbus,2026-05-16,1,2026-05-23,Flu ED visits pct,quantile,0.9,0.15981006980404056
dallas,2026-05-16,1,2026-05-23,Flu ED visits pct,quantile,0.9,0.23280464584095717
denver,2026-05-16,1,2026-05-23,Flu ED visits pct,quantile,0.9,0.3852346481143639
deschutes,2026-05-16,1,2026-05-23,Flu ED visits pct,quantile,0.9,0.7315829246932591
duluth,2026-05-16,1,2026-05-23,Flu ED visits pct,quantile,0.9,0.34184733219962116
el-paso,2026-05-16,1,2026-05-23,Flu ED visits pct,quantile,0.9,2.151960049300234
eugene,2026-05-16,1,2026-05-23,Flu ED visits pct,quantile,0.9,0.31417552847507335
fay-area,2026-05-16,1,2026-05-23,Flu ED visits pct,quantile,0.9,1.3317356667513793
florence,2026-05-16,1,2026-05-23,Flu ED visits pct,quantile,0.9,0.32052959719758667
floyd,2026-05-16,1,2026-05-23,Flu ED visits pct,quantile,0.9,0.2592313992727603
frederick,2026-05-16,1,2026-05-23,Flu ED visits pct,quantile,0.9,0.2773455381868451
georgia,2026-05-16,1,2026-05-23,Flu ED visits pct,quantile,0.9,0.19638710537390447
greenville,2026-05-16,1,2026-05-23,Flu ED visits pct,quantile,0.9,0.2774955725586393
hall,2026-05-16,1,2026-05-23,Flu ED visits pct,quantile,0.9,0.1915738905898229
harford,2026-05-16,1,2026-05-23,Flu ED visits pct,quantile,0.9,0.1083171964061775
henry,2026-05-16,1,2026-05-23,Flu ED visits pct,quantile,0.9,0.16909614712518525
horry,2026-05-16,1,2026-05-23,Flu ED visits pct,quantile,0.9,0.31660439925870004
houston,2026-05-16,1,2026-05-23,Flu ED visits pct,quantile,0.9,0.3724511461793
indiana,2026-05-16,1,2026-05-23,Flu ED visits pct,quantile,0.9,0.14490315210423468
indianapolis,2026-05-16,1,2026-05-23,Flu ED visits pct,quantile,0.9,0.1330587238687181
la-grange,2026-05-16,1,2026-05-23,Flu ED visits pct,quantile,0.9,0.2572945109889771
larimer,2026-05-16,1,2026-05-23,Flu ED visits pct,quantile,0.9,0.24474324723514546
lynn,2026-05-16,1,2026-05-23,Flu ED visits pct,quantile,0.9,0.3064759880131886
macon,2026-05-16,1,2026-05-23,Flu ED visits pct,quantile,0.9,0.3984090842392997
maine,2026-05-16,1,2026-05-23,Flu ED visits pct,quantile,0.9,0.3656773739099621
marietta,2026-05-16,1,2026-05-23,Flu ED visits pct,quantile,0.9,0.17972583042570012
maryland,2026-05-16,1,2026-05-23,Flu ED visits pct,quantile,0.9,0.20946966214419924
massachusetts,2026-05-16,1,2026-05-23,Flu ED visits pct,quantile,0.9,0.2599360017242695
medford,2026-05-16,1,2026-05-23,Flu ED visits pct,quantile,0.9,0.22571508871035315
mesa,2026-05-16,1,2026-05-23,Flu ED visits pct,quantile,0.9,0.3674596199984478
minneapolis,2026-05-16,1,2026-05-23,Flu ED visits pct,quantile,0.9,0.3801522433481641
minnesota,2026-05-16,1,2026-05-23,Flu ED visits pct,quantile,0.9,0.3260556794514893
montgomery,2026-05-16,1,2026-05-23,Flu ED visits pct,quantile,0.9,0.21841722657426466
nenc,2026-05-16,1,2026-05-23,Flu ED visits pct,quantile,0.9,0.23514429833629277
new-bedford,2026-05-16,1,2026-05-23,Flu ED visits pct,quantile,0.9,0.3810244659931628
north-carolina,2026-05-16,1,2026-05-23,Flu ED visits pct,quantile,0.9,0.6558942598868028
nyc,2026-05-16,1,2026-05-23,ILI ED visits pct,quantile,0.9,2.324430113976724
ogden,2026-05-16,1,2026-05-23,Flu ED visits pct,quantile,0.9,0.23471631123685258
oregon,2026-05-16,1,2026-05-23,Flu ED visits pct,quantile,0.9,0.40135099444567823
pittsfield,2026-05-16,1,2026-05-23,Flu ED visits pct,quantile,0.9,0.24223741190868137
portland,2026-05-16,1,2026-05-23,Flu ED visits pct,quantile,0.9,0.4647760456802375
portland-or,2026-05-16,1,2026-05-23,Flu ED visits pct,quantile,0.9,0.4556500690612293
provo,2026-05-16,1,2026-05-23,Flu ED visits pct,quantile,0.9,0.22899517609023468
roanoke,2026-05-16,1,2026-05-23,Flu ED visits pct,quantile,0.9,0.32415521762786226
rochester,2026-05-16,1,2026-05-23,Flu ED visits pct,quantile,0.9,0.1904627133289521
rock-hill,2026-05-16,1,2026-05-23,Flu ED visits pct,quantile,0.9,0.3244649269618757
rtp-area,2026-05-16,1,2026-05-23,Flu ED visits pct,quantile,0.9,0.174646457717953
salem,2026-05-16,1,2026-05-23,Flu ED visits pct,quantile,0.9,0.409995134250467
salt-lake-city,2026-05-16,1,2026-05-23,Flu ED visits pct,quantile,0.9,0.1656109479510774
san-antonio,2026-05-16,1,2026-05-23,Flu ED visits pct,quantile,0.9,0.2149699763298321
savannah,2026-05-16,1,2026-05-23,Flu ED visits pct,quantile,0.9,0.06860588540165355
senc,2026-05-16,1,2026-05-23,Flu ED visits pct,quantile,0.9,0.1597981825429174
south-augusta,2026-05-16,1,2026-05-23,Flu ED visits pct,quantile,0.9,0.2471916359430854
south-carolina,2026-05-16,1,2026-05-23,Flu ED visits pct,quantile,0.9,0.23777908253766172
springfield,2026-05-16,1,2026-05-23,Flu ED visits pct,quantile,0.9,0.4535452062085655
st-cloud,2026-05-16,1,2026-05-23,Flu ED visits pct,quantile,0.9,0.32292521658655693
st-paul,2026-05-16,1,2026-05-23,Flu ED visits pct,quantile,0.9,0.528578202529669
texas,2026-05-16,1,2026-05-23,Flu ED visits pct,quantile,0.9,0.39433196328598696
triad-area,2026-05-16,1,2026-05-23,Flu ED visits pct,quantile,0.9,0.4009933237173682
utah,2026-05-16,1,2026-05-23,Flu ED visits pct,quantile,0.9,0.1671996476470705
virginia,2026-05-16,1,2026-05-23,Flu ED visits pct,quantile,0.9,0.2632826559913735
weld,2026-05-16,1,2026-05-23,Flu ED visits pct,quantile,0.9,0.5895486525461668
wnc,2026-05-16,1,2026-05-23,Flu ED visits pct,quantile,0.9,0.23562299728759117
worcester,2026-05-16,1,2026-05-23,Flu ED visits pct,quantile,0.9,0.25300716814859064
athens,2026-05-16,2,2026-05-30,Flu ED visits pct,quantile,0.9,0.19638939917920123
austin,2026-05-16,2,2026-05-30,Flu ED visits pct,quantile,0.9,0.21048537822898436
baltimore,2026-05-16,2,2026-05-30,Flu ED visits pct,quantile,0.9,0.18823925835755206
bangor,2026-05-16,2,2026-05-30,Flu ED visits pct,quantile,0.9,0.22638098565531162
beaumont,2026-05-16,2,2026-05-30,Flu ED visits pct,quantile,0.9,0.4538856391428538
boston,2026-05-16,2,2026-05-30,Flu ED visits pct,quantile,0.9,0.23192938124015736
boulder,2026-05-16,2,2026-05-30,Flu ED visits pct,quantile,0.9,0.5054490499762991
charleston,2026-05-16,2,2026-05-30,Flu ED visits pct,quantile,0.9,0.19296626504101005
cherokee,2026-05-16,2,2026-05-30,Flu ED visits pct,quantile,0.9,0.4440544248806487
clt-area,2026-05-16,2,2026-05-30,Flu ED visits pct,quantile,0.9,1.2272703091017838
colorado,2026-05-16,2,2026-05-30,Flu ED visits pct,quantile,0.9,0.397173929622348
colorado-springs,2026-05-16,2,2026-05-30,Flu ED visits pct,quantile,0.9,0.5532899800425987
columbia,2026-05-16,2,2026-05-30,Flu ED visits pct,quantile,0.9,0.24946895266714614
columbus,2026-05-16,2,2026-05-30,Flu ED visits pct,quantile,0.9,0.18848066097810287
dallas,2026-05-16,2,2026-05-30,Flu ED visits pct,quantile,0.9,0.22769866179931256
denver,2026-05-16,2,2026-05-30,Flu ED visits pct,quantile,0.9,0.3656688421164677
deschutes,2026-05-16,2,2026-05-30,Flu ED visits pct,quantile,0.9,0.712117166841723
duluth,2026-05-16,2,2026-05-30,Flu ED visits pct,quantile,0.9,0.31910863734484834
el-paso,2026-05-16,2,2026-05-30,Flu ED visits pct,quantile,0.9,2.0523498508290237
eugene,2026-05-16,2,2026-05-30,Flu ED visits pct,quantile,0.9,0.304013435246549
fay-area,2026-05-16,2,2026-05-30,Flu ED visits pct,quantile,0.9,1.2259365581556148
florence,2026-05-16,2,2026-05-30,Flu ED visits pct,quantile,0.9,0.3135741208264953
floyd,2026-05-16,2,2026-05-30,Flu ED visits pct,quantile,0.9,0.24160163959287362
frederick,2026-05-16,2,2026-05-30,Flu ED visits pct,quantile,0.9,0.3290124596694178
georgia,2026-05-16,2,2026-05-30,Flu ED visits pct,quantile,0.9,0.18756413213268228
greenville,2026-05-16,2,2026-05-30,Flu ED visits pct,quantile,0.9,0.2565982357685554
hall,2026-05-16,2,2026-05-30,Flu ED visits pct,quantile,0.9,0.18598136103920312
harford,2026-05-16,2,2026-05-30,Flu ED visits pct,quantile,0.9,0.1107186316853494
henry,2026-05-16,2,2026-05-30,Flu ED visits pct,quantile,0.9,0.16181845464912264
horry,2026-05-16,2,2026-05-30,Flu ED visits pct,quantile,0.9,0.29860323484368684
houston,2026-05-16,2,2026-05-30,Flu ED visits pct,quantile,0.9,0.3583055088938576
indiana,2026-05-16,2,2026-05-30,Flu ED visits pct,quantile,0.9,0.1553790657055572
indianapolis,2026-05-16,2,2026-05-30,Flu ED visits pct,quantile,0.9,0.14338060492087226
la-grange,2026-05-16,2,2026-05-30,Flu ED visits pct,quantile,0.9,0.24745892524848584
larimer,2026-05-16,2,2026-05-30,Flu ED visits pct,quantile,0.9,0.23291963964259352
lynn,2026-05-16,2,2026-05-30,Flu ED visits pct,quantile,0.9,0.2846364969181725
macon,2026-05-16,2,2026-05-30,Flu ED visits pct,quantile,0.9,0.39235568016699474
maine,2026-05-16,2,2026-05-30,Flu ED visits pct,quantile,0.9,0.3410081857288279
marietta,2026-05-16,2,2026-05-30,Flu ED visits pct,quantile,0.9,0.17528866518692982
maryland,2026-05-16,2,2026-05-30,Flu ED visits pct,quantile,0.9,0.19992422959042683
massachusetts,2026-05-16,2,2026-05-30,Flu ED visits pct,quantile,0.9,0.24599173358139648
medford,2026-05-16,2,2026-05-30,Flu ED visits pct,quantile,0.9,0.24672147155093777
mesa,2026-05-16,2,2026-05-30,Flu ED visits pct,quantile,0.9,0.3628192283476856
minneapolis,2026-05-16,2,2026-05-30,Flu ED visits pct,quantile,0.9,0.35792591793861417
minnesota,2026-05-16,2,2026-05-30,Flu ED visits pct,quantile,0.9,0.3086170288382254
montgomery,2026-05-16,2,2026-05-30,Flu ED visits pct,quantile,0.9,0.20913046105950742
nenc,2026-05-16,2,2026-05-30,Flu ED visits pct,quantile,0.9,0.21855860855680453
new-bedford,2026-05-16,2,2026-05-30,Flu ED visits pct,quantile,0.9,0.35648987052765624
north-carolina,2026-05-16,2,2026-05-30,Flu ED visits pct,quantile,0.9,0.6218113066240606
nyc,2026-05-16,2,2026-05-30,ILI ED visits pct,quantile,0.9,2.256938863422225
ogden,2026-05-16,2,2026-05-30,Flu ED visits pct,quantile,0.9,0.23347943508120694
oregon,2026-05-16,2,2026-05-30,Flu ED visits pct,quantile,0.9,0.3887003094748209
pittsfield,2026-05-16,2,2026-05-30,Flu ED visits pct,quantile,0.9,0.2751940670466772
portland,2026-05-16,2,2026-05-30,Flu ED visits pct,quantile,0.9,0.4293649812885327
portland-or,2026-05-16,2,2026-05-30,Flu ED visits pct,quantile,0.9,0.44021919246493085
provo,2026-05-16,2,2026-05-30,Flu ED visits pct,quantile,0.9,0.220308992549938
roanoke,2026-05-16,2,2026-05-30,Flu ED visits pct,quantile,0.9,0.30201147642065945
rochester,2026-05-16,2,2026-05-30,Flu ED visits pct,quantile,0.9,0.18601599988158876
rock-hill,2026-05-16,2,2026-05-30,Flu ED visits pct,quantile,0.9,0.3117805996215731
rtp-area,2026-05-16,2,2026-05-30,Flu ED visits pct,quantile,0.9,0.16039512830585073
salem,2026-05-16,2,2026-05-30,Flu ED visits pct,quantile,0.9,0.391038757797431
salt-lake-city,2026-05-16,2,2026-05-30,Flu ED visits pct,quantile,0.9,0.15882490251032755
san-antonio,2026-05-16,2,2026-05-30,Flu ED visits pct,quantile,0.9,0.2070316863799185
savannah,2026-05-16,2,2026-05-30,Flu ED visits pct,quantile,0.9,0.07222550924111992
senc,2026-05-16,2,2026-05-30,Flu ED visits pct,quantile,0.9,0.14433923445664174
south-augusta,2026-05-16,2,2026-05-30,Flu ED visits pct,quantile,0.9,0.23194711119770697
south-carolina,2026-05-16,2,2026-05-30,Flu ED visits pct,quantile,0.9,0.22229243322207612
springfield,2026-05-16,2,2026-05-30,Flu ED visits pct,quantile,0.9,0.43012211430446984
st-cloud,2026-05-16,2,2026-05-30,Flu ED visits pct,quantile,0.9,0.31248407018324476
st-paul,2026-05-16,2,2026-05-30,Flu ED visits pct,quantile,0.9,0.4943051252772238
texas,2026-05-16,2,2026-05-30,Flu ED visits pct,quantile,0.9,0.38059488764142857
triad-area,2026-05-16,2,2026-05-30,Flu ED visits pct,quantile,0.9,0.37323057247308505
utah,2026-05-16,2,2026-05-30,Flu ED visits pct,quantile,0.9,0.16251413646028212
virginia,2026-05-16,2,2026-05-30,Flu ED visits pct,quantile,0.9,0.25770163490850667
weld,2026-05-16,2,2026-05-30,Flu ED visits pct,quantile,0.9,0.5711395554293585
wnc,2026-05-16,2,2026-05-30,Flu ED visits pct,quantile,0.9,0.21962859449531738
worcester,2026-05-16,2,2026-05-30,Flu ED visits pct,quantile,0.9,0.24259890811181828
athens,2026-05-16,3,2026-06-06,Flu ED visits pct,quantile,0.9,0.19534181297329573
austin,2026-05-16,3,2026-06-06,Flu ED visits pct,quantile,0.9,0.21070038803056218
baltimore,2026-05-16,3,2026-06-06,Flu ED visits pct,quantile,0.9,0.18764719414506273
bangor,2026-05-16,3,2026-06-06,Flu ED visits pct,quantile,0.9,0.22395818214173305
beaumont,2026-05-16,3,2026-06-06,Flu ED visits pct,quantile,0.9,0.44454226150568477
boston,2026-05-16,3,2026-06-06,Flu ED visits pct,quantile,0.9,0.23016696923300503
boulder,2026-05-16,3,2026-06-06,Flu ED visits pct,quantile,0.9,0.5005557049982218
charleston,2026-05-16,3,2026-06-06,Flu ED visits pct,quantile,0.9,0.19206439817181883
cherokee,2026-05-16,3,2026-06-06,Flu ED visits pct,quantile,0.9,0.44342560426943883
clt-area,2026-05-16,3,2026-06-06,Flu ED visits pct,quantile,0.9,1.203686751868142
colorado,2026-05-16,3,2026-06-06,Flu ED visits pct,quantile,0.9,0.3956905459572458
colorado-springs,2026-05-16,3,2026-06-06,Flu ED visits pct,quantile,0.9,0.5466177335044308
columbia,2026-05-16,3,2026-06-06,Flu ED visits pct,quantile,0.9,0.24793858147050002
columbus,2026-05-16,3,2026-06-06,Flu ED visits pct,quantile,0.9,0.25348220407321526
dallas,2026-05-16,3,2026-06-06,Flu ED visits pct,quantile,0.9,0.22790720495693267
denver,2026-05-16,3,2026-06-06,Flu ED visits pct,quantile,0.9,0.3649426430257717
deschutes,2026-05-16,3,2026-06-06,Flu ED visits pct,quantile,0.9,0.7239606774734408
duluth,2026-05-16,3,2026-06-06,Flu ED visits pct,quantile,0.9,0.3172471683255968
el-paso,2026-05-16,3,2026-06-06,Flu ED visits pct,quantile,0.9,2.0331818930031926
eugene,2026-05-16,3,2026-06-06,Flu ED visits pct,quantile,0.9,0.30601601124685196
fay-area,2026-05-16,3,2026-06-06,Flu ED visits pct,quantile,0.9,1.2167176143126477
florence,2026-05-16,3,2026-06-06,Flu ED visits pct,quantile,0.9,0.31647392184643863
floyd,2026-05-16,3,2026-06-06,Flu ED visits pct,quantile,0.9,0.23966380960221503
frederick,2026-05-16,3,2026-06-06,Flu ED visits pct,quantile,0.9,0.4280771937834581
georgia,2026-05-16,3,2026-06-06,Flu ED visits pct,quantile,0.9,0.18807712946037636
greenville,2026-05-16,3,2026-06-06,Flu ED visits pct,quantile,0.9,0.2545832345030755
hall,2026-05-16,3,2026-06-06,Flu ED visits pct,quantile,0.9,0.1862735540890347
harford,2026-05-16,3,2026-06-06,Flu ED visits pct,quantile,0.9,0.11144156615880352
henry,2026-05-16,3,2026-06-06,Flu ED visits pct,quantile,0.9,0.16041783938797707
horry,2026-05-16,3,2026-06-06,Flu ED visits pct,quantile,0.9,0.29670491848525316
houston,2026-05-16,3,2026-06-06,Flu ED visits pct,quantile,0.9,0.35685440160116755
indiana,2026-05-16,3,2026-06-06,Flu ED visits pct,quantile,0.9,0.1700860840294418
indianapolis,2026-05-16,3,2026-06-06,Flu ED visits pct,quantile,0.9,0.15000320814507612
la-grange,2026-05-16,3,2026-06-06,Flu ED visits pct,quantile,0.9,0.25009914830522684
larimer,2026-05-16,3,2026-06-06,Flu ED visits pct,quantile,0.9,0.23282187671901508
lynn,2026-05-16,3,2026-06-06,Flu ED visits pct,quantile,0.9,0.28188052482356185
macon,2026-05-16,3,2026-06-06,Flu ED visits pct,quantile,0.9,0.4036055104148126
maine,2026-05-16,3,2026-06-06,Flu ED visits pct,quantile,0.9,0.3361324056039246
marietta,2026-05-16,3,2026-06-06,Flu ED visits pct,quantile,0.9,0.1746983805012069
maryland,2026-05-16,3,2026-06-06,Flu ED visits pct,quantile,0.9,0.2010140714635965
massachusetts,2026-05-16,3,2026-06-06,Flu ED visits pct,quantile,0.9,0.24507069909072038
medford,2026-05-16,3,2026-06-06,Flu ED visits pct,quantile,0.9,0.25508514146823086
mesa,2026-05-16,3,2026-06-06,Flu ED visits pct,quantile,0.9,0.37205790451403636
minneapolis,2026-05-16,3,2026-06-06,Flu ED visits pct,quantile,0.9,0.35627271346696804
minnesota,2026-05-16,3,2026-06-06,Flu ED visits pct,quantile,0.9,0.30856563143457916
montgomery,2026-05-16,3,2026-06-06,Flu ED visits pct,quantile,0.9,0.20948699503989365
nenc,2026-05-16,3,2026-06-06,Flu ED visits pct,quantile,0.9,0.21741595166929048
new-bedford,2026-05-16,3,2026-06-06,Flu ED visits pct,quantile,0.9,0.3535383262454751
north-carolina,2026-05-16,3,2026-06-06,Flu ED visits pct,quantile,0.9,0.610462015756641
nyc,2026-05-16,3,2026-06-06,ILI ED visits pct,quantile,0.9,2.250682789256309
ogden,2026-05-16,3,2026-06-06,Flu ED visits pct,quantile,0.9,0.2352685992261218
oregon,2026-05-16,3,2026-06-06,Flu ED visits pct,quantile,0.9,0.390185906439368
pittsfield,2026-05-16,3,2026-06-06,Flu ED visits pct,quantile,0.9,0.3391384884726567
portland,2026-05-16,3,2026-06-06,Flu ED visits pct,quantile,0.9,0.4205858904131646
portland-or,2026-05-16,3,2026-06-06,Flu ED visits pct,quantile,0.9,0.43871372030789857
provo,2026-05-16,3,2026-06-06,Flu ED visits pct,quantile,0.9,0.21878679810553395
roanoke,2026-05-16,3,2026-06-06,Flu ED visits pct,quantile,0.9,0.3016173797519847
rochester,2026-05-16,3,2026-06-06,Flu ED visits pct,quantile,0.9,0.18682918755669786
rock-hill,2026-05-16,3,2026-06-06,Flu ED visits pct,quantile,0.9,0.3187972141720662
rtp-area,2026-05-16,3,2026-06-06,Flu ED visits pct,quantile,0.9,0.15933802050726523
salem,2026-05-16,3,2026-06-06,Flu ED visits pct,quantile,0.9,0.3918807260148915
salt-lake-city,2026-05-16,3,2026-06-06,Flu ED visits pct,quantile,0.9,0.1600354711106502
san-antonio,2026-05-16,3,2026-06-06,Flu ED visits pct,quantile,0.9,0.20646475044198384
savannah,2026-05-16,3,2026-06-06,Flu ED visits pct,quantile,0.9,0.08184976114097568
senc,2026-05-16,3,2026-06-06,Flu ED visits pct,quantile,0.9,0.14369985775839778
south-augusta,2026-05-16,3,2026-06-06,Flu ED visits pct,quantile,0.9,0.22983250745549927
south-carolina,2026-05-16,3,2026-06-06,Flu ED visits pct,quantile,0.9,0.2231298336517236
springfield,2026-05-16,3,2026-06-06,Flu ED visits pct,quantile,0.9,0.43293147697362255
st-cloud,2026-05-16,3,2026-06-06,Flu ED visits pct,quantile,0.9,0.3135166048196184
st-paul,2026-05-16,3,2026-06-06,Flu ED visits pct,quantile,0.9,0.48922782835744794
texas,2026-05-16,3,2026-06-06,Flu ED visits pct,quantile,0.9,0.3795995933599421
triad-area,2026-05-16,3,2026-06-06,Flu ED visits pct,quantile,0.9,0.36769209306196243
utah,2026-05-16,3,2026-06-06,Flu ED visits pct,quantile,0.9,0.16214129319328152
virginia,2026-05-16,3,2026-06-06,Flu ED visits pct,quantile,0.9,0.2585491284636614
weld,2026-05-16,3,2026-06-06,Flu ED visits pct,quantile,0.9,0.5678565106777064
wnc,2026-05-16,3,2026-06-06,Flu ED visits pct,quantile,0.9,0.21799378395467567
worcester,2026-05-16,3,2026-06-06,Flu ED visits pct,quantile,0.9,0.24202947541277686
athens,2026-05-16,0,2026-05-16,Flu ED visits pct,quantile,0.95,0.2635769327429022
austin,2026-05-16,0,2026-05-16,Flu ED visits pct,quantile,0.95,0.24612625561683216
baltimore,2026-05-16,0,2026-05-16,Flu ED visits pct,quantile,0.95,0.23194600805580273
bangor,2026-05-16,0,2026-05-16,Flu ED visits pct,quantile,0.95,0.29422858225583937
beaumont,2026-05-16,0,2026-05-16,Flu ED visits pct,quantile,0.95,0.5910419781100794
boston,2026-05-16,0,2026-05-16,Flu ED visits pct,quantile,0.95,0.27057933104793813
boulder,2026-05-16,0,2026-05-16,Flu ED visits pct,quantile,0.95,0.6010392925568195
charleston,2026-05-16,0,2026-05-16,Flu ED visits pct,quantile,0.95,0.22893703349159658
cherokee,2026-05-16,0,2026-05-16,Flu ED visits pct,quantile,0.95,0.5895977325903563
clt-area,2026-05-16,0,2026-05-16,Flu ED visits pct,quantile,0.95,1.4129380262122009
colorado,2026-05-16,0,2026-05-16,Flu ED visits pct,quantile,0.95,0.45345743610985056
colorado-springs,2026-05-16,0,2026-05-16,Flu ED visits pct,quantile,0.95,0.6895106228972944
columbia,2026-05-16,0,2026-05-16,Flu ED visits pct,quantile,0.95,0.3206725145654084
columbus,2026-05-16,0,2026-05-16,Flu ED visits pct,quantile,0.95,0.26656407527371867
dallas,2026-05-16,0,2026-05-16,Flu ED visits pct,quantile,0.95,0.2642354552806643
denver,2026-05-16,0,2026-05-16,Flu ED visits pct,quantile,0.95,0.42323284814874734
deschutes,2026-05-16,0,2026-05-16,Flu ED visits pct,quantile,0.95,0.8169838980727455
duluth,2026-05-16,0,2026-05-16,Flu ED visits pct,quantile,0.95,0.4027921190977332
el-paso,2026-05-16,0,2026-05-16,Flu ED visits pct,quantile,0.95,2.4188828071467827
eugene,2026-05-16,0,2026-05-16,Flu ED visits pct,quantile,0.95,0.38230401131829295
fay-area,2026-05-16,0,2026-05-16,Flu ED visits pct,quantile,0.95,1.4845733198348272
florence,2026-05-16,0,2026-05-16,Flu ED visits pct,quantile,0.95,0.38789776100001583
floyd,2026-05-16,0,2026-05-16,Flu ED visits pct,quantile,0.95,0.3221195466426798
frederick,2026-05-16,0,2026-05-16,Flu ED visits pct,quantile,0.95,0.6164751088451383
georgia,2026-05-16,0,2026-05-16,Flu ED visits pct,quantile,0.95,0.2247459753059427
greenville,2026-05-16,0,2026-05-16,Flu ED visits pct,quantile,0.95,0.3408316017022033
hall,2026-05-16,0,2026-05-16,Flu ED visits pct,quantile,0.95,0.23190123132603
harford,2026-05-16,0,2026-05-16,Flu ED visits pct,quantile,0.95,0.14506023245062385
henry,2026-05-16,0,2026-05-16,Flu ED visits pct,quantile,0.95,0.20366250776157485
horry,2026-05-16,0,2026-05-16,Flu ED visits pct,quantile,0.95,0.3806957439597261
houston,2026-05-16,0,2026-05-16,Flu ED visits pct,quantile,0.95,0.4098000473115998
indiana,2026-05-16,0,2026-05-16,Flu ED visits pct,quantile,0.95,0.17143583351471658
indianapolis,2026-05-16,0,2026-05-16,Flu ED visits pct,quantile,0.95,0.15776373195303972
la-grange,2026-05-16,0,2026-05-16,Flu ED visits pct,quantile,0.95,0.32759879089709437
larimer,2026-05-16,0,2026-05-16,Flu ED visits pct,quantile,0.95,0.3023859665991706
lynn,2026-05-16,0,2026-05-16,Flu ED visits pct,quantile,0.95,0.3650500153522171
macon,2026-05-16,0,2026-05-16,Flu ED visits pct,quantile,0.95,0.48625049532528375
maine,2026-05-16,0,2026-05-16,Flu ED visits pct,quantile,0.95,0.42550720043894036
marietta,2026-05-16,0,2026-05-16,Flu ED visits pct,quantile,0.95,0.21890421823631478
maryland,2026-05-16,0,2026-05-16,Flu ED visits pct,quantile,0.95,0.24110066147746168
massachusetts,2026-05-16,0,2026-05-16,Flu ED visits pct,quantile,0.95,0.2991873159135159
medford,2026-05-16,0,2026-05-16,Flu ED visits pct,quantile,0.95,0.27644736425361743
mesa,2026-05-16,0,2026-05-16,Flu ED visits pct,quantile,0.95,0.512048059044193
minneapolis,2026-05-16,0,2026-05-16,Flu ED visits pct,quantile,0.95,0.42324424160753343
minnesota,2026-05-16,0,2026-05-16,Flu ED visits pct,quantile,0.95,0.3608838597405113
montgomery,2026-05-16,0,2026-05-16,Flu ED visits pct,quantile,0.95,0.2516865733089724
nenc,2026-05-16,0,2026-05-16,Flu ED visits pct,quantile,0.95,0.26814825089209715
new-bedford,2026-05-16,0,2026-05-16,Flu ED visits pct,quantile,0.95,0.4374524486226314
north-carolina,2026-05-16,0,2026-05-16,Flu ED visits pct,quantile,0.95,0.7141002296423181
nyc,2026-05-16,0,2026-05-16,ILI ED visits pct,quantile,0.95,2.47390863761642
ogden,2026-05-16,0,2026-05-16,Flu ED visits pct,quantile,0.95,0.25902216452580523
oregon,2026-05-16,0,2026-05-16,Flu ED visits pct,quantile,0.95,0.44018537123058443
pittsfield,2026-05-16,0,2026-05-16,Flu ED visits pct,quantile,0.95,0.39863568940980154
portland,2026-05-16,0,2026-05-16,Flu ED visits pct,quantile,0.95,0.5823185191055643
portland-or,2026-05-16,0,2026-05-16,Flu ED visits pct,quantile,0.95,0.5184845988422462
provo,2026-05-16,0,2026-05-16,Flu ED visits pct,quantile,0.95,0.27633802845745536
roanoke,2026-05-16,0,2026-05-16,Flu ED visits pct,quantile,0.95,0.38235848211347445
rochester,2026-05-16,0,2026-05-16,Flu ED visits pct,quantile,0.95,0.2355660372235793
rock-hill,2026-05-16,0,2026-05-16,Flu ED visits pct,quantile,0.95,0.47588959319373164
rtp-area,2026-05-16,0,2026-05-16,Flu ED visits pct,quantile,0.95,0.20205270406619147
salem,2026-05-16,0,2026-05-16,Flu ED visits pct,quantile,0.95,0.5090360796196606
salt-lake-city,2026-05-16,0,2026-05-16,Flu ED visits pct,quantile,0.95,0.20577347433226453
san-antonio,2026-05-16,0,2026-05-16,Flu ED visits pct,quantile,0.95,0.2500600529219091
savannah,2026-05-16,0,2026-05-16,Flu ED visits pct,quantile,0.95,0.08593825708814347
senc,2026-05-16,0,2026-05-16,Flu ED visits pct,quantile,0.95,0.19643988647900207
south-augusta,2026-05-16,0,2026-05-16,Flu ED visits pct,quantile,0.95,0.3011413121467054
south-carolina,2026-05-16,0,2026-05-16,Flu ED visits pct,quantile,0.95,0.2641873926800899
springfield,2026-05-16,0,2026-05-16,Flu ED visits pct,quantile,0.95,0.5402271773363386
st-cloud,2026-05-16,0,2026-05-16,Flu ED visits pct,quantile,0.95,0.34126825935279037
st-paul,2026-05-16,0,2026-05-16,Flu ED visits pct,quantile,0.95,0.6083709886755749
texas,2026-05-16,0,2026-05-16,Flu ED visits pct,quantile,0.95,0.435040189930386
triad-area,2026-05-16,0,2026-05-16,Flu ED visits pct,quantile,0.95,0.4575242055572694
utah,2026-05-16,0,2026-05-16,Flu ED visits pct,quantile,0.95,0.2001829197913655
virginia,2026-05-16,0,2026-05-16,Flu ED visits pct,quantile,0.95,0.30224732337919313
weld,2026-05-16,0,2026-05-16,Flu ED visits pct,quantile,0.95,0.6877048222313068
wnc,2026-05-16,0,2026-05-16,Flu ED visits pct,quantile,0.95,0.27514625310509144
worcester,2026-05-16,0,2026-05-16,Flu ED visits pct,quantile,0.95,0.28743631926998975
athens,2026-05-16,1,2026-05-23,Flu ED visits pct,quantile,0.95,0.2587461992481495
austin,2026-05-16,1,2026-05-23,Flu ED visits pct,quantile,0.95,0.2444444748187949
baltimore,2026-05-16,1,2026-05-23,Flu ED visits pct,quantile,0.95,0.22612959810806105
bangor,2026-05-16,1,2026-05-23,Flu ED visits pct,quantile,0.95,0.2848772093916553
beaumont,2026-05-16,1,2026-05-23,Flu ED visits pct,quantile,0.95,0.5836627056440054
boston,2026-05-16,1,2026-05-23,Flu ED visits pct,quantile,0.95,0.2660471201185515
boulder,2026-05-16,1,2026-05-23,Flu ED visits pct,quantile,0.95,0.5929034096680282
charleston,2026-05-16,1,2026-05-23,Flu ED visits pct,quantile,0.95,0.22302265812816854
cherokee,2026-05-16,1,2026-05-23,Flu ED visits pct,quantile,0.95,0.581551158666401
clt-area,2026-05-16,1,2026-05-23,Flu ED visits pct,quantile,0.95,1.3680619148864304
colorado,2026-05-16,1,2026-05-23,Flu ED visits pct,quantile,0.95,0.4480568355345658
colorado-springs,2026-05-16,1,2026-05-23,Flu ED visits pct,quantile,0.95,0.6708528101437364
columbia,2026-05-16,1,2026-05-23,Flu ED visits pct,quantile,0.95,0.31502577398907516
columbus,2026-05-16,1,2026-05-23,Flu ED visits pct,quantile,0.95,0.26906854131734415
dallas,2026-05-16,1,2026-05-23,Flu ED visits pct,quantile,0.95,0.260941605813783
denver,2026-05-16,1,2026-05-23,Flu ED visits pct,quantile,0.95,0.4182233641688438
deschutes,2026-05-16,1,2026-05-23,Flu ED visits pct,quantile,0.95,0.8230195394446556
duluth,2026-05-16,1,2026-05-23,Flu ED visits pct,quantile,0.95,0.386256478590705
el-paso,2026-05-16,1,2026-05-23,Flu ED visits pct,quantile,0.95,2.404789721307193
eugene,2026-05-16,1,2026-05-23,Flu ED visits pct,quantile,0.95,0.3870837879711311
fay-area,2026-05-16,1,2026-05-23,Flu ED visits pct,quantile,0.95,1.4403385204138988
florence,2026-05-16,1,2026-05-23,Flu ED visits pct,quantile,0.95,0.390406213998716
floyd,2026-05-16,1,2026-05-23,Flu ED visits pct,quantile,0.95,0.3101190143322808
frederick,2026-05-16,1,2026-05-23,Flu ED visits pct,quantile,0.95,0.6217310732974559
georgia,2026-05-16,1,2026-05-23,Flu ED visits pct,quantile,0.95,0.22181187389161164
greenville,2026-05-16,1,2026-05-23,Flu ED visits pct,quantile,0.95,0.3313923923114808
hall,2026-05-16,1,2026-05-23,Flu ED visits pct,quantile,0.95,0.22716145612680314
harford,2026-05-16,1,2026-05-23,Flu ED visits pct,quantile,0.95,0.14679040967639354
henry,2026-05-16,1,2026-05-23,Flu ED visits pct,quantile,0.95,0.19857429827123613
horry,2026-05-16,1,2026-05-23,Flu ED visits pct,quantile,0.95,0.37569657524264755
houston,2026-05-16,1,2026-05-23,Flu ED visits pct,quantile,0.95,0.4056161783700675
indiana,2026-05-16,1,2026-05-23,Flu ED visits pct,quantile,0.95,0.1705720612825989
indianapolis,2026-05-16,1,2026-05-23,Flu ED visits pct,quantile,0.95,0.15743112314827287
la-grange,2026-05-16,1,2026-05-23,Flu ED visits pct,quantile,0.95,0.3240963049725725
larimer,2026-05-16,1,2026-05-23,Flu ED visits pct,quantile,0.95,0.29109112523090636
lynn,2026-05-16,1,2026-05-23,Flu ED visits pct,quantile,0.95,0.352954120117861
macon,2026-05-16,1,2026-05-23,Flu ED visits pct,quantile,0.95,0.5063507682153935
maine,2026-05-16,1,2026-05-23,Flu ED visits pct,quantile,0.95,0.4111218065596191
marietta,2026-05-16,1,2026-05-23,Flu ED visits pct,quantile,0.95,0.2184861553551293
maryland,2026-05-16,1,2026-05-23,Flu ED visits pct,quantile,0.95,0.23663016342264187
massachusetts,2026-05-16,1,2026-05-23,Flu ED visits pct,quantile,0.95,0.2927272571747517
medford,2026-05-16,1,2026-05-23,Flu ED visits pct,quantile,0.95,0.31722201864941874
mesa,2026-05-16,1,2026-05-23,Flu ED visits pct,quantile,0.95,0.5248263745632814
minneapolis,2026-05-16,1,2026-05-23,Flu ED visits pct,quantile,0.95,0.4119071432787903
minnesota,2026-05-16,1,2026-05-23,Flu ED visits pct,quantile,0.95,0.357145652359433
montgomery,2026-05-16,1,2026-05-23,Flu ED visits pct,quantile,0.95,0.24674661944961346
nenc,2026-05-16,1,2026-05-23,Flu ED visits pct,quantile,0.95,0.2590362607895126
new-bedford,2026-05-16,1,2026-05-23,Flu ED visits pct,quantile,0.95,0.4263235516616843
north-carolina,2026-05-16,1,2026-05-23,Flu ED visits pct,quantile,0.95,0.7019626728768081
nyc,2026-05-16,1,2026-05-23,ILI ED visits pct,quantile,0.95,2.4650151969851906
ogden,2026-05-16,1,2026-05-23,Flu ED visits pct,quantile,0.95,0.2609249707746245
oregon,2026-05-16,1,2026-05-23,Flu ED visits pct,quantile,0.95,0.4400778299876515
pittsfield,2026-05-16,1,2026-05-23,Flu ED visits pct,quantile,0.95,0.40141063223188383
portland,2026-05-16,1,2026-05-23,Flu ED visits pct,quantile,0.95,0.5723326785943184
portland-or,2026-05-16,1,2026-05-23,Flu ED visits pct,quantile,0.95,0.5125848297017296
provo,2026-05-16,1,2026-05-23,Flu ED visits pct,quantile,0.95,0.2735560367181266
roanoke,2026-05-16,1,2026-05-23,Flu ED visits pct,quantile,0.95,0.37118525006951614
rochester,2026-05-16,1,2026-05-23,Flu ED visits pct,quantile,0.95,0.23360027328469676
rock-hill,2026-05-16,1,2026-05-23,Flu ED visits pct,quantile,0.95,0.4932109299763019
rtp-area,2026-05-16,1,2026-05-23,Flu ED visits pct,quantile,0.95,0.19621731040861684
salem,2026-05-16,1,2026-05-23,Flu ED visits pct,quantile,0.95,0.5027674748631209
salt-lake-city,2026-05-16,1,2026-05-23,Flu ED visits pct,quantile,0.95,0.20298423058379464
san-antonio,2026-05-16,1,2026-05-23,Flu ED visits pct,quantile,0.95,0.24644986678767022
savannah,2026-05-16,1,2026-05-23,Flu ED visits pct,quantile,0.95,0.08699257442552931
senc,2026-05-16,1,2026-05-23,Flu ED visits pct,quantile,0.95,0.18866605074760573
south-augusta,2026-05-16,1,2026-05-23,Flu ED visits pct,quantile,0.95,0.29366389911280544
south-carolina,2026-05-16,1,2026-05-23,Flu ED visits pct,quantile,0.95,0.2625613782935208
springfield,2026-05-16,1,2026-05-23,Flu ED visits pct,quantile,0.95,0.5192118877708262
st-cloud,2026-05-16,1,2026-05-23,Flu ED visits pct,quantile,0.95,0.3276418888230485
st-paul,2026-05-16,1,2026-05-23,Flu ED visits pct,quantile,0.95,0.5941115528858474
texas,2026-05-16,1,2026-05-23,Flu ED visits pct,quantile,0.95,0.4307865999387936
triad-area,2026-05-16,1,2026-05-23,Flu ED visits pct,quantile,0.95,0.44253509322091394
utah,2026-05-16,1,2026-05-23,Flu ED visits pct,quantile,0.95,0.1968891706872491
virginia,2026-05-16,1,2026-05-23,Flu ED visits pct,quantile,0.95,0.29891772327263255
weld,2026-05-16,1,2026-05-23,Flu ED visits pct,quantile,0.95,0.6957888993521465
wnc,2026-05-16,1,2026-05-23,Flu ED visits pct,quantile,0.95,0.26408610859562404
worcester,2026-05-16,1,2026-05-23,Flu ED visits pct,quantile,0.95,0.27952766938019297
athens,2026-05-16,2,2026-05-30,Flu ED visits pct,quantile,0.95,0.25471624077074545
austin,2026-05-16,2,2026-05-30,Flu ED visits pct,quantile,0.95,0.24199260633336306
baltimore,2026-05-16,2,2026-05-30,Flu ED visits pct,quantile,0.95,0.22398777310535803
bangor,2026-05-16,2,2026-05-30,Flu ED visits pct,quantile,0.95,0.2812256767643096
beaumont,2026-05-16,2,2026-05-30,Flu ED visits pct,quantile,0.95,0.5708811585993202
boston,2026-05-16,2,2026-05-30,Flu ED visits pct,quantile,0.95,0.26193357209545376
boulder,2026-05-16,2,2026-05-30,Flu ED visits pct,quantile,0.95,0.6040612308332288
charleston,2026-05-16,2,2026-05-30,Flu ED visits pct,quantile,0.95,0.2213417893950989
cherokee,2026-05-16,2,2026-05-30,Flu ED visits pct,quantile,0.95,0.5738367397706863
clt-area,2026-05-16,2,2026-05-30,Flu ED visits pct,quantile,0.95,1.3300391822687605
colorado,2026-05-16,2,2026-05-30,Flu ED visits pct,quantile,0.95,0.4432919000702798
colorado-springs,2026-05-16,2,2026-05-30,Flu ED visits pct,quantile,0.95,0.65884388354644
columbia,2026-05-16,2,2026-05-30,Flu ED visits pct,quantile,0.95,0.3117025271807268
columbus,2026-05-16,2,2026-05-30,Flu ED visits pct,quantile,0.95,0.41698601806952734
dallas,2026-05-16,2,2026-05-30,Flu ED visits pct,quantile,0.95,0.2584542451364685
denver,2026-05-16,2,2026-05-30,Flu ED visits pct,quantile,0.95,0.41434462513111703
deschutes,2026-05-16,2,2026-05-30,Flu ED visits pct,quantile,0.95,0.8191234619804061
duluth,2026-05-16,2,2026-05-30,Flu ED visits pct,quantile,0.95,0.38049223676761507
el-paso,2026-05-16,2,2026-05-30,Flu ED visits pct,quantile,0.95,2.3955934087204263
eugene,2026-05-16,2,2026-05-30,Flu ED visits pct,quantile,0.95,0.3860990744961203
fay-area,2026-05-16,2,2026-05-30,Flu ED visits pct,quantile,0.95,1.416276513869047
florence,2026-05-16,2,2026-05-30,Flu ED visits pct,quantile,0.95,0.38764232636888146
floyd,2026-05-16,2,2026-05-30,Flu ED visits pct,quantile,0.95,0.30513497436253545
frederick,2026-05-16,2,2026-05-30,Flu ED visits pct,quantile,0.95,0.9446250330095096
georgia,2026-05-16,2,2026-05-30,Flu ED visits pct,quantile,0.95,0.21900108374289187
greenville,2026-05-16,2,2026-05-30,Flu ED visits pct,quantile,0.95,0.32480106130206937
hall,2026-05-16,2,2026-05-30,Flu ED visits pct,quantile,0.95,0.22509863728898943
harford,2026-05-16,2,2026-05-30,Flu ED visits pct,quantile,0.95,0.15221614380787413
henry,2026-05-16,2,2026-05-30,Flu ED visits pct,quantile,0.95,0.19576290205641053
horry,2026-05-16,2,2026-05-30,Flu ED visits pct,quantile,0.95,0.36919885289261994
houston,2026-05-16,2,2026-05-30,Flu ED visits pct,quantile,0.95,0.40443315517797834
indiana,2026-05-16,2,2026-05-30,Flu ED visits pct,quantile,0.95,0.22370773938474525
indianapolis,2026-05-16,2,2026-05-30,Flu ED visits pct,quantile,0.95,0.16530032784764664
la-grange,2026-05-16,2,2026-05-30,Flu ED visits pct,quantile,0.95,0.3215619582116704
larimer,2026-05-16,2,2026-05-30,Flu ED visits pct,quantile,0.95,0.287960237880707
lynn,2026-05-16,2,2026-05-30,Flu ED visits pct,quantile,0.95,0.34711954420492086
macon,2026-05-16,2,2026-05-30,Flu ED visits pct,quantile,0.95,0.503545231226216
maine,2026-05-16,2,2026-05-30,Flu ED visits pct,quantile,0.95,0.4043782219491021
marietta,2026-05-16,2,2026-05-30,Flu ED visits pct,quantile,0.95,0.21589251318473937
maryland,2026-05-16,2,2026-05-30,Flu ED visits pct,quantile,0.95,0.23550816124502785
massachusetts,2026-05-16,2,2026-05-30,Flu ED visits pct,quantile,0.95,0.29410909018300335
medford,2026-05-16,2,2026-05-30,Flu ED visits pct,quantile,0.95,0.36896479562652357
mesa,2026-05-16,2,2026-05-30,Flu ED visits pct,quantile,0.95,0.5264827404130046
minneapolis,2026-05-16,2,2026-05-30,Flu ED visits pct,quantile,0.95,0.4075666281102884
minnesota,2026-05-16,2,2026-05-30,Flu ED visits pct,quantile,0.95,0.3538441904377256
montgomery,2026-05-16,2,2026-05-30,Flu ED visits pct,quantile,0.95,0.24394851469577594
nenc,2026-05-16,2,2026-05-30,Flu ED visits pct,quantile,0.95,0.2538538286520669
new-bedford,2026-05-16,2,2026-05-30,Flu ED visits pct,quantile,0.95,0.418974692697936
north-carolina,2026-05-16,2,2026-05-30,Flu ED visits pct,quantile,0.95,0.6886523629294328
nyc,2026-05-16,2,2026-05-30,ILI ED visits pct,quantile,0.95,2.4461477335611312
ogden,2026-05-16,2,2026-05-30,Flu ED visits pct,quantile,0.95,0.2582619863223817
oregon,2026-05-16,2,2026-05-30,Flu ED visits pct,quantile,0.95,0.4381254478353172
pittsfield,2026-05-16,2,2026-05-30,Flu ED visits pct,quantile,0.95,0.534985428984102
portland,2026-05-16,2,2026-05-30,Flu ED visits pct,quantile,0.95,0.5611972556579337
portland-or,2026-05-16,2,2026-05-30,Flu ED visits pct,quantile,0.95,0.5107662363929572
provo,2026-05-16,2,2026-05-30,Flu ED visits pct,quantile,0.95,0.27099458910092034
roanoke,2026-05-16,2,2026-05-30,Flu ED visits pct,quantile,0.95,0.36641701959496115
rochester,2026-05-16,2,2026-05-30,Flu ED visits pct,quantile,0.95,0.23274488073547692
rock-hill,2026-05-16,2,2026-05-30,Flu ED visits pct,quantile,0.95,0.4869168390089603
rtp-area,2026-05-16,2,2026-05-30,Flu ED visits pct,quantile,0.95,0.19248635248028712
salem,2026-05-16,2,2026-05-30,Flu ED visits pct,quantile,0.95,0.49800345788239153
salt-lake-city,2026-05-16,2,2026-05-30,Flu ED visits pct,quantile,0.95,0.20002709963462878
san-antonio,2026-05-16,2,2026-05-30,Flu ED visits pct,quantile,0.95,0.24318147171465881
savannah,2026-05-16,2,2026-05-30,Flu ED visits pct,quantile,0.95,0.09628456006381897
senc,2026-05-16,2,2026-05-30,Flu ED visits pct,quantile,0.95,0.18521054995323127
south-augusta,2026-05-16,2,2026-05-30,Flu ED visits pct,quantile,0.95,0.29079217192572465
south-carolina,2026-05-16,2,2026-05-30,Flu ED visits pct,quantile,0.95,0.2594930474994086
springfield,2026-05-16,2,2026-05-30,Flu ED visits pct,quantile,0.95,0.5222762917747674
st-cloud,2026-05-16,2,2026-05-30,Flu ED visits pct,quantile,0.95,0.3255951870010473
st-paul,2026-05-16,2,2026-05-30,Flu ED visits pct,quantile,0.95,0.5869802572362648
texas,2026-05-16,2,2026-05-30,Flu ED visits pct,quantile,0.95,0.4263156602090367
triad-area,2026-05-16,2,2026-05-30,Flu ED visits pct,quantile,0.95,0.43288076251109064
utah,2026-05-16,2,2026-05-30,Flu ED visits pct,quantile,0.95,0.19585724290632686
virginia,2026-05-16,2,2026-05-30,Flu ED visits pct,quantile,0.95,0.2985221309953445
weld,2026-05-16,2,2026-05-30,Flu ED visits pct,quantile,0.95,0.6907229416899986
wnc,2026-05-16,2,2026-05-30,Flu ED visits pct,quantile,0.95,0.25775023883578363
worcester,2026-05-16,2,2026-05-30,Flu ED visits pct,quantile,0.95,0.2814426210512762
athens,2026-05-16,3,2026-06-06,Flu ED visits pct,quantile,0.95,0.253261311919176
austin,2026-05-16,3,2026-06-06,Flu ED visits pct,quantile,0.95,0.24583823148453576
baltimore,2026-05-16,3,2026-06-06,Flu ED visits pct,quantile,0.95,0.22371944937659735
bangor,2026-05-16,3,2026-06-06,Flu ED visits pct,quantile,0.95,0.27840041701669893
beaumont,2026-05-16,3,2026-06-06,Flu ED visits pct,quantile,0.95,0.5699762207766856
boston,2026-05-16,3,2026-06-06,Flu ED visits pct,quantile,0.95,0.26448131188020413
boulder,2026-05-16,3,2026-06-06,Flu ED visits pct,quantile,0.95,0.6030134914327214
charleston,2026-05-16,3,2026-06-06,Flu ED visits pct,quantile,0.95,0.22018015316549086
cherokee,2026-05-16,3,2026-06-06,Flu ED visits pct,quantile,0.95,0.5695599887142676
clt-area,2026-05-16,3,2026-06-06,Flu ED visits pct,quantile,0.95,1.331393618148218
colorado,2026-05-16,3,2026-06-06,Flu ED visits pct,quantile,0.95,0.4455769120364329
colorado-springs,2026-05-16,3,2026-06-06,Flu ED visits pct,quantile,0.95,0.650275243484837
columbia,2026-05-16,3,2026-06-06,Flu ED visits pct,quantile,0.95,0.3107928863355137
columbus,2026-05-16,3,2026-06-06,Flu ED visits pct,quantile,0.95,0.7242337666429645
dallas,2026-05-16,3,2026-06-06,Flu ED visits pct,quantile,0.95,0.2600215488057279
denver,2026-05-16,3,2026-06-06,Flu ED visits pct,quantile,0.95,0.4118530453519128
deschutes,2026-05-16,3,2026-06-06,Flu ED visits pct,quantile,0.95,0.8114640085821031
duluth,2026-05-16,3,2026-06-06,Flu ED visits pct,quantile,0.95,0.37566523119069617
el-paso,2026-05-16,3,2026-06-06,Flu ED visits pct,quantile,0.95,2.3879051433261282
eugene,2026-05-16,3,2026-06-06,Flu ED visits pct,quantile,0.95,0.38694359785021665
fay-area,2026-05-16,3,2026-06-06,Flu ED visits pct,quantile,0.95,1.413421145367969
florence,2026-05-16,3,2026-06-06,Flu ED visits pct,quantile,0.95,0.3804216372316054
floyd,2026-05-16,3,2026-06-06,Flu ED visits pct,quantile,0.95,0.30375286546458496
frederick,2026-05-16,3,2026-06-06,Flu ED visits pct,quantile,0.95,1.6165331226934316
georgia,2026-05-16,3,2026-06-06,Flu ED visits pct,quantile,0.95,0.21903929575088638
greenville,2026-05-16,3,2026-06-06,Flu ED visits pct,quantile,0.95,0.3245541837285779
hall,2026-05-16,3,2026-06-06,Flu ED visits pct,quantile,0.95,0.22921744775273398
harford,2026-05-16,3,2026-06-06,Flu ED visits pct,quantile,0.95,0.16083047117523033
henry,2026-05-16,3,2026-06-06,Flu ED visits pct,quantile,0.95,0.19435675288286483
horry,2026-05-16,3,2026-06-06,Flu ED visits pct,quantile,0.95,0.3719548293962339
houston,2026-05-16,3,2026-06-06,Flu ED visits pct,quantile,0.95,0.4063198734098793
indiana,2026-05-16,3,2026-06-06,Flu ED visits pct,quantile,0.95,0.33829072780386216
indianapolis,2026-05-16,3,2026-06-06,Flu ED visits pct,quantile,0.95,0.2326919871900962
la-grange,2026-05-16,3,2026-06-06,Flu ED visits pct,quantile,0.95,0.32077379065918293
larimer,2026-05-16,3,2026-06-06,Flu ED visits pct,quantile,0.95,0.2839927714330585
lynn,2026-05-16,3,2026-06-06,Flu ED visits pct,quantile,0.95,0.3439132992517063
macon,2026-05-16,3,2026-06-06,Flu ED visits pct,quantile,0.95,0.5110165886085606
maine,2026-05-16,3,2026-06-06,Flu ED visits pct,quantile,0.95,0.4037004651830925
marietta,2026-05-16,3,2026-06-06,Flu ED visits pct,quantile,0.95,0.2151760374239922
maryland,2026-05-16,3,2026-06-06,Flu ED visits pct,quantile,0.95,0.23847980941426733
massachusetts,2026-05-16,3,2026-06-06,Flu ED visits pct,quantile,0.95,0.29865883372886626
medford,2026-05-16,3,2026-06-06,Flu ED visits pct,quantile,0.95,0.43134269395847513
mesa,2026-05-16,3,2026-06-06,Flu ED visits pct,quantile,0.95,0.5369445960312066
minneapolis,2026-05-16,3,2026-06-06,Flu ED visits pct,quantile,0.95,0.41125800558943976
minnesota,2026-05-16,3,2026-06-06,Flu ED visits pct,quantile,0.95,0.3543056503543674
montgomery,2026-05-16,3,2026-06-06,Flu ED visits pct,quantile,0.95,0.24935974908892378
nenc,2026-05-16,3,2026-06-06,Flu ED visits pct,quantile,0.95,0.25635321029632724
new-bedford,2026-05-16,3,2026-06-06,Flu ED visits pct,quantile,0.95,0.4219235822065429
north-carolina,2026-05-16,3,2026-06-06,Flu ED visits pct,quantile,0.95,0.6901140726465829
nyc,2026-05-16,3,2026-06-06,ILI ED visits pct,quantile,0.95,2.446917934069127
ogden,2026-05-16,3,2026-06-06,Flu ED visits pct,quantile,0.95,0.2620056331153201
oregon,2026-05-16,3,2026-06-06,Flu ED visits pct,quantile,0.95,0.4429432310811105
pittsfield,2026-05-16,3,2026-06-06,Flu ED visits pct,quantile,0.95,0.7296281562191929
portland,2026-05-16,3,2026-06-06,Flu ED visits pct,quantile,0.95,0.5566012202256875
portland-or,2026-05-16,3,2026-06-06,Flu ED visits pct,quantile,0.95,0.5195220527219319
provo,2026-05-16,3,2026-06-06,Flu ED visits pct,quantile,0.95,0.2712539761464425
roanoke,2026-05-16,3,2026-06-06,Flu ED visits pct,quantile,0.95,0.36262760085250356
rochester,2026-05-16,3,2026-06-06,Flu ED visits pct,quantile,0.95,0.23821296260697125
rock-hill,2026-05-16,3,2026-06-06,Flu ED visits pct,quantile,0.95,0.4940218376349276
rtp-area,2026-05-16,3,2026-06-06,Flu ED visits pct,quantile,0.95,0.1918151156914067
salem,2026-05-16,3,2026-06-06,Flu ED visits pct,quantile,0.95,0.4964253789239882
salt-lake-city,2026-05-16,3,2026-06-06,Flu ED visits pct,quantile,0.95,0.20347051269757802
san-antonio,2026-05-16,3,2026-06-06,Flu ED visits pct,quantile,0.95,0.24737205637171988
savannah,2026-05-16,3,2026-06-06,Flu ED visits pct,quantile,0.95,0.13063491702527627
senc,2026-05-16,3,2026-06-06,Flu ED visits pct,quantile,0.95,0.1830719845464136
south-augusta,2026-05-16,3,2026-06-06,Flu ED visits pct,quantile,0.95,0.2883491280691895
south-carolina,2026-05-16,3,2026-06-06,Flu ED visits pct,quantile,0.95,0.26455142825215666
springfield,2026-05-16,3,2026-06-06,Flu ED visits pct,quantile,0.95,0.5687068516609783
st-cloud,2026-05-16,3,2026-06-06,Flu ED visits pct,quantile,0.95,0.33970330985696534
st-paul,2026-05-16,3,2026-06-06,Flu ED visits pct,quantile,0.95,0.5880908579148889
texas,2026-05-16,3,2026-06-06,Flu ED visits pct,quantile,0.95,0.4305700918298447
triad-area,2026-05-16,3,2026-06-06,Flu ED visits pct,quantile,0.95,0.4326956058255472
utah,2026-05-16,3,2026-06-06,Flu ED visits pct,quantile,0.95,0.19690536744407974
virginia,2026-05-16,3,2026-06-06,Flu ED visits pct,quantile,0.95,0.2971167150224517
weld,2026-05-16,3,2026-06-06,Flu ED visits pct,quantile,0.95,0.6901556475462597
wnc,2026-05-16,3,2026-06-06,Flu ED visits pct,quantile,0.95,0.25832243855353326
worcester,2026-05-16,3,2026-06-06,Flu ED visits pct,quantile,0.95,0.29450827298977245
athens,2026-05-16,0,2026-05-16,Flu ED visits pct,quantile,0.975,0.2925910794010005
austin,2026-05-16,0,2026-05-16,Flu ED visits pct,quantile,0.975,0.2809249368370624
baltimore,2026-05-16,0,2026-05-16,Flu ED visits pct,quantile,0.975,0.2604208525527103
bangor,2026-05-16,0,2026-05-16,Flu ED visits pct,quantile,0.975,0.32171900625187977
beaumont,2026-05-16,0,2026-05-16,Flu ED visits pct,quantile,0.975,0.6598381021139131
boston,2026-05-16,0,2026-05-16,Flu ED visits pct,quantile,0.975,0.3141823997126477
boulder,2026-05-16,0,2026-05-16,Flu ED visits pct,quantile,0.975,0.6831327941845257
charleston,2026-05-16,0,2026-05-16,Flu ED visits pct,quantile,0.975,0.2537209388491622
cherokee,2026-05-16,0,2026-05-16,Flu ED visits pct,quantile,0.975,0.7078837962358637
clt-area,2026-05-16,0,2026-05-16,Flu ED visits pct,quantile,0.975,1.494622972352714
colorado,2026-05-16,0,2026-05-16,Flu ED visits pct,quantile,0.975,0.5120755776024208
colorado-springs,2026-05-16,0,2026-05-16,Flu ED visits pct,quantile,0.975,0.7339494629698817
columbia,2026-05-16,0,2026-05-16,Flu ED visits pct,quantile,0.975,0.36326926155411365
columbus,2026-05-16,0,2026-05-16,Flu ED visits pct,quantile,0.975,0.36518828741643056
dallas,2026-05-16,0,2026-05-16,Flu ED visits pct,quantile,0.975,0.31156933201769943
denver,2026-05-16,0,2026-05-16,Flu ED visits pct,quantile,0.975,0.46912416833774867
deschutes,2026-05-16,0,2026-05-16,Flu ED visits pct,quantile,0.975,0.9163100910523098
duluth,2026-05-16,0,2026-05-16,Flu ED visits pct,quantile,0.975,0.44081932460242906
el-paso,2026-05-16,0,2026-05-16,Flu ED visits pct,quantile,0.975,2.60794521039401
eugene,2026-05-16,0,2026-05-16,Flu ED visits pct,quantile,0.975,0.45550874529162744
fay-area,2026-05-16,0,2026-05-16,Flu ED visits pct,quantile,0.975,1.5505988738452223
florence,2026-05-16,0,2026-05-16,Flu ED visits pct,quantile,0.975,0.4266055849201572
floyd,2026-05-16,0,2026-05-16,Flu ED visits pct,quantile,0.975,0.34152699567210576
frederick,2026-05-16,0,2026-05-16,Flu ED visits pct,quantile,0.975,0.8144075670678691
georgia,2026-05-16,0,2026-05-16,Flu ED visits pct,quantile,0.975,0.26106741164827857
greenville,2026-05-16,0,2026-05-16,Flu ED visits pct,quantile,0.975,0.3941482295105989
hall,2026-05-16,0,2026-05-16,Flu ED visits pct,quantile,0.975,0.26933687548674023
harford,2026-05-16,0,2026-05-16,Flu ED visits pct,quantile,0.975,0.1489497423841531
henry,2026-05-16,0,2026-05-16,Flu ED visits pct,quantile,0.975,0.22665501569914331
horry,2026-05-16,0,2026-05-16,Flu ED visits pct,quantile,0.975,0.43998389669087545
houston,2026-05-16,0,2026-05-16,Flu ED visits pct,quantile,0.975,0.4513736823076338
indiana,2026-05-16,0,2026-05-16,Flu ED visits pct,quantile,0.975,0.2354745890593488
indianapolis,2026-05-16,0,2026-05-16,Flu ED visits pct,quantile,0.975,0.20136720170058325
la-grange,2026-05-16,0,2026-05-16,Flu ED visits pct,quantile,0.975,0.387498227665295
larimer,2026-05-16,0,2026-05-16,Flu ED visits pct,quantile,0.975,0.3294993663437011
lynn,2026-05-16,0,2026-05-16,Flu ED visits pct,quantile,0.975,0.40269663318545196
macon,2026-05-16,0,2026-05-16,Flu ED visits pct,quantile,0.975,0.5544321762626954
maine,2026-05-16,0,2026-05-16,Flu ED visits pct,quantile,0.975,0.47161380416736387
marietta,2026-05-16,0,2026-05-16,Flu ED visits pct,quantile,0.975,0.27149952137589484
maryland,2026-05-16,0,2026-05-16,Flu ED visits pct,quantile,0.975,0.2828746975945077
massachusetts,2026-05-16,0,2026-05-16,Flu ED visits pct,quantile,0.975,0.34839216170940024
medford,2026-05-16,0,2026-05-16,Flu ED visits pct,quantile,0.975,0.3292413781871786
mesa,2026-05-16,0,2026-05-16,Flu ED visits pct,quantile,0.975,0.6067481721272844
minneapolis,2026-05-16,0,2026-05-16,Flu ED visits pct,quantile,0.975,0.4658410226231769
minnesota,2026-05-16,0,2026-05-16,Flu ED visits pct,quantile,0.975,0.420585240721484
montgomery,2026-05-16,0,2026-05-16,Flu ED visits pct,quantile,0.975,0.2873330432230351
nenc,2026-05-16,0,2026-05-16,Flu ED visits pct,quantile,0.975,0.29580291387265645
new-bedford,2026-05-16,0,2026-05-16,Flu ED visits pct,quantile,0.975,0.48728405623445037
north-carolina,2026-05-16,0,2026-05-16,Flu ED visits pct,quantile,0.975,0.7726331237186294
nyc,2026-05-16,0,2026-05-16,ILI ED visits pct,quantile,0.975,2.6228830806999235
ogden,2026-05-16,0,2026-05-16,Flu ED visits pct,quantile,0.975,0.28661321868669803
oregon,2026-05-16,0,2026-05-16,Flu ED visits pct,quantile,0.975,0.4992520861385292
pittsfield,2026-05-16,0,2026-05-16,Flu ED visits pct,quantile,0.975,0.5118694029163069
portland,2026-05-16,0,2026-05-16,Flu ED visits pct,quantile,0.975,0.663932436013412
portland-or,2026-05-16,0,2026-05-16,Flu ED visits pct,quantile,0.975,0.5568324170152816
provo,2026-05-16,0,2026-05-16,Flu ED visits pct,quantile,0.975,0.31700719037085856
roanoke,2026-05-16,0,2026-05-16,Flu ED visits pct,quantile,0.975,0.4191392015486913
rochester,2026-05-16,0,2026-05-16,Flu ED visits pct,quantile,0.975,0.2760491060498124
rock-hill,2026-05-16,0,2026-05-16,Flu ED visits pct,quantile,0.975,0.6004609378799705
rtp-area,2026-05-16,0,2026-05-16,Flu ED visits pct,quantile,0.975,0.22575416526166203
salem,2026-05-16,0,2026-05-16,Flu ED visits pct,quantile,0.975,0.6121299362014909
salt-lake-city,2026-05-16,0,2026-05-16,Flu ED visits pct,quantile,0.975,0.2374312639193487
san-antonio,2026-05-16,0,2026-05-16,Flu ED visits pct,quantile,0.975,0.3014213808185217
savannah,2026-05-16,0,2026-05-16,Flu ED visits pct,quantile,0.975,0.10825538051503573
senc,2026-05-16,0,2026-05-16,Flu ED visits pct,quantile,0.975,0.23329828233536218
south-augusta,2026-05-16,0,2026-05-16,Flu ED visits pct,quantile,0.975,0.34904522116642733
south-carolina,2026-05-16,0,2026-05-16,Flu ED visits pct,quantile,0.975,0.34445318615038123
springfield,2026-05-16,0,2026-05-16,Flu ED visits pct,quantile,0.975,0.6414152308347091
st-cloud,2026-05-16,0,2026-05-16,Flu ED visits pct,quantile,0.975,0.3658637674190699
st-paul,2026-05-16,0,2026-05-16,Flu ED visits pct,quantile,0.975,0.6626001061647028
texas,2026-05-16,0,2026-05-16,Flu ED visits pct,quantile,0.975,0.4994373314350635
triad-area,2026-05-16,0,2026-05-16,Flu ED visits pct,quantile,0.975,0.4894508956009717
utah,2026-05-16,0,2026-05-16,Flu ED visits pct,quantile,0.975,0.2416881839497954
virginia,2026-05-16,0,2026-05-16,Flu ED visits pct,quantile,0.975,0.3614637192023018
weld,2026-05-16,0,2026-05-16,Flu ED visits pct,quantile,0.975,0.7703658919784412
wnc,2026-05-16,0,2026-05-16,Flu ED visits pct,quantile,0.975,0.2921546228415239
worcester,2026-05-16,0,2026-05-16,Flu ED visits pct,quantile,0.975,0.3476943937168557
athens,2026-05-16,1,2026-05-23,Flu ED visits pct,quantile,0.975,0.2926147724237658
austin,2026-05-16,1,2026-05-23,Flu ED visits pct,quantile,0.975,0.28055654884298215
baltimore,2026-05-16,1,2026-05-23,Flu ED visits pct,quantile,0.975,0.2587599043224763
bangor,2026-05-16,1,2026-05-23,Flu ED visits pct,quantile,0.975,0.3193968235247596
beaumont,2026-05-16,1,2026-05-23,Flu ED visits pct,quantile,0.975,0.6532357245921159
boston,2026-05-16,1,2026-05-23,Flu ED visits pct,quantile,0.975,0.3125698579829551
boulder,2026-05-16,1,2026-05-23,Flu ED visits pct,quantile,0.975,0.6776045976537549
charleston,2026-05-16,1,2026-05-23,Flu ED visits pct,quantile,0.975,0.2529186256127943
cherokee,2026-05-16,1,2026-05-23,Flu ED visits pct,quantile,0.975,0.7009621004650534
clt-area,2026-05-16,1,2026-05-23,Flu ED visits pct,quantile,0.975,1.4842152626772829
colorado,2026-05-16,1,2026-05-23,Flu ED visits pct,quantile,0.975,0.5093199531630432
colorado-springs,2026-05-16,1,2026-05-23,Flu ED visits pct,quantile,0.975,0.726486565640464
columbia,2026-05-16,1,2026-05-23,Flu ED visits pct,quantile,0.975,0.3626598436121961
columbus,2026-05-16,1,2026-05-23,Flu ED visits pct,quantile,0.975,0.4049319434121152
dallas,2026-05-16,1,2026-05-23,Flu ED visits pct,quantile,0.975,0.31180976621393736
denver,2026-05-16,1,2026-05-23,Flu ED visits pct,quantile,0.975,0.46377688672863066
deschutes,2026-05-16,1,2026-05-23,Flu ED visits pct,quantile,0.975,0.9459923985710139
duluth,2026-05-16,1,2026-05-23,Flu ED visits pct,quantile,0.975,0.4326432959477315
el-paso,2026-05-16,1,2026-05-23,Flu ED visits pct,quantile,0.975,2.6540588985659705
eugene,2026-05-16,1,2026-05-23,Flu ED visits pct,quantile,0.975,0.471017480218971
fay-area,2026-05-16,1,2026-05-23,Flu ED visits pct,quantile,0.975,1.5373983901963857
florence,2026-05-16,1,2026-05-23,Flu ED visits pct,quantile,0.975,0.440204100533757
floyd,2026-05-16,1,2026-05-23,Flu ED visits pct,quantile,0.975,0.33694135374382894
frederick,2026-05-16,1,2026-05-23,Flu ED visits pct,quantile,0.975,0.8856421979076973
georgia,2026-05-16,1,2026-05-23,Flu ED visits pct,quantile,0.975,0.25965845030393647
greenville,2026-05-16,1,2026-05-23,Flu ED visits pct,quantile,0.975,0.3901616098842439
hall,2026-05-16,1,2026-05-23,Flu ED visits pct,quantile,0.975,0.2681679416588179
harford,2026-05-16,1,2026-05-23,Flu ED visits pct,quantile,0.975,0.15057890671080543
henry,2026-05-16,1,2026-05-23,Flu ED visits pct,quantile,0.975,0.22255495976161854
horry,2026-05-16,1,2026-05-23,Flu ED visits pct,quantile,0.975,0.4420838620233189
houston,2026-05-16,1,2026-05-23,Flu ED visits pct,quantile,0.975,0.4505852279058627
indiana,2026-05-16,1,2026-05-23,Flu ED visits pct,quantile,0.975,0.2398260906988552
indianapolis,2026-05-16,1,2026-05-23,Flu ED visits pct,quantile,0.975,0.20581975919548123
la-grange,2026-05-16,1,2026-05-23,Flu ED visits pct,quantile,0.975,0.3889514798497014
larimer,2026-05-16,1,2026-05-23,Flu ED visits pct,quantile,0.975,0.325690091156597
lynn,2026-05-16,1,2026-05-23,Flu ED visits pct,quantile,0.975,0.3998773088273409
macon,2026-05-16,1,2026-05-23,Flu ED visits pct,quantile,0.975,0.5789543284678059
maine,2026-05-16,1,2026-05-23,Flu ED visits pct,quantile,0.975,0.4614219679169008
marietta,2026-05-16,1,2026-05-23,Flu ED visits pct,quantile,0.975,0.273177102858562
maryland,2026-05-16,1,2026-05-23,Flu ED visits pct,quantile,0.975,0.2825804120997613
massachusetts,2026-05-16,1,2026-05-23,Flu ED visits pct,quantile,0.975,0.34489852764602885
medford,2026-05-16,1,2026-05-23,Flu ED visits pct,quantile,0.975,0.3981502878583896
mesa,2026-05-16,1,2026-05-23,Flu ED visits pct,quantile,0.975,0.6499808404932298
minneapolis,2026-05-16,1,2026-05-23,Flu ED visits pct,quantile,0.975,0.4630475365456214
minnesota,2026-05-16,1,2026-05-23,Flu ED visits pct,quantile,0.975,0.4183509987092688
montgomery,2026-05-16,1,2026-05-23,Flu ED visits pct,quantile,0.975,0.28357430382918375
nenc,2026-05-16,1,2026-05-23,Flu ED visits pct,quantile,0.975,0.2912209819281211
new-bedford,2026-05-16,1,2026-05-23,Flu ED visits pct,quantile,0.975,0.47963302567998223
north-carolina,2026-05-16,1,2026-05-23,Flu ED visits pct,quantile,0.975,0.7681324903950488
nyc,2026-05-16,1,2026-05-23,ILI ED visits pct,quantile,0.975,2.627424266577828
ogden,2026-05-16,1,2026-05-23,Flu ED visits pct,quantile,0.975,0.29651003759154454
oregon,2026-05-16,1,2026-05-23,Flu ED visits pct,quantile,0.975,0.4998852960883633
pittsfield,2026-05-16,1,2026-05-23,Flu ED visits pct,quantile,0.975,0.5255290185642008
portland,2026-05-16,1,2026-05-23,Flu ED visits pct,quantile,0.975,0.6606381816112373
portland-or,2026-05-16,1,2026-05-23,Flu ED visits pct,quantile,0.975,0.5577949799715869
provo,2026-05-16,1,2026-05-23,Flu ED visits pct,quantile,0.975,0.3163686229492466
roanoke,2026-05-16,1,2026-05-23,Flu ED visits pct,quantile,0.975,0.413928334002823
rochester,2026-05-16,1,2026-05-23,Flu ED visits pct,quantile,0.975,0.27228742799386146
rock-hill,2026-05-16,1,2026-05-23,Flu ED visits pct,quantile,0.975,0.6259753513085513
rtp-area,2026-05-16,1,2026-05-23,Flu ED visits pct,quantile,0.975,0.22390747902313246
salem,2026-05-16,1,2026-05-23,Flu ED visits pct,quantile,0.975,0.6157005692791286
salt-lake-city,2026-05-16,1,2026-05-23,Flu ED visits pct,quantile,0.975,0.23906454836982055
san-antonio,2026-05-16,1,2026-05-23,Flu ED visits pct,quantile,0.975,0.3009814941476872
savannah,2026-05-16,1,2026-05-23,Flu ED visits pct,quantile,0.975,0.11078642022943594
senc,2026-05-16,1,2026-05-23,Flu ED visits pct,quantile,0.975,0.22929280058571128
south-augusta,2026-05-16,1,2026-05-23,Flu ED visits pct,quantile,0.975,0.34576445077856094
south-carolina,2026-05-16,1,2026-05-23,Flu ED visits pct,quantile,0.975,0.3428107072283996
springfield,2026-05-16,1,2026-05-23,Flu ED visits pct,quantile,0.975,0.6256256490393581
st-cloud,2026-05-16,1,2026-05-23,Flu ED visits pct,quantile,0.975,0.35829578722760064
st-paul,2026-05-16,1,2026-05-23,Flu ED visits pct,quantile,0.975,0.6583064826871922
texas,2026-05-16,1,2026-05-23,Flu ED visits pct,quantile,0.975,0.49859166754669804
triad-area,2026-05-16,1,2026-05-23,Flu ED visits pct,quantile,0.975,0.48116114255604203
utah,2026-05-16,1,2026-05-23,Flu ED visits pct,quantile,0.975,0.24074782946859663
virginia,2026-05-16,1,2026-05-23,Flu ED visits pct,quantile,0.975,0.3590636642848366
weld,2026-05-16,1,2026-05-23,Flu ED visits pct,quantile,0.975,0.7835465464906242
wnc,2026-05-16,1,2026-05-23,Flu ED visits pct,quantile,0.975,0.28863850535912144
worcester,2026-05-16,1,2026-05-23,Flu ED visits pct,quantile,0.975,0.34535935115156197
athens,2026-05-16,2,2026-05-30,Flu ED visits pct,quantile,0.975,0.2886876623054006
austin,2026-05-16,2,2026-05-30,Flu ED visits pct,quantile,0.975,0.2714929306314682
baltimore,2026-05-16,2,2026-05-30,Flu ED visits pct,quantile,0.975,0.2587086694037804
bangor,2026-05-16,2,2026-05-30,Flu ED visits pct,quantile,0.975,0.31554270985084665
beaumont,2026-05-16,2,2026-05-30,Flu ED visits pct,quantile,0.975,0.64776855862823
boston,2026-05-16,2,2026-05-30,Flu ED visits pct,quantile,0.975,0.3105887279477829
boulder,2026-05-16,2,2026-05-30,Flu ED visits pct,quantile,0.975,0.6770694522904644
charleston,2026-05-16,2,2026-05-30,Flu ED visits pct,quantile,0.975,0.2507297336053235
cherokee,2026-05-16,2,2026-05-30,Flu ED visits pct,quantile,0.975,0.6880751572382628
clt-area,2026-05-16,2,2026-05-30,Flu ED visits pct,quantile,0.975,1.464228794502303
colorado,2026-05-16,2,2026-05-30,Flu ED visits pct,quantile,0.975,0.5109643186386662
colorado-springs,2026-05-16,2,2026-05-30,Flu ED visits pct,quantile,0.975,0.7213987631000267
columbia,2026-05-16,2,2026-05-30,Flu ED visits pct,quantile,0.975,0.3604521831799997
columbus,2026-05-16,2,2026-05-30,Flu ED visits pct,quantile,0.975,0.867655439569407
dallas,2026-05-16,2,2026-05-30,Flu ED visits pct,quantile,0.975,0.31140329646247944
denver,2026-05-16,2,2026-05-30,Flu ED visits pct,quantile,0.975,0.46113292918566334
deschutes,2026-05-16,2,2026-05-30,Flu ED visits pct,quantile,0.975,0.949024664601486
duluth,2026-05-16,2,2026-05-30,Flu ED visits pct,quantile,0.975,0.4269981885662858
el-paso,2026-05-16,2,2026-05-30,Flu ED visits pct,quantile,0.975,2.644450733452309
eugene,2026-05-16,2,2026-05-30,Flu ED visits pct,quantile,0.975,0.46905602150900777
fay-area,2026-05-16,2,2026-05-30,Flu ED visits pct,quantile,0.975,1.5261786640654549
florence,2026-05-16,2,2026-05-30,Flu ED visits pct,quantile,0.975,0.43867693097713273
floyd,2026-05-16,2,2026-05-30,Flu ED visits pct,quantile,0.975,0.3365851621713121
frederick,2026-05-16,2,2026-05-30,Flu ED visits pct,quantile,0.975,1.9371769565915813
georgia,2026-05-16,2,2026-05-30,Flu ED visits pct,quantile,0.975,0.2593733344739857
greenville,2026-05-16,2,2026-05-30,Flu ED visits pct,quantile,0.975,0.3845228258092717
hall,2026-05-16,2,2026-05-30,Flu ED visits pct,quantile,0.975,0.2746219011030009
harford,2026-05-16,2,2026-05-30,Flu ED visits pct,quantile,0.975,0.15495603633710456
henry,2026-05-16,2,2026-05-30,Flu ED visits pct,quantile,0.975,0.2218422855104248
horry,2026-05-16,2,2026-05-30,Flu ED visits pct,quantile,0.975,0.4396651310498988
houston,2026-05-16,2,2026-05-30,Flu ED visits pct,quantile,0.975,0.4498246577563598
indiana,2026-05-16,2,2026-05-30,Flu ED visits pct,quantile,0.975,0.2633542323600425
indianapolis,2026-05-16,2,2026-05-30,Flu ED visits pct,quantile,0.975,0.21967136611649024
la-grange,2026-05-16,2,2026-05-30,Flu ED visits pct,quantile,0.975,0.4105942640793761
larimer,2026-05-16,2,2026-05-30,Flu ED visits pct,quantile,0.975,0.32104012577491386
lynn,2026-05-16,2,2026-05-30,Flu ED visits pct,quantile,0.975,0.4014712743775715
macon,2026-05-16,2,2026-05-30,Flu ED visits pct,quantile,0.975,0.5803782333987343
maine,2026-05-16,2,2026-05-30,Flu ED visits pct,quantile,0.975,0.46054372967066376
marietta,2026-05-16,2,2026-05-30,Flu ED visits pct,quantile,0.975,0.27091520064803853
maryland,2026-05-16,2,2026-05-30,Flu ED visits pct,quantile,0.975,0.27983405234462116
massachusetts,2026-05-16,2,2026-05-30,Flu ED visits pct,quantile,0.975,0.34994036609815277
medford,2026-05-16,2,2026-05-30,Flu ED visits pct,quantile,0.975,0.44578370165028625
mesa,2026-05-16,2,2026-05-30,Flu ED visits pct,quantile,0.975,0.6740027747399393
minneapolis,2026-05-16,2,2026-05-30,Flu ED visits pct,quantile,0.975,0.4593911394091779
minnesota,2026-05-16,2,2026-05-30,Flu ED visits pct,quantile,0.975,0.4154091738914863
montgomery,2026-05-16,2,2026-05-30,Flu ED visits pct,quantile,0.975,0.2816162986219735
nenc,2026-05-16,2,2026-05-30,Flu ED visits pct,quantile,0.975,0.2867210156844943
new-bedford,2026-05-16,2,2026-05-30,Flu ED visits pct,quantile,0.975,0.4823887143729882
north-carolina,2026-05-16,2,2026-05-30,Flu ED visits pct,quantile,0.975,0.7611745852226081
nyc,2026-05-16,2,2026-05-30,ILI ED visits pct,quantile,0.975,2.622635555365252
ogden,2026-05-16,2,2026-05-30,Flu ED visits pct,quantile,0.975,0.2973173868351874
oregon,2026-05-16,2,2026-05-30,Flu ED visits pct,quantile,0.975,0.5003911853567927
pittsfield,2026-05-16,2,2026-05-30,Flu ED visits pct,quantile,0.975,1.0921259918672865
portland,2026-05-16,2,2026-05-30,Flu ED visits pct,quantile,0.975,0.6561638085769192
portland-or,2026-05-16,2,2026-05-30,Flu ED visits pct,quantile,0.975,0.5594781053264676
provo,2026-05-16,2,2026-05-30,Flu ED visits pct,quantile,0.975,0.31607995921982873
roanoke,2026-05-16,2,2026-05-30,Flu ED visits pct,quantile,0.975,0.4134679788019481
rochester,2026-05-16,2,2026-05-30,Flu ED visits pct,quantile,0.975,0.2766197485880391
rock-hill,2026-05-16,2,2026-05-30,Flu ED visits pct,quantile,0.975,0.6115378851235865
rtp-area,2026-05-16,2,2026-05-30,Flu ED visits pct,quantile,0.975,0.2204457402635379
salem,2026-05-16,2,2026-05-30,Flu ED visits pct,quantile,0.975,0.5978416418685016
salt-lake-city,2026-05-16,2,2026-05-30,Flu ED visits pct,quantile,0.975,0.2366163029371367
san-antonio,2026-05-16,2,2026-05-30,Flu ED visits pct,quantile,0.975,0.30015561190530715
savannah,2026-05-16,2,2026-05-30,Flu ED visits pct,quantile,0.975,0.12759663833658053
senc,2026-05-16,2,2026-05-30,Flu ED visits pct,quantile,0.975,0.2288789468233377
south-augusta,2026-05-16,2,2026-05-30,Flu ED visits pct,quantile,0.975,0.35287262847944983
south-carolina,2026-05-16,2,2026-05-30,Flu ED visits pct,quantile,0.975,0.36657460452095797
springfield,2026-05-16,2,2026-05-30,Flu ED visits pct,quantile,0.975,0.6949948860264663
st-cloud,2026-05-16,2,2026-05-30,Flu ED visits pct,quantile,0.975,0.37584639048628754
st-paul,2026-05-16,2,2026-05-30,Flu ED visits pct,quantile,0.975,0.6477109789955141
texas,2026-05-16,2,2026-05-30,Flu ED visits pct,quantile,0.975,0.49755913460190493
triad-area,2026-05-16,2,2026-05-30,Flu ED visits pct,quantile,0.975,0.477239649887215
utah,2026-05-16,2,2026-05-30,Flu ED visits pct,quantile,0.975,0.23951179130317168
virginia,2026-05-16,2,2026-05-30,Flu ED visits pct,quantile,0.975,0.361412472920259
weld,2026-05-16,2,2026-05-30,Flu ED visits pct,quantile,0.975,0.7745543312276525
wnc,2026-05-16,2,2026-05-30,Flu ED visits pct,quantile,0.975,0.2818287672557698
worcester,2026-05-16,2,2026-05-30,Flu ED visits pct,quantile,0.975,0.35199501531404187
athens,2026-05-16,3,2026-06-06,Flu ED visits pct,quantile,0.975,0.31264786314125614
austin,2026-05-16,3,2026-06-06,Flu ED visits pct,quantile,0.975,0.2931672083023737
baltimore,2026-05-16,3,2026-06-06,Flu ED visits pct,quantile,0.975,0.27214579801369426
bangor,2026-05-16,3,2026-06-06,Flu ED visits pct,quantile,0.975,0.3387518458391811
beaumont,2026-05-16,3,2026-06-06,Flu ED visits pct,quantile,0.975,0.6822632611638729
boston,2026-05-16,3,2026-06-06,Flu ED visits pct,quantile,0.975,0.33353968652314436
boulder,2026-05-16,3,2026-06-06,Flu ED visits pct,quantile,0.975,0.6863960617191939
charleston,2026-05-16,3,2026-06-06,Flu ED visits pct,quantile,0.975,0.2638563931697042
cherokee,2026-05-16,3,2026-06-06,Flu ED visits pct,quantile,0.975,0.725081413181202
clt-area,2026-05-16,3,2026-06-06,Flu ED visits pct,quantile,0.975,1.4978579720093628
colorado,2026-05-16,3,2026-06-06,Flu ED visits pct,quantile,0.975,0.5411815655167231
colorado-springs,2026-05-16,3,2026-06-06,Flu ED visits pct,quantile,0.975,0.7389651456802324
columbia,2026-05-16,3,2026-06-06,Flu ED visits pct,quantile,0.975,0.38837103743589413
columbus,2026-05-16,3,2026-06-06,Flu ED visits pct,quantile,0.975,1.5853017900878748
dallas,2026-05-16,3,2026-06-06,Flu ED visits pct,quantile,0.975,0.3304054832964834
denver,2026-05-16,3,2026-06-06,Flu ED visits pct,quantile,0.975,0.47884135598071337
deschutes,2026-05-16,3,2026-06-06,Flu ED visits pct,quantile,0.975,0.9903217383563152
duluth,2026-05-16,3,2026-06-06,Flu ED visits pct,quantile,0.975,0.4456416331318248
el-paso,2026-05-16,3,2026-06-06,Flu ED visits pct,quantile,0.975,2.710313475674444
eugene,2026-05-16,3,2026-06-06,Flu ED visits pct,quantile,0.975,0.48546572917325437
fay-area,2026-05-16,3,2026-06-06,Flu ED visits pct,quantile,0.975,1.5733256351464489
florence,2026-05-16,3,2026-06-06,Flu ED visits pct,quantile,0.975,0.46614640556904496
floyd,2026-05-16,3,2026-06-06,Flu ED visits pct,quantile,0.975,0.3608938680451709
frederick,2026-05-16,3,2026-06-06,Flu ED visits pct,quantile,0.975,2.8181900167015685
georgia,2026-05-16,3,2026-06-06,Flu ED visits pct,quantile,0.975,0.27790525653415915
greenville,2026-05-16,3,2026-06-06,Flu ED visits pct,quantile,0.975,0.40586623753963164
hall,2026-05-16,3,2026-06-06,Flu ED visits pct,quantile,0.975,0.3070723160898812
harford,2026-05-16,3,2026-06-06,Flu ED visits pct,quantile,0.975,0.17732565068858291
henry,2026-05-16,3,2026-06-06,Flu ED visits pct,quantile,0.975,0.23371211608841175
horry,2026-05-16,3,2026-06-06,Flu ED visits pct,quantile,0.975,0.4698205849651058
houston,2026-05-16,3,2026-06-06,Flu ED visits pct,quantile,0.975,0.47646773364395184
indiana,2026-05-16,3,2026-06-06,Flu ED visits pct,quantile,0.975,0.42904683497743096
indianapolis,2026-05-16,3,2026-06-06,Flu ED visits pct,quantile,0.975,0.3097886407073621
la-grange,2026-05-16,3,2026-06-06,Flu ED visits pct,quantile,0.975,0.42068175588507845
larimer,2026-05-16,3,2026-06-06,Flu ED visits pct,quantile,0.975,0.3261933625605328
lynn,2026-05-16,3,2026-06-06,Flu ED visits pct,quantile,0.975,0.4221575802260399
macon,2026-05-16,3,2026-06-06,Flu ED visits pct,quantile,0.975,0.5988319046480164
maine,2026-05-16,3,2026-06-06,Flu ED visits pct,quantile,0.975,0.480184248484456
marietta,2026-05-16,3,2026-06-06,Flu ED visits pct,quantile,0.975,0.29175063896594455
maryland,2026-05-16,3,2026-06-06,Flu ED visits pct,quantile,0.975,0.30912101305328976
massachusetts,2026-05-16,3,2026-06-06,Flu ED visits pct,quantile,0.975,0.38108217275818984
medford,2026-05-16,3,2026-06-06,Flu ED visits pct,quantile,0.975,0.4955200178587723
mesa,2026-05-16,3,2026-06-06,Flu ED visits pct,quantile,0.975,0.7109753235103949
minneapolis,2026-05-16,3,2026-06-06,Flu ED visits pct,quantile,0.975,0.4847148082194185
minnesota,2026-05-16,3,2026-06-06,Flu ED visits pct,quantile,0.975,0.4413427870189781
montgomery,2026-05-16,3,2026-06-06,Flu ED visits pct,quantile,0.975,0.31108959959898214
nenc,2026-05-16,3,2026-06-06,Flu ED visits pct,quantile,0.975,0.3033957576978502
new-bedford,2026-05-16,3,2026-06-06,Flu ED visits pct,quantile,0.975,0.5092491748457719
north-carolina,2026-05-16,3,2026-06-06,Flu ED visits pct,quantile,0.975,0.7829880691586879
nyc,2026-05-16,3,2026-06-06,ILI ED visits pct,quantile,0.975,2.701113407183412
ogden,2026-05-16,3,2026-06-06,Flu ED visits pct,quantile,0.975,0.3178364373869049
oregon,2026-05-16,3,2026-06-06,Flu ED visits pct,quantile,0.975,0.5248228094732729
pittsfield,2026-05-16,3,2026-06-06,Flu ED visits pct,quantile,0.975,1.6671217397849176
portland,2026-05-16,3,2026-06-06,Flu ED visits pct,quantile,0.975,0.6799562364127748
portland-or,2026-05-16,3,2026-06-06,Flu ED visits pct,quantile,0.975,0.5936469665044781
provo,2026-05-16,3,2026-06-06,Flu ED visits pct,quantile,0.975,0.3405999903781815
roanoke,2026-05-16,3,2026-06-06,Flu ED visits pct,quantile,0.975,0.4340866712431252
rochester,2026-05-16,3,2026-06-06,Flu ED visits pct,quantile,0.975,0.30457498493977125
rock-hill,2026-05-16,3,2026-06-06,Flu ED visits pct,quantile,0.975,0.6522972878263154
rtp-area,2026-05-16,3,2026-06-06,Flu ED visits pct,quantile,0.975,0.2332868573198021
salem,2026-05-16,3,2026-06-06,Flu ED visits pct,quantile,0.975,0.6168052816485851
salt-lake-city,2026-05-16,3,2026-06-06,Flu ED visits pct,quantile,0.975,0.25172820055637357
san-antonio,2026-05-16,3,2026-06-06,Flu ED visits pct,quantile,0.975,0.32520899283662424
savannah,2026-05-16,3,2026-06-06,Flu ED visits pct,quantile,0.975,0.1783059503898142
senc,2026-05-16,3,2026-06-06,Flu ED visits pct,quantile,0.975,0.23818172104205113
south-augusta,2026-05-16,3,2026-06-06,Flu ED visits pct,quantile,0.975,0.3623803709475026
south-carolina,2026-05-16,3,2026-06-06,Flu ED visits pct,quantile,0.975,0.42605418063038775
springfield,2026-05-16,3,2026-06-06,Flu ED visits pct,quantile,0.975,0.8193023388557663
st-cloud,2026-05-16,3,2026-06-06,Flu ED visits pct,quantile,0.975,0.3924441645683616
st-paul,2026-05-16,3,2026-06-06,Flu ED visits pct,quantile,0.975,0.6801814849623137
texas,2026-05-16,3,2026-06-06,Flu ED visits pct,quantile,0.975,0.535276508541994
triad-area,2026-05-16,3,2026-06-06,Flu ED visits pct,quantile,0.975,0.4966990515211851
utah,2026-05-16,3,2026-06-06,Flu ED visits pct,quantile,0.975,0.2600152593703847
virginia,2026-05-16,3,2026-06-06,Flu ED visits pct,quantile,0.975,0.3995531739304994
weld,2026-05-16,3,2026-06-06,Flu ED visits pct,quantile,0.975,0.8219250184376593
wnc,2026-05-16,3,2026-06-06,Flu ED visits pct,quantile,0.975,0.2966374703707301
worcester,2026-05-16,3,2026-06-06,Flu ED visits pct,quantile,0.975,0.397299532582704
