location,reference_date,horizon,target_end_date,target,output_type,output_type_id,value
athens,2025-12-20,0,2025-12-20,Flu ED visits pct,quantile,0.025,0.7149600502417996
austin,2025-12-20,0,2025-12-20,Flu ED visits pct,quantile,0.025,0.6224164846399116
baltimore,2025-12-20,0,2025-12-20,Flu ED visits pct,quantile,0.025,0.513375054696086
bangor,2025-12-20,0,2025-12-20,Flu ED visits pct,quantile,0.025,0.23688489000650834
beaumont,2025-12-20,0,2025-12-20,Flu ED visits pct,quantile,0.025,2.102240963793575
boston,2025-12-20,0,2025-12-20,Flu ED visits pct,quantile,0.025,0.4021554321457637
boulder,2025-12-20,0,2025-12-20,Flu ED visits pct,quantile,0.025,0.5673706635804143
charleston,2025-12-20,0,2025-12-20,Flu ED visits pct,quantile,0.025,0.4336126542475743
cherokee,2025-12-20,0,2025-12-20,Flu ED visits pct,quantile,0.025,0.7098550203944588
clt-area,2025-12-20,0,2025-12-20,Flu ED visits pct,quantile,0.025,3.4116875014329042
colorado,2025-12-20,0,2025-12-20,Flu ED visits pct,quantile,0.025,0.40906469305065946
colorado-springs,2025-12-20,0,2025-12-20,Flu ED visits pct,quantile,0.025,0.4731275382129185
columbia,2025-12-20,0,2025-12-20,Flu ED visits pct,quantile,0.025,0.33362966683562145
columbus,2025-12-20,0,2025-12-20,Flu ED visits pct,quantile,0.025,0.10237720453962303
dallas,2025-12-20,0,2025-12-20,Flu ED visits pct,quantile,0.025,0.6619191820993585
denver,2025-12-20,0,2025-12-20,Flu ED visits pct,quantile,0.025,0.416787815048051
deschutes,2025-12-20,0,2025-12-20,Flu ED visits pct,quantile,0.025,0.1423200800256964
duluth,2025-12-20,0,2025-12-20,Flu ED visits pct,quantile,0.025,0.10468785784895723
el-paso,2025-12-20,0,2025-12-20,Flu ED visits pct,quantile,0.025,0.4798114172387443
eugene,2025-12-20,0,2025-12-20,Flu ED visits pct,quantile,0.025,0.0787543587226773
fay-area,2025-12-20,0,2025-12-20,Flu ED visits pct,quantile,0.025,2.3010381914472067
florence,2025-12-20,0,2025-12-20,Flu ED visits pct,quantile,0.025,0.387405233931608
floyd,2025-12-20,0,2025-12-20,Flu ED visits pct,quantile,0.025,0.5789646261800167
frederick,2025-12-20,0,2025-12-20,Flu ED visits pct,quantile,0.025,0.34864587629479515
georgia,2025-12-20,0,2025-12-20,Flu ED visits pct,quantile,0.025,0.6990306473345652
greenville,2025-12-20,0,2025-12-20,Flu ED visits pct,quantile,0.025,0.48923122228026333
hall,2025-12-20,0,2025-12-20,Flu ED visits pct,quantile,0.025,0.33660605816122846
harford,2025-12-20,0,2025-12-20,Flu ED visits pct,quantile,0.025,0.29519369582156463
henry,2025-12-20,0,2025-12-20,Flu ED visits pct,quantile,0.025,0.4094597645501801
horry,2025-12-20,0,2025-12-20,Flu ED visits pct,quantile,0.025,0.39964330308702434
houston,2025-12-20,0,2025-12-20,Flu ED visits pct,quantile,0.025,0.6649904182688657
indiana,2025-12-20,0,2025-12-20,Flu ED visits pct,quantile,0.025,0.4590001842686606
indianapolis,2025-12-20,0,2025-12-20,Flu ED visits pct,quantile,0.025,0.3094902045402905
la-grange,2025-12-20,0,2025-12-20,Flu ED visits pct,quantile,0.025,0.5878436332346816
larimer,2025-12-20,0,2025-12-20,Flu ED visits pct,quantile,0.025,0.39565355766022975
lynn,2025-12-20,0,2025-12-20,Flu ED visits pct,quantile,0.025,0.5715824525895772
macon,2025-12-20,0,2025-12-20,Flu ED visits pct,quantile,0.025,0.5454772338133537
maine,2025-12-20,0,2025-12-20,Flu ED visits pct,quantile,0.025,0.48698400057093966
marietta,2025-12-20,0,2025-12-20,Flu ED visits pct,quantile,0.025,0.22564779677181807
maryland,2025-12-20,0,2025-12-20,Flu ED visits pct,quantile,0.025,0.4875720745497652
massachusetts,2025-12-20,0,2025-12-20,Flu ED visits pct,quantile,0.025,0.7010169885222736
medford,2025-12-20,0,2025-12-20,Flu ED visits pct,quantile,0.025,0.03343430509276653
mesa,2025-12-20,0,2025-12-20,Flu ED visits pct,quantile,0.025,0.23619827533713605
minneapolis,2025-12-20,0,2025-12-20,Flu ED visits pct,quantile,0.025,0.30777331589746276
minnesota,2025-12-20,0,2025-12-20,Flu ED visits pct,quantile,0.025,0.5234597891275492
montgomery,2025-12-20,0,2025-12-20,Flu ED visits pct,quantile,0.025,0.5428250313120602
nenc,2025-12-20,0,2025-12-20,Flu ED visits pct,quantile,0.025,2.187295421998285
new-bedford,2025-12-20,0,2025-12-20,Flu ED visits pct,quantile,0.025,0.705662569741896
north-carolina,2025-12-20,0,2025-12-20,Flu ED visits pct,quantile,0.025,1.7470360179742486
nyc,2025-12-20,0,2025-12-20,ILI ED visits pct,quantile,0.025,3.9563098368439604
ogden,2025-12-20,0,2025-12-20,Flu ED visits pct,quantile,0.025,0.5313085040589307
oregon,2025-12-20,0,2025-12-20,Flu ED visits pct,quantile,0.025,0.34894207407430555
pittsfield,2025-12-20,0,2025-12-20,Flu ED visits pct,quantile,0.025,0.15547669699175093
portland,2025-12-20,0,2025-12-20,Flu ED visits pct,quantile,0.025,0.23357433038549222
portland-or,2025-12-20,0,2025-12-20,Flu ED visits pct,quantile,0.025,0.37237195124600453
provo,2025-12-20,0,2025-12-20,Flu ED visits pct,quantile,0.025,0.722501649131884
roanoke,2025-12-20,0,2025-12-20,Flu ED visits pct,quantile,0.025,0.43485199407271596
rochester,2025-12-20,0,2025-12-20,Flu ED visits pct,quantile,0.025,0.1987598718687273
rock-hill,2025-12-20,0,2025-12-20,Flu ED visits pct,quantile,0.025,0.5559544185319905
rtp-area,2025-12-20,0,2025-12-20,Flu ED visits pct,quantile,0.025,1.3154524423599732
salem,2025-12-20,0,2025-12-20,Flu ED visits pct,quantile,0.025,0.29903375581455893
salt-lake-city,2025-12-20,0,2025-12-20,Flu ED visits pct,quantile,0.025,0.6167201197147665
san-antonio,2025-12-20,0,2025-12-20,Flu ED visits pct,quantile,0.025,0.5533472260411569
savannah,2025-12-20,0,2025-12-20,Flu ED visits pct,quantile,0.025,0.16384311549646943
senc,2025-12-20,0,2025-12-20,Flu ED visits pct,quantile,0.025,0.5724296228318578
south-augusta,2025-12-20,0,2025-12-20,Flu ED visits pct,quantile,0.025,0.16396678036583268
south-carolina,2025-12-20,0,2025-12-20,Flu ED visits pct,quantile,0.025,0.6768504553876434
springfield,2025-12-20,0,2025-12-20,Flu ED visits pct,quantile,0.025,0.3431653652833323
st-cloud,2025-12-20,0,2025-12-20,Flu ED visits pct,quantile,0.025,0.15851510502739194
st-paul,2025-12-20,0,2025-12-20,Flu ED visits pct,quantile,0.025,0.4760972347684582
texas,2025-12-20,0,2025-12-20,Flu ED visits pct,quantile,0.025,1.0816481281330736
triad-area,2025-12-20,0,2025-12-20,Flu ED visits pct,quantile,0.025,1.5915942935546565
utah,2025-12-20,0,2025-12-20,Flu ED visits pct,quantile,0.025,0.7387321339559073
virginia,2025-12-20,0,2025-12-20,Flu ED visits pct,quantile,0.025,0.39873206967029196
weld,2025-12-20,0,2025-12-20,Flu ED visits pct,quantile,0.025,1.0944677432739787
wnc,2025-12-20,0,2025-12-20,Flu ED visits pct,quantile,0.025,1.0596059956497939
worcester,2025-12-20,0,2025-12-20,Flu ED visits pct,quantile,0.025,0.06830570188227778
athens,2025-12-20,1,2025-12-27,Flu ED visits pct,quantile,0.025,0.6304608653731403
austin,2025-12-20,1,2025-12-27,Flu ED visits pct,quantile,0.025,0.5463300980219795
baltimore,2025-12-20,1,2025-12-27,Flu ED visits pct,quantile,0.025,0.39972161067285217
bangor,2025-12-20,1,2025-12-27,Flu ED visits pct,quantile,0.025,0.21094808465223153
beaumont,2025-12-20,1,2025-12-27,Flu ED visits pct,quantile,0.025,1.842096455519863
boston,2025-12-20,1,2025-12-27,Flu ED visits pct,quantile,0.025,0.32888703144205844
boulder,2025-12-20,1,2025-12-27,Flu ED visits pct,quantile,0.025,0.47739136730432036
charleston,2025-12-20,1,2025-12-27,Flu ED visits pct,quantile,0.025,0.3806242211206505
cherokee,2025-12-20,1,2025-12-27,Flu ED visits pct,quantile,0.025,0.6075642594590706
clt-area,2025-12-20,1,2025-12-27,Flu ED visits pct,quantile,0.025,3.1204357484432217
colorado,2025-12-20,1,2025-12-27,Flu ED visits pct,quantile,0.025,0.3033208750984112
colorado-springs,2025-12-20,1,2025-12-27,Flu ED visits pct,quantile,0.025,0.3808355397706511
columbia,2025-12-20,1,2025-12-27,Flu ED visits pct,quantile,0.025,0.29836799894096433
columbus,2025-12-20,1,2025-12-27,Flu ED visits pct,quantile,0.025,0.08721192523902822
dallas,2025-12-20,1,2025-12-27,Flu ED visits pct,quantile,0.025,0.5787028830330605
denver,2025-12-20,1,2025-12-27,Flu ED visits pct,quantile,0.025,0.28153957343765906
deschutes,2025-12-20,1,2025-12-27,Flu ED visits pct,quantile,0.025,0.12678375178970178
duluth,2025-12-20,1,2025-12-27,Flu ED visits pct,quantile,0.025,0.09364540444556167
el-paso,2025-12-20,1,2025-12-27,Flu ED visits pct,quantile,0.025,0.3629778436071746
eugene,2025-12-20,1,2025-12-27,Flu ED visits pct,quantile,0.025,0.07007108195410806
fay-area,2025-12-20,1,2025-12-27,Flu ED visits pct,quantile,0.025,2.090022583683893
florence,2025-12-20,1,2025-12-27,Flu ED visits pct,quantile,0.025,0.33562830742317795
floyd,2025-12-20,1,2025-12-27,Flu ED visits pct,quantile,0.025,0.5003899814118007
frederick,2025-12-20,1,2025-12-27,Flu ED visits pct,quantile,0.025,0.3041746136256829
georgia,2025-12-20,1,2025-12-27,Flu ED visits pct,quantile,0.025,0.6303498603133404
greenville,2025-12-20,1,2025-12-27,Flu ED visits pct,quantile,0.025,0.41239704969204266
hall,2025-12-20,1,2025-12-27,Flu ED visits pct,quantile,0.025,0.30165274298945116
harford,2025-12-20,1,2025-12-27,Flu ED visits pct,quantile,0.025,0.2495937272326998
henry,2025-12-20,1,2025-12-27,Flu ED visits pct,quantile,0.025,0.3409486665326189
horry,2025-12-20,1,2025-12-27,Flu ED visits pct,quantile,0.025,0.33441237302621113
houston,2025-12-20,1,2025-12-27,Flu ED visits pct,quantile,0.025,0.5635807015492771
indiana,2025-12-20,1,2025-12-27,Flu ED visits pct,quantile,0.025,0.38784725862410513
indianapolis,2025-12-20,1,2025-12-27,Flu ED visits pct,quantile,0.025,0.24407001508604392
la-grange,2025-12-20,1,2025-12-27,Flu ED visits pct,quantile,0.025,0.48575145169738143
larimer,2025-12-20,1,2025-12-27,Flu ED visits pct,quantile,0.025,0.3239207342841322
lynn,2025-12-20,1,2025-12-27,Flu ED visits pct,quantile,0.025,0.47650657582873046
macon,2025-12-20,1,2025-12-27,Flu ED visits pct,quantile,0.025,0.4636469130731508
maine,2025-12-20,1,2025-12-27,Flu ED visits pct,quantile,0.025,0.4157772496870138
marietta,2025-12-20,1,2025-12-27,Flu ED visits pct,quantile,0.025,0.19215091983800933
maryland,2025-12-20,1,2025-12-27,Flu ED visits pct,quantile,0.025,0.39453757742317713
massachusetts,2025-12-20,1,2025-12-27,Flu ED visits pct,quantile,0.025,0.581598452672037
medford,2025-12-20,1,2025-12-27,Flu ED visits pct,quantile,0.025,0.029579636328569456
mesa,2025-12-20,1,2025-12-27,Flu ED visits pct,quantile,0.025,0.2098699410562295
minneapolis,2025-12-20,1,2025-12-27,Flu ED visits pct,quantile,0.025,0.20979232579639298
minnesota,2025-12-20,1,2025-12-27,Flu ED visits pct,quantile,0.025,0.4226816914047467
montgomery,2025-12-20,1,2025-12-27,Flu ED visits pct,quantile,0.025,0.4432246556693778
nenc,2025-12-20,1,2025-12-27,Flu ED visits pct,quantile,0.025,1.9980628275654262
new-bedford,2025-12-20,1,2025-12-27,Flu ED visits pct,quantile,0.025,0.593030262428923
north-carolina,2025-12-20,1,2025-12-27,Flu ED visits pct,quantile,0.025,1.5470537030956084
nyc,2025-12-20,1,2025-12-27,ILI ED visits pct,quantile,0.025,3.6639937634207786
ogden,2025-12-20,1,2025-12-27,Flu ED visits pct,quantile,0.025,0.47439141486285
oregon,2025-12-20,1,2025-12-27,Flu ED visits pct,quantile,0.025,0.30786068028427355
pittsfield,2025-12-20,1,2025-12-27,Flu ED visits pct,quantile,0.025,0.13676424128530662
portland,2025-12-20,1,2025-12-27,Flu ED visits pct,quantile,0.025,0.20515001729786644
portland-or,2025-12-20,1,2025-12-27,Flu ED visits pct,quantile,0.025,0.3211047280694233
provo,2025-12-20,1,2025-12-27,Flu ED visits pct,quantile,0.025,0.629390036611086
roanoke,2025-12-20,1,2025-12-27,Flu ED visits pct,quantile,0.025,0.3866826103671191
rochester,2025-12-20,1,2025-12-27,Flu ED visits pct,quantile,0.025,0.17676627960383856
rock-hill,2025-12-20,1,2025-12-27,Flu ED visits pct,quantile,0.025,0.4757851617200984
rtp-area,2025-12-20,1,2025-12-27,Flu ED visits pct,quantile,0.025,1.1769989114020791
salem,2025-12-20,1,2025-12-27,Flu ED visits pct,quantile,0.025,0.265209123484826
salt-lake-city,2025-12-20,1,2025-12-27,Flu ED visits pct,quantile,0.025,0.5140684498815327
san-antonio,2025-12-20,1,2025-12-27,Flu ED visits pct,quantile,0.025,0.5047777966419162
savannah,2025-12-20,1,2025-12-27,Flu ED visits pct,quantile,0.025,0.1429811812176786
senc,2025-12-20,1,2025-12-27,Flu ED visits pct,quantile,0.025,0.43075484755273863
south-augusta,2025-12-20,1,2025-12-27,Flu ED visits pct,quantile,0.025,0.14539972101387516
south-carolina,2025-12-20,1,2025-12-27,Flu ED visits pct,quantile,0.025,0.5579945571192327
springfield,2025-12-20,1,2025-12-27,Flu ED visits pct,quantile,0.025,0.2885954288504438
st-cloud,2025-12-20,1,2025-12-27,Flu ED visits pct,quantile,0.025,0.12217289376773206
st-paul,2025-12-20,1,2025-12-27,Flu ED visits pct,quantile,0.025,0.34782952125544664
texas,2025-12-20,1,2025-12-27,Flu ED visits pct,quantile,0.025,0.9043374212687258
triad-area,2025-12-20,1,2025-12-27,Flu ED visits pct,quantile,0.025,1.4422440116199158
utah,2025-12-20,1,2025-12-27,Flu ED visits pct,quantile,0.025,0.6211356531041313
virginia,2025-12-20,1,2025-12-27,Flu ED visits pct,quantile,0.025,0.3378834169356534
weld,2025-12-20,1,2025-12-27,Flu ED visits pct,quantile,0.025,0.9792675477934262
wnc,2025-12-20,1,2025-12-27,Flu ED visits pct,quantile,0.025,0.9676617221024109
worcester,2025-12-20,1,2025-12-27,Flu ED visits pct,quantile,0.025,0.049350267779399416
athens,2025-12-20,2,2026-01-03,Flu ED visits pct,quantile,0.025,0.5379631823187023
austin,2025-12-20,2,2026-01-03,Flu ED visits pct,quantile,0.025,0.46710220169646527
baltimore,2025-12-20,2,2026-01-03,Flu ED visits pct,quantile,0.025,0.305019472917709
bangor,2025-12-20,2,2026-01-03,Flu ED visits pct,quantile,0.025,0.17039309821412316
beaumont,2025-12-20,2,2026-01-03,Flu ED visits pct,quantile,0.025,1.5383398694723573
boston,2025-12-20,2,2026-01-03,Flu ED visits pct,quantile,0.025,0.25369776259261917
boulder,2025-12-20,2,2026-01-03,Flu ED visits pct,quantile,0.025,0.35367354937287354
charleston,2025-12-20,2,2026-01-03,Flu ED visits pct,quantile,0.025,0.33524185659448524
cherokee,2025-12-20,2,2026-01-03,Flu ED visits pct,quantile,0.025,0.49905638146323594
clt-area,2025-12-20,2,2026-01-03,Flu ED visits pct,quantile,0.025,2.7292392047650353
colorado,2025-12-20,2,2026-01-03,Flu ED visits pct,quantile,0.025,0.1957538484831604
colorado-springs,2025-12-20,2,2026-01-03,Flu ED visits pct,quantile,0.025,0.3194339528714222
columbia,2025-12-20,2,2026-01-03,Flu ED visits pct,quantile,0.025,0.2522004679330403
columbus,2025-12-20,2,2026-01-03,Flu ED visits pct,quantile,0.025,0.07390989331378263
dallas,2025-12-20,2,2026-01-03,Flu ED visits pct,quantile,0.025,0.4882265815544001
denver,2025-12-20,2,2026-01-03,Flu ED visits pct,quantile,0.025,0.1897410818196574
deschutes,2025-12-20,2,2026-01-03,Flu ED visits pct,quantile,0.025,0.11610021077193898
duluth,2025-12-20,2,2026-01-03,Flu ED visits pct,quantile,0.025,0.04247433320675022
el-paso,2025-12-20,2,2026-01-03,Flu ED visits pct,quantile,0.025,0.2542831348344167
eugene,2025-12-20,2,2026-01-03,Flu ED visits pct,quantile,0.025,0.06542671815160328
fay-area,2025-12-20,2,2026-01-03,Flu ED visits pct,quantile,0.025,1.849303311287769
florence,2025-12-20,2,2026-01-03,Flu ED visits pct,quantile,0.025,0.2691484302613065
floyd,2025-12-20,2,2026-01-03,Flu ED visits pct,quantile,0.025,0.45604418578018574
frederick,2025-12-20,2,2026-01-03,Flu ED visits pct,quantile,0.025,0.24307931993947807
georgia,2025-12-20,2,2026-01-03,Flu ED visits pct,quantile,0.025,0.517531998754315
greenville,2025-12-20,2,2026-01-03,Flu ED visits pct,quantile,0.025,0.3387001419464579
hall,2025-12-20,2,2026-01-03,Flu ED visits pct,quantile,0.025,0.24441389853474482
harford,2025-12-20,2,2026-01-03,Flu ED visits pct,quantile,0.025,0.17101793378613808
henry,2025-12-20,2,2026-01-03,Flu ED visits pct,quantile,0.025,0.24208604659813138
horry,2025-12-20,2,2026-01-03,Flu ED visits pct,quantile,0.025,0.27939184547209706
houston,2025-12-20,2,2026-01-03,Flu ED visits pct,quantile,0.025,0.40360419750842114
indiana,2025-12-20,2,2026-01-03,Flu ED visits pct,quantile,0.025,0.29994598894040136
indianapolis,2025-12-20,2,2026-01-03,Flu ED visits pct,quantile,0.025,0.18701942137172015
la-grange,2025-12-20,2,2026-01-03,Flu ED visits pct,quantile,0.025,0.431312094521416
larimer,2025-12-20,2,2026-01-03,Flu ED visits pct,quantile,0.025,0.25153577994572823
lynn,2025-12-20,2,2026-01-03,Flu ED visits pct,quantile,0.025,0.39196658238672366
macon,2025-12-20,2,2026-01-03,Flu ED visits pct,quantile,0.025,0.39537519407719274
maine,2025-12-20,2,2026-01-03,Flu ED visits pct,quantile,0.025,0.35345680704417676
marietta,2025-12-20,2,2026-01-03,Flu ED visits pct,quantile,0.025,0.146260034609765
maryland,2025-12-20,2,2026-01-03,Flu ED visits pct,quantile,0.025,0.2796005959997546
massachusetts,2025-12-20,2,2026-01-03,Flu ED visits pct,quantile,0.025,0.46530168696746566
medford,2025-12-20,2,2026-01-03,Flu ED visits pct,quantile,0.025,0.026728275890906775
mesa,2025-12-20,2,2026-01-03,Flu ED visits pct,quantile,0.025,0.17301297178952144
minneapolis,2025-12-20,2,2026-01-03,Flu ED visits pct,quantile,0.025,0.0987809517574705
minnesota,2025-12-20,2,2026-01-03,Flu ED visits pct,quantile,0.025,0.30173443272311085
montgomery,2025-12-20,2,2026-01-03,Flu ED visits pct,quantile,0.025,0.3506641398510855
nenc,2025-12-20,2,2026-01-03,Flu ED visits pct,quantile,0.025,1.7164677560441255
new-bedford,2025-12-20,2,2026-01-03,Flu ED visits pct,quantile,0.025,0.46905690606348355
north-carolina,2025-12-20,2,2026-01-03,Flu ED visits pct,quantile,0.025,1.289684004598286
nyc,2025-12-20,2,2026-01-03,ILI ED visits pct,quantile,0.025,3.2738947261456386
ogden,2025-12-20,2,2026-01-03,Flu ED visits pct,quantile,0.025,0.3881138182951368
oregon,2025-12-20,2,2026-01-03,Flu ED visits pct,quantile,0.025,0.26881432911002245
pittsfield,2025-12-20,2,2026-01-03,Flu ED visits pct,quantile,0.025,0.11585227824952017
portland,2025-12-20,2,2026-01-03,Flu ED visits pct,quantile,0.025,0.17306967651002947
portland-or,2025-12-20,2,2026-01-03,Flu ED visits pct,quantile,0.025,0.2836212489391128
provo,2025-12-20,2,2026-01-03,Flu ED visits pct,quantile,0.025,0.5154083100139152
roanoke,2025-12-20,2,2026-01-03,Flu ED visits pct,quantile,0.025,0.3390147428619278
rochester,2025-12-20,2,2026-01-03,Flu ED visits pct,quantile,0.025,0.15825109217611794
rock-hill,2025-12-20,2,2026-01-03,Flu ED visits pct,quantile,0.025,0.3343353041476236
rtp-area,2025-12-20,2,2026-01-03,Flu ED visits pct,quantile,0.025,1.0441519268365689
salem,2025-12-20,2,2026-01-03,Flu ED visits pct,quantile,0.025,0.24207945817364773
salt-lake-city,2025-12-20,2,2026-01-03,Flu ED visits pct,quantile,0.025,0.41409707034195514
san-antonio,2025-12-20,2,2026-01-03,Flu ED visits pct,quantile,0.025,0.38190789895530675
savannah,2025-12-20,2,2026-01-03,Flu ED visits pct,quantile,0.025,0.12029847776435786
senc,2025-12-20,2,2026-01-03,Flu ED visits pct,quantile,0.025,0.2824225942551654
south-augusta,2025-12-20,2,2026-01-03,Flu ED visits pct,quantile,0.025,0.12205068680438737
south-carolina,2025-12-20,2,2026-01-03,Flu ED visits pct,quantile,0.025,0.44472016074277465
springfield,2025-12-20,2,2026-01-03,Flu ED visits pct,quantile,0.025,0.19558869655843358
st-cloud,2025-12-20,2,2026-01-03,Flu ED visits pct,quantile,0.025,0.09495287856338075
st-paul,2025-12-20,2,2026-01-03,Flu ED visits pct,quantile,0.025,0.18204992599540135
texas,2025-12-20,2,2026-01-03,Flu ED visits pct,quantile,0.025,0.7515679665999855
triad-area,2025-12-20,2,2026-01-03,Flu ED visits pct,quantile,0.025,1.269800699841808
utah,2025-12-20,2,2026-01-03,Flu ED visits pct,quantile,0.025,0.5006126245684724
virginia,2025-12-20,2,2026-01-03,Flu ED visits pct,quantile,0.025,0.2597742269291055
weld,2025-12-20,2,2026-01-03,Flu ED visits pct,quantile,0.025,0.803762048308208
wnc,2025-12-20,2,2026-01-03,Flu ED visits pct,quantile,0.025,0.8419233706411439
worcester,2025-12-20,2,2026-01-03,Flu ED visits pct,quantile,0.025,0.028668443510353164
athens,2025-12-20,3,2026-01-10,Flu ED visits pct,quantile,0.025,0.4310142854857229
austin,2025-12-20,3,2026-01-10,Flu ED visits pct,quantile,0.025,0.3834345998235313
baltimore,2025-12-20,3,2026-01-10,Flu ED visits pct,quantile,0.025,0.24478238231590682
bangor,2025-12-20,3,2026-01-10,Flu ED visits pct,quantile,0.025,0.13931496931187237
beaumont,2025-12-20,3,2026-01-10,Flu ED visits pct,quantile,0.025,1.2548209501297696
boston,2025-12-20,3,2026-01-10,Flu ED visits pct,quantile,0.025,0.17866276334017536
boulder,2025-12-20,3,2026-01-10,Flu ED visits pct,quantile,0.025,0.3281717337918682
charleston,2025-12-20,3,2026-01-10,Flu ED visits pct,quantile,0.025,0.28558937750179314
cherokee,2025-12-20,3,2026-01-10,Flu ED visits pct,quantile,0.025,0.3953762303816494
clt-area,2025-12-20,3,2026-01-10,Flu ED visits pct,quantile,0.025,2.240580078546487
colorado,2025-12-20,3,2026-01-10,Flu ED visits pct,quantile,0.025,0.13301395134259442
colorado-springs,2025-12-20,3,2026-01-10,Flu ED visits pct,quantile,0.025,0.26590682582595077
columbia,2025-12-20,3,2026-01-10,Flu ED visits pct,quantile,0.025,0.21721170319376704
columbus,2025-12-20,3,2026-01-10,Flu ED visits pct,quantile,0.025,0.06037186840061567
dallas,2025-12-20,3,2026-01-10,Flu ED visits pct,quantile,0.025,0.3650826151451358
denver,2025-12-20,3,2026-01-10,Flu ED visits pct,quantile,0.025,0.1541591505422339
deschutes,2025-12-20,3,2026-01-10,Flu ED visits pct,quantile,0.025,0.11175541249078863
duluth,2025-12-20,3,2026-01-10,Flu ED visits pct,quantile,0.025,0.029000387418929102
el-paso,2025-12-20,3,2026-01-10,Flu ED visits pct,quantile,0.025,0.22663542105000212
eugene,2025-12-20,3,2026-01-10,Flu ED visits pct,quantile,0.025,0.05658480515742547
fay-area,2025-12-20,3,2026-01-10,Flu ED visits pct,quantile,0.025,1.4507209579043818
florence,2025-12-20,3,2026-01-10,Flu ED visits pct,quantile,0.025,0.2142282757723501
floyd,2025-12-20,3,2026-01-10,Flu ED visits pct,quantile,0.025,0.3444707651131097
frederick,2025-12-20,3,2026-01-10,Flu ED visits pct,quantile,0.025,0.19456174360410558
georgia,2025-12-20,3,2026-01-10,Flu ED visits pct,quantile,0.025,0.37223264153740293
greenville,2025-12-20,3,2026-01-10,Flu ED visits pct,quantile,0.025,0.25357437447937203
hall,2025-12-20,3,2026-01-10,Flu ED visits pct,quantile,0.025,0.20353894410596543
harford,2025-12-20,3,2026-01-10,Flu ED visits pct,quantile,0.025,0.14817025901210648
henry,2025-12-20,3,2026-01-10,Flu ED visits pct,quantile,0.025,0.17365148198963698
horry,2025-12-20,3,2026-01-10,Flu ED visits pct,quantile,0.025,0.23764016695269238
houston,2025-12-20,3,2026-01-10,Flu ED visits pct,quantile,0.025,0.3264462280135366
indiana,2025-12-20,3,2026-01-10,Flu ED visits pct,quantile,0.025,0.22886050512999717
indianapolis,2025-12-20,3,2026-01-10,Flu ED visits pct,quantile,0.025,0.14698946722638487
la-grange,2025-12-20,3,2026-01-10,Flu ED visits pct,quantile,0.025,0.34190842141050004
larimer,2025-12-20,3,2026-01-10,Flu ED visits pct,quantile,0.025,0.19697192288022697
lynn,2025-12-20,3,2026-01-10,Flu ED visits pct,quantile,0.025,0.2946467167545118
macon,2025-12-20,3,2026-01-10,Flu ED visits pct,quantile,0.025,0.3285146266661502
maine,2025-12-20,3,2026-01-10,Flu ED visits pct,quantile,0.025,0.27864166515710603
marietta,2025-12-20,3,2026-01-10,Flu ED visits pct,quantile,0.025,0.11481807419526613
maryland,2025-12-20,3,2026-01-10,Flu ED visits pct,quantile,0.025,0.15566118829420897
massachusetts,2025-12-20,3,2026-01-10,Flu ED visits pct,quantile,0.025,0.3325418006769363
medford,2025-12-20,3,2026-01-10,Flu ED visits pct,quantile,0.025,0.02018204401526525
mesa,2025-12-20,3,2026-01-10,Flu ED visits pct,quantile,0.025,0.13283519841817967
minneapolis,2025-12-20,3,2026-01-10,Flu ED visits pct,quantile,0.025,0.07764659012318666
minnesota,2025-12-20,3,2026-01-10,Flu ED visits pct,quantile,0.025,0.2017410361788991
montgomery,2025-12-20,3,2026-01-10,Flu ED visits pct,quantile,0.025,0.23636965469771398
nenc,2025-12-20,3,2026-01-10,Flu ED visits pct,quantile,0.025,1.417050178806047
new-bedford,2025-12-20,3,2026-01-10,Flu ED visits pct,quantile,0.025,0.38177361195152026
north-carolina,2025-12-20,3,2026-01-10,Flu ED visits pct,quantile,0.025,1.0019780488878638
nyc,2025-12-20,3,2026-01-10,ILI ED visits pct,quantile,0.025,2.73309978835747
ogden,2025-12-20,3,2026-01-10,Flu ED visits pct,quantile,0.025,0.30927843850220194
oregon,2025-12-20,3,2026-01-10,Flu ED visits pct,quantile,0.025,0.21330893056137792
pittsfield,2025-12-20,3,2026-01-10,Flu ED visits pct,quantile,0.025,0.0895579330305659
portland,2025-12-20,3,2026-01-10,Flu ED visits pct,quantile,0.025,0.14215335854019834
portland-or,2025-12-20,3,2026-01-10,Flu ED visits pct,quantile,0.025,0.22377241768078324
provo,2025-12-20,3,2026-01-10,Flu ED visits pct,quantile,0.025,0.4015571242324059
roanoke,2025-12-20,3,2026-01-10,Flu ED visits pct,quantile,0.025,0.2911553072017287
rochester,2025-12-20,3,2026-01-10,Flu ED visits pct,quantile,0.025,0.1429753487816951
rock-hill,2025-12-20,3,2026-01-10,Flu ED visits pct,quantile,0.025,0.2442993328508669
rtp-area,2025-12-20,3,2026-01-10,Flu ED visits pct,quantile,0.025,0.8075288139229211
salem,2025-12-20,3,2026-01-10,Flu ED visits pct,quantile,0.025,0.20124899319389555
salt-lake-city,2025-12-20,3,2026-01-10,Flu ED visits pct,quantile,0.025,0.3304802245915565
san-antonio,2025-12-20,3,2026-01-10,Flu ED visits pct,quantile,0.025,0.3079191800388852
savannah,2025-12-20,3,2026-01-10,Flu ED visits pct,quantile,0.025,0.09992903218559897
senc,2025-12-20,3,2026-01-10,Flu ED visits pct,quantile,0.025,0.22633898452971887
south-augusta,2025-12-20,3,2026-01-10,Flu ED visits pct,quantile,0.025,0.10858267593252875
south-carolina,2025-12-20,3,2026-01-10,Flu ED visits pct,quantile,0.025,0.32106672848172774
springfield,2025-12-20,3,2026-01-10,Flu ED visits pct,quantile,0.025,0.135324458101424
st-cloud,2025-12-20,3,2026-01-10,Flu ED visits pct,quantile,0.025,0.0777065131167872
st-paul,2025-12-20,3,2026-01-10,Flu ED visits pct,quantile,0.025,0.10835762426767176
texas,2025-12-20,3,2026-01-10,Flu ED visits pct,quantile,0.025,0.5600264078078454
triad-area,2025-12-20,3,2026-01-10,Flu ED visits pct,quantile,0.025,0.9840948899045422
utah,2025-12-20,3,2026-01-10,Flu ED visits pct,quantile,0.025,0.3595605081157587
virginia,2025-12-20,3,2026-01-10,Flu ED visits pct,quantile,0.025,0.20781479136820208
weld,2025-12-20,3,2026-01-10,Flu ED visits pct,quantile,0.025,0.6546273450139145
wnc,2025-12-20,3,2026-01-10,Flu ED visits pct,quantile,0.025,0.6465579043531122
worcester,2025-12-20,3,2026-01-10,Flu ED visits pct,quantile,0.025,0.016705279948836846
athens,2025-12-20,0,2025-12-20,Flu ED visits pct,quantile,0.05,1.693660761172052
austin,2025-12-20,0,2025-12-20,Flu ED visits pct,quantile,0.05,1.1177760586563041
baltimore,2025-12-20,0,2025-12-20,Flu ED visits pct,quantile,0.05,0.9291769313786685
bangor,2025-12-20,0,2025-12-20,Flu ED visits pct,quantile,0.05,0.8886205419930908
beaumont,2025-12-20,0,2025-12-20,Flu ED visits pct,quantile,0.05,3.804636513121996
boston,2025-12-20,0,2025-12-20,Flu ED visits pct,quantile,0.05,0.8687924510266049
boulder,2025-12-20,0,2025-12-20,Flu ED visits pct,quantile,0.05,1.144716799904892
charleston,2025-12-20,0,2025-12-20,Flu ED visits pct,quantile,0.05,0.8163927380210363
cherokee,2025-12-20,0,2025-12-20,Flu ED visits pct,quantile,0.05,1.659507346411916
clt-area,2025-12-20,0,2025-12-20,Flu ED visits pct,quantile,0.05,5.756201136597703
colorado,2025-12-20,0,2025-12-20,Flu ED visits pct,quantile,0.05,0.7374273521133158
colorado-springs,2025-12-20,0,2025-12-20,Flu ED visits pct,quantile,0.05,1.1809019078737522
columbia,2025-12-20,0,2025-12-20,Flu ED visits pct,quantile,0.05,0.6929320873511995
columbus,2025-12-20,0,2025-12-20,Flu ED visits pct,quantile,0.05,0.3377809880114978
dallas,2025-12-20,0,2025-12-20,Flu ED visits pct,quantile,0.05,1.2270012920751525
denver,2025-12-20,0,2025-12-20,Flu ED visits pct,quantile,0.05,0.8010073578229713
deschutes,2025-12-20,0,2025-12-20,Flu ED visits pct,quantile,0.05,0.39659773917961383
duluth,2025-12-20,0,2025-12-20,Flu ED visits pct,quantile,0.05,0.3635233520901678
el-paso,2025-12-20,0,2025-12-20,Flu ED visits pct,quantile,0.05,0.9625148327943618
eugene,2025-12-20,0,2025-12-20,Flu ED visits pct,quantile,0.05,0.15883724917153835
fay-area,2025-12-20,0,2025-12-20,Flu ED visits pct,quantile,0.05,4.254864455157923
florence,2025-12-20,0,2025-12-20,Flu ED visits pct,quantile,0.05,1.02962979644474
floyd,2025-12-20,0,2025-12-20,Flu ED visits pct,quantile,0.05,1.6168924531371118
frederick,2025-12-20,0,2025-12-20,Flu ED visits pct,quantile,0.05,1.4345804258832753
georgia,2025-12-20,0,2025-12-20,Flu ED visits pct,quantile,0.05,1.4696548076559022
greenville,2025-12-20,0,2025-12-20,Flu ED visits pct,quantile,0.05,0.9709085860784563
hall,2025-12-20,0,2025-12-20,Flu ED visits pct,quantile,0.05,0.9057589738918932
harford,2025-12-20,0,2025-12-20,Flu ED visits pct,quantile,0.05,0.6416816259507635
henry,2025-12-20,0,2025-12-20,Flu ED visits pct,quantile,0.05,0.6671066687063059
horry,2025-12-20,0,2025-12-20,Flu ED visits pct,quantile,0.05,0.9414555400832881
houston,2025-12-20,0,2025-12-20,Flu ED visits pct,quantile,0.05,1.302881115178787
indiana,2025-12-20,0,2025-12-20,Flu ED visits pct,quantile,0.05,0.9959183521240293
indianapolis,2025-12-20,0,2025-12-20,Flu ED visits pct,quantile,0.05,0.8897734006634588
la-grange,2025-12-20,0,2025-12-20,Flu ED visits pct,quantile,0.05,1.6009041175546248
larimer,2025-12-20,0,2025-12-20,Flu ED visits pct,quantile,0.05,0.8401724624485533
lynn,2025-12-20,0,2025-12-20,Flu ED visits pct,quantile,0.05,1.4059769582981803
macon,2025-12-20,0,2025-12-20,Flu ED visits pct,quantile,0.05,1.2369881175595534
maine,2025-12-20,0,2025-12-20,Flu ED visits pct,quantile,0.05,0.9334561607672466
marietta,2025-12-20,0,2025-12-20,Flu ED visits pct,quantile,0.05,0.6054704525687734
maryland,2025-12-20,0,2025-12-20,Flu ED visits pct,quantile,0.05,1.0056947920747832
massachusetts,2025-12-20,0,2025-12-20,Flu ED visits pct,quantile,0.05,1.5038188623872262
medford,2025-12-20,0,2025-12-20,Flu ED visits pct,quantile,0.05,0.1458807042093442
mesa,2025-12-20,0,2025-12-20,Flu ED visits pct,quantile,0.05,0.8148686927429223
minneapolis,2025-12-20,0,2025-12-20,Flu ED visits pct,quantile,0.05,0.6413750838670913
minnesota,2025-12-20,0,2025-12-20,Flu ED visits pct,quantile,0.05,0.8387650165065603
montgomery,2025-12-20,0,2025-12-20,Flu ED visits pct,quantile,0.05,0.9469909773720843
nenc,2025-12-20,0,2025-12-20,Flu ED visits pct,quantile,0.05,3.79406261084614
new-bedford,2025-12-20,0,2025-12-20,Flu ED visits pct,quantile,0.05,1.894489270633141
north-carolina,2025-12-20,0,2025-12-20,Flu ED visits pct,quantile,0.05,3.5013903984403947
nyc,2025-12-20,0,2025-12-20,ILI ED visits pct,quantile,0.05,6.913303902013878
ogden,2025-12-20,0,2025-12-20,Flu ED visits pct,quantile,0.05,1.3001787042965018
oregon,2025-12-20,0,2025-12-20,Flu ED visits pct,quantile,0.05,0.650021666673081
pittsfield,2025-12-20,0,2025-12-20,Flu ED visits pct,quantile,0.05,0.602083079146807
portland,2025-12-20,0,2025-12-20,Flu ED visits pct,quantile,0.05,0.5470709663759515
portland-or,2025-12-20,0,2025-12-20,Flu ED visits pct,quantile,0.05,0.763923872793786
provo,2025-12-20,0,2025-12-20,Flu ED visits pct,quantile,0.05,1.8980028590837594
roanoke,2025-12-20,0,2025-12-20,Flu ED visits pct,quantile,0.05,0.9013757794475226
rochester,2025-12-20,0,2025-12-20,Flu ED visits pct,quantile,0.05,0.5719595485443341
rock-hill,2025-12-20,0,2025-12-20,Flu ED visits pct,quantile,0.05,1.043565166567795
rtp-area,2025-12-20,0,2025-12-20,Flu ED visits pct,quantile,0.05,2.6207231591278966
salem,2025-12-20,0,2025-12-20,Flu ED visits pct,quantile,0.05,0.6456347323067547
salt-lake-city,2025-12-20,0,2025-12-20,Flu ED visits pct,quantile,0.05,1.3126071861299466
san-antonio,2025-12-20,0,2025-12-20,Flu ED visits pct,quantile,0.05,1.383561442119181
savannah,2025-12-20,0,2025-12-20,Flu ED visits pct,quantile,0.05,0.33133923189803816
senc,2025-12-20,0,2025-12-20,Flu ED visits pct,quantile,0.05,1.0783607658230632
south-augusta,2025-12-20,0,2025-12-20,Flu ED visits pct,quantile,0.05,0.3678957125871069
south-carolina,2025-12-20,0,2025-12-20,Flu ED visits pct,quantile,0.05,1.368942942711975
springfield,2025-12-20,0,2025-12-20,Flu ED visits pct,quantile,0.05,0.9526449062041027
st-cloud,2025-12-20,0,2025-12-20,Flu ED visits pct,quantile,0.05,0.42271331823394515
st-paul,2025-12-20,0,2025-12-20,Flu ED visits pct,quantile,0.05,0.8550182368929314
texas,2025-12-20,0,2025-12-20,Flu ED visits pct,quantile,0.05,1.9746984715436313
triad-area,2025-12-20,0,2025-12-20,Flu ED visits pct,quantile,0.05,3.1153588259709335
utah,2025-12-20,0,2025-12-20,Flu ED visits pct,quantile,0.05,1.547497072352275
virginia,2025-12-20,0,2025-12-20,Flu ED visits pct,quantile,0.05,0.8747197058713836
weld,2025-12-20,0,2025-12-20,Flu ED visits pct,quantile,0.05,2.2949158728398182
wnc,2025-12-20,0,2025-12-20,Flu ED visits pct,quantile,0.05,2.0811303347536696
worcester,2025-12-20,0,2025-12-20,Flu ED visits pct,quantile,0.05,0.2026543769281021
athens,2025-12-20,1,2025-12-27,Flu ED visits pct,quantile,0.05,1.380164014882276
austin,2025-12-20,1,2025-12-27,Flu ED visits pct,quantile,0.05,1.001743369520044
baltimore,2025-12-20,1,2025-12-27,Flu ED visits pct,quantile,0.05,0.6652673465294141
bangor,2025-12-20,1,2025-12-27,Flu ED visits pct,quantile,0.05,0.7542298850161459
beaumont,2025-12-20,1,2025-12-27,Flu ED visits pct,quantile,0.05,3.06896729260486
boston,2025-12-20,1,2025-12-27,Flu ED visits pct,quantile,0.05,0.7098530547124887
boulder,2025-12-20,1,2025-12-27,Flu ED visits pct,quantile,0.05,0.8111818684793678
charleston,2025-12-20,1,2025-12-27,Flu ED visits pct,quantile,0.05,0.7147585353555886
cherokee,2025-12-20,1,2025-12-27,Flu ED visits pct,quantile,0.05,1.3796559676025544
clt-area,2025-12-20,1,2025-12-27,Flu ED visits pct,quantile,0.05,5.0492306981746395
colorado,2025-12-20,1,2025-12-27,Flu ED visits pct,quantile,0.05,0.44396249114866443
colorado-springs,2025-12-20,1,2025-12-27,Flu ED visits pct,quantile,0.05,0.9561743652161862
columbia,2025-12-20,1,2025-12-27,Flu ED visits pct,quantile,0.05,0.622661369694176
columbus,2025-12-20,1,2025-12-27,Flu ED visits pct,quantile,0.05,0.2831146743243482
dallas,2025-12-20,1,2025-12-27,Flu ED visits pct,quantile,0.05,1.0492465290261948
denver,2025-12-20,1,2025-12-27,Flu ED visits pct,quantile,0.05,0.45475361220054145
deschutes,2025-12-20,1,2025-12-27,Flu ED visits pct,quantile,0.05,0.3659636790604238
duluth,2025-12-20,1,2025-12-27,Flu ED visits pct,quantile,0.05,0.2511648090307298
el-paso,2025-12-20,1,2025-12-27,Flu ED visits pct,quantile,0.05,0.5926540508604554
eugene,2025-12-20,1,2025-12-27,Flu ED visits pct,quantile,0.05,0.15218547852412911
fay-area,2025-12-20,1,2025-12-27,Flu ED visits pct,quantile,0.05,3.723930182747495
florence,2025-12-20,1,2025-12-27,Flu ED visits pct,quantile,0.05,0.8999618157763974
floyd,2025-12-20,1,2025-12-27,Flu ED visits pct,quantile,0.05,1.3665562604049168
frederick,2025-12-20,1,2025-12-27,Flu ED visits pct,quantile,0.05,1.2045017987343745
georgia,2025-12-20,1,2025-12-27,Flu ED visits pct,quantile,0.05,1.2285875536285036
greenville,2025-12-20,1,2025-12-27,Flu ED visits pct,quantile,0.05,0.8108337366935787
hall,2025-12-20,1,2025-12-27,Flu ED visits pct,quantile,0.05,0.7679185854103036
harford,2025-12-20,1,2025-12-27,Flu ED visits pct,quantile,0.05,0.5035187901175954
henry,2025-12-20,1,2025-12-27,Flu ED visits pct,quantile,0.05,0.43947201779333783
horry,2025-12-20,1,2025-12-27,Flu ED visits pct,quantile,0.05,0.8151056612624914
houston,2025-12-20,1,2025-12-27,Flu ED visits pct,quantile,0.05,0.8949356094700951
indiana,2025-12-20,1,2025-12-27,Flu ED visits pct,quantile,0.05,0.8306567136545283
indianapolis,2025-12-20,1,2025-12-27,Flu ED visits pct,quantile,0.05,0.7119171366597804
la-grange,2025-12-20,1,2025-12-27,Flu ED visits pct,quantile,0.05,1.322737216896317
larimer,2025-12-20,1,2025-12-27,Flu ED visits pct,quantile,0.05,0.6664569785321006
lynn,2025-12-20,1,2025-12-27,Flu ED visits pct,quantile,0.05,1.2176338549963839
macon,2025-12-20,1,2025-12-27,Flu ED visits pct,quantile,0.05,0.9954272815278133
maine,2025-12-20,1,2025-12-27,Flu ED visits pct,quantile,0.05,0.8180467582472957
marietta,2025-12-20,1,2025-12-27,Flu ED visits pct,quantile,0.05,0.47676506587452866
maryland,2025-12-20,1,2025-12-27,Flu ED visits pct,quantile,0.05,0.7590215799236374
massachusetts,2025-12-20,1,2025-12-27,Flu ED visits pct,quantile,0.05,1.1397751520010264
medford,2025-12-20,1,2025-12-27,Flu ED visits pct,quantile,0.05,0.1356646882821732
mesa,2025-12-20,1,2025-12-27,Flu ED visits pct,quantile,0.05,0.6604667276176996
minneapolis,2025-12-20,1,2025-12-27,Flu ED visits pct,quantile,0.05,0.3472316024787992
minnesota,2025-12-20,1,2025-12-27,Flu ED visits pct,quantile,0.05,0.5695973784652186
montgomery,2025-12-20,1,2025-12-27,Flu ED visits pct,quantile,0.05,0.6650491816896255
nenc,2025-12-20,1,2025-12-27,Flu ED visits pct,quantile,0.05,3.28478120995647
new-bedford,2025-12-20,1,2025-12-27,Flu ED visits pct,quantile,0.05,1.502267316080021
north-carolina,2025-12-20,1,2025-12-27,Flu ED visits pct,quantile,0.05,2.861351012508884
nyc,2025-12-20,1,2025-12-27,ILI ED visits pct,quantile,0.05,6.057547609219053
ogden,2025-12-20,1,2025-12-27,Flu ED visits pct,quantile,0.05,1.1552851592344804
oregon,2025-12-20,1,2025-12-27,Flu ED visits pct,quantile,0.05,0.6044363745446626
pittsfield,2025-12-20,1,2025-12-27,Flu ED visits pct,quantile,0.05,0.5501528108386907
portland,2025-12-20,1,2025-12-27,Flu ED visits pct,quantile,0.05,0.497099175444106
portland-or,2025-12-20,1,2025-12-27,Flu ED visits pct,quantile,0.05,0.6917935065899293
provo,2025-12-20,1,2025-12-27,Flu ED visits pct,quantile,0.05,1.5744112929996883
roanoke,2025-12-20,1,2025-12-27,Flu ED visits pct,quantile,0.05,0.795378602871053
rochester,2025-12-20,1,2025-12-27,Flu ED visits pct,quantile,0.05,0.5222396533718277
rock-hill,2025-12-20,1,2025-12-27,Flu ED visits pct,quantile,0.05,0.7511164309107299
rtp-area,2025-12-20,1,2025-12-27,Flu ED visits pct,quantile,0.05,2.2719957760147853
salem,2025-12-20,1,2025-12-27,Flu ED visits pct,quantile,0.05,0.6210849102306589
salt-lake-city,2025-12-20,1,2025-12-27,Flu ED visits pct,quantile,0.05,1.0536858134792555
san-antonio,2025-12-20,1,2025-12-27,Flu ED visits pct,quantile,0.05,1.1314267195892307
savannah,2025-12-20,1,2025-12-27,Flu ED visits pct,quantile,0.05,0.2904022378853597
senc,2025-12-20,1,2025-12-27,Flu ED visits pct,quantile,0.05,0.698077307199577
south-augusta,2025-12-20,1,2025-12-27,Flu ED visits pct,quantile,0.05,0.31535558034379124
south-carolina,2025-12-20,1,2025-12-27,Flu ED visits pct,quantile,0.05,1.1544052749418567
springfield,2025-12-20,1,2025-12-27,Flu ED visits pct,quantile,0.05,0.6987355645344285
st-cloud,2025-12-20,1,2025-12-27,Flu ED visits pct,quantile,0.05,0.3151214785490666
st-paul,2025-12-20,1,2025-12-27,Flu ED visits pct,quantile,0.05,0.5237014206333198
texas,2025-12-20,1,2025-12-27,Flu ED visits pct,quantile,0.05,1.6359737577265838
triad-area,2025-12-20,1,2025-12-27,Flu ED visits pct,quantile,0.05,2.725368603123202
utah,2025-12-20,1,2025-12-27,Flu ED visits pct,quantile,0.05,1.2260662947028151
virginia,2025-12-20,1,2025-12-27,Flu ED visits pct,quantile,0.05,0.7296719659163159
weld,2025-12-20,1,2025-12-27,Flu ED visits pct,quantile,0.05,1.9103975025683806
wnc,2025-12-20,1,2025-12-27,Flu ED visits pct,quantile,0.05,1.8341717743554566
worcester,2025-12-20,1,2025-12-27,Flu ED visits pct,quantile,0.05,0.10852518310449019
athens,2025-12-20,2,2026-01-03,Flu ED visits pct,quantile,0.05,1.0165122032572846
austin,2025-12-20,2,2026-01-03,Flu ED visits pct,quantile,0.05,0.8021988004732383
baltimore,2025-12-20,2,2026-01-03,Flu ED visits pct,quantile,0.05,0.6000416178624759
bangor,2025-12-20,2,2026-01-03,Flu ED visits pct,quantile,0.05,0.5473292552118978
beaumont,2025-12-20,2,2026-01-03,Flu ED visits pct,quantile,0.05,2.6442819409361884
boston,2025-12-20,2,2026-01-03,Flu ED visits pct,quantile,0.05,0.4882184255159013
boulder,2025-12-20,2,2026-01-03,Flu ED visits pct,quantile,0.05,0.6664103493634322
charleston,2025-12-20,2,2026-01-03,Flu ED visits pct,quantile,0.05,0.5985032409212112
cherokee,2025-12-20,2,2026-01-03,Flu ED visits pct,quantile,0.05,1.0122545325683905
clt-area,2025-12-20,2,2026-01-03,Flu ED visits pct,quantile,0.05,4.202607634268147
colorado,2025-12-20,2,2026-01-03,Flu ED visits pct,quantile,0.05,0.2991934317188621
colorado-springs,2025-12-20,2,2026-01-03,Flu ED visits pct,quantile,0.05,0.7038673565823499
columbia,2025-12-20,2,2026-01-03,Flu ED visits pct,quantile,0.05,0.4973216746557243
columbus,2025-12-20,2,2026-01-03,Flu ED visits pct,quantile,0.05,0.19529213897935643
dallas,2025-12-20,2,2026-01-03,Flu ED visits pct,quantile,0.05,0.8357431631688366
denver,2025-12-20,2,2026-01-03,Flu ED visits pct,quantile,0.05,0.33290528595650226
deschutes,2025-12-20,2,2026-01-03,Flu ED visits pct,quantile,0.05,0.36440781865192656
duluth,2025-12-20,2,2026-01-03,Flu ED visits pct,quantile,0.05,0.18644742512551543
el-paso,2025-12-20,2,2026-01-03,Flu ED visits pct,quantile,0.05,0.36846360367909536
eugene,2025-12-20,2,2026-01-03,Flu ED visits pct,quantile,0.05,0.1427449751554482
fay-area,2025-12-20,2,2026-01-03,Flu ED visits pct,quantile,0.05,3.1030253476997847
florence,2025-12-20,2,2026-01-03,Flu ED visits pct,quantile,0.05,0.6812581689122991
floyd,2025-12-20,2,2026-01-03,Flu ED visits pct,quantile,0.05,0.9446415954355213
frederick,2025-12-20,2,2026-01-03,Flu ED visits pct,quantile,0.05,0.8032269968988623
georgia,2025-12-20,2,2026-01-03,Flu ED visits pct,quantile,0.05,0.9065817829589498
greenville,2025-12-20,2,2026-01-03,Flu ED visits pct,quantile,0.05,0.6424961318351312
hall,2025-12-20,2,2026-01-03,Flu ED visits pct,quantile,0.05,0.5864571295421894
harford,2025-12-20,2,2026-01-03,Flu ED visits pct,quantile,0.05,0.4067095245304958
henry,2025-12-20,2,2026-01-03,Flu ED visits pct,quantile,0.05,0.2624219512245149
horry,2025-12-20,2,2026-01-03,Flu ED visits pct,quantile,0.05,0.5422752267601161
houston,2025-12-20,2,2026-01-03,Flu ED visits pct,quantile,0.05,0.792312812125454
indiana,2025-12-20,2,2026-01-03,Flu ED visits pct,quantile,0.05,0.6379962032935002
indianapolis,2025-12-20,2,2026-01-03,Flu ED visits pct,quantile,0.05,0.479693230830206
la-grange,2025-12-20,2,2026-01-03,Flu ED visits pct,quantile,0.05,0.9804598696020219
larimer,2025-12-20,2,2026-01-03,Flu ED visits pct,quantile,0.05,0.5657855070821874
lynn,2025-12-20,2,2026-01-03,Flu ED visits pct,quantile,0.05,0.9141165469008348
macon,2025-12-20,2,2026-01-03,Flu ED visits pct,quantile,0.05,0.7306259645695777
maine,2025-12-20,2,2026-01-03,Flu ED visits pct,quantile,0.05,0.718107273535293
marietta,2025-12-20,2,2026-01-03,Flu ED visits pct,quantile,0.05,0.3506941284344645
maryland,2025-12-20,2,2026-01-03,Flu ED visits pct,quantile,0.05,0.4851274517827804
massachusetts,2025-12-20,2,2026-01-03,Flu ED visits pct,quantile,0.05,0.8060647841257227
medford,2025-12-20,2,2026-01-03,Flu ED visits pct,quantile,0.05,0.13350535047955558
mesa,2025-12-20,2,2026-01-03,Flu ED visits pct,quantile,0.05,0.46127722487132483
minneapolis,2025-12-20,2,2026-01-03,Flu ED visits pct,quantile,0.05,0.15860025528394173
minnesota,2025-12-20,2,2026-01-03,Flu ED visits pct,quantile,0.05,0.34382312763690553
montgomery,2025-12-20,2,2026-01-03,Flu ED visits pct,quantile,0.05,0.43544695508959025
nenc,2025-12-20,2,2026-01-03,Flu ED visits pct,quantile,0.05,2.7845603886589956
new-bedford,2025-12-20,2,2026-01-03,Flu ED visits pct,quantile,0.05,1.0691546029294354
north-carolina,2025-12-20,2,2026-01-03,Flu ED visits pct,quantile,0.05,2.2002051966417215
nyc,2025-12-20,2,2026-01-03,ILI ED visits pct,quantile,0.05,4.8105459449078944
ogden,2025-12-20,2,2026-01-03,Flu ED visits pct,quantile,0.05,0.8901968742770566
oregon,2025-12-20,2,2026-01-03,Flu ED visits pct,quantile,0.05,0.5447601134604032
pittsfield,2025-12-20,2,2026-01-03,Flu ED visits pct,quantile,0.05,0.4931375475958122
portland,2025-12-20,2,2026-01-03,Flu ED visits pct,quantile,0.05,0.4236711817866404
portland-or,2025-12-20,2,2026-01-03,Flu ED visits pct,quantile,0.05,0.6385001588129127
provo,2025-12-20,2,2026-01-03,Flu ED visits pct,quantile,0.05,1.2252264870867198
roanoke,2025-12-20,2,2026-01-03,Flu ED visits pct,quantile,0.05,0.724207498043964
rochester,2025-12-20,2,2026-01-03,Flu ED visits pct,quantile,0.05,0.48099122036213066
rock-hill,2025-12-20,2,2026-01-03,Flu ED visits pct,quantile,0.05,0.4661017404335634
rtp-area,2025-12-20,2,2026-01-03,Flu ED visits pct,quantile,0.05,1.8537615766574218
salem,2025-12-20,2,2026-01-03,Flu ED visits pct,quantile,0.05,0.5682018163796032
salt-lake-city,2025-12-20,2,2026-01-03,Flu ED visits pct,quantile,0.05,0.7700132530208226
san-antonio,2025-12-20,2,2026-01-03,Flu ED visits pct,quantile,0.05,0.8020984687690378
savannah,2025-12-20,2,2026-01-03,Flu ED visits pct,quantile,0.05,0.23990119490770342
senc,2025-12-20,2,2026-01-03,Flu ED visits pct,quantile,0.05,0.3701328490667944
south-augusta,2025-12-20,2,2026-01-03,Flu ED visits pct,quantile,0.05,0.22597273387565225
south-carolina,2025-12-20,2,2026-01-03,Flu ED visits pct,quantile,0.05,0.8309133980002914
springfield,2025-12-20,2,2026-01-03,Flu ED visits pct,quantile,0.05,0.46752979441641535
st-cloud,2025-12-20,2,2026-01-03,Flu ED visits pct,quantile,0.05,0.2781434854720479
st-paul,2025-12-20,2,2026-01-03,Flu ED visits pct,quantile,0.05,0.30768153649821334
texas,2025-12-20,2,2026-01-03,Flu ED visits pct,quantile,0.05,1.2546119168255823
triad-area,2025-12-20,2,2026-01-03,Flu ED visits pct,quantile,0.05,2.2328035549526586
utah,2025-12-20,2,2026-01-03,Flu ED visits pct,quantile,0.05,0.8751165830266973
virginia,2025-12-20,2,2026-01-03,Flu ED visits pct,quantile,0.05,0.5472461827160051
weld,2025-12-20,2,2026-01-03,Flu ED visits pct,quantile,0.05,1.4073383567397408
wnc,2025-12-20,2,2026-01-03,Flu ED visits pct,quantile,0.05,1.5036696788972284
worcester,2025-12-20,2,2026-01-03,Flu ED visits pct,quantile,0.05,0.07936729858447993
athens,2025-12-20,3,2026-01-10,Flu ED visits pct,quantile,0.05,0.7727663706428811
austin,2025-12-20,3,2026-01-10,Flu ED visits pct,quantile,0.05,0.6420766815117748
baltimore,2025-12-20,3,2026-01-10,Flu ED visits pct,quantile,0.05,0.50708800820004
bangor,2025-12-20,3,2026-01-10,Flu ED visits pct,quantile,0.05,0.3967526817272587
beaumont,2025-12-20,3,2026-01-10,Flu ED visits pct,quantile,0.05,2.093194195484471
boston,2025-12-20,3,2026-01-10,Flu ED visits pct,quantile,0.05,0.3831642393290226
boulder,2025-12-20,3,2026-01-10,Flu ED visits pct,quantile,0.05,0.564181597230925
charleston,2025-12-20,3,2026-01-10,Flu ED visits pct,quantile,0.05,0.5055940974384073
cherokee,2025-12-20,3,2026-01-10,Flu ED visits pct,quantile,0.05,0.7310915773309805
clt-area,2025-12-20,3,2026-01-10,Flu ED visits pct,quantile,0.05,3.270782597709073
colorado,2025-12-20,3,2026-01-10,Flu ED visits pct,quantile,0.05,0.23626427603825761
colorado-springs,2025-12-20,3,2026-01-10,Flu ED visits pct,quantile,0.05,0.5322832149953524
columbia,2025-12-20,3,2026-01-10,Flu ED visits pct,quantile,0.05,0.4076614853207744
columbus,2025-12-20,3,2026-01-10,Flu ED visits pct,quantile,0.05,0.15497870682729417
dallas,2025-12-20,3,2026-01-10,Flu ED visits pct,quantile,0.05,0.6191665216201896
denver,2025-12-20,3,2026-01-10,Flu ED visits pct,quantile,0.05,0.27799032451729266
deschutes,2025-12-20,3,2026-01-10,Flu ED visits pct,quantile,0.05,0.34095945082432083
duluth,2025-12-20,3,2026-01-10,Flu ED visits pct,quantile,0.05,0.13474743557652621
el-paso,2025-12-20,3,2026-01-10,Flu ED visits pct,quantile,0.05,0.32867767552541
eugene,2025-12-20,3,2026-01-10,Flu ED visits pct,quantile,0.05,0.1288533271997725
fay-area,2025-12-20,3,2026-01-10,Flu ED visits pct,quantile,0.05,2.4286161370828747
florence,2025-12-20,3,2026-01-10,Flu ED visits pct,quantile,0.05,0.4959755891234586
floyd,2025-12-20,3,2026-01-10,Flu ED visits pct,quantile,0.05,0.6773460210551204
frederick,2025-12-20,3,2026-01-10,Flu ED visits pct,quantile,0.05,0.5383312130493495
georgia,2025-12-20,3,2026-01-10,Flu ED visits pct,quantile,0.05,0.6873715982411185
greenville,2025-12-20,3,2026-01-10,Flu ED visits pct,quantile,0.05,0.4881136748428536
hall,2025-12-20,3,2026-01-10,Flu ED visits pct,quantile,0.05,0.463771490725104
harford,2025-12-20,3,2026-01-10,Flu ED visits pct,quantile,0.05,0.33581011381545994
henry,2025-12-20,3,2026-01-10,Flu ED visits pct,quantile,0.05,0.190893603143702
horry,2025-12-20,3,2026-01-10,Flu ED visits pct,quantile,0.05,0.44076977163831377
houston,2025-12-20,3,2026-01-10,Flu ED visits pct,quantile,0.05,0.681655063975563
indiana,2025-12-20,3,2026-01-10,Flu ED visits pct,quantile,0.05,0.4855248258294358
indianapolis,2025-12-20,3,2026-01-10,Flu ED visits pct,quantile,0.05,0.3500288443603232
la-grange,2025-12-20,3,2026-01-10,Flu ED visits pct,quantile,0.05,0.7187777016733518
larimer,2025-12-20,3,2026-01-10,Flu ED visits pct,quantile,0.05,0.4292344120647604
lynn,2025-12-20,3,2026-01-10,Flu ED visits pct,quantile,0.05,0.6229856292684873
macon,2025-12-20,3,2026-01-10,Flu ED visits pct,quantile,0.05,0.5759942875356224
maine,2025-12-20,3,2026-01-10,Flu ED visits pct,quantile,0.05,0.5760176450435734
marietta,2025-12-20,3,2026-01-10,Flu ED visits pct,quantile,0.05,0.27866472679324245
maryland,2025-12-20,3,2026-01-10,Flu ED visits pct,quantile,0.05,0.3654945163220003
massachusetts,2025-12-20,3,2026-01-10,Flu ED visits pct,quantile,0.05,0.5955146011325992
medford,2025-12-20,3,2026-01-10,Flu ED visits pct,quantile,0.05,0.11525262041104999
mesa,2025-12-20,3,2026-01-10,Flu ED visits pct,quantile,0.05,0.3512036492362904
minneapolis,2025-12-20,3,2026-01-10,Flu ED visits pct,quantile,0.05,0.1338674071160584
minnesota,2025-12-20,3,2026-01-10,Flu ED visits pct,quantile,0.05,0.2821984357374963
montgomery,2025-12-20,3,2026-01-10,Flu ED visits pct,quantile,0.05,0.333248324448709
nenc,2025-12-20,3,2026-01-10,Flu ED visits pct,quantile,0.05,2.264675863742552
new-bedford,2025-12-20,3,2026-01-10,Flu ED visits pct,quantile,0.05,0.7823019156795836
north-carolina,2025-12-20,3,2026-01-10,Flu ED visits pct,quantile,0.05,1.646477554500798
nyc,2025-12-20,3,2026-01-10,ILI ED visits pct,quantile,0.05,3.897737591650063
ogden,2025-12-20,3,2026-01-10,Flu ED visits pct,quantile,0.05,0.6470463810991106
oregon,2025-12-20,3,2026-01-10,Flu ED visits pct,quantile,0.05,0.46558035224361505
pittsfield,2025-12-20,3,2026-01-10,Flu ED visits pct,quantile,0.05,0.386195978540773
portland,2025-12-20,3,2026-01-10,Flu ED visits pct,quantile,0.05,0.30406120987082585
portland-or,2025-12-20,3,2026-01-10,Flu ED visits pct,quantile,0.05,0.5341577034617869
provo,2025-12-20,3,2026-01-10,Flu ED visits pct,quantile,0.05,0.9103524833921692
roanoke,2025-12-20,3,2026-01-10,Flu ED visits pct,quantile,0.05,0.5841482851711807
rochester,2025-12-20,3,2026-01-10,Flu ED visits pct,quantile,0.05,0.41070304223292353
rock-hill,2025-12-20,3,2026-01-10,Flu ED visits pct,quantile,0.05,0.3467805233365839
rtp-area,2025-12-20,3,2026-01-10,Flu ED visits pct,quantile,0.05,1.4473361564993954
salem,2025-12-20,3,2026-01-10,Flu ED visits pct,quantile,0.05,0.4848022244754312
salt-lake-city,2025-12-20,3,2026-01-10,Flu ED visits pct,quantile,0.05,0.6361148318047462
san-antonio,2025-12-20,3,2026-01-10,Flu ED visits pct,quantile,0.05,0.6335626698672068
savannah,2025-12-20,3,2026-01-10,Flu ED visits pct,quantile,0.05,0.19031934318649374
senc,2025-12-20,3,2026-01-10,Flu ED visits pct,quantile,0.05,0.25559275567448714
south-augusta,2025-12-20,3,2026-01-10,Flu ED visits pct,quantile,0.05,0.1621393887294647
south-carolina,2025-12-20,3,2026-01-10,Flu ED visits pct,quantile,0.05,0.6115076573262059
springfield,2025-12-20,3,2026-01-10,Flu ED visits pct,quantile,0.05,0.34360715639446127
st-cloud,2025-12-20,3,2026-01-10,Flu ED visits pct,quantile,0.05,0.23082553021545105
st-paul,2025-12-20,3,2026-01-10,Flu ED visits pct,quantile,0.05,0.20567785834347654
texas,2025-12-20,3,2026-01-10,Flu ED visits pct,quantile,0.05,0.9532626195777553
triad-area,2025-12-20,3,2026-01-10,Flu ED visits pct,quantile,0.05,1.7154898620881356
utah,2025-12-20,3,2026-01-10,Flu ED visits pct,quantile,0.05,0.6497229387105766
virginia,2025-12-20,3,2026-01-10,Flu ED visits pct,quantile,0.05,0.39175470691720604
weld,2025-12-20,3,2026-01-10,Flu ED visits pct,quantile,0.05,1.0391896040488404
wnc,2025-12-20,3,2026-01-10,Flu ED visits pct,quantile,0.05,1.140648584793768
worcester,2025-12-20,3,2026-01-10,Flu ED visits pct,quantile,0.05,0.048127554851796095
athens,2025-12-20,0,2025-12-20,Flu ED visits pct,quantile,0.1,2.8064177165178292
austin,2025-12-20,0,2025-12-20,Flu ED visits pct,quantile,0.1,1.8842113261144293
baltimore,2025-12-20,0,2025-12-20,Flu ED visits pct,quantile,0.1,1.9179563945343578
bangor,2025-12-20,0,2025-12-20,Flu ED visits pct,quantile,0.1,1.7139854161089731
beaumont,2025-12-20,0,2025-12-20,Flu ED visits pct,quantile,0.1,5.488523516153333
boston,2025-12-20,0,2025-12-20,Flu ED visits pct,quantile,0.1,1.6850577644676572
boulder,2025-12-20,0,2025-12-20,Flu ED visits pct,quantile,0.1,2.148351391242595
charleston,2025-12-20,0,2025-12-20,Flu ED visits pct,quantile,0.1,1.3708396156516012
cherokee,2025-12-20,0,2025-12-20,Flu ED visits pct,quantile,0.1,2.9700576299681494
clt-area,2025-12-20,0,2025-12-20,Flu ED visits pct,quantile,0.1,7.531463627646829
colorado,2025-12-20,0,2025-12-20,Flu ED visits pct,quantile,0.1,1.5277973910747757
colorado-springs,2025-12-20,0,2025-12-20,Flu ED visits pct,quantile,0.1,1.9257422898023502
columbia,2025-12-20,0,2025-12-20,Flu ED visits pct,quantile,0.1,1.351897884082894
columbus,2025-12-20,0,2025-12-20,Flu ED visits pct,quantile,0.1,0.6144993161397979
dallas,2025-12-20,0,2025-12-20,Flu ED visits pct,quantile,0.1,1.927824238943274
denver,2025-12-20,0,2025-12-20,Flu ED visits pct,quantile,0.1,1.6872398271203926
deschutes,2025-12-20,0,2025-12-20,Flu ED visits pct,quantile,0.1,0.7583085126252427
duluth,2025-12-20,0,2025-12-20,Flu ED visits pct,quantile,0.1,1.134942164040867
el-paso,2025-12-20,0,2025-12-20,Flu ED visits pct,quantile,0.1,2.23845578164428
eugene,2025-12-20,0,2025-12-20,Flu ED visits pct,quantile,0.1,0.24434706378545723
fay-area,2025-12-20,0,2025-12-20,Flu ED visits pct,quantile,0.1,5.884948871208409
florence,2025-12-20,0,2025-12-20,Flu ED visits pct,quantile,0.1,1.970953989166503
floyd,2025-12-20,0,2025-12-20,Flu ED visits pct,quantile,0.1,3.1209404920310844
frederick,2025-12-20,0,2025-12-20,Flu ED visits pct,quantile,0.1,3.107899970601935
georgia,2025-12-20,0,2025-12-20,Flu ED visits pct,quantile,0.1,2.4172173268342942
greenville,2025-12-20,0,2025-12-20,Flu ED visits pct,quantile,0.1,1.6895606174991211
hall,2025-12-20,0,2025-12-20,Flu ED visits pct,quantile,0.1,1.6385511626721314
harford,2025-12-20,0,2025-12-20,Flu ED visits pct,quantile,0.1,1.5385905369698383
henry,2025-12-20,0,2025-12-20,Flu ED visits pct,quantile,0.1,1.627465201346349
horry,2025-12-20,0,2025-12-20,Flu ED visits pct,quantile,0.1,1.6276075513785155
houston,2025-12-20,0,2025-12-20,Flu ED visits pct,quantile,0.1,2.175419763000152
indiana,2025-12-20,0,2025-12-20,Flu ED visits pct,quantile,0.1,1.9829896541210892
indianapolis,2025-12-20,0,2025-12-20,Flu ED visits pct,quantile,0.1,1.8212586841883465
la-grange,2025-12-20,0,2025-12-20,Flu ED visits pct,quantile,0.1,2.7305912318429075
larimer,2025-12-20,0,2025-12-20,Flu ED visits pct,quantile,0.1,1.8831686843752165
lynn,2025-12-20,0,2025-12-20,Flu ED visits pct,quantile,0.1,2.842053719898043
macon,2025-12-20,0,2025-12-20,Flu ED visits pct,quantile,0.1,1.893859353734074
maine,2025-12-20,0,2025-12-20,Flu ED visits pct,quantile,0.1,1.640689777470994
marietta,2025-12-20,0,2025-12-20,Flu ED visits pct,quantile,0.1,1.17633965006947
maryland,2025-12-20,0,2025-12-20,Flu ED visits pct,quantile,0.1,1.787507258184161
massachusetts,2025-12-20,0,2025-12-20,Flu ED visits pct,quantile,0.1,2.694102880023198
medford,2025-12-20,0,2025-12-20,Flu ED visits pct,quantile,0.1,0.30919094299068123
mesa,2025-12-20,0,2025-12-20,Flu ED visits pct,quantile,0.1,1.6297308597608706
minneapolis,2025-12-20,0,2025-12-20,Flu ED visits pct,quantile,0.1,1.3644578072577789
minnesota,2025-12-20,0,2025-12-20,Flu ED visits pct,quantile,0.1,1.9910362278442217
montgomery,2025-12-20,0,2025-12-20,Flu ED visits pct,quantile,0.1,1.8929770086446902
nenc,2025-12-20,0,2025-12-20,Flu ED visits pct,quantile,0.1,5.587426963057816
new-bedford,2025-12-20,0,2025-12-20,Flu ED visits pct,quantile,0.1,3.6548633696840342
north-carolina,2025-12-20,0,2025-12-20,Flu ED visits pct,quantile,0.1,4.866239042628509
nyc,2025-12-20,0,2025-12-20,ILI ED visits pct,quantile,0.1,9.300888916072603
ogden,2025-12-20,0,2025-12-20,Flu ED visits pct,quantile,0.1,2.3589232927137327
oregon,2025-12-20,0,2025-12-20,Flu ED visits pct,quantile,0.1,1.1158538020435165
pittsfield,2025-12-20,0,2025-12-20,Flu ED visits pct,quantile,0.1,1.1858037195874094
portland,2025-12-20,0,2025-12-20,Flu ED visits pct,quantile,0.1,1.1737763068715763
portland-or,2025-12-20,0,2025-12-20,Flu ED visits pct,quantile,0.1,1.1358346776332888
provo,2025-12-20,0,2025-12-20,Flu ED visits pct,quantile,0.1,3.3997489881174143
roanoke,2025-12-20,0,2025-12-20,Flu ED visits pct,quantile,0.1,1.4316363086349677
rochester,2025-12-20,0,2025-12-20,Flu ED visits pct,quantile,0.1,1.2698612170153984
rock-hill,2025-12-20,0,2025-12-20,Flu ED visits pct,quantile,0.1,3.038424863266682
rtp-area,2025-12-20,0,2025-12-20,Flu ED visits pct,quantile,0.1,3.7235333617858735
salem,2025-12-20,0,2025-12-20,Flu ED visits pct,quantile,0.1,1.0852882233849857
salt-lake-city,2025-12-20,0,2025-12-20,Flu ED visits pct,quantile,0.1,2.462561083948137
san-antonio,2025-12-20,0,2025-12-20,Flu ED visits pct,quantile,0.1,2.150103622894496
savannah,2025-12-20,0,2025-12-20,Flu ED visits pct,quantile,0.1,0.6005662281316925
senc,2025-12-20,0,2025-12-20,Flu ED visits pct,quantile,0.1,2.2080679201905493
south-augusta,2025-12-20,0,2025-12-20,Flu ED visits pct,quantile,0.1,0.6810525628463298
south-carolina,2025-12-20,0,2025-12-20,Flu ED visits pct,quantile,0.1,2.3461003135627587
springfield,2025-12-20,0,2025-12-20,Flu ED visits pct,quantile,0.1,2.22458278637675
st-cloud,2025-12-20,0,2025-12-20,Flu ED visits pct,quantile,0.1,1.2586579346222082
st-paul,2025-12-20,0,2025-12-20,Flu ED visits pct,quantile,0.1,1.9694298294389885
texas,2025-12-20,0,2025-12-20,Flu ED visits pct,quantile,0.1,3.1634328990394103
triad-area,2025-12-20,0,2025-12-20,Flu ED visits pct,quantile,0.1,4.419643562046174
utah,2025-12-20,0,2025-12-20,Flu ED visits pct,quantile,0.1,2.688034496189142
virginia,2025-12-20,0,2025-12-20,Flu ED visits pct,quantile,0.1,1.461407057479561
weld,2025-12-20,0,2025-12-20,Flu ED visits pct,quantile,0.1,4.1300001004125475
wnc,2025-12-20,0,2025-12-20,Flu ED visits pct,quantile,0.1,3.08141423226235
worcester,2025-12-20,0,2025-12-20,Flu ED visits pct,quantile,0.1,0.5729854747847156
athens,2025-12-20,1,2025-12-27,Flu ED visits pct,quantile,0.1,2.0534705484982214
austin,2025-12-20,1,2025-12-27,Flu ED visits pct,quantile,0.1,1.6110405425009586
baltimore,2025-12-20,1,2025-12-27,Flu ED visits pct,quantile,0.1,1.2159677950980012
bangor,2025-12-20,1,2025-12-27,Flu ED visits pct,quantile,0.1,1.1886275739539969
beaumont,2025-12-20,1,2025-12-27,Flu ED visits pct,quantile,0.1,3.852742234858107
boston,2025-12-20,1,2025-12-27,Flu ED visits pct,quantile,0.1,1.2349828479268374
boulder,2025-12-20,1,2025-12-27,Flu ED visits pct,quantile,0.1,1.2205167231139031
charleston,2025-12-20,1,2025-12-27,Flu ED visits pct,quantile,0.1,1.1433920562393398
cherokee,2025-12-20,1,2025-12-27,Flu ED visits pct,quantile,0.1,2.2795704801379277
clt-area,2025-12-20,1,2025-12-27,Flu ED visits pct,quantile,0.1,6.439451716722227
colorado,2025-12-20,1,2025-12-27,Flu ED visits pct,quantile,0.1,0.738473921580487
colorado-springs,2025-12-20,1,2025-12-27,Flu ED visits pct,quantile,0.1,1.4273456580556527
columbia,2025-12-20,1,2025-12-27,Flu ED visits pct,quantile,0.1,1.0320341789633534
columbus,2025-12-20,1,2025-12-27,Flu ED visits pct,quantile,0.1,0.4310870155589575
dallas,2025-12-20,1,2025-12-27,Flu ED visits pct,quantile,0.1,1.5123148944409155
denver,2025-12-20,1,2025-12-27,Flu ED visits pct,quantile,0.1,0.9662870495804958
deschutes,2025-12-20,1,2025-12-27,Flu ED visits pct,quantile,0.1,0.8049140719511767
duluth,2025-12-20,1,2025-12-27,Flu ED visits pct,quantile,0.1,0.5969634833210715
el-paso,2025-12-20,1,2025-12-27,Flu ED visits pct,quantile,0.1,1.331936943819333
eugene,2025-12-20,1,2025-12-27,Flu ED visits pct,quantile,0.1,0.2693120201740401
fay-area,2025-12-20,1,2025-12-27,Flu ED visits pct,quantile,0.1,5.162867817715977
florence,2025-12-20,1,2025-12-27,Flu ED visits pct,quantile,0.1,1.5001111879802653
floyd,2025-12-20,1,2025-12-27,Flu ED visits pct,quantile,0.1,2.3400404779357085
frederick,2025-12-20,1,2025-12-27,Flu ED visits pct,quantile,0.1,2.220792540620281
georgia,2025-12-20,1,2025-12-27,Flu ED visits pct,quantile,0.1,1.871896581775357
greenville,2025-12-20,1,2025-12-27,Flu ED visits pct,quantile,0.1,1.3841422653851614
hall,2025-12-20,1,2025-12-27,Flu ED visits pct,quantile,0.1,1.1805299705064591
harford,2025-12-20,1,2025-12-27,Flu ED visits pct,quantile,0.1,0.8953281149967531
henry,2025-12-20,1,2025-12-27,Flu ED visits pct,quantile,0.1,0.9485713052702288
horry,2025-12-20,1,2025-12-27,Flu ED visits pct,quantile,0.1,1.138116005201699
houston,2025-12-20,1,2025-12-27,Flu ED visits pct,quantile,0.1,1.3395032789186625
indiana,2025-12-20,1,2025-12-27,Flu ED visits pct,quantile,0.1,1.499504825354415
indianapolis,2025-12-20,1,2025-12-27,Flu ED visits pct,quantile,0.1,1.4114231180297243
la-grange,2025-12-20,1,2025-12-27,Flu ED visits pct,quantile,0.1,2.1341968398981863
larimer,2025-12-20,1,2025-12-27,Flu ED visits pct,quantile,0.1,1.2384116039388773
lynn,2025-12-20,1,2025-12-27,Flu ED visits pct,quantile,0.1,2.2485869415045285
macon,2025-12-20,1,2025-12-27,Flu ED visits pct,quantile,0.1,1.4042989406166715
maine,2025-12-20,1,2025-12-27,Flu ED visits pct,quantile,0.1,1.5103698978232765
marietta,2025-12-20,1,2025-12-27,Flu ED visits pct,quantile,0.1,0.7974904812082799
maryland,2025-12-20,1,2025-12-27,Flu ED visits pct,quantile,0.1,1.133675940204167
massachusetts,2025-12-20,1,2025-12-27,Flu ED visits pct,quantile,0.1,1.999304368584489
medford,2025-12-20,1,2025-12-27,Flu ED visits pct,quantile,0.1,0.35415151741254897
mesa,2025-12-20,1,2025-12-27,Flu ED visits pct,quantile,0.1,1.210140742418931
minneapolis,2025-12-20,1,2025-12-27,Flu ED visits pct,quantile,0.1,0.6060284029193651
minnesota,2025-12-20,1,2025-12-27,Flu ED visits pct,quantile,0.1,1.3071204702510164
montgomery,2025-12-20,1,2025-12-27,Flu ED visits pct,quantile,0.1,1.182241852801197
nenc,2025-12-20,1,2025-12-27,Flu ED visits pct,quantile,0.1,4.697548925826022
new-bedford,2025-12-20,1,2025-12-27,Flu ED visits pct,quantile,0.1,2.882449396750544
north-carolina,2025-12-20,1,2025-12-27,Flu ED visits pct,quantile,0.1,3.9517053192768694
nyc,2025-12-20,1,2025-12-27,ILI ED visits pct,quantile,0.1,7.893506677849634
ogden,2025-12-20,1,2025-12-27,Flu ED visits pct,quantile,0.1,1.9715320462921087
oregon,2025-12-20,1,2025-12-27,Flu ED visits pct,quantile,0.1,1.1065330779089773
pittsfield,2025-12-20,1,2025-12-27,Flu ED visits pct,quantile,0.1,1.1279805492681452
portland,2025-12-20,1,2025-12-27,Flu ED visits pct,quantile,0.1,1.0451854868638462
portland-or,2025-12-20,1,2025-12-27,Flu ED visits pct,quantile,0.1,1.1426284017127588
provo,2025-12-20,1,2025-12-27,Flu ED visits pct,quantile,0.1,2.716547992064708
roanoke,2025-12-20,1,2025-12-27,Flu ED visits pct,quantile,0.1,1.3229475068354535
rochester,2025-12-20,1,2025-12-27,Flu ED visits pct,quantile,0.1,1.2373444504230489
rock-hill,2025-12-20,1,2025-12-27,Flu ED visits pct,quantile,0.1,1.9309870570777903
rtp-area,2025-12-20,1,2025-12-27,Flu ED visits pct,quantile,0.1,3.2721115633389353
salem,2025-12-20,1,2025-12-27,Flu ED visits pct,quantile,0.1,1.0950714432208675
salt-lake-city,2025-12-20,1,2025-12-27,Flu ED visits pct,quantile,0.1,1.7353668467275758
san-antonio,2025-12-20,1,2025-12-27,Flu ED visits pct,quantile,0.1,1.6149678948451924
savannah,2025-12-20,1,2025-12-27,Flu ED visits pct,quantile,0.1,0.48103743903034557
senc,2025-12-20,1,2025-12-27,Flu ED visits pct,quantile,0.1,1.4080861044593285
south-augusta,2025-12-20,1,2025-12-27,Flu ED visits pct,quantile,0.1,0.500295867071519
south-carolina,2025-12-20,1,2025-12-27,Flu ED visits pct,quantile,0.1,1.9390362779414894
springfield,2025-12-20,1,2025-12-27,Flu ED visits pct,quantile,0.1,1.5480060506931534
st-cloud,2025-12-20,1,2025-12-27,Flu ED visits pct,quantile,0.1,0.7469571743589831
st-paul,2025-12-20,1,2025-12-27,Flu ED visits pct,quantile,0.1,1.0489472859234052
texas,2025-12-20,1,2025-12-27,Flu ED visits pct,quantile,0.1,2.273096973148874
triad-area,2025-12-20,1,2025-12-27,Flu ED visits pct,quantile,0.1,3.903027003166827
utah,2025-12-20,1,2025-12-27,Flu ED visits pct,quantile,0.1,1.9273767009299283
virginia,2025-12-20,1,2025-12-27,Flu ED visits pct,quantile,0.1,1.059959738046437
weld,2025-12-20,1,2025-12-27,Flu ED visits pct,quantile,0.1,3.0320336430149246
wnc,2025-12-20,1,2025-12-27,Flu ED visits pct,quantile,0.1,2.7255311581096175
worcester,2025-12-20,1,2025-12-27,Flu ED visits pct,quantile,0.1,0.24983444801845794
athens,2025-12-20,2,2026-01-03,Flu ED visits pct,quantile,0.1,1.7927219557865237
austin,2025-12-20,2,2026-01-03,Flu ED visits pct,quantile,0.1,1.4113424298777786
baltimore,2025-12-20,2,2026-01-03,Flu ED visits pct,quantile,0.1,0.9338345559381929
bangor,2025-12-20,2,2026-01-03,Flu ED visits pct,quantile,0.1,1.0032526044364403
beaumont,2025-12-20,2,2026-01-03,Flu ED visits pct,quantile,0.1,3.2991258734813775
boston,2025-12-20,2,2026-01-03,Flu ED visits pct,quantile,0.1,0.8509156481151261
boulder,2025-12-20,2,2026-01-03,Flu ED visits pct,quantile,0.1,0.9674212184248807
charleston,2025-12-20,2,2026-01-03,Flu ED visits pct,quantile,0.1,1.0869648430372485
cherokee,2025-12-20,2,2026-01-03,Flu ED visits pct,quantile,0.1,1.9051721913563453
clt-area,2025-12-20,2,2026-01-03,Flu ED visits pct,quantile,0.1,5.538210390242395
colorado,2025-12-20,2,2026-01-03,Flu ED visits pct,quantile,0.1,0.48904644863789604
colorado-springs,2025-12-20,2,2026-01-03,Flu ED visits pct,quantile,0.1,1.0947423708512174
columbia,2025-12-20,2,2026-01-03,Flu ED visits pct,quantile,0.1,0.9115958719002262
columbus,2025-12-20,2,2026-01-03,Flu ED visits pct,quantile,0.1,0.3352277308292367
dallas,2025-12-20,2,2026-01-03,Flu ED visits pct,quantile,0.1,1.1643371990420304
denver,2025-12-20,2,2026-01-03,Flu ED visits pct,quantile,0.1,0.6870550936842862
deschutes,2025-12-20,2,2026-01-03,Flu ED visits pct,quantile,0.1,0.8045529104874962
duluth,2025-12-20,2,2026-01-03,Flu ED visits pct,quantile,0.1,0.4309384261258503
el-paso,2025-12-20,2,2026-01-03,Flu ED visits pct,quantile,0.1,0.7907043162135844
eugene,2025-12-20,2,2026-01-03,Flu ED visits pct,quantile,0.1,0.26816893171080886
fay-area,2025-12-20,2,2026-01-03,Flu ED visits pct,quantile,0.1,4.716178029634411
florence,2025-12-20,2,2026-01-03,Flu ED visits pct,quantile,0.1,1.161311198437308
floyd,2025-12-20,2,2026-01-03,Flu ED visits pct,quantile,0.1,1.7355891792619813
frederick,2025-12-20,2,2026-01-03,Flu ED visits pct,quantile,0.1,1.9831025111417901
georgia,2025-12-20,2,2026-01-03,Flu ED visits pct,quantile,0.1,1.6310131110140322
greenville,2025-12-20,2,2026-01-03,Flu ED visits pct,quantile,0.1,1.1709435266873478
hall,2025-12-20,2,2026-01-03,Flu ED visits pct,quantile,0.1,0.9642976572728273
harford,2025-12-20,2,2026-01-03,Flu ED visits pct,quantile,0.1,0.7149868293869828
henry,2025-12-20,2,2026-01-03,Flu ED visits pct,quantile,0.1,0.574604292499901
horry,2025-12-20,2,2026-01-03,Flu ED visits pct,quantile,0.1,0.8487338604367668
houston,2025-12-20,2,2026-01-03,Flu ED visits pct,quantile,0.1,1.0764198055740275
indiana,2025-12-20,2,2026-01-03,Flu ED visits pct,quantile,0.1,1.3347801040173528
indianapolis,2025-12-20,2,2026-01-03,Flu ED visits pct,quantile,0.1,1.1298447392930284
la-grange,2025-12-20,2,2026-01-03,Flu ED visits pct,quantile,0.1,1.8055288657209774
larimer,2025-12-20,2,2026-01-03,Flu ED visits pct,quantile,0.1,0.9727246964006333
lynn,2025-12-20,2,2026-01-03,Flu ED visits pct,quantile,0.1,1.9407914068578813
macon,2025-12-20,2,2026-01-03,Flu ED visits pct,quantile,0.1,1.12570473356006
maine,2025-12-20,2,2026-01-03,Flu ED visits pct,quantile,0.1,1.4457992542793834
marietta,2025-12-20,2,2026-01-03,Flu ED visits pct,quantile,0.1,0.6858972122558911
maryland,2025-12-20,2,2026-01-03,Flu ED visits pct,quantile,0.1,0.8226064161859775
massachusetts,2025-12-20,2,2026-01-03,Flu ED visits pct,quantile,0.1,1.6913080919398389
medford,2025-12-20,2,2026-01-03,Flu ED visits pct,quantile,0.1,0.3486810700245995
mesa,2025-12-20,2,2026-01-03,Flu ED visits pct,quantile,0.1,1.0039890531851423
minneapolis,2025-12-20,2,2026-01-03,Flu ED visits pct,quantile,0.1,0.365813811220081
minnesota,2025-12-20,2,2026-01-03,Flu ED visits pct,quantile,0.1,0.7646438928759732
montgomery,2025-12-20,2,2026-01-03,Flu ED visits pct,quantile,0.1,0.820431816435225
nenc,2025-12-20,2,2026-01-03,Flu ED visits pct,quantile,0.1,4.278420413667415
new-bedford,2025-12-20,2,2026-01-03,Flu ED visits pct,quantile,0.1,2.4442816658983295
north-carolina,2025-12-20,2,2026-01-03,Flu ED visits pct,quantile,0.1,3.4695154352422235
nyc,2025-12-20,2,2026-01-03,ILI ED visits pct,quantile,0.1,7.144627257455705
ogden,2025-12-20,2,2026-01-03,Flu ED visits pct,quantile,0.1,1.7094213385327117
oregon,2025-12-20,2,2026-01-03,Flu ED visits pct,quantile,0.1,1.0838677372731353
pittsfield,2025-12-20,2,2026-01-03,Flu ED visits pct,quantile,0.1,1.07663063881737
portland,2025-12-20,2,2026-01-03,Flu ED visits pct,quantile,0.1,0.9336471120505023
portland-or,2025-12-20,2,2026-01-03,Flu ED visits pct,quantile,0.1,1.1249892340449736
provo,2025-12-20,2,2026-01-03,Flu ED visits pct,quantile,0.1,2.416315787553589
roanoke,2025-12-20,2,2026-01-03,Flu ED visits pct,quantile,0.1,1.238026162718802
rochester,2025-12-20,2,2026-01-03,Flu ED visits pct,quantile,0.1,1.1854779563592501
rock-hill,2025-12-20,2,2026-01-03,Flu ED visits pct,quantile,0.1,1.149885325150622
rtp-area,2025-12-20,2,2026-01-03,Flu ED visits pct,quantile,0.1,2.9879834354681964
salem,2025-12-20,2,2026-01-03,Flu ED visits pct,quantile,0.1,1.087628602757096
salt-lake-city,2025-12-20,2,2026-01-03,Flu ED visits pct,quantile,0.1,1.5005432070647307
san-antonio,2025-12-20,2,2026-01-03,Flu ED visits pct,quantile,0.1,1.457781260492148
savannah,2025-12-20,2,2026-01-03,Flu ED visits pct,quantile,0.1,0.37706000913555476
senc,2025-12-20,2,2026-01-03,Flu ED visits pct,quantile,0.1,0.7800924174770701
south-augusta,2025-12-20,2,2026-01-03,Flu ED visits pct,quantile,0.1,0.40846491181864425
south-carolina,2025-12-20,2,2026-01-03,Flu ED visits pct,quantile,0.1,1.6640649083384385
springfield,2025-12-20,2,2026-01-03,Flu ED visits pct,quantile,0.1,1.0363779527948194
st-cloud,2025-12-20,2,2026-01-03,Flu ED visits pct,quantile,0.1,0.6478465519855556
st-paul,2025-12-20,2,2026-01-03,Flu ED visits pct,quantile,0.1,0.6698312336108098
texas,2025-12-20,2,2026-01-03,Flu ED visits pct,quantile,0.1,1.871279531265329
triad-area,2025-12-20,2,2026-01-03,Flu ED visits pct,quantile,0.1,3.5210547420044844
utah,2025-12-20,2,2026-01-03,Flu ED visits pct,quantile,0.1,1.6084481371265562
virginia,2025-12-20,2,2026-01-03,Flu ED visits pct,quantile,0.1,0.8462423738427866
weld,2025-12-20,2,2026-01-03,Flu ED visits pct,quantile,0.1,2.3915535221426234
wnc,2025-12-20,2,2026-01-03,Flu ED visits pct,quantile,0.1,2.488565803499148
worcester,2025-12-20,2,2026-01-03,Flu ED visits pct,quantile,0.1,0.13579862431784492
athens,2025-12-20,3,2026-01-10,Flu ED visits pct,quantile,0.1,1.5809062372990612
austin,2025-12-20,3,2026-01-10,Flu ED visits pct,quantile,0.1,1.1132238049127419
baltimore,2025-12-20,3,2026-01-10,Flu ED visits pct,quantile,0.1,0.7625292251270351
bangor,2025-12-20,3,2026-01-10,Flu ED visits pct,quantile,0.1,0.7794644565763497
beaumont,2025-12-20,3,2026-01-10,Flu ED visits pct,quantile,0.1,2.670585226296828
boston,2025-12-20,3,2026-01-10,Flu ED visits pct,quantile,0.1,0.6938405993748288
boulder,2025-12-20,3,2026-01-10,Flu ED visits pct,quantile,0.1,0.7471585346227856
charleston,2025-12-20,3,2026-01-10,Flu ED visits pct,quantile,0.1,0.9115528164175084
cherokee,2025-12-20,3,2026-01-10,Flu ED visits pct,quantile,0.1,1.4222126668959323
clt-area,2025-12-20,3,2026-01-10,Flu ED visits pct,quantile,0.1,4.571799934412314
colorado,2025-12-20,3,2026-01-10,Flu ED visits pct,quantile,0.1,0.36456104519807736
colorado-springs,2025-12-20,3,2026-01-10,Flu ED visits pct,quantile,0.1,0.7743114722636371
columbia,2025-12-20,3,2026-01-10,Flu ED visits pct,quantile,0.1,0.7439554842789354
columbus,2025-12-20,3,2026-01-10,Flu ED visits pct,quantile,0.1,0.2637991913330793
dallas,2025-12-20,3,2026-01-10,Flu ED visits pct,quantile,0.1,0.9077603208000614
denver,2025-12-20,3,2026-01-10,Flu ED visits pct,quantile,0.1,0.5141614430482495
deschutes,2025-12-20,3,2026-01-10,Flu ED visits pct,quantile,0.1,0.7409429131158515
duluth,2025-12-20,3,2026-01-10,Flu ED visits pct,quantile,0.1,0.2880507307199906
el-paso,2025-12-20,3,2026-01-10,Flu ED visits pct,quantile,0.1,0.6074354696397901
eugene,2025-12-20,3,2026-01-10,Flu ED visits pct,quantile,0.1,0.2450950187161417
fay-area,2025-12-20,3,2026-01-10,Flu ED visits pct,quantile,0.1,4.00193983614935
florence,2025-12-20,3,2026-01-10,Flu ED visits pct,quantile,0.1,0.7728050383030302
floyd,2025-12-20,3,2026-01-10,Flu ED visits pct,quantile,0.1,1.250351228553051
frederick,2025-12-20,3,2026-01-10,Flu ED visits pct,quantile,0.1,1.5736574869991096
georgia,2025-12-20,3,2026-01-10,Flu ED visits pct,quantile,0.1,1.325411236381642
greenville,2025-12-20,3,2026-01-10,Flu ED visits pct,quantile,0.1,0.9081407766534815
hall,2025-12-20,3,2026-01-10,Flu ED visits pct,quantile,0.1,0.8539168718905392
harford,2025-12-20,3,2026-01-10,Flu ED visits pct,quantile,0.1,0.5793960503727625
henry,2025-12-20,3,2026-01-10,Flu ED visits pct,quantile,0.1,0.40333279106357584
horry,2025-12-20,3,2026-01-10,Flu ED visits pct,quantile,0.1,0.6633766204462687
houston,2025-12-20,3,2026-01-10,Flu ED visits pct,quantile,0.1,0.9064062638234581
indiana,2025-12-20,3,2026-01-10,Flu ED visits pct,quantile,0.1,1.0185238647282158
indianapolis,2025-12-20,3,2026-01-10,Flu ED visits pct,quantile,0.1,0.8509172876558158
la-grange,2025-12-20,3,2026-01-10,Flu ED visits pct,quantile,0.1,1.3525409806394968
larimer,2025-12-20,3,2026-01-10,Flu ED visits pct,quantile,0.1,0.7620581615583014
lynn,2025-12-20,3,2026-01-10,Flu ED visits pct,quantile,0.1,1.4343458437598409
macon,2025-12-20,3,2026-01-10,Flu ED visits pct,quantile,0.1,0.9455967458172225
maine,2025-12-20,3,2026-01-10,Flu ED visits pct,quantile,0.1,1.144921682609053
marietta,2025-12-20,3,2026-01-10,Flu ED visits pct,quantile,0.1,0.5357607984129509
maryland,2025-12-20,3,2026-01-10,Flu ED visits pct,quantile,0.1,0.649645949138164
massachusetts,2025-12-20,3,2026-01-10,Flu ED visits pct,quantile,0.1,1.2380186701859037
medford,2025-12-20,3,2026-01-10,Flu ED visits pct,quantile,0.1,0.3187190150825433
mesa,2025-12-20,3,2026-01-10,Flu ED visits pct,quantile,0.1,0.7610991627877959
minneapolis,2025-12-20,3,2026-01-10,Flu ED visits pct,quantile,0.1,0.2636390367715118
minnesota,2025-12-20,3,2026-01-10,Flu ED visits pct,quantile,0.1,0.56423849058246
montgomery,2025-12-20,3,2026-01-10,Flu ED visits pct,quantile,0.1,0.5790699438669662
nenc,2025-12-20,3,2026-01-10,Flu ED visits pct,quantile,0.1,3.571189931854442
new-bedford,2025-12-20,3,2026-01-10,Flu ED visits pct,quantile,0.1,1.8921537369268142
north-carolina,2025-12-20,3,2026-01-10,Flu ED visits pct,quantile,0.1,2.652406503728303
nyc,2025-12-20,3,2026-01-10,ILI ED visits pct,quantile,0.1,6.047184911904696
ogden,2025-12-20,3,2026-01-10,Flu ED visits pct,quantile,0.1,1.3039619138976781
oregon,2025-12-20,3,2026-01-10,Flu ED visits pct,quantile,0.1,0.9102550841402565
pittsfield,2025-12-20,3,2026-01-10,Flu ED visits pct,quantile,0.1,0.8663994781540888
portland,2025-12-20,3,2026-01-10,Flu ED visits pct,quantile,0.1,0.7410789744549211
portland-or,2025-12-20,3,2026-01-10,Flu ED visits pct,quantile,0.1,0.9711776050632889
provo,2025-12-20,3,2026-01-10,Flu ED visits pct,quantile,0.1,1.8378113055491645
roanoke,2025-12-20,3,2026-01-10,Flu ED visits pct,quantile,0.1,0.9803756987119593
rochester,2025-12-20,3,2026-01-10,Flu ED visits pct,quantile,0.1,1.0401650088712082
rock-hill,2025-12-20,3,2026-01-10,Flu ED visits pct,quantile,0.1,0.7612704642438752
rtp-area,2025-12-20,3,2026-01-10,Flu ED visits pct,quantile,0.1,2.460370019759297
salem,2025-12-20,3,2026-01-10,Flu ED visits pct,quantile,0.1,0.9400100039736501
salt-lake-city,2025-12-20,3,2026-01-10,Flu ED visits pct,quantile,0.1,1.203169021716222
san-antonio,2025-12-20,3,2026-01-10,Flu ED visits pct,quantile,0.1,1.1680483268942814
savannah,2025-12-20,3,2026-01-10,Flu ED visits pct,quantile,0.1,0.30104182911058713
senc,2025-12-20,3,2026-01-10,Flu ED visits pct,quantile,0.1,0.62302832624917
south-augusta,2025-12-20,3,2026-01-10,Flu ED visits pct,quantile,0.1,0.3556675564311133
south-carolina,2025-12-20,3,2026-01-10,Flu ED visits pct,quantile,0.1,1.2678576016438952
springfield,2025-12-20,3,2026-01-10,Flu ED visits pct,quantile,0.1,0.7848042667268804
st-cloud,2025-12-20,3,2026-01-10,Flu ED visits pct,quantile,0.1,0.5106709140711233
st-paul,2025-12-20,3,2026-01-10,Flu ED visits pct,quantile,0.1,0.4404270070385276
texas,2025-12-20,3,2026-01-10,Flu ED visits pct,quantile,0.1,1.4761221244652203
triad-area,2025-12-20,3,2026-01-10,Flu ED visits pct,quantile,0.1,2.9866928286240984
utah,2025-12-20,3,2026-01-10,Flu ED visits pct,quantile,0.1,1.255651415226656
virginia,2025-12-20,3,2026-01-10,Flu ED visits pct,quantile,0.1,0.6832040478451913
weld,2025-12-20,3,2026-01-10,Flu ED visits pct,quantile,0.1,1.7152002772883368
wnc,2025-12-20,3,2026-01-10,Flu ED visits pct,quantile,0.1,2.036019219089344
worcester,2025-12-20,3,2026-01-10,Flu ED visits pct,quantile,0.1,0.07659018350481289
athens,2025-12-20,0,2025-12-20,Flu ED visits pct,quantile,0.25,4.037897736165623
austin,2025-12-20,0,2025-12-20,Flu ED visits pct,quantile,0.25,2.7089394363960264
baltimore,2025-12-20,0,2025-12-20,Flu ED visits pct,quantile,0.25,3.2641688210681465
bangor,2025-12-20,0,2025-12-20,Flu ED visits pct,quantile,0.25,2.64421723281097
beaumont,2025-12-20,0,2025-12-20,Flu ED visits pct,quantile,0.25,6.839034145842178
boston,2025-12-20,0,2025-12-20,Flu ED visits pct,quantile,0.25,3.0022159757113225
boulder,2025-12-20,0,2025-12-20,Flu ED visits pct,quantile,0.25,3.4066826049460315
charleston,2025-12-20,0,2025-12-20,Flu ED visits pct,quantile,0.25,1.965241354069696
cherokee,2025-12-20,0,2025-12-20,Flu ED visits pct,quantile,0.25,4.181060024935635
clt-area,2025-12-20,0,2025-12-20,Flu ED visits pct,quantile,0.25,8.790071347068846
colorado,2025-12-20,0,2025-12-20,Flu ED visits pct,quantile,0.25,2.451526102826873
colorado-springs,2025-12-20,0,2025-12-20,Flu ED visits pct,quantile,0.25,2.711145484080305
columbia,2025-12-20,0,2025-12-20,Flu ED visits pct,quantile,0.25,2.7593179531738827
columbus,2025-12-20,0,2025-12-20,Flu ED visits pct,quantile,0.25,1.2417099230638757
dallas,2025-12-20,0,2025-12-20,Flu ED visits pct,quantile,0.25,3.1303478322185203
denver,2025-12-20,0,2025-12-20,Flu ED visits pct,quantile,0.25,3.4615951563602496
deschutes,2025-12-20,0,2025-12-20,Flu ED visits pct,quantile,0.25,1.209423821835591
duluth,2025-12-20,0,2025-12-20,Flu ED visits pct,quantile,0.25,3.320579785035906
el-paso,2025-12-20,0,2025-12-20,Flu ED visits pct,quantile,0.25,5.3773580695016205
eugene,2025-12-20,0,2025-12-20,Flu ED visits pct,quantile,0.25,0.417925707728441
fay-area,2025-12-20,0,2025-12-20,Flu ED visits pct,quantile,0.25,7.089039854912835
florence,2025-12-20,0,2025-12-20,Flu ED visits pct,quantile,0.25,3.1924251794868583
floyd,2025-12-20,0,2025-12-20,Flu ED visits pct,quantile,0.25,4.543256286400023
frederick,2025-12-20,0,2025-12-20,Flu ED visits pct,quantile,0.25,4.481933729263878
georgia,2025-12-20,0,2025-12-20,Flu ED visits pct,quantile,0.25,3.2061312898050986
greenville,2025-12-20,0,2025-12-20,Flu ED visits pct,quantile,0.25,2.7863940746082343
hall,2025-12-20,0,2025-12-20,Flu ED visits pct,quantile,0.25,2.534822517507912
harford,2025-12-20,0,2025-12-20,Flu ED visits pct,quantile,0.25,2.9836408791038713
henry,2025-12-20,0,2025-12-20,Flu ED visits pct,quantile,0.25,3.0174517979633384
horry,2025-12-20,0,2025-12-20,Flu ED visits pct,quantile,0.25,3.15134357582168
houston,2025-12-20,0,2025-12-20,Flu ED visits pct,quantile,0.25,3.6329310902654197
indiana,2025-12-20,0,2025-12-20,Flu ED visits pct,quantile,0.25,3.0291977768620075
indianapolis,2025-12-20,0,2025-12-20,Flu ED visits pct,quantile,0.25,2.8223185444173167
la-grange,2025-12-20,0,2025-12-20,Flu ED visits pct,quantile,0.25,3.8138497067415704
larimer,2025-12-20,0,2025-12-20,Flu ED visits pct,quantile,0.25,3.523108878304584
lynn,2025-12-20,0,2025-12-20,Flu ED visits pct,quantile,0.25,4.000713637337493
macon,2025-12-20,0,2025-12-20,Flu ED visits pct,quantile,0.25,2.3509851498691794
maine,2025-12-20,0,2025-12-20,Flu ED visits pct,quantile,0.25,2.267994125242492
marietta,2025-12-20,0,2025-12-20,Flu ED visits pct,quantile,0.25,1.9271839049096384
maryland,2025-12-20,0,2025-12-20,Flu ED visits pct,quantile,0.25,2.909379366141984
massachusetts,2025-12-20,0,2025-12-20,Flu ED visits pct,quantile,0.25,3.883434980252899
medford,2025-12-20,0,2025-12-20,Flu ED visits pct,quantile,0.25,0.575991112645915
mesa,2025-12-20,0,2025-12-20,Flu ED visits pct,quantile,0.25,2.5797349568819268
minneapolis,2025-12-20,0,2025-12-20,Flu ED visits pct,quantile,0.25,3.5857329132283535
minnesota,2025-12-20,0,2025-12-20,Flu ED visits pct,quantile,0.25,3.487290169576268
montgomery,2025-12-20,0,2025-12-20,Flu ED visits pct,quantile,0.25,2.6622855438225965
nenc,2025-12-20,0,2025-12-20,Flu ED visits pct,quantile,0.25,7.20662754573342
new-bedford,2025-12-20,0,2025-12-20,Flu ED visits pct,quantile,0.25,5.1446282625180455
north-carolina,2025-12-20,0,2025-12-20,Flu ED visits pct,quantile,0.25,5.911669065715249
nyc,2025-12-20,0,2025-12-20,ILI ED visits pct,quantile,0.25,10.663509219084421
ogden,2025-12-20,0,2025-12-20,Flu ED visits pct,quantile,0.25,3.482736059078407
oregon,2025-12-20,0,2025-12-20,Flu ED visits pct,quantile,0.25,1.4380622985200584
pittsfield,2025-12-20,0,2025-12-20,Flu ED visits pct,quantile,0.25,2.0094155412799557
portland,2025-12-20,0,2025-12-20,Flu ED visits pct,quantile,0.25,2.3043989260320705
portland-or,2025-12-20,0,2025-12-20,Flu ED visits pct,quantile,0.25,1.382513722357964
provo,2025-12-20,0,2025-12-20,Flu ED visits pct,quantile,0.25,4.32228464833057
roanoke,2025-12-20,0,2025-12-20,Flu ED visits pct,quantile,0.25,2.546271294616491
rochester,2025-12-20,0,2025-12-20,Flu ED visits pct,quantile,0.25,2.299111346180637
rock-hill,2025-12-20,0,2025-12-20,Flu ED visits pct,quantile,0.25,5.990020510074126
rtp-area,2025-12-20,0,2025-12-20,Flu ED visits pct,quantile,0.25,4.478481937603044
salem,2025-12-20,0,2025-12-20,Flu ED visits pct,quantile,0.25,1.7013745303444083
salt-lake-city,2025-12-20,0,2025-12-20,Flu ED visits pct,quantile,0.25,3.207731551825831
san-antonio,2025-12-20,0,2025-12-20,Flu ED visits pct,quantile,0.25,2.956831901418041
savannah,2025-12-20,0,2025-12-20,Flu ED visits pct,quantile,0.25,0.9665761341275929
senc,2025-12-20,0,2025-12-20,Flu ED visits pct,quantile,0.25,4.853787448339442
south-augusta,2025-12-20,0,2025-12-20,Flu ED visits pct,quantile,0.25,1.4120472860699933
south-carolina,2025-12-20,0,2025-12-20,Flu ED visits pct,quantile,0.25,3.565296795162032
springfield,2025-12-20,0,2025-12-20,Flu ED visits pct,quantile,0.25,4.275149005119875
st-cloud,2025-12-20,0,2025-12-20,Flu ED visits pct,quantile,0.25,2.956349152098368
st-paul,2025-12-20,0,2025-12-20,Flu ED visits pct,quantile,0.25,4.689269995539014
texas,2025-12-20,0,2025-12-20,Flu ED visits pct,quantile,0.25,3.946947825061421
triad-area,2025-12-20,0,2025-12-20,Flu ED visits pct,quantile,0.25,5.1390995731536835
utah,2025-12-20,0,2025-12-20,Flu ED visits pct,quantile,0.25,3.4160840138979736
virginia,2025-12-20,0,2025-12-20,Flu ED visits pct,quantile,0.25,2.742551206523226
weld,2025-12-20,0,2025-12-20,Flu ED visits pct,quantile,0.25,5.637052111702265
wnc,2025-12-20,0,2025-12-20,Flu ED visits pct,quantile,0.25,3.6599660783886923
worcester,2025-12-20,0,2025-12-20,Flu ED visits pct,quantile,0.25,2.346170825693468
athens,2025-12-20,1,2025-12-27,Flu ED visits pct,quantile,0.25,3.9008008538587196
austin,2025-12-20,1,2025-12-27,Flu ED visits pct,quantile,0.25,2.9243578607707286
baltimore,2025-12-20,1,2025-12-27,Flu ED visits pct,quantile,0.25,2.142882435049588
bangor,2025-12-20,1,2025-12-27,Flu ED visits pct,quantile,0.25,2.4757870160949933
beaumont,2025-12-20,1,2025-12-27,Flu ED visits pct,quantile,0.25,5.420892976326951
boston,2025-12-20,1,2025-12-27,Flu ED visits pct,quantile,0.25,2.6078861841530117
boulder,2025-12-20,1,2025-12-27,Flu ED visits pct,quantile,0.25,2.2696480712302125
charleston,2025-12-20,1,2025-12-27,Flu ED visits pct,quantile,0.25,2.046999487121232
cherokee,2025-12-20,1,2025-12-27,Flu ED visits pct,quantile,0.25,4.497322506473556
clt-area,2025-12-20,1,2025-12-27,Flu ED visits pct,quantile,0.25,8.523527477341418
colorado,2025-12-20,1,2025-12-27,Flu ED visits pct,quantile,0.25,1.6678971877426993
colorado-springs,2025-12-20,1,2025-12-27,Flu ED visits pct,quantile,0.25,2.563856643270912
columbia,2025-12-20,1,2025-12-27,Flu ED visits pct,quantile,0.25,3.0924621320224492
columbus,2025-12-20,1,2025-12-27,Flu ED visits pct,quantile,0.25,1.1450165638343481
dallas,2025-12-20,1,2025-12-27,Flu ED visits pct,quantile,0.25,3.356690426434549
denver,2025-12-20,1,2025-12-27,Flu ED visits pct,quantile,0.25,2.2217295939572255
deschutes,2025-12-20,1,2025-12-27,Flu ED visits pct,quantile,0.25,1.4929304776739678
duluth,2025-12-20,1,2025-12-27,Flu ED visits pct,quantile,0.25,2.3276301318954564
el-paso,2025-12-20,1,2025-12-27,Flu ED visits pct,quantile,0.25,3.3116013684080983
eugene,2025-12-20,1,2025-12-27,Flu ED visits pct,quantile,0.25,0.5407724033608491
fay-area,2025-12-20,1,2025-12-27,Flu ED visits pct,quantile,0.25,7.677002074304428
florence,2025-12-20,1,2025-12-27,Flu ED visits pct,quantile,0.25,3.173204033468172
floyd,2025-12-20,1,2025-12-27,Flu ED visits pct,quantile,0.25,4.893304621360944
frederick,2025-12-20,1,2025-12-27,Flu ED visits pct,quantile,0.25,4.950324002409217
georgia,2025-12-20,1,2025-12-27,Flu ED visits pct,quantile,0.25,3.4370717285446264
greenville,2025-12-20,1,2025-12-27,Flu ED visits pct,quantile,0.25,3.0721438472594826
hall,2025-12-20,1,2025-12-27,Flu ED visits pct,quantile,0.25,2.5629977237030133
harford,2025-12-20,1,2025-12-27,Flu ED visits pct,quantile,0.25,1.9706737459456762
henry,2025-12-20,1,2025-12-27,Flu ED visits pct,quantile,0.25,2.052235827939493
horry,2025-12-20,1,2025-12-27,Flu ED visits pct,quantile,0.25,2.791614686188944
houston,2025-12-20,1,2025-12-27,Flu ED visits pct,quantile,0.25,2.7616157532008443
indiana,2025-12-20,1,2025-12-27,Flu ED visits pct,quantile,0.25,3.340073265426814
indianapolis,2025-12-20,1,2025-12-27,Flu ED visits pct,quantile,0.25,2.642962537160466
la-grange,2025-12-20,1,2025-12-27,Flu ED visits pct,quantile,0.25,3.976271060246502
larimer,2025-12-20,1,2025-12-27,Flu ED visits pct,quantile,0.25,2.9393732659893184
lynn,2025-12-20,1,2025-12-27,Flu ED visits pct,quantile,0.25,4.33865646976777
macon,2025-12-20,1,2025-12-27,Flu ED visits pct,quantile,0.25,2.1026574956609716
maine,2025-12-20,1,2025-12-27,Flu ED visits pct,quantile,0.25,2.6135269922001667
marietta,2025-12-20,1,2025-12-27,Flu ED visits pct,quantile,0.25,1.483330298995594
maryland,2025-12-20,1,2025-12-27,Flu ED visits pct,quantile,0.25,2.070078752519329
massachusetts,2025-12-20,1,2025-12-27,Flu ED visits pct,quantile,0.25,4.1029579608627
medford,2025-12-20,1,2025-12-27,Flu ED visits pct,quantile,0.25,0.7425833389629651
mesa,2025-12-20,1,2025-12-27,Flu ED visits pct,quantile,0.25,2.877905904162171
minneapolis,2025-12-20,1,2025-12-27,Flu ED visits pct,quantile,0.25,1.8845720766030756
minnesota,2025-12-20,1,2025-12-27,Flu ED visits pct,quantile,0.25,2.334894750729028
montgomery,2025-12-20,1,2025-12-27,Flu ED visits pct,quantile,0.25,1.9869248518256515
nenc,2025-12-20,1,2025-12-27,Flu ED visits pct,quantile,0.25,6.475964059850018
new-bedford,2025-12-20,1,2025-12-27,Flu ED visits pct,quantile,0.25,5.4019764399235966
north-carolina,2025-12-20,1,2025-12-27,Flu ED visits pct,quantile,0.25,5.54304033160779
nyc,2025-12-20,1,2025-12-27,ILI ED visits pct,quantile,0.25,11.644399288601496
ogden,2025-12-20,1,2025-12-27,Flu ED visits pct,quantile,0.25,3.9002367405331317
oregon,2025-12-20,1,2025-12-27,Flu ED visits pct,quantile,0.25,1.7395072746672897
pittsfield,2025-12-20,1,2025-12-27,Flu ED visits pct,quantile,0.25,2.446858182865712
portland,2025-12-20,1,2025-12-27,Flu ED visits pct,quantile,0.25,2.5531170856648235
portland-or,2025-12-20,1,2025-12-27,Flu ED visits pct,quantile,0.25,1.6765959358599374
provo,2025-12-20,1,2025-12-27,Flu ED visits pct,quantile,0.25,4.882716212410978
roanoke,2025-12-20,1,2025-12-27,Flu ED visits pct,quantile,0.25,2.7182779850386734
rochester,2025-12-20,1,2025-12-27,Flu ED visits pct,quantile,0.25,2.6267468852353857
rock-hill,2025-12-20,1,2025-12-27,Flu ED visits pct,quantile,0.25,4.232827554328636
rtp-area,2025-12-20,1,2025-12-27,Flu ED visits pct,quantile,0.25,4.88788535099426
salem,2025-12-20,1,2025-12-27,Flu ED visits pct,quantile,0.25,2.058569020738825
salt-lake-city,2025-12-20,1,2025-12-27,Flu ED visits pct,quantile,0.25,3.1192254550251985
san-antonio,2025-12-20,1,2025-12-27,Flu ED visits pct,quantile,0.25,2.865508215870417
savannah,2025-12-20,1,2025-12-27,Flu ED visits pct,quantile,0.25,1.077578838232129
senc,2025-12-20,1,2025-12-27,Flu ED visits pct,quantile,0.25,3.1779785131432288
south-augusta,2025-12-20,1,2025-12-27,Flu ED visits pct,quantile,0.25,1.4532086090765506
south-carolina,2025-12-20,1,2025-12-27,Flu ED visits pct,quantile,0.25,3.9928412579713717
springfield,2025-12-20,1,2025-12-27,Flu ED visits pct,quantile,0.25,3.445258259104912
st-cloud,2025-12-20,1,2025-12-27,Flu ED visits pct,quantile,0.25,1.978375909962427
st-paul,2025-12-20,1,2025-12-27,Flu ED visits pct,quantile,0.25,3.4344437912550507
texas,2025-12-20,1,2025-12-27,Flu ED visits pct,quantile,0.25,3.8182213751394647
triad-area,2025-12-20,1,2025-12-27,Flu ED visits pct,quantile,0.25,5.7008773995795
utah,2025-12-20,1,2025-12-27,Flu ED visits pct,quantile,0.25,3.5690012028781504
virginia,2025-12-20,1,2025-12-27,Flu ED visits pct,quantile,0.25,2.2925905188448135
weld,2025-12-20,1,2025-12-27,Flu ED visits pct,quantile,0.25,4.964138080388984
wnc,2025-12-20,1,2025-12-27,Flu ED visits pct,quantile,0.25,4.079249456970376
worcester,2025-12-20,1,2025-12-27,Flu ED visits pct,quantile,0.25,1.5606152321651479
athens,2025-12-20,2,2026-01-03,Flu ED visits pct,quantile,0.25,3.556853346919933
austin,2025-12-20,2,2026-01-03,Flu ED visits pct,quantile,0.25,2.9276010918806215
baltimore,2025-12-20,2,2026-01-03,Flu ED visits pct,quantile,0.25,1.8389599474708034
bangor,2025-12-20,2,2026-01-03,Flu ED visits pct,quantile,0.25,2.3148833376178977
beaumont,2025-12-20,2,2026-01-03,Flu ED visits pct,quantile,0.25,4.687211379112912
boston,2025-12-20,2,2026-01-03,Flu ED visits pct,quantile,0.25,2.0255813900999198
boulder,2025-12-20,2,2026-01-03,Flu ED visits pct,quantile,0.25,1.7630624221598068
charleston,2025-12-20,2,2026-01-03,Flu ED visits pct,quantile,0.25,2.1002682650344715
cherokee,2025-12-20,2,2026-01-03,Flu ED visits pct,quantile,0.25,4.515937094288125
clt-area,2025-12-20,2,2026-01-03,Flu ED visits pct,quantile,0.25,7.832399738396181
colorado,2025-12-20,2,2026-01-03,Flu ED visits pct,quantile,0.25,1.2427138262924673
colorado-springs,2025-12-20,2,2026-01-03,Flu ED visits pct,quantile,0.25,2.1831171192203174
columbia,2025-12-20,2,2026-01-03,Flu ED visits pct,quantile,0.25,3.0511713366884927
columbus,2025-12-20,2,2026-01-03,Flu ED visits pct,quantile,0.25,1.1288390959185568
dallas,2025-12-20,2,2026-01-03,Flu ED visits pct,quantile,0.25,3.4292593866058625
denver,2025-12-20,2,2026-01-03,Flu ED visits pct,quantile,0.25,1.3692870725211852
deschutes,2025-12-20,2,2026-01-03,Flu ED visits pct,quantile,0.25,1.5468198748716564
duluth,2025-12-20,2,2026-01-03,Flu ED visits pct,quantile,0.25,1.3687101633620316
el-paso,2025-12-20,2,2026-01-03,Flu ED visits pct,quantile,0.25,1.579033829931864
eugene,2025-12-20,2,2026-01-03,Flu ED visits pct,quantile,0.25,0.5753456784852443
fay-area,2025-12-20,2,2026-01-03,Flu ED visits pct,quantile,0.25,7.823500859865677
florence,2025-12-20,2,2026-01-03,Flu ED visits pct,quantile,0.25,2.6112576403875205
floyd,2025-12-20,2,2026-01-03,Flu ED visits pct,quantile,0.25,4.7183392780375755
frederick,2025-12-20,2,2026-01-03,Flu ED visits pct,quantile,0.25,4.877946615269564
georgia,2025-12-20,2,2026-01-03,Flu ED visits pct,quantile,0.25,3.4456379347270096
greenville,2025-12-20,2,2026-01-03,Flu ED visits pct,quantile,0.25,3.042176757143939
hall,2025-12-20,2,2026-01-03,Flu ED visits pct,quantile,0.25,2.578204357161007
harford,2025-12-20,2,2026-01-03,Flu ED visits pct,quantile,0.25,1.5869805079536103
henry,2025-12-20,2,2026-01-03,Flu ED visits pct,quantile,0.25,1.072617140462156
horry,2025-12-20,2,2026-01-03,Flu ED visits pct,quantile,0.25,2.563155162169759
houston,2025-12-20,2,2026-01-03,Flu ED visits pct,quantile,0.25,2.241511562451039
indiana,2025-12-20,2,2026-01-03,Flu ED visits pct,quantile,0.25,3.4559251690296255
indianapolis,2025-12-20,2,2026-01-03,Flu ED visits pct,quantile,0.25,2.5142339253335027
la-grange,2025-12-20,2,2026-01-03,Flu ED visits pct,quantile,0.25,3.9210385815844018
larimer,2025-12-20,2,2026-01-03,Flu ED visits pct,quantile,0.25,2.5311902527475203
lynn,2025-12-20,2,2026-01-03,Flu ED visits pct,quantile,0.25,4.391719671316036
macon,2025-12-20,2,2026-01-03,Flu ED visits pct,quantile,0.25,2.068345847207731
maine,2025-12-20,2,2026-01-03,Flu ED visits pct,quantile,0.25,2.6893037048272803
marietta,2025-12-20,2,2026-01-03,Flu ED visits pct,quantile,0.25,1.243071706866804
maryland,2025-12-20,2,2026-01-03,Flu ED visits pct,quantile,0.25,1.4756929791272175
massachusetts,2025-12-20,2,2026-01-03,Flu ED visits pct,quantile,0.25,3.9361072885995565
medford,2025-12-20,2,2026-01-03,Flu ED visits pct,quantile,0.25,0.7740396365697686
mesa,2025-12-20,2,2026-01-03,Flu ED visits pct,quantile,0.25,2.998017391439675
minneapolis,2025-12-20,2,2026-01-03,Flu ED visits pct,quantile,0.25,0.8783741671058231
minnesota,2025-12-20,2,2026-01-03,Flu ED visits pct,quantile,0.25,1.385446765248762
montgomery,2025-12-20,2,2026-01-03,Flu ED visits pct,quantile,0.25,1.557913878715213
nenc,2025-12-20,2,2026-01-03,Flu ED visits pct,quantile,0.25,5.920047668301083
new-bedford,2025-12-20,2,2026-01-03,Flu ED visits pct,quantile,0.25,5.162287795495702
north-carolina,2025-12-20,2,2026-01-03,Flu ED visits pct,quantile,0.25,4.788731966054545
nyc,2025-12-20,2,2026-01-03,ILI ED visits pct,quantile,0.25,11.93269012676238
ogden,2025-12-20,2,2026-01-03,Flu ED visits pct,quantile,0.25,4.08090230602977
oregon,2025-12-20,2,2026-01-03,Flu ED visits pct,quantile,0.25,1.7647563561425363
pittsfield,2025-12-20,2,2026-01-03,Flu ED visits pct,quantile,0.25,2.5110815245089424
portland,2025-12-20,2,2026-01-03,Flu ED visits pct,quantile,0.25,2.5993438280284797
portland-or,2025-12-20,2,2026-01-03,Flu ED visits pct,quantile,0.25,1.7151100236323527
provo,2025-12-20,2,2026-01-03,Flu ED visits pct,quantile,0.25,4.9546862081973915
roanoke,2025-12-20,2,2026-01-03,Flu ED visits pct,quantile,0.25,2.4947745705588518
rochester,2025-12-20,2,2026-01-03,Flu ED visits pct,quantile,0.25,2.7036524631310277
rock-hill,2025-12-20,2,2026-01-03,Flu ED visits pct,quantile,0.25,2.2646562961449495
rtp-area,2025-12-20,2,2026-01-03,Flu ED visits pct,quantile,0.25,4.930090310281052
salem,2025-12-20,2,2026-01-03,Flu ED visits pct,quantile,0.25,2.1786440828033755
salt-lake-city,2025-12-20,2,2026-01-03,Flu ED visits pct,quantile,0.25,3.094121102529482
san-antonio,2025-12-20,2,2026-01-03,Flu ED visits pct,quantile,0.25,2.705842552499754
savannah,2025-12-20,2,2026-01-03,Flu ED visits pct,quantile,0.25,1.0944063521583487
senc,2025-12-20,2,2026-01-03,Flu ED visits pct,quantile,0.25,2.0236083102770905
south-augusta,2025-12-20,2,2026-01-03,Flu ED visits pct,quantile,0.25,1.4220005898828434
south-carolina,2025-12-20,2,2026-01-03,Flu ED visits pct,quantile,0.25,4.082572603359128
springfield,2025-12-20,2,2026-01-03,Flu ED visits pct,quantile,0.25,2.5097103056008407
st-cloud,2025-12-20,2,2026-01-03,Flu ED visits pct,quantile,0.25,1.6221780073454677
st-paul,2025-12-20,2,2026-01-03,Flu ED visits pct,quantile,0.25,2.056654339423815
texas,2025-12-20,2,2026-01-03,Flu ED visits pct,quantile,0.25,3.6145456145454133
triad-area,2025-12-20,2,2026-01-03,Flu ED visits pct,quantile,0.25,5.795750808041375
utah,2025-12-20,2,2026-01-03,Flu ED visits pct,quantile,0.25,3.4888147900652027
virginia,2025-12-20,2,2026-01-03,Flu ED visits pct,quantile,0.25,1.9950959847571357
weld,2025-12-20,2,2026-01-03,Flu ED visits pct,quantile,0.25,3.835598278094135
wnc,2025-12-20,2,2026-01-03,Flu ED visits pct,quantile,0.25,4.170702846475457
worcester,2025-12-20,2,2026-01-03,Flu ED visits pct,quantile,0.25,0.41885058951268733
athens,2025-12-20,3,2026-01-10,Flu ED visits pct,quantile,0.25,3.217032947931433
austin,2025-12-20,3,2026-01-10,Flu ED visits pct,quantile,0.25,2.8106676021562413
baltimore,2025-12-20,3,2026-01-10,Flu ED visits pct,quantile,0.25,1.4743936341718438
bangor,2025-12-20,3,2026-01-10,Flu ED visits pct,quantile,0.25,2.0389240853923436
beaumont,2025-12-20,3,2026-01-10,Flu ED visits pct,quantile,0.25,4.069688973614317
boston,2025-12-20,3,2026-01-10,Flu ED visits pct,quantile,0.25,1.7787408660657522
boulder,2025-12-20,3,2026-01-10,Flu ED visits pct,quantile,0.25,1.30641228401809
charleston,2025-12-20,3,2026-01-10,Flu ED visits pct,quantile,0.25,1.9938334397604913
cherokee,2025-12-20,3,2026-01-10,Flu ED visits pct,quantile,0.25,4.07527431138539
clt-area,2025-12-20,3,2026-01-10,Flu ED visits pct,quantile,0.25,6.447785423836014
colorado,2025-12-20,3,2026-01-10,Flu ED visits pct,quantile,0.25,1.0037604576294967
colorado-springs,2025-12-20,3,2026-01-10,Flu ED visits pct,quantile,0.25,1.6997818605685
columbia,2025-12-20,3,2026-01-10,Flu ED visits pct,quantile,0.25,2.934090485437373
columbus,2025-12-20,3,2026-01-10,Flu ED visits pct,quantile,0.25,1.067458310316891
dallas,2025-12-20,3,2026-01-10,Flu ED visits pct,quantile,0.25,3.2737099807621854
denver,2025-12-20,3,2026-01-10,Flu ED visits pct,quantile,0.25,1.0120925543352088
deschutes,2025-12-20,3,2026-01-10,Flu ED visits pct,quantile,0.25,1.5047214900953307
duluth,2025-12-20,3,2026-01-10,Flu ED visits pct,quantile,0.25,1.0577955068293612
el-paso,2025-12-20,3,2026-01-10,Flu ED visits pct,quantile,0.25,1.1418023033836928
eugene,2025-12-20,3,2026-01-10,Flu ED visits pct,quantile,0.25,0.5628825854871414
fay-area,2025-12-20,3,2026-01-10,Flu ED visits pct,quantile,0.25,6.804888217625658
florence,2025-12-20,3,2026-01-10,Flu ED visits pct,quantile,0.25,2.206308483208224
floyd,2025-12-20,3,2026-01-10,Flu ED visits pct,quantile,0.25,4.366360894670435
frederick,2025-12-20,3,2026-01-10,Flu ED visits pct,quantile,0.25,4.345725849357999
georgia,2025-12-20,3,2026-01-10,Flu ED visits pct,quantile,0.25,3.0930380615342012
greenville,2025-12-20,3,2026-01-10,Flu ED visits pct,quantile,0.25,2.8740062436864675
hall,2025-12-20,3,2026-01-10,Flu ED visits pct,quantile,0.25,2.451389559591602
harford,2025-12-20,3,2026-01-10,Flu ED visits pct,quantile,0.25,1.2378562733898975
henry,2025-12-20,3,2026-01-10,Flu ED visits pct,quantile,0.25,0.8725158799380327
horry,2025-12-20,3,2026-01-10,Flu ED visits pct,quantile,0.25,2.526245359161753
houston,2025-12-20,3,2026-01-10,Flu ED visits pct,quantile,0.25,1.9275801627373248
indiana,2025-12-20,3,2026-01-10,Flu ED visits pct,quantile,0.25,3.1839600654351923
indianapolis,2025-12-20,3,2026-01-10,Flu ED visits pct,quantile,0.25,2.337057423682407
la-grange,2025-12-20,3,2026-01-10,Flu ED visits pct,quantile,0.25,3.495630422498092
larimer,2025-12-20,3,2026-01-10,Flu ED visits pct,quantile,0.25,1.9263939569492983
lynn,2025-12-20,3,2026-01-10,Flu ED visits pct,quantile,0.25,3.8705136992359055
macon,2025-12-20,3,2026-01-10,Flu ED visits pct,quantile,0.25,1.8506069121111335
maine,2025-12-20,3,2026-01-10,Flu ED visits pct,quantile,0.25,2.609538940706031
marietta,2025-12-20,3,2026-01-10,Flu ED visits pct,quantile,0.25,1.037341175846488
maryland,2025-12-20,3,2026-01-10,Flu ED visits pct,quantile,0.25,1.240802699143444
massachusetts,2025-12-20,3,2026-01-10,Flu ED visits pct,quantile,0.25,3.4765558154980734
medford,2025-12-20,3,2026-01-10,Flu ED visits pct,quantile,0.25,0.7677493186606303
mesa,2025-12-20,3,2026-01-10,Flu ED visits pct,quantile,0.25,2.73499769957071
minneapolis,2025-12-20,3,2026-01-10,Flu ED visits pct,quantile,0.25,0.5770173750935067
minnesota,2025-12-20,3,2026-01-10,Flu ED visits pct,quantile,0.25,1.2374992262320736
montgomery,2025-12-20,3,2026-01-10,Flu ED visits pct,quantile,0.25,1.3026020975550214
nenc,2025-12-20,3,2026-01-10,Flu ED visits pct,quantile,0.25,4.790752447864667
new-bedford,2025-12-20,3,2026-01-10,Flu ED visits pct,quantile,0.25,4.623465183738509
north-carolina,2025-12-20,3,2026-01-10,Flu ED visits pct,quantile,0.25,3.958766630651604
nyc,2025-12-20,3,2026-01-10,ILI ED visits pct,quantile,0.25,10.680962576627765
ogden,2025-12-20,3,2026-01-10,Flu ED visits pct,quantile,0.25,3.8334676034508526
oregon,2025-12-20,3,2026-01-10,Flu ED visits pct,quantile,0.25,1.70723281017881
pittsfield,2025-12-20,3,2026-01-10,Flu ED visits pct,quantile,0.25,2.375677111554503
portland,2025-12-20,3,2026-01-10,Flu ED visits pct,quantile,0.25,2.4637494460918097
portland-or,2025-12-20,3,2026-01-10,Flu ED visits pct,quantile,0.25,1.6871497376550284
provo,2025-12-20,3,2026-01-10,Flu ED visits pct,quantile,0.25,4.443036954284397
roanoke,2025-12-20,3,2026-01-10,Flu ED visits pct,quantile,0.25,2.1811355318826546
rochester,2025-12-20,3,2026-01-10,Flu ED visits pct,quantile,0.25,2.642970709294568
rock-hill,2025-12-20,3,2026-01-10,Flu ED visits pct,quantile,0.25,1.6426943182231377
rtp-area,2025-12-20,3,2026-01-10,Flu ED visits pct,quantile,0.25,4.248485335776611
salem,2025-12-20,3,2026-01-10,Flu ED visits pct,quantile,0.25,2.134919431492893
salt-lake-city,2025-12-20,3,2026-01-10,Flu ED visits pct,quantile,0.25,2.74972924511777
san-antonio,2025-12-20,3,2026-01-10,Flu ED visits pct,quantile,0.25,2.5191750116361167
savannah,2025-12-20,3,2026-01-10,Flu ED visits pct,quantile,0.25,1.06137501017912
senc,2025-12-20,3,2026-01-10,Flu ED visits pct,quantile,0.25,1.3671822452258087
south-augusta,2025-12-20,3,2026-01-10,Flu ED visits pct,quantile,0.25,1.340668198943275
south-carolina,2025-12-20,3,2026-01-10,Flu ED visits pct,quantile,0.25,3.78009971515369
springfield,2025-12-20,3,2026-01-10,Flu ED visits pct,quantile,0.25,2.1054631527970944
st-cloud,2025-12-20,3,2026-01-10,Flu ED visits pct,quantile,0.25,1.346437005709105
st-paul,2025-12-20,3,2026-01-10,Flu ED visits pct,quantile,0.25,1.6504381207024
texas,2025-12-20,3,2026-01-10,Flu ED visits pct,quantile,0.25,3.2055236187947522
triad-area,2025-12-20,3,2026-01-10,Flu ED visits pct,quantile,0.25,5.065982719479688
utah,2025-12-20,3,2026-01-10,Flu ED visits pct,quantile,0.25,3.151282777508507
virginia,2025-12-20,3,2026-01-10,Flu ED visits pct,quantile,0.25,1.8611994202380582
weld,2025-12-20,3,2026-01-10,Flu ED visits pct,quantile,0.25,2.7974105946615277
wnc,2025-12-20,3,2026-01-10,Flu ED visits pct,quantile,0.25,3.6951725121680017
worcester,2025-12-20,3,2026-01-10,Flu ED visits pct,quantile,0.25,0.25726021378748576
athens,2025-12-20,0,2025-12-20,Flu ED visits pct,quantile,0.5,5.400512794723448
austin,2025-12-20,0,2025-12-20,Flu ED visits pct,quantile,0.5,3.6430872300373283
baltimore,2025-12-20,0,2025-12-20,Flu ED visits pct,quantile,0.5,4.880355275319382
bangor,2025-12-20,0,2025-12-20,Flu ED visits pct,quantile,0.5,4.7764665047820145
beaumont,2025-12-20,0,2025-12-20,Flu ED visits pct,quantile,0.5,8.461036611603436
boston,2025-12-20,0,2025-12-20,Flu ED visits pct,quantile,0.5,4.9695140774949795
boulder,2025-12-20,0,2025-12-20,Flu ED visits pct,quantile,0.5,5.389061785880802
charleston,2025-12-20,0,2025-12-20,Flu ED visits pct,quantile,0.5,2.506438094330983
cherokee,2025-12-20,0,2025-12-20,Flu ED visits pct,quantile,0.5,6.000502116117985
clt-area,2025-12-20,0,2025-12-20,Flu ED visits pct,quantile,0.5,9.691663106722414
colorado,2025-12-20,0,2025-12-20,Flu ED visits pct,quantile,0.5,4.118084229165622
colorado-springs,2025-12-20,0,2025-12-20,Flu ED visits pct,quantile,0.5,3.7285741685310936
columbia,2025-12-20,0,2025-12-20,Flu ED visits pct,quantile,0.5,3.783504026299167
columbus,2025-12-20,0,2025-12-20,Flu ED visits pct,quantile,0.5,2.03483466647845
dallas,2025-12-20,0,2025-12-20,Flu ED visits pct,quantile,0.5,4.453190351590281
denver,2025-12-20,0,2025-12-20,Flu ED visits pct,quantile,0.5,5.051398713936154
deschutes,2025-12-20,0,2025-12-20,Flu ED visits pct,quantile,0.5,1.591812383802738
duluth,2025-12-20,0,2025-12-20,Flu ED visits pct,quantile,0.5,5.398453547541297
el-paso,2025-12-20,0,2025-12-20,Flu ED visits pct,quantile,0.5,7.702859816950243
eugene,2025-12-20,0,2025-12-20,Flu ED visits pct,quantile,0.5,0.4989636865046293
fay-area,2025-12-20,0,2025-12-20,Flu ED visits pct,quantile,0.5,8.366438075625739
florence,2025-12-20,0,2025-12-20,Flu ED visits pct,quantile,0.5,4.983765755912938
floyd,2025-12-20,0,2025-12-20,Flu ED visits pct,quantile,0.5,6.780199112739919
frederick,2025-12-20,0,2025-12-20,Flu ED visits pct,quantile,0.5,6.581658796504899
georgia,2025-12-20,0,2025-12-20,Flu ED visits pct,quantile,0.5,4.573677631390202
greenville,2025-12-20,0,2025-12-20,Flu ED visits pct,quantile,0.5,3.887129512847751
hall,2025-12-20,0,2025-12-20,Flu ED visits pct,quantile,0.5,3.4102847723850163
harford,2025-12-20,0,2025-12-20,Flu ED visits pct,quantile,0.5,4.533605535129814
henry,2025-12-20,0,2025-12-20,Flu ED visits pct,quantile,0.5,5.056724018365598
horry,2025-12-20,0,2025-12-20,Flu ED visits pct,quantile,0.5,4.9209574660727995
houston,2025-12-20,0,2025-12-20,Flu ED visits pct,quantile,0.5,5.060089456116966
indiana,2025-12-20,0,2025-12-20,Flu ED visits pct,quantile,0.5,4.361550676889516
indianapolis,2025-12-20,0,2025-12-20,Flu ED visits pct,quantile,0.5,4.263029866266134
la-grange,2025-12-20,0,2025-12-20,Flu ED visits pct,quantile,0.5,5.515069020378039
larimer,2025-12-20,0,2025-12-20,Flu ED visits pct,quantile,0.5,4.722433974746092
lynn,2025-12-20,0,2025-12-20,Flu ED visits pct,quantile,0.5,5.53795312255379
macon,2025-12-20,0,2025-12-20,Flu ED visits pct,quantile,0.5,3.7225306881666365
maine,2025-12-20,0,2025-12-20,Flu ED visits pct,quantile,0.5,2.9992402577893045
marietta,2025-12-20,0,2025-12-20,Flu ED visits pct,quantile,0.5,3.5394135241022986
maryland,2025-12-20,0,2025-12-20,Flu ED visits pct,quantile,0.5,5.18943610193132
massachusetts,2025-12-20,0,2025-12-20,Flu ED visits pct,quantile,0.5,5.607116060371198
medford,2025-12-20,0,2025-12-20,Flu ED visits pct,quantile,0.5,0.7694145947751748
mesa,2025-12-20,0,2025-12-20,Flu ED visits pct,quantile,0.5,3.9832134354100863
minneapolis,2025-12-20,0,2025-12-20,Flu ED visits pct,quantile,0.5,6.316012311655975
minnesota,2025-12-20,0,2025-12-20,Flu ED visits pct,quantile,0.5,6.4508261129688576
montgomery,2025-12-20,0,2025-12-20,Flu ED visits pct,quantile,0.5,4.847711373512185
nenc,2025-12-20,0,2025-12-20,Flu ED visits pct,quantile,0.5,8.371926463753132
new-bedford,2025-12-20,0,2025-12-20,Flu ED visits pct,quantile,0.5,7.707495193686489
north-carolina,2025-12-20,0,2025-12-20,Flu ED visits pct,quantile,0.5,6.537530125655647
nyc,2025-12-20,0,2025-12-20,ILI ED visits pct,quantile,0.5,12.1531573672334
ogden,2025-12-20,0,2025-12-20,Flu ED visits pct,quantile,0.5,4.557109826221971
oregon,2025-12-20,0,2025-12-20,Flu ED visits pct,quantile,0.5,1.8383751064000247
pittsfield,2025-12-20,0,2025-12-20,Flu ED visits pct,quantile,0.5,3.1073388474013597
portland,2025-12-20,0,2025-12-20,Flu ED visits pct,quantile,0.5,2.971768331775251
portland-or,2025-12-20,0,2025-12-20,Flu ED visits pct,quantile,0.5,1.7123662471603867
provo,2025-12-20,0,2025-12-20,Flu ED visits pct,quantile,0.5,6.042626726744837
roanoke,2025-12-20,0,2025-12-20,Flu ED visits pct,quantile,0.5,3.3248378068797977
rochester,2025-12-20,0,2025-12-20,Flu ED visits pct,quantile,0.5,3.352829072320924
rock-hill,2025-12-20,0,2025-12-20,Flu ED visits pct,quantile,0.5,8.02524780203693
rtp-area,2025-12-20,0,2025-12-20,Flu ED visits pct,quantile,0.5,5.402507286135908
salem,2025-12-20,0,2025-12-20,Flu ED visits pct,quantile,0.5,1.997458185477967
salt-lake-city,2025-12-20,0,2025-12-20,Flu ED visits pct,quantile,0.5,4.893130579370557
san-antonio,2025-12-20,0,2025-12-20,Flu ED visits pct,quantile,0.5,4.755615571801261
savannah,2025-12-20,0,2025-12-20,Flu ED visits pct,quantile,0.5,1.3163009911712675
senc,2025-12-20,0,2025-12-20,Flu ED visits pct,quantile,0.5,6.971338474104686
south-augusta,2025-12-20,0,2025-12-20,Flu ED visits pct,quantile,0.5,2.177715882692482
south-carolina,2025-12-20,0,2025-12-20,Flu ED visits pct,quantile,0.5,4.880139089002549
springfield,2025-12-20,0,2025-12-20,Flu ED visits pct,quantile,0.5,6.9270446052725285
st-cloud,2025-12-20,0,2025-12-20,Flu ED visits pct,quantile,0.5,4.485551961379545
st-paul,2025-12-20,0,2025-12-20,Flu ED visits pct,quantile,0.5,6.063297610595963
texas,2025-12-20,0,2025-12-20,Flu ED visits pct,quantile,0.5,5.75307220860679
triad-area,2025-12-20,0,2025-12-20,Flu ED visits pct,quantile,0.5,6.06002297061148
utah,2025-12-20,0,2025-12-20,Flu ED visits pct,quantile,0.5,4.929533361828336
virginia,2025-12-20,0,2025-12-20,Flu ED visits pct,quantile,0.5,4.174843760792252
weld,2025-12-20,0,2025-12-20,Flu ED visits pct,quantile,0.5,7.429636569850802
wnc,2025-12-20,0,2025-12-20,Flu ED visits pct,quantile,0.5,4.182879349696826
worcester,2025-12-20,0,2025-12-20,Flu ED visits pct,quantile,0.5,4.445260203188296
athens,2025-12-20,1,2025-12-27,Flu ED visits pct,quantile,0.5,5.788118243744261
austin,2025-12-20,1,2025-12-27,Flu ED visits pct,quantile,0.5,4.758075688572647
baltimore,2025-12-20,1,2025-12-27,Flu ED visits pct,quantile,0.5,4.285205648202681
bangor,2025-12-20,1,2025-12-27,Flu ED visits pct,quantile,0.5,5.537547400992349
beaumont,2025-12-20,1,2025-12-27,Flu ED visits pct,quantile,0.5,7.546451162942802
boston,2025-12-20,1,2025-12-27,Flu ED visits pct,quantile,0.5,5.69377479214212
boulder,2025-12-20,1,2025-12-27,Flu ED visits pct,quantile,0.5,4.33696708931378
charleston,2025-12-20,1,2025-12-27,Flu ED visits pct,quantile,0.5,3.1947269185703826
cherokee,2025-12-20,1,2025-12-27,Flu ED visits pct,quantile,0.5,7.466088486918292
clt-area,2025-12-20,1,2025-12-27,Flu ED visits pct,quantile,0.5,10.12096756963643
colorado,2025-12-20,1,2025-12-27,Flu ED visits pct,quantile,0.5,3.1986640873609424
colorado-springs,2025-12-20,1,2025-12-27,Flu ED visits pct,quantile,0.5,4.062374465407174
columbia,2025-12-20,1,2025-12-27,Flu ED visits pct,quantile,0.5,5.093524399833002
columbus,2025-12-20,1,2025-12-27,Flu ED visits pct,quantile,0.5,2.5131158544695875
dallas,2025-12-20,1,2025-12-27,Flu ED visits pct,quantile,0.5,5.735991452440638
denver,2025-12-20,1,2025-12-27,Flu ED visits pct,quantile,0.5,4.344274561461978
deschutes,2025-12-20,1,2025-12-27,Flu ED visits pct,quantile,0.5,2.3623698358832135
duluth,2025-12-20,1,2025-12-27,Flu ED visits pct,quantile,0.5,5.480686292495603
el-paso,2025-12-20,1,2025-12-27,Flu ED visits pct,quantile,0.5,6.786999962871687
eugene,2025-12-20,1,2025-12-27,Flu ED visits pct,quantile,0.5,0.8059332360666418
fay-area,2025-12-20,1,2025-12-27,Flu ED visits pct,quantile,0.5,9.245801389638654
florence,2025-12-20,1,2025-12-27,Flu ED visits pct,quantile,0.5,5.920132204321885
floyd,2025-12-20,1,2025-12-27,Flu ED visits pct,quantile,0.5,8.398786894118038
frederick,2025-12-20,1,2025-12-27,Flu ED visits pct,quantile,0.5,7.77541579962419
georgia,2025-12-20,1,2025-12-27,Flu ED visits pct,quantile,0.5,5.704876816078335
greenville,2025-12-20,1,2025-12-27,Flu ED visits pct,quantile,0.5,5.3832556287802085
hall,2025-12-20,1,2025-12-27,Flu ED visits pct,quantile,0.5,4.277720644950873
harford,2025-12-20,1,2025-12-27,Flu ED visits pct,quantile,0.5,3.877126723729601
henry,2025-12-20,1,2025-12-27,Flu ED visits pct,quantile,0.5,4.926883718404313
horry,2025-12-20,1,2025-12-27,Flu ED visits pct,quantile,0.5,5.887945098399003
houston,2025-12-20,1,2025-12-27,Flu ED visits pct,quantile,0.5,4.658128358278809
indiana,2025-12-20,1,2025-12-27,Flu ED visits pct,quantile,0.5,5.781729190175527
indianapolis,2025-12-20,1,2025-12-27,Flu ED visits pct,quantile,0.5,5.40374881144741
la-grange,2025-12-20,1,2025-12-27,Flu ED visits pct,quantile,0.5,6.534090132732559
larimer,2025-12-20,1,2025-12-27,Flu ED visits pct,quantile,0.5,4.168695678675153
lynn,2025-12-20,1,2025-12-27,Flu ED visits pct,quantile,0.5,6.959255578115129
macon,2025-12-20,1,2025-12-27,Flu ED visits pct,quantile,0.5,3.818085207851498
maine,2025-12-20,1,2025-12-27,Flu ED visits pct,quantile,0.5,4.25372811970406
marietta,2025-12-20,1,2025-12-27,Flu ED visits pct,quantile,0.5,3.7439871908917697
maryland,2025-12-20,1,2025-12-27,Flu ED visits pct,quantile,0.5,4.900371172186484
massachusetts,2025-12-20,1,2025-12-27,Flu ED visits pct,quantile,0.5,6.795638534533871
medford,2025-12-20,1,2025-12-27,Flu ED visits pct,quantile,0.5,1.261057984897027
mesa,2025-12-20,1,2025-12-27,Flu ED visits pct,quantile,0.5,5.0650458015341355
minneapolis,2025-12-20,1,2025-12-27,Flu ED visits pct,quantile,0.5,5.510603032277388
minnesota,2025-12-20,1,2025-12-27,Flu ED visits pct,quantile,0.5,6.320203007430539
montgomery,2025-12-20,1,2025-12-27,Flu ED visits pct,quantile,0.5,4.850335068246354
nenc,2025-12-20,1,2025-12-27,Flu ED visits pct,quantile,0.5,8.496791480481944
new-bedford,2025-12-20,1,2025-12-27,Flu ED visits pct,quantile,0.5,9.261240166041333
north-carolina,2025-12-20,1,2025-12-27,Flu ED visits pct,quantile,0.5,6.362858486841515
nyc,2025-12-20,1,2025-12-27,ILI ED visits pct,quantile,0.5,13.539448311388112
ogden,2025-12-20,1,2025-12-27,Flu ED visits pct,quantile,0.5,6.0057186440897725
oregon,2025-12-20,1,2025-12-27,Flu ED visits pct,quantile,0.5,2.7960448777000733
pittsfield,2025-12-20,1,2025-12-27,Flu ED visits pct,quantile,0.5,4.623816112120379
portland,2025-12-20,1,2025-12-27,Flu ED visits pct,quantile,0.5,4.2610726414972095
portland-or,2025-12-20,1,2025-12-27,Flu ED visits pct,quantile,0.5,2.5203329623043995
provo,2025-12-20,1,2025-12-27,Flu ED visits pct,quantile,0.5,7.442990462972363
roanoke,2025-12-20,1,2025-12-27,Flu ED visits pct,quantile,0.5,4.027767466349429
rochester,2025-12-20,1,2025-12-27,Flu ED visits pct,quantile,0.5,4.569368576505357
rock-hill,2025-12-20,1,2025-12-27,Flu ED visits pct,quantile,0.5,7.630344745207989
rtp-area,2025-12-20,1,2025-12-27,Flu ED visits pct,quantile,0.5,6.080862644878288
salem,2025-12-20,1,2025-12-27,Flu ED visits pct,quantile,0.5,2.9521098454323678
salt-lake-city,2025-12-20,1,2025-12-27,Flu ED visits pct,quantile,0.5,5.597504275764488
san-antonio,2025-12-20,1,2025-12-27,Flu ED visits pct,quantile,0.5,5.609143836914173
savannah,2025-12-20,1,2025-12-27,Flu ED visits pct,quantile,0.5,1.7795001917852358
senc,2025-12-20,1,2025-12-27,Flu ED visits pct,quantile,0.5,6.332874605596285
south-augusta,2025-12-20,1,2025-12-27,Flu ED visits pct,quantile,0.5,2.7803485522514735
south-carolina,2025-12-20,1,2025-12-27,Flu ED visits pct,quantile,0.5,6.418443940733584
springfield,2025-12-20,1,2025-12-27,Flu ED visits pct,quantile,0.5,7.712901965307785
st-cloud,2025-12-20,1,2025-12-27,Flu ED visits pct,quantile,0.5,4.461680368989268
st-paul,2025-12-20,1,2025-12-27,Flu ED visits pct,quantile,0.5,5.690485088999323
texas,2025-12-20,1,2025-12-27,Flu ED visits pct,quantile,0.5,6.101175653349596
triad-area,2025-12-20,1,2025-12-27,Flu ED visits pct,quantile,0.5,6.842049321372877
utah,2025-12-20,1,2025-12-27,Flu ED visits pct,quantile,0.5,6.0201315612708015
virginia,2025-12-20,1,2025-12-27,Flu ED visits pct,quantile,0.5,4.854286398460939
weld,2025-12-20,1,2025-12-27,Flu ED visits pct,quantile,0.5,7.3480711382004875
wnc,2025-12-20,1,2025-12-27,Flu ED visits pct,quantile,0.5,4.58934535285278
worcester,2025-12-20,1,2025-12-27,Flu ED visits pct,quantile,0.5,4.356629590406286
athens,2025-12-20,2,2026-01-03,Flu ED visits pct,quantile,0.5,5.783404612357007
austin,2025-12-20,2,2026-01-03,Flu ED visits pct,quantile,0.5,5.090981178069603
baltimore,2025-12-20,2,2026-01-03,Flu ED visits pct,quantile,0.5,3.452892288577184
bangor,2025-12-20,2,2026-01-03,Flu ED visits pct,quantile,0.5,5.815384447617182
beaumont,2025-12-20,2,2026-01-03,Flu ED visits pct,quantile,0.5,6.952064306494366
boston,2025-12-20,2,2026-01-03,Flu ED visits pct,quantile,0.5,5.4736203246903585
boulder,2025-12-20,2,2026-01-03,Flu ED visits pct,quantile,0.5,3.3274638736857427
charleston,2025-12-20,2,2026-01-03,Flu ED visits pct,quantile,0.5,3.569688141443291
cherokee,2025-12-20,2,2026-01-03,Flu ED visits pct,quantile,0.5,7.775544035511379
clt-area,2025-12-20,2,2026-01-03,Flu ED visits pct,quantile,0.5,10.09285953495426
colorado,2025-12-20,2,2026-01-03,Flu ED visits pct,quantile,0.5,2.396078267323884
colorado-springs,2025-12-20,2,2026-01-03,Flu ED visits pct,quantile,0.5,3.9626050057842566
columbia,2025-12-20,2,2026-01-03,Flu ED visits pct,quantile,0.5,5.217545873359488
columbus,2025-12-20,2,2026-01-03,Flu ED visits pct,quantile,0.5,2.4865248737966312
dallas,2025-12-20,2,2026-01-03,Flu ED visits pct,quantile,0.5,6.165709260560793
denver,2025-12-20,2,2026-01-03,Flu ED visits pct,quantile,0.5,3.4085219624865575
deschutes,2025-12-20,2,2026-01-03,Flu ED visits pct,quantile,0.5,2.789577539579544
duluth,2025-12-20,2,2026-01-03,Flu ED visits pct,quantile,0.5,4.880015148301023
el-paso,2025-12-20,2,2026-01-03,Flu ED visits pct,quantile,0.5,5.093372801139866
eugene,2025-12-20,2,2026-01-03,Flu ED visits pct,quantile,0.5,1.006499191153705
fay-area,2025-12-20,2,2026-01-03,Flu ED visits pct,quantile,0.5,10.063119211612594
florence,2025-12-20,2,2026-01-03,Flu ED visits pct,quantile,0.5,5.918467672732597
floyd,2025-12-20,2,2026-01-03,Flu ED visits pct,quantile,0.5,8.610785433320766
frederick,2025-12-20,2,2026-01-03,Flu ED visits pct,quantile,0.5,7.729163646652215
georgia,2025-12-20,2,2026-01-03,Flu ED visits pct,quantile,0.5,5.8235062527223365
greenville,2025-12-20,2,2026-01-03,Flu ED visits pct,quantile,0.5,5.90557896860347
hall,2025-12-20,2,2026-01-03,Flu ED visits pct,quantile,0.5,4.586240431922924
harford,2025-12-20,2,2026-01-03,Flu ED visits pct,quantile,0.5,3.198208308456239
henry,2025-12-20,2,2026-01-03,Flu ED visits pct,quantile,0.5,3.793376281906885
horry,2025-12-20,2,2026-01-03,Flu ED visits pct,quantile,0.5,5.856582983528392
houston,2025-12-20,2,2026-01-03,Flu ED visits pct,quantile,0.5,4.622637964208679
indiana,2025-12-20,2,2026-01-03,Flu ED visits pct,quantile,0.5,6.048009200348992
indianapolis,2025-12-20,2,2026-01-03,Flu ED visits pct,quantile,0.5,5.526639981795982
la-grange,2025-12-20,2,2026-01-03,Flu ED visits pct,quantile,0.5,6.763322104408853
larimer,2025-12-20,2,2026-01-03,Flu ED visits pct,quantile,0.5,3.5791722358620848
lynn,2025-12-20,2,2026-01-03,Flu ED visits pct,quantile,0.5,7.008793508302721
macon,2025-12-20,2,2026-01-03,Flu ED visits pct,quantile,0.5,3.6491738698655976
maine,2025-12-20,2,2026-01-03,Flu ED visits pct,quantile,0.5,4.741023885571741
marietta,2025-12-20,2,2026-01-03,Flu ED visits pct,quantile,0.5,3.459156092135946
maryland,2025-12-20,2,2026-01-03,Flu ED visits pct,quantile,0.5,4.1316822451529065
massachusetts,2025-12-20,2,2026-01-03,Flu ED visits pct,quantile,0.5,6.658524180528924
medford,2025-12-20,2,2026-01-03,Flu ED visits pct,quantile,0.5,1.5881229085339987
mesa,2025-12-20,2,2026-01-03,Flu ED visits pct,quantile,0.5,5.346324671083323
minneapolis,2025-12-20,2,2026-01-03,Flu ED visits pct,quantile,0.5,3.931514689339172
minnesota,2025-12-20,2,2026-01-03,Flu ED visits pct,quantile,0.5,5.403316450165648
montgomery,2025-12-20,2,2026-01-03,Flu ED visits pct,quantile,0.5,4.21604574720758
nenc,2025-12-20,2,2026-01-03,Flu ED visits pct,quantile,0.5,8.052202341825142
new-bedford,2025-12-20,2,2026-01-03,Flu ED visits pct,quantile,0.5,9.104689252066304
north-carolina,2025-12-20,2,2026-01-03,Flu ED visits pct,quantile,0.5,5.889482675145138
nyc,2025-12-20,2,2026-01-03,ILI ED visits pct,quantile,0.5,13.694186759658873
ogden,2025-12-20,2,2026-01-03,Flu ED visits pct,quantile,0.5,6.462091350844875
oregon,2025-12-20,2,2026-01-03,Flu ED visits pct,quantile,0.5,3.229346854145744
pittsfield,2025-12-20,2,2026-01-03,Flu ED visits pct,quantile,0.5,5.290801078682726
portland,2025-12-20,2,2026-01-03,Flu ED visits pct,quantile,0.5,4.640843330066066
portland-or,2025-12-20,2,2026-01-03,Flu ED visits pct,quantile,0.5,2.9146122627827173
provo,2025-12-20,2,2026-01-03,Flu ED visits pct,quantile,0.5,7.67777215991883
roanoke,2025-12-20,2,2026-01-03,Flu ED visits pct,quantile,0.5,4.21956393451473
rochester,2025-12-20,2,2026-01-03,Flu ED visits pct,quantile,0.5,5.084794313415548
rock-hill,2025-12-20,2,2026-01-03,Flu ED visits pct,quantile,0.5,6.572953132917638
rtp-area,2025-12-20,2,2026-01-03,Flu ED visits pct,quantile,0.5,6.466296611250129
salem,2025-12-20,2,2026-01-03,Flu ED visits pct,quantile,0.5,3.396527213782239
salt-lake-city,2025-12-20,2,2026-01-03,Flu ED visits pct,quantile,0.5,5.85236152132721
san-antonio,2025-12-20,2,2026-01-03,Flu ED visits pct,quantile,0.5,5.8133520442487425
savannah,2025-12-20,2,2026-01-03,Flu ED visits pct,quantile,0.5,2.0387707600575453
senc,2025-12-20,2,2026-01-03,Flu ED visits pct,quantile,0.5,5.349250122308498
south-augusta,2025-12-20,2,2026-01-03,Flu ED visits pct,quantile,0.5,2.9050115569367327
south-carolina,2025-12-20,2,2026-01-03,Flu ED visits pct,quantile,0.5,6.8345524478177015
springfield,2025-12-20,2,2026-01-03,Flu ED visits pct,quantile,0.5,7.108562214912028
st-cloud,2025-12-20,2,2026-01-03,Flu ED visits pct,quantile,0.5,3.743787101381581
st-paul,2025-12-20,2,2026-01-03,Flu ED visits pct,quantile,0.5,4.5215349656763575
texas,2025-12-20,2,2026-01-03,Flu ED visits pct,quantile,0.5,6.068216855019933
triad-area,2025-12-20,2,2026-01-03,Flu ED visits pct,quantile,0.5,7.297903625977307
utah,2025-12-20,2,2026-01-03,Flu ED visits pct,quantile,0.5,6.303925344604025
virginia,2025-12-20,2,2026-01-03,Flu ED visits pct,quantile,0.5,4.599862974773128
weld,2025-12-20,2,2026-01-03,Flu ED visits pct,quantile,0.5,6.545096954503689
wnc,2025-12-20,2,2026-01-03,Flu ED visits pct,quantile,0.5,4.542971193259532
worcester,2025-12-20,2,2026-01-03,Flu ED visits pct,quantile,0.5,3.012722799535731
athens,2025-12-20,3,2026-01-10,Flu ED visits pct,quantile,0.5,5.383870124146834
austin,2025-12-20,3,2026-01-10,Flu ED visits pct,quantile,0.5,4.948361075008516
baltimore,2025-12-20,3,2026-01-10,Flu ED visits pct,quantile,0.5,2.8912850155865377
bangor,2025-12-20,3,2026-01-10,Flu ED visits pct,quantile,0.5,5.290261844669308
beaumont,2025-12-20,3,2026-01-10,Flu ED visits pct,quantile,0.5,6.329515343815671
boston,2025-12-20,3,2026-01-10,Flu ED visits pct,quantile,0.5,4.921205690341326
boulder,2025-12-20,3,2026-01-10,Flu ED visits pct,quantile,0.5,2.873038848883855
charleston,2025-12-20,3,2026-01-10,Flu ED visits pct,quantile,0.5,3.565992721330213
cherokee,2025-12-20,3,2026-01-10,Flu ED visits pct,quantile,0.5,7.514539489611228
clt-area,2025-12-20,3,2026-01-10,Flu ED visits pct,quantile,0.5,8.875210944614741
colorado,2025-12-20,3,2026-01-10,Flu ED visits pct,quantile,0.5,1.9095329407606516
colorado-springs,2025-12-20,3,2026-01-10,Flu ED visits pct,quantile,0.5,3.5653522461633558
columbia,2025-12-20,3,2026-01-10,Flu ED visits pct,quantile,0.5,4.963544534180626
columbus,2025-12-20,3,2026-01-10,Flu ED visits pct,quantile,0.5,2.359085054514997
dallas,2025-12-20,3,2026-01-10,Flu ED visits pct,quantile,0.5,6.006314972609594
denver,2025-12-20,3,2026-01-10,Flu ED visits pct,quantile,0.5,2.7373491858207517
deschutes,2025-12-20,3,2026-01-10,Flu ED visits pct,quantile,0.5,2.7903164609749282
duluth,2025-12-20,3,2026-01-10,Flu ED visits pct,quantile,0.5,4.042977043338909
el-paso,2025-12-20,3,2026-01-10,Flu ED visits pct,quantile,0.5,4.378853945326679
eugene,2025-12-20,3,2026-01-10,Flu ED visits pct,quantile,0.5,1.0151984554321187
fay-area,2025-12-20,3,2026-01-10,Flu ED visits pct,quantile,0.5,9.461160694221611
florence,2025-12-20,3,2026-01-10,Flu ED visits pct,quantile,0.5,5.584738905762169
floyd,2025-12-20,3,2026-01-10,Flu ED visits pct,quantile,0.5,8.187059865468541
frederick,2025-12-20,3,2026-01-10,Flu ED visits pct,quantile,0.5,6.932684240589201
georgia,2025-12-20,3,2026-01-10,Flu ED visits pct,quantile,0.5,5.464854069681059
greenville,2025-12-20,3,2026-01-10,Flu ED visits pct,quantile,0.5,5.763869716400329
hall,2025-12-20,3,2026-01-10,Flu ED visits pct,quantile,0.5,4.513794110847777
harford,2025-12-20,3,2026-01-10,Flu ED visits pct,quantile,0.5,2.646068000718184
henry,2025-12-20,3,2026-01-10,Flu ED visits pct,quantile,0.5,3.342526190903975
horry,2025-12-20,3,2026-01-10,Flu ED visits pct,quantile,0.5,5.650483280514238
houston,2025-12-20,3,2026-01-10,Flu ED visits pct,quantile,0.5,4.0979091173878635
indiana,2025-12-20,3,2026-01-10,Flu ED visits pct,quantile,0.5,5.608889332148362
indianapolis,2025-12-20,3,2026-01-10,Flu ED visits pct,quantile,0.5,4.921192521739738
la-grange,2025-12-20,3,2026-01-10,Flu ED visits pct,quantile,0.5,6.58232354515096
larimer,2025-12-20,3,2026-01-10,Flu ED visits pct,quantile,0.5,3.0285434413601315
lynn,2025-12-20,3,2026-01-10,Flu ED visits pct,quantile,0.5,6.303820148242143
macon,2025-12-20,3,2026-01-10,Flu ED visits pct,quantile,0.5,3.4946263514207025
maine,2025-12-20,3,2026-01-10,Flu ED visits pct,quantile,0.5,4.655553741703791
marietta,2025-12-20,3,2026-01-10,Flu ED visits pct,quantile,0.5,3.0515734928837603
maryland,2025-12-20,3,2026-01-10,Flu ED visits pct,quantile,0.5,3.2870179177175176
massachusetts,2025-12-20,3,2026-01-10,Flu ED visits pct,quantile,0.5,5.901409778491537
medford,2025-12-20,3,2026-01-10,Flu ED visits pct,quantile,0.5,1.5944863839482124
mesa,2025-12-20,3,2026-01-10,Flu ED visits pct,quantile,0.5,5.0667988592455675
minneapolis,2025-12-20,3,2026-01-10,Flu ED visits pct,quantile,0.5,3.2323346376942377
minnesota,2025-12-20,3,2026-01-10,Flu ED visits pct,quantile,0.5,4.526206457863463
montgomery,2025-12-20,3,2026-01-10,Flu ED visits pct,quantile,0.5,3.6150017807990573
nenc,2025-12-20,3,2026-01-10,Flu ED visits pct,quantile,0.5,7.199964720555486
new-bedford,2025-12-20,3,2026-01-10,Flu ED visits pct,quantile,0.5,8.41230713286396
north-carolina,2025-12-20,3,2026-01-10,Flu ED visits pct,quantile,0.5,5.2120314215005354
nyc,2025-12-20,3,2026-01-10,ILI ED visits pct,quantile,0.5,12.882545763643952
ogden,2025-12-20,3,2026-01-10,Flu ED visits pct,quantile,0.5,6.140479335391538
oregon,2025-12-20,3,2026-01-10,Flu ED visits pct,quantile,0.5,3.26249806552511
pittsfield,2025-12-20,3,2026-01-10,Flu ED visits pct,quantile,0.5,5.312003572090199
portland,2025-12-20,3,2026-01-10,Flu ED visits pct,quantile,0.5,4.463192574808022
portland-or,2025-12-20,3,2026-01-10,Flu ED visits pct,quantile,0.5,3.0088018664630694
provo,2025-12-20,3,2026-01-10,Flu ED visits pct,quantile,0.5,7.223151388644619
roanoke,2025-12-20,3,2026-01-10,Flu ED visits pct,quantile,0.5,4.148420673370737
rochester,2025-12-20,3,2026-01-10,Flu ED visits pct,quantile,0.5,4.962343326067908
rock-hill,2025-12-20,3,2026-01-10,Flu ED visits pct,quantile,0.5,5.624619761511573
rtp-area,2025-12-20,3,2026-01-10,Flu ED visits pct,quantile,0.5,6.0788699121335075
salem,2025-12-20,3,2026-01-10,Flu ED visits pct,quantile,0.5,3.434828662361761
salt-lake-city,2025-12-20,3,2026-01-10,Flu ED visits pct,quantile,0.5,5.486172500754982
san-antonio,2025-12-20,3,2026-01-10,Flu ED visits pct,quantile,0.5,5.464251107443876
savannah,2025-12-20,3,2026-01-10,Flu ED visits pct,quantile,0.5,2.026581768342063
senc,2025-12-20,3,2026-01-10,Flu ED visits pct,quantile,0.5,4.895732102606555
south-augusta,2025-12-20,3,2026-01-10,Flu ED visits pct,quantile,0.5,2.8226168310749813
south-carolina,2025-12-20,3,2026-01-10,Flu ED visits pct,quantile,0.5,6.469786625793366
springfield,2025-12-20,3,2026-01-10,Flu ED visits pct,quantile,0.5,6.3009951475116885
st-cloud,2025-12-20,3,2026-01-10,Flu ED visits pct,quantile,0.5,3.186608744561084
st-paul,2025-12-20,3,2026-01-10,Flu ED visits pct,quantile,0.5,3.6306249198697222
texas,2025-12-20,3,2026-01-10,Flu ED visits pct,quantile,0.5,5.54720673137844
triad-area,2025-12-20,3,2026-01-10,Flu ED visits pct,quantile,0.5,6.889528108091334
utah,2025-12-20,3,2026-01-10,Flu ED visits pct,quantile,0.5,5.8095065781632975
virginia,2025-12-20,3,2026-01-10,Flu ED visits pct,quantile,0.5,3.984105221540517
weld,2025-12-20,3,2026-01-10,Flu ED visits pct,quantile,0.5,5.488071127385581
wnc,2025-12-20,3,2026-01-10,Flu ED visits pct,quantile,0.5,4.489202629497473
worcester,2025-12-20,3,2026-01-10,Flu ED visits pct,quantile,0.5,2.463351585909193
athens,2025-12-20,0,2025-12-20,Flu ED visits pct,quantile,0.75,7.600435412682721
austin,2025-12-20,0,2025-12-20,Flu ED visits pct,quantile,0.75,4.371169925692747
baltimore,2025-12-20,0,2025-12-20,Flu ED visits pct,quantile,0.75,6.5405180100619456
bangor,2025-12-20,0,2025-12-20,Flu ED visits pct,quantile,0.75,6.5882336025255315
beaumont,2025-12-20,0,2025-12-20,Flu ED visits pct,quantile,0.75,10.906197329842234
boston,2025-12-20,0,2025-12-20,Flu ED visits pct,quantile,0.75,6.2899573079559135
boulder,2025-12-20,0,2025-12-20,Flu ED visits pct,quantile,0.75,7.022857799898448
charleston,2025-12-20,0,2025-12-20,Flu ED visits pct,quantile,0.75,3.097802491852615
cherokee,2025-12-20,0,2025-12-20,Flu ED visits pct,quantile,0.75,7.022759023539288
clt-area,2025-12-20,0,2025-12-20,Flu ED visits pct,quantile,0.75,11.08757845093561
colorado,2025-12-20,0,2025-12-20,Flu ED visits pct,quantile,0.75,5.679674616021081
colorado-springs,2025-12-20,0,2025-12-20,Flu ED visits pct,quantile,0.75,4.693610166738054
columbia,2025-12-20,0,2025-12-20,Flu ED visits pct,quantile,0.75,4.851122050816798
columbus,2025-12-20,0,2025-12-20,Flu ED visits pct,quantile,0.75,2.5789581474833336
dallas,2025-12-20,0,2025-12-20,Flu ED visits pct,quantile,0.75,5.245241278961175
denver,2025-12-20,0,2025-12-20,Flu ED visits pct,quantile,0.75,6.527100423048432
deschutes,2025-12-20,0,2025-12-20,Flu ED visits pct,quantile,0.75,2.119666151453257
duluth,2025-12-20,0,2025-12-20,Flu ED visits pct,quantile,0.75,6.9244426518150695
el-paso,2025-12-20,0,2025-12-20,Flu ED visits pct,quantile,0.75,12.42423543628055
eugene,2025-12-20,0,2025-12-20,Flu ED visits pct,quantile,0.75,0.6395473552217237
fay-area,2025-12-20,0,2025-12-20,Flu ED visits pct,quantile,0.75,10.00830676298845
florence,2025-12-20,0,2025-12-20,Flu ED visits pct,quantile,0.75,6.110233484635226
floyd,2025-12-20,0,2025-12-20,Flu ED visits pct,quantile,0.75,7.854911472335209
frederick,2025-12-20,0,2025-12-20,Flu ED visits pct,quantile,0.75,7.190518942787567
georgia,2025-12-20,0,2025-12-20,Flu ED visits pct,quantile,0.75,5.270498667634589
greenville,2025-12-20,0,2025-12-20,Flu ED visits pct,quantile,0.75,4.548930504828046
hall,2025-12-20,0,2025-12-20,Flu ED visits pct,quantile,0.75,4.612309217525972
harford,2025-12-20,0,2025-12-20,Flu ED visits pct,quantile,0.75,6.599627718944595
henry,2025-12-20,0,2025-12-20,Flu ED visits pct,quantile,0.75,6.621395311534957
horry,2025-12-20,0,2025-12-20,Flu ED visits pct,quantile,0.75,6.625557091184733
houston,2025-12-20,0,2025-12-20,Flu ED visits pct,quantile,0.75,5.8364809494102365
indiana,2025-12-20,0,2025-12-20,Flu ED visits pct,quantile,0.75,5.344003864407102
indianapolis,2025-12-20,0,2025-12-20,Flu ED visits pct,quantile,0.75,5.021553881682179
la-grange,2025-12-20,0,2025-12-20,Flu ED visits pct,quantile,0.75,6.840537710915748
larimer,2025-12-20,0,2025-12-20,Flu ED visits pct,quantile,0.75,6.32134298573361
lynn,2025-12-20,0,2025-12-20,Flu ED visits pct,quantile,0.75,6.542462199415186
macon,2025-12-20,0,2025-12-20,Flu ED visits pct,quantile,0.75,4.478046585464841
maine,2025-12-20,0,2025-12-20,Flu ED visits pct,quantile,0.75,3.6547131401804283
marietta,2025-12-20,0,2025-12-20,Flu ED visits pct,quantile,0.75,4.863231212313905
maryland,2025-12-20,0,2025-12-20,Flu ED visits pct,quantile,0.75,6.5541872143563005
massachusetts,2025-12-20,0,2025-12-20,Flu ED visits pct,quantile,0.75,6.583377972841344
medford,2025-12-20,0,2025-12-20,Flu ED visits pct,quantile,0.75,1.0517887468691687
mesa,2025-12-20,0,2025-12-20,Flu ED visits pct,quantile,0.75,4.685345996520589
minneapolis,2025-12-20,0,2025-12-20,Flu ED visits pct,quantile,0.75,9.058206829869798
minnesota,2025-12-20,0,2025-12-20,Flu ED visits pct,quantile,0.75,8.66376271867891
montgomery,2025-12-20,0,2025-12-20,Flu ED visits pct,quantile,0.75,5.926014433488213
nenc,2025-12-20,0,2025-12-20,Flu ED visits pct,quantile,0.75,9.629120787482561
new-bedford,2025-12-20,0,2025-12-20,Flu ED visits pct,quantile,0.75,8.874962688752362
north-carolina,2025-12-20,0,2025-12-20,Flu ED visits pct,quantile,0.75,9.14688616335665
nyc,2025-12-20,0,2025-12-20,ILI ED visits pct,quantile,0.75,15.48565701629719
ogden,2025-12-20,0,2025-12-20,Flu ED visits pct,quantile,0.75,5.253656572823571
oregon,2025-12-20,0,2025-12-20,Flu ED visits pct,quantile,0.75,2.212525134050991
pittsfield,2025-12-20,0,2025-12-20,Flu ED visits pct,quantile,0.75,3.7638700843024027
portland,2025-12-20,0,2025-12-20,Flu ED visits pct,quantile,0.75,3.4429817705612806
portland-or,2025-12-20,0,2025-12-20,Flu ED visits pct,quantile,0.75,1.8462608417354627
provo,2025-12-20,0,2025-12-20,Flu ED visits pct,quantile,0.75,6.764539225378369
roanoke,2025-12-20,0,2025-12-20,Flu ED visits pct,quantile,0.75,3.9054323694069657
rochester,2025-12-20,0,2025-12-20,Flu ED visits pct,quantile,0.75,4.244351368864268
rock-hill,2025-12-20,0,2025-12-20,Flu ED visits pct,quantile,0.75,11.367093414130219
rtp-area,2025-12-20,0,2025-12-20,Flu ED visits pct,quantile,0.75,6.529880116518827
salem,2025-12-20,0,2025-12-20,Flu ED visits pct,quantile,0.75,2.4330875919837145
salt-lake-city,2025-12-20,0,2025-12-20,Flu ED visits pct,quantile,0.75,6.051363723637381
san-antonio,2025-12-20,0,2025-12-20,Flu ED visits pct,quantile,0.75,5.959730788213005
savannah,2025-12-20,0,2025-12-20,Flu ED visits pct,quantile,0.75,1.550818048730357
senc,2025-12-20,0,2025-12-20,Flu ED visits pct,quantile,0.75,8.338360447862348
south-augusta,2025-12-20,0,2025-12-20,Flu ED visits pct,quantile,0.75,2.6889682898090217
south-carolina,2025-12-20,0,2025-12-20,Flu ED visits pct,quantile,0.75,6.004426482434755
springfield,2025-12-20,0,2025-12-20,Flu ED visits pct,quantile,0.75,9.781681143548454
st-cloud,2025-12-20,0,2025-12-20,Flu ED visits pct,quantile,0.75,6.5352234084117145
st-paul,2025-12-20,0,2025-12-20,Flu ED visits pct,quantile,0.75,8.627911587674188
texas,2025-12-20,0,2025-12-20,Flu ED visits pct,quantile,0.75,7.452450005833689
triad-area,2025-12-20,0,2025-12-20,Flu ED visits pct,quantile,0.75,7.066460592548502
utah,2025-12-20,0,2025-12-20,Flu ED visits pct,quantile,0.75,5.8320536620150145
virginia,2025-12-20,0,2025-12-20,Flu ED visits pct,quantile,0.75,5.369191339457737
weld,2025-12-20,0,2025-12-20,Flu ED visits pct,quantile,0.75,10.073679608342811
wnc,2025-12-20,0,2025-12-20,Flu ED visits pct,quantile,0.75,5.017040105420297
worcester,2025-12-20,0,2025-12-20,Flu ED visits pct,quantile,0.75,6.566911475267785
athens,2025-12-20,1,2025-12-27,Flu ED visits pct,quantile,0.75,8.293955618006693
austin,2025-12-20,1,2025-12-27,Flu ED visits pct,quantile,0.75,6.37632396954614
baltimore,2025-12-20,1,2025-12-27,Flu ED visits pct,quantile,0.75,6.209160613916025
bangor,2025-12-20,1,2025-12-27,Flu ED visits pct,quantile,0.75,8.885795483745012
beaumont,2025-12-20,1,2025-12-27,Flu ED visits pct,quantile,0.75,10.449282521370531
boston,2025-12-20,1,2025-12-27,Flu ED visits pct,quantile,0.75,7.84744570710002
boulder,2025-12-20,1,2025-12-27,Flu ED visits pct,quantile,0.75,6.242043813295254
charleston,2025-12-20,1,2025-12-27,Flu ED visits pct,quantile,0.75,4.1427126895250135
cherokee,2025-12-20,1,2025-12-27,Flu ED visits pct,quantile,0.75,9.584772459033342
clt-area,2025-12-20,1,2025-12-27,Flu ED visits pct,quantile,0.75,11.924348034969595
colorado,2025-12-20,1,2025-12-27,Flu ED visits pct,quantile,0.75,5.106443214417294
colorado-springs,2025-12-20,1,2025-12-27,Flu ED visits pct,quantile,0.75,5.39649722205109
columbia,2025-12-20,1,2025-12-27,Flu ED visits pct,quantile,0.75,7.794718788052936
columbus,2025-12-20,1,2025-12-27,Flu ED visits pct,quantile,0.75,3.710019462340576
dallas,2025-12-20,1,2025-12-27,Flu ED visits pct,quantile,0.75,7.724753700048074
denver,2025-12-20,1,2025-12-27,Flu ED visits pct,quantile,0.75,5.9638438777356875
deschutes,2025-12-20,1,2025-12-27,Flu ED visits pct,quantile,0.75,3.693392629561221
duluth,2025-12-20,1,2025-12-27,Flu ED visits pct,quantile,0.75,7.5843846392299685
el-paso,2025-12-20,1,2025-12-27,Flu ED visits pct,quantile,0.75,11.799465544561468
eugene,2025-12-20,1,2025-12-27,Flu ED visits pct,quantile,0.75,1.2296611435073803
fay-area,2025-12-20,1,2025-12-27,Flu ED visits pct,quantile,0.75,11.377556158920315
florence,2025-12-20,1,2025-12-27,Flu ED visits pct,quantile,0.75,8.407493388064099
floyd,2025-12-20,1,2025-12-27,Flu ED visits pct,quantile,0.75,10.475657029318535
frederick,2025-12-20,1,2025-12-27,Flu ED visits pct,quantile,0.75,8.519434189665676
georgia,2025-12-20,1,2025-12-27,Flu ED visits pct,quantile,0.75,7.1543796170110365
greenville,2025-12-20,1,2025-12-27,Flu ED visits pct,quantile,0.75,7.256991163918897
hall,2025-12-20,1,2025-12-27,Flu ED visits pct,quantile,0.75,6.056821398307485
harford,2025-12-20,1,2025-12-27,Flu ED visits pct,quantile,0.75,6.143975330886393
henry,2025-12-20,1,2025-12-27,Flu ED visits pct,quantile,0.75,6.323818191497004
horry,2025-12-20,1,2025-12-27,Flu ED visits pct,quantile,0.75,8.90294333849544
houston,2025-12-20,1,2025-12-27,Flu ED visits pct,quantile,0.75,6.023227399855044
indiana,2025-12-20,1,2025-12-27,Flu ED visits pct,quantile,0.75,8.191716726399111
indianapolis,2025-12-20,1,2025-12-27,Flu ED visits pct,quantile,0.75,7.333056365497394
la-grange,2025-12-20,1,2025-12-27,Flu ED visits pct,quantile,0.75,8.749798195380276
larimer,2025-12-20,1,2025-12-27,Flu ED visits pct,quantile,0.75,5.960941973672256
lynn,2025-12-20,1,2025-12-27,Flu ED visits pct,quantile,0.75,8.868205356824552
macon,2025-12-20,1,2025-12-27,Flu ED visits pct,quantile,0.75,4.936387711286874
maine,2025-12-20,1,2025-12-27,Flu ED visits pct,quantile,0.75,6.042388778942752
marietta,2025-12-20,1,2025-12-27,Flu ED visits pct,quantile,0.75,6.025530891964001
maryland,2025-12-20,1,2025-12-27,Flu ED visits pct,quantile,0.75,6.782434518987752
massachusetts,2025-12-20,1,2025-12-27,Flu ED visits pct,quantile,0.75,8.750884213423369
medford,2025-12-20,1,2025-12-27,Flu ED visits pct,quantile,0.75,1.9559935064082918
mesa,2025-12-20,1,2025-12-27,Flu ED visits pct,quantile,0.75,6.447935169243838
minneapolis,2025-12-20,1,2025-12-27,Flu ED visits pct,quantile,0.75,8.762472479683044
minnesota,2025-12-20,1,2025-12-27,Flu ED visits pct,quantile,0.75,9.746166624260228
montgomery,2025-12-20,1,2025-12-27,Flu ED visits pct,quantile,0.75,6.155724607061987
nenc,2025-12-20,1,2025-12-27,Flu ED visits pct,quantile,0.75,9.849119030209222
new-bedford,2025-12-20,1,2025-12-27,Flu ED visits pct,quantile,0.75,11.17102433411818
north-carolina,2025-12-20,1,2025-12-27,Flu ED visits pct,quantile,0.75,9.811396162938326
nyc,2025-12-20,1,2025-12-27,ILI ED visits pct,quantile,0.75,19.420684981770574
ogden,2025-12-20,1,2025-12-27,Flu ED visits pct,quantile,0.75,7.6455676505271475
oregon,2025-12-20,1,2025-12-27,Flu ED visits pct,quantile,0.75,3.8473837819221157
pittsfield,2025-12-20,1,2025-12-27,Flu ED visits pct,quantile,0.75,6.528773112998374
portland,2025-12-20,1,2025-12-27,Flu ED visits pct,quantile,0.75,5.540800485598281
portland-or,2025-12-20,1,2025-12-27,Flu ED visits pct,quantile,0.75,3.0268233386903725
provo,2025-12-20,1,2025-12-27,Flu ED visits pct,quantile,0.75,8.924742374464676
roanoke,2025-12-20,1,2025-12-27,Flu ED visits pct,quantile,0.75,5.669717959781358
rochester,2025-12-20,1,2025-12-27,Flu ED visits pct,quantile,0.75,6.779330918823091
rock-hill,2025-12-20,1,2025-12-27,Flu ED visits pct,quantile,0.75,11.87023780800177
rtp-area,2025-12-20,1,2025-12-27,Flu ED visits pct,quantile,0.75,7.521603232591534
salem,2025-12-20,1,2025-12-27,Flu ED visits pct,quantile,0.75,3.994645958805294
salt-lake-city,2025-12-20,1,2025-12-27,Flu ED visits pct,quantile,0.75,7.300355067144304
san-antonio,2025-12-20,1,2025-12-27,Flu ED visits pct,quantile,0.75,7.962362718669258
savannah,2025-12-20,1,2025-12-27,Flu ED visits pct,quantile,0.75,2.4323294262555226
senc,2025-12-20,1,2025-12-27,Flu ED visits pct,quantile,0.75,7.978859254840607
south-augusta,2025-12-20,1,2025-12-27,Flu ED visits pct,quantile,0.75,3.907004689409718
south-carolina,2025-12-20,1,2025-12-27,Flu ED visits pct,quantile,0.75,9.105807951645563
springfield,2025-12-20,1,2025-12-27,Flu ED visits pct,quantile,0.75,11.690246888877178
st-cloud,2025-12-20,1,2025-12-27,Flu ED visits pct,quantile,0.75,7.161650856415006
st-paul,2025-12-20,1,2025-12-27,Flu ED visits pct,quantile,0.75,8.789088038295677
texas,2025-12-20,1,2025-12-27,Flu ED visits pct,quantile,0.75,8.609031817600782
triad-area,2025-12-20,1,2025-12-27,Flu ED visits pct,quantile,0.75,8.045580607856662
utah,2025-12-20,1,2025-12-27,Flu ED visits pct,quantile,0.75,7.836481614371768
virginia,2025-12-20,1,2025-12-27,Flu ED visits pct,quantile,0.75,7.086743977971678
weld,2025-12-20,1,2025-12-27,Flu ED visits pct,quantile,0.75,10.267855151519976
wnc,2025-12-20,1,2025-12-27,Flu ED visits pct,quantile,0.75,5.645742071467076
worcester,2025-12-20,1,2025-12-27,Flu ED visits pct,quantile,0.75,6.593409023907217
athens,2025-12-20,2,2026-01-03,Flu ED visits pct,quantile,0.75,8.547365439207029
austin,2025-12-20,2,2026-01-03,Flu ED visits pct,quantile,0.75,7.397069815902784
baltimore,2025-12-20,2,2026-01-03,Flu ED visits pct,quantile,0.75,5.526729928241047
bangor,2025-12-20,2,2026-01-03,Flu ED visits pct,quantile,0.75,9.109607213170968
beaumont,2025-12-20,2,2026-01-03,Flu ED visits pct,quantile,0.75,9.99134360006145
boston,2025-12-20,2,2026-01-03,Flu ED visits pct,quantile,0.75,7.483754559184156
boulder,2025-12-20,2,2026-01-03,Flu ED visits pct,quantile,0.75,5.413953619895583
charleston,2025-12-20,2,2026-01-03,Flu ED visits pct,quantile,0.75,5.051888972102478
cherokee,2025-12-20,2,2026-01-03,Flu ED visits pct,quantile,0.75,10.163231322066824
clt-area,2025-12-20,2,2026-01-03,Flu ED visits pct,quantile,0.75,11.972413537535584
colorado,2025-12-20,2,2026-01-03,Flu ED visits pct,quantile,0.75,4.354472953999123
colorado-springs,2025-12-20,2,2026-01-03,Flu ED visits pct,quantile,0.75,5.294144039762402
columbia,2025-12-20,2,2026-01-03,Flu ED visits pct,quantile,0.75,9.101527042971368
columbus,2025-12-20,2,2026-01-03,Flu ED visits pct,quantile,0.75,4.038618705948642
dallas,2025-12-20,2,2026-01-03,Flu ED visits pct,quantile,0.75,8.593756357574764
denver,2025-12-20,2,2026-01-03,Flu ED visits pct,quantile,0.75,4.972154487875629
deschutes,2025-12-20,2,2026-01-03,Flu ED visits pct,quantile,0.75,4.7509551319987
duluth,2025-12-20,2,2026-01-03,Flu ED visits pct,quantile,0.75,7.1119356805442635
el-paso,2025-12-20,2,2026-01-03,Flu ED visits pct,quantile,0.75,10.414167043976777
eugene,2025-12-20,2,2026-01-03,Flu ED visits pct,quantile,0.75,1.7484686538327092
fay-area,2025-12-20,2,2026-01-03,Flu ED visits pct,quantile,0.75,12.139754527134466
florence,2025-12-20,2,2026-01-03,Flu ED visits pct,quantile,0.75,8.924235685025234
floyd,2025-12-20,2,2026-01-03,Flu ED visits pct,quantile,0.75,10.64172994348767
frederick,2025-12-20,2,2026-01-03,Flu ED visits pct,quantile,0.75,8.609502433282767
georgia,2025-12-20,2,2026-01-03,Flu ED visits pct,quantile,0.75,7.361364720765788
greenville,2025-12-20,2,2026-01-03,Flu ED visits pct,quantile,0.75,8.657570877287037
hall,2025-12-20,2,2026-01-03,Flu ED visits pct,quantile,0.75,6.841249312225719
harford,2025-12-20,2,2026-01-03,Flu ED visits pct,quantile,0.75,5.2284810006613895
henry,2025-12-20,2,2026-01-03,Flu ED visits pct,quantile,0.75,5.709978950201705
horry,2025-12-20,2,2026-01-03,Flu ED visits pct,quantile,0.75,9.13283593295451
houston,2025-12-20,2,2026-01-03,Flu ED visits pct,quantile,0.75,5.9141482534252825
indiana,2025-12-20,2,2026-01-03,Flu ED visits pct,quantile,0.75,9.21341709667674
indianapolis,2025-12-20,2,2026-01-03,Flu ED visits pct,quantile,0.75,7.8891146063319235
la-grange,2025-12-20,2,2026-01-03,Flu ED visits pct,quantile,0.75,9.325306421844747
larimer,2025-12-20,2,2026-01-03,Flu ED visits pct,quantile,0.75,5.194383453377745
lynn,2025-12-20,2,2026-01-03,Flu ED visits pct,quantile,0.75,8.887772638534008
macon,2025-12-20,2,2026-01-03,Flu ED visits pct,quantile,0.75,5.032126270320911
maine,2025-12-20,2,2026-01-03,Flu ED visits pct,quantile,0.75,7.436885865988659
marietta,2025-12-20,2,2026-01-03,Flu ED visits pct,quantile,0.75,5.754281932241844
maryland,2025-12-20,2,2026-01-03,Flu ED visits pct,quantile,0.75,5.897614030728677
massachusetts,2025-12-20,2,2026-01-03,Flu ED visits pct,quantile,0.75,8.56549302119114
medford,2025-12-20,2,2026-01-03,Flu ED visits pct,quantile,0.75,2.7808792262043083
mesa,2025-12-20,2,2026-01-03,Flu ED visits pct,quantile,0.75,6.870908248491824
minneapolis,2025-12-20,2,2026-01-03,Flu ED visits pct,quantile,0.75,8.032558818651461
minnesota,2025-12-20,2,2026-01-03,Flu ED visits pct,quantile,0.75,8.125777097153195
montgomery,2025-12-20,2,2026-01-03,Flu ED visits pct,quantile,0.75,5.547005645357376
nenc,2025-12-20,2,2026-01-03,Flu ED visits pct,quantile,0.75,9.1616149222097
new-bedford,2025-12-20,2,2026-01-03,Flu ED visits pct,quantile,0.75,10.892767744762768
north-carolina,2025-12-20,2,2026-01-03,Flu ED visits pct,quantile,0.75,9.752012626256253
nyc,2025-12-20,2,2026-01-03,ILI ED visits pct,quantile,0.75,19.56758028456763
ogden,2025-12-20,2,2026-01-03,Flu ED visits pct,quantile,0.75,8.382045215451706
oregon,2025-12-20,2,2026-01-03,Flu ED visits pct,quantile,0.75,5.207465539103088
pittsfield,2025-12-20,2,2026-01-03,Flu ED visits pct,quantile,0.75,8.064881954009945
portland,2025-12-20,2,2026-01-03,Flu ED visits pct,quantile,0.75,6.608526258811893
portland-or,2025-12-20,2,2026-01-03,Flu ED visits pct,quantile,0.75,4.209672037765428
provo,2025-12-20,2,2026-01-03,Flu ED visits pct,quantile,0.75,9.073586367776281
roanoke,2025-12-20,2,2026-01-03,Flu ED visits pct,quantile,0.75,6.500574458511696
rochester,2025-12-20,2,2026-01-03,Flu ED visits pct,quantile,0.75,8.315620236154
rock-hill,2025-12-20,2,2026-01-03,Flu ED visits pct,quantile,0.75,10.723478515967773
rtp-area,2025-12-20,2,2026-01-03,Flu ED visits pct,quantile,0.75,8.334235617155235
salem,2025-12-20,2,2026-01-03,Flu ED visits pct,quantile,0.75,5.143755601025585
salt-lake-city,2025-12-20,2,2026-01-03,Flu ED visits pct,quantile,0.75,7.701631562180421
san-antonio,2025-12-20,2,2026-01-03,Flu ED visits pct,quantile,0.75,8.242347853625018
savannah,2025-12-20,2,2026-01-03,Flu ED visits pct,quantile,0.75,3.0103057311289145
senc,2025-12-20,2,2026-01-03,Flu ED visits pct,quantile,0.75,7.665043543754964
south-augusta,2025-12-20,2,2026-01-03,Flu ED visits pct,quantile,0.75,4.388732720193608
south-carolina,2025-12-20,2,2026-01-03,Flu ED visits pct,quantile,0.75,10.391537869922288
springfield,2025-12-20,2,2026-01-03,Flu ED visits pct,quantile,0.75,10.843203529261531
st-cloud,2025-12-20,2,2026-01-03,Flu ED visits pct,quantile,0.75,6.993848053075101
st-paul,2025-12-20,2,2026-01-03,Flu ED visits pct,quantile,0.75,8.129344697107761
texas,2025-12-20,2,2026-01-03,Flu ED visits pct,quantile,0.75,8.39583696603327
triad-area,2025-12-20,2,2026-01-03,Flu ED visits pct,quantile,0.75,8.871095486928512
utah,2025-12-20,2,2026-01-03,Flu ED visits pct,quantile,0.75,8.049681955479263
virginia,2025-12-20,2,2026-01-03,Flu ED visits pct,quantile,0.75,6.817750066937115
weld,2025-12-20,2,2026-01-03,Flu ED visits pct,quantile,0.75,9.144180625541608
wnc,2025-12-20,2,2026-01-03,Flu ED visits pct,quantile,0.75,5.89283551426467
worcester,2025-12-20,2,2026-01-03,Flu ED visits pct,quantile,0.75,5.245113908094789
athens,2025-12-20,3,2026-01-10,Flu ED visits pct,quantile,0.75,8.224833363234996
austin,2025-12-20,3,2026-01-10,Flu ED visits pct,quantile,0.75,7.343971718273507
baltimore,2025-12-20,3,2026-01-10,Flu ED visits pct,quantile,0.75,4.958276872047187
bangor,2025-12-20,3,2026-01-10,Flu ED visits pct,quantile,0.75,8.93322854836228
beaumont,2025-12-20,3,2026-01-10,Flu ED visits pct,quantile,0.75,9.4262268289628
boston,2025-12-20,3,2026-01-10,Flu ED visits pct,quantile,0.75,6.8765430929743045
boulder,2025-12-20,3,2026-01-10,Flu ED visits pct,quantile,0.75,4.772907736060192
charleston,2025-12-20,3,2026-01-10,Flu ED visits pct,quantile,0.75,5.223953269627837
cherokee,2025-12-20,3,2026-01-10,Flu ED visits pct,quantile,0.75,10.221089101086937
clt-area,2025-12-20,3,2026-01-10,Flu ED visits pct,quantile,0.75,11.096833238557608
colorado,2025-12-20,3,2026-01-10,Flu ED visits pct,quantile,0.75,3.905268325348872
colorado-springs,2025-12-20,3,2026-01-10,Flu ED visits pct,quantile,0.75,4.996849605252258
columbia,2025-12-20,3,2026-01-10,Flu ED visits pct,quantile,0.75,8.755214023056007
columbus,2025-12-20,3,2026-01-10,Flu ED visits pct,quantile,0.75,3.92996636635773
dallas,2025-12-20,3,2026-01-10,Flu ED visits pct,quantile,0.75,8.685417119088552
denver,2025-12-20,3,2026-01-10,Flu ED visits pct,quantile,0.75,4.421308973911937
deschutes,2025-12-20,3,2026-01-10,Flu ED visits pct,quantile,0.75,5.067948487711597
duluth,2025-12-20,3,2026-01-10,Flu ED visits pct,quantile,0.75,6.6261019957220455
el-paso,2025-12-20,3,2026-01-10,Flu ED visits pct,quantile,0.75,9.291522626540267
eugene,2025-12-20,3,2026-01-10,Flu ED visits pct,quantile,0.75,1.9146427397795802
fay-area,2025-12-20,3,2026-01-10,Flu ED visits pct,quantile,0.75,12.447708327720338
florence,2025-12-20,3,2026-01-10,Flu ED visits pct,quantile,0.75,8.55881796945306
floyd,2025-12-20,3,2026-01-10,Flu ED visits pct,quantile,0.75,10.417368387488287
frederick,2025-12-20,3,2026-01-10,Flu ED visits pct,quantile,0.75,8.039108723376215
georgia,2025-12-20,3,2026-01-10,Flu ED visits pct,quantile,0.75,7.034902194140777
greenville,2025-12-20,3,2026-01-10,Flu ED visits pct,quantile,0.75,8.670224733447027
hall,2025-12-20,3,2026-01-10,Flu ED visits pct,quantile,0.75,6.7785832542763504
harford,2025-12-20,3,2026-01-10,Flu ED visits pct,quantile,0.75,4.665958931018938
henry,2025-12-20,3,2026-01-10,Flu ED visits pct,quantile,0.75,5.299537805196738
horry,2025-12-20,3,2026-01-10,Flu ED visits pct,quantile,0.75,8.532316876326368
houston,2025-12-20,3,2026-01-10,Flu ED visits pct,quantile,0.75,5.522368583640682
indiana,2025-12-20,3,2026-01-10,Flu ED visits pct,quantile,0.75,9.078077995657997
indianapolis,2025-12-20,3,2026-01-10,Flu ED visits pct,quantile,0.75,7.6552523319180334
la-grange,2025-12-20,3,2026-01-10,Flu ED visits pct,quantile,0.75,9.245331957880772
larimer,2025-12-20,3,2026-01-10,Flu ED visits pct,quantile,0.75,4.780274825716349
lynn,2025-12-20,3,2026-01-10,Flu ED visits pct,quantile,0.75,8.342278240885795
macon,2025-12-20,3,2026-01-10,Flu ED visits pct,quantile,0.75,4.924085414101625
maine,2025-12-20,3,2026-01-10,Flu ED visits pct,quantile,0.75,7.61626940214812
marietta,2025-12-20,3,2026-01-10,Flu ED visits pct,quantile,0.75,5.313517767565816
maryland,2025-12-20,3,2026-01-10,Flu ED visits pct,quantile,0.75,5.371103062380175
massachusetts,2025-12-20,3,2026-01-10,Flu ED visits pct,quantile,0.75,7.889614585066139
medford,2025-12-20,3,2026-01-10,Flu ED visits pct,quantile,0.75,3.1638347295360383
mesa,2025-12-20,3,2026-01-10,Flu ED visits pct,quantile,0.75,6.755423806630753
minneapolis,2025-12-20,3,2026-01-10,Flu ED visits pct,quantile,0.75,7.3981068999365
minnesota,2025-12-20,3,2026-01-10,Flu ED visits pct,quantile,0.75,7.27409312188867
montgomery,2025-12-20,3,2026-01-10,Flu ED visits pct,quantile,0.75,5.00095737586936
nenc,2025-12-20,3,2026-01-10,Flu ED visits pct,quantile,0.75,8.70881678226711
new-bedford,2025-12-20,3,2026-01-10,Flu ED visits pct,quantile,0.75,10.31720931565056
north-carolina,2025-12-20,3,2026-01-10,Flu ED visits pct,quantile,0.75,9.450146519894258
nyc,2025-12-20,3,2026-01-10,ILI ED visits pct,quantile,0.75,18.870662920767842
ogden,2025-12-20,3,2026-01-10,Flu ED visits pct,quantile,0.75,8.353559201355965
oregon,2025-12-20,3,2026-01-10,Flu ED visits pct,quantile,0.75,5.539707586876435
pittsfield,2025-12-20,3,2026-01-10,Flu ED visits pct,quantile,0.75,8.72128094398845
portland,2025-12-20,3,2026-01-10,Flu ED visits pct,quantile,0.75,6.4358750258309
portland-or,2025-12-20,3,2026-01-10,Flu ED visits pct,quantile,0.75,4.615294500947008
provo,2025-12-20,3,2026-01-10,Flu ED visits pct,quantile,0.75,8.73653255303759
roanoke,2025-12-20,3,2026-01-10,Flu ED visits pct,quantile,0.75,6.625911901203079
rochester,2025-12-20,3,2026-01-10,Flu ED visits pct,quantile,0.75,8.531433551852095
rock-hill,2025-12-20,3,2026-01-10,Flu ED visits pct,quantile,0.75,9.83486620284779
rtp-area,2025-12-20,3,2026-01-10,Flu ED visits pct,quantile,0.75,8.519067886147793
salem,2025-12-20,3,2026-01-10,Flu ED visits pct,quantile,0.75,5.60231396823528
salt-lake-city,2025-12-20,3,2026-01-10,Flu ED visits pct,quantile,0.75,7.556441520529277
san-antonio,2025-12-20,3,2026-01-10,Flu ED visits pct,quantile,0.75,7.943840260943198
savannah,2025-12-20,3,2026-01-10,Flu ED visits pct,quantile,0.75,3.116478629535486
senc,2025-12-20,3,2026-01-10,Flu ED visits pct,quantile,0.75,7.4082578360844185
south-augusta,2025-12-20,3,2026-01-10,Flu ED visits pct,quantile,0.75,4.409197529138877
south-carolina,2025-12-20,3,2026-01-10,Flu ED visits pct,quantile,0.75,10.205791984456168
springfield,2025-12-20,3,2026-01-10,Flu ED visits pct,quantile,0.75,9.895569159585255
st-cloud,2025-12-20,3,2026-01-10,Flu ED visits pct,quantile,0.75,6.6700789359106825
st-paul,2025-12-20,3,2026-01-10,Flu ED visits pct,quantile,0.75,7.537866045040805
texas,2025-12-20,3,2026-01-10,Flu ED visits pct,quantile,0.75,8.00536871315748
triad-area,2025-12-20,3,2026-01-10,Flu ED visits pct,quantile,0.75,8.99861223301089
utah,2025-12-20,3,2026-01-10,Flu ED visits pct,quantile,0.75,7.7347439140810295
virginia,2025-12-20,3,2026-01-10,Flu ED visits pct,quantile,0.75,6.286733471864754
weld,2025-12-20,3,2026-01-10,Flu ED visits pct,quantile,0.75,8.446459454182609
wnc,2025-12-20,3,2026-01-10,Flu ED visits pct,quantile,0.75,5.90864705684497
worcester,2025-12-20,3,2026-01-10,Flu ED visits pct,quantile,0.75,4.857004997305331
athens,2025-12-20,0,2025-12-20,Flu ED visits pct,quantile,0.9,9.330725441643473
austin,2025-12-20,0,2025-12-20,Flu ED visits pct,quantile,0.9,5.417414372700193
baltimore,2025-12-20,0,2025-12-20,Flu ED visits pct,quantile,0.9,8.20123535231398
bangor,2025-12-20,0,2025-12-20,Flu ED visits pct,quantile,0.9,7.229914881596422
beaumont,2025-12-20,0,2025-12-20,Flu ED visits pct,quantile,0.9,13.780288196987534
boston,2025-12-20,0,2025-12-20,Flu ED visits pct,quantile,0.9,6.775264254368333
boulder,2025-12-20,0,2025-12-20,Flu ED visits pct,quantile,0.9,9.123535840235375
charleston,2025-12-20,0,2025-12-20,Flu ED visits pct,quantile,0.9,4.067254471188592
cherokee,2025-12-20,0,2025-12-20,Flu ED visits pct,quantile,0.9,8.473456053127213
clt-area,2025-12-20,0,2025-12-20,Flu ED visits pct,quantile,0.9,11.923804019863416
colorado,2025-12-20,0,2025-12-20,Flu ED visits pct,quantile,0.9,7.240535064403816
colorado-springs,2025-12-20,0,2025-12-20,Flu ED visits pct,quantile,0.9,5.966199893465643
columbia,2025-12-20,0,2025-12-20,Flu ED visits pct,quantile,0.9,6.267292788955519
columbus,2025-12-20,0,2025-12-20,Flu ED visits pct,quantile,0.9,3.425043552657561
dallas,2025-12-20,0,2025-12-20,Flu ED visits pct,quantile,0.9,6.37281229912683
denver,2025-12-20,0,2025-12-20,Flu ED visits pct,quantile,0.9,7.664057405194071
deschutes,2025-12-20,0,2025-12-20,Flu ED visits pct,quantile,0.9,2.9370228718981624
duluth,2025-12-20,0,2025-12-20,Flu ED visits pct,quantile,0.9,8.021619790466737
el-paso,2025-12-20,0,2025-12-20,Flu ED visits pct,quantile,0.9,14.340694650290024
eugene,2025-12-20,0,2025-12-20,Flu ED visits pct,quantile,0.9,1.113847063075792
fay-area,2025-12-20,0,2025-12-20,Flu ED visits pct,quantile,0.9,10.604462887342944
florence,2025-12-20,0,2025-12-20,Flu ED visits pct,quantile,0.9,7.2718855453140865
floyd,2025-12-20,0,2025-12-20,Flu ED visits pct,quantile,0.9,9.762563007798002
frederick,2025-12-20,0,2025-12-20,Flu ED visits pct,quantile,0.9,8.797312701752553
georgia,2025-12-20,0,2025-12-20,Flu ED visits pct,quantile,0.9,6.172919804723348
greenville,2025-12-20,0,2025-12-20,Flu ED visits pct,quantile,0.9,5.764696778835813
hall,2025-12-20,0,2025-12-20,Flu ED visits pct,quantile,0.9,5.677905561340268
harford,2025-12-20,0,2025-12-20,Flu ED visits pct,quantile,0.9,7.860939026963384
henry,2025-12-20,0,2025-12-20,Flu ED visits pct,quantile,0.9,8.080868844668657
horry,2025-12-20,0,2025-12-20,Flu ED visits pct,quantile,0.9,8.0997437968396
houston,2025-12-20,0,2025-12-20,Flu ED visits pct,quantile,0.9,8.58208078240834
indiana,2025-12-20,0,2025-12-20,Flu ED visits pct,quantile,0.9,6.290024590969003
indianapolis,2025-12-20,0,2025-12-20,Flu ED visits pct,quantile,0.9,5.863670448020176
la-grange,2025-12-20,0,2025-12-20,Flu ED visits pct,quantile,0.9,8.14484219846192
larimer,2025-12-20,0,2025-12-20,Flu ED visits pct,quantile,0.9,7.68340276336272
lynn,2025-12-20,0,2025-12-20,Flu ED visits pct,quantile,0.9,7.600878125376453
macon,2025-12-20,0,2025-12-20,Flu ED visits pct,quantile,0.9,5.4502982707852405
maine,2025-12-20,0,2025-12-20,Flu ED visits pct,quantile,0.9,4.425886328697982
marietta,2025-12-20,0,2025-12-20,Flu ED visits pct,quantile,0.9,5.714236801385256
maryland,2025-12-20,0,2025-12-20,Flu ED visits pct,quantile,0.9,7.74188275327596
massachusetts,2025-12-20,0,2025-12-20,Flu ED visits pct,quantile,0.9,7.37688657378306
medford,2025-12-20,0,2025-12-20,Flu ED visits pct,quantile,0.9,1.6404784664800192
mesa,2025-12-20,0,2025-12-20,Flu ED visits pct,quantile,0.9,5.552238576755993
minneapolis,2025-12-20,0,2025-12-20,Flu ED visits pct,quantile,0.9,9.957818449814793
minnesota,2025-12-20,0,2025-12-20,Flu ED visits pct,quantile,0.9,9.120102134290395
montgomery,2025-12-20,0,2025-12-20,Flu ED visits pct,quantile,0.9,7.05301772297102
nenc,2025-12-20,0,2025-12-20,Flu ED visits pct,quantile,0.9,11.026659494295293
new-bedford,2025-12-20,0,2025-12-20,Flu ED visits pct,quantile,0.9,10.592303789801587
north-carolina,2025-12-20,0,2025-12-20,Flu ED visits pct,quantile,0.9,9.901712253035436
nyc,2025-12-20,0,2025-12-20,ILI ED visits pct,quantile,0.9,17.417225927199013
ogden,2025-12-20,0,2025-12-20,Flu ED visits pct,quantile,0.9,6.290592750207061
oregon,2025-12-20,0,2025-12-20,Flu ED visits pct,quantile,0.9,2.943615817279331
pittsfield,2025-12-20,0,2025-12-20,Flu ED visits pct,quantile,0.9,4.434196953395783
portland,2025-12-20,0,2025-12-20,Flu ED visits pct,quantile,0.9,4.056134107990489
portland-or,2025-12-20,0,2025-12-20,Flu ED visits pct,quantile,0.9,2.6029413894769458
provo,2025-12-20,0,2025-12-20,Flu ED visits pct,quantile,0.9,7.686004995831781
roanoke,2025-12-20,0,2025-12-20,Flu ED visits pct,quantile,0.9,4.5430109220330115
rochester,2025-12-20,0,2025-12-20,Flu ED visits pct,quantile,0.9,5.067142839507014
rock-hill,2025-12-20,0,2025-12-20,Flu ED visits pct,quantile,0.9,13.161114634962695
rtp-area,2025-12-20,0,2025-12-20,Flu ED visits pct,quantile,0.9,6.869516703257778
salem,2025-12-20,0,2025-12-20,Flu ED visits pct,quantile,0.9,3.503666786144615
salt-lake-city,2025-12-20,0,2025-12-20,Flu ED visits pct,quantile,0.9,7.473098374551061
san-antonio,2025-12-20,0,2025-12-20,Flu ED visits pct,quantile,0.9,7.4407182017936435
savannah,2025-12-20,0,2025-12-20,Flu ED visits pct,quantile,0.9,1.9114101985137606
senc,2025-12-20,0,2025-12-20,Flu ED visits pct,quantile,0.9,9.48142535716517
south-augusta,2025-12-20,0,2025-12-20,Flu ED visits pct,quantile,0.9,3.4356266538616014
south-carolina,2025-12-20,0,2025-12-20,Flu ED visits pct,quantile,0.9,7.126547390896866
springfield,2025-12-20,0,2025-12-20,Flu ED visits pct,quantile,0.9,10.768035171118804
st-cloud,2025-12-20,0,2025-12-20,Flu ED visits pct,quantile,0.9,8.621920125237233
st-paul,2025-12-20,0,2025-12-20,Flu ED visits pct,quantile,0.9,9.826025209255302
texas,2025-12-20,0,2025-12-20,Flu ED visits pct,quantile,0.9,8.84304457123638
triad-area,2025-12-20,0,2025-12-20,Flu ED visits pct,quantile,0.9,7.7410498863258885
utah,2025-12-20,0,2025-12-20,Flu ED visits pct,quantile,0.9,6.748841761483707
virginia,2025-12-20,0,2025-12-20,Flu ED visits pct,quantile,0.9,6.384753629317676
weld,2025-12-20,0,2025-12-20,Flu ED visits pct,quantile,0.9,11.485494911423846
wnc,2025-12-20,0,2025-12-20,Flu ED visits pct,quantile,0.9,5.758311983396058
worcester,2025-12-20,0,2025-12-20,Flu ED visits pct,quantile,0.9,6.96370274803713
athens,2025-12-20,1,2025-12-27,Flu ED visits pct,quantile,0.9,10.604327430749878
austin,2025-12-20,1,2025-12-27,Flu ED visits pct,quantile,0.9,7.558506287306127
baltimore,2025-12-20,1,2025-12-27,Flu ED visits pct,quantile,0.9,9.03545779010595
bangor,2025-12-20,1,2025-12-27,Flu ED visits pct,quantile,0.9,9.204508148204788
beaumont,2025-12-20,1,2025-12-27,Flu ED visits pct,quantile,0.9,14.471533983093767
boston,2025-12-20,1,2025-12-27,Flu ED visits pct,quantile,0.9,7.904088832668082
boulder,2025-12-20,1,2025-12-27,Flu ED visits pct,quantile,0.9,8.927642227702798
charleston,2025-12-20,1,2025-12-27,Flu ED visits pct,quantile,0.9,5.315308411694972
cherokee,2025-12-20,1,2025-12-27,Flu ED visits pct,quantile,0.9,10.70950165751553
clt-area,2025-12-20,1,2025-12-27,Flu ED visits pct,quantile,0.9,13.44558791023969
colorado,2025-12-20,1,2025-12-27,Flu ED visits pct,quantile,0.9,7.398347813557505
colorado-springs,2025-12-20,1,2025-12-27,Flu ED visits pct,quantile,0.9,7.061967269288368
columbia,2025-12-20,1,2025-12-27,Flu ED visits pct,quantile,0.9,9.792274098744498
columbus,2025-12-20,1,2025-12-27,Flu ED visits pct,quantile,0.9,4.792440885596192
dallas,2025-12-20,1,2025-12-27,Flu ED visits pct,quantile,0.9,8.910992912922955
denver,2025-12-20,1,2025-12-27,Flu ED visits pct,quantile,0.9,7.455578811553687
deschutes,2025-12-20,1,2025-12-27,Flu ED visits pct,quantile,0.9,4.78921764448056
duluth,2025-12-20,1,2025-12-27,Flu ED visits pct,quantile,0.9,9.683910270731706
el-paso,2025-12-20,1,2025-12-27,Flu ED visits pct,quantile,0.9,15.383032802728401
eugene,2025-12-20,1,2025-12-27,Flu ED visits pct,quantile,0.9,1.9811285326209573
fay-area,2025-12-20,1,2025-12-27,Flu ED visits pct,quantile,0.9,12.897853211694317
florence,2025-12-20,1,2025-12-27,Flu ED visits pct,quantile,0.9,10.399722665889763
floyd,2025-12-20,1,2025-12-27,Flu ED visits pct,quantile,0.9,12.111471541354032
frederick,2025-12-20,1,2025-12-27,Flu ED visits pct,quantile,0.9,11.163487613230867
georgia,2025-12-20,1,2025-12-27,Flu ED visits pct,quantile,0.9,7.633901768711748
greenville,2025-12-20,1,2025-12-27,Flu ED visits pct,quantile,0.9,9.069478416389792
hall,2025-12-20,1,2025-12-27,Flu ED visits pct,quantile,0.9,7.1206309740874545
harford,2025-12-20,1,2025-12-27,Flu ED visits pct,quantile,0.9,8.681665680865427
henry,2025-12-20,1,2025-12-27,Flu ED visits pct,quantile,0.9,8.582714866052985
horry,2025-12-20,1,2025-12-27,Flu ED visits pct,quantile,0.9,10.616268456767664
houston,2025-12-20,1,2025-12-27,Flu ED visits pct,quantile,0.9,8.932078057468628
indiana,2025-12-20,1,2025-12-27,Flu ED visits pct,quantile,0.9,9.838261043477418
indianapolis,2025-12-20,1,2025-12-27,Flu ED visits pct,quantile,0.9,8.559033723115652
la-grange,2025-12-20,1,2025-12-27,Flu ED visits pct,quantile,0.9,9.91891266455368
larimer,2025-12-20,1,2025-12-27,Flu ED visits pct,quantile,0.9,8.026187509945865
lynn,2025-12-20,1,2025-12-27,Flu ED visits pct,quantile,0.9,9.888399693345981
macon,2025-12-20,1,2025-12-27,Flu ED visits pct,quantile,0.9,6.221212876588551
maine,2025-12-20,1,2025-12-27,Flu ED visits pct,quantile,0.9,7.075313298430812
marietta,2025-12-20,1,2025-12-27,Flu ED visits pct,quantile,0.9,6.737803149497497
maryland,2025-12-20,1,2025-12-27,Flu ED visits pct,quantile,0.9,8.355405104695109
massachusetts,2025-12-20,1,2025-12-27,Flu ED visits pct,quantile,0.9,9.436348164472868
medford,2025-12-20,1,2025-12-27,Flu ED visits pct,quantile,0.9,3.0616299170476116
mesa,2025-12-20,1,2025-12-27,Flu ED visits pct,quantile,0.9,7.175275750027943
minneapolis,2025-12-20,1,2025-12-27,Flu ED visits pct,quantile,0.9,10.859406150149828
minnesota,2025-12-20,1,2025-12-27,Flu ED visits pct,quantile,0.9,10.263842941951538
montgomery,2025-12-20,1,2025-12-27,Flu ED visits pct,quantile,0.9,7.75704945398422
nenc,2025-12-20,1,2025-12-27,Flu ED visits pct,quantile,0.9,11.944309140857339
new-bedford,2025-12-20,1,2025-12-27,Flu ED visits pct,quantile,0.9,13.040909851676945
north-carolina,2025-12-20,1,2025-12-27,Flu ED visits pct,quantile,0.9,11.356320762280731
nyc,2025-12-20,1,2025-12-27,ILI ED visits pct,quantile,0.9,21.068491187881584
ogden,2025-12-20,1,2025-12-27,Flu ED visits pct,quantile,0.9,8.754855524540105
oregon,2025-12-20,1,2025-12-27,Flu ED visits pct,quantile,0.9,4.764279604245039
pittsfield,2025-12-20,1,2025-12-27,Flu ED visits pct,quantile,0.9,7.762624186778411
portland,2025-12-20,1,2025-12-27,Flu ED visits pct,quantile,0.9,6.55714121631051
portland-or,2025-12-20,1,2025-12-27,Flu ED visits pct,quantile,0.9,4.0606099588263165
provo,2025-12-20,1,2025-12-27,Flu ED visits pct,quantile,0.9,9.368928339847804
roanoke,2025-12-20,1,2025-12-27,Flu ED visits pct,quantile,0.9,6.786918495613966
rochester,2025-12-20,1,2025-12-27,Flu ED visits pct,quantile,0.9,8.145498369307319
rock-hill,2025-12-20,1,2025-12-27,Flu ED visits pct,quantile,0.9,14.589670002023157
rtp-area,2025-12-20,1,2025-12-27,Flu ED visits pct,quantile,0.9,8.394226638880776
salem,2025-12-20,1,2025-12-27,Flu ED visits pct,quantile,0.9,5.766799456526568
salt-lake-city,2025-12-20,1,2025-12-27,Flu ED visits pct,quantile,0.9,8.665433523492458
san-antonio,2025-12-20,1,2025-12-27,Flu ED visits pct,quantile,0.9,8.99718142079736
savannah,2025-12-20,1,2025-12-27,Flu ED visits pct,quantile,0.9,3.033680013906776
senc,2025-12-20,1,2025-12-27,Flu ED visits pct,quantile,0.9,10.330624988249008
south-augusta,2025-12-20,1,2025-12-27,Flu ED visits pct,quantile,0.9,4.969754600753865
south-carolina,2025-12-20,1,2025-12-27,Flu ED visits pct,quantile,0.9,10.762414608085148
springfield,2025-12-20,1,2025-12-27,Flu ED visits pct,quantile,0.9,13.33329996714851
st-cloud,2025-12-20,1,2025-12-27,Flu ED visits pct,quantile,0.9,10.106478252619945
st-paul,2025-12-20,1,2025-12-27,Flu ED visits pct,quantile,0.9,10.55809727056923
texas,2025-12-20,1,2025-12-27,Flu ED visits pct,quantile,0.9,10.049581147222069
triad-area,2025-12-20,1,2025-12-27,Flu ED visits pct,quantile,0.9,9.279466695472578
utah,2025-12-20,1,2025-12-27,Flu ED visits pct,quantile,0.9,8.126820133398674
virginia,2025-12-20,1,2025-12-27,Flu ED visits pct,quantile,0.9,8.128162584577703
weld,2025-12-20,1,2025-12-27,Flu ED visits pct,quantile,0.9,12.241617466683486
wnc,2025-12-20,1,2025-12-27,Flu ED visits pct,quantile,0.9,7.1488360408222205
worcester,2025-12-20,1,2025-12-27,Flu ED visits pct,quantile,0.9,7.357975230033869
athens,2025-12-20,2,2026-01-03,Flu ED visits pct,quantile,0.9,10.318966654013451
austin,2025-12-20,2,2026-01-03,Flu ED visits pct,quantile,0.9,8.962825086226955
baltimore,2025-12-20,2,2026-01-03,Flu ED visits pct,quantile,0.9,8.815888670321725
bangor,2025-12-20,2,2026-01-03,Flu ED visits pct,quantile,0.9,9.277240438131813
beaumont,2025-12-20,2,2026-01-03,Flu ED visits pct,quantile,0.9,14.057943764218132
boston,2025-12-20,2,2026-01-03,Flu ED visits pct,quantile,0.9,8.150664787882084
boulder,2025-12-20,2,2026-01-03,Flu ED visits pct,quantile,0.9,8.277556765375149
charleston,2025-12-20,2,2026-01-03,Flu ED visits pct,quantile,0.9,6.194156917471808
cherokee,2025-12-20,2,2026-01-03,Flu ED visits pct,quantile,0.9,10.965791975260583
clt-area,2025-12-20,2,2026-01-03,Flu ED visits pct,quantile,0.9,13.657532606753852
colorado,2025-12-20,2,2026-01-03,Flu ED visits pct,quantile,0.9,7.000294980606298
colorado-springs,2025-12-20,2,2026-01-03,Flu ED visits pct,quantile,0.9,6.840050515102935
columbia,2025-12-20,2,2026-01-03,Flu ED visits pct,quantile,0.9,12.179060757699594
columbus,2025-12-20,2,2026-01-03,Flu ED visits pct,quantile,0.9,5.382847395195792
dallas,2025-12-20,2,2026-01-03,Flu ED visits pct,quantile,0.9,10.062966605244846
denver,2025-12-20,2,2026-01-03,Flu ED visits pct,quantile,0.9,7.0132545531363375
deschutes,2025-12-20,2,2026-01-03,Flu ED visits pct,quantile,0.9,6.441369317373293
duluth,2025-12-20,2,2026-01-03,Flu ED visits pct,quantile,0.9,9.430634811045033
el-paso,2025-12-20,2,2026-01-03,Flu ED visits pct,quantile,0.9,14.819148744887874
eugene,2025-12-20,2,2026-01-03,Flu ED visits pct,quantile,0.9,2.904475532658524
fay-area,2025-12-20,2,2026-01-03,Flu ED visits pct,quantile,0.9,13.67672194844144
florence,2025-12-20,2,2026-01-03,Flu ED visits pct,quantile,0.9,11.300417690771237
floyd,2025-12-20,2,2026-01-03,Flu ED visits pct,quantile,0.9,12.499620620921897
frederick,2025-12-20,2,2026-01-03,Flu ED visits pct,quantile,0.9,10.937440408459196
georgia,2025-12-20,2,2026-01-03,Flu ED visits pct,quantile,0.9,7.6461532077927465
greenville,2025-12-20,2,2026-01-03,Flu ED visits pct,quantile,0.9,11.053887986137614
hall,2025-12-20,2,2026-01-03,Flu ED visits pct,quantile,0.9,7.694219908537593
harford,2025-12-20,2,2026-01-03,Flu ED visits pct,quantile,0.9,8.285714350612425
henry,2025-12-20,2,2026-01-03,Flu ED visits pct,quantile,0.9,8.18478322434345
horry,2025-12-20,2,2026-01-03,Flu ED visits pct,quantile,0.9,10.840055149152361
houston,2025-12-20,2,2026-01-03,Flu ED visits pct,quantile,0.9,9.249338163125238
indiana,2025-12-20,2,2026-01-03,Flu ED visits pct,quantile,0.9,11.140941173382219
indianapolis,2025-12-20,2,2026-01-03,Flu ED visits pct,quantile,0.9,9.496669250733978
la-grange,2025-12-20,2,2026-01-03,Flu ED visits pct,quantile,0.9,10.152914241741987
larimer,2025-12-20,2,2026-01-03,Flu ED visits pct,quantile,0.9,7.405188121843022
lynn,2025-12-20,2,2026-01-03,Flu ED visits pct,quantile,0.9,9.971591953348636
macon,2025-12-20,2,2026-01-03,Flu ED visits pct,quantile,0.9,6.259613424523804
maine,2025-12-20,2,2026-01-03,Flu ED visits pct,quantile,0.9,8.919834994100976
marietta,2025-12-20,2,2026-01-03,Flu ED visits pct,quantile,0.9,6.616870906115985
maryland,2025-12-20,2,2026-01-03,Flu ED visits pct,quantile,0.9,7.632390583414005
massachusetts,2025-12-20,2,2026-01-03,Flu ED visits pct,quantile,0.9,9.441828722443498
medford,2025-12-20,2,2026-01-03,Flu ED visits pct,quantile,0.9,4.708332796327942
mesa,2025-12-20,2,2026-01-03,Flu ED visits pct,quantile,0.9,7.138759990036701
minneapolis,2025-12-20,2,2026-01-03,Flu ED visits pct,quantile,0.9,10.30748923773038
minnesota,2025-12-20,2,2026-01-03,Flu ED visits pct,quantile,0.9,9.662688155689583
montgomery,2025-12-20,2,2026-01-03,Flu ED visits pct,quantile,0.9,7.499463264863079
nenc,2025-12-20,2,2026-01-03,Flu ED visits pct,quantile,0.9,11.901276977903107
new-bedford,2025-12-20,2,2026-01-03,Flu ED visits pct,quantile,0.9,13.134816722003302
north-carolina,2025-12-20,2,2026-01-03,Flu ED visits pct,quantile,0.9,11.593176635746476
nyc,2025-12-20,2,2026-01-03,ILI ED visits pct,quantile,0.9,20.88433678496424
ogden,2025-12-20,2,2026-01-03,Flu ED visits pct,quantile,0.9,9.648442704214123
oregon,2025-12-20,2,2026-01-03,Flu ED visits pct,quantile,0.9,5.738115207849754
pittsfield,2025-12-20,2,2026-01-03,Flu ED visits pct,quantile,0.9,9.28579120449082
portland,2025-12-20,2,2026-01-03,Flu ED visits pct,quantile,0.9,8.158857987489359
portland-or,2025-12-20,2,2026-01-03,Flu ED visits pct,quantile,0.9,5.484339412500133
provo,2025-12-20,2,2026-01-03,Flu ED visits pct,quantile,0.9,9.426271743039658
roanoke,2025-12-20,2,2026-01-03,Flu ED visits pct,quantile,0.9,7.970651839599209
rochester,2025-12-20,2,2026-01-03,Flu ED visits pct,quantile,0.9,10.183814121841412
rock-hill,2025-12-20,2,2026-01-03,Flu ED visits pct,quantile,0.9,14.352705904948985
rtp-area,2025-12-20,2,2026-01-03,Flu ED visits pct,quantile,0.9,9.018555331155142
salem,2025-12-20,2,2026-01-03,Flu ED visits pct,quantile,0.9,7.558485746074915
salt-lake-city,2025-12-20,2,2026-01-03,Flu ED visits pct,quantile,0.9,8.516630784966692
san-antonio,2025-12-20,2,2026-01-03,Flu ED visits pct,quantile,0.9,9.250097345592408
savannah,2025-12-20,2,2026-01-03,Flu ED visits pct,quantile,0.9,3.7050648676530265
senc,2025-12-20,2,2026-01-03,Flu ED visits pct,quantile,0.9,10.424772152301465
south-augusta,2025-12-20,2,2026-01-03,Flu ED visits pct,quantile,0.9,5.530150674838878
south-carolina,2025-12-20,2,2026-01-03,Flu ED visits pct,quantile,0.9,12.076392748052745
springfield,2025-12-20,2,2026-01-03,Flu ED visits pct,quantile,0.9,13.053409404958998
st-cloud,2025-12-20,2,2026-01-03,Flu ED visits pct,quantile,0.9,10.004002808417669
st-paul,2025-12-20,2,2026-01-03,Flu ED visits pct,quantile,0.9,10.172372956874531
texas,2025-12-20,2,2026-01-03,Flu ED visits pct,quantile,0.9,9.969526755376442
triad-area,2025-12-20,2,2026-01-03,Flu ED visits pct,quantile,0.9,10.02148656067389
utah,2025-12-20,2,2026-01-03,Flu ED visits pct,quantile,0.9,8.107412571217218
virginia,2025-12-20,2,2026-01-03,Flu ED visits pct,quantile,0.9,8.225136748040804
weld,2025-12-20,2,2026-01-03,Flu ED visits pct,quantile,0.9,11.678571707612074
wnc,2025-12-20,2,2026-01-03,Flu ED visits pct,quantile,0.9,7.27696306796777
worcester,2025-12-20,2,2026-01-03,Flu ED visits pct,quantile,0.9,7.1869646789084305
athens,2025-12-20,3,2026-01-10,Flu ED visits pct,quantile,0.9,10.37603910879131
austin,2025-12-20,3,2026-01-10,Flu ED visits pct,quantile,0.9,9.23193094649424
baltimore,2025-12-20,3,2026-01-10,Flu ED visits pct,quantile,0.9,8.708087969254763
bangor,2025-12-20,3,2026-01-10,Flu ED visits pct,quantile,0.9,9.22453235655484
beaumont,2025-12-20,3,2026-01-10,Flu ED visits pct,quantile,0.9,13.78385394975529
boston,2025-12-20,3,2026-01-10,Flu ED visits pct,quantile,0.9,8.177559242364918
boulder,2025-12-20,3,2026-01-10,Flu ED visits pct,quantile,0.9,7.83788474178091
charleston,2025-12-20,3,2026-01-10,Flu ED visits pct,quantile,0.9,6.590082597400695
cherokee,2025-12-20,3,2026-01-10,Flu ED visits pct,quantile,0.9,11.268980369763083
clt-area,2025-12-20,3,2026-01-10,Flu ED visits pct,quantile,0.9,13.13950869661249
colorado,2025-12-20,3,2026-01-10,Flu ED visits pct,quantile,0.9,6.9198766149099304
colorado-springs,2025-12-20,3,2026-01-10,Flu ED visits pct,quantile,0.9,6.875875419502522
columbia,2025-12-20,3,2026-01-10,Flu ED visits pct,quantile,0.9,12.700508898941958
columbus,2025-12-20,3,2026-01-10,Flu ED visits pct,quantile,0.9,5.512656475870512
dallas,2025-12-20,3,2026-01-10,Flu ED visits pct,quantile,0.9,10.49959620562212
denver,2025-12-20,3,2026-01-10,Flu ED visits pct,quantile,0.9,6.913384034269705
deschutes,2025-12-20,3,2026-01-10,Flu ED visits pct,quantile,0.9,6.911853033361274
duluth,2025-12-20,3,2026-01-10,Flu ED visits pct,quantile,0.9,9.244095276700659
el-paso,2025-12-20,3,2026-01-10,Flu ED visits pct,quantile,0.9,14.536882749708212
eugene,2025-12-20,3,2026-01-10,Flu ED visits pct,quantile,0.9,3.253541322320172
fay-area,2025-12-20,3,2026-01-10,Flu ED visits pct,quantile,0.9,14.079259424340258
florence,2025-12-20,3,2026-01-10,Flu ED visits pct,quantile,0.9,11.595141542538599
floyd,2025-12-20,3,2026-01-10,Flu ED visits pct,quantile,0.9,12.499749136010223
frederick,2025-12-20,3,2026-01-10,Flu ED visits pct,quantile,0.9,10.887257518193792
georgia,2025-12-20,3,2026-01-10,Flu ED visits pct,quantile,0.9,7.768100132416685
greenville,2025-12-20,3,2026-01-10,Flu ED visits pct,quantile,0.9,11.785708534684732
hall,2025-12-20,3,2026-01-10,Flu ED visits pct,quantile,0.9,8.06634692865955
harford,2025-12-20,3,2026-01-10,Flu ED visits pct,quantile,0.9,8.208561946252061
henry,2025-12-20,3,2026-01-10,Flu ED visits pct,quantile,0.9,8.180060069650308
horry,2025-12-20,3,2026-01-10,Flu ED visits pct,quantile,0.9,10.876138887048512
houston,2025-12-20,3,2026-01-10,Flu ED visits pct,quantile,0.9,9.110383727871238
indiana,2025-12-20,3,2026-01-10,Flu ED visits pct,quantile,0.9,11.781345697229398
indianapolis,2025-12-20,3,2026-01-10,Flu ED visits pct,quantile,0.9,9.519872697349596
la-grange,2025-12-20,3,2026-01-10,Flu ED visits pct,quantile,0.9,10.265393901475816
larimer,2025-12-20,3,2026-01-10,Flu ED visits pct,quantile,0.9,7.360489957617802
lynn,2025-12-20,3,2026-01-10,Flu ED visits pct,quantile,0.9,10.041206593799874
macon,2025-12-20,3,2026-01-10,Flu ED visits pct,quantile,0.9,6.253261675969536
maine,2025-12-20,3,2026-01-10,Flu ED visits pct,quantile,0.9,9.594350936306874
marietta,2025-12-20,3,2026-01-10,Flu ED visits pct,quantile,0.9,6.59258645245861
maryland,2025-12-20,3,2026-01-10,Flu ED visits pct,quantile,0.9,7.519481379879696
massachusetts,2025-12-20,3,2026-01-10,Flu ED visits pct,quantile,0.9,9.324437193631178
medford,2025-12-20,3,2026-01-10,Flu ED visits pct,quantile,0.9,5.325789024278428
mesa,2025-12-20,3,2026-01-10,Flu ED visits pct,quantile,0.9,7.368123381229931
minneapolis,2025-12-20,3,2026-01-10,Flu ED visits pct,quantile,0.9,9.958104125270731
minnesota,2025-12-20,3,2026-01-10,Flu ED visits pct,quantile,0.9,9.377858782894478
montgomery,2025-12-20,3,2026-01-10,Flu ED visits pct,quantile,0.9,7.473083715347082
nenc,2025-12-20,3,2026-01-10,Flu ED visits pct,quantile,0.9,11.84424669843921
new-bedford,2025-12-20,3,2026-01-10,Flu ED visits pct,quantile,0.9,13.190728192197518
north-carolina,2025-12-20,3,2026-01-10,Flu ED visits pct,quantile,0.9,11.362766316368088
nyc,2025-12-20,3,2026-01-10,ILI ED visits pct,quantile,0.9,21.241300390814757
ogden,2025-12-20,3,2026-01-10,Flu ED visits pct,quantile,0.9,9.945646097226383
oregon,2025-12-20,3,2026-01-10,Flu ED visits pct,quantile,0.9,6.179101230053228
pittsfield,2025-12-20,3,2026-01-10,Flu ED visits pct,quantile,0.9,10.121065301824855
portland,2025-12-20,3,2026-01-10,Flu ED visits pct,quantile,0.9,8.371704595426278
portland-or,2025-12-20,3,2026-01-10,Flu ED visits pct,quantile,0.9,6.094880932894042
provo,2025-12-20,3,2026-01-10,Flu ED visits pct,quantile,0.9,9.49014573223263
roanoke,2025-12-20,3,2026-01-10,Flu ED visits pct,quantile,0.9,8.48474466887309
rochester,2025-12-20,3,2026-01-10,Flu ED visits pct,quantile,0.9,10.663625886757375
rock-hill,2025-12-20,3,2026-01-10,Flu ED visits pct,quantile,0.9,14.224860130945629
rtp-area,2025-12-20,3,2026-01-10,Flu ED visits pct,quantile,0.9,9.364259334860733
salem,2025-12-20,3,2026-01-10,Flu ED visits pct,quantile,0.9,8.13569562712869
salt-lake-city,2025-12-20,3,2026-01-10,Flu ED visits pct,quantile,0.9,8.70980270801998
san-antonio,2025-12-20,3,2026-01-10,Flu ED visits pct,quantile,0.9,9.290057642238768
savannah,2025-12-20,3,2026-01-10,Flu ED visits pct,quantile,0.9,3.909065255035289
senc,2025-12-20,3,2026-01-10,Flu ED visits pct,quantile,0.9,10.16436030664582
south-augusta,2025-12-20,3,2026-01-10,Flu ED visits pct,quantile,0.9,5.677618799073603
south-carolina,2025-12-20,3,2026-01-10,Flu ED visits pct,quantile,0.9,12.70459586482303
springfield,2025-12-20,3,2026-01-10,Flu ED visits pct,quantile,0.9,12.896053835308487
st-cloud,2025-12-20,3,2026-01-10,Flu ED visits pct,quantile,0.9,10.108270622465275
st-paul,2025-12-20,3,2026-01-10,Flu ED visits pct,quantile,0.9,9.96423750050087
texas,2025-12-20,3,2026-01-10,Flu ED visits pct,quantile,0.9,10.063128357257277
triad-area,2025-12-20,3,2026-01-10,Flu ED visits pct,quantile,0.9,10.24947229059116
utah,2025-12-20,3,2026-01-10,Flu ED visits pct,quantile,0.9,8.307908166442754
virginia,2025-12-20,3,2026-01-10,Flu ED visits pct,quantile,0.9,8.234781628341738
weld,2025-12-20,3,2026-01-10,Flu ED visits pct,quantile,0.9,11.492840656094076
wnc,2025-12-20,3,2026-01-10,Flu ED visits pct,quantile,0.9,7.700262044864962
worcester,2025-12-20,3,2026-01-10,Flu ED visits pct,quantile,0.9,7.025531470402479
athens,2025-12-20,0,2025-12-20,Flu ED visits pct,quantile,0.95,10.383948132976471
austin,2025-12-20,0,2025-12-20,Flu ED visits pct,quantile,0.95,6.582050604964722
baltimore,2025-12-20,0,2025-12-20,Flu ED visits pct,quantile,0.95,8.91035563341097
bangor,2025-12-20,0,2025-12-20,Flu ED visits pct,quantile,0.95,9.184920394307111
beaumont,2025-12-20,0,2025-12-20,Flu ED visits pct,quantile,0.95,16.570866572267818
boston,2025-12-20,0,2025-12-20,Flu ED visits pct,quantile,0.95,8.246710960380067
boulder,2025-12-20,0,2025-12-20,Flu ED visits pct,quantile,0.95,10.713208698947792
charleston,2025-12-20,0,2025-12-20,Flu ED visits pct,quantile,0.95,5.319805572649258
cherokee,2025-12-20,0,2025-12-20,Flu ED visits pct,quantile,0.95,11.067081483828337
clt-area,2025-12-20,0,2025-12-20,Flu ED visits pct,quantile,0.95,14.694737094010726
colorado,2025-12-20,0,2025-12-20,Flu ED visits pct,quantile,0.95,8.090380459160844
colorado-springs,2025-12-20,0,2025-12-20,Flu ED visits pct,quantile,0.95,7.194080511291105
columbia,2025-12-20,0,2025-12-20,Flu ED visits pct,quantile,0.95,8.485784299512506
columbus,2025-12-20,0,2025-12-20,Flu ED visits pct,quantile,0.95,4.226819056147318
dallas,2025-12-20,0,2025-12-20,Flu ED visits pct,quantile,0.95,8.038798767022746
denver,2025-12-20,0,2025-12-20,Flu ED visits pct,quantile,0.95,8.884432270830379
deschutes,2025-12-20,0,2025-12-20,Flu ED visits pct,quantile,0.95,4.283451264499135
duluth,2025-12-20,0,2025-12-20,Flu ED visits pct,quantile,0.95,9.80591045079635
el-paso,2025-12-20,0,2025-12-20,Flu ED visits pct,quantile,0.95,16.246697692780426
eugene,2025-12-20,0,2025-12-20,Flu ED visits pct,quantile,0.95,1.6489691960318738
fay-area,2025-12-20,0,2025-12-20,Flu ED visits pct,quantile,0.95,12.408641175568295
florence,2025-12-20,0,2025-12-20,Flu ED visits pct,quantile,0.95,9.574162387180914
floyd,2025-12-20,0,2025-12-20,Flu ED visits pct,quantile,0.95,12.224772581007047
frederick,2025-12-20,0,2025-12-20,Flu ED visits pct,quantile,0.95,10.551661882545577
georgia,2025-12-20,0,2025-12-20,Flu ED visits pct,quantile,0.95,7.479788132952103
greenville,2025-12-20,0,2025-12-20,Flu ED visits pct,quantile,0.95,7.9038018983190765
hall,2025-12-20,0,2025-12-20,Flu ED visits pct,quantile,0.95,7.170347522625777
harford,2025-12-20,0,2025-12-20,Flu ED visits pct,quantile,0.95,8.737906140706594
henry,2025-12-20,0,2025-12-20,Flu ED visits pct,quantile,0.95,9.683966604972627
horry,2025-12-20,0,2025-12-20,Flu ED visits pct,quantile,0.95,10.04588712675606
houston,2025-12-20,0,2025-12-20,Flu ED visits pct,quantile,0.95,9.594413092170843
indiana,2025-12-20,0,2025-12-20,Flu ED visits pct,quantile,0.95,7.950338217558729
indianapolis,2025-12-20,0,2025-12-20,Flu ED visits pct,quantile,0.95,7.321563521711826
la-grange,2025-12-20,0,2025-12-20,Flu ED visits pct,quantile,0.95,10.196847748584828
larimer,2025-12-20,0,2025-12-20,Flu ED visits pct,quantile,0.95,8.337134278625491
lynn,2025-12-20,0,2025-12-20,Flu ED visits pct,quantile,0.95,9.257567442668787
macon,2025-12-20,0,2025-12-20,Flu ED visits pct,quantile,0.95,6.1148196595969795
maine,2025-12-20,0,2025-12-20,Flu ED visits pct,quantile,0.95,5.936677109722145
marietta,2025-12-20,0,2025-12-20,Flu ED visits pct,quantile,0.95,6.927550844820995
maryland,2025-12-20,0,2025-12-20,Flu ED visits pct,quantile,0.95,9.288911484206979
massachusetts,2025-12-20,0,2025-12-20,Flu ED visits pct,quantile,0.95,8.957635072495824
medford,2025-12-20,0,2025-12-20,Flu ED visits pct,quantile,0.95,2.568153245131206
mesa,2025-12-20,0,2025-12-20,Flu ED visits pct,quantile,0.95,6.754438353851046
minneapolis,2025-12-20,0,2025-12-20,Flu ED visits pct,quantile,0.95,11.937063509946952
minnesota,2025-12-20,0,2025-12-20,Flu ED visits pct,quantile,0.95,10.900382416719165
montgomery,2025-12-20,0,2025-12-20,Flu ED visits pct,quantile,0.95,8.37328380044854
nenc,2025-12-20,0,2025-12-20,Flu ED visits pct,quantile,0.95,14.012216190930896
new-bedford,2025-12-20,0,2025-12-20,Flu ED visits pct,quantile,0.95,12.787197429779438
north-carolina,2025-12-20,0,2025-12-20,Flu ED visits pct,quantile,0.95,11.316583006320778
nyc,2025-12-20,0,2025-12-20,ILI ED visits pct,quantile,0.95,20.87395835799678
ogden,2025-12-20,0,2025-12-20,Flu ED visits pct,quantile,0.95,7.6846526128594235
oregon,2025-12-20,0,2025-12-20,Flu ED visits pct,quantile,0.95,3.7185595998182928
pittsfield,2025-12-20,0,2025-12-20,Flu ED visits pct,quantile,0.95,5.968835501703543
portland,2025-12-20,0,2025-12-20,Flu ED visits pct,quantile,0.95,5.2539302777285775
portland-or,2025-12-20,0,2025-12-20,Flu ED visits pct,quantile,0.95,3.5860273237500215
provo,2025-12-20,0,2025-12-20,Flu ED visits pct,quantile,0.95,9.215608171117845
roanoke,2025-12-20,0,2025-12-20,Flu ED visits pct,quantile,0.95,6.346826600086127
rochester,2025-12-20,0,2025-12-20,Flu ED visits pct,quantile,0.95,6.7977045371295475
rock-hill,2025-12-20,0,2025-12-20,Flu ED visits pct,quantile,0.95,16.174543447630853
rtp-area,2025-12-20,0,2025-12-20,Flu ED visits pct,quantile,0.95,8.272696895697088
salem,2025-12-20,0,2025-12-20,Flu ED visits pct,quantile,0.95,4.965932331600321
salt-lake-city,2025-12-20,0,2025-12-20,Flu ED visits pct,quantile,0.95,8.418391667530367
san-antonio,2025-12-20,0,2025-12-20,Flu ED visits pct,quantile,0.95,9.192257314537667
savannah,2025-12-20,0,2025-12-20,Flu ED visits pct,quantile,0.95,2.6215471218833506
senc,2025-12-20,0,2025-12-20,Flu ED visits pct,quantile,0.95,11.564014802876331
south-augusta,2025-12-20,0,2025-12-20,Flu ED visits pct,quantile,0.95,4.315576939189142
south-carolina,2025-12-20,0,2025-12-20,Flu ED visits pct,quantile,0.95,8.764894645181137
springfield,2025-12-20,0,2025-12-20,Flu ED visits pct,quantile,0.95,13.117989708892864
st-cloud,2025-12-20,0,2025-12-20,Flu ED visits pct,quantile,0.95,11.428486210721164
st-paul,2025-12-20,0,2025-12-20,Flu ED visits pct,quantile,0.95,12.141774932725918
texas,2025-12-20,0,2025-12-20,Flu ED visits pct,quantile,0.95,10.365008476144132
triad-area,2025-12-20,0,2025-12-20,Flu ED visits pct,quantile,0.95,9.360387174759618
utah,2025-12-20,0,2025-12-20,Flu ED visits pct,quantile,0.95,8.073206405836602
virginia,2025-12-20,0,2025-12-20,Flu ED visits pct,quantile,0.95,7.842370249373555
weld,2025-12-20,0,2025-12-20,Flu ED visits pct,quantile,0.95,13.215698424398273
wnc,2025-12-20,0,2025-12-20,Flu ED visits pct,quantile,0.95,6.8994480975732095
worcester,2025-12-20,0,2025-12-20,Flu ED visits pct,quantile,0.95,8.827274077519505
athens,2025-12-20,1,2025-12-27,Flu ED visits pct,quantile,0.95,11.208362162127727
austin,2025-12-20,1,2025-12-27,Flu ED visits pct,quantile,0.95,7.9803405773869525
baltimore,2025-12-20,1,2025-12-27,Flu ED visits pct,quantile,0.95,9.476177358078303
bangor,2025-12-20,1,2025-12-27,Flu ED visits pct,quantile,0.95,11.180604870284565
beaumont,2025-12-20,1,2025-12-27,Flu ED visits pct,quantile,0.95,17.7845419188889
boston,2025-12-20,1,2025-12-27,Flu ED visits pct,quantile,0.95,9.443801628594656
boulder,2025-12-20,1,2025-12-27,Flu ED visits pct,quantile,0.95,11.072305071742514
charleston,2025-12-20,1,2025-12-27,Flu ED visits pct,quantile,0.95,6.3683672588622775
cherokee,2025-12-20,1,2025-12-27,Flu ED visits pct,quantile,0.95,13.469072820106573
clt-area,2025-12-20,1,2025-12-27,Flu ED visits pct,quantile,0.95,15.904214689236301
colorado,2025-12-20,1,2025-12-27,Flu ED visits pct,quantile,0.95,8.468307134832147
colorado-springs,2025-12-20,1,2025-12-27,Flu ED visits pct,quantile,0.95,8.212006312886109
columbia,2025-12-20,1,2025-12-27,Flu ED visits pct,quantile,0.95,11.121887814615844
columbus,2025-12-20,1,2025-12-27,Flu ED visits pct,quantile,0.95,5.240344231886968
dallas,2025-12-20,1,2025-12-27,Flu ED visits pct,quantile,0.95,9.696923100949022
denver,2025-12-20,1,2025-12-27,Flu ED visits pct,quantile,0.95,9.047583848912492
deschutes,2025-12-20,1,2025-12-27,Flu ED visits pct,quantile,0.95,5.888204688200604
duluth,2025-12-20,1,2025-12-27,Flu ED visits pct,quantile,0.95,10.812752409751337
el-paso,2025-12-20,1,2025-12-27,Flu ED visits pct,quantile,0.95,17.084983689274875
eugene,2025-12-20,1,2025-12-27,Flu ED visits pct,quantile,0.95,2.38880148943861
fay-area,2025-12-20,1,2025-12-27,Flu ED visits pct,quantile,0.95,14.004461913781924
florence,2025-12-20,1,2025-12-27,Flu ED visits pct,quantile,0.95,11.79755459998928
floyd,2025-12-20,1,2025-12-27,Flu ED visits pct,quantile,0.95,14.455518545004526
frederick,2025-12-20,1,2025-12-27,Flu ED visits pct,quantile,0.95,12.507884924486165
georgia,2025-12-20,1,2025-12-27,Flu ED visits pct,quantile,0.95,8.729363048546542
greenville,2025-12-20,1,2025-12-27,Flu ED visits pct,quantile,0.95,10.465362486789225
hall,2025-12-20,1,2025-12-27,Flu ED visits pct,quantile,0.95,8.535109760395041
harford,2025-12-20,1,2025-12-27,Flu ED visits pct,quantile,0.95,9.269970091558289
henry,2025-12-20,1,2025-12-27,Flu ED visits pct,quantile,0.95,9.896654865893554
horry,2025-12-20,1,2025-12-27,Flu ED visits pct,quantile,0.95,11.903394532602409
houston,2025-12-20,1,2025-12-27,Flu ED visits pct,quantile,0.95,10.122040375649483
indiana,2025-12-20,1,2025-12-27,Flu ED visits pct,quantile,0.95,9.851846729069711
indianapolis,2025-12-20,1,2025-12-27,Flu ED visits pct,quantile,0.95,9.321050012178588
la-grange,2025-12-20,1,2025-12-27,Flu ED visits pct,quantile,0.95,11.875962344749572
larimer,2025-12-20,1,2025-12-27,Flu ED visits pct,quantile,0.95,8.732496291644006
lynn,2025-12-20,1,2025-12-27,Flu ED visits pct,quantile,0.95,11.128932546982668
macon,2025-12-20,1,2025-12-27,Flu ED visits pct,quantile,0.95,6.771802977771882
maine,2025-12-20,1,2025-12-27,Flu ED visits pct,quantile,0.95,8.107108596043913
marietta,2025-12-20,1,2025-12-27,Flu ED visits pct,quantile,0.95,7.835222800372244
maryland,2025-12-20,1,2025-12-27,Flu ED visits pct,quantile,0.95,9.651930235617112
massachusetts,2025-12-20,1,2025-12-27,Flu ED visits pct,quantile,0.95,10.493831918828601
medford,2025-12-20,1,2025-12-27,Flu ED visits pct,quantile,0.95,3.7762654914981253
mesa,2025-12-20,1,2025-12-27,Flu ED visits pct,quantile,0.95,8.16182183159966
minneapolis,2025-12-20,1,2025-12-27,Flu ED visits pct,quantile,0.95,12.666655865081923
minnesota,2025-12-20,1,2025-12-27,Flu ED visits pct,quantile,0.95,11.600123406350118
montgomery,2025-12-20,1,2025-12-27,Flu ED visits pct,quantile,0.95,9.31530544001639
nenc,2025-12-20,1,2025-12-27,Flu ED visits pct,quantile,0.95,15.078434322038174
new-bedford,2025-12-20,1,2025-12-27,Flu ED visits pct,quantile,0.95,14.818003877805628
north-carolina,2025-12-20,1,2025-12-27,Flu ED visits pct,quantile,0.95,12.620150792809916
nyc,2025-12-20,1,2025-12-27,ILI ED visits pct,quantile,0.95,23.827614940539345
ogden,2025-12-20,1,2025-12-27,Flu ED visits pct,quantile,0.95,9.295792553174616
oregon,2025-12-20,1,2025-12-27,Flu ED visits pct,quantile,0.95,5.079654432593845
pittsfield,2025-12-20,1,2025-12-27,Flu ED visits pct,quantile,0.95,8.091231932450404
portland,2025-12-20,1,2025-12-27,Flu ED visits pct,quantile,0.95,7.005294621277192
portland-or,2025-12-20,1,2025-12-27,Flu ED visits pct,quantile,0.95,4.823192677665257
provo,2025-12-20,1,2025-12-27,Flu ED visits pct,quantile,0.95,10.76534240542754
roanoke,2025-12-20,1,2025-12-27,Flu ED visits pct,quantile,0.95,8.109721411730035
rochester,2025-12-20,1,2025-12-27,Flu ED visits pct,quantile,0.95,9.536211840651518
rock-hill,2025-12-20,1,2025-12-27,Flu ED visits pct,quantile,0.95,17.94224109918795
rtp-area,2025-12-20,1,2025-12-27,Flu ED visits pct,quantile,0.95,9.432797036898657
salem,2025-12-20,1,2025-12-27,Flu ED visits pct,quantile,0.95,7.05022514540576
salt-lake-city,2025-12-20,1,2025-12-27,Flu ED visits pct,quantile,0.95,9.516817143972297
san-antonio,2025-12-20,1,2025-12-27,Flu ED visits pct,quantile,0.95,10.761390194970133
savannah,2025-12-20,1,2025-12-27,Flu ED visits pct,quantile,0.95,3.2866724503840516
senc,2025-12-20,1,2025-12-27,Flu ED visits pct,quantile,0.95,12.315268705820873
south-augusta,2025-12-20,1,2025-12-27,Flu ED visits pct,quantile,0.95,5.354778439255124
south-carolina,2025-12-20,1,2025-12-27,Flu ED visits pct,quantile,0.95,10.895466379807798
springfield,2025-12-20,1,2025-12-27,Flu ED visits pct,quantile,0.95,15.17699124134077
st-cloud,2025-12-20,1,2025-12-27,Flu ED visits pct,quantile,0.95,12.829359820071753
st-paul,2025-12-20,1,2025-12-27,Flu ED visits pct,quantile,0.95,12.917903872701476
texas,2025-12-20,1,2025-12-27,Flu ED visits pct,quantile,0.95,11.48725851055786
triad-area,2025-12-20,1,2025-12-27,Flu ED visits pct,quantile,0.95,10.449249575986281
utah,2025-12-20,1,2025-12-27,Flu ED visits pct,quantile,0.95,9.44465949069869
virginia,2025-12-20,1,2025-12-27,Flu ED visits pct,quantile,0.95,8.950902675000307
weld,2025-12-20,1,2025-12-27,Flu ED visits pct,quantile,0.95,14.172727742976738
wnc,2025-12-20,1,2025-12-27,Flu ED visits pct,quantile,0.95,7.723641657975927
worcester,2025-12-20,1,2025-12-27,Flu ED visits pct,quantile,0.95,9.84286693613896
athens,2025-12-20,2,2026-01-03,Flu ED visits pct,quantile,0.95,11.25868525543851
austin,2025-12-20,2,2026-01-03,Flu ED visits pct,quantile,0.95,9.061060422745063
baltimore,2025-12-20,2,2026-01-03,Flu ED visits pct,quantile,0.95,9.56617848879302
bangor,2025-12-20,2,2026-01-03,Flu ED visits pct,quantile,0.95,11.487683516911703
beaumont,2025-12-20,2,2026-01-03,Flu ED visits pct,quantile,0.95,18.11373766009539
boston,2025-12-20,2,2026-01-03,Flu ED visits pct,quantile,0.95,9.72364278608545
boulder,2025-12-20,2,2026-01-03,Flu ED visits pct,quantile,0.95,10.975907008210791
charleston,2025-12-20,2,2026-01-03,Flu ED visits pct,quantile,0.95,6.759035954491797
cherokee,2025-12-20,2,2026-01-03,Flu ED visits pct,quantile,0.95,14.292146253011389
clt-area,2025-12-20,2,2026-01-03,Flu ED visits pct,quantile,0.95,16.206991464177186
colorado,2025-12-20,2,2026-01-03,Flu ED visits pct,quantile,0.95,8.508898721979856
colorado-springs,2025-12-20,2,2026-01-03,Flu ED visits pct,quantile,0.95,8.275010355326067
columbia,2025-12-20,2,2026-01-03,Flu ED visits pct,quantile,0.95,12.458264574378095
columbus,2025-12-20,2,2026-01-03,Flu ED visits pct,quantile,0.95,5.933308957003355
dallas,2025-12-20,2,2026-01-03,Flu ED visits pct,quantile,0.95,10.776850276055004
denver,2025-12-20,2,2026-01-03,Flu ED visits pct,quantile,0.95,8.958062507211674
deschutes,2025-12-20,2,2026-01-03,Flu ED visits pct,quantile,0.95,7.010590303031532
duluth,2025-12-20,2,2026-01-03,Flu ED visits pct,quantile,0.95,11.2832881111318
el-paso,2025-12-20,2,2026-01-03,Flu ED visits pct,quantile,0.95,17.31847185590642
eugene,2025-12-20,2,2026-01-03,Flu ED visits pct,quantile,0.95,2.933941248180099
fay-area,2025-12-20,2,2026-01-03,Flu ED visits pct,quantile,0.95,14.517653081528026
florence,2025-12-20,2,2026-01-03,Flu ED visits pct,quantile,0.95,12.751801914971466
floyd,2025-12-20,2,2026-01-03,Flu ED visits pct,quantile,0.95,15.220589128941876
frederick,2025-12-20,2,2026-01-03,Flu ED visits pct,quantile,0.95,13.079977393462377
georgia,2025-12-20,2,2026-01-03,Flu ED visits pct,quantile,0.95,9.269226088377069
greenville,2025-12-20,2,2026-01-03,Flu ED visits pct,quantile,0.95,12.068401497962114
hall,2025-12-20,2,2026-01-03,Flu ED visits pct,quantile,0.95,9.34465664965425
harford,2025-12-20,2,2026-01-03,Flu ED visits pct,quantile,0.95,9.31014555409647
henry,2025-12-20,2,2026-01-03,Flu ED visits pct,quantile,0.95,10.004101216302644
horry,2025-12-20,2,2026-01-03,Flu ED visits pct,quantile,0.95,13.286732144117444
houston,2025-12-20,2,2026-01-03,Flu ED visits pct,quantile,0.95,10.693734893826592
indiana,2025-12-20,2,2026-01-03,Flu ED visits pct,quantile,0.95,11.370053907051073
indianapolis,2025-12-20,2,2026-01-03,Flu ED visits pct,quantile,0.95,10.236430886285756
la-grange,2025-12-20,2,2026-01-03,Flu ED visits pct,quantile,0.95,12.422269849051272
larimer,2025-12-20,2,2026-01-03,Flu ED visits pct,quantile,0.95,8.724268541689781
lynn,2025-12-20,2,2026-01-03,Flu ED visits pct,quantile,0.95,12.201665202850249
macon,2025-12-20,2,2026-01-03,Flu ED visits pct,quantile,0.95,6.979490829030356
maine,2025-12-20,2,2026-01-03,Flu ED visits pct,quantile,0.95,9.134820150607684
marietta,2025-12-20,2,2026-01-03,Flu ED visits pct,quantile,0.95,8.080547779792866
maryland,2025-12-20,2,2026-01-03,Flu ED visits pct,quantile,0.95,9.565485097337342
massachusetts,2025-12-20,2,2026-01-03,Flu ED visits pct,quantile,0.95,11.228563377838512
medford,2025-12-20,2,2026-01-03,Flu ED visits pct,quantile,0.95,5.029795558141231
mesa,2025-12-20,2,2026-01-03,Flu ED visits pct,quantile,0.95,8.885820709853176
minneapolis,2025-12-20,2,2026-01-03,Flu ED visits pct,quantile,0.95,12.933320020567061
minnesota,2025-12-20,2,2026-01-03,Flu ED visits pct,quantile,0.95,11.698375493880356
montgomery,2025-12-20,2,2026-01-03,Flu ED visits pct,quantile,0.95,9.148199947230482
nenc,2025-12-20,2,2026-01-03,Flu ED visits pct,quantile,0.95,15.390974732071175
new-bedford,2025-12-20,2,2026-01-03,Flu ED visits pct,quantile,0.95,15.967030753127547
north-carolina,2025-12-20,2,2026-01-03,Flu ED visits pct,quantile,0.95,13.132093954992595
nyc,2025-12-20,2,2026-01-03,ILI ED visits pct,quantile,0.95,24.519313772821224
ogden,2025-12-20,2,2026-01-03,Flu ED visits pct,quantile,0.95,10.174010071603599
oregon,2025-12-20,2,2026-01-03,Flu ED visits pct,quantile,0.95,6.239415313157915
pittsfield,2025-12-20,2,2026-01-03,Flu ED visits pct,quantile,0.95,10.020798451288
portland,2025-12-20,2,2026-01-03,Flu ED visits pct,quantile,0.95,8.242839754301823
portland-or,2025-12-20,2,2026-01-03,Flu ED visits pct,quantile,0.95,5.550855323651446
provo,2025-12-20,2,2026-01-03,Flu ED visits pct,quantile,0.95,11.104918606937881
roanoke,2025-12-20,2,2026-01-03,Flu ED visits pct,quantile,0.95,8.97283943173808
rochester,2025-12-20,2,2026-01-03,Flu ED visits pct,quantile,0.95,11.019920181853843
rock-hill,2025-12-20,2,2026-01-03,Flu ED visits pct,quantile,0.95,19.068753238165186
rtp-area,2025-12-20,2,2026-01-03,Flu ED visits pct,quantile,0.95,10.01561710248711
salem,2025-12-20,2,2026-01-03,Flu ED visits pct,quantile,0.95,8.26469575077139
salt-lake-city,2025-12-20,2,2026-01-03,Flu ED visits pct,quantile,0.95,9.936323530229279
san-antonio,2025-12-20,2,2026-01-03,Flu ED visits pct,quantile,0.95,11.313623638545495
savannah,2025-12-20,2,2026-01-03,Flu ED visits pct,quantile,0.95,3.7282135543530233
senc,2025-12-20,2,2026-01-03,Flu ED visits pct,quantile,0.95,12.68278600740832
south-augusta,2025-12-20,2,2026-01-03,Flu ED visits pct,quantile,0.95,5.891676636825461
south-carolina,2025-12-20,2,2026-01-03,Flu ED visits pct,quantile,0.95,12.078116223336654
springfield,2025-12-20,2,2026-01-03,Flu ED visits pct,quantile,0.95,15.873990266732047
st-cloud,2025-12-20,2,2026-01-03,Flu ED visits pct,quantile,0.95,13.306001594307833
st-paul,2025-12-20,2,2026-01-03,Flu ED visits pct,quantile,0.95,13.039994786389341
texas,2025-12-20,2,2026-01-03,Flu ED visits pct,quantile,0.95,11.752983532594195
triad-area,2025-12-20,2,2026-01-03,Flu ED visits pct,quantile,0.95,10.9930464119574
utah,2025-12-20,2,2026-01-03,Flu ED visits pct,quantile,0.95,9.842164941612792
virginia,2025-12-20,2,2026-01-03,Flu ED visits pct,quantile,0.95,9.494439926414248
weld,2025-12-20,2,2026-01-03,Flu ED visits pct,quantile,0.95,13.977733617170037
wnc,2025-12-20,2,2026-01-03,Flu ED visits pct,quantile,0.95,8.183561640939491
worcester,2025-12-20,2,2026-01-03,Flu ED visits pct,quantile,0.95,10.375250420666967
athens,2025-12-20,3,2026-01-10,Flu ED visits pct,quantile,0.95,11.564732786575101
austin,2025-12-20,3,2026-01-10,Flu ED visits pct,quantile,0.95,9.421394820721279
baltimore,2025-12-20,3,2026-01-10,Flu ED visits pct,quantile,0.95,9.610957909661398
bangor,2025-12-20,3,2026-01-10,Flu ED visits pct,quantile,0.95,11.798896408918031
beaumont,2025-12-20,3,2026-01-10,Flu ED visits pct,quantile,0.95,18.353889976104206
boston,2025-12-20,3,2026-01-10,Flu ED visits pct,quantile,0.95,10.031506867282536
boulder,2025-12-20,3,2026-01-10,Flu ED visits pct,quantile,0.95,11.15618155709711
charleston,2025-12-20,3,2026-01-10,Flu ED visits pct,quantile,0.95,7.130601192391505
cherokee,2025-12-20,3,2026-01-10,Flu ED visits pct,quantile,0.95,14.61370674648804
clt-area,2025-12-20,3,2026-01-10,Flu ED visits pct,quantile,0.95,16.475518477511464
colorado,2025-12-20,3,2026-01-10,Flu ED visits pct,quantile,0.95,8.75401871163519
colorado-springs,2025-12-20,3,2026-01-10,Flu ED visits pct,quantile,0.95,8.513995160706424
columbia,2025-12-20,3,2026-01-10,Flu ED visits pct,quantile,0.95,13.416492227204383
columbus,2025-12-20,3,2026-01-10,Flu ED visits pct,quantile,0.95,6.23259728400597
dallas,2025-12-20,3,2026-01-10,Flu ED visits pct,quantile,0.95,11.169729762569865
denver,2025-12-20,3,2026-01-10,Flu ED visits pct,quantile,0.95,9.041797820726037
deschutes,2025-12-20,3,2026-01-10,Flu ED visits pct,quantile,0.95,7.955308782048854
duluth,2025-12-20,3,2026-01-10,Flu ED visits pct,quantile,0.95,11.255053005293133
el-paso,2025-12-20,3,2026-01-10,Flu ED visits pct,quantile,0.95,17.29174413157283
eugene,2025-12-20,3,2026-01-10,Flu ED visits pct,quantile,0.95,3.301068743494466
fay-area,2025-12-20,3,2026-01-10,Flu ED visits pct,quantile,0.95,15.277263079727913
florence,2025-12-20,3,2026-01-10,Flu ED visits pct,quantile,0.95,13.190759411950099
floyd,2025-12-20,3,2026-01-10,Flu ED visits pct,quantile,0.95,15.729329909929943
frederick,2025-12-20,3,2026-01-10,Flu ED visits pct,quantile,0.95,13.422449977111926
georgia,2025-12-20,3,2026-01-10,Flu ED visits pct,quantile,0.95,9.740088123911534
greenville,2025-12-20,3,2026-01-10,Flu ED visits pct,quantile,0.95,12.901802695733252
hall,2025-12-20,3,2026-01-10,Flu ED visits pct,quantile,0.95,9.725381084927225
harford,2025-12-20,3,2026-01-10,Flu ED visits pct,quantile,0.95,9.246275664113197
henry,2025-12-20,3,2026-01-10,Flu ED visits pct,quantile,0.95,9.926698734128651
horry,2025-12-20,3,2026-01-10,Flu ED visits pct,quantile,0.95,13.401262276446145
houston,2025-12-20,3,2026-01-10,Flu ED visits pct,quantile,0.95,11.228747899837712
indiana,2025-12-20,3,2026-01-10,Flu ED visits pct,quantile,0.95,11.837206896306673
indianapolis,2025-12-20,3,2026-01-10,Flu ED visits pct,quantile,0.95,10.65293373105171
la-grange,2025-12-20,3,2026-01-10,Flu ED visits pct,quantile,0.95,12.713617418035641
larimer,2025-12-20,3,2026-01-10,Flu ED visits pct,quantile,0.95,8.725468003680348
lynn,2025-12-20,3,2026-01-10,Flu ED visits pct,quantile,0.95,12.503333816678262
macon,2025-12-20,3,2026-01-10,Flu ED visits pct,quantile,0.95,7.148758792628361
maine,2025-12-20,3,2026-01-10,Flu ED visits pct,quantile,0.95,9.736845308676802
marietta,2025-12-20,3,2026-01-10,Flu ED visits pct,quantile,0.95,8.194362919924195
maryland,2025-12-20,3,2026-01-10,Flu ED visits pct,quantile,0.95,9.683040719904552
massachusetts,2025-12-20,3,2026-01-10,Flu ED visits pct,quantile,0.95,11.770150762227251
medford,2025-12-20,3,2026-01-10,Flu ED visits pct,quantile,0.95,5.924786437814434
mesa,2025-12-20,3,2026-01-10,Flu ED visits pct,quantile,0.95,9.135174559524684
minneapolis,2025-12-20,3,2026-01-10,Flu ED visits pct,quantile,0.95,13.044996087088421
minnesota,2025-12-20,3,2026-01-10,Flu ED visits pct,quantile,0.95,11.75310843719164
montgomery,2025-12-20,3,2026-01-10,Flu ED visits pct,quantile,0.95,9.427409963944754
nenc,2025-12-20,3,2026-01-10,Flu ED visits pct,quantile,0.95,15.49948601427007
new-bedford,2025-12-20,3,2026-01-10,Flu ED visits pct,quantile,0.95,16.36026058253129
north-carolina,2025-12-20,3,2026-01-10,Flu ED visits pct,quantile,0.95,13.413040820102426
nyc,2025-12-20,3,2026-01-10,ILI ED visits pct,quantile,0.95,25.35139067236747
ogden,2025-12-20,3,2026-01-10,Flu ED visits pct,quantile,0.95,10.554711021410109
oregon,2025-12-20,3,2026-01-10,Flu ED visits pct,quantile,0.95,6.930583691548657
pittsfield,2025-12-20,3,2026-01-10,Flu ED visits pct,quantile,0.95,10.825359917018128
portland,2025-12-20,3,2026-01-10,Flu ED visits pct,quantile,0.95,8.665583861379824
portland-or,2025-12-20,3,2026-01-10,Flu ED visits pct,quantile,0.95,6.141248615447591
provo,2025-12-20,3,2026-01-10,Flu ED visits pct,quantile,0.95,11.38411338208641
roanoke,2025-12-20,3,2026-01-10,Flu ED visits pct,quantile,0.95,9.353186664013766
rochester,2025-12-20,3,2026-01-10,Flu ED visits pct,quantile,0.95,11.948314370166
rock-hill,2025-12-20,3,2026-01-10,Flu ED visits pct,quantile,0.95,18.849858974043237
rtp-area,2025-12-20,3,2026-01-10,Flu ED visits pct,quantile,0.95,10.29186250475806
salem,2025-12-20,3,2026-01-10,Flu ED visits pct,quantile,0.95,9.410820361495949
salt-lake-city,2025-12-20,3,2026-01-10,Flu ED visits pct,quantile,0.95,10.330177494246056
san-antonio,2025-12-20,3,2026-01-10,Flu ED visits pct,quantile,0.95,11.880551854643588
savannah,2025-12-20,3,2026-01-10,Flu ED visits pct,quantile,0.95,3.9562373221267237
senc,2025-12-20,3,2026-01-10,Flu ED visits pct,quantile,0.95,12.73377716949735
south-augusta,2025-12-20,3,2026-01-10,Flu ED visits pct,quantile,0.95,6.114598655179719
south-carolina,2025-12-20,3,2026-01-10,Flu ED visits pct,quantile,0.95,12.882722561567025
springfield,2025-12-20,3,2026-01-10,Flu ED visits pct,quantile,0.95,15.938979460029394
st-cloud,2025-12-20,3,2026-01-10,Flu ED visits pct,quantile,0.95,13.489556111912849
st-paul,2025-12-20,3,2026-01-10,Flu ED visits pct,quantile,0.95,13.000227273916522
texas,2025-12-20,3,2026-01-10,Flu ED visits pct,quantile,0.95,12.358640025770809
triad-area,2025-12-20,3,2026-01-10,Flu ED visits pct,quantile,0.95,11.520716944547601
utah,2025-12-20,3,2026-01-10,Flu ED visits pct,quantile,0.95,10.407968336844782
virginia,2025-12-20,3,2026-01-10,Flu ED visits pct,quantile,0.95,9.644925892266048
weld,2025-12-20,3,2026-01-10,Flu ED visits pct,quantile,0.95,13.949185101927622
wnc,2025-12-20,3,2026-01-10,Flu ED visits pct,quantile,0.95,8.487626529427297
worcester,2025-12-20,3,2026-01-10,Flu ED visits pct,quantile,0.95,10.185563233306963
athens,2025-12-20,0,2025-12-20,Flu ED visits pct,quantile,0.975,12.087388950725037
austin,2025-12-20,0,2025-12-20,Flu ED visits pct,quantile,0.975,7.549522485550213
baltimore,2025-12-20,0,2025-12-20,Flu ED visits pct,quantile,0.975,10.085538589096364
bangor,2025-12-20,0,2025-12-20,Flu ED visits pct,quantile,0.975,11.348272043472871
beaumont,2025-12-20,0,2025-12-20,Flu ED visits pct,quantile,0.975,19.455324758446398
boston,2025-12-20,0,2025-12-20,Flu ED visits pct,quantile,0.975,9.372282956700893
boulder,2025-12-20,0,2025-12-20,Flu ED visits pct,quantile,0.975,12.254911807479205
charleston,2025-12-20,0,2025-12-20,Flu ED visits pct,quantile,0.975,6.244571058328069
cherokee,2025-12-20,0,2025-12-20,Flu ED visits pct,quantile,0.975,12.869605590094574
clt-area,2025-12-20,0,2025-12-20,Flu ED visits pct,quantile,0.975,16.095275722625885
colorado,2025-12-20,0,2025-12-20,Flu ED visits pct,quantile,0.975,9.235208416943195
colorado-springs,2025-12-20,0,2025-12-20,Flu ED visits pct,quantile,0.975,8.307981541226992
columbia,2025-12-20,0,2025-12-20,Flu ED visits pct,quantile,0.975,9.559058745886533
columbus,2025-12-20,0,2025-12-20,Flu ED visits pct,quantile,0.975,4.866179178796714
dallas,2025-12-20,0,2025-12-20,Flu ED visits pct,quantile,0.975,8.930510343319886
denver,2025-12-20,0,2025-12-20,Flu ED visits pct,quantile,0.975,10.26974634565592
deschutes,2025-12-20,0,2025-12-20,Flu ED visits pct,quantile,0.975,4.90863435071953
duluth,2025-12-20,0,2025-12-20,Flu ED visits pct,quantile,0.975,11.80595884934422
el-paso,2025-12-20,0,2025-12-20,Flu ED visits pct,quantile,0.975,19.03031413779936
eugene,2025-12-20,0,2025-12-20,Flu ED visits pct,quantile,0.975,2.0932376734564246
fay-area,2025-12-20,0,2025-12-20,Flu ED visits pct,quantile,0.975,14.055428144488728
florence,2025-12-20,0,2025-12-20,Flu ED visits pct,quantile,0.975,11.0606160103729
floyd,2025-12-20,0,2025-12-20,Flu ED visits pct,quantile,0.975,13.835168463329069
frederick,2025-12-20,0,2025-12-20,Flu ED visits pct,quantile,0.975,11.71421323241933
georgia,2025-12-20,0,2025-12-20,Flu ED visits pct,quantile,0.975,8.793548999816247
greenville,2025-12-20,0,2025-12-20,Flu ED visits pct,quantile,0.975,9.446647094433626
hall,2025-12-20,0,2025-12-20,Flu ED visits pct,quantile,0.975,8.733859646999958
harford,2025-12-20,0,2025-12-20,Flu ED visits pct,quantile,0.975,9.774765493836012
henry,2025-12-20,0,2025-12-20,Flu ED visits pct,quantile,0.975,11.067794027541376
horry,2025-12-20,0,2025-12-20,Flu ED visits pct,quantile,0.975,11.641214386559549
houston,2025-12-20,0,2025-12-20,Flu ED visits pct,quantile,0.975,10.969456567329228
indiana,2025-12-20,0,2025-12-20,Flu ED visits pct,quantile,0.975,9.2894971647866
indianapolis,2025-12-20,0,2025-12-20,Flu ED visits pct,quantile,0.975,8.681534631555351
la-grange,2025-12-20,0,2025-12-20,Flu ED visits pct,quantile,0.975,11.761531393658283
larimer,2025-12-20,0,2025-12-20,Flu ED visits pct,quantile,0.975,9.517475403169437
lynn,2025-12-20,0,2025-12-20,Flu ED visits pct,quantile,0.975,10.727357380526152
macon,2025-12-20,0,2025-12-20,Flu ED visits pct,quantile,0.975,7.147831119407893
maine,2025-12-20,0,2025-12-20,Flu ED visits pct,quantile,0.975,6.982256654721686
marietta,2025-12-20,0,2025-12-20,Flu ED visits pct,quantile,0.975,8.26936172590282
maryland,2025-12-20,0,2025-12-20,Flu ED visits pct,quantile,0.975,11.177919301010242
massachusetts,2025-12-20,0,2025-12-20,Flu ED visits pct,quantile,0.975,10.707662580743976
medford,2025-12-20,0,2025-12-20,Flu ED visits pct,quantile,0.975,3.1736101660736766
mesa,2025-12-20,0,2025-12-20,Flu ED visits pct,quantile,0.975,7.774739697551952
minneapolis,2025-12-20,0,2025-12-20,Flu ED visits pct,quantile,0.975,13.94280582280699
minnesota,2025-12-20,0,2025-12-20,Flu ED visits pct,quantile,0.975,12.731992136476721
montgomery,2025-12-20,0,2025-12-20,Flu ED visits pct,quantile,0.975,9.66712921980247
nenc,2025-12-20,0,2025-12-20,Flu ED visits pct,quantile,0.975,16.00758211891319
new-bedford,2025-12-20,0,2025-12-20,Flu ED visits pct,quantile,0.975,14.367211892755245
north-carolina,2025-12-20,0,2025-12-20,Flu ED visits pct,quantile,0.975,12.737029839829738
nyc,2025-12-20,0,2025-12-20,ILI ED visits pct,quantile,0.975,23.420712908744633
ogden,2025-12-20,0,2025-12-20,Flu ED visits pct,quantile,0.975,8.719362855601085
oregon,2025-12-20,0,2025-12-20,Flu ED visits pct,quantile,0.975,4.471070277009518
pittsfield,2025-12-20,0,2025-12-20,Flu ED visits pct,quantile,0.975,6.959495886294655
portland,2025-12-20,0,2025-12-20,Flu ED visits pct,quantile,0.975,5.990299752508011
portland-or,2025-12-20,0,2025-12-20,Flu ED visits pct,quantile,0.975,4.146133488086725
provo,2025-12-20,0,2025-12-20,Flu ED visits pct,quantile,0.975,10.553504253688928
roanoke,2025-12-20,0,2025-12-20,Flu ED visits pct,quantile,0.975,7.189573596012627
rochester,2025-12-20,0,2025-12-20,Flu ED visits pct,quantile,0.975,8.026148455413313
rock-hill,2025-12-20,0,2025-12-20,Flu ED visits pct,quantile,0.975,19.02870467269453
rtp-area,2025-12-20,0,2025-12-20,Flu ED visits pct,quantile,0.975,9.1624435223866
salem,2025-12-20,0,2025-12-20,Flu ED visits pct,quantile,0.975,5.94031114475048
salt-lake-city,2025-12-20,0,2025-12-20,Flu ED visits pct,quantile,0.975,9.97371018105225
san-antonio,2025-12-20,0,2025-12-20,Flu ED visits pct,quantile,0.975,10.618693593046139
savannah,2025-12-20,0,2025-12-20,Flu ED visits pct,quantile,0.975,2.95234601308133
senc,2025-12-20,0,2025-12-20,Flu ED visits pct,quantile,0.975,13.399134675729464
south-augusta,2025-12-20,0,2025-12-20,Flu ED visits pct,quantile,0.975,4.833610277168665
south-carolina,2025-12-20,0,2025-12-20,Flu ED visits pct,quantile,0.975,10.484793604855259
springfield,2025-12-20,0,2025-12-20,Flu ED visits pct,quantile,0.975,16.057653467847704
st-cloud,2025-12-20,0,2025-12-20,Flu ED visits pct,quantile,0.975,12.498082128893198
st-paul,2025-12-20,0,2025-12-20,Flu ED visits pct,quantile,0.975,14.64623351054513
texas,2025-12-20,0,2025-12-20,Flu ED visits pct,quantile,0.975,12.244956194994318
triad-area,2025-12-20,0,2025-12-20,Flu ED visits pct,quantile,0.975,10.910335589558294
utah,2025-12-20,0,2025-12-20,Flu ED visits pct,quantile,0.975,9.614111985304747
virginia,2025-12-20,0,2025-12-20,Flu ED visits pct,quantile,0.975,9.093644004255834
weld,2025-12-20,0,2025-12-20,Flu ED visits pct,quantile,0.975,14.998258240474659
wnc,2025-12-20,0,2025-12-20,Flu ED visits pct,quantile,0.975,8.0426429469673
worcester,2025-12-20,0,2025-12-20,Flu ED visits pct,quantile,0.975,10.32180634782152
athens,2025-12-20,1,2025-12-27,Flu ED visits pct,quantile,0.975,12.756157763272467
austin,2025-12-20,1,2025-12-27,Flu ED visits pct,quantile,0.975,8.633741118766315
baltimore,2025-12-20,1,2025-12-27,Flu ED visits pct,quantile,0.975,10.788272571035977
bangor,2025-12-20,1,2025-12-27,Flu ED visits pct,quantile,0.975,12.821362311079314
beaumont,2025-12-20,1,2025-12-27,Flu ED visits pct,quantile,0.975,20.45930785811122
boston,2025-12-20,1,2025-12-27,Flu ED visits pct,quantile,0.975,10.44528376109474
boulder,2025-12-20,1,2025-12-27,Flu ED visits pct,quantile,0.975,13.159854839124497
charleston,2025-12-20,1,2025-12-27,Flu ED visits pct,quantile,0.975,6.952834263427057
cherokee,2025-12-20,1,2025-12-27,Flu ED visits pct,quantile,0.975,14.426745511227834
clt-area,2025-12-20,1,2025-12-27,Flu ED visits pct,quantile,0.975,16.892307894453648
colorado,2025-12-20,1,2025-12-27,Flu ED visits pct,quantile,0.975,9.88456248061642
colorado-springs,2025-12-20,1,2025-12-27,Flu ED visits pct,quantile,0.975,8.92893587203793
columbia,2025-12-20,1,2025-12-27,Flu ED visits pct,quantile,0.975,11.30094586045066
columbus,2025-12-20,1,2025-12-27,Flu ED visits pct,quantile,0.975,5.653346919187275
dallas,2025-12-20,1,2025-12-27,Flu ED visits pct,quantile,0.975,10.301657689405907
denver,2025-12-20,1,2025-12-27,Flu ED visits pct,quantile,0.975,10.654470583612426
deschutes,2025-12-20,1,2025-12-27,Flu ED visits pct,quantile,0.975,5.9769840564994166
duluth,2025-12-20,1,2025-12-27,Flu ED visits pct,quantile,0.975,12.617521609484893
el-paso,2025-12-20,1,2025-12-27,Flu ED visits pct,quantile,0.975,19.797705813800114
eugene,2025-12-20,1,2025-12-27,Flu ED visits pct,quantile,0.975,2.527041832523424
fay-area,2025-12-20,1,2025-12-27,Flu ED visits pct,quantile,0.975,15.455639528274947
florence,2025-12-20,1,2025-12-27,Flu ED visits pct,quantile,0.975,12.639674964904527
floyd,2025-12-20,1,2025-12-27,Flu ED visits pct,quantile,0.975,15.72081709618314
frederick,2025-12-20,1,2025-12-27,Flu ED visits pct,quantile,0.975,12.961916930530025
georgia,2025-12-20,1,2025-12-27,Flu ED visits pct,quantile,0.975,9.815303880368528
greenville,2025-12-20,1,2025-12-27,Flu ED visits pct,quantile,0.975,11.01740389270748
hall,2025-12-20,1,2025-12-27,Flu ED visits pct,quantile,0.975,9.767688985118491
harford,2025-12-20,1,2025-12-27,Flu ED visits pct,quantile,0.975,10.339879921100708
henry,2025-12-20,1,2025-12-27,Flu ED visits pct,quantile,0.975,11.882213236768857
horry,2025-12-20,1,2025-12-27,Flu ED visits pct,quantile,0.975,13.260939771501029
houston,2025-12-20,1,2025-12-27,Flu ED visits pct,quantile,0.975,11.820982774546207
indiana,2025-12-20,1,2025-12-27,Flu ED visits pct,quantile,0.975,10.796567177969765
indianapolis,2025-12-20,1,2025-12-27,Flu ED visits pct,quantile,0.975,10.017460825704662
la-grange,2025-12-20,1,2025-12-27,Flu ED visits pct,quantile,0.975,13.13940574365066
larimer,2025-12-20,1,2025-12-27,Flu ED visits pct,quantile,0.975,10.280545941814719
lynn,2025-12-20,1,2025-12-27,Flu ED visits pct,quantile,0.975,11.972723885030947
macon,2025-12-20,1,2025-12-27,Flu ED visits pct,quantile,0.975,7.585249953122203
maine,2025-12-20,1,2025-12-27,Flu ED visits pct,quantile,0.975,8.171333512141084
marietta,2025-12-20,1,2025-12-27,Flu ED visits pct,quantile,0.975,9.136470070545817
maryland,2025-12-20,1,2025-12-27,Flu ED visits pct,quantile,0.975,11.861778023848792
massachusetts,2025-12-20,1,2025-12-27,Flu ED visits pct,quantile,0.975,11.914754583982514
medford,2025-12-20,1,2025-12-27,Flu ED visits pct,quantile,0.975,3.995668334401456
mesa,2025-12-20,1,2025-12-27,Flu ED visits pct,quantile,0.975,8.759161874289246
minneapolis,2025-12-20,1,2025-12-27,Flu ED visits pct,quantile,0.975,14.585403467678038
minnesota,2025-12-20,1,2025-12-27,Flu ED visits pct,quantile,0.975,13.490365303216045
montgomery,2025-12-20,1,2025-12-27,Flu ED visits pct,quantile,0.975,10.473486990833964
nenc,2025-12-20,1,2025-12-27,Flu ED visits pct,quantile,0.975,17.393040399971984
new-bedford,2025-12-20,1,2025-12-27,Flu ED visits pct,quantile,0.975,15.904974036125715
north-carolina,2025-12-20,1,2025-12-27,Flu ED visits pct,quantile,0.975,13.931211373805326
nyc,2025-12-20,1,2025-12-27,ILI ED visits pct,quantile,0.975,25.709917444817357
ogden,2025-12-20,1,2025-12-27,Flu ED visits pct,quantile,0.975,9.90096552779173
oregon,2025-12-20,1,2025-12-27,Flu ED visits pct,quantile,0.975,5.262977652724797
pittsfield,2025-12-20,1,2025-12-27,Flu ED visits pct,quantile,0.975,8.380606838625148
portland,2025-12-20,1,2025-12-27,Flu ED visits pct,quantile,0.975,7.265625210103293
portland-or,2025-12-20,1,2025-12-27,Flu ED visits pct,quantile,0.975,4.899604432469181
provo,2025-12-20,1,2025-12-27,Flu ED visits pct,quantile,0.975,11.597328464947445
roanoke,2025-12-20,1,2025-12-27,Flu ED visits pct,quantile,0.975,8.116767974084217
rochester,2025-12-20,1,2025-12-27,Flu ED visits pct,quantile,0.975,9.585314491686972
rock-hill,2025-12-20,1,2025-12-27,Flu ED visits pct,quantile,0.975,20.043777053899113
rtp-area,2025-12-20,1,2025-12-27,Flu ED visits pct,quantile,0.975,10.227150407667756
salem,2025-12-20,1,2025-12-27,Flu ED visits pct,quantile,0.975,7.1837684812884595
salt-lake-city,2025-12-20,1,2025-12-27,Flu ED visits pct,quantile,0.975,11.032680390755711
san-antonio,2025-12-20,1,2025-12-27,Flu ED visits pct,quantile,0.975,12.040083411649869
savannah,2025-12-20,1,2025-12-27,Flu ED visits pct,quantile,0.975,3.4492311627833945
senc,2025-12-20,1,2025-12-27,Flu ED visits pct,quantile,0.975,13.889995759252885
south-augusta,2025-12-20,1,2025-12-27,Flu ED visits pct,quantile,0.975,5.675281219676228
south-carolina,2025-12-20,1,2025-12-27,Flu ED visits pct,quantile,0.975,12.07262521076946
springfield,2025-12-20,1,2025-12-27,Flu ED visits pct,quantile,0.975,17.306565383850927
st-cloud,2025-12-20,1,2025-12-27,Flu ED visits pct,quantile,0.975,13.766941361779779
st-paul,2025-12-20,1,2025-12-27,Flu ED visits pct,quantile,0.975,15.26754912626411
texas,2025-12-20,1,2025-12-27,Flu ED visits pct,quantile,0.975,13.499425304423022
triad-area,2025-12-20,1,2025-12-27,Flu ED visits pct,quantile,0.975,11.801183717753426
utah,2025-12-20,1,2025-12-27,Flu ED visits pct,quantile,0.975,10.770848921967326
virginia,2025-12-20,1,2025-12-27,Flu ED visits pct,quantile,0.975,10.324238286854666
weld,2025-12-20,1,2025-12-27,Flu ED visits pct,quantile,0.975,16.009828795176528
wnc,2025-12-20,1,2025-12-27,Flu ED visits pct,quantile,0.975,8.69170753766256
worcester,2025-12-20,1,2025-12-27,Flu ED visits pct,quantile,0.975,11.267172819779269
athens,2025-12-20,2,2026-01-03,Flu ED visits pct,quantile,0.975,13.435189817570015
austin,2025-12-20,2,2026-01-03,Flu ED visits pct,quantile,0.975,9.49316924430589
baltimore,2025-12-20,2,2026-01-03,Flu ED visits pct,quantile,0.975,11.407022338561735
bangor,2025-12-20,2,2026-01-03,Flu ED visits pct,quantile,0.975,14.157103915181846
beaumont,2025-12-20,2,2026-01-03,Flu ED visits pct,quantile,0.975,21.297609550274288
boston,2025-12-20,2,2026-01-03,Flu ED visits pct,quantile,0.975,11.16634005524207
boulder,2025-12-20,2,2026-01-03,Flu ED visits pct,quantile,0.975,13.792293500100273
charleston,2025-12-20,2,2026-01-03,Flu ED visits pct,quantile,0.975,7.574458018419402
cherokee,2025-12-20,2,2026-01-03,Flu ED visits pct,quantile,0.975,15.353473771494585
clt-area,2025-12-20,2,2026-01-03,Flu ED visits pct,quantile,0.975,17.154191214470245
colorado,2025-12-20,2,2026-01-03,Flu ED visits pct,quantile,0.975,10.316173292994334
colorado-springs,2025-12-20,2,2026-01-03,Flu ED visits pct,quantile,0.975,9.32543215275377
columbia,2025-12-20,2,2026-01-03,Flu ED visits pct,quantile,0.975,13.231147120681115
columbus,2025-12-20,2,2026-01-03,Flu ED visits pct,quantile,0.975,6.325807088757404
dallas,2025-12-20,2,2026-01-03,Flu ED visits pct,quantile,0.975,11.084088466319809
denver,2025-12-20,2,2026-01-03,Flu ED visits pct,quantile,0.975,11.012387592866922
deschutes,2025-12-20,2,2026-01-03,Flu ED visits pct,quantile,0.975,7.350792149637094
duluth,2025-12-20,2,2026-01-03,Flu ED visits pct,quantile,0.975,13.168308668469942
el-paso,2025-12-20,2,2026-01-03,Flu ED visits pct,quantile,0.975,20.60379233657709
eugene,2025-12-20,2,2026-01-03,Flu ED visits pct,quantile,0.975,3.0754322702118553
fay-area,2025-12-20,2,2026-01-03,Flu ED visits pct,quantile,0.975,16.13099645452316
florence,2025-12-20,2,2026-01-03,Flu ED visits pct,quantile,0.975,14.01322453891993
floyd,2025-12-20,2,2026-01-03,Flu ED visits pct,quantile,0.975,16.439171441437136
frederick,2025-12-20,2,2026-01-03,Flu ED visits pct,quantile,0.975,13.379676359160188
georgia,2025-12-20,2,2026-01-03,Flu ED visits pct,quantile,0.975,10.28551281507199
greenville,2025-12-20,2,2026-01-03,Flu ED visits pct,quantile,0.975,12.284368515606888
hall,2025-12-20,2,2026-01-03,Flu ED visits pct,quantile,0.975,11.124261328173798
harford,2025-12-20,2,2026-01-03,Flu ED visits pct,quantile,0.975,10.91483435967035
henry,2025-12-20,2,2026-01-03,Flu ED visits pct,quantile,0.975,12.568187826113133
horry,2025-12-20,2,2026-01-03,Flu ED visits pct,quantile,0.975,14.219690688220886
houston,2025-12-20,2,2026-01-03,Flu ED visits pct,quantile,0.975,12.476900112898146
indiana,2025-12-20,2,2026-01-03,Flu ED visits pct,quantile,0.975,11.68945786119503
indianapolis,2025-12-20,2,2026-01-03,Flu ED visits pct,quantile,0.975,10.984863848344341
la-grange,2025-12-20,2,2026-01-03,Flu ED visits pct,quantile,0.975,13.73162731312695
larimer,2025-12-20,2,2026-01-03,Flu ED visits pct,quantile,0.975,10.571933657647264
lynn,2025-12-20,2,2026-01-03,Flu ED visits pct,quantile,0.975,12.752240236311795
macon,2025-12-20,2,2026-01-03,Flu ED visits pct,quantile,0.975,7.962641357390413
maine,2025-12-20,2,2026-01-03,Flu ED visits pct,quantile,0.975,9.46098267546027
marietta,2025-12-20,2,2026-01-03,Flu ED visits pct,quantile,0.975,9.473051971795673
maryland,2025-12-20,2,2026-01-03,Flu ED visits pct,quantile,0.975,12.102258418384856
massachusetts,2025-12-20,2,2026-01-03,Flu ED visits pct,quantile,0.975,12.60423939015168
medford,2025-12-20,2,2026-01-03,Flu ED visits pct,quantile,0.975,5.1538230353185135
mesa,2025-12-20,2,2026-01-03,Flu ED visits pct,quantile,0.975,9.543847011561603
minneapolis,2025-12-20,2,2026-01-03,Flu ED visits pct,quantile,0.975,15.340131652642448
minnesota,2025-12-20,2,2026-01-03,Flu ED visits pct,quantile,0.975,14.132271888545722
montgomery,2025-12-20,2,2026-01-03,Flu ED visits pct,quantile,0.975,10.822350332933656
nenc,2025-12-20,2,2026-01-03,Flu ED visits pct,quantile,0.975,17.808954159047556
new-bedford,2025-12-20,2,2026-01-03,Flu ED visits pct,quantile,0.975,16.484814557366732
north-carolina,2025-12-20,2,2026-01-03,Flu ED visits pct,quantile,0.975,14.160954446776529
nyc,2025-12-20,2,2026-01-03,ILI ED visits pct,quantile,0.975,26.6439458309008
ogden,2025-12-20,2,2026-01-03,Flu ED visits pct,quantile,0.975,10.763651001189027
oregon,2025-12-20,2,2026-01-03,Flu ED visits pct,quantile,0.975,6.380609413199584
pittsfield,2025-12-20,2,2026-01-03,Flu ED visits pct,quantile,0.975,10.346055801107148
portland,2025-12-20,2,2026-01-03,Flu ED visits pct,quantile,0.975,8.679053079631398
portland-or,2025-12-20,2,2026-01-03,Flu ED visits pct,quantile,0.975,5.842892387609076
provo,2025-12-20,2,2026-01-03,Flu ED visits pct,quantile,0.975,12.184364897221348
roanoke,2025-12-20,2,2026-01-03,Flu ED visits pct,quantile,0.975,9.039517692694103
rochester,2025-12-20,2,2026-01-03,Flu ED visits pct,quantile,0.975,11.392253605004132
rock-hill,2025-12-20,2,2026-01-03,Flu ED visits pct,quantile,0.975,20.7254659403856
rtp-area,2025-12-20,2,2026-01-03,Flu ED visits pct,quantile,0.975,10.707579251277894
salem,2025-12-20,2,2026-01-03,Flu ED visits pct,quantile,0.975,8.603940187326327
salt-lake-city,2025-12-20,2,2026-01-03,Flu ED visits pct,quantile,0.975,11.497106488960593
san-antonio,2025-12-20,2,2026-01-03,Flu ED visits pct,quantile,0.975,12.791375622775876
savannah,2025-12-20,2,2026-01-03,Flu ED visits pct,quantile,0.975,3.761877254444689
senc,2025-12-20,2,2026-01-03,Flu ED visits pct,quantile,0.975,14.56509074782823
south-augusta,2025-12-20,2,2026-01-03,Flu ED visits pct,quantile,0.975,6.222197110880922
south-carolina,2025-12-20,2,2026-01-03,Flu ED visits pct,quantile,0.975,12.722001310973853
springfield,2025-12-20,2,2026-01-03,Flu ED visits pct,quantile,0.975,17.945376193969064
st-cloud,2025-12-20,2,2026-01-03,Flu ED visits pct,quantile,0.975,14.64321206060154
st-paul,2025-12-20,2,2026-01-03,Flu ED visits pct,quantile,0.975,15.99042443295662
texas,2025-12-20,2,2026-01-03,Flu ED visits pct,quantile,0.975,14.220575476790305
triad-area,2025-12-20,2,2026-01-03,Flu ED visits pct,quantile,0.975,12.424967673067252
utah,2025-12-20,2,2026-01-03,Flu ED visits pct,quantile,0.975,11.295074367739609
virginia,2025-12-20,2,2026-01-03,Flu ED visits pct,quantile,0.975,10.918094826724952
weld,2025-12-20,2,2026-01-03,Flu ED visits pct,quantile,0.975,16.474139121284523
wnc,2025-12-20,2,2026-01-03,Flu ED visits pct,quantile,0.975,9.090218549386613
worcester,2025-12-20,2,2026-01-03,Flu ED visits pct,quantile,0.975,11.871777008900006
athens,2025-12-20,3,2026-01-10,Flu ED visits pct,quantile,0.975,13.538726597170577
austin,2025-12-20,3,2026-01-10,Flu ED visits pct,quantile,0.975,10.071839388773485
baltimore,2025-12-20,3,2026-01-10,Flu ED visits pct,quantile,0.975,11.342821243135436
bangor,2025-12-20,3,2026-01-10,Flu ED visits pct,quantile,0.975,14.549793835503534
beaumont,2025-12-20,3,2026-01-10,Flu ED visits pct,quantile,0.975,21.58583287088291
boston,2025-12-20,3,2026-01-10,Flu ED visits pct,quantile,0.975,11.326744966529912
boulder,2025-12-20,3,2026-01-10,Flu ED visits pct,quantile,0.975,14.077369613608088
charleston,2025-12-20,3,2026-01-10,Flu ED visits pct,quantile,0.975,8.022801318655368
cherokee,2025-12-20,3,2026-01-10,Flu ED visits pct,quantile,0.975,15.94472845311784
clt-area,2025-12-20,3,2026-01-10,Flu ED visits pct,quantile,0.975,17.296528025653316
colorado,2025-12-20,3,2026-01-10,Flu ED visits pct,quantile,0.975,10.585469239273445
colorado-springs,2025-12-20,3,2026-01-10,Flu ED visits pct,quantile,0.975,9.578200532066896
columbia,2025-12-20,3,2026-01-10,Flu ED visits pct,quantile,0.975,14.09638580743273
columbus,2025-12-20,3,2026-01-10,Flu ED visits pct,quantile,0.975,6.824192112437445
dallas,2025-12-20,3,2026-01-10,Flu ED visits pct,quantile,0.975,11.25922734354905
denver,2025-12-20,3,2026-01-10,Flu ED visits pct,quantile,0.975,11.147964180946001
deschutes,2025-12-20,3,2026-01-10,Flu ED visits pct,quantile,0.975,8.031162446352123
duluth,2025-12-20,3,2026-01-10,Flu ED visits pct,quantile,0.975,13.192094451986334
el-paso,2025-12-20,3,2026-01-10,Flu ED visits pct,quantile,0.975,20.926158343332183
eugene,2025-12-20,3,2026-01-10,Flu ED visits pct,quantile,0.975,3.441667191760534
fay-area,2025-12-20,3,2026-01-10,Flu ED visits pct,quantile,0.975,16.717353049942112
florence,2025-12-20,3,2026-01-10,Flu ED visits pct,quantile,0.975,14.738849323172952
floyd,2025-12-20,3,2026-01-10,Flu ED visits pct,quantile,0.975,17.203189621236607
frederick,2025-12-20,3,2026-01-10,Flu ED visits pct,quantile,0.975,13.823579270707398
georgia,2025-12-20,3,2026-01-10,Flu ED visits pct,quantile,0.975,10.758570035802016
greenville,2025-12-20,3,2026-01-10,Flu ED visits pct,quantile,0.975,13.047847357196321
hall,2025-12-20,3,2026-01-10,Flu ED visits pct,quantile,0.975,11.936736403269693
harford,2025-12-20,3,2026-01-10,Flu ED visits pct,quantile,0.975,11.243429529299416
henry,2025-12-20,3,2026-01-10,Flu ED visits pct,quantile,0.975,13.092861307927846
horry,2025-12-20,3,2026-01-10,Flu ED visits pct,quantile,0.975,14.587537336462024
houston,2025-12-20,3,2026-01-10,Flu ED visits pct,quantile,0.975,12.641352542347018
indiana,2025-12-20,3,2026-01-10,Flu ED visits pct,quantile,0.975,12.217271615838559
indianapolis,2025-12-20,3,2026-01-10,Flu ED visits pct,quantile,0.975,11.191781684931875
la-grange,2025-12-20,3,2026-01-10,Flu ED visits pct,quantile,0.975,14.421760301718978
larimer,2025-12-20,3,2026-01-10,Flu ED visits pct,quantile,0.975,10.656811586098732
lynn,2025-12-20,3,2026-01-10,Flu ED visits pct,quantile,0.975,12.89567690601629
macon,2025-12-20,3,2026-01-10,Flu ED visits pct,quantile,0.975,8.451798080826531
maine,2025-12-20,3,2026-01-10,Flu ED visits pct,quantile,0.975,10.324765910423263
marietta,2025-12-20,3,2026-01-10,Flu ED visits pct,quantile,0.975,9.712799968275
maryland,2025-12-20,3,2026-01-10,Flu ED visits pct,quantile,0.975,12.235246178076965
massachusetts,2025-12-20,3,2026-01-10,Flu ED visits pct,quantile,0.975,13.108289547675701
medford,2025-12-20,3,2026-01-10,Flu ED visits pct,quantile,0.975,6.034547499132267
mesa,2025-12-20,3,2026-01-10,Flu ED visits pct,quantile,0.975,9.883298094567875
minneapolis,2025-12-20,3,2026-01-10,Flu ED visits pct,quantile,0.975,15.521042768053478
minnesota,2025-12-20,3,2026-01-10,Flu ED visits pct,quantile,0.975,14.278137993944236
montgomery,2025-12-20,3,2026-01-10,Flu ED visits pct,quantile,0.975,11.070343830034744
nenc,2025-12-20,3,2026-01-10,Flu ED visits pct,quantile,0.975,17.964698730502334
new-bedford,2025-12-20,3,2026-01-10,Flu ED visits pct,quantile,0.975,16.892697708718185
north-carolina,2025-12-20,3,2026-01-10,Flu ED visits pct,quantile,0.975,14.683877897223157
nyc,2025-12-20,3,2026-01-10,ILI ED visits pct,quantile,0.975,27.145255611790603
ogden,2025-12-20,3,2026-01-10,Flu ED visits pct,quantile,0.975,11.435120531299267
oregon,2025-12-20,3,2026-01-10,Flu ED visits pct,quantile,0.975,6.99126182467612
pittsfield,2025-12-20,3,2026-01-10,Flu ED visits pct,quantile,0.975,11.353142077402698
portland,2025-12-20,3,2026-01-10,Flu ED visits pct,quantile,0.975,9.14860773226695
portland-or,2025-12-20,3,2026-01-10,Flu ED visits pct,quantile,0.975,6.603905127189259
provo,2025-12-20,3,2026-01-10,Flu ED visits pct,quantile,0.975,12.499695475553438
roanoke,2025-12-20,3,2026-01-10,Flu ED visits pct,quantile,0.975,9.40876475825838
rochester,2025-12-20,3,2026-01-10,Flu ED visits pct,quantile,0.975,12.080472785864977
rock-hill,2025-12-20,3,2026-01-10,Flu ED visits pct,quantile,0.975,21.12706180702617
rtp-area,2025-12-20,3,2026-01-10,Flu ED visits pct,quantile,0.975,11.171578038956152
salem,2025-12-20,3,2026-01-10,Flu ED visits pct,quantile,0.975,9.455666470238189
salt-lake-city,2025-12-20,3,2026-01-10,Flu ED visits pct,quantile,0.975,12.099711937816716
san-antonio,2025-12-20,3,2026-01-10,Flu ED visits pct,quantile,0.975,13.269592485528358
savannah,2025-12-20,3,2026-01-10,Flu ED visits pct,quantile,0.975,4.032975983763198
senc,2025-12-20,3,2026-01-10,Flu ED visits pct,quantile,0.975,14.688254150054616
south-augusta,2025-12-20,3,2026-01-10,Flu ED visits pct,quantile,0.975,6.784465392274587
south-carolina,2025-12-20,3,2026-01-10,Flu ED visits pct,quantile,0.975,13.380823489819305
springfield,2025-12-20,3,2026-01-10,Flu ED visits pct,quantile,0.975,18.51019908627914
st-cloud,2025-12-20,3,2026-01-10,Flu ED visits pct,quantile,0.975,14.96618915840073
st-paul,2025-12-20,3,2026-01-10,Flu ED visits pct,quantile,0.975,16.05591702306834
texas,2025-12-20,3,2026-01-10,Flu ED visits pct,quantile,0.975,14.84734034746958
triad-area,2025-12-20,3,2026-01-10,Flu ED visits pct,quantile,0.975,13.093899087495041
utah,2025-12-20,3,2026-01-10,Flu ED visits pct,quantile,0.975,11.739456067062067
virginia,2025-12-20,3,2026-01-10,Flu ED visits pct,quantile,0.975,11.52571992082
weld,2025-12-20,3,2026-01-10,Flu ED visits pct,quantile,0.975,16.540023278262144
wnc,2025-12-20,3,2026-01-10,Flu ED visits pct,quantile,0.975,9.599045489965372
worcester,2025-12-20,3,2026-01-10,Flu ED visits pct,quantile,0.975,12.087006608416607
