location,reference_date,horizon,target_end_date,target,output_type,output_type_id,value
athens,2026-05-23,0,2026-05-23,Flu ED visits pct,quantile,0.025,0.027145373707784894
austin,2026-05-23,0,2026-05-23,Flu ED visits pct,quantile,0.025,0.06317500321489214
baltimore,2026-05-23,0,2026-05-23,Flu ED visits pct,quantile,0.025,0.03742907239632074
bangor,2026-05-23,0,2026-05-23,Flu ED visits pct,quantile,0.025,0.011180285840292474
beaumont,2026-05-23,0,2026-05-23,Flu ED visits pct,quantile,0.025,0.08230276122724858
boston,2026-05-23,0,2026-05-23,Flu ED visits pct,quantile,0.025,0.04244651693613818
boulder,2026-05-23,0,2026-05-23,Flu ED visits pct,quantile,0.025,0.03962269226557969
charleston,2026-05-23,0,2026-05-23,Flu ED visits pct,quantile,0.025,0.06013313278686961
cherokee,2026-05-23,0,2026-05-23,Flu ED visits pct,quantile,0.025,0.008252899987171955
clt-area,2026-05-23,0,2026-05-23,Flu ED visits pct,quantile,0.025,0.6409328587839507
colorado,2026-05-23,0,2026-05-23,Flu ED visits pct,quantile,0.025,0.126706898981168
colorado-springs,2026-05-23,0,2026-05-23,Flu ED visits pct,quantile,0.025,0.10245454727396637
columbia,2026-05-23,0,2026-05-23,Flu ED visits pct,quantile,0.025,0.004428294297020468
columbus,2026-05-23,0,2026-05-23,Flu ED visits pct,quantile,0.025,0.0
dallas,2026-05-23,0,2026-05-23,Flu ED visits pct,quantile,0.025,0.07286493804156131
denver,2026-05-23,0,2026-05-23,Flu ED visits pct,quantile,0.025,0.08420518093154847
deschutes,2026-05-23,0,2026-05-23,Flu ED visits pct,quantile,0.025,0.10140922278034982
duluth,2026-05-23,0,2026-05-23,Flu ED visits pct,quantile,0.025,0.0449534655582825
el-paso,2026-05-23,0,2026-05-23,Flu ED visits pct,quantile,0.025,0.4858999486759277
eugene,2026-05-23,0,2026-05-23,Flu ED visits pct,quantile,0.025,0.029832636835161644
fay-area,2026-05-23,0,2026-05-23,Flu ED visits pct,quantile,0.025,0.4423937552547019
florence,2026-05-23,0,2026-05-23,Flu ED visits pct,quantile,0.025,0.025535040535085644
floyd,2026-05-23,0,2026-05-23,Flu ED visits pct,quantile,0.025,0.038859287113411245
frederick,2026-05-23,0,2026-05-23,Flu ED visits pct,quantile,0.025,0.001516639739167859
georgia,2026-05-23,0,2026-05-23,Flu ED visits pct,quantile,0.025,0.07684359602533629
greenville,2026-05-23,0,2026-05-23,Flu ED visits pct,quantile,0.025,0.0170049145265189
hall,2026-05-23,0,2026-05-23,Flu ED visits pct,quantile,0.025,0.012773921689363558
harford,2026-05-23,0,2026-05-23,Flu ED visits pct,quantile,0.025,0.0030596143973491644
henry,2026-05-23,0,2026-05-23,Flu ED visits pct,quantile,0.025,0.013010408741776664
horry,2026-05-23,0,2026-05-23,Flu ED visits pct,quantile,0.025,0.010077216242289794
houston,2026-05-23,0,2026-05-23,Flu ED visits pct,quantile,0.025,0.12485569241150608
indiana,2026-05-23,0,2026-05-23,Flu ED visits pct,quantile,0.025,0.026996141545040972
indianapolis,2026-05-23,0,2026-05-23,Flu ED visits pct,quantile,0.025,0.016693019060110836
la-grange,2026-05-23,0,2026-05-23,Flu ED visits pct,quantile,0.025,0.0003963709787215084
larimer,2026-05-23,0,2026-05-23,Flu ED visits pct,quantile,0.025,0.00717387672444191
lynn,2026-05-23,0,2026-05-23,Flu ED visits pct,quantile,0.025,0.024397432374684953
macon,2026-05-23,0,2026-05-23,Flu ED visits pct,quantile,0.025,0.08290573667726275
maine,2026-05-23,0,2026-05-23,Flu ED visits pct,quantile,0.025,0.05644084705918908
marietta,2026-05-23,0,2026-05-23,Flu ED visits pct,quantile,0.025,0.016302579826350132
maryland,2026-05-23,0,2026-05-23,Flu ED visits pct,quantile,0.025,0.0675244117936064
massachusetts,2026-05-23,0,2026-05-23,Flu ED visits pct,quantile,0.025,0.06438250691344415
medford,2026-05-23,0,2026-05-23,Flu ED visits pct,quantile,0.025,0.0
mesa,2026-05-23,0,2026-05-23,Flu ED visits pct,quantile,0.025,0.0
minneapolis,2026-05-23,0,2026-05-23,Flu ED visits pct,quantile,0.025,0.07513119274040164
minnesota,2026-05-23,0,2026-05-23,Flu ED visits pct,quantile,0.025,0.10745676214761798
montgomery,2026-05-23,0,2026-05-23,Flu ED visits pct,quantile,0.025,0.058040725596698366
nenc,2026-05-23,0,2026-05-23,Flu ED visits pct,quantile,0.025,0.062195774902691646
new-bedford,2026-05-23,0,2026-05-23,Flu ED visits pct,quantile,0.025,0.06036198589953191
north-carolina,2026-05-23,0,2026-05-23,Flu ED visits pct,quantile,0.025,0.26839211862195844
ogden,2026-05-23,0,2026-05-23,Flu ED visits pct,quantile,0.025,0.009786363862001641
oregon,2026-05-23,0,2026-05-23,Flu ED visits pct,quantile,0.025,0.10488818444505807
pittsfield,2026-05-23,0,2026-05-23,Flu ED visits pct,quantile,0.025,0.0
portland,2026-05-23,0,2026-05-23,Flu ED visits pct,quantile,0.025,0.009112445045268936
portland-or,2026-05-23,0,2026-05-23,Flu ED visits pct,quantile,0.025,0.04463332205270841
provo,2026-05-23,0,2026-05-23,Flu ED visits pct,quantile,0.025,0.014903682118318206
roanoke,2026-05-23,0,2026-05-23,Flu ED visits pct,quantile,0.025,0.06154012849512775
rochester,2026-05-23,0,2026-05-23,Flu ED visits pct,quantile,0.025,0.017292642469433732
rock-hill,2026-05-23,0,2026-05-23,Flu ED visits pct,quantile,0.025,0.0
rtp-area,2026-05-23,0,2026-05-23,Flu ED visits pct,quantile,0.025,0.04633250224417196
salem,2026-05-23,0,2026-05-23,Flu ED visits pct,quantile,0.025,0.041905921700665
salt-lake-city,2026-05-23,0,2026-05-23,Flu ED visits pct,quantile,0.025,0.035950273770926564
san-antonio,2026-05-23,0,2026-05-23,Flu ED visits pct,quantile,0.025,0.05180001185546527
savannah,2026-05-23,0,2026-05-23,Flu ED visits pct,quantile,0.025,0.0
senc,2026-05-23,0,2026-05-23,Flu ED visits pct,quantile,0.025,0.0004284747998078396
south-augusta,2026-05-23,0,2026-05-23,Flu ED visits pct,quantile,0.025,0.017516715101270383
south-carolina,2026-05-23,0,2026-05-23,Flu ED visits pct,quantile,0.025,0.0519388117697731
springfield,2026-05-23,0,2026-05-23,Flu ED visits pct,quantile,0.025,0.02272509411642909
st-cloud,2026-05-23,0,2026-05-23,Flu ED visits pct,quantile,0.025,0.006977812672620218
st-paul,2026-05-23,0,2026-05-23,Flu ED visits pct,quantile,0.025,0.11525603544076625
texas,2026-05-23,0,2026-05-23,Flu ED visits pct,quantile,0.025,0.19222046316668687
triad-area,2026-05-23,0,2026-05-23,Flu ED visits pct,quantile,0.025,0.1888566187985754
utah,2026-05-23,0,2026-05-23,Flu ED visits pct,quantile,0.025,0.05528311889496496
virginia,2026-05-23,0,2026-05-23,Flu ED visits pct,quantile,0.025,0.11496734360659494
weld,2026-05-23,0,2026-05-23,Flu ED visits pct,quantile,0.025,0.02682623646524001
wnc,2026-05-23,0,2026-05-23,Flu ED visits pct,quantile,0.025,0.05905433749379561
worcester,2026-05-23,0,2026-05-23,Flu ED visits pct,quantile,0.025,0.031827771272707826
athens,2026-05-23,1,2026-05-30,Flu ED visits pct,quantile,0.025,0.020006504430540202
austin,2026-05-23,1,2026-05-30,Flu ED visits pct,quantile,0.025,0.054721629449461344
baltimore,2026-05-23,1,2026-05-30,Flu ED visits pct,quantile,0.025,0.028804238426055832
bangor,2026-05-23,1,2026-05-30,Flu ED visits pct,quantile,0.025,0.005065656700340997
beaumont,2026-05-23,1,2026-05-30,Flu ED visits pct,quantile,0.025,0.06619561741720333
boston,2026-05-23,1,2026-05-30,Flu ED visits pct,quantile,0.025,0.032273710063946956
boulder,2026-05-23,1,2026-05-30,Flu ED visits pct,quantile,0.025,0.027212812376464494
charleston,2026-05-23,1,2026-05-30,Flu ED visits pct,quantile,0.025,0.04895411839469412
cherokee,2026-05-23,1,2026-05-30,Flu ED visits pct,quantile,0.025,0.0036095534065674287
clt-area,2026-05-23,1,2026-05-30,Flu ED visits pct,quantile,0.025,0.491290111491561
colorado,2026-05-23,1,2026-05-30,Flu ED visits pct,quantile,0.025,0.10788614772593366
colorado-springs,2026-05-23,1,2026-05-30,Flu ED visits pct,quantile,0.025,0.08091218541094312
columbia,2026-05-23,1,2026-05-30,Flu ED visits pct,quantile,0.025,1.2871123004735974e-07
columbus,2026-05-23,1,2026-05-30,Flu ED visits pct,quantile,0.025,0.0
dallas,2026-05-23,1,2026-05-30,Flu ED visits pct,quantile,0.025,0.06067627693480002
denver,2026-05-23,1,2026-05-30,Flu ED visits pct,quantile,0.025,0.07015947754620243
deschutes,2026-05-23,1,2026-05-30,Flu ED visits pct,quantile,0.025,0.08202341352976536
duluth,2026-05-23,1,2026-05-30,Flu ED visits pct,quantile,0.025,0.032819057051093885
el-paso,2026-05-23,1,2026-05-30,Flu ED visits pct,quantile,0.025,0.37042107295463345
eugene,2026-05-23,1,2026-05-30,Flu ED visits pct,quantile,0.025,0.02223323809410075
fay-area,2026-05-23,1,2026-05-30,Flu ED visits pct,quantile,0.025,0.3357686401660897
florence,2026-05-23,1,2026-05-30,Flu ED visits pct,quantile,0.025,0.016255482040940065
floyd,2026-05-23,1,2026-05-30,Flu ED visits pct,quantile,0.025,0.02749876783817755
frederick,2026-05-23,1,2026-05-30,Flu ED visits pct,quantile,0.025,0.0
georgia,2026-05-23,1,2026-05-30,Flu ED visits pct,quantile,0.025,0.06518359498630509
greenville,2026-05-23,1,2026-05-30,Flu ED visits pct,quantile,0.025,0.011685602225059535
hall,2026-05-23,1,2026-05-30,Flu ED visits pct,quantile,0.025,0.008002210433570736
harford,2026-05-23,1,2026-05-30,Flu ED visits pct,quantile,0.025,0.00041928463252400433
henry,2026-05-23,1,2026-05-30,Flu ED visits pct,quantile,0.025,0.007898965271857626
horry,2026-05-23,1,2026-05-30,Flu ED visits pct,quantile,0.025,0.004902574666620828
houston,2026-05-23,1,2026-05-30,Flu ED visits pct,quantile,0.025,0.10488194616493621
indiana,2026-05-23,1,2026-05-30,Flu ED visits pct,quantile,0.025,0.021451569568251665
indianapolis,2026-05-23,1,2026-05-30,Flu ED visits pct,quantile,0.025,0.012326710427121712
la-grange,2026-05-23,1,2026-05-30,Flu ED visits pct,quantile,0.025,0.0
larimer,2026-05-23,1,2026-05-30,Flu ED visits pct,quantile,0.025,0.0023230671218760143
lynn,2026-05-23,1,2026-05-30,Flu ED visits pct,quantile,0.025,0.01651975752938896
macon,2026-05-23,1,2026-05-30,Flu ED visits pct,quantile,0.025,0.06821949206810758
maine,2026-05-23,1,2026-05-30,Flu ED visits pct,quantile,0.025,0.04402779840243114
marietta,2026-05-23,1,2026-05-30,Flu ED visits pct,quantile,0.025,0.010973647710282019
maryland,2026-05-23,1,2026-05-30,Flu ED visits pct,quantile,0.025,0.05620537380049454
massachusetts,2026-05-23,1,2026-05-30,Flu ED visits pct,quantile,0.025,0.05112791351333248
medford,2026-05-23,1,2026-05-30,Flu ED visits pct,quantile,0.025,0.0
mesa,2026-05-23,1,2026-05-30,Flu ED visits pct,quantile,0.025,0.0
minneapolis,2026-05-23,1,2026-05-30,Flu ED visits pct,quantile,0.025,0.05991998596323098
minnesota,2026-05-23,1,2026-05-30,Flu ED visits pct,quantile,0.025,0.08806798023224778
montgomery,2026-05-23,1,2026-05-30,Flu ED visits pct,quantile,0.025,0.046729929021755705
nenc,2026-05-23,1,2026-05-30,Flu ED visits pct,quantile,0.025,0.05048500689535387
new-bedford,2026-05-23,1,2026-05-30,Flu ED visits pct,quantile,0.025,0.046832416555366706
north-carolina,2026-05-23,1,2026-05-30,Flu ED visits pct,quantile,0.025,0.21101599513125696
ogden,2026-05-23,1,2026-05-30,Flu ED visits pct,quantile,0.025,0.006138369738759102
oregon,2026-05-23,1,2026-05-30,Flu ED visits pct,quantile,0.025,0.08699800016982855
pittsfield,2026-05-23,1,2026-05-30,Flu ED visits pct,quantile,0.025,0.0
portland,2026-05-23,1,2026-05-30,Flu ED visits pct,quantile,0.025,0.004266018499097187
portland-or,2026-05-23,1,2026-05-30,Flu ED visits pct,quantile,0.025,0.03400559189956065
provo,2026-05-23,1,2026-05-30,Flu ED visits pct,quantile,0.025,0.009809727702198795
roanoke,2026-05-23,1,2026-05-30,Flu ED visits pct,quantile,0.025,0.049461160120669145
rochester,2026-05-23,1,2026-05-30,Flu ED visits pct,quantile,0.025,0.012032467633371126
rock-hill,2026-05-23,1,2026-05-30,Flu ED visits pct,quantile,0.025,0.0
rtp-area,2026-05-23,1,2026-05-30,Flu ED visits pct,quantile,0.025,0.03664341857080736
salem,2026-05-23,1,2026-05-30,Flu ED visits pct,quantile,0.025,0.03351303363806523
salt-lake-city,2026-05-23,1,2026-05-30,Flu ED visits pct,quantile,0.025,0.02972526803428295
san-antonio,2026-05-23,1,2026-05-30,Flu ED visits pct,quantile,0.025,0.042225299650887956
savannah,2026-05-23,1,2026-05-30,Flu ED visits pct,quantile,0.025,0.0
senc,2026-05-23,1,2026-05-30,Flu ED visits pct,quantile,0.025,0.0
south-augusta,2026-05-23,1,2026-05-30,Flu ED visits pct,quantile,0.025,0.011473688455572761
south-carolina,2026-05-23,1,2026-05-30,Flu ED visits pct,quantile,0.025,0.040906046066985426
springfield,2026-05-23,1,2026-05-30,Flu ED visits pct,quantile,0.025,0.014443168877750696
st-cloud,2026-05-23,1,2026-05-30,Flu ED visits pct,quantile,0.025,0.0019733720803830675
st-paul,2026-05-23,1,2026-05-30,Flu ED visits pct,quantile,0.025,0.09529039829338391
texas,2026-05-23,1,2026-05-30,Flu ED visits pct,quantile,0.025,0.1684857974448294
triad-area,2026-05-23,1,2026-05-30,Flu ED visits pct,quantile,0.025,0.16041654640047576
utah,2026-05-23,1,2026-05-30,Flu ED visits pct,quantile,0.025,0.04666219575545309
virginia,2026-05-23,1,2026-05-30,Flu ED visits pct,quantile,0.025,0.09983079106863343
weld,2026-05-23,1,2026-05-30,Flu ED visits pct,quantile,0.025,0.017937364809962913
wnc,2026-05-23,1,2026-05-30,Flu ED visits pct,quantile,0.025,0.04623381534169445
worcester,2026-05-23,1,2026-05-30,Flu ED visits pct,quantile,0.025,0.024297781092488868
athens,2026-05-23,2,2026-06-06,Flu ED visits pct,quantile,0.025,0.011374830903251266
austin,2026-05-23,2,2026-06-06,Flu ED visits pct,quantile,0.025,0.04741021759193696
baltimore,2026-05-23,2,2026-06-06,Flu ED visits pct,quantile,0.025,0.021893920546199513
bangor,2026-05-23,2,2026-06-06,Flu ED visits pct,quantile,0.025,0.0014637084479646716
beaumont,2026-05-23,2,2026-06-06,Flu ED visits pct,quantile,0.025,0.04930976534045537
boston,2026-05-23,2,2026-06-06,Flu ED visits pct,quantile,0.025,0.02503763718867822
boulder,2026-05-23,2,2026-06-06,Flu ED visits pct,quantile,0.025,0.02137723795902051
charleston,2026-05-23,2,2026-06-06,Flu ED visits pct,quantile,0.025,0.03958752032214161
cherokee,2026-05-23,2,2026-06-06,Flu ED visits pct,quantile,0.025,0.0006132292226478479
clt-area,2026-05-23,2,2026-06-06,Flu ED visits pct,quantile,0.025,0.3307351473966005
colorado,2026-05-23,2,2026-06-06,Flu ED visits pct,quantile,0.025,0.09078403065614686
colorado-springs,2026-05-23,2,2026-06-06,Flu ED visits pct,quantile,0.025,0.06320775878012219
columbia,2026-05-23,2,2026-06-06,Flu ED visits pct,quantile,0.025,0.0
columbus,2026-05-23,2,2026-06-06,Flu ED visits pct,quantile,0.025,0.0
dallas,2026-05-23,2,2026-06-06,Flu ED visits pct,quantile,0.025,0.05088505481436259
denver,2026-05-23,2,2026-06-06,Flu ED visits pct,quantile,0.025,0.057401729102149614
deschutes,2026-05-23,2,2026-06-06,Flu ED visits pct,quantile,0.025,0.06452081986315332
duluth,2026-05-23,2,2026-06-06,Flu ED visits pct,quantile,0.025,0.02351604845162257
el-paso,2026-05-23,2,2026-06-06,Flu ED visits pct,quantile,0.025,0.28366595277621687
eugene,2026-05-23,2,2026-06-06,Flu ED visits pct,quantile,0.025,0.01642911802416501
fay-area,2026-05-23,2,2026-06-06,Flu ED visits pct,quantile,0.025,0.24259779041516089
florence,2026-05-23,2,2026-06-06,Flu ED visits pct,quantile,0.025,0.008499500154723333
floyd,2026-05-23,2,2026-06-06,Flu ED visits pct,quantile,0.025,0.018875328847741644
frederick,2026-05-23,2,2026-06-06,Flu ED visits pct,quantile,0.025,0.0
georgia,2026-05-23,2,2026-06-06,Flu ED visits pct,quantile,0.025,0.05229543932832106
greenville,2026-05-23,2,2026-06-06,Flu ED visits pct,quantile,0.025,0.0065181021436941326
hall,2026-05-23,2,2026-06-06,Flu ED visits pct,quantile,0.025,0.0048401636029632555
harford,2026-05-23,2,2026-06-06,Flu ED visits pct,quantile,0.025,0.0
henry,2026-05-23,2,2026-06-06,Flu ED visits pct,quantile,0.025,0.004232257786449121
horry,2026-05-23,2,2026-06-06,Flu ED visits pct,quantile,0.025,0.002845833117733154
houston,2026-05-23,2,2026-06-06,Flu ED visits pct,quantile,0.025,0.08818192626417118
indiana,2026-05-23,2,2026-06-06,Flu ED visits pct,quantile,0.025,0.01681006639693193
indianapolis,2026-05-23,2,2026-06-06,Flu ED visits pct,quantile,0.025,0.009652466347671735
la-grange,2026-05-23,2,2026-06-06,Flu ED visits pct,quantile,0.025,0.0
larimer,2026-05-23,2,2026-06-06,Flu ED visits pct,quantile,0.025,0.0009680229818963808
lynn,2026-05-23,2,2026-06-06,Flu ED visits pct,quantile,0.025,0.012608038575143624
macon,2026-05-23,2,2026-06-06,Flu ED visits pct,quantile,0.025,0.054612196314029214
maine,2026-05-23,2,2026-06-06,Flu ED visits pct,quantile,0.025,0.03148856383692265
marietta,2026-05-23,2,2026-06-06,Flu ED visits pct,quantile,0.025,0.006561206461185692
maryland,2026-05-23,2,2026-06-06,Flu ED visits pct,quantile,0.025,0.04407129034378183
massachusetts,2026-05-23,2,2026-06-06,Flu ED visits pct,quantile,0.025,0.039794610118754514
medford,2026-05-23,2,2026-06-06,Flu ED visits pct,quantile,0.025,0.0
mesa,2026-05-23,2,2026-06-06,Flu ED visits pct,quantile,0.025,0.0
minneapolis,2026-05-23,2,2026-06-06,Flu ED visits pct,quantile,0.025,0.049583442283555636
minnesota,2026-05-23,2,2026-06-06,Flu ED visits pct,quantile,0.025,0.07158360369870036
montgomery,2026-05-23,2,2026-06-06,Flu ED visits pct,quantile,0.025,0.037621895659448595
nenc,2026-05-23,2,2026-06-06,Flu ED visits pct,quantile,0.025,0.03797077575609771
new-bedford,2026-05-23,2,2026-06-06,Flu ED visits pct,quantile,0.025,0.03531201444225658
north-carolina,2026-05-23,2,2026-06-06,Flu ED visits pct,quantile,0.025,0.16065040773537279
ogden,2026-05-23,2,2026-06-06,Flu ED visits pct,quantile,0.025,0.004101939369873915
oregon,2026-05-23,2,2026-06-06,Flu ED visits pct,quantile,0.025,0.07209891202836063
pittsfield,2026-05-23,2,2026-06-06,Flu ED visits pct,quantile,0.025,0.0
portland,2026-05-23,2,2026-06-06,Flu ED visits pct,quantile,0.025,0.0022399324521583473
portland-or,2026-05-23,2,2026-06-06,Flu ED visits pct,quantile,0.025,0.029304024281270505
provo,2026-05-23,2,2026-06-06,Flu ED visits pct,quantile,0.025,0.006949907246313258
roanoke,2026-05-23,2,2026-06-06,Flu ED visits pct,quantile,0.025,0.040276446302712356
rochester,2026-05-23,2,2026-06-06,Flu ED visits pct,quantile,0.025,0.007601602037176162
rock-hill,2026-05-23,2,2026-06-06,Flu ED visits pct,quantile,0.025,0.0
rtp-area,2026-05-23,2,2026-06-06,Flu ED visits pct,quantile,0.025,0.027479316043059546
salem,2026-05-23,2,2026-06-06,Flu ED visits pct,quantile,0.025,0.02420202269111106
salt-lake-city,2026-05-23,2,2026-06-06,Flu ED visits pct,quantile,0.025,0.023864139952075585
san-antonio,2026-05-23,2,2026-06-06,Flu ED visits pct,quantile,0.025,0.03604380998040699
savannah,2026-05-23,2,2026-06-06,Flu ED visits pct,quantile,0.025,0.0
senc,2026-05-23,2,2026-06-06,Flu ED visits pct,quantile,0.025,0.0
south-augusta,2026-05-23,2,2026-06-06,Flu ED visits pct,quantile,0.025,0.0069698979695926675
south-carolina,2026-05-23,2,2026-06-06,Flu ED visits pct,quantile,0.025,0.03089062384987258
springfield,2026-05-23,2,2026-06-06,Flu ED visits pct,quantile,0.025,0.009777018068567548
st-cloud,2026-05-23,2,2026-06-06,Flu ED visits pct,quantile,0.025,0.0
st-paul,2026-05-23,2,2026-06-06,Flu ED visits pct,quantile,0.025,0.07734040762558492
texas,2026-05-23,2,2026-06-06,Flu ED visits pct,quantile,0.025,0.1431552485289801
triad-area,2026-05-23,2,2026-06-06,Flu ED visits pct,quantile,0.025,0.12879096549377594
utah,2026-05-23,2,2026-06-06,Flu ED visits pct,quantile,0.025,0.03779609765582714
virginia,2026-05-23,2,2026-06-06,Flu ED visits pct,quantile,0.025,0.08115484205944905
weld,2026-05-23,2,2026-06-06,Flu ED visits pct,quantile,0.025,0.014156103235179641
wnc,2026-05-23,2,2026-06-06,Flu ED visits pct,quantile,0.025,0.03600069848495665
worcester,2026-05-23,2,2026-06-06,Flu ED visits pct,quantile,0.025,0.0190153913497133
athens,2026-05-23,3,2026-06-13,Flu ED visits pct,quantile,0.025,0.008193559273820325
austin,2026-05-23,3,2026-06-13,Flu ED visits pct,quantile,0.025,0.04094274811812979
baltimore,2026-05-23,3,2026-06-13,Flu ED visits pct,quantile,0.025,0.01739681164811477
bangor,2026-05-23,3,2026-06-13,Flu ED visits pct,quantile,0.025,0.0
beaumont,2026-05-23,3,2026-06-13,Flu ED visits pct,quantile,0.025,0.0404598412045076
boston,2026-05-23,3,2026-06-13,Flu ED visits pct,quantile,0.025,0.0203199584723969
boulder,2026-05-23,3,2026-06-13,Flu ED visits pct,quantile,0.025,0.016685404064647073
charleston,2026-05-23,3,2026-06-13,Flu ED visits pct,quantile,0.025,0.03347226282272983
cherokee,2026-05-23,3,2026-06-13,Flu ED visits pct,quantile,0.025,0.0
clt-area,2026-05-23,3,2026-06-13,Flu ED visits pct,quantile,0.025,0.20425620546912424
colorado,2026-05-23,3,2026-06-13,Flu ED visits pct,quantile,0.025,0.07851180730550134
colorado-springs,2026-05-23,3,2026-06-13,Flu ED visits pct,quantile,0.025,0.05105776597401515
columbia,2026-05-23,3,2026-06-13,Flu ED visits pct,quantile,0.025,0.0
columbus,2026-05-23,3,2026-06-13,Flu ED visits pct,quantile,0.025,0.0
dallas,2026-05-23,3,2026-06-13,Flu ED visits pct,quantile,0.025,0.043802212600389974
denver,2026-05-23,3,2026-06-13,Flu ED visits pct,quantile,0.025,0.0475434001456053
deschutes,2026-05-23,3,2026-06-13,Flu ED visits pct,quantile,0.025,0.05620056663877198
duluth,2026-05-23,3,2026-06-13,Flu ED visits pct,quantile,0.025,0.01742998978275278
el-paso,2026-05-23,3,2026-06-13,Flu ED visits pct,quantile,0.025,0.2100682445396604
eugene,2026-05-23,3,2026-06-13,Flu ED visits pct,quantile,0.025,0.013193474450625088
fay-area,2026-05-23,3,2026-06-13,Flu ED visits pct,quantile,0.025,0.17570478144230967
florence,2026-05-23,3,2026-06-13,Flu ED visits pct,quantile,0.025,0.005467590920553395
floyd,2026-05-23,3,2026-06-13,Flu ED visits pct,quantile,0.025,0.014501545065578677
frederick,2026-05-23,3,2026-06-13,Flu ED visits pct,quantile,0.025,0.0
georgia,2026-05-23,3,2026-06-13,Flu ED visits pct,quantile,0.025,0.04479828748587584
greenville,2026-05-23,3,2026-06-13,Flu ED visits pct,quantile,0.025,0.003158812739739239
hall,2026-05-23,3,2026-06-13,Flu ED visits pct,quantile,0.025,0.0025156801815350207
harford,2026-05-23,3,2026-06-13,Flu ED visits pct,quantile,0.025,0.0
henry,2026-05-23,3,2026-06-13,Flu ED visits pct,quantile,0.025,0.0016704696900912783
horry,2026-05-23,3,2026-06-13,Flu ED visits pct,quantile,0.025,0.0010019890918092633
houston,2026-05-23,3,2026-06-13,Flu ED visits pct,quantile,0.025,0.07716422477739872
indiana,2026-05-23,3,2026-06-13,Flu ED visits pct,quantile,0.025,0.013376538898584702
indianapolis,2026-05-23,3,2026-06-13,Flu ED visits pct,quantile,0.025,0.007516303349157446
la-grange,2026-05-23,3,2026-06-13,Flu ED visits pct,quantile,0.025,0.0
larimer,2026-05-23,3,2026-06-13,Flu ED visits pct,quantile,0.025,0.0
lynn,2026-05-23,3,2026-06-13,Flu ED visits pct,quantile,0.025,0.009482454670882932
macon,2026-05-23,3,2026-06-13,Flu ED visits pct,quantile,0.025,0.04530507266313842
maine,2026-05-23,3,2026-06-13,Flu ED visits pct,quantile,0.025,0.024885532559945155
marietta,2026-05-23,3,2026-06-13,Flu ED visits pct,quantile,0.025,0.00435323689920316
maryland,2026-05-23,3,2026-06-13,Flu ED visits pct,quantile,0.025,0.03730933553510937
massachusetts,2026-05-23,3,2026-06-13,Flu ED visits pct,quantile,0.025,0.031969617575825116
medford,2026-05-23,3,2026-06-13,Flu ED visits pct,quantile,0.025,0.0
mesa,2026-05-23,3,2026-06-13,Flu ED visits pct,quantile,0.025,0.0
minneapolis,2026-05-23,3,2026-06-13,Flu ED visits pct,quantile,0.025,0.040261252887644504
minnesota,2026-05-23,3,2026-06-13,Flu ED visits pct,quantile,0.025,0.060094124415938956
montgomery,2026-05-23,3,2026-06-13,Flu ED visits pct,quantile,0.025,0.03170989276518102
nenc,2026-05-23,3,2026-06-13,Flu ED visits pct,quantile,0.025,0.030886086346051368
new-bedford,2026-05-23,3,2026-06-13,Flu ED visits pct,quantile,0.025,0.029004228075579716
north-carolina,2026-05-23,3,2026-06-13,Flu ED visits pct,quantile,0.025,0.12439959076551617
ogden,2026-05-23,3,2026-06-13,Flu ED visits pct,quantile,0.025,0.002807349766997239
oregon,2026-05-23,3,2026-06-13,Flu ED visits pct,quantile,0.025,0.06277065007338704
pittsfield,2026-05-23,3,2026-06-13,Flu ED visits pct,quantile,0.025,0.0
portland,2026-05-23,3,2026-06-13,Flu ED visits pct,quantile,0.025,0.0005809598001134848
portland-or,2026-05-23,3,2026-06-13,Flu ED visits pct,quantile,0.025,0.024928857575491806
provo,2026-05-23,3,2026-06-13,Flu ED visits pct,quantile,0.025,0.00463140241689027
roanoke,2026-05-23,3,2026-06-13,Flu ED visits pct,quantile,0.025,0.0336974158738223
rochester,2026-05-23,3,2026-06-13,Flu ED visits pct,quantile,0.025,0.005608884589907012
rock-hill,2026-05-23,3,2026-06-13,Flu ED visits pct,quantile,0.025,0.0
rtp-area,2026-05-23,3,2026-06-13,Flu ED visits pct,quantile,0.025,0.02216820303988952
salem,2026-05-23,3,2026-06-13,Flu ED visits pct,quantile,0.025,0.019225017383528588
salt-lake-city,2026-05-23,3,2026-06-13,Flu ED visits pct,quantile,0.025,0.020002741678073456
san-antonio,2026-05-23,3,2026-06-13,Flu ED visits pct,quantile,0.025,0.030882846959463056
savannah,2026-05-23,3,2026-06-13,Flu ED visits pct,quantile,0.025,0.0
senc,2026-05-23,3,2026-06-13,Flu ED visits pct,quantile,0.025,0.0
south-augusta,2026-05-23,3,2026-06-13,Flu ED visits pct,quantile,0.025,0.004156245552137677
south-carolina,2026-05-23,3,2026-06-13,Flu ED visits pct,quantile,0.025,0.023821580309223427
springfield,2026-05-23,3,2026-06-13,Flu ED visits pct,quantile,0.025,0.006710724813136485
st-cloud,2026-05-23,3,2026-06-13,Flu ED visits pct,quantile,0.025,0.0
st-paul,2026-05-23,3,2026-06-13,Flu ED visits pct,quantile,0.025,0.06657773212143682
texas,2026-05-23,3,2026-06-13,Flu ED visits pct,quantile,0.025,0.12795946522238322
triad-area,2026-05-23,3,2026-06-13,Flu ED visits pct,quantile,0.025,0.1095486063458439
utah,2026-05-23,3,2026-06-13,Flu ED visits pct,quantile,0.025,0.03238416628354629
virginia,2026-05-23,3,2026-06-13,Flu ED visits pct,quantile,0.025,0.07045843589987476
weld,2026-05-23,3,2026-06-13,Flu ED visits pct,quantile,0.025,0.011399536032459108
wnc,2026-05-23,3,2026-06-13,Flu ED visits pct,quantile,0.025,0.02818125790685886
worcester,2026-05-23,3,2026-06-13,Flu ED visits pct,quantile,0.025,0.015405895659980988
athens,2026-05-23,0,2026-05-23,Flu ED visits pct,quantile,0.05,0.050135726324680475
austin,2026-05-23,0,2026-05-23,Flu ED visits pct,quantile,0.05,0.0848389092093718
baltimore,2026-05-23,0,2026-05-23,Flu ED visits pct,quantile,0.05,0.052793008521416225
bangor,2026-05-23,0,2026-05-23,Flu ED visits pct,quantile,0.05,0.019864122717700196
beaumont,2026-05-23,0,2026-05-23,Flu ED visits pct,quantile,0.05,0.15796088856069038
boston,2026-05-23,0,2026-05-23,Flu ED visits pct,quantile,0.05,0.05701811717060245
boulder,2026-05-23,0,2026-05-23,Flu ED visits pct,quantile,0.05,0.06731899332012806
charleston,2026-05-23,0,2026-05-23,Flu ED visits pct,quantile,0.05,0.07730570986269202
cherokee,2026-05-23,0,2026-05-23,Flu ED visits pct,quantile,0.05,0.023496535124359612
clt-area,2026-05-23,0,2026-05-23,Flu ED visits pct,quantile,0.05,0.7641411275729287
colorado,2026-05-23,0,2026-05-23,Flu ED visits pct,quantile,0.05,0.18203442395954725
colorado-springs,2026-05-23,0,2026-05-23,Flu ED visits pct,quantile,0.05,0.16569808638587485
columbia,2026-05-23,0,2026-05-23,Flu ED visits pct,quantile,0.05,0.01543706346983431
columbus,2026-05-23,0,2026-05-23,Flu ED visits pct,quantile,0.05,0.0
dallas,2026-05-23,0,2026-05-23,Flu ED visits pct,quantile,0.05,0.08985679176507569
denver,2026-05-23,0,2026-05-23,Flu ED visits pct,quantile,0.05,0.13816266434388033
deschutes,2026-05-23,0,2026-05-23,Flu ED visits pct,quantile,0.05,0.15511231871670278
duluth,2026-05-23,0,2026-05-23,Flu ED visits pct,quantile,0.05,0.07656656165738392
el-paso,2026-05-23,0,2026-05-23,Flu ED visits pct,quantile,0.05,0.7573681645023126
eugene,2026-05-23,0,2026-05-23,Flu ED visits pct,quantile,0.05,0.04803602872896907
fay-area,2026-05-23,0,2026-05-23,Flu ED visits pct,quantile,0.05,0.5575903379054584
florence,2026-05-23,0,2026-05-23,Flu ED visits pct,quantile,0.05,0.048849267898567625
floyd,2026-05-23,0,2026-05-23,Flu ED visits pct,quantile,0.05,0.056571927826680864
frederick,2026-05-23,0,2026-05-23,Flu ED visits pct,quantile,0.05,0.009762789411088534
georgia,2026-05-23,0,2026-05-23,Flu ED visits pct,quantile,0.05,0.10116188915954948
greenville,2026-05-23,0,2026-05-23,Flu ED visits pct,quantile,0.05,0.02781179795969766
hall,2026-05-23,0,2026-05-23,Flu ED visits pct,quantile,0.05,0.025283120073299095
harford,2026-05-23,0,2026-05-23,Flu ED visits pct,quantile,0.05,0.01414649260196862
henry,2026-05-23,0,2026-05-23,Flu ED visits pct,quantile,0.05,0.027823314194685138
horry,2026-05-23,0,2026-05-23,Flu ED visits pct,quantile,0.05,0.02493618277579654
houston,2026-05-23,0,2026-05-23,Flu ED visits pct,quantile,0.05,0.1667421837087985
indiana,2026-05-23,0,2026-05-23,Flu ED visits pct,quantile,0.05,0.04647497302190541
indianapolis,2026-05-23,0,2026-05-23,Flu ED visits pct,quantile,0.05,0.026048142753848286
la-grange,2026-05-23,0,2026-05-23,Flu ED visits pct,quantile,0.05,0.008870809747666466
larimer,2026-05-23,0,2026-05-23,Flu ED visits pct,quantile,0.05,0.019641262866963778
lynn,2026-05-23,0,2026-05-23,Flu ED visits pct,quantile,0.05,0.03992776728180941
macon,2026-05-23,0,2026-05-23,Flu ED visits pct,quantile,0.05,0.12108649546894952
maine,2026-05-23,0,2026-05-23,Flu ED visits pct,quantile,0.05,0.08331432077710303
marietta,2026-05-23,0,2026-05-23,Flu ED visits pct,quantile,0.05,0.025632648430195325
maryland,2026-05-23,0,2026-05-23,Flu ED visits pct,quantile,0.05,0.09221730193990306
massachusetts,2026-05-23,0,2026-05-23,Flu ED visits pct,quantile,0.05,0.08735101197596926
medford,2026-05-23,0,2026-05-23,Flu ED visits pct,quantile,0.05,0.0
mesa,2026-05-23,0,2026-05-23,Flu ED visits pct,quantile,0.05,0.0025129570791859717
minneapolis,2026-05-23,0,2026-05-23,Flu ED visits pct,quantile,0.05,0.10838052968871997
minnesota,2026-05-23,0,2026-05-23,Flu ED visits pct,quantile,0.05,0.14277704624909018
montgomery,2026-05-23,0,2026-05-23,Flu ED visits pct,quantile,0.05,0.07343232708521476
nenc,2026-05-23,0,2026-05-23,Flu ED visits pct,quantile,0.05,0.08363322441893313
new-bedford,2026-05-23,0,2026-05-23,Flu ED visits pct,quantile,0.05,0.09486155659194136
north-carolina,2026-05-23,0,2026-05-23,Flu ED visits pct,quantile,0.05,0.3708559259892252
ogden,2026-05-23,0,2026-05-23,Flu ED visits pct,quantile,0.05,0.01861804855827833
oregon,2026-05-23,0,2026-05-23,Flu ED visits pct,quantile,0.05,0.14137103422987873
pittsfield,2026-05-23,0,2026-05-23,Flu ED visits pct,quantile,0.05,0.0
portland,2026-05-23,0,2026-05-23,Flu ED visits pct,quantile,0.05,0.02017593212327016
portland-or,2026-05-23,0,2026-05-23,Flu ED visits pct,quantile,0.05,0.07315020093688672
provo,2026-05-23,0,2026-05-23,Flu ED visits pct,quantile,0.05,0.025737274499035886
roanoke,2026-05-23,0,2026-05-23,Flu ED visits pct,quantile,0.05,0.08123649404844188
rochester,2026-05-23,0,2026-05-23,Flu ED visits pct,quantile,0.05,0.027756897518687852
rock-hill,2026-05-23,0,2026-05-23,Flu ED visits pct,quantile,0.05,0.0
rtp-area,2026-05-23,0,2026-05-23,Flu ED visits pct,quantile,0.05,0.07284384749412809
salem,2026-05-23,0,2026-05-23,Flu ED visits pct,quantile,0.05,0.07170328681892904
salt-lake-city,2026-05-23,0,2026-05-23,Flu ED visits pct,quantile,0.05,0.05694745463875608
san-antonio,2026-05-23,0,2026-05-23,Flu ED visits pct,quantile,0.05,0.07141777277715113
savannah,2026-05-23,0,2026-05-23,Flu ED visits pct,quantile,0.05,0.0024426506905783456
senc,2026-05-23,0,2026-05-23,Flu ED visits pct,quantile,0.05,0.011186677037131538
south-augusta,2026-05-23,0,2026-05-23,Flu ED visits pct,quantile,0.05,0.030275957804010975
south-carolina,2026-05-23,0,2026-05-23,Flu ED visits pct,quantile,0.05,0.07144098247780846
springfield,2026-05-23,0,2026-05-23,Flu ED visits pct,quantile,0.05,0.04175753352645093
st-cloud,2026-05-23,0,2026-05-23,Flu ED visits pct,quantile,0.05,0.01619597002999603
st-paul,2026-05-23,0,2026-05-23,Flu ED visits pct,quantile,0.05,0.15039061024469083
texas,2026-05-23,0,2026-05-23,Flu ED visits pct,quantile,0.05,0.23674823550335392
triad-area,2026-05-23,0,2026-05-23,Flu ED visits pct,quantile,0.05,0.24081135295949657
utah,2026-05-23,0,2026-05-23,Flu ED visits pct,quantile,0.05,0.08081508619592748
virginia,2026-05-23,0,2026-05-23,Flu ED visits pct,quantile,0.05,0.14405345095461658
weld,2026-05-23,0,2026-05-23,Flu ED visits pct,quantile,0.05,0.04597119221028055
wnc,2026-05-23,0,2026-05-23,Flu ED visits pct,quantile,0.05,0.09058572619621631
worcester,2026-05-23,0,2026-05-23,Flu ED visits pct,quantile,0.05,0.05116420967702652
athens,2026-05-23,1,2026-05-30,Flu ED visits pct,quantile,0.05,0.032834524786328076
austin,2026-05-23,1,2026-05-30,Flu ED visits pct,quantile,0.05,0.07166731122025823
baltimore,2026-05-23,1,2026-05-30,Flu ED visits pct,quantile,0.05,0.04122965812447203
bangor,2026-05-23,1,2026-05-30,Flu ED visits pct,quantile,0.05,0.007923617236068657
beaumont,2026-05-23,1,2026-05-30,Flu ED visits pct,quantile,0.05,0.12931520995433204
boston,2026-05-23,1,2026-05-30,Flu ED visits pct,quantile,0.05,0.045185583899136766
boulder,2026-05-23,1,2026-05-30,Flu ED visits pct,quantile,0.05,0.043187787319302375
charleston,2026-05-23,1,2026-05-30,Flu ED visits pct,quantile,0.05,0.06365134044690654
cherokee,2026-05-23,1,2026-05-30,Flu ED visits pct,quantile,0.05,0.014640609328384386
clt-area,2026-05-23,1,2026-05-30,Flu ED visits pct,quantile,0.05,0.540738647677639
colorado,2026-05-23,1,2026-05-30,Flu ED visits pct,quantile,0.05,0.15251721609163363
colorado-springs,2026-05-23,1,2026-05-30,Flu ED visits pct,quantile,0.05,0.13170281471412132
columbia,2026-05-23,1,2026-05-30,Flu ED visits pct,quantile,0.05,0.008040838731725017
columbus,2026-05-23,1,2026-05-30,Flu ED visits pct,quantile,0.05,0.0
dallas,2026-05-23,1,2026-05-30,Flu ED visits pct,quantile,0.05,0.07694233885612581
denver,2026-05-23,1,2026-05-30,Flu ED visits pct,quantile,0.05,0.11282947002247802
deschutes,2026-05-23,1,2026-05-30,Flu ED visits pct,quantile,0.05,0.11624639308104635
duluth,2026-05-23,1,2026-05-30,Flu ED visits pct,quantile,0.05,0.05127480971555128
el-paso,2026-05-23,1,2026-05-30,Flu ED visits pct,quantile,0.05,0.5571538037382023
eugene,2026-05-23,1,2026-05-30,Flu ED visits pct,quantile,0.05,0.03704783079526176
fay-area,2026-05-23,1,2026-05-30,Flu ED visits pct,quantile,0.05,0.39532783624248347
florence,2026-05-23,1,2026-05-30,Flu ED visits pct,quantile,0.05,0.028659501012847734
floyd,2026-05-23,1,2026-05-30,Flu ED visits pct,quantile,0.05,0.03634753952166601
frederick,2026-05-23,1,2026-05-30,Flu ED visits pct,quantile,0.05,0.0025107306002501977
georgia,2026-05-23,1,2026-05-30,Flu ED visits pct,quantile,0.05,0.08472015835867125
greenville,2026-05-23,1,2026-05-30,Flu ED visits pct,quantile,0.05,0.01970240150256955
hall,2026-05-23,1,2026-05-30,Flu ED visits pct,quantile,0.05,0.016349183288166994
harford,2026-05-23,1,2026-05-30,Flu ED visits pct,quantile,0.05,0.00723657426893304
henry,2026-05-23,1,2026-05-30,Flu ED visits pct,quantile,0.05,0.019095546335637308
horry,2026-05-23,1,2026-05-30,Flu ED visits pct,quantile,0.05,0.015670339617492146
houston,2026-05-23,1,2026-05-30,Flu ED visits pct,quantile,0.05,0.14300213672691348
indiana,2026-05-23,1,2026-05-30,Flu ED visits pct,quantile,0.05,0.03732561455361799
indianapolis,2026-05-23,1,2026-05-30,Flu ED visits pct,quantile,0.05,0.0212219834282723
la-grange,2026-05-23,1,2026-05-30,Flu ED visits pct,quantile,0.05,0.0006959192409799995
larimer,2026-05-23,1,2026-05-30,Flu ED visits pct,quantile,0.05,0.009105857183931228
lynn,2026-05-23,1,2026-05-30,Flu ED visits pct,quantile,0.05,0.028695405599010994
macon,2026-05-23,1,2026-05-30,Flu ED visits pct,quantile,0.05,0.09993194252045004
maine,2026-05-23,1,2026-05-30,Flu ED visits pct,quantile,0.05,0.0633839217185713
marietta,2026-05-23,1,2026-05-30,Flu ED visits pct,quantile,0.05,0.018128571277571774
maryland,2026-05-23,1,2026-05-30,Flu ED visits pct,quantile,0.05,0.07698661604090178
massachusetts,2026-05-23,1,2026-05-30,Flu ED visits pct,quantile,0.05,0.07075464844856308
medford,2026-05-23,1,2026-05-30,Flu ED visits pct,quantile,0.05,0.0
mesa,2026-05-23,1,2026-05-30,Flu ED visits pct,quantile,0.05,0.0
minneapolis,2026-05-23,1,2026-05-30,Flu ED visits pct,quantile,0.05,0.0875069514327205
minnesota,2026-05-23,1,2026-05-30,Flu ED visits pct,quantile,0.05,0.12011342946088967
montgomery,2026-05-23,1,2026-05-30,Flu ED visits pct,quantile,0.05,0.0594728708431071
nenc,2026-05-23,1,2026-05-30,Flu ED visits pct,quantile,0.05,0.06789170772037954
new-bedford,2026-05-23,1,2026-05-30,Flu ED visits pct,quantile,0.05,0.07267895276795207
north-carolina,2026-05-23,1,2026-05-30,Flu ED visits pct,quantile,0.05,0.28047943400069913
ogden,2026-05-23,1,2026-05-30,Flu ED visits pct,quantile,0.05,0.012782457982289904
oregon,2026-05-23,1,2026-05-30,Flu ED visits pct,quantile,0.05,0.12279281067750274
pittsfield,2026-05-23,1,2026-05-30,Flu ED visits pct,quantile,0.05,0.0
portland,2026-05-23,1,2026-05-30,Flu ED visits pct,quantile,0.05,0.011357975958170225
portland-or,2026-05-23,1,2026-05-30,Flu ED visits pct,quantile,0.05,0.055867816573972225
provo,2026-05-23,1,2026-05-30,Flu ED visits pct,quantile,0.05,0.01860192676097492
roanoke,2026-05-23,1,2026-05-30,Flu ED visits pct,quantile,0.05,0.06517450842824514
rochester,2026-05-23,1,2026-05-30,Flu ED visits pct,quantile,0.05,0.016714133215777235
rock-hill,2026-05-23,1,2026-05-30,Flu ED visits pct,quantile,0.05,0.0
rtp-area,2026-05-23,1,2026-05-30,Flu ED visits pct,quantile,0.05,0.056289316889582795
salem,2026-05-23,1,2026-05-30,Flu ED visits pct,quantile,0.05,0.055135866795692316
salt-lake-city,2026-05-23,1,2026-05-30,Flu ED visits pct,quantile,0.05,0.04797293743132694
san-antonio,2026-05-23,1,2026-05-30,Flu ED visits pct,quantile,0.05,0.05976330564671909
savannah,2026-05-23,1,2026-05-30,Flu ED visits pct,quantile,0.05,0.0
senc,2026-05-23,1,2026-05-30,Flu ED visits pct,quantile,0.05,0.005551863700516352
south-augusta,2026-05-23,1,2026-05-30,Flu ED visits pct,quantile,0.05,0.02136644835634534
south-carolina,2026-05-23,1,2026-05-30,Flu ED visits pct,quantile,0.05,0.05787552174876339
springfield,2026-05-23,1,2026-05-30,Flu ED visits pct,quantile,0.05,0.027218870929508907
st-cloud,2026-05-23,1,2026-05-30,Flu ED visits pct,quantile,0.05,0.00633913917935232
st-paul,2026-05-23,1,2026-05-30,Flu ED visits pct,quantile,0.05,0.1247317156070921
texas,2026-05-23,1,2026-05-30,Flu ED visits pct,quantile,0.05,0.20975549930499296
triad-area,2026-05-23,1,2026-05-30,Flu ED visits pct,quantile,0.05,0.1937263944214973
utah,2026-05-23,1,2026-05-30,Flu ED visits pct,quantile,0.05,0.06965570434941559
virginia,2026-05-23,1,2026-05-30,Flu ED visits pct,quantile,0.05,0.12487672638789106
weld,2026-05-23,1,2026-05-30,Flu ED visits pct,quantile,0.05,0.026364663591955585
wnc,2026-05-23,1,2026-05-30,Flu ED visits pct,quantile,0.05,0.06823009062223317
worcester,2026-05-23,1,2026-05-30,Flu ED visits pct,quantile,0.05,0.037498340323043354
athens,2026-05-23,2,2026-06-06,Flu ED visits pct,quantile,0.05,0.02137933499820177
austin,2026-05-23,2,2026-06-06,Flu ED visits pct,quantile,0.05,0.061464914038764785
baltimore,2026-05-23,2,2026-06-06,Flu ED visits pct,quantile,0.05,0.033085704308530424
bangor,2026-05-23,2,2026-06-06,Flu ED visits pct,quantile,0.05,0.003343831813062314
beaumont,2026-05-23,2,2026-06-06,Flu ED visits pct,quantile,0.05,0.09803689863096496
boston,2026-05-23,2,2026-06-06,Flu ED visits pct,quantile,0.05,0.037224106356438094
boulder,2026-05-23,2,2026-06-06,Flu ED visits pct,quantile,0.05,0.034394362628930725
charleston,2026-05-23,2,2026-06-06,Flu ED visits pct,quantile,0.05,0.05238820234407727
cherokee,2026-05-23,2,2026-06-06,Flu ED visits pct,quantile,0.05,0.00922798326709886
clt-area,2026-05-23,2,2026-06-06,Flu ED visits pct,quantile,0.05,0.33124370073084675
colorado,2026-05-23,2,2026-06-06,Flu ED visits pct,quantile,0.05,0.12671544009250568
colorado-springs,2026-05-23,2,2026-06-06,Flu ED visits pct,quantile,0.05,0.10756849565988338
columbia,2026-05-23,2,2026-06-06,Flu ED visits pct,quantile,0.05,0.005241462424135899
columbus,2026-05-23,2,2026-06-06,Flu ED visits pct,quantile,0.05,0.0
dallas,2026-05-23,2,2026-06-06,Flu ED visits pct,quantile,0.05,0.06654368224539657
denver,2026-05-23,2,2026-06-06,Flu ED visits pct,quantile,0.05,0.096088865500791
deschutes,2026-05-23,2,2026-06-06,Flu ED visits pct,quantile,0.05,0.08965372229189478
duluth,2026-05-23,2,2026-06-06,Flu ED visits pct,quantile,0.05,0.036705253649611254
el-paso,2026-05-23,2,2026-06-06,Flu ED visits pct,quantile,0.05,0.4085906713788534
eugene,2026-05-23,2,2026-06-06,Flu ED visits pct,quantile,0.05,0.02837772731143451
fay-area,2026-05-23,2,2026-06-06,Flu ED visits pct,quantile,0.05,0.2521209125090787
florence,2026-05-23,2,2026-06-06,Flu ED visits pct,quantile,0.05,0.01816563317662652
floyd,2026-05-23,2,2026-06-06,Flu ED visits pct,quantile,0.05,0.023773510865510536
frederick,2026-05-23,2,2026-06-06,Flu ED visits pct,quantile,0.05,0.001971651038154311
georgia,2026-05-23,2,2026-06-06,Flu ED visits pct,quantile,0.05,0.06914964809346712
greenville,2026-05-23,2,2026-06-06,Flu ED visits pct,quantile,0.05,0.012666713427660422
hall,2026-05-23,2,2026-06-06,Flu ED visits pct,quantile,0.05,0.00947943364693687
harford,2026-05-23,2,2026-06-06,Flu ED visits pct,quantile,0.05,0.004311735192750292
henry,2026-05-23,2,2026-06-06,Flu ED visits pct,quantile,0.05,0.013035602782534064
horry,2026-05-23,2,2026-06-06,Flu ED visits pct,quantile,0.05,0.012397650610029157
houston,2026-05-23,2,2026-06-06,Flu ED visits pct,quantile,0.05,0.12201318794395911
indiana,2026-05-23,2,2026-06-06,Flu ED visits pct,quantile,0.05,0.028529646432913475
indianapolis,2026-05-23,2,2026-06-06,Flu ED visits pct,quantile,0.05,0.017288757572619717
la-grange,2026-05-23,2,2026-06-06,Flu ED visits pct,quantile,0.05,0.0
larimer,2026-05-23,2,2026-06-06,Flu ED visits pct,quantile,0.05,0.006513067745648806
lynn,2026-05-23,2,2026-06-06,Flu ED visits pct,quantile,0.05,0.022000271712845798
macon,2026-05-23,2,2026-06-06,Flu ED visits pct,quantile,0.05,0.08003915728681908
maine,2026-05-23,2,2026-06-06,Flu ED visits pct,quantile,0.05,0.04821588878248737
marietta,2026-05-23,2,2026-06-06,Flu ED visits pct,quantile,0.05,0.0128358075917829
maryland,2026-05-23,2,2026-06-06,Flu ED visits pct,quantile,0.05,0.06086069036333231
massachusetts,2026-05-23,2,2026-06-06,Flu ED visits pct,quantile,0.05,0.054493850512294044
medford,2026-05-23,2,2026-06-06,Flu ED visits pct,quantile,0.05,0.0
mesa,2026-05-23,2,2026-06-06,Flu ED visits pct,quantile,0.05,0.0
minneapolis,2026-05-23,2,2026-06-06,Flu ED visits pct,quantile,0.05,0.07373277256032727
minnesota,2026-05-23,2,2026-06-06,Flu ED visits pct,quantile,0.05,0.09722661853069618
montgomery,2026-05-23,2,2026-06-06,Flu ED visits pct,quantile,0.05,0.049057701846798314
nenc,2026-05-23,2,2026-06-06,Flu ED visits pct,quantile,0.05,0.050900070665432555
new-bedford,2026-05-23,2,2026-06-06,Flu ED visits pct,quantile,0.05,0.057506304424770456
north-carolina,2026-05-23,2,2026-06-06,Flu ED visits pct,quantile,0.05,0.21321587127014197
ogden,2026-05-23,2,2026-06-06,Flu ED visits pct,quantile,0.05,0.010012465533055537
oregon,2026-05-23,2,2026-06-06,Flu ED visits pct,quantile,0.05,0.10035761432828558
pittsfield,2026-05-23,2,2026-06-06,Flu ED visits pct,quantile,0.05,0.0
portland,2026-05-23,2,2026-06-06,Flu ED visits pct,quantile,0.05,0.008333734401552264
portland-or,2026-05-23,2,2026-06-06,Flu ED visits pct,quantile,0.05,0.048145660926678
provo,2026-05-23,2,2026-06-06,Flu ED visits pct,quantile,0.05,0.013897445963461567
roanoke,2026-05-23,2,2026-06-06,Flu ED visits pct,quantile,0.05,0.052698344245869146
rochester,2026-05-23,2,2026-06-06,Flu ED visits pct,quantile,0.05,0.010571769335799822
rock-hill,2026-05-23,2,2026-06-06,Flu ED visits pct,quantile,0.05,0.0
rtp-area,2026-05-23,2,2026-06-06,Flu ED visits pct,quantile,0.05,0.04184088573183041
salem,2026-05-23,2,2026-06-06,Flu ED visits pct,quantile,0.05,0.041971103674248084
salt-lake-city,2026-05-23,2,2026-06-06,Flu ED visits pct,quantile,0.05,0.04053591660671512
san-antonio,2026-05-23,2,2026-06-06,Flu ED visits pct,quantile,0.05,0.05208386188326858
savannah,2026-05-23,2,2026-06-06,Flu ED visits pct,quantile,0.05,0.0
senc,2026-05-23,2,2026-06-06,Flu ED visits pct,quantile,0.05,0.0021505362696881258
south-augusta,2026-05-23,2,2026-06-06,Flu ED visits pct,quantile,0.05,0.014605354942738626
south-carolina,2026-05-23,2,2026-06-06,Flu ED visits pct,quantile,0.05,0.042730080187216475
springfield,2026-05-23,2,2026-06-06,Flu ED visits pct,quantile,0.05,0.021264488736086537
st-cloud,2026-05-23,2,2026-06-06,Flu ED visits pct,quantile,0.05,0.0036328526204185384
st-paul,2026-05-23,2,2026-06-06,Flu ED visits pct,quantile,0.05,0.10348153265268058
texas,2026-05-23,2,2026-06-06,Flu ED visits pct,quantile,0.05,0.17800870417372883
triad-area,2026-05-23,2,2026-06-06,Flu ED visits pct,quantile,0.05,0.15496577287406935
utah,2026-05-23,2,2026-06-06,Flu ED visits pct,quantile,0.05,0.055706999705305786
virginia,2026-05-23,2,2026-06-06,Flu ED visits pct,quantile,0.05,0.10227848977832994
weld,2026-05-23,2,2026-06-06,Flu ED visits pct,quantile,0.05,0.021703344370974334
wnc,2026-05-23,2,2026-06-06,Flu ED visits pct,quantile,0.05,0.05259883170417933
worcester,2026-05-23,2,2026-06-06,Flu ED visits pct,quantile,0.05,0.02970405266551237
athens,2026-05-23,3,2026-06-13,Flu ED visits pct,quantile,0.05,0.016542742434210354
austin,2026-05-23,3,2026-06-13,Flu ED visits pct,quantile,0.05,0.055360223219733336
baltimore,2026-05-23,3,2026-06-13,Flu ED visits pct,quantile,0.05,0.026565222990302756
bangor,2026-05-23,3,2026-06-13,Flu ED visits pct,quantile,0.05,0.0017090509684754476
beaumont,2026-05-23,3,2026-06-13,Flu ED visits pct,quantile,0.05,0.08498285589562929
boston,2026-05-23,3,2026-06-13,Flu ED visits pct,quantile,0.05,0.029519013943570704
boulder,2026-05-23,3,2026-06-13,Flu ED visits pct,quantile,0.05,0.03026170205245314
charleston,2026-05-23,3,2026-06-13,Flu ED visits pct,quantile,0.05,0.0440985127002087
cherokee,2026-05-23,3,2026-06-13,Flu ED visits pct,quantile,0.05,0.0068006428972111396
clt-area,2026-05-23,3,2026-06-13,Flu ED visits pct,quantile,0.05,0.22082170381482302
colorado,2026-05-23,3,2026-06-13,Flu ED visits pct,quantile,0.05,0.10885777888333661
colorado-springs,2026-05-23,3,2026-06-13,Flu ED visits pct,quantile,0.05,0.09061740523522181
columbia,2026-05-23,3,2026-06-13,Flu ED visits pct,quantile,0.05,0.002423247052846904
columbus,2026-05-23,3,2026-06-13,Flu ED visits pct,quantile,0.05,0.0
dallas,2026-05-23,3,2026-06-13,Flu ED visits pct,quantile,0.05,0.056363387362493585
denver,2026-05-23,3,2026-06-13,Flu ED visits pct,quantile,0.05,0.08234836739287177
deschutes,2026-05-23,3,2026-06-13,Flu ED visits pct,quantile,0.05,0.0820038195617139
duluth,2026-05-23,3,2026-06-13,Flu ED visits pct,quantile,0.05,0.02886365257351109
el-paso,2026-05-23,3,2026-06-13,Flu ED visits pct,quantile,0.05,0.3064668758962039
eugene,2026-05-23,3,2026-06-13,Flu ED visits pct,quantile,0.05,0.0216304490134048
fay-area,2026-05-23,3,2026-06-13,Flu ED visits pct,quantile,0.05,0.1776145612594953
florence,2026-05-23,3,2026-06-13,Flu ED visits pct,quantile,0.05,0.014945724198293138
floyd,2026-05-23,3,2026-06-13,Flu ED visits pct,quantile,0.05,0.01902417298260123
frederick,2026-05-23,3,2026-06-13,Flu ED visits pct,quantile,0.05,0.001979444183624928
georgia,2026-05-23,3,2026-06-13,Flu ED visits pct,quantile,0.05,0.05861957958457955
greenville,2026-05-23,3,2026-06-13,Flu ED visits pct,quantile,0.05,0.008388613139476109
hall,2026-05-23,3,2026-06-13,Flu ED visits pct,quantile,0.05,0.007498111057192688
harford,2026-05-23,3,2026-06-13,Flu ED visits pct,quantile,0.05,0.0029766178288315737
henry,2026-05-23,3,2026-06-13,Flu ED visits pct,quantile,0.05,0.010069430639481946
horry,2026-05-23,3,2026-06-13,Flu ED visits pct,quantile,0.05,0.009379613512756653
houston,2026-05-23,3,2026-06-13,Flu ED visits pct,quantile,0.05,0.10401252757545022
indiana,2026-05-23,3,2026-06-13,Flu ED visits pct,quantile,0.05,0.023324724871899953
indianapolis,2026-05-23,3,2026-06-13,Flu ED visits pct,quantile,0.05,0.013304668535743911
la-grange,2026-05-23,3,2026-06-13,Flu ED visits pct,quantile,0.05,0.0
larimer,2026-05-23,3,2026-06-13,Flu ED visits pct,quantile,0.05,0.005705477500592629
lynn,2026-05-23,3,2026-06-13,Flu ED visits pct,quantile,0.05,0.017362743493256512
macon,2026-05-23,3,2026-06-13,Flu ED visits pct,quantile,0.05,0.06733968664998045
maine,2026-05-23,3,2026-06-13,Flu ED visits pct,quantile,0.05,0.03836426687777495
marietta,2026-05-23,3,2026-06-13,Flu ED visits pct,quantile,0.05,0.009683479433480842
maryland,2026-05-23,3,2026-06-13,Flu ED visits pct,quantile,0.05,0.05058650667698916
massachusetts,2026-05-23,3,2026-06-13,Flu ED visits pct,quantile,0.05,0.044676304413208405
medford,2026-05-23,3,2026-06-13,Flu ED visits pct,quantile,0.05,0.0
mesa,2026-05-23,3,2026-06-13,Flu ED visits pct,quantile,0.05,0.0
minneapolis,2026-05-23,3,2026-06-13,Flu ED visits pct,quantile,0.05,0.06117243058817889
minnesota,2026-05-23,3,2026-06-13,Flu ED visits pct,quantile,0.05,0.0819390704231242
montgomery,2026-05-23,3,2026-06-13,Flu ED visits pct,quantile,0.05,0.042596909416510204
nenc,2026-05-23,3,2026-06-13,Flu ED visits pct,quantile,0.05,0.04119781864204746
new-bedford,2026-05-23,3,2026-06-13,Flu ED visits pct,quantile,0.05,0.04487894952242099
north-carolina,2026-05-23,3,2026-06-13,Flu ED visits pct,quantile,0.05,0.1665380157987262
ogden,2026-05-23,3,2026-06-13,Flu ED visits pct,quantile,0.05,0.008667082041974533
oregon,2026-05-23,3,2026-06-13,Flu ED visits pct,quantile,0.05,0.0873897437345911
pittsfield,2026-05-23,3,2026-06-13,Flu ED visits pct,quantile,0.05,0.0
portland,2026-05-23,3,2026-06-13,Flu ED visits pct,quantile,0.05,0.006641520992359035
portland-or,2026-05-23,3,2026-06-13,Flu ED visits pct,quantile,0.05,0.0422107993108543
provo,2026-05-23,3,2026-06-13,Flu ED visits pct,quantile,0.05,0.01129182925281892
roanoke,2026-05-23,3,2026-06-13,Flu ED visits pct,quantile,0.05,0.04518534144870928
rochester,2026-05-23,3,2026-06-13,Flu ED visits pct,quantile,0.05,0.008586868649857643
rock-hill,2026-05-23,3,2026-06-13,Flu ED visits pct,quantile,0.05,0.0
rtp-area,2026-05-23,3,2026-06-13,Flu ED visits pct,quantile,0.05,0.034238630182438015
salem,2026-05-23,3,2026-06-13,Flu ED visits pct,quantile,0.05,0.03492536030673158
salt-lake-city,2026-05-23,3,2026-06-13,Flu ED visits pct,quantile,0.05,0.03450226532247013
san-antonio,2026-05-23,3,2026-06-13,Flu ED visits pct,quantile,0.05,0.043350148589418915
savannah,2026-05-23,3,2026-06-13,Flu ED visits pct,quantile,0.05,0.0
senc,2026-05-23,3,2026-06-13,Flu ED visits pct,quantile,0.05,8.803494019330588e-06
south-augusta,2026-05-23,3,2026-06-13,Flu ED visits pct,quantile,0.05,0.010691185467923131
south-carolina,2026-05-23,3,2026-06-13,Flu ED visits pct,quantile,0.05,0.03457760322119633
springfield,2026-05-23,3,2026-06-13,Flu ED visits pct,quantile,0.05,0.01696094571260258
st-cloud,2026-05-23,3,2026-06-13,Flu ED visits pct,quantile,0.05,0.0024842496161693126
st-paul,2026-05-23,3,2026-06-13,Flu ED visits pct,quantile,0.05,0.08884664729956436
texas,2026-05-23,3,2026-06-13,Flu ED visits pct,quantile,0.05,0.15704157729631493
triad-area,2026-05-23,3,2026-06-13,Flu ED visits pct,quantile,0.05,0.12838369535329408
utah,2026-05-23,3,2026-06-13,Flu ED visits pct,quantile,0.05,0.04675473008307016
virginia,2026-05-23,3,2026-06-13,Flu ED visits pct,quantile,0.05,0.0873102959034103
weld,2026-05-23,3,2026-06-13,Flu ED visits pct,quantile,0.05,0.02010025618943271
wnc,2026-05-23,3,2026-06-13,Flu ED visits pct,quantile,0.05,0.04156799073673283
worcester,2026-05-23,3,2026-06-13,Flu ED visits pct,quantile,0.05,0.024110692591523528
athens,2026-05-23,0,2026-05-23,Flu ED visits pct,quantile,0.1,0.07969483900284013
austin,2026-05-23,0,2026-05-23,Flu ED visits pct,quantile,0.1,0.11561478232993459
baltimore,2026-05-23,0,2026-05-23,Flu ED visits pct,quantile,0.1,0.06741992596846906
bangor,2026-05-23,0,2026-05-23,Flu ED visits pct,quantile,0.1,0.03126405273159812
beaumont,2026-05-23,0,2026-05-23,Flu ED visits pct,quantile,0.1,0.22971221691065458
boston,2026-05-23,0,2026-05-23,Flu ED visits pct,quantile,0.1,0.07221137584015057
boulder,2026-05-23,0,2026-05-23,Flu ED visits pct,quantile,0.1,0.09642951781333656
charleston,2026-05-23,0,2026-05-23,Flu ED visits pct,quantile,0.1,0.09404928546879872
cherokee,2026-05-23,0,2026-05-23,Flu ED visits pct,quantile,0.1,0.052372218830788096
clt-area,2026-05-23,0,2026-05-23,Flu ED visits pct,quantile,0.1,0.817043795838124
colorado,2026-05-23,0,2026-05-23,Flu ED visits pct,quantile,0.1,0.2056615415076205
colorado-springs,2026-05-23,0,2026-05-23,Flu ED visits pct,quantile,0.1,0.21403067753873853
columbia,2026-05-23,0,2026-05-23,Flu ED visits pct,quantile,0.1,0.022682321774146252
columbus,2026-05-23,0,2026-05-23,Flu ED visits pct,quantile,0.1,0.00444885593812961
dallas,2026-05-23,0,2026-05-23,Flu ED visits pct,quantile,0.1,0.10454679245422453
denver,2026-05-23,0,2026-05-23,Flu ED visits pct,quantile,0.1,0.1852259282310729
deschutes,2026-05-23,0,2026-05-23,Flu ED visits pct,quantile,0.1,0.20709765821976342
duluth,2026-05-23,0,2026-05-23,Flu ED visits pct,quantile,0.1,0.10878276594654418
el-paso,2026-05-23,0,2026-05-23,Flu ED visits pct,quantile,0.1,0.8994980715970529
eugene,2026-05-23,0,2026-05-23,Flu ED visits pct,quantile,0.1,0.059356712444312724
fay-area,2026-05-23,0,2026-05-23,Flu ED visits pct,quantile,0.1,0.6314253139735055
florence,2026-05-23,0,2026-05-23,Flu ED visits pct,quantile,0.1,0.08758552108790858
floyd,2026-05-23,0,2026-05-23,Flu ED visits pct,quantile,0.1,0.07637480700816643
frederick,2026-05-23,0,2026-05-23,Flu ED visits pct,quantile,0.1,0.033709785950469924
georgia,2026-05-23,0,2026-05-23,Flu ED visits pct,quantile,0.1,0.107987567946486
greenville,2026-05-23,0,2026-05-23,Flu ED visits pct,quantile,0.1,0.044813802824494556
hall,2026-05-23,0,2026-05-23,Flu ED visits pct,quantile,0.1,0.02854135867219193
harford,2026-05-23,0,2026-05-23,Flu ED visits pct,quantile,0.1,0.023799596991525597
henry,2026-05-23,0,2026-05-23,Flu ED visits pct,quantile,0.1,0.04642152901625647
horry,2026-05-23,0,2026-05-23,Flu ED visits pct,quantile,0.1,0.03285329351747359
houston,2026-05-23,0,2026-05-23,Flu ED visits pct,quantile,0.1,0.1984628377570871
indiana,2026-05-23,0,2026-05-23,Flu ED visits pct,quantile,0.1,0.05102970039746578
indianapolis,2026-05-23,0,2026-05-23,Flu ED visits pct,quantile,0.1,0.03009691350820739
la-grange,2026-05-23,0,2026-05-23,Flu ED visits pct,quantile,0.1,0.01184298809152262
larimer,2026-05-23,0,2026-05-23,Flu ED visits pct,quantile,0.1,0.03387256638485007
lynn,2026-05-23,0,2026-05-23,Flu ED visits pct,quantile,0.1,0.04143505948649694
macon,2026-05-23,0,2026-05-23,Flu ED visits pct,quantile,0.1,0.15903469155156041
maine,2026-05-23,0,2026-05-23,Flu ED visits pct,quantile,0.1,0.09163733374865252
marietta,2026-05-23,0,2026-05-23,Flu ED visits pct,quantile,0.1,0.03468693482639113
maryland,2026-05-23,0,2026-05-23,Flu ED visits pct,quantile,0.1,0.10688148475402251
massachusetts,2026-05-23,0,2026-05-23,Flu ED visits pct,quantile,0.1,0.0999786026027515
medford,2026-05-23,0,2026-05-23,Flu ED visits pct,quantile,0.1,0.00765867952162968
mesa,2026-05-23,0,2026-05-23,Flu ED visits pct,quantile,0.1,0.008104440940522555
minneapolis,2026-05-23,0,2026-05-23,Flu ED visits pct,quantile,0.1,0.1286940608979297
minnesota,2026-05-23,0,2026-05-23,Flu ED visits pct,quantile,0.1,0.15842102550371343
montgomery,2026-05-23,0,2026-05-23,Flu ED visits pct,quantile,0.1,0.09523306180201539
nenc,2026-05-23,0,2026-05-23,Flu ED visits pct,quantile,0.1,0.09935989094748716
new-bedford,2026-05-23,0,2026-05-23,Flu ED visits pct,quantile,0.1,0.11664205863973297
north-carolina,2026-05-23,0,2026-05-23,Flu ED visits pct,quantile,0.1,0.4206449764952773
ogden,2026-05-23,0,2026-05-23,Flu ED visits pct,quantile,0.1,0.028477334170042168
oregon,2026-05-23,0,2026-05-23,Flu ED visits pct,quantile,0.1,0.15713593430529835
pittsfield,2026-05-23,0,2026-05-23,Flu ED visits pct,quantile,0.1,0.0
portland,2026-05-23,0,2026-05-23,Flu ED visits pct,quantile,0.1,0.0388731931756935
portland-or,2026-05-23,0,2026-05-23,Flu ED visits pct,quantile,0.1,0.10196371571441037
provo,2026-05-23,0,2026-05-23,Flu ED visits pct,quantile,0.1,0.030491593176742722
roanoke,2026-05-23,0,2026-05-23,Flu ED visits pct,quantile,0.1,0.09510634975201228
rochester,2026-05-23,0,2026-05-23,Flu ED visits pct,quantile,0.1,0.038732780145203954
rock-hill,2026-05-23,0,2026-05-23,Flu ED visits pct,quantile,0.1,0.0
rtp-area,2026-05-23,0,2026-05-23,Flu ED visits pct,quantile,0.1,0.09424159097371923
salem,2026-05-23,0,2026-05-23,Flu ED visits pct,quantile,0.1,0.101031989780032
salt-lake-city,2026-05-23,0,2026-05-23,Flu ED visits pct,quantile,0.1,0.07103725118833709
san-antonio,2026-05-23,0,2026-05-23,Flu ED visits pct,quantile,0.1,0.0740415856548497
savannah,2026-05-23,0,2026-05-23,Flu ED visits pct,quantile,0.1,0.00882609690180249
senc,2026-05-23,0,2026-05-23,Flu ED visits pct,quantile,0.1,0.02013638267498915
south-augusta,2026-05-23,0,2026-05-23,Flu ED visits pct,quantile,0.1,0.04646436057387393
south-carolina,2026-05-23,0,2026-05-23,Flu ED visits pct,quantile,0.1,0.08071088389506428
springfield,2026-05-23,0,2026-05-23,Flu ED visits pct,quantile,0.1,0.06821169196135746
st-cloud,2026-05-23,0,2026-05-23,Flu ED visits pct,quantile,0.1,0.03936022995787753
st-paul,2026-05-23,0,2026-05-23,Flu ED visits pct,quantile,0.1,0.1769265027626503
texas,2026-05-23,0,2026-05-23,Flu ED visits pct,quantile,0.1,0.24353020708660572
triad-area,2026-05-23,0,2026-05-23,Flu ED visits pct,quantile,0.1,0.26516665680426754
utah,2026-05-23,0,2026-05-23,Flu ED visits pct,quantile,0.1,0.08697651038886253
virginia,2026-05-23,0,2026-05-23,Flu ED visits pct,quantile,0.1,0.16320411020053072
weld,2026-05-23,0,2026-05-23,Flu ED visits pct,quantile,0.1,0.08142186687524806
wnc,2026-05-23,0,2026-05-23,Flu ED visits pct,quantile,0.1,0.11565177224315844
worcester,2026-05-23,0,2026-05-23,Flu ED visits pct,quantile,0.1,0.07083343419778958
athens,2026-05-23,1,2026-05-30,Flu ED visits pct,quantile,0.1,0.05670717898404174
austin,2026-05-23,1,2026-05-30,Flu ED visits pct,quantile,0.1,0.10295528594461366
baltimore,2026-05-23,1,2026-05-30,Flu ED visits pct,quantile,0.1,0.05756956064459411
bangor,2026-05-23,1,2026-05-30,Flu ED visits pct,quantile,0.1,0.017621542934320375
beaumont,2026-05-23,1,2026-05-30,Flu ED visits pct,quantile,0.1,0.17772576368629195
boston,2026-05-23,1,2026-05-30,Flu ED visits pct,quantile,0.1,0.06192661939244259
boulder,2026-05-23,1,2026-05-30,Flu ED visits pct,quantile,0.1,0.07195030929694292
charleston,2026-05-23,1,2026-05-30,Flu ED visits pct,quantile,0.1,0.079791148071231
cherokee,2026-05-23,1,2026-05-30,Flu ED visits pct,quantile,0.1,0.04088192612999358
clt-area,2026-05-23,1,2026-05-30,Flu ED visits pct,quantile,0.1,0.590074653151786
colorado,2026-05-23,1,2026-05-30,Flu ED visits pct,quantile,0.1,0.1775907138634435
colorado-springs,2026-05-23,1,2026-05-30,Flu ED visits pct,quantile,0.1,0.16923738204844258
columbia,2026-05-23,1,2026-05-30,Flu ED visits pct,quantile,0.1,0.016661428385285296
columbus,2026-05-23,1,2026-05-30,Flu ED visits pct,quantile,0.1,0.0011646622019066376
dallas,2026-05-23,1,2026-05-30,Flu ED visits pct,quantile,0.1,0.09303419208509531
denver,2026-05-23,1,2026-05-30,Flu ED visits pct,quantile,0.1,0.15548441702575405
deschutes,2026-05-23,1,2026-05-30,Flu ED visits pct,quantile,0.1,0.14888971756645072
duluth,2026-05-23,1,2026-05-30,Flu ED visits pct,quantile,0.1,0.07701916191173218
el-paso,2026-05-23,1,2026-05-30,Flu ED visits pct,quantile,0.1,0.6810243997939117
eugene,2026-05-23,1,2026-05-30,Flu ED visits pct,quantile,0.1,0.04854855073297393
fay-area,2026-05-23,1,2026-05-30,Flu ED visits pct,quantile,0.1,0.4492943735383564
florence,2026-05-23,1,2026-05-30,Flu ED visits pct,quantile,0.1,0.058631615138840014
floyd,2026-05-23,1,2026-05-30,Flu ED visits pct,quantile,0.1,0.05503934933257656
frederick,2026-05-23,1,2026-05-30,Flu ED visits pct,quantile,0.1,0.02991821379095623
georgia,2026-05-23,1,2026-05-30,Flu ED visits pct,quantile,0.1,0.09285524508974535
greenville,2026-05-23,1,2026-05-30,Flu ED visits pct,quantile,0.1,0.03535696586798716
hall,2026-05-23,1,2026-05-30,Flu ED visits pct,quantile,0.1,0.01900841840704312
harford,2026-05-23,1,2026-05-30,Flu ED visits pct,quantile,0.1,0.01648646796291829
henry,2026-05-23,1,2026-05-30,Flu ED visits pct,quantile,0.1,0.03760033674863939
horry,2026-05-23,1,2026-05-30,Flu ED visits pct,quantile,0.1,0.025438118620969646
houston,2026-05-23,1,2026-05-30,Flu ED visits pct,quantile,0.1,0.17415398959138823
indiana,2026-05-23,1,2026-05-30,Flu ED visits pct,quantile,0.1,0.04458310179104074
indianapolis,2026-05-23,1,2026-05-30,Flu ED visits pct,quantile,0.1,0.02726741562950402
la-grange,2026-05-23,1,2026-05-30,Flu ED visits pct,quantile,0.1,0.004714759070308503
larimer,2026-05-23,1,2026-05-30,Flu ED visits pct,quantile,0.1,0.024735685729716808
lynn,2026-05-23,1,2026-05-30,Flu ED visits pct,quantile,0.1,0.03502427889951106
macon,2026-05-23,1,2026-05-30,Flu ED visits pct,quantile,0.1,0.1276898382101981
maine,2026-05-23,1,2026-05-30,Flu ED visits pct,quantile,0.1,0.07391177554150499
marietta,2026-05-23,1,2026-05-30,Flu ED visits pct,quantile,0.1,0.026954226243878464
maryland,2026-05-23,1,2026-05-30,Flu ED visits pct,quantile,0.1,0.09182728869404505
massachusetts,2026-05-23,1,2026-05-30,Flu ED visits pct,quantile,0.1,0.08190834240907059
medford,2026-05-23,1,2026-05-30,Flu ED visits pct,quantile,0.1,0.0035452508137407673
mesa,2026-05-23,1,2026-05-30,Flu ED visits pct,quantile,0.1,0.004267988529975312
minneapolis,2026-05-23,1,2026-05-30,Flu ED visits pct,quantile,0.1,0.11195061006967227
minnesota,2026-05-23,1,2026-05-30,Flu ED visits pct,quantile,0.1,0.1379455952733844
montgomery,2026-05-23,1,2026-05-30,Flu ED visits pct,quantile,0.1,0.0818232246070554
nenc,2026-05-23,1,2026-05-30,Flu ED visits pct,quantile,0.1,0.08046760125890268
new-bedford,2026-05-23,1,2026-05-30,Flu ED visits pct,quantile,0.1,0.09275963486488573
north-carolina,2026-05-23,1,2026-05-30,Flu ED visits pct,quantile,0.1,0.332506903454214
ogden,2026-05-23,1,2026-05-30,Flu ED visits pct,quantile,0.1,0.025314383738937407
oregon,2026-05-23,1,2026-05-30,Flu ED visits pct,quantile,0.1,0.13558643351168426
pittsfield,2026-05-23,1,2026-05-30,Flu ED visits pct,quantile,0.1,0.0
portland,2026-05-23,1,2026-05-30,Flu ED visits pct,quantile,0.1,0.025691768623100984
portland-or,2026-05-23,1,2026-05-30,Flu ED visits pct,quantile,0.1,0.08650935785241434
provo,2026-05-23,1,2026-05-30,Flu ED visits pct,quantile,0.1,0.02557335603060082
roanoke,2026-05-23,1,2026-05-30,Flu ED visits pct,quantile,0.1,0.0825433730792272
rochester,2026-05-23,1,2026-05-30,Flu ED visits pct,quantile,0.1,0.02624677100710448
rock-hill,2026-05-23,1,2026-05-30,Flu ED visits pct,quantile,0.1,0.0
rtp-area,2026-05-23,1,2026-05-30,Flu ED visits pct,quantile,0.1,0.07420938107144674
salem,2026-05-23,1,2026-05-30,Flu ED visits pct,quantile,0.1,0.08196989213902456
salt-lake-city,2026-05-23,1,2026-05-30,Flu ED visits pct,quantile,0.1,0.06341958944038333
san-antonio,2026-05-23,1,2026-05-30,Flu ED visits pct,quantile,0.1,0.06497573941418382
savannah,2026-05-23,1,2026-05-30,Flu ED visits pct,quantile,0.1,0.0053849190457876325
senc,2026-05-23,1,2026-05-30,Flu ED visits pct,quantile,0.1,0.012904824023512384
south-augusta,2026-05-23,1,2026-05-30,Flu ED visits pct,quantile,0.1,0.03642393207697272
south-carolina,2026-05-23,1,2026-05-30,Flu ED visits pct,quantile,0.1,0.06676640142484616
springfield,2026-05-23,1,2026-05-30,Flu ED visits pct,quantile,0.1,0.05199630694335924
st-cloud,2026-05-23,1,2026-05-30,Flu ED visits pct,quantile,0.1,0.025900398748241862
st-paul,2026-05-23,1,2026-05-30,Flu ED visits pct,quantile,0.1,0.15677244586739753
texas,2026-05-23,1,2026-05-30,Flu ED visits pct,quantile,0.1,0.21822478888260996
triad-area,2026-05-23,1,2026-05-30,Flu ED visits pct,quantile,0.1,0.2090160738727806
utah,2026-05-23,1,2026-05-30,Flu ED visits pct,quantile,0.1,0.07471834928902824
virginia,2026-05-23,1,2026-05-30,Flu ED visits pct,quantile,0.1,0.14066193807101113
weld,2026-05-23,1,2026-05-30,Flu ED visits pct,quantile,0.1,0.05693831308888455
wnc,2026-05-23,1,2026-05-30,Flu ED visits pct,quantile,0.1,0.08812011644267091
worcester,2026-05-23,1,2026-05-30,Flu ED visits pct,quantile,0.1,0.05668027428765585
athens,2026-05-23,2,2026-06-06,Flu ED visits pct,quantile,0.1,0.04441388708552712
austin,2026-05-23,2,2026-06-06,Flu ED visits pct,quantile,0.1,0.0963460423501728
baltimore,2026-05-23,2,2026-06-06,Flu ED visits pct,quantile,0.1,0.049804025957839566
bangor,2026-05-23,2,2026-06-06,Flu ED visits pct,quantile,0.1,0.01319287687590768
beaumont,2026-05-23,2,2026-06-06,Flu ED visits pct,quantile,0.1,0.14646063580969879
boston,2026-05-23,2,2026-06-06,Flu ED visits pct,quantile,0.1,0.054449030725784366
boulder,2026-05-23,2,2026-06-06,Flu ED visits pct,quantile,0.1,0.0636302719950779
charleston,2026-05-23,2,2026-06-06,Flu ED visits pct,quantile,0.1,0.07058209823598152
cherokee,2026-05-23,2,2026-06-06,Flu ED visits pct,quantile,0.1,0.036509734622113287
clt-area,2026-05-23,2,2026-06-06,Flu ED visits pct,quantile,0.1,0.33722847184312543
colorado,2026-05-23,2,2026-06-06,Flu ED visits pct,quantile,0.1,0.14976518366877842
colorado-springs,2026-05-23,2,2026-06-06,Flu ED visits pct,quantile,0.1,0.13733807299167164
columbia,2026-05-23,2,2026-06-06,Flu ED visits pct,quantile,0.1,0.013498780342874371
columbus,2026-05-23,2,2026-06-06,Flu ED visits pct,quantile,0.1,0.0
dallas,2026-05-23,2,2026-06-06,Flu ED visits pct,quantile,0.1,0.08405860942688241
denver,2026-05-23,2,2026-06-06,Flu ED visits pct,quantile,0.1,0.13550961559931338
deschutes,2026-05-23,2,2026-06-06,Flu ED visits pct,quantile,0.1,0.12033558198795168
duluth,2026-05-23,2,2026-06-06,Flu ED visits pct,quantile,0.1,0.059473239754319555
el-paso,2026-05-23,2,2026-06-06,Flu ED visits pct,quantile,0.1,0.5277992268422292
eugene,2026-05-23,2,2026-06-06,Flu ED visits pct,quantile,0.1,0.040548341969172466
fay-area,2026-05-23,2,2026-06-06,Flu ED visits pct,quantile,0.1,0.2993389242886908
florence,2026-05-23,2,2026-06-06,Flu ED visits pct,quantile,0.1,0.0428435345333005
floyd,2026-05-23,2,2026-06-06,Flu ED visits pct,quantile,0.1,0.04408640661466541
frederick,2026-05-23,2,2026-06-06,Flu ED visits pct,quantile,0.1,0.029239353273559546
georgia,2026-05-23,2,2026-06-06,Flu ED visits pct,quantile,0.1,0.07973071559689113
greenville,2026-05-23,2,2026-06-06,Flu ED visits pct,quantile,0.1,0.029018734308387757
hall,2026-05-23,2,2026-06-06,Flu ED visits pct,quantile,0.1,0.015376613561411371
harford,2026-05-23,2,2026-06-06,Flu ED visits pct,quantile,0.1,0.014009927780540178
henry,2026-05-23,2,2026-06-06,Flu ED visits pct,quantile,0.1,0.031154478822643418
horry,2026-05-23,2,2026-06-06,Flu ED visits pct,quantile,0.1,0.02259662727495261
houston,2026-05-23,2,2026-06-06,Flu ED visits pct,quantile,0.1,0.15398848045888602
indiana,2026-05-23,2,2026-06-06,Flu ED visits pct,quantile,0.1,0.03925685531261753
indianapolis,2026-05-23,2,2026-06-06,Flu ED visits pct,quantile,0.1,0.02581866534327653
la-grange,2026-05-23,2,2026-06-06,Flu ED visits pct,quantile,0.1,0.002825357078918414
larimer,2026-05-23,2,2026-06-06,Flu ED visits pct,quantile,0.1,0.02221027867865929
lynn,2026-05-23,2,2026-06-06,Flu ED visits pct,quantile,0.1,0.03175103161867627
macon,2026-05-23,2,2026-06-06,Flu ED visits pct,quantile,0.1,0.10709252801673584
maine,2026-05-23,2,2026-06-06,Flu ED visits pct,quantile,0.1,0.05998348610901814
marietta,2026-05-23,2,2026-06-06,Flu ED visits pct,quantile,0.1,0.022997905091360696
maryland,2026-05-23,2,2026-06-06,Flu ED visits pct,quantile,0.1,0.0764644357152638
massachusetts,2026-05-23,2,2026-06-06,Flu ED visits pct,quantile,0.1,0.06756163231949094
medford,2026-05-23,2,2026-06-06,Flu ED visits pct,quantile,0.1,0.0026925056599026425
mesa,2026-05-23,2,2026-06-06,Flu ED visits pct,quantile,0.1,0.0034673129126805684
minneapolis,2026-05-23,2,2026-06-06,Flu ED visits pct,quantile,0.1,0.09873371776269999
minnesota,2026-05-23,2,2026-06-06,Flu ED visits pct,quantile,0.1,0.11744979529058623
montgomery,2026-05-23,2,2026-06-06,Flu ED visits pct,quantile,0.1,0.0738097095557507
nenc,2026-05-23,2,2026-06-06,Flu ED visits pct,quantile,0.1,0.06270383017186919
new-bedford,2026-05-23,2,2026-06-06,Flu ED visits pct,quantile,0.1,0.07607793222712401
north-carolina,2026-05-23,2,2026-06-06,Flu ED visits pct,quantile,0.1,0.2532776021830122
ogden,2026-05-23,2,2026-06-06,Flu ED visits pct,quantile,0.1,0.023835533965124174
oregon,2026-05-23,2,2026-06-06,Flu ED visits pct,quantile,0.1,0.11355713114838299
pittsfield,2026-05-23,2,2026-06-06,Flu ED visits pct,quantile,0.1,0.0
portland,2026-05-23,2,2026-06-06,Flu ED visits pct,quantile,0.1,0.020791206663337156
portland-or,2026-05-23,2,2026-06-06,Flu ED visits pct,quantile,0.1,0.07712247445633409
provo,2026-05-23,2,2026-06-06,Flu ED visits pct,quantile,0.1,0.02343049548141731
roanoke,2026-05-23,2,2026-06-06,Flu ED visits pct,quantile,0.1,0.07402764340325065
rochester,2026-05-23,2,2026-06-06,Flu ED visits pct,quantile,0.1,0.02029243606714426
rock-hill,2026-05-23,2,2026-06-06,Flu ED visits pct,quantile,0.1,0.0
rtp-area,2026-05-23,2,2026-06-06,Flu ED visits pct,quantile,0.1,0.058293455577496996
salem,2026-05-23,2,2026-06-06,Flu ED visits pct,quantile,0.1,0.06677251578565187
salt-lake-city,2026-05-23,2,2026-06-06,Flu ED visits pct,quantile,0.1,0.05703614688163749
san-antonio,2026-05-23,2,2026-06-06,Flu ED visits pct,quantile,0.1,0.059735596607388704
savannah,2026-05-23,2,2026-06-06,Flu ED visits pct,quantile,0.1,0.003756121933627737
senc,2026-05-23,2,2026-06-06,Flu ED visits pct,quantile,0.1,0.008032790942032174
south-augusta,2026-05-23,2,2026-06-06,Flu ED visits pct,quantile,0.1,0.028970238819028084
south-carolina,2026-05-23,2,2026-06-06,Flu ED visits pct,quantile,0.1,0.05523002327093301
springfield,2026-05-23,2,2026-06-06,Flu ED visits pct,quantile,0.1,0.04263374664225256
st-cloud,2026-05-23,2,2026-06-06,Flu ED visits pct,quantile,0.1,0.020908043292894057
st-paul,2026-05-23,2,2026-06-06,Flu ED visits pct,quantile,0.1,0.13509894765686328
texas,2026-05-23,2,2026-06-06,Flu ED visits pct,quantile,0.1,0.1932752707799955
triad-area,2026-05-23,2,2026-06-06,Flu ED visits pct,quantile,0.1,0.1714879185146345
utah,2026-05-23,2,2026-06-06,Flu ED visits pct,quantile,0.1,0.0634068698062524
virginia,2026-05-23,2,2026-06-06,Flu ED visits pct,quantile,0.1,0.12319835306422332
weld,2026-05-23,2,2026-06-06,Flu ED visits pct,quantile,0.1,0.04628520918366492
wnc,2026-05-23,2,2026-06-06,Flu ED visits pct,quantile,0.1,0.06804911902038747
worcester,2026-05-23,2,2026-06-06,Flu ED visits pct,quantile,0.1,0.050159222676508124
athens,2026-05-23,3,2026-06-13,Flu ED visits pct,quantile,0.1,0.03805906008183126
austin,2026-05-23,3,2026-06-13,Flu ED visits pct,quantile,0.1,0.08524696418815512
baltimore,2026-05-23,3,2026-06-13,Flu ED visits pct,quantile,0.1,0.04221087619973645
bangor,2026-05-23,3,2026-06-13,Flu ED visits pct,quantile,0.1,0.010550627758890098
beaumont,2026-05-23,3,2026-06-13,Flu ED visits pct,quantile,0.1,0.12426580564349228
boston,2026-05-23,3,2026-06-13,Flu ED visits pct,quantile,0.1,0.04671255977013941
boulder,2026-05-23,3,2026-06-13,Flu ED visits pct,quantile,0.1,0.05492945795141423
charleston,2026-05-23,3,2026-06-13,Flu ED visits pct,quantile,0.1,0.06034521420701478
cherokee,2026-05-23,3,2026-06-13,Flu ED visits pct,quantile,0.1,0.03483362814640746
clt-area,2026-05-23,3,2026-06-13,Flu ED visits pct,quantile,0.1,0.23168133034812172
colorado,2026-05-23,3,2026-06-13,Flu ED visits pct,quantile,0.1,0.1320958133205625
colorado-springs,2026-05-23,3,2026-06-13,Flu ED visits pct,quantile,0.1,0.11054680398235736
columbia,2026-05-23,3,2026-06-13,Flu ED visits pct,quantile,0.1,0.010209600547352428
columbus,2026-05-23,3,2026-06-13,Flu ED visits pct,quantile,0.1,0.0
dallas,2026-05-23,3,2026-06-13,Flu ED visits pct,quantile,0.1,0.07278206760972213
denver,2026-05-23,3,2026-06-13,Flu ED visits pct,quantile,0.1,0.11540353635389304
deschutes,2026-05-23,3,2026-06-13,Flu ED visits pct,quantile,0.1,0.11508315516896846
duluth,2026-05-23,3,2026-06-13,Flu ED visits pct,quantile,0.1,0.05031307915693885
el-paso,2026-05-23,3,2026-06-13,Flu ED visits pct,quantile,0.1,0.40074629143528917
eugene,2026-05-23,3,2026-06-13,Flu ED visits pct,quantile,0.1,0.035020630557734383
fay-area,2026-05-23,3,2026-06-13,Flu ED visits pct,quantile,0.1,0.21026952955187733
florence,2026-05-23,3,2026-06-13,Flu ED visits pct,quantile,0.1,0.03732332415409758
floyd,2026-05-23,3,2026-06-13,Flu ED visits pct,quantile,0.1,0.036013009781993864
frederick,2026-05-23,3,2026-06-13,Flu ED visits pct,quantile,0.1,0.02884721477372055
georgia,2026-05-23,3,2026-06-13,Flu ED visits pct,quantile,0.1,0.07115679947217297
greenville,2026-05-23,3,2026-06-13,Flu ED visits pct,quantile,0.1,0.023371256804059035
hall,2026-05-23,3,2026-06-13,Flu ED visits pct,quantile,0.1,0.012145558037260426
harford,2026-05-23,3,2026-06-13,Flu ED visits pct,quantile,0.1,0.013046257666281856
henry,2026-05-23,3,2026-06-13,Flu ED visits pct,quantile,0.1,0.02522299483702537
horry,2026-05-23,3,2026-06-13,Flu ED visits pct,quantile,0.1,0.017807777258780903
houston,2026-05-23,3,2026-06-13,Flu ED visits pct,quantile,0.1,0.13416899032299
indiana,2026-05-23,3,2026-06-13,Flu ED visits pct,quantile,0.1,0.03527537011809836
indianapolis,2026-05-23,3,2026-06-13,Flu ED visits pct,quantile,0.1,0.0226499012001541
la-grange,2026-05-23,3,2026-06-13,Flu ED visits pct,quantile,0.1,0.001270014614861998
larimer,2026-05-23,3,2026-06-13,Flu ED visits pct,quantile,0.1,0.020125072496638002
lynn,2026-05-23,3,2026-06-13,Flu ED visits pct,quantile,0.1,0.025058012602716666
macon,2026-05-23,3,2026-06-13,Flu ED visits pct,quantile,0.1,0.09262344399892643
maine,2026-05-23,3,2026-06-13,Flu ED visits pct,quantile,0.1,0.05105595944587795
marietta,2026-05-23,3,2026-06-13,Flu ED visits pct,quantile,0.1,0.018848425529757358
maryland,2026-05-23,3,2026-06-13,Flu ED visits pct,quantile,0.1,0.0677524359080965
massachusetts,2026-05-23,3,2026-06-13,Flu ED visits pct,quantile,0.1,0.05961469604128646
medford,2026-05-23,3,2026-06-13,Flu ED visits pct,quantile,0.1,0.0019972099748502645
mesa,2026-05-23,3,2026-06-13,Flu ED visits pct,quantile,0.1,0.003333597866860133
minneapolis,2026-05-23,3,2026-06-13,Flu ED visits pct,quantile,0.1,0.08501898182847062
minnesota,2026-05-23,3,2026-06-13,Flu ED visits pct,quantile,0.1,0.1043307172624352
montgomery,2026-05-23,3,2026-06-13,Flu ED visits pct,quantile,0.1,0.06421513831169033
nenc,2026-05-23,3,2026-06-13,Flu ED visits pct,quantile,0.1,0.053195572467389964
new-bedford,2026-05-23,3,2026-06-13,Flu ED visits pct,quantile,0.1,0.06260288938059218
north-carolina,2026-05-23,3,2026-06-13,Flu ED visits pct,quantile,0.1,0.20405222797934733
ogden,2026-05-23,3,2026-06-13,Flu ED visits pct,quantile,0.1,0.022303838978263615
oregon,2026-05-23,3,2026-06-13,Flu ED visits pct,quantile,0.1,0.1021391579753375
pittsfield,2026-05-23,3,2026-06-13,Flu ED visits pct,quantile,0.1,0.0
portland,2026-05-23,3,2026-06-13,Flu ED visits pct,quantile,0.1,0.016796373203467024
portland-or,2026-05-23,3,2026-06-13,Flu ED visits pct,quantile,0.1,0.06733377457695147
provo,2026-05-23,3,2026-06-13,Flu ED visits pct,quantile,0.1,0.01897386180257548
roanoke,2026-05-23,3,2026-06-13,Flu ED visits pct,quantile,0.1,0.06511657784042002
rochester,2026-05-23,3,2026-06-13,Flu ED visits pct,quantile,0.1,0.016915523552872555
rock-hill,2026-05-23,3,2026-06-13,Flu ED visits pct,quantile,0.1,0.0
rtp-area,2026-05-23,3,2026-06-13,Flu ED visits pct,quantile,0.1,0.049436674700379594
salem,2026-05-23,3,2026-06-13,Flu ED visits pct,quantile,0.1,0.05793711577344541
salt-lake-city,2026-05-23,3,2026-06-13,Flu ED visits pct,quantile,0.1,0.048537523847410675
san-antonio,2026-05-23,3,2026-06-13,Flu ED visits pct,quantile,0.1,0.050996346540939715
savannah,2026-05-23,3,2026-06-13,Flu ED visits pct,quantile,0.1,0.002522961839715808
senc,2026-05-23,3,2026-06-13,Flu ED visits pct,quantile,0.1,0.00567306910399318
south-augusta,2026-05-23,3,2026-06-13,Flu ED visits pct,quantile,0.1,0.024201547385872074
south-carolina,2026-05-23,3,2026-06-13,Flu ED visits pct,quantile,0.1,0.048107902266076065
springfield,2026-05-23,3,2026-06-13,Flu ED visits pct,quantile,0.1,0.033938174777081484
st-cloud,2026-05-23,3,2026-06-13,Flu ED visits pct,quantile,0.1,0.019022840702472045
st-paul,2026-05-23,3,2026-06-13,Flu ED visits pct,quantile,0.1,0.11848024936936531
texas,2026-05-23,3,2026-06-13,Flu ED visits pct,quantile,0.1,0.17637527571200864
triad-area,2026-05-23,3,2026-06-13,Flu ED visits pct,quantile,0.1,0.142309030241325
utah,2026-05-23,3,2026-06-13,Flu ED visits pct,quantile,0.1,0.05586623470793773
virginia,2026-05-23,3,2026-06-13,Flu ED visits pct,quantile,0.1,0.11263225440727416
weld,2026-05-23,3,2026-06-13,Flu ED visits pct,quantile,0.1,0.04467339715065974
wnc,2026-05-23,3,2026-06-13,Flu ED visits pct,quantile,0.1,0.055720392064800235
worcester,2026-05-23,3,2026-06-13,Flu ED visits pct,quantile,0.1,0.043787830287757026
athens,2026-05-23,0,2026-05-23,Flu ED visits pct,quantile,0.25,0.11752957409595292
austin,2026-05-23,0,2026-05-23,Flu ED visits pct,quantile,0.25,0.13759324962734093
baltimore,2026-05-23,0,2026-05-23,Flu ED visits pct,quantile,0.25,0.08672816059650468
bangor,2026-05-23,0,2026-05-23,Flu ED visits pct,quantile,0.25,0.05972527891697859
beaumont,2026-05-23,0,2026-05-23,Flu ED visits pct,quantile,0.25,0.30477931615648385
boston,2026-05-23,0,2026-05-23,Flu ED visits pct,quantile,0.25,0.08994894562401838
boulder,2026-05-23,0,2026-05-23,Flu ED visits pct,quantile,0.25,0.1359609718759214
charleston,2026-05-23,0,2026-05-23,Flu ED visits pct,quantile,0.25,0.11756291123927508
cherokee,2026-05-23,0,2026-05-23,Flu ED visits pct,quantile,0.25,0.11449991797041754
clt-area,2026-05-23,0,2026-05-23,Flu ED visits pct,quantile,0.25,0.9666857888658015
colorado,2026-05-23,0,2026-05-23,Flu ED visits pct,quantile,0.25,0.22813762779077912
colorado-springs,2026-05-23,0,2026-05-23,Flu ED visits pct,quantile,0.25,0.27650576495887014
columbia,2026-05-23,0,2026-05-23,Flu ED visits pct,quantile,0.25,0.04266085435514266
columbus,2026-05-23,0,2026-05-23,Flu ED visits pct,quantile,0.25,0.028988780031735314
dallas,2026-05-23,0,2026-05-23,Flu ED visits pct,quantile,0.25,0.12485695450424782
denver,2026-05-23,0,2026-05-23,Flu ED visits pct,quantile,0.25,0.22932272835171258
deschutes,2026-05-23,0,2026-05-23,Flu ED visits pct,quantile,0.25,0.279203605526778
duluth,2026-05-23,0,2026-05-23,Flu ED visits pct,quantile,0.25,0.14477323142152299
el-paso,2026-05-23,0,2026-05-23,Flu ED visits pct,quantile,0.25,1.0519691723446616
eugene,2026-05-23,0,2026-05-23,Flu ED visits pct,quantile,0.25,0.08222331879853184
fay-area,2026-05-23,0,2026-05-23,Flu ED visits pct,quantile,0.25,0.7691276750447947
florence,2026-05-23,0,2026-05-23,Flu ED visits pct,quantile,0.25,0.12349668182372218
floyd,2026-05-23,0,2026-05-23,Flu ED visits pct,quantile,0.25,0.09833931064546411
frederick,2026-05-23,0,2026-05-23,Flu ED visits pct,quantile,0.25,0.05796667297732199
georgia,2026-05-23,0,2026-05-23,Flu ED visits pct,quantile,0.25,0.12079040529293579
greenville,2026-05-23,0,2026-05-23,Flu ED visits pct,quantile,0.25,0.06705123508917335
hall,2026-05-23,0,2026-05-23,Flu ED visits pct,quantile,0.25,0.042146878463198555
harford,2026-05-23,0,2026-05-23,Flu ED visits pct,quantile,0.25,0.06225932707228297
henry,2026-05-23,0,2026-05-23,Flu ED visits pct,quantile,0.25,0.07598109443353557
horry,2026-05-23,0,2026-05-23,Flu ED visits pct,quantile,0.25,0.05485815334794492
houston,2026-05-23,0,2026-05-23,Flu ED visits pct,quantile,0.25,0.2477705514936373
indiana,2026-05-23,0,2026-05-23,Flu ED visits pct,quantile,0.25,0.0642386168856454
indianapolis,2026-05-23,0,2026-05-23,Flu ED visits pct,quantile,0.25,0.048230562424483564
la-grange,2026-05-23,0,2026-05-23,Flu ED visits pct,quantile,0.25,0.028761961775541925
larimer,2026-05-23,0,2026-05-23,Flu ED visits pct,quantile,0.25,0.0672620265960719
lynn,2026-05-23,0,2026-05-23,Flu ED visits pct,quantile,0.25,0.07118396539658975
macon,2026-05-23,0,2026-05-23,Flu ED visits pct,quantile,0.25,0.19761525136546945
maine,2026-05-23,0,2026-05-23,Flu ED visits pct,quantile,0.25,0.10482141288454148
marietta,2026-05-23,0,2026-05-23,Flu ED visits pct,quantile,0.25,0.057748192805365244
maryland,2026-05-23,0,2026-05-23,Flu ED visits pct,quantile,0.25,0.11947169084527422
massachusetts,2026-05-23,0,2026-05-23,Flu ED visits pct,quantile,0.25,0.10819386130865824
medford,2026-05-23,0,2026-05-23,Flu ED visits pct,quantile,0.25,0.025473713695258943
mesa,2026-05-23,0,2026-05-23,Flu ED visits pct,quantile,0.25,0.038424863343379856
minneapolis,2026-05-23,0,2026-05-23,Flu ED visits pct,quantile,0.25,0.17022348283674796
minnesota,2026-05-23,0,2026-05-23,Flu ED visits pct,quantile,0.25,0.17404313278736963
montgomery,2026-05-23,0,2026-05-23,Flu ED visits pct,quantile,0.25,0.11629831682182164
nenc,2026-05-23,0,2026-05-23,Flu ED visits pct,quantile,0.25,0.11665226239351865
new-bedford,2026-05-23,0,2026-05-23,Flu ED visits pct,quantile,0.25,0.1661691403194249
north-carolina,2026-05-23,0,2026-05-23,Flu ED visits pct,quantile,0.25,0.48130786631215117
ogden,2026-05-23,0,2026-05-23,Flu ED visits pct,quantile,0.25,0.06323607631528264
oregon,2026-05-23,0,2026-05-23,Flu ED visits pct,quantile,0.25,0.18669939901494448
pittsfield,2026-05-23,0,2026-05-23,Flu ED visits pct,quantile,0.25,0.0
portland,2026-05-23,0,2026-05-23,Flu ED visits pct,quantile,0.25,0.06905829077840091
portland-or,2026-05-23,0,2026-05-23,Flu ED visits pct,quantile,0.25,0.14388433214142574
provo,2026-05-23,0,2026-05-23,Flu ED visits pct,quantile,0.25,0.06018257419179946
roanoke,2026-05-23,0,2026-05-23,Flu ED visits pct,quantile,0.25,0.127140165378936
rochester,2026-05-23,0,2026-05-23,Flu ED visits pct,quantile,0.25,0.057902974268606654
rock-hill,2026-05-23,0,2026-05-23,Flu ED visits pct,quantile,0.25,0.0
rtp-area,2026-05-23,0,2026-05-23,Flu ED visits pct,quantile,0.25,0.11627231932952879
salem,2026-05-23,0,2026-05-23,Flu ED visits pct,quantile,0.25,0.15129159243235898
salt-lake-city,2026-05-23,0,2026-05-23,Flu ED visits pct,quantile,0.25,0.09462898653915978
san-antonio,2026-05-23,0,2026-05-23,Flu ED visits pct,quantile,0.25,0.09162869339881116
savannah,2026-05-23,0,2026-05-23,Flu ED visits pct,quantile,0.25,0.021661125542448964
senc,2026-05-23,0,2026-05-23,Flu ED visits pct,quantile,0.25,0.03591278152794076
south-augusta,2026-05-23,0,2026-05-23,Flu ED visits pct,quantile,0.25,0.07962814019889082
south-carolina,2026-05-23,0,2026-05-23,Flu ED visits pct,quantile,0.25,0.08867262108098371
springfield,2026-05-23,0,2026-05-23,Flu ED visits pct,quantile,0.25,0.10947912330180123
st-cloud,2026-05-23,0,2026-05-23,Flu ED visits pct,quantile,0.25,0.07639786791990219
st-paul,2026-05-23,0,2026-05-23,Flu ED visits pct,quantile,0.25,0.23669305583988876
texas,2026-05-23,0,2026-05-23,Flu ED visits pct,quantile,0.25,0.27495526456295205
triad-area,2026-05-23,0,2026-05-23,Flu ED visits pct,quantile,0.25,0.29262860237241295
utah,2026-05-23,0,2026-05-23,Flu ED visits pct,quantile,0.25,0.09701974978442102
virginia,2026-05-23,0,2026-05-23,Flu ED visits pct,quantile,0.25,0.1817840054746018
weld,2026-05-23,0,2026-05-23,Flu ED visits pct,quantile,0.25,0.12727005104005656
wnc,2026-05-23,0,2026-05-23,Flu ED visits pct,quantile,0.25,0.13635062041230941
worcester,2026-05-23,0,2026-05-23,Flu ED visits pct,quantile,0.25,0.11359793053161556
athens,2026-05-23,1,2026-05-30,Flu ED visits pct,quantile,0.25,0.09908215871462789
austin,2026-05-23,1,2026-05-30,Flu ED visits pct,quantile,0.25,0.12494220616394362
baltimore,2026-05-23,1,2026-05-30,Flu ED visits pct,quantile,0.25,0.07560575210437061
bangor,2026-05-23,1,2026-05-30,Flu ED visits pct,quantile,0.25,0.05090071198804064
beaumont,2026-05-23,1,2026-05-30,Flu ED visits pct,quantile,0.25,0.26347896503208135
boston,2026-05-23,1,2026-05-30,Flu ED visits pct,quantile,0.25,0.07951884688935482
boulder,2026-05-23,1,2026-05-30,Flu ED visits pct,quantile,0.25,0.11558838265705458
charleston,2026-05-23,1,2026-05-30,Flu ED visits pct,quantile,0.25,0.10597403879256677
cherokee,2026-05-23,1,2026-05-30,Flu ED visits pct,quantile,0.25,0.09695422580319549
clt-area,2026-05-23,1,2026-05-30,Flu ED visits pct,quantile,0.25,0.6509318956549796
colorado,2026-05-23,1,2026-05-30,Flu ED visits pct,quantile,0.25,0.2003722270854153
colorado-springs,2026-05-23,1,2026-05-30,Flu ED visits pct,quantile,0.25,0.23938486281947852
columbia,2026-05-23,1,2026-05-30,Flu ED visits pct,quantile,0.25,0.03595669881513139
columbus,2026-05-23,1,2026-05-30,Flu ED visits pct,quantile,0.25,0.026453254118493412
dallas,2026-05-23,1,2026-05-30,Flu ED visits pct,quantile,0.25,0.11423838955990179
denver,2026-05-23,1,2026-05-30,Flu ED visits pct,quantile,0.25,0.20376497115481448
deschutes,2026-05-23,1,2026-05-30,Flu ED visits pct,quantile,0.25,0.24473375716452356
duluth,2026-05-23,1,2026-05-30,Flu ED visits pct,quantile,0.25,0.12075205305310092
el-paso,2026-05-23,1,2026-05-30,Flu ED visits pct,quantile,0.25,0.832670073411158
eugene,2026-05-23,1,2026-05-30,Flu ED visits pct,quantile,0.25,0.06932770136657697
fay-area,2026-05-23,1,2026-05-30,Flu ED visits pct,quantile,0.25,0.5251416014533281
florence,2026-05-23,1,2026-05-30,Flu ED visits pct,quantile,0.25,0.10229221148629351
floyd,2026-05-23,1,2026-05-30,Flu ED visits pct,quantile,0.25,0.08349642938793812
frederick,2026-05-23,1,2026-05-30,Flu ED visits pct,quantile,0.25,0.0580464756641361
georgia,2026-05-23,1,2026-05-30,Flu ED visits pct,quantile,0.25,0.10874087983102602
greenville,2026-05-23,1,2026-05-30,Flu ED visits pct,quantile,0.25,0.0576594046182504
hall,2026-05-23,1,2026-05-30,Flu ED visits pct,quantile,0.25,0.03658869858768341
harford,2026-05-23,1,2026-05-30,Flu ED visits pct,quantile,0.25,0.05346717897458895
henry,2026-05-23,1,2026-05-30,Flu ED visits pct,quantile,0.25,0.06322233224264495
horry,2026-05-23,1,2026-05-30,Flu ED visits pct,quantile,0.25,0.04715055497254594
houston,2026-05-23,1,2026-05-30,Flu ED visits pct,quantile,0.25,0.2263802811483037
indiana,2026-05-23,1,2026-05-30,Flu ED visits pct,quantile,0.25,0.059823108816826724
indianapolis,2026-05-23,1,2026-05-30,Flu ED visits pct,quantile,0.25,0.04730582137919794
la-grange,2026-05-23,1,2026-05-30,Flu ED visits pct,quantile,0.25,0.022051518376462402
larimer,2026-05-23,1,2026-05-30,Flu ED visits pct,quantile,0.25,0.06063916531883073
lynn,2026-05-23,1,2026-05-30,Flu ED visits pct,quantile,0.25,0.06355152415258392
macon,2026-05-23,1,2026-05-30,Flu ED visits pct,quantile,0.25,0.17264418921988303
maine,2026-05-23,1,2026-05-30,Flu ED visits pct,quantile,0.25,0.08931003766056632
marietta,2026-05-23,1,2026-05-30,Flu ED visits pct,quantile,0.25,0.04929780660698156
maryland,2026-05-23,1,2026-05-30,Flu ED visits pct,quantile,0.25,0.10472147102284958
massachusetts,2026-05-23,1,2026-05-30,Flu ED visits pct,quantile,0.25,0.09281211306806535
medford,2026-05-23,1,2026-05-30,Flu ED visits pct,quantile,0.25,0.01930592276780875
mesa,2026-05-23,1,2026-05-30,Flu ED visits pct,quantile,0.25,0.030483877850114888
minneapolis,2026-05-23,1,2026-05-30,Flu ED visits pct,quantile,0.25,0.15357013830385574
minnesota,2026-05-23,1,2026-05-30,Flu ED visits pct,quantile,0.25,0.15320274818594112
montgomery,2026-05-23,1,2026-05-30,Flu ED visits pct,quantile,0.25,0.10348069806196981
nenc,2026-05-23,1,2026-05-30,Flu ED visits pct,quantile,0.25,0.09932881494016281
new-bedford,2026-05-23,1,2026-05-30,Flu ED visits pct,quantile,0.25,0.1410952549623536
north-carolina,2026-05-23,1,2026-05-30,Flu ED visits pct,quantile,0.25,0.3724563220531908
ogden,2026-05-23,1,2026-05-30,Flu ED visits pct,quantile,0.25,0.05620909816893729
oregon,2026-05-23,1,2026-05-30,Flu ED visits pct,quantile,0.25,0.1646593082860617
pittsfield,2026-05-23,1,2026-05-30,Flu ED visits pct,quantile,0.25,0.0
portland,2026-05-23,1,2026-05-30,Flu ED visits pct,quantile,0.25,0.05766383299806307
portland-or,2026-05-23,1,2026-05-30,Flu ED visits pct,quantile,0.25,0.13073881839769874
provo,2026-05-23,1,2026-05-30,Flu ED visits pct,quantile,0.25,0.05430537214500298
roanoke,2026-05-23,1,2026-05-30,Flu ED visits pct,quantile,0.25,0.11421614431052916
rochester,2026-05-23,1,2026-05-30,Flu ED visits pct,quantile,0.25,0.04936490178165527
rock-hill,2026-05-23,1,2026-05-30,Flu ED visits pct,quantile,0.25,0.0
rtp-area,2026-05-23,1,2026-05-30,Flu ED visits pct,quantile,0.25,0.09791194379773058
salem,2026-05-23,1,2026-05-30,Flu ED visits pct,quantile,0.25,0.1292748376735981
salt-lake-city,2026-05-23,1,2026-05-30,Flu ED visits pct,quantile,0.25,0.0846438747446831
san-antonio,2026-05-23,1,2026-05-30,Flu ED visits pct,quantile,0.25,0.08301628227680738
savannah,2026-05-23,1,2026-05-30,Flu ED visits pct,quantile,0.25,0.01811717511762652
senc,2026-05-23,1,2026-05-30,Flu ED visits pct,quantile,0.25,0.027781571163782104
south-augusta,2026-05-23,1,2026-05-30,Flu ED visits pct,quantile,0.25,0.0671976059181338
south-carolina,2026-05-23,1,2026-05-30,Flu ED visits pct,quantile,0.25,0.07548492528186776
springfield,2026-05-23,1,2026-05-30,Flu ED visits pct,quantile,0.25,0.0944246617943658
st-cloud,2026-05-23,1,2026-05-30,Flu ED visits pct,quantile,0.25,0.06426233880767673
st-paul,2026-05-23,1,2026-05-30,Flu ED visits pct,quantile,0.25,0.21057324801086227
texas,2026-05-23,1,2026-05-30,Flu ED visits pct,quantile,0.25,0.26130773248171724
triad-area,2026-05-23,1,2026-05-30,Flu ED visits pct,quantile,0.25,0.2606558051529665
utah,2026-05-23,1,2026-05-30,Flu ED visits pct,quantile,0.25,0.08752975040815891
virginia,2026-05-23,1,2026-05-30,Flu ED visits pct,quantile,0.25,0.16520582539921685
weld,2026-05-23,1,2026-05-30,Flu ED visits pct,quantile,0.25,0.10647740646119018
wnc,2026-05-23,1,2026-05-30,Flu ED visits pct,quantile,0.25,0.11595631952878437
worcester,2026-05-23,1,2026-05-30,Flu ED visits pct,quantile,0.25,0.09999364051938554
athens,2026-05-23,2,2026-06-06,Flu ED visits pct,quantile,0.25,0.08695995769858582
austin,2026-05-23,2,2026-06-06,Flu ED visits pct,quantile,0.25,0.11563811064609177
baltimore,2026-05-23,2,2026-06-06,Flu ED visits pct,quantile,0.25,0.06699582645177728
bangor,2026-05-23,2,2026-06-06,Flu ED visits pct,quantile,0.25,0.04546476398652898
beaumont,2026-05-23,2,2026-06-06,Flu ED visits pct,quantile,0.25,0.247114074380971
boston,2026-05-23,2,2026-06-06,Flu ED visits pct,quantile,0.25,0.06859236746262358
boulder,2026-05-23,2,2026-06-06,Flu ED visits pct,quantile,0.25,0.1037596775153186
charleston,2026-05-23,2,2026-06-06,Flu ED visits pct,quantile,0.25,0.09672322757766434
cherokee,2026-05-23,2,2026-06-06,Flu ED visits pct,quantile,0.25,0.08784184877142874
clt-area,2026-05-23,2,2026-06-06,Flu ED visits pct,quantile,0.25,0.47100564328839517
colorado,2026-05-23,2,2026-06-06,Flu ED visits pct,quantile,0.25,0.17635724606915917
colorado-springs,2026-05-23,2,2026-06-06,Flu ED visits pct,quantile,0.25,0.21444509696510614
columbia,2026-05-23,2,2026-06-06,Flu ED visits pct,quantile,0.25,0.03192046181212549
columbus,2026-05-23,2,2026-06-06,Flu ED visits pct,quantile,0.25,0.024866481836463145
dallas,2026-05-23,2,2026-06-06,Flu ED visits pct,quantile,0.25,0.10292203358647357
denver,2026-05-23,2,2026-06-06,Flu ED visits pct,quantile,0.25,0.18349092368444614
deschutes,2026-05-23,2,2026-06-06,Flu ED visits pct,quantile,0.25,0.2332774700489164
duluth,2026-05-23,2,2026-06-06,Flu ED visits pct,quantile,0.25,0.10590952268119813
el-paso,2026-05-23,2,2026-06-06,Flu ED visits pct,quantile,0.25,0.7072763765675177
eugene,2026-05-23,2,2026-06-06,Flu ED visits pct,quantile,0.25,0.06398030707307767
fay-area,2026-05-23,2,2026-06-06,Flu ED visits pct,quantile,0.25,0.3978079431255032
florence,2026-05-23,2,2026-06-06,Flu ED visits pct,quantile,0.25,0.09520913668061602
floyd,2026-05-23,2,2026-06-06,Flu ED visits pct,quantile,0.25,0.07376518317772424
frederick,2026-05-23,2,2026-06-06,Flu ED visits pct,quantile,0.25,0.05853892852140593
georgia,2026-05-23,2,2026-06-06,Flu ED visits pct,quantile,0.25,0.09514421903612522
greenville,2026-05-23,2,2026-06-06,Flu ED visits pct,quantile,0.25,0.04991431593588033
hall,2026-05-23,2,2026-06-06,Flu ED visits pct,quantile,0.25,0.032535235750007704
harford,2026-05-23,2,2026-06-06,Flu ED visits pct,quantile,0.25,0.05299296820737264
henry,2026-05-23,2,2026-06-06,Flu ED visits pct,quantile,0.25,0.054708263659907476
horry,2026-05-23,2,2026-06-06,Flu ED visits pct,quantile,0.25,0.04356533391291606
houston,2026-05-23,2,2026-06-06,Flu ED visits pct,quantile,0.25,0.20468118600344953
indiana,2026-05-23,2,2026-06-06,Flu ED visits pct,quantile,0.25,0.05932946219892305
indianapolis,2026-05-23,2,2026-06-06,Flu ED visits pct,quantile,0.25,0.04825070843199134
la-grange,2026-05-23,2,2026-06-06,Flu ED visits pct,quantile,0.25,0.020239679960061242
larimer,2026-05-23,2,2026-06-06,Flu ED visits pct,quantile,0.25,0.05875377481892744
lynn,2026-05-23,2,2026-06-06,Flu ED visits pct,quantile,0.25,0.058794116059981895
macon,2026-05-23,2,2026-06-06,Flu ED visits pct,quantile,0.25,0.15899377471586262
maine,2026-05-23,2,2026-06-06,Flu ED visits pct,quantile,0.25,0.07672251324218944
marietta,2026-05-23,2,2026-06-06,Flu ED visits pct,quantile,0.25,0.04553574696402295
maryland,2026-05-23,2,2026-06-06,Flu ED visits pct,quantile,0.25,0.09063490554352503
massachusetts,2026-05-23,2,2026-06-06,Flu ED visits pct,quantile,0.25,0.07807770599607824
medford,2026-05-23,2,2026-06-06,Flu ED visits pct,quantile,0.25,0.018055902494656988
mesa,2026-05-23,2,2026-06-06,Flu ED visits pct,quantile,0.25,0.030530565214008057
minneapolis,2026-05-23,2,2026-06-06,Flu ED visits pct,quantile,0.25,0.13436158443873358
minnesota,2026-05-23,2,2026-06-06,Flu ED visits pct,quantile,0.25,0.13298605228109805
montgomery,2026-05-23,2,2026-06-06,Flu ED visits pct,quantile,0.25,0.09192750591737427
nenc,2026-05-23,2,2026-06-06,Flu ED visits pct,quantile,0.25,0.08298569832746357
new-bedford,2026-05-23,2,2026-06-06,Flu ED visits pct,quantile,0.25,0.1251142644842492
north-carolina,2026-05-23,2,2026-06-06,Flu ED visits pct,quantile,0.25,0.29903429353368316
ogden,2026-05-23,2,2026-06-06,Flu ED visits pct,quantile,0.25,0.05415629212685997
oregon,2026-05-23,2,2026-06-06,Flu ED visits pct,quantile,0.25,0.14461303723665603
pittsfield,2026-05-23,2,2026-06-06,Flu ED visits pct,quantile,0.25,0.0
portland,2026-05-23,2,2026-06-06,Flu ED visits pct,quantile,0.25,0.04957743576337432
portland-or,2026-05-23,2,2026-06-06,Flu ED visits pct,quantile,0.25,0.11661266005026198
provo,2026-05-23,2,2026-06-06,Flu ED visits pct,quantile,0.25,0.05155276316463696
roanoke,2026-05-23,2,2026-06-06,Flu ED visits pct,quantile,0.25,0.10557124086560168
rochester,2026-05-23,2,2026-06-06,Flu ED visits pct,quantile,0.25,0.04599358926203637
rock-hill,2026-05-23,2,2026-06-06,Flu ED visits pct,quantile,0.25,0.0
rtp-area,2026-05-23,2,2026-06-06,Flu ED visits pct,quantile,0.25,0.08268777817880761
salem,2026-05-23,2,2026-06-06,Flu ED visits pct,quantile,0.25,0.11530467599281642
salt-lake-city,2026-05-23,2,2026-06-06,Flu ED visits pct,quantile,0.25,0.0774246760677609
san-antonio,2026-05-23,2,2026-06-06,Flu ED visits pct,quantile,0.25,0.07609080443166241
savannah,2026-05-23,2,2026-06-06,Flu ED visits pct,quantile,0.25,0.01630243881065429
senc,2026-05-23,2,2026-06-06,Flu ED visits pct,quantile,0.25,0.02115306785576282
south-augusta,2026-05-23,2,2026-06-06,Flu ED visits pct,quantile,0.25,0.05802944825897196
south-carolina,2026-05-23,2,2026-06-06,Flu ED visits pct,quantile,0.25,0.06400036143317558
springfield,2026-05-23,2,2026-06-06,Flu ED visits pct,quantile,0.25,0.0808739117298423
st-cloud,2026-05-23,2,2026-06-06,Flu ED visits pct,quantile,0.25,0.059030248686339944
st-paul,2026-05-23,2,2026-06-06,Flu ED visits pct,quantile,0.25,0.18834704853891096
texas,2026-05-23,2,2026-06-06,Flu ED visits pct,quantile,0.25,0.23536002120487207
triad-area,2026-05-23,2,2026-06-06,Flu ED visits pct,quantile,0.25,0.229367058756923
utah,2026-05-23,2,2026-06-06,Flu ED visits pct,quantile,0.25,0.07857658062011853
virginia,2026-05-23,2,2026-06-06,Flu ED visits pct,quantile,0.25,0.14917421745809034
weld,2026-05-23,2,2026-06-06,Flu ED visits pct,quantile,0.25,0.09463685403994923
wnc,2026-05-23,2,2026-06-06,Flu ED visits pct,quantile,0.25,0.10034306207255406
worcester,2026-05-23,2,2026-06-06,Flu ED visits pct,quantile,0.25,0.09034636144226742
athens,2026-05-23,3,2026-06-13,Flu ED visits pct,quantile,0.25,0.08167480707175649
austin,2026-05-23,3,2026-06-13,Flu ED visits pct,quantile,0.25,0.11085994393846882
baltimore,2026-05-23,3,2026-06-13,Flu ED visits pct,quantile,0.25,0.05960695673270237
bangor,2026-05-23,3,2026-06-13,Flu ED visits pct,quantile,0.25,0.04323384645007038
beaumont,2026-05-23,3,2026-06-13,Flu ED visits pct,quantile,0.25,0.23896505023216752
boston,2026-05-23,3,2026-06-13,Flu ED visits pct,quantile,0.25,0.062270174114575576
boulder,2026-05-23,3,2026-06-13,Flu ED visits pct,quantile,0.25,0.09952163653440993
charleston,2026-05-23,3,2026-06-13,Flu ED visits pct,quantile,0.25,0.0902064070282488
cherokee,2026-05-23,3,2026-06-13,Flu ED visits pct,quantile,0.25,0.08088071855925665
clt-area,2026-05-23,3,2026-06-13,Flu ED visits pct,quantile,0.25,0.3367570299747773
colorado,2026-05-23,3,2026-06-13,Flu ED visits pct,quantile,0.25,0.16353959566684892
colorado-springs,2026-05-23,3,2026-06-13,Flu ED visits pct,quantile,0.25,0.19753099768696053
columbia,2026-05-23,3,2026-06-13,Flu ED visits pct,quantile,0.25,0.029966858685631745
columbus,2026-05-23,3,2026-06-13,Flu ED visits pct,quantile,0.25,0.02385649557985376
dallas,2026-05-23,3,2026-06-13,Flu ED visits pct,quantile,0.25,0.09691451726385265
denver,2026-05-23,3,2026-06-13,Flu ED visits pct,quantile,0.25,0.16906526552725318
deschutes,2026-05-23,3,2026-06-13,Flu ED visits pct,quantile,0.25,0.22776692228799061
duluth,2026-05-23,3,2026-06-13,Flu ED visits pct,quantile,0.25,0.09858669352026386
el-paso,2026-05-23,3,2026-06-13,Flu ED visits pct,quantile,0.25,0.6153365801505615
eugene,2026-05-23,3,2026-06-13,Flu ED visits pct,quantile,0.25,0.06165776379924135
fay-area,2026-05-23,3,2026-06-13,Flu ED visits pct,quantile,0.25,0.308354540007702
florence,2026-05-23,3,2026-06-13,Flu ED visits pct,quantile,0.25,0.0918218572794749
floyd,2026-05-23,3,2026-06-13,Flu ED visits pct,quantile,0.25,0.0685914646356936
frederick,2026-05-23,3,2026-06-13,Flu ED visits pct,quantile,0.25,0.05853892852140593
georgia,2026-05-23,3,2026-06-13,Flu ED visits pct,quantile,0.25,0.08803987521079508
greenville,2026-05-23,3,2026-06-13,Flu ED visits pct,quantile,0.25,0.04532581213536025
hall,2026-05-23,3,2026-06-13,Flu ED visits pct,quantile,0.25,0.030388318979593106
harford,2026-05-23,3,2026-06-13,Flu ED visits pct,quantile,0.25,0.050997542962625354
henry,2026-05-23,3,2026-06-13,Flu ED visits pct,quantile,0.25,0.05283728775598918
horry,2026-05-23,3,2026-06-13,Flu ED visits pct,quantile,0.25,0.04131581730286502
houston,2026-05-23,3,2026-06-13,Flu ED visits pct,quantile,0.25,0.19037720875103228
indiana,2026-05-23,3,2026-06-13,Flu ED visits pct,quantile,0.25,0.0571397220046767
indianapolis,2026-05-23,3,2026-06-13,Flu ED visits pct,quantile,0.25,0.04787736645649629
la-grange,2026-05-23,3,2026-06-13,Flu ED visits pct,quantile,0.25,0.019444495585451492
larimer,2026-05-23,3,2026-06-13,Flu ED visits pct,quantile,0.25,0.05741803844472259
lynn,2026-05-23,3,2026-06-13,Flu ED visits pct,quantile,0.25,0.055084641398542945
macon,2026-05-23,3,2026-06-13,Flu ED visits pct,quantile,0.25,0.1575131928670215
maine,2026-05-23,3,2026-06-13,Flu ED visits pct,quantile,0.25,0.06879268919460482
marietta,2026-05-23,3,2026-06-13,Flu ED visits pct,quantile,0.25,0.04249250550744492
maryland,2026-05-23,3,2026-06-13,Flu ED visits pct,quantile,0.25,0.0836597287509461
massachusetts,2026-05-23,3,2026-06-13,Flu ED visits pct,quantile,0.25,0.07095298149238394
medford,2026-05-23,3,2026-06-13,Flu ED visits pct,quantile,0.25,0.01742600843952321
mesa,2026-05-23,3,2026-06-13,Flu ED visits pct,quantile,0.25,0.030359972651485774
minneapolis,2026-05-23,3,2026-06-13,Flu ED visits pct,quantile,0.25,0.12445168210226183
minnesota,2026-05-23,3,2026-06-13,Flu ED visits pct,quantile,0.25,0.12374255034043256
montgomery,2026-05-23,3,2026-06-13,Flu ED visits pct,quantile,0.25,0.08421934721221509
nenc,2026-05-23,3,2026-06-13,Flu ED visits pct,quantile,0.25,0.07633606239626853
new-bedford,2026-05-23,3,2026-06-13,Flu ED visits pct,quantile,0.25,0.11413428377470357
north-carolina,2026-05-23,3,2026-06-13,Flu ED visits pct,quantile,0.25,0.24218107884276813
ogden,2026-05-23,3,2026-06-13,Flu ED visits pct,quantile,0.25,0.05282996207286784
oregon,2026-05-23,3,2026-06-13,Flu ED visits pct,quantile,0.25,0.13410395486619617
pittsfield,2026-05-23,3,2026-06-13,Flu ED visits pct,quantile,0.25,0.0
portland,2026-05-23,3,2026-06-13,Flu ED visits pct,quantile,0.25,0.04744038064600288
portland-or,2026-05-23,3,2026-06-13,Flu ED visits pct,quantile,0.25,0.10994007857663696
provo,2026-05-23,3,2026-06-13,Flu ED visits pct,quantile,0.25,0.04890548781608526
roanoke,2026-05-23,3,2026-06-13,Flu ED visits pct,quantile,0.25,0.09911065490378654
rochester,2026-05-23,3,2026-06-13,Flu ED visits pct,quantile,0.25,0.04350996968968163
rock-hill,2026-05-23,3,2026-06-13,Flu ED visits pct,quantile,0.25,0.0
rtp-area,2026-05-23,3,2026-06-13,Flu ED visits pct,quantile,0.25,0.07751251723848643
salem,2026-05-23,3,2026-06-13,Flu ED visits pct,quantile,0.25,0.10985316242649283
salt-lake-city,2026-05-23,3,2026-06-13,Flu ED visits pct,quantile,0.25,0.07282662150773807
san-antonio,2026-05-23,3,2026-06-13,Flu ED visits pct,quantile,0.25,0.07086142945561524
savannah,2026-05-23,3,2026-06-13,Flu ED visits pct,quantile,0.25,0.014675052342308722
senc,2026-05-23,3,2026-06-13,Flu ED visits pct,quantile,0.25,0.018060904054591334
south-augusta,2026-05-23,3,2026-06-13,Flu ED visits pct,quantile,0.25,0.053684653671885914
south-carolina,2026-05-23,3,2026-06-13,Flu ED visits pct,quantile,0.25,0.05826210892655876
springfield,2026-05-23,3,2026-06-13,Flu ED visits pct,quantile,0.25,0.07607582860013232
st-cloud,2026-05-23,3,2026-06-13,Flu ED visits pct,quantile,0.25,0.056572003595352284
st-paul,2026-05-23,3,2026-06-13,Flu ED visits pct,quantile,0.25,0.17331428258965342
texas,2026-05-23,3,2026-06-13,Flu ED visits pct,quantile,0.25,0.22347368862839262
triad-area,2026-05-23,3,2026-06-13,Flu ED visits pct,quantile,0.25,0.21166377047441182
utah,2026-05-23,3,2026-06-13,Flu ED visits pct,quantile,0.25,0.07452910132507853
virginia,2026-05-23,3,2026-06-13,Flu ED visits pct,quantile,0.25,0.1389756937274494
weld,2026-05-23,3,2026-06-13,Flu ED visits pct,quantile,0.25,0.09158446004849283
wnc,2026-05-23,3,2026-06-13,Flu ED visits pct,quantile,0.25,0.0908999829377594
worcester,2026-05-23,3,2026-06-13,Flu ED visits pct,quantile,0.25,0.08522595063246857
athens,2026-05-23,0,2026-05-23,Flu ED visits pct,quantile,0.5,0.2041531542827926
austin,2026-05-23,0,2026-05-23,Flu ED visits pct,quantile,0.5,0.19616074519643
baltimore,2026-05-23,0,2026-05-23,Flu ED visits pct,quantile,0.5,0.12457669479022838
bangor,2026-05-23,0,2026-05-23,Flu ED visits pct,quantile,0.5,0.11245000033344754
beaumont,2026-05-23,0,2026-05-23,Flu ED visits pct,quantile,0.5,0.45168431219570154
boston,2026-05-23,0,2026-05-23,Flu ED visits pct,quantile,0.5,0.12907443099583232
boulder,2026-05-23,0,2026-05-23,Flu ED visits pct,quantile,0.5,0.22598003999828903
charleston,2026-05-23,0,2026-05-23,Flu ED visits pct,quantile,0.5,0.16651666895027403
cherokee,2026-05-23,0,2026-05-23,Flu ED visits pct,quantile,0.5,0.18149744868567882
clt-area,2026-05-23,0,2026-05-23,Flu ED visits pct,quantile,0.5,1.1589975623749087
colorado,2026-05-23,0,2026-05-23,Flu ED visits pct,quantile,0.5,0.27859316018328883
colorado-springs,2026-05-23,0,2026-05-23,Flu ED visits pct,quantile,0.5,0.35321946243057395
columbia,2026-05-23,0,2026-05-23,Flu ED visits pct,quantile,0.5,0.08366365673086121
columbus,2026-05-23,0,2026-05-23,Flu ED visits pct,quantile,0.5,0.09581080469151056
dallas,2026-05-23,0,2026-05-23,Flu ED visits pct,quantile,0.5,0.16834983468261103
denver,2026-05-23,0,2026-05-23,Flu ED visits pct,quantile,0.5,0.2971228574072583
deschutes,2026-05-23,0,2026-05-23,Flu ED visits pct,quantile,0.5,0.4378861421918863
duluth,2026-05-23,0,2026-05-23,Flu ED visits pct,quantile,0.5,0.22492064373529108
el-paso,2026-05-23,0,2026-05-23,Flu ED visits pct,quantile,0.5,1.4186227702231675
eugene,2026-05-23,0,2026-05-23,Flu ED visits pct,quantile,0.5,0.13319980618545962
fay-area,2026-05-23,0,2026-05-23,Flu ED visits pct,quantile,0.5,0.9670329806838629
florence,2026-05-23,0,2026-05-23,Flu ED visits pct,quantile,0.5,0.23213558593313213
floyd,2026-05-23,0,2026-05-23,Flu ED visits pct,quantile,0.5,0.16929212642152597
frederick,2026-05-23,0,2026-05-23,Flu ED visits pct,quantile,0.5,0.11760563869263106
georgia,2026-05-23,0,2026-05-23,Flu ED visits pct,quantile,0.5,0.14722740455110928
greenville,2026-05-23,0,2026-05-23,Flu ED visits pct,quantile,0.5,0.10611855653997576
hall,2026-05-23,0,2026-05-23,Flu ED visits pct,quantile,0.5,0.08598209633681095
harford,2026-05-23,0,2026-05-23,Flu ED visits pct,quantile,0.5,0.14347105743911534
henry,2026-05-23,0,2026-05-23,Flu ED visits pct,quantile,0.5,0.1205386406878212
horry,2026-05-23,0,2026-05-23,Flu ED visits pct,quantile,0.5,0.10603672514202271
houston,2026-05-23,0,2026-05-23,Flu ED visits pct,quantile,0.5,0.30214781064605195
indiana,2026-05-23,0,2026-05-23,Flu ED visits pct,quantile,0.5,0.11180172651480051
indianapolis,2026-05-23,0,2026-05-23,Flu ED visits pct,quantile,0.5,0.0808007524890288
la-grange,2026-05-23,0,2026-05-23,Flu ED visits pct,quantile,0.5,0.07817696201035829
larimer,2026-05-23,0,2026-05-23,Flu ED visits pct,quantile,0.5,0.13067488599925733
lynn,2026-05-23,0,2026-05-23,Flu ED visits pct,quantile,0.5,0.12285771668228933
macon,2026-05-23,0,2026-05-23,Flu ED visits pct,quantile,0.5,0.2519947272542262
maine,2026-05-23,0,2026-05-23,Flu ED visits pct,quantile,0.5,0.14935196856505858
marietta,2026-05-23,0,2026-05-23,Flu ED visits pct,quantile,0.5,0.09892249608773628
maryland,2026-05-23,0,2026-05-23,Flu ED visits pct,quantile,0.5,0.15112653880792415
massachusetts,2026-05-23,0,2026-05-23,Flu ED visits pct,quantile,0.5,0.14652615933411636
medford,2026-05-23,0,2026-05-23,Flu ED visits pct,quantile,0.5,0.0761113811589901
mesa,2026-05-23,0,2026-05-23,Flu ED visits pct,quantile,0.5,0.09997490874262727
minneapolis,2026-05-23,0,2026-05-23,Flu ED visits pct,quantile,0.5,0.22409418346629167
minnesota,2026-05-23,0,2026-05-23,Flu ED visits pct,quantile,0.5,0.21896077459047428
montgomery,2026-05-23,0,2026-05-23,Flu ED visits pct,quantile,0.5,0.1695620381351608
nenc,2026-05-23,0,2026-05-23,Flu ED visits pct,quantile,0.5,0.14489676472399524
new-bedford,2026-05-23,0,2026-05-23,Flu ED visits pct,quantile,0.5,0.24493200683030802
north-carolina,2026-05-23,0,2026-05-23,Flu ED visits pct,quantile,0.5,0.5598380192790968
ogden,2026-05-23,0,2026-05-23,Flu ED visits pct,quantile,0.5,0.11040049342196381
oregon,2026-05-23,0,2026-05-23,Flu ED visits pct,quantile,0.5,0.23180664477436458
pittsfield,2026-05-23,0,2026-05-23,Flu ED visits pct,quantile,0.5,0.060535286813611706
portland,2026-05-23,0,2026-05-23,Flu ED visits pct,quantile,0.5,0.12259380767367543
portland-or,2026-05-23,0,2026-05-23,Flu ED visits pct,quantile,0.5,0.1978620953632831
provo,2026-05-23,0,2026-05-23,Flu ED visits pct,quantile,0.5,0.08988744101427118
roanoke,2026-05-23,0,2026-05-23,Flu ED visits pct,quantile,0.5,0.17850895638682207
rochester,2026-05-23,0,2026-05-23,Flu ED visits pct,quantile,0.5,0.11710041579813742
rock-hill,2026-05-23,0,2026-05-23,Flu ED visits pct,quantile,0.5,0.043577043131397104
rtp-area,2026-05-23,0,2026-05-23,Flu ED visits pct,quantile,0.5,0.14905071231421146
salem,2026-05-23,0,2026-05-23,Flu ED visits pct,quantile,0.5,0.23764945220580394
salt-lake-city,2026-05-23,0,2026-05-23,Flu ED visits pct,quantile,0.5,0.1337160444129937
san-antonio,2026-05-23,0,2026-05-23,Flu ED visits pct,quantile,0.5,0.13193343405460353
savannah,2026-05-23,0,2026-05-23,Flu ED visits pct,quantile,0.5,0.04768139147368036
senc,2026-05-23,0,2026-05-23,Flu ED visits pct,quantile,0.5,0.06285055567214567
south-augusta,2026-05-23,0,2026-05-23,Flu ED visits pct,quantile,0.5,0.11864301366421436
south-carolina,2026-05-23,0,2026-05-23,Flu ED visits pct,quantile,0.5,0.11991459027091532
springfield,2026-05-23,0,2026-05-23,Flu ED visits pct,quantile,0.5,0.17769565173777618
st-cloud,2026-05-23,0,2026-05-23,Flu ED visits pct,quantile,0.5,0.1565225645963792
st-paul,2026-05-23,0,2026-05-23,Flu ED visits pct,quantile,0.5,0.31224724791931413
texas,2026-05-23,0,2026-05-23,Flu ED visits pct,quantile,0.5,0.31122504142228824
triad-area,2026-05-23,0,2026-05-23,Flu ED visits pct,quantile,0.5,0.36119792054957073
utah,2026-05-23,0,2026-05-23,Flu ED visits pct,quantile,0.5,0.12404810250735242
virginia,2026-05-23,0,2026-05-23,Flu ED visits pct,quantile,0.5,0.22203073075297006
weld,2026-05-23,0,2026-05-23,Flu ED visits pct,quantile,0.5,0.22589548965400047
wnc,2026-05-23,0,2026-05-23,Flu ED visits pct,quantile,0.5,0.18316562153694474
worcester,2026-05-23,0,2026-05-23,Flu ED visits pct,quantile,0.5,0.17874599804652874
athens,2026-05-23,1,2026-05-30,Flu ED visits pct,quantile,0.5,0.17480290996652664
austin,2026-05-23,1,2026-05-30,Flu ED visits pct,quantile,0.5,0.18295975743130594
baltimore,2026-05-23,1,2026-05-30,Flu ED visits pct,quantile,0.5,0.10887304239925703
bangor,2026-05-23,1,2026-05-30,Flu ED visits pct,quantile,0.5,0.10255893761244647
beaumont,2026-05-23,1,2026-05-30,Flu ED visits pct,quantile,0.5,0.3956098260282454
boston,2026-05-23,1,2026-05-30,Flu ED visits pct,quantile,0.5,0.11345306791676293
boulder,2026-05-23,1,2026-05-30,Flu ED visits pct,quantile,0.5,0.19833561857297308
charleston,2026-05-23,1,2026-05-30,Flu ED visits pct,quantile,0.5,0.14722366220516958
cherokee,2026-05-23,1,2026-05-30,Flu ED visits pct,quantile,0.5,0.15623599242227637
clt-area,2026-05-23,1,2026-05-30,Flu ED visits pct,quantile,0.5,0.9147138556372635
colorado,2026-05-23,1,2026-05-30,Flu ED visits pct,quantile,0.5,0.24439052769731873
colorado-springs,2026-05-23,1,2026-05-30,Flu ED visits pct,quantile,0.5,0.30439461098454323
columbia,2026-05-23,1,2026-05-30,Flu ED visits pct,quantile,0.5,0.07943711022586733
columbus,2026-05-23,1,2026-05-30,Flu ED visits pct,quantile,0.5,0.0996629201309379
dallas,2026-05-23,1,2026-05-30,Flu ED visits pct,quantile,0.5,0.15401794547897624
denver,2026-05-23,1,2026-05-30,Flu ED visits pct,quantile,0.5,0.25940582505397075
deschutes,2026-05-23,1,2026-05-30,Flu ED visits pct,quantile,0.5,0.39413929504532097
duluth,2026-05-23,1,2026-05-30,Flu ED visits pct,quantile,0.5,0.19187278889616732
el-paso,2026-05-23,1,2026-05-30,Flu ED visits pct,quantile,0.5,1.1940293026774595
eugene,2026-05-23,1,2026-05-30,Flu ED visits pct,quantile,0.5,0.11858138237808023
fay-area,2026-05-23,1,2026-05-30,Flu ED visits pct,quantile,0.5,0.775472531169454
florence,2026-05-23,1,2026-05-30,Flu ED visits pct,quantile,0.5,0.20149624847398373
floyd,2026-05-23,1,2026-05-30,Flu ED visits pct,quantile,0.5,0.1430745287063517
frederick,2026-05-23,1,2026-05-30,Flu ED visits pct,quantile,0.5,0.12233280084944813
georgia,2026-05-23,1,2026-05-30,Flu ED visits pct,quantile,0.5,0.1316119768950488
greenville,2026-05-23,1,2026-05-30,Flu ED visits pct,quantile,0.5,0.09122098533639549
hall,2026-05-23,1,2026-05-30,Flu ED visits pct,quantile,0.5,0.08096155213020259
harford,2026-05-23,1,2026-05-30,Flu ED visits pct,quantile,0.5,0.13432077120672292
henry,2026-05-23,1,2026-05-30,Flu ED visits pct,quantile,0.5,0.10717208073658961
horry,2026-05-23,1,2026-05-30,Flu ED visits pct,quantile,0.5,0.10022115568876783
houston,2026-05-23,1,2026-05-30,Flu ED visits pct,quantile,0.5,0.270071732233522
indiana,2026-05-23,1,2026-05-30,Flu ED visits pct,quantile,0.5,0.11335782484535399
indianapolis,2026-05-23,1,2026-05-30,Flu ED visits pct,quantile,0.5,0.0824596832240926
la-grange,2026-05-23,1,2026-05-30,Flu ED visits pct,quantile,0.5,0.07357238774486101
larimer,2026-05-23,1,2026-05-30,Flu ED visits pct,quantile,0.5,0.1259437754796451
lynn,2026-05-23,1,2026-05-30,Flu ED visits pct,quantile,0.5,0.11693736068394557
macon,2026-05-23,1,2026-05-30,Flu ED visits pct,quantile,0.5,0.2235402305494142
maine,2026-05-23,1,2026-05-30,Flu ED visits pct,quantile,0.5,0.13248379455215256
marietta,2026-05-23,1,2026-05-30,Flu ED visits pct,quantile,0.5,0.08741769021534834
maryland,2026-05-23,1,2026-05-30,Flu ED visits pct,quantile,0.5,0.13423182531364802
massachusetts,2026-05-23,1,2026-05-30,Flu ED visits pct,quantile,0.5,0.1291300799136036
medford,2026-05-23,1,2026-05-30,Flu ED visits pct,quantile,0.5,0.0689846018361762
mesa,2026-05-23,1,2026-05-30,Flu ED visits pct,quantile,0.5,0.08760627746827802
minneapolis,2026-05-23,1,2026-05-30,Flu ED visits pct,quantile,0.5,0.19565988083960129
minnesota,2026-05-23,1,2026-05-30,Flu ED visits pct,quantile,0.5,0.1921571999427743
montgomery,2026-05-23,1,2026-05-30,Flu ED visits pct,quantile,0.5,0.14872448475953998
nenc,2026-05-23,1,2026-05-30,Flu ED visits pct,quantile,0.5,0.12517367982343117
new-bedford,2026-05-23,1,2026-05-30,Flu ED visits pct,quantile,0.5,0.21489362099544376
north-carolina,2026-05-23,1,2026-05-30,Flu ED visits pct,quantile,0.5,0.4786863407049379
ogden,2026-05-23,1,2026-05-30,Flu ED visits pct,quantile,0.5,0.10504882839435495
oregon,2026-05-23,1,2026-05-30,Flu ED visits pct,quantile,0.5,0.20579866101279384
pittsfield,2026-05-23,1,2026-05-30,Flu ED visits pct,quantile,0.5,0.056423182058756786
portland,2026-05-23,1,2026-05-30,Flu ED visits pct,quantile,0.5,0.10889307897902499
portland-or,2026-05-23,1,2026-05-30,Flu ED visits pct,quantile,0.5,0.17999641495108637
provo,2026-05-23,1,2026-05-30,Flu ED visits pct,quantile,0.5,0.08708052406418072
roanoke,2026-05-23,1,2026-05-30,Flu ED visits pct,quantile,0.5,0.16327039502708088
rochester,2026-05-23,1,2026-05-30,Flu ED visits pct,quantile,0.5,0.10829565986037082
rock-hill,2026-05-23,1,2026-05-30,Flu ED visits pct,quantile,0.5,0.0426294042908146
rtp-area,2026-05-23,1,2026-05-30,Flu ED visits pct,quantile,0.5,0.12977505253798274
salem,2026-05-23,1,2026-05-30,Flu ED visits pct,quantile,0.5,0.20957742219872322
salt-lake-city,2026-05-23,1,2026-05-30,Flu ED visits pct,quantile,0.5,0.12438504780449823
san-antonio,2026-05-23,1,2026-05-30,Flu ED visits pct,quantile,0.5,0.1271536220928115
savannah,2026-05-23,1,2026-05-30,Flu ED visits pct,quantile,0.5,0.04386369937642476
senc,2026-05-23,1,2026-05-30,Flu ED visits pct,quantile,0.5,0.053490537618856006
south-augusta,2026-05-23,1,2026-05-30,Flu ED visits pct,quantile,0.5,0.10406597361954989
south-carolina,2026-05-23,1,2026-05-30,Flu ED visits pct,quantile,0.5,0.10649299058055195
springfield,2026-05-23,1,2026-05-30,Flu ED visits pct,quantile,0.5,0.15975507364026062
st-cloud,2026-05-23,1,2026-05-30,Flu ED visits pct,quantile,0.5,0.1447627202124189
st-paul,2026-05-23,1,2026-05-30,Flu ED visits pct,quantile,0.5,0.2765305398528446
texas,2026-05-23,1,2026-05-30,Flu ED visits pct,quantile,0.5,0.28434535691971324
triad-area,2026-05-23,1,2026-05-30,Flu ED visits pct,quantile,0.5,0.3126365098837609
utah,2026-05-23,1,2026-05-30,Flu ED visits pct,quantile,0.5,0.11485545283682988
virginia,2026-05-23,1,2026-05-30,Flu ED visits pct,quantile,0.5,0.2032933848194534
weld,2026-05-23,1,2026-05-30,Flu ED visits pct,quantile,0.5,0.20431405386159782
wnc,2026-05-23,1,2026-05-30,Flu ED visits pct,quantile,0.5,0.15541928828291668
worcester,2026-05-23,1,2026-05-30,Flu ED visits pct,quantile,0.5,0.15690486851993737
athens,2026-05-23,2,2026-06-06,Flu ED visits pct,quantile,0.5,0.15698223366169353
austin,2026-05-23,2,2026-06-06,Flu ED visits pct,quantile,0.5,0.172472529186645
baltimore,2026-05-23,2,2026-06-06,Flu ED visits pct,quantile,0.5,0.09911703189593811
bangor,2026-05-23,2,2026-06-06,Flu ED visits pct,quantile,0.5,0.09821648320046025
beaumont,2026-05-23,2,2026-06-06,Flu ED visits pct,quantile,0.5,0.3584753810094545
boston,2026-05-23,2,2026-06-06,Flu ED visits pct,quantile,0.5,0.10347909061648795
boulder,2026-05-23,2,2026-06-06,Flu ED visits pct,quantile,0.5,0.18148809942309754
charleston,2026-05-23,2,2026-06-06,Flu ED visits pct,quantile,0.5,0.13513373547504798
cherokee,2026-05-23,2,2026-06-06,Flu ED visits pct,quantile,0.5,0.1414414858598551
clt-area,2026-05-23,2,2026-06-06,Flu ED visits pct,quantile,0.5,0.6730394253625827
colorado,2026-05-23,2,2026-06-06,Flu ED visits pct,quantile,0.5,0.22079274601177162
colorado-springs,2026-05-23,2,2026-06-06,Flu ED visits pct,quantile,0.5,0.2718665609849685
columbia,2026-05-23,2,2026-06-06,Flu ED visits pct,quantile,0.5,0.07786026827957993
columbus,2026-05-23,2,2026-06-06,Flu ED visits pct,quantile,0.5,0.11688824007057504
dallas,2026-05-23,2,2026-06-06,Flu ED visits pct,quantile,0.5,0.14618202490093846
denver,2026-05-23,2,2026-06-06,Flu ED visits pct,quantile,0.5,0.23802969701140497
deschutes,2026-05-23,2,2026-06-06,Flu ED visits pct,quantile,0.5,0.3596607683446477
duluth,2026-05-23,2,2026-06-06,Flu ED visits pct,quantile,0.5,0.17251176487860695
el-paso,2026-05-23,2,2026-06-06,Flu ED visits pct,quantile,0.5,0.9931894338948257
eugene,2026-05-23,2,2026-06-06,Flu ED visits pct,quantile,0.5,0.10932041638004014
fay-area,2026-05-23,2,2026-06-06,Flu ED visits pct,quantile,0.5,0.5898376650909113
florence,2026-05-23,2,2026-06-06,Flu ED visits pct,quantile,0.5,0.1823910276171764
floyd,2026-05-23,2,2026-06-06,Flu ED visits pct,quantile,0.5,0.12842498421483714
frederick,2026-05-23,2,2026-06-06,Flu ED visits pct,quantile,0.5,0.15174301980514762
georgia,2026-05-23,2,2026-06-06,Flu ED visits pct,quantile,0.5,0.12369989300067481
greenville,2026-05-23,2,2026-06-06,Flu ED visits pct,quantile,0.5,0.07972116238847668
hall,2026-05-23,2,2026-06-06,Flu ED visits pct,quantile,0.5,0.07947266813644478
harford,2026-05-23,2,2026-06-06,Flu ED visits pct,quantile,0.5,0.1380167656320557
henry,2026-05-23,2,2026-06-06,Flu ED visits pct,quantile,0.5,0.09882837205969786
horry,2026-05-23,2,2026-06-06,Flu ED visits pct,quantile,0.5,0.0994642280627859
houston,2026-05-23,2,2026-06-06,Flu ED visits pct,quantile,0.5,0.24763223571294124
indiana,2026-05-23,2,2026-06-06,Flu ED visits pct,quantile,0.5,0.1271484473759922
indianapolis,2026-05-23,2,2026-06-06,Flu ED visits pct,quantile,0.5,0.0887099389681568
la-grange,2026-05-23,2,2026-06-06,Flu ED visits pct,quantile,0.5,0.07098023228333321
larimer,2026-05-23,2,2026-06-06,Flu ED visits pct,quantile,0.5,0.13242118791912494
lynn,2026-05-23,2,2026-06-06,Flu ED visits pct,quantile,0.5,0.11238993648741016
macon,2026-05-23,2,2026-06-06,Flu ED visits pct,quantile,0.5,0.20001635387026243
maine,2026-05-23,2,2026-06-06,Flu ED visits pct,quantile,0.5,0.1211719460959368
marietta,2026-05-23,2,2026-06-06,Flu ED visits pct,quantile,0.5,0.08106353341138628
maryland,2026-05-23,2,2026-06-06,Flu ED visits pct,quantile,0.5,0.12333524974843578
massachusetts,2026-05-23,2,2026-06-06,Flu ED visits pct,quantile,0.5,0.11773181280798949
medford,2026-05-23,2,2026-06-06,Flu ED visits pct,quantile,0.5,0.0638437614401297
mesa,2026-05-23,2,2026-06-06,Flu ED visits pct,quantile,0.5,0.07855289136154561
minneapolis,2026-05-23,2,2026-06-06,Flu ED visits pct,quantile,0.5,0.17736893301338663
minnesota,2026-05-23,2,2026-06-06,Flu ED visits pct,quantile,0.5,0.173870719089511
montgomery,2026-05-23,2,2026-06-06,Flu ED visits pct,quantile,0.5,0.13531701696998233
nenc,2026-05-23,2,2026-06-06,Flu ED visits pct,quantile,0.5,0.11137104201644649
new-bedford,2026-05-23,2,2026-06-06,Flu ED visits pct,quantile,0.5,0.19336485687181326
north-carolina,2026-05-23,2,2026-06-06,Flu ED visits pct,quantile,0.5,0.40204309725733123
ogden,2026-05-23,2,2026-06-06,Flu ED visits pct,quantile,0.5,0.1008479695829361
oregon,2026-05-23,2,2026-06-06,Flu ED visits pct,quantile,0.5,0.18668398531923291
pittsfield,2026-05-23,2,2026-06-06,Flu ED visits pct,quantile,0.5,0.06559407396175672
portland,2026-05-23,2,2026-06-06,Flu ED visits pct,quantile,0.5,0.10091797190756208
portland-or,2026-05-23,2,2026-06-06,Flu ED visits pct,quantile,0.5,0.1642015230587588
provo,2026-05-23,2,2026-06-06,Flu ED visits pct,quantile,0.5,0.08588907064435698
roanoke,2026-05-23,2,2026-06-06,Flu ED visits pct,quantile,0.5,0.15471860462924447
rochester,2026-05-23,2,2026-06-06,Flu ED visits pct,quantile,0.5,0.10239777029135126
rock-hill,2026-05-23,2,2026-06-06,Flu ED visits pct,quantile,0.5,0.04858348899182458
rtp-area,2026-05-23,2,2026-06-06,Flu ED visits pct,quantile,0.5,0.1145676844941835
salem,2026-05-23,2,2026-06-06,Flu ED visits pct,quantile,0.5,0.18919317524025514
salt-lake-city,2026-05-23,2,2026-06-06,Flu ED visits pct,quantile,0.5,0.11824704875571994
san-antonio,2026-05-23,2,2026-06-06,Flu ED visits pct,quantile,0.5,0.12505293714110888
savannah,2026-05-23,2,2026-06-06,Flu ED visits pct,quantile,0.5,0.044210878141650936
senc,2026-05-23,2,2026-06-06,Flu ED visits pct,quantile,0.5,0.04642145617896052
south-augusta,2026-05-23,2,2026-06-06,Flu ED visits pct,quantile,0.5,0.093407587700291
south-carolina,2026-05-23,2,2026-06-06,Flu ED visits pct,quantile,0.5,0.095938513038616
springfield,2026-05-23,2,2026-06-06,Flu ED visits pct,quantile,0.5,0.14668330059352094
st-cloud,2026-05-23,2,2026-06-06,Flu ED visits pct,quantile,0.5,0.1357143734819858
st-paul,2026-05-23,2,2026-06-06,Flu ED visits pct,quantile,0.5,0.2513131151539899
texas,2026-05-23,2,2026-06-06,Flu ED visits pct,quantile,0.5,0.27030155436076886
triad-area,2026-05-23,2,2026-06-06,Flu ED visits pct,quantile,0.5,0.2770212545582646
utah,2026-05-23,2,2026-06-06,Flu ED visits pct,quantile,0.5,0.10933494149736726
virginia,2026-05-23,2,2026-06-06,Flu ED visits pct,quantile,0.5,0.19258809202154947
weld,2026-05-23,2,2026-06-06,Flu ED visits pct,quantile,0.5,0.19126540812542564
wnc,2026-05-23,2,2026-06-06,Flu ED visits pct,quantile,0.5,0.1382521886376878
worcester,2026-05-23,2,2026-06-06,Flu ED visits pct,quantile,0.5,0.14358307907267745
athens,2026-05-23,3,2026-06-13,Flu ED visits pct,quantile,0.5,0.14443216231926295
austin,2026-05-23,3,2026-06-13,Flu ED visits pct,quantile,0.5,0.16984925226322067
baltimore,2026-05-23,3,2026-06-13,Flu ED visits pct,quantile,0.5,0.09483729964778022
bangor,2026-05-23,3,2026-06-13,Flu ED visits pct,quantile,0.5,0.09258234177246875
beaumont,2026-05-23,3,2026-06-13,Flu ED visits pct,quantile,0.5,0.35094047967678704
boston,2026-05-23,3,2026-06-13,Flu ED visits pct,quantile,0.5,0.09750539477924448
boulder,2026-05-23,3,2026-06-13,Flu ED visits pct,quantile,0.5,0.17099365848489523
charleston,2026-05-23,3,2026-06-13,Flu ED visits pct,quantile,0.5,0.12834504737400507
cherokee,2026-05-23,3,2026-06-13,Flu ED visits pct,quantile,0.5,0.13298502574839824
clt-area,2026-05-23,3,2026-06-13,Flu ED visits pct,quantile,0.5,0.5345512668397969
colorado,2026-05-23,3,2026-06-13,Flu ED visits pct,quantile,0.5,0.20375878065338796
colorado-springs,2026-05-23,3,2026-06-13,Flu ED visits pct,quantile,0.5,0.24491642239615435
columbia,2026-05-23,3,2026-06-13,Flu ED visits pct,quantile,0.5,0.0741986898750897
columbus,2026-05-23,3,2026-06-13,Flu ED visits pct,quantile,0.5,0.11768850547895186
dallas,2026-05-23,3,2026-06-13,Flu ED visits pct,quantile,0.5,0.1423089280060806
denver,2026-05-23,3,2026-06-13,Flu ED visits pct,quantile,0.5,0.21810983529586497
deschutes,2026-05-23,3,2026-06-13,Flu ED visits pct,quantile,0.5,0.3455043582505559
duluth,2026-05-23,3,2026-06-13,Flu ED visits pct,quantile,0.5,0.15523137570373538
el-paso,2026-05-23,3,2026-06-13,Flu ED visits pct,quantile,0.5,0.870128195546002
eugene,2026-05-23,3,2026-06-13,Flu ED visits pct,quantile,0.5,0.10430474906535404
fay-area,2026-05-23,3,2026-06-13,Flu ED visits pct,quantile,0.5,0.49435385105400576
florence,2026-05-23,3,2026-06-13,Flu ED visits pct,quantile,0.5,0.16812773798046865
floyd,2026-05-23,3,2026-06-13,Flu ED visits pct,quantile,0.5,0.12056847002200051
frederick,2026-05-23,3,2026-06-13,Flu ED visits pct,quantile,0.5,0.15384686846655032
georgia,2026-05-23,3,2026-06-13,Flu ED visits pct,quantile,0.5,0.12045795434510125
greenville,2026-05-23,3,2026-06-13,Flu ED visits pct,quantile,0.5,0.07299431252502185
hall,2026-05-23,3,2026-06-13,Flu ED visits pct,quantile,0.5,0.0764667534212487
harford,2026-05-23,3,2026-06-13,Flu ED visits pct,quantile,0.5,0.13488776143203532
henry,2026-05-23,3,2026-06-13,Flu ED visits pct,quantile,0.5,0.0924149215568907
horry,2026-05-23,3,2026-06-13,Flu ED visits pct,quantile,0.5,0.09703762807138612
houston,2026-05-23,3,2026-06-13,Flu ED visits pct,quantile,0.5,0.22825168515214347
indiana,2026-05-23,3,2026-06-13,Flu ED visits pct,quantile,0.5,0.12611373356391212
indianapolis,2026-05-23,3,2026-06-13,Flu ED visits pct,quantile,0.5,0.09018077716739392
la-grange,2026-05-23,3,2026-06-13,Flu ED visits pct,quantile,0.5,0.06902129854726785
larimer,2026-05-23,3,2026-06-13,Flu ED visits pct,quantile,0.5,0.13042653496021478
lynn,2026-05-23,3,2026-06-13,Flu ED visits pct,quantile,0.5,0.11031483285006
macon,2026-05-23,3,2026-06-13,Flu ED visits pct,quantile,0.5,0.19346936503300124
maine,2026-05-23,3,2026-06-13,Flu ED visits pct,quantile,0.5,0.11296601449388567
marietta,2026-05-23,3,2026-06-13,Flu ED visits pct,quantile,0.5,0.07873416873270005
maryland,2026-05-23,3,2026-06-13,Flu ED visits pct,quantile,0.5,0.11784699477841733
massachusetts,2026-05-23,3,2026-06-13,Flu ED visits pct,quantile,0.5,0.1114289194353085
medford,2026-05-23,3,2026-06-13,Flu ED visits pct,quantile,0.5,0.06385745208025964
mesa,2026-05-23,3,2026-06-13,Flu ED visits pct,quantile,0.5,0.07984121608349815
minneapolis,2026-05-23,3,2026-06-13,Flu ED visits pct,quantile,0.5,0.16625105807649826
minnesota,2026-05-23,3,2026-06-13,Flu ED visits pct,quantile,0.5,0.16641589095398446
montgomery,2026-05-23,3,2026-06-13,Flu ED visits pct,quantile,0.5,0.12773589126291124
nenc,2026-05-23,3,2026-06-13,Flu ED visits pct,quantile,0.5,0.09767788345382475
new-bedford,2026-05-23,3,2026-06-13,Flu ED visits pct,quantile,0.5,0.1827150074248651
north-carolina,2026-05-23,3,2026-06-13,Flu ED visits pct,quantile,0.5,0.35753931613399953
ogden,2026-05-23,3,2026-06-13,Flu ED visits pct,quantile,0.5,0.09799673131146254
oregon,2026-05-23,3,2026-06-13,Flu ED visits pct,quantile,0.5,0.1742589045502234
pittsfield,2026-05-23,3,2026-06-13,Flu ED visits pct,quantile,0.5,0.06527718280574007
portland,2026-05-23,3,2026-06-13,Flu ED visits pct,quantile,0.5,0.09557731708710807
portland-or,2026-05-23,3,2026-06-13,Flu ED visits pct,quantile,0.5,0.1564217824142538
provo,2026-05-23,3,2026-06-13,Flu ED visits pct,quantile,0.5,0.0865483332596669
roanoke,2026-05-23,3,2026-06-13,Flu ED visits pct,quantile,0.5,0.1498385519730625
rochester,2026-05-23,3,2026-06-13,Flu ED visits pct,quantile,0.5,0.10147341338597714
rock-hill,2026-05-23,3,2026-06-13,Flu ED visits pct,quantile,0.5,0.049839781487464895
rtp-area,2026-05-23,3,2026-06-13,Flu ED visits pct,quantile,0.5,0.10146622796090171
salem,2026-05-23,3,2026-06-13,Flu ED visits pct,quantile,0.5,0.1804614605184504
salt-lake-city,2026-05-23,3,2026-06-13,Flu ED visits pct,quantile,0.5,0.11495246222403177
san-antonio,2026-05-23,3,2026-06-13,Flu ED visits pct,quantile,0.5,0.12309521104865505
savannah,2026-05-23,3,2026-06-13,Flu ED visits pct,quantile,0.5,0.04374724965442857
senc,2026-05-23,3,2026-06-13,Flu ED visits pct,quantile,0.5,0.041343209983546285
south-augusta,2026-05-23,3,2026-06-13,Flu ED visits pct,quantile,0.5,0.08781493797923927
south-carolina,2026-05-23,3,2026-06-13,Flu ED visits pct,quantile,0.5,0.09156310976031143
springfield,2026-05-23,3,2026-06-13,Flu ED visits pct,quantile,0.5,0.13950950655879796
st-cloud,2026-05-23,3,2026-06-13,Flu ED visits pct,quantile,0.5,0.13150446012317174
st-paul,2026-05-23,3,2026-06-13,Flu ED visits pct,quantile,0.5,0.23166699056227233
texas,2026-05-23,3,2026-06-13,Flu ED visits pct,quantile,0.5,0.2641655740236834
triad-area,2026-05-23,3,2026-06-13,Flu ED visits pct,quantile,0.5,0.23985511854779645
utah,2026-05-23,3,2026-06-13,Flu ED visits pct,quantile,0.5,0.1064908470220474
virginia,2026-05-23,3,2026-06-13,Flu ED visits pct,quantile,0.5,0.18833394013628843
weld,2026-05-23,3,2026-06-13,Flu ED visits pct,quantile,0.5,0.18947548062680605
wnc,2026-05-23,3,2026-06-13,Flu ED visits pct,quantile,0.5,0.12016347730788286
worcester,2026-05-23,3,2026-06-13,Flu ED visits pct,quantile,0.5,0.1357590651820203
athens,2026-05-23,0,2026-05-23,Flu ED visits pct,quantile,0.75,0.2616595308234528
austin,2026-05-23,0,2026-05-23,Flu ED visits pct,quantile,0.75,0.24663418691497802
baltimore,2026-05-23,0,2026-05-23,Flu ED visits pct,quantile,0.75,0.14650734029937817
bangor,2026-05-23,0,2026-05-23,Flu ED visits pct,quantile,0.75,0.16732845944347743
beaumont,2026-05-23,0,2026-05-23,Flu ED visits pct,quantile,0.75,0.6018408730300336
boston,2026-05-23,0,2026-05-23,Flu ED visits pct,quantile,0.75,0.1550339822179962
boulder,2026-05-23,0,2026-05-23,Flu ED visits pct,quantile,0.75,0.28315040598001523
charleston,2026-05-23,0,2026-05-23,Flu ED visits pct,quantile,0.75,0.20032301470849734
cherokee,2026-05-23,0,2026-05-23,Flu ED visits pct,quantile,0.75,0.2626348867089253
clt-area,2026-05-23,0,2026-05-23,Flu ED visits pct,quantile,0.75,1.299782657803202
colorado,2026-05-23,0,2026-05-23,Flu ED visits pct,quantile,0.75,0.31111268472828846
colorado-springs,2026-05-23,0,2026-05-23,Flu ED visits pct,quantile,0.75,0.41457481946007113
columbia,2026-05-23,0,2026-05-23,Flu ED visits pct,quantile,0.75,0.17233179441822613
columbus,2026-05-23,0,2026-05-23,Flu ED visits pct,quantile,0.75,0.1388245121412296
dallas,2026-05-23,0,2026-05-23,Flu ED visits pct,quantile,0.75,0.19081379239808105
denver,2026-05-23,0,2026-05-23,Flu ED visits pct,quantile,0.75,0.3368503993516585
deschutes,2026-05-23,0,2026-05-23,Flu ED visits pct,quantile,0.75,0.5364379331171452
duluth,2026-05-23,0,2026-05-23,Flu ED visits pct,quantile,0.75,0.2715337149893081
el-paso,2026-05-23,0,2026-05-23,Flu ED visits pct,quantile,0.75,1.6113488040411124
eugene,2026-05-23,0,2026-05-23,Flu ED visits pct,quantile,0.75,0.17237350090211218
fay-area,2026-05-23,0,2026-05-23,Flu ED visits pct,quantile,0.75,1.0547520222574729
florence,2026-05-23,0,2026-05-23,Flu ED visits pct,quantile,0.75,0.29837807852119924
floyd,2026-05-23,0,2026-05-23,Flu ED visits pct,quantile,0.75,0.20773178657551666
frederick,2026-05-23,0,2026-05-23,Flu ED visits pct,quantile,0.75,0.21796392944320617
georgia,2026-05-23,0,2026-05-23,Flu ED visits pct,quantile,0.75,0.16224873043530885
greenville,2026-05-23,0,2026-05-23,Flu ED visits pct,quantile,0.75,0.14277965401874051
hall,2026-05-23,0,2026-05-23,Flu ED visits pct,quantile,0.75,0.11693516780316619
harford,2026-05-23,0,2026-05-23,Flu ED visits pct,quantile,0.75,0.21332578012180903
henry,2026-05-23,0,2026-05-23,Flu ED visits pct,quantile,0.75,0.16191068266031453
horry,2026-05-23,0,2026-05-23,Flu ED visits pct,quantile,0.75,0.19682783242734977
houston,2026-05-23,0,2026-05-23,Flu ED visits pct,quantile,0.75,0.32786682960509106
indiana,2026-05-23,0,2026-05-23,Flu ED visits pct,quantile,0.75,0.12608051163372516
indianapolis,2026-05-23,0,2026-05-23,Flu ED visits pct,quantile,0.75,0.09703571187071584
la-grange,2026-05-23,0,2026-05-23,Flu ED visits pct,quantile,0.75,0.12325351521539708
larimer,2026-05-23,0,2026-05-23,Flu ED visits pct,quantile,0.75,0.2064136886327973
lynn,2026-05-23,0,2026-05-23,Flu ED visits pct,quantile,0.75,0.20787000688446172
macon,2026-05-23,0,2026-05-23,Flu ED visits pct,quantile,0.75,0.322411139911496
maine,2026-05-23,0,2026-05-23,Flu ED visits pct,quantile,0.75,0.17872046083832485
marietta,2026-05-23,0,2026-05-23,Flu ED visits pct,quantile,0.75,0.14510115640356352
maryland,2026-05-23,0,2026-05-23,Flu ED visits pct,quantile,0.75,0.17480401815861335
massachusetts,2026-05-23,0,2026-05-23,Flu ED visits pct,quantile,0.75,0.17086692406585605
medford,2026-05-23,0,2026-05-23,Flu ED visits pct,quantile,0.75,0.12896469159372434
mesa,2026-05-23,0,2026-05-23,Flu ED visits pct,quantile,0.75,0.16929266957420386
minneapolis,2026-05-23,0,2026-05-23,Flu ED visits pct,quantile,0.75,0.2607916273306594
minnesota,2026-05-23,0,2026-05-23,Flu ED visits pct,quantile,0.75,0.24404360460816316
montgomery,2026-05-23,0,2026-05-23,Flu ED visits pct,quantile,0.75,0.19554632462264818
nenc,2026-05-23,0,2026-05-23,Flu ED visits pct,quantile,0.75,0.16643915010381755
new-bedford,2026-05-23,0,2026-05-23,Flu ED visits pct,quantile,0.75,0.2952480813722086
north-carolina,2026-05-23,0,2026-05-23,Flu ED visits pct,quantile,0.75,0.6250036171615306
ogden,2026-05-23,0,2026-05-23,Flu ED visits pct,quantile,0.75,0.14498665646937467
oregon,2026-05-23,0,2026-05-23,Flu ED visits pct,quantile,0.75,0.2656066365957677
pittsfield,2026-05-23,0,2026-05-23,Flu ED visits pct,quantile,0.75,0.14797849063614496
portland,2026-05-23,0,2026-05-23,Flu ED visits pct,quantile,0.75,0.20455856033789044
portland-or,2026-05-23,0,2026-05-23,Flu ED visits pct,quantile,0.75,0.27026303359876974
provo,2026-05-23,0,2026-05-23,Flu ED visits pct,quantile,0.75,0.12894575389231183
roanoke,2026-05-23,0,2026-05-23,Flu ED visits pct,quantile,0.75,0.2170318820467992
rochester,2026-05-23,0,2026-05-23,Flu ED visits pct,quantile,0.75,0.17329376655370585
rock-hill,2026-05-23,0,2026-05-23,Flu ED visits pct,quantile,0.75,0.20153428844054294
rtp-area,2026-05-23,0,2026-05-23,Flu ED visits pct,quantile,0.75,0.18620443682388735
salem,2026-05-23,0,2026-05-23,Flu ED visits pct,quantile,0.75,0.2950197191337787
salt-lake-city,2026-05-23,0,2026-05-23,Flu ED visits pct,quantile,0.75,0.16611728647352517
san-antonio,2026-05-23,0,2026-05-23,Flu ED visits pct,quantile,0.75,0.1624373631872008
savannah,2026-05-23,0,2026-05-23,Flu ED visits pct,quantile,0.75,0.07453054358859697
senc,2026-05-23,0,2026-05-23,Flu ED visits pct,quantile,0.75,0.08452819496515859
south-augusta,2026-05-23,0,2026-05-23,Flu ED visits pct,quantile,0.75,0.1518622108196516
south-carolina,2026-05-23,0,2026-05-23,Flu ED visits pct,quantile,0.75,0.14533535760321176
springfield,2026-05-23,0,2026-05-23,Flu ED visits pct,quantile,0.75,0.2726898476807935
st-cloud,2026-05-23,0,2026-05-23,Flu ED visits pct,quantile,0.75,0.22327952366885506
st-paul,2026-05-23,0,2026-05-23,Flu ED visits pct,quantile,0.75,0.3536397642573647
texas,2026-05-23,0,2026-05-23,Flu ED visits pct,quantile,0.75,0.33340454197015723
triad-area,2026-05-23,0,2026-05-23,Flu ED visits pct,quantile,0.75,0.3814386895998276
utah,2026-05-23,0,2026-05-23,Flu ED visits pct,quantile,0.75,0.1468415517569232
virginia,2026-05-23,0,2026-05-23,Flu ED visits pct,quantile,0.75,0.24889422898331115
weld,2026-05-23,0,2026-05-23,Flu ED visits pct,quantile,0.75,0.333940614190832
wnc,2026-05-23,0,2026-05-23,Flu ED visits pct,quantile,0.75,0.20379250884367783
worcester,2026-05-23,0,2026-05-23,Flu ED visits pct,quantile,0.75,0.22608658537624488
athens,2026-05-23,1,2026-05-30,Flu ED visits pct,quantile,0.75,0.23993992329392733
austin,2026-05-23,1,2026-05-30,Flu ED visits pct,quantile,0.75,0.23431496637011462
baltimore,2026-05-23,1,2026-05-30,Flu ED visits pct,quantile,0.75,0.13663004156670086
bangor,2026-05-23,1,2026-05-30,Flu ED visits pct,quantile,0.75,0.16324632403765485
beaumont,2026-05-23,1,2026-05-30,Flu ED visits pct,quantile,0.75,0.5638024636717062
boston,2026-05-23,1,2026-05-30,Flu ED visits pct,quantile,0.75,0.14253951540489312
boulder,2026-05-23,1,2026-05-30,Flu ED visits pct,quantile,0.75,0.26213119268499674
charleston,2026-05-23,1,2026-05-30,Flu ED visits pct,quantile,0.75,0.18609087733531204
cherokee,2026-05-23,1,2026-05-30,Flu ED visits pct,quantile,0.75,0.24546980900631005
clt-area,2026-05-23,1,2026-05-30,Flu ED visits pct,quantile,0.75,1.134671839914867
colorado,2026-05-23,1,2026-05-30,Flu ED visits pct,quantile,0.75,0.287387151112572
colorado-springs,2026-05-23,1,2026-05-30,Flu ED visits pct,quantile,0.75,0.37488943705871586
columbia,2026-05-23,1,2026-05-30,Flu ED visits pct,quantile,0.75,0.16698740798792935
columbus,2026-05-23,1,2026-05-30,Flu ED visits pct,quantile,0.75,0.1357751531518377
dallas,2026-05-23,1,2026-05-30,Flu ED visits pct,quantile,0.75,0.18423378455016562
denver,2026-05-23,1,2026-05-30,Flu ED visits pct,quantile,0.75,0.3061556871349782
deschutes,2026-05-23,1,2026-05-30,Flu ED visits pct,quantile,0.75,0.517048871307298
duluth,2026-05-23,1,2026-05-30,Flu ED visits pct,quantile,0.75,0.24575413223648102
el-paso,2026-05-23,1,2026-05-30,Flu ED visits pct,quantile,0.75,1.4746002815335841
eugene,2026-05-23,1,2026-05-30,Flu ED visits pct,quantile,0.75,0.16661736803510246
fay-area,2026-05-23,1,2026-05-30,Flu ED visits pct,quantile,0.75,0.9375191461046475
florence,2026-05-23,1,2026-05-30,Flu ED visits pct,quantile,0.75,0.2788186765923909
floyd,2026-05-23,1,2026-05-30,Flu ED visits pct,quantile,0.75,0.19134722599636078
frederick,2026-05-23,1,2026-05-30,Flu ED visits pct,quantile,0.75,0.22096075633488596
georgia,2026-05-23,1,2026-05-30,Flu ED visits pct,quantile,0.75,0.15273117859510912
greenville,2026-05-23,1,2026-05-30,Flu ED visits pct,quantile,0.75,0.12965651826154037
hall,2026-05-23,1,2026-05-30,Flu ED visits pct,quantile,0.75,0.11254505419813578
harford,2026-05-23,1,2026-05-30,Flu ED visits pct,quantile,0.75,0.19992729756692493
henry,2026-05-23,1,2026-05-30,Flu ED visits pct,quantile,0.75,0.15099939697330028
horry,2026-05-23,1,2026-05-30,Flu ED visits pct,quantile,0.75,0.1904641772344911
houston,2026-05-23,1,2026-05-30,Flu ED visits pct,quantile,0.75,0.3100705717154125
indiana,2026-05-23,1,2026-05-30,Flu ED visits pct,quantile,0.75,0.12747082922893507
indianapolis,2026-05-23,1,2026-05-30,Flu ED visits pct,quantile,0.75,0.09336837910276082
la-grange,2026-05-23,1,2026-05-30,Flu ED visits pct,quantile,0.75,0.11995514214207416
larimer,2026-05-23,1,2026-05-30,Flu ED visits pct,quantile,0.75,0.19902217028859445
lynn,2026-05-23,1,2026-05-30,Flu ED visits pct,quantile,0.75,0.20329030695366235
macon,2026-05-23,1,2026-05-30,Flu ED visits pct,quantile,0.75,0.30698092940163507
maine,2026-05-23,1,2026-05-30,Flu ED visits pct,quantile,0.75,0.16464773674878475
marietta,2026-05-23,1,2026-05-30,Flu ED visits pct,quantile,0.75,0.1388610503162943
maryland,2026-05-23,1,2026-05-30,Flu ED visits pct,quantile,0.75,0.16214934234094744
massachusetts,2026-05-23,1,2026-05-30,Flu ED visits pct,quantile,0.75,0.15845533411534168
medford,2026-05-23,1,2026-05-30,Flu ED visits pct,quantile,0.75,0.12194224688482748
mesa,2026-05-23,1,2026-05-30,Flu ED visits pct,quantile,0.75,0.16303904921365997
minneapolis,2026-05-23,1,2026-05-30,Flu ED visits pct,quantile,0.75,0.2395208077304325
minnesota,2026-05-23,1,2026-05-30,Flu ED visits pct,quantile,0.75,0.22295770877158277
montgomery,2026-05-23,1,2026-05-30,Flu ED visits pct,quantile,0.75,0.18219254112432878
nenc,2026-05-23,1,2026-05-30,Flu ED visits pct,quantile,0.75,0.15195125078207758
new-bedford,2026-05-23,1,2026-05-30,Flu ED visits pct,quantile,0.75,0.2718684861590988
north-carolina,2026-05-23,1,2026-05-30,Flu ED visits pct,quantile,0.75,0.5838633812022602
ogden,2026-05-23,1,2026-05-30,Flu ED visits pct,quantile,0.75,0.14207556332338092
oregon,2026-05-23,1,2026-05-30,Flu ED visits pct,quantile,0.75,0.251368235339137
pittsfield,2026-05-23,1,2026-05-30,Flu ED visits pct,quantile,0.75,0.14446173166827497
portland,2026-05-23,1,2026-05-30,Flu ED visits pct,quantile,0.75,0.19250949115952629
portland-or,2026-05-23,1,2026-05-30,Flu ED visits pct,quantile,0.75,0.25658580476586695
provo,2026-05-23,1,2026-05-30,Flu ED visits pct,quantile,0.75,0.12465366095625287
roanoke,2026-05-23,1,2026-05-30,Flu ED visits pct,quantile,0.75,0.2087929533840606
rochester,2026-05-23,1,2026-05-30,Flu ED visits pct,quantile,0.75,0.16655749025162003
rock-hill,2026-05-23,1,2026-05-30,Flu ED visits pct,quantile,0.75,0.20044935719671636
rtp-area,2026-05-23,1,2026-05-30,Flu ED visits pct,quantile,0.75,0.16907109627782105
salem,2026-05-23,1,2026-05-30,Flu ED visits pct,quantile,0.75,0.28139854356986443
salt-lake-city,2026-05-23,1,2026-05-30,Flu ED visits pct,quantile,0.75,0.15513365855425795
san-antonio,2026-05-23,1,2026-05-30,Flu ED visits pct,quantile,0.75,0.1570485950976788
savannah,2026-05-23,1,2026-05-30,Flu ED visits pct,quantile,0.75,0.0690119420764172
senc,2026-05-23,1,2026-05-30,Flu ED visits pct,quantile,0.75,0.07659042114523328
south-augusta,2026-05-23,1,2026-05-30,Flu ED visits pct,quantile,0.75,0.14108756823767382
south-carolina,2026-05-23,1,2026-05-30,Flu ED visits pct,quantile,0.75,0.1387097927905633
springfield,2026-05-23,1,2026-05-30,Flu ED visits pct,quantile,0.75,0.25355586507477834
st-cloud,2026-05-23,1,2026-05-30,Flu ED visits pct,quantile,0.75,0.20829273099412443
st-paul,2026-05-23,1,2026-05-30,Flu ED visits pct,quantile,0.75,0.3321992119281971
texas,2026-05-23,1,2026-05-30,Flu ED visits pct,quantile,0.75,0.32280225861865497
triad-area,2026-05-23,1,2026-05-30,Flu ED visits pct,quantile,0.75,0.3508491021242773
utah,2026-05-23,1,2026-05-30,Flu ED visits pct,quantile,0.75,0.14050273684223216
virginia,2026-05-23,1,2026-05-30,Flu ED visits pct,quantile,0.75,0.23774260085447474
weld,2026-05-23,1,2026-05-30,Flu ED visits pct,quantile,0.75,0.3260634843539243
wnc,2026-05-23,1,2026-05-30,Flu ED visits pct,quantile,0.75,0.18197904438493126
worcester,2026-05-23,1,2026-05-30,Flu ED visits pct,quantile,0.75,0.2089343235936199
athens,2026-05-23,2,2026-06-06,Flu ED visits pct,quantile,0.75,0.22348590573361524
austin,2026-05-23,2,2026-06-06,Flu ED visits pct,quantile,0.75,0.2261583530003182
baltimore,2026-05-23,2,2026-06-06,Flu ED visits pct,quantile,0.75,0.12896882115586975
bangor,2026-05-23,2,2026-06-06,Flu ED visits pct,quantile,0.75,0.1612460805122519
beaumont,2026-05-23,2,2026-06-06,Flu ED visits pct,quantile,0.75,0.5323392351652322
boston,2026-05-23,2,2026-06-06,Flu ED visits pct,quantile,0.75,0.1374497370634687
boulder,2026-05-23,2,2026-06-06,Flu ED visits pct,quantile,0.75,0.2472056174682722
charleston,2026-05-23,2,2026-06-06,Flu ED visits pct,quantile,0.75,0.17557976639329523
cherokee,2026-05-23,2,2026-06-06,Flu ED visits pct,quantile,0.75,0.2309889532562243
clt-area,2026-05-23,2,2026-06-06,Flu ED visits pct,quantile,0.75,0.9296639569820908
colorado,2026-05-23,2,2026-06-06,Flu ED visits pct,quantile,0.75,0.27138656298976405
colorado-springs,2026-05-23,2,2026-06-06,Flu ED visits pct,quantile,0.75,0.34868653140463474
columbia,2026-05-23,2,2026-06-06,Flu ED visits pct,quantile,0.75,0.1635976082918089
columbus,2026-05-23,2,2026-06-06,Flu ED visits pct,quantile,0.75,0.13237336458874396
dallas,2026-05-23,2,2026-06-06,Flu ED visits pct,quantile,0.75,0.17821715637585056
denver,2026-05-23,2,2026-06-06,Flu ED visits pct,quantile,0.75,0.2866741261824566
deschutes,2026-05-23,2,2026-06-06,Flu ED visits pct,quantile,0.75,0.4891096173483275
duluth,2026-05-23,2,2026-06-06,Flu ED visits pct,quantile,0.75,0.23158426973372848
el-paso,2026-05-23,2,2026-06-06,Flu ED visits pct,quantile,0.75,1.3657819508235973
eugene,2026-05-23,2,2026-06-06,Flu ED visits pct,quantile,0.75,0.15812342103408777
fay-area,2026-05-23,2,2026-06-06,Flu ED visits pct,quantile,0.75,0.7911335256983856
florence,2026-05-23,2,2026-06-06,Flu ED visits pct,quantile,0.75,0.26075997118313454
floyd,2026-05-23,2,2026-06-06,Flu ED visits pct,quantile,0.75,0.1804322104231075
frederick,2026-05-23,2,2026-06-06,Flu ED visits pct,quantile,0.75,0.22922489518746136
georgia,2026-05-23,2,2026-06-06,Flu ED visits pct,quantile,0.75,0.1486707228431288
greenville,2026-05-23,2,2026-06-06,Flu ED visits pct,quantile,0.75,0.12293774210297935
hall,2026-05-23,2,2026-06-06,Flu ED visits pct,quantile,0.75,0.11043131396340063
harford,2026-05-23,2,2026-06-06,Flu ED visits pct,quantile,0.75,0.18826867923882537
henry,2026-05-23,2,2026-06-06,Flu ED visits pct,quantile,0.75,0.14218614554790115
horry,2026-05-23,2,2026-06-06,Flu ED visits pct,quantile,0.75,0.18689781936345815
houston,2026-05-23,2,2026-06-06,Flu ED visits pct,quantile,0.75,0.29263157600881523
indiana,2026-05-23,2,2026-06-06,Flu ED visits pct,quantile,0.75,0.13497042372935208
indianapolis,2026-05-23,2,2026-06-06,Flu ED visits pct,quantile,0.75,0.09670288665411829
la-grange,2026-05-23,2,2026-06-06,Flu ED visits pct,quantile,0.75,0.11878420922586112
larimer,2026-05-23,2,2026-06-06,Flu ED visits pct,quantile,0.75,0.19786716654416067
lynn,2026-05-23,2,2026-06-06,Flu ED visits pct,quantile,0.75,0.20272748963479034
macon,2026-05-23,2,2026-06-06,Flu ED visits pct,quantile,0.75,0.2889637555660336
maine,2026-05-23,2,2026-06-06,Flu ED visits pct,quantile,0.75,0.15864145562261517
marietta,2026-05-23,2,2026-06-06,Flu ED visits pct,quantile,0.75,0.13453400207859417
maryland,2026-05-23,2,2026-06-06,Flu ED visits pct,quantile,0.75,0.157308513628727
massachusetts,2026-05-23,2,2026-06-06,Flu ED visits pct,quantile,0.75,0.15343501266999204
medford,2026-05-23,2,2026-06-06,Flu ED visits pct,quantile,0.75,0.11969667119743861
mesa,2026-05-23,2,2026-06-06,Flu ED visits pct,quantile,0.75,0.16005705939597947
minneapolis,2026-05-23,2,2026-06-06,Flu ED visits pct,quantile,0.75,0.22571562146227347
minnesota,2026-05-23,2,2026-06-06,Flu ED visits pct,quantile,0.75,0.21385849592091194
montgomery,2026-05-23,2,2026-06-06,Flu ED visits pct,quantile,0.75,0.17310319806204794
nenc,2026-05-23,2,2026-06-06,Flu ED visits pct,quantile,0.75,0.14165411754945245
new-bedford,2026-05-23,2,2026-06-06,Flu ED visits pct,quantile,0.75,0.25716327973888753
north-carolina,2026-05-23,2,2026-06-06,Flu ED visits pct,quantile,0.75,0.525731985913403
ogden,2026-05-23,2,2026-06-06,Flu ED visits pct,quantile,0.75,0.1397139913028028
oregon,2026-05-23,2,2026-06-06,Flu ED visits pct,quantile,0.75,0.23992332729437696
pittsfield,2026-05-23,2,2026-06-06,Flu ED visits pct,quantile,0.75,0.1477081960697879
portland,2026-05-23,2,2026-06-06,Flu ED visits pct,quantile,0.75,0.18124140811371897
portland-or,2026-05-23,2,2026-06-06,Flu ED visits pct,quantile,0.75,0.24517609878191887
provo,2026-05-23,2,2026-06-06,Flu ED visits pct,quantile,0.75,0.12323023496687942
roanoke,2026-05-23,2,2026-06-06,Flu ED visits pct,quantile,0.75,0.20091565845282003
rochester,2026-05-23,2,2026-06-06,Flu ED visits pct,quantile,0.75,0.16303120217722006
rock-hill,2026-05-23,2,2026-06-06,Flu ED visits pct,quantile,0.75,0.19806550158632316
rtp-area,2026-05-23,2,2026-06-06,Flu ED visits pct,quantile,0.75,0.15442105313967855
salem,2026-05-23,2,2026-06-06,Flu ED visits pct,quantile,0.75,0.26574887061603303
salt-lake-city,2026-05-23,2,2026-06-06,Flu ED visits pct,quantile,0.75,0.15224178685254633
san-antonio,2026-05-23,2,2026-06-06,Flu ED visits pct,quantile,0.75,0.15707316794452084
savannah,2026-05-23,2,2026-06-06,Flu ED visits pct,quantile,0.75,0.0654681831537535
senc,2026-05-23,2,2026-06-06,Flu ED visits pct,quantile,0.75,0.07122883234624112
south-augusta,2026-05-23,2,2026-06-06,Flu ED visits pct,quantile,0.75,0.13170828794936493
south-carolina,2026-05-23,2,2026-06-06,Flu ED visits pct,quantile,0.75,0.13422571395393434
springfield,2026-05-23,2,2026-06-06,Flu ED visits pct,quantile,0.75,0.240632208391016
st-cloud,2026-05-23,2,2026-06-06,Flu ED visits pct,quantile,0.75,0.2009851124447352
st-paul,2026-05-23,2,2026-06-06,Flu ED visits pct,quantile,0.75,0.3114182053757053
texas,2026-05-23,2,2026-06-06,Flu ED visits pct,quantile,0.75,0.31509694157800927
triad-area,2026-05-23,2,2026-06-06,Flu ED visits pct,quantile,0.75,0.32740495789396457
utah,2026-05-23,2,2026-06-06,Flu ED visits pct,quantile,0.75,0.13773089926887927
virginia,2026-05-23,2,2026-06-06,Flu ED visits pct,quantile,0.75,0.23386498084628735
weld,2026-05-23,2,2026-06-06,Flu ED visits pct,quantile,0.75,0.31464997773141945
wnc,2026-05-23,2,2026-06-06,Flu ED visits pct,quantile,0.75,0.16920291425838904
worcester,2026-05-23,2,2026-06-06,Flu ED visits pct,quantile,0.75,0.19771914305484756
athens,2026-05-23,3,2026-06-13,Flu ED visits pct,quantile,0.75,0.2232551461446504
austin,2026-05-23,3,2026-06-13,Flu ED visits pct,quantile,0.75,0.22886331101317706
baltimore,2026-05-23,3,2026-06-13,Flu ED visits pct,quantile,0.75,0.12943553712581174
bangor,2026-05-23,3,2026-06-13,Flu ED visits pct,quantile,0.75,0.15936997228244149
beaumont,2026-05-23,3,2026-06-13,Flu ED visits pct,quantile,0.75,0.5242286299314531
boston,2026-05-23,3,2026-06-13,Flu ED visits pct,quantile,0.75,0.13617781968094272
boulder,2026-05-23,3,2026-06-13,Flu ED visits pct,quantile,0.75,0.24679567464172408
charleston,2026-05-23,3,2026-06-13,Flu ED visits pct,quantile,0.75,0.17754752418994446
cherokee,2026-05-23,3,2026-06-13,Flu ED visits pct,quantile,0.75,0.2350415313578375
clt-area,2026-05-23,3,2026-06-13,Flu ED visits pct,quantile,0.75,0.8028367224226061
colorado,2026-05-23,3,2026-06-13,Flu ED visits pct,quantile,0.75,0.26710329540027544
colorado-springs,2026-05-23,3,2026-06-13,Flu ED visits pct,quantile,0.75,0.34211788120980646
columbia,2026-05-23,3,2026-06-13,Flu ED visits pct,quantile,0.75,0.16659754899951873
columbus,2026-05-23,3,2026-06-13,Flu ED visits pct,quantile,0.75,0.13583614290595786
dallas,2026-05-23,3,2026-06-13,Flu ED visits pct,quantile,0.75,0.18391563628954236
denver,2026-05-23,3,2026-06-13,Flu ED visits pct,quantile,0.75,0.2813748441511372
deschutes,2026-05-23,3,2026-06-13,Flu ED visits pct,quantile,0.75,0.48845997383434736
duluth,2026-05-23,3,2026-06-13,Flu ED visits pct,quantile,0.75,0.2276342406294002
el-paso,2026-05-23,3,2026-06-13,Flu ED visits pct,quantile,0.75,1.3048767198794977
eugene,2026-05-23,3,2026-06-13,Flu ED visits pct,quantile,0.75,0.15914169246326085
fay-area,2026-05-23,3,2026-06-13,Flu ED visits pct,quantile,0.75,0.7236993789665863
florence,2026-05-23,3,2026-06-13,Flu ED visits pct,quantile,0.75,0.2636611127706844
floyd,2026-05-23,3,2026-06-13,Flu ED visits pct,quantile,0.75,0.17825311748191391
frederick,2026-05-23,3,2026-06-13,Flu ED visits pct,quantile,0.75,0.24188754749853564
georgia,2026-05-23,3,2026-06-13,Flu ED visits pct,quantile,0.75,0.14948848094551967
greenville,2026-05-23,3,2026-06-13,Flu ED visits pct,quantile,0.75,0.12389989185788729
hall,2026-05-23,3,2026-06-13,Flu ED visits pct,quantile,0.75,0.11321909148405787
harford,2026-05-23,3,2026-06-13,Flu ED visits pct,quantile,0.75,0.19194133790639523
henry,2026-05-23,3,2026-06-13,Flu ED visits pct,quantile,0.75,0.14182081248598644
horry,2026-05-23,3,2026-06-13,Flu ED visits pct,quantile,0.75,0.19346306364420537
houston,2026-05-23,3,2026-06-13,Flu ED visits pct,quantile,0.75,0.2902758627245512
indiana,2026-05-23,3,2026-06-13,Flu ED visits pct,quantile,0.75,0.14183772581838927
indianapolis,2026-05-23,3,2026-06-13,Flu ED visits pct,quantile,0.75,0.10111093116631815
la-grange,2026-05-23,3,2026-06-13,Flu ED visits pct,quantile,0.75,0.12139537022891138
larimer,2026-05-23,3,2026-06-13,Flu ED visits pct,quantile,0.75,0.19929572315245037
lynn,2026-05-23,3,2026-06-13,Flu ED visits pct,quantile,0.75,0.19921394251817384
macon,2026-05-23,3,2026-06-13,Flu ED visits pct,quantile,0.75,0.28659622866039025
maine,2026-05-23,3,2026-06-13,Flu ED visits pct,quantile,0.75,0.1571531822037826
marietta,2026-05-23,3,2026-06-13,Flu ED visits pct,quantile,0.75,0.13882353519643503
maryland,2026-05-23,3,2026-06-13,Flu ED visits pct,quantile,0.75,0.1576063608488605
massachusetts,2026-05-23,3,2026-06-13,Flu ED visits pct,quantile,0.75,0.15335099411071235
medford,2026-05-23,3,2026-06-13,Flu ED visits pct,quantile,0.75,0.1232730541240402
mesa,2026-05-23,3,2026-06-13,Flu ED visits pct,quantile,0.75,0.164197889355623
minneapolis,2026-05-23,3,2026-06-13,Flu ED visits pct,quantile,0.75,0.22231696443869106
minnesota,2026-05-23,3,2026-06-13,Flu ED visits pct,quantile,0.75,0.21323868198551918
montgomery,2026-05-23,3,2026-06-13,Flu ED visits pct,quantile,0.75,0.17355871056687852
nenc,2026-05-23,3,2026-06-13,Flu ED visits pct,quantile,0.75,0.1386827981307722
new-bedford,2026-05-23,3,2026-06-13,Flu ED visits pct,quantile,0.75,0.2531412110042386
north-carolina,2026-05-23,3,2026-06-13,Flu ED visits pct,quantile,0.75,0.5008161061881353
ogden,2026-05-23,3,2026-06-13,Flu ED visits pct,quantile,0.75,0.1407921353469551
oregon,2026-05-23,3,2026-06-13,Flu ED visits pct,quantile,0.75,0.23823758777482487
pittsfield,2026-05-23,3,2026-06-13,Flu ED visits pct,quantile,0.75,0.15544566427559062
portland,2026-05-23,3,2026-06-13,Flu ED visits pct,quantile,0.75,0.18228992327712162
portland-or,2026-05-23,3,2026-06-13,Flu ED visits pct,quantile,0.75,0.24341502160847683
provo,2026-05-23,3,2026-06-13,Flu ED visits pct,quantile,0.75,0.1266441415048714
roanoke,2026-05-23,3,2026-06-13,Flu ED visits pct,quantile,0.75,0.2038811537832564
rochester,2026-05-23,3,2026-06-13,Flu ED visits pct,quantile,0.75,0.16828032725732495
rock-hill,2026-05-23,3,2026-06-13,Flu ED visits pct,quantile,0.75,0.20243070947845904
rtp-area,2026-05-23,3,2026-06-13,Flu ED visits pct,quantile,0.75,0.15308385308518652
salem,2026-05-23,3,2026-06-13,Flu ED visits pct,quantile,0.75,0.2648061658495617
salt-lake-city,2026-05-23,3,2026-06-13,Flu ED visits pct,quantile,0.75,0.15838145586482696
san-antonio,2026-05-23,3,2026-06-13,Flu ED visits pct,quantile,0.75,0.1610643689610279
savannah,2026-05-23,3,2026-06-13,Flu ED visits pct,quantile,0.75,0.06678685289155678
senc,2026-05-23,3,2026-06-13,Flu ED visits pct,quantile,0.75,0.07003371415845379
south-augusta,2026-05-23,3,2026-06-13,Flu ED visits pct,quantile,0.75,0.1316997634605419
south-carolina,2026-05-23,3,2026-06-13,Flu ED visits pct,quantile,0.75,0.13783077934976848
springfield,2026-05-23,3,2026-06-13,Flu ED visits pct,quantile,0.75,0.24217961258434562
st-cloud,2026-05-23,3,2026-06-13,Flu ED visits pct,quantile,0.75,0.20188639417990228
st-paul,2026-05-23,3,2026-06-13,Flu ED visits pct,quantile,0.75,0.30772336670181366
texas,2026-05-23,3,2026-06-13,Flu ED visits pct,quantile,0.75,0.31405974235518297
triad-area,2026-05-23,3,2026-06-13,Flu ED visits pct,quantile,0.75,0.31715149771567275
utah,2026-05-23,3,2026-06-13,Flu ED visits pct,quantile,0.75,0.14114164264589457
virginia,2026-05-23,3,2026-06-13,Flu ED visits pct,quantile,0.75,0.23732460749509898
weld,2026-05-23,3,2026-06-13,Flu ED visits pct,quantile,0.75,0.3115016289950111
wnc,2026-05-23,3,2026-06-13,Flu ED visits pct,quantile,0.75,0.16482177489083777
worcester,2026-05-23,3,2026-06-13,Flu ED visits pct,quantile,0.75,0.19530522729005662
athens,2026-05-23,0,2026-05-23,Flu ED visits pct,quantile,0.9,0.32250158876911084
austin,2026-05-23,0,2026-05-23,Flu ED visits pct,quantile,0.9,0.2971311734035905
baltimore,2026-05-23,0,2026-05-23,Flu ED visits pct,quantile,0.9,0.1805177965094886
bangor,2026-05-23,0,2026-05-23,Flu ED visits pct,quantile,0.9,0.21428544601382965
beaumont,2026-05-23,0,2026-05-23,Flu ED visits pct,quantile,0.9,0.6804557566470381
boston,2026-05-23,0,2026-05-23,Flu ED visits pct,quantile,0.9,0.18398976727512387
boulder,2026-05-23,0,2026-05-23,Flu ED visits pct,quantile,0.9,0.3774252647938109
charleston,2026-05-23,0,2026-05-23,Flu ED visits pct,quantile,0.9,0.24742572592953055
cherokee,2026-05-23,0,2026-05-23,Flu ED visits pct,quantile,0.9,0.3496257855433061
clt-area,2026-05-23,0,2026-05-23,Flu ED visits pct,quantile,0.9,1.348747323865588
colorado,2026-05-23,0,2026-05-23,Flu ED visits pct,quantile,0.9,0.34204291200530684
colorado-springs,2026-05-23,0,2026-05-23,Flu ED visits pct,quantile,0.9,0.45717833722202667
columbia,2026-05-23,0,2026-05-23,Flu ED visits pct,quantile,0.9,0.1751512234009931
columbus,2026-05-23,0,2026-05-23,Flu ED visits pct,quantile,0.9,0.1971036838561433
dallas,2026-05-23,0,2026-05-23,Flu ED visits pct,quantile,0.9,0.22437986634724358
denver,2026-05-23,0,2026-05-23,Flu ED visits pct,quantile,0.9,0.38187721015481624
deschutes,2026-05-23,0,2026-05-23,Flu ED visits pct,quantile,0.9,0.6619637930116657
duluth,2026-05-23,0,2026-05-23,Flu ED visits pct,quantile,0.9,0.3444840131304668
el-paso,2026-05-23,0,2026-05-23,Flu ED visits pct,quantile,0.9,1.67040026221685
eugene,2026-05-23,0,2026-05-23,Flu ED visits pct,quantile,0.9,0.22402806558480431
fay-area,2026-05-23,0,2026-05-23,Flu ED visits pct,quantile,0.9,1.095610641308457
florence,2026-05-23,0,2026-05-23,Flu ED visits pct,quantile,0.9,0.38303425046907846
floyd,2026-05-23,0,2026-05-23,Flu ED visits pct,quantile,0.9,0.2764869849001037
frederick,2026-05-23,0,2026-05-23,Flu ED visits pct,quantile,0.9,0.3286231780178722
georgia,2026-05-23,0,2026-05-23,Flu ED visits pct,quantile,0.9,0.18803739677420275
greenville,2026-05-23,0,2026-05-23,Flu ED visits pct,quantile,0.9,0.18094789210328366
hall,2026-05-23,0,2026-05-23,Flu ED visits pct,quantile,0.9,0.14739559648913847
harford,2026-05-23,0,2026-05-23,Flu ED visits pct,quantile,0.9,0.27271553165573204
henry,2026-05-23,0,2026-05-23,Flu ED visits pct,quantile,0.9,0.20551475322768809
horry,2026-05-23,0,2026-05-23,Flu ED visits pct,quantile,0.9,0.2013155892481982
houston,2026-05-23,0,2026-05-23,Flu ED visits pct,quantile,0.9,0.375537341121149
indiana,2026-05-23,0,2026-05-23,Flu ED visits pct,quantile,0.9,0.16037713776641754
indianapolis,2026-05-23,0,2026-05-23,Flu ED visits pct,quantile,0.9,0.13324958805693052
la-grange,2026-05-23,0,2026-05-23,Flu ED visits pct,quantile,0.9,0.16329157430341776
larimer,2026-05-23,0,2026-05-23,Flu ED visits pct,quantile,0.9,0.2465543713033269
lynn,2026-05-23,0,2026-05-23,Flu ED visits pct,quantile,0.9,0.21768901729405277
macon,2026-05-23,0,2026-05-23,Flu ED visits pct,quantile,0.9,0.3511591755423311
maine,2026-05-23,0,2026-05-23,Flu ED visits pct,quantile,0.9,0.21844875011479872
marietta,2026-05-23,0,2026-05-23,Flu ED visits pct,quantile,0.9,0.1737018467547439
maryland,2026-05-23,0,2026-05-23,Flu ED visits pct,quantile,0.9,0.20199640447191305
massachusetts,2026-05-23,0,2026-05-23,Flu ED visits pct,quantile,0.9,0.1967944900347172
medford,2026-05-23,0,2026-05-23,Flu ED visits pct,quantile,0.9,0.21534199268131046
mesa,2026-05-23,0,2026-05-23,Flu ED visits pct,quantile,0.9,0.25219606234467856
minneapolis,2026-05-23,0,2026-05-23,Flu ED visits pct,quantile,0.9,0.30895944806572456
minnesota,2026-05-23,0,2026-05-23,Flu ED visits pct,quantile,0.9,0.2803944807987463
montgomery,2026-05-23,0,2026-05-23,Flu ED visits pct,quantile,0.9,0.23641840078175086
nenc,2026-05-23,0,2026-05-23,Flu ED visits pct,quantile,0.9,0.18608240590800398
new-bedford,2026-05-23,0,2026-05-23,Flu ED visits pct,quantile,0.9,0.37029989687743725
north-carolina,2026-05-23,0,2026-05-23,Flu ED visits pct,quantile,0.9,0.6295137204833469
ogden,2026-05-23,0,2026-05-23,Flu ED visits pct,quantile,0.9,0.19227309896346956
oregon,2026-05-23,0,2026-05-23,Flu ED visits pct,quantile,0.9,0.30869588205137516
pittsfield,2026-05-23,0,2026-05-23,Flu ED visits pct,quantile,0.9,0.30446114271716784
portland,2026-05-23,0,2026-05-23,Flu ED visits pct,quantile,0.9,0.28040751782618234
portland-or,2026-05-23,0,2026-05-23,Flu ED visits pct,quantile,0.9,0.34340589411371764
provo,2026-05-23,0,2026-05-23,Flu ED visits pct,quantile,0.9,0.17065452690424845
roanoke,2026-05-23,0,2026-05-23,Flu ED visits pct,quantile,0.9,0.26740537132205844
rochester,2026-05-23,0,2026-05-23,Flu ED visits pct,quantile,0.9,0.21822315352447239
rock-hill,2026-05-23,0,2026-05-23,Flu ED visits pct,quantile,0.9,0.31143867894757776
rtp-area,2026-05-23,0,2026-05-23,Flu ED visits pct,quantile,0.9,0.20083132350058047
salem,2026-05-23,0,2026-05-23,Flu ED visits pct,quantile,0.9,0.3594826629932212
salt-lake-city,2026-05-23,0,2026-05-23,Flu ED visits pct,quantile,0.9,0.20072798558007227
san-antonio,2026-05-23,0,2026-05-23,Flu ED visits pct,quantile,0.9,0.19817100863431417
savannah,2026-05-23,0,2026-05-23,Flu ED visits pct,quantile,0.9,0.0972852767258346
senc,2026-05-23,0,2026-05-23,Flu ED visits pct,quantile,0.9,0.1144299128571117
south-augusta,2026-05-23,0,2026-05-23,Flu ED visits pct,quantile,0.9,0.20885193923127818
south-carolina,2026-05-23,0,2026-05-23,Flu ED visits pct,quantile,0.9,0.16806835933540512
springfield,2026-05-23,0,2026-05-23,Flu ED visits pct,quantile,0.9,0.39268215262434497
st-cloud,2026-05-23,0,2026-05-23,Flu ED visits pct,quantile,0.9,0.2943507083640406
st-paul,2026-05-23,0,2026-05-23,Flu ED visits pct,quantile,0.9,0.42895686313429465
texas,2026-05-23,0,2026-05-23,Flu ED visits pct,quantile,0.9,0.3803190386747101
triad-area,2026-05-23,0,2026-05-23,Flu ED visits pct,quantile,0.9,0.3967125606196129
utah,2026-05-23,0,2026-05-23,Flu ED visits pct,quantile,0.9,0.16563699340225807
virginia,2026-05-23,0,2026-05-23,Flu ED visits pct,quantile,0.9,0.28255322241316017
weld,2026-05-23,0,2026-05-23,Flu ED visits pct,quantile,0.9,0.4433417126241499
wnc,2026-05-23,0,2026-05-23,Flu ED visits pct,quantile,0.9,0.2220941637251895
worcester,2026-05-23,0,2026-05-23,Flu ED visits pct,quantile,0.9,0.28393764211168904
athens,2026-05-23,1,2026-05-30,Flu ED visits pct,quantile,0.9,0.30982748424048545
austin,2026-05-23,1,2026-05-30,Flu ED visits pct,quantile,0.9,0.2885964164556248
baltimore,2026-05-23,1,2026-05-30,Flu ED visits pct,quantile,0.9,0.1745792314636934
bangor,2026-05-23,1,2026-05-30,Flu ED visits pct,quantile,0.9,0.2099988248106428
beaumont,2026-05-23,1,2026-05-30,Flu ED visits pct,quantile,0.9,0.6627492026353339
boston,2026-05-23,1,2026-05-30,Flu ED visits pct,quantile,0.9,0.17637843163383438
boulder,2026-05-23,1,2026-05-30,Flu ED visits pct,quantile,0.9,0.3663915103596504
charleston,2026-05-23,1,2026-05-30,Flu ED visits pct,quantile,0.9,0.23834448685691054
cherokee,2026-05-23,1,2026-05-30,Flu ED visits pct,quantile,0.9,0.3402593866577927
clt-area,2026-05-23,1,2026-05-30,Flu ED visits pct,quantile,0.9,1.277952163013297
colorado,2026-05-23,1,2026-05-30,Flu ED visits pct,quantile,0.9,0.3283898934609794
colorado-springs,2026-05-23,1,2026-05-30,Flu ED visits pct,quantile,0.9,0.4361392505747372
columbia,2026-05-23,1,2026-05-30,Flu ED visits pct,quantile,0.9,0.167605619066147
columbus,2026-05-23,1,2026-05-30,Flu ED visits pct,quantile,0.9,0.19694235662092507
dallas,2026-05-23,1,2026-05-30,Flu ED visits pct,quantile,0.9,0.21979880732059026
denver,2026-05-23,1,2026-05-30,Flu ED visits pct,quantile,0.9,0.3685705854162359
deschutes,2026-05-23,1,2026-05-30,Flu ED visits pct,quantile,0.9,0.6670517026548012
duluth,2026-05-23,1,2026-05-30,Flu ED visits pct,quantile,0.9,0.3277458898625256
el-paso,2026-05-23,1,2026-05-30,Flu ED visits pct,quantile,0.9,1.6224736078866846
eugene,2026-05-23,1,2026-05-30,Flu ED visits pct,quantile,0.9,0.22312919517190974
fay-area,2026-05-23,1,2026-05-30,Flu ED visits pct,quantile,0.9,1.0545822119006436
florence,2026-05-23,1,2026-05-30,Flu ED visits pct,quantile,0.9,0.3796124217681735
floyd,2026-05-23,1,2026-05-30,Flu ED visits pct,quantile,0.9,0.2649161452919446
frederick,2026-05-23,1,2026-05-30,Flu ED visits pct,quantile,0.9,0.3272272913534919
georgia,2026-05-23,1,2026-05-30,Flu ED visits pct,quantile,0.9,0.18109795616073465
greenville,2026-05-23,1,2026-05-30,Flu ED visits pct,quantile,0.9,0.17372659566058377
hall,2026-05-23,1,2026-05-30,Flu ED visits pct,quantile,0.9,0.1445457588957665
harford,2026-05-23,1,2026-05-30,Flu ED visits pct,quantile,0.9,0.26689535586523555
henry,2026-05-23,1,2026-05-30,Flu ED visits pct,quantile,0.9,0.1974903540085194
horry,2026-05-23,1,2026-05-30,Flu ED visits pct,quantile,0.9,0.1927172907534421
houston,2026-05-23,1,2026-05-30,Flu ED visits pct,quantile,0.9,0.36459226267461853
indiana,2026-05-23,1,2026-05-30,Flu ED visits pct,quantile,0.9,0.15675236971201661
indianapolis,2026-05-23,1,2026-05-30,Flu ED visits pct,quantile,0.9,0.13218187283796815
la-grange,2026-05-23,1,2026-05-30,Flu ED visits pct,quantile,0.9,0.16276392192763378
larimer,2026-05-23,1,2026-05-30,Flu ED visits pct,quantile,0.9,0.2434485888802853
lynn,2026-05-23,1,2026-05-30,Flu ED visits pct,quantile,0.9,0.20979897428964228
macon,2026-05-23,1,2026-05-30,Flu ED visits pct,quantile,0.9,0.347191809313915
maine,2026-05-23,1,2026-05-30,Flu ED visits pct,quantile,0.9,0.20801859499445305
marietta,2026-05-23,1,2026-05-30,Flu ED visits pct,quantile,0.9,0.1698815287974378
maryland,2026-05-23,1,2026-05-30,Flu ED visits pct,quantile,0.9,0.19504050834189252
massachusetts,2026-05-23,1,2026-05-30,Flu ED visits pct,quantile,0.9,0.18763701345175227
medford,2026-05-23,1,2026-05-30,Flu ED visits pct,quantile,0.9,0.21614613407381386
mesa,2026-05-23,1,2026-05-30,Flu ED visits pct,quantile,0.9,0.24891634106947957
minneapolis,2026-05-23,1,2026-05-30,Flu ED visits pct,quantile,0.9,0.29483580346147376
minnesota,2026-05-23,1,2026-05-30,Flu ED visits pct,quantile,0.9,0.267695607917923
montgomery,2026-05-23,1,2026-05-30,Flu ED visits pct,quantile,0.9,0.2276283857265021
nenc,2026-05-23,1,2026-05-30,Flu ED visits pct,quantile,0.9,0.17704157392627978
new-bedford,2026-05-23,1,2026-05-30,Flu ED visits pct,quantile,0.9,0.35325419410140463
north-carolina,2026-05-23,1,2026-05-30,Flu ED visits pct,quantile,0.9,0.6077974471420212
ogden,2026-05-23,1,2026-05-30,Flu ED visits pct,quantile,0.9,0.1888289048581777
oregon,2026-05-23,1,2026-05-30,Flu ED visits pct,quantile,0.9,0.3003685783786813
pittsfield,2026-05-23,1,2026-05-30,Flu ED visits pct,quantile,0.9,0.3029315678231141
portland,2026-05-23,1,2026-05-30,Flu ED visits pct,quantile,0.9,0.2722001800012601
portland-or,2026-05-23,1,2026-05-30,Flu ED visits pct,quantile,0.9,0.33469541927047314
provo,2026-05-23,1,2026-05-30,Flu ED visits pct,quantile,0.9,0.16597309525562104
roanoke,2026-05-23,1,2026-05-30,Flu ED visits pct,quantile,0.9,0.26005794998857673
rochester,2026-05-23,1,2026-05-30,Flu ED visits pct,quantile,0.9,0.21796733544029193
rock-hill,2026-05-23,1,2026-05-30,Flu ED visits pct,quantile,0.9,0.31000224200688087
rtp-area,2026-05-23,1,2026-05-30,Flu ED visits pct,quantile,0.9,0.19175247955207342
salem,2026-05-23,1,2026-05-30,Flu ED visits pct,quantile,0.9,0.35232767534589066
salt-lake-city,2026-05-23,1,2026-05-30,Flu ED visits pct,quantile,0.9,0.19474879113201268
san-antonio,2026-05-23,1,2026-05-30,Flu ED visits pct,quantile,0.9,0.19347002964946725
savannah,2026-05-23,1,2026-05-30,Flu ED visits pct,quantile,0.9,0.09323093536830508
senc,2026-05-23,1,2026-05-30,Flu ED visits pct,quantile,0.9,0.10827846316033035
south-augusta,2026-05-23,1,2026-05-30,Flu ED visits pct,quantile,0.9,0.20107679277956572
south-carolina,2026-05-23,1,2026-05-30,Flu ED visits pct,quantile,0.9,0.16510295668184424
springfield,2026-05-23,1,2026-05-30,Flu ED visits pct,quantile,0.9,0.3752198173011734
st-cloud,2026-05-23,1,2026-05-30,Flu ED visits pct,quantile,0.9,0.28556781803773934
st-paul,2026-05-23,1,2026-05-30,Flu ED visits pct,quantile,0.9,0.4111595566408699
texas,2026-05-23,1,2026-05-30,Flu ED visits pct,quantile,0.9,0.37434137003341883
triad-area,2026-05-23,1,2026-05-30,Flu ED visits pct,quantile,0.9,0.384041560298358
utah,2026-05-23,1,2026-05-30,Flu ED visits pct,quantile,0.9,0.16157536030399966
virginia,2026-05-23,1,2026-05-30,Flu ED visits pct,quantile,0.9,0.27384261807677107
weld,2026-05-23,1,2026-05-30,Flu ED visits pct,quantile,0.9,0.43126300049210536
wnc,2026-05-23,1,2026-05-30,Flu ED visits pct,quantile,0.9,0.21204934671803657
worcester,2026-05-23,1,2026-05-30,Flu ED visits pct,quantile,0.9,0.2698247377056578
athens,2026-05-23,2,2026-06-06,Flu ED visits pct,quantile,0.9,0.30704493386721804
austin,2026-05-23,2,2026-06-06,Flu ED visits pct,quantile,0.9,0.28513313652258704
baltimore,2026-05-23,2,2026-06-06,Flu ED visits pct,quantile,0.9,0.17164326053841658
bangor,2026-05-23,2,2026-06-06,Flu ED visits pct,quantile,0.9,0.20992539822404388
beaumont,2026-05-23,2,2026-06-06,Flu ED visits pct,quantile,0.9,0.640752767404676
boston,2026-05-23,2,2026-06-06,Flu ED visits pct,quantile,0.9,0.17273319601894993
boulder,2026-05-23,2,2026-06-06,Flu ED visits pct,quantile,0.9,0.36029379448518817
charleston,2026-05-23,2,2026-06-06,Flu ED visits pct,quantile,0.9,0.23454247907047782
cherokee,2026-05-23,2,2026-06-06,Flu ED visits pct,quantile,0.9,0.3349685297524423
clt-area,2026-05-23,2,2026-06-06,Flu ED visits pct,quantile,0.9,1.1883161360683345
colorado,2026-05-23,2,2026-06-06,Flu ED visits pct,quantile,0.9,0.3251066100893269
colorado-springs,2026-05-23,2,2026-06-06,Flu ED visits pct,quantile,0.9,0.4254231582134717
columbia,2026-05-23,2,2026-06-06,Flu ED visits pct,quantile,0.9,0.16774403654892722
columbus,2026-05-23,2,2026-06-06,Flu ED visits pct,quantile,0.9,0.19441532000686873
dallas,2026-05-23,2,2026-06-06,Flu ED visits pct,quantile,0.9,0.21861726713930668
denver,2026-05-23,2,2026-06-06,Flu ED visits pct,quantile,0.9,0.36203472497589867
deschutes,2026-05-23,2,2026-06-06,Flu ED visits pct,quantile,0.9,0.6553773486010045
duluth,2026-05-23,2,2026-06-06,Flu ED visits pct,quantile,0.9,0.3240701978276829
el-paso,2026-05-23,2,2026-06-06,Flu ED visits pct,quantile,0.9,1.5836544509697448
eugene,2026-05-23,2,2026-06-06,Flu ED visits pct,quantile,0.9,0.2253489362187642
fay-area,2026-05-23,2,2026-06-06,Flu ED visits pct,quantile,0.9,1.001316123385528
florence,2026-05-23,2,2026-06-06,Flu ED visits pct,quantile,0.9,0.37606808553598325
floyd,2026-05-23,2,2026-06-06,Flu ED visits pct,quantile,0.9,0.26130287328774765
frederick,2026-05-23,2,2026-06-06,Flu ED visits pct,quantile,0.9,0.32517393045068793
georgia,2026-05-23,2,2026-06-06,Flu ED visits pct,quantile,0.9,0.1801803290699271
greenville,2026-05-23,2,2026-06-06,Flu ED visits pct,quantile,0.9,0.1713701608023515
hall,2026-05-23,2,2026-06-06,Flu ED visits pct,quantile,0.9,0.14394662642006403
harford,2026-05-23,2,2026-06-06,Flu ED visits pct,quantile,0.9,0.264296969546313
henry,2026-05-23,2,2026-06-06,Flu ED visits pct,quantile,0.9,0.19590075515448674
horry,2026-05-23,2,2026-06-06,Flu ED visits pct,quantile,0.9,0.19059469767166543
houston,2026-05-23,2,2026-06-06,Flu ED visits pct,quantile,0.9,0.36255161258008134
indiana,2026-05-23,2,2026-06-06,Flu ED visits pct,quantile,0.9,0.1571424933981425
indianapolis,2026-05-23,2,2026-06-06,Flu ED visits pct,quantile,0.9,0.1321429261538749
la-grange,2026-05-23,2,2026-06-06,Flu ED visits pct,quantile,0.9,0.1639309055751041
larimer,2026-05-23,2,2026-06-06,Flu ED visits pct,quantile,0.9,0.23782109869343362
lynn,2026-05-23,2,2026-06-06,Flu ED visits pct,quantile,0.9,0.2049534099888411
macon,2026-05-23,2,2026-06-06,Flu ED visits pct,quantile,0.9,0.3447536804832814
maine,2026-05-23,2,2026-06-06,Flu ED visits pct,quantile,0.9,0.20621667727917709
marietta,2026-05-23,2,2026-06-06,Flu ED visits pct,quantile,0.9,0.16905715613297295
maryland,2026-05-23,2,2026-06-06,Flu ED visits pct,quantile,0.9,0.19182990307101772
massachusetts,2026-05-23,2,2026-06-06,Flu ED visits pct,quantile,0.9,0.1846522431007394
medford,2026-05-23,2,2026-06-06,Flu ED visits pct,quantile,0.9,0.21494323918347225
mesa,2026-05-23,2,2026-06-06,Flu ED visits pct,quantile,0.9,0.25088352892502924
minneapolis,2026-05-23,2,2026-06-06,Flu ED visits pct,quantile,0.9,0.291099267656365
minnesota,2026-05-23,2,2026-06-06,Flu ED visits pct,quantile,0.9,0.2661551273248712
montgomery,2026-05-23,2,2026-06-06,Flu ED visits pct,quantile,0.9,0.2240561647995002
nenc,2026-05-23,2,2026-06-06,Flu ED visits pct,quantile,0.9,0.17100087640661568
new-bedford,2026-05-23,2,2026-06-06,Flu ED visits pct,quantile,0.9,0.3475312485280475
north-carolina,2026-05-23,2,2026-06-06,Flu ED visits pct,quantile,0.9,0.5866544736969755
ogden,2026-05-23,2,2026-06-06,Flu ED visits pct,quantile,0.9,0.18780280050101283
oregon,2026-05-23,2,2026-06-06,Flu ED visits pct,quantile,0.9,0.29894060129174277
pittsfield,2026-05-23,2,2026-06-06,Flu ED visits pct,quantile,0.9,0.30007792197580685
portland,2026-05-23,2,2026-06-06,Flu ED visits pct,quantile,0.9,0.26938197225074567
portland-or,2026-05-23,2,2026-06-06,Flu ED visits pct,quantile,0.9,0.33054166216331765
provo,2026-05-23,2,2026-06-06,Flu ED visits pct,quantile,0.9,0.1651814549768645
roanoke,2026-05-23,2,2026-06-06,Flu ED visits pct,quantile,0.9,0.2587235773224226
rochester,2026-05-23,2,2026-06-06,Flu ED visits pct,quantile,0.9,0.21513339986716068
rock-hill,2026-05-23,2,2026-06-06,Flu ED visits pct,quantile,0.9,0.30455482860255834
rtp-area,2026-05-23,2,2026-06-06,Flu ED visits pct,quantile,0.9,0.18478597304684374
salem,2026-05-23,2,2026-06-06,Flu ED visits pct,quantile,0.9,0.3514346730214913
salt-lake-city,2026-05-23,2,2026-06-06,Flu ED visits pct,quantile,0.9,0.19175659877302026
san-antonio,2026-05-23,2,2026-06-06,Flu ED visits pct,quantile,0.9,0.1910133671589777
savannah,2026-05-23,2,2026-06-06,Flu ED visits pct,quantile,0.9,0.09219040519499967
senc,2026-05-23,2,2026-06-06,Flu ED visits pct,quantile,0.9,0.10578241724620599
south-augusta,2026-05-23,2,2026-06-06,Flu ED visits pct,quantile,0.9,0.1992345647777056
south-carolina,2026-05-23,2,2026-06-06,Flu ED visits pct,quantile,0.9,0.16114482931710533
springfield,2026-05-23,2,2026-06-06,Flu ED visits pct,quantile,0.9,0.366430804804168
st-cloud,2026-05-23,2,2026-06-06,Flu ED visits pct,quantile,0.9,0.28268324494774644
st-paul,2026-05-23,2,2026-06-06,Flu ED visits pct,quantile,0.9,0.4059399761789771
texas,2026-05-23,2,2026-06-06,Flu ED visits pct,quantile,0.9,0.3726425288193145
triad-area,2026-05-23,2,2026-06-06,Flu ED visits pct,quantile,0.9,0.3699628033274054
utah,2026-05-23,2,2026-06-06,Flu ED visits pct,quantile,0.9,0.1596416164149184
virginia,2026-05-23,2,2026-06-06,Flu ED visits pct,quantile,0.9,0.2718238897553203
weld,2026-05-23,2,2026-06-06,Flu ED visits pct,quantile,0.9,0.4303451349513269
wnc,2026-05-23,2,2026-06-06,Flu ED visits pct,quantile,0.9,0.20122886572143714
worcester,2026-05-23,2,2026-06-06,Flu ED visits pct,quantile,0.9,0.2652541879956109
athens,2026-05-23,3,2026-06-13,Flu ED visits pct,quantile,0.9,0.3114043935317121
austin,2026-05-23,3,2026-06-13,Flu ED visits pct,quantile,0.9,0.29243316360975785
baltimore,2026-05-23,3,2026-06-13,Flu ED visits pct,quantile,0.9,0.1761909091821092
bangor,2026-05-23,3,2026-06-13,Flu ED visits pct,quantile,0.9,0.20982813450657428
beaumont,2026-05-23,3,2026-06-13,Flu ED visits pct,quantile,0.9,0.6435177739446387
boston,2026-05-23,3,2026-06-13,Flu ED visits pct,quantile,0.9,0.1753501114978555
boulder,2026-05-23,3,2026-06-13,Flu ED visits pct,quantile,0.9,0.3622631925276776
charleston,2026-05-23,3,2026-06-13,Flu ED visits pct,quantile,0.9,0.24011430690108304
cherokee,2026-05-23,3,2026-06-13,Flu ED visits pct,quantile,0.9,0.340103330010638
clt-area,2026-05-23,3,2026-06-13,Flu ED visits pct,quantile,0.9,1.1451845504746316
colorado,2026-05-23,3,2026-06-13,Flu ED visits pct,quantile,0.9,0.3280052347490181
colorado-springs,2026-05-23,3,2026-06-13,Flu ED visits pct,quantile,0.9,0.42494774127943924
columbia,2026-05-23,3,2026-06-13,Flu ED visits pct,quantile,0.9,0.16936503046145174
columbus,2026-05-23,3,2026-06-13,Flu ED visits pct,quantile,0.9,0.19821387648378172
dallas,2026-05-23,3,2026-06-13,Flu ED visits pct,quantile,0.9,0.22406209485648948
denver,2026-05-23,3,2026-06-13,Flu ED visits pct,quantile,0.9,0.36690823478500506
deschutes,2026-05-23,3,2026-06-13,Flu ED visits pct,quantile,0.9,0.6607414821720725
duluth,2026-05-23,3,2026-06-13,Flu ED visits pct,quantile,0.9,0.32715698568650114
el-paso,2026-05-23,3,2026-06-13,Flu ED visits pct,quantile,0.9,1.560011650942436
eugene,2026-05-23,3,2026-06-13,Flu ED visits pct,quantile,0.9,0.22723298767788616
fay-area,2026-05-23,3,2026-06-13,Flu ED visits pct,quantile,0.9,0.9542024906207872
florence,2026-05-23,3,2026-06-13,Flu ED visits pct,quantile,0.9,0.38563383054992373
floyd,2026-05-23,3,2026-06-13,Flu ED visits pct,quantile,0.9,0.2680528328349924
frederick,2026-05-23,3,2026-06-13,Flu ED visits pct,quantile,0.9,0.3308065446730665
georgia,2026-05-23,3,2026-06-13,Flu ED visits pct,quantile,0.9,0.18366043842999114
greenville,2026-05-23,3,2026-06-13,Flu ED visits pct,quantile,0.9,0.1757481801349338
hall,2026-05-23,3,2026-06-13,Flu ED visits pct,quantile,0.9,0.1448117445366408
harford,2026-05-23,3,2026-06-13,Flu ED visits pct,quantile,0.9,0.2673479576892557
henry,2026-05-23,3,2026-06-13,Flu ED visits pct,quantile,0.9,0.19911015116457725
horry,2026-05-23,3,2026-06-13,Flu ED visits pct,quantile,0.9,0.19351246643726824
houston,2026-05-23,3,2026-06-13,Flu ED visits pct,quantile,0.9,0.3673999449166453
indiana,2026-05-23,3,2026-06-13,Flu ED visits pct,quantile,0.9,0.162462666154657
indianapolis,2026-05-23,3,2026-06-13,Flu ED visits pct,quantile,0.9,0.13419050364305993
la-grange,2026-05-23,3,2026-06-13,Flu ED visits pct,quantile,0.9,0.16292506956474673
larimer,2026-05-23,3,2026-06-13,Flu ED visits pct,quantile,0.9,0.24268122493244437
lynn,2026-05-23,3,2026-06-13,Flu ED visits pct,quantile,0.9,0.2086932273011411
macon,2026-05-23,3,2026-06-13,Flu ED visits pct,quantile,0.9,0.3472535286705362
maine,2026-05-23,3,2026-06-13,Flu ED visits pct,quantile,0.9,0.20642444419108683
marietta,2026-05-23,3,2026-06-13,Flu ED visits pct,quantile,0.9,0.17282203349003458
maryland,2026-05-23,3,2026-06-13,Flu ED visits pct,quantile,0.9,0.1952805301434978
massachusetts,2026-05-23,3,2026-06-13,Flu ED visits pct,quantile,0.9,0.18703322188483767
medford,2026-05-23,3,2026-06-13,Flu ED visits pct,quantile,0.9,0.21671681718094024
mesa,2026-05-23,3,2026-06-13,Flu ED visits pct,quantile,0.9,0.25487909975380785
minneapolis,2026-05-23,3,2026-06-13,Flu ED visits pct,quantile,0.9,0.2948363296509842
minnesota,2026-05-23,3,2026-06-13,Flu ED visits pct,quantile,0.9,0.2705376756642413
montgomery,2026-05-23,3,2026-06-13,Flu ED visits pct,quantile,0.9,0.22854864494532792
nenc,2026-05-23,3,2026-06-13,Flu ED visits pct,quantile,0.9,0.17290996976465992
new-bedford,2026-05-23,3,2026-06-13,Flu ED visits pct,quantile,0.9,0.35019544582436885
north-carolina,2026-05-23,3,2026-06-13,Flu ED visits pct,quantile,0.9,0.5832380788528031
ogden,2026-05-23,3,2026-06-13,Flu ED visits pct,quantile,0.9,0.1905580435421372
oregon,2026-05-23,3,2026-06-13,Flu ED visits pct,quantile,0.9,0.30044404898285537
pittsfield,2026-05-23,3,2026-06-13,Flu ED visits pct,quantile,0.9,0.3030863892092869
portland,2026-05-23,3,2026-06-13,Flu ED visits pct,quantile,0.9,0.2648085755007207
portland-or,2026-05-23,3,2026-06-13,Flu ED visits pct,quantile,0.9,0.33288403867858174
provo,2026-05-23,3,2026-06-13,Flu ED visits pct,quantile,0.9,0.16842101008251759
roanoke,2026-05-23,3,2026-06-13,Flu ED visits pct,quantile,0.9,0.2622407733533194
rochester,2026-05-23,3,2026-06-13,Flu ED visits pct,quantile,0.9,0.22099635394364328
rock-hill,2026-05-23,3,2026-06-13,Flu ED visits pct,quantile,0.9,0.3141584874458101
rtp-area,2026-05-23,3,2026-06-13,Flu ED visits pct,quantile,0.9,0.18661306110713938
salem,2026-05-23,3,2026-06-13,Flu ED visits pct,quantile,0.9,0.35507953763991223
salt-lake-city,2026-05-23,3,2026-06-13,Flu ED visits pct,quantile,0.9,0.1962782944266968
san-antonio,2026-05-23,3,2026-06-13,Flu ED visits pct,quantile,0.9,0.19527342065539507
savannah,2026-05-23,3,2026-06-13,Flu ED visits pct,quantile,0.9,0.09414419957368984
senc,2026-05-23,3,2026-06-13,Flu ED visits pct,quantile,0.9,0.10608658279161624
south-augusta,2026-05-23,3,2026-06-13,Flu ED visits pct,quantile,0.9,0.20063454235987677
south-carolina,2026-05-23,3,2026-06-13,Flu ED visits pct,quantile,0.9,0.16852730602528102
springfield,2026-05-23,3,2026-06-13,Flu ED visits pct,quantile,0.9,0.3721001441592331
st-cloud,2026-05-23,3,2026-06-13,Flu ED visits pct,quantile,0.9,0.28898379655209555
st-paul,2026-05-23,3,2026-06-13,Flu ED visits pct,quantile,0.9,0.41001067647165695
texas,2026-05-23,3,2026-06-13,Flu ED visits pct,quantile,0.9,0.38213137469066377
triad-area,2026-05-23,3,2026-06-13,Flu ED visits pct,quantile,0.9,0.37448266728518853
utah,2026-05-23,3,2026-06-13,Flu ED visits pct,quantile,0.9,0.16187519915016452
virginia,2026-05-23,3,2026-06-13,Flu ED visits pct,quantile,0.9,0.28035883060883804
weld,2026-05-23,3,2026-06-13,Flu ED visits pct,quantile,0.9,0.4291898226699637
wnc,2026-05-23,3,2026-06-13,Flu ED visits pct,quantile,0.9,0.2029057373644916
worcester,2026-05-23,3,2026-06-13,Flu ED visits pct,quantile,0.9,0.27000933388459714
athens,2026-05-23,0,2026-05-23,Flu ED visits pct,quantile,0.95,0.3633557519431443
austin,2026-05-23,0,2026-05-23,Flu ED visits pct,quantile,0.95,0.33006473887627835
baltimore,2026-05-23,0,2026-05-23,Flu ED visits pct,quantile,0.95,0.19904602363980683
bangor,2026-05-23,0,2026-05-23,Flu ED visits pct,quantile,0.95,0.23792271382706406
beaumont,2026-05-23,0,2026-05-23,Flu ED visits pct,quantile,0.95,0.7564022035783183
boston,2026-05-23,0,2026-05-23,Flu ED visits pct,quantile,0.95,0.20866871733845677
boulder,2026-05-23,0,2026-05-23,Flu ED visits pct,quantile,0.95,0.4078387603870808
charleston,2026-05-23,0,2026-05-23,Flu ED visits pct,quantile,0.95,0.2595946934909427
cherokee,2026-05-23,0,2026-05-23,Flu ED visits pct,quantile,0.95,0.3977448529530757
clt-area,2026-05-23,0,2026-05-23,Flu ED visits pct,quantile,0.95,1.3548546436494546
colorado,2026-05-23,0,2026-05-23,Flu ED visits pct,quantile,0.95,0.3956340179633407
colorado-springs,2026-05-23,0,2026-05-23,Flu ED visits pct,quantile,0.95,0.4812464770070528
columbia,2026-05-23,0,2026-05-23,Flu ED visits pct,quantile,0.95,0.18059175299561978
columbus,2026-05-23,0,2026-05-23,Flu ED visits pct,quantile,0.95,0.2546753657257332
dallas,2026-05-23,0,2026-05-23,Flu ED visits pct,quantile,0.95,0.25635757098181355
denver,2026-05-23,0,2026-05-23,Flu ED visits pct,quantile,0.95,0.4357242465982266
deschutes,2026-05-23,0,2026-05-23,Flu ED visits pct,quantile,0.95,0.7820986205367012
duluth,2026-05-23,0,2026-05-23,Flu ED visits pct,quantile,0.95,0.37957419213382065
el-paso,2026-05-23,0,2026-05-23,Flu ED visits pct,quantile,0.95,1.7482332887949301
eugene,2026-05-23,0,2026-05-23,Flu ED visits pct,quantile,0.95,0.2662395201119066
fay-area,2026-05-23,0,2026-05-23,Flu ED visits pct,quantile,0.95,1.1397756569494597
florence,2026-05-23,0,2026-05-23,Flu ED visits pct,quantile,0.95,0.4766895338601782
floyd,2026-05-23,0,2026-05-23,Flu ED visits pct,quantile,0.95,0.29914047646673986
frederick,2026-05-23,0,2026-05-23,Flu ED visits pct,quantile,0.95,0.6345776110904352
georgia,2026-05-23,0,2026-05-23,Flu ED visits pct,quantile,0.95,0.2093079114460491
greenville,2026-05-23,0,2026-05-23,Flu ED visits pct,quantile,0.95,0.20782425444129102
hall,2026-05-23,0,2026-05-23,Flu ED visits pct,quantile,0.95,0.154209840927386
harford,2026-05-23,0,2026-05-23,Flu ED visits pct,quantile,0.95,0.3271695612065169
henry,2026-05-23,0,2026-05-23,Flu ED visits pct,quantile,0.95,0.22181570218601632
horry,2026-05-23,0,2026-05-23,Flu ED visits pct,quantile,0.95,0.21295767784026398
houston,2026-05-23,0,2026-05-23,Flu ED visits pct,quantile,0.95,0.42509145369535695
indiana,2026-05-23,0,2026-05-23,Flu ED visits pct,quantile,0.95,0.24909494646465463
indianapolis,2026-05-23,0,2026-05-23,Flu ED visits pct,quantile,0.95,0.22701089450306333
la-grange,2026-05-23,0,2026-05-23,Flu ED visits pct,quantile,0.95,0.1937918215752752
larimer,2026-05-23,0,2026-05-23,Flu ED visits pct,quantile,0.95,0.3452574762977884
lynn,2026-05-23,0,2026-05-23,Flu ED visits pct,quantile,0.95,0.2314561140977026
macon,2026-05-23,0,2026-05-23,Flu ED visits pct,quantile,0.95,0.4056518096724698
maine,2026-05-23,0,2026-05-23,Flu ED visits pct,quantile,0.95,0.23418209287287173
marietta,2026-05-23,0,2026-05-23,Flu ED visits pct,quantile,0.95,0.20381488412455287
maryland,2026-05-23,0,2026-05-23,Flu ED visits pct,quantile,0.95,0.2200669572391805
massachusetts,2026-05-23,0,2026-05-23,Flu ED visits pct,quantile,0.95,0.22093470678920935
medford,2026-05-23,0,2026-05-23,Flu ED visits pct,quantile,0.95,0.23505536541446062
mesa,2026-05-23,0,2026-05-23,Flu ED visits pct,quantile,0.95,0.3409457054465739
minneapolis,2026-05-23,0,2026-05-23,Flu ED visits pct,quantile,0.95,0.35031018683373644
minnesota,2026-05-23,0,2026-05-23,Flu ED visits pct,quantile,0.95,0.3257565799040845
montgomery,2026-05-23,0,2026-05-23,Flu ED visits pct,quantile,0.95,0.26183479803709
nenc,2026-05-23,0,2026-05-23,Flu ED visits pct,quantile,0.95,0.2003303761701043
new-bedford,2026-05-23,0,2026-05-23,Flu ED visits pct,quantile,0.95,0.40274171430762473
north-carolina,2026-05-23,0,2026-05-23,Flu ED visits pct,quantile,0.95,0.6689424507481242
ogden,2026-05-23,0,2026-05-23,Flu ED visits pct,quantile,0.95,0.23783564153965875
oregon,2026-05-23,0,2026-05-23,Flu ED visits pct,quantile,0.95,0.35757579358594194
pittsfield,2026-05-23,0,2026-05-23,Flu ED visits pct,quantile,0.95,0.38512964307604813
portland,2026-05-23,0,2026-05-23,Flu ED visits pct,quantile,0.95,0.3183082664478313
portland-or,2026-05-23,0,2026-05-23,Flu ED visits pct,quantile,0.95,0.3760404201354611
provo,2026-05-23,0,2026-05-23,Flu ED visits pct,quantile,0.95,0.23540815889662944
roanoke,2026-05-23,0,2026-05-23,Flu ED visits pct,quantile,0.95,0.28681172867519006
rochester,2026-05-23,0,2026-05-23,Flu ED visits pct,quantile,0.95,0.24895444576286457
rock-hill,2026-05-23,0,2026-05-23,Flu ED visits pct,quantile,0.95,0.41755468163888426
rtp-area,2026-05-23,0,2026-05-23,Flu ED visits pct,quantile,0.95,0.21637985153196823
salem,2026-05-23,0,2026-05-23,Flu ED visits pct,quantile,0.95,0.40928989779130004
salt-lake-city,2026-05-23,0,2026-05-23,Flu ED visits pct,quantile,0.95,0.22179344928323974
san-antonio,2026-05-23,0,2026-05-23,Flu ED visits pct,quantile,0.95,0.21374849659634035
savannah,2026-05-23,0,2026-05-23,Flu ED visits pct,quantile,0.95,0.11440912040088111
senc,2026-05-23,0,2026-05-23,Flu ED visits pct,quantile,0.95,0.12521776137271762
south-augusta,2026-05-23,0,2026-05-23,Flu ED visits pct,quantile,0.95,0.22657472552969513
south-carolina,2026-05-23,0,2026-05-23,Flu ED visits pct,quantile,0.95,0.20116937335086257
springfield,2026-05-23,0,2026-05-23,Flu ED visits pct,quantile,0.95,0.4129959370468357
st-cloud,2026-05-23,0,2026-05-23,Flu ED visits pct,quantile,0.95,0.3440870878295283
st-paul,2026-05-23,0,2026-05-23,Flu ED visits pct,quantile,0.95,0.47347212070115713
texas,2026-05-23,0,2026-05-23,Flu ED visits pct,quantile,0.95,0.42138754932082795
triad-area,2026-05-23,0,2026-05-23,Flu ED visits pct,quantile,0.95,0.4072000631717597
utah,2026-05-23,0,2026-05-23,Flu ED visits pct,quantile,0.95,0.1994192691026876
virginia,2026-05-23,0,2026-05-23,Flu ED visits pct,quantile,0.95,0.31116733140186115
weld,2026-05-23,0,2026-05-23,Flu ED visits pct,quantile,0.95,0.5351741153903014
wnc,2026-05-23,0,2026-05-23,Flu ED visits pct,quantile,0.95,0.2321710468175013
worcester,2026-05-23,0,2026-05-23,Flu ED visits pct,quantile,0.95,0.3064617438193917
athens,2026-05-23,1,2026-05-30,Flu ED visits pct,quantile,0.95,0.3510256243746247
austin,2026-05-23,1,2026-05-30,Flu ED visits pct,quantile,0.95,0.31715618140616625
baltimore,2026-05-23,1,2026-05-30,Flu ED visits pct,quantile,0.95,0.19139261560142856
bangor,2026-05-23,1,2026-05-30,Flu ED visits pct,quantile,0.95,0.23190952366386078
beaumont,2026-05-23,1,2026-05-30,Flu ED visits pct,quantile,0.95,0.7442622498141144
boston,2026-05-23,1,2026-05-30,Flu ED visits pct,quantile,0.95,0.20360343492891023
boulder,2026-05-23,1,2026-05-30,Flu ED visits pct,quantile,0.95,0.3998376694826596
charleston,2026-05-23,1,2026-05-30,Flu ED visits pct,quantile,0.95,0.25239845654438253
cherokee,2026-05-23,1,2026-05-30,Flu ED visits pct,quantile,0.95,0.3879698407614205
clt-area,2026-05-23,1,2026-05-30,Flu ED visits pct,quantile,0.95,1.3231216823778145
colorado,2026-05-23,1,2026-05-30,Flu ED visits pct,quantile,0.95,0.3906809047684108
colorado-springs,2026-05-23,1,2026-05-30,Flu ED visits pct,quantile,0.95,0.46947099559734184
columbia,2026-05-23,1,2026-05-30,Flu ED visits pct,quantile,0.95,0.17216341225967513
columbus,2026-05-23,1,2026-05-30,Flu ED visits pct,quantile,0.95,0.24945549435125308
dallas,2026-05-23,1,2026-05-30,Flu ED visits pct,quantile,0.95,0.24647469349221157
denver,2026-05-23,1,2026-05-30,Flu ED visits pct,quantile,0.95,0.42514039446984914
deschutes,2026-05-23,1,2026-05-30,Flu ED visits pct,quantile,0.95,0.7804094808726694
duluth,2026-05-23,1,2026-05-30,Flu ED visits pct,quantile,0.95,0.3747856843598394
el-paso,2026-05-23,1,2026-05-30,Flu ED visits pct,quantile,0.95,1.7114664149905938
eugene,2026-05-23,1,2026-05-30,Flu ED visits pct,quantile,0.95,0.2610893389264
fay-area,2026-05-23,1,2026-05-30,Flu ED visits pct,quantile,0.95,1.124976521524067
florence,2026-05-23,1,2026-05-30,Flu ED visits pct,quantile,0.95,0.4670289921429154
floyd,2026-05-23,1,2026-05-30,Flu ED visits pct,quantile,0.95,0.2883189135932135
frederick,2026-05-23,1,2026-05-30,Flu ED visits pct,quantile,0.95,0.6236729209014029
georgia,2026-05-23,1,2026-05-30,Flu ED visits pct,quantile,0.95,0.20388390589583943
greenville,2026-05-23,1,2026-05-30,Flu ED visits pct,quantile,0.95,0.2003815746038388
hall,2026-05-23,1,2026-05-30,Flu ED visits pct,quantile,0.95,0.14899689392276616
harford,2026-05-23,1,2026-05-30,Flu ED visits pct,quantile,0.95,0.3224875171408503
henry,2026-05-23,1,2026-05-30,Flu ED visits pct,quantile,0.95,0.2141637579702183
horry,2026-05-23,1,2026-05-30,Flu ED visits pct,quantile,0.95,0.20539473368666078
houston,2026-05-23,1,2026-05-30,Flu ED visits pct,quantile,0.95,0.4128030637432178
indiana,2026-05-23,1,2026-05-30,Flu ED visits pct,quantile,0.95,0.2507900301368999
indianapolis,2026-05-23,1,2026-05-30,Flu ED visits pct,quantile,0.95,0.22062393469259067
la-grange,2026-05-23,1,2026-05-30,Flu ED visits pct,quantile,0.95,0.18894139134848914
larimer,2026-05-23,1,2026-05-30,Flu ED visits pct,quantile,0.95,0.3434389974631516
lynn,2026-05-23,1,2026-05-30,Flu ED visits pct,quantile,0.95,0.22338074042752348
macon,2026-05-23,1,2026-05-30,Flu ED visits pct,quantile,0.95,0.40328286044948347
maine,2026-05-23,1,2026-05-30,Flu ED visits pct,quantile,0.95,0.2269004707642174
marietta,2026-05-23,1,2026-05-30,Flu ED visits pct,quantile,0.95,0.19645239081553065
maryland,2026-05-23,1,2026-05-30,Flu ED visits pct,quantile,0.95,0.21490179373876186
massachusetts,2026-05-23,1,2026-05-30,Flu ED visits pct,quantile,0.95,0.215054166595376
medford,2026-05-23,1,2026-05-30,Flu ED visits pct,quantile,0.95,0.2330899054010077
mesa,2026-05-23,1,2026-05-30,Flu ED visits pct,quantile,0.95,0.3383715412153604
minneapolis,2026-05-23,1,2026-05-30,Flu ED visits pct,quantile,0.95,0.33856869643346604
minnesota,2026-05-23,1,2026-05-30,Flu ED visits pct,quantile,0.95,0.31781165713350784
montgomery,2026-05-23,1,2026-05-30,Flu ED visits pct,quantile,0.95,0.25118316553341896
nenc,2026-05-23,1,2026-05-30,Flu ED visits pct,quantile,0.95,0.19482988733438497
new-bedford,2026-05-23,1,2026-05-30,Flu ED visits pct,quantile,0.95,0.3930446948480254
north-carolina,2026-05-23,1,2026-05-30,Flu ED visits pct,quantile,0.95,0.6551346011288347
ogden,2026-05-23,1,2026-05-30,Flu ED visits pct,quantile,0.95,0.2303006016236421
oregon,2026-05-23,1,2026-05-30,Flu ED visits pct,quantile,0.95,0.3500029891252384
pittsfield,2026-05-23,1,2026-05-30,Flu ED visits pct,quantile,0.95,0.38434607400937626
portland,2026-05-23,1,2026-05-30,Flu ED visits pct,quantile,0.95,0.31276345458693117
portland-or,2026-05-23,1,2026-05-30,Flu ED visits pct,quantile,0.95,0.3690240988791174
provo,2026-05-23,1,2026-05-30,Flu ED visits pct,quantile,0.95,0.2313732257874745
roanoke,2026-05-23,1,2026-05-30,Flu ED visits pct,quantile,0.95,0.28052019111099147
rochester,2026-05-23,1,2026-05-30,Flu ED visits pct,quantile,0.95,0.24340899188638793
rock-hill,2026-05-23,1,2026-05-30,Flu ED visits pct,quantile,0.95,0.39754495475270124
rtp-area,2026-05-23,1,2026-05-30,Flu ED visits pct,quantile,0.95,0.2141139130341788
salem,2026-05-23,1,2026-05-30,Flu ED visits pct,quantile,0.95,0.39472832805398445
salt-lake-city,2026-05-23,1,2026-05-30,Flu ED visits pct,quantile,0.95,0.21472452824815422
san-antonio,2026-05-23,1,2026-05-30,Flu ED visits pct,quantile,0.95,0.20544250875587577
savannah,2026-05-23,1,2026-05-30,Flu ED visits pct,quantile,0.95,0.11348091751983948
senc,2026-05-23,1,2026-05-30,Flu ED visits pct,quantile,0.95,0.12277934996784641
south-augusta,2026-05-23,1,2026-05-30,Flu ED visits pct,quantile,0.95,0.2205486406109457
south-carolina,2026-05-23,1,2026-05-30,Flu ED visits pct,quantile,0.95,0.19235508039358643
springfield,2026-05-23,1,2026-05-30,Flu ED visits pct,quantile,0.95,0.40703136545745155
st-cloud,2026-05-23,1,2026-05-30,Flu ED visits pct,quantile,0.95,0.3388489225965965
st-paul,2026-05-23,1,2026-05-30,Flu ED visits pct,quantile,0.95,0.4607417928457296
texas,2026-05-23,1,2026-05-30,Flu ED visits pct,quantile,0.95,0.4150551769281835
triad-area,2026-05-23,1,2026-05-30,Flu ED visits pct,quantile,0.95,0.40169017908934074
utah,2026-05-23,1,2026-05-30,Flu ED visits pct,quantile,0.95,0.19320687879118315
virginia,2026-05-23,1,2026-05-30,Flu ED visits pct,quantile,0.95,0.302313030055008
weld,2026-05-23,1,2026-05-30,Flu ED visits pct,quantile,0.95,0.5284605004916751
wnc,2026-05-23,1,2026-05-30,Flu ED visits pct,quantile,0.95,0.2300892632913569
worcester,2026-05-23,1,2026-05-30,Flu ED visits pct,quantile,0.95,0.2968306281527149
athens,2026-05-23,2,2026-06-06,Flu ED visits pct,quantile,0.95,0.3537470397557157
austin,2026-05-23,2,2026-06-06,Flu ED visits pct,quantile,0.95,0.3157953555516462
baltimore,2026-05-23,2,2026-06-06,Flu ED visits pct,quantile,0.95,0.18878438694965188
bangor,2026-05-23,2,2026-06-06,Flu ED visits pct,quantile,0.95,0.22944755685589047
beaumont,2026-05-23,2,2026-06-06,Flu ED visits pct,quantile,0.95,0.7408100656459118
boston,2026-05-23,2,2026-06-06,Flu ED visits pct,quantile,0.95,0.20136023437748019
boulder,2026-05-23,2,2026-06-06,Flu ED visits pct,quantile,0.95,0.3988820228169987
charleston,2026-05-23,2,2026-06-06,Flu ED visits pct,quantile,0.95,0.2481258118906971
cherokee,2026-05-23,2,2026-06-06,Flu ED visits pct,quantile,0.95,0.3884280964456893
clt-area,2026-05-23,2,2026-06-06,Flu ED visits pct,quantile,0.95,1.282181860264817
colorado,2026-05-23,2,2026-06-06,Flu ED visits pct,quantile,0.95,0.3887668690414038
colorado-springs,2026-05-23,2,2026-06-06,Flu ED visits pct,quantile,0.95,0.47117443597396397
columbia,2026-05-23,2,2026-06-06,Flu ED visits pct,quantile,0.95,0.16788041707144816
columbus,2026-05-23,2,2026-06-06,Flu ED visits pct,quantile,0.95,0.24915241717225683
dallas,2026-05-23,2,2026-06-06,Flu ED visits pct,quantile,0.95,0.24695790517839594
denver,2026-05-23,2,2026-06-06,Flu ED visits pct,quantile,0.95,0.4234893884178022
deschutes,2026-05-23,2,2026-06-06,Flu ED visits pct,quantile,0.95,0.7856607666922728
duluth,2026-05-23,2,2026-06-06,Flu ED visits pct,quantile,0.95,0.37343869046069145
el-paso,2026-05-23,2,2026-06-06,Flu ED visits pct,quantile,0.95,1.7055301393186006
eugene,2026-05-23,2,2026-06-06,Flu ED visits pct,quantile,0.95,0.25972236312665925
fay-area,2026-05-23,2,2026-06-06,Flu ED visits pct,quantile,0.95,1.1123925434456852
florence,2026-05-23,2,2026-06-06,Flu ED visits pct,quantile,0.95,0.4669423526834426
floyd,2026-05-23,2,2026-06-06,Flu ED visits pct,quantile,0.95,0.2848425558987044
frederick,2026-05-23,2,2026-06-06,Flu ED visits pct,quantile,0.95,0.6166814792919221
georgia,2026-05-23,2,2026-06-06,Flu ED visits pct,quantile,0.95,0.20358347215258177
greenville,2026-05-23,2,2026-06-06,Flu ED visits pct,quantile,0.95,0.19874183960381434
hall,2026-05-23,2,2026-06-06,Flu ED visits pct,quantile,0.95,0.14758780675029692
harford,2026-05-23,2,2026-06-06,Flu ED visits pct,quantile,0.95,0.32208922194061074
henry,2026-05-23,2,2026-06-06,Flu ED visits pct,quantile,0.95,0.2097086123791019
horry,2026-05-23,2,2026-06-06,Flu ED visits pct,quantile,0.95,0.20098922351192341
houston,2026-05-23,2,2026-06-06,Flu ED visits pct,quantile,0.95,0.4102624190962843
indiana,2026-05-23,2,2026-06-06,Flu ED visits pct,quantile,0.95,0.24703870543078604
indianapolis,2026-05-23,2,2026-06-06,Flu ED visits pct,quantile,0.95,0.21609804718043485
la-grange,2026-05-23,2,2026-06-06,Flu ED visits pct,quantile,0.95,0.18840709080460744
larimer,2026-05-23,2,2026-06-06,Flu ED visits pct,quantile,0.95,0.3423594578415666
lynn,2026-05-23,2,2026-06-06,Flu ED visits pct,quantile,0.95,0.2213520491167725
macon,2026-05-23,2,2026-06-06,Flu ED visits pct,quantile,0.95,0.40712967409439493
maine,2026-05-23,2,2026-06-06,Flu ED visits pct,quantile,0.95,0.22822126134351003
marietta,2026-05-23,2,2026-06-06,Flu ED visits pct,quantile,0.95,0.20001305204940084
maryland,2026-05-23,2,2026-06-06,Flu ED visits pct,quantile,0.95,0.21431366134285715
massachusetts,2026-05-23,2,2026-06-06,Flu ED visits pct,quantile,0.95,0.2143250416715039
medford,2026-05-23,2,2026-06-06,Flu ED visits pct,quantile,0.95,0.23372921999700572
mesa,2026-05-23,2,2026-06-06,Flu ED visits pct,quantile,0.95,0.34461968091979067
minneapolis,2026-05-23,2,2026-06-06,Flu ED visits pct,quantile,0.95,0.3373081147968877
minnesota,2026-05-23,2,2026-06-06,Flu ED visits pct,quantile,0.95,0.3164143892780351
montgomery,2026-05-23,2,2026-06-06,Flu ED visits pct,quantile,0.95,0.24809724800493554
nenc,2026-05-23,2,2026-06-06,Flu ED visits pct,quantile,0.95,0.19493799689030042
new-bedford,2026-05-23,2,2026-06-06,Flu ED visits pct,quantile,0.95,0.3934573555398323
north-carolina,2026-05-23,2,2026-06-06,Flu ED visits pct,quantile,0.95,0.6613017625603268
ogden,2026-05-23,2,2026-06-06,Flu ED visits pct,quantile,0.95,0.2306337358907026
oregon,2026-05-23,2,2026-06-06,Flu ED visits pct,quantile,0.95,0.35119496274626016
pittsfield,2026-05-23,2,2026-06-06,Flu ED visits pct,quantile,0.95,0.3783156900734929
portland,2026-05-23,2,2026-06-06,Flu ED visits pct,quantile,0.95,0.31298405143582175
portland-or,2026-05-23,2,2026-06-06,Flu ED visits pct,quantile,0.95,0.3677349847783092
provo,2026-05-23,2,2026-06-06,Flu ED visits pct,quantile,0.95,0.2385611057006418
roanoke,2026-05-23,2,2026-06-06,Flu ED visits pct,quantile,0.95,0.28043949616064684
rochester,2026-05-23,2,2026-06-06,Flu ED visits pct,quantile,0.95,0.24372277474394616
rock-hill,2026-05-23,2,2026-06-06,Flu ED visits pct,quantile,0.95,0.404271601629959
rtp-area,2026-05-23,2,2026-06-06,Flu ED visits pct,quantile,0.95,0.21294073506121955
salem,2026-05-23,2,2026-06-06,Flu ED visits pct,quantile,0.95,0.40155221907989624
salt-lake-city,2026-05-23,2,2026-06-06,Flu ED visits pct,quantile,0.95,0.21466095449701927
san-antonio,2026-05-23,2,2026-06-06,Flu ED visits pct,quantile,0.95,0.20186392020726007
savannah,2026-05-23,2,2026-06-06,Flu ED visits pct,quantile,0.95,0.11303937342197215
senc,2026-05-23,2,2026-06-06,Flu ED visits pct,quantile,0.95,0.12171352544425383
south-augusta,2026-05-23,2,2026-06-06,Flu ED visits pct,quantile,0.95,0.21883907114660006
south-carolina,2026-05-23,2,2026-06-06,Flu ED visits pct,quantile,0.95,0.1982469663005707
springfield,2026-05-23,2,2026-06-06,Flu ED visits pct,quantile,0.95,0.4042576392896097
st-cloud,2026-05-23,2,2026-06-06,Flu ED visits pct,quantile,0.95,0.34090234882774034
st-paul,2026-05-23,2,2026-06-06,Flu ED visits pct,quantile,0.95,0.458763906649283
texas,2026-05-23,2,2026-06-06,Flu ED visits pct,quantile,0.95,0.4146543852085536
triad-area,2026-05-23,2,2026-06-06,Flu ED visits pct,quantile,0.95,0.4008448732696773
utah,2026-05-23,2,2026-06-06,Flu ED visits pct,quantile,0.95,0.19362070659951452
virginia,2026-05-23,2,2026-06-06,Flu ED visits pct,quantile,0.95,0.30314063371455807
weld,2026-05-23,2,2026-06-06,Flu ED visits pct,quantile,0.95,0.5273482747798438
wnc,2026-05-23,2,2026-06-06,Flu ED visits pct,quantile,0.95,0.22877012524532997
worcester,2026-05-23,2,2026-06-06,Flu ED visits pct,quantile,0.95,0.29382255750615244
athens,2026-05-23,3,2026-06-13,Flu ED visits pct,quantile,0.95,0.37335037414969124
austin,2026-05-23,3,2026-06-13,Flu ED visits pct,quantile,0.95,0.3316667719576535
baltimore,2026-05-23,3,2026-06-13,Flu ED visits pct,quantile,0.95,0.2004930700460689
bangor,2026-05-23,3,2026-06-13,Flu ED visits pct,quantile,0.95,0.23371396210111098
beaumont,2026-05-23,3,2026-06-13,Flu ED visits pct,quantile,0.95,0.7573720686529845
boston,2026-05-23,3,2026-06-13,Flu ED visits pct,quantile,0.95,0.20639239062854656
boulder,2026-05-23,3,2026-06-13,Flu ED visits pct,quantile,0.95,0.4010014588498239
charleston,2026-05-23,3,2026-06-13,Flu ED visits pct,quantile,0.95,0.259573285556159
cherokee,2026-05-23,3,2026-06-13,Flu ED visits pct,quantile,0.95,0.40375384466738207
clt-area,2026-05-23,3,2026-06-13,Flu ED visits pct,quantile,0.95,1.2611921345754324
colorado,2026-05-23,3,2026-06-13,Flu ED visits pct,quantile,0.95,0.3953112358833921
colorado-springs,2026-05-23,3,2026-06-13,Flu ED visits pct,quantile,0.95,0.4785667919727978
columbia,2026-05-23,3,2026-06-13,Flu ED visits pct,quantile,0.95,0.17261002907032602
columbus,2026-05-23,3,2026-06-13,Flu ED visits pct,quantile,0.95,0.2610541148454514
dallas,2026-05-23,3,2026-06-13,Flu ED visits pct,quantile,0.95,0.2607025901230961
denver,2026-05-23,3,2026-06-13,Flu ED visits pct,quantile,0.95,0.4309760851954733
deschutes,2026-05-23,3,2026-06-13,Flu ED visits pct,quantile,0.95,0.8092825295228885
duluth,2026-05-23,3,2026-06-13,Flu ED visits pct,quantile,0.95,0.38087108818057
el-paso,2026-05-23,3,2026-06-13,Flu ED visits pct,quantile,0.95,1.7192711534496452
eugene,2026-05-23,3,2026-06-13,Flu ED visits pct,quantile,0.95,0.27172355682510996
fay-area,2026-05-23,3,2026-06-13,Flu ED visits pct,quantile,0.95,1.0997425349955456
florence,2026-05-23,3,2026-06-13,Flu ED visits pct,quantile,0.95,0.4973549743422502
floyd,2026-05-23,3,2026-06-13,Flu ED visits pct,quantile,0.95,0.3053706916215565
frederick,2026-05-23,3,2026-06-13,Flu ED visits pct,quantile,0.95,0.6522538016960371
georgia,2026-05-23,3,2026-06-13,Flu ED visits pct,quantile,0.95,0.21734335798741472
greenville,2026-05-23,3,2026-06-13,Flu ED visits pct,quantile,0.95,0.20734486471310942
hall,2026-05-23,3,2026-06-13,Flu ED visits pct,quantile,0.95,0.15455851334723467
harford,2026-05-23,3,2026-06-13,Flu ED visits pct,quantile,0.95,0.3406644526749762
henry,2026-05-23,3,2026-06-13,Flu ED visits pct,quantile,0.95,0.2201245732919536
horry,2026-05-23,3,2026-06-13,Flu ED visits pct,quantile,0.95,0.20827122600580403
houston,2026-05-23,3,2026-06-13,Flu ED visits pct,quantile,0.95,0.4281313394195021
indiana,2026-05-23,3,2026-06-13,Flu ED visits pct,quantile,0.95,0.2698668516157333
indianapolis,2026-05-23,3,2026-06-13,Flu ED visits pct,quantile,0.95,0.22948148076739935
la-grange,2026-05-23,3,2026-06-13,Flu ED visits pct,quantile,0.95,0.19683677159561405
larimer,2026-05-23,3,2026-06-13,Flu ED visits pct,quantile,0.95,0.35331122561853195
lynn,2026-05-23,3,2026-06-13,Flu ED visits pct,quantile,0.95,0.22156043045935325
macon,2026-05-23,3,2026-06-13,Flu ED visits pct,quantile,0.95,0.4117417000931987
maine,2026-05-23,3,2026-06-13,Flu ED visits pct,quantile,0.95,0.23317694084193102
marietta,2026-05-23,3,2026-06-13,Flu ED visits pct,quantile,0.95,0.2077463508649674
maryland,2026-05-23,3,2026-06-13,Flu ED visits pct,quantile,0.95,0.22591952956255548
massachusetts,2026-05-23,3,2026-06-13,Flu ED visits pct,quantile,0.95,0.22284767533000183
medford,2026-05-23,3,2026-06-13,Flu ED visits pct,quantile,0.95,0.24030381141923207
mesa,2026-05-23,3,2026-06-13,Flu ED visits pct,quantile,0.95,0.3586790110149145
minneapolis,2026-05-23,3,2026-06-13,Flu ED visits pct,quantile,0.95,0.3433798154635789
minnesota,2026-05-23,3,2026-06-13,Flu ED visits pct,quantile,0.95,0.32666304011565556
montgomery,2026-05-23,3,2026-06-13,Flu ED visits pct,quantile,0.95,0.2641342341920115
nenc,2026-05-23,3,2026-06-13,Flu ED visits pct,quantile,0.95,0.19935276251228368
new-bedford,2026-05-23,3,2026-06-13,Flu ED visits pct,quantile,0.95,0.4023179967058452
north-carolina,2026-05-23,3,2026-06-13,Flu ED visits pct,quantile,0.95,0.6718634000165548
ogden,2026-05-23,3,2026-06-13,Flu ED visits pct,quantile,0.95,0.24261195077448994
oregon,2026-05-23,3,2026-06-13,Flu ED visits pct,quantile,0.95,0.35410860928436705
pittsfield,2026-05-23,3,2026-06-13,Flu ED visits pct,quantile,0.95,0.39383145652125695
portland,2026-05-23,3,2026-06-13,Flu ED visits pct,quantile,0.95,0.3167053732469023
portland-or,2026-05-23,3,2026-06-13,Flu ED visits pct,quantile,0.95,0.37167689050603847
provo,2026-05-23,3,2026-06-13,Flu ED visits pct,quantile,0.95,0.25103577726150894
roanoke,2026-05-23,3,2026-06-13,Flu ED visits pct,quantile,0.95,0.2937045981640696
rochester,2026-05-23,3,2026-06-13,Flu ED visits pct,quantile,0.95,0.25817697548057783
rock-hill,2026-05-23,3,2026-06-13,Flu ED visits pct,quantile,0.95,0.438428843864686
rtp-area,2026-05-23,3,2026-06-13,Flu ED visits pct,quantile,0.95,0.21799505972862504
salem,2026-05-23,3,2026-06-13,Flu ED visits pct,quantile,0.95,0.41630336400706075
salt-lake-city,2026-05-23,3,2026-06-13,Flu ED visits pct,quantile,0.95,0.22625342252585426
san-antonio,2026-05-23,3,2026-06-13,Flu ED visits pct,quantile,0.95,0.21293984509186015
savannah,2026-05-23,3,2026-06-13,Flu ED visits pct,quantile,0.95,0.11966892206213213
senc,2026-05-23,3,2026-06-13,Flu ED visits pct,quantile,0.95,0.12356825594092509
south-augusta,2026-05-23,3,2026-06-13,Flu ED visits pct,quantile,0.95,0.22358955941362668
south-carolina,2026-05-23,3,2026-06-13,Flu ED visits pct,quantile,0.95,0.21199654574994084
springfield,2026-05-23,3,2026-06-13,Flu ED visits pct,quantile,0.95,0.41442869826040146
st-cloud,2026-05-23,3,2026-06-13,Flu ED visits pct,quantile,0.95,0.3468840816874458
st-paul,2026-05-23,3,2026-06-13,Flu ED visits pct,quantile,0.95,0.46996594978569095
texas,2026-05-23,3,2026-06-13,Flu ED visits pct,quantile,0.95,0.43790616672798743
triad-area,2026-05-23,3,2026-06-13,Flu ED visits pct,quantile,0.95,0.4108504124411067
utah,2026-05-23,3,2026-06-13,Flu ED visits pct,quantile,0.95,0.2043524748992421
virginia,2026-05-23,3,2026-06-13,Flu ED visits pct,quantile,0.95,0.3243403933811757
weld,2026-05-23,3,2026-06-13,Flu ED visits pct,quantile,0.95,0.5400703091731704
wnc,2026-05-23,3,2026-06-13,Flu ED visits pct,quantile,0.95,0.2316796193327539
worcester,2026-05-23,3,2026-06-13,Flu ED visits pct,quantile,0.95,0.30440004792058084
athens,2026-05-23,0,2026-05-23,Flu ED visits pct,quantile,0.975,0.4842679607487662
austin,2026-05-23,0,2026-05-23,Flu ED visits pct,quantile,0.975,0.4706464168434259
baltimore,2026-05-23,0,2026-05-23,Flu ED visits pct,quantile,0.975,0.27651621027768913
bangor,2026-05-23,0,2026-05-23,Flu ED visits pct,quantile,0.975,0.29460406970621417
beaumont,2026-05-23,0,2026-05-23,Flu ED visits pct,quantile,0.975,0.9945850958505571
boston,2026-05-23,0,2026-05-23,Flu ED visits pct,quantile,0.975,0.23477439364001726
boulder,2026-05-23,0,2026-05-23,Flu ED visits pct,quantile,0.975,0.4442338432850672
charleston,2026-05-23,0,2026-05-23,Flu ED visits pct,quantile,0.975,0.3630652579952039
cherokee,2026-05-23,0,2026-05-23,Flu ED visits pct,quantile,0.975,0.5318974219749608
clt-area,2026-05-23,0,2026-05-23,Flu ED visits pct,quantile,0.975,1.4779637416874285
colorado,2026-05-23,0,2026-05-23,Flu ED visits pct,quantile,0.975,0.41557532374075773
colorado-springs,2026-05-23,0,2026-05-23,Flu ED visits pct,quantile,0.975,0.5315104356660642
columbia,2026-05-23,0,2026-05-23,Flu ED visits pct,quantile,0.975,0.2745685731590665
columbus,2026-05-23,0,2026-05-23,Flu ED visits pct,quantile,0.975,0.3688744518338211
dallas,2026-05-23,0,2026-05-23,Flu ED visits pct,quantile,0.975,0.39673764616041585
denver,2026-05-23,0,2026-05-23,Flu ED visits pct,quantile,0.975,0.46593329629344427
deschutes,2026-05-23,0,2026-05-23,Flu ED visits pct,quantile,0.975,0.894822163571807
duluth,2026-05-23,0,2026-05-23,Flu ED visits pct,quantile,0.975,0.39347793229123856
el-paso,2026-05-23,0,2026-05-23,Flu ED visits pct,quantile,0.975,1.9982985460472629
eugene,2026-05-23,0,2026-05-23,Flu ED visits pct,quantile,0.975,0.3622396152958222
fay-area,2026-05-23,0,2026-05-23,Flu ED visits pct,quantile,0.975,1.2600599250405602
florence,2026-05-23,0,2026-05-23,Flu ED visits pct,quantile,0.975,0.545891813840817
floyd,2026-05-23,0,2026-05-23,Flu ED visits pct,quantile,0.975,0.4064242050413728
frederick,2026-05-23,0,2026-05-23,Flu ED visits pct,quantile,0.975,0.6993141762942161
georgia,2026-05-23,0,2026-05-23,Flu ED visits pct,quantile,0.975,0.2884581856644638
greenville,2026-05-23,0,2026-05-23,Flu ED visits pct,quantile,0.975,0.2996467009580597
hall,2026-05-23,0,2026-05-23,Flu ED visits pct,quantile,0.975,0.23840250111900863
harford,2026-05-23,0,2026-05-23,Flu ED visits pct,quantile,0.975,0.4583191358658288
henry,2026-05-23,0,2026-05-23,Flu ED visits pct,quantile,0.975,0.3103421603071024
horry,2026-05-23,0,2026-05-23,Flu ED visits pct,quantile,0.975,0.3153399230213692
houston,2026-05-23,0,2026-05-23,Flu ED visits pct,quantile,0.975,0.48373082616693386
indiana,2026-05-23,0,2026-05-23,Flu ED visits pct,quantile,0.975,0.4678932655445256
indianapolis,2026-05-23,0,2026-05-23,Flu ED visits pct,quantile,0.975,0.3597151154748902
la-grange,2026-05-23,0,2026-05-23,Flu ED visits pct,quantile,0.975,0.29790283602282214
larimer,2026-05-23,0,2026-05-23,Flu ED visits pct,quantile,0.975,0.49375149858283096
lynn,2026-05-23,0,2026-05-23,Flu ED visits pct,quantile,0.975,0.2877043441326077
macon,2026-05-23,0,2026-05-23,Flu ED visits pct,quantile,0.975,0.4716147356314609
maine,2026-05-23,0,2026-05-23,Flu ED visits pct,quantile,0.975,0.2596408885132915
marietta,2026-05-23,0,2026-05-23,Flu ED visits pct,quantile,0.975,0.28117614110493544
maryland,2026-05-23,0,2026-05-23,Flu ED visits pct,quantile,0.975,0.30029559879715745
massachusetts,2026-05-23,0,2026-05-23,Flu ED visits pct,quantile,0.975,0.2500109015360957
medford,2026-05-23,0,2026-05-23,Flu ED visits pct,quantile,0.975,0.3476479487296717
mesa,2026-05-23,0,2026-05-23,Flu ED visits pct,quantile,0.975,0.42476040763333267
minneapolis,2026-05-23,0,2026-05-23,Flu ED visits pct,quantile,0.975,0.3995620745470297
minnesota,2026-05-23,0,2026-05-23,Flu ED visits pct,quantile,0.975,0.363998666944571
montgomery,2026-05-23,0,2026-05-23,Flu ED visits pct,quantile,0.975,0.35945185268658375
nenc,2026-05-23,0,2026-05-23,Flu ED visits pct,quantile,0.975,0.21826834725956157
new-bedford,2026-05-23,0,2026-05-23,Flu ED visits pct,quantile,0.975,0.43177237872979257
north-carolina,2026-05-23,0,2026-05-23,Flu ED visits pct,quantile,0.975,0.7291174589235929
ogden,2026-05-23,0,2026-05-23,Flu ED visits pct,quantile,0.975,0.34098112193588614
oregon,2026-05-23,0,2026-05-23,Flu ED visits pct,quantile,0.975,0.4018309184946517
pittsfield,2026-05-23,0,2026-05-23,Flu ED visits pct,quantile,0.975,0.414768120506873
portland,2026-05-23,0,2026-05-23,Flu ED visits pct,quantile,0.975,0.37805439234073623
portland-or,2026-05-23,0,2026-05-23,Flu ED visits pct,quantile,0.975,0.4380357979882789
provo,2026-05-23,0,2026-05-23,Flu ED visits pct,quantile,0.975,0.4073796237621707
roanoke,2026-05-23,0,2026-05-23,Flu ED visits pct,quantile,0.975,0.39696031432360285
rochester,2026-05-23,0,2026-05-23,Flu ED visits pct,quantile,0.975,0.38335550346924074
rock-hill,2026-05-23,0,2026-05-23,Flu ED visits pct,quantile,0.975,0.5227081165898773
rtp-area,2026-05-23,0,2026-05-23,Flu ED visits pct,quantile,0.975,0.2485251391663535
salem,2026-05-23,0,2026-05-23,Flu ED visits pct,quantile,0.975,0.5488706863916281
salt-lake-city,2026-05-23,0,2026-05-23,Flu ED visits pct,quantile,0.975,0.33458439128084233
san-antonio,2026-05-23,0,2026-05-23,Flu ED visits pct,quantile,0.975,0.3607333853348508
savannah,2026-05-23,0,2026-05-23,Flu ED visits pct,quantile,0.975,0.19140632917379652
senc,2026-05-23,0,2026-05-23,Flu ED visits pct,quantile,0.975,0.13198652363599003
south-augusta,2026-05-23,0,2026-05-23,Flu ED visits pct,quantile,0.975,0.2493287703262848
south-carolina,2026-05-23,0,2026-05-23,Flu ED visits pct,quantile,0.975,0.28986597938411485
springfield,2026-05-23,0,2026-05-23,Flu ED visits pct,quantile,0.975,0.49204958351510986
st-cloud,2026-05-23,0,2026-05-23,Flu ED visits pct,quantile,0.975,0.3984016093701236
st-paul,2026-05-23,0,2026-05-23,Flu ED visits pct,quantile,0.975,0.5145491913997035
texas,2026-05-23,0,2026-05-23,Flu ED visits pct,quantile,0.975,0.5870843620035435
triad-area,2026-05-23,0,2026-05-23,Flu ED visits pct,quantile,0.975,0.45813132794479755
utah,2026-05-23,0,2026-05-23,Flu ED visits pct,quantile,0.975,0.2878785290338745
virginia,2026-05-23,0,2026-05-23,Flu ED visits pct,quantile,0.975,0.4406628430051693
weld,2026-05-23,0,2026-05-23,Flu ED visits pct,quantile,0.975,0.6729781107295709
wnc,2026-05-23,0,2026-05-23,Flu ED visits pct,quantile,0.975,0.26443719389246284
worcester,2026-05-23,0,2026-05-23,Flu ED visits pct,quantile,0.975,0.40279221688049394
athens,2026-05-23,1,2026-05-30,Flu ED visits pct,quantile,0.975,0.4909551954222403
austin,2026-05-23,1,2026-05-30,Flu ED visits pct,quantile,0.975,0.46381378609750296
baltimore,2026-05-23,1,2026-05-30,Flu ED visits pct,quantile,0.975,0.273966041322867
bangor,2026-05-23,1,2026-05-30,Flu ED visits pct,quantile,0.975,0.2858694864280919
beaumont,2026-05-23,1,2026-05-30,Flu ED visits pct,quantile,0.975,1.0390549328797878
boston,2026-05-23,1,2026-05-30,Flu ED visits pct,quantile,0.975,0.23072999622174734
boulder,2026-05-23,1,2026-05-30,Flu ED visits pct,quantile,0.975,0.4371836122977179
charleston,2026-05-23,1,2026-05-30,Flu ED visits pct,quantile,0.975,0.3564714460080175
cherokee,2026-05-23,1,2026-05-30,Flu ED visits pct,quantile,0.975,0.53355973490395
clt-area,2026-05-23,1,2026-05-30,Flu ED visits pct,quantile,0.975,1.475302347645766
colorado,2026-05-23,1,2026-05-30,Flu ED visits pct,quantile,0.975,0.40707120497927535
colorado-springs,2026-05-23,1,2026-05-30,Flu ED visits pct,quantile,0.975,0.52447495629933
columbia,2026-05-23,1,2026-05-30,Flu ED visits pct,quantile,0.975,0.2692281598730498
columbus,2026-05-23,1,2026-05-30,Flu ED visits pct,quantile,0.975,0.3706738424199209
dallas,2026-05-23,1,2026-05-30,Flu ED visits pct,quantile,0.975,0.39174663337499344
denver,2026-05-23,1,2026-05-30,Flu ED visits pct,quantile,0.975,0.4614345835471739
deschutes,2026-05-23,1,2026-05-30,Flu ED visits pct,quantile,0.975,0.9230168660529149
duluth,2026-05-23,1,2026-05-30,Flu ED visits pct,quantile,0.975,0.3927003157275337
el-paso,2026-05-23,1,2026-05-30,Flu ED visits pct,quantile,0.975,1.9764333969027066
eugene,2026-05-23,1,2026-05-30,Flu ED visits pct,quantile,0.975,0.3778274203687204
fay-area,2026-05-23,1,2026-05-30,Flu ED visits pct,quantile,0.975,1.2511252935941632
florence,2026-05-23,1,2026-05-30,Flu ED visits pct,quantile,0.975,0.5544917924524684
floyd,2026-05-23,1,2026-05-30,Flu ED visits pct,quantile,0.975,0.4059143894021259
frederick,2026-05-23,1,2026-05-30,Flu ED visits pct,quantile,0.975,0.6953751824161292
georgia,2026-05-23,1,2026-05-30,Flu ED visits pct,quantile,0.975,0.28808091776702244
greenville,2026-05-23,1,2026-05-30,Flu ED visits pct,quantile,0.975,0.3020787540609194
hall,2026-05-23,1,2026-05-30,Flu ED visits pct,quantile,0.975,0.23368576672647956
harford,2026-05-23,1,2026-05-30,Flu ED visits pct,quantile,0.975,0.4654593127054825
henry,2026-05-23,1,2026-05-30,Flu ED visits pct,quantile,0.975,0.3014764450418306
horry,2026-05-23,1,2026-05-30,Flu ED visits pct,quantile,0.975,0.3168970845837779
houston,2026-05-23,1,2026-05-30,Flu ED visits pct,quantile,0.975,0.48312579354418766
indiana,2026-05-23,1,2026-05-30,Flu ED visits pct,quantile,0.975,0.46650675746295206
indianapolis,2026-05-23,1,2026-05-30,Flu ED visits pct,quantile,0.975,0.36215226101077486
la-grange,2026-05-23,1,2026-05-30,Flu ED visits pct,quantile,0.975,0.2939196173792543
larimer,2026-05-23,1,2026-05-30,Flu ED visits pct,quantile,0.975,0.4893842215411843
lynn,2026-05-23,1,2026-05-30,Flu ED visits pct,quantile,0.975,0.2807511281666862
macon,2026-05-23,1,2026-05-30,Flu ED visits pct,quantile,0.975,0.48749989694699986
maine,2026-05-23,1,2026-05-30,Flu ED visits pct,quantile,0.975,0.25800941565106794
marietta,2026-05-23,1,2026-05-30,Flu ED visits pct,quantile,0.975,0.2869100061827702
maryland,2026-05-23,1,2026-05-30,Flu ED visits pct,quantile,0.975,0.29903423694038095
massachusetts,2026-05-23,1,2026-05-30,Flu ED visits pct,quantile,0.975,0.2485378786878496
medford,2026-05-23,1,2026-05-30,Flu ED visits pct,quantile,0.975,0.3484193500425097
mesa,2026-05-23,1,2026-05-30,Flu ED visits pct,quantile,0.975,0.45246977237216174
minneapolis,2026-05-23,1,2026-05-30,Flu ED visits pct,quantile,0.975,0.39219782702151684
minnesota,2026-05-23,1,2026-05-30,Flu ED visits pct,quantile,0.975,0.35528508246777274
montgomery,2026-05-23,1,2026-05-30,Flu ED visits pct,quantile,0.975,0.3579690245947891
nenc,2026-05-23,1,2026-05-30,Flu ED visits pct,quantile,0.975,0.21327495420940362
new-bedford,2026-05-23,1,2026-05-30,Flu ED visits pct,quantile,0.975,0.4281733681590661
north-carolina,2026-05-23,1,2026-05-30,Flu ED visits pct,quantile,0.975,0.7270233298200268
ogden,2026-05-23,1,2026-05-30,Flu ED visits pct,quantile,0.975,0.3386404853178703
oregon,2026-05-23,1,2026-05-30,Flu ED visits pct,quantile,0.975,0.39753925230971165
pittsfield,2026-05-23,1,2026-05-30,Flu ED visits pct,quantile,0.975,0.4093562239445026
portland,2026-05-23,1,2026-05-30,Flu ED visits pct,quantile,0.975,0.3730853534164097
portland-or,2026-05-23,1,2026-05-30,Flu ED visits pct,quantile,0.975,0.43144359569103463
provo,2026-05-23,1,2026-05-30,Flu ED visits pct,quantile,0.975,0.40584010918506774
roanoke,2026-05-23,1,2026-05-30,Flu ED visits pct,quantile,0.975,0.39792340180878016
rochester,2026-05-23,1,2026-05-30,Flu ED visits pct,quantile,0.975,0.3918280971859391
rock-hill,2026-05-23,1,2026-05-30,Flu ED visits pct,quantile,0.975,0.5132184310674883
rtp-area,2026-05-23,1,2026-05-30,Flu ED visits pct,quantile,0.975,0.24799480442311084
salem,2026-05-23,1,2026-05-30,Flu ED visits pct,quantile,0.975,0.5547469473204115
salt-lake-city,2026-05-23,1,2026-05-30,Flu ED visits pct,quantile,0.975,0.33072881698490497
san-antonio,2026-05-23,1,2026-05-30,Flu ED visits pct,quantile,0.975,0.3581669214873824
savannah,2026-05-23,1,2026-05-30,Flu ED visits pct,quantile,0.975,0.19032063927544776
senc,2026-05-23,1,2026-05-30,Flu ED visits pct,quantile,0.975,0.12942587232751696
south-augusta,2026-05-23,1,2026-05-30,Flu ED visits pct,quantile,0.975,0.24609476737190283
south-carolina,2026-05-23,1,2026-05-30,Flu ED visits pct,quantile,0.975,0.28141345692013414
springfield,2026-05-23,1,2026-05-30,Flu ED visits pct,quantile,0.975,0.4811593744004136
st-cloud,2026-05-23,1,2026-05-30,Flu ED visits pct,quantile,0.975,0.3961167629529053
st-paul,2026-05-23,1,2026-05-30,Flu ED visits pct,quantile,0.975,0.5083694862369598
texas,2026-05-23,1,2026-05-30,Flu ED visits pct,quantile,0.975,0.5862542077869126
triad-area,2026-05-23,1,2026-05-30,Flu ED visits pct,quantile,0.975,0.4512501926186376
utah,2026-05-23,1,2026-05-30,Flu ED visits pct,quantile,0.975,0.2807641136544218
virginia,2026-05-23,1,2026-05-30,Flu ED visits pct,quantile,0.975,0.42364029023598404
weld,2026-05-23,1,2026-05-30,Flu ED visits pct,quantile,0.975,0.6646108925405434
wnc,2026-05-23,1,2026-05-30,Flu ED visits pct,quantile,0.975,0.2596211394787254
worcester,2026-05-23,1,2026-05-30,Flu ED visits pct,quantile,0.975,0.3944255695592991
athens,2026-05-23,2,2026-06-06,Flu ED visits pct,quantile,0.975,0.49452996551464745
austin,2026-05-23,2,2026-06-06,Flu ED visits pct,quantile,0.975,0.4598445715087737
baltimore,2026-05-23,2,2026-06-06,Flu ED visits pct,quantile,0.975,0.2748908104015239
bangor,2026-05-23,2,2026-06-06,Flu ED visits pct,quantile,0.975,0.292860640826341
beaumont,2026-05-23,2,2026-06-06,Flu ED visits pct,quantile,0.975,1.039901880457928
boston,2026-05-23,2,2026-06-06,Flu ED visits pct,quantile,0.975,0.23297228015859628
boulder,2026-05-23,2,2026-06-06,Flu ED visits pct,quantile,0.975,0.4428099935815458
charleston,2026-05-23,2,2026-06-06,Flu ED visits pct,quantile,0.975,0.3561567759391424
cherokee,2026-05-23,2,2026-06-06,Flu ED visits pct,quantile,0.975,0.5418212984597506
clt-area,2026-05-23,2,2026-06-06,Flu ED visits pct,quantile,0.975,1.4908769053825492
colorado,2026-05-23,2,2026-06-06,Flu ED visits pct,quantile,0.975,0.4173047382892877
colorado-springs,2026-05-23,2,2026-06-06,Flu ED visits pct,quantile,0.975,0.5293630085733741
columbia,2026-05-23,2,2026-06-06,Flu ED visits pct,quantile,0.975,0.2720228571202455
columbus,2026-05-23,2,2026-06-06,Flu ED visits pct,quantile,0.975,0.37411546410555696
dallas,2026-05-23,2,2026-06-06,Flu ED visits pct,quantile,0.975,0.38968412803960417
denver,2026-05-23,2,2026-06-06,Flu ED visits pct,quantile,0.975,0.46813616934845365
deschutes,2026-05-23,2,2026-06-06,Flu ED visits pct,quantile,0.975,0.9443188722233754
duluth,2026-05-23,2,2026-06-06,Flu ED visits pct,quantile,0.975,0.40394523661764975
el-paso,2026-05-23,2,2026-06-06,Flu ED visits pct,quantile,0.975,1.990941004909301
eugene,2026-05-23,2,2026-06-06,Flu ED visits pct,quantile,0.975,0.38477719289217194
fay-area,2026-05-23,2,2026-06-06,Flu ED visits pct,quantile,0.975,1.2616710823109898
florence,2026-05-23,2,2026-06-06,Flu ED visits pct,quantile,0.975,0.574422125124803
floyd,2026-05-23,2,2026-06-06,Flu ED visits pct,quantile,0.975,0.403778175603606
frederick,2026-05-23,2,2026-06-06,Flu ED visits pct,quantile,0.975,0.6974739393084691
georgia,2026-05-23,2,2026-06-06,Flu ED visits pct,quantile,0.975,0.3032996574114014
greenville,2026-05-23,2,2026-06-06,Flu ED visits pct,quantile,0.975,0.30662268334601395
hall,2026-05-23,2,2026-06-06,Flu ED visits pct,quantile,0.975,0.2377712458318905
harford,2026-05-23,2,2026-06-06,Flu ED visits pct,quantile,0.975,0.46648293078319913
henry,2026-05-23,2,2026-06-06,Flu ED visits pct,quantile,0.975,0.29886963165260155
horry,2026-05-23,2,2026-06-06,Flu ED visits pct,quantile,0.975,0.3183016415850747
houston,2026-05-23,2,2026-06-06,Flu ED visits pct,quantile,0.975,0.4953374640493847
indiana,2026-05-23,2,2026-06-06,Flu ED visits pct,quantile,0.975,0.4707517654346718
indianapolis,2026-05-23,2,2026-06-06,Flu ED visits pct,quantile,0.975,0.351520572628433
la-grange,2026-05-23,2,2026-06-06,Flu ED visits pct,quantile,0.975,0.3037762705542952
larimer,2026-05-23,2,2026-06-06,Flu ED visits pct,quantile,0.975,0.49347273966330407
lynn,2026-05-23,2,2026-06-06,Flu ED visits pct,quantile,0.975,0.2924347863559672
macon,2026-05-23,2,2026-06-06,Flu ED visits pct,quantile,0.975,0.4877574377978383
maine,2026-05-23,2,2026-06-06,Flu ED visits pct,quantile,0.975,0.26338520296683227
marietta,2026-05-23,2,2026-06-06,Flu ED visits pct,quantile,0.975,0.28864982513471465
maryland,2026-05-23,2,2026-06-06,Flu ED visits pct,quantile,0.975,0.3021159309756846
massachusetts,2026-05-23,2,2026-06-06,Flu ED visits pct,quantile,0.975,0.25508423271807285
medford,2026-05-23,2,2026-06-06,Flu ED visits pct,quantile,0.975,0.36252279104959095
mesa,2026-05-23,2,2026-06-06,Flu ED visits pct,quantile,0.975,0.4619317429919995
minneapolis,2026-05-23,2,2026-06-06,Flu ED visits pct,quantile,0.975,0.39309273048536786
minnesota,2026-05-23,2,2026-06-06,Flu ED visits pct,quantile,0.975,0.36415163047603943
montgomery,2026-05-23,2,2026-06-06,Flu ED visits pct,quantile,0.975,0.36204112063053245
nenc,2026-05-23,2,2026-06-06,Flu ED visits pct,quantile,0.975,0.21624516969099583
new-bedford,2026-05-23,2,2026-06-06,Flu ED visits pct,quantile,0.975,0.43127117713374596
north-carolina,2026-05-23,2,2026-06-06,Flu ED visits pct,quantile,0.975,0.7376220796217078
ogden,2026-05-23,2,2026-06-06,Flu ED visits pct,quantile,0.975,0.34151463366671525
oregon,2026-05-23,2,2026-06-06,Flu ED visits pct,quantile,0.975,0.4017006303282576
pittsfield,2026-05-23,2,2026-06-06,Flu ED visits pct,quantile,0.975,0.4254647112727753
portland,2026-05-23,2,2026-06-06,Flu ED visits pct,quantile,0.975,0.37609281042674114
portland-or,2026-05-23,2,2026-06-06,Flu ED visits pct,quantile,0.975,0.4354197616017042
provo,2026-05-23,2,2026-06-06,Flu ED visits pct,quantile,0.975,0.411236580963173
roanoke,2026-05-23,2,2026-06-06,Flu ED visits pct,quantile,0.975,0.4000347935189687
rochester,2026-05-23,2,2026-06-06,Flu ED visits pct,quantile,0.975,0.39542391272330557
rock-hill,2026-05-23,2,2026-06-06,Flu ED visits pct,quantile,0.975,0.5308025959377787
rtp-area,2026-05-23,2,2026-06-06,Flu ED visits pct,quantile,0.975,0.2520262211049025
salem,2026-05-23,2,2026-06-06,Flu ED visits pct,quantile,0.975,0.5675144241948609
salt-lake-city,2026-05-23,2,2026-06-06,Flu ED visits pct,quantile,0.975,0.3270769497776063
san-antonio,2026-05-23,2,2026-06-06,Flu ED visits pct,quantile,0.975,0.3560437130694752
savannah,2026-05-23,2,2026-06-06,Flu ED visits pct,quantile,0.975,0.18677164101793628
senc,2026-05-23,2,2026-06-06,Flu ED visits pct,quantile,0.975,0.13203861873557768
south-augusta,2026-05-23,2,2026-06-06,Flu ED visits pct,quantile,0.975,0.2491823170205963
south-carolina,2026-05-23,2,2026-06-06,Flu ED visits pct,quantile,0.975,0.3002266327544013
springfield,2026-05-23,2,2026-06-06,Flu ED visits pct,quantile,0.975,0.4888988333231158
st-cloud,2026-05-23,2,2026-06-06,Flu ED visits pct,quantile,0.975,0.3976400816248161
st-paul,2026-05-23,2,2026-06-06,Flu ED visits pct,quantile,0.975,0.5153499982829597
texas,2026-05-23,2,2026-06-06,Flu ED visits pct,quantile,0.975,0.5978835098210731
triad-area,2026-05-23,2,2026-06-06,Flu ED visits pct,quantile,0.975,0.4580098711719008
utah,2026-05-23,2,2026-06-06,Flu ED visits pct,quantile,0.975,0.2855273264054397
virginia,2026-05-23,2,2026-06-06,Flu ED visits pct,quantile,0.975,0.4458424005324441
weld,2026-05-23,2,2026-06-06,Flu ED visits pct,quantile,0.975,0.678717803016248
wnc,2026-05-23,2,2026-06-06,Flu ED visits pct,quantile,0.975,0.2664560160319018
worcester,2026-05-23,2,2026-06-06,Flu ED visits pct,quantile,0.975,0.4010152823281896
athens,2026-05-23,3,2026-06-13,Flu ED visits pct,quantile,0.975,0.5345151530652468
austin,2026-05-23,3,2026-06-13,Flu ED visits pct,quantile,0.975,0.5009271885179489
baltimore,2026-05-23,3,2026-06-13,Flu ED visits pct,quantile,0.975,0.2883710138324552
bangor,2026-05-23,3,2026-06-13,Flu ED visits pct,quantile,0.975,0.30494165639135007
beaumont,2026-05-23,3,2026-06-13,Flu ED visits pct,quantile,0.975,1.0686191763170136
boston,2026-05-23,3,2026-06-13,Flu ED visits pct,quantile,0.975,0.2437088018983095
boulder,2026-05-23,3,2026-06-13,Flu ED visits pct,quantile,0.975,0.45032572376295865
charleston,2026-05-23,3,2026-06-13,Flu ED visits pct,quantile,0.975,0.3779892213703484
cherokee,2026-05-23,3,2026-06-13,Flu ED visits pct,quantile,0.975,0.5843419172725064
clt-area,2026-05-23,3,2026-06-13,Flu ED visits pct,quantile,0.975,1.5018502290399331
colorado,2026-05-23,3,2026-06-13,Flu ED visits pct,quantile,0.975,0.4330682303307774
colorado-springs,2026-05-23,3,2026-06-13,Flu ED visits pct,quantile,0.975,0.5451361899228425
columbia,2026-05-23,3,2026-06-13,Flu ED visits pct,quantile,0.975,0.3000691777119331
columbus,2026-05-23,3,2026-06-13,Flu ED visits pct,quantile,0.975,0.3804201592221607
dallas,2026-05-23,3,2026-06-13,Flu ED visits pct,quantile,0.975,0.4201750388641629
denver,2026-05-23,3,2026-06-13,Flu ED visits pct,quantile,0.975,0.4808821057034034
deschutes,2026-05-23,3,2026-06-13,Flu ED visits pct,quantile,0.975,0.9870504929367738
duluth,2026-05-23,3,2026-06-13,Flu ED visits pct,quantile,0.975,0.42128529830126177
el-paso,2026-05-23,3,2026-06-13,Flu ED visits pct,quantile,0.975,2.0342675521473046
eugene,2026-05-23,3,2026-06-13,Flu ED visits pct,quantile,0.975,0.41544373647102023
fay-area,2026-05-23,3,2026-06-13,Flu ED visits pct,quantile,0.975,1.288698721176177
florence,2026-05-23,3,2026-06-13,Flu ED visits pct,quantile,0.975,0.6019059296686474
floyd,2026-05-23,3,2026-06-13,Flu ED visits pct,quantile,0.975,0.4255620669289656
frederick,2026-05-23,3,2026-06-13,Flu ED visits pct,quantile,0.975,0.7260629057894182
georgia,2026-05-23,3,2026-06-13,Flu ED visits pct,quantile,0.975,0.31653378862478815
greenville,2026-05-23,3,2026-06-13,Flu ED visits pct,quantile,0.975,0.3263993901446338
hall,2026-05-23,3,2026-06-13,Flu ED visits pct,quantile,0.975,0.25733187828488835
harford,2026-05-23,3,2026-06-13,Flu ED visits pct,quantile,0.975,0.5045415050198977
henry,2026-05-23,3,2026-06-13,Flu ED visits pct,quantile,0.975,0.3198715438791302
horry,2026-05-23,3,2026-06-13,Flu ED visits pct,quantile,0.975,0.3344827414370017
houston,2026-05-23,3,2026-06-13,Flu ED visits pct,quantile,0.975,0.5205096273875759
indiana,2026-05-23,3,2026-06-13,Flu ED visits pct,quantile,0.975,0.5157246272349818
indianapolis,2026-05-23,3,2026-06-13,Flu ED visits pct,quantile,0.975,0.3728718395302331
la-grange,2026-05-23,3,2026-06-13,Flu ED visits pct,quantile,0.975,0.31600926052502704
larimer,2026-05-23,3,2026-06-13,Flu ED visits pct,quantile,0.975,0.5157164392010736
lynn,2026-05-23,3,2026-06-13,Flu ED visits pct,quantile,0.975,0.30236688944863904
macon,2026-05-23,3,2026-06-13,Flu ED visits pct,quantile,0.975,0.507407632099104
maine,2026-05-23,3,2026-06-13,Flu ED visits pct,quantile,0.975,0.27250698804503093
marietta,2026-05-23,3,2026-06-13,Flu ED visits pct,quantile,0.975,0.3109710404908414
maryland,2026-05-23,3,2026-06-13,Flu ED visits pct,quantile,0.975,0.32246310802013656
massachusetts,2026-05-23,3,2026-06-13,Flu ED visits pct,quantile,0.975,0.2669034310695504
medford,2026-05-23,3,2026-06-13,Flu ED visits pct,quantile,0.975,0.37400652121562367
mesa,2026-05-23,3,2026-06-13,Flu ED visits pct,quantile,0.975,0.46629147443650937
minneapolis,2026-05-23,3,2026-06-13,Flu ED visits pct,quantile,0.975,0.4106648706032372
minnesota,2026-05-23,3,2026-06-13,Flu ED visits pct,quantile,0.975,0.37980951636374655
montgomery,2026-05-23,3,2026-06-13,Flu ED visits pct,quantile,0.975,0.3794505561875635
nenc,2026-05-23,3,2026-06-13,Flu ED visits pct,quantile,0.975,0.22760995989410063
new-bedford,2026-05-23,3,2026-06-13,Flu ED visits pct,quantile,0.975,0.451531550597689
north-carolina,2026-05-23,3,2026-06-13,Flu ED visits pct,quantile,0.975,0.7643233096058393
ogden,2026-05-23,3,2026-06-13,Flu ED visits pct,quantile,0.975,0.36327131248204386
oregon,2026-05-23,3,2026-06-13,Flu ED visits pct,quantile,0.975,0.41035008016805574
pittsfield,2026-05-23,3,2026-06-13,Flu ED visits pct,quantile,0.975,0.4355276128104504
portland,2026-05-23,3,2026-06-13,Flu ED visits pct,quantile,0.975,0.3858347278498291
portland-or,2026-05-23,3,2026-06-13,Flu ED visits pct,quantile,0.975,0.44345009888944026
provo,2026-05-23,3,2026-06-13,Flu ED visits pct,quantile,0.975,0.4350338998880092
roanoke,2026-05-23,3,2026-06-13,Flu ED visits pct,quantile,0.975,0.4233999435576181
rochester,2026-05-23,3,2026-06-13,Flu ED visits pct,quantile,0.975,0.439746544672984
rock-hill,2026-05-23,3,2026-06-13,Flu ED visits pct,quantile,0.975,0.561648485341735
rtp-area,2026-05-23,3,2026-06-13,Flu ED visits pct,quantile,0.975,0.2605487052392902
salem,2026-05-23,3,2026-06-13,Flu ED visits pct,quantile,0.975,0.6143483840930841
salt-lake-city,2026-05-23,3,2026-06-13,Flu ED visits pct,quantile,0.975,0.35331094651339734
san-antonio,2026-05-23,3,2026-06-13,Flu ED visits pct,quantile,0.975,0.3766442109816732
savannah,2026-05-23,3,2026-06-13,Flu ED visits pct,quantile,0.975,0.19646056451017613
senc,2026-05-23,3,2026-06-13,Flu ED visits pct,quantile,0.975,0.13703314941992456
south-augusta,2026-05-23,3,2026-06-13,Flu ED visits pct,quantile,0.975,0.2559595977527575
south-carolina,2026-05-23,3,2026-06-13,Flu ED visits pct,quantile,0.975,0.33447657667590186
springfield,2026-05-23,3,2026-06-13,Flu ED visits pct,quantile,0.975,0.5124364169845044
st-cloud,2026-05-23,3,2026-06-13,Flu ED visits pct,quantile,0.975,0.41416448359490654
st-paul,2026-05-23,3,2026-06-13,Flu ED visits pct,quantile,0.975,0.5396136225015791
texas,2026-05-23,3,2026-06-13,Flu ED visits pct,quantile,0.975,0.6325429734315003
triad-area,2026-05-23,3,2026-06-13,Flu ED visits pct,quantile,0.975,0.47562516563758317
utah,2026-05-23,3,2026-06-13,Flu ED visits pct,quantile,0.975,0.3078113631149681
virginia,2026-05-23,3,2026-06-13,Flu ED visits pct,quantile,0.975,0.46673500616760627
weld,2026-05-23,3,2026-06-13,Flu ED visits pct,quantile,0.975,0.6956365234028474
wnc,2026-05-23,3,2026-06-13,Flu ED visits pct,quantile,0.975,0.2785412088139239
worcester,2026-05-23,3,2026-06-13,Flu ED visits pct,quantile,0.975,0.4120842746821762
