location,reference_date,horizon,target_end_date,target,output_type,output_type_id,value
athens,2026-05-23,0,2026-05-23,Flu ED visits pct,quantile,0.025,0.024827576261330093
austin,2026-05-23,0,2026-05-23,Flu ED visits pct,quantile,0.025,0.08112799593101513
baltimore,2026-05-23,0,2026-05-23,Flu ED visits pct,quantile,0.025,0.04746668661460933
bangor,2026-05-23,0,2026-05-23,Flu ED visits pct,quantile,0.025,0.007378727862426769
beaumont,2026-05-23,0,2026-05-23,Flu ED visits pct,quantile,0.025,0.12913097770573048
boston,2026-05-23,0,2026-05-23,Flu ED visits pct,quantile,0.025,0.05413105607277926
boulder,2026-05-23,0,2026-05-23,Flu ED visits pct,quantile,0.025,0.03160695839413426
charleston,2026-05-23,0,2026-05-23,Flu ED visits pct,quantile,0.025,0.0544448452379215
cherokee,2026-05-23,0,2026-05-23,Flu ED visits pct,quantile,0.025,0.031437357811617175
clt-area,2026-05-23,0,2026-05-23,Flu ED visits pct,quantile,0.025,0.7270289448603467
colorado,2026-05-23,0,2026-05-23,Flu ED visits pct,quantile,0.025,0.1386271149840297
colorado-springs,2026-05-23,0,2026-05-23,Flu ED visits pct,quantile,0.025,0.15330135612048748
columbia,2026-05-23,0,2026-05-23,Flu ED visits pct,quantile,0.025,0.007399374988391246
columbus,2026-05-23,0,2026-05-23,Flu ED visits pct,quantile,0.025,0.003816380029149566
dallas,2026-05-23,0,2026-05-23,Flu ED visits pct,quantile,0.025,0.07576655008279032
denver,2026-05-23,0,2026-05-23,Flu ED visits pct,quantile,0.025,0.14758247039864167
deschutes,2026-05-23,0,2026-05-23,Flu ED visits pct,quantile,0.025,0.09724737594622086
duluth,2026-05-23,0,2026-05-23,Flu ED visits pct,quantile,0.025,0.04111261264720954
el-paso,2026-05-23,0,2026-05-23,Flu ED visits pct,quantile,0.025,0.636830396442642
eugene,2026-05-23,0,2026-05-23,Flu ED visits pct,quantile,0.025,0.029796316118092088
fay-area,2026-05-23,0,2026-05-23,Flu ED visits pct,quantile,0.025,0.5380040966629428
florence,2026-05-23,0,2026-05-23,Flu ED visits pct,quantile,0.025,0.02311800670200593
floyd,2026-05-23,0,2026-05-23,Flu ED visits pct,quantile,0.025,0.021669301004378527
frederick,2026-05-23,0,2026-05-23,Flu ED visits pct,quantile,0.025,0.0016234191793900472
georgia,2026-05-23,0,2026-05-23,Flu ED visits pct,quantile,0.025,0.06668571535124346
greenville,2026-05-23,0,2026-05-23,Flu ED visits pct,quantile,0.025,0.025908529288125974
hall,2026-05-23,0,2026-05-23,Flu ED visits pct,quantile,0.025,0.004991141948973916
harford,2026-05-23,0,2026-05-23,Flu ED visits pct,quantile,0.025,0.007012732553069582
henry,2026-05-23,0,2026-05-23,Flu ED visits pct,quantile,0.025,0.026782673207276196
horry,2026-05-23,0,2026-05-23,Flu ED visits pct,quantile,0.025,0.010064907767552362
houston,2026-05-23,0,2026-05-23,Flu ED visits pct,quantile,0.025,0.1657765267390913
indiana,2026-05-23,0,2026-05-23,Flu ED visits pct,quantile,0.025,0.028204377655339695
indianapolis,2026-05-23,0,2026-05-23,Flu ED visits pct,quantile,0.025,0.01585612233837002
la-grange,2026-05-23,0,2026-05-23,Flu ED visits pct,quantile,0.025,0.0
larimer,2026-05-23,0,2026-05-23,Flu ED visits pct,quantile,0.025,0.012732015453152517
lynn,2026-05-23,0,2026-05-23,Flu ED visits pct,quantile,0.025,0.0206144576848696
macon,2026-05-23,0,2026-05-23,Flu ED visits pct,quantile,0.025,0.08869913888703267
maine,2026-05-23,0,2026-05-23,Flu ED visits pct,quantile,0.025,0.05262246477043402
marietta,2026-05-23,0,2026-05-23,Flu ED visits pct,quantile,0.025,0.017604153356812036
maryland,2026-05-23,0,2026-05-23,Flu ED visits pct,quantile,0.025,0.06205876143196971
massachusetts,2026-05-23,0,2026-05-23,Flu ED visits pct,quantile,0.025,0.05770714089737113
medford,2026-05-23,0,2026-05-23,Flu ED visits pct,quantile,0.025,0.0
mesa,2026-05-23,0,2026-05-23,Flu ED visits pct,quantile,0.025,0.00041240068392339735
minneapolis,2026-05-23,0,2026-05-23,Flu ED visits pct,quantile,0.025,0.1018240230955362
minnesota,2026-05-23,0,2026-05-23,Flu ED visits pct,quantile,0.025,0.10078407346347956
montgomery,2026-05-23,0,2026-05-23,Flu ED visits pct,quantile,0.025,0.06697612603216752
nenc,2026-05-23,0,2026-05-23,Flu ED visits pct,quantile,0.025,0.05414693950614952
new-bedford,2026-05-23,0,2026-05-23,Flu ED visits pct,quantile,0.025,0.07428782094858603
north-carolina,2026-05-23,0,2026-05-23,Flu ED visits pct,quantile,0.025,0.31535823036364086
nyc,2026-05-23,0,2026-05-23,ILI ED visits pct,quantile,0.025,1.5138629038706097
ogden,2026-05-23,0,2026-05-23,Flu ED visits pct,quantile,0.025,0.016800718260920895
oregon,2026-05-23,0,2026-05-23,Flu ED visits pct,quantile,0.025,0.09905357847028576
pittsfield,2026-05-23,0,2026-05-23,Flu ED visits pct,quantile,0.025,0.0
portland,2026-05-23,0,2026-05-23,Flu ED visits pct,quantile,0.025,0.015121287192411409
portland-or,2026-05-23,0,2026-05-23,Flu ED visits pct,quantile,0.025,0.08016207072987296
provo,2026-05-23,0,2026-05-23,Flu ED visits pct,quantile,0.025,0.012662363364271201
roanoke,2026-05-23,0,2026-05-23,Flu ED visits pct,quantile,0.025,0.048548857701266594
rochester,2026-05-23,0,2026-05-23,Flu ED visits pct,quantile,0.025,0.008960905384190204
rock-hill,2026-05-23,0,2026-05-23,Flu ED visits pct,quantile,0.025,0.0
rtp-area,2026-05-23,0,2026-05-23,Flu ED visits pct,quantile,0.025,0.058157612070651
salem,2026-05-23,0,2026-05-23,Flu ED visits pct,quantile,0.025,0.05133203627063333
salt-lake-city,2026-05-23,0,2026-05-23,Flu ED visits pct,quantile,0.025,0.05044780318329749
san-antonio,2026-05-23,0,2026-05-23,Flu ED visits pct,quantile,0.025,0.04917709147122705
savannah,2026-05-23,0,2026-05-23,Flu ED visits pct,quantile,0.025,0.0032464662877994908
senc,2026-05-23,0,2026-05-23,Flu ED visits pct,quantile,0.025,0.00583075169347381
south-augusta,2026-05-23,0,2026-05-23,Flu ED visits pct,quantile,0.025,0.02171546717724733
south-carolina,2026-05-23,0,2026-05-23,Flu ED visits pct,quantile,0.025,0.0374120285205218
springfield,2026-05-23,0,2026-05-23,Flu ED visits pct,quantile,0.025,0.03607733004983056
st-cloud,2026-05-23,0,2026-05-23,Flu ED visits pct,quantile,0.025,0.011726555375152997
st-paul,2026-05-23,0,2026-05-23,Flu ED visits pct,quantile,0.025,0.1333170130845898
texas,2026-05-23,0,2026-05-23,Flu ED visits pct,quantile,0.025,0.16439302336542921
triad-area,2026-05-23,0,2026-05-23,Flu ED visits pct,quantile,0.025,0.19009737779427682
utah,2026-05-23,0,2026-05-23,Flu ED visits pct,quantile,0.025,0.047579207461405496
virginia,2026-05-23,0,2026-05-23,Flu ED visits pct,quantile,0.025,0.10299360555528844
weld,2026-05-23,0,2026-05-23,Flu ED visits pct,quantile,0.025,0.033743673844143215
wnc,2026-05-23,0,2026-05-23,Flu ED visits pct,quantile,0.025,0.06687810122296452
worcester,2026-05-23,0,2026-05-23,Flu ED visits pct,quantile,0.025,0.04473499333387581
athens,2026-05-23,1,2026-05-30,Flu ED visits pct,quantile,0.025,0.015558014143677567
austin,2026-05-23,1,2026-05-30,Flu ED visits pct,quantile,0.025,0.07050876188694961
baltimore,2026-05-23,1,2026-05-30,Flu ED visits pct,quantile,0.025,0.03888444611968886
bangor,2026-05-23,1,2026-05-30,Flu ED visits pct,quantile,0.025,0.005328237928507723
beaumont,2026-05-23,1,2026-05-30,Flu ED visits pct,quantile,0.025,0.09506314272836264
boston,2026-05-23,1,2026-05-30,Flu ED visits pct,quantile,0.025,0.045344750148339434
boulder,2026-05-23,1,2026-05-30,Flu ED visits pct,quantile,0.025,0.02421546547783994
charleston,2026-05-23,1,2026-05-30,Flu ED visits pct,quantile,0.025,0.04227246317462213
cherokee,2026-05-23,1,2026-05-30,Flu ED visits pct,quantile,0.025,0.02137265161302223
clt-area,2026-05-23,1,2026-05-30,Flu ED visits pct,quantile,0.025,0.5268804430695632
colorado,2026-05-23,1,2026-05-30,Flu ED visits pct,quantile,0.025,0.11454284470035649
colorado-springs,2026-05-23,1,2026-05-30,Flu ED visits pct,quantile,0.025,0.11873633748938113
columbia,2026-05-23,1,2026-05-30,Flu ED visits pct,quantile,0.025,0.0054512185433665365
columbus,2026-05-23,1,2026-05-30,Flu ED visits pct,quantile,0.025,0.001651533774960117
dallas,2026-05-23,1,2026-05-30,Flu ED visits pct,quantile,0.025,0.06634182635514081
denver,2026-05-23,1,2026-05-30,Flu ED visits pct,quantile,0.025,0.1215579219292315
deschutes,2026-05-23,1,2026-05-30,Flu ED visits pct,quantile,0.025,0.07357440990081442
duluth,2026-05-23,1,2026-05-30,Flu ED visits pct,quantile,0.025,0.028998401304216166
el-paso,2026-05-23,1,2026-05-30,Flu ED visits pct,quantile,0.025,0.43525629224824186
eugene,2026-05-23,1,2026-05-30,Flu ED visits pct,quantile,0.025,0.020122616184049452
fay-area,2026-05-23,1,2026-05-30,Flu ED visits pct,quantile,0.025,0.3709351486906144
florence,2026-05-23,1,2026-05-30,Flu ED visits pct,quantile,0.025,0.013556286606196509
floyd,2026-05-23,1,2026-05-30,Flu ED visits pct,quantile,0.025,0.014050566533673004
frederick,2026-05-23,1,2026-05-30,Flu ED visits pct,quantile,0.025,0.0005522701074695945
georgia,2026-05-23,1,2026-05-30,Flu ED visits pct,quantile,0.025,0.05674699300484485
greenville,2026-05-23,1,2026-05-30,Flu ED visits pct,quantile,0.025,0.016565236378125875
hall,2026-05-23,1,2026-05-30,Flu ED visits pct,quantile,0.025,0.004204917810619314
harford,2026-05-23,1,2026-05-30,Flu ED visits pct,quantile,0.025,0.002414313776740149
henry,2026-05-23,1,2026-05-30,Flu ED visits pct,quantile,0.025,0.018983288975655363
horry,2026-05-23,1,2026-05-30,Flu ED visits pct,quantile,0.025,0.008607191314642758
houston,2026-05-23,1,2026-05-30,Flu ED visits pct,quantile,0.025,0.14225469984682204
indiana,2026-05-23,1,2026-05-30,Flu ED visits pct,quantile,0.025,0.025621799717096418
indianapolis,2026-05-23,1,2026-05-30,Flu ED visits pct,quantile,0.025,0.014309758365664558
la-grange,2026-05-23,1,2026-05-30,Flu ED visits pct,quantile,0.025,0.0
larimer,2026-05-23,1,2026-05-30,Flu ED visits pct,quantile,0.025,0.010823423009178908
lynn,2026-05-23,1,2026-05-30,Flu ED visits pct,quantile,0.025,0.01798639081577541
macon,2026-05-23,1,2026-05-30,Flu ED visits pct,quantile,0.025,0.06637269448989888
maine,2026-05-23,1,2026-05-30,Flu ED visits pct,quantile,0.025,0.041192501488424224
marietta,2026-05-23,1,2026-05-30,Flu ED visits pct,quantile,0.025,0.012448798881409458
maryland,2026-05-23,1,2026-05-30,Flu ED visits pct,quantile,0.025,0.05153865973281886
massachusetts,2026-05-23,1,2026-05-30,Flu ED visits pct,quantile,0.025,0.046797791119891664
medford,2026-05-23,1,2026-05-30,Flu ED visits pct,quantile,0.025,0.0
mesa,2026-05-23,1,2026-05-30,Flu ED visits pct,quantile,0.025,0.0
minneapolis,2026-05-23,1,2026-05-30,Flu ED visits pct,quantile,0.025,0.08497703581171973
minnesota,2026-05-23,1,2026-05-30,Flu ED visits pct,quantile,0.025,0.08251479338949463
montgomery,2026-05-23,1,2026-05-30,Flu ED visits pct,quantile,0.025,0.0549758534854018
nenc,2026-05-23,1,2026-05-30,Flu ED visits pct,quantile,0.025,0.037834494458971545
new-bedford,2026-05-23,1,2026-05-30,Flu ED visits pct,quantile,0.025,0.05683731938076026
north-carolina,2026-05-23,1,2026-05-30,Flu ED visits pct,quantile,0.025,0.2501255931412092
nyc,2026-05-23,1,2026-05-30,ILI ED visits pct,quantile,0.025,1.3810000548219967
ogden,2026-05-23,1,2026-05-30,Flu ED visits pct,quantile,0.025,0.01467191338267467
oregon,2026-05-23,1,2026-05-30,Flu ED visits pct,quantile,0.025,0.08108181632782922
pittsfield,2026-05-23,1,2026-05-30,Flu ED visits pct,quantile,0.025,0.0
portland,2026-05-23,1,2026-05-30,Flu ED visits pct,quantile,0.025,0.00998378600901652
portland-or,2026-05-23,1,2026-05-30,Flu ED visits pct,quantile,0.025,0.06701143963493478
provo,2026-05-23,1,2026-05-30,Flu ED visits pct,quantile,0.025,0.011026200292319143
roanoke,2026-05-23,1,2026-05-30,Flu ED visits pct,quantile,0.025,0.04115648611202446
rochester,2026-05-23,1,2026-05-30,Flu ED visits pct,quantile,0.025,0.005977023253986016
rock-hill,2026-05-23,1,2026-05-30,Flu ED visits pct,quantile,0.025,0.0
rtp-area,2026-05-23,1,2026-05-30,Flu ED visits pct,quantile,0.025,0.04539054217364412
salem,2026-05-23,1,2026-05-30,Flu ED visits pct,quantile,0.025,0.03548359620911608
salt-lake-city,2026-05-23,1,2026-05-30,Flu ED visits pct,quantile,0.025,0.04444616804604299
san-antonio,2026-05-23,1,2026-05-30,Flu ED visits pct,quantile,0.025,0.04538038160740563
savannah,2026-05-23,1,2026-05-30,Flu ED visits pct,quantile,0.025,0.0004738942041950262
senc,2026-05-23,1,2026-05-30,Flu ED visits pct,quantile,0.025,0.0012298601457173645
south-augusta,2026-05-23,1,2026-05-30,Flu ED visits pct,quantile,0.025,0.014421789149761116
south-carolina,2026-05-23,1,2026-05-30,Flu ED visits pct,quantile,0.025,0.029254139744016028
springfield,2026-05-23,1,2026-05-30,Flu ED visits pct,quantile,0.025,0.02670558174484613
st-cloud,2026-05-23,1,2026-05-30,Flu ED visits pct,quantile,0.025,0.00697971073716718
st-paul,2026-05-23,1,2026-05-30,Flu ED visits pct,quantile,0.025,0.10700485429272188
texas,2026-05-23,1,2026-05-30,Flu ED visits pct,quantile,0.025,0.14493043008914233
triad-area,2026-05-23,1,2026-05-30,Flu ED visits pct,quantile,0.025,0.15172858922076862
utah,2026-05-23,1,2026-05-30,Flu ED visits pct,quantile,0.025,0.043015502588468195
virginia,2026-05-23,1,2026-05-30,Flu ED visits pct,quantile,0.025,0.08991595251990567
weld,2026-05-23,1,2026-05-30,Flu ED visits pct,quantile,0.025,0.024382534170297634
wnc,2026-05-23,1,2026-05-30,Flu ED visits pct,quantile,0.025,0.0490010339979607
worcester,2026-05-23,1,2026-05-30,Flu ED visits pct,quantile,0.025,0.033360073559930724
athens,2026-05-23,2,2026-06-06,Flu ED visits pct,quantile,0.025,0.006813383553957284
austin,2026-05-23,2,2026-06-06,Flu ED visits pct,quantile,0.025,0.059348147561062846
baltimore,2026-05-23,2,2026-06-06,Flu ED visits pct,quantile,0.025,0.030725031167048902
bangor,2026-05-23,2,2026-06-06,Flu ED visits pct,quantile,0.025,0.0035499265392399167
beaumont,2026-05-23,2,2026-06-06,Flu ED visits pct,quantile,0.025,0.06969357557135969
boston,2026-05-23,2,2026-06-06,Flu ED visits pct,quantile,0.025,0.03673936479090201
boulder,2026-05-23,2,2026-06-06,Flu ED visits pct,quantile,0.025,0.01819159102752229
charleston,2026-05-23,2,2026-06-06,Flu ED visits pct,quantile,0.025,0.03341294302311635
cherokee,2026-05-23,2,2026-06-06,Flu ED visits pct,quantile,0.025,0.013141855250503166
clt-area,2026-05-23,2,2026-06-06,Flu ED visits pct,quantile,0.025,0.37077262889930535
colorado,2026-05-23,2,2026-06-06,Flu ED visits pct,quantile,0.025,0.0928200140935035
colorado-springs,2026-05-23,2,2026-06-06,Flu ED visits pct,quantile,0.025,0.09279743577549993
columbia,2026-05-23,2,2026-06-06,Flu ED visits pct,quantile,0.025,0.0036404071417463664
columbus,2026-05-23,2,2026-06-06,Flu ED visits pct,quantile,0.025,0.00033414116531857094
dallas,2026-05-23,2,2026-06-06,Flu ED visits pct,quantile,0.025,0.056904949357518934
denver,2026-05-23,2,2026-06-06,Flu ED visits pct,quantile,0.025,0.10048866904119222
deschutes,2026-05-23,2,2026-06-06,Flu ED visits pct,quantile,0.025,0.04923207613680135
duluth,2026-05-23,2,2026-06-06,Flu ED visits pct,quantile,0.025,0.017273881677512926
el-paso,2026-05-23,2,2026-06-06,Flu ED visits pct,quantile,0.025,0.3408597400528636
eugene,2026-05-23,2,2026-06-06,Flu ED visits pct,quantile,0.025,0.012353680883102807
fay-area,2026-05-23,2,2026-06-06,Flu ED visits pct,quantile,0.025,0.26793371151076967
florence,2026-05-23,2,2026-06-06,Flu ED visits pct,quantile,0.025,0.0051203039038211235
floyd,2026-05-23,2,2026-06-06,Flu ED visits pct,quantile,0.025,0.008734467617381147
frederick,2026-05-23,2,2026-06-06,Flu ED visits pct,quantile,0.025,0.0
georgia,2026-05-23,2,2026-06-06,Flu ED visits pct,quantile,0.025,0.04634380227837953
greenville,2026-05-23,2,2026-06-06,Flu ED visits pct,quantile,0.025,0.010790074874578648
hall,2026-05-23,2,2026-06-06,Flu ED visits pct,quantile,0.025,0.002993067119381314
harford,2026-05-23,2,2026-06-06,Flu ED visits pct,quantile,0.025,0.0
henry,2026-05-23,2,2026-06-06,Flu ED visits pct,quantile,0.025,0.013567520746900446
horry,2026-05-23,2,2026-06-06,Flu ED visits pct,quantile,0.025,0.006892184975428475
houston,2026-05-23,2,2026-06-06,Flu ED visits pct,quantile,0.025,0.1176912881807785
indiana,2026-05-23,2,2026-06-06,Flu ED visits pct,quantile,0.025,0.021319107758188398
indianapolis,2026-05-23,2,2026-06-06,Flu ED visits pct,quantile,0.025,0.011362670339240813
la-grange,2026-05-23,2,2026-06-06,Flu ED visits pct,quantile,0.025,0.0
larimer,2026-05-23,2,2026-06-06,Flu ED visits pct,quantile,0.025,0.009405124715850853
lynn,2026-05-23,2,2026-06-06,Flu ED visits pct,quantile,0.025,0.014875377557186929
macon,2026-05-23,2,2026-06-06,Flu ED visits pct,quantile,0.025,0.04594920861907853
maine,2026-05-23,2,2026-06-06,Flu ED visits pct,quantile,0.025,0.03270825571492358
marietta,2026-05-23,2,2026-06-06,Flu ED visits pct,quantile,0.025,0.008800631287878268
maryland,2026-05-23,2,2026-06-06,Flu ED visits pct,quantile,0.025,0.042157497145218444
massachusetts,2026-05-23,2,2026-06-06,Flu ED visits pct,quantile,0.025,0.03872630696449393
medford,2026-05-23,2,2026-06-06,Flu ED visits pct,quantile,0.025,0.0
mesa,2026-05-23,2,2026-06-06,Flu ED visits pct,quantile,0.025,0.0
minneapolis,2026-05-23,2,2026-06-06,Flu ED visits pct,quantile,0.025,0.06996205008002862
minnesota,2026-05-23,2,2026-06-06,Flu ED visits pct,quantile,0.025,0.06910943573217104
montgomery,2026-05-23,2,2026-06-06,Flu ED visits pct,quantile,0.025,0.04360296770542622
nenc,2026-05-23,2,2026-06-06,Flu ED visits pct,quantile,0.025,0.02685346076966731
new-bedford,2026-05-23,2,2026-06-06,Flu ED visits pct,quantile,0.025,0.043112306356546636
north-carolina,2026-05-23,2,2026-06-06,Flu ED visits pct,quantile,0.025,0.20252405877688023
nyc,2026-05-23,2,2026-06-06,ILI ED visits pct,quantile,0.025,1.2575450465930391
ogden,2026-05-23,2,2026-06-06,Flu ED visits pct,quantile,0.025,0.012659582558715158
oregon,2026-05-23,2,2026-06-06,Flu ED visits pct,quantile,0.025,0.06439137694991745
pittsfield,2026-05-23,2,2026-06-06,Flu ED visits pct,quantile,0.025,0.0
portland,2026-05-23,2,2026-06-06,Flu ED visits pct,quantile,0.025,0.006932029749763058
portland-or,2026-05-23,2,2026-06-06,Flu ED visits pct,quantile,0.025,0.057668629741857345
provo,2026-05-23,2,2026-06-06,Flu ED visits pct,quantile,0.025,0.009221892200999537
roanoke,2026-05-23,2,2026-06-06,Flu ED visits pct,quantile,0.025,0.03487436569342494
rochester,2026-05-23,2,2026-06-06,Flu ED visits pct,quantile,0.025,0.0035225328488432475
rock-hill,2026-05-23,2,2026-06-06,Flu ED visits pct,quantile,0.025,0.0
rtp-area,2026-05-23,2,2026-06-06,Flu ED visits pct,quantile,0.025,0.03318503524301851
salem,2026-05-23,2,2026-06-06,Flu ED visits pct,quantile,0.025,0.02309408316015013
salt-lake-city,2026-05-23,2,2026-06-06,Flu ED visits pct,quantile,0.025,0.03764479401842133
san-antonio,2026-05-23,2,2026-06-06,Flu ED visits pct,quantile,0.025,0.0397866810498822
savannah,2026-05-23,2,2026-06-06,Flu ED visits pct,quantile,0.025,0.0
senc,2026-05-23,2,2026-06-06,Flu ED visits pct,quantile,0.025,0.0
south-augusta,2026-05-23,2,2026-06-06,Flu ED visits pct,quantile,0.025,0.008570687686204911
south-carolina,2026-05-23,2,2026-06-06,Flu ED visits pct,quantile,0.025,0.022791307956663627
springfield,2026-05-23,2,2026-06-06,Flu ED visits pct,quantile,0.025,0.019630600611945194
st-cloud,2026-05-23,2,2026-06-06,Flu ED visits pct,quantile,0.025,0.0043525426076547885
st-paul,2026-05-23,2,2026-06-06,Flu ED visits pct,quantile,0.025,0.08328769254082649
texas,2026-05-23,2,2026-06-06,Flu ED visits pct,quantile,0.025,0.12377802233672176
triad-area,2026-05-23,2,2026-06-06,Flu ED visits pct,quantile,0.025,0.12235429007985006
utah,2026-05-23,2,2026-06-06,Flu ED visits pct,quantile,0.025,0.0364108297970346
virginia,2026-05-23,2,2026-06-06,Flu ED visits pct,quantile,0.025,0.07581854276950194
weld,2026-05-23,2,2026-06-06,Flu ED visits pct,quantile,0.025,0.01924674392008837
wnc,2026-05-23,2,2026-06-06,Flu ED visits pct,quantile,0.025,0.03553586886028526
worcester,2026-05-23,2,2026-06-06,Flu ED visits pct,quantile,0.025,0.024864328628899125
athens,2026-05-23,3,2026-06-13,Flu ED visits pct,quantile,0.025,0.0030628784513078867
austin,2026-05-23,3,2026-06-13,Flu ED visits pct,quantile,0.025,0.0502041139159708
baltimore,2026-05-23,3,2026-06-13,Flu ED visits pct,quantile,0.025,0.023463601822617135
bangor,2026-05-23,3,2026-06-13,Flu ED visits pct,quantile,0.025,0.0029390583067355983
beaumont,2026-05-23,3,2026-06-13,Flu ED visits pct,quantile,0.025,0.05066062452274377
boston,2026-05-23,3,2026-06-13,Flu ED visits pct,quantile,0.025,0.02952254103190477
boulder,2026-05-23,3,2026-06-13,Flu ED visits pct,quantile,0.025,0.016032107883035288
charleston,2026-05-23,3,2026-06-13,Flu ED visits pct,quantile,0.025,0.02649290214619522
cherokee,2026-05-23,3,2026-06-13,Flu ED visits pct,quantile,0.025,0.007187139598375329
clt-area,2026-05-23,3,2026-06-13,Flu ED visits pct,quantile,0.025,0.2578793617944956
colorado,2026-05-23,3,2026-06-13,Flu ED visits pct,quantile,0.025,0.07569683723485664
colorado-springs,2026-05-23,3,2026-06-13,Flu ED visits pct,quantile,0.025,0.07283155376745112
columbia,2026-05-23,3,2026-06-13,Flu ED visits pct,quantile,0.025,0.001886253506669754
columbus,2026-05-23,3,2026-06-13,Flu ED visits pct,quantile,0.025,0.0005579264692444959
dallas,2026-05-23,3,2026-06-13,Flu ED visits pct,quantile,0.025,0.04764513448487238
denver,2026-05-23,3,2026-06-13,Flu ED visits pct,quantile,0.025,0.0832039595134136
deschutes,2026-05-23,3,2026-06-13,Flu ED visits pct,quantile,0.025,0.03915618739531977
duluth,2026-05-23,3,2026-06-13,Flu ED visits pct,quantile,0.025,0.012847784162211906
el-paso,2026-05-23,3,2026-06-13,Flu ED visits pct,quantile,0.025,0.2533269974799653
eugene,2026-05-23,3,2026-06-13,Flu ED visits pct,quantile,0.025,0.006937618366759079
fay-area,2026-05-23,3,2026-06-13,Flu ED visits pct,quantile,0.025,0.19121920861757885
florence,2026-05-23,3,2026-06-13,Flu ED visits pct,quantile,0.025,0.001978753001945041
floyd,2026-05-23,3,2026-06-13,Flu ED visits pct,quantile,0.025,0.005626412332450986
frederick,2026-05-23,3,2026-06-13,Flu ED visits pct,quantile,0.025,0.0
georgia,2026-05-23,3,2026-06-13,Flu ED visits pct,quantile,0.025,0.037747123941611636
greenville,2026-05-23,3,2026-06-13,Flu ED visits pct,quantile,0.025,0.004912217401766483
hall,2026-05-23,3,2026-06-13,Flu ED visits pct,quantile,0.025,0.002056466020189565
harford,2026-05-23,3,2026-06-13,Flu ED visits pct,quantile,0.025,0.0
henry,2026-05-23,3,2026-06-13,Flu ED visits pct,quantile,0.025,0.009580277744339475
horry,2026-05-23,3,2026-06-13,Flu ED visits pct,quantile,0.025,0.005397436133176808
houston,2026-05-23,3,2026-06-13,Flu ED visits pct,quantile,0.025,0.09638881394616394
indiana,2026-05-23,3,2026-06-13,Flu ED visits pct,quantile,0.025,0.018577106626024062
indianapolis,2026-05-23,3,2026-06-13,Flu ED visits pct,quantile,0.025,0.008962816959495358
la-grange,2026-05-23,3,2026-06-13,Flu ED visits pct,quantile,0.025,0.0
larimer,2026-05-23,3,2026-06-13,Flu ED visits pct,quantile,0.025,0.00927751436612828
lynn,2026-05-23,3,2026-06-13,Flu ED visits pct,quantile,0.025,0.01194717750483605
macon,2026-05-23,3,2026-06-13,Flu ED visits pct,quantile,0.025,0.03532920701177249
maine,2026-05-23,3,2026-06-13,Flu ED visits pct,quantile,0.025,0.0257561924940573
marietta,2026-05-23,3,2026-06-13,Flu ED visits pct,quantile,0.025,0.005826334198140335
maryland,2026-05-23,3,2026-06-13,Flu ED visits pct,quantile,0.025,0.0343729297399901
massachusetts,2026-05-23,3,2026-06-13,Flu ED visits pct,quantile,0.025,0.031468160753300806
medford,2026-05-23,3,2026-06-13,Flu ED visits pct,quantile,0.025,0.0
mesa,2026-05-23,3,2026-06-13,Flu ED visits pct,quantile,0.025,0.0
minneapolis,2026-05-23,3,2026-06-13,Flu ED visits pct,quantile,0.025,0.05543923315972967
minnesota,2026-05-23,3,2026-06-13,Flu ED visits pct,quantile,0.025,0.057276093888721895
montgomery,2026-05-23,3,2026-06-13,Flu ED visits pct,quantile,0.025,0.03566812341497725
nenc,2026-05-23,3,2026-06-13,Flu ED visits pct,quantile,0.025,0.01743868977070586
new-bedford,2026-05-23,3,2026-06-13,Flu ED visits pct,quantile,0.025,0.033934240185010775
north-carolina,2026-05-23,3,2026-06-13,Flu ED visits pct,quantile,0.025,0.15786348218909382
nyc,2026-05-23,3,2026-06-13,ILI ED visits pct,quantile,0.025,1.0843597994997352
ogden,2026-05-23,3,2026-06-13,Flu ED visits pct,quantile,0.025,0.011250933819756339
oregon,2026-05-23,3,2026-06-13,Flu ED visits pct,quantile,0.025,0.050634359837198904
pittsfield,2026-05-23,3,2026-06-13,Flu ED visits pct,quantile,0.025,0.0
portland,2026-05-23,3,2026-06-13,Flu ED visits pct,quantile,0.025,0.00447849604797995
portland-or,2026-05-23,3,2026-06-13,Flu ED visits pct,quantile,0.025,0.04778295081201607
provo,2026-05-23,3,2026-06-13,Flu ED visits pct,quantile,0.025,0.007207509831426028
roanoke,2026-05-23,3,2026-06-13,Flu ED visits pct,quantile,0.025,0.028578603847814646
rochester,2026-05-23,3,2026-06-13,Flu ED visits pct,quantile,0.025,0.0024776562228619684
rock-hill,2026-05-23,3,2026-06-13,Flu ED visits pct,quantile,0.025,0.0
rtp-area,2026-05-23,3,2026-06-13,Flu ED visits pct,quantile,0.025,0.022437253351713662
salem,2026-05-23,3,2026-06-13,Flu ED visits pct,quantile,0.025,0.013857326184501811
salt-lake-city,2026-05-23,3,2026-06-13,Flu ED visits pct,quantile,0.025,0.030680921007123177
san-antonio,2026-05-23,3,2026-06-13,Flu ED visits pct,quantile,0.025,0.03409199258365194
savannah,2026-05-23,3,2026-06-13,Flu ED visits pct,quantile,0.025,0.0
senc,2026-05-23,3,2026-06-13,Flu ED visits pct,quantile,0.025,0.0
south-augusta,2026-05-23,3,2026-06-13,Flu ED visits pct,quantile,0.025,0.005059559004165095
south-carolina,2026-05-23,3,2026-06-13,Flu ED visits pct,quantile,0.025,0.017269663902547014
springfield,2026-05-23,3,2026-06-13,Flu ED visits pct,quantile,0.025,0.014805438514645093
st-cloud,2026-05-23,3,2026-06-13,Flu ED visits pct,quantile,0.025,0.004323876676977621
st-paul,2026-05-23,3,2026-06-13,Flu ED visits pct,quantile,0.025,0.06395005614474453
texas,2026-05-23,3,2026-06-13,Flu ED visits pct,quantile,0.025,0.1044663608426128
triad-area,2026-05-23,3,2026-06-13,Flu ED visits pct,quantile,0.025,0.09726596696991072
utah,2026-05-23,3,2026-06-13,Flu ED visits pct,quantile,0.025,0.031325514668459745
virginia,2026-05-23,3,2026-06-13,Flu ED visits pct,quantile,0.025,0.06404193691970611
weld,2026-05-23,3,2026-06-13,Flu ED visits pct,quantile,0.025,0.016181162934982445
wnc,2026-05-23,3,2026-06-13,Flu ED visits pct,quantile,0.025,0.025209578605591226
worcester,2026-05-23,3,2026-06-13,Flu ED visits pct,quantile,0.025,0.01906611765216982
athens,2026-05-23,0,2026-05-23,Flu ED visits pct,quantile,0.05,0.029476886364822374
austin,2026-05-23,0,2026-05-23,Flu ED visits pct,quantile,0.05,0.10061879750269864
baltimore,2026-05-23,0,2026-05-23,Flu ED visits pct,quantile,0.05,0.061616224068583796
bangor,2026-05-23,0,2026-05-23,Flu ED visits pct,quantile,0.05,0.009834743678401923
beaumont,2026-05-23,0,2026-05-23,Flu ED visits pct,quantile,0.05,0.1613806774608341
boston,2026-05-23,0,2026-05-23,Flu ED visits pct,quantile,0.05,0.06820476628198721
boulder,2026-05-23,0,2026-05-23,Flu ED visits pct,quantile,0.05,0.04291154465476319
charleston,2026-05-23,0,2026-05-23,Flu ED visits pct,quantile,0.05,0.06623384846959399
cherokee,2026-05-23,0,2026-05-23,Flu ED visits pct,quantile,0.05,0.04627732448407927
clt-area,2026-05-23,0,2026-05-23,Flu ED visits pct,quantile,0.05,0.8049561629605835
colorado,2026-05-23,0,2026-05-23,Flu ED visits pct,quantile,0.05,0.16608331513585833
colorado-springs,2026-05-23,0,2026-05-23,Flu ED visits pct,quantile,0.05,0.18086074140709468
columbia,2026-05-23,0,2026-05-23,Flu ED visits pct,quantile,0.05,0.013132058379542068
columbus,2026-05-23,0,2026-05-23,Flu ED visits pct,quantile,0.05,0.006563260275842501
dallas,2026-05-23,0,2026-05-23,Flu ED visits pct,quantile,0.05,0.09838539824868478
denver,2026-05-23,0,2026-05-23,Flu ED visits pct,quantile,0.05,0.1783895073668555
deschutes,2026-05-23,0,2026-05-23,Flu ED visits pct,quantile,0.05,0.1075338915513682
duluth,2026-05-23,0,2026-05-23,Flu ED visits pct,quantile,0.05,0.047591585460213685
el-paso,2026-05-23,0,2026-05-23,Flu ED visits pct,quantile,0.05,0.7203186644505177
eugene,2026-05-23,0,2026-05-23,Flu ED visits pct,quantile,0.05,0.0356728296150041
fay-area,2026-05-23,0,2026-05-23,Flu ED visits pct,quantile,0.05,0.6024592643723804
florence,2026-05-23,0,2026-05-23,Flu ED visits pct,quantile,0.05,0.028910298833241192
floyd,2026-05-23,0,2026-05-23,Flu ED visits pct,quantile,0.05,0.025325031308851012
frederick,2026-05-23,0,2026-05-23,Flu ED visits pct,quantile,0.05,0.004716840760479096
georgia,2026-05-23,0,2026-05-23,Flu ED visits pct,quantile,0.05,0.09136710242310779
greenville,2026-05-23,0,2026-05-23,Flu ED visits pct,quantile,0.05,0.03718354028604181
hall,2026-05-23,0,2026-05-23,Flu ED visits pct,quantile,0.05,0.007977628946760807
harford,2026-05-23,0,2026-05-23,Flu ED visits pct,quantile,0.05,0.008784752607345644
henry,2026-05-23,0,2026-05-23,Flu ED visits pct,quantile,0.05,0.03585797068566727
horry,2026-05-23,0,2026-05-23,Flu ED visits pct,quantile,0.05,0.017624768017893797
houston,2026-05-23,0,2026-05-23,Flu ED visits pct,quantile,0.05,0.20655314553936346
indiana,2026-05-23,0,2026-05-23,Flu ED visits pct,quantile,0.05,0.04151380210303279
indianapolis,2026-05-23,0,2026-05-23,Flu ED visits pct,quantile,0.05,0.022114794346703118
la-grange,2026-05-23,0,2026-05-23,Flu ED visits pct,quantile,0.05,0.001224516264304235
larimer,2026-05-23,0,2026-05-23,Flu ED visits pct,quantile,0.05,0.01746587305318934
lynn,2026-05-23,0,2026-05-23,Flu ED visits pct,quantile,0.05,0.0265149106631673
macon,2026-05-23,0,2026-05-23,Flu ED visits pct,quantile,0.05,0.11053101381068862
maine,2026-05-23,0,2026-05-23,Flu ED visits pct,quantile,0.05,0.06640332073439478
marietta,2026-05-23,0,2026-05-23,Flu ED visits pct,quantile,0.05,0.025359454291107406
maryland,2026-05-23,0,2026-05-23,Flu ED visits pct,quantile,0.05,0.08544927266568136
massachusetts,2026-05-23,0,2026-05-23,Flu ED visits pct,quantile,0.05,0.07818123554406994
medford,2026-05-23,0,2026-05-23,Flu ED visits pct,quantile,0.05,0.00027836440759930296
mesa,2026-05-23,0,2026-05-23,Flu ED visits pct,quantile,0.05,0.00549986505238566
minneapolis,2026-05-23,0,2026-05-23,Flu ED visits pct,quantile,0.05,0.12210512742638106
minnesota,2026-05-23,0,2026-05-23,Flu ED visits pct,quantile,0.05,0.13133663447937097
montgomery,2026-05-23,0,2026-05-23,Flu ED visits pct,quantile,0.05,0.08240538429394101
nenc,2026-05-23,0,2026-05-23,Flu ED visits pct,quantile,0.05,0.07078147512661791
new-bedford,2026-05-23,0,2026-05-23,Flu ED visits pct,quantile,0.05,0.09077377384885625
north-carolina,2026-05-23,0,2026-05-23,Flu ED visits pct,quantile,0.05,0.37840132399722787
nyc,2026-05-23,0,2026-05-23,ILI ED visits pct,quantile,0.05,1.7333510797463145
ogden,2026-05-23,0,2026-05-23,Flu ED visits pct,quantile,0.05,0.02680667621751695
oregon,2026-05-23,0,2026-05-23,Flu ED visits pct,quantile,0.05,0.1294273468220766
pittsfield,2026-05-23,0,2026-05-23,Flu ED visits pct,quantile,0.05,0.0
portland,2026-05-23,0,2026-05-23,Flu ED visits pct,quantile,0.05,0.02216604308830971
portland-or,2026-05-23,0,2026-05-23,Flu ED visits pct,quantile,0.05,0.10039597513867429
provo,2026-05-23,0,2026-05-23,Flu ED visits pct,quantile,0.05,0.017081645245900556
roanoke,2026-05-23,0,2026-05-23,Flu ED visits pct,quantile,0.05,0.06862578567876444
rochester,2026-05-23,0,2026-05-23,Flu ED visits pct,quantile,0.05,0.01235837884867933
rock-hill,2026-05-23,0,2026-05-23,Flu ED visits pct,quantile,0.05,0.0
rtp-area,2026-05-23,0,2026-05-23,Flu ED visits pct,quantile,0.05,0.07212492473538129
salem,2026-05-23,0,2026-05-23,Flu ED visits pct,quantile,0.05,0.06598559939031896
salt-lake-city,2026-05-23,0,2026-05-23,Flu ED visits pct,quantile,0.05,0.0616297541624096
san-antonio,2026-05-23,0,2026-05-23,Flu ED visits pct,quantile,0.05,0.060687624845444536
savannah,2026-05-23,0,2026-05-23,Flu ED visits pct,quantile,0.05,0.0065058538941190885
senc,2026-05-23,0,2026-05-23,Flu ED visits pct,quantile,0.05,0.010403200360259659
south-augusta,2026-05-23,0,2026-05-23,Flu ED visits pct,quantile,0.05,0.028372100193734935
south-carolina,2026-05-23,0,2026-05-23,Flu ED visits pct,quantile,0.05,0.05525967663168103
springfield,2026-05-23,0,2026-05-23,Flu ED visits pct,quantile,0.05,0.047520355656361736
st-cloud,2026-05-23,0,2026-05-23,Flu ED visits pct,quantile,0.05,0.016508952736012723
st-paul,2026-05-23,0,2026-05-23,Flu ED visits pct,quantile,0.05,0.16957420743756632
texas,2026-05-23,0,2026-05-23,Flu ED visits pct,quantile,0.05,0.21355855849755695
triad-area,2026-05-23,0,2026-05-23,Flu ED visits pct,quantile,0.05,0.22506225802454513
utah,2026-05-23,0,2026-05-23,Flu ED visits pct,quantile,0.05,0.06252779208084269
virginia,2026-05-23,0,2026-05-23,Flu ED visits pct,quantile,0.05,0.1335085397669457
weld,2026-05-23,0,2026-05-23,Flu ED visits pct,quantile,0.05,0.0392891962155656
wnc,2026-05-23,0,2026-05-23,Flu ED visits pct,quantile,0.05,0.08678244934336067
worcester,2026-05-23,0,2026-05-23,Flu ED visits pct,quantile,0.05,0.050190073153981524
athens,2026-05-23,1,2026-05-30,Flu ED visits pct,quantile,0.05,0.021703164863025863
austin,2026-05-23,1,2026-05-30,Flu ED visits pct,quantile,0.05,0.0910317969262048
baltimore,2026-05-23,1,2026-05-30,Flu ED visits pct,quantile,0.05,0.05153751891748139
bangor,2026-05-23,1,2026-05-30,Flu ED visits pct,quantile,0.05,0.007104555243289809
beaumont,2026-05-23,1,2026-05-30,Flu ED visits pct,quantile,0.05,0.1232554338038999
boston,2026-05-23,1,2026-05-30,Flu ED visits pct,quantile,0.05,0.05919844913787293
boulder,2026-05-23,1,2026-05-30,Flu ED visits pct,quantile,0.05,0.03638898308316197
charleston,2026-05-23,1,2026-05-30,Flu ED visits pct,quantile,0.05,0.05634269850611406
cherokee,2026-05-23,1,2026-05-30,Flu ED visits pct,quantile,0.05,0.035857587288210924
clt-area,2026-05-23,1,2026-05-30,Flu ED visits pct,quantile,0.05,0.6010331798144429
colorado,2026-05-23,1,2026-05-30,Flu ED visits pct,quantile,0.05,0.1429770279564321
colorado-springs,2026-05-23,1,2026-05-30,Flu ED visits pct,quantile,0.05,0.1469182640396039
columbia,2026-05-23,1,2026-05-30,Flu ED visits pct,quantile,0.05,0.012362491803714295
columbus,2026-05-23,1,2026-05-30,Flu ED visits pct,quantile,0.05,0.0045458964873827876
dallas,2026-05-23,1,2026-05-30,Flu ED visits pct,quantile,0.05,0.08804392885064358
denver,2026-05-23,1,2026-05-30,Flu ED visits pct,quantile,0.05,0.1557543780697294
deschutes,2026-05-23,1,2026-05-30,Flu ED visits pct,quantile,0.05,0.08886665660675043
duluth,2026-05-23,1,2026-05-30,Flu ED visits pct,quantile,0.05,0.03787622557991542
el-paso,2026-05-23,1,2026-05-30,Flu ED visits pct,quantile,0.05,0.5371137050602389
eugene,2026-05-23,1,2026-05-30,Flu ED visits pct,quantile,0.05,0.027507223283741382
fay-area,2026-05-23,1,2026-05-30,Flu ED visits pct,quantile,0.05,0.4452431717616772
florence,2026-05-23,1,2026-05-30,Flu ED visits pct,quantile,0.05,0.021046046419411678
floyd,2026-05-23,1,2026-05-30,Flu ED visits pct,quantile,0.05,0.01924959196705521
frederick,2026-05-23,1,2026-05-30,Flu ED visits pct,quantile,0.05,0.0039911313100130606
georgia,2026-05-23,1,2026-05-30,Flu ED visits pct,quantile,0.05,0.08138665144021105
greenville,2026-05-23,1,2026-05-30,Flu ED visits pct,quantile,0.05,0.028046391986007377
hall,2026-05-23,1,2026-05-30,Flu ED visits pct,quantile,0.05,0.0065919501234630775
harford,2026-05-23,1,2026-05-30,Flu ED visits pct,quantile,0.05,0.005611190311978797
henry,2026-05-23,1,2026-05-30,Flu ED visits pct,quantile,0.05,0.029787937975563117
horry,2026-05-23,1,2026-05-30,Flu ED visits pct,quantile,0.05,0.016520263610977748
houston,2026-05-23,1,2026-05-30,Flu ED visits pct,quantile,0.05,0.18390968737176153
indiana,2026-05-23,1,2026-05-30,Flu ED visits pct,quantile,0.05,0.039356976869623285
indianapolis,2026-05-23,1,2026-05-30,Flu ED visits pct,quantile,0.05,0.021689319883713108
la-grange,2026-05-23,1,2026-05-30,Flu ED visits pct,quantile,0.05,0.0
larimer,2026-05-23,1,2026-05-30,Flu ED visits pct,quantile,0.05,0.0162712072076285
lynn,2026-05-23,1,2026-05-30,Flu ED visits pct,quantile,0.05,0.025601324048629283
macon,2026-05-23,1,2026-05-30,Flu ED visits pct,quantile,0.05,0.08654812395036245
maine,2026-05-23,1,2026-05-30,Flu ED visits pct,quantile,0.05,0.054325728255375856
marietta,2026-05-23,1,2026-05-30,Flu ED visits pct,quantile,0.05,0.019788609693694698
maryland,2026-05-23,1,2026-05-30,Flu ED visits pct,quantile,0.05,0.07365515292204076
massachusetts,2026-05-23,1,2026-05-30,Flu ED visits pct,quantile,0.05,0.06846518543060974
medford,2026-05-23,1,2026-05-30,Flu ED visits pct,quantile,0.05,0.0
mesa,2026-05-23,1,2026-05-30,Flu ED visits pct,quantile,0.05,0.0030489030671967034
minneapolis,2026-05-23,1,2026-05-30,Flu ED visits pct,quantile,0.05,0.10605278651860549
minnesota,2026-05-23,1,2026-05-30,Flu ED visits pct,quantile,0.05,0.11450323124308184
montgomery,2026-05-23,1,2026-05-30,Flu ED visits pct,quantile,0.05,0.07066503773975288
nenc,2026-05-23,1,2026-05-30,Flu ED visits pct,quantile,0.05,0.05646521315707841
new-bedford,2026-05-23,1,2026-05-30,Flu ED visits pct,quantile,0.05,0.07587879537480557
north-carolina,2026-05-23,1,2026-05-30,Flu ED visits pct,quantile,0.05,0.31092481936605265
nyc,2026-05-23,1,2026-05-30,ILI ED visits pct,quantile,0.05,1.6358497071808364
ogden,2026-05-23,1,2026-05-30,Flu ED visits pct,quantile,0.05,0.024252632382175704
oregon,2026-05-23,1,2026-05-30,Flu ED visits pct,quantile,0.05,0.11113629181114926
pittsfield,2026-05-23,1,2026-05-30,Flu ED visits pct,quantile,0.05,0.0
portland,2026-05-23,1,2026-05-30,Flu ED visits pct,quantile,0.05,0.017600502097917393
portland-or,2026-05-23,1,2026-05-30,Flu ED visits pct,quantile,0.05,0.08857258643628566
provo,2026-05-23,1,2026-05-30,Flu ED visits pct,quantile,0.05,0.015884433855278567
roanoke,2026-05-23,1,2026-05-30,Flu ED visits pct,quantile,0.05,0.05952037451676729
rochester,2026-05-23,1,2026-05-30,Flu ED visits pct,quantile,0.05,0.009155698855228109
rock-hill,2026-05-23,1,2026-05-30,Flu ED visits pct,quantile,0.05,0.0
rtp-area,2026-05-23,1,2026-05-30,Flu ED visits pct,quantile,0.05,0.05910424832268763
salem,2026-05-23,1,2026-05-30,Flu ED visits pct,quantile,0.05,0.05108785624500128
salt-lake-city,2026-05-23,1,2026-05-30,Flu ED visits pct,quantile,0.05,0.05538208090511341
san-antonio,2026-05-23,1,2026-05-30,Flu ED visits pct,quantile,0.05,0.058850157088382656
savannah,2026-05-23,1,2026-05-30,Flu ED visits pct,quantile,0.05,0.004036707273777107
senc,2026-05-23,1,2026-05-30,Flu ED visits pct,quantile,0.05,0.006593023278994517
south-augusta,2026-05-23,1,2026-05-30,Flu ED visits pct,quantile,0.05,0.021652370972155027
south-carolina,2026-05-23,1,2026-05-30,Flu ED visits pct,quantile,0.05,0.04668377715194105
springfield,2026-05-23,1,2026-05-30,Flu ED visits pct,quantile,0.05,0.03791364443143025
st-cloud,2026-05-23,1,2026-05-30,Flu ED visits pct,quantile,0.05,0.01249614081226919
st-paul,2026-05-23,1,2026-05-30,Flu ED visits pct,quantile,0.05,0.14430860524864864
texas,2026-05-23,1,2026-05-30,Flu ED visits pct,quantile,0.05,0.1961688701209091
triad-area,2026-05-23,1,2026-05-30,Flu ED visits pct,quantile,0.05,0.1944797350297463
utah,2026-05-23,1,2026-05-30,Flu ED visits pct,quantile,0.05,0.05811105530548235
virginia,2026-05-23,1,2026-05-30,Flu ED visits pct,quantile,0.05,0.1201363867342642
weld,2026-05-23,1,2026-05-30,Flu ED visits pct,quantile,0.05,0.03386779036361203
wnc,2026-05-23,1,2026-05-30,Flu ED visits pct,quantile,0.05,0.06896805382421936
worcester,2026-05-23,1,2026-05-30,Flu ED visits pct,quantile,0.05,0.04007807737658556
athens,2026-05-23,2,2026-06-06,Flu ED visits pct,quantile,0.05,0.010602198903955943
austin,2026-05-23,2,2026-06-06,Flu ED visits pct,quantile,0.05,0.07751018760733713
baltimore,2026-05-23,2,2026-06-06,Flu ED visits pct,quantile,0.05,0.040585100641982425
bangor,2026-05-23,2,2026-06-06,Flu ED visits pct,quantile,0.05,0.004857576349335032
beaumont,2026-05-23,2,2026-06-06,Flu ED visits pct,quantile,0.05,0.08455628867310966
boston,2026-05-23,2,2026-06-06,Flu ED visits pct,quantile,0.05,0.04784189766957536
boulder,2026-05-23,2,2026-06-06,Flu ED visits pct,quantile,0.05,0.025071234642574096
charleston,2026-05-23,2,2026-06-06,Flu ED visits pct,quantile,0.05,0.04484548963392088
cherokee,2026-05-23,2,2026-06-06,Flu ED visits pct,quantile,0.05,0.024395577445663508
clt-area,2026-05-23,2,2026-06-06,Flu ED visits pct,quantile,0.05,0.4210685169953559
colorado,2026-05-23,2,2026-06-06,Flu ED visits pct,quantile,0.05,0.11401124748208745
colorado-springs,2026-05-23,2,2026-06-06,Flu ED visits pct,quantile,0.05,0.1101488859106412
columbia,2026-05-23,2,2026-06-06,Flu ED visits pct,quantile,0.05,0.009534545646721767
columbus,2026-05-23,2,2026-06-06,Flu ED visits pct,quantile,0.05,0.0016049991827302296
dallas,2026-05-23,2,2026-06-06,Flu ED visits pct,quantile,0.05,0.0743778472300812
denver,2026-05-23,2,2026-06-06,Flu ED visits pct,quantile,0.05,0.12633701207614742
deschutes,2026-05-23,2,2026-06-06,Flu ED visits pct,quantile,0.05,0.06225026914371457
duluth,2026-05-23,2,2026-06-06,Flu ED visits pct,quantile,0.05,0.02312410415089862
el-paso,2026-05-23,2,2026-06-06,Flu ED visits pct,quantile,0.05,0.399597356868195
eugene,2026-05-23,2,2026-06-06,Flu ED visits pct,quantile,0.05,0.016978985537399564
fay-area,2026-05-23,2,2026-06-06,Flu ED visits pct,quantile,0.05,0.3249953818649434
florence,2026-05-23,2,2026-06-06,Flu ED visits pct,quantile,0.05,0.010551338520905952
floyd,2026-05-23,2,2026-06-06,Flu ED visits pct,quantile,0.05,0.011747925823313866
frederick,2026-05-23,2,2026-06-06,Flu ED visits pct,quantile,0.05,0.0025231596642890305
georgia,2026-05-23,2,2026-06-06,Flu ED visits pct,quantile,0.05,0.0654976572468158
greenville,2026-05-23,2,2026-06-06,Flu ED visits pct,quantile,0.05,0.017395894109760106
hall,2026-05-23,2,2026-06-06,Flu ED visits pct,quantile,0.05,0.005372074988326016
harford,2026-05-23,2,2026-06-06,Flu ED visits pct,quantile,0.05,0.0012433730728055592
henry,2026-05-23,2,2026-06-06,Flu ED visits pct,quantile,0.05,0.021246130634602643
horry,2026-05-23,2,2026-06-06,Flu ED visits pct,quantile,0.05,0.013170273940827927
houston,2026-05-23,2,2026-06-06,Flu ED visits pct,quantile,0.05,0.1508273689863716
indiana,2026-05-23,2,2026-06-06,Flu ED visits pct,quantile,0.05,0.03282631121122647
indianapolis,2026-05-23,2,2026-06-06,Flu ED visits pct,quantile,0.05,0.017802085451679814
la-grange,2026-05-23,2,2026-06-06,Flu ED visits pct,quantile,0.05,0.0
larimer,2026-05-23,2,2026-06-06,Flu ED visits pct,quantile,0.05,0.014272958937819316
lynn,2026-05-23,2,2026-06-06,Flu ED visits pct,quantile,0.05,0.021372303173084313
macon,2026-05-23,2,2026-06-06,Flu ED visits pct,quantile,0.05,0.0616802893828071
maine,2026-05-23,2,2026-06-06,Flu ED visits pct,quantile,0.05,0.04268736743797215
marietta,2026-05-23,2,2026-06-06,Flu ED visits pct,quantile,0.05,0.01524675079830856
maryland,2026-05-23,2,2026-06-06,Flu ED visits pct,quantile,0.05,0.05800295849606451
massachusetts,2026-05-23,2,2026-06-06,Flu ED visits pct,quantile,0.05,0.053723019856042616
medford,2026-05-23,2,2026-06-06,Flu ED visits pct,quantile,0.05,0.0
mesa,2026-05-23,2,2026-06-06,Flu ED visits pct,quantile,0.05,0.0003305630039620779
minneapolis,2026-05-23,2,2026-06-06,Flu ED visits pct,quantile,0.05,0.0850493096791915
minnesota,2026-05-23,2,2026-06-06,Flu ED visits pct,quantile,0.05,0.0919493777942132
montgomery,2026-05-23,2,2026-06-06,Flu ED visits pct,quantile,0.05,0.056994603617876526
nenc,2026-05-23,2,2026-06-06,Flu ED visits pct,quantile,0.05,0.040286962610804014
new-bedford,2026-05-23,2,2026-06-06,Flu ED visits pct,quantile,0.05,0.05956518057285456
north-carolina,2026-05-23,2,2026-06-06,Flu ED visits pct,quantile,0.05,0.24741140947123685
nyc,2026-05-23,2,2026-06-06,ILI ED visits pct,quantile,0.05,1.4540696480233137
ogden,2026-05-23,2,2026-06-06,Flu ED visits pct,quantile,0.05,0.020176800566916037
oregon,2026-05-23,2,2026-06-06,Flu ED visits pct,quantile,0.05,0.08696212714506295
pittsfield,2026-05-23,2,2026-06-06,Flu ED visits pct,quantile,0.05,0.0
portland,2026-05-23,2,2026-06-06,Flu ED visits pct,quantile,0.05,0.01316402889768265
portland-or,2026-05-23,2,2026-06-06,Flu ED visits pct,quantile,0.05,0.07535188533779487
provo,2026-05-23,2,2026-06-06,Flu ED visits pct,quantile,0.05,0.012974658740800256
roanoke,2026-05-23,2,2026-06-06,Flu ED visits pct,quantile,0.05,0.05041025895537091
rochester,2026-05-23,2,2026-06-06,Flu ED visits pct,quantile,0.05,0.006437593482371185
rock-hill,2026-05-23,2,2026-06-06,Flu ED visits pct,quantile,0.05,0.0
rtp-area,2026-05-23,2,2026-06-06,Flu ED visits pct,quantile,0.05,0.04262393798738677
salem,2026-05-23,2,2026-06-06,Flu ED visits pct,quantile,0.05,0.0319327290389489
salt-lake-city,2026-05-23,2,2026-06-06,Flu ED visits pct,quantile,0.05,0.04633661478784392
san-antonio,2026-05-23,2,2026-06-06,Flu ED visits pct,quantile,0.05,0.04934695706640445
savannah,2026-05-23,2,2026-06-06,Flu ED visits pct,quantile,0.05,0.0014516061310313327
senc,2026-05-23,2,2026-06-06,Flu ED visits pct,quantile,0.05,0.0010857050538189833
south-augusta,2026-05-23,2,2026-06-06,Flu ED visits pct,quantile,0.05,0.013214028354130181
south-carolina,2026-05-23,2,2026-06-06,Flu ED visits pct,quantile,0.05,0.03487000685858992
springfield,2026-05-23,2,2026-06-06,Flu ED visits pct,quantile,0.05,0.030161481412010374
st-cloud,2026-05-23,2,2026-06-06,Flu ED visits pct,quantile,0.05,0.007905055553055965
st-paul,2026-05-23,2,2026-06-06,Flu ED visits pct,quantile,0.05,0.11261213165734246
texas,2026-05-23,2,2026-06-06,Flu ED visits pct,quantile,0.05,0.16230586030408534
triad-area,2026-05-23,2,2026-06-06,Flu ED visits pct,quantile,0.05,0.15548096343263504
utah,2026-05-23,2,2026-06-06,Flu ED visits pct,quantile,0.05,0.048852519962157975
virginia,2026-05-23,2,2026-06-06,Flu ED visits pct,quantile,0.05,0.099735378799664
weld,2026-05-23,2,2026-06-06,Flu ED visits pct,quantile,0.05,0.02576064650688359
wnc,2026-05-23,2,2026-06-06,Flu ED visits pct,quantile,0.05,0.0517907601142563
worcester,2026-05-23,2,2026-06-06,Flu ED visits pct,quantile,0.05,0.029993368960253668
athens,2026-05-23,3,2026-06-13,Flu ED visits pct,quantile,0.05,0.006842531237109253
austin,2026-05-23,3,2026-06-13,Flu ED visits pct,quantile,0.05,0.06899083013488054
baltimore,2026-05-23,3,2026-06-13,Flu ED visits pct,quantile,0.05,0.033295734419512064
bangor,2026-05-23,3,2026-06-13,Flu ED visits pct,quantile,0.05,0.004284777351523607
beaumont,2026-05-23,3,2026-06-13,Flu ED visits pct,quantile,0.05,0.07154803583486895
boston,2026-05-23,3,2026-06-13,Flu ED visits pct,quantile,0.05,0.04023356123097157
boulder,2026-05-23,3,2026-06-13,Flu ED visits pct,quantile,0.05,0.02253705464247959
charleston,2026-05-23,3,2026-06-13,Flu ED visits pct,quantile,0.05,0.03898948174174217
cherokee,2026-05-23,3,2026-06-13,Flu ED visits pct,quantile,0.05,0.018089230140016233
clt-area,2026-05-23,3,2026-06-13,Flu ED visits pct,quantile,0.05,0.2934805474483026
colorado,2026-05-23,3,2026-06-13,Flu ED visits pct,quantile,0.05,0.09782535629859093
colorado-springs,2026-05-23,3,2026-06-13,Flu ED visits pct,quantile,0.05,0.09441590445116058
columbia,2026-05-23,3,2026-06-13,Flu ED visits pct,quantile,0.05,0.007739190691593916
columbus,2026-05-23,3,2026-06-13,Flu ED visits pct,quantile,0.05,0.0015406526427514961
dallas,2026-05-23,3,2026-06-13,Flu ED visits pct,quantile,0.05,0.06530326555410693
denver,2026-05-23,3,2026-06-13,Flu ED visits pct,quantile,0.05,0.10878600540356215
deschutes,2026-05-23,3,2026-06-13,Flu ED visits pct,quantile,0.05,0.05342714688202318
duluth,2026-05-23,3,2026-06-13,Flu ED visits pct,quantile,0.05,0.019390862493931044
el-paso,2026-05-23,3,2026-06-13,Flu ED visits pct,quantile,0.05,0.31786962185529877
eugene,2026-05-23,3,2026-06-13,Flu ED visits pct,quantile,0.05,0.012160785791179527
fay-area,2026-05-23,3,2026-06-13,Flu ED visits pct,quantile,0.05,0.23904408340340655
florence,2026-05-23,3,2026-06-13,Flu ED visits pct,quantile,0.05,0.007464163250365372
floyd,2026-05-23,3,2026-06-13,Flu ED visits pct,quantile,0.05,0.009694061440080027
frederick,2026-05-23,3,2026-06-13,Flu ED visits pct,quantile,0.05,0.0022847668366176178
georgia,2026-05-23,3,2026-06-13,Flu ED visits pct,quantile,0.05,0.0562495967850531
greenville,2026-05-23,3,2026-06-13,Flu ED visits pct,quantile,0.05,0.012272984594316883
hall,2026-05-23,3,2026-06-13,Flu ED visits pct,quantile,0.05,0.004418717618240959
harford,2026-05-23,3,2026-06-13,Flu ED visits pct,quantile,0.05,0.0
henry,2026-05-23,3,2026-06-13,Flu ED visits pct,quantile,0.05,0.0179233450134606
horry,2026-05-23,3,2026-06-13,Flu ED visits pct,quantile,0.05,0.011252721683681648
houston,2026-05-23,3,2026-06-13,Flu ED visits pct,quantile,0.05,0.13111317898414132
indiana,2026-05-23,3,2026-06-13,Flu ED visits pct,quantile,0.05,0.029785000614449483
indianapolis,2026-05-23,3,2026-06-13,Flu ED visits pct,quantile,0.05,0.015250213140100105
la-grange,2026-05-23,3,2026-06-13,Flu ED visits pct,quantile,0.05,0.0
larimer,2026-05-23,3,2026-06-13,Flu ED visits pct,quantile,0.05,0.013312976621700693
lynn,2026-05-23,3,2026-06-13,Flu ED visits pct,quantile,0.05,0.018517936758361712
macon,2026-05-23,3,2026-06-13,Flu ED visits pct,quantile,0.05,0.051706692171656465
maine,2026-05-23,3,2026-06-13,Flu ED visits pct,quantile,0.05,0.03507784691094088
marietta,2026-05-23,3,2026-06-13,Flu ED visits pct,quantile,0.05,0.011974323107442729
maryland,2026-05-23,3,2026-06-13,Flu ED visits pct,quantile,0.05,0.04889326059968494
massachusetts,2026-05-23,3,2026-06-13,Flu ED visits pct,quantile,0.05,0.045899238076083634
medford,2026-05-23,3,2026-06-13,Flu ED visits pct,quantile,0.05,0.0
mesa,2026-05-23,3,2026-06-13,Flu ED visits pct,quantile,0.05,0.0
minneapolis,2026-05-23,3,2026-06-13,Flu ED visits pct,quantile,0.05,0.07388687007227543
minnesota,2026-05-23,3,2026-06-13,Flu ED visits pct,quantile,0.05,0.08073187558879681
montgomery,2026-05-23,3,2026-06-13,Flu ED visits pct,quantile,0.05,0.047276093624967264
nenc,2026-05-23,3,2026-06-13,Flu ED visits pct,quantile,0.05,0.0315488325255019
new-bedford,2026-05-23,3,2026-06-13,Flu ED visits pct,quantile,0.05,0.05004298121004258
north-carolina,2026-05-23,3,2026-06-13,Flu ED visits pct,quantile,0.05,0.1970689498204288
nyc,2026-05-23,3,2026-06-13,ILI ED visits pct,quantile,0.05,1.348009633197757
ogden,2026-05-23,3,2026-06-13,Flu ED visits pct,quantile,0.05,0.018162024506403453
oregon,2026-05-23,3,2026-06-13,Flu ED visits pct,quantile,0.05,0.07462243755333046
pittsfield,2026-05-23,3,2026-06-13,Flu ED visits pct,quantile,0.05,0.0
portland,2026-05-23,3,2026-06-13,Flu ED visits pct,quantile,0.05,0.010613382521262477
portland-or,2026-05-23,3,2026-06-13,Flu ED visits pct,quantile,0.05,0.06677088255592127
provo,2026-05-23,3,2026-06-13,Flu ED visits pct,quantile,0.05,0.011427633632620277
roanoke,2026-05-23,3,2026-06-13,Flu ED visits pct,quantile,0.05,0.04455680652922895
rochester,2026-05-23,3,2026-06-13,Flu ED visits pct,quantile,0.05,0.005103613206577677
rock-hill,2026-05-23,3,2026-06-13,Flu ED visits pct,quantile,0.05,0.0
rtp-area,2026-05-23,3,2026-06-13,Flu ED visits pct,quantile,0.05,0.03314694451582546
salem,2026-05-23,3,2026-06-13,Flu ED visits pct,quantile,0.05,0.024160450967803386
salt-lake-city,2026-05-23,3,2026-06-13,Flu ED visits pct,quantile,0.05,0.03993171997497663
san-antonio,2026-05-23,3,2026-06-13,Flu ED visits pct,quantile,0.05,0.0438821246314515
savannah,2026-05-23,3,2026-06-13,Flu ED visits pct,quantile,0.05,0.00020599214340754485
senc,2026-05-23,3,2026-06-13,Flu ED visits pct,quantile,0.05,0.0
south-augusta,2026-05-23,3,2026-06-13,Flu ED visits pct,quantile,0.05,0.010357845220501682
south-carolina,2026-05-23,3,2026-06-13,Flu ED visits pct,quantile,0.05,0.028630859078526937
springfield,2026-05-23,3,2026-06-13,Flu ED visits pct,quantile,0.05,0.024482709917670646
st-cloud,2026-05-23,3,2026-06-13,Flu ED visits pct,quantile,0.05,0.00726103921763179
st-paul,2026-05-23,3,2026-06-13,Flu ED visits pct,quantile,0.05,0.09497248622735426
texas,2026-05-23,3,2026-06-13,Flu ED visits pct,quantile,0.05,0.144005330125199
triad-area,2026-05-23,3,2026-06-13,Flu ED visits pct,quantile,0.05,0.13204105126725682
utah,2026-05-23,3,2026-06-13,Flu ED visits pct,quantile,0.05,0.04334822073361639
virginia,2026-05-23,3,2026-06-13,Flu ED visits pct,quantile,0.05,0.08718036480261755
weld,2026-05-23,3,2026-06-13,Flu ED visits pct,quantile,0.05,0.023463126960708014
wnc,2026-05-23,3,2026-06-13,Flu ED visits pct,quantile,0.05,0.042062309408877924
worcester,2026-05-23,3,2026-06-13,Flu ED visits pct,quantile,0.05,0.02463319036448687
athens,2026-05-23,0,2026-05-23,Flu ED visits pct,quantile,0.1,0.042708597262372264
austin,2026-05-23,0,2026-05-23,Flu ED visits pct,quantile,0.1,0.12357311118615268
baltimore,2026-05-23,0,2026-05-23,Flu ED visits pct,quantile,0.1,0.07438151892100246
bangor,2026-05-23,0,2026-05-23,Flu ED visits pct,quantile,0.1,0.016173377762591562
beaumont,2026-05-23,0,2026-05-23,Flu ED visits pct,quantile,0.1,0.20256992656163011
boston,2026-05-23,0,2026-05-23,Flu ED visits pct,quantile,0.1,0.07778827573754184
boulder,2026-05-23,0,2026-05-23,Flu ED visits pct,quantile,0.1,0.07174426732187263
charleston,2026-05-23,0,2026-05-23,Flu ED visits pct,quantile,0.1,0.08424277790324264
cherokee,2026-05-23,0,2026-05-23,Flu ED visits pct,quantile,0.1,0.07077804807400774
clt-area,2026-05-23,0,2026-05-23,Flu ED visits pct,quantile,0.1,0.8712414553593669
colorado,2026-05-23,0,2026-05-23,Flu ED visits pct,quantile,0.1,0.19318819326626932
colorado-springs,2026-05-23,0,2026-05-23,Flu ED visits pct,quantile,0.1,0.20974210906742133
columbia,2026-05-23,0,2026-05-23,Flu ED visits pct,quantile,0.1,0.024938104587011255
columbus,2026-05-23,0,2026-05-23,Flu ED visits pct,quantile,0.1,0.014137331843999965
dallas,2026-05-23,0,2026-05-23,Flu ED visits pct,quantile,0.1,0.1150204584626587
denver,2026-05-23,0,2026-05-23,Flu ED visits pct,quantile,0.1,0.2012865033235974
deschutes,2026-05-23,0,2026-05-23,Flu ED visits pct,quantile,0.1,0.13660924190098125
duluth,2026-05-23,0,2026-05-23,Flu ED visits pct,quantile,0.1,0.06420180060195864
el-paso,2026-05-23,0,2026-05-23,Flu ED visits pct,quantile,0.1,0.898950686570412
eugene,2026-05-23,0,2026-05-23,Flu ED visits pct,quantile,0.1,0.04754854914212514
fay-area,2026-05-23,0,2026-05-23,Flu ED visits pct,quantile,0.1,0.6949903167593026
florence,2026-05-23,0,2026-05-23,Flu ED visits pct,quantile,0.1,0.049559262905559905
floyd,2026-05-23,0,2026-05-23,Flu ED visits pct,quantile,0.1,0.03474237525906348
frederick,2026-05-23,0,2026-05-23,Flu ED visits pct,quantile,0.1,0.008922583128410622
georgia,2026-05-23,0,2026-05-23,Flu ED visits pct,quantile,0.1,0.109145660792516
greenville,2026-05-23,0,2026-05-23,Flu ED visits pct,quantile,0.1,0.05101735753232678
hall,2026-05-23,0,2026-05-23,Flu ED visits pct,quantile,0.1,0.013635775216715199
harford,2026-05-23,0,2026-05-23,Flu ED visits pct,quantile,0.1,0.018878552962599097
henry,2026-05-23,0,2026-05-23,Flu ED visits pct,quantile,0.1,0.050095727907179005
horry,2026-05-23,0,2026-05-23,Flu ED visits pct,quantile,0.1,0.03238849648982572
houston,2026-05-23,0,2026-05-23,Flu ED visits pct,quantile,0.1,0.23560267796542214
indiana,2026-05-23,0,2026-05-23,Flu ED visits pct,quantile,0.1,0.047908960355051454
indianapolis,2026-05-23,0,2026-05-23,Flu ED visits pct,quantile,0.1,0.02806934757317253
la-grange,2026-05-23,0,2026-05-23,Flu ED visits pct,quantile,0.1,0.0038435809859055908
larimer,2026-05-23,0,2026-05-23,Flu ED visits pct,quantile,0.1,0.024721523846086522
lynn,2026-05-23,0,2026-05-23,Flu ED visits pct,quantile,0.1,0.040562060131268535
macon,2026-05-23,0,2026-05-23,Flu ED visits pct,quantile,0.1,0.13437584393798324
maine,2026-05-23,0,2026-05-23,Flu ED visits pct,quantile,0.1,0.08573269734798086
marietta,2026-05-23,0,2026-05-23,Flu ED visits pct,quantile,0.1,0.03804739503279686
maryland,2026-05-23,0,2026-05-23,Flu ED visits pct,quantile,0.1,0.10583812635772365
massachusetts,2026-05-23,0,2026-05-23,Flu ED visits pct,quantile,0.1,0.09803076778869953
medford,2026-05-23,0,2026-05-23,Flu ED visits pct,quantile,0.1,0.005983910793603551
mesa,2026-05-23,0,2026-05-23,Flu ED visits pct,quantile,0.1,0.012710117304848835
minneapolis,2026-05-23,0,2026-05-23,Flu ED visits pct,quantile,0.1,0.14703906821052712
minnesota,2026-05-23,0,2026-05-23,Flu ED visits pct,quantile,0.1,0.15959801878292146
montgomery,2026-05-23,0,2026-05-23,Flu ED visits pct,quantile,0.1,0.09860910714967983
nenc,2026-05-23,0,2026-05-23,Flu ED visits pct,quantile,0.1,0.0885398682384017
new-bedford,2026-05-23,0,2026-05-23,Flu ED visits pct,quantile,0.1,0.11652647285705235
north-carolina,2026-05-23,0,2026-05-23,Flu ED visits pct,quantile,0.1,0.4340053056839013
nyc,2026-05-23,0,2026-05-23,ILI ED visits pct,quantile,0.1,1.8954587881528042
ogden,2026-05-23,0,2026-05-23,Flu ED visits pct,quantile,0.1,0.03976692951345237
oregon,2026-05-23,0,2026-05-23,Flu ED visits pct,quantile,0.1,0.16239047600748813
pittsfield,2026-05-23,0,2026-05-23,Flu ED visits pct,quantile,0.1,0.0002691802652773079
portland,2026-05-23,0,2026-05-23,Flu ED visits pct,quantile,0.1,0.03497757654525121
portland-or,2026-05-23,0,2026-05-23,Flu ED visits pct,quantile,0.1,0.1266779178655095
provo,2026-05-23,0,2026-05-23,Flu ED visits pct,quantile,0.1,0.029492305629287917
roanoke,2026-05-23,0,2026-05-23,Flu ED visits pct,quantile,0.1,0.08548131620025111
rochester,2026-05-23,0,2026-05-23,Flu ED visits pct,quantile,0.1,0.01869913380223947
rock-hill,2026-05-23,0,2026-05-23,Flu ED visits pct,quantile,0.1,0.0
rtp-area,2026-05-23,0,2026-05-23,Flu ED visits pct,quantile,0.1,0.09329238500749949
salem,2026-05-23,0,2026-05-23,Flu ED visits pct,quantile,0.1,0.09564564619090983
salt-lake-city,2026-05-23,0,2026-05-23,Flu ED visits pct,quantile,0.1,0.07489754936639408
san-antonio,2026-05-23,0,2026-05-23,Flu ED visits pct,quantile,0.1,0.07052967060288831
savannah,2026-05-23,0,2026-05-23,Flu ED visits pct,quantile,0.1,0.01278667086739505
senc,2026-05-23,0,2026-05-23,Flu ED visits pct,quantile,0.1,0.020824361573036056
south-augusta,2026-05-23,0,2026-05-23,Flu ED visits pct,quantile,0.1,0.04433774703410308
south-carolina,2026-05-23,0,2026-05-23,Flu ED visits pct,quantile,0.1,0.07468410021962224
springfield,2026-05-23,0,2026-05-23,Flu ED visits pct,quantile,0.1,0.06910109860029896
st-cloud,2026-05-23,0,2026-05-23,Flu ED visits pct,quantile,0.1,0.027027022326851377
st-paul,2026-05-23,0,2026-05-23,Flu ED visits pct,quantile,0.1,0.20005002561525762
texas,2026-05-23,0,2026-05-23,Flu ED visits pct,quantile,0.1,0.24898764075650864
triad-area,2026-05-23,0,2026-05-23,Flu ED visits pct,quantile,0.1,0.26491960241429896
utah,2026-05-23,0,2026-05-23,Flu ED visits pct,quantile,0.1,0.0764950681892247
virginia,2026-05-23,0,2026-05-23,Flu ED visits pct,quantile,0.1,0.15673424743024933
weld,2026-05-23,0,2026-05-23,Flu ED visits pct,quantile,0.1,0.060012107313842024
wnc,2026-05-23,0,2026-05-23,Flu ED visits pct,quantile,0.1,0.10770208173482057
worcester,2026-05-23,0,2026-05-23,Flu ED visits pct,quantile,0.1,0.06724541322408092
athens,2026-05-23,1,2026-05-30,Flu ED visits pct,quantile,0.1,0.03262129169909427
austin,2026-05-23,1,2026-05-30,Flu ED visits pct,quantile,0.1,0.10692067247695593
baltimore,2026-05-23,1,2026-05-30,Flu ED visits pct,quantile,0.1,0.05914264033604807
bangor,2026-05-23,1,2026-05-30,Flu ED visits pct,quantile,0.1,0.01269694256246178
beaumont,2026-05-23,1,2026-05-30,Flu ED visits pct,quantile,0.1,0.15294127258560772
boston,2026-05-23,1,2026-05-30,Flu ED visits pct,quantile,0.1,0.062339435852725535
boulder,2026-05-23,1,2026-05-30,Flu ED visits pct,quantile,0.1,0.06202487667673703
charleston,2026-05-23,1,2026-05-30,Flu ED visits pct,quantile,0.1,0.06840646955649615
cherokee,2026-05-23,1,2026-05-30,Flu ED visits pct,quantile,0.1,0.053347009744006364
clt-area,2026-05-23,1,2026-05-30,Flu ED visits pct,quantile,0.1,0.6635817260813651
colorado,2026-05-23,1,2026-05-30,Flu ED visits pct,quantile,0.1,0.16154818701335583
colorado-springs,2026-05-23,1,2026-05-30,Flu ED visits pct,quantile,0.1,0.16699116705934441
columbia,2026-05-23,1,2026-05-30,Flu ED visits pct,quantile,0.1,0.0225038800788617
columbus,2026-05-23,1,2026-05-30,Flu ED visits pct,quantile,0.1,0.01001856452962275
dallas,2026-05-23,1,2026-05-30,Flu ED visits pct,quantile,0.1,0.09861773256773891
denver,2026-05-23,1,2026-05-30,Flu ED visits pct,quantile,0.1,0.16784504978687048
deschutes,2026-05-23,1,2026-05-30,Flu ED visits pct,quantile,0.1,0.11037692129453579
duluth,2026-05-23,1,2026-05-30,Flu ED visits pct,quantile,0.1,0.04878957113001675
el-paso,2026-05-23,1,2026-05-30,Flu ED visits pct,quantile,0.1,0.6569099431565788
eugene,2026-05-23,1,2026-05-30,Flu ED visits pct,quantile,0.1,0.034886100382052636
fay-area,2026-05-23,1,2026-05-30,Flu ED visits pct,quantile,0.1,0.5272208002059176
florence,2026-05-23,1,2026-05-30,Flu ED visits pct,quantile,0.1,0.03764206966011409
floyd,2026-05-23,1,2026-05-30,Flu ED visits pct,quantile,0.1,0.026793385780197458
frederick,2026-05-23,1,2026-05-30,Flu ED visits pct,quantile,0.1,0.007436837410595089
georgia,2026-05-23,1,2026-05-30,Flu ED visits pct,quantile,0.1,0.09395904084561818
greenville,2026-05-23,1,2026-05-30,Flu ED visits pct,quantile,0.1,0.03752700398329224
hall,2026-05-23,1,2026-05-30,Flu ED visits pct,quantile,0.1,0.011639713664837468
harford,2026-05-23,1,2026-05-30,Flu ED visits pct,quantile,0.1,0.013549147298960887
henry,2026-05-23,1,2026-05-30,Flu ED visits pct,quantile,0.1,0.03934386801606849
horry,2026-05-23,1,2026-05-30,Flu ED visits pct,quantile,0.1,0.02926865389651432
houston,2026-05-23,1,2026-05-30,Flu ED visits pct,quantile,0.1,0.20630831060633018
indiana,2026-05-23,1,2026-05-30,Flu ED visits pct,quantile,0.1,0.045548652468392396
indianapolis,2026-05-23,1,2026-05-30,Flu ED visits pct,quantile,0.1,0.027759377825130264
la-grange,2026-05-23,1,2026-05-30,Flu ED visits pct,quantile,0.1,0.0017630466393005403
larimer,2026-05-23,1,2026-05-30,Flu ED visits pct,quantile,0.1,0.02196506996616763
lynn,2026-05-23,1,2026-05-30,Flu ED visits pct,quantile,0.1,0.0376601941700735
macon,2026-05-23,1,2026-05-30,Flu ED visits pct,quantile,0.1,0.10530760687176467
maine,2026-05-23,1,2026-05-30,Flu ED visits pct,quantile,0.1,0.06807197985023909
marietta,2026-05-23,1,2026-05-30,Flu ED visits pct,quantile,0.1,0.02939397687934967
maryland,2026-05-23,1,2026-05-30,Flu ED visits pct,quantile,0.1,0.08835431062460926
massachusetts,2026-05-23,1,2026-05-30,Flu ED visits pct,quantile,0.1,0.08031332347804457
medford,2026-05-23,1,2026-05-30,Flu ED visits pct,quantile,0.1,0.0037336947169549547
mesa,2026-05-23,1,2026-05-30,Flu ED visits pct,quantile,0.1,0.008787438281457538
minneapolis,2026-05-23,1,2026-05-30,Flu ED visits pct,quantile,0.1,0.12256724854218844
minnesota,2026-05-23,1,2026-05-30,Flu ED visits pct,quantile,0.1,0.13258832790495528
montgomery,2026-05-23,1,2026-05-30,Flu ED visits pct,quantile,0.1,0.07934288559759958
nenc,2026-05-23,1,2026-05-30,Flu ED visits pct,quantile,0.1,0.07110707881171373
new-bedford,2026-05-23,1,2026-05-30,Flu ED visits pct,quantile,0.1,0.0909547798932656
north-carolina,2026-05-23,1,2026-05-30,Flu ED visits pct,quantile,0.1,0.36712728251795756
nyc,2026-05-23,1,2026-05-30,ILI ED visits pct,quantile,0.1,1.7827588362012596
ogden,2026-05-23,1,2026-05-30,Flu ED visits pct,quantile,0.1,0.036593668933775934
oregon,2026-05-23,1,2026-05-30,Flu ED visits pct,quantile,0.1,0.13539776161120237
pittsfield,2026-05-23,1,2026-05-30,Flu ED visits pct,quantile,0.1,0.0002645317568704085
portland,2026-05-23,1,2026-05-30,Flu ED visits pct,quantile,0.1,0.027699541154681394
portland-or,2026-05-23,1,2026-05-30,Flu ED visits pct,quantile,0.1,0.10770109350881828
provo,2026-05-23,1,2026-05-30,Flu ED visits pct,quantile,0.1,0.02746207431009861
roanoke,2026-05-23,1,2026-05-30,Flu ED visits pct,quantile,0.1,0.07402153264121948
rochester,2026-05-23,1,2026-05-30,Flu ED visits pct,quantile,0.1,0.015433402398907168
rock-hill,2026-05-23,1,2026-05-30,Flu ED visits pct,quantile,0.1,0.0
rtp-area,2026-05-23,1,2026-05-30,Flu ED visits pct,quantile,0.1,0.07198401704501577
salem,2026-05-23,1,2026-05-30,Flu ED visits pct,quantile,0.1,0.07289856650894716
salt-lake-city,2026-05-23,1,2026-05-30,Flu ED visits pct,quantile,0.1,0.06410458163941875
san-antonio,2026-05-23,1,2026-05-30,Flu ED visits pct,quantile,0.1,0.06665539763721788
savannah,2026-05-23,1,2026-05-30,Flu ED visits pct,quantile,0.1,0.00875315396079814
senc,2026-05-23,1,2026-05-30,Flu ED visits pct,quantile,0.1,0.013999841783870997
south-augusta,2026-05-23,1,2026-05-30,Flu ED visits pct,quantile,0.1,0.034781690197993084
south-carolina,2026-05-23,1,2026-05-30,Flu ED visits pct,quantile,0.1,0.05959714360421727
springfield,2026-05-23,1,2026-05-30,Flu ED visits pct,quantile,0.1,0.054921216794217555
st-cloud,2026-05-23,1,2026-05-30,Flu ED visits pct,quantile,0.1,0.02045022732696221
st-paul,2026-05-23,1,2026-05-30,Flu ED visits pct,quantile,0.1,0.16698197883616328
texas,2026-05-23,1,2026-05-30,Flu ED visits pct,quantile,0.1,0.21994751895412099
triad-area,2026-05-23,1,2026-05-30,Flu ED visits pct,quantile,0.1,0.22205048018859977
utah,2026-05-23,1,2026-05-30,Flu ED visits pct,quantile,0.1,0.06729033934527667
virginia,2026-05-23,1,2026-05-30,Flu ED visits pct,quantile,0.1,0.13700038269540768
weld,2026-05-23,1,2026-05-30,Flu ED visits pct,quantile,0.1,0.048034291617245206
wnc,2026-05-23,1,2026-05-30,Flu ED visits pct,quantile,0.1,0.08678984859658241
worcester,2026-05-23,1,2026-05-30,Flu ED visits pct,quantile,0.1,0.04750173307089044
athens,2026-05-23,2,2026-06-06,Flu ED visits pct,quantile,0.1,0.021574982601483425
austin,2026-05-23,2,2026-06-06,Flu ED visits pct,quantile,0.1,0.0943621694668812
baltimore,2026-05-23,2,2026-06-06,Flu ED visits pct,quantile,0.1,0.04916050655360928
bangor,2026-05-23,2,2026-06-06,Flu ED visits pct,quantile,0.1,0.009092203021608613
beaumont,2026-05-23,2,2026-06-06,Flu ED visits pct,quantile,0.1,0.11946164126112323
boston,2026-05-23,2,2026-06-06,Flu ED visits pct,quantile,0.1,0.052782345317694705
boulder,2026-05-23,2,2026-06-06,Flu ED visits pct,quantile,0.1,0.05179080939882656
charleston,2026-05-23,2,2026-06-06,Flu ED visits pct,quantile,0.1,0.054518862390277596
cherokee,2026-05-23,2,2026-06-06,Flu ED visits pct,quantile,0.1,0.03801734003655623
clt-area,2026-05-23,2,2026-06-06,Flu ED visits pct,quantile,0.1,0.45896584393215983
colorado,2026-05-23,2,2026-06-06,Flu ED visits pct,quantile,0.1,0.13644895220529052
colorado-springs,2026-05-23,2,2026-06-06,Flu ED visits pct,quantile,0.1,0.1347823647772922
columbia,2026-05-23,2,2026-06-06,Flu ED visits pct,quantile,0.1,0.019244530464430865
columbus,2026-05-23,2,2026-06-06,Flu ED visits pct,quantile,0.1,0.009028210080305745
dallas,2026-05-23,2,2026-06-06,Flu ED visits pct,quantile,0.1,0.08679437716927065
denver,2026-05-23,2,2026-06-06,Flu ED visits pct,quantile,0.1,0.14050590181044592
deschutes,2026-05-23,2,2026-06-06,Flu ED visits pct,quantile,0.1,0.08484575761567646
duluth,2026-05-23,2,2026-06-06,Flu ED visits pct,quantile,0.1,0.03845151108380567
el-paso,2026-05-23,2,2026-06-06,Flu ED visits pct,quantile,0.1,0.45734326758526417
eugene,2026-05-23,2,2026-06-06,Flu ED visits pct,quantile,0.1,0.024283788793145522
fay-area,2026-05-23,2,2026-06-06,Flu ED visits pct,quantile,0.1,0.35986175410269333
florence,2026-05-23,2,2026-06-06,Flu ED visits pct,quantile,0.1,0.02562921476117143
floyd,2026-05-23,2,2026-06-06,Flu ED visits pct,quantile,0.1,0.018490882983552635
frederick,2026-05-23,2,2026-06-06,Flu ED visits pct,quantile,0.1,0.005931534828579882
georgia,2026-05-23,2,2026-06-06,Flu ED visits pct,quantile,0.1,0.07958377117789593
greenville,2026-05-23,2,2026-06-06,Flu ED visits pct,quantile,0.1,0.02713898615394115
hall,2026-05-23,2,2026-06-06,Flu ED visits pct,quantile,0.1,0.010386384202543347
harford,2026-05-23,2,2026-06-06,Flu ED visits pct,quantile,0.1,0.009396181038111085
henry,2026-05-23,2,2026-06-06,Flu ED visits pct,quantile,0.1,0.02926264891247743
horry,2026-05-23,2,2026-06-06,Flu ED visits pct,quantile,0.1,0.025967856344199944
houston,2026-05-23,2,2026-06-06,Flu ED visits pct,quantile,0.1,0.17597390506706898
indiana,2026-05-23,2,2026-06-06,Flu ED visits pct,quantile,0.1,0.04245659570334671
indianapolis,2026-05-23,2,2026-06-06,Flu ED visits pct,quantile,0.1,0.02507323655584035
la-grange,2026-05-23,2,2026-06-06,Flu ED visits pct,quantile,0.1,0.0005735678803796742
larimer,2026-05-23,2,2026-06-06,Flu ED visits pct,quantile,0.1,0.021249207243638525
lynn,2026-05-23,2,2026-06-06,Flu ED visits pct,quantile,0.1,0.033395091570026965
macon,2026-05-23,2,2026-06-06,Flu ED visits pct,quantile,0.1,0.08177521803729036
maine,2026-05-23,2,2026-06-06,Flu ED visits pct,quantile,0.1,0.056134106658571416
marietta,2026-05-23,2,2026-06-06,Flu ED visits pct,quantile,0.1,0.023788093408712484
maryland,2026-05-23,2,2026-06-06,Flu ED visits pct,quantile,0.1,0.07400793909694672
massachusetts,2026-05-23,2,2026-06-06,Flu ED visits pct,quantile,0.1,0.06825861563657608
medford,2026-05-23,2,2026-06-06,Flu ED visits pct,quantile,0.1,0.0032276017135916355
mesa,2026-05-23,2,2026-06-06,Flu ED visits pct,quantile,0.1,0.006220342636841377
minneapolis,2026-05-23,2,2026-06-06,Flu ED visits pct,quantile,0.1,0.10334443040590871
minnesota,2026-05-23,2,2026-06-06,Flu ED visits pct,quantile,0.1,0.111994190514248
montgomery,2026-05-23,2,2026-06-06,Flu ED visits pct,quantile,0.1,0.0651470135417023
nenc,2026-05-23,2,2026-06-06,Flu ED visits pct,quantile,0.1,0.05505762776136292
new-bedford,2026-05-23,2,2026-06-06,Flu ED visits pct,quantile,0.1,0.07097041256294973
north-carolina,2026-05-23,2,2026-06-06,Flu ED visits pct,quantile,0.1,0.29249038882675693
nyc,2026-05-23,2,2026-06-06,ILI ED visits pct,quantile,0.1,1.6218637903235935
ogden,2026-05-23,2,2026-06-06,Flu ED visits pct,quantile,0.1,0.0334237197984
oregon,2026-05-23,2,2026-06-06,Flu ED visits pct,quantile,0.1,0.1120451722395466
pittsfield,2026-05-23,2,2026-06-06,Flu ED visits pct,quantile,0.1,0.0
portland,2026-05-23,2,2026-06-06,Flu ED visits pct,quantile,0.1,0.023276204065698886
portland-or,2026-05-23,2,2026-06-06,Flu ED visits pct,quantile,0.1,0.09292682715558939
provo,2026-05-23,2,2026-06-06,Flu ED visits pct,quantile,0.1,0.024472630851190474
roanoke,2026-05-23,2,2026-06-06,Flu ED visits pct,quantile,0.1,0.06444236074164479
rochester,2026-05-23,2,2026-06-06,Flu ED visits pct,quantile,0.1,0.012359089838140788
rock-hill,2026-05-23,2,2026-06-06,Flu ED visits pct,quantile,0.1,0.0
rtp-area,2026-05-23,2,2026-06-06,Flu ED visits pct,quantile,0.1,0.05559483703394206
salem,2026-05-23,2,2026-06-06,Flu ED visits pct,quantile,0.1,0.05011332898850087
salt-lake-city,2026-05-23,2,2026-06-06,Flu ED visits pct,quantile,0.1,0.056835235777493574
san-antonio,2026-05-23,2,2026-06-06,Flu ED visits pct,quantile,0.1,0.060957044674604215
savannah,2026-05-23,2,2026-06-06,Flu ED visits pct,quantile,0.1,0.005610545569650925
senc,2026-05-23,2,2026-06-06,Flu ED visits pct,quantile,0.1,0.007451419620527143
south-augusta,2026-05-23,2,2026-06-06,Flu ED visits pct,quantile,0.1,0.026042388373378057
south-carolina,2026-05-23,2,2026-06-06,Flu ED visits pct,quantile,0.1,0.04863671002093413
springfield,2026-05-23,2,2026-06-06,Flu ED visits pct,quantile,0.1,0.04472020995918059
st-cloud,2026-05-23,2,2026-06-06,Flu ED visits pct,quantile,0.1,0.01785964096898742
st-paul,2026-05-23,2,2026-06-06,Flu ED visits pct,quantile,0.1,0.13824633479714574
texas,2026-05-23,2,2026-06-06,Flu ED visits pct,quantile,0.1,0.1919384436484849
triad-area,2026-05-23,2,2026-06-06,Flu ED visits pct,quantile,0.1,0.188078818852445
utah,2026-05-23,2,2026-06-06,Flu ED visits pct,quantile,0.1,0.059564976361475196
virginia,2026-05-23,2,2026-06-06,Flu ED visits pct,quantile,0.1,0.1188695639745908
weld,2026-05-23,2,2026-06-06,Flu ED visits pct,quantile,0.1,0.03776029973281418
wnc,2026-05-23,2,2026-06-06,Flu ED visits pct,quantile,0.1,0.06844448670439077
worcester,2026-05-23,2,2026-06-06,Flu ED visits pct,quantile,0.1,0.03498713247844442
athens,2026-05-23,3,2026-06-13,Flu ED visits pct,quantile,0.1,0.019140470327411147
austin,2026-05-23,3,2026-06-13,Flu ED visits pct,quantile,0.1,0.08719172718948077
baltimore,2026-05-23,3,2026-06-13,Flu ED visits pct,quantile,0.1,0.04351875895517139
bangor,2026-05-23,3,2026-06-13,Flu ED visits pct,quantile,0.1,0.009077658338641962
beaumont,2026-05-23,3,2026-06-13,Flu ED visits pct,quantile,0.1,0.10736862299289798
boston,2026-05-23,3,2026-06-13,Flu ED visits pct,quantile,0.1,0.046423619953889404
boulder,2026-05-23,3,2026-06-13,Flu ED visits pct,quantile,0.1,0.04904897075182362
charleston,2026-05-23,3,2026-06-13,Flu ED visits pct,quantile,0.1,0.04970586127916261
cherokee,2026-05-23,3,2026-06-13,Flu ED visits pct,quantile,0.1,0.03337600372140799
clt-area,2026-05-23,3,2026-06-13,Flu ED visits pct,quantile,0.1,0.3204908127270155
colorado,2026-05-23,3,2026-06-13,Flu ED visits pct,quantile,0.1,0.11982104703637954
colorado-springs,2026-05-23,3,2026-06-13,Flu ED visits pct,quantile,0.1,0.11927481648536072
columbia,2026-05-23,3,2026-06-13,Flu ED visits pct,quantile,0.1,0.017923380649670757
columbus,2026-05-23,3,2026-06-13,Flu ED visits pct,quantile,0.1,0.008808368037537125
dallas,2026-05-23,3,2026-06-13,Flu ED visits pct,quantile,0.1,0.07913142389839378
denver,2026-05-23,3,2026-06-13,Flu ED visits pct,quantile,0.1,0.1237443266819322
deschutes,2026-05-23,3,2026-06-13,Flu ED visits pct,quantile,0.1,0.08095040420718212
duluth,2026-05-23,3,2026-06-13,Flu ED visits pct,quantile,0.1,0.03434653742683087
el-paso,2026-05-23,3,2026-06-13,Flu ED visits pct,quantile,0.1,0.3821322798845608
eugene,2026-05-23,3,2026-06-13,Flu ED visits pct,quantile,0.1,0.02078028241346342
fay-area,2026-05-23,3,2026-06-13,Flu ED visits pct,quantile,0.1,0.2700338526881196
florence,2026-05-23,3,2026-06-13,Flu ED visits pct,quantile,0.1,0.022961637676455676
floyd,2026-05-23,3,2026-06-13,Flu ED visits pct,quantile,0.1,0.016734335571128293
frederick,2026-05-23,3,2026-06-13,Flu ED visits pct,quantile,0.1,0.006111750489275017
georgia,2026-05-23,3,2026-06-13,Flu ED visits pct,quantile,0.1,0.07143352215715415
greenville,2026-05-23,3,2026-06-13,Flu ED visits pct,quantile,0.1,0.021729345212916786
hall,2026-05-23,3,2026-06-13,Flu ED visits pct,quantile,0.1,0.01092573435828221
harford,2026-05-23,3,2026-06-13,Flu ED visits pct,quantile,0.1,0.008146870759151542
henry,2026-05-23,3,2026-06-13,Flu ED visits pct,quantile,0.1,0.02644414168465778
horry,2026-05-23,3,2026-06-13,Flu ED visits pct,quantile,0.1,0.02515987932756432
houston,2026-05-23,3,2026-06-13,Flu ED visits pct,quantile,0.1,0.15617512577175297
indiana,2026-05-23,3,2026-06-13,Flu ED visits pct,quantile,0.1,0.04003492653261106
indianapolis,2026-05-23,3,2026-06-13,Flu ED visits pct,quantile,0.1,0.023572498179646968
la-grange,2026-05-23,3,2026-06-13,Flu ED visits pct,quantile,0.1,0.0008485994405733801
larimer,2026-05-23,3,2026-06-13,Flu ED visits pct,quantile,0.1,0.02136262275957708
lynn,2026-05-23,3,2026-06-13,Flu ED visits pct,quantile,0.1,0.03249276502638194
macon,2026-05-23,3,2026-06-13,Flu ED visits pct,quantile,0.1,0.07296581537106152
maine,2026-05-23,3,2026-06-13,Flu ED visits pct,quantile,0.1,0.04972218760373906
marietta,2026-05-23,3,2026-06-13,Flu ED visits pct,quantile,0.1,0.02240809838252958
maryland,2026-05-23,3,2026-06-13,Flu ED visits pct,quantile,0.1,0.06665456774806577
massachusetts,2026-05-23,3,2026-06-13,Flu ED visits pct,quantile,0.1,0.060177106006846524
medford,2026-05-23,3,2026-06-13,Flu ED visits pct,quantile,0.1,0.0032420275990849116
mesa,2026-05-23,3,2026-06-13,Flu ED visits pct,quantile,0.1,0.006032342430310799
minneapolis,2026-05-23,3,2026-06-13,Flu ED visits pct,quantile,0.1,0.09034646230324095
minnesota,2026-05-23,3,2026-06-13,Flu ED visits pct,quantile,0.1,0.09999428831869185
montgomery,2026-05-23,3,2026-06-13,Flu ED visits pct,quantile,0.1,0.058009814136995456
nenc,2026-05-23,3,2026-06-13,Flu ED visits pct,quantile,0.1,0.04622344004062972
new-bedford,2026-05-23,3,2026-06-13,Flu ED visits pct,quantile,0.1,0.06370167012253738
north-carolina,2026-05-23,3,2026-06-13,Flu ED visits pct,quantile,0.1,0.23754485125557018
nyc,2026-05-23,3,2026-06-13,ILI ED visits pct,quantile,0.1,1.529787901364451
ogden,2026-05-23,3,2026-06-13,Flu ED visits pct,quantile,0.1,0.032602490099590126
oregon,2026-05-23,3,2026-06-13,Flu ED visits pct,quantile,0.1,0.09848230817217055
pittsfield,2026-05-23,3,2026-06-13,Flu ED visits pct,quantile,0.1,0.0
portland,2026-05-23,3,2026-06-13,Flu ED visits pct,quantile,0.1,0.022173966070339002
portland-or,2026-05-23,3,2026-06-13,Flu ED visits pct,quantile,0.1,0.08507964977373488
provo,2026-05-23,3,2026-06-13,Flu ED visits pct,quantile,0.1,0.023980399064842346
roanoke,2026-05-23,3,2026-06-13,Flu ED visits pct,quantile,0.1,0.061582932485016985
rochester,2026-05-23,3,2026-06-13,Flu ED visits pct,quantile,0.1,0.012324588419800586
rock-hill,2026-05-23,3,2026-06-13,Flu ED visits pct,quantile,0.1,0.0
rtp-area,2026-05-23,3,2026-06-13,Flu ED visits pct,quantile,0.1,0.046608689565955874
salem,2026-05-23,3,2026-06-13,Flu ED visits pct,quantile,0.1,0.044101841695134474
salt-lake-city,2026-05-23,3,2026-06-13,Flu ED visits pct,quantile,0.1,0.05107566802436609
san-antonio,2026-05-23,3,2026-06-13,Flu ED visits pct,quantile,0.1,0.05678648972792178
savannah,2026-05-23,3,2026-06-13,Flu ED visits pct,quantile,0.1,0.004022627042374946
senc,2026-05-23,3,2026-06-13,Flu ED visits pct,quantile,0.1,0.0049398611118595635
south-augusta,2026-05-23,3,2026-06-13,Flu ED visits pct,quantile,0.1,0.02262281109349973
south-carolina,2026-05-23,3,2026-06-13,Flu ED visits pct,quantile,0.1,0.04234888650942806
springfield,2026-05-23,3,2026-06-13,Flu ED visits pct,quantile,0.1,0.04080891280502739
st-cloud,2026-05-23,3,2026-06-13,Flu ED visits pct,quantile,0.1,0.01782973841075805
st-paul,2026-05-23,3,2026-06-13,Flu ED visits pct,quantile,0.1,0.12055116303646736
texas,2026-05-23,3,2026-06-13,Flu ED visits pct,quantile,0.1,0.17575217515866667
triad-area,2026-05-23,3,2026-06-13,Flu ED visits pct,quantile,0.1,0.16224796611427245
utah,2026-05-23,3,2026-06-13,Flu ED visits pct,quantile,0.1,0.05560117134030782
virginia,2026-05-23,3,2026-06-13,Flu ED visits pct,quantile,0.1,0.10937591753604431
weld,2026-05-23,3,2026-06-13,Flu ED visits pct,quantile,0.1,0.03711929201610207
wnc,2026-05-23,3,2026-06-13,Flu ED visits pct,quantile,0.1,0.057259254214396656
worcester,2026-05-23,3,2026-06-13,Flu ED visits pct,quantile,0.1,0.0325193358721674
athens,2026-05-23,0,2026-05-23,Flu ED visits pct,quantile,0.25,0.09745061056315367
austin,2026-05-23,0,2026-05-23,Flu ED visits pct,quantile,0.25,0.14416084460663608
baltimore,2026-05-23,0,2026-05-23,Flu ED visits pct,quantile,0.25,0.10034342370796587
bangor,2026-05-23,0,2026-05-23,Flu ED visits pct,quantile,0.25,0.05093409162132208
beaumont,2026-05-23,0,2026-05-23,Flu ED visits pct,quantile,0.25,0.27494563651179504
boston,2026-05-23,0,2026-05-23,Flu ED visits pct,quantile,0.25,0.10708510878879039
boulder,2026-05-23,0,2026-05-23,Flu ED visits pct,quantile,0.25,0.1379797374080846
charleston,2026-05-23,0,2026-05-23,Flu ED visits pct,quantile,0.25,0.12544258635580943
cherokee,2026-05-23,0,2026-05-23,Flu ED visits pct,quantile,0.25,0.12002239501589702
clt-area,2026-05-23,0,2026-05-23,Flu ED visits pct,quantile,0.25,1.0373960278005054
colorado,2026-05-23,0,2026-05-23,Flu ED visits pct,quantile,0.25,0.2370406863715661
colorado-springs,2026-05-23,0,2026-05-23,Flu ED visits pct,quantile,0.25,0.2648301550414922
columbia,2026-05-23,0,2026-05-23,Flu ED visits pct,quantile,0.25,0.05084924983643111
columbus,2026-05-23,0,2026-05-23,Flu ED visits pct,quantile,0.25,0.03971318786115963
dallas,2026-05-23,0,2026-05-23,Flu ED visits pct,quantile,0.25,0.14291149036785664
denver,2026-05-23,0,2026-05-23,Flu ED visits pct,quantile,0.25,0.25093435972591516
deschutes,2026-05-23,0,2026-05-23,Flu ED visits pct,quantile,0.25,0.22451868272602518
duluth,2026-05-23,0,2026-05-23,Flu ED visits pct,quantile,0.25,0.1274393158579264
el-paso,2026-05-23,0,2026-05-23,Flu ED visits pct,quantile,0.25,1.087645628645573
eugene,2026-05-23,0,2026-05-23,Flu ED visits pct,quantile,0.25,0.07918996888437833
fay-area,2026-05-23,0,2026-05-23,Flu ED visits pct,quantile,0.25,0.8218457315260931
florence,2026-05-23,0,2026-05-23,Flu ED visits pct,quantile,0.25,0.11523383937969607
floyd,2026-05-23,0,2026-05-23,Flu ED visits pct,quantile,0.25,0.08676282700378941
frederick,2026-05-23,0,2026-05-23,Flu ED visits pct,quantile,0.25,0.04719612042094089
georgia,2026-05-23,0,2026-05-23,Flu ED visits pct,quantile,0.25,0.12859011571481854
greenville,2026-05-23,0,2026-05-23,Flu ED visits pct,quantile,0.25,0.07769927122057538
hall,2026-05-23,0,2026-05-23,Flu ED visits pct,quantile,0.25,0.03823969231223939
harford,2026-05-23,0,2026-05-23,Flu ED visits pct,quantile,0.25,0.05458233645950009
henry,2026-05-23,0,2026-05-23,Flu ED visits pct,quantile,0.25,0.07888233934955047
horry,2026-05-23,0,2026-05-23,Flu ED visits pct,quantile,0.25,0.062407273963492625
houston,2026-05-23,0,2026-05-23,Flu ED visits pct,quantile,0.25,0.2741594236945895
indiana,2026-05-23,0,2026-05-23,Flu ED visits pct,quantile,0.25,0.06550552404104915
indianapolis,2026-05-23,0,2026-05-23,Flu ED visits pct,quantile,0.25,0.04289798563890058
la-grange,2026-05-23,0,2026-05-23,Flu ED visits pct,quantile,0.25,0.02493459900700585
larimer,2026-05-23,0,2026-05-23,Flu ED visits pct,quantile,0.25,0.05895646824426939
lynn,2026-05-23,0,2026-05-23,Flu ED visits pct,quantile,0.25,0.0741388027765729
macon,2026-05-23,0,2026-05-23,Flu ED visits pct,quantile,0.25,0.17354806747578985
maine,2026-05-23,0,2026-05-23,Flu ED visits pct,quantile,0.25,0.11733068240457172
marietta,2026-05-23,0,2026-05-23,Flu ED visits pct,quantile,0.25,0.05970183950729759
maryland,2026-05-23,0,2026-05-23,Flu ED visits pct,quantile,0.25,0.13130560566195607
massachusetts,2026-05-23,0,2026-05-23,Flu ED visits pct,quantile,0.25,0.12324032321717442
medford,2026-05-23,0,2026-05-23,Flu ED visits pct,quantile,0.25,0.02780709732627344
mesa,2026-05-23,0,2026-05-23,Flu ED visits pct,quantile,0.25,0.037873797922003925
minneapolis,2026-05-23,0,2026-05-23,Flu ED visits pct,quantile,0.25,0.1896943183064436
minnesota,2026-05-23,0,2026-05-23,Flu ED visits pct,quantile,0.25,0.192311769858953
montgomery,2026-05-23,0,2026-05-23,Flu ED visits pct,quantile,0.25,0.13313496439259356
nenc,2026-05-23,0,2026-05-23,Flu ED visits pct,quantile,0.25,0.11830292667460561
new-bedford,2026-05-23,0,2026-05-23,Flu ED visits pct,quantile,0.25,0.16873046552590923
north-carolina,2026-05-23,0,2026-05-23,Flu ED visits pct,quantile,0.25,0.5227641852951954
nyc,2026-05-23,0,2026-05-23,ILI ED visits pct,quantile,0.25,2.0366909052728843
ogden,2026-05-23,0,2026-05-23,Flu ED visits pct,quantile,0.25,0.07033456059549699
oregon,2026-05-23,0,2026-05-23,Flu ED visits pct,quantile,0.25,0.19785052211614537
pittsfield,2026-05-23,0,2026-05-23,Flu ED visits pct,quantile,0.25,0.00950379252325186
portland,2026-05-23,0,2026-05-23,Flu ED visits pct,quantile,0.25,0.07023669794883972
portland-or,2026-05-23,0,2026-05-23,Flu ED visits pct,quantile,0.25,0.1688352222571105
provo,2026-05-23,0,2026-05-23,Flu ED visits pct,quantile,0.25,0.056557540557587556
roanoke,2026-05-23,0,2026-05-23,Flu ED visits pct,quantile,0.25,0.1298669549898492
rochester,2026-05-23,0,2026-05-23,Flu ED visits pct,quantile,0.25,0.051455487793540304
rock-hill,2026-05-23,0,2026-05-23,Flu ED visits pct,quantile,0.25,0.007565175544673177
rtp-area,2026-05-23,0,2026-05-23,Flu ED visits pct,quantile,0.25,0.11568341816501361
salem,2026-05-23,0,2026-05-23,Flu ED visits pct,quantile,0.25,0.14160530287786577
salt-lake-city,2026-05-23,0,2026-05-23,Flu ED visits pct,quantile,0.25,0.10598566176805185
san-antonio,2026-05-23,0,2026-05-23,Flu ED visits pct,quantile,0.25,0.10294782789104454
savannah,2026-05-23,0,2026-05-23,Flu ED visits pct,quantile,0.25,0.024310735778273355
senc,2026-05-23,0,2026-05-23,Flu ED visits pct,quantile,0.25,0.03830027017914244
south-augusta,2026-05-23,0,2026-05-23,Flu ED visits pct,quantile,0.25,0.07801631215825564
south-carolina,2026-05-23,0,2026-05-23,Flu ED visits pct,quantile,0.25,0.1021526196014496
springfield,2026-05-23,0,2026-05-23,Flu ED visits pct,quantile,0.25,0.11741275865532279
st-cloud,2026-05-23,0,2026-05-23,Flu ED visits pct,quantile,0.25,0.06820280450636487
st-paul,2026-05-23,0,2026-05-23,Flu ED visits pct,quantile,0.25,0.26044269586430147
texas,2026-05-23,0,2026-05-23,Flu ED visits pct,quantile,0.25,0.2874993815544796
triad-area,2026-05-23,0,2026-05-23,Flu ED visits pct,quantile,0.25,0.31735718241801764
utah,2026-05-23,0,2026-05-23,Flu ED visits pct,quantile,0.25,0.1017726051961961
virginia,2026-05-23,0,2026-05-23,Flu ED visits pct,quantile,0.25,0.18918540156080516
weld,2026-05-23,0,2026-05-23,Flu ED visits pct,quantile,0.25,0.11436373646488127
wnc,2026-05-23,0,2026-05-23,Flu ED visits pct,quantile,0.25,0.15041680919662642
worcester,2026-05-23,0,2026-05-23,Flu ED visits pct,quantile,0.25,0.11353099762935898
athens,2026-05-23,1,2026-05-30,Flu ED visits pct,quantile,0.25,0.07545486173891808
austin,2026-05-23,1,2026-05-30,Flu ED visits pct,quantile,0.25,0.1290969830385843
baltimore,2026-05-23,1,2026-05-30,Flu ED visits pct,quantile,0.25,0.08350816795682701
bangor,2026-05-23,1,2026-05-30,Flu ED visits pct,quantile,0.25,0.04181067623496509
beaumont,2026-05-23,1,2026-05-30,Flu ED visits pct,quantile,0.25,0.23019467965517446
boston,2026-05-23,1,2026-05-30,Flu ED visits pct,quantile,0.25,0.08957488069164521
boulder,2026-05-23,1,2026-05-30,Flu ED visits pct,quantile,0.25,0.11707499176360396
charleston,2026-05-23,1,2026-05-30,Flu ED visits pct,quantile,0.25,0.11168928407403585
cherokee,2026-05-23,1,2026-05-30,Flu ED visits pct,quantile,0.25,0.10219404140304163
clt-area,2026-05-23,1,2026-05-30,Flu ED visits pct,quantile,0.25,0.794152854535026
colorado,2026-05-23,1,2026-05-30,Flu ED visits pct,quantile,0.25,0.20060430399601428
colorado-springs,2026-05-23,1,2026-05-30,Flu ED visits pct,quantile,0.25,0.22061851599980253
columbia,2026-05-23,1,2026-05-30,Flu ED visits pct,quantile,0.25,0.04384690690277762
columbus,2026-05-23,1,2026-05-30,Flu ED visits pct,quantile,0.25,0.03283829078984254
dallas,2026-05-23,1,2026-05-30,Flu ED visits pct,quantile,0.25,0.12670787573031922
denver,2026-05-23,1,2026-05-30,Flu ED visits pct,quantile,0.25,0.2100799204287807
deschutes,2026-05-23,1,2026-05-30,Flu ED visits pct,quantile,0.25,0.18240260186975432
duluth,2026-05-23,1,2026-05-30,Flu ED visits pct,quantile,0.25,0.09864120402597076
el-paso,2026-05-23,1,2026-05-30,Flu ED visits pct,quantile,0.25,0.8959925011004355
eugene,2026-05-23,1,2026-05-30,Flu ED visits pct,quantile,0.25,0.06584759431608053
fay-area,2026-05-23,1,2026-05-30,Flu ED visits pct,quantile,0.25,0.641949069079914
florence,2026-05-23,1,2026-05-30,Flu ED visits pct,quantile,0.25,0.0887471844481844
floyd,2026-05-23,1,2026-05-30,Flu ED visits pct,quantile,0.25,0.07137012920500568
frederick,2026-05-23,1,2026-05-30,Flu ED visits pct,quantile,0.25,0.046614573299082515
georgia,2026-05-23,1,2026-05-30,Flu ED visits pct,quantile,0.25,0.11405383513498495
greenville,2026-05-23,1,2026-05-30,Flu ED visits pct,quantile,0.25,0.06395277121913144
hall,2026-05-23,1,2026-05-30,Flu ED visits pct,quantile,0.25,0.03356791647926252
harford,2026-05-23,1,2026-05-30,Flu ED visits pct,quantile,0.25,0.04517908155142181
henry,2026-05-23,1,2026-05-30,Flu ED visits pct,quantile,0.25,0.06800638683948362
horry,2026-05-23,1,2026-05-30,Flu ED visits pct,quantile,0.25,0.05379721704316013
houston,2026-05-23,1,2026-05-30,Flu ED visits pct,quantile,0.25,0.24497214829316294
indiana,2026-05-23,1,2026-05-30,Flu ED visits pct,quantile,0.25,0.06064712492086926
indianapolis,2026-05-23,1,2026-05-30,Flu ED visits pct,quantile,0.25,0.04083810510324351
la-grange,2026-05-23,1,2026-05-30,Flu ED visits pct,quantile,0.25,0.018740101008175414
larimer,2026-05-23,1,2026-05-30,Flu ED visits pct,quantile,0.25,0.05620776578463759
lynn,2026-05-23,1,2026-05-30,Flu ED visits pct,quantile,0.25,0.06572632398960589
macon,2026-05-23,1,2026-05-30,Flu ED visits pct,quantile,0.25,0.14555209743018493
maine,2026-05-23,1,2026-05-30,Flu ED visits pct,quantile,0.25,0.0977795926275879
marietta,2026-05-23,1,2026-05-30,Flu ED visits pct,quantile,0.25,0.05198861547859877
maryland,2026-05-23,1,2026-05-30,Flu ED visits pct,quantile,0.25,0.11408627404970283
massachusetts,2026-05-23,1,2026-05-30,Flu ED visits pct,quantile,0.25,0.10712140612210896
medford,2026-05-23,1,2026-05-30,Flu ED visits pct,quantile,0.25,0.022338191927911116
mesa,2026-05-23,1,2026-05-30,Flu ED visits pct,quantile,0.25,0.029491643979777
minneapolis,2026-05-23,1,2026-05-30,Flu ED visits pct,quantile,0.25,0.1644620228349846
minnesota,2026-05-23,1,2026-05-30,Flu ED visits pct,quantile,0.25,0.16759952813767326
montgomery,2026-05-23,1,2026-05-30,Flu ED visits pct,quantile,0.25,0.11434345139106915
nenc,2026-05-23,1,2026-05-30,Flu ED visits pct,quantile,0.25,0.10004063336393884
new-bedford,2026-05-23,1,2026-05-30,Flu ED visits pct,quantile,0.25,0.14787093867652112
north-carolina,2026-05-23,1,2026-05-30,Flu ED visits pct,quantile,0.25,0.4590030623393447
nyc,2026-05-23,1,2026-05-30,ILI ED visits pct,quantile,0.25,1.9277495415858676
ogden,2026-05-23,1,2026-05-30,Flu ED visits pct,quantile,0.25,0.06138017964240328
oregon,2026-05-23,1,2026-05-30,Flu ED visits pct,quantile,0.25,0.17206958141303666
pittsfield,2026-05-23,1,2026-05-30,Flu ED visits pct,quantile,0.25,0.009910529247815181
portland,2026-05-23,1,2026-05-30,Flu ED visits pct,quantile,0.25,0.05819207937898554
portland-or,2026-05-23,1,2026-05-30,Flu ED visits pct,quantile,0.25,0.1470910224003874
provo,2026-05-23,1,2026-05-30,Flu ED visits pct,quantile,0.25,0.04960706734159658
roanoke,2026-05-23,1,2026-05-30,Flu ED visits pct,quantile,0.25,0.11525698775905642
rochester,2026-05-23,1,2026-05-30,Flu ED visits pct,quantile,0.25,0.044053361710721356
rock-hill,2026-05-23,1,2026-05-30,Flu ED visits pct,quantile,0.25,0.0074260336945785165
rtp-area,2026-05-23,1,2026-05-30,Flu ED visits pct,quantile,0.25,0.09733265219737777
salem,2026-05-23,1,2026-05-30,Flu ED visits pct,quantile,0.25,0.11704847535386916
salt-lake-city,2026-05-23,1,2026-05-30,Flu ED visits pct,quantile,0.25,0.09072407479476836
san-antonio,2026-05-23,1,2026-05-30,Flu ED visits pct,quantile,0.25,0.08936102047063663
savannah,2026-05-23,1,2026-05-30,Flu ED visits pct,quantile,0.25,0.02012259366215617
senc,2026-05-23,1,2026-05-30,Flu ED visits pct,quantile,0.25,0.030816631092178283
south-augusta,2026-05-23,1,2026-05-30,Flu ED visits pct,quantile,0.25,0.06514353997062783
south-carolina,2026-05-23,1,2026-05-30,Flu ED visits pct,quantile,0.25,0.08550196200298998
springfield,2026-05-23,1,2026-05-30,Flu ED visits pct,quantile,0.25,0.09824750264681846
st-cloud,2026-05-23,1,2026-05-30,Flu ED visits pct,quantile,0.25,0.05609331237402471
st-paul,2026-05-23,1,2026-05-30,Flu ED visits pct,quantile,0.25,0.22502872705983798
texas,2026-05-23,1,2026-05-30,Flu ED visits pct,quantile,0.25,0.26221646800226445
triad-area,2026-05-23,1,2026-05-30,Flu ED visits pct,quantile,0.25,0.2785439714863708
utah,2026-05-23,1,2026-05-30,Flu ED visits pct,quantile,0.25,0.08908774537274251
virginia,2026-05-23,1,2026-05-30,Flu ED visits pct,quantile,0.25,0.17019039356230628
weld,2026-05-23,1,2026-05-30,Flu ED visits pct,quantile,0.25,0.09754341961462908
wnc,2026-05-23,1,2026-05-30,Flu ED visits pct,quantile,0.25,0.1254764068323336
worcester,2026-05-23,1,2026-05-30,Flu ED visits pct,quantile,0.25,0.09635819340520393
athens,2026-05-23,2,2026-06-06,Flu ED visits pct,quantile,0.25,0.06173935590137749
austin,2026-05-23,2,2026-06-06,Flu ED visits pct,quantile,0.25,0.1178147209242963
baltimore,2026-05-23,2,2026-06-06,Flu ED visits pct,quantile,0.25,0.06884031073227476
bangor,2026-05-23,2,2026-06-06,Flu ED visits pct,quantile,0.25,0.03392514612854451
beaumont,2026-05-23,2,2026-06-06,Flu ED visits pct,quantile,0.25,0.20570044165562412
boston,2026-05-23,2,2026-06-06,Flu ED visits pct,quantile,0.25,0.07398881888152048
boulder,2026-05-23,2,2026-06-06,Flu ED visits pct,quantile,0.25,0.1049672325489106
charleston,2026-05-23,2,2026-06-06,Flu ED visits pct,quantile,0.25,0.09859472247696686
cherokee,2026-05-23,2,2026-06-06,Flu ED visits pct,quantile,0.25,0.08854014731802831
clt-area,2026-05-23,2,2026-06-06,Flu ED visits pct,quantile,0.25,0.5954095972385867
colorado,2026-05-23,2,2026-06-06,Flu ED visits pct,quantile,0.25,0.1716811045424171
colorado-springs,2026-05-23,2,2026-06-06,Flu ED visits pct,quantile,0.25,0.1872435275181845
columbia,2026-05-23,2,2026-06-06,Flu ED visits pct,quantile,0.25,0.039515543459821494
columbus,2026-05-23,2,2026-06-06,Flu ED visits pct,quantile,0.25,0.02599982015932375
dallas,2026-05-23,2,2026-06-06,Flu ED visits pct,quantile,0.25,0.10718216606812654
denver,2026-05-23,2,2026-06-06,Flu ED visits pct,quantile,0.25,0.17751250232071555
deschutes,2026-05-23,2,2026-06-06,Flu ED visits pct,quantile,0.25,0.1567840065312377
duluth,2026-05-23,2,2026-06-06,Flu ED visits pct,quantile,0.25,0.08098918524719549
el-paso,2026-05-23,2,2026-06-06,Flu ED visits pct,quantile,0.25,0.71306852177489
eugene,2026-05-23,2,2026-06-06,Flu ED visits pct,quantile,0.25,0.05780803769604006
fay-area,2026-05-23,2,2026-06-06,Flu ED visits pct,quantile,0.25,0.4902610923266806
florence,2026-05-23,2,2026-06-06,Flu ED visits pct,quantile,0.25,0.06836816535296884
floyd,2026-05-23,2,2026-06-06,Flu ED visits pct,quantile,0.25,0.05974682398877592
frederick,2026-05-23,2,2026-06-06,Flu ED visits pct,quantile,0.25,0.049269611374684656
georgia,2026-05-23,2,2026-06-06,Flu ED visits pct,quantile,0.25,0.10176491256959844
greenville,2026-05-23,2,2026-06-06,Flu ED visits pct,quantile,0.25,0.051983079872482844
hall,2026-05-23,2,2026-06-06,Flu ED visits pct,quantile,0.25,0.03050417773593915
harford,2026-05-23,2,2026-06-06,Flu ED visits pct,quantile,0.25,0.0389437586046171
henry,2026-05-23,2,2026-06-06,Flu ED visits pct,quantile,0.25,0.06025399107212661
horry,2026-05-23,2,2026-06-06,Flu ED visits pct,quantile,0.25,0.04986726294765077
houston,2026-05-23,2,2026-06-06,Flu ED visits pct,quantile,0.25,0.2155593168021031
indiana,2026-05-23,2,2026-06-06,Flu ED visits pct,quantile,0.25,0.06364221094422409
indianapolis,2026-05-23,2,2026-06-06,Flu ED visits pct,quantile,0.25,0.04395823720857837
la-grange,2026-05-23,2,2026-06-06,Flu ED visits pct,quantile,0.25,0.016051803446247306
larimer,2026-05-23,2,2026-06-06,Flu ED visits pct,quantile,0.25,0.05719808436045808
lynn,2026-05-23,2,2026-06-06,Flu ED visits pct,quantile,0.25,0.06287888391034989
macon,2026-05-23,2,2026-06-06,Flu ED visits pct,quantile,0.25,0.12372764360353443
maine,2026-05-23,2,2026-06-06,Flu ED visits pct,quantile,0.25,0.08188502804769175
marietta,2026-05-23,2,2026-06-06,Flu ED visits pct,quantile,0.25,0.04501662441540492
maryland,2026-05-23,2,2026-06-06,Flu ED visits pct,quantile,0.25,0.09608368378431781
massachusetts,2026-05-23,2,2026-06-06,Flu ED visits pct,quantile,0.25,0.0911886365161596
medford,2026-05-23,2,2026-06-06,Flu ED visits pct,quantile,0.25,0.019079788751120964
mesa,2026-05-23,2,2026-06-06,Flu ED visits pct,quantile,0.25,0.023962901394635708
minneapolis,2026-05-23,2,2026-06-06,Flu ED visits pct,quantile,0.25,0.14014595728900084
minnesota,2026-05-23,2,2026-06-06,Flu ED visits pct,quantile,0.25,0.14427535931928498
montgomery,2026-05-23,2,2026-06-06,Flu ED visits pct,quantile,0.25,0.09650429447611175
nenc,2026-05-23,2,2026-06-06,Flu ED visits pct,quantile,0.25,0.08035385469193894
new-bedford,2026-05-23,2,2026-06-06,Flu ED visits pct,quantile,0.25,0.1305122171477159
north-carolina,2026-05-23,2,2026-06-06,Flu ED visits pct,quantile,0.25,0.3830280892696147
nyc,2026-05-23,2,2026-06-06,ILI ED visits pct,quantile,0.25,1.8029791142994196
ogden,2026-05-23,2,2026-06-06,Flu ED visits pct,quantile,0.25,0.05556550668507857
oregon,2026-05-23,2,2026-06-06,Flu ED visits pct,quantile,0.25,0.1463809410217778
pittsfield,2026-05-23,2,2026-06-06,Flu ED visits pct,quantile,0.25,0.011590317990718685
portland,2026-05-23,2,2026-06-06,Flu ED visits pct,quantile,0.25,0.04896001058319329
portland-or,2026-05-23,2,2026-06-06,Flu ED visits pct,quantile,0.25,0.12658594417315072
provo,2026-05-23,2,2026-06-06,Flu ED visits pct,quantile,0.25,0.0490721765477547
roanoke,2026-05-23,2,2026-06-06,Flu ED visits pct,quantile,0.25,0.09946800511277287
rochester,2026-05-23,2,2026-06-06,Flu ED visits pct,quantile,0.25,0.03774433850154922
rock-hill,2026-05-23,2,2026-06-06,Flu ED visits pct,quantile,0.25,0.008936793710953411
rtp-area,2026-05-23,2,2026-06-06,Flu ED visits pct,quantile,0.25,0.07714003784289489
salem,2026-05-23,2,2026-06-06,Flu ED visits pct,quantile,0.25,0.10069756584257315
salt-lake-city,2026-05-23,2,2026-06-06,Flu ED visits pct,quantile,0.25,0.07687962469377657
san-antonio,2026-05-23,2,2026-06-06,Flu ED visits pct,quantile,0.25,0.08352937712277678
savannah,2026-05-23,2,2026-06-06,Flu ED visits pct,quantile,0.25,0.01722039869732688
senc,2026-05-23,2,2026-06-06,Flu ED visits pct,quantile,0.25,0.024383697354637468
south-augusta,2026-05-23,2,2026-06-06,Flu ED visits pct,quantile,0.25,0.05628080213724717
south-carolina,2026-05-23,2,2026-06-06,Flu ED visits pct,quantile,0.25,0.07083229389846048
springfield,2026-05-23,2,2026-06-06,Flu ED visits pct,quantile,0.25,0.08313255162175566
st-cloud,2026-05-23,2,2026-06-06,Flu ED visits pct,quantile,0.25,0.04757956152715183
st-paul,2026-05-23,2,2026-06-06,Flu ED visits pct,quantile,0.25,0.1872885133534522
texas,2026-05-23,2,2026-06-06,Flu ED visits pct,quantile,0.25,0.23613319884010733
triad-area,2026-05-23,2,2026-06-06,Flu ED visits pct,quantile,0.25,0.23904804566259574
utah,2026-05-23,2,2026-06-06,Flu ED visits pct,quantile,0.25,0.08183088936386124
virginia,2026-05-23,2,2026-06-06,Flu ED visits pct,quantile,0.25,0.15275924927057288
weld,2026-05-23,2,2026-06-06,Flu ED visits pct,quantile,0.25,0.08441009745019862
wnc,2026-05-23,2,2026-06-06,Flu ED visits pct,quantile,0.25,0.10138815249560419
worcester,2026-05-23,2,2026-06-06,Flu ED visits pct,quantile,0.25,0.08466164170098353
athens,2026-05-23,3,2026-06-13,Flu ED visits pct,quantile,0.25,0.05665455795988967
austin,2026-05-23,3,2026-06-13,Flu ED visits pct,quantile,0.25,0.10975837366736972
baltimore,2026-05-23,3,2026-06-13,Flu ED visits pct,quantile,0.25,0.06198481760804952
bangor,2026-05-23,3,2026-06-13,Flu ED visits pct,quantile,0.25,0.033053435162916714
beaumont,2026-05-23,3,2026-06-13,Flu ED visits pct,quantile,0.25,0.1870472145841822
boston,2026-05-23,3,2026-06-13,Flu ED visits pct,quantile,0.25,0.06636465339364347
boulder,2026-05-23,3,2026-06-13,Flu ED visits pct,quantile,0.25,0.09917647499867618
charleston,2026-05-23,3,2026-06-13,Flu ED visits pct,quantile,0.25,0.08987462515449554
cherokee,2026-05-23,3,2026-06-13,Flu ED visits pct,quantile,0.25,0.08149254628725376
clt-area,2026-05-23,3,2026-06-13,Flu ED visits pct,quantile,0.25,0.44869735509895137
colorado,2026-05-23,3,2026-06-13,Flu ED visits pct,quantile,0.25,0.15752423657250206
colorado-springs,2026-05-23,3,2026-06-13,Flu ED visits pct,quantile,0.25,0.1727851457424761
columbia,2026-05-23,3,2026-06-13,Flu ED visits pct,quantile,0.25,0.037466487019681395
columbus,2026-05-23,3,2026-06-13,Flu ED visits pct,quantile,0.25,0.02661884076521962
dallas,2026-05-23,3,2026-06-13,Flu ED visits pct,quantile,0.25,0.0976235581892194
denver,2026-05-23,3,2026-06-13,Flu ED visits pct,quantile,0.25,0.163137295550235
deschutes,2026-05-23,3,2026-06-13,Flu ED visits pct,quantile,0.25,0.14412476977991132
duluth,2026-05-23,3,2026-06-13,Flu ED visits pct,quantile,0.25,0.073755700016433
el-paso,2026-05-23,3,2026-06-13,Flu ED visits pct,quantile,0.25,0.6121787135294601
eugene,2026-05-23,3,2026-06-13,Flu ED visits pct,quantile,0.25,0.05180996393252599
fay-area,2026-05-23,3,2026-06-13,Flu ED visits pct,quantile,0.25,0.3956811819808742
florence,2026-05-23,3,2026-06-13,Flu ED visits pct,quantile,0.25,0.06278563185882034
floyd,2026-05-23,3,2026-06-13,Flu ED visits pct,quantile,0.25,0.05513634391442671
frederick,2026-05-23,3,2026-06-13,Flu ED visits pct,quantile,0.25,0.04913410921847109
georgia,2026-05-23,3,2026-06-13,Flu ED visits pct,quantile,0.25,0.09353534881962895
greenville,2026-05-23,3,2026-06-13,Flu ED visits pct,quantile,0.25,0.04469210618912873
hall,2026-05-23,3,2026-06-13,Flu ED visits pct,quantile,0.25,0.029857657175395423
harford,2026-05-23,3,2026-06-13,Flu ED visits pct,quantile,0.25,0.03554823081049908
henry,2026-05-23,3,2026-06-13,Flu ED visits pct,quantile,0.25,0.05451949537230539
horry,2026-05-23,3,2026-06-13,Flu ED visits pct,quantile,0.25,0.04823952856239219
houston,2026-05-23,3,2026-06-13,Flu ED visits pct,quantile,0.25,0.19346341076197018
indiana,2026-05-23,3,2026-06-13,Flu ED visits pct,quantile,0.25,0.060316615173135156
indianapolis,2026-05-23,3,2026-06-13,Flu ED visits pct,quantile,0.25,0.04224683853597526
la-grange,2026-05-23,3,2026-06-13,Flu ED visits pct,quantile,0.25,0.016103840079037875
larimer,2026-05-23,3,2026-06-13,Flu ED visits pct,quantile,0.25,0.058029005253030404
lynn,2026-05-23,3,2026-06-13,Flu ED visits pct,quantile,0.25,0.060346879874007185
macon,2026-05-23,3,2026-06-13,Flu ED visits pct,quantile,0.25,0.11290623087418569
maine,2026-05-23,3,2026-06-13,Flu ED visits pct,quantile,0.25,0.07578576979332768
marietta,2026-05-23,3,2026-06-13,Flu ED visits pct,quantile,0.25,0.04282391551621395
maryland,2026-05-23,3,2026-06-13,Flu ED visits pct,quantile,0.25,0.0884970805134886
massachusetts,2026-05-23,3,2026-06-13,Flu ED visits pct,quantile,0.25,0.08316910657175054
medford,2026-05-23,3,2026-06-13,Flu ED visits pct,quantile,0.25,0.01819529392367661
mesa,2026-05-23,3,2026-06-13,Flu ED visits pct,quantile,0.25,0.02210387146462625
minneapolis,2026-05-23,3,2026-06-13,Flu ED visits pct,quantile,0.25,0.12726357911986877
minnesota,2026-05-23,3,2026-06-13,Flu ED visits pct,quantile,0.25,0.13144670296700597
montgomery,2026-05-23,3,2026-06-13,Flu ED visits pct,quantile,0.25,0.08829958010611967
nenc,2026-05-23,3,2026-06-13,Flu ED visits pct,quantile,0.25,0.07075965847277274
new-bedford,2026-05-23,3,2026-06-13,Flu ED visits pct,quantile,0.25,0.12371735340849703
north-carolina,2026-05-23,3,2026-06-13,Flu ED visits pct,quantile,0.25,0.3344202531596837
nyc,2026-05-23,3,2026-06-13,ILI ED visits pct,quantile,0.25,1.6898999533372636
ogden,2026-05-23,3,2026-06-13,Flu ED visits pct,quantile,0.25,0.054235495400437296
oregon,2026-05-23,3,2026-06-13,Flu ED visits pct,quantile,0.25,0.13456411074319402
pittsfield,2026-05-23,3,2026-06-13,Flu ED visits pct,quantile,0.25,0.011096537811143338
portland,2026-05-23,3,2026-06-13,Flu ED visits pct,quantile,0.25,0.046289568682440205
portland-or,2026-05-23,3,2026-06-13,Flu ED visits pct,quantile,0.25,0.11718221555066706
provo,2026-05-23,3,2026-06-13,Flu ED visits pct,quantile,0.25,0.04737084121734298
roanoke,2026-05-23,3,2026-06-13,Flu ED visits pct,quantile,0.25,0.09314224164347344
rochester,2026-05-23,3,2026-06-13,Flu ED visits pct,quantile,0.25,0.03605968064979984
rock-hill,2026-05-23,3,2026-06-13,Flu ED visits pct,quantile,0.25,0.008111719868703201
rtp-area,2026-05-23,3,2026-06-13,Flu ED visits pct,quantile,0.25,0.0687143746784288
salem,2026-05-23,3,2026-06-13,Flu ED visits pct,quantile,0.25,0.09190487706124344
salt-lake-city,2026-05-23,3,2026-06-13,Flu ED visits pct,quantile,0.25,0.07148416648672301
san-antonio,2026-05-23,3,2026-06-13,Flu ED visits pct,quantile,0.25,0.07892717168469325
savannah,2026-05-23,3,2026-06-13,Flu ED visits pct,quantile,0.25,0.015742832806550318
senc,2026-05-23,3,2026-06-13,Flu ED visits pct,quantile,0.25,0.021179425337904983
south-augusta,2026-05-23,3,2026-06-13,Flu ED visits pct,quantile,0.25,0.05106881861443016
south-carolina,2026-05-23,3,2026-06-13,Flu ED visits pct,quantile,0.25,0.06338624008986551
springfield,2026-05-23,3,2026-06-13,Flu ED visits pct,quantile,0.25,0.07729597097247796
st-cloud,2026-05-23,3,2026-06-13,Flu ED visits pct,quantile,0.25,0.04563899069544668
st-paul,2026-05-23,3,2026-06-13,Flu ED visits pct,quantile,0.25,0.16836303813245146
texas,2026-05-23,3,2026-06-13,Flu ED visits pct,quantile,0.25,0.21918394290148815
triad-area,2026-05-23,3,2026-06-13,Flu ED visits pct,quantile,0.25,0.21069707764648063
utah,2026-05-23,3,2026-06-13,Flu ED visits pct,quantile,0.25,0.07631687470239754
virginia,2026-05-23,3,2026-06-13,Flu ED visits pct,quantile,0.25,0.14204725744263913
weld,2026-05-23,3,2026-06-13,Flu ED visits pct,quantile,0.25,0.0812309122438187
wnc,2026-05-23,3,2026-06-13,Flu ED visits pct,quantile,0.25,0.08869815526546163
worcester,2026-05-23,3,2026-06-13,Flu ED visits pct,quantile,0.25,0.07919055642179686
athens,2026-05-23,0,2026-05-23,Flu ED visits pct,quantile,0.5,0.16726079841504804
austin,2026-05-23,0,2026-05-23,Flu ED visits pct,quantile,0.5,0.17778280630632173
baltimore,2026-05-23,0,2026-05-23,Flu ED visits pct,quantile,0.5,0.1175130290908963
bangor,2026-05-23,0,2026-05-23,Flu ED visits pct,quantile,0.5,0.10381514410081925
beaumont,2026-05-23,0,2026-05-23,Flu ED visits pct,quantile,0.5,0.4110517173183018
boston,2026-05-23,0,2026-05-23,Flu ED visits pct,quantile,0.5,0.1245921295607436
boulder,2026-05-23,0,2026-05-23,Flu ED visits pct,quantile,0.5,0.22458813186427382
charleston,2026-05-23,0,2026-05-23,Flu ED visits pct,quantile,0.5,0.1632069065319377
cherokee,2026-05-23,0,2026-05-23,Flu ED visits pct,quantile,0.5,0.1703540120406978
clt-area,2026-05-23,0,2026-05-23,Flu ED visits pct,quantile,0.5,1.19313431827413
colorado,2026-05-23,0,2026-05-23,Flu ED visits pct,quantile,0.5,0.2668680741509364
colorado-springs,2026-05-23,0,2026-05-23,Flu ED visits pct,quantile,0.5,0.34472567416178806
columbia,2026-05-23,0,2026-05-23,Flu ED visits pct,quantile,0.5,0.08572201982213115
columbus,2026-05-23,0,2026-05-23,Flu ED visits pct,quantile,0.5,0.08503188782774959
dallas,2026-05-23,0,2026-05-23,Flu ED visits pct,quantile,0.5,0.15328319256289663
denver,2026-05-23,0,2026-05-23,Flu ED visits pct,quantile,0.5,0.2915769581375977
deschutes,2026-05-23,0,2026-05-23,Flu ED visits pct,quantile,0.5,0.38526822893081003
duluth,2026-05-23,0,2026-05-23,Flu ED visits pct,quantile,0.5,0.20319904653542695
el-paso,2026-05-23,0,2026-05-23,Flu ED visits pct,quantile,0.5,1.362926735094522
eugene,2026-05-23,0,2026-05-23,Flu ED visits pct,quantile,0.5,0.12175044950986759
fay-area,2026-05-23,0,2026-05-23,Flu ED visits pct,quantile,0.5,0.9594924347994275
florence,2026-05-23,0,2026-05-23,Flu ED visits pct,quantile,0.5,0.20587988814885566
floyd,2026-05-23,0,2026-05-23,Flu ED visits pct,quantile,0.5,0.15349554399433518
frederick,2026-05-23,0,2026-05-23,Flu ED visits pct,quantile,0.5,0.09344997047341076
georgia,2026-05-23,0,2026-05-23,Flu ED visits pct,quantile,0.5,0.151967189113908
greenville,2026-05-23,0,2026-05-23,Flu ED visits pct,quantile,0.5,0.10030814503628781
hall,2026-05-23,0,2026-05-23,Flu ED visits pct,quantile,0.5,0.07247101556134358
harford,2026-05-23,0,2026-05-23,Flu ED visits pct,quantile,0.5,0.12500678069149726
henry,2026-05-23,0,2026-05-23,Flu ED visits pct,quantile,0.5,0.11763628209316397
horry,2026-05-23,0,2026-05-23,Flu ED visits pct,quantile,0.5,0.10723029438981695
houston,2026-05-23,0,2026-05-23,Flu ED visits pct,quantile,0.5,0.2972314255394021
indiana,2026-05-23,0,2026-05-23,Flu ED visits pct,quantile,0.5,0.08252046621751741
indianapolis,2026-05-23,0,2026-05-23,Flu ED visits pct,quantile,0.5,0.05774638704344486
la-grange,2026-05-23,0,2026-05-23,Flu ED visits pct,quantile,0.5,0.0674443137811113
larimer,2026-05-23,0,2026-05-23,Flu ED visits pct,quantile,0.5,0.10724214890939811
lynn,2026-05-23,0,2026-05-23,Flu ED visits pct,quantile,0.5,0.11410041440412035
macon,2026-05-23,0,2026-05-23,Flu ED visits pct,quantile,0.5,0.2454694613718711
maine,2026-05-23,0,2026-05-23,Flu ED visits pct,quantile,0.5,0.14900549311431602
marietta,2026-05-23,0,2026-05-23,Flu ED visits pct,quantile,0.5,0.0889719309092006
maryland,2026-05-23,0,2026-05-23,Flu ED visits pct,quantile,0.5,0.146845342512049
massachusetts,2026-05-23,0,2026-05-23,Flu ED visits pct,quantile,0.5,0.14252463317008934
medford,2026-05-23,0,2026-05-23,Flu ED visits pct,quantile,0.5,0.0671989235485074
mesa,2026-05-23,0,2026-05-23,Flu ED visits pct,quantile,0.5,0.10190237905713592
minneapolis,2026-05-23,0,2026-05-23,Flu ED visits pct,quantile,0.5,0.22871253109677914
minnesota,2026-05-23,0,2026-05-23,Flu ED visits pct,quantile,0.5,0.21326229140668618
montgomery,2026-05-23,0,2026-05-23,Flu ED visits pct,quantile,0.5,0.15782081045953625
nenc,2026-05-23,0,2026-05-23,Flu ED visits pct,quantile,0.5,0.1428129004342954
new-bedford,2026-05-23,0,2026-05-23,Flu ED visits pct,quantile,0.5,0.24138116853130864
north-carolina,2026-05-23,0,2026-05-23,Flu ED visits pct,quantile,0.5,0.5664313735025834
nyc,2026-05-23,0,2026-05-23,ILI ED visits pct,quantile,0.5,2.1436436734314315
ogden,2026-05-23,0,2026-05-23,Flu ED visits pct,quantile,0.5,0.10221100409402933
oregon,2026-05-23,0,2026-05-23,Flu ED visits pct,quantile,0.5,0.22413665678470174
pittsfield,2026-05-23,0,2026-05-23,Flu ED visits pct,quantile,0.5,0.0646901912017913
portland,2026-05-23,0,2026-05-23,Flu ED visits pct,quantile,0.5,0.13234469809783744
portland-or,2026-05-23,0,2026-05-23,Flu ED visits pct,quantile,0.5,0.20924583848348305
provo,2026-05-23,0,2026-05-23,Flu ED visits pct,quantile,0.5,0.08269267644305703
roanoke,2026-05-23,0,2026-05-23,Flu ED visits pct,quantile,0.5,0.1664031926926263
rochester,2026-05-23,0,2026-05-23,Flu ED visits pct,quantile,0.5,0.09644645225841361
rock-hill,2026-05-23,0,2026-05-23,Flu ED visits pct,quantile,0.5,0.0384105280321812
rtp-area,2026-05-23,0,2026-05-23,Flu ED visits pct,quantile,0.5,0.14074502906135694
salem,2026-05-23,0,2026-05-23,Flu ED visits pct,quantile,0.5,0.21515784107383074
salt-lake-city,2026-05-23,0,2026-05-23,Flu ED visits pct,quantile,0.5,0.12432926780735808
san-antonio,2026-05-23,0,2026-05-23,Flu ED visits pct,quantile,0.5,0.1196114465477242
savannah,2026-05-23,0,2026-05-23,Flu ED visits pct,quantile,0.5,0.04162144098682324
senc,2026-05-23,0,2026-05-23,Flu ED visits pct,quantile,0.5,0.06381703075669173
south-augusta,2026-05-23,0,2026-05-23,Flu ED visits pct,quantile,0.5,0.11780458656501776
south-carolina,2026-05-23,0,2026-05-23,Flu ED visits pct,quantile,0.5,0.12527478777344642
springfield,2026-05-23,0,2026-05-23,Flu ED visits pct,quantile,0.5,0.1847912493389521
st-cloud,2026-05-23,0,2026-05-23,Flu ED visits pct,quantile,0.5,0.14835818622360117
st-paul,2026-05-23,0,2026-05-23,Flu ED visits pct,quantile,0.5,0.3069299771606611
texas,2026-05-23,0,2026-05-23,Flu ED visits pct,quantile,0.5,0.3212002891078008
triad-area,2026-05-23,0,2026-05-23,Flu ED visits pct,quantile,0.5,0.35901919360968987
utah,2026-05-23,0,2026-05-23,Flu ED visits pct,quantile,0.5,0.11444779946395481
virginia,2026-05-23,0,2026-05-23,Flu ED visits pct,quantile,0.5,0.22355890392853014
weld,2026-05-23,0,2026-05-23,Flu ED visits pct,quantile,0.5,0.23388188441574465
wnc,2026-05-23,0,2026-05-23,Flu ED visits pct,quantile,0.5,0.17689979153171823
worcester,2026-05-23,0,2026-05-23,Flu ED visits pct,quantile,0.5,0.15520528966436004
athens,2026-05-23,1,2026-05-30,Flu ED visits pct,quantile,0.5,0.14278308515902768
austin,2026-05-23,1,2026-05-30,Flu ED visits pct,quantile,0.5,0.16287207232629708
baltimore,2026-05-23,1,2026-05-30,Flu ED visits pct,quantile,0.5,0.10272967266292612
bangor,2026-05-23,1,2026-05-30,Flu ED visits pct,quantile,0.5,0.09387174917199984
beaumont,2026-05-23,1,2026-05-30,Flu ED visits pct,quantile,0.5,0.3556392215545002
boston,2026-05-23,1,2026-05-30,Flu ED visits pct,quantile,0.5,0.10914839168032597
boulder,2026-05-23,1,2026-05-30,Flu ED visits pct,quantile,0.5,0.20203153881034938
charleston,2026-05-23,1,2026-05-30,Flu ED visits pct,quantile,0.5,0.14562992717860407
cherokee,2026-05-23,1,2026-05-30,Flu ED visits pct,quantile,0.5,0.14888201960355366
clt-area,2026-05-23,1,2026-05-30,Flu ED visits pct,quantile,0.5,1.0100047378741785
colorado,2026-05-23,1,2026-05-30,Flu ED visits pct,quantile,0.5,0.23667852405372708
colorado-springs,2026-05-23,1,2026-05-30,Flu ED visits pct,quantile,0.5,0.29856207371473403
columbia,2026-05-23,1,2026-05-30,Flu ED visits pct,quantile,0.5,0.07875214597077039
columbus,2026-05-23,1,2026-05-30,Flu ED visits pct,quantile,0.5,0.07396775338042638
dallas,2026-05-23,1,2026-05-30,Flu ED visits pct,quantile,0.5,0.13745163921309378
denver,2026-05-23,1,2026-05-30,Flu ED visits pct,quantile,0.5,0.25807164343465183
deschutes,2026-05-23,1,2026-05-30,Flu ED visits pct,quantile,0.5,0.3392183248230665
duluth,2026-05-23,1,2026-05-30,Flu ED visits pct,quantile,0.5,0.17352708105397918
el-paso,2026-05-23,1,2026-05-30,Flu ED visits pct,quantile,0.5,1.1548088943626256
eugene,2026-05-23,1,2026-05-30,Flu ED visits pct,quantile,0.5,0.10533054794343433
fay-area,2026-05-23,1,2026-05-30,Flu ED visits pct,quantile,0.5,0.8204397684388122
florence,2026-05-23,1,2026-05-30,Flu ED visits pct,quantile,0.5,0.17315322228328903
floyd,2026-05-23,1,2026-05-30,Flu ED visits pct,quantile,0.5,0.13359418756711536
frederick,2026-05-23,1,2026-05-30,Flu ED visits pct,quantile,0.5,0.09229634361957248
georgia,2026-05-23,1,2026-05-30,Flu ED visits pct,quantile,0.5,0.1365297686481866
greenville,2026-05-23,1,2026-05-30,Flu ED visits pct,quantile,0.5,0.08522020989128562
hall,2026-05-23,1,2026-05-30,Flu ED visits pct,quantile,0.5,0.06690452142656556
harford,2026-05-23,1,2026-05-30,Flu ED visits pct,quantile,0.5,0.10720355661375255
henry,2026-05-23,1,2026-05-30,Flu ED visits pct,quantile,0.5,0.10333151822031461
horry,2026-05-23,1,2026-05-30,Flu ED visits pct,quantile,0.5,0.10142273562556692
houston,2026-05-23,1,2026-05-30,Flu ED visits pct,quantile,0.5,0.2647796872071611
indiana,2026-05-23,1,2026-05-30,Flu ED visits pct,quantile,0.5,0.0813548580870431
indianapolis,2026-05-23,1,2026-05-30,Flu ED visits pct,quantile,0.5,0.05704717061154151
la-grange,2026-05-23,1,2026-05-30,Flu ED visits pct,quantile,0.5,0.06076800514289984
larimer,2026-05-23,1,2026-05-30,Flu ED visits pct,quantile,0.5,0.10354705816664438
lynn,2026-05-23,1,2026-05-30,Flu ED visits pct,quantile,0.5,0.10614659037541456
macon,2026-05-23,1,2026-05-30,Flu ED visits pct,quantile,0.5,0.21383394011974927
maine,2026-05-23,1,2026-05-30,Flu ED visits pct,quantile,0.5,0.13185654246359793
marietta,2026-05-23,1,2026-05-30,Flu ED visits pct,quantile,0.5,0.07860688301802073
maryland,2026-05-23,1,2026-05-30,Flu ED visits pct,quantile,0.5,0.1297000784323367
massachusetts,2026-05-23,1,2026-05-30,Flu ED visits pct,quantile,0.5,0.12786299669254308
medford,2026-05-23,1,2026-05-30,Flu ED visits pct,quantile,0.5,0.058890220536820116
mesa,2026-05-23,1,2026-05-30,Flu ED visits pct,quantile,0.5,0.09036571254620007
minneapolis,2026-05-23,1,2026-05-30,Flu ED visits pct,quantile,0.5,0.2006647375258998
minnesota,2026-05-23,1,2026-05-30,Flu ED visits pct,quantile,0.5,0.19010375794532164
montgomery,2026-05-23,1,2026-05-30,Flu ED visits pct,quantile,0.5,0.14000378548757378
nenc,2026-05-23,1,2026-05-30,Flu ED visits pct,quantile,0.5,0.1253548015388321
new-bedford,2026-05-23,1,2026-05-30,Flu ED visits pct,quantile,0.5,0.2123335624152953
north-carolina,2026-05-23,1,2026-05-30,Flu ED visits pct,quantile,0.5,0.49537736871478344
nyc,2026-05-23,1,2026-05-30,ILI ED visits pct,quantile,0.5,2.0320230989349595
ogden,2026-05-23,1,2026-05-30,Flu ED visits pct,quantile,0.5,0.09574784723273692
oregon,2026-05-23,1,2026-05-30,Flu ED visits pct,quantile,0.5,0.19753385600352277
pittsfield,2026-05-23,1,2026-05-30,Flu ED visits pct,quantile,0.5,0.0655030701969066
portland,2026-05-23,1,2026-05-30,Flu ED visits pct,quantile,0.5,0.11791532471395165
portland-or,2026-05-23,1,2026-05-30,Flu ED visits pct,quantile,0.5,0.18820332583317156
provo,2026-05-23,1,2026-05-30,Flu ED visits pct,quantile,0.5,0.07970533972397775
roanoke,2026-05-23,1,2026-05-30,Flu ED visits pct,quantile,0.5,0.15331551459462317
rochester,2026-05-23,1,2026-05-30,Flu ED visits pct,quantile,0.5,0.08483899673387668
rock-hill,2026-05-23,1,2026-05-30,Flu ED visits pct,quantile,0.5,0.038152722690028465
rtp-area,2026-05-23,1,2026-05-30,Flu ED visits pct,quantile,0.5,0.12672309488465025
salem,2026-05-23,1,2026-05-30,Flu ED visits pct,quantile,0.5,0.18510717141091823
salt-lake-city,2026-05-23,1,2026-05-30,Flu ED visits pct,quantile,0.5,0.11182106961516794
san-antonio,2026-05-23,1,2026-05-30,Flu ED visits pct,quantile,0.5,0.11232793141547039
savannah,2026-05-23,1,2026-05-30,Flu ED visits pct,quantile,0.5,0.03624544905245786
senc,2026-05-23,1,2026-05-30,Flu ED visits pct,quantile,0.5,0.05454484628203495
south-augusta,2026-05-23,1,2026-05-30,Flu ED visits pct,quantile,0.5,0.10289832555625765
south-carolina,2026-05-23,1,2026-05-30,Flu ED visits pct,quantile,0.5,0.11121866811437366
springfield,2026-05-23,1,2026-05-30,Flu ED visits pct,quantile,0.5,0.1661214771259439
st-cloud,2026-05-23,1,2026-05-30,Flu ED visits pct,quantile,0.5,0.13124627978072514
st-paul,2026-05-23,1,2026-05-30,Flu ED visits pct,quantile,0.5,0.27248845086510426
texas,2026-05-23,1,2026-05-30,Flu ED visits pct,quantile,0.5,0.29396407697554117
triad-area,2026-05-23,1,2026-05-30,Flu ED visits pct,quantile,0.5,0.32838466982890685
utah,2026-05-23,1,2026-05-30,Flu ED visits pct,quantile,0.5,0.10533354181774533
virginia,2026-05-23,1,2026-05-30,Flu ED visits pct,quantile,0.5,0.20451358480320309
weld,2026-05-23,1,2026-05-30,Flu ED visits pct,quantile,0.5,0.21117036815622722
wnc,2026-05-23,1,2026-05-30,Flu ED visits pct,quantile,0.5,0.15667154857784835
worcester,2026-05-23,1,2026-05-30,Flu ED visits pct,quantile,0.5,0.13719548590648084
athens,2026-05-23,2,2026-06-06,Flu ED visits pct,quantile,0.5,0.12945879858746792
austin,2026-05-23,2,2026-06-06,Flu ED visits pct,quantile,0.5,0.15674385597056137
baltimore,2026-05-23,2,2026-06-06,Flu ED visits pct,quantile,0.5,0.09381297473344113
bangor,2026-05-23,2,2026-06-06,Flu ED visits pct,quantile,0.5,0.08918768036305937
beaumont,2026-05-23,2,2026-06-06,Flu ED visits pct,quantile,0.5,0.32833842424489634
boston,2026-05-23,2,2026-06-06,Flu ED visits pct,quantile,0.5,0.09942200883894989
boulder,2026-05-23,2,2026-06-06,Flu ED visits pct,quantile,0.5,0.18668636162273627
charleston,2026-05-23,2,2026-06-06,Flu ED visits pct,quantile,0.5,0.13111538361699918
cherokee,2026-05-23,2,2026-06-06,Flu ED visits pct,quantile,0.5,0.13737622787907142
clt-area,2026-05-23,2,2026-06-06,Flu ED visits pct,quantile,0.5,0.8464875111050465
colorado,2026-05-23,2,2026-06-06,Flu ED visits pct,quantile,0.5,0.21444756606545223
colorado-springs,2026-05-23,2,2026-06-06,Flu ED visits pct,quantile,0.5,0.26571819395075796
columbia,2026-05-23,2,2026-06-06,Flu ED visits pct,quantile,0.5,0.07578799528621974
columbus,2026-05-23,2,2026-06-06,Flu ED visits pct,quantile,0.5,0.06804326760423442
dallas,2026-05-23,2,2026-06-06,Flu ED visits pct,quantile,0.5,0.12540088604160027
denver,2026-05-23,2,2026-06-06,Flu ED visits pct,quantile,0.5,0.2343642441804711
deschutes,2026-05-23,2,2026-06-06,Flu ED visits pct,quantile,0.5,0.30869166299941597
duluth,2026-05-23,2,2026-06-06,Flu ED visits pct,quantile,0.5,0.15462627360397196
el-paso,2026-05-23,2,2026-06-06,Flu ED visits pct,quantile,0.5,0.9941096653698416
eugene,2026-05-23,2,2026-06-06,Flu ED visits pct,quantile,0.5,0.09370274454224069
fay-area,2026-05-23,2,2026-06-06,Flu ED visits pct,quantile,0.5,0.697555161297818
florence,2026-05-23,2,2026-06-06,Flu ED visits pct,quantile,0.5,0.15421988504916287
floyd,2026-05-23,2,2026-06-06,Flu ED visits pct,quantile,0.5,0.1193980314608545
frederick,2026-05-23,2,2026-06-06,Flu ED visits pct,quantile,0.5,0.0930341169302046
georgia,2026-05-23,2,2026-06-06,Flu ED visits pct,quantile,0.5,0.1263872852971687
greenville,2026-05-23,2,2026-06-06,Flu ED visits pct,quantile,0.5,0.07754090490850833
hall,2026-05-23,2,2026-06-06,Flu ED visits pct,quantile,0.5,0.06448443866071069
harford,2026-05-23,2,2026-06-06,Flu ED visits pct,quantile,0.5,0.10042617925621533
henry,2026-05-23,2,2026-06-06,Flu ED visits pct,quantile,0.5,0.09488633420604538
horry,2026-05-23,2,2026-06-06,Flu ED visits pct,quantile,0.5,0.09709070386842371
houston,2026-05-23,2,2026-06-06,Flu ED visits pct,quantile,0.5,0.24132000643889856
indiana,2026-05-23,2,2026-06-06,Flu ED visits pct,quantile,0.5,0.08284839898524934
indianapolis,2026-05-23,2,2026-06-06,Flu ED visits pct,quantile,0.5,0.05700102638606342
la-grange,2026-05-23,2,2026-06-06,Flu ED visits pct,quantile,0.5,0.058615291570781956
larimer,2026-05-23,2,2026-06-06,Flu ED visits pct,quantile,0.5,0.10242801068086545
lynn,2026-05-23,2,2026-06-06,Flu ED visits pct,quantile,0.5,0.10204193919255883
macon,2026-05-23,2,2026-06-06,Flu ED visits pct,quantile,0.5,0.19097379788647442
maine,2026-05-23,2,2026-06-06,Flu ED visits pct,quantile,0.5,0.12003561191943639
marietta,2026-05-23,2,2026-06-06,Flu ED visits pct,quantile,0.5,0.07463086193740655
maryland,2026-05-23,2,2026-06-06,Flu ED visits pct,quantile,0.5,0.12139952652502732
massachusetts,2026-05-23,2,2026-06-06,Flu ED visits pct,quantile,0.5,0.11763752206649893
medford,2026-05-23,2,2026-06-06,Flu ED visits pct,quantile,0.5,0.05553122404560399
mesa,2026-05-23,2,2026-06-06,Flu ED visits pct,quantile,0.5,0.08380821672889158
minneapolis,2026-05-23,2,2026-06-06,Flu ED visits pct,quantile,0.5,0.18149258922616987
minnesota,2026-05-23,2,2026-06-06,Flu ED visits pct,quantile,0.5,0.17452713422518282
montgomery,2026-05-23,2,2026-06-06,Flu ED visits pct,quantile,0.5,0.12608866880268635
nenc,2026-05-23,2,2026-06-06,Flu ED visits pct,quantile,0.5,0.11291603369742745
new-bedford,2026-05-23,2,2026-06-06,Flu ED visits pct,quantile,0.5,0.19361380619724958
north-carolina,2026-05-23,2,2026-06-06,Flu ED visits pct,quantile,0.5,0.4466646943730003
nyc,2026-05-23,2,2026-06-06,ILI ED visits pct,quantile,0.5,1.9034555663330992
ogden,2026-05-23,2,2026-06-06,Flu ED visits pct,quantile,0.5,0.08966251797096077
oregon,2026-05-23,2,2026-06-06,Flu ED visits pct,quantile,0.5,0.1786023999605891
pittsfield,2026-05-23,2,2026-06-06,Flu ED visits pct,quantile,0.5,0.06461517885611351
portland,2026-05-23,2,2026-06-06,Flu ED visits pct,quantile,0.5,0.10817169515179019
portland-or,2026-05-23,2,2026-06-06,Flu ED visits pct,quantile,0.5,0.1722630738323285
provo,2026-05-23,2,2026-06-06,Flu ED visits pct,quantile,0.5,0.07741740632644202
roanoke,2026-05-23,2,2026-06-06,Flu ED visits pct,quantile,0.5,0.1418441141786623
rochester,2026-05-23,2,2026-06-06,Flu ED visits pct,quantile,0.5,0.08154996250613833
rock-hill,2026-05-23,2,2026-06-06,Flu ED visits pct,quantile,0.5,0.037755346573160195
rtp-area,2026-05-23,2,2026-06-06,Flu ED visits pct,quantile,0.5,0.11834178583950035
salem,2026-05-23,2,2026-06-06,Flu ED visits pct,quantile,0.5,0.1655253031436533
salt-lake-city,2026-05-23,2,2026-06-06,Flu ED visits pct,quantile,0.5,0.10630171441629747
san-antonio,2026-05-23,2,2026-06-06,Flu ED visits pct,quantile,0.5,0.10943665781683708
savannah,2026-05-23,2,2026-06-06,Flu ED visits pct,quantile,0.5,0.03426251552838171
senc,2026-05-23,2,2026-06-06,Flu ED visits pct,quantile,0.5,0.04738704991076232
south-augusta,2026-05-23,2,2026-06-06,Flu ED visits pct,quantile,0.5,0.09226884613489204
south-carolina,2026-05-23,2,2026-06-06,Flu ED visits pct,quantile,0.5,0.10050930765911098
springfield,2026-05-23,2,2026-06-06,Flu ED visits pct,quantile,0.5,0.152397172773532
st-cloud,2026-05-23,2,2026-06-06,Flu ED visits pct,quantile,0.5,0.12311172500843266
st-paul,2026-05-23,2,2026-06-06,Flu ED visits pct,quantile,0.5,0.24426769634040113
texas,2026-05-23,2,2026-06-06,Flu ED visits pct,quantile,0.5,0.2722605415334542
triad-area,2026-05-23,2,2026-06-06,Flu ED visits pct,quantile,0.5,0.30087354566062435
utah,2026-05-23,2,2026-06-06,Flu ED visits pct,quantile,0.5,0.09930842866508384
virginia,2026-05-23,2,2026-06-06,Flu ED visits pct,quantile,0.5,0.1903690030367345
weld,2026-05-23,2,2026-06-06,Flu ED visits pct,quantile,0.5,0.19483259410386963
wnc,2026-05-23,2,2026-06-06,Flu ED visits pct,quantile,0.5,0.14111766032529888
worcester,2026-05-23,2,2026-06-06,Flu ED visits pct,quantile,0.5,0.12826005567488477
athens,2026-05-23,3,2026-06-13,Flu ED visits pct,quantile,0.5,0.12297752666723251
austin,2026-05-23,3,2026-06-13,Flu ED visits pct,quantile,0.5,0.15408536245585838
baltimore,2026-05-23,3,2026-06-13,Flu ED visits pct,quantile,0.5,0.08925250830939725
bangor,2026-05-23,3,2026-06-13,Flu ED visits pct,quantile,0.5,0.08631335985965113
beaumont,2026-05-23,3,2026-06-13,Flu ED visits pct,quantile,0.5,0.312614543182488
boston,2026-05-23,3,2026-06-13,Flu ED visits pct,quantile,0.5,0.09562137167371969
boulder,2026-05-23,3,2026-06-13,Flu ED visits pct,quantile,0.5,0.18236677256154465
charleston,2026-05-23,3,2026-06-13,Flu ED visits pct,quantile,0.5,0.1266292672787629
cherokee,2026-05-23,3,2026-06-13,Flu ED visits pct,quantile,0.5,0.131362206224291
clt-area,2026-05-23,3,2026-06-13,Flu ED visits pct,quantile,0.5,0.7117317669611373
colorado,2026-05-23,3,2026-06-13,Flu ED visits pct,quantile,0.5,0.205565521043303
colorado-springs,2026-05-23,3,2026-06-13,Flu ED visits pct,quantile,0.5,0.24975692862242038
columbia,2026-05-23,3,2026-06-13,Flu ED visits pct,quantile,0.5,0.073528428778191
columbus,2026-05-23,3,2026-06-13,Flu ED visits pct,quantile,0.5,0.0667046245689016
dallas,2026-05-23,3,2026-06-13,Flu ED visits pct,quantile,0.5,0.12100320685370546
denver,2026-05-23,3,2026-06-13,Flu ED visits pct,quantile,0.5,0.2240098532764745
deschutes,2026-05-23,3,2026-06-13,Flu ED visits pct,quantile,0.5,0.29653715956861165
duluth,2026-05-23,3,2026-06-13,Flu ED visits pct,quantile,0.5,0.14729208655580786
el-paso,2026-05-23,3,2026-06-13,Flu ED visits pct,quantile,0.5,0.894575261195678
eugene,2026-05-23,3,2026-06-13,Flu ED visits pct,quantile,0.5,0.08810947673967956
fay-area,2026-05-23,3,2026-06-13,Flu ED visits pct,quantile,0.5,0.6083765470076913
florence,2026-05-23,3,2026-06-13,Flu ED visits pct,quantile,0.5,0.14613884985048226
floyd,2026-05-23,3,2026-06-13,Flu ED visits pct,quantile,0.5,0.11517344912504592
frederick,2026-05-23,3,2026-06-13,Flu ED visits pct,quantile,0.5,0.09374907492644349
georgia,2026-05-23,3,2026-06-13,Flu ED visits pct,quantile,0.5,0.1213543275554362
greenville,2026-05-23,3,2026-06-13,Flu ED visits pct,quantile,0.5,0.07295226421562272
hall,2026-05-23,3,2026-06-13,Flu ED visits pct,quantile,0.5,0.06474610091439903
harford,2026-05-23,3,2026-06-13,Flu ED visits pct,quantile,0.5,0.09770789240939151
henry,2026-05-23,3,2026-06-13,Flu ED visits pct,quantile,0.5,0.09175538637285961
horry,2026-05-23,3,2026-06-13,Flu ED visits pct,quantile,0.5,0.0955408929251469
houston,2026-05-23,3,2026-06-13,Flu ED visits pct,quantile,0.5,0.2283398753771153
indiana,2026-05-23,3,2026-06-13,Flu ED visits pct,quantile,0.5,0.0855316456654845
indianapolis,2026-05-23,3,2026-06-13,Flu ED visits pct,quantile,0.5,0.057268716420721615
la-grange,2026-05-23,3,2026-06-13,Flu ED visits pct,quantile,0.5,0.0591142530784648
larimer,2026-05-23,3,2026-06-13,Flu ED visits pct,quantile,0.5,0.10156090902037201
lynn,2026-05-23,3,2026-06-13,Flu ED visits pct,quantile,0.5,0.10206589142609727
macon,2026-05-23,3,2026-06-13,Flu ED visits pct,quantile,0.5,0.18109587536925098
maine,2026-05-23,3,2026-06-13,Flu ED visits pct,quantile,0.5,0.11446973509774314
marietta,2026-05-23,3,2026-06-13,Flu ED visits pct,quantile,0.5,0.0730542151309329
maryland,2026-05-23,3,2026-06-13,Flu ED visits pct,quantile,0.5,0.11647074396594177
massachusetts,2026-05-23,3,2026-06-13,Flu ED visits pct,quantile,0.5,0.11417177849411711
medford,2026-05-23,3,2026-06-13,Flu ED visits pct,quantile,0.5,0.05471757440196775
mesa,2026-05-23,3,2026-06-13,Flu ED visits pct,quantile,0.5,0.081780637967128
minneapolis,2026-05-23,3,2026-06-13,Flu ED visits pct,quantile,0.5,0.17414357401182565
minnesota,2026-05-23,3,2026-06-13,Flu ED visits pct,quantile,0.5,0.1692640280950973
montgomery,2026-05-23,3,2026-06-13,Flu ED visits pct,quantile,0.5,0.12090649555191944
nenc,2026-05-23,3,2026-06-13,Flu ED visits pct,quantile,0.5,0.10378476088719714
new-bedford,2026-05-23,3,2026-06-13,Flu ED visits pct,quantile,0.5,0.18560081378369186
north-carolina,2026-05-23,3,2026-06-13,Flu ED visits pct,quantile,0.5,0.41023501869004475
nyc,2026-05-23,3,2026-06-13,ILI ED visits pct,quantile,0.5,1.8293003105222698
ogden,2026-05-23,3,2026-06-13,Flu ED visits pct,quantile,0.5,0.08850126470493853
oregon,2026-05-23,3,2026-06-13,Flu ED visits pct,quantile,0.5,0.17131942700941036
pittsfield,2026-05-23,3,2026-06-13,Flu ED visits pct,quantile,0.5,0.06551519812045546
portland,2026-05-23,3,2026-06-13,Flu ED visits pct,quantile,0.5,0.10439816326018593
portland-or,2026-05-23,3,2026-06-13,Flu ED visits pct,quantile,0.5,0.1673409657448504
provo,2026-05-23,3,2026-06-13,Flu ED visits pct,quantile,0.5,0.07617878803786597
roanoke,2026-05-23,3,2026-06-13,Flu ED visits pct,quantile,0.5,0.1387754530902057
rochester,2026-05-23,3,2026-06-13,Flu ED visits pct,quantile,0.5,0.08205124135957227
rock-hill,2026-05-23,3,2026-06-13,Flu ED visits pct,quantile,0.5,0.03736119986259592
rtp-area,2026-05-23,3,2026-06-13,Flu ED visits pct,quantile,0.5,0.10951015087289225
salem,2026-05-23,3,2026-06-13,Flu ED visits pct,quantile,0.5,0.15722532408357673
salt-lake-city,2026-05-23,3,2026-06-13,Flu ED visits pct,quantile,0.5,0.10375135672033331
san-antonio,2026-05-23,3,2026-06-13,Flu ED visits pct,quantile,0.5,0.10699836972721803
savannah,2026-05-23,3,2026-06-13,Flu ED visits pct,quantile,0.5,0.033386055397220726
senc,2026-05-23,3,2026-06-13,Flu ED visits pct,quantile,0.5,0.0434466019100745
south-augusta,2026-05-23,3,2026-06-13,Flu ED visits pct,quantile,0.5,0.08908083898272837
south-carolina,2026-05-23,3,2026-06-13,Flu ED visits pct,quantile,0.5,0.0970429769026662
springfield,2026-05-23,3,2026-06-13,Flu ED visits pct,quantile,0.5,0.14338272086977083
st-cloud,2026-05-23,3,2026-06-13,Flu ED visits pct,quantile,0.5,0.12079545416879574
st-paul,2026-05-23,3,2026-06-13,Flu ED visits pct,quantile,0.5,0.22844639831359861
texas,2026-05-23,3,2026-06-13,Flu ED visits pct,quantile,0.5,0.26306285515916156
triad-area,2026-05-23,3,2026-06-13,Flu ED visits pct,quantile,0.5,0.2808944509771755
utah,2026-05-23,3,2026-06-13,Flu ED visits pct,quantile,0.5,0.09839967435920279
virginia,2026-05-23,3,2026-06-13,Flu ED visits pct,quantile,0.5,0.18155558884960438
weld,2026-05-23,3,2026-06-13,Flu ED visits pct,quantile,0.5,0.1884503203276567
wnc,2026-05-23,3,2026-06-13,Flu ED visits pct,quantile,0.5,0.12955337708839756
worcester,2026-05-23,3,2026-06-13,Flu ED visits pct,quantile,0.5,0.12580901482701798
athens,2026-05-23,0,2026-05-23,Flu ED visits pct,quantile,0.75,0.25575260532132543
austin,2026-05-23,0,2026-05-23,Flu ED visits pct,quantile,0.75,0.23109683971857736
baltimore,2026-05-23,0,2026-05-23,Flu ED visits pct,quantile,0.75,0.14071363717589547
bangor,2026-05-23,0,2026-05-23,Flu ED visits pct,quantile,0.75,0.1633904107861372
beaumont,2026-05-23,0,2026-05-23,Flu ED visits pct,quantile,0.75,0.5758602008026691
boston,2026-05-23,0,2026-05-23,Flu ED visits pct,quantile,0.75,0.14555761106370968
boulder,2026-05-23,0,2026-05-23,Flu ED visits pct,quantile,0.75,0.2906627546078323
charleston,2026-05-23,0,2026-05-23,Flu ED visits pct,quantile,0.75,0.19793972312009378
cherokee,2026-05-23,0,2026-05-23,Flu ED visits pct,quantile,0.75,0.2486167097587797
clt-area,2026-05-23,0,2026-05-23,Flu ED visits pct,quantile,0.75,1.3032671424666245
colorado,2026-05-23,0,2026-05-23,Flu ED visits pct,quantile,0.75,0.3054545015750337
colorado-springs,2026-05-23,0,2026-05-23,Flu ED visits pct,quantile,0.75,0.42101199901576364
columbia,2026-05-23,0,2026-05-23,Flu ED visits pct,quantile,0.75,0.1409697905486574
columbus,2026-05-23,0,2026-05-23,Flu ED visits pct,quantile,0.75,0.12421145245213248
dallas,2026-05-23,0,2026-05-23,Flu ED visits pct,quantile,0.75,0.17635814662395702
denver,2026-05-23,0,2026-05-23,Flu ED visits pct,quantile,0.75,0.3278515896664498
deschutes,2026-05-23,0,2026-05-23,Flu ED visits pct,quantile,0.75,0.5174946568035274
duluth,2026-05-23,0,2026-05-23,Flu ED visits pct,quantile,0.75,0.27777448593500664
el-paso,2026-05-23,0,2026-05-23,Flu ED visits pct,quantile,0.75,1.6085135830823671
eugene,2026-05-23,0,2026-05-23,Flu ED visits pct,quantile,0.75,0.16228406732036268
fay-area,2026-05-23,0,2026-05-23,Flu ED visits pct,quantile,0.75,1.0417015285878894
florence,2026-05-23,0,2026-05-23,Flu ED visits pct,quantile,0.75,0.29587053864895785
floyd,2026-05-23,0,2026-05-23,Flu ED visits pct,quantile,0.75,0.2113981085371566
frederick,2026-05-23,0,2026-05-23,Flu ED visits pct,quantile,0.75,0.17039361621964436
georgia,2026-05-23,0,2026-05-23,Flu ED visits pct,quantile,0.75,0.16189712319828686
greenville,2026-05-23,0,2026-05-23,Flu ED visits pct,quantile,0.75,0.1350844244392747
hall,2026-05-23,0,2026-05-23,Flu ED visits pct,quantile,0.75,0.11222084045725146
harford,2026-05-23,0,2026-05-23,Flu ED visits pct,quantile,0.75,0.2047618450169811
henry,2026-05-23,0,2026-05-23,Flu ED visits pct,quantile,0.75,0.15990840738856785
horry,2026-05-23,0,2026-05-23,Flu ED visits pct,quantile,0.75,0.17168371517643433
houston,2026-05-23,0,2026-05-23,Flu ED visits pct,quantile,0.75,0.3220505678044719
indiana,2026-05-23,0,2026-05-23,Flu ED visits pct,quantile,0.75,0.10353411837574873
indianapolis,2026-05-23,0,2026-05-23,Flu ED visits pct,quantile,0.75,0.07080358923995779
la-grange,2026-05-23,0,2026-05-23,Flu ED visits pct,quantile,0.75,0.11084984432086381
larimer,2026-05-23,0,2026-05-23,Flu ED visits pct,quantile,0.75,0.1665565681258082
lynn,2026-05-23,0,2026-05-23,Flu ED visits pct,quantile,0.75,0.17565419896102694
macon,2026-05-23,0,2026-05-23,Flu ED visits pct,quantile,0.75,0.3028468755212822
maine,2026-05-23,0,2026-05-23,Flu ED visits pct,quantile,0.75,0.1760008345286124
marietta,2026-05-23,0,2026-05-23,Flu ED visits pct,quantile,0.75,0.13344250766528654
maryland,2026-05-23,0,2026-05-23,Flu ED visits pct,quantile,0.75,0.16780234035245614
massachusetts,2026-05-23,0,2026-05-23,Flu ED visits pct,quantile,0.75,0.16616728726674287
medford,2026-05-23,0,2026-05-23,Flu ED visits pct,quantile,0.75,0.11386009441260576
mesa,2026-05-23,0,2026-05-23,Flu ED visits pct,quantile,0.75,0.17249031866757558
minneapolis,2026-05-23,0,2026-05-23,Flu ED visits pct,quantile,0.75,0.2625261401807373
minnesota,2026-05-23,0,2026-05-23,Flu ED visits pct,quantile,0.75,0.24236992213405184
montgomery,2026-05-23,0,2026-05-23,Flu ED visits pct,quantile,0.75,0.1858304992200629
nenc,2026-05-23,0,2026-05-23,Flu ED visits pct,quantile,0.75,0.16387835648764204
new-bedford,2026-05-23,0,2026-05-23,Flu ED visits pct,quantile,0.75,0.2971871655997869
north-carolina,2026-05-23,0,2026-05-23,Flu ED visits pct,quantile,0.75,0.6054903642916876
nyc,2026-05-23,0,2026-05-23,ILI ED visits pct,quantile,0.75,2.2302114851764636
ogden,2026-05-23,0,2026-05-23,Flu ED visits pct,quantile,0.75,0.13932212388338638
oregon,2026-05-23,0,2026-05-23,Flu ED visits pct,quantile,0.75,0.2597970177518502
pittsfield,2026-05-23,0,2026-05-23,Flu ED visits pct,quantile,0.75,0.11472517775388151
portland,2026-05-23,0,2026-05-23,Flu ED visits pct,quantile,0.75,0.20490527625388372
portland-or,2026-05-23,0,2026-05-23,Flu ED visits pct,quantile,0.75,0.25667041484567393
provo,2026-05-23,0,2026-05-23,Flu ED visits pct,quantile,0.75,0.1218106074277535
roanoke,2026-05-23,0,2026-05-23,Flu ED visits pct,quantile,0.75,0.20916704653462329
rochester,2026-05-23,0,2026-05-23,Flu ED visits pct,quantile,0.75,0.15702631613824522
rock-hill,2026-05-23,0,2026-05-23,Flu ED visits pct,quantile,0.75,0.1146072176897109
rtp-area,2026-05-23,0,2026-05-23,Flu ED visits pct,quantile,0.75,0.17749542765930132
salem,2026-05-23,0,2026-05-23,Flu ED visits pct,quantile,0.75,0.2852696734733684
salt-lake-city,2026-05-23,0,2026-05-23,Flu ED visits pct,quantile,0.75,0.15003095188813173
san-antonio,2026-05-23,0,2026-05-23,Flu ED visits pct,quantile,0.75,0.15113460453250366
savannah,2026-05-23,0,2026-05-23,Flu ED visits pct,quantile,0.75,0.06525942151029385
senc,2026-05-23,0,2026-05-23,Flu ED visits pct,quantile,0.75,0.09143435254899566
south-augusta,2026-05-23,0,2026-05-23,Flu ED visits pct,quantile,0.75,0.15496956806133808
south-carolina,2026-05-23,0,2026-05-23,Flu ED visits pct,quantile,0.75,0.1428835553526307
springfield,2026-05-23,0,2026-05-23,Flu ED visits pct,quantile,0.75,0.273466921636977
st-cloud,2026-05-23,0,2026-05-23,Flu ED visits pct,quantile,0.75,0.21863862731929237
st-paul,2026-05-23,0,2026-05-23,Flu ED visits pct,quantile,0.75,0.3590138482459159
texas,2026-05-23,0,2026-05-23,Flu ED visits pct,quantile,0.75,0.3372073021313145
triad-area,2026-05-23,0,2026-05-23,Flu ED visits pct,quantile,0.75,0.3842370190176397
utah,2026-05-23,0,2026-05-23,Flu ED visits pct,quantile,0.75,0.14096683056091805
virginia,2026-05-23,0,2026-05-23,Flu ED visits pct,quantile,0.75,0.2412721156995682
weld,2026-05-23,0,2026-05-23,Flu ED visits pct,quantile,0.75,0.33334822860766056
wnc,2026-05-23,0,2026-05-23,Flu ED visits pct,quantile,0.75,0.20448927060628047
worcester,2026-05-23,0,2026-05-23,Flu ED visits pct,quantile,0.75,0.21625008453676783
athens,2026-05-23,1,2026-05-30,Flu ED visits pct,quantile,0.75,0.23386881199145795
austin,2026-05-23,1,2026-05-30,Flu ED visits pct,quantile,0.75,0.2177331845866594
baltimore,2026-05-23,1,2026-05-30,Flu ED visits pct,quantile,0.75,0.12794815053490233
bangor,2026-05-23,1,2026-05-30,Flu ED visits pct,quantile,0.75,0.15133093070901305
beaumont,2026-05-23,1,2026-05-30,Flu ED visits pct,quantile,0.75,0.532140687934223
boston,2026-05-23,1,2026-05-30,Flu ED visits pct,quantile,0.75,0.13331168258785486
boulder,2026-05-23,1,2026-05-30,Flu ED visits pct,quantile,0.75,0.270249957019193
charleston,2026-05-23,1,2026-05-30,Flu ED visits pct,quantile,0.75,0.1838006335241079
cherokee,2026-05-23,1,2026-05-30,Flu ED visits pct,quantile,0.75,0.22899182706469257
clt-area,2026-05-23,1,2026-05-30,Flu ED visits pct,quantile,0.75,1.1878555080864073
colorado,2026-05-23,1,2026-05-30,Flu ED visits pct,quantile,0.75,0.2800816485487631
colorado-springs,2026-05-23,1,2026-05-30,Flu ED visits pct,quantile,0.75,0.38388830586291084
columbia,2026-05-23,1,2026-05-30,Flu ED visits pct,quantile,0.75,0.1330597249491937
columbus,2026-05-23,1,2026-05-30,Flu ED visits pct,quantile,0.75,0.11822579653764374
dallas,2026-05-23,1,2026-05-30,Flu ED visits pct,quantile,0.75,0.1641228765533983
denver,2026-05-23,1,2026-05-30,Flu ED visits pct,quantile,0.75,0.3021161716936172
deschutes,2026-05-23,1,2026-05-30,Flu ED visits pct,quantile,0.75,0.49154316353995353
duluth,2026-05-23,1,2026-05-30,Flu ED visits pct,quantile,0.75,0.25194468447151985
el-paso,2026-05-23,1,2026-05-30,Flu ED visits pct,quantile,0.75,1.4660987692276357
eugene,2026-05-23,1,2026-05-30,Flu ED visits pct,quantile,0.75,0.15093589165041446
fay-area,2026-05-23,1,2026-05-30,Flu ED visits pct,quantile,0.75,0.9395060655192491
florence,2026-05-23,1,2026-05-30,Flu ED visits pct,quantile,0.75,0.27151449702204383
floyd,2026-05-23,1,2026-05-30,Flu ED visits pct,quantile,0.75,0.1951567030175644
frederick,2026-05-23,1,2026-05-30,Flu ED visits pct,quantile,0.75,0.1684884113648028
georgia,2026-05-23,1,2026-05-30,Flu ED visits pct,quantile,0.75,0.15147948445326645
greenville,2026-05-23,1,2026-05-30,Flu ED visits pct,quantile,0.75,0.1217944369132422
hall,2026-05-23,1,2026-05-30,Flu ED visits pct,quantile,0.75,0.10460677669085199
harford,2026-05-23,1,2026-05-30,Flu ED visits pct,quantile,0.75,0.19226579126240717
henry,2026-05-23,1,2026-05-30,Flu ED visits pct,quantile,0.75,0.14703219165661174
horry,2026-05-23,1,2026-05-30,Flu ED visits pct,quantile,0.75,0.1612698738607095
houston,2026-05-23,1,2026-05-30,Flu ED visits pct,quantile,0.75,0.2987154518984498
indiana,2026-05-23,1,2026-05-30,Flu ED visits pct,quantile,0.75,0.10168192549496703
indianapolis,2026-05-23,1,2026-05-30,Flu ED visits pct,quantile,0.75,0.06917910177673853
la-grange,2026-05-23,1,2026-05-30,Flu ED visits pct,quantile,0.75,0.1043042730506554
larimer,2026-05-23,1,2026-05-30,Flu ED visits pct,quantile,0.75,0.15930297811015232
lynn,2026-05-23,1,2026-05-30,Flu ED visits pct,quantile,0.75,0.16458019436342997
macon,2026-05-23,1,2026-05-30,Flu ED visits pct,quantile,0.75,0.28496487868092646
maine,2026-05-23,1,2026-05-30,Flu ED visits pct,quantile,0.75,0.16173857519478962
marietta,2026-05-23,1,2026-05-30,Flu ED visits pct,quantile,0.75,0.12492090454658496
maryland,2026-05-23,1,2026-05-30,Flu ED visits pct,quantile,0.75,0.15496592013556076
massachusetts,2026-05-23,1,2026-05-30,Flu ED visits pct,quantile,0.75,0.15349515179474119
medford,2026-05-23,1,2026-05-30,Flu ED visits pct,quantile,0.75,0.10579719167770361
mesa,2026-05-23,1,2026-05-30,Flu ED visits pct,quantile,0.75,0.16536153725631997
minneapolis,2026-05-23,1,2026-05-30,Flu ED visits pct,quantile,0.75,0.24056908258251614
minnesota,2026-05-23,1,2026-05-30,Flu ED visits pct,quantile,0.75,0.22208582269960228
montgomery,2026-05-23,1,2026-05-30,Flu ED visits pct,quantile,0.75,0.17146389988122634
nenc,2026-05-23,1,2026-05-30,Flu ED visits pct,quantile,0.75,0.15224085988450886
new-bedford,2026-05-23,1,2026-05-30,Flu ED visits pct,quantile,0.75,0.2719937633051073
north-carolina,2026-05-23,1,2026-05-30,Flu ED visits pct,quantile,0.75,0.557493660906001
nyc,2026-05-23,1,2026-05-30,ILI ED visits pct,quantile,0.75,2.1422351438964875
ogden,2026-05-23,1,2026-05-30,Flu ED visits pct,quantile,0.75,0.13133465275806536
oregon,2026-05-23,1,2026-05-30,Flu ED visits pct,quantile,0.75,0.2413039818207547
pittsfield,2026-05-23,1,2026-05-30,Flu ED visits pct,quantile,0.75,0.1128419647121092
portland,2026-05-23,1,2026-05-30,Flu ED visits pct,quantile,0.75,0.19328041153422312
portland-or,2026-05-23,1,2026-05-30,Flu ED visits pct,quantile,0.75,0.2425672194838419
provo,2026-05-23,1,2026-05-30,Flu ED visits pct,quantile,0.75,0.11471818707437814
roanoke,2026-05-23,1,2026-05-30,Flu ED visits pct,quantile,0.75,0.195297627970578
rochester,2026-05-23,1,2026-05-30,Flu ED visits pct,quantile,0.75,0.147994913034669
rock-hill,2026-05-23,1,2026-05-30,Flu ED visits pct,quantile,0.75,0.11140637950741807
rtp-area,2026-05-23,1,2026-05-30,Flu ED visits pct,quantile,0.75,0.16460209873422385
salem,2026-05-23,1,2026-05-30,Flu ED visits pct,quantile,0.75,0.266587176867029
salt-lake-city,2026-05-23,1,2026-05-30,Flu ED visits pct,quantile,0.75,0.14044699683538295
san-antonio,2026-05-23,1,2026-05-30,Flu ED visits pct,quantile,0.75,0.14251145922764655
savannah,2026-05-23,1,2026-05-30,Flu ED visits pct,quantile,0.75,0.06093487776273112
senc,2026-05-23,1,2026-05-30,Flu ED visits pct,quantile,0.75,0.08370736135103145
south-augusta,2026-05-23,1,2026-05-30,Flu ED visits pct,quantile,0.75,0.1423003486324013
south-carolina,2026-05-23,1,2026-05-30,Flu ED visits pct,quantile,0.75,0.1325828952176207
springfield,2026-05-23,1,2026-05-30,Flu ED visits pct,quantile,0.75,0.25743527678679085
st-cloud,2026-05-23,1,2026-05-30,Flu ED visits pct,quantile,0.75,0.20395367852301946
st-paul,2026-05-23,1,2026-05-30,Flu ED visits pct,quantile,0.75,0.3313741639807241
texas,2026-05-23,1,2026-05-30,Flu ED visits pct,quantile,0.75,0.32242502652796257
triad-area,2026-05-23,1,2026-05-30,Flu ED visits pct,quantile,0.75,0.3603179003213828
utah,2026-05-23,1,2026-05-30,Flu ED visits pct,quantile,0.75,0.13219056751365202
virginia,2026-05-23,1,2026-05-30,Flu ED visits pct,quantile,0.75,0.22703328629771058
weld,2026-05-23,1,2026-05-30,Flu ED visits pct,quantile,0.75,0.31305403578339747
wnc,2026-05-23,1,2026-05-30,Flu ED visits pct,quantile,0.75,0.18832470217196545
worcester,2026-05-23,1,2026-05-30,Flu ED visits pct,quantile,0.75,0.19820372834360653
athens,2026-05-23,2,2026-06-06,Flu ED visits pct,quantile,0.75,0.22113332558834634
austin,2026-05-23,2,2026-06-06,Flu ED visits pct,quantile,0.75,0.20919782890437594
baltimore,2026-05-23,2,2026-06-06,Flu ED visits pct,quantile,0.75,0.1212410542436305
bangor,2026-05-23,2,2026-06-06,Flu ED visits pct,quantile,0.75,0.14695307601106
beaumont,2026-05-23,2,2026-06-06,Flu ED visits pct,quantile,0.75,0.5008773598519733
boston,2026-05-23,2,2026-06-06,Flu ED visits pct,quantile,0.75,0.12675482101140298
boulder,2026-05-23,2,2026-06-06,Flu ED visits pct,quantile,0.75,0.25836952667832047
charleston,2026-05-23,2,2026-06-06,Flu ED visits pct,quantile,0.75,0.17537378526820996
cherokee,2026-05-23,2,2026-06-06,Flu ED visits pct,quantile,0.75,0.21817149534179056
clt-area,2026-05-23,2,2026-06-06,Flu ED visits pct,quantile,0.75,1.0675174818964495
colorado,2026-05-23,2,2026-06-06,Flu ED visits pct,quantile,0.75,0.27057012412566017
colorado-springs,2026-05-23,2,2026-06-06,Flu ED visits pct,quantile,0.75,0.3619198832919894
columbia,2026-05-23,2,2026-06-06,Flu ED visits pct,quantile,0.75,0.12776014620834275
columbus,2026-05-23,2,2026-06-06,Flu ED visits pct,quantile,0.75,0.11335895965805594
dallas,2026-05-23,2,2026-06-06,Flu ED visits pct,quantile,0.75,0.15754283558778437
denver,2026-05-23,2,2026-06-06,Flu ED visits pct,quantile,0.75,0.28696478802203584
deschutes,2026-05-23,2,2026-06-06,Flu ED visits pct,quantile,0.75,0.47102871145147673
duluth,2026-05-23,2,2026-06-06,Flu ED visits pct,quantile,0.75,0.23923315669767597
el-paso,2026-05-23,2,2026-06-06,Flu ED visits pct,quantile,0.75,1.34814943082113
eugene,2026-05-23,2,2026-06-06,Flu ED visits pct,quantile,0.75,0.14406200569823255
fay-area,2026-05-23,2,2026-06-06,Flu ED visits pct,quantile,0.75,0.8407030353391164
florence,2026-05-23,2,2026-06-06,Flu ED visits pct,quantile,0.75,0.25542753050919353
floyd,2026-05-23,2,2026-06-06,Flu ED visits pct,quantile,0.75,0.18422268858457566
frederick,2026-05-23,2,2026-06-06,Flu ED visits pct,quantile,0.75,0.1688877190098938
georgia,2026-05-23,2,2026-06-06,Flu ED visits pct,quantile,0.75,0.14852209304687097
greenville,2026-05-23,2,2026-06-06,Flu ED visits pct,quantile,0.75,0.11452033608258846
hall,2026-05-23,2,2026-06-06,Flu ED visits pct,quantile,0.75,0.10133758065972354
harford,2026-05-23,2,2026-06-06,Flu ED visits pct,quantile,0.75,0.18302908421038205
henry,2026-05-23,2,2026-06-06,Flu ED visits pct,quantile,0.75,0.13989057128990512
horry,2026-05-23,2,2026-06-06,Flu ED visits pct,quantile,0.75,0.15694658617234358
houston,2026-05-23,2,2026-06-06,Flu ED visits pct,quantile,0.75,0.2845103788690834
indiana,2026-05-23,2,2026-06-06,Flu ED visits pct,quantile,0.75,0.10415033779040103
indianapolis,2026-05-23,2,2026-06-06,Flu ED visits pct,quantile,0.75,0.06793560038895241
la-grange,2026-05-23,2,2026-06-06,Flu ED visits pct,quantile,0.75,0.10103943178712903
larimer,2026-05-23,2,2026-06-06,Flu ED visits pct,quantile,0.75,0.15435030011551704
lynn,2026-05-23,2,2026-06-06,Flu ED visits pct,quantile,0.75,0.15932330847361528
macon,2026-05-23,2,2026-06-06,Flu ED visits pct,quantile,0.75,0.2697146781749428
maine,2026-05-23,2,2026-06-06,Flu ED visits pct,quantile,0.75,0.15741543874684938
marietta,2026-05-23,2,2026-06-06,Flu ED visits pct,quantile,0.75,0.11849912988727769
maryland,2026-05-23,2,2026-06-06,Flu ED visits pct,quantile,0.75,0.1496596606045963
massachusetts,2026-05-23,2,2026-06-06,Flu ED visits pct,quantile,0.75,0.14819835169034382
medford,2026-05-23,2,2026-06-06,Flu ED visits pct,quantile,0.75,0.10057969765520537
mesa,2026-05-23,2,2026-06-06,Flu ED visits pct,quantile,0.75,0.15948762522644613
minneapolis,2026-05-23,2,2026-06-06,Flu ED visits pct,quantile,0.75,0.2276756226241422
minnesota,2026-05-23,2,2026-06-06,Flu ED visits pct,quantile,0.75,0.21584854273074588
montgomery,2026-05-23,2,2026-06-06,Flu ED visits pct,quantile,0.75,0.16349943547502982
nenc,2026-05-23,2,2026-06-06,Flu ED visits pct,quantile,0.75,0.1433954447944495
new-bedford,2026-05-23,2,2026-06-06,Flu ED visits pct,quantile,0.75,0.25782320960941413
north-carolina,2026-05-23,2,2026-06-06,Flu ED visits pct,quantile,0.75,0.5277008764272495
nyc,2026-05-23,2,2026-06-06,ILI ED visits pct,quantile,0.75,2.072436923618534
ogden,2026-05-23,2,2026-06-06,Flu ED visits pct,quantile,0.75,0.12775998290479162
oregon,2026-05-23,2,2026-06-06,Flu ED visits pct,quantile,0.75,0.2350989441591115
pittsfield,2026-05-23,2,2026-06-06,Flu ED visits pct,quantile,0.75,0.11235416518966333
portland,2026-05-23,2,2026-06-06,Flu ED visits pct,quantile,0.75,0.18719188520465774
portland-or,2026-05-23,2,2026-06-06,Flu ED visits pct,quantile,0.75,0.23372114037880753
provo,2026-05-23,2,2026-06-06,Flu ED visits pct,quantile,0.75,0.11142613296913564
roanoke,2026-05-23,2,2026-06-06,Flu ED visits pct,quantile,0.75,0.18716573506286432
rochester,2026-05-23,2,2026-06-06,Flu ED visits pct,quantile,0.75,0.14208285849470614
rock-hill,2026-05-23,2,2026-06-06,Flu ED visits pct,quantile,0.75,0.11071094490492228
rtp-area,2026-05-23,2,2026-06-06,Flu ED visits pct,quantile,0.75,0.15576272001488747
salem,2026-05-23,2,2026-06-06,Flu ED visits pct,quantile,0.75,0.2515464276893255
salt-lake-city,2026-05-23,2,2026-06-06,Flu ED visits pct,quantile,0.75,0.13506082218737903
san-antonio,2026-05-23,2,2026-06-06,Flu ED visits pct,quantile,0.75,0.1386504028242772
savannah,2026-05-23,2,2026-06-06,Flu ED visits pct,quantile,0.75,0.05787607119884485
senc,2026-05-23,2,2026-06-06,Flu ED visits pct,quantile,0.75,0.07872406157837766
south-augusta,2026-05-23,2,2026-06-06,Flu ED visits pct,quantile,0.75,0.13567393514816684
south-carolina,2026-05-23,2,2026-06-06,Flu ED visits pct,quantile,0.75,0.12697693085318787
springfield,2026-05-23,2,2026-06-06,Flu ED visits pct,quantile,0.75,0.24858584377580223
st-cloud,2026-05-23,2,2026-06-06,Flu ED visits pct,quantile,0.75,0.19473646416232598
st-paul,2026-05-23,2,2026-06-06,Flu ED visits pct,quantile,0.75,0.31327974242517576
texas,2026-05-23,2,2026-06-06,Flu ED visits pct,quantile,0.75,0.31273341226081086
triad-area,2026-05-23,2,2026-06-06,Flu ED visits pct,quantile,0.75,0.3403090712415868
utah,2026-05-23,2,2026-06-06,Flu ED visits pct,quantile,0.75,0.1293023918954649
virginia,2026-05-23,2,2026-06-06,Flu ED visits pct,quantile,0.75,0.2243777972040304
weld,2026-05-23,2,2026-06-06,Flu ED visits pct,quantile,0.75,0.3048145163495439
wnc,2026-05-23,2,2026-06-06,Flu ED visits pct,quantile,0.75,0.17761253743590444
worcester,2026-05-23,2,2026-06-06,Flu ED visits pct,quantile,0.75,0.18987091484339141
athens,2026-05-23,3,2026-06-13,Flu ED visits pct,quantile,0.75,0.21810490341315855
austin,2026-05-23,3,2026-06-13,Flu ED visits pct,quantile,0.75,0.20920387718533137
baltimore,2026-05-23,3,2026-06-13,Flu ED visits pct,quantile,0.75,0.12039721159814536
bangor,2026-05-23,3,2026-06-13,Flu ED visits pct,quantile,0.75,0.1439709308567945
beaumont,2026-05-23,3,2026-06-13,Flu ED visits pct,quantile,0.75,0.49410884701920466
boston,2026-05-23,3,2026-06-13,Flu ED visits pct,quantile,0.75,0.12508739984537928
boulder,2026-05-23,3,2026-06-13,Flu ED visits pct,quantile,0.75,0.255641147799454
charleston,2026-05-23,3,2026-06-13,Flu ED visits pct,quantile,0.75,0.17317152452064236
cherokee,2026-05-23,3,2026-06-13,Flu ED visits pct,quantile,0.75,0.21719178554764904
clt-area,2026-05-23,3,2026-06-13,Flu ED visits pct,quantile,0.75,0.9995198452426723
colorado,2026-05-23,3,2026-06-13,Flu ED visits pct,quantile,0.75,0.2678082105625868
colorado-springs,2026-05-23,3,2026-06-13,Flu ED visits pct,quantile,0.75,0.35410938211961984
columbia,2026-05-23,3,2026-06-13,Flu ED visits pct,quantile,0.75,0.12797137440552547
columbus,2026-05-23,3,2026-06-13,Flu ED visits pct,quantile,0.75,0.11473492874520924
dallas,2026-05-23,3,2026-06-13,Flu ED visits pct,quantile,0.75,0.15594256449491434
denver,2026-05-23,3,2026-06-13,Flu ED visits pct,quantile,0.75,0.285110697317506
deschutes,2026-05-23,3,2026-06-13,Flu ED visits pct,quantile,0.75,0.4649869062662171
duluth,2026-05-23,3,2026-06-13,Flu ED visits pct,quantile,0.75,0.23417496796082815
el-paso,2026-05-23,3,2026-06-13,Flu ED visits pct,quantile,0.75,1.301134116822996
eugene,2026-05-23,3,2026-06-13,Flu ED visits pct,quantile,0.75,0.14106100534822474
fay-area,2026-05-23,3,2026-06-13,Flu ED visits pct,quantile,0.75,0.7951676841938699
florence,2026-05-23,3,2026-06-13,Flu ED visits pct,quantile,0.75,0.2496197566828604
floyd,2026-05-23,3,2026-06-13,Flu ED visits pct,quantile,0.75,0.1812343491429759
frederick,2026-05-23,3,2026-06-13,Flu ED visits pct,quantile,0.75,0.17079356423471587
georgia,2026-05-23,3,2026-06-13,Flu ED visits pct,quantile,0.75,0.14796261701992203
greenville,2026-05-23,3,2026-06-13,Flu ED visits pct,quantile,0.75,0.11275418930794807
hall,2026-05-23,3,2026-06-13,Flu ED visits pct,quantile,0.75,0.10152621534398767
harford,2026-05-23,3,2026-06-13,Flu ED visits pct,quantile,0.75,0.18187488308508573
henry,2026-05-23,3,2026-06-13,Flu ED visits pct,quantile,0.75,0.13873944968826332
horry,2026-05-23,3,2026-06-13,Flu ED visits pct,quantile,0.75,0.15657800672879912
houston,2026-05-23,3,2026-06-13,Flu ED visits pct,quantile,0.75,0.28015178301125065
indiana,2026-05-23,3,2026-06-13,Flu ED visits pct,quantile,0.75,0.11034061568970886
indianapolis,2026-05-23,3,2026-06-13,Flu ED visits pct,quantile,0.75,0.06830809732711911
la-grange,2026-05-23,3,2026-06-13,Flu ED visits pct,quantile,0.75,0.09935477653325897
larimer,2026-05-23,3,2026-06-13,Flu ED visits pct,quantile,0.75,0.1541791455337521
lynn,2026-05-23,3,2026-06-13,Flu ED visits pct,quantile,0.75,0.16076073220218606
macon,2026-05-23,3,2026-06-13,Flu ED visits pct,quantile,0.75,0.26608324621340546
maine,2026-05-23,3,2026-06-13,Flu ED visits pct,quantile,0.75,0.15475218034237975
marietta,2026-05-23,3,2026-06-13,Flu ED visits pct,quantile,0.75,0.1181698035541932
maryland,2026-05-23,3,2026-06-13,Flu ED visits pct,quantile,0.75,0.15048420000614418
massachusetts,2026-05-23,3,2026-06-13,Flu ED visits pct,quantile,0.75,0.14820378072275311
medford,2026-05-23,3,2026-06-13,Flu ED visits pct,quantile,0.75,0.10091796841522885
mesa,2026-05-23,3,2026-06-13,Flu ED visits pct,quantile,0.75,0.15974938189580143
minneapolis,2026-05-23,3,2026-06-13,Flu ED visits pct,quantile,0.75,0.2247028998932025
minnesota,2026-05-23,3,2026-06-13,Flu ED visits pct,quantile,0.75,0.21518753031746998
montgomery,2026-05-23,3,2026-06-13,Flu ED visits pct,quantile,0.75,0.16095072064368623
nenc,2026-05-23,3,2026-06-13,Flu ED visits pct,quantile,0.75,0.13967833798078008
new-bedford,2026-05-23,3,2026-06-13,Flu ED visits pct,quantile,0.75,0.25600883341620645
north-carolina,2026-05-23,3,2026-06-13,Flu ED visits pct,quantile,0.75,0.5175965520847738
nyc,2026-05-23,3,2026-06-13,ILI ED visits pct,quantile,0.75,2.0423200067927088
ogden,2026-05-23,3,2026-06-13,Flu ED visits pct,quantile,0.75,0.1270565007308668
oregon,2026-05-23,3,2026-06-13,Flu ED visits pct,quantile,0.75,0.232528717112931
pittsfield,2026-05-23,3,2026-06-13,Flu ED visits pct,quantile,0.75,0.1179477418928677
portland,2026-05-23,3,2026-06-13,Flu ED visits pct,quantile,0.75,0.18531781564755043
portland-or,2026-05-23,3,2026-06-13,Flu ED visits pct,quantile,0.75,0.23087295699588178
provo,2026-05-23,3,2026-06-13,Flu ED visits pct,quantile,0.75,0.10995671579958854
roanoke,2026-05-23,3,2026-06-13,Flu ED visits pct,quantile,0.75,0.18639417515037568
rochester,2026-05-23,3,2026-06-13,Flu ED visits pct,quantile,0.75,0.14147863546560818
rock-hill,2026-05-23,3,2026-06-13,Flu ED visits pct,quantile,0.75,0.11238454930979346
rtp-area,2026-05-23,3,2026-06-13,Flu ED visits pct,quantile,0.75,0.15276682408611758
salem,2026-05-23,3,2026-06-13,Flu ED visits pct,quantile,0.75,0.24703356637981683
salt-lake-city,2026-05-23,3,2026-06-13,Flu ED visits pct,quantile,0.75,0.134735648149322
san-antonio,2026-05-23,3,2026-06-13,Flu ED visits pct,quantile,0.75,0.13836936730221785
savannah,2026-05-23,3,2026-06-13,Flu ED visits pct,quantile,0.75,0.057328101583414635
senc,2026-05-23,3,2026-06-13,Flu ED visits pct,quantile,0.75,0.0769880796319114
south-augusta,2026-05-23,3,2026-06-13,Flu ED visits pct,quantile,0.75,0.13390719959078923
south-carolina,2026-05-23,3,2026-06-13,Flu ED visits pct,quantile,0.75,0.12523136618524264
springfield,2026-05-23,3,2026-06-13,Flu ED visits pct,quantile,0.75,0.2454674592260025
st-cloud,2026-05-23,3,2026-06-13,Flu ED visits pct,quantile,0.75,0.19302505247100152
st-paul,2026-05-23,3,2026-06-13,Flu ED visits pct,quantile,0.75,0.30868417804485854
texas,2026-05-23,3,2026-06-13,Flu ED visits pct,quantile,0.75,0.3112826090977029
triad-area,2026-05-23,3,2026-06-13,Flu ED visits pct,quantile,0.75,0.3346680195092495
utah,2026-05-23,3,2026-06-13,Flu ED visits pct,quantile,0.75,0.12959281546625068
virginia,2026-05-23,3,2026-06-13,Flu ED visits pct,quantile,0.75,0.22359633528727688
weld,2026-05-23,3,2026-06-13,Flu ED visits pct,quantile,0.75,0.3016097551896814
wnc,2026-05-23,3,2026-06-13,Flu ED visits pct,quantile,0.75,0.17295625150823965
worcester,2026-05-23,3,2026-06-13,Flu ED visits pct,quantile,0.75,0.1881028215539583
athens,2026-05-23,0,2026-05-23,Flu ED visits pct,quantile,0.9,0.34258209551276314
austin,2026-05-23,0,2026-05-23,Flu ED visits pct,quantile,0.9,0.2812282920852425
baltimore,2026-05-23,0,2026-05-23,Flu ED visits pct,quantile,0.9,0.16532645991661468
bangor,2026-05-23,0,2026-05-23,Flu ED visits pct,quantile,0.9,0.21222477345998342
beaumont,2026-05-23,0,2026-05-23,Flu ED visits pct,quantile,0.9,0.7242214560501101
boston,2026-05-23,0,2026-05-23,Flu ED visits pct,quantile,0.9,0.1629943556278923
boulder,2026-05-23,0,2026-05-23,Flu ED visits pct,quantile,0.9,0.3689706293625078
charleston,2026-05-23,0,2026-05-23,Flu ED visits pct,quantile,0.9,0.24394654384254616
cherokee,2026-05-23,0,2026-05-23,Flu ED visits pct,quantile,0.9,0.34262063852085567
clt-area,2026-05-23,0,2026-05-23,Flu ED visits pct,quantile,0.9,1.3656199612564959
colorado,2026-05-23,0,2026-05-23,Flu ED visits pct,quantile,0.9,0.35137318315779487
colorado-springs,2026-05-23,0,2026-05-23,Flu ED visits pct,quantile,0.9,0.4748348118258537
columbia,2026-05-23,0,2026-05-23,Flu ED visits pct,quantile,0.9,0.21545006309685988
columbus,2026-05-23,0,2026-05-23,Flu ED visits pct,quantile,0.9,0.18413808015567965
dallas,2026-05-23,0,2026-05-23,Flu ED visits pct,quantile,0.9,0.19065416572222482
denver,2026-05-23,0,2026-05-23,Flu ED visits pct,quantile,0.9,0.3642316196741605
deschutes,2026-05-23,0,2026-05-23,Flu ED visits pct,quantile,0.9,0.6626578589243645
duluth,2026-05-23,0,2026-05-23,Flu ED visits pct,quantile,0.9,0.35328276839055944
el-paso,2026-05-23,0,2026-05-23,Flu ED visits pct,quantile,0.9,1.7704396572782706
eugene,2026-05-23,0,2026-05-23,Flu ED visits pct,quantile,0.9,0.22197733685194018
fay-area,2026-05-23,0,2026-05-23,Flu ED visits pct,quantile,0.9,1.1297910618905282
florence,2026-05-23,0,2026-05-23,Flu ED visits pct,quantile,0.9,0.402744655228267
floyd,2026-05-23,0,2026-05-23,Flu ED visits pct,quantile,0.9,0.28485369837682367
frederick,2026-05-23,0,2026-05-23,Flu ED visits pct,quantile,0.9,0.21853272165078924
georgia,2026-05-23,0,2026-05-23,Flu ED visits pct,quantile,0.9,0.19061326283754224
greenville,2026-05-23,0,2026-05-23,Flu ED visits pct,quantile,0.9,0.17666171392625074
hall,2026-05-23,0,2026-05-23,Flu ED visits pct,quantile,0.9,0.16333500344724786
harford,2026-05-23,0,2026-05-23,Flu ED visits pct,quantile,0.9,0.29182480810235956
henry,2026-05-23,0,2026-05-23,Flu ED visits pct,quantile,0.9,0.20754994624279582
horry,2026-05-23,0,2026-05-23,Flu ED visits pct,quantile,0.9,0.23913745081960544
houston,2026-05-23,0,2026-05-23,Flu ED visits pct,quantile,0.9,0.3513492337221312
indiana,2026-05-23,0,2026-05-23,Flu ED visits pct,quantile,0.9,0.13468810476990453
indianapolis,2026-05-23,0,2026-05-23,Flu ED visits pct,quantile,0.9,0.09812691716157501
la-grange,2026-05-23,0,2026-05-23,Flu ED visits pct,quantile,0.9,0.160191394306507
larimer,2026-05-23,0,2026-05-23,Flu ED visits pct,quantile,0.9,0.250192028640426
lynn,2026-05-23,0,2026-05-23,Flu ED visits pct,quantile,0.9,0.22003778880065802
macon,2026-05-23,0,2026-05-23,Flu ED visits pct,quantile,0.9,0.3759390370493194
maine,2026-05-23,0,2026-05-23,Flu ED visits pct,quantile,0.9,0.22512081231563857
marietta,2026-05-23,0,2026-05-23,Flu ED visits pct,quantile,0.9,0.1767550266008637
maryland,2026-05-23,0,2026-05-23,Flu ED visits pct,quantile,0.9,0.2001515440471644
massachusetts,2026-05-23,0,2026-05-23,Flu ED visits pct,quantile,0.9,0.1914191370524876
medford,2026-05-23,0,2026-05-23,Flu ED visits pct,quantile,0.9,0.1853561277336363
mesa,2026-05-23,0,2026-05-23,Flu ED visits pct,quantile,0.9,0.28756163843354954
minneapolis,2026-05-23,0,2026-05-23,Flu ED visits pct,quantile,0.9,0.2924447240426545
minnesota,2026-05-23,0,2026-05-23,Flu ED visits pct,quantile,0.9,0.28395457273637104
montgomery,2026-05-23,0,2026-05-23,Flu ED visits pct,quantile,0.9,0.2200105730222249
nenc,2026-05-23,0,2026-05-23,Flu ED visits pct,quantile,0.9,0.19266715648235283
new-bedford,2026-05-23,0,2026-05-23,Flu ED visits pct,quantile,0.9,0.3670373928073082
north-carolina,2026-05-23,0,2026-05-23,Flu ED visits pct,quantile,0.9,0.6421267968449157
nyc,2026-05-23,0,2026-05-23,ILI ED visits pct,quantile,0.9,2.3738075412392265
ogden,2026-05-23,0,2026-05-23,Flu ED visits pct,quantile,0.9,0.17703210173996475
oregon,2026-05-23,0,2026-05-23,Flu ED visits pct,quantile,0.9,0.3096236132805571
pittsfield,2026-05-23,0,2026-05-23,Flu ED visits pct,quantile,0.9,0.17350012194421613
portland,2026-05-23,0,2026-05-23,Flu ED visits pct,quantile,0.9,0.27132256628260626
portland-or,2026-05-23,0,2026-05-23,Flu ED visits pct,quantile,0.9,0.32561901048101144
provo,2026-05-23,0,2026-05-23,Flu ED visits pct,quantile,0.9,0.1595303009101993
roanoke,2026-05-23,0,2026-05-23,Flu ED visits pct,quantile,0.9,0.2558257815717417
rochester,2026-05-23,0,2026-05-23,Flu ED visits pct,quantile,0.9,0.22505247596711767
rock-hill,2026-05-23,0,2026-05-23,Flu ED visits pct,quantile,0.9,0.2652241840159171
rtp-area,2026-05-23,0,2026-05-23,Flu ED visits pct,quantile,0.9,0.20861206647413177
salem,2026-05-23,0,2026-05-23,Flu ED visits pct,quantile,0.9,0.36729225965673934
salt-lake-city,2026-05-23,0,2026-05-23,Flu ED visits pct,quantile,0.9,0.17554593168115257
san-antonio,2026-05-23,0,2026-05-23,Flu ED visits pct,quantile,0.9,0.18765699456502857
savannah,2026-05-23,0,2026-05-23,Flu ED visits pct,quantile,0.9,0.09056976604449389
senc,2026-05-23,0,2026-05-23,Flu ED visits pct,quantile,0.9,0.12876822582756947
south-augusta,2026-05-23,0,2026-05-23,Flu ED visits pct,quantile,0.9,0.20044952327561705
south-carolina,2026-05-23,0,2026-05-23,Flu ED visits pct,quantile,0.9,0.16960965079349172
springfield,2026-05-23,0,2026-05-23,Flu ED visits pct,quantile,0.9,0.3404579625852062
st-cloud,2026-05-23,0,2026-05-23,Flu ED visits pct,quantile,0.9,0.29433460019287433
st-paul,2026-05-23,0,2026-05-23,Flu ED visits pct,quantile,0.9,0.42391331720666825
texas,2026-05-23,0,2026-05-23,Flu ED visits pct,quantile,0.9,0.3749924514909469
triad-area,2026-05-23,0,2026-05-23,Flu ED visits pct,quantile,0.9,0.4122781834866585
utah,2026-05-23,0,2026-05-23,Flu ED visits pct,quantile,0.9,0.16609276047125446
virginia,2026-05-23,0,2026-05-23,Flu ED visits pct,quantile,0.9,0.2805407952302519
weld,2026-05-23,0,2026-05-23,Flu ED visits pct,quantile,0.9,0.4459808885745777
wnc,2026-05-23,0,2026-05-23,Flu ED visits pct,quantile,0.9,0.23136164523501185
worcester,2026-05-23,0,2026-05-23,Flu ED visits pct,quantile,0.9,0.2711739128046114
athens,2026-05-23,1,2026-05-30,Flu ED visits pct,quantile,0.9,0.33834684421041916
austin,2026-05-23,1,2026-05-30,Flu ED visits pct,quantile,0.9,0.27837371267722094
baltimore,2026-05-23,1,2026-05-30,Flu ED visits pct,quantile,0.9,0.15976705347097578
bangor,2026-05-23,1,2026-05-30,Flu ED visits pct,quantile,0.9,0.20809713778264174
beaumont,2026-05-23,1,2026-05-30,Flu ED visits pct,quantile,0.9,0.7210883665576338
boston,2026-05-23,1,2026-05-30,Flu ED visits pct,quantile,0.9,0.1567476244366379
boulder,2026-05-23,1,2026-05-30,Flu ED visits pct,quantile,0.9,0.35670470322492376
charleston,2026-05-23,1,2026-05-30,Flu ED visits pct,quantile,0.9,0.24016471797329014
cherokee,2026-05-23,1,2026-05-30,Flu ED visits pct,quantile,0.9,0.33942354113809386
clt-area,2026-05-23,1,2026-05-30,Flu ED visits pct,quantile,0.9,1.311936171858801
colorado,2026-05-23,1,2026-05-30,Flu ED visits pct,quantile,0.9,0.3412868984099455
colorado-springs,2026-05-23,1,2026-05-30,Flu ED visits pct,quantile,0.9,0.46141277462854974
columbia,2026-05-23,1,2026-05-30,Flu ED visits pct,quantile,0.9,0.21248440941516988
columbus,2026-05-23,1,2026-05-30,Flu ED visits pct,quantile,0.9,0.18299063908441612
dallas,2026-05-23,1,2026-05-30,Flu ED visits pct,quantile,0.9,0.18847856787036052
denver,2026-05-23,1,2026-05-30,Flu ED visits pct,quantile,0.9,0.3546484013600363
deschutes,2026-05-23,1,2026-05-30,Flu ED visits pct,quantile,0.9,0.6763740797897929
duluth,2026-05-23,1,2026-05-30,Flu ED visits pct,quantile,0.9,0.33972113218999994
el-paso,2026-05-23,1,2026-05-30,Flu ED visits pct,quantile,0.9,1.7445535610394705
eugene,2026-05-23,1,2026-05-30,Flu ED visits pct,quantile,0.9,0.22224594548893023
fay-area,2026-05-23,1,2026-05-30,Flu ED visits pct,quantile,0.9,1.0703860596540624
florence,2026-05-23,1,2026-05-30,Flu ED visits pct,quantile,0.9,0.40742124066975005
floyd,2026-05-23,1,2026-05-30,Flu ED visits pct,quantile,0.9,0.275969087412755
frederick,2026-05-23,1,2026-05-30,Flu ED visits pct,quantile,0.9,0.21909666971840955
georgia,2026-05-23,1,2026-05-30,Flu ED visits pct,quantile,0.9,0.18690262758661796
greenville,2026-05-23,1,2026-05-30,Flu ED visits pct,quantile,0.9,0.17244912051611352
hall,2026-05-23,1,2026-05-30,Flu ED visits pct,quantile,0.9,0.15835901795602467
harford,2026-05-23,1,2026-05-30,Flu ED visits pct,quantile,0.9,0.28879833724271076
henry,2026-05-23,1,2026-05-30,Flu ED visits pct,quantile,0.9,0.20294291048326957
horry,2026-05-23,1,2026-05-30,Flu ED visits pct,quantile,0.9,0.23552292992727883
houston,2026-05-23,1,2026-05-30,Flu ED visits pct,quantile,0.9,0.3461964026506024
indiana,2026-05-23,1,2026-05-30,Flu ED visits pct,quantile,0.9,0.13715176868355503
indianapolis,2026-05-23,1,2026-05-30,Flu ED visits pct,quantile,0.9,0.09831632166597565
la-grange,2026-05-23,1,2026-05-30,Flu ED visits pct,quantile,0.9,0.15948173007769506
larimer,2026-05-23,1,2026-05-30,Flu ED visits pct,quantile,0.9,0.2445499686399587
lynn,2026-05-23,1,2026-05-30,Flu ED visits pct,quantile,0.9,0.2108954946398837
macon,2026-05-23,1,2026-05-30,Flu ED visits pct,quantile,0.9,0.38122969136027474
maine,2026-05-23,1,2026-05-30,Flu ED visits pct,quantile,0.9,0.2169453599216438
marietta,2026-05-23,1,2026-05-30,Flu ED visits pct,quantile,0.9,0.17391861697782812
maryland,2026-05-23,1,2026-05-30,Flu ED visits pct,quantile,0.9,0.19550073994282632
massachusetts,2026-05-23,1,2026-05-30,Flu ED visits pct,quantile,0.9,0.18559050386806555
medford,2026-05-23,1,2026-05-30,Flu ED visits pct,quantile,0.9,0.1861850537481912
mesa,2026-05-23,1,2026-05-30,Flu ED visits pct,quantile,0.9,0.29227966934939187
minneapolis,2026-05-23,1,2026-05-30,Flu ED visits pct,quantile,0.9,0.2817899974996305
minnesota,2026-05-23,1,2026-05-30,Flu ED visits pct,quantile,0.9,0.2745943188070597
montgomery,2026-05-23,1,2026-05-30,Flu ED visits pct,quantile,0.9,0.21576481195387984
nenc,2026-05-23,1,2026-05-30,Flu ED visits pct,quantile,0.9,0.18928774151177855
new-bedford,2026-05-23,1,2026-05-30,Flu ED visits pct,quantile,0.9,0.35545024011885784
north-carolina,2026-05-23,1,2026-05-30,Flu ED visits pct,quantile,0.9,0.6296082563429697
nyc,2026-05-23,1,2026-05-30,ILI ED visits pct,quantile,0.9,2.3607658408583823
ogden,2026-05-23,1,2026-05-30,Flu ED visits pct,quantile,0.9,0.17585677472638236
oregon,2026-05-23,1,2026-05-30,Flu ED visits pct,quantile,0.9,0.30711259860966234
pittsfield,2026-05-23,1,2026-05-30,Flu ED visits pct,quantile,0.9,0.16890986269044825
portland,2026-05-23,1,2026-05-30,Flu ED visits pct,quantile,0.9,0.26100621969049365
portland-or,2026-05-23,1,2026-05-30,Flu ED visits pct,quantile,0.9,0.31826562360845784
provo,2026-05-23,1,2026-05-30,Flu ED visits pct,quantile,0.9,0.15559644817340626
roanoke,2026-05-23,1,2026-05-30,Flu ED visits pct,quantile,0.9,0.24991078821376606
rochester,2026-05-23,1,2026-05-30,Flu ED visits pct,quantile,0.9,0.22591081825622863
rock-hill,2026-05-23,1,2026-05-30,Flu ED visits pct,quantile,0.9,0.2597443839831764
rtp-area,2026-05-23,1,2026-05-30,Flu ED visits pct,quantile,0.9,0.2047802588122335
salem,2026-05-23,1,2026-05-30,Flu ED visits pct,quantile,0.9,0.3680151382695793
salt-lake-city,2026-05-23,1,2026-05-30,Flu ED visits pct,quantile,0.9,0.17239780082115014
san-antonio,2026-05-23,1,2026-05-30,Flu ED visits pct,quantile,0.9,0.18591417781178823
savannah,2026-05-23,1,2026-05-30,Flu ED visits pct,quantile,0.9,0.08874026240665973
senc,2026-05-23,1,2026-05-30,Flu ED visits pct,quantile,0.9,0.12219198315582598
south-augusta,2026-05-23,1,2026-05-30,Flu ED visits pct,quantile,0.9,0.19597528470116032
south-carolina,2026-05-23,1,2026-05-30,Flu ED visits pct,quantile,0.9,0.16801548460520563
springfield,2026-05-23,1,2026-05-30,Flu ED visits pct,quantile,0.9,0.3287667446119009
st-cloud,2026-05-23,1,2026-05-30,Flu ED visits pct,quantile,0.9,0.2865331409690027
st-paul,2026-05-23,1,2026-05-30,Flu ED visits pct,quantile,0.9,0.41553383775194747
texas,2026-05-23,1,2026-05-30,Flu ED visits pct,quantile,0.9,0.3701653177722343
triad-area,2026-05-23,1,2026-05-30,Flu ED visits pct,quantile,0.9,0.4026213010699522
utah,2026-05-23,1,2026-05-30,Flu ED visits pct,quantile,0.9,0.16351706804257385
virginia,2026-05-23,1,2026-05-30,Flu ED visits pct,quantile,0.9,0.28028563707101983
weld,2026-05-23,1,2026-05-30,Flu ED visits pct,quantile,0.9,0.439787594338327
wnc,2026-05-23,1,2026-05-30,Flu ED visits pct,quantile,0.9,0.22255334480677524
worcester,2026-05-23,1,2026-05-30,Flu ED visits pct,quantile,0.9,0.2622375562329777
athens,2026-05-23,2,2026-06-06,Flu ED visits pct,quantile,0.9,0.3323314546449961
austin,2026-05-23,2,2026-06-06,Flu ED visits pct,quantile,0.9,0.27462393566372145
baltimore,2026-05-23,2,2026-06-06,Flu ED visits pct,quantile,0.9,0.15677425308798418
bangor,2026-05-23,2,2026-06-06,Flu ED visits pct,quantile,0.9,0.20377511974202825
beaumont,2026-05-23,2,2026-06-06,Flu ED visits pct,quantile,0.9,0.7168086538154678
boston,2026-05-23,2,2026-06-06,Flu ED visits pct,quantile,0.9,0.15402831388043337
boulder,2026-05-23,2,2026-06-06,Flu ED visits pct,quantile,0.9,0.3508517410487296
charleston,2026-05-23,2,2026-06-06,Flu ED visits pct,quantile,0.9,0.23686394481728168
cherokee,2026-05-23,2,2026-06-06,Flu ED visits pct,quantile,0.9,0.33685037263671436
clt-area,2026-05-23,2,2026-06-06,Flu ED visits pct,quantile,0.9,1.2541438856609135
colorado,2026-05-23,2,2026-06-06,Flu ED visits pct,quantile,0.9,0.3395547832665878
colorado-springs,2026-05-23,2,2026-06-06,Flu ED visits pct,quantile,0.9,0.45386033235291023
columbia,2026-05-23,2,2026-06-06,Flu ED visits pct,quantile,0.9,0.20828375208412228
columbus,2026-05-23,2,2026-06-06,Flu ED visits pct,quantile,0.9,0.18532104391896087
dallas,2026-05-23,2,2026-06-06,Flu ED visits pct,quantile,0.9,0.18729169686266287
denver,2026-05-23,2,2026-06-06,Flu ED visits pct,quantile,0.9,0.34994800577687407
deschutes,2026-05-23,2,2026-06-06,Flu ED visits pct,quantile,0.9,0.6785275831681422
duluth,2026-05-23,2,2026-06-06,Flu ED visits pct,quantile,0.9,0.3340956849349424
el-paso,2026-05-23,2,2026-06-06,Flu ED visits pct,quantile,0.9,1.6963158826896325
eugene,2026-05-23,2,2026-06-06,Flu ED visits pct,quantile,0.9,0.22264882829411772
fay-area,2026-05-23,2,2026-06-06,Flu ED visits pct,quantile,0.9,1.0295935912612273
florence,2026-05-23,2,2026-06-06,Flu ED visits pct,quantile,0.9,0.4046075959591158
floyd,2026-05-23,2,2026-06-06,Flu ED visits pct,quantile,0.9,0.27144115537387387
frederick,2026-05-23,2,2026-06-06,Flu ED visits pct,quantile,0.9,0.22988569946275614
georgia,2026-05-23,2,2026-06-06,Flu ED visits pct,quantile,0.9,0.185850556733932
greenville,2026-05-23,2,2026-06-06,Flu ED visits pct,quantile,0.9,0.1701871707032911
hall,2026-05-23,2,2026-06-06,Flu ED visits pct,quantile,0.9,0.15728171788429274
harford,2026-05-23,2,2026-06-06,Flu ED visits pct,quantile,0.9,0.28739209689703676
henry,2026-05-23,2,2026-06-06,Flu ED visits pct,quantile,0.9,0.1984403699224507
horry,2026-05-23,2,2026-06-06,Flu ED visits pct,quantile,0.9,0.23203286421476663
houston,2026-05-23,2,2026-06-06,Flu ED visits pct,quantile,0.9,0.34291029218592056
indiana,2026-05-23,2,2026-06-06,Flu ED visits pct,quantile,0.9,0.14586115471091915
indianapolis,2026-05-23,2,2026-06-06,Flu ED visits pct,quantile,0.9,0.09958642043757421
la-grange,2026-05-23,2,2026-06-06,Flu ED visits pct,quantile,0.9,0.1579330171236845
larimer,2026-05-23,2,2026-06-06,Flu ED visits pct,quantile,0.9,0.2415876478377258
lynn,2026-05-23,2,2026-06-06,Flu ED visits pct,quantile,0.9,0.2099730557365814
macon,2026-05-23,2,2026-06-06,Flu ED visits pct,quantile,0.9,0.384753578752297
maine,2026-05-23,2,2026-06-06,Flu ED visits pct,quantile,0.9,0.21309482276065952
marietta,2026-05-23,2,2026-06-06,Flu ED visits pct,quantile,0.9,0.1717724202591527
maryland,2026-05-23,2,2026-06-06,Flu ED visits pct,quantile,0.9,0.1933960338663507
massachusetts,2026-05-23,2,2026-06-06,Flu ED visits pct,quantile,0.9,0.18502559146072395
medford,2026-05-23,2,2026-06-06,Flu ED visits pct,quantile,0.9,0.1846611813574753
mesa,2026-05-23,2,2026-06-06,Flu ED visits pct,quantile,0.9,0.30325194190795673
minneapolis,2026-05-23,2,2026-06-06,Flu ED visits pct,quantile,0.9,0.2769256195352204
minnesota,2026-05-23,2,2026-06-06,Flu ED visits pct,quantile,0.9,0.2705494316364746
montgomery,2026-05-23,2,2026-06-06,Flu ED visits pct,quantile,0.9,0.2116635240150367
nenc,2026-05-23,2,2026-06-06,Flu ED visits pct,quantile,0.9,0.18505376833450687
new-bedford,2026-05-23,2,2026-06-06,Flu ED visits pct,quantile,0.9,0.3492189404300724
north-carolina,2026-05-23,2,2026-06-06,Flu ED visits pct,quantile,0.9,0.6187799226874969
nyc,2026-05-23,2,2026-06-06,ILI ED visits pct,quantile,0.9,2.3510688612740425
ogden,2026-05-23,2,2026-06-06,Flu ED visits pct,quantile,0.9,0.1751472863694394
oregon,2026-05-23,2,2026-06-06,Flu ED visits pct,quantile,0.9,0.30374321006197885
pittsfield,2026-05-23,2,2026-06-06,Flu ED visits pct,quantile,0.9,0.17417051975340758
portland,2026-05-23,2,2026-06-06,Flu ED visits pct,quantile,0.9,0.2589516931756784
portland-or,2026-05-23,2,2026-06-06,Flu ED visits pct,quantile,0.9,0.31535767893671424
provo,2026-05-23,2,2026-06-06,Flu ED visits pct,quantile,0.9,0.15443858581463057
roanoke,2026-05-23,2,2026-06-06,Flu ED visits pct,quantile,0.9,0.24478469997049374
rochester,2026-05-23,2,2026-06-06,Flu ED visits pct,quantile,0.9,0.22443328329429102
rock-hill,2026-05-23,2,2026-06-06,Flu ED visits pct,quantile,0.9,0.2655141738207578
rtp-area,2026-05-23,2,2026-06-06,Flu ED visits pct,quantile,0.9,0.2014252196757295
salem,2026-05-23,2,2026-06-06,Flu ED visits pct,quantile,0.9,0.36636731411336226
salt-lake-city,2026-05-23,2,2026-06-06,Flu ED visits pct,quantile,0.9,0.16903090044693195
san-antonio,2026-05-23,2,2026-06-06,Flu ED visits pct,quantile,0.9,0.18468889854869494
savannah,2026-05-23,2,2026-06-06,Flu ED visits pct,quantile,0.9,0.08828632882397656
senc,2026-05-23,2,2026-06-06,Flu ED visits pct,quantile,0.9,0.11803169986603439
south-augusta,2026-05-23,2,2026-06-06,Flu ED visits pct,quantile,0.9,0.19280936758222297
south-carolina,2026-05-23,2,2026-06-06,Flu ED visits pct,quantile,0.9,0.1675340081154165
springfield,2026-05-23,2,2026-06-06,Flu ED visits pct,quantile,0.9,0.32277686114537074
st-cloud,2026-05-23,2,2026-06-06,Flu ED visits pct,quantile,0.9,0.2814446050022926
st-paul,2026-05-23,2,2026-06-06,Flu ED visits pct,quantile,0.9,0.4077700598204458
texas,2026-05-23,2,2026-06-06,Flu ED visits pct,quantile,0.9,0.3688320430925346
triad-area,2026-05-23,2,2026-06-06,Flu ED visits pct,quantile,0.9,0.39504598212327174
utah,2026-05-23,2,2026-06-06,Flu ED visits pct,quantile,0.9,0.16226618532135137
virginia,2026-05-23,2,2026-06-06,Flu ED visits pct,quantile,0.9,0.2775122347245671
weld,2026-05-23,2,2026-06-06,Flu ED visits pct,quantile,0.9,0.4367115204361346
wnc,2026-05-23,2,2026-06-06,Flu ED visits pct,quantile,0.9,0.21758298521719047
worcester,2026-05-23,2,2026-06-06,Flu ED visits pct,quantile,0.9,0.25972924782373485
athens,2026-05-23,3,2026-06-13,Flu ED visits pct,quantile,0.9,0.3414795581767476
austin,2026-05-23,3,2026-06-13,Flu ED visits pct,quantile,0.9,0.2816991315431635
baltimore,2026-05-23,3,2026-06-13,Flu ED visits pct,quantile,0.9,0.16180310697914282
bangor,2026-05-23,3,2026-06-13,Flu ED visits pct,quantile,0.9,0.20753818509860178
beaumont,2026-05-23,3,2026-06-13,Flu ED visits pct,quantile,0.9,0.7337705459304635
boston,2026-05-23,3,2026-06-13,Flu ED visits pct,quantile,0.9,0.1594069790949167
boulder,2026-05-23,3,2026-06-13,Flu ED visits pct,quantile,0.9,0.3542618482440085
charleston,2026-05-23,3,2026-06-13,Flu ED visits pct,quantile,0.9,0.24388671623704278
cherokee,2026-05-23,3,2026-06-13,Flu ED visits pct,quantile,0.9,0.34506118784549267
clt-area,2026-05-23,3,2026-06-13,Flu ED visits pct,quantile,0.9,1.2449410072596212
colorado,2026-05-23,3,2026-06-13,Flu ED visits pct,quantile,0.9,0.34787511729338794
colorado-springs,2026-05-23,3,2026-06-13,Flu ED visits pct,quantile,0.9,0.4617727139727985
columbia,2026-05-23,3,2026-06-13,Flu ED visits pct,quantile,0.9,0.21166163258081883
columbus,2026-05-23,3,2026-06-13,Flu ED visits pct,quantile,0.9,0.19603556783013862
dallas,2026-05-23,3,2026-06-13,Flu ED visits pct,quantile,0.9,0.19262462613600242
denver,2026-05-23,3,2026-06-13,Flu ED visits pct,quantile,0.9,0.35528785334644297
deschutes,2026-05-23,3,2026-06-13,Flu ED visits pct,quantile,0.9,0.688629332688421
duluth,2026-05-23,3,2026-06-13,Flu ED visits pct,quantile,0.9,0.343624509794887
el-paso,2026-05-23,3,2026-06-13,Flu ED visits pct,quantile,0.9,1.713471655725116
eugene,2026-05-23,3,2026-06-13,Flu ED visits pct,quantile,0.9,0.23086806378532138
fay-area,2026-05-23,3,2026-06-13,Flu ED visits pct,quantile,0.9,1.0272356775391598
florence,2026-05-23,3,2026-06-13,Flu ED visits pct,quantile,0.9,0.4185638076243868
floyd,2026-05-23,3,2026-06-13,Flu ED visits pct,quantile,0.9,0.27966683582373797
frederick,2026-05-23,3,2026-06-13,Flu ED visits pct,quantile,0.9,0.23243237229294172
georgia,2026-05-23,3,2026-06-13,Flu ED visits pct,quantile,0.9,0.19294935841901767
greenville,2026-05-23,3,2026-06-13,Flu ED visits pct,quantile,0.9,0.1749886207418767
hall,2026-05-23,3,2026-06-13,Flu ED visits pct,quantile,0.9,0.16066440795341838
harford,2026-05-23,3,2026-06-13,Flu ED visits pct,quantile,0.9,0.29178038738944584
henry,2026-05-23,3,2026-06-13,Flu ED visits pct,quantile,0.9,0.20450214922082383
horry,2026-05-23,3,2026-06-13,Flu ED visits pct,quantile,0.9,0.2334985477589309
houston,2026-05-23,3,2026-06-13,Flu ED visits pct,quantile,0.9,0.3501036378987576
indiana,2026-05-23,3,2026-06-13,Flu ED visits pct,quantile,0.9,0.1641959175824237
indianapolis,2026-05-23,3,2026-06-13,Flu ED visits pct,quantile,0.9,0.10423343273283654
la-grange,2026-05-23,3,2026-06-13,Flu ED visits pct,quantile,0.9,0.15840551575148154
larimer,2026-05-23,3,2026-06-13,Flu ED visits pct,quantile,0.9,0.245084459973122
lynn,2026-05-23,3,2026-06-13,Flu ED visits pct,quantile,0.9,0.21669542086396987
macon,2026-05-23,3,2026-06-13,Flu ED visits pct,quantile,0.9,0.3970542020147728
maine,2026-05-23,3,2026-06-13,Flu ED visits pct,quantile,0.9,0.21505783394875902
marietta,2026-05-23,3,2026-06-13,Flu ED visits pct,quantile,0.9,0.17829917035911366
maryland,2026-05-23,3,2026-06-13,Flu ED visits pct,quantile,0.9,0.20039816045561668
massachusetts,2026-05-23,3,2026-06-13,Flu ED visits pct,quantile,0.9,0.19237184168782243
medford,2026-05-23,3,2026-06-13,Flu ED visits pct,quantile,0.9,0.1911844135491504
mesa,2026-05-23,3,2026-06-13,Flu ED visits pct,quantile,0.9,0.30842698690005793
minneapolis,2026-05-23,3,2026-06-13,Flu ED visits pct,quantile,0.9,0.2820093620050361
minnesota,2026-05-23,3,2026-06-13,Flu ED visits pct,quantile,0.9,0.27929892550305313
montgomery,2026-05-23,3,2026-06-13,Flu ED visits pct,quantile,0.9,0.21878938149989935
nenc,2026-05-23,3,2026-06-13,Flu ED visits pct,quantile,0.9,0.189482560652735
new-bedford,2026-05-23,3,2026-06-13,Flu ED visits pct,quantile,0.9,0.3583825710838194
north-carolina,2026-05-23,3,2026-06-13,Flu ED visits pct,quantile,0.9,0.6275438894752515
nyc,2026-05-23,3,2026-06-13,ILI ED visits pct,quantile,0.9,2.397498188019967
ogden,2026-05-23,3,2026-06-13,Flu ED visits pct,quantile,0.9,0.18021110740913962
oregon,2026-05-23,3,2026-06-13,Flu ED visits pct,quantile,0.9,0.3095173082876143
pittsfield,2026-05-23,3,2026-06-13,Flu ED visits pct,quantile,0.9,0.19308294454727767
portland,2026-05-23,3,2026-06-13,Flu ED visits pct,quantile,0.9,0.2583834797194295
portland-or,2026-05-23,3,2026-06-13,Flu ED visits pct,quantile,0.9,0.3175907112451097
provo,2026-05-23,3,2026-06-13,Flu ED visits pct,quantile,0.9,0.1579430045681808
roanoke,2026-05-23,3,2026-06-13,Flu ED visits pct,quantile,0.9,0.2513242635748599
rochester,2026-05-23,3,2026-06-13,Flu ED visits pct,quantile,0.9,0.22959223106192542
rock-hill,2026-05-23,3,2026-06-13,Flu ED visits pct,quantile,0.9,0.2670477980629695
rtp-area,2026-05-23,3,2026-06-13,Flu ED visits pct,quantile,0.9,0.20510473952894084
salem,2026-05-23,3,2026-06-13,Flu ED visits pct,quantile,0.9,0.37853908645196915
salt-lake-city,2026-05-23,3,2026-06-13,Flu ED visits pct,quantile,0.9,0.1740086078836594
san-antonio,2026-05-23,3,2026-06-13,Flu ED visits pct,quantile,0.9,0.19042931135947289
savannah,2026-05-23,3,2026-06-13,Flu ED visits pct,quantile,0.9,0.09044901756094267
senc,2026-05-23,3,2026-06-13,Flu ED visits pct,quantile,0.9,0.12014439932773689
south-augusta,2026-05-23,3,2026-06-13,Flu ED visits pct,quantile,0.9,0.1983218086151542
south-carolina,2026-05-23,3,2026-06-13,Flu ED visits pct,quantile,0.9,0.17593140471457316
springfield,2026-05-23,3,2026-06-13,Flu ED visits pct,quantile,0.9,0.323637464721509
st-cloud,2026-05-23,3,2026-06-13,Flu ED visits pct,quantile,0.9,0.29286823237678555
st-paul,2026-05-23,3,2026-06-13,Flu ED visits pct,quantile,0.9,0.41818299350666394
texas,2026-05-23,3,2026-06-13,Flu ED visits pct,quantile,0.9,0.3759912306105917
triad-area,2026-05-23,3,2026-06-13,Flu ED visits pct,quantile,0.9,0.40132930121239635
utah,2026-05-23,3,2026-06-13,Flu ED visits pct,quantile,0.9,0.1690753945952625
virginia,2026-05-23,3,2026-06-13,Flu ED visits pct,quantile,0.9,0.2873318934206428
weld,2026-05-23,3,2026-06-13,Flu ED visits pct,quantile,0.9,0.44403595718201333
wnc,2026-05-23,3,2026-06-13,Flu ED visits pct,quantile,0.9,0.22216051429644312
worcester,2026-05-23,3,2026-06-13,Flu ED visits pct,quantile,0.9,0.2678753155822593
athens,2026-05-23,0,2026-05-23,Flu ED visits pct,quantile,0.95,0.4055940682468158
austin,2026-05-23,0,2026-05-23,Flu ED visits pct,quantile,0.95,0.334703067955605
baltimore,2026-05-23,0,2026-05-23,Flu ED visits pct,quantile,0.95,0.1958555724509895
bangor,2026-05-23,0,2026-05-23,Flu ED visits pct,quantile,0.95,0.24398627118132366
beaumont,2026-05-23,0,2026-05-23,Flu ED visits pct,quantile,0.95,0.8676369452831154
boston,2026-05-23,0,2026-05-23,Flu ED visits pct,quantile,0.95,0.1904728132957967
boulder,2026-05-23,0,2026-05-23,Flu ED visits pct,quantile,0.95,0.43953324674121574
charleston,2026-05-23,0,2026-05-23,Flu ED visits pct,quantile,0.95,0.28950711313379296
cherokee,2026-05-23,0,2026-05-23,Flu ED visits pct,quantile,0.95,0.4243748395370946
clt-area,2026-05-23,0,2026-05-23,Flu ED visits pct,quantile,0.95,1.422564457957228
colorado,2026-05-23,0,2026-05-23,Flu ED visits pct,quantile,0.95,0.40825447968038037
colorado-springs,2026-05-23,0,2026-05-23,Flu ED visits pct,quantile,0.95,0.5296627785983911
columbia,2026-05-23,0,2026-05-23,Flu ED visits pct,quantile,0.95,0.23938985584532646
columbus,2026-05-23,0,2026-05-23,Flu ED visits pct,quantile,0.95,0.2383114760808749
dallas,2026-05-23,0,2026-05-23,Flu ED visits pct,quantile,0.95,0.22616946903736995
denver,2026-05-23,0,2026-05-23,Flu ED visits pct,quantile,0.95,0.4090130544583353
deschutes,2026-05-23,0,2026-05-23,Flu ED visits pct,quantile,0.95,0.7836819460708708
duluth,2026-05-23,0,2026-05-23,Flu ED visits pct,quantile,0.95,0.41319740037316977
el-paso,2026-05-23,0,2026-05-23,Flu ED visits pct,quantile,0.95,1.9416548669194071
eugene,2026-05-23,0,2026-05-23,Flu ED visits pct,quantile,0.95,0.26091930272196756
fay-area,2026-05-23,0,2026-05-23,Flu ED visits pct,quantile,0.95,1.2466943775365829
florence,2026-05-23,0,2026-05-23,Flu ED visits pct,quantile,0.95,0.4873779516117396
floyd,2026-05-23,0,2026-05-23,Flu ED visits pct,quantile,0.95,0.33577368993962303
frederick,2026-05-23,0,2026-05-23,Flu ED visits pct,quantile,0.95,0.2747734781389248
georgia,2026-05-23,0,2026-05-23,Flu ED visits pct,quantile,0.95,0.22532872666952944
greenville,2026-05-23,0,2026-05-23,Flu ED visits pct,quantile,0.95,0.2170319033936362
hall,2026-05-23,0,2026-05-23,Flu ED visits pct,quantile,0.95,0.1883930742027347
harford,2026-05-23,0,2026-05-23,Flu ED visits pct,quantile,0.95,0.37096900905655805
henry,2026-05-23,0,2026-05-23,Flu ED visits pct,quantile,0.95,0.2565116720641214
horry,2026-05-23,0,2026-05-23,Flu ED visits pct,quantile,0.95,0.2674225148661691
houston,2026-05-23,0,2026-05-23,Flu ED visits pct,quantile,0.95,0.3914733347519159
indiana,2026-05-23,0,2026-05-23,Flu ED visits pct,quantile,0.95,0.17884669247354837
indianapolis,2026-05-23,0,2026-05-23,Flu ED visits pct,quantile,0.95,0.1250604992815581
la-grange,2026-05-23,0,2026-05-23,Flu ED visits pct,quantile,0.95,0.1927482244966721
larimer,2026-05-23,0,2026-05-23,Flu ED visits pct,quantile,0.95,0.2700549873832693
lynn,2026-05-23,0,2026-05-23,Flu ED visits pct,quantile,0.95,0.2564535436599604
macon,2026-05-23,0,2026-05-23,Flu ED visits pct,quantile,0.95,0.4149544505354787
maine,2026-05-23,0,2026-05-23,Flu ED visits pct,quantile,0.95,0.26426160030406026
marietta,2026-05-23,0,2026-05-23,Flu ED visits pct,quantile,0.95,0.21116419786471904
maryland,2026-05-23,0,2026-05-23,Flu ED visits pct,quantile,0.95,0.2395279975777733
massachusetts,2026-05-23,0,2026-05-23,Flu ED visits pct,quantile,0.95,0.235923565568674
medford,2026-05-23,0,2026-05-23,Flu ED visits pct,quantile,0.95,0.23350866672013487
mesa,2026-05-23,0,2026-05-23,Flu ED visits pct,quantile,0.95,0.35469721802422344
minneapolis,2026-05-23,0,2026-05-23,Flu ED visits pct,quantile,0.95,0.3370725303140862
minnesota,2026-05-23,0,2026-05-23,Flu ED visits pct,quantile,0.95,0.33598329830935764
montgomery,2026-05-23,0,2026-05-23,Flu ED visits pct,quantile,0.95,0.2570052996864739
nenc,2026-05-23,0,2026-05-23,Flu ED visits pct,quantile,0.95,0.21866861258866507
new-bedford,2026-05-23,0,2026-05-23,Flu ED visits pct,quantile,0.95,0.432797849152639
north-carolina,2026-05-23,0,2026-05-23,Flu ED visits pct,quantile,0.95,0.687516274629529
nyc,2026-05-23,0,2026-05-23,ILI ED visits pct,quantile,0.95,2.484866144696366
ogden,2026-05-23,0,2026-05-23,Flu ED visits pct,quantile,0.95,0.21786560743281222
oregon,2026-05-23,0,2026-05-23,Flu ED visits pct,quantile,0.95,0.3617872226648342
pittsfield,2026-05-23,0,2026-05-23,Flu ED visits pct,quantile,0.95,0.22831618910657595
portland,2026-05-23,0,2026-05-23,Flu ED visits pct,quantile,0.95,0.314545156330323
portland-or,2026-05-23,0,2026-05-23,Flu ED visits pct,quantile,0.95,0.3904123301067957
provo,2026-05-23,0,2026-05-23,Flu ED visits pct,quantile,0.95,0.19075040413084632
roanoke,2026-05-23,0,2026-05-23,Flu ED visits pct,quantile,0.95,0.29777209121879494
rochester,2026-05-23,0,2026-05-23,Flu ED visits pct,quantile,0.95,0.27341721666121066
rock-hill,2026-05-23,0,2026-05-23,Flu ED visits pct,quantile,0.95,0.3047965847708033
rtp-area,2026-05-23,0,2026-05-23,Flu ED visits pct,quantile,0.95,0.23016844031876066
salem,2026-05-23,0,2026-05-23,Flu ED visits pct,quantile,0.95,0.4323912142089827
salt-lake-city,2026-05-23,0,2026-05-23,Flu ED visits pct,quantile,0.95,0.22290946096756503
san-antonio,2026-05-23,0,2026-05-23,Flu ED visits pct,quantile,0.95,0.22888806039550852
savannah,2026-05-23,0,2026-05-23,Flu ED visits pct,quantile,0.95,0.1177217073327181
senc,2026-05-23,0,2026-05-23,Flu ED visits pct,quantile,0.95,0.14543967858291457
south-augusta,2026-05-23,0,2026-05-23,Flu ED visits pct,quantile,0.95,0.2416252254984788
south-carolina,2026-05-23,0,2026-05-23,Flu ED visits pct,quantile,0.95,0.21139694236715278
springfield,2026-05-23,0,2026-05-23,Flu ED visits pct,quantile,0.95,0.408833598247105
st-cloud,2026-05-23,0,2026-05-23,Flu ED visits pct,quantile,0.95,0.36108662585803863
st-paul,2026-05-23,0,2026-05-23,Flu ED visits pct,quantile,0.95,0.48713236643407287
texas,2026-05-23,0,2026-05-23,Flu ED visits pct,quantile,0.95,0.42936254450916755
triad-area,2026-05-23,0,2026-05-23,Flu ED visits pct,quantile,0.95,0.4485667337184395
utah,2026-05-23,0,2026-05-23,Flu ED visits pct,quantile,0.95,0.2065153621311623
virginia,2026-05-23,0,2026-05-23,Flu ED visits pct,quantile,0.95,0.3404598248883871
weld,2026-05-23,0,2026-05-23,Flu ED visits pct,quantile,0.95,0.5354868122841598
wnc,2026-05-23,0,2026-05-23,Flu ED visits pct,quantile,0.95,0.25795845905134485
worcester,2026-05-23,0,2026-05-23,Flu ED visits pct,quantile,0.95,0.3231807981059129
athens,2026-05-23,1,2026-05-30,Flu ED visits pct,quantile,0.95,0.40983054162099347
austin,2026-05-23,1,2026-05-30,Flu ED visits pct,quantile,0.95,0.33446617196684725
baltimore,2026-05-23,1,2026-05-30,Flu ED visits pct,quantile,0.95,0.1924576846135373
bangor,2026-05-23,1,2026-05-30,Flu ED visits pct,quantile,0.95,0.2432395409674466
beaumont,2026-05-23,1,2026-05-30,Flu ED visits pct,quantile,0.95,0.892276115278599
boston,2026-05-23,1,2026-05-30,Flu ED visits pct,quantile,0.95,0.18578427649171964
boulder,2026-05-23,1,2026-05-30,Flu ED visits pct,quantile,0.95,0.4400096433495572
charleston,2026-05-23,1,2026-05-30,Flu ED visits pct,quantile,0.95,0.28840429675540563
cherokee,2026-05-23,1,2026-05-30,Flu ED visits pct,quantile,0.95,0.4220579886343511
clt-area,2026-05-23,1,2026-05-30,Flu ED visits pct,quantile,0.95,1.3799860791296539
colorado,2026-05-23,1,2026-05-30,Flu ED visits pct,quantile,0.95,0.4050513281812516
colorado-springs,2026-05-23,1,2026-05-30,Flu ED visits pct,quantile,0.95,0.5178669879043101
columbia,2026-05-23,1,2026-05-30,Flu ED visits pct,quantile,0.95,0.24259780684129695
columbus,2026-05-23,1,2026-05-30,Flu ED visits pct,quantile,0.95,0.2462919747186677
dallas,2026-05-23,1,2026-05-30,Flu ED visits pct,quantile,0.95,0.22538375010719575
denver,2026-05-23,1,2026-05-30,Flu ED visits pct,quantile,0.95,0.4069733322943081
deschutes,2026-05-23,1,2026-05-30,Flu ED visits pct,quantile,0.95,0.8129210228632182
duluth,2026-05-23,1,2026-05-30,Flu ED visits pct,quantile,0.95,0.4140571499583399
el-paso,2026-05-23,1,2026-05-30,Flu ED visits pct,quantile,0.95,1.928229276520202
eugene,2026-05-23,1,2026-05-30,Flu ED visits pct,quantile,0.95,0.2696852997253907
fay-area,2026-05-23,1,2026-05-30,Flu ED visits pct,quantile,0.95,1.2313077946323796
florence,2026-05-23,1,2026-05-30,Flu ED visits pct,quantile,0.95,0.4970399717166192
floyd,2026-05-23,1,2026-05-30,Flu ED visits pct,quantile,0.95,0.34119782282084443
frederick,2026-05-23,1,2026-05-30,Flu ED visits pct,quantile,0.95,0.2859707052269604
georgia,2026-05-23,1,2026-05-30,Flu ED visits pct,quantile,0.95,0.22349591623710002
greenville,2026-05-23,1,2026-05-30,Flu ED visits pct,quantile,0.95,0.21395942851862598
hall,2026-05-23,1,2026-05-30,Flu ED visits pct,quantile,0.95,0.19259841509969608
harford,2026-05-23,1,2026-05-30,Flu ED visits pct,quantile,0.95,0.3791176519220526
henry,2026-05-23,1,2026-05-30,Flu ED visits pct,quantile,0.95,0.25578992200447787
horry,2026-05-23,1,2026-05-30,Flu ED visits pct,quantile,0.95,0.2730603277151298
houston,2026-05-23,1,2026-05-30,Flu ED visits pct,quantile,0.95,0.39276963892395955
indiana,2026-05-23,1,2026-05-30,Flu ED visits pct,quantile,0.95,0.1842200527176049
indianapolis,2026-05-23,1,2026-05-30,Flu ED visits pct,quantile,0.95,0.12458267013870918
la-grange,2026-05-23,1,2026-05-30,Flu ED visits pct,quantile,0.95,0.19707705398441364
larimer,2026-05-23,1,2026-05-30,Flu ED visits pct,quantile,0.95,0.27392953161500466
lynn,2026-05-23,1,2026-05-30,Flu ED visits pct,quantile,0.95,0.2567262525446648
macon,2026-05-23,1,2026-05-30,Flu ED visits pct,quantile,0.95,0.42874734485486954
maine,2026-05-23,1,2026-05-30,Flu ED visits pct,quantile,0.95,0.26351716399073205
marietta,2026-05-23,1,2026-05-30,Flu ED visits pct,quantile,0.95,0.2101425416610497
maryland,2026-05-23,1,2026-05-30,Flu ED visits pct,quantile,0.95,0.23748180129678795
massachusetts,2026-05-23,1,2026-05-30,Flu ED visits pct,quantile,0.95,0.2340354844592248
medford,2026-05-23,1,2026-05-30,Flu ED visits pct,quantile,0.95,0.25247013217310865
mesa,2026-05-23,1,2026-05-30,Flu ED visits pct,quantile,0.95,0.3857340885764375
minneapolis,2026-05-23,1,2026-05-30,Flu ED visits pct,quantile,0.95,0.3309155391043791
minnesota,2026-05-23,1,2026-05-30,Flu ED visits pct,quantile,0.95,0.3319707756615986
montgomery,2026-05-23,1,2026-05-30,Flu ED visits pct,quantile,0.95,0.25452741127203293
nenc,2026-05-23,1,2026-05-30,Flu ED visits pct,quantile,0.95,0.2156003641009767
new-bedford,2026-05-23,1,2026-05-30,Flu ED visits pct,quantile,0.95,0.4286220752409063
north-carolina,2026-05-23,1,2026-05-30,Flu ED visits pct,quantile,0.95,0.6849351727492371
nyc,2026-05-23,1,2026-05-30,ILI ED visits pct,quantile,0.95,2.467173821348832
ogden,2026-05-23,1,2026-05-30,Flu ED visits pct,quantile,0.95,0.21918377151102825
oregon,2026-05-23,1,2026-05-30,Flu ED visits pct,quantile,0.95,0.36254310147703545
pittsfield,2026-05-23,1,2026-05-30,Flu ED visits pct,quantile,0.95,0.23531701370782895
portland,2026-05-23,1,2026-05-30,Flu ED visits pct,quantile,0.95,0.31671625322180774
portland-or,2026-05-23,1,2026-05-30,Flu ED visits pct,quantile,0.95,0.401503849047536
provo,2026-05-23,1,2026-05-30,Flu ED visits pct,quantile,0.95,0.19048101728513533
roanoke,2026-05-23,1,2026-05-30,Flu ED visits pct,quantile,0.95,0.2940824696349899
rochester,2026-05-23,1,2026-05-30,Flu ED visits pct,quantile,0.95,0.2822528641821839
rock-hill,2026-05-23,1,2026-05-30,Flu ED visits pct,quantile,0.95,0.31722833232690284
rtp-area,2026-05-23,1,2026-05-30,Flu ED visits pct,quantile,0.95,0.22460889789762134
salem,2026-05-23,1,2026-05-30,Flu ED visits pct,quantile,0.95,0.4323155355961928
salt-lake-city,2026-05-23,1,2026-05-30,Flu ED visits pct,quantile,0.95,0.22058903313405304
san-antonio,2026-05-23,1,2026-05-30,Flu ED visits pct,quantile,0.95,0.226760734667976
savannah,2026-05-23,1,2026-05-30,Flu ED visits pct,quantile,0.95,0.1188942554420163
senc,2026-05-23,1,2026-05-30,Flu ED visits pct,quantile,0.95,0.14195462158988775
south-augusta,2026-05-23,1,2026-05-30,Flu ED visits pct,quantile,0.95,0.24352015453490822
south-carolina,2026-05-23,1,2026-05-30,Flu ED visits pct,quantile,0.95,0.22015338823907263
springfield,2026-05-23,1,2026-05-30,Flu ED visits pct,quantile,0.95,0.404839927254528
st-cloud,2026-05-23,1,2026-05-30,Flu ED visits pct,quantile,0.95,0.36001870354493365
st-paul,2026-05-23,1,2026-05-30,Flu ED visits pct,quantile,0.95,0.4852304335440874
texas,2026-05-23,1,2026-05-30,Flu ED visits pct,quantile,0.95,0.4326537643638561
triad-area,2026-05-23,1,2026-05-30,Flu ED visits pct,quantile,0.95,0.4429330238381548
utah,2026-05-23,1,2026-05-30,Flu ED visits pct,quantile,0.95,0.21048381756805223
virginia,2026-05-23,1,2026-05-30,Flu ED visits pct,quantile,0.95,0.34740637346164366
weld,2026-05-23,1,2026-05-30,Flu ED visits pct,quantile,0.95,0.5449129470213431
wnc,2026-05-23,1,2026-05-30,Flu ED visits pct,quantile,0.95,0.25340612597328366
worcester,2026-05-23,1,2026-05-30,Flu ED visits pct,quantile,0.95,0.3193729688801119
athens,2026-05-23,2,2026-06-06,Flu ED visits pct,quantile,0.95,0.4254960424097194
austin,2026-05-23,2,2026-06-06,Flu ED visits pct,quantile,0.95,0.34661010737204057
baltimore,2026-05-23,2,2026-06-06,Flu ED visits pct,quantile,0.95,0.1981760765714943
bangor,2026-05-23,2,2026-06-06,Flu ED visits pct,quantile,0.95,0.26315117966285817
beaumont,2026-05-23,2,2026-06-06,Flu ED visits pct,quantile,0.95,0.9003602786286274
boston,2026-05-23,2,2026-06-06,Flu ED visits pct,quantile,0.95,0.1929889529734658
boulder,2026-05-23,2,2026-06-06,Flu ED visits pct,quantile,0.95,0.45259879095292493
charleston,2026-05-23,2,2026-06-06,Flu ED visits pct,quantile,0.95,0.2960155223410064
cherokee,2026-05-23,2,2026-06-06,Flu ED visits pct,quantile,0.95,0.43973465740232487
clt-area,2026-05-23,2,2026-06-06,Flu ED visits pct,quantile,0.95,1.3544132373292832
colorado,2026-05-23,2,2026-06-06,Flu ED visits pct,quantile,0.95,0.4255225278046577
colorado-springs,2026-05-23,2,2026-06-06,Flu ED visits pct,quantile,0.95,0.5292761777562692
columbia,2026-05-23,2,2026-06-06,Flu ED visits pct,quantile,0.95,0.2610463432730736
columbus,2026-05-23,2,2026-06-06,Flu ED visits pct,quantile,0.95,0.2644361727392974
dallas,2026-05-23,2,2026-06-06,Flu ED visits pct,quantile,0.95,0.23274768222418205
denver,2026-05-23,2,2026-06-06,Flu ED visits pct,quantile,0.95,0.411366088547632
deschutes,2026-05-23,2,2026-06-06,Flu ED visits pct,quantile,0.95,0.8459337253112584
duluth,2026-05-23,2,2026-06-06,Flu ED visits pct,quantile,0.95,0.42381720920825644
el-paso,2026-05-23,2,2026-06-06,Flu ED visits pct,quantile,0.95,1.9765396704463702
eugene,2026-05-23,2,2026-06-06,Flu ED visits pct,quantile,0.95,0.284593669020385
fay-area,2026-05-23,2,2026-06-06,Flu ED visits pct,quantile,0.95,1.228658773233869
florence,2026-05-23,2,2026-06-06,Flu ED visits pct,quantile,0.95,0.5189841535850579
floyd,2026-05-23,2,2026-06-06,Flu ED visits pct,quantile,0.95,0.3508276455590998
frederick,2026-05-23,2,2026-06-06,Flu ED visits pct,quantile,0.95,0.3346880312819623
georgia,2026-05-23,2,2026-06-06,Flu ED visits pct,quantile,0.95,0.23604635997604803
greenville,2026-05-23,2,2026-06-06,Flu ED visits pct,quantile,0.95,0.22150637912075066
hall,2026-05-23,2,2026-06-06,Flu ED visits pct,quantile,0.95,0.20297613997952338
harford,2026-05-23,2,2026-06-06,Flu ED visits pct,quantile,0.95,0.3858833795662984
henry,2026-05-23,2,2026-06-06,Flu ED visits pct,quantile,0.95,0.2667936940654714
horry,2026-05-23,2,2026-06-06,Flu ED visits pct,quantile,0.95,0.2897473514163385
houston,2026-05-23,2,2026-06-06,Flu ED visits pct,quantile,0.95,0.40276037228667205
indiana,2026-05-23,2,2026-06-06,Flu ED visits pct,quantile,0.95,0.24499567143232664
indianapolis,2026-05-23,2,2026-06-06,Flu ED visits pct,quantile,0.95,0.13779209786304805
la-grange,2026-05-23,2,2026-06-06,Flu ED visits pct,quantile,0.95,0.21245336603642656
larimer,2026-05-23,2,2026-06-06,Flu ED visits pct,quantile,0.95,0.3007746169376016
lynn,2026-05-23,2,2026-06-06,Flu ED visits pct,quantile,0.95,0.28116536953400084
macon,2026-05-23,2,2026-06-06,Flu ED visits pct,quantile,0.95,0.45398124797996814
maine,2026-05-23,2,2026-06-06,Flu ED visits pct,quantile,0.95,0.2694074202130894
marietta,2026-05-23,2,2026-06-06,Flu ED visits pct,quantile,0.95,0.2227544813569182
maryland,2026-05-23,2,2026-06-06,Flu ED visits pct,quantile,0.95,0.25448571266843556
massachusetts,2026-05-23,2,2026-06-06,Flu ED visits pct,quantile,0.95,0.25089023230720464
medford,2026-05-23,2,2026-06-06,Flu ED visits pct,quantile,0.95,0.265322278481727
mesa,2026-05-23,2,2026-06-06,Flu ED visits pct,quantile,0.95,0.422562271521529
minneapolis,2026-05-23,2,2026-06-06,Flu ED visits pct,quantile,0.95,0.3365467596969349
minnesota,2026-05-23,2,2026-06-06,Flu ED visits pct,quantile,0.95,0.34371938047585565
montgomery,2026-05-23,2,2026-06-06,Flu ED visits pct,quantile,0.95,0.26551859250130205
nenc,2026-05-23,2,2026-06-06,Flu ED visits pct,quantile,0.95,0.21833941189763054
new-bedford,2026-05-23,2,2026-06-06,Flu ED visits pct,quantile,0.95,0.44054098174630824
north-carolina,2026-05-23,2,2026-06-06,Flu ED visits pct,quantile,0.95,0.6990765542839253
nyc,2026-05-23,2,2026-06-06,ILI ED visits pct,quantile,0.95,2.567710182438762
ogden,2026-05-23,2,2026-06-06,Flu ED visits pct,quantile,0.95,0.23099421461186112
oregon,2026-05-23,2,2026-06-06,Flu ED visits pct,quantile,0.95,0.3727857839507233
pittsfield,2026-05-23,2,2026-06-06,Flu ED visits pct,quantile,0.95,0.30247375881056904
portland,2026-05-23,2,2026-06-06,Flu ED visits pct,quantile,0.95,0.3245622023865229
portland-or,2026-05-23,2,2026-06-06,Flu ED visits pct,quantile,0.95,0.42070044391729594
provo,2026-05-23,2,2026-06-06,Flu ED visits pct,quantile,0.95,0.20434959200262576
roanoke,2026-05-23,2,2026-06-06,Flu ED visits pct,quantile,0.95,0.31133875672532085
rochester,2026-05-23,2,2026-06-06,Flu ED visits pct,quantile,0.95,0.2982349860079532
rock-hill,2026-05-23,2,2026-06-06,Flu ED visits pct,quantile,0.95,0.3735155002345306
rtp-area,2026-05-23,2,2026-06-06,Flu ED visits pct,quantile,0.95,0.22637649519199102
salem,2026-05-23,2,2026-06-06,Flu ED visits pct,quantile,0.95,0.44941208742902705
salt-lake-city,2026-05-23,2,2026-06-06,Flu ED visits pct,quantile,0.95,0.22888645506197286
san-antonio,2026-05-23,2,2026-06-06,Flu ED visits pct,quantile,0.95,0.24540372760298856
savannah,2026-05-23,2,2026-06-06,Flu ED visits pct,quantile,0.95,0.12471542008548132
senc,2026-05-23,2,2026-06-06,Flu ED visits pct,quantile,0.95,0.14543876945839823
south-augusta,2026-05-23,2,2026-06-06,Flu ED visits pct,quantile,0.95,0.2545360802933286
south-carolina,2026-05-23,2,2026-06-06,Flu ED visits pct,quantile,0.95,0.25966828193724123
springfield,2026-05-23,2,2026-06-06,Flu ED visits pct,quantile,0.95,0.4172134292362119
st-cloud,2026-05-23,2,2026-06-06,Flu ED visits pct,quantile,0.95,0.3772748556718633
st-paul,2026-05-23,2,2026-06-06,Flu ED visits pct,quantile,0.95,0.49257710349750716
texas,2026-05-23,2,2026-06-06,Flu ED visits pct,quantile,0.95,0.45566150062008204
triad-area,2026-05-23,2,2026-06-06,Flu ED visits pct,quantile,0.95,0.44975500732522405
utah,2026-05-23,2,2026-06-06,Flu ED visits pct,quantile,0.95,0.22491103997777073
virginia,2026-05-23,2,2026-06-06,Flu ED visits pct,quantile,0.95,0.3771035576565214
weld,2026-05-23,2,2026-06-06,Flu ED visits pct,quantile,0.95,0.5626159177882012
wnc,2026-05-23,2,2026-06-06,Flu ED visits pct,quantile,0.95,0.25199726817498047
worcester,2026-05-23,2,2026-06-06,Flu ED visits pct,quantile,0.95,0.3305078439179376
athens,2026-05-23,3,2026-06-13,Flu ED visits pct,quantile,0.95,0.4564046091533856
austin,2026-05-23,3,2026-06-13,Flu ED visits pct,quantile,0.95,0.370565286718413
baltimore,2026-05-23,3,2026-06-13,Flu ED visits pct,quantile,0.95,0.22233456011645253
bangor,2026-05-23,3,2026-06-13,Flu ED visits pct,quantile,0.95,0.28299291779950203
beaumont,2026-05-23,3,2026-06-13,Flu ED visits pct,quantile,0.95,0.9249725999260651
boston,2026-05-23,3,2026-06-13,Flu ED visits pct,quantile,0.95,0.21497571874216662
boulder,2026-05-23,3,2026-06-13,Flu ED visits pct,quantile,0.95,0.4742448206058993
charleston,2026-05-23,3,2026-06-13,Flu ED visits pct,quantile,0.95,0.32186371131072533
cherokee,2026-05-23,3,2026-06-13,Flu ED visits pct,quantile,0.95,0.47437997745403077
clt-area,2026-05-23,3,2026-06-13,Flu ED visits pct,quantile,0.95,1.3613691984799199
colorado,2026-05-23,3,2026-06-13,Flu ED visits pct,quantile,0.95,0.45999706010849967
colorado-springs,2026-05-23,3,2026-06-13,Flu ED visits pct,quantile,0.95,0.545799697158351
columbia,2026-05-23,3,2026-06-13,Flu ED visits pct,quantile,0.95,0.27644893590672887
columbus,2026-05-23,3,2026-06-13,Flu ED visits pct,quantile,0.95,0.3009903300865834
dallas,2026-05-23,3,2026-06-13,Flu ED visits pct,quantile,0.95,0.26172463386681044
denver,2026-05-23,3,2026-06-13,Flu ED visits pct,quantile,0.95,0.4404899567251814
deschutes,2026-05-23,3,2026-06-13,Flu ED visits pct,quantile,0.95,0.9032095003493086
duluth,2026-05-23,3,2026-06-13,Flu ED visits pct,quantile,0.95,0.44898650286454644
el-paso,2026-05-23,3,2026-06-13,Flu ED visits pct,quantile,0.95,2.0334248204228498
eugene,2026-05-23,3,2026-06-13,Flu ED visits pct,quantile,0.95,0.30689509737186876
fay-area,2026-05-23,3,2026-06-13,Flu ED visits pct,quantile,0.95,1.2471943888738364
florence,2026-05-23,3,2026-06-13,Flu ED visits pct,quantile,0.95,0.5572493223601903
floyd,2026-05-23,3,2026-06-13,Flu ED visits pct,quantile,0.95,0.38140789759451355
frederick,2026-05-23,3,2026-06-13,Flu ED visits pct,quantile,0.95,0.381391392294541
georgia,2026-05-23,3,2026-06-13,Flu ED visits pct,quantile,0.95,0.2618616121611216
greenville,2026-05-23,3,2026-06-13,Flu ED visits pct,quantile,0.95,0.24237700413722074
hall,2026-05-23,3,2026-06-13,Flu ED visits pct,quantile,0.95,0.22030048468518557
harford,2026-05-23,3,2026-06-13,Flu ED visits pct,quantile,0.95,0.40210592855119415
henry,2026-05-23,3,2026-06-13,Flu ED visits pct,quantile,0.95,0.28424151100221534
horry,2026-05-23,3,2026-06-13,Flu ED visits pct,quantile,0.95,0.3002625968808944
houston,2026-05-23,3,2026-06-13,Flu ED visits pct,quantile,0.95,0.43819550636673243
indiana,2026-05-23,3,2026-06-13,Flu ED visits pct,quantile,0.95,0.28794580494352834
indianapolis,2026-05-23,3,2026-06-13,Flu ED visits pct,quantile,0.95,0.16244296864511476
la-grange,2026-05-23,3,2026-06-13,Flu ED visits pct,quantile,0.95,0.22333851074023744
larimer,2026-05-23,3,2026-06-13,Flu ED visits pct,quantile,0.95,0.308011985963517
lynn,2026-05-23,3,2026-06-13,Flu ED visits pct,quantile,0.95,0.302840515266803
macon,2026-05-23,3,2026-06-13,Flu ED visits pct,quantile,0.95,0.47792852262267893
maine,2026-05-23,3,2026-06-13,Flu ED visits pct,quantile,0.95,0.286272567205807
marietta,2026-05-23,3,2026-06-13,Flu ED visits pct,quantile,0.95,0.23943085121262092
maryland,2026-05-23,3,2026-06-13,Flu ED visits pct,quantile,0.95,0.2895415311106169
massachusetts,2026-05-23,3,2026-06-13,Flu ED visits pct,quantile,0.95,0.2796150412687948
medford,2026-05-23,3,2026-06-13,Flu ED visits pct,quantile,0.95,0.28040009749554423
mesa,2026-05-23,3,2026-06-13,Flu ED visits pct,quantile,0.95,0.44756012021244806
minneapolis,2026-05-23,3,2026-06-13,Flu ED visits pct,quantile,0.95,0.3615199062231689
minnesota,2026-05-23,3,2026-06-13,Flu ED visits pct,quantile,0.95,0.39213702424171815
montgomery,2026-05-23,3,2026-06-13,Flu ED visits pct,quantile,0.95,0.29166897831084837
nenc,2026-05-23,3,2026-06-13,Flu ED visits pct,quantile,0.95,0.23587529912800295
new-bedford,2026-05-23,3,2026-06-13,Flu ED visits pct,quantile,0.95,0.47603422671396795
north-carolina,2026-05-23,3,2026-06-13,Flu ED visits pct,quantile,0.95,0.7275700395095698
nyc,2026-05-23,3,2026-06-13,ILI ED visits pct,quantile,0.95,2.6429065965183445
ogden,2026-05-23,3,2026-06-13,Flu ED visits pct,quantile,0.95,0.24935279656820725
oregon,2026-05-23,3,2026-06-13,Flu ED visits pct,quantile,0.95,0.4042280871449546
pittsfield,2026-05-23,3,2026-06-13,Flu ED visits pct,quantile,0.95,0.3793916238300072
portland,2026-05-23,3,2026-06-13,Flu ED visits pct,quantile,0.95,0.3311167923307075
portland-or,2026-05-23,3,2026-06-13,Flu ED visits pct,quantile,0.95,0.44888450225597537
provo,2026-05-23,3,2026-06-13,Flu ED visits pct,quantile,0.95,0.22386252627617906
roanoke,2026-05-23,3,2026-06-13,Flu ED visits pct,quantile,0.95,0.3370158077339906
rochester,2026-05-23,3,2026-06-13,Flu ED visits pct,quantile,0.95,0.32664434171595874
rock-hill,2026-05-23,3,2026-06-13,Flu ED visits pct,quantile,0.95,0.39002001296694744
rtp-area,2026-05-23,3,2026-06-13,Flu ED visits pct,quantile,0.95,0.24080677374431303
salem,2026-05-23,3,2026-06-13,Flu ED visits pct,quantile,0.95,0.47771363743955
salt-lake-city,2026-05-23,3,2026-06-13,Flu ED visits pct,quantile,0.95,0.25196645972220155
san-antonio,2026-05-23,3,2026-06-13,Flu ED visits pct,quantile,0.95,0.27343449694283717
savannah,2026-05-23,3,2026-06-13,Flu ED visits pct,quantile,0.95,0.1360953047409325
senc,2026-05-23,3,2026-06-13,Flu ED visits pct,quantile,0.95,0.15082650344266468
south-augusta,2026-05-23,3,2026-06-13,Flu ED visits pct,quantile,0.95,0.2718563089658577
south-carolina,2026-05-23,3,2026-06-13,Flu ED visits pct,quantile,0.95,0.2839031935352735
springfield,2026-05-23,3,2026-06-13,Flu ED visits pct,quantile,0.95,0.4380904647808051
st-cloud,2026-05-23,3,2026-06-13,Flu ED visits pct,quantile,0.95,0.3984114519575482
st-paul,2026-05-23,3,2026-06-13,Flu ED visits pct,quantile,0.95,0.5325300524961148
texas,2026-05-23,3,2026-06-13,Flu ED visits pct,quantile,0.95,0.496154339503586
triad-area,2026-05-23,3,2026-06-13,Flu ED visits pct,quantile,0.95,0.4754100572663007
utah,2026-05-23,3,2026-06-13,Flu ED visits pct,quantile,0.95,0.254406515859108
virginia,2026-05-23,3,2026-06-13,Flu ED visits pct,quantile,0.95,0.4161563154623097
weld,2026-05-23,3,2026-06-13,Flu ED visits pct,quantile,0.95,0.5775080637938863
wnc,2026-05-23,3,2026-06-13,Flu ED visits pct,quantile,0.95,0.266473883608513
worcester,2026-05-23,3,2026-06-13,Flu ED visits pct,quantile,0.95,0.3581905161539129
athens,2026-05-23,0,2026-05-23,Flu ED visits pct,quantile,0.975,0.45066139551193335
austin,2026-05-23,0,2026-05-23,Flu ED visits pct,quantile,0.975,0.39072766249860713
baltimore,2026-05-23,0,2026-05-23,Flu ED visits pct,quantile,0.975,0.23751031309094395
bangor,2026-05-23,0,2026-05-23,Flu ED visits pct,quantile,0.975,0.30855844830048396
beaumont,2026-05-23,0,2026-05-23,Flu ED visits pct,quantile,0.975,1.0556929604290268
boston,2026-05-23,0,2026-05-23,Flu ED visits pct,quantile,0.975,0.23030112260970084
boulder,2026-05-23,0,2026-05-23,Flu ED visits pct,quantile,0.975,0.509841927117637
charleston,2026-05-23,0,2026-05-23,Flu ED visits pct,quantile,0.975,0.3409083870537311
cherokee,2026-05-23,0,2026-05-23,Flu ED visits pct,quantile,0.975,0.49213815182030607
clt-area,2026-05-23,0,2026-05-23,Flu ED visits pct,quantile,0.975,1.4900293529882007
colorado,2026-05-23,0,2026-05-23,Flu ED visits pct,quantile,0.975,0.4719605241758523
colorado-springs,2026-05-23,0,2026-05-23,Flu ED visits pct,quantile,0.975,0.5653265526506924
columbia,2026-05-23,0,2026-05-23,Flu ED visits pct,quantile,0.975,0.27627001441657567
columbus,2026-05-23,0,2026-05-23,Flu ED visits pct,quantile,0.975,0.32812881759914325
dallas,2026-05-23,0,2026-05-23,Flu ED visits pct,quantile,0.975,0.2829905870609336
denver,2026-05-23,0,2026-05-23,Flu ED visits pct,quantile,0.975,0.4492958316033577
deschutes,2026-05-23,0,2026-05-23,Flu ED visits pct,quantile,0.975,0.8580758512331137
duluth,2026-05-23,0,2026-05-23,Flu ED visits pct,quantile,0.975,0.45611388689804755
el-paso,2026-05-23,0,2026-05-23,Flu ED visits pct,quantile,0.975,2.044499584408064
eugene,2026-05-23,0,2026-05-23,Flu ED visits pct,quantile,0.975,0.3014856002540696
fay-area,2026-05-23,0,2026-05-23,Flu ED visits pct,quantile,0.975,1.2960151582661652
florence,2026-05-23,0,2026-05-23,Flu ED visits pct,quantile,0.975,0.5388063654844891
floyd,2026-05-23,0,2026-05-23,Flu ED visits pct,quantile,0.975,0.4036209926143134
frederick,2026-05-23,0,2026-05-23,Flu ED visits pct,quantile,0.975,0.4144827437688643
georgia,2026-05-23,0,2026-05-23,Flu ED visits pct,quantile,0.975,0.2695622531751112
greenville,2026-05-23,0,2026-05-23,Flu ED visits pct,quantile,0.975,0.2646530723513143
hall,2026-05-23,0,2026-05-23,Flu ED visits pct,quantile,0.975,0.23225155483606932
harford,2026-05-23,0,2026-05-23,Flu ED visits pct,quantile,0.975,0.5142364270483385
henry,2026-05-23,0,2026-05-23,Flu ED visits pct,quantile,0.975,0.3108810875775626
horry,2026-05-23,0,2026-05-23,Flu ED visits pct,quantile,0.975,0.3049216345603659
houston,2026-05-23,0,2026-05-23,Flu ED visits pct,quantile,0.975,0.4239187488508891
indiana,2026-05-23,0,2026-05-23,Flu ED visits pct,quantile,0.975,0.2644266222564011
indianapolis,2026-05-23,0,2026-05-23,Flu ED visits pct,quantile,0.975,0.15997662270251808
la-grange,2026-05-23,0,2026-05-23,Flu ED visits pct,quantile,0.975,0.23962276054032033
larimer,2026-05-23,0,2026-05-23,Flu ED visits pct,quantile,0.975,0.33493326024687853
lynn,2026-05-23,0,2026-05-23,Flu ED visits pct,quantile,0.975,0.3185335165461961
macon,2026-05-23,0,2026-05-23,Flu ED visits pct,quantile,0.975,0.4553635308191481
maine,2026-05-23,0,2026-05-23,Flu ED visits pct,quantile,0.975,0.31082124696619284
marietta,2026-05-23,0,2026-05-23,Flu ED visits pct,quantile,0.975,0.2619746011176854
maryland,2026-05-23,0,2026-05-23,Flu ED visits pct,quantile,0.975,0.30095582852597796
massachusetts,2026-05-23,0,2026-05-23,Flu ED visits pct,quantile,0.975,0.29692928941911095
medford,2026-05-23,0,2026-05-23,Flu ED visits pct,quantile,0.975,0.3315593691349377
mesa,2026-05-23,0,2026-05-23,Flu ED visits pct,quantile,0.975,0.4483492188088132
minneapolis,2026-05-23,0,2026-05-23,Flu ED visits pct,quantile,0.975,0.3931982818094871
minnesota,2026-05-23,0,2026-05-23,Flu ED visits pct,quantile,0.975,0.3966025446291976
montgomery,2026-05-23,0,2026-05-23,Flu ED visits pct,quantile,0.975,0.3041946528040007
nenc,2026-05-23,0,2026-05-23,Flu ED visits pct,quantile,0.975,0.23594223190231892
new-bedford,2026-05-23,0,2026-05-23,Flu ED visits pct,quantile,0.975,0.5109104860720896
north-carolina,2026-05-23,0,2026-05-23,Flu ED visits pct,quantile,0.975,0.7493715603324039
nyc,2026-05-23,0,2026-05-23,ILI ED visits pct,quantile,0.975,2.550558785519776
ogden,2026-05-23,0,2026-05-23,Flu ED visits pct,quantile,0.975,0.27771304095204496
oregon,2026-05-23,0,2026-05-23,Flu ED visits pct,quantile,0.975,0.4257846402549428
pittsfield,2026-05-23,0,2026-05-23,Flu ED visits pct,quantile,0.975,0.30601804977523245
portland,2026-05-23,0,2026-05-23,Flu ED visits pct,quantile,0.975,0.3700182964484088
portland-or,2026-05-23,0,2026-05-23,Flu ED visits pct,quantile,0.975,0.43910554823210896
provo,2026-05-23,0,2026-05-23,Flu ED visits pct,quantile,0.975,0.25286294213275395
roanoke,2026-05-23,0,2026-05-23,Flu ED visits pct,quantile,0.975,0.3685310461247412
rochester,2026-05-23,0,2026-05-23,Flu ED visits pct,quantile,0.975,0.35334617021351256
rock-hill,2026-05-23,0,2026-05-23,Flu ED visits pct,quantile,0.975,0.3546960836850863
rtp-area,2026-05-23,0,2026-05-23,Flu ED visits pct,quantile,0.975,0.25267340201357535
salem,2026-05-23,0,2026-05-23,Flu ED visits pct,quantile,0.975,0.4810702891785811
salt-lake-city,2026-05-23,0,2026-05-23,Flu ED visits pct,quantile,0.975,0.2856063767767552
san-antonio,2026-05-23,0,2026-05-23,Flu ED visits pct,quantile,0.975,0.28263263869071725
savannah,2026-05-23,0,2026-05-23,Flu ED visits pct,quantile,0.975,0.16062957730067162
senc,2026-05-23,0,2026-05-23,Flu ED visits pct,quantile,0.975,0.15687672498485702
south-augusta,2026-05-23,0,2026-05-23,Flu ED visits pct,quantile,0.975,0.2766204051098855
south-carolina,2026-05-23,0,2026-05-23,Flu ED visits pct,quantile,0.975,0.2760420489124102
springfield,2026-05-23,0,2026-05-23,Flu ED visits pct,quantile,0.975,0.46684512049446875
st-cloud,2026-05-23,0,2026-05-23,Flu ED visits pct,quantile,0.975,0.46563592280643945
st-paul,2026-05-23,0,2026-05-23,Flu ED visits pct,quantile,0.975,0.5355825626067235
texas,2026-05-23,0,2026-05-23,Flu ED visits pct,quantile,0.975,0.5017944433015128
triad-area,2026-05-23,0,2026-05-23,Flu ED visits pct,quantile,0.975,0.47600292520144033
utah,2026-05-23,0,2026-05-23,Flu ED visits pct,quantile,0.975,0.27346291299361974
virginia,2026-05-23,0,2026-05-23,Flu ED visits pct,quantile,0.975,0.44274561340841123
weld,2026-05-23,0,2026-05-23,Flu ED visits pct,quantile,0.975,0.6251076549420892
wnc,2026-05-23,0,2026-05-23,Flu ED visits pct,quantile,0.975,0.27660986547298333
worcester,2026-05-23,0,2026-05-23,Flu ED visits pct,quantile,0.975,0.3907411373917519
athens,2026-05-23,1,2026-05-30,Flu ED visits pct,quantile,0.975,0.4748046573945326
austin,2026-05-23,1,2026-05-30,Flu ED visits pct,quantile,0.975,0.40316667628744396
baltimore,2026-05-23,1,2026-05-30,Flu ED visits pct,quantile,0.975,0.24467503102294558
bangor,2026-05-23,1,2026-05-30,Flu ED visits pct,quantile,0.975,0.328819926592278
beaumont,2026-05-23,1,2026-05-30,Flu ED visits pct,quantile,0.975,1.1337961047527128
boston,2026-05-23,1,2026-05-30,Flu ED visits pct,quantile,0.975,0.23455646019904366
boulder,2026-05-23,1,2026-05-30,Flu ED visits pct,quantile,0.975,0.5238470559158998
charleston,2026-05-23,1,2026-05-30,Flu ED visits pct,quantile,0.975,0.351176877162914
cherokee,2026-05-23,1,2026-05-30,Flu ED visits pct,quantile,0.975,0.5125747290335567
clt-area,2026-05-23,1,2026-05-30,Flu ED visits pct,quantile,0.975,1.4806109137843633
colorado,2026-05-23,1,2026-05-30,Flu ED visits pct,quantile,0.975,0.5126872284272213
colorado-springs,2026-05-23,1,2026-05-30,Flu ED visits pct,quantile,0.975,0.5632431285735413
columbia,2026-05-23,1,2026-05-30,Flu ED visits pct,quantile,0.975,0.2969809905140238
columbus,2026-05-23,1,2026-05-30,Flu ED visits pct,quantile,0.975,0.36073833730821114
dallas,2026-05-23,1,2026-05-30,Flu ED visits pct,quantile,0.975,0.2936502088929499
denver,2026-05-23,1,2026-05-30,Flu ED visits pct,quantile,0.975,0.4500139674116289
deschutes,2026-05-23,1,2026-05-30,Flu ED visits pct,quantile,0.975,0.9405803806186841
duluth,2026-05-23,1,2026-05-30,Flu ED visits pct,quantile,0.975,0.4644274669472655
el-paso,2026-05-23,1,2026-05-30,Flu ED visits pct,quantile,0.975,2.0785849154078835
eugene,2026-05-23,1,2026-05-30,Flu ED visits pct,quantile,0.975,0.3214233262724341
fay-area,2026-05-23,1,2026-05-30,Flu ED visits pct,quantile,0.975,1.3049944578709138
florence,2026-05-23,1,2026-05-30,Flu ED visits pct,quantile,0.975,0.575801968263247
floyd,2026-05-23,1,2026-05-30,Flu ED visits pct,quantile,0.975,0.4293711040557802
frederick,2026-05-23,1,2026-05-30,Flu ED visits pct,quantile,0.975,0.4834647482963616
georgia,2026-05-23,1,2026-05-30,Flu ED visits pct,quantile,0.975,0.28318138589150593
greenville,2026-05-23,1,2026-05-30,Flu ED visits pct,quantile,0.975,0.28006590726574343
hall,2026-05-23,1,2026-05-30,Flu ED visits pct,quantile,0.975,0.25077514701869735
harford,2026-05-23,1,2026-05-30,Flu ED visits pct,quantile,0.975,0.5459856123221686
henry,2026-05-23,1,2026-05-30,Flu ED visits pct,quantile,0.975,0.3223942627705089
horry,2026-05-23,1,2026-05-30,Flu ED visits pct,quantile,0.975,0.32967255255259315
houston,2026-05-23,1,2026-05-30,Flu ED visits pct,quantile,0.975,0.43556982998930915
indiana,2026-05-23,1,2026-05-30,Flu ED visits pct,quantile,0.975,0.28597202740659966
indianapolis,2026-05-23,1,2026-05-30,Flu ED visits pct,quantile,0.975,0.17387169043017703
la-grange,2026-05-23,1,2026-05-30,Flu ED visits pct,quantile,0.975,0.26157324817497
larimer,2026-05-23,1,2026-05-30,Flu ED visits pct,quantile,0.975,0.3661778318037861
lynn,2026-05-23,1,2026-05-30,Flu ED visits pct,quantile,0.975,0.3313792153249519
macon,2026-05-23,1,2026-05-30,Flu ED visits pct,quantile,0.975,0.48287353861591525
maine,2026-05-23,1,2026-05-30,Flu ED visits pct,quantile,0.975,0.3277133012478715
marietta,2026-05-23,1,2026-05-30,Flu ED visits pct,quantile,0.975,0.2775115617307588
maryland,2026-05-23,1,2026-05-30,Flu ED visits pct,quantile,0.975,0.3134988503903925
massachusetts,2026-05-23,1,2026-05-30,Flu ED visits pct,quantile,0.975,0.3241926841756252
medford,2026-05-23,1,2026-05-30,Flu ED visits pct,quantile,0.975,0.3707245007455957
mesa,2026-05-23,1,2026-05-30,Flu ED visits pct,quantile,0.975,0.5534792606335396
minneapolis,2026-05-23,1,2026-05-30,Flu ED visits pct,quantile,0.975,0.40031486912173386
minnesota,2026-05-23,1,2026-05-30,Flu ED visits pct,quantile,0.975,0.4158184256337558
montgomery,2026-05-23,1,2026-05-30,Flu ED visits pct,quantile,0.975,0.3140001387266507
nenc,2026-05-23,1,2026-05-30,Flu ED visits pct,quantile,0.975,0.24022397229354786
new-bedford,2026-05-23,1,2026-05-30,Flu ED visits pct,quantile,0.975,0.5274455612818899
north-carolina,2026-05-23,1,2026-05-30,Flu ED visits pct,quantile,0.975,0.758999662602474
nyc,2026-05-23,1,2026-05-30,ILI ED visits pct,quantile,0.975,2.6017780911397725
ogden,2026-05-23,1,2026-05-30,Flu ED visits pct,quantile,0.975,0.2963355836905925
oregon,2026-05-23,1,2026-05-30,Flu ED visits pct,quantile,0.975,0.44015456526826585
pittsfield,2026-05-23,1,2026-05-30,Flu ED visits pct,quantile,0.975,0.3514427616633134
portland,2026-05-23,1,2026-05-30,Flu ED visits pct,quantile,0.975,0.38669748115598496
portland-or,2026-05-23,1,2026-05-30,Flu ED visits pct,quantile,0.975,0.4699679211835952
provo,2026-05-23,1,2026-05-30,Flu ED visits pct,quantile,0.975,0.26357695501717215
roanoke,2026-05-23,1,2026-05-30,Flu ED visits pct,quantile,0.975,0.3835695220922435
rochester,2026-05-23,1,2026-05-30,Flu ED visits pct,quantile,0.975,0.38679466901646486
rock-hill,2026-05-23,1,2026-05-30,Flu ED visits pct,quantile,0.975,0.4131672482805621
rtp-area,2026-05-23,1,2026-05-30,Flu ED visits pct,quantile,0.975,0.2563421085742906
salem,2026-05-23,1,2026-05-30,Flu ED visits pct,quantile,0.975,0.48869363153376005
salt-lake-city,2026-05-23,1,2026-05-30,Flu ED visits pct,quantile,0.975,0.30290637305449003
san-antonio,2026-05-23,1,2026-05-30,Flu ED visits pct,quantile,0.975,0.3051701354578584
savannah,2026-05-23,1,2026-05-30,Flu ED visits pct,quantile,0.975,0.17222384920190767
senc,2026-05-23,1,2026-05-30,Flu ED visits pct,quantile,0.975,0.15859989979679714
south-augusta,2026-05-23,1,2026-05-30,Flu ED visits pct,quantile,0.975,0.2901067214213899
south-carolina,2026-05-23,1,2026-05-30,Flu ED visits pct,quantile,0.975,0.29825272741306685
springfield,2026-05-23,1,2026-05-30,Flu ED visits pct,quantile,0.975,0.4809915504149665
st-cloud,2026-05-23,1,2026-05-30,Flu ED visits pct,quantile,0.975,0.4965618308023919
st-paul,2026-05-23,1,2026-05-30,Flu ED visits pct,quantile,0.975,0.5475716510276876
texas,2026-05-23,1,2026-05-30,Flu ED visits pct,quantile,0.975,0.5302734143354341
triad-area,2026-05-23,1,2026-05-30,Flu ED visits pct,quantile,0.975,0.48365591843998895
utah,2026-05-23,1,2026-05-30,Flu ED visits pct,quantile,0.975,0.2951494499924139
virginia,2026-05-23,1,2026-05-30,Flu ED visits pct,quantile,0.975,0.4967072987009753
weld,2026-05-23,1,2026-05-30,Flu ED visits pct,quantile,0.975,0.651290498978644
wnc,2026-05-23,1,2026-05-30,Flu ED visits pct,quantile,0.975,0.27969569925285626
worcester,2026-05-23,1,2026-05-30,Flu ED visits pct,quantile,0.975,0.40399825187557986
athens,2026-05-23,2,2026-06-06,Flu ED visits pct,quantile,0.975,0.5352508556540283
austin,2026-05-23,2,2026-06-06,Flu ED visits pct,quantile,0.975,0.43454034783889967
baltimore,2026-05-23,2,2026-06-06,Flu ED visits pct,quantile,0.975,0.2648464512976372
bangor,2026-05-23,2,2026-06-06,Flu ED visits pct,quantile,0.975,0.37123331936487913
beaumont,2026-05-23,2,2026-06-06,Flu ED visits pct,quantile,0.975,1.180108068755124
boston,2026-05-23,2,2026-06-06,Flu ED visits pct,quantile,0.975,0.24996775660395154
boulder,2026-05-23,2,2026-06-06,Flu ED visits pct,quantile,0.975,0.5537909154755388
charleston,2026-05-23,2,2026-06-06,Flu ED visits pct,quantile,0.975,0.3665978287608213
cherokee,2026-05-23,2,2026-06-06,Flu ED visits pct,quantile,0.975,0.556280448418933
clt-area,2026-05-23,2,2026-06-06,Flu ED visits pct,quantile,0.975,1.5307282643793758
colorado,2026-05-23,2,2026-06-06,Flu ED visits pct,quantile,0.975,0.5563606359956628
colorado-springs,2026-05-23,2,2026-06-06,Flu ED visits pct,quantile,0.975,0.5972577300981654
columbia,2026-05-23,2,2026-06-06,Flu ED visits pct,quantile,0.975,0.33627751255780747
columbus,2026-05-23,2,2026-06-06,Flu ED visits pct,quantile,0.975,0.4389306230582255
dallas,2026-05-23,2,2026-06-06,Flu ED visits pct,quantile,0.975,0.31284729685272683
denver,2026-05-23,2,2026-06-06,Flu ED visits pct,quantile,0.975,0.47541054773422114
deschutes,2026-05-23,2,2026-06-06,Flu ED visits pct,quantile,0.975,1.0263911897660307
duluth,2026-05-23,2,2026-06-06,Flu ED visits pct,quantile,0.975,0.5079509966918695
el-paso,2026-05-23,2,2026-06-06,Flu ED visits pct,quantile,0.975,2.232192591161758
eugene,2026-05-23,2,2026-06-06,Flu ED visits pct,quantile,0.975,0.34696646855819563
fay-area,2026-05-23,2,2026-06-06,Flu ED visits pct,quantile,0.975,1.3628715496036514
florence,2026-05-23,2,2026-06-06,Flu ED visits pct,quantile,0.975,0.6396955956804663
floyd,2026-05-23,2,2026-06-06,Flu ED visits pct,quantile,0.975,0.4529654049627212
frederick,2026-05-23,2,2026-06-06,Flu ED visits pct,quantile,0.975,0.6241131524042158
georgia,2026-05-23,2,2026-06-06,Flu ED visits pct,quantile,0.975,0.2990939978300917
greenville,2026-05-23,2,2026-06-06,Flu ED visits pct,quantile,0.975,0.29959682290232026
hall,2026-05-23,2,2026-06-06,Flu ED visits pct,quantile,0.975,0.27611427535191596
harford,2026-05-23,2,2026-06-06,Flu ED visits pct,quantile,0.975,0.5611962558064739
henry,2026-05-23,2,2026-06-06,Flu ED visits pct,quantile,0.975,0.3526804703347885
horry,2026-05-23,2,2026-06-06,Flu ED visits pct,quantile,0.975,0.3618347548229181
houston,2026-05-23,2,2026-06-06,Flu ED visits pct,quantile,0.975,0.47854266556599245
indiana,2026-05-23,2,2026-06-06,Flu ED visits pct,quantile,0.975,0.4162804866282082
indianapolis,2026-05-23,2,2026-06-06,Flu ED visits pct,quantile,0.975,0.21576940561088628
la-grange,2026-05-23,2,2026-06-06,Flu ED visits pct,quantile,0.975,0.2972321811864981
larimer,2026-05-23,2,2026-06-06,Flu ED visits pct,quantile,0.975,0.4288837846680957
lynn,2026-05-23,2,2026-06-06,Flu ED visits pct,quantile,0.975,0.40423123957978413
macon,2026-05-23,2,2026-06-06,Flu ED visits pct,quantile,0.975,0.5273717788051856
maine,2026-05-23,2,2026-06-06,Flu ED visits pct,quantile,0.975,0.3531262982350018
marietta,2026-05-23,2,2026-06-06,Flu ED visits pct,quantile,0.975,0.30238785094242626
maryland,2026-05-23,2,2026-06-06,Flu ED visits pct,quantile,0.975,0.3329047081168187
massachusetts,2026-05-23,2,2026-06-06,Flu ED visits pct,quantile,0.975,0.3579320374115899
medford,2026-05-23,2,2026-06-06,Flu ED visits pct,quantile,0.975,0.41077098920861604
mesa,2026-05-23,2,2026-06-06,Flu ED visits pct,quantile,0.975,0.6275109828484331
minneapolis,2026-05-23,2,2026-06-06,Flu ED visits pct,quantile,0.975,0.4271961095302539
minnesota,2026-05-23,2,2026-06-06,Flu ED visits pct,quantile,0.975,0.442768067625309
montgomery,2026-05-23,2,2026-06-06,Flu ED visits pct,quantile,0.975,0.33372671902263923
nenc,2026-05-23,2,2026-06-06,Flu ED visits pct,quantile,0.975,0.26200497772159886
new-bedford,2026-05-23,2,2026-06-06,Flu ED visits pct,quantile,0.975,0.5564133261482561
north-carolina,2026-05-23,2,2026-06-06,Flu ED visits pct,quantile,0.975,0.8008944145627976
nyc,2026-05-23,2,2026-06-06,ILI ED visits pct,quantile,0.975,2.7071431389906553
ogden,2026-05-23,2,2026-06-06,Flu ED visits pct,quantile,0.975,0.32145174046163066
oregon,2026-05-23,2,2026-06-06,Flu ED visits pct,quantile,0.975,0.4777571486696667
pittsfield,2026-05-23,2,2026-06-06,Flu ED visits pct,quantile,0.975,0.576719875283254
portland,2026-05-23,2,2026-06-06,Flu ED visits pct,quantile,0.975,0.4017328573861449
portland-or,2026-05-23,2,2026-06-06,Flu ED visits pct,quantile,0.975,0.5162672342557062
provo,2026-05-23,2,2026-06-06,Flu ED visits pct,quantile,0.975,0.29530986745287274
roanoke,2026-05-23,2,2026-06-06,Flu ED visits pct,quantile,0.975,0.40340574194539636
rochester,2026-05-23,2,2026-06-06,Flu ED visits pct,quantile,0.975,0.4163366013449478
rock-hill,2026-05-23,2,2026-06-06,Flu ED visits pct,quantile,0.975,0.49605074432941154
rtp-area,2026-05-23,2,2026-06-06,Flu ED visits pct,quantile,0.975,0.2711619388438098
salem,2026-05-23,2,2026-06-06,Flu ED visits pct,quantile,0.975,0.5123547045473991
salt-lake-city,2026-05-23,2,2026-06-06,Flu ED visits pct,quantile,0.975,0.3228625468816408
san-antonio,2026-05-23,2,2026-06-06,Flu ED visits pct,quantile,0.975,0.33644496880153074
savannah,2026-05-23,2,2026-06-06,Flu ED visits pct,quantile,0.975,0.18414762073703903
senc,2026-05-23,2,2026-06-06,Flu ED visits pct,quantile,0.975,0.1687990782510786
south-augusta,2026-05-23,2,2026-06-06,Flu ED visits pct,quantile,0.975,0.3048350121691633
south-carolina,2026-05-23,2,2026-06-06,Flu ED visits pct,quantile,0.975,0.35859007279872795
springfield,2026-05-23,2,2026-06-06,Flu ED visits pct,quantile,0.975,0.5211942657682029
st-cloud,2026-05-23,2,2026-06-06,Flu ED visits pct,quantile,0.975,0.5315971215109061
st-paul,2026-05-23,2,2026-06-06,Flu ED visits pct,quantile,0.975,0.593226209624487
texas,2026-05-23,2,2026-06-06,Flu ED visits pct,quantile,0.975,0.5569478819799091
triad-area,2026-05-23,2,2026-06-06,Flu ED visits pct,quantile,0.975,0.5265117856405345
utah,2026-05-23,2,2026-06-06,Flu ED visits pct,quantile,0.975,0.31896479113801607
virginia,2026-05-23,2,2026-06-06,Flu ED visits pct,quantile,0.975,0.5504200418308131
weld,2026-05-23,2,2026-06-06,Flu ED visits pct,quantile,0.975,0.697683617306418
wnc,2026-05-23,2,2026-06-06,Flu ED visits pct,quantile,0.975,0.30454673227284207
worcester,2026-05-23,2,2026-06-06,Flu ED visits pct,quantile,0.975,0.4287463335229837
athens,2026-05-23,3,2026-06-13,Flu ED visits pct,quantile,0.975,0.6069526698167956
austin,2026-05-23,3,2026-06-13,Flu ED visits pct,quantile,0.975,0.48553186725473363
baltimore,2026-05-23,3,2026-06-13,Flu ED visits pct,quantile,0.975,0.3075457055610623
bangor,2026-05-23,3,2026-06-13,Flu ED visits pct,quantile,0.975,0.4395482644285204
beaumont,2026-05-23,3,2026-06-13,Flu ED visits pct,quantile,0.975,1.2499691647820788
boston,2026-05-23,3,2026-06-13,Flu ED visits pct,quantile,0.975,0.2946084761485969
boulder,2026-05-23,3,2026-06-13,Flu ED visits pct,quantile,0.975,0.5989823478257055
charleston,2026-05-23,3,2026-06-13,Flu ED visits pct,quantile,0.975,0.4045272700318807
cherokee,2026-05-23,3,2026-06-13,Flu ED visits pct,quantile,0.975,0.6344999876190001
clt-area,2026-05-23,3,2026-06-13,Flu ED visits pct,quantile,0.975,1.6091196167516022
colorado,2026-05-23,3,2026-06-13,Flu ED visits pct,quantile,0.975,0.6466505127638933
colorado-springs,2026-05-23,3,2026-06-13,Flu ED visits pct,quantile,0.975,0.6491723412580428
columbia,2026-05-23,3,2026-06-13,Flu ED visits pct,quantile,0.975,0.390040966744573
columbus,2026-05-23,3,2026-06-13,Flu ED visits pct,quantile,0.975,0.5506357901247643
dallas,2026-05-23,3,2026-06-13,Flu ED visits pct,quantile,0.975,0.36634091629679194
denver,2026-05-23,3,2026-06-13,Flu ED visits pct,quantile,0.975,0.5224397815007266
deschutes,2026-05-23,3,2026-06-13,Flu ED visits pct,quantile,0.975,1.1247543118838448
duluth,2026-05-23,3,2026-06-13,Flu ED visits pct,quantile,0.975,0.5415025637898299
el-paso,2026-05-23,3,2026-06-13,Flu ED visits pct,quantile,0.975,2.434072458636097
eugene,2026-05-23,3,2026-06-13,Flu ED visits pct,quantile,0.975,0.38983332591547476
fay-area,2026-05-23,3,2026-06-13,Flu ED visits pct,quantile,0.975,1.451867329290302
florence,2026-05-23,3,2026-06-13,Flu ED visits pct,quantile,0.975,0.6998302659130302
floyd,2026-05-23,3,2026-06-13,Flu ED visits pct,quantile,0.975,0.49609225787127975
frederick,2026-05-23,3,2026-06-13,Flu ED visits pct,quantile,0.975,0.8704263147512938
georgia,2026-05-23,3,2026-06-13,Flu ED visits pct,quantile,0.975,0.3544553553161205
greenville,2026-05-23,3,2026-06-13,Flu ED visits pct,quantile,0.975,0.3419627084043222
hall,2026-05-23,3,2026-06-13,Flu ED visits pct,quantile,0.975,0.3335632154795244
harford,2026-05-23,3,2026-06-13,Flu ED visits pct,quantile,0.975,0.5957633743047365
henry,2026-05-23,3,2026-06-13,Flu ED visits pct,quantile,0.975,0.3837648413276976
horry,2026-05-23,3,2026-06-13,Flu ED visits pct,quantile,0.975,0.3895422049495597
houston,2026-05-23,3,2026-06-13,Flu ED visits pct,quantile,0.975,0.5454163847806169
indiana,2026-05-23,3,2026-06-13,Flu ED visits pct,quantile,0.975,0.5826268310912307
indianapolis,2026-05-23,3,2026-06-13,Flu ED visits pct,quantile,0.975,0.2891713466434112
la-grange,2026-05-23,3,2026-06-13,Flu ED visits pct,quantile,0.975,0.36103718549919905
larimer,2026-05-23,3,2026-06-13,Flu ED visits pct,quantile,0.975,0.5731132747296577
lynn,2026-05-23,3,2026-06-13,Flu ED visits pct,quantile,0.975,0.5446827608867999
macon,2026-05-23,3,2026-06-13,Flu ED visits pct,quantile,0.975,0.5789278856992933
maine,2026-05-23,3,2026-06-13,Flu ED visits pct,quantile,0.975,0.39338472358590665
marietta,2026-05-23,3,2026-06-13,Flu ED visits pct,quantile,0.975,0.3349277698115258
maryland,2026-05-23,3,2026-06-13,Flu ED visits pct,quantile,0.975,0.39422721660342136
massachusetts,2026-05-23,3,2026-06-13,Flu ED visits pct,quantile,0.975,0.43147791024592047
medford,2026-05-23,3,2026-06-13,Flu ED visits pct,quantile,0.975,0.48434866101469065
mesa,2026-05-23,3,2026-06-13,Flu ED visits pct,quantile,0.975,0.6751679718142528
minneapolis,2026-05-23,3,2026-06-13,Flu ED visits pct,quantile,0.975,0.47799582084341624
minnesota,2026-05-23,3,2026-06-13,Flu ED visits pct,quantile,0.975,0.5158359120042598
montgomery,2026-05-23,3,2026-06-13,Flu ED visits pct,quantile,0.975,0.37585756494419426
nenc,2026-05-23,3,2026-06-13,Flu ED visits pct,quantile,0.975,0.3001251918342152
new-bedford,2026-05-23,3,2026-06-13,Flu ED visits pct,quantile,0.975,0.6064875330718196
north-carolina,2026-05-23,3,2026-06-13,Flu ED visits pct,quantile,0.975,0.8798926057754933
nyc,2026-05-23,3,2026-06-13,ILI ED visits pct,quantile,0.975,2.9337742598493453
ogden,2026-05-23,3,2026-06-13,Flu ED visits pct,quantile,0.975,0.3588535696287921
oregon,2026-05-23,3,2026-06-13,Flu ED visits pct,quantile,0.975,0.5372028441006059
pittsfield,2026-05-23,3,2026-06-13,Flu ED visits pct,quantile,0.975,0.8352939474438721
portland,2026-05-23,3,2026-06-13,Flu ED visits pct,quantile,0.975,0.4164315818287525
portland-or,2026-05-23,3,2026-06-13,Flu ED visits pct,quantile,0.975,0.5560870217427977
provo,2026-05-23,3,2026-06-13,Flu ED visits pct,quantile,0.975,0.39298164975561495
roanoke,2026-05-23,3,2026-06-13,Flu ED visits pct,quantile,0.975,0.4535969959982854
rochester,2026-05-23,3,2026-06-13,Flu ED visits pct,quantile,0.975,0.48695403963438366
rock-hill,2026-05-23,3,2026-06-13,Flu ED visits pct,quantile,0.975,0.5986529134333939
rtp-area,2026-05-23,3,2026-06-13,Flu ED visits pct,quantile,0.975,0.30712902051859814
salem,2026-05-23,3,2026-06-13,Flu ED visits pct,quantile,0.975,0.5745546009800594
salt-lake-city,2026-05-23,3,2026-06-13,Flu ED visits pct,quantile,0.975,0.3725683031914314
san-antonio,2026-05-23,3,2026-06-13,Flu ED visits pct,quantile,0.975,0.4355010924205799
savannah,2026-05-23,3,2026-06-13,Flu ED visits pct,quantile,0.975,0.2089982354957752
senc,2026-05-23,3,2026-06-13,Flu ED visits pct,quantile,0.975,0.18687394172914853
south-augusta,2026-05-23,3,2026-06-13,Flu ED visits pct,quantile,0.975,0.33108933283240954
south-carolina,2026-05-23,3,2026-06-13,Flu ED visits pct,quantile,0.975,0.4396148956135201
springfield,2026-05-23,3,2026-06-13,Flu ED visits pct,quantile,0.975,0.5663563298730798
st-cloud,2026-05-23,3,2026-06-13,Flu ED visits pct,quantile,0.975,0.5953124220200875
st-paul,2026-05-23,3,2026-06-13,Flu ED visits pct,quantile,0.975,0.6510234408085442
texas,2026-05-23,3,2026-06-13,Flu ED visits pct,quantile,0.975,0.6544062730136421
triad-area,2026-05-23,3,2026-06-13,Flu ED visits pct,quantile,0.975,0.5910857162034555
utah,2026-05-23,3,2026-06-13,Flu ED visits pct,quantile,0.975,0.37648436788077627
virginia,2026-05-23,3,2026-06-13,Flu ED visits pct,quantile,0.975,0.613562724160761
weld,2026-05-23,3,2026-06-13,Flu ED visits pct,quantile,0.975,0.7278299401908687
wnc,2026-05-23,3,2026-06-13,Flu ED visits pct,quantile,0.975,0.33766486234806714
worcester,2026-05-23,3,2026-06-13,Flu ED visits pct,quantile,0.975,0.47163432393713406
