location,reference_date,horizon,target_end_date,target,output_type,output_type_id,value
athens,2026-03-07,0,2026-03-07,Flu ED visits pct,quantile,0.025,0.8393794298743167
austin,2026-03-07,0,2026-03-07,Flu ED visits pct,quantile,0.025,1.0622716795963607
baltimore,2026-03-07,0,2026-03-07,Flu ED visits pct,quantile,0.025,0.3370246622058338
bangor,2026-03-07,0,2026-03-07,Flu ED visits pct,quantile,0.025,0.6399745711406989
beaumont,2026-03-07,0,2026-03-07,Flu ED visits pct,quantile,0.025,0.501766893086908
boston,2026-03-07,0,2026-03-07,Flu ED visits pct,quantile,0.025,0.5621379327586454
boulder,2026-03-07,0,2026-03-07,Flu ED visits pct,quantile,0.025,1.3830832515381348
charleston,2026-03-07,0,2026-03-07,Flu ED visits pct,quantile,0.025,1.0030097643675815
cherokee,2026-03-07,0,2026-03-07,Flu ED visits pct,quantile,0.025,0.9980428732628577
clt-area,2026-03-07,0,2026-03-07,Flu ED visits pct,quantile,0.025,2.0525367054218693
colorado,2026-03-07,0,2026-03-07,Flu ED visits pct,quantile,0.025,1.1102207510824007
colorado-springs,2026-03-07,0,2026-03-07,Flu ED visits pct,quantile,0.025,0.8081315288116679
columbia,2026-03-07,0,2026-03-07,Flu ED visits pct,quantile,0.025,0.6918569073158473
columbus,2026-03-07,0,2026-03-07,Flu ED visits pct,quantile,0.025,0.9319454434506167
dallas,2026-03-07,0,2026-03-07,Flu ED visits pct,quantile,0.025,1.1270750477936535
denver,2026-03-07,0,2026-03-07,Flu ED visits pct,quantile,0.025,1.1587412192210937
deschutes,2026-03-07,0,2026-03-07,Flu ED visits pct,quantile,0.025,0.9485935978822204
duluth,2026-03-07,0,2026-03-07,Flu ED visits pct,quantile,0.025,0.6656796419306023
el-paso,2026-03-07,0,2026-03-07,Flu ED visits pct,quantile,0.025,0.5465274036018652
eugene,2026-03-07,0,2026-03-07,Flu ED visits pct,quantile,0.025,1.1873696432209828
fay-area,2026-03-07,0,2026-03-07,Flu ED visits pct,quantile,0.025,1.975283812703782
florence,2026-03-07,0,2026-03-07,Flu ED visits pct,quantile,0.025,0.6142833515107823
floyd,2026-03-07,0,2026-03-07,Flu ED visits pct,quantile,0.025,0.9415449766303015
frederick,2026-03-07,0,2026-03-07,Flu ED visits pct,quantile,0.025,0.3464256413012285
georgia,2026-03-07,0,2026-03-07,Flu ED visits pct,quantile,0.025,0.846882800419267
greenville,2026-03-07,0,2026-03-07,Flu ED visits pct,quantile,0.025,1.1133316111795337
hall,2026-03-07,0,2026-03-07,Flu ED visits pct,quantile,0.025,0.5322349823056327
harford,2026-03-07,0,2026-03-07,Flu ED visits pct,quantile,0.025,0.20959021412033776
henry,2026-03-07,0,2026-03-07,Flu ED visits pct,quantile,0.025,0.5660887386631481
horry,2026-03-07,0,2026-03-07,Flu ED visits pct,quantile,0.025,0.628400329665086
houston,2026-03-07,0,2026-03-07,Flu ED visits pct,quantile,0.025,0.5027593815217958
indiana,2026-03-07,0,2026-03-07,Flu ED visits pct,quantile,0.025,1.608487206439092
indianapolis,2026-03-07,0,2026-03-07,Flu ED visits pct,quantile,0.025,2.0427417608050953
la-grange,2026-03-07,0,2026-03-07,Flu ED visits pct,quantile,0.025,0.6064639428893367
larimer,2026-03-07,0,2026-03-07,Flu ED visits pct,quantile,0.025,0.4931088500221884
lynn,2026-03-07,0,2026-03-07,Flu ED visits pct,quantile,0.025,0.4733532219307685
macon,2026-03-07,0,2026-03-07,Flu ED visits pct,quantile,0.025,0.47340950969828555
maine,2026-03-07,0,2026-03-07,Flu ED visits pct,quantile,0.025,0.6200730021161874
marietta,2026-03-07,0,2026-03-07,Flu ED visits pct,quantile,0.025,0.5899870559895332
maryland,2026-03-07,0,2026-03-07,Flu ED visits pct,quantile,0.025,0.48562418428866455
massachusetts,2026-03-07,0,2026-03-07,Flu ED visits pct,quantile,0.025,0.6220125660468617
medford,2026-03-07,0,2026-03-07,Flu ED visits pct,quantile,0.025,0.7124242456584893
mesa,2026-03-07,0,2026-03-07,Flu ED visits pct,quantile,0.025,0.5027171713804817
minneapolis,2026-03-07,0,2026-03-07,Flu ED visits pct,quantile,0.025,0.9863849713933355
minnesota,2026-03-07,0,2026-03-07,Flu ED visits pct,quantile,0.025,1.1566821533198077
montgomery,2026-03-07,0,2026-03-07,Flu ED visits pct,quantile,0.025,0.4010771092157855
nenc,2026-03-07,0,2026-03-07,Flu ED visits pct,quantile,0.025,1.0503511809475565
new-bedford,2026-03-07,0,2026-03-07,Flu ED visits pct,quantile,0.025,0.7403354509696576
north-carolina,2026-03-07,0,2026-03-07,Flu ED visits pct,quantile,0.025,1.3297652355713627
nyc,2026-03-07,0,2026-03-07,ILI ED visits pct,quantile,0.025,1.7357190642411633
ogden,2026-03-07,0,2026-03-07,Flu ED visits pct,quantile,0.025,0.9337589499730458
oregon,2026-03-07,0,2026-03-07,Flu ED visits pct,quantile,0.025,1.2048346348712033
pittsfield,2026-03-07,0,2026-03-07,Flu ED visits pct,quantile,0.025,0.1270988279313491
portland,2026-03-07,0,2026-03-07,Flu ED visits pct,quantile,0.025,0.3840214971791752
portland-or,2026-03-07,0,2026-03-07,Flu ED visits pct,quantile,0.025,1.2518948686330726
provo,2026-03-07,0,2026-03-07,Flu ED visits pct,quantile,0.025,0.3209633158012508
roanoke,2026-03-07,0,2026-03-07,Flu ED visits pct,quantile,0.025,1.5260808507654635
rochester,2026-03-07,0,2026-03-07,Flu ED visits pct,quantile,0.025,1.378783850818772
rock-hill,2026-03-07,0,2026-03-07,Flu ED visits pct,quantile,0.025,0.051647928804697714
rtp-area,2026-03-07,0,2026-03-07,Flu ED visits pct,quantile,0.025,1.1082017666646762
salem,2026-03-07,0,2026-03-07,Flu ED visits pct,quantile,0.025,1.2587291225966653
salt-lake-city,2026-03-07,0,2026-03-07,Flu ED visits pct,quantile,0.025,0.9240845880549133
san-antonio,2026-03-07,0,2026-03-07,Flu ED visits pct,quantile,0.025,1.7928836707696139
savannah,2026-03-07,0,2026-03-07,Flu ED visits pct,quantile,0.025,0.24842644149255322
senc,2026-03-07,0,2026-03-07,Flu ED visits pct,quantile,0.025,0.5608934344135925
south-augusta,2026-03-07,0,2026-03-07,Flu ED visits pct,quantile,0.025,0.8422466312055381
south-carolina,2026-03-07,0,2026-03-07,Flu ED visits pct,quantile,0.025,1.0716307432521432
springfield,2026-03-07,0,2026-03-07,Flu ED visits pct,quantile,0.025,0.48994319965183747
st-cloud,2026-03-07,0,2026-03-07,Flu ED visits pct,quantile,0.025,0.9545955094853474
st-paul,2026-03-07,0,2026-03-07,Flu ED visits pct,quantile,0.025,1.0100762659938438
texas,2026-03-07,0,2026-03-07,Flu ED visits pct,quantile,0.025,1.13936309993613
triad-area,2026-03-07,0,2026-03-07,Flu ED visits pct,quantile,0.025,0.9098138032851931
utah,2026-03-07,0,2026-03-07,Flu ED visits pct,quantile,0.025,0.8704458234614059
virginia,2026-03-07,0,2026-03-07,Flu ED visits pct,quantile,0.025,1.161628852201323
weld,2026-03-07,0,2026-03-07,Flu ED visits pct,quantile,0.025,0.7988865031432539
wnc,2026-03-07,0,2026-03-07,Flu ED visits pct,quantile,0.025,1.0085992286493253
worcester,2026-03-07,0,2026-03-07,Flu ED visits pct,quantile,0.025,0.5672812524952503
athens,2026-03-07,1,2026-03-14,Flu ED visits pct,quantile,0.025,0.5802485909761448
austin,2026-03-07,1,2026-03-14,Flu ED visits pct,quantile,0.025,0.7452832166123604
baltimore,2026-03-07,1,2026-03-14,Flu ED visits pct,quantile,0.025,0.2523185633631114
bangor,2026-03-07,1,2026-03-14,Flu ED visits pct,quantile,0.025,0.45432284472964324
beaumont,2026-03-07,1,2026-03-14,Flu ED visits pct,quantile,0.025,0.34866233713841593
boston,2026-03-07,1,2026-03-14,Flu ED visits pct,quantile,0.025,0.4181777503513287
boulder,2026-03-07,1,2026-03-14,Flu ED visits pct,quantile,0.025,1.0267560840004921
charleston,2026-03-07,1,2026-03-14,Flu ED visits pct,quantile,0.025,0.6946591731709492
cherokee,2026-03-07,1,2026-03-14,Flu ED visits pct,quantile,0.025,0.6921721653607382
clt-area,2026-03-07,1,2026-03-14,Flu ED visits pct,quantile,0.025,1.6193048537796082
colorado,2026-03-07,1,2026-03-14,Flu ED visits pct,quantile,0.025,0.8275054200418998
colorado-springs,2026-03-07,1,2026-03-14,Flu ED visits pct,quantile,0.025,0.5764234745998421
columbia,2026-03-07,1,2026-03-14,Flu ED visits pct,quantile,0.025,0.4573546580092047
columbus,2026-03-07,1,2026-03-14,Flu ED visits pct,quantile,0.025,0.6689339144140387
dallas,2026-03-07,1,2026-03-14,Flu ED visits pct,quantile,0.025,0.7792150257350805
denver,2026-03-07,1,2026-03-14,Flu ED visits pct,quantile,0.025,0.8845113469120451
deschutes,2026-03-07,1,2026-03-14,Flu ED visits pct,quantile,0.025,0.7054315137643323
duluth,2026-03-07,1,2026-03-14,Flu ED visits pct,quantile,0.025,0.4738501649533918
el-paso,2026-03-07,1,2026-03-14,Flu ED visits pct,quantile,0.025,0.4169607376840597
eugene,2026-03-07,1,2026-03-14,Flu ED visits pct,quantile,0.025,0.7936383918179912
fay-area,2026-03-07,1,2026-03-14,Flu ED visits pct,quantile,0.025,1.5076447478104684
florence,2026-03-07,1,2026-03-14,Flu ED visits pct,quantile,0.025,0.4141984760437225
floyd,2026-03-07,1,2026-03-14,Flu ED visits pct,quantile,0.025,0.6966915783747843
frederick,2026-03-07,1,2026-03-14,Flu ED visits pct,quantile,0.025,0.21977528303179902
georgia,2026-03-07,1,2026-03-14,Flu ED visits pct,quantile,0.025,0.5792865035905177
greenville,2026-03-07,1,2026-03-14,Flu ED visits pct,quantile,0.025,0.7320526484682711
hall,2026-03-07,1,2026-03-14,Flu ED visits pct,quantile,0.025,0.3896790253134431
harford,2026-03-07,1,2026-03-14,Flu ED visits pct,quantile,0.025,0.14338909235926595
henry,2026-03-07,1,2026-03-14,Flu ED visits pct,quantile,0.025,0.3804112399857312
horry,2026-03-07,1,2026-03-14,Flu ED visits pct,quantile,0.025,0.4497878210301604
houston,2026-03-07,1,2026-03-14,Flu ED visits pct,quantile,0.025,0.3865218449616096
indiana,2026-03-07,1,2026-03-14,Flu ED visits pct,quantile,0.025,1.11898547575005
indianapolis,2026-03-07,1,2026-03-14,Flu ED visits pct,quantile,0.025,1.467263464475761
la-grange,2026-03-07,1,2026-03-14,Flu ED visits pct,quantile,0.025,0.41804441958192573
larimer,2026-03-07,1,2026-03-14,Flu ED visits pct,quantile,0.025,0.3446534240291058
lynn,2026-03-07,1,2026-03-14,Flu ED visits pct,quantile,0.025,0.3401830354576591
macon,2026-03-07,1,2026-03-14,Flu ED visits pct,quantile,0.025,0.3318817694697683
maine,2026-03-07,1,2026-03-14,Flu ED visits pct,quantile,0.025,0.42253789318519064
marietta,2026-03-07,1,2026-03-14,Flu ED visits pct,quantile,0.025,0.4046515770877797
maryland,2026-03-07,1,2026-03-14,Flu ED visits pct,quantile,0.025,0.344687692661657
massachusetts,2026-03-07,1,2026-03-14,Flu ED visits pct,quantile,0.025,0.4656619377349704
medford,2026-03-07,1,2026-03-14,Flu ED visits pct,quantile,0.025,0.4655983251137728
mesa,2026-03-07,1,2026-03-14,Flu ED visits pct,quantile,0.025,0.362340080822256
minneapolis,2026-03-07,1,2026-03-14,Flu ED visits pct,quantile,0.025,0.7580961937095801
minnesota,2026-03-07,1,2026-03-14,Flu ED visits pct,quantile,0.025,0.8409503604435826
montgomery,2026-03-07,1,2026-03-14,Flu ED visits pct,quantile,0.025,0.29473027369327515
nenc,2026-03-07,1,2026-03-14,Flu ED visits pct,quantile,0.025,0.7957067034906891
new-bedford,2026-03-07,1,2026-03-14,Flu ED visits pct,quantile,0.025,0.5406047937090203
north-carolina,2026-03-07,1,2026-03-14,Flu ED visits pct,quantile,0.025,1.0777834279340492
nyc,2026-03-07,1,2026-03-14,ILI ED visits pct,quantile,0.025,1.554903085257614
ogden,2026-03-07,1,2026-03-14,Flu ED visits pct,quantile,0.025,0.6968867226484999
oregon,2026-03-07,1,2026-03-14,Flu ED visits pct,quantile,0.025,0.8005878827327866
pittsfield,2026-03-07,1,2026-03-14,Flu ED visits pct,quantile,0.025,0.08069084905812746
portland,2026-03-07,1,2026-03-14,Flu ED visits pct,quantile,0.025,0.27119859457717604
portland-or,2026-03-07,1,2026-03-14,Flu ED visits pct,quantile,0.025,0.8729925459722597
provo,2026-03-07,1,2026-03-14,Flu ED visits pct,quantile,0.025,0.21275895521150132
roanoke,2026-03-07,1,2026-03-14,Flu ED visits pct,quantile,0.025,1.1643065639177808
rochester,2026-03-07,1,2026-03-14,Flu ED visits pct,quantile,0.025,1.0143022856260142
rock-hill,2026-03-07,1,2026-03-14,Flu ED visits pct,quantile,0.025,0.0307607828808414
rtp-area,2026-03-07,1,2026-03-14,Flu ED visits pct,quantile,0.025,0.8326756319631192
salem,2026-03-07,1,2026-03-14,Flu ED visits pct,quantile,0.025,0.8492246719245653
salt-lake-city,2026-03-07,1,2026-03-14,Flu ED visits pct,quantile,0.025,0.653871329194835
san-antonio,2026-03-07,1,2026-03-14,Flu ED visits pct,quantile,0.025,1.2222896937686325
savannah,2026-03-07,1,2026-03-14,Flu ED visits pct,quantile,0.025,0.14854197808207145
senc,2026-03-07,1,2026-03-14,Flu ED visits pct,quantile,0.025,0.411203562620421
south-augusta,2026-03-07,1,2026-03-14,Flu ED visits pct,quantile,0.025,0.6120333246538241
south-carolina,2026-03-07,1,2026-03-14,Flu ED visits pct,quantile,0.025,0.7138590339115238
springfield,2026-03-07,1,2026-03-14,Flu ED visits pct,quantile,0.025,0.3558825080668539
st-cloud,2026-03-07,1,2026-03-14,Flu ED visits pct,quantile,0.025,0.6782474494334781
st-paul,2026-03-07,1,2026-03-14,Flu ED visits pct,quantile,0.025,0.7788542004356017
texas,2026-03-07,1,2026-03-14,Flu ED visits pct,quantile,0.025,0.8118781873408298
triad-area,2026-03-07,1,2026-03-14,Flu ED visits pct,quantile,0.025,0.7129032094254943
utah,2026-03-07,1,2026-03-14,Flu ED visits pct,quantile,0.025,0.6134794548720146
virginia,2026-03-07,1,2026-03-14,Flu ED visits pct,quantile,0.025,0.8575210448904668
weld,2026-03-07,1,2026-03-14,Flu ED visits pct,quantile,0.025,0.6272213876087351
wnc,2026-03-07,1,2026-03-14,Flu ED visits pct,quantile,0.025,0.7849641409670871
worcester,2026-03-07,1,2026-03-14,Flu ED visits pct,quantile,0.025,0.3992565546020103
athens,2026-03-07,2,2026-03-21,Flu ED visits pct,quantile,0.025,0.4390937977672921
austin,2026-03-07,2,2026-03-21,Flu ED visits pct,quantile,0.025,0.5322357071560608
baltimore,2026-03-07,2,2026-03-21,Flu ED visits pct,quantile,0.025,0.22441883261286072
bangor,2026-03-07,2,2026-03-21,Flu ED visits pct,quantile,0.025,0.31360540974972534
beaumont,2026-03-07,2,2026-03-21,Flu ED visits pct,quantile,0.025,0.25399354239237104
boston,2026-03-07,2,2026-03-21,Flu ED visits pct,quantile,0.025,0.3348739189745526
boulder,2026-03-07,2,2026-03-21,Flu ED visits pct,quantile,0.025,0.7329272016321746
charleston,2026-03-07,2,2026-03-21,Flu ED visits pct,quantile,0.025,0.49383527525048865
cherokee,2026-03-07,2,2026-03-21,Flu ED visits pct,quantile,0.025,0.4861126558182818
clt-area,2026-03-07,2,2026-03-21,Flu ED visits pct,quantile,0.025,1.2387632595816536
colorado,2026-03-07,2,2026-03-21,Flu ED visits pct,quantile,0.025,0.6534185387761619
colorado-springs,2026-03-07,2,2026-03-21,Flu ED visits pct,quantile,0.025,0.43428912052128055
columbia,2026-03-07,2,2026-03-21,Flu ED visits pct,quantile,0.025,0.32007945429072077
columbus,2026-03-07,2,2026-03-21,Flu ED visits pct,quantile,0.025,0.46423321961473546
dallas,2026-03-07,2,2026-03-21,Flu ED visits pct,quantile,0.025,0.5817549572406939
denver,2026-03-07,2,2026-03-21,Flu ED visits pct,quantile,0.025,0.7148282360099711
deschutes,2026-03-07,2,2026-03-21,Flu ED visits pct,quantile,0.025,0.4934576752735774
duluth,2026-03-07,2,2026-03-21,Flu ED visits pct,quantile,0.025,0.34078809702340823
el-paso,2026-03-07,2,2026-03-21,Flu ED visits pct,quantile,0.025,0.3427474150760568
eugene,2026-03-07,2,2026-03-21,Flu ED visits pct,quantile,0.025,0.5396729668749178
fay-area,2026-03-07,2,2026-03-21,Flu ED visits pct,quantile,0.025,1.0868940171943984
florence,2026-03-07,2,2026-03-21,Flu ED visits pct,quantile,0.025,0.26714020608172706
floyd,2026-03-07,2,2026-03-21,Flu ED visits pct,quantile,0.025,0.4988671571837523
frederick,2026-03-07,2,2026-03-21,Flu ED visits pct,quantile,0.025,0.13328502014565455
georgia,2026-03-07,2,2026-03-21,Flu ED visits pct,quantile,0.025,0.44228676430080377
greenville,2026-03-07,2,2026-03-21,Flu ED visits pct,quantile,0.025,0.5367123266586517
hall,2026-03-07,2,2026-03-21,Flu ED visits pct,quantile,0.025,0.2828142306585203
harford,2026-03-07,2,2026-03-21,Flu ED visits pct,quantile,0.025,0.11171791373496981
henry,2026-03-07,2,2026-03-21,Flu ED visits pct,quantile,0.025,0.29990684265109063
horry,2026-03-07,2,2026-03-21,Flu ED visits pct,quantile,0.025,0.31531940078753196
houston,2026-03-07,2,2026-03-21,Flu ED visits pct,quantile,0.025,0.33139300076856143
indiana,2026-03-07,2,2026-03-21,Flu ED visits pct,quantile,0.025,0.8353374189048434
indianapolis,2026-03-07,2,2026-03-21,Flu ED visits pct,quantile,0.025,1.0867193238082096
la-grange,2026-03-07,2,2026-03-21,Flu ED visits pct,quantile,0.025,0.2877765110690678
larimer,2026-03-07,2,2026-03-21,Flu ED visits pct,quantile,0.025,0.24193843754573108
lynn,2026-03-07,2,2026-03-21,Flu ED visits pct,quantile,0.025,0.2722176081822672
macon,2026-03-07,2,2026-03-21,Flu ED visits pct,quantile,0.025,0.23751418370946523
maine,2026-03-07,2,2026-03-21,Flu ED visits pct,quantile,0.025,0.3168957250115963
marietta,2026-03-07,2,2026-03-21,Flu ED visits pct,quantile,0.025,0.29403955248698127
maryland,2026-03-07,2,2026-03-21,Flu ED visits pct,quantile,0.025,0.27535181201788633
massachusetts,2026-03-07,2,2026-03-21,Flu ED visits pct,quantile,0.025,0.37161051125319766
medford,2026-03-07,2,2026-03-21,Flu ED visits pct,quantile,0.025,0.2915462221799873
mesa,2026-03-07,2,2026-03-21,Flu ED visits pct,quantile,0.025,0.2584769872463062
minneapolis,2026-03-07,2,2026-03-21,Flu ED visits pct,quantile,0.025,0.5928068014723312
minnesota,2026-03-07,2,2026-03-21,Flu ED visits pct,quantile,0.025,0.6833814657737295
montgomery,2026-03-07,2,2026-03-21,Flu ED visits pct,quantile,0.025,0.227974068973543
nenc,2026-03-07,2,2026-03-21,Flu ED visits pct,quantile,0.025,0.595487566004433
new-bedford,2026-03-07,2,2026-03-21,Flu ED visits pct,quantile,0.025,0.41440349872394766
north-carolina,2026-03-07,2,2026-03-21,Flu ED visits pct,quantile,0.025,0.8087172905439235
nyc,2026-03-07,2,2026-03-21,ILI ED visits pct,quantile,0.025,1.3804886492831494
ogden,2026-03-07,2,2026-03-21,Flu ED visits pct,quantile,0.025,0.5074335366765585
oregon,2026-03-07,2,2026-03-21,Flu ED visits pct,quantile,0.025,0.5508579160249477
pittsfield,2026-03-07,2,2026-03-21,Flu ED visits pct,quantile,0.025,0.054745972678276016
portland,2026-03-07,2,2026-03-21,Flu ED visits pct,quantile,0.025,0.20356316390361875
portland-or,2026-03-07,2,2026-03-21,Flu ED visits pct,quantile,0.025,0.6469797456370977
provo,2026-03-07,2,2026-03-21,Flu ED visits pct,quantile,0.025,0.1529771404042087
roanoke,2026-03-07,2,2026-03-21,Flu ED visits pct,quantile,0.025,0.9004543076483423
rochester,2026-03-07,2,2026-03-21,Flu ED visits pct,quantile,0.025,0.7208815123031881
rock-hill,2026-03-07,2,2026-03-21,Flu ED visits pct,quantile,0.025,0.02262647202666869
rtp-area,2026-03-07,2,2026-03-21,Flu ED visits pct,quantile,0.025,0.5874412658424469
salem,2026-03-07,2,2026-03-21,Flu ED visits pct,quantile,0.025,0.5445668399029595
salt-lake-city,2026-03-07,2,2026-03-21,Flu ED visits pct,quantile,0.025,0.4934810865682612
san-antonio,2026-03-07,2,2026-03-21,Flu ED visits pct,quantile,0.025,0.8494168393773917
savannah,2026-03-07,2,2026-03-21,Flu ED visits pct,quantile,0.025,0.0878723756550935
senc,2026-03-07,2,2026-03-21,Flu ED visits pct,quantile,0.025,0.2927414483107042
south-augusta,2026-03-07,2,2026-03-21,Flu ED visits pct,quantile,0.025,0.4408154985892738
south-carolina,2026-03-07,2,2026-03-21,Flu ED visits pct,quantile,0.025,0.507972642129075
springfield,2026-03-07,2,2026-03-21,Flu ED visits pct,quantile,0.025,0.292888996442351
st-cloud,2026-03-07,2,2026-03-21,Flu ED visits pct,quantile,0.025,0.46534884327399667
st-paul,2026-03-07,2,2026-03-21,Flu ED visits pct,quantile,0.025,0.6207748519687294
texas,2026-03-07,2,2026-03-21,Flu ED visits pct,quantile,0.025,0.603636283229352
triad-area,2026-03-07,2,2026-03-21,Flu ED visits pct,quantile,0.025,0.5393741392571182
utah,2026-03-07,2,2026-03-21,Flu ED visits pct,quantile,0.025,0.4768566286550463
virginia,2026-03-07,2,2026-03-21,Flu ED visits pct,quantile,0.025,0.7082196481946075
weld,2026-03-07,2,2026-03-21,Flu ED visits pct,quantile,0.025,0.47614811718255834
wnc,2026-03-07,2,2026-03-21,Flu ED visits pct,quantile,0.025,0.5890557363981138
worcester,2026-03-07,2,2026-03-21,Flu ED visits pct,quantile,0.025,0.29956687145038463
athens,2026-03-07,3,2026-03-28,Flu ED visits pct,quantile,0.025,0.3345524294668051
austin,2026-03-07,3,2026-03-28,Flu ED visits pct,quantile,0.025,0.404750761808225
baltimore,2026-03-07,3,2026-03-28,Flu ED visits pct,quantile,0.025,0.17709918431094068
bangor,2026-03-07,3,2026-03-28,Flu ED visits pct,quantile,0.025,0.21870092803168792
beaumont,2026-03-07,3,2026-03-28,Flu ED visits pct,quantile,0.025,0.1933489139891529
boston,2026-03-07,3,2026-03-28,Flu ED visits pct,quantile,0.025,0.2644039475444729
boulder,2026-03-07,3,2026-03-28,Flu ED visits pct,quantile,0.025,0.5281873593166863
charleston,2026-03-07,3,2026-03-28,Flu ED visits pct,quantile,0.025,0.36137617960864604
cherokee,2026-03-07,3,2026-03-28,Flu ED visits pct,quantile,0.025,0.34786762192496945
clt-area,2026-03-07,3,2026-03-28,Flu ED visits pct,quantile,0.025,0.8724678877489707
colorado,2026-03-07,3,2026-03-28,Flu ED visits pct,quantile,0.025,0.5454597030582397
colorado-springs,2026-03-07,3,2026-03-28,Flu ED visits pct,quantile,0.025,0.33097672274998097
columbia,2026-03-07,3,2026-03-28,Flu ED visits pct,quantile,0.025,0.23877464985864974
columbus,2026-03-07,3,2026-03-28,Flu ED visits pct,quantile,0.025,0.32835862312614134
dallas,2026-03-07,3,2026-03-28,Flu ED visits pct,quantile,0.025,0.4328782587052601
denver,2026-03-07,3,2026-03-28,Flu ED visits pct,quantile,0.025,0.5841267476419562
deschutes,2026-03-07,3,2026-03-28,Flu ED visits pct,quantile,0.025,0.37896211510952876
duluth,2026-03-07,3,2026-03-28,Flu ED visits pct,quantile,0.025,0.2450575226374661
el-paso,2026-03-07,3,2026-03-28,Flu ED visits pct,quantile,0.025,0.2703315601778013
eugene,2026-03-07,3,2026-03-28,Flu ED visits pct,quantile,0.025,0.37930746443121666
fay-area,2026-03-07,3,2026-03-28,Flu ED visits pct,quantile,0.025,0.7090717186157731
florence,2026-03-07,3,2026-03-28,Flu ED visits pct,quantile,0.025,0.1894844015976797
floyd,2026-03-07,3,2026-03-28,Flu ED visits pct,quantile,0.025,0.3565492501609819
frederick,2026-03-07,3,2026-03-28,Flu ED visits pct,quantile,0.025,0.1045330524303431
georgia,2026-03-07,3,2026-03-28,Flu ED visits pct,quantile,0.025,0.328374900594273
greenville,2026-03-07,3,2026-03-28,Flu ED visits pct,quantile,0.025,0.3842975183761191
hall,2026-03-07,3,2026-03-28,Flu ED visits pct,quantile,0.025,0.2165922148972943
harford,2026-03-07,3,2026-03-28,Flu ED visits pct,quantile,0.025,0.08781707464065074
henry,2026-03-07,3,2026-03-28,Flu ED visits pct,quantile,0.025,0.2316199831396186
horry,2026-03-07,3,2026-03-28,Flu ED visits pct,quantile,0.025,0.23795632480919077
houston,2026-03-07,3,2026-03-28,Flu ED visits pct,quantile,0.025,0.28410251761556
indiana,2026-03-07,3,2026-03-28,Flu ED visits pct,quantile,0.025,0.5956227528404628
indianapolis,2026-03-07,3,2026-03-28,Flu ED visits pct,quantile,0.025,0.7416711956853157
la-grange,2026-03-07,3,2026-03-28,Flu ED visits pct,quantile,0.025,0.20345975633030836
larimer,2026-03-07,3,2026-03-28,Flu ED visits pct,quantile,0.025,0.19464738141202742
lynn,2026-03-07,3,2026-03-28,Flu ED visits pct,quantile,0.025,0.21738766940806148
macon,2026-03-07,3,2026-03-28,Flu ED visits pct,quantile,0.025,0.1780476027927233
maine,2026-03-07,3,2026-03-28,Flu ED visits pct,quantile,0.025,0.23406800475992626
marietta,2026-03-07,3,2026-03-28,Flu ED visits pct,quantile,0.025,0.20758319724595042
maryland,2026-03-07,3,2026-03-28,Flu ED visits pct,quantile,0.025,0.22630248664882796
massachusetts,2026-03-07,3,2026-03-28,Flu ED visits pct,quantile,0.025,0.2906066551099353
medford,2026-03-07,3,2026-03-28,Flu ED visits pct,quantile,0.025,0.19986108513036532
mesa,2026-03-07,3,2026-03-28,Flu ED visits pct,quantile,0.025,0.19067055002202826
minneapolis,2026-03-07,3,2026-03-28,Flu ED visits pct,quantile,0.025,0.46841739556740586
minnesota,2026-03-07,3,2026-03-28,Flu ED visits pct,quantile,0.025,0.5430624192169455
montgomery,2026-03-07,3,2026-03-28,Flu ED visits pct,quantile,0.025,0.1903052567389243
nenc,2026-03-07,3,2026-03-28,Flu ED visits pct,quantile,0.025,0.43274473797949475
new-bedford,2026-03-07,3,2026-03-28,Flu ED visits pct,quantile,0.025,0.3326689471103033
north-carolina,2026-03-07,3,2026-03-28,Flu ED visits pct,quantile,0.025,0.5836142367466618
nyc,2026-03-07,3,2026-03-28,ILI ED visits pct,quantile,0.025,1.1872888385962206
ogden,2026-03-07,3,2026-03-28,Flu ED visits pct,quantile,0.025,0.38533265908981434
oregon,2026-03-07,3,2026-03-28,Flu ED visits pct,quantile,0.025,0.405162508612005
pittsfield,2026-03-07,3,2026-03-28,Flu ED visits pct,quantile,0.025,0.040647500658849846
portland,2026-03-07,3,2026-03-28,Flu ED visits pct,quantile,0.025,0.15718837478028969
portland-or,2026-03-07,3,2026-03-28,Flu ED visits pct,quantile,0.025,0.4795328776423408
provo,2026-03-07,3,2026-03-28,Flu ED visits pct,quantile,0.025,0.12127713317380028
roanoke,2026-03-07,3,2026-03-28,Flu ED visits pct,quantile,0.025,0.700510201502301
rochester,2026-03-07,3,2026-03-28,Flu ED visits pct,quantile,0.025,0.5080779186311756
rock-hill,2026-03-07,3,2026-03-28,Flu ED visits pct,quantile,0.025,0.016702769136752907
rtp-area,2026-03-07,3,2026-03-28,Flu ED visits pct,quantile,0.025,0.39780118695934563
salem,2026-03-07,3,2026-03-28,Flu ED visits pct,quantile,0.025,0.3874805706099465
salt-lake-city,2026-03-07,3,2026-03-28,Flu ED visits pct,quantile,0.025,0.3602244071376871
san-antonio,2026-03-07,3,2026-03-28,Flu ED visits pct,quantile,0.025,0.6467983005355578
savannah,2026-03-07,3,2026-03-28,Flu ED visits pct,quantile,0.025,0.05742641485464187
senc,2026-03-07,3,2026-03-28,Flu ED visits pct,quantile,0.025,0.205412947435011
south-augusta,2026-03-07,3,2026-03-28,Flu ED visits pct,quantile,0.025,0.31873752685289947
south-carolina,2026-03-07,3,2026-03-28,Flu ED visits pct,quantile,0.025,0.36071269140164397
springfield,2026-03-07,3,2026-03-28,Flu ED visits pct,quantile,0.025,0.2187200053078062
st-cloud,2026-03-07,3,2026-03-28,Flu ED visits pct,quantile,0.025,0.3202695456786736
st-paul,2026-03-07,3,2026-03-28,Flu ED visits pct,quantile,0.025,0.5067826093913651
texas,2026-03-07,3,2026-03-28,Flu ED visits pct,quantile,0.025,0.44577203309585833
triad-area,2026-03-07,3,2026-03-28,Flu ED visits pct,quantile,0.025,0.3938157903942307
utah,2026-03-07,3,2026-03-28,Flu ED visits pct,quantile,0.025,0.35671167544780225
virginia,2026-03-07,3,2026-03-28,Flu ED visits pct,quantile,0.025,0.557697882436484
weld,2026-03-07,3,2026-03-28,Flu ED visits pct,quantile,0.025,0.36624284780174127
wnc,2026-03-07,3,2026-03-28,Flu ED visits pct,quantile,0.025,0.4094346671266175
worcester,2026-03-07,3,2026-03-28,Flu ED visits pct,quantile,0.025,0.22598301230769588
athens,2026-03-07,0,2026-03-07,Flu ED visits pct,quantile,0.05,1.1672832382117122
austin,2026-03-07,0,2026-03-07,Flu ED visits pct,quantile,0.05,1.3855417695436432
baltimore,2026-03-07,0,2026-03-07,Flu ED visits pct,quantile,0.05,0.4597114770641125
bangor,2026-03-07,0,2026-03-07,Flu ED visits pct,quantile,0.05,0.9344811728413225
beaumont,2026-03-07,0,2026-03-07,Flu ED visits pct,quantile,0.05,0.7017463275026836
boston,2026-03-07,0,2026-03-07,Flu ED visits pct,quantile,0.05,0.7565189167641374
boulder,2026-03-07,0,2026-03-07,Flu ED visits pct,quantile,0.05,1.7852901684100912
charleston,2026-03-07,0,2026-03-07,Flu ED visits pct,quantile,0.05,1.3657889128219542
cherokee,2026-03-07,0,2026-03-07,Flu ED visits pct,quantile,0.05,1.3304645389991268
clt-area,2026-03-07,0,2026-03-07,Flu ED visits pct,quantile,0.05,2.4841755516305066
colorado,2026-03-07,0,2026-03-07,Flu ED visits pct,quantile,0.05,1.3524930728809947
colorado-springs,2026-03-07,0,2026-03-07,Flu ED visits pct,quantile,0.05,1.0465754567873933
columbia,2026-03-07,0,2026-03-07,Flu ED visits pct,quantile,0.05,0.9567118359616367
columbus,2026-03-07,0,2026-03-07,Flu ED visits pct,quantile,0.05,1.3490207873997246
dallas,2026-03-07,0,2026-03-07,Flu ED visits pct,quantile,0.05,1.4110589641913884
denver,2026-03-07,0,2026-03-07,Flu ED visits pct,quantile,0.05,1.4338473641602967
deschutes,2026-03-07,0,2026-03-07,Flu ED visits pct,quantile,0.05,1.361214961828519
duluth,2026-03-07,0,2026-03-07,Flu ED visits pct,quantile,0.05,0.9052154774239652
el-paso,2026-03-07,0,2026-03-07,Flu ED visits pct,quantile,0.05,0.7266615517852885
eugene,2026-03-07,0,2026-03-07,Flu ED visits pct,quantile,0.05,1.5678331309888378
fay-area,2026-03-07,0,2026-03-07,Flu ED visits pct,quantile,0.05,2.3483395967157965
florence,2026-03-07,0,2026-03-07,Flu ED visits pct,quantile,0.05,0.8709172341145528
floyd,2026-03-07,0,2026-03-07,Flu ED visits pct,quantile,0.05,1.3151524621042616
frederick,2026-03-07,0,2026-03-07,Flu ED visits pct,quantile,0.05,0.6430605281586717
georgia,2026-03-07,0,2026-03-07,Flu ED visits pct,quantile,0.05,1.0288410806169812
greenville,2026-03-07,0,2026-03-07,Flu ED visits pct,quantile,0.05,1.4482182785774695
hall,2026-03-07,0,2026-03-07,Flu ED visits pct,quantile,0.05,0.8133092782239736
harford,2026-03-07,0,2026-03-07,Flu ED visits pct,quantile,0.05,0.30807820009877535
henry,2026-03-07,0,2026-03-07,Flu ED visits pct,quantile,0.05,0.7614225573060144
horry,2026-03-07,0,2026-03-07,Flu ED visits pct,quantile,0.05,0.8720529477057801
houston,2026-03-07,0,2026-03-07,Flu ED visits pct,quantile,0.05,0.6416858608452248
indiana,2026-03-07,0,2026-03-07,Flu ED visits pct,quantile,0.05,2.028749799944973
indianapolis,2026-03-07,0,2026-03-07,Flu ED visits pct,quantile,0.05,2.589533731003671
la-grange,2026-03-07,0,2026-03-07,Flu ED visits pct,quantile,0.05,0.8665688879793282
larimer,2026-03-07,0,2026-03-07,Flu ED visits pct,quantile,0.05,0.8503771984577287
lynn,2026-03-07,0,2026-03-07,Flu ED visits pct,quantile,0.05,0.6283890184970263
macon,2026-03-07,0,2026-03-07,Flu ED visits pct,quantile,0.05,0.6174554312914404
maine,2026-03-07,0,2026-03-07,Flu ED visits pct,quantile,0.05,0.7767174212902828
marietta,2026-03-07,0,2026-03-07,Flu ED visits pct,quantile,0.05,0.7790281759667824
maryland,2026-03-07,0,2026-03-07,Flu ED visits pct,quantile,0.05,0.6404951173803581
massachusetts,2026-03-07,0,2026-03-07,Flu ED visits pct,quantile,0.05,0.8551519638551873
medford,2026-03-07,0,2026-03-07,Flu ED visits pct,quantile,0.05,1.1127255749625031
mesa,2026-03-07,0,2026-03-07,Flu ED visits pct,quantile,0.05,0.7067026578743499
minneapolis,2026-03-07,0,2026-03-07,Flu ED visits pct,quantile,0.05,1.337156230125522
minnesota,2026-03-07,0,2026-03-07,Flu ED visits pct,quantile,0.05,1.49989429397485
montgomery,2026-03-07,0,2026-03-07,Flu ED visits pct,quantile,0.05,0.5626838253474707
nenc,2026-03-07,0,2026-03-07,Flu ED visits pct,quantile,0.05,1.2758356925754144
new-bedford,2026-03-07,0,2026-03-07,Flu ED visits pct,quantile,0.05,0.9741253571991425
north-carolina,2026-03-07,0,2026-03-07,Flu ED visits pct,quantile,0.05,1.68324944327865
nyc,2026-03-07,0,2026-03-07,ILI ED visits pct,quantile,0.05,2.0896716134081097
ogden,2026-03-07,0,2026-03-07,Flu ED visits pct,quantile,0.05,1.1822954825343432
oregon,2026-03-07,0,2026-03-07,Flu ED visits pct,quantile,0.05,1.5754483955868364
pittsfield,2026-03-07,0,2026-03-07,Flu ED visits pct,quantile,0.05,0.26112324546969906
portland,2026-03-07,0,2026-03-07,Flu ED visits pct,quantile,0.05,0.5024800888714898
portland-or,2026-03-07,0,2026-03-07,Flu ED visits pct,quantile,0.05,1.7260114386220944
provo,2026-03-07,0,2026-03-07,Flu ED visits pct,quantile,0.05,0.4451141775556654
roanoke,2026-03-07,0,2026-03-07,Flu ED visits pct,quantile,0.05,2.056399352705381
rochester,2026-03-07,0,2026-03-07,Flu ED visits pct,quantile,0.05,1.811632461932046
rock-hill,2026-03-07,0,2026-03-07,Flu ED visits pct,quantile,0.05,0.08416733230961973
rtp-area,2026-03-07,0,2026-03-07,Flu ED visits pct,quantile,0.05,1.3384597829286151
salem,2026-03-07,0,2026-03-07,Flu ED visits pct,quantile,0.05,1.77436559440624
salt-lake-city,2026-03-07,0,2026-03-07,Flu ED visits pct,quantile,0.05,1.1799447077450638
san-antonio,2026-03-07,0,2026-03-07,Flu ED visits pct,quantile,0.05,2.3552263551305446
savannah,2026-03-07,0,2026-03-07,Flu ED visits pct,quantile,0.05,0.37673798639386324
senc,2026-03-07,0,2026-03-07,Flu ED visits pct,quantile,0.05,0.7059001010241333
south-augusta,2026-03-07,0,2026-03-07,Flu ED visits pct,quantile,0.05,1.1263452285718811
south-carolina,2026-03-07,0,2026-03-07,Flu ED visits pct,quantile,0.05,1.3558689278782048
springfield,2026-03-07,0,2026-03-07,Flu ED visits pct,quantile,0.05,0.6743556706478675
st-cloud,2026-03-07,0,2026-03-07,Flu ED visits pct,quantile,0.05,1.3700083796749536
st-paul,2026-03-07,0,2026-03-07,Flu ED visits pct,quantile,0.05,1.3181645073658281
texas,2026-03-07,0,2026-03-07,Flu ED visits pct,quantile,0.05,1.3432668823347294
triad-area,2026-03-07,0,2026-03-07,Flu ED visits pct,quantile,0.05,1.1260671239010263
utah,2026-03-07,0,2026-03-07,Flu ED visits pct,quantile,0.05,1.1338123879600321
virginia,2026-03-07,0,2026-03-07,Flu ED visits pct,quantile,0.05,1.4936421036312557
weld,2026-03-07,0,2026-03-07,Flu ED visits pct,quantile,0.05,1.189792655555006
wnc,2026-03-07,0,2026-03-07,Flu ED visits pct,quantile,0.05,1.2238286670846343
worcester,2026-03-07,0,2026-03-07,Flu ED visits pct,quantile,0.05,0.7050133103718659
athens,2026-03-07,1,2026-03-14,Flu ED visits pct,quantile,0.05,0.8865048324226474
austin,2026-03-07,1,2026-03-14,Flu ED visits pct,quantile,0.05,1.0048090150943472
baltimore,2026-03-07,1,2026-03-14,Flu ED visits pct,quantile,0.05,0.3886887292014741
bangor,2026-03-07,1,2026-03-14,Flu ED visits pct,quantile,0.05,0.6943363654384204
beaumont,2026-03-07,1,2026-03-14,Flu ED visits pct,quantile,0.05,0.4955966280347175
boston,2026-03-07,1,2026-03-14,Flu ED visits pct,quantile,0.05,0.6271415115394181
boulder,2026-03-07,1,2026-03-14,Flu ED visits pct,quantile,0.05,1.2752079373060552
charleston,2026-03-07,1,2026-03-14,Flu ED visits pct,quantile,0.05,0.9056260587550365
cherokee,2026-03-07,1,2026-03-14,Flu ED visits pct,quantile,0.05,0.984960244399666
clt-area,2026-03-07,1,2026-03-14,Flu ED visits pct,quantile,0.05,1.8060840423471287
colorado,2026-03-07,1,2026-03-14,Flu ED visits pct,quantile,0.05,1.030771360776272
colorado-springs,2026-03-07,1,2026-03-14,Flu ED visits pct,quantile,0.05,0.7763537071418697
columbia,2026-03-07,1,2026-03-14,Flu ED visits pct,quantile,0.05,0.6824290783736487
columbus,2026-03-07,1,2026-03-14,Flu ED visits pct,quantile,0.05,0.9157993653605011
dallas,2026-03-07,1,2026-03-14,Flu ED visits pct,quantile,0.05,1.0419525717741314
denver,2026-03-07,1,2026-03-14,Flu ED visits pct,quantile,0.05,1.1815139358041478
deschutes,2026-03-07,1,2026-03-14,Flu ED visits pct,quantile,0.05,0.9901549062182189
duluth,2026-03-07,1,2026-03-14,Flu ED visits pct,quantile,0.05,0.6737555402453396
el-paso,2026-03-07,1,2026-03-14,Flu ED visits pct,quantile,0.05,0.5917643895990187
eugene,2026-03-07,1,2026-03-14,Flu ED visits pct,quantile,0.05,1.0120492062128632
fay-area,2026-03-07,1,2026-03-14,Flu ED visits pct,quantile,0.05,1.6675416630164803
florence,2026-03-07,1,2026-03-14,Flu ED visits pct,quantile,0.05,0.6061171704911801
floyd,2026-03-07,1,2026-03-14,Flu ED visits pct,quantile,0.05,0.9866572491217338
frederick,2026-03-07,1,2026-03-14,Flu ED visits pct,quantile,0.05,0.41707415481452265
georgia,2026-03-07,1,2026-03-14,Flu ED visits pct,quantile,0.05,0.7707595391545858
greenville,2026-03-07,1,2026-03-14,Flu ED visits pct,quantile,0.05,1.0321257098211245
hall,2026-03-07,1,2026-03-14,Flu ED visits pct,quantile,0.05,0.6096860963306244
harford,2026-03-07,1,2026-03-14,Flu ED visits pct,quantile,0.05,0.2353343286402248
henry,2026-03-07,1,2026-03-14,Flu ED visits pct,quantile,0.05,0.5757105278613802
horry,2026-03-07,1,2026-03-14,Flu ED visits pct,quantile,0.05,0.6404927774500506
houston,2026-03-07,1,2026-03-14,Flu ED visits pct,quantile,0.05,0.5413550858278953
indiana,2026-03-07,1,2026-03-14,Flu ED visits pct,quantile,0.05,1.4621119908515419
indianapolis,2026-03-07,1,2026-03-14,Flu ED visits pct,quantile,0.05,1.7963122709711048
la-grange,2026-03-07,1,2026-03-14,Flu ED visits pct,quantile,0.05,0.6144926580264911
larimer,2026-03-07,1,2026-03-14,Flu ED visits pct,quantile,0.05,0.6001420016596127
lynn,2026-03-07,1,2026-03-14,Flu ED visits pct,quantile,0.05,0.4812585377097546
macon,2026-03-07,1,2026-03-14,Flu ED visits pct,quantile,0.05,0.4498559334033513
maine,2026-03-07,1,2026-03-14,Flu ED visits pct,quantile,0.05,0.5591621897290161
marietta,2026-03-07,1,2026-03-14,Flu ED visits pct,quantile,0.05,0.5634276017243839
maryland,2026-03-07,1,2026-03-14,Flu ED visits pct,quantile,0.05,0.5262942843264892
massachusetts,2026-03-07,1,2026-03-14,Flu ED visits pct,quantile,0.05,0.7152774726678497
medford,2026-03-07,1,2026-03-14,Flu ED visits pct,quantile,0.05,0.6794017417554108
mesa,2026-03-07,1,2026-03-14,Flu ED visits pct,quantile,0.05,0.5225764340392712
minneapolis,2026-03-07,1,2026-03-14,Flu ED visits pct,quantile,0.05,1.0952977556246555
minnesota,2026-03-07,1,2026-03-14,Flu ED visits pct,quantile,0.05,1.187109462307562
montgomery,2026-03-07,1,2026-03-14,Flu ED visits pct,quantile,0.05,0.4634237132520525
nenc,2026-03-07,1,2026-03-14,Flu ED visits pct,quantile,0.05,0.9267885850269579
new-bedford,2026-03-07,1,2026-03-14,Flu ED visits pct,quantile,0.05,0.7595690697507759
north-carolina,2026-03-07,1,2026-03-14,Flu ED visits pct,quantile,0.05,1.2443229970335032
nyc,2026-03-07,1,2026-03-14,ILI ED visits pct,quantile,0.05,1.9397722621328823
ogden,2026-03-07,1,2026-03-14,Flu ED visits pct,quantile,0.05,0.8601869991746457
oregon,2026-03-07,1,2026-03-14,Flu ED visits pct,quantile,0.05,1.0403708319396696
pittsfield,2026-03-07,1,2026-03-14,Flu ED visits pct,quantile,0.05,0.1745949114186369
portland,2026-03-07,1,2026-03-14,Flu ED visits pct,quantile,0.05,0.37316575588233697
portland-or,2026-03-07,1,2026-03-14,Flu ED visits pct,quantile,0.05,1.1706460143804656
provo,2026-03-07,1,2026-03-14,Flu ED visits pct,quantile,0.05,0.3155618191565245
roanoke,2026-03-07,1,2026-03-14,Flu ED visits pct,quantile,0.05,1.5775758270084577
rochester,2026-03-07,1,2026-03-14,Flu ED visits pct,quantile,0.05,1.3002978989269514
rock-hill,2026-03-07,1,2026-03-14,Flu ED visits pct,quantile,0.05,0.058048824970006165
rtp-area,2026-03-07,1,2026-03-14,Flu ED visits pct,quantile,0.05,0.9489039395793128
salem,2026-03-07,1,2026-03-14,Flu ED visits pct,quantile,0.05,1.1227699473072346
salt-lake-city,2026-03-07,1,2026-03-14,Flu ED visits pct,quantile,0.05,0.8777735392644884
san-antonio,2026-03-07,1,2026-03-14,Flu ED visits pct,quantile,0.05,1.5723884675873032
savannah,2026-03-07,1,2026-03-14,Flu ED visits pct,quantile,0.05,0.22584833057825174
senc,2026-03-07,1,2026-03-14,Flu ED visits pct,quantile,0.05,0.4885988398996982
south-augusta,2026-03-07,1,2026-03-14,Flu ED visits pct,quantile,0.05,0.7894744662135219
south-carolina,2026-03-07,1,2026-03-14,Flu ED visits pct,quantile,0.05,0.9771903594592853
springfield,2026-03-07,1,2026-03-14,Flu ED visits pct,quantile,0.05,0.5275162031480046
st-cloud,2026-03-07,1,2026-03-14,Flu ED visits pct,quantile,0.05,0.9298510740438228
st-paul,2026-03-07,1,2026-03-14,Flu ED visits pct,quantile,0.05,1.1001149223100497
texas,2026-03-07,1,2026-03-14,Flu ED visits pct,quantile,0.05,1.0113021144074248
triad-area,2026-03-07,1,2026-03-14,Flu ED visits pct,quantile,0.05,0.8805910354212831
utah,2026-03-07,1,2026-03-14,Flu ED visits pct,quantile,0.05,0.8413272874889347
virginia,2026-03-07,1,2026-03-14,Flu ED visits pct,quantile,0.05,1.2480921413474024
weld,2026-03-07,1,2026-03-14,Flu ED visits pct,quantile,0.05,0.952332178929346
wnc,2026-03-07,1,2026-03-14,Flu ED visits pct,quantile,0.05,0.8805730160577473
worcester,2026-03-07,1,2026-03-14,Flu ED visits pct,quantile,0.05,0.5029361123430647
athens,2026-03-07,2,2026-03-21,Flu ED visits pct,quantile,0.05,0.692493958316606
austin,2026-03-07,2,2026-03-21,Flu ED visits pct,quantile,0.05,0.7547870142674947
baltimore,2026-03-07,2,2026-03-21,Flu ED visits pct,quantile,0.05,0.349418433061828
bangor,2026-03-07,2,2026-03-21,Flu ED visits pct,quantile,0.05,0.5295219126754475
beaumont,2026-03-07,2,2026-03-21,Flu ED visits pct,quantile,0.05,0.3611587385416507
boston,2026-03-07,2,2026-03-21,Flu ED visits pct,quantile,0.05,0.5339133284338315
boulder,2026-03-07,2,2026-03-21,Flu ED visits pct,quantile,0.05,0.9063680875369767
charleston,2026-03-07,2,2026-03-21,Flu ED visits pct,quantile,0.05,0.6175590305371114
cherokee,2026-03-07,2,2026-03-21,Flu ED visits pct,quantile,0.05,0.7236217076467262
clt-area,2026-03-07,2,2026-03-21,Flu ED visits pct,quantile,0.05,1.3074319018856482
colorado,2026-03-07,2,2026-03-21,Flu ED visits pct,quantile,0.05,0.8679215256402903
colorado-springs,2026-03-07,2,2026-03-21,Flu ED visits pct,quantile,0.05,0.6077628917615052
columbia,2026-03-07,2,2026-03-21,Flu ED visits pct,quantile,0.05,0.504839665494845
columbus,2026-03-07,2,2026-03-21,Flu ED visits pct,quantile,0.05,0.6012733346795098
dallas,2026-03-07,2,2026-03-21,Flu ED visits pct,quantile,0.05,0.8221279179930706
denver,2026-03-07,2,2026-03-21,Flu ED visits pct,quantile,0.05,1.0158348010684255
deschutes,2026-03-07,2,2026-03-21,Flu ED visits pct,quantile,0.05,0.7074009496584154
duluth,2026-03-07,2,2026-03-21,Flu ED visits pct,quantile,0.05,0.5127477687022443
el-paso,2026-03-07,2,2026-03-21,Flu ED visits pct,quantile,0.05,0.5222439546831601
eugene,2026-03-07,2,2026-03-21,Flu ED visits pct,quantile,0.05,0.6580445430894637
fay-area,2026-03-07,2,2026-03-21,Flu ED visits pct,quantile,0.05,1.1371792224885693
florence,2026-03-07,2,2026-03-21,Flu ED visits pct,quantile,0.05,0.4017837810711214
floyd,2026-03-07,2,2026-03-21,Flu ED visits pct,quantile,0.05,0.7524585569124379
frederick,2026-03-07,2,2026-03-21,Flu ED visits pct,quantile,0.05,0.31639067718867964
georgia,2026-03-07,2,2026-03-21,Flu ED visits pct,quantile,0.05,0.5796480669816322
greenville,2026-03-07,2,2026-03-21,Flu ED visits pct,quantile,0.05,0.8098927586761677
hall,2026-03-07,2,2026-03-21,Flu ED visits pct,quantile,0.05,0.4687021601048558
harford,2026-03-07,2,2026-03-21,Flu ED visits pct,quantile,0.05,0.19568008981249588
henry,2026-03-07,2,2026-03-21,Flu ED visits pct,quantile,0.05,0.4420555518481817
horry,2026-03-07,2,2026-03-21,Flu ED visits pct,quantile,0.05,0.49442546404260757
houston,2026-03-07,2,2026-03-21,Flu ED visits pct,quantile,0.05,0.5079448740417312
indiana,2026-03-07,2,2026-03-21,Flu ED visits pct,quantile,0.05,1.1741487172063947
indianapolis,2026-03-07,2,2026-03-21,Flu ED visits pct,quantile,0.05,1.296485872514261
la-grange,2026-03-07,2,2026-03-21,Flu ED visits pct,quantile,0.05,0.4316160457138364
larimer,2026-03-07,2,2026-03-21,Flu ED visits pct,quantile,0.05,0.4275762513671651
lynn,2026-03-07,2,2026-03-21,Flu ED visits pct,quantile,0.05,0.4078042194383092
macon,2026-03-07,2,2026-03-21,Flu ED visits pct,quantile,0.05,0.326678137920429
maine,2026-03-07,2,2026-03-21,Flu ED visits pct,quantile,0.05,0.4491422955363535
marietta,2026-03-07,2,2026-03-21,Flu ED visits pct,quantile,0.05,0.43857642049902923
maryland,2026-03-07,2,2026-03-21,Flu ED visits pct,quantile,0.05,0.4445348556882209
massachusetts,2026-03-07,2,2026-03-21,Flu ED visits pct,quantile,0.05,0.6120261614731388
medford,2026-03-07,2,2026-03-21,Flu ED visits pct,quantile,0.05,0.42041587685973675
mesa,2026-03-07,2,2026-03-21,Flu ED visits pct,quantile,0.05,0.4048349237508385
minneapolis,2026-03-07,2,2026-03-21,Flu ED visits pct,quantile,0.05,0.9484130782974584
minnesota,2026-03-07,2,2026-03-21,Flu ED visits pct,quantile,0.05,0.9803141604831538
montgomery,2026-03-07,2,2026-03-21,Flu ED visits pct,quantile,0.05,0.41603102834173866
nenc,2026-03-07,2,2026-03-21,Flu ED visits pct,quantile,0.05,0.6946409969461907
new-bedford,2026-03-07,2,2026-03-21,Flu ED visits pct,quantile,0.05,0.6057631574197851
north-carolina,2026-03-07,2,2026-03-21,Flu ED visits pct,quantile,0.05,0.9369980086637039
nyc,2026-03-07,2,2026-03-21,ILI ED visits pct,quantile,0.05,1.8079440022371538
ogden,2026-03-07,2,2026-03-21,Flu ED visits pct,quantile,0.05,0.6255755505078542
oregon,2026-03-07,2,2026-03-21,Flu ED visits pct,quantile,0.05,0.7018715789826568
pittsfield,2026-03-07,2,2026-03-21,Flu ED visits pct,quantile,0.05,0.12801677245288104
portland,2026-03-07,2,2026-03-21,Flu ED visits pct,quantile,0.05,0.28204814287475743
portland-or,2026-03-07,2,2026-03-21,Flu ED visits pct,quantile,0.05,0.8552352670129751
provo,2026-03-07,2,2026-03-21,Flu ED visits pct,quantile,0.05,0.23159969930763252
roanoke,2026-03-07,2,2026-03-21,Flu ED visits pct,quantile,0.05,1.285759039178844
rochester,2026-03-07,2,2026-03-21,Flu ED visits pct,quantile,0.05,0.9128268003113957
rock-hill,2026-03-07,2,2026-03-21,Flu ED visits pct,quantile,0.05,0.04748323307623228
rtp-area,2026-03-07,2,2026-03-21,Flu ED visits pct,quantile,0.05,0.6242677613676555
salem,2026-03-07,2,2026-03-21,Flu ED visits pct,quantile,0.05,0.7336000321685474
salt-lake-city,2026-03-07,2,2026-03-21,Flu ED visits pct,quantile,0.05,0.6817006679993557
san-antonio,2026-03-07,2,2026-03-21,Flu ED visits pct,quantile,0.05,1.0857889301884136
savannah,2026-03-07,2,2026-03-21,Flu ED visits pct,quantile,0.05,0.1297047019685281
senc,2026-03-07,2,2026-03-21,Flu ED visits pct,quantile,0.05,0.33781996251717
south-augusta,2026-03-07,2,2026-03-21,Flu ED visits pct,quantile,0.05,0.5463618101785013
south-carolina,2026-03-07,2,2026-03-21,Flu ED visits pct,quantile,0.05,0.7089324684582298
springfield,2026-03-07,2,2026-03-21,Flu ED visits pct,quantile,0.05,0.4188588893027629
st-cloud,2026-03-07,2,2026-03-21,Flu ED visits pct,quantile,0.05,0.6485606063251058
st-paul,2026-03-07,2,2026-03-21,Flu ED visits pct,quantile,0.05,0.9331507943801299
texas,2026-03-07,2,2026-03-21,Flu ED visits pct,quantile,0.05,0.819276440481429
triad-area,2026-03-07,2,2026-03-21,Flu ED visits pct,quantile,0.05,0.6676014848767593
utah,2026-03-07,2,2026-03-21,Flu ED visits pct,quantile,0.05,0.6608800595186706
virginia,2026-03-07,2,2026-03-21,Flu ED visits pct,quantile,0.05,1.0849327177795365
weld,2026-03-07,2,2026-03-21,Flu ED visits pct,quantile,0.05,0.7620387281991476
wnc,2026-03-07,2,2026-03-21,Flu ED visits pct,quantile,0.05,0.6332086501039754
worcester,2026-03-07,2,2026-03-21,Flu ED visits pct,quantile,0.05,0.38115953124154933
athens,2026-03-07,3,2026-03-28,Flu ED visits pct,quantile,0.05,0.5574488370851892
austin,2026-03-07,3,2026-03-28,Flu ED visits pct,quantile,0.05,0.5953791494292511
baltimore,2026-03-07,3,2026-03-28,Flu ED visits pct,quantile,0.05,0.31280263561490906
bangor,2026-03-07,3,2026-03-28,Flu ED visits pct,quantile,0.05,0.40806633652123686
beaumont,2026-03-07,3,2026-03-28,Flu ED visits pct,quantile,0.05,0.2942245908161201
boston,2026-03-07,3,2026-03-28,Flu ED visits pct,quantile,0.05,0.45872978186035285
boulder,2026-03-07,3,2026-03-28,Flu ED visits pct,quantile,0.05,0.632839472225239
charleston,2026-03-07,3,2026-03-28,Flu ED visits pct,quantile,0.05,0.43169795303942093
cherokee,2026-03-07,3,2026-03-28,Flu ED visits pct,quantile,0.05,0.5722998817499231
clt-area,2026-03-07,3,2026-03-28,Flu ED visits pct,quantile,0.05,0.8772700560828506
colorado,2026-03-07,3,2026-03-28,Flu ED visits pct,quantile,0.05,0.6933176109666046
colorado-springs,2026-03-07,3,2026-03-28,Flu ED visits pct,quantile,0.05,0.4817823809161191
columbia,2026-03-07,3,2026-03-28,Flu ED visits pct,quantile,0.05,0.3967731498352097
columbus,2026-03-07,3,2026-03-28,Flu ED visits pct,quantile,0.05,0.3799106221334558
dallas,2026-03-07,3,2026-03-28,Flu ED visits pct,quantile,0.05,0.6481713788907122
denver,2026-03-07,3,2026-03-28,Flu ED visits pct,quantile,0.05,0.843474509883694
deschutes,2026-03-07,3,2026-03-28,Flu ED visits pct,quantile,0.05,0.5157590677864947
duluth,2026-03-07,3,2026-03-28,Flu ED visits pct,quantile,0.05,0.40154787359523225
el-paso,2026-03-07,3,2026-03-28,Flu ED visits pct,quantile,0.05,0.47952143343625975
eugene,2026-03-07,3,2026-03-28,Flu ED visits pct,quantile,0.05,0.42711600096595986
fay-area,2026-03-07,3,2026-03-28,Flu ED visits pct,quantile,0.05,0.7513187455596445
florence,2026-03-07,3,2026-03-28,Flu ED visits pct,quantile,0.05,0.28849668174757626
floyd,2026-03-07,3,2026-03-28,Flu ED visits pct,quantile,0.05,0.5766238651313194
frederick,2026-03-07,3,2026-03-28,Flu ED visits pct,quantile,0.05,0.2840730814651158
georgia,2026-03-07,3,2026-03-28,Flu ED visits pct,quantile,0.05,0.47528891657740807
greenville,2026-03-07,3,2026-03-28,Flu ED visits pct,quantile,0.05,0.6149645134127374
hall,2026-03-07,3,2026-03-28,Flu ED visits pct,quantile,0.05,0.36879437519730984
harford,2026-03-07,3,2026-03-28,Flu ED visits pct,quantile,0.05,0.1690259277206046
henry,2026-03-07,3,2026-03-28,Flu ED visits pct,quantile,0.05,0.3687062519560799
horry,2026-03-07,3,2026-03-28,Flu ED visits pct,quantile,0.05,0.38900485247096916
houston,2026-03-07,3,2026-03-28,Flu ED visits pct,quantile,0.05,0.45828659375321146
indiana,2026-03-07,3,2026-03-28,Flu ED visits pct,quantile,0.05,0.9248365407056268
indianapolis,2026-03-07,3,2026-03-28,Flu ED visits pct,quantile,0.05,0.8589901600417184
la-grange,2026-03-07,3,2026-03-28,Flu ED visits pct,quantile,0.05,0.3083508671893169
larimer,2026-03-07,3,2026-03-28,Flu ED visits pct,quantile,0.05,0.34651717184698794
lynn,2026-03-07,3,2026-03-28,Flu ED visits pct,quantile,0.05,0.34350711939801015
macon,2026-03-07,3,2026-03-28,Flu ED visits pct,quantile,0.05,0.24133241259670252
maine,2026-03-07,3,2026-03-28,Flu ED visits pct,quantile,0.05,0.3444833853616474
marietta,2026-03-07,3,2026-03-28,Flu ED visits pct,quantile,0.05,0.34276684053854944
maryland,2026-03-07,3,2026-03-28,Flu ED visits pct,quantile,0.05,0.39022182731910166
massachusetts,2026-03-07,3,2026-03-28,Flu ED visits pct,quantile,0.05,0.5249079054699872
medford,2026-03-07,3,2026-03-28,Flu ED visits pct,quantile,0.05,0.27450572520083205
mesa,2026-03-07,3,2026-03-28,Flu ED visits pct,quantile,0.05,0.3090217944491843
minneapolis,2026-03-07,3,2026-03-28,Flu ED visits pct,quantile,0.05,0.802056202055908
minnesota,2026-03-07,3,2026-03-28,Flu ED visits pct,quantile,0.05,0.8157617619434494
montgomery,2026-03-07,3,2026-03-28,Flu ED visits pct,quantile,0.05,0.36293540515989764
nenc,2026-03-07,3,2026-03-28,Flu ED visits pct,quantile,0.05,0.4642589457893138
new-bedford,2026-03-07,3,2026-03-28,Flu ED visits pct,quantile,0.05,0.49854631771229085
north-carolina,2026-03-07,3,2026-03-28,Flu ED visits pct,quantile,0.05,0.6602670886210621
nyc,2026-03-07,3,2026-03-28,ILI ED visits pct,quantile,0.05,1.6870866607381325
ogden,2026-03-07,3,2026-03-28,Flu ED visits pct,quantile,0.05,0.44898135456284094
oregon,2026-03-07,3,2026-03-28,Flu ED visits pct,quantile,0.05,0.4961925958435641
pittsfield,2026-03-07,3,2026-03-28,Flu ED visits pct,quantile,0.05,0.1075706506679019
portland,2026-03-07,3,2026-03-28,Flu ED visits pct,quantile,0.05,0.22761526072132282
portland-or,2026-03-07,3,2026-03-28,Flu ED visits pct,quantile,0.05,0.6179253023767316
provo,2026-03-07,3,2026-03-28,Flu ED visits pct,quantile,0.05,0.20266327976116097
roanoke,2026-03-07,3,2026-03-28,Flu ED visits pct,quantile,0.05,1.0171410347818106
rochester,2026-03-07,3,2026-03-28,Flu ED visits pct,quantile,0.05,0.6424406019178863
rock-hill,2026-03-07,3,2026-03-28,Flu ED visits pct,quantile,0.05,0.03819697898217485
rtp-area,2026-03-07,3,2026-03-28,Flu ED visits pct,quantile,0.05,0.4045411359749237
salem,2026-03-07,3,2026-03-28,Flu ED visits pct,quantile,0.05,0.47199287368452597
salt-lake-city,2026-03-07,3,2026-03-28,Flu ED visits pct,quantile,0.05,0.5546920874029644
san-antonio,2026-03-07,3,2026-03-28,Flu ED visits pct,quantile,0.05,0.7596343524262419
savannah,2026-03-07,3,2026-03-28,Flu ED visits pct,quantile,0.05,0.08360317331251153
senc,2026-03-07,3,2026-03-28,Flu ED visits pct,quantile,0.05,0.2265868110319532
south-augusta,2026-03-07,3,2026-03-28,Flu ED visits pct,quantile,0.05,0.3658899337269173
south-carolina,2026-03-07,3,2026-03-28,Flu ED visits pct,quantile,0.05,0.5352193077063627
springfield,2026-03-07,3,2026-03-28,Flu ED visits pct,quantile,0.05,0.3469724436496941
st-cloud,2026-03-07,3,2026-03-28,Flu ED visits pct,quantile,0.05,0.4584222126706128
st-paul,2026-03-07,3,2026-03-28,Flu ED visits pct,quantile,0.05,0.782027941691845
texas,2026-03-07,3,2026-03-28,Flu ED visits pct,quantile,0.05,0.6355495777597223
triad-area,2026-03-07,3,2026-03-28,Flu ED visits pct,quantile,0.05,0.4998134222907594
utah,2026-03-07,3,2026-03-28,Flu ED visits pct,quantile,0.05,0.5259832544247663
virginia,2026-03-07,3,2026-03-28,Flu ED visits pct,quantile,0.05,0.8997728693953603
weld,2026-03-07,3,2026-03-28,Flu ED visits pct,quantile,0.05,0.6337623777252432
wnc,2026-03-07,3,2026-03-28,Flu ED visits pct,quantile,0.05,0.4180603838793445
worcester,2026-03-07,3,2026-03-28,Flu ED visits pct,quantile,0.05,0.32741547910759494
athens,2026-03-07,0,2026-03-07,Flu ED visits pct,quantile,0.1,1.444102668930388
austin,2026-03-07,0,2026-03-07,Flu ED visits pct,quantile,0.1,1.58859592000707
baltimore,2026-03-07,0,2026-03-07,Flu ED visits pct,quantile,0.1,0.5713613399324616
bangor,2026-03-07,0,2026-03-07,Flu ED visits pct,quantile,0.1,1.1492429203077021
beaumont,2026-03-07,0,2026-03-07,Flu ED visits pct,quantile,0.1,0.9200896406311416
boston,2026-03-07,0,2026-03-07,Flu ED visits pct,quantile,0.1,0.904890626928075
boulder,2026-03-07,0,2026-03-07,Flu ED visits pct,quantile,0.1,2.1447848816716166
charleston,2026-03-07,0,2026-03-07,Flu ED visits pct,quantile,0.1,1.633843347450511
cherokee,2026-03-07,0,2026-03-07,Flu ED visits pct,quantile,0.1,1.5672900077243919
clt-area,2026-03-07,0,2026-03-07,Flu ED visits pct,quantile,0.1,2.6398100675889844
colorado,2026-03-07,0,2026-03-07,Flu ED visits pct,quantile,0.1,1.5309951982989112
colorado-springs,2026-03-07,0,2026-03-07,Flu ED visits pct,quantile,0.1,1.199698503779658
columbia,2026-03-07,0,2026-03-07,Flu ED visits pct,quantile,0.1,1.187645134141253
columbus,2026-03-07,0,2026-03-07,Flu ED visits pct,quantile,0.1,1.676321282375385
dallas,2026-03-07,0,2026-03-07,Flu ED visits pct,quantile,0.1,1.6145774867188467
denver,2026-03-07,0,2026-03-07,Flu ED visits pct,quantile,0.1,1.6066295301375062
deschutes,2026-03-07,0,2026-03-07,Flu ED visits pct,quantile,0.1,1.6969946612069677
duluth,2026-03-07,0,2026-03-07,Flu ED visits pct,quantile,0.1,1.1178205777974912
el-paso,2026-03-07,0,2026-03-07,Flu ED visits pct,quantile,0.1,0.971546146934864
eugene,2026-03-07,0,2026-03-07,Flu ED visits pct,quantile,0.1,1.8015640331730214
fay-area,2026-03-07,0,2026-03-07,Flu ED visits pct,quantile,0.1,2.5100677760450467
florence,2026-03-07,0,2026-03-07,Flu ED visits pct,quantile,0.1,1.1089506796775819
floyd,2026-03-07,0,2026-03-07,Flu ED visits pct,quantile,0.1,1.6006439351309965
frederick,2026-03-07,0,2026-03-07,Flu ED visits pct,quantile,0.1,0.851556328971967
georgia,2026-03-07,0,2026-03-07,Flu ED visits pct,quantile,0.1,1.1684804486084117
greenville,2026-03-07,0,2026-03-07,Flu ED visits pct,quantile,0.1,1.6725501506291458
hall,2026-03-07,0,2026-03-07,Flu ED visits pct,quantile,0.1,1.0159127519007602
harford,2026-03-07,0,2026-03-07,Flu ED visits pct,quantile,0.1,0.40140492008356715
henry,2026-03-07,0,2026-03-07,Flu ED visits pct,quantile,0.1,0.9200059346717626
horry,2026-03-07,0,2026-03-07,Flu ED visits pct,quantile,0.1,1.1121666081744166
houston,2026-03-07,0,2026-03-07,Flu ED visits pct,quantile,0.1,0.7085871399226409
indiana,2026-03-07,0,2026-03-07,Flu ED visits pct,quantile,0.1,2.2761559363301513
indianapolis,2026-03-07,0,2026-03-07,Flu ED visits pct,quantile,0.1,2.791358071620076
la-grange,2026-03-07,0,2026-03-07,Flu ED visits pct,quantile,0.1,1.0342034670964544
larimer,2026-03-07,0,2026-03-07,Flu ED visits pct,quantile,0.1,1.1039061368482106
lynn,2026-03-07,0,2026-03-07,Flu ED visits pct,quantile,0.1,0.8053268400120828
macon,2026-03-07,0,2026-03-07,Flu ED visits pct,quantile,0.1,0.7613574341050241
maine,2026-03-07,0,2026-03-07,Flu ED visits pct,quantile,0.1,0.9409014718372487
marietta,2026-03-07,0,2026-03-07,Flu ED visits pct,quantile,0.1,0.9288993470234956
maryland,2026-03-07,0,2026-03-07,Flu ED visits pct,quantile,0.1,0.8038466715848176
massachusetts,2026-03-07,0,2026-03-07,Flu ED visits pct,quantile,0.1,1.0177003208159212
medford,2026-03-07,0,2026-03-07,Flu ED visits pct,quantile,0.1,1.302234443918885
mesa,2026-03-07,0,2026-03-07,Flu ED visits pct,quantile,0.1,0.8811981576356488
minneapolis,2026-03-07,0,2026-03-07,Flu ED visits pct,quantile,0.1,1.5211299122834543
minnesota,2026-03-07,0,2026-03-07,Flu ED visits pct,quantile,0.1,1.7055782150493255
montgomery,2026-03-07,0,2026-03-07,Flu ED visits pct,quantile,0.1,0.6907438160690763
nenc,2026-03-07,0,2026-03-07,Flu ED visits pct,quantile,0.1,1.3877030204252088
new-bedford,2026-03-07,0,2026-03-07,Flu ED visits pct,quantile,0.1,1.2318842807709316
north-carolina,2026-03-07,0,2026-03-07,Flu ED visits pct,quantile,0.1,1.82051660992848
nyc,2026-03-07,0,2026-03-07,ILI ED visits pct,quantile,0.1,2.255568943005725
ogden,2026-03-07,0,2026-03-07,Flu ED visits pct,quantile,0.1,1.4403568334743488
oregon,2026-03-07,0,2026-03-07,Flu ED visits pct,quantile,0.1,1.874199409332653
pittsfield,2026-03-07,0,2026-03-07,Flu ED visits pct,quantile,0.1,0.2832614355484276
portland,2026-03-07,0,2026-03-07,Flu ED visits pct,quantile,0.1,0.6433210402718158
portland-or,2026-03-07,0,2026-03-07,Flu ED visits pct,quantile,0.1,1.9943052653573214
provo,2026-03-07,0,2026-03-07,Flu ED visits pct,quantile,0.1,0.5725509880375721
roanoke,2026-03-07,0,2026-03-07,Flu ED visits pct,quantile,0.1,2.5359600361529115
rochester,2026-03-07,0,2026-03-07,Flu ED visits pct,quantile,0.1,2.2633944444194465
rock-hill,2026-03-07,0,2026-03-07,Flu ED visits pct,quantile,0.1,0.14072455045180518
rtp-area,2026-03-07,0,2026-03-07,Flu ED visits pct,quantile,0.1,1.443097118212138
salem,2026-03-07,0,2026-03-07,Flu ED visits pct,quantile,0.1,2.1157307679642394
salt-lake-city,2026-03-07,0,2026-03-07,Flu ED visits pct,quantile,0.1,1.3516422590125772
san-antonio,2026-03-07,0,2026-03-07,Flu ED visits pct,quantile,0.1,2.6251058961310973
savannah,2026-03-07,0,2026-03-07,Flu ED visits pct,quantile,0.1,0.4659486146389427
senc,2026-03-07,0,2026-03-07,Flu ED visits pct,quantile,0.1,0.794612090645072
south-augusta,2026-03-07,0,2026-03-07,Flu ED visits pct,quantile,0.1,1.3787211852665686
south-carolina,2026-03-07,0,2026-03-07,Flu ED visits pct,quantile,0.1,1.563247435861027
springfield,2026-03-07,0,2026-03-07,Flu ED visits pct,quantile,0.1,0.8727837564272558
st-cloud,2026-03-07,0,2026-03-07,Flu ED visits pct,quantile,0.1,1.6244514723299381
st-paul,2026-03-07,0,2026-03-07,Flu ED visits pct,quantile,0.1,1.5949073680879269
texas,2026-03-07,0,2026-03-07,Flu ED visits pct,quantile,0.1,1.5882157262913839
triad-area,2026-03-07,0,2026-03-07,Flu ED visits pct,quantile,0.1,1.2497719799151694
utah,2026-03-07,0,2026-03-07,Flu ED visits pct,quantile,0.1,1.291016603414768
virginia,2026-03-07,0,2026-03-07,Flu ED visits pct,quantile,0.1,1.6751474580405057
weld,2026-03-07,0,2026-03-07,Flu ED visits pct,quantile,0.1,1.4745991966103396
wnc,2026-03-07,0,2026-03-07,Flu ED visits pct,quantile,0.1,1.2969630390200786
worcester,2026-03-07,0,2026-03-07,Flu ED visits pct,quantile,0.1,0.8757191461371708
athens,2026-03-07,1,2026-03-14,Flu ED visits pct,quantile,0.1,1.1581459126587277
austin,2026-03-07,1,2026-03-14,Flu ED visits pct,quantile,0.1,1.1601548112011946
baltimore,2026-03-07,1,2026-03-14,Flu ED visits pct,quantile,0.1,0.542141476554625
bangor,2026-03-07,1,2026-03-14,Flu ED visits pct,quantile,0.1,0.8588905005644851
beaumont,2026-03-07,1,2026-03-14,Flu ED visits pct,quantile,0.1,0.6598033754423787
boston,2026-03-07,1,2026-03-14,Flu ED visits pct,quantile,0.1,0.814630966555196
boulder,2026-03-07,1,2026-03-14,Flu ED visits pct,quantile,0.1,1.4762564122235582
charleston,2026-03-07,1,2026-03-14,Flu ED visits pct,quantile,0.1,1.0706922963389043
cherokee,2026-03-07,1,2026-03-14,Flu ED visits pct,quantile,0.1,1.2081435423058693
clt-area,2026-03-07,1,2026-03-14,Flu ED visits pct,quantile,0.1,1.8917987867091097
colorado,2026-03-07,1,2026-03-14,Flu ED visits pct,quantile,0.1,1.257680036332271
colorado-springs,2026-03-07,1,2026-03-14,Flu ED visits pct,quantile,0.1,0.9206900234199902
columbia,2026-03-07,1,2026-03-14,Flu ED visits pct,quantile,0.1,0.8839784586472532
columbus,2026-03-07,1,2026-03-14,Flu ED visits pct,quantile,0.1,1.1013414546144942
dallas,2026-03-07,1,2026-03-14,Flu ED visits pct,quantile,0.1,1.2770133531941938
denver,2026-03-07,1,2026-03-14,Flu ED visits pct,quantile,0.1,1.413200254034033
deschutes,2026-03-07,1,2026-03-14,Flu ED visits pct,quantile,0.1,1.1699360623322004
duluth,2026-03-07,1,2026-03-14,Flu ED visits pct,quantile,0.1,0.8720274349832896
el-paso,2026-03-07,1,2026-03-14,Flu ED visits pct,quantile,0.1,0.833406669595133
eugene,2026-03-07,1,2026-03-14,Flu ED visits pct,quantile,0.1,1.173560044377956
fay-area,2026-03-07,1,2026-03-14,Flu ED visits pct,quantile,0.1,1.7825269942298805
florence,2026-03-07,1,2026-03-14,Flu ED visits pct,quantile,0.1,0.7340758731534747
floyd,2026-03-07,1,2026-03-14,Flu ED visits pct,quantile,0.1,1.251947954504967
frederick,2026-03-07,1,2026-03-14,Flu ED visits pct,quantile,0.1,0.6749430613158011
georgia,2026-03-07,1,2026-03-14,Flu ED visits pct,quantile,0.1,0.9012653558337832
greenville,2026-03-07,1,2026-03-14,Flu ED visits pct,quantile,0.1,1.317419989515016
hall,2026-03-07,1,2026-03-14,Flu ED visits pct,quantile,0.1,0.8190676354889284
harford,2026-03-07,1,2026-03-14,Flu ED visits pct,quantile,0.1,0.33629241635527846
henry,2026-03-07,1,2026-03-14,Flu ED visits pct,quantile,0.1,0.7503644625087174
horry,2026-03-07,1,2026-03-14,Flu ED visits pct,quantile,0.1,0.8474431265150091
houston,2026-03-07,1,2026-03-14,Flu ED visits pct,quantile,0.1,0.660860324515581
indiana,2026-03-07,1,2026-03-14,Flu ED visits pct,quantile,0.1,1.718162780325109
indianapolis,2026-03-07,1,2026-03-14,Flu ED visits pct,quantile,0.1,1.9756647131219873
la-grange,2026-03-07,1,2026-03-14,Flu ED visits pct,quantile,0.1,0.7504295484977339
larimer,2026-03-07,1,2026-03-14,Flu ED visits pct,quantile,0.1,0.8502871762875669
lynn,2026-03-07,1,2026-03-14,Flu ED visits pct,quantile,0.1,0.6590068895720889
macon,2026-03-07,1,2026-03-14,Flu ED visits pct,quantile,0.1,0.5371122978235063
maine,2026-03-07,1,2026-03-14,Flu ED visits pct,quantile,0.1,0.7354343089605163
marietta,2026-03-07,1,2026-03-14,Flu ED visits pct,quantile,0.1,0.6617687500171137
maryland,2026-03-07,1,2026-03-14,Flu ED visits pct,quantile,0.1,0.7108885033123015
massachusetts,2026-03-07,1,2026-03-14,Flu ED visits pct,quantile,0.1,0.8980530155911193
medford,2026-03-07,1,2026-03-14,Flu ED visits pct,quantile,0.1,0.7889334626342205
mesa,2026-03-07,1,2026-03-14,Flu ED visits pct,quantile,0.1,0.6818806900142217
minneapolis,2026-03-07,1,2026-03-14,Flu ED visits pct,quantile,0.1,1.3168399493557588
minnesota,2026-03-07,1,2026-03-14,Flu ED visits pct,quantile,0.1,1.4142366947089873
montgomery,2026-03-07,1,2026-03-14,Flu ED visits pct,quantile,0.1,0.6281576117184446
nenc,2026-03-07,1,2026-03-14,Flu ED visits pct,quantile,0.1,0.9671339182720834
new-bedford,2026-03-07,1,2026-03-14,Flu ED visits pct,quantile,0.1,1.0185609571667578
north-carolina,2026-03-07,1,2026-03-14,Flu ED visits pct,quantile,0.1,1.3459965011861945
nyc,2026-03-07,1,2026-03-14,ILI ED visits pct,quantile,0.1,2.216167237585992
ogden,2026-03-07,1,2026-03-14,Flu ED visits pct,quantile,0.1,1.0452018780032213
oregon,2026-03-07,1,2026-03-14,Flu ED visits pct,quantile,0.1,1.2520257218850528
pittsfield,2026-03-07,1,2026-03-14,Flu ED visits pct,quantile,0.1,0.21785360300383433
portland,2026-03-07,1,2026-03-14,Flu ED visits pct,quantile,0.1,0.4896967803156419
portland-or,2026-03-07,1,2026-03-14,Flu ED visits pct,quantile,0.1,1.3836792583036444
provo,2026-03-07,1,2026-03-14,Flu ED visits pct,quantile,0.1,0.44227056914741586
roanoke,2026-03-07,1,2026-03-14,Flu ED visits pct,quantile,0.1,1.994427358002614
rochester,2026-03-07,1,2026-03-14,Flu ED visits pct,quantile,0.1,1.5515080479957724
rock-hill,2026-03-07,1,2026-03-14,Flu ED visits pct,quantile,0.1,0.12070197759030386
rtp-area,2026-03-07,1,2026-03-14,Flu ED visits pct,quantile,0.1,1.0121602051653025
salem,2026-03-07,1,2026-03-14,Flu ED visits pct,quantile,0.1,1.3694511045281623
salt-lake-city,2026-03-07,1,2026-03-14,Flu ED visits pct,quantile,0.1,1.0722094260120465
san-antonio,2026-03-07,1,2026-03-14,Flu ED visits pct,quantile,0.1,1.816080491480652
savannah,2026-03-07,1,2026-03-14,Flu ED visits pct,quantile,0.1,0.2929216095807316
senc,2026-03-07,1,2026-03-14,Flu ED visits pct,quantile,0.1,0.5370960064700462
south-augusta,2026-03-07,1,2026-03-14,Flu ED visits pct,quantile,0.1,0.9111041614374343
south-carolina,2026-03-07,1,2026-03-14,Flu ED visits pct,quantile,0.1,1.120574469285374
springfield,2026-03-07,1,2026-03-14,Flu ED visits pct,quantile,0.1,0.7338097472355596
st-cloud,2026-03-07,1,2026-03-14,Flu ED visits pct,quantile,0.1,1.091993542116401
st-paul,2026-03-07,1,2026-03-14,Flu ED visits pct,quantile,0.1,1.4328758829781696
texas,2026-03-07,1,2026-03-14,Flu ED visits pct,quantile,0.1,1.211143535933131
triad-area,2026-03-07,1,2026-03-14,Flu ED visits pct,quantile,0.1,0.9877493368486358
utah,2026-03-07,1,2026-03-14,Flu ED visits pct,quantile,0.1,1.0275553067716223
virginia,2026-03-07,1,2026-03-14,Flu ED visits pct,quantile,0.1,1.4751698395560673
weld,2026-03-07,1,2026-03-14,Flu ED visits pct,quantile,0.1,1.2420827336433111
wnc,2026-03-07,1,2026-03-14,Flu ED visits pct,quantile,0.1,0.8977122639216594
worcester,2026-03-07,1,2026-03-14,Flu ED visits pct,quantile,0.1,0.665265262194915
athens,2026-03-07,2,2026-03-21,Flu ED visits pct,quantile,0.1,0.9884926565210617
austin,2026-03-07,2,2026-03-21,Flu ED visits pct,quantile,0.1,0.8425824009709676
baltimore,2026-03-07,2,2026-03-21,Flu ED visits pct,quantile,0.1,0.5113600714947456
bangor,2026-03-07,2,2026-03-21,Flu ED visits pct,quantile,0.1,0.7050061567354934
beaumont,2026-03-07,2,2026-03-21,Flu ED visits pct,quantile,0.1,0.4497688351796042
boston,2026-03-07,2,2026-03-21,Flu ED visits pct,quantile,0.1,0.7486353356672495
boulder,2026-03-07,2,2026-03-21,Flu ED visits pct,quantile,0.1,1.003103510413512
charleston,2026-03-07,2,2026-03-21,Flu ED visits pct,quantile,0.1,0.6855992565788233
cherokee,2026-03-07,2,2026-03-21,Flu ED visits pct,quantile,0.1,0.943005914412832
clt-area,2026-03-07,2,2026-03-21,Flu ED visits pct,quantile,0.1,1.4149328653320439
colorado,2026-03-07,2,2026-03-21,Flu ED visits pct,quantile,0.1,1.0884615404171845
colorado-springs,2026-03-07,2,2026-03-21,Flu ED visits pct,quantile,0.1,0.7410222277385794
columbia,2026-03-07,2,2026-03-21,Flu ED visits pct,quantile,0.1,0.7179708184576181
columbus,2026-03-07,2,2026-03-21,Flu ED visits pct,quantile,0.1,0.6681577020669176
dallas,2026-03-07,2,2026-03-21,Flu ED visits pct,quantile,0.1,0.9878678247942053
denver,2026-03-07,2,2026-03-21,Flu ED visits pct,quantile,0.1,1.288661808281334
deschutes,2026-03-07,2,2026-03-21,Flu ED visits pct,quantile,0.1,0.7620157300840964
duluth,2026-03-07,2,2026-03-21,Flu ED visits pct,quantile,0.1,0.7144815819042725
el-paso,2026-03-07,2,2026-03-21,Flu ED visits pct,quantile,0.1,0.7777832281370831
eugene,2026-03-07,2,2026-03-21,Flu ED visits pct,quantile,0.1,0.7533738680911966
fay-area,2026-03-07,2,2026-03-21,Flu ED visits pct,quantile,0.1,1.1991043971433462
florence,2026-03-07,2,2026-03-21,Flu ED visits pct,quantile,0.1,0.46988296079797504
floyd,2026-03-07,2,2026-03-21,Flu ED visits pct,quantile,0.1,0.997955665197247
frederick,2026-03-07,2,2026-03-21,Flu ED visits pct,quantile,0.1,0.5944686354652066
georgia,2026-03-07,2,2026-03-21,Flu ED visits pct,quantile,0.1,0.6859571652016764
greenville,2026-03-07,2,2026-03-21,Flu ED visits pct,quantile,0.1,1.1066311972684053
hall,2026-03-07,2,2026-03-21,Flu ED visits pct,quantile,0.1,0.7015611437160488
harford,2026-03-07,2,2026-03-21,Flu ED visits pct,quantile,0.1,0.288547039935667
henry,2026-03-07,2,2026-03-21,Flu ED visits pct,quantile,0.1,0.6579489662447043
horry,2026-03-07,2,2026-03-21,Flu ED visits pct,quantile,0.1,0.69570637724269
houston,2026-03-07,2,2026-03-21,Flu ED visits pct,quantile,0.1,0.6194560499019598
indiana,2026-03-07,2,2026-03-21,Flu ED visits pct,quantile,0.1,1.3030521280368745
indianapolis,2026-03-07,2,2026-03-21,Flu ED visits pct,quantile,0.1,1.4123806708573368
la-grange,2026-03-07,2,2026-03-21,Flu ED visits pct,quantile,0.1,0.5075440272807469
larimer,2026-03-07,2,2026-03-21,Flu ED visits pct,quantile,0.1,0.7007520008648686
lynn,2026-03-07,2,2026-03-21,Flu ED visits pct,quantile,0.1,0.5729308549039107
macon,2026-03-07,2,2026-03-21,Flu ED visits pct,quantile,0.1,0.37513714655387564
maine,2026-03-07,2,2026-03-21,Flu ED visits pct,quantile,0.1,0.6398851855749429
marietta,2026-03-07,2,2026-03-21,Flu ED visits pct,quantile,0.1,0.537451991995394
maryland,2026-03-07,2,2026-03-21,Flu ED visits pct,quantile,0.1,0.6631241478060952
massachusetts,2026-03-07,2,2026-03-21,Flu ED visits pct,quantile,0.1,0.8484569877858853
medford,2026-03-07,2,2026-03-21,Flu ED visits pct,quantile,0.1,0.4546319132827005
mesa,2026-03-07,2,2026-03-21,Flu ED visits pct,quantile,0.1,0.5589610790321261
minneapolis,2026-03-07,2,2026-03-21,Flu ED visits pct,quantile,0.1,1.2101548744392059
minnesota,2026-03-07,2,2026-03-21,Flu ED visits pct,quantile,0.1,1.3164029841196465
montgomery,2026-03-07,2,2026-03-21,Flu ED visits pct,quantile,0.1,0.5706027558754543
nenc,2026-03-07,2,2026-03-21,Flu ED visits pct,quantile,0.1,0.7094630996592461
new-bedford,2026-03-07,2,2026-03-21,Flu ED visits pct,quantile,0.1,0.8824891019982876
north-carolina,2026-03-07,2,2026-03-21,Flu ED visits pct,quantile,0.1,0.9743612894290224
nyc,2026-03-07,2,2026-03-21,ILI ED visits pct,quantile,0.1,2.1918595806209002
ogden,2026-03-07,2,2026-03-21,Flu ED visits pct,quantile,0.1,0.7420075071155242
oregon,2026-03-07,2,2026-03-21,Flu ED visits pct,quantile,0.1,0.8290480142247226
pittsfield,2026-03-07,2,2026-03-21,Flu ED visits pct,quantile,0.1,0.17803203876903567
portland,2026-03-07,2,2026-03-21,Flu ED visits pct,quantile,0.1,0.3986915167504637
portland-or,2026-03-07,2,2026-03-21,Flu ED visits pct,quantile,0.1,0.9386940739820586
provo,2026-03-07,2,2026-03-21,Flu ED visits pct,quantile,0.1,0.35177059891905205
roanoke,2026-03-07,2,2026-03-21,Flu ED visits pct,quantile,0.1,1.704066567672419
rochester,2026-03-07,2,2026-03-21,Flu ED visits pct,quantile,0.1,1.0002789933727165
rock-hill,2026-03-07,2,2026-03-21,Flu ED visits pct,quantile,0.1,0.09859431691319366
rtp-area,2026-03-07,2,2026-03-21,Flu ED visits pct,quantile,0.1,0.6733970469987206
salem,2026-03-07,2,2026-03-21,Flu ED visits pct,quantile,0.1,0.8431141081104512
salt-lake-city,2026-03-07,2,2026-03-21,Flu ED visits pct,quantile,0.1,0.7953874356846568
san-antonio,2026-03-07,2,2026-03-21,Flu ED visits pct,quantile,0.1,1.202262768216537
savannah,2026-03-07,2,2026-03-21,Flu ED visits pct,quantile,0.1,0.17566594333886607
senc,2026-03-07,2,2026-03-21,Flu ED visits pct,quantile,0.1,0.3521103631558158
south-augusta,2026-03-07,2,2026-03-21,Flu ED visits pct,quantile,0.1,0.5935658852993586
south-carolina,2026-03-07,2,2026-03-21,Flu ED visits pct,quantile,0.1,0.7865238574588954
springfield,2026-03-07,2,2026-03-21,Flu ED visits pct,quantile,0.1,0.6488576055435956
st-cloud,2026-03-07,2,2026-03-21,Flu ED visits pct,quantile,0.1,0.6985859959557484
st-paul,2026-03-07,2,2026-03-21,Flu ED visits pct,quantile,0.1,1.3501201393545839
texas,2026-03-07,2,2026-03-21,Flu ED visits pct,quantile,0.1,0.9428516117465474
triad-area,2026-03-07,2,2026-03-21,Flu ED visits pct,quantile,0.1,0.760056573106812
utah,2026-03-07,2,2026-03-21,Flu ED visits pct,quantile,0.1,0.7602021546747335
virginia,2026-03-07,2,2026-03-21,Flu ED visits pct,quantile,0.1,1.3657151945725472
weld,2026-03-07,2,2026-03-21,Flu ED visits pct,quantile,0.1,1.1190313118532311
wnc,2026-03-07,2,2026-03-21,Flu ED visits pct,quantile,0.1,0.6471886841257254
worcester,2026-03-07,2,2026-03-21,Flu ED visits pct,quantile,0.1,0.5920367367969923
athens,2026-03-07,3,2026-03-28,Flu ED visits pct,quantile,0.1,0.8205160074840145
austin,2026-03-07,3,2026-03-28,Flu ED visits pct,quantile,0.1,0.6300510940112888
baltimore,2026-03-07,3,2026-03-28,Flu ED visits pct,quantile,0.1,0.47993177536400916
bangor,2026-03-07,3,2026-03-28,Flu ED visits pct,quantile,0.1,0.5764643049992733
beaumont,2026-03-07,3,2026-03-28,Flu ED visits pct,quantile,0.1,0.3616582398019207
boston,2026-03-07,3,2026-03-28,Flu ED visits pct,quantile,0.1,0.6575974097221192
boulder,2026-03-07,3,2026-03-28,Flu ED visits pct,quantile,0.1,0.748343285927415
charleston,2026-03-07,3,2026-03-28,Flu ED visits pct,quantile,0.1,0.4626197957065281
cherokee,2026-03-07,3,2026-03-28,Flu ED visits pct,quantile,0.1,0.7787288070054694
clt-area,2026-03-07,3,2026-03-28,Flu ED visits pct,quantile,0.1,0.9758590488571702
colorado,2026-03-07,3,2026-03-28,Flu ED visits pct,quantile,0.1,0.9063803641875459
colorado-springs,2026-03-07,3,2026-03-28,Flu ED visits pct,quantile,0.1,0.597134372383187
columbia,2026-03-07,3,2026-03-28,Flu ED visits pct,quantile,0.1,0.5809957105409076
columbus,2026-03-07,3,2026-03-28,Flu ED visits pct,quantile,0.1,0.441508927636209
dallas,2026-03-07,3,2026-03-28,Flu ED visits pct,quantile,0.1,0.7857219401697769
denver,2026-03-07,3,2026-03-28,Flu ED visits pct,quantile,0.1,1.1133384881680857
deschutes,2026-03-07,3,2026-03-28,Flu ED visits pct,quantile,0.1,0.5647347632941961
duluth,2026-03-07,3,2026-03-28,Flu ED visits pct,quantile,0.1,0.616283955495595
el-paso,2026-03-07,3,2026-03-28,Flu ED visits pct,quantile,0.1,0.7566868510127415
eugene,2026-03-07,3,2026-03-28,Flu ED visits pct,quantile,0.1,0.49370875215193444
fay-area,2026-03-07,3,2026-03-28,Flu ED visits pct,quantile,0.1,0.788788537885018
florence,2026-03-07,3,2026-03-28,Flu ED visits pct,quantile,0.1,0.3465654485128259
floyd,2026-03-07,3,2026-03-28,Flu ED visits pct,quantile,0.1,0.7736162094226039
frederick,2026-03-07,3,2026-03-28,Flu ED visits pct,quantile,0.1,0.5705506294595529
georgia,2026-03-07,3,2026-03-28,Flu ED visits pct,quantile,0.1,0.5433958979880279
greenville,2026-03-07,3,2026-03-28,Flu ED visits pct,quantile,0.1,0.894325153251266
hall,2026-03-07,3,2026-03-28,Flu ED visits pct,quantile,0.1,0.6068162165300007
harford,2026-03-07,3,2026-03-28,Flu ED visits pct,quantile,0.1,0.2682832395244016
henry,2026-03-07,3,2026-03-28,Flu ED visits pct,quantile,0.1,0.5479504784288893
horry,2026-03-07,3,2026-03-28,Flu ED visits pct,quantile,0.1,0.5505999955185137
houston,2026-03-07,3,2026-03-28,Flu ED visits pct,quantile,0.1,0.5827653465737086
indiana,2026-03-07,3,2026-03-28,Flu ED visits pct,quantile,0.1,0.9758811984300793
indianapolis,2026-03-07,3,2026-03-28,Flu ED visits pct,quantile,0.1,0.9556936139586192
la-grange,2026-03-07,3,2026-03-28,Flu ED visits pct,quantile,0.1,0.3877781613492889
larimer,2026-03-07,3,2026-03-28,Flu ED visits pct,quantile,0.1,0.5839495596481495
lynn,2026-03-07,3,2026-03-28,Flu ED visits pct,quantile,0.1,0.5196206776600011
macon,2026-03-07,3,2026-03-28,Flu ED visits pct,quantile,0.1,0.293652883900546
maine,2026-03-07,3,2026-03-28,Flu ED visits pct,quantile,0.1,0.5200722478612293
marietta,2026-03-07,3,2026-03-28,Flu ED visits pct,quantile,0.1,0.46550061463620496
maryland,2026-03-07,3,2026-03-28,Flu ED visits pct,quantile,0.1,0.6231437821505315
massachusetts,2026-03-07,3,2026-03-28,Flu ED visits pct,quantile,0.1,0.7469058912828018
medford,2026-03-07,3,2026-03-28,Flu ED visits pct,quantile,0.1,0.2948761618753701
mesa,2026-03-07,3,2026-03-28,Flu ED visits pct,quantile,0.1,0.4569832714570035
minneapolis,2026-03-07,3,2026-03-28,Flu ED visits pct,quantile,0.1,1.051675850547951
minnesota,2026-03-07,3,2026-03-28,Flu ED visits pct,quantile,0.1,1.1257701684838235
montgomery,2026-03-07,3,2026-03-28,Flu ED visits pct,quantile,0.1,0.5368237733655564
nenc,2026-03-07,3,2026-03-28,Flu ED visits pct,quantile,0.1,0.47573390231487894
new-bedford,2026-03-07,3,2026-03-28,Flu ED visits pct,quantile,0.1,0.7451185108923649
north-carolina,2026-03-07,3,2026-03-28,Flu ED visits pct,quantile,0.1,0.6670817754294291
nyc,2026-03-07,3,2026-03-28,ILI ED visits pct,quantile,0.1,2.1341238764476533
ogden,2026-03-07,3,2026-03-28,Flu ED visits pct,quantile,0.1,0.5575891070574065
oregon,2026-03-07,3,2026-03-28,Flu ED visits pct,quantile,0.1,0.563319340288932
pittsfield,2026-03-07,3,2026-03-28,Flu ED visits pct,quantile,0.1,0.1569703161553283
portland,2026-03-07,3,2026-03-28,Flu ED visits pct,quantile,0.1,0.3430853378005993
portland-or,2026-03-07,3,2026-03-28,Flu ED visits pct,quantile,0.1,0.6468472196741861
provo,2026-03-07,3,2026-03-28,Flu ED visits pct,quantile,0.1,0.32011752012058803
roanoke,2026-03-07,3,2026-03-28,Flu ED visits pct,quantile,0.1,1.4360506452363195
rochester,2026-03-07,3,2026-03-28,Flu ED visits pct,quantile,0.1,0.6714681705754947
rock-hill,2026-03-07,3,2026-03-28,Flu ED visits pct,quantile,0.1,0.08771778682984654
rtp-area,2026-03-07,3,2026-03-28,Flu ED visits pct,quantile,0.1,0.4506862122923093
salem,2026-03-07,3,2026-03-28,Flu ED visits pct,quantile,0.1,0.5638201476832929
salt-lake-city,2026-03-07,3,2026-03-28,Flu ED visits pct,quantile,0.1,0.6264518553942032
san-antonio,2026-03-07,3,2026-03-28,Flu ED visits pct,quantile,0.1,0.7887085611761098
savannah,2026-03-07,3,2026-03-28,Flu ED visits pct,quantile,0.1,0.11290357608288562
senc,2026-03-07,3,2026-03-28,Flu ED visits pct,quantile,0.1,0.23236446702565047
south-augusta,2026-03-07,3,2026-03-28,Flu ED visits pct,quantile,0.1,0.4030202641877235
south-carolina,2026-03-07,3,2026-03-28,Flu ED visits pct,quantile,0.1,0.619603239104816
springfield,2026-03-07,3,2026-03-28,Flu ED visits pct,quantile,0.1,0.5999945122036959
st-cloud,2026-03-07,3,2026-03-28,Flu ED visits pct,quantile,0.1,0.5046697312525942
st-paul,2026-03-07,3,2026-03-28,Flu ED visits pct,quantile,0.1,1.2041822713327377
texas,2026-03-07,3,2026-03-28,Flu ED visits pct,quantile,0.1,0.7664579412933848
triad-area,2026-03-07,3,2026-03-28,Flu ED visits pct,quantile,0.1,0.5657034038598342
utah,2026-03-07,3,2026-03-28,Flu ED visits pct,quantile,0.1,0.5969557221441387
virginia,2026-03-07,3,2026-03-28,Flu ED visits pct,quantile,0.1,1.183990220503362
weld,2026-03-07,3,2026-03-28,Flu ED visits pct,quantile,0.1,0.9889131609202936
wnc,2026-03-07,3,2026-03-28,Flu ED visits pct,quantile,0.1,0.42525369240884325
worcester,2026-03-07,3,2026-03-28,Flu ED visits pct,quantile,0.1,0.5304208336468541
athens,2026-03-07,0,2026-03-07,Flu ED visits pct,quantile,0.25,1.7953774075953097
austin,2026-03-07,0,2026-03-07,Flu ED visits pct,quantile,0.25,1.739140434534908
baltimore,2026-03-07,0,2026-03-07,Flu ED visits pct,quantile,0.25,0.7372766988237764
bangor,2026-03-07,0,2026-03-07,Flu ED visits pct,quantile,0.25,1.3442982741433445
beaumont,2026-03-07,0,2026-03-07,Flu ED visits pct,quantile,0.25,1.0835833007528441
boston,2026-03-07,0,2026-03-07,Flu ED visits pct,quantile,0.25,1.092167006919558
boulder,2026-03-07,0,2026-03-07,Flu ED visits pct,quantile,0.25,2.616312482013132
charleston,2026-03-07,0,2026-03-07,Flu ED visits pct,quantile,0.25,1.9311265697443087
cherokee,2026-03-07,0,2026-03-07,Flu ED visits pct,quantile,0.25,1.7987476987255342
clt-area,2026-03-07,0,2026-03-07,Flu ED visits pct,quantile,0.25,3.0960744736266546
colorado,2026-03-07,0,2026-03-07,Flu ED visits pct,quantile,0.25,1.7392803038962652
colorado-springs,2026-03-07,0,2026-03-07,Flu ED visits pct,quantile,0.25,1.3769063875224639
columbia,2026-03-07,0,2026-03-07,Flu ED visits pct,quantile,0.25,1.3572689784928973
columbus,2026-03-07,0,2026-03-07,Flu ED visits pct,quantile,0.25,1.9830211555991681
dallas,2026-03-07,0,2026-03-07,Flu ED visits pct,quantile,0.25,1.776900549694
denver,2026-03-07,0,2026-03-07,Flu ED visits pct,quantile,0.25,1.7634003048897884
deschutes,2026-03-07,0,2026-03-07,Flu ED visits pct,quantile,0.25,1.9189318908733117
duluth,2026-03-07,0,2026-03-07,Flu ED visits pct,quantile,0.25,1.408946584857599
el-paso,2026-03-07,0,2026-03-07,Flu ED visits pct,quantile,0.25,1.3250561592200443
eugene,2026-03-07,0,2026-03-07,Flu ED visits pct,quantile,0.25,2.154155008944418
fay-area,2026-03-07,0,2026-03-07,Flu ED visits pct,quantile,0.25,2.9673315452057696
florence,2026-03-07,0,2026-03-07,Flu ED visits pct,quantile,0.25,1.331445717668651
floyd,2026-03-07,0,2026-03-07,Flu ED visits pct,quantile,0.25,1.914797931404586
frederick,2026-03-07,0,2026-03-07,Flu ED visits pct,quantile,0.25,1.2992035460686961
georgia,2026-03-07,0,2026-03-07,Flu ED visits pct,quantile,0.25,1.2860461031471344
greenville,2026-03-07,0,2026-03-07,Flu ED visits pct,quantile,0.25,1.8957276371266227
hall,2026-03-07,0,2026-03-07,Flu ED visits pct,quantile,0.25,1.232062563588528
harford,2026-03-07,0,2026-03-07,Flu ED visits pct,quantile,0.25,0.6202068251812508
henry,2026-03-07,0,2026-03-07,Flu ED visits pct,quantile,0.25,1.113966580410702
horry,2026-03-07,0,2026-03-07,Flu ED visits pct,quantile,0.25,1.392595354009478
houston,2026-03-07,0,2026-03-07,Flu ED visits pct,quantile,0.25,0.9349466106274852
indiana,2026-03-07,0,2026-03-07,Flu ED visits pct,quantile,0.25,2.502724516839786
indianapolis,2026-03-07,0,2026-03-07,Flu ED visits pct,quantile,0.25,3.12288085638098
la-grange,2026-03-07,0,2026-03-07,Flu ED visits pct,quantile,0.25,1.2279711924065
larimer,2026-03-07,0,2026-03-07,Flu ED visits pct,quantile,0.25,1.391904452171063
lynn,2026-03-07,0,2026-03-07,Flu ED visits pct,quantile,0.25,1.0056393792002227
macon,2026-03-07,0,2026-03-07,Flu ED visits pct,quantile,0.25,0.8823197866261341
maine,2026-03-07,0,2026-03-07,Flu ED visits pct,quantile,0.25,1.0627422023601198
marietta,2026-03-07,0,2026-03-07,Flu ED visits pct,quantile,0.25,1.1195423135171234
maryland,2026-03-07,0,2026-03-07,Flu ED visits pct,quantile,0.25,1.038042221583663
massachusetts,2026-03-07,0,2026-03-07,Flu ED visits pct,quantile,0.25,1.2320592184366133
medford,2026-03-07,0,2026-03-07,Flu ED visits pct,quantile,0.25,1.5439827379312614
mesa,2026-03-07,0,2026-03-07,Flu ED visits pct,quantile,0.25,1.069542223083833
minneapolis,2026-03-07,0,2026-03-07,Flu ED visits pct,quantile,0.25,1.716955617633576
minnesota,2026-03-07,0,2026-03-07,Flu ED visits pct,quantile,0.25,1.9433503263000858
montgomery,2026-03-07,0,2026-03-07,Flu ED visits pct,quantile,0.25,0.8889582056203548
nenc,2026-03-07,0,2026-03-07,Flu ED visits pct,quantile,0.25,1.5912615375815968
new-bedford,2026-03-07,0,2026-03-07,Flu ED visits pct,quantile,0.25,1.565047132693762
north-carolina,2026-03-07,0,2026-03-07,Flu ED visits pct,quantile,0.25,2.0999088107300077
nyc,2026-03-07,0,2026-03-07,ILI ED visits pct,quantile,0.25,2.5973711484097333
ogden,2026-03-07,0,2026-03-07,Flu ED visits pct,quantile,0.25,1.6732753277865542
oregon,2026-03-07,0,2026-03-07,Flu ED visits pct,quantile,0.25,2.120680896638276
pittsfield,2026-03-07,0,2026-03-07,Flu ED visits pct,quantile,0.25,0.5173810066670104
portland,2026-03-07,0,2026-03-07,Flu ED visits pct,quantile,0.25,0.7842444471064011
portland-or,2026-03-07,0,2026-03-07,Flu ED visits pct,quantile,0.25,2.269059854882686
provo,2026-03-07,0,2026-03-07,Flu ED visits pct,quantile,0.25,0.6986276170596146
roanoke,2026-03-07,0,2026-03-07,Flu ED visits pct,quantile,0.25,3.063028026185673
rochester,2026-03-07,0,2026-03-07,Flu ED visits pct,quantile,0.25,2.6611956492594064
rock-hill,2026-03-07,0,2026-03-07,Flu ED visits pct,quantile,0.25,0.3194614920062173
rtp-area,2026-03-07,0,2026-03-07,Flu ED visits pct,quantile,0.25,1.6717367495313586
salem,2026-03-07,0,2026-03-07,Flu ED visits pct,quantile,0.25,2.404747578124376
salt-lake-city,2026-03-07,0,2026-03-07,Flu ED visits pct,quantile,0.25,1.4674829834476737
san-antonio,2026-03-07,0,2026-03-07,Flu ED visits pct,quantile,0.25,2.840646381034305
savannah,2026-03-07,0,2026-03-07,Flu ED visits pct,quantile,0.25,0.5760283431397362
senc,2026-03-07,0,2026-03-07,Flu ED visits pct,quantile,0.25,0.9572995712562418
south-augusta,2026-03-07,0,2026-03-07,Flu ED visits pct,quantile,0.25,1.5974333548651336
south-carolina,2026-03-07,0,2026-03-07,Flu ED visits pct,quantile,0.25,1.7548591964704199
springfield,2026-03-07,0,2026-03-07,Flu ED visits pct,quantile,0.25,1.1338295873734905
st-cloud,2026-03-07,0,2026-03-07,Flu ED visits pct,quantile,0.25,1.9028404705675235
st-paul,2026-03-07,0,2026-03-07,Flu ED visits pct,quantile,0.25,1.9244587315481785
texas,2026-03-07,0,2026-03-07,Flu ED visits pct,quantile,0.25,1.6544177487357488
triad-area,2026-03-07,0,2026-03-07,Flu ED visits pct,quantile,0.25,1.400802575776627
utah,2026-03-07,0,2026-03-07,Flu ED visits pct,quantile,0.25,1.440199137310301
virginia,2026-03-07,0,2026-03-07,Flu ED visits pct,quantile,0.25,1.9700223846845561
weld,2026-03-07,0,2026-03-07,Flu ED visits pct,quantile,0.25,1.917634329224271
wnc,2026-03-07,0,2026-03-07,Flu ED visits pct,quantile,0.25,1.5225801689410101
worcester,2026-03-07,0,2026-03-07,Flu ED visits pct,quantile,0.25,1.1771502627337058
athens,2026-03-07,1,2026-03-14,Flu ED visits pct,quantile,0.25,1.395649170393631
austin,2026-03-07,1,2026-03-14,Flu ED visits pct,quantile,0.25,1.3001055158535946
baltimore,2026-03-07,1,2026-03-14,Flu ED visits pct,quantile,0.25,0.7371862253604965
bangor,2026-03-07,1,2026-03-14,Flu ED visits pct,quantile,0.25,0.9360313228974213
beaumont,2026-03-07,1,2026-03-14,Flu ED visits pct,quantile,0.25,0.7436387720416247
boston,2026-03-07,1,2026-03-14,Flu ED visits pct,quantile,0.25,1.049597637073707
boulder,2026-03-07,1,2026-03-14,Flu ED visits pct,quantile,0.25,1.9219956278684827
charleston,2026-03-07,1,2026-03-14,Flu ED visits pct,quantile,0.25,1.324099675861893
cherokee,2026-03-07,1,2026-03-14,Flu ED visits pct,quantile,0.25,1.3186076000897349
clt-area,2026-03-07,1,2026-03-14,Flu ED visits pct,quantile,0.25,2.430644816700128
colorado,2026-03-07,1,2026-03-14,Flu ED visits pct,quantile,0.25,1.457586457265886
colorado-springs,2026-03-07,1,2026-03-14,Flu ED visits pct,quantile,0.25,1.0243185657487122
columbia,2026-03-07,1,2026-03-14,Flu ED visits pct,quantile,0.25,0.9267963529173924
columbus,2026-03-07,1,2026-03-14,Flu ED visits pct,quantile,0.25,1.354087567212383
dallas,2026-03-07,1,2026-03-14,Flu ED visits pct,quantile,0.25,1.3341323715805842
denver,2026-03-07,1,2026-03-14,Flu ED visits pct,quantile,0.25,1.6115733879019203
deschutes,2026-03-07,1,2026-03-14,Flu ED visits pct,quantile,0.25,1.34339116005589
duluth,2026-03-07,1,2026-03-14,Flu ED visits pct,quantile,0.25,1.113728559019592
el-paso,2026-03-07,1,2026-03-14,Flu ED visits pct,quantile,0.25,1.3163783836410767
eugene,2026-03-07,1,2026-03-14,Flu ED visits pct,quantile,0.25,1.4650730152518288
fay-area,2026-03-07,1,2026-03-14,Flu ED visits pct,quantile,0.25,2.195268329581463
florence,2026-03-07,1,2026-03-14,Flu ED visits pct,quantile,0.25,0.8839754356216882
floyd,2026-03-07,1,2026-03-14,Flu ED visits pct,quantile,0.25,1.3872711676465457
frederick,2026-03-07,1,2026-03-14,Flu ED visits pct,quantile,0.25,1.2583674438917691
georgia,2026-03-07,1,2026-03-14,Flu ED visits pct,quantile,0.25,0.9433363895267899
greenville,2026-03-07,1,2026-03-14,Flu ED visits pct,quantile,0.25,1.4727607729133965
hall,2026-03-07,1,2026-03-14,Flu ED visits pct,quantile,0.25,0.9813036635710658
harford,2026-03-07,1,2026-03-14,Flu ED visits pct,quantile,0.25,0.593244769457037
henry,2026-03-07,1,2026-03-14,Flu ED visits pct,quantile,0.25,0.9157204852160991
horry,2026-03-07,1,2026-03-14,Flu ED visits pct,quantile,0.25,1.0514554820440627
houston,2026-03-07,1,2026-03-14,Flu ED visits pct,quantile,0.25,0.9206095493454889
indiana,2026-03-07,1,2026-03-14,Flu ED visits pct,quantile,0.25,1.8558843698511316
indianapolis,2026-03-07,1,2026-03-14,Flu ED visits pct,quantile,0.25,2.309527005815858
la-grange,2026-03-07,1,2026-03-14,Flu ED visits pct,quantile,0.25,0.8622666501392913
larimer,2026-03-07,1,2026-03-14,Flu ED visits pct,quantile,0.25,1.0547276769819784
lynn,2026-03-07,1,2026-03-14,Flu ED visits pct,quantile,0.25,0.8879202124838766
macon,2026-03-07,1,2026-03-14,Flu ED visits pct,quantile,0.25,0.6076475066721158
maine,2026-03-07,1,2026-03-14,Flu ED visits pct,quantile,0.25,0.7921899926204279
marietta,2026-03-07,1,2026-03-14,Flu ED visits pct,quantile,0.25,0.8201000221889603
maryland,2026-03-07,1,2026-03-14,Flu ED visits pct,quantile,0.25,1.0337599147799452
massachusetts,2026-03-07,1,2026-03-14,Flu ED visits pct,quantile,0.25,1.1754879759697536
medford,2026-03-07,1,2026-03-14,Flu ED visits pct,quantile,0.25,0.969284713021203
mesa,2026-03-07,1,2026-03-14,Flu ED visits pct,quantile,0.25,0.802789493776079
minneapolis,2026-03-07,1,2026-03-14,Flu ED visits pct,quantile,0.25,1.6301711520841469
minnesota,2026-03-07,1,2026-03-14,Flu ED visits pct,quantile,0.25,1.708459608097051
montgomery,2026-03-07,1,2026-03-14,Flu ED visits pct,quantile,0.25,0.887663192718038
nenc,2026-03-07,1,2026-03-14,Flu ED visits pct,quantile,0.25,1.191640221079268
new-bedford,2026-03-07,1,2026-03-14,Flu ED visits pct,quantile,0.25,1.414711182485298
north-carolina,2026-03-07,1,2026-03-14,Flu ED visits pct,quantile,0.25,1.5790048899393492
nyc,2026-03-07,1,2026-03-14,ILI ED visits pct,quantile,0.25,2.567899044070634
ogden,2026-03-07,1,2026-03-14,Flu ED visits pct,quantile,0.25,1.1981451649507524
oregon,2026-03-07,1,2026-03-14,Flu ED visits pct,quantile,0.25,1.4564360830411203
pittsfield,2026-03-07,1,2026-03-14,Flu ED visits pct,quantile,0.25,0.4358953247779447
portland,2026-03-07,1,2026-03-14,Flu ED visits pct,quantile,0.25,0.5778553606372764
portland-or,2026-03-07,1,2026-03-14,Flu ED visits pct,quantile,0.25,1.6065382783891642
provo,2026-03-07,1,2026-03-14,Flu ED visits pct,quantile,0.25,0.5103551977495415
roanoke,2026-03-07,1,2026-03-14,Flu ED visits pct,quantile,0.25,2.5040153566037877
rochester,2026-03-07,1,2026-03-14,Flu ED visits pct,quantile,0.25,1.829015011775736
rock-hill,2026-03-07,1,2026-03-14,Flu ED visits pct,quantile,0.25,0.2990482947006038
rtp-area,2026-03-07,1,2026-03-14,Flu ED visits pct,quantile,0.25,1.2245740618174423
salem,2026-03-07,1,2026-03-14,Flu ED visits pct,quantile,0.25,1.5892192151441928
salt-lake-city,2026-03-07,1,2026-03-14,Flu ED visits pct,quantile,0.25,1.1098377382816975
san-antonio,2026-03-07,1,2026-03-14,Flu ED visits pct,quantile,0.25,1.985231708828566
savannah,2026-03-07,1,2026-03-14,Flu ED visits pct,quantile,0.25,0.3855815840515609
senc,2026-03-07,1,2026-03-14,Flu ED visits pct,quantile,0.25,0.6935515160427892
south-augusta,2026-03-07,1,2026-03-14,Flu ED visits pct,quantile,0.25,1.1345412723431982
south-carolina,2026-03-07,1,2026-03-14,Flu ED visits pct,quantile,0.25,1.2568341410496628
springfield,2026-03-07,1,2026-03-14,Flu ED visits pct,quantile,0.25,1.0655387736226805
st-cloud,2026-03-07,1,2026-03-14,Flu ED visits pct,quantile,0.25,1.3326376697837494
st-paul,2026-03-07,1,2026-03-14,Flu ED visits pct,quantile,0.25,1.9101770274720868
texas,2026-03-07,1,2026-03-14,Flu ED visits pct,quantile,0.25,1.2503750702116267
triad-area,2026-03-07,1,2026-03-14,Flu ED visits pct,quantile,0.25,1.0727875323007097
utah,2026-03-07,1,2026-03-14,Flu ED visits pct,quantile,0.25,1.0738302679321632
virginia,2026-03-07,1,2026-03-14,Flu ED visits pct,quantile,0.25,1.8096583170111395
weld,2026-03-07,1,2026-03-14,Flu ED visits pct,quantile,0.25,1.799078730897593
wnc,2026-03-07,1,2026-03-14,Flu ED visits pct,quantile,0.25,1.1112785536441743
worcester,2026-03-07,1,2026-03-14,Flu ED visits pct,quantile,0.25,1.0243636496749182
athens,2026-03-07,2,2026-03-21,Flu ED visits pct,quantile,0.25,1.1661775073675653
austin,2026-03-07,2,2026-03-21,Flu ED visits pct,quantile,0.25,0.9397292641257939
baltimore,2026-03-07,2,2026-03-21,Flu ED visits pct,quantile,0.25,0.7284417222085607
bangor,2026-03-07,2,2026-03-21,Flu ED visits pct,quantile,0.25,0.7083370364572773
beaumont,2026-03-07,2,2026-03-21,Flu ED visits pct,quantile,0.25,0.534200871362191
boston,2026-03-07,2,2026-03-21,Flu ED visits pct,quantile,0.25,1.0324974656791193
boulder,2026-03-07,2,2026-03-21,Flu ED visits pct,quantile,0.25,1.3359084505906709
charleston,2026-03-07,2,2026-03-21,Flu ED visits pct,quantile,0.25,0.8861764494063675
cherokee,2026-03-07,2,2026-03-21,Flu ED visits pct,quantile,0.25,0.9810251440828964
clt-area,2026-03-07,2,2026-03-21,Flu ED visits pct,quantile,0.25,1.6859560108915845
colorado,2026-03-07,2,2026-03-21,Flu ED visits pct,quantile,0.25,1.2266394117025523
colorado-springs,2026-03-07,2,2026-03-21,Flu ED visits pct,quantile,0.25,0.7618701415000528
columbia,2026-03-07,2,2026-03-21,Flu ED visits pct,quantile,0.25,0.7286446654278739
columbus,2026-03-07,2,2026-03-21,Flu ED visits pct,quantile,0.25,0.9149323029607288
dallas,2026-03-07,2,2026-03-21,Flu ED visits pct,quantile,0.25,0.9957968842884388
denver,2026-03-07,2,2026-03-21,Flu ED visits pct,quantile,0.25,1.4649712094467566
deschutes,2026-03-07,2,2026-03-21,Flu ED visits pct,quantile,0.25,0.9516146963467224
duluth,2026-03-07,2,2026-03-21,Flu ED visits pct,quantile,0.25,1.0148455211894254
el-paso,2026-03-07,2,2026-03-21,Flu ED visits pct,quantile,0.25,1.2945379725248602
eugene,2026-03-07,2,2026-03-21,Flu ED visits pct,quantile,0.25,0.9907384027756303
fay-area,2026-03-07,2,2026-03-21,Flu ED visits pct,quantile,0.25,1.4627018757850259
florence,2026-03-07,2,2026-03-21,Flu ED visits pct,quantile,0.25,0.5715633557913131
floyd,2026-03-07,2,2026-03-21,Flu ED visits pct,quantile,0.25,1.0786090826631274
frederick,2026-03-07,2,2026-03-21,Flu ED visits pct,quantile,0.25,1.2003750141912464
georgia,2026-03-07,2,2026-03-21,Flu ED visits pct,quantile,0.25,0.6861493758819226
greenville,2026-03-07,2,2026-03-21,Flu ED visits pct,quantile,0.25,1.1611511035874609
hall,2026-03-07,2,2026-03-21,Flu ED visits pct,quantile,0.25,0.8765317643579935
harford,2026-03-07,2,2026-03-21,Flu ED visits pct,quantile,0.25,0.5799570297489072
henry,2026-03-07,2,2026-03-21,Flu ED visits pct,quantile,0.25,0.8385918031408186
horry,2026-03-07,2,2026-03-21,Flu ED visits pct,quantile,0.25,0.8447304144193205
houston,2026-03-07,2,2026-03-21,Flu ED visits pct,quantile,0.25,0.8854120977847995
indiana,2026-03-07,2,2026-03-21,Flu ED visits pct,quantile,0.25,1.3044808219387096
indianapolis,2026-03-07,2,2026-03-21,Flu ED visits pct,quantile,0.25,1.628553068653064
la-grange,2026-03-07,2,2026-03-21,Flu ED visits pct,quantile,0.25,0.5906603337343294
larimer,2026-03-07,2,2026-03-21,Flu ED visits pct,quantile,0.25,0.8630763279835589
lynn,2026-03-07,2,2026-03-21,Flu ED visits pct,quantile,0.25,0.8542541280568043
macon,2026-03-07,2,2026-03-21,Flu ED visits pct,quantile,0.25,0.42275455789205607
maine,2026-03-07,2,2026-03-21,Flu ED visits pct,quantile,0.25,0.6403731688379485
marietta,2026-03-07,2,2026-03-21,Flu ED visits pct,quantile,0.25,0.5996808586440715
maryland,2026-03-07,2,2026-03-21,Flu ED visits pct,quantile,0.25,1.0351302457704243
massachusetts,2026-03-07,2,2026-03-21,Flu ED visits pct,quantile,0.25,1.1310204928839158
medford,2026-03-07,2,2026-03-21,Flu ED visits pct,quantile,0.25,0.6035814226191498
mesa,2026-03-07,2,2026-03-21,Flu ED visits pct,quantile,0.25,0.6592461254512603
minneapolis,2026-03-07,2,2026-03-21,Flu ED visits pct,quantile,0.25,1.5338077802906764
minnesota,2026-03-07,2,2026-03-21,Flu ED visits pct,quantile,0.25,1.5297922976881722
montgomery,2026-03-07,2,2026-03-21,Flu ED visits pct,quantile,0.25,0.8717595726683617
nenc,2026-03-07,2,2026-03-21,Flu ED visits pct,quantile,0.25,0.8220824152935591
new-bedford,2026-03-07,2,2026-03-21,Flu ED visits pct,quantile,0.25,1.3550182383988703
north-carolina,2026-03-07,2,2026-03-21,Flu ED visits pct,quantile,0.25,1.0995979858408453
nyc,2026-03-07,2,2026-03-21,ILI ED visits pct,quantile,0.25,2.5478839156727955
ogden,2026-03-07,2,2026-03-21,Flu ED visits pct,quantile,0.25,0.8380544812043792
oregon,2026-03-07,2,2026-03-21,Flu ED visits pct,quantile,0.25,0.9882027545432763
pittsfield,2026-03-07,2,2026-03-21,Flu ED visits pct,quantile,0.25,0.42503297782019356
portland,2026-03-07,2,2026-03-21,Flu ED visits pct,quantile,0.25,0.48163590676517687
portland-or,2026-03-07,2,2026-03-21,Flu ED visits pct,quantile,0.25,1.099188982221614
provo,2026-03-07,2,2026-03-21,Flu ED visits pct,quantile,0.25,0.3892994384065601
roanoke,2026-03-07,2,2026-03-21,Flu ED visits pct,quantile,0.25,2.2248765716868575
rochester,2026-03-07,2,2026-03-21,Flu ED visits pct,quantile,0.25,1.2419667341137386
rock-hill,2026-03-07,2,2026-03-21,Flu ED visits pct,quantile,0.25,0.27907552682119535
rtp-area,2026-03-07,2,2026-03-21,Flu ED visits pct,quantile,0.25,0.802096848020171
salem,2026-03-07,2,2026-03-21,Flu ED visits pct,quantile,0.25,1.0664915155543133
salt-lake-city,2026-03-07,2,2026-03-21,Flu ED visits pct,quantile,0.25,0.8112650392146978
san-antonio,2026-03-07,2,2026-03-21,Flu ED visits pct,quantile,0.25,1.3381883936959829
savannah,2026-03-07,2,2026-03-21,Flu ED visits pct,quantile,0.25,0.246089183738807
senc,2026-03-07,2,2026-03-21,Flu ED visits pct,quantile,0.25,0.4617870887085408
south-augusta,2026-03-07,2,2026-03-21,Flu ED visits pct,quantile,0.25,0.7796121758685953
south-carolina,2026-03-07,2,2026-03-21,Flu ED visits pct,quantile,0.25,0.8705242146608527
springfield,2026-03-07,2,2026-03-21,Flu ED visits pct,quantile,0.25,1.04319470848848
st-cloud,2026-03-07,2,2026-03-21,Flu ED visits pct,quantile,0.25,0.8965420863273594
st-paul,2026-03-07,2,2026-03-21,Flu ED visits pct,quantile,0.25,1.8537546997744043
texas,2026-03-07,2,2026-03-21,Flu ED visits pct,quantile,0.25,0.9877926789875485
triad-area,2026-03-07,2,2026-03-21,Flu ED visits pct,quantile,0.25,0.7846134571009094
utah,2026-03-07,2,2026-03-21,Flu ED visits pct,quantile,0.25,0.7945725117595546
virginia,2026-03-07,2,2026-03-21,Flu ED visits pct,quantile,0.25,1.679405721968067
weld,2026-03-07,2,2026-03-21,Flu ED visits pct,quantile,0.25,1.7446197554433167
wnc,2026-03-07,2,2026-03-21,Flu ED visits pct,quantile,0.25,0.7557524655718867
worcester,2026-03-07,2,2026-03-21,Flu ED visits pct,quantile,0.25,0.9440891427666778
athens,2026-03-07,3,2026-03-28,Flu ED visits pct,quantile,0.25,1.0471568703183882
austin,2026-03-07,3,2026-03-28,Flu ED visits pct,quantile,0.25,0.7035614031032007
baltimore,2026-03-07,3,2026-03-28,Flu ED visits pct,quantile,0.25,0.7054752007964753
bangor,2026-03-07,3,2026-03-28,Flu ED visits pct,quantile,0.25,0.5862806880714421
beaumont,2026-03-07,3,2026-03-28,Flu ED visits pct,quantile,0.25,0.4384808339552885
boston,2026-03-07,3,2026-03-28,Flu ED visits pct,quantile,0.25,0.9655733370104478
boulder,2026-03-07,3,2026-03-28,Flu ED visits pct,quantile,0.25,1.0121767626265046
charleston,2026-03-07,3,2026-03-28,Flu ED visits pct,quantile,0.25,0.6466476611241451
cherokee,2026-03-07,3,2026-03-28,Flu ED visits pct,quantile,0.25,0.8000943287293557
clt-area,2026-03-07,3,2026-03-28,Flu ED visits pct,quantile,0.25,1.2475655950213327
colorado,2026-03-07,3,2026-03-28,Flu ED visits pct,quantile,0.25,1.0837546106280103
colorado-springs,2026-03-07,3,2026-03-28,Flu ED visits pct,quantile,0.25,0.6069518086886417
columbia,2026-03-07,3,2026-03-28,Flu ED visits pct,quantile,0.25,0.6249963957802767
columbus,2026-03-07,3,2026-03-28,Flu ED visits pct,quantile,0.25,0.6600962108823554
dallas,2026-03-07,3,2026-03-28,Flu ED visits pct,quantile,0.25,0.8167280495259215
denver,2026-03-07,3,2026-03-28,Flu ED visits pct,quantile,0.25,1.29689390622973
deschutes,2026-03-07,3,2026-03-28,Flu ED visits pct,quantile,0.25,0.7245673794323872
duluth,2026-03-07,3,2026-03-28,Flu ED visits pct,quantile,0.25,0.8752251999306705
el-paso,2026-03-07,3,2026-03-28,Flu ED visits pct,quantile,0.25,1.2216933139575714
eugene,2026-03-07,3,2026-03-28,Flu ED visits pct,quantile,0.25,0.7330397503600876
fay-area,2026-03-07,3,2026-03-28,Flu ED visits pct,quantile,0.25,1.0810209873497714
florence,2026-03-07,3,2026-03-28,Flu ED visits pct,quantile,0.25,0.41850749123690506
floyd,2026-03-07,3,2026-03-28,Flu ED visits pct,quantile,0.25,0.8678940157011796
frederick,2026-03-07,3,2026-03-28,Flu ED visits pct,quantile,0.25,1.1464919156449667
georgia,2026-03-07,3,2026-03-28,Flu ED visits pct,quantile,0.25,0.5603064114509956
greenville,2026-03-07,3,2026-03-28,Flu ED visits pct,quantile,0.25,0.9421593645184451
hall,2026-03-07,3,2026-03-28,Flu ED visits pct,quantile,0.25,0.7870816346099425
harford,2026-03-07,3,2026-03-28,Flu ED visits pct,quantile,0.25,0.5480131741458647
henry,2026-03-07,3,2026-03-28,Flu ED visits pct,quantile,0.25,0.7483274486439203
horry,2026-03-07,3,2026-03-28,Flu ED visits pct,quantile,0.25,0.7215686615174208
houston,2026-03-07,3,2026-03-28,Flu ED visits pct,quantile,0.25,0.8396618867632698
indiana,2026-03-07,3,2026-03-28,Flu ED visits pct,quantile,0.25,0.9971181454571996
indianapolis,2026-03-07,3,2026-03-28,Flu ED visits pct,quantile,0.25,1.2106776910605836
la-grange,2026-03-07,3,2026-03-28,Flu ED visits pct,quantile,0.25,0.44362435971643277
larimer,2026-03-07,3,2026-03-28,Flu ED visits pct,quantile,0.25,0.7357278885449583
lynn,2026-03-07,3,2026-03-28,Flu ED visits pct,quantile,0.25,0.7721499061160194
macon,2026-03-07,3,2026-03-28,Flu ED visits pct,quantile,0.25,0.334032549239931
maine,2026-03-07,3,2026-03-28,Flu ED visits pct,quantile,0.25,0.5249961466846719
marietta,2026-03-07,3,2026-03-28,Flu ED visits pct,quantile,0.25,0.48508118316092547
maryland,2026-03-07,3,2026-03-28,Flu ED visits pct,quantile,0.25,0.9988727077420332
massachusetts,2026-03-07,3,2026-03-28,Flu ED visits pct,quantile,0.25,1.0695473204155155
medford,2026-03-07,3,2026-03-28,Flu ED visits pct,quantile,0.25,0.43902604523510347
mesa,2026-03-07,3,2026-03-28,Flu ED visits pct,quantile,0.25,0.5713203354320702
minneapolis,2026-03-07,3,2026-03-28,Flu ED visits pct,quantile,0.25,1.3936430032473877
minnesota,2026-03-07,3,2026-03-28,Flu ED visits pct,quantile,0.25,1.400185850422616
montgomery,2026-03-07,3,2026-03-28,Flu ED visits pct,quantile,0.25,0.8431694166996777
nenc,2026-03-07,3,2026-03-28,Flu ED visits pct,quantile,0.25,0.5848227577610903
new-bedford,2026-03-07,3,2026-03-28,Flu ED visits pct,quantile,0.25,1.2260085326460572
north-carolina,2026-03-07,3,2026-03-28,Flu ED visits pct,quantile,0.25,0.7905112717321172
nyc,2026-03-07,3,2026-03-28,ILI ED visits pct,quantile,0.25,2.471566087762143
ogden,2026-03-07,3,2026-03-28,Flu ED visits pct,quantile,0.25,0.6591950900748845
oregon,2026-03-07,3,2026-03-28,Flu ED visits pct,quantile,0.25,0.7313765443912381
pittsfield,2026-03-07,3,2026-03-28,Flu ED visits pct,quantile,0.25,0.37974279712765535
portland,2026-03-07,3,2026-03-28,Flu ED visits pct,quantile,0.25,0.4155401855875427
portland-or,2026-03-07,3,2026-03-28,Flu ED visits pct,quantile,0.25,0.8118604686874321
provo,2026-03-07,3,2026-03-28,Flu ED visits pct,quantile,0.25,0.3256771491491087
roanoke,2026-03-07,3,2026-03-28,Flu ED visits pct,quantile,0.25,1.9356564680829982
rochester,2026-03-07,3,2026-03-28,Flu ED visits pct,quantile,0.25,0.9332127390185582
rock-hill,2026-03-07,3,2026-03-28,Flu ED visits pct,quantile,0.25,0.26387850650418626
rtp-area,2026-03-07,3,2026-03-28,Flu ED visits pct,quantile,0.25,0.5702092974816773
salem,2026-03-07,3,2026-03-28,Flu ED visits pct,quantile,0.25,0.8005313569106487
salt-lake-city,2026-03-07,3,2026-03-28,Flu ED visits pct,quantile,0.25,0.6441416798801096
san-antonio,2026-03-07,3,2026-03-28,Flu ED visits pct,quantile,0.25,1.0022908862202244
savannah,2026-03-07,3,2026-03-28,Flu ED visits pct,quantile,0.25,0.1775631838874239
senc,2026-03-07,3,2026-03-28,Flu ED visits pct,quantile,0.25,0.32939757249801216
south-augusta,2026-03-07,3,2026-03-28,Flu ED visits pct,quantile,0.25,0.5817150568844077
south-carolina,2026-03-07,3,2026-03-28,Flu ED visits pct,quantile,0.25,0.6983542050117323
springfield,2026-03-07,3,2026-03-28,Flu ED visits pct,quantile,0.25,0.9597975685246118
st-cloud,2026-03-07,3,2026-03-28,Flu ED visits pct,quantile,0.25,0.6722530255144552
st-paul,2026-03-07,3,2026-03-28,Flu ED visits pct,quantile,0.25,1.7750594068762924
texas,2026-03-07,3,2026-03-28,Flu ED visits pct,quantile,0.25,0.8223686452367909
triad-area,2026-03-07,3,2026-03-28,Flu ED visits pct,quantile,0.25,0.6029240348367775
utah,2026-03-07,3,2026-03-28,Flu ED visits pct,quantile,0.25,0.6332784761760215
virginia,2026-03-07,3,2026-03-28,Flu ED visits pct,quantile,0.25,1.5538475385643233
weld,2026-03-07,3,2026-03-28,Flu ED visits pct,quantile,0.25,1.6054039330807386
wnc,2026-03-07,3,2026-03-28,Flu ED visits pct,quantile,0.25,0.5481360402474025
worcester,2026-03-07,3,2026-03-28,Flu ED visits pct,quantile,0.25,0.8504805278454188
athens,2026-03-07,0,2026-03-07,Flu ED visits pct,quantile,0.5,2.073926302423949
austin,2026-03-07,0,2026-03-07,Flu ED visits pct,quantile,0.5,1.9289551263572473
baltimore,2026-03-07,0,2026-03-07,Flu ED visits pct,quantile,0.5,0.8512036960647859
bangor,2026-03-07,0,2026-03-07,Flu ED visits pct,quantile,0.5,1.5634360458097856
beaumont,2026-03-07,0,2026-03-07,Flu ED visits pct,quantile,0.5,1.2675365405453227
boston,2026-03-07,0,2026-03-07,Flu ED visits pct,quantile,0.5,1.1546619269209573
boulder,2026-03-07,0,2026-03-07,Flu ED visits pct,quantile,0.5,2.948764324422024
charleston,2026-03-07,0,2026-03-07,Flu ED visits pct,quantile,0.5,2.1829691171910848
cherokee,2026-03-07,0,2026-03-07,Flu ED visits pct,quantile,0.5,2.1472150748794263
clt-area,2026-03-07,0,2026-03-07,Flu ED visits pct,quantile,0.5,3.414581875355651
colorado,2026-03-07,0,2026-03-07,Flu ED visits pct,quantile,0.5,1.8634103836688893
colorado-springs,2026-03-07,0,2026-03-07,Flu ED visits pct,quantile,0.5,1.427982836670392
columbia,2026-03-07,0,2026-03-07,Flu ED visits pct,quantile,0.5,1.5552360010823292
columbus,2026-03-07,0,2026-03-07,Flu ED visits pct,quantile,0.5,2.2656367719807022
dallas,2026-03-07,0,2026-03-07,Flu ED visits pct,quantile,0.5,1.895360196482887
denver,2026-03-07,0,2026-03-07,Flu ED visits pct,quantile,0.5,1.9547781180908825
deschutes,2026-03-07,0,2026-03-07,Flu ED visits pct,quantile,0.5,2.2219138851614186
duluth,2026-03-07,0,2026-03-07,Flu ED visits pct,quantile,0.5,1.6293676962905053
el-paso,2026-03-07,0,2026-03-07,Flu ED visits pct,quantile,0.5,1.48260209280777
eugene,2026-03-07,0,2026-03-07,Flu ED visits pct,quantile,0.5,2.468455437059683
fay-area,2026-03-07,0,2026-03-07,Flu ED visits pct,quantile,0.5,3.259404899806283
florence,2026-03-07,0,2026-03-07,Flu ED visits pct,quantile,0.5,1.5873585884279824
floyd,2026-03-07,0,2026-03-07,Flu ED visits pct,quantile,0.5,2.2095300296723823
frederick,2026-03-07,0,2026-03-07,Flu ED visits pct,quantile,0.5,1.5570004634118615
georgia,2026-03-07,0,2026-03-07,Flu ED visits pct,quantile,0.5,1.434212521017118
greenville,2026-03-07,0,2026-03-07,Flu ED visits pct,quantile,0.5,2.0689579293376927
hall,2026-03-07,0,2026-03-07,Flu ED visits pct,quantile,0.5,1.487226481899933
harford,2026-03-07,0,2026-03-07,Flu ED visits pct,quantile,0.5,0.7631096793690197
henry,2026-03-07,0,2026-03-07,Flu ED visits pct,quantile,0.5,1.3705625196435378
horry,2026-03-07,0,2026-03-07,Flu ED visits pct,quantile,0.5,1.623953067135896
houston,2026-03-07,0,2026-03-07,Flu ED visits pct,quantile,0.5,0.9613759928231399
indiana,2026-03-07,0,2026-03-07,Flu ED visits pct,quantile,0.5,2.6735250102797434
indianapolis,2026-03-07,0,2026-03-07,Flu ED visits pct,quantile,0.5,3.404441151852044
la-grange,2026-03-07,0,2026-03-07,Flu ED visits pct,quantile,0.5,1.465232840761163
larimer,2026-03-07,0,2026-03-07,Flu ED visits pct,quantile,0.5,1.5705748018233425
lynn,2026-03-07,0,2026-03-07,Flu ED visits pct,quantile,0.5,1.1827698275529963
macon,2026-03-07,0,2026-03-07,Flu ED visits pct,quantile,0.5,1.0265681704091525
maine,2026-03-07,0,2026-03-07,Flu ED visits pct,quantile,0.5,1.1467190080556071
marietta,2026-03-07,0,2026-03-07,Flu ED visits pct,quantile,0.5,1.3594134553630586
maryland,2026-03-07,0,2026-03-07,Flu ED visits pct,quantile,0.5,1.115174448180936
massachusetts,2026-03-07,0,2026-03-07,Flu ED visits pct,quantile,0.5,1.343214570309348
medford,2026-03-07,0,2026-03-07,Flu ED visits pct,quantile,0.5,1.824246502206584
mesa,2026-03-07,0,2026-03-07,Flu ED visits pct,quantile,0.5,1.2133341835726081
minneapolis,2026-03-07,0,2026-03-07,Flu ED visits pct,quantile,0.5,1.8770578731253373
minnesota,2026-03-07,0,2026-03-07,Flu ED visits pct,quantile,0.5,2.1778970782810436
montgomery,2026-03-07,0,2026-03-07,Flu ED visits pct,quantile,0.5,0.9852362259902002
nenc,2026-03-07,0,2026-03-07,Flu ED visits pct,quantile,0.5,1.7580685598749792
new-bedford,2026-03-07,0,2026-03-07,Flu ED visits pct,quantile,0.5,1.7871367888851197
north-carolina,2026-03-07,0,2026-03-07,Flu ED visits pct,quantile,0.5,2.276786233617267
nyc,2026-03-07,0,2026-03-07,ILI ED visits pct,quantile,0.5,2.6524964640576036
ogden,2026-03-07,0,2026-03-07,Flu ED visits pct,quantile,0.5,1.879953408723408
oregon,2026-03-07,0,2026-03-07,Flu ED visits pct,quantile,0.5,2.319226676660916
pittsfield,2026-03-07,0,2026-03-07,Flu ED visits pct,quantile,0.5,0.6853244427625876
portland,2026-03-07,0,2026-03-07,Flu ED visits pct,quantile,0.5,0.8619730190471186
portland-or,2026-03-07,0,2026-03-07,Flu ED visits pct,quantile,0.5,2.462670217430687
provo,2026-03-07,0,2026-03-07,Flu ED visits pct,quantile,0.5,0.8305701846887761
roanoke,2026-03-07,0,2026-03-07,Flu ED visits pct,quantile,0.5,3.3878083605450526
rochester,2026-03-07,0,2026-03-07,Flu ED visits pct,quantile,0.5,2.991393157907171
rock-hill,2026-03-07,0,2026-03-07,Flu ED visits pct,quantile,0.5,0.45272056231322666
rtp-area,2026-03-07,0,2026-03-07,Flu ED visits pct,quantile,0.5,1.8293175622717823
salem,2026-03-07,0,2026-03-07,Flu ED visits pct,quantile,0.5,2.6951313398231895
salt-lake-city,2026-03-07,0,2026-03-07,Flu ED visits pct,quantile,0.5,1.5774964596413716
san-antonio,2026-03-07,0,2026-03-07,Flu ED visits pct,quantile,0.5,3.1099995207400313
savannah,2026-03-07,0,2026-03-07,Flu ED visits pct,quantile,0.5,0.686049282458296
senc,2026-03-07,0,2026-03-07,Flu ED visits pct,quantile,0.5,1.109373333999593
south-augusta,2026-03-07,0,2026-03-07,Flu ED visits pct,quantile,0.5,1.8211505603665017
south-carolina,2026-03-07,0,2026-03-07,Flu ED visits pct,quantile,0.5,1.904412094757685
springfield,2026-03-07,0,2026-03-07,Flu ED visits pct,quantile,0.5,1.3076523066905832
st-cloud,2026-03-07,0,2026-03-07,Flu ED visits pct,quantile,0.5,2.271135526797344
st-paul,2026-03-07,0,2026-03-07,Flu ED visits pct,quantile,0.5,2.0440081271511237
texas,2026-03-07,0,2026-03-07,Flu ED visits pct,quantile,0.5,1.8384732541868722
triad-area,2026-03-07,0,2026-03-07,Flu ED visits pct,quantile,0.5,1.5047472190400857
utah,2026-03-07,0,2026-03-07,Flu ED visits pct,quantile,0.5,1.5363028719587908
virginia,2026-03-07,0,2026-03-07,Flu ED visits pct,quantile,0.5,2.1326537495836964
weld,2026-03-07,0,2026-03-07,Flu ED visits pct,quantile,0.5,2.176397168336579
wnc,2026-03-07,0,2026-03-07,Flu ED visits pct,quantile,0.5,1.6618236593214353
worcester,2026-03-07,0,2026-03-07,Flu ED visits pct,quantile,0.5,1.3121677445814002
athens,2026-03-07,1,2026-03-14,Flu ED visits pct,quantile,0.5,1.8433743301543435
austin,2026-03-07,1,2026-03-14,Flu ED visits pct,quantile,0.5,1.4821542257719003
baltimore,2026-03-07,1,2026-03-14,Flu ED visits pct,quantile,0.5,0.8983937899205916
bangor,2026-03-07,1,2026-03-14,Flu ED visits pct,quantile,0.5,1.2020305818177768
beaumont,2026-03-07,1,2026-03-14,Flu ED visits pct,quantile,0.5,0.9375907144444129
boston,2026-03-07,1,2026-03-14,Flu ED visits pct,quantile,0.5,1.1639859642703003
boulder,2026-03-07,1,2026-03-14,Flu ED visits pct,quantile,0.5,2.276210500370214
charleston,2026-03-07,1,2026-03-14,Flu ED visits pct,quantile,0.5,1.6495436101727834
cherokee,2026-03-07,1,2026-03-14,Flu ED visits pct,quantile,0.5,1.7828250791796287
clt-area,2026-03-07,1,2026-03-14,Flu ED visits pct,quantile,0.5,2.7951599442301647
colorado,2026-03-07,1,2026-03-14,Flu ED visits pct,quantile,0.5,1.691775297785043
colorado-springs,2026-03-07,1,2026-03-14,Flu ED visits pct,quantile,0.5,1.1492352572094702
columbia,2026-03-07,1,2026-03-14,Flu ED visits pct,quantile,0.5,1.2271095786973905
columbus,2026-03-07,1,2026-03-14,Flu ED visits pct,quantile,0.5,1.7061421131333543
dallas,2026-03-07,1,2026-03-14,Flu ED visits pct,quantile,0.5,1.4512755682620744
denver,2026-03-07,1,2026-03-14,Flu ED visits pct,quantile,0.5,1.8629539638472261
deschutes,2026-03-07,1,2026-03-14,Flu ED visits pct,quantile,0.5,1.6933969640844948
duluth,2026-03-07,1,2026-03-14,Flu ED visits pct,quantile,0.5,1.4431521921079649
el-paso,2026-03-07,1,2026-03-14,Flu ED visits pct,quantile,0.5,1.5947884714671248
eugene,2026-03-07,1,2026-03-14,Flu ED visits pct,quantile,0.5,1.858745054359615
fay-area,2026-03-07,1,2026-03-14,Flu ED visits pct,quantile,0.5,2.559462169541069
florence,2026-03-07,1,2026-03-14,Flu ED visits pct,quantile,0.5,1.1428554474461654
floyd,2026-03-07,1,2026-03-14,Flu ED visits pct,quantile,0.5,1.7786290387104746
frederick,2026-03-07,1,2026-03-14,Flu ED visits pct,quantile,0.5,1.559698745509859
georgia,2026-03-07,1,2026-03-14,Flu ED visits pct,quantile,0.5,1.108668579467418
greenville,2026-03-07,1,2026-03-14,Flu ED visits pct,quantile,0.5,1.7569247412378457
hall,2026-03-07,1,2026-03-14,Flu ED visits pct,quantile,0.5,1.3930827237121346
harford,2026-03-07,1,2026-03-14,Flu ED visits pct,quantile,0.5,0.7619713320447913
henry,2026-03-07,1,2026-03-14,Flu ED visits pct,quantile,0.5,1.263070828117499
horry,2026-03-07,1,2026-03-14,Flu ED visits pct,quantile,0.5,1.3325231459577629
houston,2026-03-07,1,2026-03-14,Flu ED visits pct,quantile,0.5,0.9346960788322001
indiana,2026-03-07,1,2026-03-14,Flu ED visits pct,quantile,0.5,2.171644326080714
indianapolis,2026-03-07,1,2026-03-14,Flu ED visits pct,quantile,0.5,2.6413434997264007
la-grange,2026-03-07,1,2026-03-14,Flu ED visits pct,quantile,0.5,1.1081050383538178
larimer,2026-03-07,1,2026-03-14,Flu ED visits pct,quantile,0.5,1.3294667417769617
lynn,2026-03-07,1,2026-03-14,Flu ED visits pct,quantile,0.5,1.0812591974517922
macon,2026-03-07,1,2026-03-14,Flu ED visits pct,quantile,0.5,0.7705829239536459
maine,2026-03-07,1,2026-03-14,Flu ED visits pct,quantile,0.5,0.9243556374395514
marietta,2026-03-07,1,2026-03-14,Flu ED visits pct,quantile,0.5,1.0880667502293309
maryland,2026-03-07,1,2026-03-14,Flu ED visits pct,quantile,0.5,1.1810551729186685
massachusetts,2026-03-07,1,2026-03-14,Flu ED visits pct,quantile,0.5,1.307899278023138
medford,2026-03-07,1,2026-03-14,Flu ED visits pct,quantile,0.5,1.279002225268844
mesa,2026-03-07,1,2026-03-14,Flu ED visits pct,quantile,0.5,1.0023657378807005
minneapolis,2026-03-07,1,2026-03-14,Flu ED visits pct,quantile,0.5,1.7924372042149128
minnesota,2026-03-07,1,2026-03-14,Flu ED visits pct,quantile,0.5,2.0067064605141645
montgomery,2026-03-07,1,2026-03-14,Flu ED visits pct,quantile,0.5,1.041542386934927
nenc,2026-03-07,1,2026-03-14,Flu ED visits pct,quantile,0.5,1.382614647193666
new-bedford,2026-03-07,1,2026-03-14,Flu ED visits pct,quantile,0.5,1.6671258457600326
north-carolina,2026-03-07,1,2026-03-14,Flu ED visits pct,quantile,0.5,1.804657909850342
nyc,2026-03-07,1,2026-03-14,ILI ED visits pct,quantile,0.5,2.6696974618070093
ogden,2026-03-07,1,2026-03-14,Flu ED visits pct,quantile,0.5,1.415357825614062
oregon,2026-03-07,1,2026-03-14,Flu ED visits pct,quantile,0.5,1.726506830413132
pittsfield,2026-03-07,1,2026-03-14,Flu ED visits pct,quantile,0.5,0.6328482934246594
portland,2026-03-07,1,2026-03-14,Flu ED visits pct,quantile,0.5,0.7014256790538711
portland-or,2026-03-07,1,2026-03-14,Flu ED visits pct,quantile,0.5,1.8896978071302668
provo,2026-03-07,1,2026-03-14,Flu ED visits pct,quantile,0.5,0.6521599180572433
roanoke,2026-03-07,1,2026-03-14,Flu ED visits pct,quantile,0.5,2.9690985549362074
rochester,2026-03-07,1,2026-03-14,Flu ED visits pct,quantile,0.5,2.197143987077033
rock-hill,2026-03-07,1,2026-03-14,Flu ED visits pct,quantile,0.5,0.4852857703427531
rtp-area,2026-03-07,1,2026-03-14,Flu ED visits pct,quantile,0.5,1.403155435193221
salem,2026-03-07,1,2026-03-14,Flu ED visits pct,quantile,0.5,1.9806105739807938
salt-lake-city,2026-03-07,1,2026-03-14,Flu ED visits pct,quantile,0.5,1.2082377339987802
san-antonio,2026-03-07,1,2026-03-14,Flu ED visits pct,quantile,0.5,2.298692732000153
savannah,2026-03-07,1,2026-03-14,Flu ED visits pct,quantile,0.5,0.48802609349767356
senc,2026-03-07,1,2026-03-14,Flu ED visits pct,quantile,0.5,0.8527511531269978
south-augusta,2026-03-07,1,2026-03-14,Flu ED visits pct,quantile,0.5,1.384346926965623
south-carolina,2026-03-07,1,2026-03-14,Flu ED visits pct,quantile,0.5,1.4400242445840656
springfield,2026-03-07,1,2026-03-14,Flu ED visits pct,quantile,0.5,1.2963923221112665
st-cloud,2026-03-07,1,2026-03-14,Flu ED visits pct,quantile,0.5,1.6743060511913779
st-paul,2026-03-07,1,2026-03-14,Flu ED visits pct,quantile,0.5,2.1203271641957064
texas,2026-03-07,1,2026-03-14,Flu ED visits pct,quantile,0.5,1.4677391784560834
triad-area,2026-03-07,1,2026-03-14,Flu ED visits pct,quantile,0.5,1.205612508623649
utah,2026-03-07,1,2026-03-14,Flu ED visits pct,quantile,0.5,1.1721376585722096
virginia,2026-03-07,1,2026-03-14,Flu ED visits pct,quantile,0.5,2.064790779647063
weld,2026-03-07,1,2026-03-14,Flu ED visits pct,quantile,0.5,2.1489567273472314
wnc,2026-03-07,1,2026-03-14,Flu ED visits pct,quantile,0.5,1.277835737318151
worcester,2026-03-07,1,2026-03-14,Flu ED visits pct,quantile,0.5,1.1942482438085298
athens,2026-03-07,2,2026-03-21,Flu ED visits pct,quantile,0.5,1.5317093129572594
austin,2026-03-07,2,2026-03-21,Flu ED visits pct,quantile,0.5,1.1143832816541048
baltimore,2026-03-07,2,2026-03-21,Flu ED visits pct,quantile,0.5,0.9371515896736586
bangor,2026-03-07,2,2026-03-21,Flu ED visits pct,quantile,0.5,0.9388271634725086
beaumont,2026-03-07,2,2026-03-21,Flu ED visits pct,quantile,0.5,0.6859524643045987
boston,2026-03-07,2,2026-03-21,Flu ED visits pct,quantile,0.5,1.1329117675377038
boulder,2026-03-07,2,2026-03-21,Flu ED visits pct,quantile,0.5,1.71741692852452
charleston,2026-03-07,2,2026-03-21,Flu ED visits pct,quantile,0.5,1.1819855260703562
cherokee,2026-03-07,2,2026-03-21,Flu ED visits pct,quantile,0.5,1.386395448820584
clt-area,2026-03-07,2,2026-03-21,Flu ED visits pct,quantile,0.5,2.144287116210252
colorado,2026-03-07,2,2026-03-21,Flu ED visits pct,quantile,0.5,1.433754395155553
colorado-springs,2026-03-07,2,2026-03-21,Flu ED visits pct,quantile,0.5,0.8642386303444347
columbia,2026-03-07,2,2026-03-21,Flu ED visits pct,quantile,0.5,0.9443151438911374
columbus,2026-03-07,2,2026-03-21,Flu ED visits pct,quantile,0.5,1.233698747881106
dallas,2026-03-07,2,2026-03-21,Flu ED visits pct,quantile,0.5,1.1077231505867617
denver,2026-03-07,2,2026-03-21,Flu ED visits pct,quantile,0.5,1.7040243036174882
deschutes,2026-03-07,2,2026-03-21,Flu ED visits pct,quantile,0.5,1.2800301346448544
duluth,2026-03-07,2,2026-03-21,Flu ED visits pct,quantile,0.5,1.271212182783448
el-paso,2026-03-07,2,2026-03-21,Flu ED visits pct,quantile,0.5,1.5744906996268544
eugene,2026-03-07,2,2026-03-21,Flu ED visits pct,quantile,0.5,1.3266560338852273
fay-area,2026-03-07,2,2026-03-21,Flu ED visits pct,quantile,0.5,1.9392405545248195
florence,2026-03-07,2,2026-03-21,Flu ED visits pct,quantile,0.5,0.8097928707341063
floyd,2026-03-07,2,2026-03-21,Flu ED visits pct,quantile,0.5,1.3953532569619522
frederick,2026-03-07,2,2026-03-21,Flu ED visits pct,quantile,0.5,1.5061356497162752
georgia,2026-03-07,2,2026-03-21,Flu ED visits pct,quantile,0.5,0.8829417255132421
greenville,2026-03-07,2,2026-03-21,Flu ED visits pct,quantile,0.5,1.376785887325603
hall,2026-03-07,2,2026-03-21,Flu ED visits pct,quantile,0.5,1.2451122931727958
harford,2026-03-07,2,2026-03-21,Flu ED visits pct,quantile,0.5,0.8059680700095813
henry,2026-03-07,2,2026-03-21,Flu ED visits pct,quantile,0.5,1.1333698034208253
horry,2026-03-07,2,2026-03-21,Flu ED visits pct,quantile,0.5,1.136048954574913
houston,2026-03-07,2,2026-03-21,Flu ED visits pct,quantile,0.5,0.920338125123781
indiana,2026-03-07,2,2026-03-21,Flu ED visits pct,quantile,0.5,1.6306497065698684
indianapolis,2026-03-07,2,2026-03-21,Flu ED visits pct,quantile,0.5,1.9810209556273162
la-grange,2026-03-07,2,2026-03-21,Flu ED visits pct,quantile,0.5,0.8380128495732004
larimer,2026-03-07,2,2026-03-21,Flu ED visits pct,quantile,0.5,1.0568781172340367
lynn,2026-03-07,2,2026-03-21,Flu ED visits pct,quantile,0.5,1.0261278554611588
macon,2026-03-07,2,2026-03-21,Flu ED visits pct,quantile,0.5,0.574661183674155
maine,2026-03-07,2,2026-03-21,Flu ED visits pct,quantile,0.5,0.7414326958656853
marietta,2026-03-07,2,2026-03-21,Flu ED visits pct,quantile,0.5,0.8323229331264791
maryland,2026-03-07,2,2026-03-21,Flu ED visits pct,quantile,0.5,1.228719475564551
massachusetts,2026-03-07,2,2026-03-21,Flu ED visits pct,quantile,0.5,1.3004369756095657
medford,2026-03-07,2,2026-03-21,Flu ED visits pct,quantile,0.5,0.8732398290821837
mesa,2026-03-07,2,2026-03-21,Flu ED visits pct,quantile,0.5,0.8364590068980502
minneapolis,2026-03-07,2,2026-03-21,Flu ED visits pct,quantile,0.5,1.682434964151437
minnesota,2026-03-07,2,2026-03-21,Flu ED visits pct,quantile,0.5,1.851674308777426
montgomery,2026-03-07,2,2026-03-21,Flu ED visits pct,quantile,0.5,1.105623264322781
nenc,2026-03-07,2,2026-03-21,Flu ED visits pct,quantile,0.5,1.0262926647293447
new-bedford,2026-03-07,2,2026-03-21,Flu ED visits pct,quantile,0.5,1.5669160539972824
north-carolina,2026-03-07,2,2026-03-21,Flu ED visits pct,quantile,0.5,1.384768060606943
nyc,2026-03-07,2,2026-03-21,ILI ED visits pct,quantile,0.5,2.6956629608406124
ogden,2026-03-07,2,2026-03-21,Flu ED visits pct,quantile,0.5,1.0512978845360694
oregon,2026-03-07,2,2026-03-21,Flu ED visits pct,quantile,0.5,1.2602247100213502
pittsfield,2026-03-07,2,2026-03-21,Flu ED visits pct,quantile,0.5,0.6158374716088512
portland,2026-03-07,2,2026-03-21,Flu ED visits pct,quantile,0.5,0.5822215523705734
portland-or,2026-03-07,2,2026-03-21,Flu ED visits pct,quantile,0.5,1.3804624609449385
provo,2026-03-07,2,2026-03-21,Flu ED visits pct,quantile,0.5,0.5101817757264385
roanoke,2026-03-07,2,2026-03-21,Flu ED visits pct,quantile,0.5,2.531719560867634
rochester,2026-03-07,2,2026-03-21,Flu ED visits pct,quantile,0.5,1.6044075046461652
rock-hill,2026-03-07,2,2026-03-21,Flu ED visits pct,quantile,0.5,0.5174018881952744
rtp-area,2026-03-07,2,2026-03-21,Flu ED visits pct,quantile,0.5,1.0577050951821838
salem,2026-03-07,2,2026-03-21,Flu ED visits pct,quantile,0.5,1.4084776840110054
salt-lake-city,2026-03-07,2,2026-03-21,Flu ED visits pct,quantile,0.5,0.9164149748397014
san-antonio,2026-03-07,2,2026-03-21,Flu ED visits pct,quantile,0.5,1.6881459246469928
savannah,2026-03-07,2,2026-03-21,Flu ED visits pct,quantile,0.5,0.33882925667230973
senc,2026-03-07,2,2026-03-21,Flu ED visits pct,quantile,0.5,0.6305150013301583
south-augusta,2026-03-07,2,2026-03-21,Flu ED visits pct,quantile,0.5,1.022091023940523
south-carolina,2026-03-07,2,2026-03-21,Flu ED visits pct,quantile,0.5,1.0835767921683395
springfield,2026-03-07,2,2026-03-21,Flu ED visits pct,quantile,0.5,1.3084678962729328
st-cloud,2026-03-07,2,2026-03-21,Flu ED visits pct,quantile,0.5,1.226407103919199
st-paul,2026-03-07,2,2026-03-21,Flu ED visits pct,quantile,0.5,2.176723034046075
texas,2026-03-07,2,2026-03-21,Flu ED visits pct,quantile,0.5,1.1807806566936245
triad-area,2026-03-07,2,2026-03-21,Flu ED visits pct,quantile,0.5,0.9217584244825413
utah,2026-03-07,2,2026-03-21,Flu ED visits pct,quantile,0.5,0.879973804216522
virginia,2026-03-07,2,2026-03-21,Flu ED visits pct,quantile,0.5,1.9899660746892858
weld,2026-03-07,2,2026-03-21,Flu ED visits pct,quantile,0.5,2.065815895602481
wnc,2026-03-07,2,2026-03-21,Flu ED visits pct,quantile,0.5,0.9633365129886745
worcester,2026-03-07,2,2026-03-21,Flu ED visits pct,quantile,0.5,1.112935406299943
athens,2026-03-07,3,2026-03-28,Flu ED visits pct,quantile,0.5,1.387027190997117
austin,2026-03-07,3,2026-03-28,Flu ED visits pct,quantile,0.5,0.9128321048490889
baltimore,2026-03-07,3,2026-03-28,Flu ED visits pct,quantile,0.5,0.9066571286203489
bangor,2026-03-07,3,2026-03-28,Flu ED visits pct,quantile,0.5,0.8055309290076534
beaumont,2026-03-07,3,2026-03-28,Flu ED visits pct,quantile,0.5,0.5780219860613004
boston,2026-03-07,3,2026-03-28,Flu ED visits pct,quantile,0.5,1.0350755231412263
boulder,2026-03-07,3,2026-03-28,Flu ED visits pct,quantile,0.5,1.3873306610159943
charleston,2026-03-07,3,2026-03-28,Flu ED visits pct,quantile,0.5,0.933230766184364
cherokee,2026-03-07,3,2026-03-28,Flu ED visits pct,quantile,0.5,1.1850960635309433
clt-area,2026-03-07,3,2026-03-28,Flu ED visits pct,quantile,0.5,1.77859095633952
colorado,2026-03-07,3,2026-03-28,Flu ED visits pct,quantile,0.5,1.250717249493984
colorado-springs,2026-03-07,3,2026-03-28,Flu ED visits pct,quantile,0.5,0.729055539058666
columbia,2026-03-07,3,2026-03-28,Flu ED visits pct,quantile,0.5,0.8191622882901226
columbus,2026-03-07,3,2026-03-28,Flu ED visits pct,quantile,0.5,0.9591210606785928
dallas,2026-03-07,3,2026-03-28,Flu ED visits pct,quantile,0.5,0.9394333779713345
denver,2026-03-07,3,2026-03-28,Flu ED visits pct,quantile,0.5,1.5208337197998407
deschutes,2026-03-07,3,2026-03-28,Flu ED visits pct,quantile,0.5,1.0376161285542385
duluth,2026-03-07,3,2026-03-28,Flu ED visits pct,quantile,0.5,1.1086265228492396
el-paso,2026-03-07,3,2026-03-28,Flu ED visits pct,quantile,0.5,1.523705856936072
eugene,2026-03-07,3,2026-03-28,Flu ED visits pct,quantile,0.5,1.050865090479614
fay-area,2026-03-07,3,2026-03-28,Flu ED visits pct,quantile,0.5,1.5475329062004168
florence,2026-03-07,3,2026-03-28,Flu ED visits pct,quantile,0.5,0.6566598553284518
floyd,2026-03-07,3,2026-03-28,Flu ED visits pct,quantile,0.5,1.1856891644391792
frederick,2026-03-07,3,2026-03-28,Flu ED visits pct,quantile,0.5,1.4189286155820604
georgia,2026-03-07,3,2026-03-28,Flu ED visits pct,quantile,0.5,0.731675571482727
greenville,2026-03-07,3,2026-03-28,Flu ED visits pct,quantile,0.5,1.1212684853256991
hall,2026-03-07,3,2026-03-28,Flu ED visits pct,quantile,0.5,1.094301267929908
harford,2026-03-07,3,2026-03-28,Flu ED visits pct,quantile,0.5,0.7592777607117209
henry,2026-03-07,3,2026-03-28,Flu ED visits pct,quantile,0.5,1.0382008680450414
horry,2026-03-07,3,2026-03-28,Flu ED visits pct,quantile,0.5,0.9919343340053528
houston,2026-03-07,3,2026-03-28,Flu ED visits pct,quantile,0.5,0.882410830144147
indiana,2026-03-07,3,2026-03-28,Flu ED visits pct,quantile,0.5,1.351712286808343
indianapolis,2026-03-07,3,2026-03-28,Flu ED visits pct,quantile,0.5,1.6263305091924016
la-grange,2026-03-07,3,2026-03-28,Flu ED visits pct,quantile,0.5,0.6772871826652703
larimer,2026-03-07,3,2026-03-28,Flu ED visits pct,quantile,0.5,0.9254292026402051
lynn,2026-03-07,3,2026-03-28,Flu ED visits pct,quantile,0.5,0.9291264731637529
macon,2026-03-07,3,2026-03-28,Flu ED visits pct,quantile,0.5,0.46335247875661695
maine,2026-03-07,3,2026-03-28,Flu ED visits pct,quantile,0.5,0.6427832873974002
marietta,2026-03-07,3,2026-03-28,Flu ED visits pct,quantile,0.5,0.6767464698239337
maryland,2026-03-07,3,2026-03-28,Flu ED visits pct,quantile,0.5,1.1475565952226254
massachusetts,2026-03-07,3,2026-03-28,Flu ED visits pct,quantile,0.5,1.1423050665132688
medford,2026-03-07,3,2026-03-28,Flu ED visits pct,quantile,0.5,0.6599012941656328
mesa,2026-03-07,3,2026-03-28,Flu ED visits pct,quantile,0.5,0.7360625166523111
minneapolis,2026-03-07,3,2026-03-28,Flu ED visits pct,quantile,0.5,1.5050248694698771
minnesota,2026-03-07,3,2026-03-28,Flu ED visits pct,quantile,0.5,1.6235307474725953
montgomery,2026-03-07,3,2026-03-28,Flu ED visits pct,quantile,0.5,1.0757208932915567
nenc,2026-03-07,3,2026-03-28,Flu ED visits pct,quantile,0.5,0.8270052331490712
new-bedford,2026-03-07,3,2026-03-28,Flu ED visits pct,quantile,0.5,1.390012900736278
north-carolina,2026-03-07,3,2026-03-28,Flu ED visits pct,quantile,0.5,1.1406528835452359
nyc,2026-03-07,3,2026-03-28,ILI ED visits pct,quantile,0.5,2.666566262809186
ogden,2026-03-07,3,2026-03-28,Flu ED visits pct,quantile,0.5,0.8492628112830148
oregon,2026-03-07,3,2026-03-28,Flu ED visits pct,quantile,0.5,0.9761953700974049
pittsfield,2026-03-07,3,2026-03-28,Flu ED visits pct,quantile,0.5,0.5633982671852997
portland,2026-03-07,3,2026-03-28,Flu ED visits pct,quantile,0.5,0.5200634557025497
portland-or,2026-03-07,3,2026-03-28,Flu ED visits pct,quantile,0.5,1.0841213581953841
provo,2026-03-07,3,2026-03-28,Flu ED visits pct,quantile,0.5,0.4455639527668939
roanoke,2026-03-07,3,2026-03-28,Flu ED visits pct,quantile,0.5,2.252858628353074
rochester,2026-03-07,3,2026-03-28,Flu ED visits pct,quantile,0.5,1.254533685615756
rock-hill,2026-03-07,3,2026-03-28,Flu ED visits pct,quantile,0.5,0.4930726747442674
rtp-area,2026-03-07,3,2026-03-28,Flu ED visits pct,quantile,0.5,0.8438097533710256
salem,2026-03-07,3,2026-03-28,Flu ED visits pct,quantile,0.5,1.0864767806072944
salt-lake-city,2026-03-07,3,2026-03-28,Flu ED visits pct,quantile,0.5,0.7636282550668078
san-antonio,2026-03-07,3,2026-03-28,Flu ED visits pct,quantile,0.5,1.3320534623086175
savannah,2026-03-07,3,2026-03-28,Flu ED visits pct,quantile,0.5,0.2608869872471871
senc,2026-03-07,3,2026-03-28,Flu ED visits pct,quantile,0.5,0.5052459972815218
south-augusta,2026-03-07,3,2026-03-28,Flu ED visits pct,quantile,0.5,0.8028268260790101
south-carolina,2026-03-07,3,2026-03-28,Flu ED visits pct,quantile,0.5,0.8495252850323667
springfield,2026-03-07,3,2026-03-28,Flu ED visits pct,quantile,0.5,1.2064232443026393
st-cloud,2026-03-07,3,2026-03-28,Flu ED visits pct,quantile,0.5,0.979358701720804
st-paul,2026-03-07,3,2026-03-28,Flu ED visits pct,quantile,0.5,2.0654879138835045
texas,2026-03-07,3,2026-03-28,Flu ED visits pct,quantile,0.5,1.0130078670750757
triad-area,2026-03-07,3,2026-03-28,Flu ED visits pct,quantile,0.5,0.7747366420671816
utah,2026-03-07,3,2026-03-28,Flu ED visits pct,quantile,0.5,0.7487610922704078
virginia,2026-03-07,3,2026-03-28,Flu ED visits pct,quantile,0.5,1.791453651532963
weld,2026-03-07,3,2026-03-28,Flu ED visits pct,quantile,0.5,1.8753653914134882
wnc,2026-03-07,3,2026-03-28,Flu ED visits pct,quantile,0.5,0.8044820655140656
worcester,2026-03-07,3,2026-03-28,Flu ED visits pct,quantile,0.5,0.9976371316453572
athens,2026-03-07,0,2026-03-07,Flu ED visits pct,quantile,0.75,2.586528046816483
austin,2026-03-07,0,2026-03-07,Flu ED visits pct,quantile,0.75,2.087471073180157
baltimore,2026-03-07,0,2026-03-07,Flu ED visits pct,quantile,0.75,0.8533254782771678
bangor,2026-03-07,0,2026-03-07,Flu ED visits pct,quantile,0.75,1.9039048483530034
beaumont,2026-03-07,0,2026-03-07,Flu ED visits pct,quantile,0.75,1.495208182219352
boston,2026-03-07,0,2026-03-07,Flu ED visits pct,quantile,0.75,1.2394162847490882
boulder,2026-03-07,0,2026-03-07,Flu ED visits pct,quantile,0.75,3.403033972799888
charleston,2026-03-07,0,2026-03-07,Flu ED visits pct,quantile,0.75,2.3800634271890897
cherokee,2026-03-07,0,2026-03-07,Flu ED visits pct,quantile,0.75,2.4310194169371258
clt-area,2026-03-07,0,2026-03-07,Flu ED visits pct,quantile,0.75,3.637821144495337
colorado,2026-03-07,0,2026-03-07,Flu ED visits pct,quantile,0.75,1.9587270948618685
colorado-springs,2026-03-07,0,2026-03-07,Flu ED visits pct,quantile,0.75,1.6916867274587344
columbia,2026-03-07,0,2026-03-07,Flu ED visits pct,quantile,0.75,1.7777830099618712
columbus,2026-03-07,0,2026-03-07,Flu ED visits pct,quantile,0.75,2.59438404786341
dallas,2026-03-07,0,2026-03-07,Flu ED visits pct,quantile,0.75,2.09323004610875
denver,2026-03-07,0,2026-03-07,Flu ED visits pct,quantile,0.75,2.0404849929337923
deschutes,2026-03-07,0,2026-03-07,Flu ED visits pct,quantile,0.75,2.590633322987056
duluth,2026-03-07,0,2026-03-07,Flu ED visits pct,quantile,0.75,1.8853760493976397
el-paso,2026-03-07,0,2026-03-07,Flu ED visits pct,quantile,0.75,1.5685358516742223
eugene,2026-03-07,0,2026-03-07,Flu ED visits pct,quantile,0.75,2.764284017754325
fay-area,2026-03-07,0,2026-03-07,Flu ED visits pct,quantile,0.75,3.456601053209526
florence,2026-03-07,0,2026-03-07,Flu ED visits pct,quantile,0.75,1.9458995754970276
floyd,2026-03-07,0,2026-03-07,Flu ED visits pct,quantile,0.75,2.663198861826649
frederick,2026-03-07,0,2026-03-07,Flu ED visits pct,quantile,0.75,1.9628546358821553
georgia,2026-03-07,0,2026-03-07,Flu ED visits pct,quantile,0.75,1.5912828782655422
greenville,2026-03-07,0,2026-03-07,Flu ED visits pct,quantile,0.75,2.3442199710814036
hall,2026-03-07,0,2026-03-07,Flu ED visits pct,quantile,0.75,1.7148974492626343
harford,2026-03-07,0,2026-03-07,Flu ED visits pct,quantile,0.75,0.9173557419461944
henry,2026-03-07,0,2026-03-07,Flu ED visits pct,quantile,0.75,1.4979804555269491
horry,2026-03-07,0,2026-03-07,Flu ED visits pct,quantile,0.75,1.7603036281052038
houston,2026-03-07,0,2026-03-07,Flu ED visits pct,quantile,0.75,0.9812668885778826
indiana,2026-03-07,0,2026-03-07,Flu ED visits pct,quantile,0.75,3.0120401928764466
indianapolis,2026-03-07,0,2026-03-07,Flu ED visits pct,quantile,0.75,3.8037850060959526
la-grange,2026-03-07,0,2026-03-07,Flu ED visits pct,quantile,0.75,1.8260201974914898
larimer,2026-03-07,0,2026-03-07,Flu ED visits pct,quantile,0.75,1.8214686537191986
lynn,2026-03-07,0,2026-03-07,Flu ED visits pct,quantile,0.75,1.3902367840772112
macon,2026-03-07,0,2026-03-07,Flu ED visits pct,quantile,0.75,1.2065927504462681
maine,2026-03-07,0,2026-03-07,Flu ED visits pct,quantile,0.75,1.2658538179034748
marietta,2026-03-07,0,2026-03-07,Flu ED visits pct,quantile,0.75,1.544178973855534
maryland,2026-03-07,0,2026-03-07,Flu ED visits pct,quantile,0.75,1.152090115430601
massachusetts,2026-03-07,0,2026-03-07,Flu ED visits pct,quantile,0.75,1.4072280848811736
medford,2026-03-07,0,2026-03-07,Flu ED visits pct,quantile,0.75,2.223683492535859
mesa,2026-03-07,0,2026-03-07,Flu ED visits pct,quantile,0.75,1.4597376175568788
minneapolis,2026-03-07,0,2026-03-07,Flu ED visits pct,quantile,0.75,2.0661716180102374
minnesota,2026-03-07,0,2026-03-07,Flu ED visits pct,quantile,0.75,2.254585423424511
montgomery,2026-03-07,0,2026-03-07,Flu ED visits pct,quantile,0.75,1.0251102074255871
nenc,2026-03-07,0,2026-03-07,Flu ED visits pct,quantile,0.75,1.8851119248161217
new-bedford,2026-03-07,0,2026-03-07,Flu ED visits pct,quantile,0.75,2.0438120023744286
north-carolina,2026-03-07,0,2026-03-07,Flu ED visits pct,quantile,0.75,2.3954336203548605
nyc,2026-03-07,0,2026-03-07,ILI ED visits pct,quantile,0.75,2.701912925730237
ogden,2026-03-07,0,2026-03-07,Flu ED visits pct,quantile,0.75,2.0747355125914413
oregon,2026-03-07,0,2026-03-07,Flu ED visits pct,quantile,0.75,2.5116978099420213
pittsfield,2026-03-07,0,2026-03-07,Flu ED visits pct,quantile,0.75,0.89824906064914
portland,2026-03-07,0,2026-03-07,Flu ED visits pct,quantile,0.75,1.0526524831291304
portland-or,2026-03-07,0,2026-03-07,Flu ED visits pct,quantile,0.75,2.7295274062037325
provo,2026-03-07,0,2026-03-07,Flu ED visits pct,quantile,0.75,0.9260714660960249
roanoke,2026-03-07,0,2026-03-07,Flu ED visits pct,quantile,0.75,3.759334588347152
rochester,2026-03-07,0,2026-03-07,Flu ED visits pct,quantile,0.75,3.4717312840743153
rock-hill,2026-03-07,0,2026-03-07,Flu ED visits pct,quantile,0.75,0.5882202328972101
rtp-area,2026-03-07,0,2026-03-07,Flu ED visits pct,quantile,0.75,1.96664023510946
salem,2026-03-07,0,2026-03-07,Flu ED visits pct,quantile,0.75,3.107826236908018
salt-lake-city,2026-03-07,0,2026-03-07,Flu ED visits pct,quantile,0.75,1.719838070887436
san-antonio,2026-03-07,0,2026-03-07,Flu ED visits pct,quantile,0.75,3.496749161915228
savannah,2026-03-07,0,2026-03-07,Flu ED visits pct,quantile,0.75,0.7874296048439815
senc,2026-03-07,0,2026-03-07,Flu ED visits pct,quantile,0.75,1.2125586517175464
south-augusta,2026-03-07,0,2026-03-07,Flu ED visits pct,quantile,0.75,2.0599406963910583
south-carolina,2026-03-07,0,2026-03-07,Flu ED visits pct,quantile,0.75,2.0741296114938117
springfield,2026-03-07,0,2026-03-07,Flu ED visits pct,quantile,0.75,1.5066951865123623
st-cloud,2026-03-07,0,2026-03-07,Flu ED visits pct,quantile,0.75,2.7214585784688103
st-paul,2026-03-07,0,2026-03-07,Flu ED visits pct,quantile,0.75,2.346577930515313
texas,2026-03-07,0,2026-03-07,Flu ED visits pct,quantile,0.75,2.137951018847645
triad-area,2026-03-07,0,2026-03-07,Flu ED visits pct,quantile,0.75,1.6090046050357907
utah,2026-03-07,0,2026-03-07,Flu ED visits pct,quantile,0.75,1.6640470724128826
virginia,2026-03-07,0,2026-03-07,Flu ED visits pct,quantile,0.75,2.2251498217560877
weld,2026-03-07,0,2026-03-07,Flu ED visits pct,quantile,0.75,2.7027363475701214
wnc,2026-03-07,0,2026-03-07,Flu ED visits pct,quantile,0.75,1.785991969369676
worcester,2026-03-07,0,2026-03-07,Flu ED visits pct,quantile,0.75,1.4931064139451153
athens,2026-03-07,1,2026-03-14,Flu ED visits pct,quantile,0.75,2.4568023034893502
austin,2026-03-07,1,2026-03-14,Flu ED visits pct,quantile,0.75,1.7086704359271983
baltimore,2026-03-07,1,2026-03-14,Flu ED visits pct,quantile,0.75,0.9346992571159148
bangor,2026-03-07,1,2026-03-14,Flu ED visits pct,quantile,0.75,1.6587488653300582
beaumont,2026-03-07,1,2026-03-14,Flu ED visits pct,quantile,0.75,1.2510520095838078
boston,2026-03-07,1,2026-03-14,Flu ED visits pct,quantile,0.75,1.211826272358616
boulder,2026-03-07,1,2026-03-14,Flu ED visits pct,quantile,0.75,2.8848012628760085
charleston,2026-03-07,1,2026-03-14,Flu ED visits pct,quantile,0.75,1.9182806877242176
cherokee,2026-03-07,1,2026-03-14,Flu ED visits pct,quantile,0.75,2.1687003118536214
clt-area,2026-03-07,1,2026-03-14,Flu ED visits pct,quantile,0.75,3.2101545512249783
colorado,2026-03-07,1,2026-03-14,Flu ED visits pct,quantile,0.75,1.823496365228007
colorado-springs,2026-03-07,1,2026-03-14,Flu ED visits pct,quantile,0.75,1.4852245105109179
columbia,2026-03-07,1,2026-03-14,Flu ED visits pct,quantile,0.75,1.5631492111414422
columbus,2026-03-07,1,2026-03-14,Flu ED visits pct,quantile,0.75,2.1220273461635326
dallas,2026-03-07,1,2026-03-14,Flu ED visits pct,quantile,0.75,1.7705346734010714
denver,2026-03-07,1,2026-03-14,Flu ED visits pct,quantile,0.75,1.930062227891579
deschutes,2026-03-07,1,2026-03-14,Flu ED visits pct,quantile,0.75,2.1531709358076285
duluth,2026-03-07,1,2026-03-14,Flu ED visits pct,quantile,0.75,1.6958476292380769
el-paso,2026-03-07,1,2026-03-14,Flu ED visits pct,quantile,0.75,1.622216234263419
eugene,2026-03-07,1,2026-03-14,Flu ED visits pct,quantile,0.75,2.2348132067736715
fay-area,2026-03-07,1,2026-03-14,Flu ED visits pct,quantile,0.75,2.912024022484377
florence,2026-03-07,1,2026-03-14,Flu ED visits pct,quantile,0.75,1.5749643054534757
floyd,2026-03-07,1,2026-03-14,Flu ED visits pct,quantile,0.75,2.3713431783308287
frederick,2026-03-07,1,2026-03-14,Flu ED visits pct,quantile,0.75,1.9228031369226692
georgia,2026-03-07,1,2026-03-14,Flu ED visits pct,quantile,0.75,1.3671626163669135
greenville,2026-03-07,1,2026-03-14,Flu ED visits pct,quantile,0.75,2.1010888669310672
hall,2026-03-07,1,2026-03-14,Flu ED visits pct,quantile,0.75,1.5968772329681922
harford,2026-03-07,1,2026-03-14,Flu ED visits pct,quantile,0.75,0.8987584598049815
henry,2026-03-07,1,2026-03-14,Flu ED visits pct,quantile,0.75,1.4366058730256268
horry,2026-03-07,1,2026-03-14,Flu ED visits pct,quantile,0.75,1.5461327482320772
houston,2026-03-07,1,2026-03-14,Flu ED visits pct,quantile,0.75,0.9393093019685681
indiana,2026-03-07,1,2026-03-14,Flu ED visits pct,quantile,0.75,2.6901223937709338
indianapolis,2026-03-07,1,2026-03-14,Flu ED visits pct,quantile,0.75,3.202413560148588
la-grange,2026-03-07,1,2026-03-14,Flu ED visits pct,quantile,0.75,1.545030080721167
larimer,2026-03-07,1,2026-03-14,Flu ED visits pct,quantile,0.75,1.61910254158369
lynn,2026-03-07,1,2026-03-14,Flu ED visits pct,quantile,0.75,1.345114295743794
macon,2026-03-07,1,2026-03-14,Flu ED visits pct,quantile,0.75,1.0057908902170056
maine,2026-03-07,1,2026-03-14,Flu ED visits pct,quantile,0.75,1.1188523561681472
marietta,2026-03-07,1,2026-03-14,Flu ED visits pct,quantile,0.75,1.3854400372305198
maryland,2026-03-07,1,2026-03-14,Flu ED visits pct,quantile,0.75,1.2113140696694862
massachusetts,2026-03-07,1,2026-03-14,Flu ED visits pct,quantile,0.75,1.4220487987292292
medford,2026-03-07,1,2026-03-14,Flu ED visits pct,quantile,0.75,1.7224807534667284
mesa,2026-03-07,1,2026-03-14,Flu ED visits pct,quantile,0.75,1.2880828748506064
minneapolis,2026-03-07,1,2026-03-14,Flu ED visits pct,quantile,0.75,1.9602561081513894
minnesota,2026-03-07,1,2026-03-14,Flu ED visits pct,quantile,0.75,2.186582046264222
montgomery,2026-03-07,1,2026-03-14,Flu ED visits pct,quantile,0.75,1.0732975209204931
nenc,2026-03-07,1,2026-03-14,Flu ED visits pct,quantile,0.75,1.5843964535233306
new-bedford,2026-03-07,1,2026-03-14,Flu ED visits pct,quantile,0.75,1.9243345720614355
north-carolina,2026-03-07,1,2026-03-14,Flu ED visits pct,quantile,0.75,2.026656742615181
nyc,2026-03-07,1,2026-03-14,ILI ED visits pct,quantile,0.75,2.7286333161302334
ogden,2026-03-07,1,2026-03-14,Flu ED visits pct,quantile,0.75,1.7396149451816034
oregon,2026-03-07,1,2026-03-14,Flu ED visits pct,quantile,0.75,2.053893108221267
pittsfield,2026-03-07,1,2026-03-14,Flu ED visits pct,quantile,0.75,0.8784444993697227
portland,2026-03-07,1,2026-03-14,Flu ED visits pct,quantile,0.75,0.9461872574172657
portland-or,2026-03-07,1,2026-03-14,Flu ED visits pct,quantile,0.75,2.2189708026306567
provo,2026-03-07,1,2026-03-14,Flu ED visits pct,quantile,0.75,0.8131263283057901
roanoke,2026-03-07,1,2026-03-14,Flu ED visits pct,quantile,0.75,3.402744408256836
rochester,2026-03-07,1,2026-03-14,Flu ED visits pct,quantile,0.75,2.7915121416367197
rock-hill,2026-03-07,1,2026-03-14,Flu ED visits pct,quantile,0.75,0.6100579400299424
rtp-area,2026-03-07,1,2026-03-14,Flu ED visits pct,quantile,0.75,1.6360085831947935
salem,2026-03-07,1,2026-03-14,Flu ED visits pct,quantile,0.75,2.5004336807659198
salt-lake-city,2026-03-07,1,2026-03-14,Flu ED visits pct,quantile,0.75,1.4452439532105044
san-antonio,2026-03-07,1,2026-03-14,Flu ED visits pct,quantile,0.75,2.825519951102206
savannah,2026-03-07,1,2026-03-14,Flu ED visits pct,quantile,0.75,0.6026002125153036
senc,2026-03-07,1,2026-03-14,Flu ED visits pct,quantile,0.75,1.0198677737739972
south-augusta,2026-03-07,1,2026-03-14,Flu ED visits pct,quantile,0.75,1.6881152765000174
south-carolina,2026-03-07,1,2026-03-14,Flu ED visits pct,quantile,0.75,1.76301140711406
springfield,2026-03-07,1,2026-03-14,Flu ED visits pct,quantile,0.75,1.4516010811999607
st-cloud,2026-03-07,1,2026-03-14,Flu ED visits pct,quantile,0.75,2.3169484552611284
st-paul,2026-03-07,1,2026-03-14,Flu ED visits pct,quantile,0.75,2.32985954925351
texas,2026-03-07,1,2026-03-14,Flu ED visits pct,quantile,0.75,1.8436758675300267
triad-area,2026-03-07,1,2026-03-14,Flu ED visits pct,quantile,0.75,1.3666291373749726
utah,2026-03-07,1,2026-03-14,Flu ED visits pct,quantile,0.75,1.4006085340426064
virginia,2026-03-07,1,2026-03-14,Flu ED visits pct,quantile,0.75,2.143701336406827
weld,2026-03-07,1,2026-03-14,Flu ED visits pct,quantile,0.75,2.6370069296801577
wnc,2026-03-07,1,2026-03-14,Flu ED visits pct,quantile,0.75,1.498234252972608
worcester,2026-03-07,1,2026-03-14,Flu ED visits pct,quantile,0.75,1.4350151994381493
athens,2026-03-07,2,2026-03-21,Flu ED visits pct,quantile,0.75,2.1687884196361784
austin,2026-03-07,2,2026-03-21,Flu ED visits pct,quantile,0.75,1.426453428721706
baltimore,2026-03-07,2,2026-03-21,Flu ED visits pct,quantile,0.75,1.018595032016884
bangor,2026-03-07,2,2026-03-21,Flu ED visits pct,quantile,0.75,1.4352045366834758
beaumont,2026-03-07,2,2026-03-21,Flu ED visits pct,quantile,0.75,1.0292889403923098
boston,2026-03-07,2,2026-03-21,Flu ED visits pct,quantile,0.75,1.1443655188411495
boulder,2026-03-07,2,2026-03-21,Flu ED visits pct,quantile,0.75,2.451934588252621
charleston,2026-03-07,2,2026-03-21,Flu ED visits pct,quantile,0.75,1.5503439645134593
cherokee,2026-03-07,2,2026-03-21,Flu ED visits pct,quantile,0.75,1.8680870271020242
clt-area,2026-03-07,2,2026-03-21,Flu ED visits pct,quantile,0.75,2.7061070372268805
colorado,2026-03-07,2,2026-03-21,Flu ED visits pct,quantile,0.75,1.701913782914784
colorado-springs,2026-03-07,2,2026-03-21,Flu ED visits pct,quantile,0.75,1.2898392880556897
columbia,2026-03-07,2,2026-03-21,Flu ED visits pct,quantile,0.75,1.3115555842233513
columbus,2026-03-07,2,2026-03-21,Flu ED visits pct,quantile,0.75,1.7031481332411402
dallas,2026-03-07,2,2026-03-21,Flu ED visits pct,quantile,0.75,1.4958646031254705
denver,2026-03-07,2,2026-03-21,Flu ED visits pct,quantile,0.75,1.8232124084149317
deschutes,2026-03-07,2,2026-03-21,Flu ED visits pct,quantile,0.75,1.7782783254901384
duluth,2026-03-07,2,2026-03-21,Flu ED visits pct,quantile,0.75,1.5725378915107253
el-paso,2026-03-07,2,2026-03-21,Flu ED visits pct,quantile,0.75,1.6770498552879691
eugene,2026-03-07,2,2026-03-21,Flu ED visits pct,quantile,0.75,1.769520076947007
fay-area,2026-03-07,2,2026-03-21,Flu ED visits pct,quantile,0.75,2.411380911698493
florence,2026-03-07,2,2026-03-21,Flu ED visits pct,quantile,0.75,1.283574771363667
floyd,2026-03-07,2,2026-03-21,Flu ED visits pct,quantile,0.75,2.0492806463346342
frederick,2026-03-07,2,2026-03-21,Flu ED visits pct,quantile,0.75,1.9016339611746935
georgia,2026-03-07,2,2026-03-21,Flu ED visits pct,quantile,0.75,1.219221600020581
greenville,2026-03-07,2,2026-03-21,Flu ED visits pct,quantile,0.75,1.7963394766547278
hall,2026-03-07,2,2026-03-21,Flu ED visits pct,quantile,0.75,1.5008731619237803
harford,2026-03-07,2,2026-03-21,Flu ED visits pct,quantile,0.75,0.8862962487213055
henry,2026-03-07,2,2026-03-21,Flu ED visits pct,quantile,0.75,1.2846447883823433
horry,2026-03-07,2,2026-03-21,Flu ED visits pct,quantile,0.75,1.3593359370731202
houston,2026-03-07,2,2026-03-21,Flu ED visits pct,quantile,0.75,0.9850918446700653
indiana,2026-03-07,2,2026-03-21,Flu ED visits pct,quantile,0.75,2.422245272927651
indianapolis,2026-03-07,2,2026-03-21,Flu ED visits pct,quantile,0.75,2.728601677326445
la-grange,2026-03-07,2,2026-03-21,Flu ED visits pct,quantile,0.75,1.2967230557202851
larimer,2026-03-07,2,2026-03-21,Flu ED visits pct,quantile,0.75,1.4375883845402317
lynn,2026-03-07,2,2026-03-21,Flu ED visits pct,quantile,0.75,1.2291098081760972
macon,2026-03-07,2,2026-03-21,Flu ED visits pct,quantile,0.75,0.8343765850754836
maine,2026-03-07,2,2026-03-21,Flu ED visits pct,quantile,0.75,0.9701538595454884
marietta,2026-03-07,2,2026-03-21,Flu ED visits pct,quantile,0.75,1.1876153284226119
maryland,2026-03-07,2,2026-03-21,Flu ED visits pct,quantile,0.75,1.288356618694036
massachusetts,2026-03-07,2,2026-03-21,Flu ED visits pct,quantile,0.75,1.3062721847333172
medford,2026-03-07,2,2026-03-21,Flu ED visits pct,quantile,0.75,1.3208586165467577
mesa,2026-03-07,2,2026-03-21,Flu ED visits pct,quantile,0.75,1.1196112452592355
minneapolis,2026-03-07,2,2026-03-21,Flu ED visits pct,quantile,0.75,1.8245285527279989
minnesota,2026-03-07,2,2026-03-21,Flu ED visits pct,quantile,0.75,2.066498519391576
montgomery,2026-03-07,2,2026-03-21,Flu ED visits pct,quantile,0.75,1.1328376990954079
nenc,2026-03-07,2,2026-03-21,Flu ED visits pct,quantile,0.75,1.3240452788320558
new-bedford,2026-03-07,2,2026-03-21,Flu ED visits pct,quantile,0.75,1.778498482368161
north-carolina,2026-03-07,2,2026-03-21,Flu ED visits pct,quantile,0.75,1.6948870266961995
nyc,2026-03-07,2,2026-03-21,ILI ED visits pct,quantile,0.75,2.724028689731604
ogden,2026-03-07,2,2026-03-21,Flu ED visits pct,quantile,0.75,1.4545890267228834
oregon,2026-03-07,2,2026-03-21,Flu ED visits pct,quantile,0.75,1.6720089179237958
pittsfield,2026-03-07,2,2026-03-21,Flu ED visits pct,quantile,0.75,0.8090351169202893
portland,2026-03-07,2,2026-03-21,Flu ED visits pct,quantile,0.75,0.8166288774056519
portland-or,2026-03-07,2,2026-03-21,Flu ED visits pct,quantile,0.75,1.8019439469593348
provo,2026-03-07,2,2026-03-21,Flu ED visits pct,quantile,0.75,0.705271289005613
roanoke,2026-03-07,2,2026-03-21,Flu ED visits pct,quantile,0.75,3.060077541412637
rochester,2026-03-07,2,2026-03-21,Flu ED visits pct,quantile,0.75,2.2387622615214346
rock-hill,2026-03-07,2,2026-03-21,Flu ED visits pct,quantile,0.75,0.6057341800724645
rtp-area,2026-03-07,2,2026-03-21,Flu ED visits pct,quantile,0.75,1.3257753991459484
salem,2026-03-07,2,2026-03-21,Flu ED visits pct,quantile,0.75,1.9804382651155186
salt-lake-city,2026-03-07,2,2026-03-21,Flu ED visits pct,quantile,0.75,1.200454104720039
san-antonio,2026-03-07,2,2026-03-21,Flu ED visits pct,quantile,0.75,2.289557802418296
savannah,2026-03-07,2,2026-03-21,Flu ED visits pct,quantile,0.75,0.4783835812620239
senc,2026-03-07,2,2026-03-21,Flu ED visits pct,quantile,0.75,0.8616844586060078
south-augusta,2026-03-07,2,2026-03-21,Flu ED visits pct,quantile,0.75,1.3783757920804995
south-carolina,2026-03-07,2,2026-03-21,Flu ED visits pct,quantile,0.75,1.5353700758474584
springfield,2026-03-07,2,2026-03-21,Flu ED visits pct,quantile,0.75,1.3839983462503698
st-cloud,2026-03-07,2,2026-03-21,Flu ED visits pct,quantile,0.75,1.9204164671690405
st-paul,2026-03-07,2,2026-03-21,Flu ED visits pct,quantile,0.75,2.2689794432110464
texas,2026-03-07,2,2026-03-21,Flu ED visits pct,quantile,0.75,1.6425809172827743
triad-area,2026-03-07,2,2026-03-21,Flu ED visits pct,quantile,0.75,1.1346384938364766
utah,2026-03-07,2,2026-03-21,Flu ED visits pct,quantile,0.75,1.1964482960177771
virginia,2026-03-07,2,2026-03-21,Flu ED visits pct,quantile,0.75,1.993660764908374
weld,2026-03-07,2,2026-03-21,Flu ED visits pct,quantile,0.75,2.609876755954084
wnc,2026-03-07,2,2026-03-21,Flu ED visits pct,quantile,0.75,1.2388564198359835
worcester,2026-03-07,2,2026-03-21,Flu ED visits pct,quantile,0.75,1.2927958602794132
athens,2026-03-07,3,2026-03-28,Flu ED visits pct,quantile,0.75,1.9772921724221235
austin,2026-03-07,3,2026-03-28,Flu ED visits pct,quantile,0.75,1.2807307285925218
baltimore,2026-03-07,3,2026-03-28,Flu ED visits pct,quantile,0.75,0.9568059362896213
bangor,2026-03-07,3,2026-03-28,Flu ED visits pct,quantile,0.75,1.346656493891762
beaumont,2026-03-07,3,2026-03-28,Flu ED visits pct,quantile,0.75,0.9475368558993694
boston,2026-03-07,3,2026-03-28,Flu ED visits pct,quantile,0.75,1.0568743687458462
boulder,2026-03-07,3,2026-03-28,Flu ED visits pct,quantile,0.75,2.261239900868528
charleston,2026-03-07,3,2026-03-28,Flu ED visits pct,quantile,0.75,1.312948879020104
cherokee,2026-03-07,3,2026-03-28,Flu ED visits pct,quantile,0.75,1.7598809158819784
clt-area,2026-03-07,3,2026-03-28,Flu ED visits pct,quantile,0.75,2.4402813482088677
colorado,2026-03-07,3,2026-03-28,Flu ED visits pct,quantile,0.75,1.5801954500612196
colorado-springs,2026-03-07,3,2026-03-28,Flu ED visits pct,quantile,0.75,1.184334528420934
columbia,2026-03-07,3,2026-03-28,Flu ED visits pct,quantile,0.75,1.2054249016240233
columbus,2026-03-07,3,2026-03-28,Flu ED visits pct,quantile,0.75,1.4374118233129094
dallas,2026-03-07,3,2026-03-28,Flu ED visits pct,quantile,0.75,1.35785011562973
denver,2026-03-07,3,2026-03-28,Flu ED visits pct,quantile,0.75,1.7071022411516203
deschutes,2026-03-07,3,2026-03-28,Flu ED visits pct,quantile,0.75,1.5241736684341087
duluth,2026-03-07,3,2026-03-28,Flu ED visits pct,quantile,0.75,1.4482544138694669
el-paso,2026-03-07,3,2026-03-28,Flu ED visits pct,quantile,0.75,1.6686749745535208
eugene,2026-03-07,3,2026-03-28,Flu ED visits pct,quantile,0.75,1.4557268054649695
fay-area,2026-03-07,3,2026-03-28,Flu ED visits pct,quantile,0.75,2.1000994804791957
florence,2026-03-07,3,2026-03-28,Flu ED visits pct,quantile,0.75,1.136748718667541
floyd,2026-03-07,3,2026-03-28,Flu ED visits pct,quantile,0.75,1.9130324563123484
frederick,2026-03-07,3,2026-03-28,Flu ED visits pct,quantile,0.75,1.79893792180124
georgia,2026-03-07,3,2026-03-28,Flu ED visits pct,quantile,0.75,1.0988658943959648
greenville,2026-03-07,3,2026-03-28,Flu ED visits pct,quantile,0.75,1.6445181032102163
hall,2026-03-07,3,2026-03-28,Flu ED visits pct,quantile,0.75,1.4431696098653313
harford,2026-03-07,3,2026-03-28,Flu ED visits pct,quantile,0.75,0.8248639059689812
henry,2026-03-07,3,2026-03-28,Flu ED visits pct,quantile,0.75,1.1982030885458623
horry,2026-03-07,3,2026-03-28,Flu ED visits pct,quantile,0.75,1.2315674227710451
houston,2026-03-07,3,2026-03-28,Flu ED visits pct,quantile,0.75,0.9496436428061342
indiana,2026-03-07,3,2026-03-28,Flu ED visits pct,quantile,0.75,2.170429976951026
indianapolis,2026-03-07,3,2026-03-28,Flu ED visits pct,quantile,0.75,2.4469958407265797
la-grange,2026-03-07,3,2026-03-28,Flu ED visits pct,quantile,0.75,1.1630467720871724
larimer,2026-03-07,3,2026-03-28,Flu ED visits pct,quantile,0.75,1.3246170119009986
lynn,2026-03-07,3,2026-03-28,Flu ED visits pct,quantile,0.75,1.167282964696899
macon,2026-03-07,3,2026-03-28,Flu ED visits pct,quantile,0.75,0.755123615494936
maine,2026-03-07,3,2026-03-28,Flu ED visits pct,quantile,0.75,0.8828624520032009
marietta,2026-03-07,3,2026-03-28,Flu ED visits pct,quantile,0.75,1.0970308962889872
maryland,2026-03-07,3,2026-03-28,Flu ED visits pct,quantile,0.75,1.2289777810117197
massachusetts,2026-03-07,3,2026-03-28,Flu ED visits pct,quantile,0.75,1.2467990829885804
medford,2026-03-07,3,2026-03-28,Flu ED visits pct,quantile,0.75,1.0882533215128118
mesa,2026-03-07,3,2026-03-28,Flu ED visits pct,quantile,0.75,1.0256392630371305
minneapolis,2026-03-07,3,2026-03-28,Flu ED visits pct,quantile,0.75,1.745086721460853
minnesota,2026-03-07,3,2026-03-28,Flu ED visits pct,quantile,0.75,1.9278063010044628
montgomery,2026-03-07,3,2026-03-28,Flu ED visits pct,quantile,0.75,1.0929785762829918
nenc,2026-03-07,3,2026-03-28,Flu ED visits pct,quantile,0.75,1.1674055298916128
new-bedford,2026-03-07,3,2026-03-28,Flu ED visits pct,quantile,0.75,1.7048106860853591
north-carolina,2026-03-07,3,2026-03-28,Flu ED visits pct,quantile,0.75,1.5092229534409702
nyc,2026-03-07,3,2026-03-28,ILI ED visits pct,quantile,0.75,2.7474664264740483
ogden,2026-03-07,3,2026-03-28,Flu ED visits pct,quantile,0.75,1.3125446285308822
oregon,2026-03-07,3,2026-03-28,Flu ED visits pct,quantile,0.75,1.403334419946526
pittsfield,2026-03-07,3,2026-03-28,Flu ED visits pct,quantile,0.75,0.7602094346759123
portland,2026-03-07,3,2026-03-28,Flu ED visits pct,quantile,0.75,0.7648711997297706
portland-or,2026-03-07,3,2026-03-28,Flu ED visits pct,quantile,0.75,1.5235676408151844
provo,2026-03-07,3,2026-03-28,Flu ED visits pct,quantile,0.75,0.6401357296361572
roanoke,2026-03-07,3,2026-03-28,Flu ED visits pct,quantile,0.75,2.8091214167331198
rochester,2026-03-07,3,2026-03-28,Flu ED visits pct,quantile,0.75,1.9260509763205602
rock-hill,2026-03-07,3,2026-03-28,Flu ED visits pct,quantile,0.75,0.5847802846972194
rtp-area,2026-03-07,3,2026-03-28,Flu ED visits pct,quantile,0.75,1.1505496563432882
salem,2026-03-07,3,2026-03-28,Flu ED visits pct,quantile,0.75,1.6452219675567996
salt-lake-city,2026-03-07,3,2026-03-28,Flu ED visits pct,quantile,0.75,1.100922254405812
san-antonio,2026-03-07,3,2026-03-28,Flu ED visits pct,quantile,0.75,1.9502323128425985
savannah,2026-03-07,3,2026-03-28,Flu ED visits pct,quantile,0.75,0.3946415281581289
senc,2026-03-07,3,2026-03-28,Flu ED visits pct,quantile,0.75,0.787023869985567
south-augusta,2026-03-07,3,2026-03-28,Flu ED visits pct,quantile,0.75,1.2011495508791017
south-carolina,2026-03-07,3,2026-03-28,Flu ED visits pct,quantile,0.75,1.3667368805179108
springfield,2026-03-07,3,2026-03-28,Flu ED visits pct,quantile,0.75,1.2994582062967934
st-cloud,2026-03-07,3,2026-03-28,Flu ED visits pct,quantile,0.75,1.7411376576718804
st-paul,2026-03-07,3,2026-03-28,Flu ED visits pct,quantile,0.75,2.2005423971593507
texas,2026-03-07,3,2026-03-28,Flu ED visits pct,quantile,0.75,1.5447051520190076
triad-area,2026-03-07,3,2026-03-28,Flu ED visits pct,quantile,0.75,0.9955397978433074
utah,2026-03-07,3,2026-03-28,Flu ED visits pct,quantile,0.75,1.0722887532218475
virginia,2026-03-07,3,2026-03-28,Flu ED visits pct,quantile,0.75,1.8746077186065613
weld,2026-03-07,3,2026-03-28,Flu ED visits pct,quantile,0.75,2.490933818760708
wnc,2026-03-07,3,2026-03-28,Flu ED visits pct,quantile,0.75,1.0845053020154478
worcester,2026-03-07,3,2026-03-28,Flu ED visits pct,quantile,0.75,1.1943577008149218
athens,2026-03-07,0,2026-03-07,Flu ED visits pct,quantile,0.9,3.483783128659815
austin,2026-03-07,0,2026-03-07,Flu ED visits pct,quantile,0.9,2.376941977841157
baltimore,2026-03-07,0,2026-03-07,Flu ED visits pct,quantile,0.9,0.9999284638945558
bangor,2026-03-07,0,2026-03-07,Flu ED visits pct,quantile,0.9,2.348266835273298
beaumont,2026-03-07,0,2026-03-07,Flu ED visits pct,quantile,0.9,1.763236921820126
boston,2026-03-07,0,2026-03-07,Flu ED visits pct,quantile,0.9,1.3646827712146972
boulder,2026-03-07,0,2026-03-07,Flu ED visits pct,quantile,0.9,4.113386747207909
charleston,2026-03-07,0,2026-03-07,Flu ED visits pct,quantile,0.9,2.6205677346412704
cherokee,2026-03-07,0,2026-03-07,Flu ED visits pct,quantile,0.9,2.953541743949355
clt-area,2026-03-07,0,2026-03-07,Flu ED visits pct,quantile,0.9,3.866802136858385
colorado,2026-03-07,0,2026-03-07,Flu ED visits pct,quantile,0.9,2.252437215727207
colorado-springs,2026-03-07,0,2026-03-07,Flu ED visits pct,quantile,0.9,2.011570968650083
columbia,2026-03-07,0,2026-03-07,Flu ED visits pct,quantile,0.9,2.0757997455130544
columbus,2026-03-07,0,2026-03-07,Flu ED visits pct,quantile,0.9,2.898661908262154
dallas,2026-03-07,0,2026-03-07,Flu ED visits pct,quantile,0.9,2.317307014779267
denver,2026-03-07,0,2026-03-07,Flu ED visits pct,quantile,0.9,2.251677696176814
deschutes,2026-03-07,0,2026-03-07,Flu ED visits pct,quantile,0.9,2.9711068955961557
duluth,2026-03-07,0,2026-03-07,Flu ED visits pct,quantile,0.9,2.3862042172136206
el-paso,2026-03-07,0,2026-03-07,Flu ED visits pct,quantile,0.9,1.8291505961466088
eugene,2026-03-07,0,2026-03-07,Flu ED visits pct,quantile,0.9,3.0260803625357107
fay-area,2026-03-07,0,2026-03-07,Flu ED visits pct,quantile,0.9,3.8324921852261506
florence,2026-03-07,0,2026-03-07,Flu ED visits pct,quantile,0.9,2.4447532650749397
floyd,2026-03-07,0,2026-03-07,Flu ED visits pct,quantile,0.9,3.2804157513926717
frederick,2026-03-07,0,2026-03-07,Flu ED visits pct,quantile,0.9,2.518755347267139
georgia,2026-03-07,0,2026-03-07,Flu ED visits pct,quantile,0.9,1.774614360647927
greenville,2026-03-07,0,2026-03-07,Flu ED visits pct,quantile,0.9,2.762107142942463
hall,2026-03-07,0,2026-03-07,Flu ED visits pct,quantile,0.9,2.1870762756799786
harford,2026-03-07,0,2026-03-07,Flu ED visits pct,quantile,0.9,1.2168957366658728
henry,2026-03-07,0,2026-03-07,Flu ED visits pct,quantile,0.9,1.8606417610013688
horry,2026-03-07,0,2026-03-07,Flu ED visits pct,quantile,0.9,2.1498383157139154
houston,2026-03-07,0,2026-03-07,Flu ED visits pct,quantile,0.9,1.0701948332552325
indiana,2026-03-07,0,2026-03-07,Flu ED visits pct,quantile,0.9,3.3399041931561175
indianapolis,2026-03-07,0,2026-03-07,Flu ED visits pct,quantile,0.9,4.275465837578418
la-grange,2026-03-07,0,2026-03-07,Flu ED visits pct,quantile,0.9,2.2091650160496776
larimer,2026-03-07,0,2026-03-07,Flu ED visits pct,quantile,0.9,2.1924218835630684
lynn,2026-03-07,0,2026-03-07,Flu ED visits pct,quantile,0.9,1.6826205309744682
macon,2026-03-07,0,2026-03-07,Flu ED visits pct,quantile,0.9,1.5435348903769388
maine,2026-03-07,0,2026-03-07,Flu ED visits pct,quantile,0.9,1.445663915395392
marietta,2026-03-07,0,2026-03-07,Flu ED visits pct,quantile,0.9,1.8413031411977903
maryland,2026-03-07,0,2026-03-07,Flu ED visits pct,quantile,0.9,1.2686938526221496
massachusetts,2026-03-07,0,2026-03-07,Flu ED visits pct,quantile,0.9,1.530605588963829
medford,2026-03-07,0,2026-03-07,Flu ED visits pct,quantile,0.9,2.585867966297538
mesa,2026-03-07,0,2026-03-07,Flu ED visits pct,quantile,0.9,1.752431189993557
minneapolis,2026-03-07,0,2026-03-07,Flu ED visits pct,quantile,0.9,2.339329079285108
minnesota,2026-03-07,0,2026-03-07,Flu ED visits pct,quantile,0.9,2.4621320674679046
montgomery,2026-03-07,0,2026-03-07,Flu ED visits pct,quantile,0.9,1.2083988294152694
nenc,2026-03-07,0,2026-03-07,Flu ED visits pct,quantile,0.9,2.140198257661197
new-bedford,2026-03-07,0,2026-03-07,Flu ED visits pct,quantile,0.9,2.406238960557086
north-carolina,2026-03-07,0,2026-03-07,Flu ED visits pct,quantile,0.9,2.561430125538302
nyc,2026-03-07,0,2026-03-07,ILI ED visits pct,quantile,0.9,2.7127424161522105
ogden,2026-03-07,0,2026-03-07,Flu ED visits pct,quantile,0.9,2.3773903658778752
oregon,2026-03-07,0,2026-03-07,Flu ED visits pct,quantile,0.9,2.756169763169952
pittsfield,2026-03-07,0,2026-03-07,Flu ED visits pct,quantile,0.9,1.1016014862360146
portland,2026-03-07,0,2026-03-07,Flu ED visits pct,quantile,0.9,1.3032586933452437
portland-or,2026-03-07,0,2026-03-07,Flu ED visits pct,quantile,0.9,2.992281444216167
provo,2026-03-07,0,2026-03-07,Flu ED visits pct,quantile,0.9,1.084151846921453
roanoke,2026-03-07,0,2026-03-07,Flu ED visits pct,quantile,0.9,4.311943820157108
rochester,2026-03-07,0,2026-03-07,Flu ED visits pct,quantile,0.9,3.9600289253095466
rock-hill,2026-03-07,0,2026-03-07,Flu ED visits pct,quantile,0.9,0.9612970222298673
rtp-area,2026-03-07,0,2026-03-07,Flu ED visits pct,quantile,0.9,2.214505758066306
salem,2026-03-07,0,2026-03-07,Flu ED visits pct,quantile,0.9,3.497321021350893
salt-lake-city,2026-03-07,0,2026-03-07,Flu ED visits pct,quantile,0.9,1.9629507266398374
san-antonio,2026-03-07,0,2026-03-07,Flu ED visits pct,quantile,0.9,3.914289351000937
savannah,2026-03-07,0,2026-03-07,Flu ED visits pct,quantile,0.9,0.9232315972981147
senc,2026-03-07,0,2026-03-07,Flu ED visits pct,quantile,0.9,1.4341702423375906
south-augusta,2026-03-07,0,2026-03-07,Flu ED visits pct,quantile,0.9,2.359972748584527
south-carolina,2026-03-07,0,2026-03-07,Flu ED visits pct,quantile,0.9,2.3249056340870076
springfield,2026-03-07,0,2026-03-07,Flu ED visits pct,quantile,0.9,1.817695765929872
st-cloud,2026-03-07,0,2026-03-07,Flu ED visits pct,quantile,0.9,3.3455941232778232
st-paul,2026-03-07,0,2026-03-07,Flu ED visits pct,quantile,0.9,2.8106222755979973
texas,2026-03-07,0,2026-03-07,Flu ED visits pct,quantile,0.9,2.3705768888229697
triad-area,2026-03-07,0,2026-03-07,Flu ED visits pct,quantile,0.9,1.7901374307917388
utah,2026-03-07,0,2026-03-07,Flu ED visits pct,quantile,0.9,1.8170067463334456
virginia,2026-03-07,0,2026-03-07,Flu ED visits pct,quantile,0.9,2.4597921199919983
weld,2026-03-07,0,2026-03-07,Flu ED visits pct,quantile,0.9,3.7121249307710085
wnc,2026-03-07,0,2026-03-07,Flu ED visits pct,quantile,0.9,1.9842570830685238
worcester,2026-03-07,0,2026-03-07,Flu ED visits pct,quantile,0.9,1.8268682787125812
athens,2026-03-07,1,2026-03-14,Flu ED visits pct,quantile,0.9,3.515074905464163
austin,2026-03-07,1,2026-03-14,Flu ED visits pct,quantile,0.9,2.156779449463641
baltimore,2026-03-07,1,2026-03-14,Flu ED visits pct,quantile,0.9,1.0439726730067498
bangor,2026-03-07,1,2026-03-14,Flu ED visits pct,quantile,0.9,2.187858722069897
beaumont,2026-03-07,1,2026-03-14,Flu ED visits pct,quantile,0.9,1.6157673577108256
boston,2026-03-07,1,2026-03-14,Flu ED visits pct,quantile,0.9,1.3760065900126948
boulder,2026-03-07,1,2026-03-14,Flu ED visits pct,quantile,0.9,3.859130858499969
charleston,2026-03-07,1,2026-03-14,Flu ED visits pct,quantile,0.9,2.314237960585811
cherokee,2026-03-07,1,2026-03-14,Flu ED visits pct,quantile,0.9,2.7976534635396875
clt-area,2026-03-07,1,2026-03-14,Flu ED visits pct,quantile,0.9,3.6321650027969694
colorado,2026-03-07,1,2026-03-14,Flu ED visits pct,quantile,0.9,2.211052436721185
colorado-springs,2026-03-07,1,2026-03-14,Flu ED visits pct,quantile,0.9,1.8841725771001856
columbia,2026-03-07,1,2026-03-14,Flu ED visits pct,quantile,0.9,1.9382975903083663
columbus,2026-03-07,1,2026-03-14,Flu ED visits pct,quantile,0.9,2.5861956078074755
dallas,2026-03-07,1,2026-03-14,Flu ED visits pct,quantile,0.9,2.1287688195521604
denver,2026-03-07,1,2026-03-14,Flu ED visits pct,quantile,0.9,2.2469117150503366
deschutes,2026-03-07,1,2026-03-14,Flu ED visits pct,quantile,0.9,2.6553054856138347
duluth,2026-03-07,1,2026-03-14,Flu ED visits pct,quantile,0.9,2.3368080083372775
el-paso,2026-03-07,1,2026-03-14,Flu ED visits pct,quantile,0.9,2.0123850106656698
eugene,2026-03-07,1,2026-03-14,Flu ED visits pct,quantile,0.9,2.695107423567385
fay-area,2026-03-07,1,2026-03-14,Flu ED visits pct,quantile,0.9,3.519377032831901
florence,2026-03-07,1,2026-03-14,Flu ED visits pct,quantile,0.9,2.2041752811675437
floyd,2026-03-07,1,2026-03-14,Flu ED visits pct,quantile,0.9,3.154554685636262
frederick,2026-03-07,1,2026-03-14,Flu ED visits pct,quantile,0.9,2.7427179330997524
georgia,2026-03-07,1,2026-03-14,Flu ED visits pct,quantile,0.9,1.677502662231008
greenville,2026-03-07,1,2026-03-14,Flu ED visits pct,quantile,0.9,2.599794652378664
hall,2026-03-07,1,2026-03-14,Flu ED visits pct,quantile,0.9,2.1713862966257396
harford,2026-03-07,1,2026-03-14,Flu ED visits pct,quantile,0.9,1.3147592471216951
henry,2026-03-07,1,2026-03-14,Flu ED visits pct,quantile,0.9,1.8682649512739664
horry,2026-03-07,1,2026-03-14,Flu ED visits pct,quantile,0.9,2.0352271490350686
houston,2026-03-07,1,2026-03-14,Flu ED visits pct,quantile,0.9,1.0732585347582775
indiana,2026-03-07,1,2026-03-14,Flu ED visits pct,quantile,0.9,3.149020209183107
indianapolis,2026-03-07,1,2026-03-14,Flu ED visits pct,quantile,0.9,3.978670177734165
la-grange,2026-03-07,1,2026-03-14,Flu ED visits pct,quantile,0.9,2.0437546121606163
larimer,2026-03-07,1,2026-03-14,Flu ED visits pct,quantile,0.9,2.109148964312707
lynn,2026-03-07,1,2026-03-14,Flu ED visits pct,quantile,0.9,1.72653190644026
macon,2026-03-07,1,2026-03-14,Flu ED visits pct,quantile,0.9,1.4492667909286598
maine,2026-03-07,1,2026-03-14,Flu ED visits pct,quantile,0.9,1.3645189158246458
marietta,2026-03-07,1,2026-03-14,Flu ED visits pct,quantile,0.9,1.7200663317396785
maryland,2026-03-07,1,2026-03-14,Flu ED visits pct,quantile,0.9,1.2990759562114271
massachusetts,2026-03-07,1,2026-03-14,Flu ED visits pct,quantile,0.9,1.553734470207697
medford,2026-03-07,1,2026-03-14,Flu ED visits pct,quantile,0.9,2.2494565165187113
mesa,2026-03-07,1,2026-03-14,Flu ED visits pct,quantile,0.9,1.610657819946509
minneapolis,2026-03-07,1,2026-03-14,Flu ED visits pct,quantile,0.9,2.392850837243619
minnesota,2026-03-07,1,2026-03-14,Flu ED visits pct,quantile,0.9,2.431537729300335
montgomery,2026-03-07,1,2026-03-14,Flu ED visits pct,quantile,0.9,1.2685513749803141
nenc,2026-03-07,1,2026-03-14,Flu ED visits pct,quantile,0.9,1.936799012266875
new-bedford,2026-03-07,1,2026-03-14,Flu ED visits pct,quantile,0.9,2.4403107487221565
north-carolina,2026-03-07,1,2026-03-14,Flu ED visits pct,quantile,0.9,2.3450723475338213
nyc,2026-03-07,1,2026-03-14,ILI ED visits pct,quantile,0.9,2.7870007340090095
ogden,2026-03-07,1,2026-03-14,Flu ED visits pct,quantile,0.9,2.182986231578672
oregon,2026-03-07,1,2026-03-14,Flu ED visits pct,quantile,0.9,2.4806434678963942
pittsfield,2026-03-07,1,2026-03-14,Flu ED visits pct,quantile,0.9,1.119270978330515
portland,2026-03-07,1,2026-03-14,Flu ED visits pct,quantile,0.9,1.2315527725188258
portland-or,2026-03-07,1,2026-03-14,Flu ED visits pct,quantile,0.9,2.6868743618477375
provo,2026-03-07,1,2026-03-14,Flu ED visits pct,quantile,0.9,0.982795594114957
roanoke,2026-03-07,1,2026-03-14,Flu ED visits pct,quantile,0.9,4.177605602698948
rochester,2026-03-07,1,2026-03-14,Flu ED visits pct,quantile,0.9,3.5504423275469543
rock-hill,2026-03-07,1,2026-03-14,Flu ED visits pct,quantile,0.9,1.063765389499819
rtp-area,2026-03-07,1,2026-03-14,Flu ED visits pct,quantile,0.9,2.0014959778190313
salem,2026-03-07,1,2026-03-14,Flu ED visits pct,quantile,0.9,3.0830563134646063
salt-lake-city,2026-03-07,1,2026-03-14,Flu ED visits pct,quantile,0.9,1.7968599570577197
san-antonio,2026-03-07,1,2026-03-14,Flu ED visits pct,quantile,0.9,3.5332428468577826
savannah,2026-03-07,1,2026-03-14,Flu ED visits pct,quantile,0.9,0.777557825304377
senc,2026-03-07,1,2026-03-14,Flu ED visits pct,quantile,0.9,1.3313719194634033
south-augusta,2026-03-07,1,2026-03-14,Flu ED visits pct,quantile,0.9,2.1451997971016183
south-carolina,2026-03-07,1,2026-03-14,Flu ED visits pct,quantile,0.9,2.1460767070823334
springfield,2026-03-07,1,2026-03-14,Flu ED visits pct,quantile,0.9,1.901450713911187
st-cloud,2026-03-07,1,2026-03-14,Flu ED visits pct,quantile,0.9,3.1773084057500918
st-paul,2026-03-07,1,2026-03-14,Flu ED visits pct,quantile,0.9,3.037886345253719
texas,2026-03-07,1,2026-03-14,Flu ED visits pct,quantile,0.9,2.2124993538556392
triad-area,2026-03-07,1,2026-03-14,Flu ED visits pct,quantile,0.9,1.6217089270532528
utah,2026-03-07,1,2026-03-14,Flu ED visits pct,quantile,0.9,1.700900310856046
virginia,2026-03-07,1,2026-03-14,Flu ED visits pct,quantile,0.9,2.4268649099802317
weld,2026-03-07,1,2026-03-14,Flu ED visits pct,quantile,0.9,3.943976157666799
wnc,2026-03-07,1,2026-03-14,Flu ED visits pct,quantile,0.9,1.8216228243331491
worcester,2026-03-07,1,2026-03-14,Flu ED visits pct,quantile,0.9,1.8492448740963896
athens,2026-03-07,2,2026-03-21,Flu ED visits pct,quantile,0.9,3.4292411283300916
austin,2026-03-07,2,2026-03-21,Flu ED visits pct,quantile,0.9,2.0066670344185704
baltimore,2026-03-07,2,2026-03-21,Flu ED visits pct,quantile,0.9,1.0523028545714106
bangor,2026-03-07,2,2026-03-21,Flu ED visits pct,quantile,0.9,2.1182380789154727
beaumont,2026-03-07,2,2026-03-21,Flu ED visits pct,quantile,0.9,1.531552782695256
boston,2026-03-07,2,2026-03-21,Flu ED visits pct,quantile,0.9,1.3704489227711425
boulder,2026-03-07,2,2026-03-21,Flu ED visits pct,quantile,0.9,3.666958525030249
charleston,2026-03-07,2,2026-03-21,Flu ED visits pct,quantile,0.9,2.001056617416504
cherokee,2026-03-07,2,2026-03-21,Flu ED visits pct,quantile,0.9,2.6869082517740885
clt-area,2026-03-07,2,2026-03-21,Flu ED visits pct,quantile,0.9,3.195613148400775
colorado,2026-03-07,2,2026-03-21,Flu ED visits pct,quantile,0.9,2.162265051692386
colorado-springs,2026-03-07,2,2026-03-21,Flu ED visits pct,quantile,0.9,1.7825572171436304
columbia,2026-03-07,2,2026-03-21,Flu ED visits pct,quantile,0.9,1.8372317476381608
columbus,2026-03-07,2,2026-03-21,Flu ED visits pct,quantile,0.9,2.253350368732405
dallas,2026-03-07,2,2026-03-21,Flu ED visits pct,quantile,0.9,2.04518066538236
denver,2026-03-07,2,2026-03-21,Flu ED visits pct,quantile,0.9,2.189861857499185
deschutes,2026-03-07,2,2026-03-21,Flu ED visits pct,quantile,0.9,2.3211710460126707
duluth,2026-03-07,2,2026-03-21,Flu ED visits pct,quantile,0.9,2.2352204388676107
el-paso,2026-03-07,2,2026-03-21,Flu ED visits pct,quantile,0.9,2.0981217495983153
eugene,2026-03-07,2,2026-03-21,Flu ED visits pct,quantile,0.9,2.2989680120463056
fay-area,2026-03-07,2,2026-03-21,Flu ED visits pct,quantile,0.9,3.0189836800426244
florence,2026-03-07,2,2026-03-21,Flu ED visits pct,quantile,0.9,2.076227374371997
floyd,2026-03-07,2,2026-03-21,Flu ED visits pct,quantile,0.9,3.0049782346138687
frederick,2026-03-07,2,2026-03-21,Flu ED visits pct,quantile,0.9,2.8413656767487887
georgia,2026-03-07,2,2026-03-21,Flu ED visits pct,quantile,0.9,1.582339699249663
greenville,2026-03-07,2,2026-03-21,Flu ED visits pct,quantile,0.9,2.4706334970692168
hall,2026-03-07,2,2026-03-21,Flu ED visits pct,quantile,0.9,2.0825027401972274
harford,2026-03-07,2,2026-03-21,Flu ED visits pct,quantile,0.9,1.3195229563166047
henry,2026-03-07,2,2026-03-21,Flu ED visits pct,quantile,0.9,1.77496818033547
horry,2026-03-07,2,2026-03-21,Flu ED visits pct,quantile,0.9,1.9212658172168635
houston,2026-03-07,2,2026-03-21,Flu ED visits pct,quantile,0.9,1.0828372683465037
indiana,2026-03-07,2,2026-03-21,Flu ED visits pct,quantile,0.9,3.037726283695376
indianapolis,2026-03-07,2,2026-03-21,Flu ED visits pct,quantile,0.9,3.571251062798054
la-grange,2026-03-07,2,2026-03-21,Flu ED visits pct,quantile,0.9,1.9160993214958628
larimer,2026-03-07,2,2026-03-21,Flu ED visits pct,quantile,0.9,2.04735444023177
lynn,2026-03-07,2,2026-03-21,Flu ED visits pct,quantile,0.9,1.709792306772582
macon,2026-03-07,2,2026-03-21,Flu ED visits pct,quantile,0.9,1.3606637534464328
maine,2026-03-07,2,2026-03-21,Flu ED visits pct,quantile,0.9,1.2757812056834665
marietta,2026-03-07,2,2026-03-21,Flu ED visits pct,quantile,0.9,1.662689625073997
maryland,2026-03-07,2,2026-03-21,Flu ED visits pct,quantile,0.9,1.312386278126007
massachusetts,2026-03-07,2,2026-03-21,Flu ED visits pct,quantile,0.9,1.553389585991199
medford,2026-03-07,2,2026-03-21,Flu ED visits pct,quantile,0.9,1.8913707845649477
mesa,2026-03-07,2,2026-03-21,Flu ED visits pct,quantile,0.9,1.547806240896134
minneapolis,2026-03-07,2,2026-03-21,Flu ED visits pct,quantile,0.9,2.358494871932877
minnesota,2026-03-07,2,2026-03-21,Flu ED visits pct,quantile,0.9,2.3667290692424454
montgomery,2026-03-07,2,2026-03-21,Flu ED visits pct,quantile,0.9,1.3012309410989968
nenc,2026-03-07,2,2026-03-21,Flu ED visits pct,quantile,0.9,1.6887381478844294
new-bedford,2026-03-07,2,2026-03-21,Flu ED visits pct,quantile,0.9,2.4029838907301677
north-carolina,2026-03-07,2,2026-03-21,Flu ED visits pct,quantile,0.9,2.083005286022511
nyc,2026-03-07,2,2026-03-21,ILI ED visits pct,quantile,0.9,3.008330295083025
ogden,2026-03-07,2,2026-03-21,Flu ED visits pct,quantile,0.9,2.0222609586255444
oregon,2026-03-07,2,2026-03-21,Flu ED visits pct,quantile,0.9,2.228156176963547
pittsfield,2026-03-07,2,2026-03-21,Flu ED visits pct,quantile,0.9,1.0706620010210994
portland,2026-03-07,2,2026-03-21,Flu ED visits pct,quantile,0.9,1.1701307253113529
portland-or,2026-03-07,2,2026-03-21,Flu ED visits pct,quantile,0.9,2.3027629170428416
provo,2026-03-07,2,2026-03-21,Flu ED visits pct,quantile,0.9,0.9380253065634604
roanoke,2026-03-07,2,2026-03-21,Flu ED visits pct,quantile,0.9,4.030984233348603
rochester,2026-03-07,2,2026-03-21,Flu ED visits pct,quantile,0.9,3.0677769872247
rock-hill,2026-03-07,2,2026-03-21,Flu ED visits pct,quantile,0.9,1.2217263884872864
rtp-area,2026-03-07,2,2026-03-21,Flu ED visits pct,quantile,0.9,1.6963680665835938
salem,2026-03-07,2,2026-03-21,Flu ED visits pct,quantile,0.9,2.6649639741559144
salt-lake-city,2026-03-07,2,2026-03-21,Flu ED visits pct,quantile,0.9,1.6898525788235481
san-antonio,2026-03-07,2,2026-03-21,Flu ED visits pct,quantile,0.9,3.0635815905399877
savannah,2026-03-07,2,2026-03-21,Flu ED visits pct,quantile,0.9,0.6583131758061476
senc,2026-03-07,2,2026-03-21,Flu ED visits pct,quantile,0.9,1.2206739973009741
south-augusta,2026-03-07,2,2026-03-21,Flu ED visits pct,quantile,0.9,1.8984794858982381
south-carolina,2026-03-07,2,2026-03-21,Flu ED visits pct,quantile,0.9,2.0056407585330267
springfield,2026-03-07,2,2026-03-21,Flu ED visits pct,quantile,0.9,1.856631647654355
st-cloud,2026-03-07,2,2026-03-21,Flu ED visits pct,quantile,0.9,2.9886111517129352
st-paul,2026-03-07,2,2026-03-21,Flu ED visits pct,quantile,0.9,3.087895563460589
texas,2026-03-07,2,2026-03-21,Flu ED visits pct,quantile,0.9,2.0908835943681514
triad-area,2026-03-07,2,2026-03-21,Flu ED visits pct,quantile,0.9,1.3892816066170797
utah,2026-03-07,2,2026-03-21,Flu ED visits pct,quantile,0.9,1.6273991190657655
virginia,2026-03-07,2,2026-03-21,Flu ED visits pct,quantile,0.9,2.3713203026750143
weld,2026-03-07,2,2026-03-21,Flu ED visits pct,quantile,0.9,3.9788850952267767
wnc,2026-03-07,2,2026-03-21,Flu ED visits pct,quantile,0.9,1.5513204796490991
worcester,2026-03-07,2,2026-03-21,Flu ED visits pct,quantile,0.9,1.780489298958607
athens,2026-03-07,3,2026-03-28,Flu ED visits pct,quantile,0.9,3.4354513060564624
austin,2026-03-07,3,2026-03-28,Flu ED visits pct,quantile,0.9,1.9711468363023887
baltimore,2026-03-07,3,2026-03-28,Flu ED visits pct,quantile,0.9,1.0964568097269263
bangor,2026-03-07,3,2026-03-28,Flu ED visits pct,quantile,0.9,2.123162531984105
beaumont,2026-03-07,3,2026-03-28,Flu ED visits pct,quantile,0.9,1.5157372929450568
boston,2026-03-07,3,2026-03-28,Flu ED visits pct,quantile,0.9,1.3876717281934787
boulder,2026-03-07,3,2026-03-28,Flu ED visits pct,quantile,0.9,3.6004674798834975
charleston,2026-03-07,3,2026-03-28,Flu ED visits pct,quantile,0.9,1.9611174061078323
cherokee,2026-03-07,3,2026-03-28,Flu ED visits pct,quantile,0.9,2.6898029638326384
clt-area,2026-03-07,3,2026-03-28,Flu ED visits pct,quantile,0.9,3.0858970764321567
colorado,2026-03-07,3,2026-03-28,Flu ED visits pct,quantile,0.9,2.1670862824810597
colorado-springs,2026-03-07,3,2026-03-28,Flu ED visits pct,quantile,0.9,1.7764212987766754
columbia,2026-03-07,3,2026-03-28,Flu ED visits pct,quantile,0.9,1.8146522443741009
columbus,2026-03-07,3,2026-03-28,Flu ED visits pct,quantile,0.9,2.1773975984406926
dallas,2026-03-07,3,2026-03-28,Flu ED visits pct,quantile,0.9,1.9993495716826766
denver,2026-03-07,3,2026-03-28,Flu ED visits pct,quantile,0.9,2.1809108368026027
deschutes,2026-03-07,3,2026-03-28,Flu ED visits pct,quantile,0.9,2.272436465103968
duluth,2026-03-07,3,2026-03-28,Flu ED visits pct,quantile,0.9,2.218888679477309
el-paso,2026-03-07,3,2026-03-28,Flu ED visits pct,quantile,0.9,2.1357575575239567
eugene,2026-03-07,3,2026-03-28,Flu ED visits pct,quantile,0.9,2.2526015351520803
fay-area,2026-03-07,3,2026-03-28,Flu ED visits pct,quantile,0.9,2.934269809882483
florence,2026-03-07,3,2026-03-28,Flu ED visits pct,quantile,0.9,2.052498699361174
floyd,2026-03-07,3,2026-03-28,Flu ED visits pct,quantile,0.9,2.9776516945655107
frederick,2026-03-07,3,2026-03-28,Flu ED visits pct,quantile,0.9,2.926651912811163
georgia,2026-03-07,3,2026-03-28,Flu ED visits pct,quantile,0.9,1.5778368189614296
greenville,2026-03-07,3,2026-03-28,Flu ED visits pct,quantile,0.9,2.4674608252413135
hall,2026-03-07,3,2026-03-28,Flu ED visits pct,quantile,0.9,2.1104267902936185
harford,2026-03-07,3,2026-03-28,Flu ED visits pct,quantile,0.9,1.3623845855882761
henry,2026-03-07,3,2026-03-28,Flu ED visits pct,quantile,0.9,1.8310273646693263
horry,2026-03-07,3,2026-03-28,Flu ED visits pct,quantile,0.9,1.9071162732110833
houston,2026-03-07,3,2026-03-28,Flu ED visits pct,quantile,0.9,1.0989536078050568
indiana,2026-03-07,3,2026-03-28,Flu ED visits pct,quantile,0.9,2.9944809183980463
indianapolis,2026-03-07,3,2026-03-28,Flu ED visits pct,quantile,0.9,3.5387344839669383
la-grange,2026-03-07,3,2026-03-28,Flu ED visits pct,quantile,0.9,1.9327757296327155
larimer,2026-03-07,3,2026-03-28,Flu ED visits pct,quantile,0.9,2.0374198357718867
lynn,2026-03-07,3,2026-03-28,Flu ED visits pct,quantile,0.9,1.720571508464274
macon,2026-03-07,3,2026-03-28,Flu ED visits pct,quantile,0.9,1.3336900259041284
maine,2026-03-07,3,2026-03-28,Flu ED visits pct,quantile,0.9,1.259136251240184
marietta,2026-03-07,3,2026-03-28,Flu ED visits pct,quantile,0.9,1.6507192960346264
maryland,2026-03-07,3,2026-03-28,Flu ED visits pct,quantile,0.9,1.3416022624077988
massachusetts,2026-03-07,3,2026-03-28,Flu ED visits pct,quantile,0.9,1.5880040283093244
medford,2026-03-07,3,2026-03-28,Flu ED visits pct,quantile,0.9,1.8556018586929892
mesa,2026-03-07,3,2026-03-28,Flu ED visits pct,quantile,0.9,1.5505864848915485
minneapolis,2026-03-07,3,2026-03-28,Flu ED visits pct,quantile,0.9,2.3791040755173833
minnesota,2026-03-07,3,2026-03-28,Flu ED visits pct,quantile,0.9,2.3956605876947807
montgomery,2026-03-07,3,2026-03-28,Flu ED visits pct,quantile,0.9,1.3391771465454705
nenc,2026-03-07,3,2026-03-28,Flu ED visits pct,quantile,0.9,1.6769607654900562
new-bedford,2026-03-07,3,2026-03-28,Flu ED visits pct,quantile,0.9,2.4622812317518217
north-carolina,2026-03-07,3,2026-03-28,Flu ED visits pct,quantile,0.9,2.0456176752266204
nyc,2026-03-07,3,2026-03-28,ILI ED visits pct,quantile,0.9,2.972935047511863
ogden,2026-03-07,3,2026-03-28,Flu ED visits pct,quantile,0.9,2.002272016088655
oregon,2026-03-07,3,2026-03-28,Flu ED visits pct,quantile,0.9,2.146672366496524
pittsfield,2026-03-07,3,2026-03-28,Flu ED visits pct,quantile,0.9,1.0773473993086509
portland,2026-03-07,3,2026-03-28,Flu ED visits pct,quantile,0.9,1.1635623848761631
portland-or,2026-03-07,3,2026-03-28,Flu ED visits pct,quantile,0.9,2.273418456692806
provo,2026-03-07,3,2026-03-28,Flu ED visits pct,quantile,0.9,0.931528592182406
roanoke,2026-03-07,3,2026-03-28,Flu ED visits pct,quantile,0.9,3.974812217863291
rochester,2026-03-07,3,2026-03-28,Flu ED visits pct,quantile,0.9,3.014489705676227
rock-hill,2026-03-07,3,2026-03-28,Flu ED visits pct,quantile,0.9,1.2880740681790832
rtp-area,2026-03-07,3,2026-03-28,Flu ED visits pct,quantile,0.9,1.6454176605762276
salem,2026-03-07,3,2026-03-28,Flu ED visits pct,quantile,0.9,2.6061823555321024
salt-lake-city,2026-03-07,3,2026-03-28,Flu ED visits pct,quantile,0.9,1.6672040884048511
san-antonio,2026-03-07,3,2026-03-28,Flu ED visits pct,quantile,0.9,2.992799671687921
savannah,2026-03-07,3,2026-03-28,Flu ED visits pct,quantile,0.9,0.6489504213222478
senc,2026-03-07,3,2026-03-28,Flu ED visits pct,quantile,0.9,1.212049626829754
south-augusta,2026-03-07,3,2026-03-28,Flu ED visits pct,quantile,0.9,1.8569312035748726
south-carolina,2026-03-07,3,2026-03-28,Flu ED visits pct,quantile,0.9,1.9924435844798418
springfield,2026-03-07,3,2026-03-28,Flu ED visits pct,quantile,0.9,1.8922825212829806
st-cloud,2026-03-07,3,2026-03-28,Flu ED visits pct,quantile,0.9,2.9693932103071186
st-paul,2026-03-07,3,2026-03-28,Flu ED visits pct,quantile,0.9,3.127393939458085
texas,2026-03-07,3,2026-03-28,Flu ED visits pct,quantile,0.9,2.07035773327989
triad-area,2026-03-07,3,2026-03-28,Flu ED visits pct,quantile,0.9,1.3617031543102094
utah,2026-03-07,3,2026-03-28,Flu ED visits pct,quantile,0.9,1.6131451728156945
virginia,2026-03-07,3,2026-03-28,Flu ED visits pct,quantile,0.9,2.3794772593498976
weld,2026-03-07,3,2026-03-28,Flu ED visits pct,quantile,0.9,4.0389906702194
wnc,2026-03-07,3,2026-03-28,Flu ED visits pct,quantile,0.9,1.5297697839704192
worcester,2026-03-07,3,2026-03-28,Flu ED visits pct,quantile,0.9,1.857435479110183
athens,2026-03-07,0,2026-03-07,Flu ED visits pct,quantile,0.95,4.048031330819918
austin,2026-03-07,0,2026-03-07,Flu ED visits pct,quantile,0.95,2.607714358421354
baltimore,2026-03-07,0,2026-03-07,Flu ED visits pct,quantile,0.95,1.094047817552057
bangor,2026-03-07,0,2026-03-07,Flu ED visits pct,quantile,0.95,2.7093287809386677
beaumont,2026-03-07,0,2026-03-07,Flu ED visits pct,quantile,0.95,2.192833845366861
boston,2026-03-07,0,2026-03-07,Flu ED visits pct,quantile,0.95,1.4516131488275315
boulder,2026-03-07,0,2026-03-07,Flu ED visits pct,quantile,0.95,4.616011118581152
charleston,2026-03-07,0,2026-03-07,Flu ED visits pct,quantile,0.95,2.821717548262274
cherokee,2026-03-07,0,2026-03-07,Flu ED visits pct,quantile,0.95,3.398265700417277
clt-area,2026-03-07,0,2026-03-07,Flu ED visits pct,quantile,0.95,4.108757801198638
colorado,2026-03-07,0,2026-03-07,Flu ED visits pct,quantile,0.95,2.369144666187753
colorado-springs,2026-03-07,0,2026-03-07,Flu ED visits pct,quantile,0.95,2.2934191397373747
columbia,2026-03-07,0,2026-03-07,Flu ED visits pct,quantile,0.95,2.434982755159746
columbus,2026-03-07,0,2026-03-07,Flu ED visits pct,quantile,0.95,3.1378528203456812
dallas,2026-03-07,0,2026-03-07,Flu ED visits pct,quantile,0.95,2.4144506213591166
denver,2026-03-07,0,2026-03-07,Flu ED visits pct,quantile,0.95,2.444400863130186
deschutes,2026-03-07,0,2026-03-07,Flu ED visits pct,quantile,0.95,3.222402803972427
duluth,2026-03-07,0,2026-03-07,Flu ED visits pct,quantile,0.95,2.6318176593632794
el-paso,2026-03-07,0,2026-03-07,Flu ED visits pct,quantile,0.95,2.0447932773630955
eugene,2026-03-07,0,2026-03-07,Flu ED visits pct,quantile,0.95,3.1381603104534257
fay-area,2026-03-07,0,2026-03-07,Flu ED visits pct,quantile,0.95,4.004882154179464
florence,2026-03-07,0,2026-03-07,Flu ED visits pct,quantile,0.95,2.8007150592244807
floyd,2026-03-07,0,2026-03-07,Flu ED visits pct,quantile,0.95,3.717194910855629
frederick,2026-03-07,0,2026-03-07,Flu ED visits pct,quantile,0.95,2.809688997454157
georgia,2026-03-07,0,2026-03-07,Flu ED visits pct,quantile,0.95,1.8942838353256892
greenville,2026-03-07,0,2026-03-07,Flu ED visits pct,quantile,0.95,3.2174681906897415
hall,2026-03-07,0,2026-03-07,Flu ED visits pct,quantile,0.95,2.4392340769386642
harford,2026-03-07,0,2026-03-07,Flu ED visits pct,quantile,0.95,1.342071474191101
henry,2026-03-07,0,2026-03-07,Flu ED visits pct,quantile,0.95,2.1063295061805234
horry,2026-03-07,0,2026-03-07,Flu ED visits pct,quantile,0.95,2.4245967395695507
houston,2026-03-07,0,2026-03-07,Flu ED visits pct,quantile,0.95,1.1703722645617276
indiana,2026-03-07,0,2026-03-07,Flu ED visits pct,quantile,0.95,3.5484136528488106
indianapolis,2026-03-07,0,2026-03-07,Flu ED visits pct,quantile,0.95,4.620992613295404
la-grange,2026-03-07,0,2026-03-07,Flu ED visits pct,quantile,0.95,2.5481985585385987
larimer,2026-03-07,0,2026-03-07,Flu ED visits pct,quantile,0.95,2.460832817350818
lynn,2026-03-07,0,2026-03-07,Flu ED visits pct,quantile,0.95,1.7863323519458283
macon,2026-03-07,0,2026-03-07,Flu ED visits pct,quantile,0.95,1.794177046006915
maine,2026-03-07,0,2026-03-07,Flu ED visits pct,quantile,0.95,1.5865478726515587
marietta,2026-03-07,0,2026-03-07,Flu ED visits pct,quantile,0.95,2.155438399378729
maryland,2026-03-07,0,2026-03-07,Flu ED visits pct,quantile,0.95,1.4411198896866912
massachusetts,2026-03-07,0,2026-03-07,Flu ED visits pct,quantile,0.95,1.6138025301964984
medford,2026-03-07,0,2026-03-07,Flu ED visits pct,quantile,0.95,2.798114201551023
mesa,2026-03-07,0,2026-03-07,Flu ED visits pct,quantile,0.95,1.9236282448100783
minneapolis,2026-03-07,0,2026-03-07,Flu ED visits pct,quantile,0.95,2.4367321325865015
minnesota,2026-03-07,0,2026-03-07,Flu ED visits pct,quantile,0.95,2.609846368004312
montgomery,2026-03-07,0,2026-03-07,Flu ED visits pct,quantile,0.95,1.3452211495679154
nenc,2026-03-07,0,2026-03-07,Flu ED visits pct,quantile,0.95,2.291275937806976
new-bedford,2026-03-07,0,2026-03-07,Flu ED visits pct,quantile,0.95,2.633075122732493
north-carolina,2026-03-07,0,2026-03-07,Flu ED visits pct,quantile,0.95,2.683690845755357
nyc,2026-03-07,0,2026-03-07,ILI ED visits pct,quantile,0.95,2.930990989816287
ogden,2026-03-07,0,2026-03-07,Flu ED visits pct,quantile,0.95,2.6268183038017328
oregon,2026-03-07,0,2026-03-07,Flu ED visits pct,quantile,0.95,2.915749231177483
pittsfield,2026-03-07,0,2026-03-07,Flu ED visits pct,quantile,0.95,1.2366611629840685
portland,2026-03-07,0,2026-03-07,Flu ED visits pct,quantile,0.95,1.4418284249334874
portland-or,2026-03-07,0,2026-03-07,Flu ED visits pct,quantile,0.95,3.1258711920629554
provo,2026-03-07,0,2026-03-07,Flu ED visits pct,quantile,0.95,1.2784314471148044
roanoke,2026-03-07,0,2026-03-07,Flu ED visits pct,quantile,0.95,4.7354761427492855
rochester,2026-03-07,0,2026-03-07,Flu ED visits pct,quantile,0.95,4.268382262603127
rock-hill,2026-03-07,0,2026-03-07,Flu ED visits pct,quantile,0.95,1.090563396326515
rtp-area,2026-03-07,0,2026-03-07,Flu ED visits pct,quantile,0.95,2.354489941864654
salem,2026-03-07,0,2026-03-07,Flu ED visits pct,quantile,0.95,3.705641011436041
salt-lake-city,2026-03-07,0,2026-03-07,Flu ED visits pct,quantile,0.95,2.114764481413645
san-antonio,2026-03-07,0,2026-03-07,Flu ED visits pct,quantile,0.95,4.136654393975819
savannah,2026-03-07,0,2026-03-07,Flu ED visits pct,quantile,0.95,0.9903999583855421
senc,2026-03-07,0,2026-03-07,Flu ED visits pct,quantile,0.95,1.611958497840601
south-augusta,2026-03-07,0,2026-03-07,Flu ED visits pct,quantile,0.95,2.577795739993541
south-carolina,2026-03-07,0,2026-03-07,Flu ED visits pct,quantile,0.95,2.487049223472427
springfield,2026-03-07,0,2026-03-07,Flu ED visits pct,quantile,0.95,1.9223480582309844
st-cloud,2026-03-07,0,2026-03-07,Flu ED visits pct,quantile,0.95,3.8693288554352554
st-paul,2026-03-07,0,2026-03-07,Flu ED visits pct,quantile,0.95,2.9030955128839673
texas,2026-03-07,0,2026-03-07,Flu ED visits pct,quantile,0.95,2.509579885261268
triad-area,2026-03-07,0,2026-03-07,Flu ED visits pct,quantile,0.95,1.8649614793173261
utah,2026-03-07,0,2026-03-07,Flu ED visits pct,quantile,0.95,1.9705522378046647
virginia,2026-03-07,0,2026-03-07,Flu ED visits pct,quantile,0.95,2.6483308875456255
weld,2026-03-07,0,2026-03-07,Flu ED visits pct,quantile,0.95,3.979539305903456
wnc,2026-03-07,0,2026-03-07,Flu ED visits pct,quantile,0.95,2.1267604931471285
worcester,2026-03-07,0,2026-03-07,Flu ED visits pct,quantile,0.95,1.9530297109181485
athens,2026-03-07,1,2026-03-14,Flu ED visits pct,quantile,0.95,4.328633460593072
austin,2026-03-07,1,2026-03-14,Flu ED visits pct,quantile,0.95,2.524396237820575
baltimore,2026-03-07,1,2026-03-14,Flu ED visits pct,quantile,0.95,1.2069902940902324
bangor,2026-03-07,1,2026-03-14,Flu ED visits pct,quantile,0.95,2.753006039200147
beaumont,2026-03-07,1,2026-03-14,Flu ED visits pct,quantile,0.95,2.167298031908733
boston,2026-03-07,1,2026-03-14,Flu ED visits pct,quantile,0.95,1.545599661331369
boulder,2026-03-07,1,2026-03-14,Flu ED visits pct,quantile,0.95,4.631250092181267
charleston,2026-03-07,1,2026-03-14,Flu ED visits pct,quantile,0.95,2.7063855052984076
cherokee,2026-03-07,1,2026-03-14,Flu ED visits pct,quantile,0.95,3.475361047934402
clt-area,2026-03-07,1,2026-03-14,Flu ED visits pct,quantile,0.95,4.0696853548581515
colorado,2026-03-07,1,2026-03-14,Flu ED visits pct,quantile,0.95,2.457695447552467
colorado-springs,2026-03-07,1,2026-03-14,Flu ED visits pct,quantile,0.95,2.306611941935035
columbia,2026-03-07,1,2026-03-14,Flu ED visits pct,quantile,0.95,2.4163043416409753
columbus,2026-03-07,1,2026-03-14,Flu ED visits pct,quantile,0.95,2.990212204263398
dallas,2026-03-07,1,2026-03-14,Flu ED visits pct,quantile,0.95,2.3419007154682965
denver,2026-03-07,1,2026-03-14,Flu ED visits pct,quantile,0.95,2.5357537766869815
deschutes,2026-03-07,1,2026-03-14,Flu ED visits pct,quantile,0.95,3.0265063651384896
duluth,2026-03-07,1,2026-03-14,Flu ED visits pct,quantile,0.95,2.6972414084464407
el-paso,2026-03-07,1,2026-03-14,Flu ED visits pct,quantile,0.95,2.2418625077858265
eugene,2026-03-07,1,2026-03-14,Flu ED visits pct,quantile,0.95,2.9796671484647748
fay-area,2026-03-07,1,2026-03-14,Flu ED visits pct,quantile,0.95,3.8637694557514326
florence,2026-03-07,1,2026-03-14,Flu ED visits pct,quantile,0.95,2.726112940904407
floyd,2026-03-07,1,2026-03-14,Flu ED visits pct,quantile,0.95,3.8034211297953173
frederick,2026-03-07,1,2026-03-14,Flu ED visits pct,quantile,0.95,3.0842173013182586
georgia,2026-03-07,1,2026-03-14,Flu ED visits pct,quantile,0.95,1.86303538122768
greenville,2026-03-07,1,2026-03-14,Flu ED visits pct,quantile,0.95,3.2809862582088902
hall,2026-03-07,1,2026-03-14,Flu ED visits pct,quantile,0.95,2.5866530724979184
harford,2026-03-07,1,2026-03-14,Flu ED visits pct,quantile,0.95,1.476140426856963
henry,2026-03-07,1,2026-03-14,Flu ED visits pct,quantile,0.95,2.2146265892239088
horry,2026-03-07,1,2026-03-14,Flu ED visits pct,quantile,0.95,2.428121932182862
houston,2026-03-07,1,2026-03-14,Flu ED visits pct,quantile,0.95,1.193734870987122
indiana,2026-03-07,1,2026-03-14,Flu ED visits pct,quantile,0.95,3.5545411355494188
indianapolis,2026-03-07,1,2026-03-14,Flu ED visits pct,quantile,0.95,4.468234181245393
la-grange,2026-03-07,1,2026-03-14,Flu ED visits pct,quantile,0.95,2.5706697349798695
larimer,2026-03-07,1,2026-03-14,Flu ED visits pct,quantile,0.95,2.4879246528343777
lynn,2026-03-07,1,2026-03-14,Flu ED visits pct,quantile,0.95,1.9045292591522631
macon,2026-03-07,1,2026-03-14,Flu ED visits pct,quantile,0.95,1.7680497087544969
maine,2026-03-07,1,2026-03-14,Flu ED visits pct,quantile,0.95,1.5603588479116972
marietta,2026-03-07,1,2026-03-14,Flu ED visits pct,quantile,0.95,2.1649196136897855
maryland,2026-03-07,1,2026-03-14,Flu ED visits pct,quantile,0.95,1.5975957846655653
massachusetts,2026-03-07,1,2026-03-14,Flu ED visits pct,quantile,0.95,1.6787714099013349
medford,2026-03-07,1,2026-03-14,Flu ED visits pct,quantile,0.95,2.648052491639713
mesa,2026-03-07,1,2026-03-14,Flu ED visits pct,quantile,0.95,1.868431937758519
minneapolis,2026-03-07,1,2026-03-14,Flu ED visits pct,quantile,0.95,2.537637012108237
minnesota,2026-03-07,1,2026-03-14,Flu ED visits pct,quantile,0.95,2.638851293172849
montgomery,2026-03-07,1,2026-03-14,Flu ED visits pct,quantile,0.95,1.4924561610657454
nenc,2026-03-07,1,2026-03-14,Flu ED visits pct,quantile,0.95,2.2048270487513806
new-bedford,2026-03-07,1,2026-03-14,Flu ED visits pct,quantile,0.95,2.8217264505635775
north-carolina,2026-03-07,1,2026-03-14,Flu ED visits pct,quantile,0.95,2.6209030682323444
nyc,2026-03-07,1,2026-03-14,ILI ED visits pct,quantile,0.95,3.0481295836632434
ogden,2026-03-07,1,2026-03-14,Flu ED visits pct,quantile,0.95,2.5534123935274367
oregon,2026-03-07,1,2026-03-14,Flu ED visits pct,quantile,0.95,2.7873656261762183
pittsfield,2026-03-07,1,2026-03-14,Flu ED visits pct,quantile,0.95,1.2975912539100825
portland,2026-03-07,1,2026-03-14,Flu ED visits pct,quantile,0.95,1.4468091878900007
portland-or,2026-03-07,1,2026-03-14,Flu ED visits pct,quantile,0.95,2.968035427983612
provo,2026-03-07,1,2026-03-14,Flu ED visits pct,quantile,0.95,1.2823593558387774
roanoke,2026-03-07,1,2026-03-14,Flu ED visits pct,quantile,0.95,4.796994137569589
rochester,2026-03-07,1,2026-03-14,Flu ED visits pct,quantile,0.95,4.071413383862877
rock-hill,2026-03-07,1,2026-03-14,Flu ED visits pct,quantile,0.95,1.2267513046473089
rtp-area,2026-03-07,1,2026-03-14,Flu ED visits pct,quantile,0.95,2.2490615416279343
salem,2026-03-07,1,2026-03-14,Flu ED visits pct,quantile,0.95,3.5229326406447186
salt-lake-city,2026-03-07,1,2026-03-14,Flu ED visits pct,quantile,0.95,2.0829200727703174
san-antonio,2026-03-07,1,2026-03-14,Flu ED visits pct,quantile,0.95,3.9412448889427543
savannah,2026-03-07,1,2026-03-14,Flu ED visits pct,quantile,0.95,0.9091722231301321
senc,2026-03-07,1,2026-03-14,Flu ED visits pct,quantile,0.95,1.5812032753323744
south-augusta,2026-03-07,1,2026-03-14,Flu ED visits pct,quantile,0.95,2.497690257254114
south-carolina,2026-03-07,1,2026-03-14,Flu ED visits pct,quantile,0.95,2.442708932904544
springfield,2026-03-07,1,2026-03-14,Flu ED visits pct,quantile,0.95,2.0264580855225867
st-cloud,2026-03-07,1,2026-03-14,Flu ED visits pct,quantile,0.95,3.842463989711836
st-paul,2026-03-07,1,2026-03-14,Flu ED visits pct,quantile,0.95,3.337405443596955
texas,2026-03-07,1,2026-03-14,Flu ED visits pct,quantile,0.95,2.4762899844615274
triad-area,2026-03-07,1,2026-03-14,Flu ED visits pct,quantile,0.95,1.7854954165345283
utah,2026-03-07,1,2026-03-14,Flu ED visits pct,quantile,0.95,1.9297390287793106
virginia,2026-03-07,1,2026-03-14,Flu ED visits pct,quantile,0.95,2.727470573530945
weld,2026-03-07,1,2026-03-14,Flu ED visits pct,quantile,0.95,4.441667982672344
wnc,2026-03-07,1,2026-03-14,Flu ED visits pct,quantile,0.95,2.0567651468754335
worcester,2026-03-07,1,2026-03-14,Flu ED visits pct,quantile,0.95,1.9986924739516352
athens,2026-03-07,2,2026-03-21,Flu ED visits pct,quantile,0.95,4.571389423491463
austin,2026-03-07,2,2026-03-21,Flu ED visits pct,quantile,0.95,2.435921558349026
baltimore,2026-03-07,2,2026-03-21,Flu ED visits pct,quantile,0.95,1.252904084200428
bangor,2026-03-07,2,2026-03-21,Flu ED visits pct,quantile,0.95,2.8036359029293423
beaumont,2026-03-07,2,2026-03-21,Flu ED visits pct,quantile,0.95,2.1923061957373533
boston,2026-03-07,2,2026-03-21,Flu ED visits pct,quantile,0.95,1.539123924610292
boulder,2026-03-07,2,2026-03-21,Flu ED visits pct,quantile,0.95,4.690557078722075
charleston,2026-03-07,2,2026-03-21,Flu ED visits pct,quantile,0.95,2.5745344867022024
cherokee,2026-03-07,2,2026-03-21,Flu ED visits pct,quantile,0.95,3.5997586078691897
clt-area,2026-03-07,2,2026-03-21,Flu ED visits pct,quantile,0.95,3.8950100606058795
colorado,2026-03-07,2,2026-03-21,Flu ED visits pct,quantile,0.95,2.530806453432934
colorado-springs,2026-03-07,2,2026-03-21,Flu ED visits pct,quantile,0.95,2.3316530532101294
columbia,2026-03-07,2,2026-03-21,Flu ED visits pct,quantile,0.95,2.402800218812276
columbus,2026-03-07,2,2026-03-21,Flu ED visits pct,quantile,0.95,2.8517571499013337
dallas,2026-03-07,2,2026-03-21,Flu ED visits pct,quantile,0.95,2.2918802231743576
denver,2026-03-07,2,2026-03-21,Flu ED visits pct,quantile,0.95,2.5862320526889446
deschutes,2026-03-07,2,2026-03-21,Flu ED visits pct,quantile,0.95,2.918218330964699
duluth,2026-03-07,2,2026-03-21,Flu ED visits pct,quantile,0.95,2.7500104121690034
el-paso,2026-03-07,2,2026-03-21,Flu ED visits pct,quantile,0.95,2.343197951773506
eugene,2026-03-07,2,2026-03-21,Flu ED visits pct,quantile,0.95,2.853261500385804
fay-area,2026-03-07,2,2026-03-21,Flu ED visits pct,quantile,0.95,3.6191759350492587
florence,2026-03-07,2,2026-03-21,Flu ED visits pct,quantile,0.95,2.6288254036535985
floyd,2026-03-07,2,2026-03-21,Flu ED visits pct,quantile,0.95,3.8294220937720884
frederick,2026-03-07,2,2026-03-21,Flu ED visits pct,quantile,0.95,3.261704629318088
georgia,2026-03-07,2,2026-03-21,Flu ED visits pct,quantile,0.95,1.8750195803122207
greenville,2026-03-07,2,2026-03-21,Flu ED visits pct,quantile,0.95,3.3037409093762293
hall,2026-03-07,2,2026-03-21,Flu ED visits pct,quantile,0.95,2.628149135601345
harford,2026-03-07,2,2026-03-21,Flu ED visits pct,quantile,0.95,1.5119073721320468
henry,2026-03-07,2,2026-03-21,Flu ED visits pct,quantile,0.95,2.3154209335543094
horry,2026-03-07,2,2026-03-21,Flu ED visits pct,quantile,0.95,2.3614028653483925
houston,2026-03-07,2,2026-03-21,Flu ED visits pct,quantile,0.95,1.2064792685702186
indiana,2026-03-07,2,2026-03-21,Flu ED visits pct,quantile,0.95,3.5546333568344677
indianapolis,2026-03-07,2,2026-03-21,Flu ED visits pct,quantile,0.95,4.407304801903013
la-grange,2026-03-07,2,2026-03-21,Flu ED visits pct,quantile,0.95,2.525789094260178
larimer,2026-03-07,2,2026-03-21,Flu ED visits pct,quantile,0.95,2.4727709592975833
lynn,2026-03-07,2,2026-03-21,Flu ED visits pct,quantile,0.95,1.898881322538184
macon,2026-03-07,2,2026-03-21,Flu ED visits pct,quantile,0.95,1.7360799476596134
maine,2026-03-07,2,2026-03-21,Flu ED visits pct,quantile,0.95,1.535408112197984
marietta,2026-03-07,2,2026-03-21,Flu ED visits pct,quantile,0.95,2.3037366776380708
maryland,2026-03-07,2,2026-03-21,Flu ED visits pct,quantile,0.95,1.6478360303289843
massachusetts,2026-03-07,2,2026-03-21,Flu ED visits pct,quantile,0.95,1.6852364837339866
medford,2026-03-07,2,2026-03-21,Flu ED visits pct,quantile,0.95,2.5114719226915168
mesa,2026-03-07,2,2026-03-21,Flu ED visits pct,quantile,0.95,1.8350353927678926
minneapolis,2026-03-07,2,2026-03-21,Flu ED visits pct,quantile,0.95,2.5415532529733693
minnesota,2026-03-07,2,2026-03-21,Flu ED visits pct,quantile,0.95,2.649744221398548
montgomery,2026-03-07,2,2026-03-21,Flu ED visits pct,quantile,0.95,1.5811500093948971
nenc,2026-03-07,2,2026-03-21,Flu ED visits pct,quantile,0.95,2.0965032755267115
new-bedford,2026-03-07,2,2026-03-21,Flu ED visits pct,quantile,0.95,2.9231685435053545
north-carolina,2026-03-07,2,2026-03-21,Flu ED visits pct,quantile,0.95,2.4996615158957045
nyc,2026-03-07,2,2026-03-21,ILI ED visits pct,quantile,0.95,3.06884297448827
ogden,2026-03-07,2,2026-03-21,Flu ED visits pct,quantile,0.95,2.533088664939575
oregon,2026-03-07,2,2026-03-21,Flu ED visits pct,quantile,0.95,2.6716711159510487
pittsfield,2026-03-07,2,2026-03-21,Flu ED visits pct,quantile,0.95,1.3219337208182522
portland,2026-03-07,2,2026-03-21,Flu ED visits pct,quantile,0.95,1.4240706883944618
portland-or,2026-03-07,2,2026-03-21,Flu ED visits pct,quantile,0.95,2.817226813239596
provo,2026-03-07,2,2026-03-21,Flu ED visits pct,quantile,0.95,1.2548189149797486
roanoke,2026-03-07,2,2026-03-21,Flu ED visits pct,quantile,0.95,4.687719593429002
rochester,2026-03-07,2,2026-03-21,Flu ED visits pct,quantile,0.95,3.897720066169117
rock-hill,2026-03-07,2,2026-03-21,Flu ED visits pct,quantile,0.95,1.3005496429377232
rtp-area,2026-03-07,2,2026-03-21,Flu ED visits pct,quantile,0.95,2.1243665829119367
salem,2026-03-07,2,2026-03-21,Flu ED visits pct,quantile,0.95,3.324215763591235
salt-lake-city,2026-03-07,2,2026-03-21,Flu ED visits pct,quantile,0.95,2.0171519622357783
san-antonio,2026-03-07,2,2026-03-21,Flu ED visits pct,quantile,0.95,3.745162375799525
savannah,2026-03-07,2,2026-03-21,Flu ED visits pct,quantile,0.95,0.8663879821011917
senc,2026-03-07,2,2026-03-21,Flu ED visits pct,quantile,0.95,1.5410334793245786
south-augusta,2026-03-07,2,2026-03-21,Flu ED visits pct,quantile,0.95,2.3873209372371607
south-carolina,2026-03-07,2,2026-03-21,Flu ED visits pct,quantile,0.95,2.3409263417038955
springfield,2026-03-07,2,2026-03-21,Flu ED visits pct,quantile,0.95,2.0282822334338104
st-cloud,2026-03-07,2,2026-03-21,Flu ED visits pct,quantile,0.95,3.85528481613537
st-paul,2026-03-07,2,2026-03-21,Flu ED visits pct,quantile,0.95,3.416757711100469
texas,2026-03-07,2,2026-03-21,Flu ED visits pct,quantile,0.95,2.4599462691979994
triad-area,2026-03-07,2,2026-03-21,Flu ED visits pct,quantile,0.95,1.665485401427761
utah,2026-03-07,2,2026-03-21,Flu ED visits pct,quantile,0.95,1.8871230823575253
virginia,2026-03-07,2,2026-03-21,Flu ED visits pct,quantile,0.95,2.750848792121268
weld,2026-03-07,2,2026-03-21,Flu ED visits pct,quantile,0.95,4.597544341859536
wnc,2026-03-07,2,2026-03-21,Flu ED visits pct,quantile,0.95,1.9378218733249428
worcester,2026-03-07,2,2026-03-21,Flu ED visits pct,quantile,0.95,1.9883773340831508
athens,2026-03-07,3,2026-03-28,Flu ED visits pct,quantile,0.95,4.653699793127503
austin,2026-03-07,3,2026-03-28,Flu ED visits pct,quantile,0.95,2.4974988504557696
baltimore,2026-03-07,3,2026-03-28,Flu ED visits pct,quantile,0.95,1.288745104120349
bangor,2026-03-07,3,2026-03-28,Flu ED visits pct,quantile,0.95,2.896254559476524
beaumont,2026-03-07,3,2026-03-28,Flu ED visits pct,quantile,0.95,2.2017275624160004
boston,2026-03-07,3,2026-03-28,Flu ED visits pct,quantile,0.95,1.584675295872993
boulder,2026-03-07,3,2026-03-28,Flu ED visits pct,quantile,0.95,4.723551465755152
charleston,2026-03-07,3,2026-03-28,Flu ED visits pct,quantile,0.95,2.568152179119235
cherokee,2026-03-07,3,2026-03-28,Flu ED visits pct,quantile,0.95,3.6563500132757722
clt-area,2026-03-07,3,2026-03-28,Flu ED visits pct,quantile,0.95,3.922726599329246
colorado,2026-03-07,3,2026-03-28,Flu ED visits pct,quantile,0.95,2.610856865614363
colorado-springs,2026-03-07,3,2026-03-28,Flu ED visits pct,quantile,0.95,2.3336984617154655
columbia,2026-03-07,3,2026-03-28,Flu ED visits pct,quantile,0.95,2.448801653507886
columbus,2026-03-07,3,2026-03-28,Flu ED visits pct,quantile,0.95,2.8290493163313686
dallas,2026-03-07,3,2026-03-28,Flu ED visits pct,quantile,0.95,2.296255666952319
denver,2026-03-07,3,2026-03-28,Flu ED visits pct,quantile,0.95,2.645297068567384
deschutes,2026-03-07,3,2026-03-28,Flu ED visits pct,quantile,0.95,2.89983571842497
duluth,2026-03-07,3,2026-03-28,Flu ED visits pct,quantile,0.95,2.8049797890947663
el-paso,2026-03-07,3,2026-03-28,Flu ED visits pct,quantile,0.95,2.4807077127713066
eugene,2026-03-07,3,2026-03-28,Flu ED visits pct,quantile,0.95,2.865100741490818
fay-area,2026-03-07,3,2026-03-28,Flu ED visits pct,quantile,0.95,3.683128585963602
florence,2026-03-07,3,2026-03-28,Flu ED visits pct,quantile,0.95,2.648359478576262
floyd,2026-03-07,3,2026-03-28,Flu ED visits pct,quantile,0.95,3.9531746958690874
frederick,2026-03-07,3,2026-03-28,Flu ED visits pct,quantile,0.95,3.3353658634868593
georgia,2026-03-07,3,2026-03-28,Flu ED visits pct,quantile,0.95,1.9428120286100532
greenville,2026-03-07,3,2026-03-28,Flu ED visits pct,quantile,0.95,3.380791380638521
hall,2026-03-07,3,2026-03-28,Flu ED visits pct,quantile,0.95,2.7158659062352033
harford,2026-03-07,3,2026-03-28,Flu ED visits pct,quantile,0.95,1.5513940112048095
henry,2026-03-07,3,2026-03-28,Flu ED visits pct,quantile,0.95,2.3752232221967997
horry,2026-03-07,3,2026-03-28,Flu ED visits pct,quantile,0.95,2.3964813098510143
houston,2026-03-07,3,2026-03-28,Flu ED visits pct,quantile,0.95,1.226855800115877
indiana,2026-03-07,3,2026-03-28,Flu ED visits pct,quantile,0.95,3.6177228670003165
indianapolis,2026-03-07,3,2026-03-28,Flu ED visits pct,quantile,0.95,4.451152302548459
la-grange,2026-03-07,3,2026-03-28,Flu ED visits pct,quantile,0.95,2.604081859416859
larimer,2026-03-07,3,2026-03-28,Flu ED visits pct,quantile,0.95,2.5369250253260507
lynn,2026-03-07,3,2026-03-28,Flu ED visits pct,quantile,0.95,1.942656634810937
macon,2026-03-07,3,2026-03-28,Flu ED visits pct,quantile,0.95,1.736452183134576
maine,2026-03-07,3,2026-03-28,Flu ED visits pct,quantile,0.95,1.521621083088644
marietta,2026-03-07,3,2026-03-28,Flu ED visits pct,quantile,0.95,2.32105841824436
maryland,2026-03-07,3,2026-03-28,Flu ED visits pct,quantile,0.95,1.6838613480168696
massachusetts,2026-03-07,3,2026-03-28,Flu ED visits pct,quantile,0.95,1.7519560603339892
medford,2026-03-07,3,2026-03-28,Flu ED visits pct,quantile,0.95,2.5257661230767536
mesa,2026-03-07,3,2026-03-28,Flu ED visits pct,quantile,0.95,1.8437176194118166
minneapolis,2026-03-07,3,2026-03-28,Flu ED visits pct,quantile,0.95,2.5935159411656135
minnesota,2026-03-07,3,2026-03-28,Flu ED visits pct,quantile,0.95,2.664122031791664
montgomery,2026-03-07,3,2026-03-28,Flu ED visits pct,quantile,0.95,1.5696905374599557
nenc,2026-03-07,3,2026-03-28,Flu ED visits pct,quantile,0.95,2.105267515588175
new-bedford,2026-03-07,3,2026-03-28,Flu ED visits pct,quantile,0.95,2.9395304714301154
north-carolina,2026-03-07,3,2026-03-28,Flu ED visits pct,quantile,0.95,2.5181266437711027
nyc,2026-03-07,3,2026-03-28,ILI ED visits pct,quantile,0.95,3.1308132003376543
ogden,2026-03-07,3,2026-03-28,Flu ED visits pct,quantile,0.95,2.5297825334646875
oregon,2026-03-07,3,2026-03-28,Flu ED visits pct,quantile,0.95,2.673864927805546
pittsfield,2026-03-07,3,2026-03-28,Flu ED visits pct,quantile,0.95,1.3854899038469914
portland,2026-03-07,3,2026-03-28,Flu ED visits pct,quantile,0.95,1.4389832750997138
portland-or,2026-03-07,3,2026-03-28,Flu ED visits pct,quantile,0.95,2.808267944255832
provo,2026-03-07,3,2026-03-28,Flu ED visits pct,quantile,0.95,1.2692580413472314
roanoke,2026-03-07,3,2026-03-28,Flu ED visits pct,quantile,0.95,4.6857318148715015
rochester,2026-03-07,3,2026-03-28,Flu ED visits pct,quantile,0.95,3.8921184341693054
rock-hill,2026-03-07,3,2026-03-28,Flu ED visits pct,quantile,0.95,1.4164770349914375
rtp-area,2026-03-07,3,2026-03-28,Flu ED visits pct,quantile,0.95,2.1232554373031016
salem,2026-03-07,3,2026-03-28,Flu ED visits pct,quantile,0.95,3.333897619871252
salt-lake-city,2026-03-07,3,2026-03-28,Flu ED visits pct,quantile,0.95,2.0217081607429823
san-antonio,2026-03-07,3,2026-03-28,Flu ED visits pct,quantile,0.95,3.7592634578511914
savannah,2026-03-07,3,2026-03-28,Flu ED visits pct,quantile,0.95,0.8657315592801362
senc,2026-03-07,3,2026-03-28,Flu ED visits pct,quantile,0.95,1.532482774476418
south-augusta,2026-03-07,3,2026-03-28,Flu ED visits pct,quantile,0.95,2.4002209577567934
south-carolina,2026-03-07,3,2026-03-28,Flu ED visits pct,quantile,0.95,2.4371779784932266
springfield,2026-03-07,3,2026-03-28,Flu ED visits pct,quantile,0.95,2.0811102143247173
st-cloud,2026-03-07,3,2026-03-28,Flu ED visits pct,quantile,0.95,3.853893153547639
st-paul,2026-03-07,3,2026-03-28,Flu ED visits pct,quantile,0.95,3.4830449759992312
texas,2026-03-07,3,2026-03-28,Flu ED visits pct,quantile,0.95,2.4680512110350934
triad-area,2026-03-07,3,2026-03-28,Flu ED visits pct,quantile,0.95,1.6758400584737898
utah,2026-03-07,3,2026-03-28,Flu ED visits pct,quantile,0.95,1.8885947218753854
virginia,2026-03-07,3,2026-03-28,Flu ED visits pct,quantile,0.95,2.785229920869514
weld,2026-03-07,3,2026-03-28,Flu ED visits pct,quantile,0.95,4.672807316119221
wnc,2026-03-07,3,2026-03-28,Flu ED visits pct,quantile,0.95,1.9521469235511786
worcester,2026-03-07,3,2026-03-28,Flu ED visits pct,quantile,0.95,2.036603216384797
athens,2026-03-07,0,2026-03-07,Flu ED visits pct,quantile,0.975,4.408351531587525
austin,2026-03-07,0,2026-03-07,Flu ED visits pct,quantile,0.975,2.8575388421061096
baltimore,2026-03-07,0,2026-03-07,Flu ED visits pct,quantile,0.975,1.3036544122494065
bangor,2026-03-07,0,2026-03-07,Flu ED visits pct,quantile,0.975,3.167029381201253
beaumont,2026-03-07,0,2026-03-07,Flu ED visits pct,quantile,0.975,2.555925346197545
boston,2026-03-07,0,2026-03-07,Flu ED visits pct,quantile,0.975,1.6666177428752669
boulder,2026-03-07,0,2026-03-07,Flu ED visits pct,quantile,0.975,5.134270785829524
charleston,2026-03-07,0,2026-03-07,Flu ED visits pct,quantile,0.975,3.109982714816216
cherokee,2026-03-07,0,2026-03-07,Flu ED visits pct,quantile,0.975,3.943000544804813
clt-area,2026-03-07,0,2026-03-07,Flu ED visits pct,quantile,0.975,4.607529500620026
colorado,2026-03-07,0,2026-03-07,Flu ED visits pct,quantile,0.975,2.7815236490728
colorado-springs,2026-03-07,0,2026-03-07,Flu ED visits pct,quantile,0.975,2.608139218949193
columbia,2026-03-07,0,2026-03-07,Flu ED visits pct,quantile,0.975,2.84189751569449
columbus,2026-03-07,0,2026-03-07,Flu ED visits pct,quantile,0.975,3.402609071386179
dallas,2026-03-07,0,2026-03-07,Flu ED visits pct,quantile,0.975,2.7006067371059364
denver,2026-03-07,0,2026-03-07,Flu ED visits pct,quantile,0.975,2.750082995428793
deschutes,2026-03-07,0,2026-03-07,Flu ED visits pct,quantile,0.975,3.5841934922923087
duluth,2026-03-07,0,2026-03-07,Flu ED visits pct,quantile,0.975,3.0317807848746527
el-paso,2026-03-07,0,2026-03-07,Flu ED visits pct,quantile,0.975,2.43515481991395
eugene,2026-03-07,0,2026-03-07,Flu ED visits pct,quantile,0.975,3.435058184426236
fay-area,2026-03-07,0,2026-03-07,Flu ED visits pct,quantile,0.975,4.334267160762399
florence,2026-03-07,0,2026-03-07,Flu ED visits pct,quantile,0.975,3.1460644502162127
floyd,2026-03-07,0,2026-03-07,Flu ED visits pct,quantile,0.975,4.3833605051286515
frederick,2026-03-07,0,2026-03-07,Flu ED visits pct,quantile,0.975,3.155987523845507
georgia,2026-03-07,0,2026-03-07,Flu ED visits pct,quantile,0.975,2.236056550151337
greenville,2026-03-07,0,2026-03-07,Flu ED visits pct,quantile,0.975,3.6123915744085227
hall,2026-03-07,0,2026-03-07,Flu ED visits pct,quantile,0.975,2.829808076230672
harford,2026-03-07,0,2026-03-07,Flu ED visits pct,quantile,0.975,1.5431358208267125
henry,2026-03-07,0,2026-03-07,Flu ED visits pct,quantile,0.975,2.395601717873325
horry,2026-03-07,0,2026-03-07,Flu ED visits pct,quantile,0.975,2.7724610965079397
houston,2026-03-07,0,2026-03-07,Flu ED visits pct,quantile,0.975,1.3183484614545007
indiana,2026-03-07,0,2026-03-07,Flu ED visits pct,quantile,0.975,4.084928505183743
indianapolis,2026-03-07,0,2026-03-07,Flu ED visits pct,quantile,0.975,5.110282088480988
la-grange,2026-03-07,0,2026-03-07,Flu ED visits pct,quantile,0.975,2.9251094064954986
larimer,2026-03-07,0,2026-03-07,Flu ED visits pct,quantile,0.975,2.9117065436405283
lynn,2026-03-07,0,2026-03-07,Flu ED visits pct,quantile,0.975,1.9684603449602107
macon,2026-03-07,0,2026-03-07,Flu ED visits pct,quantile,0.975,1.9149027171916624
maine,2026-03-07,0,2026-03-07,Flu ED visits pct,quantile,0.975,1.8115019279060138
marietta,2026-03-07,0,2026-03-07,Flu ED visits pct,quantile,0.975,2.503785640742194
maryland,2026-03-07,0,2026-03-07,Flu ED visits pct,quantile,0.975,1.7662246172864389
massachusetts,2026-03-07,0,2026-03-07,Flu ED visits pct,quantile,0.975,1.8799299361634723
medford,2026-03-07,0,2026-03-07,Flu ED visits pct,quantile,0.975,3.231264007620075
mesa,2026-03-07,0,2026-03-07,Flu ED visits pct,quantile,0.975,2.1228071009965843
minneapolis,2026-03-07,0,2026-03-07,Flu ED visits pct,quantile,0.975,2.7766762447745017
minnesota,2026-03-07,0,2026-03-07,Flu ED visits pct,quantile,0.975,3.0208474544357333
montgomery,2026-03-07,0,2026-03-07,Flu ED visits pct,quantile,0.975,1.5881920430527707
nenc,2026-03-07,0,2026-03-07,Flu ED visits pct,quantile,0.975,2.4974069354724304
new-bedford,2026-03-07,0,2026-03-07,Flu ED visits pct,quantile,0.975,3.106181044912597
north-carolina,2026-03-07,0,2026-03-07,Flu ED visits pct,quantile,0.975,2.9313225151873374
nyc,2026-03-07,0,2026-03-07,ILI ED visits pct,quantile,0.975,3.2056454916354395
ogden,2026-03-07,0,2026-03-07,Flu ED visits pct,quantile,0.975,2.932217874916662
oregon,2026-03-07,0,2026-03-07,Flu ED visits pct,quantile,0.975,3.2312974480943937
pittsfield,2026-03-07,0,2026-03-07,Flu ED visits pct,quantile,0.975,1.3879518351970264
portland,2026-03-07,0,2026-03-07,Flu ED visits pct,quantile,0.975,1.655565568897208
portland-or,2026-03-07,0,2026-03-07,Flu ED visits pct,quantile,0.975,3.3320149484156127
provo,2026-03-07,0,2026-03-07,Flu ED visits pct,quantile,0.975,1.5117098467720655
roanoke,2026-03-07,0,2026-03-07,Flu ED visits pct,quantile,0.975,5.27483340853326
rochester,2026-03-07,0,2026-03-07,Flu ED visits pct,quantile,0.975,4.688875568337068
rock-hill,2026-03-07,0,2026-03-07,Flu ED visits pct,quantile,0.975,1.1834056542058478
rtp-area,2026-03-07,0,2026-03-07,Flu ED visits pct,quantile,0.975,2.524250207142898
salem,2026-03-07,0,2026-03-07,Flu ED visits pct,quantile,0.975,4.130795080886971
salt-lake-city,2026-03-07,0,2026-03-07,Flu ED visits pct,quantile,0.975,2.2906282814018484
san-antonio,2026-03-07,0,2026-03-07,Flu ED visits pct,quantile,0.975,4.494823325784749
savannah,2026-03-07,0,2026-03-07,Flu ED visits pct,quantile,0.975,1.1195840956216614
senc,2026-03-07,0,2026-03-07,Flu ED visits pct,quantile,0.975,1.787783971171
south-augusta,2026-03-07,0,2026-03-07,Flu ED visits pct,quantile,0.975,2.898435253685758
south-carolina,2026-03-07,0,2026-03-07,Flu ED visits pct,quantile,0.975,2.864864229564615
springfield,2026-03-07,0,2026-03-07,Flu ED visits pct,quantile,0.975,2.1862874981330425
st-cloud,2026-03-07,0,2026-03-07,Flu ED visits pct,quantile,0.975,4.394482603523695
st-paul,2026-03-07,0,2026-03-07,Flu ED visits pct,quantile,0.975,3.352734974349661
texas,2026-03-07,0,2026-03-07,Flu ED visits pct,quantile,0.975,2.956822337172435
triad-area,2026-03-07,0,2026-03-07,Flu ED visits pct,quantile,0.975,2.0858399494525615
utah,2026-03-07,0,2026-03-07,Flu ED visits pct,quantile,0.975,2.234992403294372
virginia,2026-03-07,0,2026-03-07,Flu ED visits pct,quantile,0.975,3.077745218416339
weld,2026-03-07,0,2026-03-07,Flu ED visits pct,quantile,0.975,4.373427894815825
wnc,2026-03-07,0,2026-03-07,Flu ED visits pct,quantile,0.975,2.3285488607931675
worcester,2026-03-07,0,2026-03-07,Flu ED visits pct,quantile,0.975,2.1035441322890724
athens,2026-03-07,1,2026-03-14,Flu ED visits pct,quantile,0.975,5.239982617052995
austin,2026-03-07,1,2026-03-14,Flu ED visits pct,quantile,0.975,2.9396742549845802
baltimore,2026-03-07,1,2026-03-14,Flu ED visits pct,quantile,0.975,1.4859897418201826
bangor,2026-03-07,1,2026-03-14,Flu ED visits pct,quantile,0.975,3.364757660912282
beaumont,2026-03-07,1,2026-03-14,Flu ED visits pct,quantile,0.975,2.7231082131082864
boston,2026-03-07,1,2026-03-14,Flu ED visits pct,quantile,0.975,1.7974109360440607
boulder,2026-03-07,1,2026-03-14,Flu ED visits pct,quantile,0.975,5.3709660048707635
charleston,2026-03-07,1,2026-03-14,Flu ED visits pct,quantile,0.975,3.08961048950069
cherokee,2026-03-07,1,2026-03-14,Flu ED visits pct,quantile,0.975,4.3470346060949945
clt-area,2026-03-07,1,2026-03-14,Flu ED visits pct,quantile,0.975,4.730513140460111
colorado,2026-03-07,1,2026-03-14,Flu ED visits pct,quantile,0.975,3.0893769232807475
colorado-springs,2026-03-07,1,2026-03-14,Flu ED visits pct,quantile,0.975,2.7383308793453938
columbia,2026-03-07,1,2026-03-14,Flu ED visits pct,quantile,0.975,2.974777893551726
columbus,2026-03-07,1,2026-03-14,Flu ED visits pct,quantile,0.975,3.3910077056820387
dallas,2026-03-07,1,2026-03-14,Flu ED visits pct,quantile,0.975,2.682093266323193
denver,2026-03-07,1,2026-03-14,Flu ED visits pct,quantile,0.975,3.0718366104937163
deschutes,2026-03-07,1,2026-03-14,Flu ED visits pct,quantile,0.975,3.5675107435229796
duluth,2026-03-07,1,2026-03-14,Flu ED visits pct,quantile,0.975,3.280827160447823
el-paso,2026-03-07,1,2026-03-14,Flu ED visits pct,quantile,0.975,2.7439483519095935
eugene,2026-03-07,1,2026-03-14,Flu ED visits pct,quantile,0.975,3.420319487266134
fay-area,2026-03-07,1,2026-03-14,Flu ED visits pct,quantile,0.975,4.282143382091147
florence,2026-03-07,1,2026-03-14,Flu ED visits pct,quantile,0.975,3.146163778734323
floyd,2026-03-07,1,2026-03-14,Flu ED visits pct,quantile,0.975,4.798830662544858
frederick,2026-03-07,1,2026-03-14,Flu ED visits pct,quantile,0.975,3.7051848949780863
georgia,2026-03-07,1,2026-03-14,Flu ED visits pct,quantile,0.975,2.3788412630287286
greenville,2026-03-07,1,2026-03-14,Flu ED visits pct,quantile,0.975,3.961200080993994
hall,2026-03-07,1,2026-03-14,Flu ED visits pct,quantile,0.975,3.055818711361742
harford,2026-03-07,1,2026-03-14,Flu ED visits pct,quantile,0.975,1.7609268543822494
henry,2026-03-07,1,2026-03-14,Flu ED visits pct,quantile,0.975,2.6714977655456447
horry,2026-03-07,1,2026-03-14,Flu ED visits pct,quantile,0.975,2.8548589328387575
houston,2026-03-07,1,2026-03-14,Flu ED visits pct,quantile,0.975,1.3823206192303024
indiana,2026-03-07,1,2026-03-14,Flu ED visits pct,quantile,0.975,4.282014838110971
indianapolis,2026-03-07,1,2026-03-14,Flu ED visits pct,quantile,0.975,5.2591857274294425
la-grange,2026-03-07,1,2026-03-14,Flu ED visits pct,quantile,0.975,3.0729104341215963
larimer,2026-03-07,1,2026-03-14,Flu ED visits pct,quantile,0.975,3.061161410133404
lynn,2026-03-07,1,2026-03-14,Flu ED visits pct,quantile,0.975,2.0803578888804366
macon,2026-03-07,1,2026-03-14,Flu ED visits pct,quantile,0.975,1.9452970695040868
maine,2026-03-07,1,2026-03-14,Flu ED visits pct,quantile,0.975,1.7951633049049376
marietta,2026-03-07,1,2026-03-14,Flu ED visits pct,quantile,0.975,2.7504913376259332
maryland,2026-03-07,1,2026-03-14,Flu ED visits pct,quantile,0.975,2.0004094010555833
massachusetts,2026-03-07,1,2026-03-14,Flu ED visits pct,quantile,0.975,1.9929365161904056
medford,2026-03-07,1,2026-03-14,Flu ED visits pct,quantile,0.975,3.215511954229121
mesa,2026-03-07,1,2026-03-14,Flu ED visits pct,quantile,0.975,2.1293195474407574
minneapolis,2026-03-07,1,2026-03-14,Flu ED visits pct,quantile,0.975,2.9939073811478836
minnesota,2026-03-07,1,2026-03-14,Flu ED visits pct,quantile,0.975,3.18781671332382
montgomery,2026-03-07,1,2026-03-14,Flu ED visits pct,quantile,0.975,1.8282361834632805
nenc,2026-03-07,1,2026-03-14,Flu ED visits pct,quantile,0.975,2.515994372198003
new-bedford,2026-03-07,1,2026-03-14,Flu ED visits pct,quantile,0.975,3.3560183180134637
north-carolina,2026-03-07,1,2026-03-14,Flu ED visits pct,quantile,0.975,2.982855973419421
nyc,2026-03-07,1,2026-03-14,ILI ED visits pct,quantile,0.975,3.349612662505412
ogden,2026-03-07,1,2026-03-14,Flu ED visits pct,quantile,0.975,2.9578872791145403
oregon,2026-03-07,1,2026-03-14,Flu ED visits pct,quantile,0.975,3.2241448122108913
pittsfield,2026-03-07,1,2026-03-14,Flu ED visits pct,quantile,0.975,1.475954765269568
portland,2026-03-07,1,2026-03-14,Flu ED visits pct,quantile,0.975,1.7078156982959956
portland-or,2026-03-07,1,2026-03-14,Flu ED visits pct,quantile,0.975,3.30192153237574
provo,2026-03-07,1,2026-03-14,Flu ED visits pct,quantile,0.975,1.557500921794978
roanoke,2026-03-07,1,2026-03-14,Flu ED visits pct,quantile,0.975,5.590355412770754
rochester,2026-03-07,1,2026-03-14,Flu ED visits pct,quantile,0.975,4.719400927814544
rock-hill,2026-03-07,1,2026-03-14,Flu ED visits pct,quantile,0.975,1.4299306375461667
rtp-area,2026-03-07,1,2026-03-14,Flu ED visits pct,quantile,0.975,2.5104157220799967
salem,2026-03-07,1,2026-03-14,Flu ED visits pct,quantile,0.975,4.080350199842686
salt-lake-city,2026-03-07,1,2026-03-14,Flu ED visits pct,quantile,0.975,2.3093530211335858
san-antonio,2026-03-07,1,2026-03-14,Flu ED visits pct,quantile,0.975,4.447004818122677
savannah,2026-03-07,1,2026-03-14,Flu ED visits pct,quantile,0.975,1.0996033755098993
senc,2026-03-07,1,2026-03-14,Flu ED visits pct,quantile,0.975,1.7731946028839938
south-augusta,2026-03-07,1,2026-03-14,Flu ED visits pct,quantile,0.975,2.9533194704318153
south-carolina,2026-03-07,1,2026-03-14,Flu ED visits pct,quantile,0.975,2.9356053488806393
springfield,2026-03-07,1,2026-03-14,Flu ED visits pct,quantile,0.975,2.2947457015144272
st-cloud,2026-03-07,1,2026-03-14,Flu ED visits pct,quantile,0.975,4.526998756933074
st-paul,2026-03-07,1,2026-03-14,Flu ED visits pct,quantile,0.975,3.933098343937509
texas,2026-03-07,1,2026-03-14,Flu ED visits pct,quantile,0.975,3.02261070266399
triad-area,2026-03-07,1,2026-03-14,Flu ED visits pct,quantile,0.975,2.112147697932391
utah,2026-03-07,1,2026-03-14,Flu ED visits pct,quantile,0.975,2.2880542733878433
virginia,2026-03-07,1,2026-03-14,Flu ED visits pct,quantile,0.975,3.27932450534624
weld,2026-03-07,1,2026-03-14,Flu ED visits pct,quantile,0.975,5.0409421842844875
wnc,2026-03-07,1,2026-03-14,Flu ED visits pct,quantile,0.975,2.3114572097880606
worcester,2026-03-07,1,2026-03-14,Flu ED visits pct,quantile,0.975,2.1813773403209114
athens,2026-03-07,2,2026-03-21,Flu ED visits pct,quantile,0.975,5.739818535305819
austin,2026-03-07,2,2026-03-21,Flu ED visits pct,quantile,0.975,2.9988166841822124
baltimore,2026-03-07,2,2026-03-21,Flu ED visits pct,quantile,0.975,1.6249762730624366
bangor,2026-03-07,2,2026-03-21,Flu ED visits pct,quantile,0.975,3.51108338148007
beaumont,2026-03-07,2,2026-03-21,Flu ED visits pct,quantile,0.975,2.7273614777567374
boston,2026-03-07,2,2026-03-21,Flu ED visits pct,quantile,0.975,1.9508926505579232
boulder,2026-03-07,2,2026-03-21,Flu ED visits pct,quantile,0.975,5.425959177416295
charleston,2026-03-07,2,2026-03-21,Flu ED visits pct,quantile,0.975,3.0822400316767102
cherokee,2026-03-07,2,2026-03-21,Flu ED visits pct,quantile,0.975,4.82074392438563
clt-area,2026-03-07,2,2026-03-21,Flu ED visits pct,quantile,0.975,4.677170961176646
colorado,2026-03-07,2,2026-03-21,Flu ED visits pct,quantile,0.975,3.3040475689653084
colorado-springs,2026-03-07,2,2026-03-21,Flu ED visits pct,quantile,0.975,2.8082304507691034
columbia,2026-03-07,2,2026-03-21,Flu ED visits pct,quantile,0.975,3.080731112974681
columbus,2026-03-07,2,2026-03-21,Flu ED visits pct,quantile,0.975,3.333297993107376
dallas,2026-03-07,2,2026-03-21,Flu ED visits pct,quantile,0.975,2.681682656674632
denver,2026-03-07,2,2026-03-21,Flu ED visits pct,quantile,0.975,3.1980852830610034
deschutes,2026-03-07,2,2026-03-21,Flu ED visits pct,quantile,0.975,3.5155711696560745
duluth,2026-03-07,2,2026-03-21,Flu ED visits pct,quantile,0.975,3.514081350555481
el-paso,2026-03-07,2,2026-03-21,Flu ED visits pct,quantile,0.975,2.998218426763521
eugene,2026-03-07,2,2026-03-21,Flu ED visits pct,quantile,0.975,3.43863107436661
fay-area,2026-03-07,2,2026-03-21,Flu ED visits pct,quantile,0.975,4.2869131117890165
florence,2026-03-07,2,2026-03-21,Flu ED visits pct,quantile,0.975,3.1397719006848264
floyd,2026-03-07,2,2026-03-21,Flu ED visits pct,quantile,0.975,5.024171293063827
frederick,2026-03-07,2,2026-03-21,Flu ED visits pct,quantile,0.975,3.9616520330060783
georgia,2026-03-07,2,2026-03-21,Flu ED visits pct,quantile,0.975,2.4925527046206137
greenville,2026-03-07,2,2026-03-21,Flu ED visits pct,quantile,0.975,4.088899726529128
hall,2026-03-07,2,2026-03-21,Flu ED visits pct,quantile,0.975,3.2509555380666177
harford,2026-03-07,2,2026-03-21,Flu ED visits pct,quantile,0.975,1.9289179503572496
henry,2026-03-07,2,2026-03-21,Flu ED visits pct,quantile,0.975,2.9090027235796256
horry,2026-03-07,2,2026-03-21,Flu ED visits pct,quantile,0.975,2.939325879330341
houston,2026-03-07,2,2026-03-21,Flu ED visits pct,quantile,0.975,1.4671567919159942
indiana,2026-03-07,2,2026-03-21,Flu ED visits pct,quantile,0.975,4.3549604600428315
indianapolis,2026-03-07,2,2026-03-21,Flu ED visits pct,quantile,0.975,5.344713238944008
la-grange,2026-03-07,2,2026-03-21,Flu ED visits pct,quantile,0.975,3.106149232578222
larimer,2026-03-07,2,2026-03-21,Flu ED visits pct,quantile,0.975,3.207299593556229
lynn,2026-03-07,2,2026-03-21,Flu ED visits pct,quantile,0.975,2.165106913669323
macon,2026-03-07,2,2026-03-21,Flu ED visits pct,quantile,0.975,1.9162282907511086
maine,2026-03-07,2,2026-03-21,Flu ED visits pct,quantile,0.975,1.8435404721600357
marietta,2026-03-07,2,2026-03-21,Flu ED visits pct,quantile,0.975,2.9732240429199166
maryland,2026-03-07,2,2026-03-21,Flu ED visits pct,quantile,0.975,2.179284770362716
massachusetts,2026-03-07,2,2026-03-21,Flu ED visits pct,quantile,0.975,2.088753374941231
medford,2026-03-07,2,2026-03-21,Flu ED visits pct,quantile,0.975,3.1655014678144178
mesa,2026-03-07,2,2026-03-21,Flu ED visits pct,quantile,0.975,2.157004448352373
minneapolis,2026-03-07,2,2026-03-21,Flu ED visits pct,quantile,0.975,3.098262779030783
minnesota,2026-03-07,2,2026-03-21,Flu ED visits pct,quantile,0.975,3.328069412487406
montgomery,2026-03-07,2,2026-03-21,Flu ED visits pct,quantile,0.975,1.9693981413782666
nenc,2026-03-07,2,2026-03-21,Flu ED visits pct,quantile,0.975,2.4754859101138416
new-bedford,2026-03-07,2,2026-03-21,Flu ED visits pct,quantile,0.975,3.5890391149930774
north-carolina,2026-03-07,2,2026-03-21,Flu ED visits pct,quantile,0.975,2.9510361746147153
nyc,2026-03-07,2,2026-03-21,ILI ED visits pct,quantile,0.975,3.538308074496371
ogden,2026-03-07,2,2026-03-21,Flu ED visits pct,quantile,0.975,2.9732132551330666
oregon,2026-03-07,2,2026-03-21,Flu ED visits pct,quantile,0.975,3.20373572919011
pittsfield,2026-03-07,2,2026-03-21,Flu ED visits pct,quantile,0.975,1.574042397742827
portland,2026-03-07,2,2026-03-21,Flu ED visits pct,quantile,0.975,1.725927649652213
portland-or,2026-03-07,2,2026-03-21,Flu ED visits pct,quantile,0.975,3.278806018347299
provo,2026-03-07,2,2026-03-21,Flu ED visits pct,quantile,0.975,1.619187340005842
roanoke,2026-03-07,2,2026-03-21,Flu ED visits pct,quantile,0.975,5.517203533950495
rochester,2026-03-07,2,2026-03-21,Flu ED visits pct,quantile,0.975,4.683301657000569
rock-hill,2026-03-07,2,2026-03-21,Flu ED visits pct,quantile,0.975,1.6713385322334484
rtp-area,2026-03-07,2,2026-03-21,Flu ED visits pct,quantile,0.975,2.4958203910810455
salem,2026-03-07,2,2026-03-21,Flu ED visits pct,quantile,0.975,4.073541958710269
salt-lake-city,2026-03-07,2,2026-03-21,Flu ED visits pct,quantile,0.975,2.334543208305319
san-antonio,2026-03-07,2,2026-03-21,Flu ED visits pct,quantile,0.975,4.488304236385909
savannah,2026-03-07,2,2026-03-21,Flu ED visits pct,quantile,0.975,1.0965846035260252
senc,2026-03-07,2,2026-03-21,Flu ED visits pct,quantile,0.975,1.7739839079494673
south-augusta,2026-03-07,2,2026-03-21,Flu ED visits pct,quantile,0.975,2.9616926695013723
south-carolina,2026-03-07,2,2026-03-21,Flu ED visits pct,quantile,0.975,2.9538560404052507
springfield,2026-03-07,2,2026-03-21,Flu ED visits pct,quantile,0.975,2.4199331515543774
st-cloud,2026-03-07,2,2026-03-21,Flu ED visits pct,quantile,0.975,4.57774141797107
st-paul,2026-03-07,2,2026-03-21,Flu ED visits pct,quantile,0.975,4.241147088764528
texas,2026-03-07,2,2026-03-21,Flu ED visits pct,quantile,0.975,3.0851657758077495
triad-area,2026-03-07,2,2026-03-21,Flu ED visits pct,quantile,0.975,2.0828593324857234
utah,2026-03-07,2,2026-03-21,Flu ED visits pct,quantile,0.975,2.30524430645369
virginia,2026-03-07,2,2026-03-21,Flu ED visits pct,quantile,0.975,3.3610472020679256
weld,2026-03-07,2,2026-03-21,Flu ED visits pct,quantile,0.975,5.38191989450645
wnc,2026-03-07,2,2026-03-21,Flu ED visits pct,quantile,0.975,2.3194388000835313
worcester,2026-03-07,2,2026-03-21,Flu ED visits pct,quantile,0.975,2.272566916757468
athens,2026-03-07,3,2026-03-28,Flu ED visits pct,quantile,0.975,6.003569001875221
austin,2026-03-07,3,2026-03-28,Flu ED visits pct,quantile,0.975,3.0967812531622925
baltimore,2026-03-07,3,2026-03-28,Flu ED visits pct,quantile,0.975,1.7477020388112376
bangor,2026-03-07,3,2026-03-28,Flu ED visits pct,quantile,0.975,3.6483360550730657
beaumont,2026-03-07,3,2026-03-28,Flu ED visits pct,quantile,0.975,2.868698852097338
boston,2026-03-07,3,2026-03-28,Flu ED visits pct,quantile,0.975,2.0862056305383403
boulder,2026-03-07,3,2026-03-28,Flu ED visits pct,quantile,0.975,5.4924776225511085
charleston,2026-03-07,3,2026-03-28,Flu ED visits pct,quantile,0.975,3.1897112310403144
cherokee,2026-03-07,3,2026-03-28,Flu ED visits pct,quantile,0.975,5.137805332714387
clt-area,2026-03-07,3,2026-03-28,Flu ED visits pct,quantile,0.975,4.67670733049771
colorado,2026-03-07,3,2026-03-28,Flu ED visits pct,quantile,0.975,3.4990803427297656
colorado-springs,2026-03-07,3,2026-03-28,Flu ED visits pct,quantile,0.975,2.8913041498412184
columbia,2026-03-07,3,2026-03-28,Flu ED visits pct,quantile,0.975,3.2639432000394373
columbus,2026-03-07,3,2026-03-28,Flu ED visits pct,quantile,0.975,3.427500245865431
dallas,2026-03-07,3,2026-03-28,Flu ED visits pct,quantile,0.975,2.7671805394258207
denver,2026-03-07,3,2026-03-28,Flu ED visits pct,quantile,0.975,3.359354094267632
deschutes,2026-03-07,3,2026-03-28,Flu ED visits pct,quantile,0.975,3.5992311629695686
duluth,2026-03-07,3,2026-03-28,Flu ED visits pct,quantile,0.975,3.6517726616211523
el-paso,2026-03-07,3,2026-03-28,Flu ED visits pct,quantile,0.975,3.227211391229127
eugene,2026-03-07,3,2026-03-28,Flu ED visits pct,quantile,0.975,3.481565393347685
fay-area,2026-03-07,3,2026-03-28,Flu ED visits pct,quantile,0.975,4.352181252452227
florence,2026-03-07,3,2026-03-28,Flu ED visits pct,quantile,0.975,3.232405355162661
floyd,2026-03-07,3,2026-03-28,Flu ED visits pct,quantile,0.975,5.21682917685579
frederick,2026-03-07,3,2026-03-28,Flu ED visits pct,quantile,0.975,4.153129069882331
georgia,2026-03-07,3,2026-03-28,Flu ED visits pct,quantile,0.975,2.6443405701029006
greenville,2026-03-07,3,2026-03-28,Flu ED visits pct,quantile,0.975,4.232326250169959
hall,2026-03-07,3,2026-03-28,Flu ED visits pct,quantile,0.975,3.441676441340985
harford,2026-03-07,3,2026-03-28,Flu ED visits pct,quantile,0.975,2.0384462010613875
henry,2026-03-07,3,2026-03-28,Flu ED visits pct,quantile,0.975,3.0726718568983324
horry,2026-03-07,3,2026-03-28,Flu ED visits pct,quantile,0.975,3.001304870052863
houston,2026-03-07,3,2026-03-28,Flu ED visits pct,quantile,0.975,1.595862152403857
indiana,2026-03-07,3,2026-03-28,Flu ED visits pct,quantile,0.975,4.536420531422508
indianapolis,2026-03-07,3,2026-03-28,Flu ED visits pct,quantile,0.975,5.458401548959861
la-grange,2026-03-07,3,2026-03-28,Flu ED visits pct,quantile,0.975,3.20772527926288
larimer,2026-03-07,3,2026-03-28,Flu ED visits pct,quantile,0.975,3.3045295704796196
lynn,2026-03-07,3,2026-03-28,Flu ED visits pct,quantile,0.975,2.3256224411947657
macon,2026-03-07,3,2026-03-28,Flu ED visits pct,quantile,0.975,1.964672632832827
maine,2026-03-07,3,2026-03-28,Flu ED visits pct,quantile,0.975,1.8994761719531486
marietta,2026-03-07,3,2026-03-28,Flu ED visits pct,quantile,0.975,3.1749565178155605
maryland,2026-03-07,3,2026-03-28,Flu ED visits pct,quantile,0.975,2.3606871585963862
massachusetts,2026-03-07,3,2026-03-28,Flu ED visits pct,quantile,0.975,2.3275859880946195
medford,2026-03-07,3,2026-03-28,Flu ED visits pct,quantile,0.975,3.2039031071872164
mesa,2026-03-07,3,2026-03-28,Flu ED visits pct,quantile,0.975,2.2036463015744876
minneapolis,2026-03-07,3,2026-03-28,Flu ED visits pct,quantile,0.975,3.302991139295318
minnesota,2026-03-07,3,2026-03-28,Flu ED visits pct,quantile,0.975,3.585181596853791
montgomery,2026-03-07,3,2026-03-28,Flu ED visits pct,quantile,0.975,2.094053540522103
nenc,2026-03-07,3,2026-03-28,Flu ED visits pct,quantile,0.975,2.5630360405342625
new-bedford,2026-03-07,3,2026-03-28,Flu ED visits pct,quantile,0.975,3.852328173175199
north-carolina,2026-03-07,3,2026-03-28,Flu ED visits pct,quantile,0.975,3.031532040590355
nyc,2026-03-07,3,2026-03-28,ILI ED visits pct,quantile,0.975,3.864647290551356
ogden,2026-03-07,3,2026-03-28,Flu ED visits pct,quantile,0.975,3.043938760336643
oregon,2026-03-07,3,2026-03-28,Flu ED visits pct,quantile,0.975,3.2961801591352122
pittsfield,2026-03-07,3,2026-03-28,Flu ED visits pct,quantile,0.975,1.692928352720343
portland,2026-03-07,3,2026-03-28,Flu ED visits pct,quantile,0.975,1.7879363337469223
portland-or,2026-03-07,3,2026-03-28,Flu ED visits pct,quantile,0.975,3.3702885247680614
provo,2026-03-07,3,2026-03-28,Flu ED visits pct,quantile,0.975,1.655404274327384
roanoke,2026-03-07,3,2026-03-28,Flu ED visits pct,quantile,0.975,5.616604296201376
rochester,2026-03-07,3,2026-03-28,Flu ED visits pct,quantile,0.975,4.808856427618785
rock-hill,2026-03-07,3,2026-03-28,Flu ED visits pct,quantile,0.975,1.8026503155201081
rtp-area,2026-03-07,3,2026-03-28,Flu ED visits pct,quantile,0.975,2.5145472275286247
salem,2026-03-07,3,2026-03-28,Flu ED visits pct,quantile,0.975,4.184294227167735
salt-lake-city,2026-03-07,3,2026-03-28,Flu ED visits pct,quantile,0.975,2.3965174536684355
san-antonio,2026-03-07,3,2026-03-28,Flu ED visits pct,quantile,0.975,4.6121410271802
savannah,2026-03-07,3,2026-03-28,Flu ED visits pct,quantile,0.975,1.124950831708245
senc,2026-03-07,3,2026-03-28,Flu ED visits pct,quantile,0.975,1.814801889164993
south-augusta,2026-03-07,3,2026-03-28,Flu ED visits pct,quantile,0.975,3.015628571074271
south-carolina,2026-03-07,3,2026-03-28,Flu ED visits pct,quantile,0.975,3.0666867890431235
springfield,2026-03-07,3,2026-03-28,Flu ED visits pct,quantile,0.975,2.5660549328340694
st-cloud,2026-03-07,3,2026-03-28,Flu ED visits pct,quantile,0.975,4.67829542457082
st-paul,2026-03-07,3,2026-03-28,Flu ED visits pct,quantile,0.975,4.321996874455918
texas,2026-03-07,3,2026-03-28,Flu ED visits pct,quantile,0.975,3.204874778563831
triad-area,2026-03-07,3,2026-03-28,Flu ED visits pct,quantile,0.975,2.0992242478293948
utah,2026-03-07,3,2026-03-28,Flu ED visits pct,quantile,0.975,2.3609330746594592
virginia,2026-03-07,3,2026-03-28,Flu ED visits pct,quantile,0.975,3.593259882746562
weld,2026-03-07,3,2026-03-28,Flu ED visits pct,quantile,0.975,5.575394614101489
wnc,2026-03-07,3,2026-03-28,Flu ED visits pct,quantile,0.975,2.351712152493099
worcester,2026-03-07,3,2026-03-28,Flu ED visits pct,quantile,0.975,2.412261727506426
