location,reference_date,horizon,target_end_date,target,output_type,output_type_id,value
athens,2026-04-11,0,2026-04-11,Flu ED visits pct,quantile,0.025,0.1913977937122661
austin,2026-04-11,0,2026-04-11,Flu ED visits pct,quantile,0.025,0.23736175539600748
baltimore,2026-04-11,0,2026-04-11,Flu ED visits pct,quantile,0.025,0.47269562414135613
bangor,2026-04-11,0,2026-04-11,Flu ED visits pct,quantile,0.025,0.41612783967922284
beaumont,2026-04-11,0,2026-04-11,Flu ED visits pct,quantile,0.025,0.09011908224902947
boston,2026-04-11,0,2026-04-11,Flu ED visits pct,quantile,0.025,0.6340967927994678
boulder,2026-04-11,0,2026-04-11,Flu ED visits pct,quantile,0.025,0.24018591487020285
charleston,2026-04-11,0,2026-04-11,Flu ED visits pct,quantile,0.025,0.25097195616901413
cherokee,2026-04-11,0,2026-04-11,Flu ED visits pct,quantile,0.025,0.4243096981663054
clt-area,2026-04-11,0,2026-04-11,Flu ED visits pct,quantile,0.025,0.8816246918625916
colorado,2026-04-11,0,2026-04-11,Flu ED visits pct,quantile,0.025,0.528765474664865
colorado-springs,2026-04-11,0,2026-04-11,Flu ED visits pct,quantile,0.025,0.5094549058098228
columbia,2026-04-11,0,2026-04-11,Flu ED visits pct,quantile,0.025,0.15972556586898548
columbus,2026-04-11,0,2026-04-11,Flu ED visits pct,quantile,0.025,0.17141001186451957
dallas,2026-04-11,0,2026-04-11,Flu ED visits pct,quantile,0.025,0.1853912942990758
denver,2026-04-11,0,2026-04-11,Flu ED visits pct,quantile,0.025,0.7244282429155532
deschutes,2026-04-11,0,2026-04-11,Flu ED visits pct,quantile,0.025,0.30200684694995067
duluth,2026-04-11,0,2026-04-11,Flu ED visits pct,quantile,0.025,0.6425115955734558
el-paso,2026-04-11,0,2026-04-11,Flu ED visits pct,quantile,0.025,0.7070302319174697
eugene,2026-04-11,0,2026-04-11,Flu ED visits pct,quantile,0.025,0.09001367051383488
fay-area,2026-04-11,0,2026-04-11,Flu ED visits pct,quantile,0.025,0.7770929890590542
florence,2026-04-11,0,2026-04-11,Flu ED visits pct,quantile,0.025,0.10435824285765047
floyd,2026-04-11,0,2026-04-11,Flu ED visits pct,quantile,0.025,0.11564897645014748
frederick,2026-04-11,0,2026-04-11,Flu ED visits pct,quantile,0.025,0.1841828103453625
georgia,2026-04-11,0,2026-04-11,Flu ED visits pct,quantile,0.025,0.3040456722540694
greenville,2026-04-11,0,2026-04-11,Flu ED visits pct,quantile,0.025,0.192114610005214
hall,2026-04-11,0,2026-04-11,Flu ED visits pct,quantile,0.025,0.16381125797926355
harford,2026-04-11,0,2026-04-11,Flu ED visits pct,quantile,0.025,0.10772928799671697
henry,2026-04-11,0,2026-04-11,Flu ED visits pct,quantile,0.025,0.2304708733403142
horry,2026-04-11,0,2026-04-11,Flu ED visits pct,quantile,0.025,0.17035021133621633
houston,2026-04-11,0,2026-04-11,Flu ED visits pct,quantile,0.025,0.29074218010640274
indiana,2026-04-11,0,2026-04-11,Flu ED visits pct,quantile,0.025,0.3551918514916048
indianapolis,2026-04-11,0,2026-04-11,Flu ED visits pct,quantile,0.025,0.2649369634162638
la-grange,2026-04-11,0,2026-04-11,Flu ED visits pct,quantile,0.025,0.07553639333898358
larimer,2026-04-11,0,2026-04-11,Flu ED visits pct,quantile,0.025,0.16399034706377688
lynn,2026-04-11,0,2026-04-11,Flu ED visits pct,quantile,0.025,0.34969773321237096
macon,2026-04-11,0,2026-04-11,Flu ED visits pct,quantile,0.025,0.11107171239029853
maine,2026-04-11,0,2026-04-11,Flu ED visits pct,quantile,0.025,0.5591877791001892
marietta,2026-04-11,0,2026-04-11,Flu ED visits pct,quantile,0.025,0.14049092495347704
maryland,2026-04-11,0,2026-04-11,Flu ED visits pct,quantile,0.025,0.5297354682208938
massachusetts,2026-04-11,0,2026-04-11,Flu ED visits pct,quantile,0.025,0.6867366133345945
medford,2026-04-11,0,2026-04-11,Flu ED visits pct,quantile,0.025,0.00698029434884539
mesa,2026-04-11,0,2026-04-11,Flu ED visits pct,quantile,0.025,0.10555161152677625
minneapolis,2026-04-11,0,2026-04-11,Flu ED visits pct,quantile,0.025,0.5618247679329532
minnesota,2026-04-11,0,2026-04-11,Flu ED visits pct,quantile,0.025,0.6605105256450249
montgomery,2026-04-11,0,2026-04-11,Flu ED visits pct,quantile,0.025,0.45039462355449755
nenc,2026-04-11,0,2026-04-11,Flu ED visits pct,quantile,0.025,0.2088161392471918
new-bedford,2026-04-11,0,2026-04-11,Flu ED visits pct,quantile,0.025,0.848571466967231
north-carolina,2026-04-11,0,2026-04-11,Flu ED visits pct,quantile,0.025,0.48010306359688437
nyc,2026-04-11,0,2026-04-11,ILI ED visits pct,quantile,0.025,2.0731365761142038
ogden,2026-04-11,0,2026-04-11,Flu ED visits pct,quantile,0.025,0.09659050438377115
oregon,2026-04-11,0,2026-04-11,Flu ED visits pct,quantile,0.025,0.30380610100773037
pittsfield,2026-04-11,0,2026-04-11,Flu ED visits pct,quantile,0.025,0.1368631930447453
portland,2026-04-11,0,2026-04-11,Flu ED visits pct,quantile,0.025,0.4072562625839819
portland-or,2026-04-11,0,2026-04-11,Flu ED visits pct,quantile,0.025,0.3636095656235652
provo,2026-04-11,0,2026-04-11,Flu ED visits pct,quantile,0.025,0.07603241331607281
roanoke,2026-04-11,0,2026-04-11,Flu ED visits pct,quantile,0.025,0.39019489805542495
rochester,2026-04-11,0,2026-04-11,Flu ED visits pct,quantile,0.025,0.22055210168777536
rock-hill,2026-04-11,0,2026-04-11,Flu ED visits pct,quantile,0.025,0.08393589266030348
rtp-area,2026-04-11,0,2026-04-11,Flu ED visits pct,quantile,0.025,0.19160131079978235
salem,2026-04-11,0,2026-04-11,Flu ED visits pct,quantile,0.025,0.18260778466097194
salt-lake-city,2026-04-11,0,2026-04-11,Flu ED visits pct,quantile,0.025,0.18799021677768743
san-antonio,2026-04-11,0,2026-04-11,Flu ED visits pct,quantile,0.025,0.22946101380537642
savannah,2026-04-11,0,2026-04-11,Flu ED visits pct,quantile,0.025,0.08780109633849785
senc,2026-04-11,0,2026-04-11,Flu ED visits pct,quantile,0.025,0.3444323077879857
south-augusta,2026-04-11,0,2026-04-11,Flu ED visits pct,quantile,0.025,0.2962614828585321
south-carolina,2026-04-11,0,2026-04-11,Flu ED visits pct,quantile,0.025,0.2849442294841158
springfield,2026-04-11,0,2026-04-11,Flu ED visits pct,quantile,0.025,0.802950095715846
st-cloud,2026-04-11,0,2026-04-11,Flu ED visits pct,quantile,0.025,0.34437781774199006
st-paul,2026-04-11,0,2026-04-11,Flu ED visits pct,quantile,0.025,0.6898813710236386
texas,2026-04-11,0,2026-04-11,Flu ED visits pct,quantile,0.025,0.32925300523369405
triad-area,2026-04-11,0,2026-04-11,Flu ED visits pct,quantile,0.025,0.3109403036706507
utah,2026-04-11,0,2026-04-11,Flu ED visits pct,quantile,0.025,0.19742153403955787
virginia,2026-04-11,0,2026-04-11,Flu ED visits pct,quantile,0.025,0.572731898670388
weld,2026-04-11,0,2026-04-11,Flu ED visits pct,quantile,0.025,0.3622589449764617
wnc,2026-04-11,0,2026-04-11,Flu ED visits pct,quantile,0.025,0.23005969453901348
worcester,2026-04-11,0,2026-04-11,Flu ED visits pct,quantile,0.025,0.5863492380729224
athens,2026-04-11,1,2026-04-18,Flu ED visits pct,quantile,0.025,0.12278598946728957
austin,2026-04-11,1,2026-04-18,Flu ED visits pct,quantile,0.025,0.17206006010721306
baltimore,2026-04-11,1,2026-04-18,Flu ED visits pct,quantile,0.025,0.33941778451986027
bangor,2026-04-11,1,2026-04-18,Flu ED visits pct,quantile,0.025,0.28449115459405655
beaumont,2026-04-11,1,2026-04-18,Flu ED visits pct,quantile,0.025,0.059187887185874664
boston,2026-04-11,1,2026-04-18,Flu ED visits pct,quantile,0.025,0.47579385654698386
boulder,2026-04-11,1,2026-04-18,Flu ED visits pct,quantile,0.025,0.1588133961687031
charleston,2026-04-11,1,2026-04-18,Flu ED visits pct,quantile,0.025,0.1739355468739563
cherokee,2026-04-11,1,2026-04-18,Flu ED visits pct,quantile,0.025,0.2946963780325487
clt-area,2026-04-11,1,2026-04-18,Flu ED visits pct,quantile,0.025,0.6301232939566339
colorado,2026-04-11,1,2026-04-18,Flu ED visits pct,quantile,0.025,0.35919415191638426
colorado-springs,2026-04-11,1,2026-04-18,Flu ED visits pct,quantile,0.025,0.3451522722734163
columbia,2026-04-11,1,2026-04-18,Flu ED visits pct,quantile,0.025,0.10326883689859324
columbus,2026-04-11,1,2026-04-18,Flu ED visits pct,quantile,0.025,0.11578796685924171
dallas,2026-04-11,1,2026-04-18,Flu ED visits pct,quantile,0.025,0.13415768379154175
denver,2026-04-11,1,2026-04-18,Flu ED visits pct,quantile,0.025,0.5181633490737557
deschutes,2026-04-11,1,2026-04-18,Flu ED visits pct,quantile,0.025,0.21465920927456014
duluth,2026-04-11,1,2026-04-18,Flu ED visits pct,quantile,0.025,0.44416494519305105
el-paso,2026-04-11,1,2026-04-18,Flu ED visits pct,quantile,0.025,0.496652576099871
eugene,2026-04-11,1,2026-04-18,Flu ED visits pct,quantile,0.025,0.05985803217487883
fay-area,2026-04-11,1,2026-04-18,Flu ED visits pct,quantile,0.025,0.539830231373068
florence,2026-04-11,1,2026-04-18,Flu ED visits pct,quantile,0.025,0.06871294322254529
floyd,2026-04-11,1,2026-04-18,Flu ED visits pct,quantile,0.025,0.07001754830495237
frederick,2026-04-11,1,2026-04-18,Flu ED visits pct,quantile,0.025,0.11657984444456408
georgia,2026-04-11,1,2026-04-18,Flu ED visits pct,quantile,0.025,0.22720283672697622
greenville,2026-04-11,1,2026-04-18,Flu ED visits pct,quantile,0.025,0.11671515241540241
hall,2026-04-11,1,2026-04-18,Flu ED visits pct,quantile,0.025,0.10126219366641681
harford,2026-04-11,1,2026-04-18,Flu ED visits pct,quantile,0.025,0.06558888233570112
henry,2026-04-11,1,2026-04-18,Flu ED visits pct,quantile,0.025,0.15369824403937088
horry,2026-04-11,1,2026-04-18,Flu ED visits pct,quantile,0.025,0.10958264273114238
houston,2026-04-11,1,2026-04-18,Flu ED visits pct,quantile,0.025,0.2269000783369888
indiana,2026-04-11,1,2026-04-18,Flu ED visits pct,quantile,0.025,0.2144430686895464
indianapolis,2026-04-11,1,2026-04-18,Flu ED visits pct,quantile,0.025,0.16783343635620718
la-grange,2026-04-11,1,2026-04-18,Flu ED visits pct,quantile,0.025,0.04947411629780919
larimer,2026-04-11,1,2026-04-18,Flu ED visits pct,quantile,0.025,0.09412659009989612
lynn,2026-04-11,1,2026-04-18,Flu ED visits pct,quantile,0.025,0.2525187372770258
macon,2026-04-11,1,2026-04-18,Flu ED visits pct,quantile,0.025,0.07701834316658458
maine,2026-04-11,1,2026-04-18,Flu ED visits pct,quantile,0.025,0.41402235856249775
marietta,2026-04-11,1,2026-04-18,Flu ED visits pct,quantile,0.025,0.09386001539523829
maryland,2026-04-11,1,2026-04-18,Flu ED visits pct,quantile,0.025,0.39147326978049235
massachusetts,2026-04-11,1,2026-04-18,Flu ED visits pct,quantile,0.025,0.5349389168817694
medford,2026-04-11,1,2026-04-18,Flu ED visits pct,quantile,0.025,0.0028351552809626913
mesa,2026-04-11,1,2026-04-18,Flu ED visits pct,quantile,0.025,0.07672336846100236
minneapolis,2026-04-11,1,2026-04-18,Flu ED visits pct,quantile,0.025,0.3772484629808342
minnesota,2026-04-11,1,2026-04-18,Flu ED visits pct,quantile,0.025,0.4755389822533743
montgomery,2026-04-11,1,2026-04-18,Flu ED visits pct,quantile,0.025,0.3160323118268754
nenc,2026-04-11,1,2026-04-18,Flu ED visits pct,quantile,0.025,0.13392393023110108
new-bedford,2026-04-11,1,2026-04-18,Flu ED visits pct,quantile,0.025,0.5985269861266218
north-carolina,2026-04-11,1,2026-04-18,Flu ED visits pct,quantile,0.025,0.3409873113599907
nyc,2026-04-11,1,2026-04-18,ILI ED visits pct,quantile,0.025,1.781342597641252
ogden,2026-04-11,1,2026-04-18,Flu ED visits pct,quantile,0.025,0.06251822411277347
oregon,2026-04-11,1,2026-04-18,Flu ED visits pct,quantile,0.025,0.21889841048595826
pittsfield,2026-04-11,1,2026-04-18,Flu ED visits pct,quantile,0.025,0.0762149040718578
portland,2026-04-11,1,2026-04-18,Flu ED visits pct,quantile,0.025,0.2754654300892822
portland-or,2026-04-11,1,2026-04-18,Flu ED visits pct,quantile,0.025,0.25918026192402976
provo,2026-04-11,1,2026-04-18,Flu ED visits pct,quantile,0.025,0.05284891115381691
roanoke,2026-04-11,1,2026-04-18,Flu ED visits pct,quantile,0.025,0.25622637268415155
rochester,2026-04-11,1,2026-04-18,Flu ED visits pct,quantile,0.025,0.13987298423726793
rock-hill,2026-04-11,1,2026-04-18,Flu ED visits pct,quantile,0.025,0.044354132437941826
rtp-area,2026-04-11,1,2026-04-18,Flu ED visits pct,quantile,0.025,0.12439280348702254
salem,2026-04-11,1,2026-04-18,Flu ED visits pct,quantile,0.025,0.11472809617999397
salt-lake-city,2026-04-11,1,2026-04-18,Flu ED visits pct,quantile,0.025,0.13723998049907282
san-antonio,2026-04-11,1,2026-04-18,Flu ED visits pct,quantile,0.025,0.16257175821583816
savannah,2026-04-11,1,2026-04-18,Flu ED visits pct,quantile,0.025,0.057217888308031976
senc,2026-04-11,1,2026-04-18,Flu ED visits pct,quantile,0.025,0.2262503070152627
south-augusta,2026-04-11,1,2026-04-18,Flu ED visits pct,quantile,0.025,0.20440068522241261
south-carolina,2026-04-11,1,2026-04-18,Flu ED visits pct,quantile,0.025,0.19026522241301744
springfield,2026-04-11,1,2026-04-18,Flu ED visits pct,quantile,0.025,0.5734218991433923
st-cloud,2026-04-11,1,2026-04-18,Flu ED visits pct,quantile,0.025,0.23801657130237605
st-paul,2026-04-11,1,2026-04-18,Flu ED visits pct,quantile,0.025,0.49722425061430797
texas,2026-04-11,1,2026-04-18,Flu ED visits pct,quantile,0.025,0.2539218502165405
triad-area,2026-04-11,1,2026-04-18,Flu ED visits pct,quantile,0.025,0.21287317812060275
utah,2026-04-11,1,2026-04-18,Flu ED visits pct,quantile,0.025,0.1445660975402761
virginia,2026-04-11,1,2026-04-18,Flu ED visits pct,quantile,0.025,0.41688539710724415
weld,2026-04-11,1,2026-04-18,Flu ED visits pct,quantile,0.025,0.2410994440157126
wnc,2026-04-11,1,2026-04-18,Flu ED visits pct,quantile,0.025,0.14675246011135162
worcester,2026-04-11,1,2026-04-18,Flu ED visits pct,quantile,0.025,0.37738603283806216
athens,2026-04-11,2,2026-04-25,Flu ED visits pct,quantile,0.025,0.08119538578437914
austin,2026-04-11,2,2026-04-25,Flu ED visits pct,quantile,0.025,0.14984846320124698
baltimore,2026-04-11,2,2026-04-25,Flu ED visits pct,quantile,0.025,0.26297279336718216
bangor,2026-04-11,2,2026-04-25,Flu ED visits pct,quantile,0.025,0.1997546574584415
beaumont,2026-04-11,2,2026-04-25,Flu ED visits pct,quantile,0.025,0.04730204835914217
boston,2026-04-11,2,2026-04-25,Flu ED visits pct,quantile,0.025,0.36881748177778656
boulder,2026-04-11,2,2026-04-25,Flu ED visits pct,quantile,0.025,0.09597963129655805
charleston,2026-04-11,2,2026-04-25,Flu ED visits pct,quantile,0.025,0.13381263961254997
cherokee,2026-04-11,2,2026-04-25,Flu ED visits pct,quantile,0.025,0.21823013084967763
clt-area,2026-04-11,2,2026-04-25,Flu ED visits pct,quantile,0.025,0.43344130156061594
colorado,2026-04-11,2,2026-04-25,Flu ED visits pct,quantile,0.025,0.27622516112922363
colorado-springs,2026-04-11,2,2026-04-25,Flu ED visits pct,quantile,0.025,0.2589937513701892
columbia,2026-04-11,2,2026-04-25,Flu ED visits pct,quantile,0.025,0.07451845445534695
columbus,2026-04-11,2,2026-04-25,Flu ED visits pct,quantile,0.025,0.0785684679167728
dallas,2026-04-11,2,2026-04-25,Flu ED visits pct,quantile,0.025,0.11676836679145645
denver,2026-04-11,2,2026-04-25,Flu ED visits pct,quantile,0.025,0.4087590635528279
deschutes,2026-04-11,2,2026-04-25,Flu ED visits pct,quantile,0.025,0.16613134187522122
duluth,2026-04-11,2,2026-04-25,Flu ED visits pct,quantile,0.025,0.311610978037572
el-paso,2026-04-11,2,2026-04-25,Flu ED visits pct,quantile,0.025,0.3916346640567994
eugene,2026-04-11,2,2026-04-25,Flu ED visits pct,quantile,0.025,0.04555537180431462
fay-area,2026-04-11,2,2026-04-25,Flu ED visits pct,quantile,0.025,0.3724927169905424
florence,2026-04-11,2,2026-04-25,Flu ED visits pct,quantile,0.025,0.05082825175291057
floyd,2026-04-11,2,2026-04-25,Flu ED visits pct,quantile,0.025,0.05011584020941143
frederick,2026-04-11,2,2026-04-25,Flu ED visits pct,quantile,0.025,0.07919592159343872
georgia,2026-04-11,2,2026-04-25,Flu ED visits pct,quantile,0.025,0.19166490589112442
greenville,2026-04-11,2,2026-04-25,Flu ED visits pct,quantile,0.025,0.08507735327067413
hall,2026-04-11,2,2026-04-25,Flu ED visits pct,quantile,0.025,0.06857948285510551
harford,2026-04-11,2,2026-04-25,Flu ED visits pct,quantile,0.025,0.047265565344130504
henry,2026-04-11,2,2026-04-25,Flu ED visits pct,quantile,0.025,0.10553103169919176
horry,2026-04-11,2,2026-04-25,Flu ED visits pct,quantile,0.025,0.08180650101715896
houston,2026-04-11,2,2026-04-25,Flu ED visits pct,quantile,0.025,0.20366100407180332
indiana,2026-04-11,2,2026-04-25,Flu ED visits pct,quantile,0.025,0.1699683730700319
indianapolis,2026-04-11,2,2026-04-25,Flu ED visits pct,quantile,0.025,0.12189045283290222
la-grange,2026-04-11,2,2026-04-25,Flu ED visits pct,quantile,0.025,0.03581367529194803
larimer,2026-04-11,2,2026-04-25,Flu ED visits pct,quantile,0.025,0.0612397394418867
lynn,2026-04-11,2,2026-04-25,Flu ED visits pct,quantile,0.025,0.18929289445883393
macon,2026-04-11,2,2026-04-25,Flu ED visits pct,quantile,0.025,0.06280166974639954
maine,2026-04-11,2,2026-04-25,Flu ED visits pct,quantile,0.025,0.3015617953038823
marietta,2026-04-11,2,2026-04-25,Flu ED visits pct,quantile,0.025,0.0684199736465885
maryland,2026-04-11,2,2026-04-25,Flu ED visits pct,quantile,0.025,0.3082513502450639
massachusetts,2026-04-11,2,2026-04-25,Flu ED visits pct,quantile,0.025,0.40361365960100204
medford,2026-04-11,2,2026-04-25,Flu ED visits pct,quantile,0.025,0.0013630561474914926
mesa,2026-04-11,2,2026-04-25,Flu ED visits pct,quantile,0.025,0.05803237857304933
minneapolis,2026-04-11,2,2026-04-25,Flu ED visits pct,quantile,0.025,0.2819389806697722
minnesota,2026-04-11,2,2026-04-25,Flu ED visits pct,quantile,0.025,0.3673442810753895
montgomery,2026-04-11,2,2026-04-25,Flu ED visits pct,quantile,0.025,0.24750145804937768
nenc,2026-04-11,2,2026-04-25,Flu ED visits pct,quantile,0.025,0.08919543600130501
new-bedford,2026-04-11,2,2026-04-25,Flu ED visits pct,quantile,0.025,0.4391242196207742
north-carolina,2026-04-11,2,2026-04-25,Flu ED visits pct,quantile,0.025,0.2503904488463623
nyc,2026-04-11,2,2026-04-25,ILI ED visits pct,quantile,0.025,1.5271462104103057
ogden,2026-04-11,2,2026-04-25,Flu ED visits pct,quantile,0.025,0.05116945157788803
oregon,2026-04-11,2,2026-04-25,Flu ED visits pct,quantile,0.025,0.18531084655367394
pittsfield,2026-04-11,2,2026-04-25,Flu ED visits pct,quantile,0.025,0.04619551827913908
portland,2026-04-11,2,2026-04-25,Flu ED visits pct,quantile,0.025,0.20624909339668715
portland-or,2026-04-11,2,2026-04-25,Flu ED visits pct,quantile,0.025,0.21470627662449068
provo,2026-04-11,2,2026-04-25,Flu ED visits pct,quantile,0.025,0.04555399314886787
roanoke,2026-04-11,2,2026-04-25,Flu ED visits pct,quantile,0.025,0.18912769860663317
rochester,2026-04-11,2,2026-04-25,Flu ED visits pct,quantile,0.025,0.10092102856458954
rock-hill,2026-04-11,2,2026-04-25,Flu ED visits pct,quantile,0.025,0.02927021168354474
rtp-area,2026-04-11,2,2026-04-25,Flu ED visits pct,quantile,0.025,0.0851479972064438
salem,2026-04-11,2,2026-04-25,Flu ED visits pct,quantile,0.025,0.08473941252462172
salt-lake-city,2026-04-11,2,2026-04-25,Flu ED visits pct,quantile,0.025,0.11667773065751762
san-antonio,2026-04-11,2,2026-04-25,Flu ED visits pct,quantile,0.025,0.13583052428507883
savannah,2026-04-11,2,2026-04-25,Flu ED visits pct,quantile,0.025,0.043329581153742004
senc,2026-04-11,2,2026-04-25,Flu ED visits pct,quantile,0.025,0.16078765358506883
south-augusta,2026-04-11,2,2026-04-25,Flu ED visits pct,quantile,0.025,0.1395534045921542
south-carolina,2026-04-11,2,2026-04-25,Flu ED visits pct,quantile,0.025,0.15219035661616154
springfield,2026-04-11,2,2026-04-25,Flu ED visits pct,quantile,0.025,0.4261336381038058
st-cloud,2026-04-11,2,2026-04-25,Flu ED visits pct,quantile,0.025,0.1712187885455802
st-paul,2026-04-11,2,2026-04-25,Flu ED visits pct,quantile,0.025,0.39467124064710324
texas,2026-04-11,2,2026-04-25,Flu ED visits pct,quantile,0.025,0.2201998277140394
triad-area,2026-04-11,2,2026-04-25,Flu ED visits pct,quantile,0.025,0.15116642568584754
utah,2026-04-11,2,2026-04-25,Flu ED visits pct,quantile,0.025,0.12455672573941055
virginia,2026-04-11,2,2026-04-25,Flu ED visits pct,quantile,0.025,0.3344589793319544
weld,2026-04-11,2,2026-04-25,Flu ED visits pct,quantile,0.025,0.17361936441322487
wnc,2026-04-11,2,2026-04-25,Flu ED visits pct,quantile,0.025,0.09341852040914986
worcester,2026-04-11,2,2026-04-25,Flu ED visits pct,quantile,0.025,0.2788617943814361
athens,2026-04-11,3,2026-05-02,Flu ED visits pct,quantile,0.025,0.059415511989659574
austin,2026-04-11,3,2026-05-02,Flu ED visits pct,quantile,0.025,0.1247400350284354
baltimore,2026-04-11,3,2026-05-02,Flu ED visits pct,quantile,0.025,0.201332794008651
bangor,2026-04-11,3,2026-05-02,Flu ED visits pct,quantile,0.025,0.1369409246885839
beaumont,2026-04-11,3,2026-05-02,Flu ED visits pct,quantile,0.025,0.03959395420124932
boston,2026-04-11,3,2026-05-02,Flu ED visits pct,quantile,0.025,0.28425083804341145
boulder,2026-04-11,3,2026-05-02,Flu ED visits pct,quantile,0.025,0.06082750368712001
charleston,2026-04-11,3,2026-05-02,Flu ED visits pct,quantile,0.025,0.1039147251656051
cherokee,2026-04-11,3,2026-05-02,Flu ED visits pct,quantile,0.025,0.16000630178214093
clt-area,2026-04-11,3,2026-05-02,Flu ED visits pct,quantile,0.025,0.2944591841390077
colorado,2026-04-11,3,2026-05-02,Flu ED visits pct,quantile,0.025,0.22263238395629897
colorado-springs,2026-04-11,3,2026-05-02,Flu ED visits pct,quantile,0.025,0.19129505236310906
columbia,2026-04-11,3,2026-05-02,Flu ED visits pct,quantile,0.025,0.05725423525995307
columbus,2026-04-11,3,2026-05-02,Flu ED visits pct,quantile,0.025,0.05433655013234471
dallas,2026-04-11,3,2026-05-02,Flu ED visits pct,quantile,0.025,0.09945508015777801
denver,2026-04-11,3,2026-05-02,Flu ED visits pct,quantile,0.025,0.317824466929618
deschutes,2026-04-11,3,2026-05-02,Flu ED visits pct,quantile,0.025,0.13160567459509898
duluth,2026-04-11,3,2026-05-02,Flu ED visits pct,quantile,0.025,0.20888697697421052
el-paso,2026-04-11,3,2026-05-02,Flu ED visits pct,quantile,0.025,0.30533012925820247
eugene,2026-04-11,3,2026-05-02,Flu ED visits pct,quantile,0.025,0.03413062302757039
fay-area,2026-04-11,3,2026-05-02,Flu ED visits pct,quantile,0.025,0.24670820089553935
florence,2026-04-11,3,2026-05-02,Flu ED visits pct,quantile,0.025,0.03728280752279827
floyd,2026-04-11,3,2026-05-02,Flu ED visits pct,quantile,0.025,0.0347859831092911
frederick,2026-04-11,3,2026-05-02,Flu ED visits pct,quantile,0.025,0.05496660484832825
georgia,2026-04-11,3,2026-05-02,Flu ED visits pct,quantile,0.025,0.15798338626650282
greenville,2026-04-11,3,2026-05-02,Flu ED visits pct,quantile,0.025,0.06115534236672613
hall,2026-04-11,3,2026-05-02,Flu ED visits pct,quantile,0.025,0.05104548507128287
harford,2026-04-11,3,2026-05-02,Flu ED visits pct,quantile,0.025,0.0325573542029893
henry,2026-04-11,3,2026-05-02,Flu ED visits pct,quantile,0.025,0.0760411713228131
horry,2026-04-11,3,2026-05-02,Flu ED visits pct,quantile,0.025,0.061182567231613104
houston,2026-04-11,3,2026-05-02,Flu ED visits pct,quantile,0.025,0.1711294493676458
indiana,2026-04-11,3,2026-05-02,Flu ED visits pct,quantile,0.025,0.12079426774614858
indianapolis,2026-04-11,3,2026-05-02,Flu ED visits pct,quantile,0.025,0.09243553219105366
la-grange,2026-04-11,3,2026-05-02,Flu ED visits pct,quantile,0.025,0.025862832437599688
larimer,2026-04-11,3,2026-05-02,Flu ED visits pct,quantile,0.025,0.043434399112495865
lynn,2026-04-11,3,2026-05-02,Flu ED visits pct,quantile,0.025,0.13901256421443386
macon,2026-04-11,3,2026-05-02,Flu ED visits pct,quantile,0.025,0.05073291912631508
maine,2026-04-11,3,2026-05-02,Flu ED visits pct,quantile,0.025,0.2318926591983263
marietta,2026-04-11,3,2026-05-02,Flu ED visits pct,quantile,0.025,0.05092794397589712
maryland,2026-04-11,3,2026-05-02,Flu ED visits pct,quantile,0.025,0.24833082822517027
massachusetts,2026-04-11,3,2026-05-02,Flu ED visits pct,quantile,0.025,0.3254034339993872
medford,2026-04-11,3,2026-05-02,Flu ED visits pct,quantile,0.025,0.0004953435367387755
mesa,2026-04-11,3,2026-05-02,Flu ED visits pct,quantile,0.025,0.044971519645486124
minneapolis,2026-04-11,3,2026-05-02,Flu ED visits pct,quantile,0.025,0.20654826997319023
minnesota,2026-04-11,3,2026-05-02,Flu ED visits pct,quantile,0.025,0.29055795404512114
montgomery,2026-04-11,3,2026-05-02,Flu ED visits pct,quantile,0.025,0.1969955667944294
nenc,2026-04-11,3,2026-05-02,Flu ED visits pct,quantile,0.025,0.0586575156431153
new-bedford,2026-04-11,3,2026-05-02,Flu ED visits pct,quantile,0.025,0.3433343128997966
north-carolina,2026-04-11,3,2026-05-02,Flu ED visits pct,quantile,0.025,0.1734200548200287
nyc,2026-04-11,3,2026-05-02,ILI ED visits pct,quantile,0.025,1.2860813419125585
ogden,2026-04-11,3,2026-05-02,Flu ED visits pct,quantile,0.025,0.04265909345640693
oregon,2026-04-11,3,2026-05-02,Flu ED visits pct,quantile,0.025,0.15815150860398203
pittsfield,2026-04-11,3,2026-05-02,Flu ED visits pct,quantile,0.025,0.028805119102213138
portland,2026-04-11,3,2026-05-02,Flu ED visits pct,quantile,0.025,0.15232338979231128
portland-or,2026-04-11,3,2026-05-02,Flu ED visits pct,quantile,0.025,0.17226142792147248
provo,2026-04-11,3,2026-05-02,Flu ED visits pct,quantile,0.025,0.038995576988002954
roanoke,2026-04-11,3,2026-05-02,Flu ED visits pct,quantile,0.025,0.13797571648943047
rochester,2026-04-11,3,2026-05-02,Flu ED visits pct,quantile,0.025,0.07256692441597787
rock-hill,2026-04-11,3,2026-05-02,Flu ED visits pct,quantile,0.025,0.016897514665987913
rtp-area,2026-04-11,3,2026-05-02,Flu ED visits pct,quantile,0.025,0.05621627807188708
salem,2026-04-11,3,2026-05-02,Flu ED visits pct,quantile,0.025,0.061556105512379104
salt-lake-city,2026-04-11,3,2026-05-02,Flu ED visits pct,quantile,0.025,0.09553506438588269
san-antonio,2026-04-11,3,2026-05-02,Flu ED visits pct,quantile,0.025,0.11214882534436534
savannah,2026-04-11,3,2026-05-02,Flu ED visits pct,quantile,0.025,0.02847331630513473
senc,2026-04-11,3,2026-05-02,Flu ED visits pct,quantile,0.025,0.10091650890282752
south-augusta,2026-04-11,3,2026-05-02,Flu ED visits pct,quantile,0.025,0.10202187983738382
south-carolina,2026-04-11,3,2026-05-02,Flu ED visits pct,quantile,0.025,0.11831284795603171
springfield,2026-04-11,3,2026-05-02,Flu ED visits pct,quantile,0.025,0.311240666342393
st-cloud,2026-04-11,3,2026-05-02,Flu ED visits pct,quantile,0.025,0.12543599406544503
st-paul,2026-04-11,3,2026-05-02,Flu ED visits pct,quantile,0.025,0.3166741862026393
texas,2026-04-11,3,2026-05-02,Flu ED visits pct,quantile,0.025,0.1918249572565966
triad-area,2026-04-11,3,2026-05-02,Flu ED visits pct,quantile,0.025,0.10596544022843972
utah,2026-04-11,3,2026-05-02,Flu ED visits pct,quantile,0.025,0.10055708973233425
virginia,2026-04-11,3,2026-05-02,Flu ED visits pct,quantile,0.025,0.27595759328700176
weld,2026-04-11,3,2026-05-02,Flu ED visits pct,quantile,0.025,0.1354070488213871
wnc,2026-04-11,3,2026-05-02,Flu ED visits pct,quantile,0.025,0.06182680116064249
worcester,2026-04-11,3,2026-05-02,Flu ED visits pct,quantile,0.025,0.2153808048361102
athens,2026-04-11,0,2026-04-11,Flu ED visits pct,quantile,0.05,0.2609157912780651
austin,2026-04-11,0,2026-04-11,Flu ED visits pct,quantile,0.05,0.290732895299886
baltimore,2026-04-11,0,2026-04-11,Flu ED visits pct,quantile,0.05,0.6136634745356487
bangor,2026-04-11,0,2026-04-11,Flu ED visits pct,quantile,0.05,0.5474124476318237
beaumont,2026-04-11,0,2026-04-11,Flu ED visits pct,quantile,0.05,0.11403359364968906
boston,2026-04-11,0,2026-04-11,Flu ED visits pct,quantile,0.05,0.8081232937671528
boulder,2026-04-11,0,2026-04-11,Flu ED visits pct,quantile,0.05,0.3201109208990876
charleston,2026-04-11,0,2026-04-11,Flu ED visits pct,quantile,0.05,0.3185448339301561
cherokee,2026-04-11,0,2026-04-11,Flu ED visits pct,quantile,0.05,0.5386008682415602
clt-area,2026-04-11,0,2026-04-11,Flu ED visits pct,quantile,0.05,1.1289492854942125
colorado,2026-04-11,0,2026-04-11,Flu ED visits pct,quantile,0.05,0.6700992577089324
colorado-springs,2026-04-11,0,2026-04-11,Flu ED visits pct,quantile,0.05,0.6394623399202077
columbia,2026-04-11,0,2026-04-11,Flu ED visits pct,quantile,0.05,0.23244832243280913
columbus,2026-04-11,0,2026-04-11,Flu ED visits pct,quantile,0.05,0.24891912566037605
dallas,2026-04-11,0,2026-04-11,Flu ED visits pct,quantile,0.05,0.21746474432043414
denver,2026-04-11,0,2026-04-11,Flu ED visits pct,quantile,0.05,0.8523911848471941
deschutes,2026-04-11,0,2026-04-11,Flu ED visits pct,quantile,0.05,0.38785271690187406
duluth,2026-04-11,0,2026-04-11,Flu ED visits pct,quantile,0.05,0.8083477716313012
el-paso,2026-04-11,0,2026-04-11,Flu ED visits pct,quantile,0.05,0.8471373910556989
eugene,2026-04-11,0,2026-04-11,Flu ED visits pct,quantile,0.05,0.12257747390401459
fay-area,2026-04-11,0,2026-04-11,Flu ED visits pct,quantile,0.05,0.9911136845026605
florence,2026-04-11,0,2026-04-11,Flu ED visits pct,quantile,0.05,0.16856057526376841
floyd,2026-04-11,0,2026-04-11,Flu ED visits pct,quantile,0.05,0.16285570992959789
frederick,2026-04-11,0,2026-04-11,Flu ED visits pct,quantile,0.05,0.2574513589468603
georgia,2026-04-11,0,2026-04-11,Flu ED visits pct,quantile,0.05,0.37141013254093513
greenville,2026-04-11,0,2026-04-11,Flu ED visits pct,quantile,0.05,0.25564162840889443
hall,2026-04-11,0,2026-04-11,Flu ED visits pct,quantile,0.05,0.24106653612634527
harford,2026-04-11,0,2026-04-11,Flu ED visits pct,quantile,0.05,0.14994210277183778
henry,2026-04-11,0,2026-04-11,Flu ED visits pct,quantile,0.05,0.3015650036157763
horry,2026-04-11,0,2026-04-11,Flu ED visits pct,quantile,0.05,0.2278626061854554
houston,2026-04-11,0,2026-04-11,Flu ED visits pct,quantile,0.05,0.3820764050032799
indiana,2026-04-11,0,2026-04-11,Flu ED visits pct,quantile,0.05,0.4213981689506139
indianapolis,2026-04-11,0,2026-04-11,Flu ED visits pct,quantile,0.05,0.32505297134849626
la-grange,2026-04-11,0,2026-04-11,Flu ED visits pct,quantile,0.05,0.11373752712153976
larimer,2026-04-11,0,2026-04-11,Flu ED visits pct,quantile,0.05,0.2752741114808553
lynn,2026-04-11,0,2026-04-11,Flu ED visits pct,quantile,0.05,0.46321180679276414
macon,2026-04-11,0,2026-04-11,Flu ED visits pct,quantile,0.05,0.14321057024171077
maine,2026-04-11,0,2026-04-11,Flu ED visits pct,quantile,0.05,0.7135177424890694
marietta,2026-04-11,0,2026-04-11,Flu ED visits pct,quantile,0.05,0.1965403404699628
maryland,2026-04-11,0,2026-04-11,Flu ED visits pct,quantile,0.05,0.6633789707323337
massachusetts,2026-04-11,0,2026-04-11,Flu ED visits pct,quantile,0.05,0.9152345760915657
medford,2026-04-11,0,2026-04-11,Flu ED visits pct,quantile,0.05,0.020349077576236926
mesa,2026-04-11,0,2026-04-11,Flu ED visits pct,quantile,0.05,0.1541072674351209
minneapolis,2026-04-11,0,2026-04-11,Flu ED visits pct,quantile,0.05,0.6751473701178062
minnesota,2026-04-11,0,2026-04-11,Flu ED visits pct,quantile,0.05,0.8034348553746136
montgomery,2026-04-11,0,2026-04-11,Flu ED visits pct,quantile,0.05,0.5595590330415984
nenc,2026-04-11,0,2026-04-11,Flu ED visits pct,quantile,0.05,0.26876901210045584
new-bedford,2026-04-11,0,2026-04-11,Flu ED visits pct,quantile,0.05,1.0704502624239998
north-carolina,2026-04-11,0,2026-04-11,Flu ED visits pct,quantile,0.05,0.620911794285753
nyc,2026-04-11,0,2026-04-11,ILI ED visits pct,quantile,0.05,2.456368128645441
ogden,2026-04-11,0,2026-04-11,Flu ED visits pct,quantile,0.05,0.12338594936734316
oregon,2026-04-11,0,2026-04-11,Flu ED visits pct,quantile,0.05,0.3684984812237504
pittsfield,2026-04-11,0,2026-04-11,Flu ED visits pct,quantile,0.05,0.21710047204817684
portland,2026-04-11,0,2026-04-11,Flu ED visits pct,quantile,0.05,0.5164556026260103
portland-or,2026-04-11,0,2026-04-11,Flu ED visits pct,quantile,0.05,0.43308848839930014
provo,2026-04-11,0,2026-04-11,Flu ED visits pct,quantile,0.05,0.1053280842856878
roanoke,2026-04-11,0,2026-04-11,Flu ED visits pct,quantile,0.05,0.5206742833123793
rochester,2026-04-11,0,2026-04-11,Flu ED visits pct,quantile,0.05,0.2933300991029792
rock-hill,2026-04-11,0,2026-04-11,Flu ED visits pct,quantile,0.05,0.1204529018531842
rtp-area,2026-04-11,0,2026-04-11,Flu ED visits pct,quantile,0.05,0.23905376397122416
salem,2026-04-11,0,2026-04-11,Flu ED visits pct,quantile,0.05,0.2397249130913222
salt-lake-city,2026-04-11,0,2026-04-11,Flu ED visits pct,quantile,0.05,0.23254177983985358
san-antonio,2026-04-11,0,2026-04-11,Flu ED visits pct,quantile,0.05,0.29324731952525346
savannah,2026-04-11,0,2026-04-11,Flu ED visits pct,quantile,0.05,0.1146527863334835
senc,2026-04-11,0,2026-04-11,Flu ED visits pct,quantile,0.05,0.44713409089384887
south-augusta,2026-04-11,0,2026-04-11,Flu ED visits pct,quantile,0.05,0.3988680871950659
south-carolina,2026-04-11,0,2026-04-11,Flu ED visits pct,quantile,0.05,0.3603674854317307
springfield,2026-04-11,0,2026-04-11,Flu ED visits pct,quantile,0.05,1.0082230266111036
st-cloud,2026-04-11,0,2026-04-11,Flu ED visits pct,quantile,0.05,0.49011401339052574
st-paul,2026-04-11,0,2026-04-11,Flu ED visits pct,quantile,0.05,0.8055033857621415
texas,2026-04-11,0,2026-04-11,Flu ED visits pct,quantile,0.05,0.3852293192985587
triad-area,2026-04-11,0,2026-04-11,Flu ED visits pct,quantile,0.05,0.3949943978125453
utah,2026-04-11,0,2026-04-11,Flu ED visits pct,quantile,0.05,0.25280357905647843
virginia,2026-04-11,0,2026-04-11,Flu ED visits pct,quantile,0.05,0.7000140610970259
weld,2026-04-11,0,2026-04-11,Flu ED visits pct,quantile,0.05,0.4704974391233491
wnc,2026-04-11,0,2026-04-11,Flu ED visits pct,quantile,0.05,0.2988392371489142
worcester,2026-04-11,0,2026-04-11,Flu ED visits pct,quantile,0.05,0.7289085148858298
athens,2026-04-11,1,2026-04-18,Flu ED visits pct,quantile,0.05,0.1812223927142978
austin,2026-04-11,1,2026-04-18,Flu ED visits pct,quantile,0.05,0.2271428068159482
baltimore,2026-04-11,1,2026-04-18,Flu ED visits pct,quantile,0.05,0.5058928962104503
bangor,2026-04-11,1,2026-04-18,Flu ED visits pct,quantile,0.05,0.3878654563204119
beaumont,2026-04-11,1,2026-04-18,Flu ED visits pct,quantile,0.05,0.07816738646853352
boston,2026-04-11,1,2026-04-18,Flu ED visits pct,quantile,0.05,0.6449268493253573
boulder,2026-04-11,1,2026-04-18,Flu ED visits pct,quantile,0.05,0.19151275508737736
charleston,2026-04-11,1,2026-04-18,Flu ED visits pct,quantile,0.05,0.23485959406517729
cherokee,2026-04-11,1,2026-04-18,Flu ED visits pct,quantile,0.05,0.397034567331541
clt-area,2026-04-11,1,2026-04-18,Flu ED visits pct,quantile,0.05,0.7836917186893011
colorado,2026-04-11,1,2026-04-18,Flu ED visits pct,quantile,0.05,0.476216027432804
colorado-springs,2026-04-11,1,2026-04-18,Flu ED visits pct,quantile,0.05,0.4377596860981856
columbia,2026-04-11,1,2026-04-18,Flu ED visits pct,quantile,0.05,0.1572019502289732
columbus,2026-04-11,1,2026-04-18,Flu ED visits pct,quantile,0.05,0.17245942878912404
dallas,2026-04-11,1,2026-04-18,Flu ED visits pct,quantile,0.05,0.163777465535308
denver,2026-04-11,1,2026-04-18,Flu ED visits pct,quantile,0.05,0.6516975090137715
deschutes,2026-04-11,1,2026-04-18,Flu ED visits pct,quantile,0.05,0.29023238654301337
duluth,2026-04-11,1,2026-04-18,Flu ED visits pct,quantile,0.05,0.5699710553710496
el-paso,2026-04-11,1,2026-04-18,Flu ED visits pct,quantile,0.05,0.6503830267203027
eugene,2026-04-11,1,2026-04-18,Flu ED visits pct,quantile,0.05,0.08449256911290182
fay-area,2026-04-11,1,2026-04-18,Flu ED visits pct,quantile,0.05,0.6774968093906351
florence,2026-04-11,1,2026-04-18,Flu ED visits pct,quantile,0.05,0.11762909769351106
floyd,2026-04-11,1,2026-04-18,Flu ED visits pct,quantile,0.05,0.10750506714222359
frederick,2026-04-11,1,2026-04-18,Flu ED visits pct,quantile,0.05,0.17841380502958737
georgia,2026-04-11,1,2026-04-18,Flu ED visits pct,quantile,0.05,0.3123056084934166
greenville,2026-04-11,1,2026-04-18,Flu ED visits pct,quantile,0.05,0.17199964231346598
hall,2026-04-11,1,2026-04-18,Flu ED visits pct,quantile,0.05,0.17644994022194954
harford,2026-04-11,1,2026-04-18,Flu ED visits pct,quantile,0.05,0.10666545314224216
henry,2026-04-11,1,2026-04-18,Flu ED visits pct,quantile,0.05,0.22128252419212327
horry,2026-04-11,1,2026-04-18,Flu ED visits pct,quantile,0.05,0.16277475874616487
houston,2026-04-11,1,2026-04-18,Flu ED visits pct,quantile,0.05,0.33227375843114776
indiana,2026-04-11,1,2026-04-18,Flu ED visits pct,quantile,0.05,0.288551612008711
indianapolis,2026-04-11,1,2026-04-18,Flu ED visits pct,quantile,0.05,0.22241825488076628
la-grange,2026-04-11,1,2026-04-18,Flu ED visits pct,quantile,0.05,0.07943768933245787
larimer,2026-04-11,1,2026-04-18,Flu ED visits pct,quantile,0.05,0.17417874457643334
lynn,2026-04-11,1,2026-04-18,Flu ED visits pct,quantile,0.05,0.354806466705746
macon,2026-04-11,1,2026-04-18,Flu ED visits pct,quantile,0.05,0.1044119298592616
maine,2026-04-11,1,2026-04-18,Flu ED visits pct,quantile,0.05,0.5513009391703418
marietta,2026-04-11,1,2026-04-18,Flu ED visits pct,quantile,0.05,0.1334509671197573
maryland,2026-04-11,1,2026-04-18,Flu ED visits pct,quantile,0.05,0.540637532069481
massachusetts,2026-04-11,1,2026-04-18,Flu ED visits pct,quantile,0.05,0.7511704218406376
medford,2026-04-11,1,2026-04-18,Flu ED visits pct,quantile,0.05,0.010856847564057028
mesa,2026-04-11,1,2026-04-18,Flu ED visits pct,quantile,0.05,0.1141430704117832
minneapolis,2026-04-11,1,2026-04-18,Flu ED visits pct,quantile,0.05,0.4938833433948153
minnesota,2026-04-11,1,2026-04-18,Flu ED visits pct,quantile,0.05,0.5942742412136702
montgomery,2026-04-11,1,2026-04-18,Flu ED visits pct,quantile,0.05,0.456007948708349
nenc,2026-04-11,1,2026-04-18,Flu ED visits pct,quantile,0.05,0.18181346378950455
new-bedford,2026-04-11,1,2026-04-18,Flu ED visits pct,quantile,0.05,0.8334688804056197
north-carolina,2026-04-11,1,2026-04-18,Flu ED visits pct,quantile,0.05,0.44435712452316667
nyc,2026-04-11,1,2026-04-18,ILI ED visits pct,quantile,0.05,2.2298908444365604
ogden,2026-04-11,1,2026-04-18,Flu ED visits pct,quantile,0.05,0.0856464097069627
oregon,2026-04-11,1,2026-04-18,Flu ED visits pct,quantile,0.05,0.28358933107237827
pittsfield,2026-04-11,1,2026-04-18,Flu ED visits pct,quantile,0.05,0.1451973450003392
portland,2026-04-11,1,2026-04-18,Flu ED visits pct,quantile,0.05,0.369127020009557
portland-or,2026-04-11,1,2026-04-18,Flu ED visits pct,quantile,0.05,0.3302073244285462
provo,2026-04-11,1,2026-04-18,Flu ED visits pct,quantile,0.05,0.07547562714521212
roanoke,2026-04-11,1,2026-04-18,Flu ED visits pct,quantile,0.05,0.35656571676981047
rochester,2026-04-11,1,2026-04-18,Flu ED visits pct,quantile,0.05,0.2089631335955632
rock-hill,2026-04-11,1,2026-04-18,Flu ED visits pct,quantile,0.05,0.07972963150060398
rtp-area,2026-04-11,1,2026-04-18,Flu ED visits pct,quantile,0.05,0.16369999747414904
salem,2026-04-11,1,2026-04-18,Flu ED visits pct,quantile,0.05,0.15456143550190474
salt-lake-city,2026-04-11,1,2026-04-18,Flu ED visits pct,quantile,0.05,0.18327588911978532
san-antonio,2026-04-11,1,2026-04-18,Flu ED visits pct,quantile,0.05,0.22296102585426186
savannah,2026-04-11,1,2026-04-18,Flu ED visits pct,quantile,0.05,0.0807650614929313
senc,2026-04-11,1,2026-04-18,Flu ED visits pct,quantile,0.05,0.3109985656277654
south-augusta,2026-04-11,1,2026-04-18,Flu ED visits pct,quantile,0.05,0.27630594142519244
south-carolina,2026-04-11,1,2026-04-18,Flu ED visits pct,quantile,0.05,0.2764354457309369
springfield,2026-04-11,1,2026-04-18,Flu ED visits pct,quantile,0.05,0.7150025601054039
st-cloud,2026-04-11,1,2026-04-18,Flu ED visits pct,quantile,0.05,0.3527611415548833
st-paul,2026-04-11,1,2026-04-18,Flu ED visits pct,quantile,0.05,0.6345273076395275
texas,2026-04-11,1,2026-04-18,Flu ED visits pct,quantile,0.05,0.325730538594839
triad-area,2026-04-11,1,2026-04-18,Flu ED visits pct,quantile,0.05,0.2789889204027221
utah,2026-04-11,1,2026-04-18,Flu ED visits pct,quantile,0.05,0.19520533244104857
virginia,2026-04-11,1,2026-04-18,Flu ED visits pct,quantile,0.05,0.5674986647706401
weld,2026-04-11,1,2026-04-18,Flu ED visits pct,quantile,0.05,0.3226862566626213
wnc,2026-04-11,1,2026-04-18,Flu ED visits pct,quantile,0.05,0.1990660020674941
worcester,2026-04-11,1,2026-04-18,Flu ED visits pct,quantile,0.05,0.5098452607292091
athens,2026-04-11,2,2026-04-25,Flu ED visits pct,quantile,0.05,0.12731574176196356
austin,2026-04-11,2,2026-04-25,Flu ED visits pct,quantile,0.05,0.20337105424258398
baltimore,2026-04-11,2,2026-04-25,Flu ED visits pct,quantile,0.05,0.40095359584305745
bangor,2026-04-11,2,2026-04-25,Flu ED visits pct,quantile,0.05,0.26210462339473484
beaumont,2026-04-11,2,2026-04-25,Flu ED visits pct,quantile,0.05,0.06669804758941757
boston,2026-04-11,2,2026-04-25,Flu ED visits pct,quantile,0.05,0.5117041117867442
boulder,2026-04-11,2,2026-04-25,Flu ED visits pct,quantile,0.05,0.11842076386720739
charleston,2026-04-11,2,2026-04-25,Flu ED visits pct,quantile,0.05,0.1862969145896731
cherokee,2026-04-11,2,2026-04-25,Flu ED visits pct,quantile,0.05,0.2934251169563857
clt-area,2026-04-11,2,2026-04-25,Flu ED visits pct,quantile,0.05,0.5145775750902597
colorado,2026-04-11,2,2026-04-25,Flu ED visits pct,quantile,0.05,0.3621949757094413
colorado-springs,2026-04-11,2,2026-04-25,Flu ED visits pct,quantile,0.05,0.31774505845433687
columbia,2026-04-11,2,2026-04-25,Flu ED visits pct,quantile,0.05,0.12877570283839207
columbus,2026-04-11,2,2026-04-25,Flu ED visits pct,quantile,0.05,0.11407831922104608
dallas,2026-04-11,2,2026-04-25,Flu ED visits pct,quantile,0.05,0.14688883230205468
denver,2026-04-11,2,2026-04-25,Flu ED visits pct,quantile,0.05,0.4927134766256165
deschutes,2026-04-11,2,2026-04-25,Flu ED visits pct,quantile,0.05,0.2154148219558263
duluth,2026-04-11,2,2026-04-25,Flu ED visits pct,quantile,0.05,0.37885224452580657
el-paso,2026-04-11,2,2026-04-25,Flu ED visits pct,quantile,0.05,0.49488750991089403
eugene,2026-04-11,2,2026-04-25,Flu ED visits pct,quantile,0.05,0.0697065074992747
fay-area,2026-04-11,2,2026-04-25,Flu ED visits pct,quantile,0.05,0.4504003281943597
florence,2026-04-11,2,2026-04-25,Flu ED visits pct,quantile,0.05,0.09427882560504948
floyd,2026-04-11,2,2026-04-25,Flu ED visits pct,quantile,0.05,0.07499288886601173
frederick,2026-04-11,2,2026-04-25,Flu ED visits pct,quantile,0.05,0.13296392274460048
georgia,2026-04-11,2,2026-04-25,Flu ED visits pct,quantile,0.05,0.2676049280231526
greenville,2026-04-11,2,2026-04-25,Flu ED visits pct,quantile,0.05,0.1274981059558341
hall,2026-04-11,2,2026-04-25,Flu ED visits pct,quantile,0.05,0.12330290564271558
harford,2026-04-11,2,2026-04-25,Flu ED visits pct,quantile,0.05,0.07502549887846124
henry,2026-04-11,2,2026-04-25,Flu ED visits pct,quantile,0.05,0.16126168212672268
horry,2026-04-11,2,2026-04-25,Flu ED visits pct,quantile,0.05,0.12386036318770934
houston,2026-04-11,2,2026-04-25,Flu ED visits pct,quantile,0.05,0.31576857419992044
indiana,2026-04-11,2,2026-04-25,Flu ED visits pct,quantile,0.05,0.2063658707694485
indianapolis,2026-04-11,2,2026-04-25,Flu ED visits pct,quantile,0.05,0.16765743784990456
la-grange,2026-04-11,2,2026-04-25,Flu ED visits pct,quantile,0.05,0.06317164340743975
larimer,2026-04-11,2,2026-04-25,Flu ED visits pct,quantile,0.05,0.1042430537093949
lynn,2026-04-11,2,2026-04-25,Flu ED visits pct,quantile,0.05,0.26888004278870586
macon,2026-04-11,2,2026-04-25,Flu ED visits pct,quantile,0.05,0.09060823214528606
maine,2026-04-11,2,2026-04-25,Flu ED visits pct,quantile,0.05,0.43014149840862137
marietta,2026-04-11,2,2026-04-25,Flu ED visits pct,quantile,0.05,0.10736330799358733
maryland,2026-04-11,2,2026-04-25,Flu ED visits pct,quantile,0.05,0.4619239921629519
massachusetts,2026-04-11,2,2026-04-25,Flu ED visits pct,quantile,0.05,0.6213818482236951
medford,2026-04-11,2,2026-04-25,Flu ED visits pct,quantile,0.05,0.007784094098498071
mesa,2026-04-11,2,2026-04-25,Flu ED visits pct,quantile,0.05,0.09756526699648323
minneapolis,2026-04-11,2,2026-04-25,Flu ED visits pct,quantile,0.05,0.36840797726626373
minnesota,2026-04-11,2,2026-04-25,Flu ED visits pct,quantile,0.05,0.48952866297358083
montgomery,2026-04-11,2,2026-04-25,Flu ED visits pct,quantile,0.05,0.37488529234603957
nenc,2026-04-11,2,2026-04-25,Flu ED visits pct,quantile,0.05,0.12077590442473825
new-bedford,2026-04-11,2,2026-04-25,Flu ED visits pct,quantile,0.05,0.6331172746700496
north-carolina,2026-04-11,2,2026-04-25,Flu ED visits pct,quantile,0.05,0.31640641965337984
nyc,2026-04-11,2,2026-04-25,ILI ED visits pct,quantile,0.05,1.9546026815937778
ogden,2026-04-11,2,2026-04-25,Flu ED visits pct,quantile,0.05,0.07295622957023892
oregon,2026-04-11,2,2026-04-25,Flu ED visits pct,quantile,0.05,0.24200095056227394
pittsfield,2026-04-11,2,2026-04-25,Flu ED visits pct,quantile,0.05,0.08712685932997315
portland,2026-04-11,2,2026-04-25,Flu ED visits pct,quantile,0.05,0.27215321775653567
portland-or,2026-04-11,2,2026-04-25,Flu ED visits pct,quantile,0.05,0.27573639640634817
provo,2026-04-11,2,2026-04-25,Flu ED visits pct,quantile,0.05,0.06546460151781923
roanoke,2026-04-11,2,2026-04-25,Flu ED visits pct,quantile,0.05,0.25744322552244436
rochester,2026-04-11,2,2026-04-25,Flu ED visits pct,quantile,0.05,0.14848523468866176
rock-hill,2026-04-11,2,2026-04-25,Flu ED visits pct,quantile,0.05,0.05158976933668286
rtp-area,2026-04-11,2,2026-04-25,Flu ED visits pct,quantile,0.05,0.10958903395324962
salem,2026-04-11,2,2026-04-25,Flu ED visits pct,quantile,0.05,0.11386701986493394
salt-lake-city,2026-04-11,2,2026-04-25,Flu ED visits pct,quantile,0.05,0.16184128055813096
san-antonio,2026-04-11,2,2026-04-25,Flu ED visits pct,quantile,0.05,0.19433101628208718
savannah,2026-04-11,2,2026-04-25,Flu ED visits pct,quantile,0.05,0.061319421312769996
senc,2026-04-11,2,2026-04-25,Flu ED visits pct,quantile,0.05,0.21413787174144586
south-augusta,2026-04-11,2,2026-04-25,Flu ED visits pct,quantile,0.05,0.18487185479556562
south-carolina,2026-04-11,2,2026-04-25,Flu ED visits pct,quantile,0.05,0.2302878962072797
springfield,2026-04-11,2,2026-04-25,Flu ED visits pct,quantile,0.05,0.5351134257450463
st-cloud,2026-04-11,2,2026-04-25,Flu ED visits pct,quantile,0.05,0.2458798866274765
st-paul,2026-04-11,2,2026-04-25,Flu ED visits pct,quantile,0.05,0.5187146386531767
texas,2026-04-11,2,2026-04-25,Flu ED visits pct,quantile,0.05,0.2887616172253765
triad-area,2026-04-11,2,2026-04-25,Flu ED visits pct,quantile,0.05,0.19656547985474676
utah,2026-04-11,2,2026-04-25,Flu ED visits pct,quantile,0.05,0.17466752046939846
virginia,2026-04-11,2,2026-04-25,Flu ED visits pct,quantile,0.05,0.4758251446114732
weld,2026-04-11,2,2026-04-25,Flu ED visits pct,quantile,0.05,0.2243123975771345
wnc,2026-04-11,2,2026-04-25,Flu ED visits pct,quantile,0.05,0.1274337146979587
worcester,2026-04-11,2,2026-04-25,Flu ED visits pct,quantile,0.05,0.3765109235381477
athens,2026-04-11,3,2026-05-02,Flu ED visits pct,quantile,0.05,0.09426007408110872
austin,2026-04-11,3,2026-05-02,Flu ED visits pct,quantile,0.05,0.17402738566626338
baltimore,2026-04-11,3,2026-05-02,Flu ED visits pct,quantile,0.05,0.3237358557768448
bangor,2026-04-11,3,2026-05-02,Flu ED visits pct,quantile,0.05,0.17688328392535618
beaumont,2026-04-11,3,2026-05-02,Flu ED visits pct,quantile,0.05,0.0536517954025706
boston,2026-04-11,3,2026-05-02,Flu ED visits pct,quantile,0.05,0.4071836926341731
boulder,2026-04-11,3,2026-05-02,Flu ED visits pct,quantile,0.05,0.08200701422003848
charleston,2026-04-11,3,2026-05-02,Flu ED visits pct,quantile,0.05,0.14887202344270173
cherokee,2026-04-11,3,2026-05-02,Flu ED visits pct,quantile,0.05,0.22097037923716908
clt-area,2026-04-11,3,2026-05-02,Flu ED visits pct,quantile,0.05,0.33724653481872513
colorado,2026-04-11,3,2026-05-02,Flu ED visits pct,quantile,0.05,0.28772479815700996
colorado-springs,2026-04-11,3,2026-05-02,Flu ED visits pct,quantile,0.05,0.22716134931033027
columbia,2026-04-11,3,2026-05-02,Flu ED visits pct,quantile,0.05,0.09941367371221205
columbus,2026-04-11,3,2026-05-02,Flu ED visits pct,quantile,0.05,0.0829585561805015
dallas,2026-04-11,3,2026-05-02,Flu ED visits pct,quantile,0.05,0.1231349264265126
denver,2026-04-11,3,2026-05-02,Flu ED visits pct,quantile,0.05,0.36742570498139965
deschutes,2026-04-11,3,2026-05-02,Flu ED visits pct,quantile,0.05,0.18233110245140738
duluth,2026-04-11,3,2026-05-02,Flu ED visits pct,quantile,0.05,0.2533698341192384
el-paso,2026-04-11,3,2026-05-02,Flu ED visits pct,quantile,0.05,0.40458919062706206
eugene,2026-04-11,3,2026-05-02,Flu ED visits pct,quantile,0.05,0.05344439691644839
fay-area,2026-04-11,3,2026-05-02,Flu ED visits pct,quantile,0.05,0.296898809733424
florence,2026-04-11,3,2026-05-02,Flu ED visits pct,quantile,0.05,0.06947075338402355
floyd,2026-04-11,3,2026-05-02,Flu ED visits pct,quantile,0.05,0.05916054994100308
frederick,2026-04-11,3,2026-05-02,Flu ED visits pct,quantile,0.05,0.10133591961619917
georgia,2026-04-11,3,2026-05-02,Flu ED visits pct,quantile,0.05,0.2301549389915332
greenville,2026-04-11,3,2026-05-02,Flu ED visits pct,quantile,0.05,0.09887917702904539
hall,2026-04-11,3,2026-05-02,Flu ED visits pct,quantile,0.05,0.0979785535441623
harford,2026-04-11,3,2026-05-02,Flu ED visits pct,quantile,0.05,0.05743769022909775
henry,2026-04-11,3,2026-05-02,Flu ED visits pct,quantile,0.05,0.1210995056745665
horry,2026-04-11,3,2026-05-02,Flu ED visits pct,quantile,0.05,0.09852747045224453
houston,2026-04-11,3,2026-05-02,Flu ED visits pct,quantile,0.05,0.28263599923440874
indiana,2026-04-11,3,2026-05-02,Flu ED visits pct,quantile,0.05,0.16588782889262818
indianapolis,2026-04-11,3,2026-05-02,Flu ED visits pct,quantile,0.05,0.135350574761388
la-grange,2026-04-11,3,2026-05-02,Flu ED visits pct,quantile,0.05,0.04560241342168635
larimer,2026-04-11,3,2026-05-02,Flu ED visits pct,quantile,0.05,0.08056316114260377
lynn,2026-04-11,3,2026-05-02,Flu ED visits pct,quantile,0.05,0.2131906573229867
macon,2026-04-11,3,2026-05-02,Flu ED visits pct,quantile,0.05,0.0728040108797781
maine,2026-04-11,3,2026-05-02,Flu ED visits pct,quantile,0.05,0.3318644713790211
marietta,2026-04-11,3,2026-05-02,Flu ED visits pct,quantile,0.05,0.08396630388310972
maryland,2026-04-11,3,2026-05-02,Flu ED visits pct,quantile,0.05,0.3994972237100763
massachusetts,2026-04-11,3,2026-05-02,Flu ED visits pct,quantile,0.05,0.49908330204070406
medford,2026-04-11,3,2026-05-02,Flu ED visits pct,quantile,0.05,0.005848309209958642
mesa,2026-04-11,3,2026-05-02,Flu ED visits pct,quantile,0.05,0.07605804925798446
minneapolis,2026-04-11,3,2026-05-02,Flu ED visits pct,quantile,0.05,0.2723254203336338
minnesota,2026-04-11,3,2026-05-02,Flu ED visits pct,quantile,0.05,0.37584154234156075
montgomery,2026-04-11,3,2026-05-02,Flu ED visits pct,quantile,0.05,0.3213890714531198
nenc,2026-04-11,3,2026-05-02,Flu ED visits pct,quantile,0.05,0.08016139057575995
new-bedford,2026-04-11,3,2026-05-02,Flu ED visits pct,quantile,0.05,0.4537359109724062
north-carolina,2026-04-11,3,2026-05-02,Flu ED visits pct,quantile,0.05,0.21496653429188753
nyc,2026-04-11,3,2026-05-02,ILI ED visits pct,quantile,0.05,1.716783797976205
ogden,2026-04-11,3,2026-05-02,Flu ED visits pct,quantile,0.05,0.059926968957265785
oregon,2026-04-11,3,2026-05-02,Flu ED visits pct,quantile,0.05,0.2078267145151158
pittsfield,2026-04-11,3,2026-05-02,Flu ED visits pct,quantile,0.05,0.06334201169258197
portland,2026-04-11,3,2026-05-02,Flu ED visits pct,quantile,0.05,0.1872470213435273
portland-or,2026-04-11,3,2026-05-02,Flu ED visits pct,quantile,0.05,0.23681665712357872
provo,2026-04-11,3,2026-05-02,Flu ED visits pct,quantile,0.05,0.052424728138472966
roanoke,2026-04-11,3,2026-05-02,Flu ED visits pct,quantile,0.05,0.19406830941317463
rochester,2026-04-11,3,2026-05-02,Flu ED visits pct,quantile,0.05,0.11233279251133005
rock-hill,2026-04-11,3,2026-05-02,Flu ED visits pct,quantile,0.05,0.035132944155757614
rtp-area,2026-04-11,3,2026-05-02,Flu ED visits pct,quantile,0.05,0.0729894670420901
salem,2026-04-11,3,2026-05-02,Flu ED visits pct,quantile,0.05,0.08572757845863055
salt-lake-city,2026-04-11,3,2026-05-02,Flu ED visits pct,quantile,0.05,0.1354924872520113
san-antonio,2026-04-11,3,2026-05-02,Flu ED visits pct,quantile,0.05,0.1619859525827256
savannah,2026-04-11,3,2026-05-02,Flu ED visits pct,quantile,0.05,0.04698652322189196
senc,2026-04-11,3,2026-05-02,Flu ED visits pct,quantile,0.05,0.14074327806260467
south-augusta,2026-04-11,3,2026-05-02,Flu ED visits pct,quantile,0.05,0.12466584034410576
south-carolina,2026-04-11,3,2026-05-02,Flu ED visits pct,quantile,0.05,0.1958606238771919
springfield,2026-04-11,3,2026-05-02,Flu ED visits pct,quantile,0.05,0.37883203901090756
st-cloud,2026-04-11,3,2026-05-02,Flu ED visits pct,quantile,0.05,0.18253640956123282
st-paul,2026-04-11,3,2026-05-02,Flu ED visits pct,quantile,0.05,0.4138632698077025
texas,2026-04-11,3,2026-05-02,Flu ED visits pct,quantile,0.05,0.25956911051865994
triad-area,2026-04-11,3,2026-05-02,Flu ED visits pct,quantile,0.05,0.13895614151258615
utah,2026-04-11,3,2026-05-02,Flu ED visits pct,quantile,0.05,0.14972343214040001
virginia,2026-04-11,3,2026-05-02,Flu ED visits pct,quantile,0.05,0.4083902153145872
weld,2026-04-11,3,2026-05-02,Flu ED visits pct,quantile,0.05,0.16125748799870926
wnc,2026-04-11,3,2026-05-02,Flu ED visits pct,quantile,0.05,0.08119240747546776
worcester,2026-04-11,3,2026-05-02,Flu ED visits pct,quantile,0.05,0.26180415329945944
athens,2026-04-11,0,2026-04-11,Flu ED visits pct,quantile,0.1,0.2887069385196342
austin,2026-04-11,0,2026-04-11,Flu ED visits pct,quantile,0.1,0.3376338622198065
baltimore,2026-04-11,0,2026-04-11,Flu ED visits pct,quantile,0.1,0.7405196910503712
bangor,2026-04-11,0,2026-04-11,Flu ED visits pct,quantile,0.1,0.6429308025923387
beaumont,2026-04-11,0,2026-04-11,Flu ED visits pct,quantile,0.1,0.1577257769024286
boston,2026-04-11,0,2026-04-11,Flu ED visits pct,quantile,0.1,0.8882617270742746
boulder,2026-04-11,0,2026-04-11,Flu ED visits pct,quantile,0.1,0.43139274487987306
charleston,2026-04-11,0,2026-04-11,Flu ED visits pct,quantile,0.1,0.36452135573304617
cherokee,2026-04-11,0,2026-04-11,Flu ED visits pct,quantile,0.1,0.6582711749060882
clt-area,2026-04-11,0,2026-04-11,Flu ED visits pct,quantile,0.1,1.3095588731495558
colorado,2026-04-11,0,2026-04-11,Flu ED visits pct,quantile,0.1,0.7189076631767084
colorado-springs,2026-04-11,0,2026-04-11,Flu ED visits pct,quantile,0.1,0.7586393537150122
columbia,2026-04-11,0,2026-04-11,Flu ED visits pct,quantile,0.1,0.3115069825773841
columbus,2026-04-11,0,2026-04-11,Flu ED visits pct,quantile,0.1,0.2838158469319601
dallas,2026-04-11,0,2026-04-11,Flu ED visits pct,quantile,0.1,0.2620428839479889
denver,2026-04-11,0,2026-04-11,Flu ED visits pct,quantile,0.1,0.9677006366846734
deschutes,2026-04-11,0,2026-04-11,Flu ED visits pct,quantile,0.1,0.4614160348735109
duluth,2026-04-11,0,2026-04-11,Flu ED visits pct,quantile,0.1,0.97013245787355
el-paso,2026-04-11,0,2026-04-11,Flu ED visits pct,quantile,0.1,1.046286439451304
eugene,2026-04-11,0,2026-04-11,Flu ED visits pct,quantile,0.1,0.1533249976356844
fay-area,2026-04-11,0,2026-04-11,Flu ED visits pct,quantile,0.1,1.1277682567599194
florence,2026-04-11,0,2026-04-11,Flu ED visits pct,quantile,0.1,0.20338537400637707
floyd,2026-04-11,0,2026-04-11,Flu ED visits pct,quantile,0.1,0.20306729051183592
frederick,2026-04-11,0,2026-04-11,Flu ED visits pct,quantile,0.1,0.34217686576418704
georgia,2026-04-11,0,2026-04-11,Flu ED visits pct,quantile,0.1,0.4152096997730521
greenville,2026-04-11,0,2026-04-11,Flu ED visits pct,quantile,0.1,0.3121404336996344
hall,2026-04-11,0,2026-04-11,Flu ED visits pct,quantile,0.1,0.3039533238426046
harford,2026-04-11,0,2026-04-11,Flu ED visits pct,quantile,0.1,0.17923673676814442
henry,2026-04-11,0,2026-04-11,Flu ED visits pct,quantile,0.1,0.3892634079652217
horry,2026-04-11,0,2026-04-11,Flu ED visits pct,quantile,0.1,0.3018142172075759
houston,2026-04-11,0,2026-04-11,Flu ED visits pct,quantile,0.1,0.4419617479662216
indiana,2026-04-11,0,2026-04-11,Flu ED visits pct,quantile,0.1,0.48145898343028837
indianapolis,2026-04-11,0,2026-04-11,Flu ED visits pct,quantile,0.1,0.38640641398841263
la-grange,2026-04-11,0,2026-04-11,Flu ED visits pct,quantile,0.1,0.14604399891943015
larimer,2026-04-11,0,2026-04-11,Flu ED visits pct,quantile,0.1,0.3600173075569944
lynn,2026-04-11,0,2026-04-11,Flu ED visits pct,quantile,0.1,0.5974419589688698
macon,2026-04-11,0,2026-04-11,Flu ED visits pct,quantile,0.1,0.17773371772249033
maine,2026-04-11,0,2026-04-11,Flu ED visits pct,quantile,0.1,0.8056150102333955
marietta,2026-04-11,0,2026-04-11,Flu ED visits pct,quantile,0.1,0.2499191890193348
maryland,2026-04-11,0,2026-04-11,Flu ED visits pct,quantile,0.1,0.7714573598670466
massachusetts,2026-04-11,0,2026-04-11,Flu ED visits pct,quantile,0.1,1.0250354305019882
medford,2026-04-11,0,2026-04-11,Flu ED visits pct,quantile,0.1,0.021091312685865997
mesa,2026-04-11,0,2026-04-11,Flu ED visits pct,quantile,0.1,0.1744021759432739
minneapolis,2026-04-11,0,2026-04-11,Flu ED visits pct,quantile,0.1,0.7610665309616357
minnesota,2026-04-11,0,2026-04-11,Flu ED visits pct,quantile,0.1,0.884715288150751
montgomery,2026-04-11,0,2026-04-11,Flu ED visits pct,quantile,0.1,0.6741414691008845
nenc,2026-04-11,0,2026-04-11,Flu ED visits pct,quantile,0.1,0.3110211053881903
new-bedford,2026-04-11,0,2026-04-11,Flu ED visits pct,quantile,0.1,1.2562271111792445
north-carolina,2026-04-11,0,2026-04-11,Flu ED visits pct,quantile,0.1,0.7128322544069354
nyc,2026-04-11,0,2026-04-11,ILI ED visits pct,quantile,0.1,2.5501747937005756
ogden,2026-04-11,0,2026-04-11,Flu ED visits pct,quantile,0.1,0.15772890931450903
oregon,2026-04-11,0,2026-04-11,Flu ED visits pct,quantile,0.1,0.400498245915657
pittsfield,2026-04-11,0,2026-04-11,Flu ED visits pct,quantile,0.1,0.2676180221395597
portland,2026-04-11,0,2026-04-11,Flu ED visits pct,quantile,0.1,0.5991060842301688
portland-or,2026-04-11,0,2026-04-11,Flu ED visits pct,quantile,0.1,0.4623195577148104
provo,2026-04-11,0,2026-04-11,Flu ED visits pct,quantile,0.1,0.13662711368156025
roanoke,2026-04-11,0,2026-04-11,Flu ED visits pct,quantile,0.1,0.6451844701765541
rochester,2026-04-11,0,2026-04-11,Flu ED visits pct,quantile,0.1,0.33186590204478067
rock-hill,2026-04-11,0,2026-04-11,Flu ED visits pct,quantile,0.1,0.1581047022187695
rtp-area,2026-04-11,0,2026-04-11,Flu ED visits pct,quantile,0.1,0.2693842024546225
salem,2026-04-11,0,2026-04-11,Flu ED visits pct,quantile,0.1,0.2934272924038836
salt-lake-city,2026-04-11,0,2026-04-11,Flu ED visits pct,quantile,0.1,0.28228071901101454
san-antonio,2026-04-11,0,2026-04-11,Flu ED visits pct,quantile,0.1,0.3355345492163162
savannah,2026-04-11,0,2026-04-11,Flu ED visits pct,quantile,0.1,0.14182678679655758
senc,2026-04-11,0,2026-04-11,Flu ED visits pct,quantile,0.1,0.4994813198767444
south-augusta,2026-04-11,0,2026-04-11,Flu ED visits pct,quantile,0.1,0.49302175369074497
south-carolina,2026-04-11,0,2026-04-11,Flu ED visits pct,quantile,0.1,0.42533930627315264
springfield,2026-04-11,0,2026-04-11,Flu ED visits pct,quantile,0.1,1.1571936037228414
st-cloud,2026-04-11,0,2026-04-11,Flu ED visits pct,quantile,0.1,0.5363765112690627
st-paul,2026-04-11,0,2026-04-11,Flu ED visits pct,quantile,0.1,0.958895320946055
texas,2026-04-11,0,2026-04-11,Flu ED visits pct,quantile,0.1,0.4268574590892348
triad-area,2026-04-11,0,2026-04-11,Flu ED visits pct,quantile,0.1,0.43148055406963165
utah,2026-04-11,0,2026-04-11,Flu ED visits pct,quantile,0.1,0.2967517976649548
virginia,2026-04-11,0,2026-04-11,Flu ED visits pct,quantile,0.1,0.7314188906210131
weld,2026-04-11,0,2026-04-11,Flu ED visits pct,quantile,0.1,0.5532777968904738
wnc,2026-04-11,0,2026-04-11,Flu ED visits pct,quantile,0.1,0.34097385964607513
worcester,2026-04-11,0,2026-04-11,Flu ED visits pct,quantile,0.1,0.8407278616479584
athens,2026-04-11,1,2026-04-18,Flu ED visits pct,quantile,0.1,0.2113314516944671
austin,2026-04-11,1,2026-04-18,Flu ED visits pct,quantile,0.1,0.2886041351211167
baltimore,2026-04-11,1,2026-04-18,Flu ED visits pct,quantile,0.1,0.6211439714369882
bangor,2026-04-11,1,2026-04-18,Flu ED visits pct,quantile,0.1,0.46312345555997697
beaumont,2026-04-11,1,2026-04-18,Flu ED visits pct,quantile,0.1,0.12509618919608853
boston,2026-04-11,1,2026-04-18,Flu ED visits pct,quantile,0.1,0.7320036494658999
boulder,2026-04-11,1,2026-04-18,Flu ED visits pct,quantile,0.1,0.2731019832727944
charleston,2026-04-11,1,2026-04-18,Flu ED visits pct,quantile,0.1,0.27805736764505945
cherokee,2026-04-11,1,2026-04-18,Flu ED visits pct,quantile,0.1,0.5178171367011116
clt-area,2026-04-11,1,2026-04-18,Flu ED visits pct,quantile,0.1,0.8932882630909508
colorado,2026-04-11,1,2026-04-18,Flu ED visits pct,quantile,0.1,0.5304930324781999
colorado-springs,2026-04-11,1,2026-04-18,Flu ED visits pct,quantile,0.1,0.5346890971908408
columbia,2026-04-11,1,2026-04-18,Flu ED visits pct,quantile,0.1,0.24360354604809625
columbus,2026-04-11,1,2026-04-18,Flu ED visits pct,quantile,0.1,0.20712955725842222
dallas,2026-04-11,1,2026-04-18,Flu ED visits pct,quantile,0.1,0.22345215255958803
denver,2026-04-11,1,2026-04-18,Flu ED visits pct,quantile,0.1,0.7415898643676356
deschutes,2026-04-11,1,2026-04-18,Flu ED visits pct,quantile,0.1,0.36394006636038434
duluth,2026-04-11,1,2026-04-18,Flu ED visits pct,quantile,0.1,0.6744790778944669
el-paso,2026-04-11,1,2026-04-18,Flu ED visits pct,quantile,0.1,0.8434612266903309
eugene,2026-04-11,1,2026-04-18,Flu ED visits pct,quantile,0.1,0.11888479284449376
fay-area,2026-04-11,1,2026-04-18,Flu ED visits pct,quantile,0.1,0.7829233164420552
florence,2026-04-11,1,2026-04-18,Flu ED visits pct,quantile,0.1,0.15432489115203865
floyd,2026-04-11,1,2026-04-18,Flu ED visits pct,quantile,0.1,0.14993591434242326
frederick,2026-04-11,1,2026-04-18,Flu ED visits pct,quantile,0.1,0.24910162513772338
georgia,2026-04-11,1,2026-04-18,Flu ED visits pct,quantile,0.1,0.37415911760108844
greenville,2026-04-11,1,2026-04-18,Flu ED visits pct,quantile,0.1,0.2319946488829484
hall,2026-04-11,1,2026-04-18,Flu ED visits pct,quantile,0.1,0.23564867069905235
harford,2026-04-11,1,2026-04-18,Flu ED visits pct,quantile,0.1,0.13851997533882932
henry,2026-04-11,1,2026-04-18,Flu ED visits pct,quantile,0.1,0.3061307930041868
horry,2026-04-11,1,2026-04-18,Flu ED visits pct,quantile,0.1,0.2314351004805191
houston,2026-04-11,1,2026-04-18,Flu ED visits pct,quantile,0.1,0.4033001475524599
indiana,2026-04-11,1,2026-04-18,Flu ED visits pct,quantile,0.1,0.3495833401880476
indianapolis,2026-04-11,1,2026-04-18,Flu ED visits pct,quantile,0.1,0.2896274930994358
la-grange,2026-04-11,1,2026-04-18,Flu ED visits pct,quantile,0.1,0.10732017207797787
larimer,2026-04-11,1,2026-04-18,Flu ED visits pct,quantile,0.1,0.25463968263290165
lynn,2026-04-11,1,2026-04-18,Flu ED visits pct,quantile,0.1,0.49038627825377745
macon,2026-04-11,1,2026-04-18,Flu ED visits pct,quantile,0.1,0.14153780801221108
maine,2026-04-11,1,2026-04-18,Flu ED visits pct,quantile,0.1,0.6719701352959802
marietta,2026-04-11,1,2026-04-18,Flu ED visits pct,quantile,0.1,0.19047798143473849
maryland,2026-04-11,1,2026-04-18,Flu ED visits pct,quantile,0.1,0.6563947366741176
massachusetts,2026-04-11,1,2026-04-18,Flu ED visits pct,quantile,0.1,0.8772386986310209
medford,2026-04-11,1,2026-04-18,Flu ED visits pct,quantile,0.1,0.013970154095265115
mesa,2026-04-11,1,2026-04-18,Flu ED visits pct,quantile,0.1,0.14260650195026808
minneapolis,2026-04-11,1,2026-04-18,Flu ED visits pct,quantile,0.1,0.5730978816779833
minnesota,2026-04-11,1,2026-04-18,Flu ED visits pct,quantile,0.1,0.7078766987216336
montgomery,2026-04-11,1,2026-04-18,Flu ED visits pct,quantile,0.1,0.5779868225949807
nenc,2026-04-11,1,2026-04-18,Flu ED visits pct,quantile,0.1,0.23048762826749405
new-bedford,2026-04-11,1,2026-04-18,Flu ED visits pct,quantile,0.1,0.9714071479232627
north-carolina,2026-04-11,1,2026-04-18,Flu ED visits pct,quantile,0.1,0.5042207509809364
nyc,2026-04-11,1,2026-04-18,ILI ED visits pct,quantile,0.1,2.4787031275421807
ogden,2026-04-11,1,2026-04-18,Flu ED visits pct,quantile,0.1,0.126238947952079
oregon,2026-04-11,1,2026-04-18,Flu ED visits pct,quantile,0.1,0.33121405051755115
pittsfield,2026-04-11,1,2026-04-18,Flu ED visits pct,quantile,0.1,0.18086890848197107
portland,2026-04-11,1,2026-04-18,Flu ED visits pct,quantile,0.1,0.4358878844777371
portland-or,2026-04-11,1,2026-04-18,Flu ED visits pct,quantile,0.1,0.37668506200708424
provo,2026-04-11,1,2026-04-18,Flu ED visits pct,quantile,0.1,0.10760505367420066
roanoke,2026-04-11,1,2026-04-18,Flu ED visits pct,quantile,0.1,0.4740299662436398
rochester,2026-04-11,1,2026-04-18,Flu ED visits pct,quantile,0.1,0.24168215503915325
rock-hill,2026-04-11,1,2026-04-18,Flu ED visits pct,quantile,0.1,0.11900414512983613
rtp-area,2026-04-11,1,2026-04-18,Flu ED visits pct,quantile,0.1,0.20251559965392366
salem,2026-04-11,1,2026-04-18,Flu ED visits pct,quantile,0.1,0.209387858168858
salt-lake-city,2026-04-11,1,2026-04-18,Flu ED visits pct,quantile,0.1,0.24154498091523435
san-antonio,2026-04-11,1,2026-04-18,Flu ED visits pct,quantile,0.1,0.2824587243027384
savannah,2026-04-11,1,2026-04-18,Flu ED visits pct,quantile,0.1,0.1094817472438967
senc,2026-04-11,1,2026-04-18,Flu ED visits pct,quantile,0.1,0.35367009877290617
south-augusta,2026-04-11,1,2026-04-18,Flu ED visits pct,quantile,0.1,0.32999049040008493
south-carolina,2026-04-11,1,2026-04-18,Flu ED visits pct,quantile,0.1,0.3498720237293856
springfield,2026-04-11,1,2026-04-18,Flu ED visits pct,quantile,0.1,0.8623216922880431
st-cloud,2026-04-11,1,2026-04-18,Flu ED visits pct,quantile,0.1,0.39874612469235904
st-paul,2026-04-11,1,2026-04-18,Flu ED visits pct,quantile,0.1,0.8006954439650509
texas,2026-04-11,1,2026-04-18,Flu ED visits pct,quantile,0.1,0.3804940413233042
triad-area,2026-04-11,1,2026-04-18,Flu ED visits pct,quantile,0.1,0.3262085729986309
utah,2026-04-11,1,2026-04-18,Flu ED visits pct,quantile,0.1,0.2514264831383678
virginia,2026-04-11,1,2026-04-18,Flu ED visits pct,quantile,0.1,0.6395624329789193
weld,2026-04-11,1,2026-04-18,Flu ED visits pct,quantile,0.1,0.37075813554946835
wnc,2026-04-11,1,2026-04-18,Flu ED visits pct,quantile,0.1,0.2314075146304199
worcester,2026-04-11,1,2026-04-18,Flu ED visits pct,quantile,0.1,0.6367963570433358
athens,2026-04-11,2,2026-04-25,Flu ED visits pct,quantile,0.1,0.13809066292389102
austin,2026-04-11,2,2026-04-25,Flu ED visits pct,quantile,0.1,0.25297497426915505
baltimore,2026-04-11,2,2026-04-25,Flu ED visits pct,quantile,0.1,0.525637665630741
bangor,2026-04-11,2,2026-04-25,Flu ED visits pct,quantile,0.1,0.2879569594871821
beaumont,2026-04-11,2,2026-04-25,Flu ED visits pct,quantile,0.1,0.0991652748967998
boston,2026-04-11,2,2026-04-25,Flu ED visits pct,quantile,0.1,0.6135486211449572
boulder,2026-04-11,2,2026-04-25,Flu ED visits pct,quantile,0.1,0.16132662325114322
charleston,2026-04-11,2,2026-04-25,Flu ED visits pct,quantile,0.1,0.21919793406128396
cherokee,2026-04-11,2,2026-04-25,Flu ED visits pct,quantile,0.1,0.35453047302516544
clt-area,2026-04-11,2,2026-04-25,Flu ED visits pct,quantile,0.1,0.569491543506741
colorado,2026-04-11,2,2026-04-25,Flu ED visits pct,quantile,0.1,0.4105103518627796
colorado-springs,2026-04-11,2,2026-04-25,Flu ED visits pct,quantile,0.1,0.34961119254911144
columbia,2026-04-11,2,2026-04-25,Flu ED visits pct,quantile,0.1,0.20221777499496058
columbus,2026-04-11,2,2026-04-25,Flu ED visits pct,quantile,0.1,0.12826193199666755
dallas,2026-04-11,2,2026-04-25,Flu ED visits pct,quantile,0.1,0.1921320326935644
denver,2026-04-11,2,2026-04-25,Flu ED visits pct,quantile,0.1,0.573051041485016
deschutes,2026-04-11,2,2026-04-25,Flu ED visits pct,quantile,0.1,0.2696138288809001
duluth,2026-04-11,2,2026-04-25,Flu ED visits pct,quantile,0.1,0.41350546517364556
el-paso,2026-04-11,2,2026-04-25,Flu ED visits pct,quantile,0.1,0.6687078968144001
eugene,2026-04-11,2,2026-04-25,Flu ED visits pct,quantile,0.1,0.09439210947719144
fay-area,2026-04-11,2,2026-04-25,Flu ED visits pct,quantile,0.1,0.5081937748354091
florence,2026-04-11,2,2026-04-25,Flu ED visits pct,quantile,0.1,0.12495266319383548
floyd,2026-04-11,2,2026-04-25,Flu ED visits pct,quantile,0.1,0.11106735136575877
frederick,2026-04-11,2,2026-04-25,Flu ED visits pct,quantile,0.1,0.18554143092871234
georgia,2026-04-11,2,2026-04-25,Flu ED visits pct,quantile,0.1,0.33091989335347505
greenville,2026-04-11,2,2026-04-25,Flu ED visits pct,quantile,0.1,0.16738907414027784
hall,2026-04-11,2,2026-04-25,Flu ED visits pct,quantile,0.1,0.15126944762475958
harford,2026-04-11,2,2026-04-25,Flu ED visits pct,quantile,0.1,0.10712660073802341
henry,2026-04-11,2,2026-04-25,Flu ED visits pct,quantile,0.1,0.24218340225882895
horry,2026-04-11,2,2026-04-25,Flu ED visits pct,quantile,0.1,0.1852143546110012
houston,2026-04-11,2,2026-04-25,Flu ED visits pct,quantile,0.1,0.3767314623163662
indiana,2026-04-11,2,2026-04-25,Flu ED visits pct,quantile,0.1,0.26239513917494406
indianapolis,2026-04-11,2,2026-04-25,Flu ED visits pct,quantile,0.1,0.20674318904923344
la-grange,2026-04-11,2,2026-04-25,Flu ED visits pct,quantile,0.1,0.08715593416145788
larimer,2026-04-11,2,2026-04-25,Flu ED visits pct,quantile,0.1,0.15341279875483718
lynn,2026-04-11,2,2026-04-25,Flu ED visits pct,quantile,0.1,0.379523785207194
macon,2026-04-11,2,2026-04-25,Flu ED visits pct,quantile,0.1,0.11281534391263197
maine,2026-04-11,2,2026-04-25,Flu ED visits pct,quantile,0.1,0.5361229641782205
marietta,2026-04-11,2,2026-04-25,Flu ED visits pct,quantile,0.1,0.15962155732310243
maryland,2026-04-11,2,2026-04-25,Flu ED visits pct,quantile,0.1,0.5584542515346425
massachusetts,2026-04-11,2,2026-04-25,Flu ED visits pct,quantile,0.1,0.753659714165601
medford,2026-04-11,2,2026-04-25,Flu ED visits pct,quantile,0.1,0.011006600426339544
mesa,2026-04-11,2,2026-04-25,Flu ED visits pct,quantile,0.1,0.12056550424376479
minneapolis,2026-04-11,2,2026-04-25,Flu ED visits pct,quantile,0.1,0.41648639055135156
minnesota,2026-04-11,2,2026-04-25,Flu ED visits pct,quantile,0.1,0.5639949750613389
montgomery,2026-04-11,2,2026-04-25,Flu ED visits pct,quantile,0.1,0.48378922593747914
nenc,2026-04-11,2,2026-04-25,Flu ED visits pct,quantile,0.1,0.15971391758648973
new-bedford,2026-04-11,2,2026-04-25,Flu ED visits pct,quantile,0.1,0.7207402366178679
north-carolina,2026-04-11,2,2026-04-25,Flu ED visits pct,quantile,0.1,0.3459169210924374
nyc,2026-04-11,2,2026-04-25,ILI ED visits pct,quantile,0.1,2.269602797192088
ogden,2026-04-11,2,2026-04-25,Flu ED visits pct,quantile,0.1,0.10589722537831499
oregon,2026-04-11,2,2026-04-25,Flu ED visits pct,quantile,0.1,0.2659212201472406
pittsfield,2026-04-11,2,2026-04-25,Flu ED visits pct,quantile,0.1,0.10451150379483322
portland,2026-04-11,2,2026-04-25,Flu ED visits pct,quantile,0.1,0.31242532693856206
portland-or,2026-04-11,2,2026-04-25,Flu ED visits pct,quantile,0.1,0.2970961222385123
provo,2026-04-11,2,2026-04-25,Flu ED visits pct,quantile,0.1,0.09046029768042976
roanoke,2026-04-11,2,2026-04-25,Flu ED visits pct,quantile,0.1,0.2982257696297885
rochester,2026-04-11,2,2026-04-25,Flu ED visits pct,quantile,0.1,0.1579421779915525
rock-hill,2026-04-11,2,2026-04-25,Flu ED visits pct,quantile,0.1,0.08678581248990752
rtp-area,2026-04-11,2,2026-04-25,Flu ED visits pct,quantile,0.1,0.14472787945104093
salem,2026-04-11,2,2026-04-25,Flu ED visits pct,quantile,0.1,0.13569683192607368
salt-lake-city,2026-04-11,2,2026-04-25,Flu ED visits pct,quantile,0.1,0.20992311904625313
san-antonio,2026-04-11,2,2026-04-25,Flu ED visits pct,quantile,0.1,0.2366548304750939
savannah,2026-04-11,2,2026-04-25,Flu ED visits pct,quantile,0.1,0.07460402917328796
senc,2026-04-11,2,2026-04-25,Flu ED visits pct,quantile,0.1,0.2230801464351838
south-augusta,2026-04-11,2,2026-04-25,Flu ED visits pct,quantile,0.1,0.20750392507717402
south-carolina,2026-04-11,2,2026-04-25,Flu ED visits pct,quantile,0.1,0.291120352443828
springfield,2026-04-11,2,2026-04-25,Flu ED visits pct,quantile,0.1,0.609235143691594
st-cloud,2026-04-11,2,2026-04-25,Flu ED visits pct,quantile,0.1,0.2610677691666417
st-paul,2026-04-11,2,2026-04-25,Flu ED visits pct,quantile,0.1,0.6574732058580249
texas,2026-04-11,2,2026-04-25,Flu ED visits pct,quantile,0.1,0.3442902301865428
triad-area,2026-04-11,2,2026-04-25,Flu ED visits pct,quantile,0.1,0.24631070150840023
utah,2026-04-11,2,2026-04-25,Flu ED visits pct,quantile,0.1,0.21842389648355037
virginia,2026-04-11,2,2026-04-25,Flu ED visits pct,quantile,0.1,0.5481524028227341
weld,2026-04-11,2,2026-04-25,Flu ED visits pct,quantile,0.1,0.23242685253707723
wnc,2026-04-11,2,2026-04-25,Flu ED visits pct,quantile,0.1,0.14127746619438086
worcester,2026-04-11,2,2026-04-25,Flu ED visits pct,quantile,0.1,0.42962635658708226
athens,2026-04-11,3,2026-05-02,Flu ED visits pct,quantile,0.1,0.11263340105952377
austin,2026-04-11,3,2026-05-02,Flu ED visits pct,quantile,0.1,0.21664160318323958
baltimore,2026-04-11,3,2026-05-02,Flu ED visits pct,quantile,0.1,0.4562357693501528
bangor,2026-04-11,3,2026-05-02,Flu ED visits pct,quantile,0.1,0.22265029481152618
beaumont,2026-04-11,3,2026-05-02,Flu ED visits pct,quantile,0.1,0.08782044481157197
boston,2026-04-11,3,2026-05-02,Flu ED visits pct,quantile,0.1,0.4861873158135388
boulder,2026-04-11,3,2026-05-02,Flu ED visits pct,quantile,0.1,0.12241050557643306
charleston,2026-04-11,3,2026-05-02,Flu ED visits pct,quantile,0.1,0.1795469497931251
cherokee,2026-04-11,3,2026-05-02,Flu ED visits pct,quantile,0.1,0.2974076291942376
clt-area,2026-04-11,3,2026-05-02,Flu ED visits pct,quantile,0.1,0.37822385089174393
colorado,2026-04-11,3,2026-05-02,Flu ED visits pct,quantile,0.1,0.3231063107013649
colorado-springs,2026-04-11,3,2026-05-02,Flu ED visits pct,quantile,0.1,0.26466525798049195
columbia,2026-04-11,3,2026-05-02,Flu ED visits pct,quantile,0.1,0.17989630012042584
columbus,2026-04-11,3,2026-05-02,Flu ED visits pct,quantile,0.1,0.10245558698529433
dallas,2026-04-11,3,2026-05-02,Flu ED visits pct,quantile,0.1,0.16314359396367703
denver,2026-04-11,3,2026-05-02,Flu ED visits pct,quantile,0.1,0.44335352062237027
deschutes,2026-04-11,3,2026-05-02,Flu ED visits pct,quantile,0.1,0.23690453123945598
duluth,2026-04-11,3,2026-05-02,Flu ED visits pct,quantile,0.1,0.303459233327028
el-paso,2026-04-11,3,2026-05-02,Flu ED visits pct,quantile,0.1,0.5909122937926815
eugene,2026-04-11,3,2026-05-02,Flu ED visits pct,quantile,0.1,0.07610792280316069
fay-area,2026-04-11,3,2026-05-02,Flu ED visits pct,quantile,0.1,0.345426119716945
florence,2026-04-11,3,2026-05-02,Flu ED visits pct,quantile,0.1,0.10938136718793583
floyd,2026-04-11,3,2026-05-02,Flu ED visits pct,quantile,0.1,0.09213670376807474
frederick,2026-04-11,3,2026-05-02,Flu ED visits pct,quantile,0.1,0.1475085596912018
georgia,2026-04-11,3,2026-05-02,Flu ED visits pct,quantile,0.1,0.29243519884500263
greenville,2026-04-11,3,2026-05-02,Flu ED visits pct,quantile,0.1,0.12641025377181778
hall,2026-04-11,3,2026-05-02,Flu ED visits pct,quantile,0.1,0.13063609100322532
harford,2026-04-11,3,2026-05-02,Flu ED visits pct,quantile,0.1,0.09811074671742626
henry,2026-04-11,3,2026-05-02,Flu ED visits pct,quantile,0.1,0.20783976479735164
horry,2026-04-11,3,2026-05-02,Flu ED visits pct,quantile,0.1,0.1546102476881652
houston,2026-04-11,3,2026-05-02,Flu ED visits pct,quantile,0.1,0.3408400927666412
indiana,2026-04-11,3,2026-05-02,Flu ED visits pct,quantile,0.1,0.21060597809616327
indianapolis,2026-04-11,3,2026-05-02,Flu ED visits pct,quantile,0.1,0.16109509796654206
la-grange,2026-04-11,3,2026-05-02,Flu ED visits pct,quantile,0.1,0.07365094582151314
larimer,2026-04-11,3,2026-05-02,Flu ED visits pct,quantile,0.1,0.12383711390515713
lynn,2026-04-11,3,2026-05-02,Flu ED visits pct,quantile,0.1,0.3362972907762433
macon,2026-04-11,3,2026-05-02,Flu ED visits pct,quantile,0.1,0.09671407048309061
maine,2026-04-11,3,2026-05-02,Flu ED visits pct,quantile,0.1,0.4157460836828033
marietta,2026-04-11,3,2026-05-02,Flu ED visits pct,quantile,0.1,0.13826096706929067
maryland,2026-04-11,3,2026-05-02,Flu ED visits pct,quantile,0.1,0.49424126456536965
massachusetts,2026-04-11,3,2026-05-02,Flu ED visits pct,quantile,0.1,0.6191823238033936
medford,2026-04-11,3,2026-05-02,Flu ED visits pct,quantile,0.1,0.01055163405664193
mesa,2026-04-11,3,2026-05-02,Flu ED visits pct,quantile,0.1,0.10717125877191631
minneapolis,2026-04-11,3,2026-05-02,Flu ED visits pct,quantile,0.1,0.32137750390116326
minnesota,2026-04-11,3,2026-05-02,Flu ED visits pct,quantile,0.1,0.45021410728726985
montgomery,2026-04-11,3,2026-05-02,Flu ED visits pct,quantile,0.1,0.4228478470028033
nenc,2026-04-11,3,2026-05-02,Flu ED visits pct,quantile,0.1,0.12165747088297484
new-bedford,2026-04-11,3,2026-05-02,Flu ED visits pct,quantile,0.1,0.5747770247659332
north-carolina,2026-04-11,3,2026-05-02,Flu ED visits pct,quantile,0.1,0.24330561941064582
nyc,2026-04-11,3,2026-05-02,ILI ED visits pct,quantile,0.1,2.105225535271065
ogden,2026-04-11,3,2026-05-02,Flu ED visits pct,quantile,0.1,0.09185744295310327
oregon,2026-04-11,3,2026-05-02,Flu ED visits pct,quantile,0.1,0.22077995734920705
pittsfield,2026-04-11,3,2026-05-02,Flu ED visits pct,quantile,0.1,0.07411333837978942
portland,2026-04-11,3,2026-05-02,Flu ED visits pct,quantile,0.1,0.25259203176539
portland-or,2026-04-11,3,2026-05-02,Flu ED visits pct,quantile,0.1,0.23848626389895256
provo,2026-04-11,3,2026-05-02,Flu ED visits pct,quantile,0.1,0.07882002234691443
roanoke,2026-04-11,3,2026-05-02,Flu ED visits pct,quantile,0.1,0.23032093532601214
rochester,2026-04-11,3,2026-05-02,Flu ED visits pct,quantile,0.1,0.13138829906709415
rock-hill,2026-04-11,3,2026-05-02,Flu ED visits pct,quantile,0.1,0.07533012558405966
rtp-area,2026-04-11,3,2026-05-02,Flu ED visits pct,quantile,0.1,0.10909872164822353
salem,2026-04-11,3,2026-05-02,Flu ED visits pct,quantile,0.1,0.10855133089792848
salt-lake-city,2026-04-11,3,2026-05-02,Flu ED visits pct,quantile,0.1,0.1772055718988903
san-antonio,2026-04-11,3,2026-05-02,Flu ED visits pct,quantile,0.1,0.20051616548517204
savannah,2026-04-11,3,2026-05-02,Flu ED visits pct,quantile,0.1,0.060629526582208
senc,2026-04-11,3,2026-05-02,Flu ED visits pct,quantile,0.1,0.1647820673194416
south-augusta,2026-04-11,3,2026-05-02,Flu ED visits pct,quantile,0.1,0.15365689492113702
south-carolina,2026-04-11,3,2026-05-02,Flu ED visits pct,quantile,0.1,0.23651302096878887
springfield,2026-04-11,3,2026-05-02,Flu ED visits pct,quantile,0.1,0.48399137907556894
st-cloud,2026-04-11,3,2026-05-02,Flu ED visits pct,quantile,0.1,0.20584534389334358
st-paul,2026-04-11,3,2026-05-02,Flu ED visits pct,quantile,0.1,0.5516280484359812
texas,2026-04-11,3,2026-05-02,Flu ED visits pct,quantile,0.1,0.30256282607381185
triad-area,2026-04-11,3,2026-05-02,Flu ED visits pct,quantile,0.1,0.1796340405027231
utah,2026-04-11,3,2026-05-02,Flu ED visits pct,quantile,0.1,0.18405404377459783
virginia,2026-04-11,3,2026-05-02,Flu ED visits pct,quantile,0.1,0.4853244597852393
weld,2026-04-11,3,2026-05-02,Flu ED visits pct,quantile,0.1,0.18704493602745845
wnc,2026-04-11,3,2026-05-02,Flu ED visits pct,quantile,0.1,0.09544710200049328
worcester,2026-04-11,3,2026-05-02,Flu ED visits pct,quantile,0.1,0.3488049922370915
athens,2026-04-11,0,2026-04-11,Flu ED visits pct,quantile,0.25,0.46794165642470176
austin,2026-04-11,0,2026-04-11,Flu ED visits pct,quantile,0.25,0.40670850423690186
baltimore,2026-04-11,0,2026-04-11,Flu ED visits pct,quantile,0.25,0.8582440265179166
bangor,2026-04-11,0,2026-04-11,Flu ED visits pct,quantile,0.25,0.8254226480552361
beaumont,2026-04-11,0,2026-04-11,Flu ED visits pct,quantile,0.25,0.2303068603519846
boston,2026-04-11,0,2026-04-11,Flu ED visits pct,quantile,0.25,1.0727837973268577
boulder,2026-04-11,0,2026-04-11,Flu ED visits pct,quantile,0.25,0.6301769117213998
charleston,2026-04-11,0,2026-04-11,Flu ED visits pct,quantile,0.25,0.4933647245893005
cherokee,2026-04-11,0,2026-04-11,Flu ED visits pct,quantile,0.25,0.8437218153598318
clt-area,2026-04-11,0,2026-04-11,Flu ED visits pct,quantile,0.25,1.52304318966759
colorado,2026-04-11,0,2026-04-11,Flu ED visits pct,quantile,0.25,0.9644329301862994
colorado-springs,2026-04-11,0,2026-04-11,Flu ED visits pct,quantile,0.25,0.9545352418833991
columbia,2026-04-11,0,2026-04-11,Flu ED visits pct,quantile,0.25,0.41125980708993437
columbus,2026-04-11,0,2026-04-11,Flu ED visits pct,quantile,0.25,0.43786501927710847
dallas,2026-04-11,0,2026-04-11,Flu ED visits pct,quantile,0.25,0.3204597320066785
denver,2026-04-11,0,2026-04-11,Flu ED visits pct,quantile,0.25,1.1476646685918426
deschutes,2026-04-11,0,2026-04-11,Flu ED visits pct,quantile,0.25,0.6602982724703286
duluth,2026-04-11,0,2026-04-11,Flu ED visits pct,quantile,0.25,1.2615296299573873
el-paso,2026-04-11,0,2026-04-11,Flu ED visits pct,quantile,0.25,1.2422010649550181
eugene,2026-04-11,0,2026-04-11,Flu ED visits pct,quantile,0.25,0.2170744332254482
fay-area,2026-04-11,0,2026-04-11,Flu ED visits pct,quantile,0.25,1.3302695226883143
florence,2026-04-11,0,2026-04-11,Flu ED visits pct,quantile,0.25,0.2943898927717992
floyd,2026-04-11,0,2026-04-11,Flu ED visits pct,quantile,0.25,0.3126629009560793
frederick,2026-04-11,0,2026-04-11,Flu ED visits pct,quantile,0.25,0.4958202486697819
georgia,2026-04-11,0,2026-04-11,Flu ED visits pct,quantile,0.25,0.5026158188914448
greenville,2026-04-11,0,2026-04-11,Flu ED visits pct,quantile,0.25,0.4282992939708913
hall,2026-04-11,0,2026-04-11,Flu ED visits pct,quantile,0.25,0.43426057864192247
harford,2026-04-11,0,2026-04-11,Flu ED visits pct,quantile,0.25,0.23234559015796316
henry,2026-04-11,0,2026-04-11,Flu ED visits pct,quantile,0.25,0.490249656812506
horry,2026-04-11,0,2026-04-11,Flu ED visits pct,quantile,0.25,0.41740603350798944
houston,2026-04-11,0,2026-04-11,Flu ED visits pct,quantile,0.25,0.5255245454900455
indiana,2026-04-11,0,2026-04-11,Flu ED visits pct,quantile,0.25,0.657785893855449
indianapolis,2026-04-11,0,2026-04-11,Flu ED visits pct,quantile,0.25,0.5177148139020227
la-grange,2026-04-11,0,2026-04-11,Flu ED visits pct,quantile,0.25,0.20562106388562773
larimer,2026-04-11,0,2026-04-11,Flu ED visits pct,quantile,0.25,0.5802012844900689
lynn,2026-04-11,0,2026-04-11,Flu ED visits pct,quantile,0.25,0.7221060034020722
macon,2026-04-11,0,2026-04-11,Flu ED visits pct,quantile,0.25,0.2522752582893462
maine,2026-04-11,0,2026-04-11,Flu ED visits pct,quantile,0.25,1.014363975430479
marietta,2026-04-11,0,2026-04-11,Flu ED visits pct,quantile,0.25,0.3356231939614349
maryland,2026-04-11,0,2026-04-11,Flu ED visits pct,quantile,0.25,0.9623312579462979
massachusetts,2026-04-11,0,2026-04-11,Flu ED visits pct,quantile,0.25,1.2322693268314386
medford,2026-04-11,0,2026-04-11,Flu ED visits pct,quantile,0.25,0.04533584348448484
mesa,2026-04-11,0,2026-04-11,Flu ED visits pct,quantile,0.25,0.2634122043664732
minneapolis,2026-04-11,0,2026-04-11,Flu ED visits pct,quantile,0.25,0.95229744260762
minnesota,2026-04-11,0,2026-04-11,Flu ED visits pct,quantile,0.25,1.1061817386956148
montgomery,2026-04-11,0,2026-04-11,Flu ED visits pct,quantile,0.25,0.8041591873375271
nenc,2026-04-11,0,2026-04-11,Flu ED visits pct,quantile,0.25,0.4055091878767728
new-bedford,2026-04-11,0,2026-04-11,Flu ED visits pct,quantile,0.25,1.4460084613806208
north-carolina,2026-04-11,0,2026-04-11,Flu ED visits pct,quantile,0.25,0.8429769745845641
nyc,2026-04-11,0,2026-04-11,ILI ED visits pct,quantile,0.25,2.851108147946887
ogden,2026-04-11,0,2026-04-11,Flu ED visits pct,quantile,0.25,0.22975401032347714
oregon,2026-04-11,0,2026-04-11,Flu ED visits pct,quantile,0.25,0.501753857454851
pittsfield,2026-04-11,0,2026-04-11,Flu ED visits pct,quantile,0.25,0.41918605330892833
portland,2026-04-11,0,2026-04-11,Flu ED visits pct,quantile,0.25,0.7567554027476392
portland-or,2026-04-11,0,2026-04-11,Flu ED visits pct,quantile,0.25,0.5916538250319928
provo,2026-04-11,0,2026-04-11,Flu ED visits pct,quantile,0.25,0.18321652490496396
roanoke,2026-04-11,0,2026-04-11,Flu ED visits pct,quantile,0.25,0.8728844361902667
rochester,2026-04-11,0,2026-04-11,Flu ED visits pct,quantile,0.25,0.5394052845119965
rock-hill,2026-04-11,0,2026-04-11,Flu ED visits pct,quantile,0.25,0.22408615746939406
rtp-area,2026-04-11,0,2026-04-11,Flu ED visits pct,quantile,0.25,0.3501993401936851
salem,2026-04-11,0,2026-04-11,Flu ED visits pct,quantile,0.25,0.4292411418320259
salt-lake-city,2026-04-11,0,2026-04-11,Flu ED visits pct,quantile,0.25,0.33355055888129703
san-antonio,2026-04-11,0,2026-04-11,Flu ED visits pct,quantile,0.25,0.4027997045123728
savannah,2026-04-11,0,2026-04-11,Flu ED visits pct,quantile,0.25,0.1986506153343581
senc,2026-04-11,0,2026-04-11,Flu ED visits pct,quantile,0.25,0.6270174338564601
south-augusta,2026-04-11,0,2026-04-11,Flu ED visits pct,quantile,0.25,0.6290676550655164
south-carolina,2026-04-11,0,2026-04-11,Flu ED visits pct,quantile,0.25,0.5407471008116531
springfield,2026-04-11,0,2026-04-11,Flu ED visits pct,quantile,0.25,1.4277677115769605
st-cloud,2026-04-11,0,2026-04-11,Flu ED visits pct,quantile,0.25,0.7868498455509808
st-paul,2026-04-11,0,2026-04-11,Flu ED visits pct,quantile,0.25,1.1520229242923383
texas,2026-04-11,0,2026-04-11,Flu ED visits pct,quantile,0.25,0.5048977720454233
triad-area,2026-04-11,0,2026-04-11,Flu ED visits pct,quantile,0.25,0.541802382068707
utah,2026-04-11,0,2026-04-11,Flu ED visits pct,quantile,0.25,0.3499540476511149
virginia,2026-04-11,0,2026-04-11,Flu ED visits pct,quantile,0.25,0.9048465906358384
weld,2026-04-11,0,2026-04-11,Flu ED visits pct,quantile,0.25,0.8326579377406447
wnc,2026-04-11,0,2026-04-11,Flu ED visits pct,quantile,0.25,0.42463364452228003
worcester,2026-04-11,0,2026-04-11,Flu ED visits pct,quantile,0.25,1.101129032940091
athens,2026-04-11,1,2026-04-18,Flu ED visits pct,quantile,0.25,0.33475724568109305
austin,2026-04-11,1,2026-04-18,Flu ED visits pct,quantile,0.25,0.3588865308272964
baltimore,2026-04-11,1,2026-04-18,Flu ED visits pct,quantile,0.25,0.7714826902678208
bangor,2026-04-11,1,2026-04-18,Flu ED visits pct,quantile,0.25,0.6057939689067098
beaumont,2026-04-11,1,2026-04-18,Flu ED visits pct,quantile,0.25,0.18966641492009298
boston,2026-04-11,1,2026-04-18,Flu ED visits pct,quantile,0.25,0.935575391948945
boulder,2026-04-11,1,2026-04-18,Flu ED visits pct,quantile,0.25,0.39950388574173656
charleston,2026-04-11,1,2026-04-18,Flu ED visits pct,quantile,0.25,0.39789348394694823
cherokee,2026-04-11,1,2026-04-18,Flu ED visits pct,quantile,0.25,0.6891317036761048
clt-area,2026-04-11,1,2026-04-18,Flu ED visits pct,quantile,0.25,1.112009115375971
colorado,2026-04-11,1,2026-04-18,Flu ED visits pct,quantile,0.25,0.7040366308572023
colorado-springs,2026-04-11,1,2026-04-18,Flu ED visits pct,quantile,0.25,0.6797761436928714
columbia,2026-04-11,1,2026-04-18,Flu ED visits pct,quantile,0.25,0.33822493398724435
columbus,2026-04-11,1,2026-04-18,Flu ED visits pct,quantile,0.25,0.3134432638471706
dallas,2026-04-11,1,2026-04-18,Flu ED visits pct,quantile,0.25,0.27898932496210904
denver,2026-04-11,1,2026-04-18,Flu ED visits pct,quantile,0.25,0.8523049579960376
deschutes,2026-04-11,1,2026-04-18,Flu ED visits pct,quantile,0.25,0.5197310534190498
duluth,2026-04-11,1,2026-04-18,Flu ED visits pct,quantile,0.25,0.8443971135678127
el-paso,2026-04-11,1,2026-04-18,Flu ED visits pct,quantile,0.25,1.0505152859662084
eugene,2026-04-11,1,2026-04-18,Flu ED visits pct,quantile,0.25,0.17018260344551966
fay-area,2026-04-11,1,2026-04-18,Flu ED visits pct,quantile,0.25,0.9462117377265291
florence,2026-04-11,1,2026-04-18,Flu ED visits pct,quantile,0.25,0.23882758337209464
floyd,2026-04-11,1,2026-04-18,Flu ED visits pct,quantile,0.25,0.2439345829040287
frederick,2026-04-11,1,2026-04-18,Flu ED visits pct,quantile,0.25,0.4167733368075838
georgia,2026-04-11,1,2026-04-18,Flu ED visits pct,quantile,0.25,0.4550821457779144
greenville,2026-04-11,1,2026-04-18,Flu ED visits pct,quantile,0.25,0.31799439855737804
hall,2026-04-11,1,2026-04-18,Flu ED visits pct,quantile,0.25,0.3556856972464758
harford,2026-04-11,1,2026-04-18,Flu ED visits pct,quantile,0.25,0.19351385915637484
henry,2026-04-11,1,2026-04-18,Flu ED visits pct,quantile,0.25,0.41301467639657957
horry,2026-04-11,1,2026-04-18,Flu ED visits pct,quantile,0.25,0.34539797126231886
houston,2026-04-11,1,2026-04-18,Flu ED visits pct,quantile,0.25,0.4954672756865576
indiana,2026-04-11,1,2026-04-18,Flu ED visits pct,quantile,0.25,0.471050887998172
indianapolis,2026-04-11,1,2026-04-18,Flu ED visits pct,quantile,0.25,0.3690045640424849
la-grange,2026-04-11,1,2026-04-18,Flu ED visits pct,quantile,0.25,0.17050659104213772
larimer,2026-04-11,1,2026-04-18,Flu ED visits pct,quantile,0.25,0.41753147604351126
lynn,2026-04-11,1,2026-04-18,Flu ED visits pct,quantile,0.25,0.6266234427125134
macon,2026-04-11,1,2026-04-18,Flu ED visits pct,quantile,0.25,0.20940667080067074
maine,2026-04-11,1,2026-04-18,Flu ED visits pct,quantile,0.25,0.8666646997157175
marietta,2026-04-11,1,2026-04-18,Flu ED visits pct,quantile,0.25,0.2723770191901916
maryland,2026-04-11,1,2026-04-18,Flu ED visits pct,quantile,0.25,0.8570523504349907
massachusetts,2026-04-11,1,2026-04-18,Flu ED visits pct,quantile,0.25,1.0724923918630982
medford,2026-04-11,1,2026-04-18,Flu ED visits pct,quantile,0.25,0.037816957482454124
mesa,2026-04-11,1,2026-04-18,Flu ED visits pct,quantile,0.25,0.22070817584860528
minneapolis,2026-04-11,1,2026-04-18,Flu ED visits pct,quantile,0.25,0.6860936655578515
minnesota,2026-04-11,1,2026-04-18,Flu ED visits pct,quantile,0.25,0.8634811768807051
montgomery,2026-04-11,1,2026-04-18,Flu ED visits pct,quantile,0.25,0.7152718407676247
nenc,2026-04-11,1,2026-04-18,Flu ED visits pct,quantile,0.25,0.28567019379178094
new-bedford,2026-04-11,1,2026-04-18,Flu ED visits pct,quantile,0.25,1.209293502214747
north-carolina,2026-04-11,1,2026-04-18,Flu ED visits pct,quantile,0.25,0.5979581118117674
nyc,2026-04-11,1,2026-04-18,ILI ED visits pct,quantile,0.25,2.7550302189618754
ogden,2026-04-11,1,2026-04-18,Flu ED visits pct,quantile,0.25,0.18756194367886045
oregon,2026-04-11,1,2026-04-18,Flu ED visits pct,quantile,0.25,0.4101541498267292
pittsfield,2026-04-11,1,2026-04-18,Flu ED visits pct,quantile,0.25,0.302349332104742
portland,2026-04-11,1,2026-04-18,Flu ED visits pct,quantile,0.25,0.5861387793496795
portland-or,2026-04-11,1,2026-04-18,Flu ED visits pct,quantile,0.25,0.47608825001278593
provo,2026-04-11,1,2026-04-18,Flu ED visits pct,quantile,0.25,0.15331275384038848
roanoke,2026-04-11,1,2026-04-18,Flu ED visits pct,quantile,0.25,0.6063528312494367
rochester,2026-04-11,1,2026-04-18,Flu ED visits pct,quantile,0.25,0.37641144717924124
rock-hill,2026-04-11,1,2026-04-18,Flu ED visits pct,quantile,0.25,0.18317076700304027
rtp-area,2026-04-11,1,2026-04-18,Flu ED visits pct,quantile,0.25,0.24612412599670397
salem,2026-04-11,1,2026-04-18,Flu ED visits pct,quantile,0.25,0.30998081412682327
salt-lake-city,2026-04-11,1,2026-04-18,Flu ED visits pct,quantile,0.25,0.29398458375527764
san-antonio,2026-04-11,1,2026-04-18,Flu ED visits pct,quantile,0.25,0.33465523199841996
savannah,2026-04-11,1,2026-04-18,Flu ED visits pct,quantile,0.25,0.1640944496200209
senc,2026-04-11,1,2026-04-18,Flu ED visits pct,quantile,0.25,0.44767507119106714
south-augusta,2026-04-11,1,2026-04-18,Flu ED visits pct,quantile,0.25,0.4468492912774314
south-carolina,2026-04-11,1,2026-04-18,Flu ED visits pct,quantile,0.25,0.46789420048612196
springfield,2026-04-11,1,2026-04-18,Flu ED visits pct,quantile,0.25,1.050406371137189
st-cloud,2026-04-11,1,2026-04-18,Flu ED visits pct,quantile,0.25,0.5724758434621987
st-paul,2026-04-11,1,2026-04-18,Flu ED visits pct,quantile,0.25,0.9922750062002685
texas,2026-04-11,1,2026-04-18,Flu ED visits pct,quantile,0.25,0.46310019757722587
triad-area,2026-04-11,1,2026-04-18,Flu ED visits pct,quantile,0.25,0.40238699155840457
utah,2026-04-11,1,2026-04-18,Flu ED visits pct,quantile,0.25,0.31188929466052256
virginia,2026-04-11,1,2026-04-18,Flu ED visits pct,quantile,0.25,0.788273921890729
weld,2026-04-11,1,2026-04-18,Flu ED visits pct,quantile,0.25,0.5430355492953747
wnc,2026-04-11,1,2026-04-18,Flu ED visits pct,quantile,0.25,0.2887903675387128
worcester,2026-04-11,1,2026-04-18,Flu ED visits pct,quantile,0.25,0.901614690932755
athens,2026-04-11,2,2026-04-25,Flu ED visits pct,quantile,0.25,0.24972942976018148
austin,2026-04-11,2,2026-04-25,Flu ED visits pct,quantile,0.25,0.2921790699726755
baltimore,2026-04-11,2,2026-04-25,Flu ED visits pct,quantile,0.25,0.669890194831415
bangor,2026-04-11,2,2026-04-25,Flu ED visits pct,quantile,0.25,0.4797174480512727
beaumont,2026-04-11,2,2026-04-25,Flu ED visits pct,quantile,0.25,0.1431959702510924
boston,2026-04-11,2,2026-04-25,Flu ED visits pct,quantile,0.25,0.8042856695309242
boulder,2026-04-11,2,2026-04-25,Flu ED visits pct,quantile,0.25,0.26869186100328674
charleston,2026-04-11,2,2026-04-25,Flu ED visits pct,quantile,0.25,0.3216441773065536
cherokee,2026-04-11,2,2026-04-25,Flu ED visits pct,quantile,0.25,0.5647894917151564
clt-area,2026-04-11,2,2026-04-25,Flu ED visits pct,quantile,0.25,0.7513394783386265
colorado,2026-04-11,2,2026-04-25,Flu ED visits pct,quantile,0.25,0.5168624030759249
colorado-springs,2026-04-11,2,2026-04-25,Flu ED visits pct,quantile,0.25,0.4723487049193472
columbia,2026-04-11,2,2026-04-25,Flu ED visits pct,quantile,0.25,0.25633922192450276
columbus,2026-04-11,2,2026-04-25,Flu ED visits pct,quantile,0.25,0.23488657112234534
dallas,2026-04-11,2,2026-04-25,Flu ED visits pct,quantile,0.25,0.2248920592788874
denver,2026-04-11,2,2026-04-25,Flu ED visits pct,quantile,0.25,0.6252773161821907
deschutes,2026-04-11,2,2026-04-25,Flu ED visits pct,quantile,0.25,0.42082426760991737
duluth,2026-04-11,2,2026-04-25,Flu ED visits pct,quantile,0.25,0.5826124417483325
el-paso,2026-04-11,2,2026-04-25,Flu ED visits pct,quantile,0.25,0.8808836474855282
eugene,2026-04-11,2,2026-04-25,Flu ED visits pct,quantile,0.25,0.12973981959999123
fay-area,2026-04-11,2,2026-04-25,Flu ED visits pct,quantile,0.25,0.6351475897839199
florence,2026-04-11,2,2026-04-25,Flu ED visits pct,quantile,0.25,0.19554340098133566
floyd,2026-04-11,2,2026-04-25,Flu ED visits pct,quantile,0.25,0.18511855049377543
frederick,2026-04-11,2,2026-04-25,Flu ED visits pct,quantile,0.25,0.33460221762667214
georgia,2026-04-11,2,2026-04-25,Flu ED visits pct,quantile,0.25,0.40005426645012754
greenville,2026-04-11,2,2026-04-25,Flu ED visits pct,quantile,0.25,0.2237120416428195
hall,2026-04-11,2,2026-04-25,Flu ED visits pct,quantile,0.25,0.28764756995193974
harford,2026-04-11,2,2026-04-25,Flu ED visits pct,quantile,0.25,0.1675821362214615
henry,2026-04-11,2,2026-04-25,Flu ED visits pct,quantile,0.25,0.33597803523068065
horry,2026-04-11,2,2026-04-25,Flu ED visits pct,quantile,0.25,0.27653776175087846
houston,2026-04-11,2,2026-04-25,Flu ED visits pct,quantile,0.25,0.4551411941375331
indiana,2026-04-11,2,2026-04-25,Flu ED visits pct,quantile,0.25,0.36083804032951416
indianapolis,2026-04-11,2,2026-04-25,Flu ED visits pct,quantile,0.25,0.26649113517188094
la-grange,2026-04-11,2,2026-04-25,Flu ED visits pct,quantile,0.25,0.13017865341434165
larimer,2026-04-11,2,2026-04-25,Flu ED visits pct,quantile,0.25,0.32832329468387017
lynn,2026-04-11,2,2026-04-25,Flu ED visits pct,quantile,0.25,0.5371138886688682
macon,2026-04-11,2,2026-04-25,Flu ED visits pct,quantile,0.25,0.16572618814151255
maine,2026-04-11,2,2026-04-25,Flu ED visits pct,quantile,0.25,0.7044542787466306
marietta,2026-04-11,2,2026-04-25,Flu ED visits pct,quantile,0.25,0.21372351898432843
maryland,2026-04-11,2,2026-04-25,Flu ED visits pct,quantile,0.25,0.7761176958887708
massachusetts,2026-04-11,2,2026-04-25,Flu ED visits pct,quantile,0.25,0.8937736360233062
medford,2026-04-11,2,2026-04-25,Flu ED visits pct,quantile,0.25,0.028853584494452272
mesa,2026-04-11,2,2026-04-25,Flu ED visits pct,quantile,0.25,0.17920443233809835
minneapolis,2026-04-11,2,2026-04-25,Flu ED visits pct,quantile,0.25,0.5269211421437464
minnesota,2026-04-11,2,2026-04-25,Flu ED visits pct,quantile,0.25,0.6853174364831127
montgomery,2026-04-11,2,2026-04-25,Flu ED visits pct,quantile,0.25,0.6358528653254569
nenc,2026-04-11,2,2026-04-25,Flu ED visits pct,quantile,0.25,0.1951689980578442
new-bedford,2026-04-11,2,2026-04-25,Flu ED visits pct,quantile,0.25,0.9896028255006672
north-carolina,2026-04-11,2,2026-04-25,Flu ED visits pct,quantile,0.25,0.4091833023457501
nyc,2026-04-11,2,2026-04-25,ILI ED visits pct,quantile,0.25,2.608173448305429
ogden,2026-04-11,2,2026-04-25,Flu ED visits pct,quantile,0.25,0.14300996888978376
oregon,2026-04-11,2,2026-04-25,Flu ED visits pct,quantile,0.25,0.3347507301558308
pittsfield,2026-04-11,2,2026-04-25,Flu ED visits pct,quantile,0.25,0.20261746476250816
portland,2026-04-11,2,2026-04-25,Flu ED visits pct,quantile,0.25,0.4537985795772946
portland-or,2026-04-11,2,2026-04-25,Flu ED visits pct,quantile,0.25,0.3700261534594482
provo,2026-04-11,2,2026-04-25,Flu ED visits pct,quantile,0.25,0.1256395693260516
roanoke,2026-04-11,2,2026-04-25,Flu ED visits pct,quantile,0.25,0.45871780916445354
rochester,2026-04-11,2,2026-04-25,Flu ED visits pct,quantile,0.25,0.278013709277774
rock-hill,2026-04-11,2,2026-04-25,Flu ED visits pct,quantile,0.25,0.1505145198163866
rtp-area,2026-04-11,2,2026-04-25,Flu ED visits pct,quantile,0.25,0.17156747576691317
salem,2026-04-11,2,2026-04-25,Flu ED visits pct,quantile,0.25,0.2280068920312975
salt-lake-city,2026-04-11,2,2026-04-25,Flu ED visits pct,quantile,0.25,0.24084373068294646
san-antonio,2026-04-11,2,2026-04-25,Flu ED visits pct,quantile,0.25,0.2630863768026414
savannah,2026-04-11,2,2026-04-25,Flu ED visits pct,quantile,0.25,0.12562127361575048
senc,2026-04-11,2,2026-04-25,Flu ED visits pct,quantile,0.25,0.3166606892566589
south-augusta,2026-04-11,2,2026-04-25,Flu ED visits pct,quantile,0.25,0.340723167510977
south-carolina,2026-04-11,2,2026-04-25,Flu ED visits pct,quantile,0.25,0.37747637799023
springfield,2026-04-11,2,2026-04-25,Flu ED visits pct,quantile,0.25,0.7876842265294045
st-cloud,2026-04-11,2,2026-04-25,Flu ED visits pct,quantile,0.25,0.4273901964663224
st-paul,2026-04-11,2,2026-04-25,Flu ED visits pct,quantile,0.25,0.8484310754450722
texas,2026-04-11,2,2026-04-25,Flu ED visits pct,quantile,0.25,0.40858599814836627
triad-area,2026-04-11,2,2026-04-25,Flu ED visits pct,quantile,0.25,0.29745366454844924
utah,2026-04-11,2,2026-04-25,Flu ED visits pct,quantile,0.25,0.2550938505142657
virginia,2026-04-11,2,2026-04-25,Flu ED visits pct,quantile,0.25,0.6811920222785519
weld,2026-04-11,2,2026-04-25,Flu ED visits pct,quantile,0.25,0.39627854742128327
wnc,2026-04-11,2,2026-04-25,Flu ED visits pct,quantile,0.25,0.18795291410272763
worcester,2026-04-11,2,2026-04-25,Flu ED visits pct,quantile,0.25,0.7079789830253198
athens,2026-04-11,3,2026-05-02,Flu ED visits pct,quantile,0.25,0.2166370006263246
austin,2026-04-11,3,2026-05-02,Flu ED visits pct,quantile,0.25,0.2668369322848442
baltimore,2026-04-11,3,2026-05-02,Flu ED visits pct,quantile,0.25,0.6163727759989117
bangor,2026-04-11,3,2026-05-02,Flu ED visits pct,quantile,0.25,0.41166297383845124
beaumont,2026-04-11,3,2026-05-02,Flu ED visits pct,quantile,0.25,0.13114188592325074
boston,2026-04-11,3,2026-05-02,Flu ED visits pct,quantile,0.25,0.6846399513653434
boulder,2026-04-11,3,2026-05-02,Flu ED visits pct,quantile,0.25,0.20828991392502172
charleston,2026-04-11,3,2026-05-02,Flu ED visits pct,quantile,0.25,0.27618695461403175
cherokee,2026-04-11,3,2026-05-02,Flu ED visits pct,quantile,0.25,0.5026550899482383
clt-area,2026-04-11,3,2026-05-02,Flu ED visits pct,quantile,0.25,0.5380173820060079
colorado,2026-04-11,3,2026-05-02,Flu ED visits pct,quantile,0.25,0.4182129982066683
colorado-springs,2026-04-11,3,2026-05-02,Flu ED visits pct,quantile,0.25,0.38370914196483935
columbia,2026-04-11,3,2026-05-02,Flu ED visits pct,quantile,0.25,0.22849813329031826
columbus,2026-04-11,3,2026-05-02,Flu ED visits pct,quantile,0.25,0.20357163823932745
dallas,2026-04-11,3,2026-05-02,Flu ED visits pct,quantile,0.25,0.2022759992121904
denver,2026-04-11,3,2026-05-02,Flu ED visits pct,quantile,0.25,0.5145045846545467
deschutes,2026-04-11,3,2026-05-02,Flu ED visits pct,quantile,0.25,0.3678905797398378
duluth,2026-04-11,3,2026-05-02,Flu ED visits pct,quantile,0.25,0.4632438665921076
el-paso,2026-04-11,3,2026-05-02,Flu ED visits pct,quantile,0.25,0.7995471322273864
eugene,2026-04-11,3,2026-05-02,Flu ED visits pct,quantile,0.25,0.11398394363556646
fay-area,2026-04-11,3,2026-05-02,Flu ED visits pct,quantile,0.25,0.455984663455766
florence,2026-04-11,3,2026-05-02,Flu ED visits pct,quantile,0.25,0.17301079195966054
floyd,2026-04-11,3,2026-05-02,Flu ED visits pct,quantile,0.25,0.16426599883481702
frederick,2026-04-11,3,2026-05-02,Flu ED visits pct,quantile,0.25,0.2984724633332628
georgia,2026-04-11,3,2026-05-02,Flu ED visits pct,quantile,0.25,0.36858510336080014
greenville,2026-04-11,3,2026-05-02,Flu ED visits pct,quantile,0.25,0.18235768126653354
hall,2026-04-11,3,2026-05-02,Flu ED visits pct,quantile,0.25,0.2583226767457486
harford,2026-04-11,3,2026-05-02,Flu ED visits pct,quantile,0.25,0.1491377955307047
henry,2026-04-11,3,2026-05-02,Flu ED visits pct,quantile,0.25,0.30475117273188157
horry,2026-04-11,3,2026-05-02,Flu ED visits pct,quantile,0.25,0.2526962948050951
houston,2026-04-11,3,2026-05-02,Flu ED visits pct,quantile,0.25,0.4241711115247836
indiana,2026-04-11,3,2026-05-02,Flu ED visits pct,quantile,0.25,0.2997440497273643
indianapolis,2026-04-11,3,2026-05-02,Flu ED visits pct,quantile,0.25,0.21689271356794823
la-grange,2026-04-11,3,2026-05-02,Flu ED visits pct,quantile,0.25,0.11642964217458891
larimer,2026-04-11,3,2026-05-02,Flu ED visits pct,quantile,0.25,0.28169105806811773
lynn,2026-04-11,3,2026-05-02,Flu ED visits pct,quantile,0.25,0.49125747853249035
macon,2026-04-11,3,2026-05-02,Flu ED visits pct,quantile,0.25,0.1476759923529903
maine,2026-04-11,3,2026-05-02,Flu ED visits pct,quantile,0.25,0.594133540758037
marietta,2026-04-11,3,2026-05-02,Flu ED visits pct,quantile,0.25,0.19453862450581527
maryland,2026-04-11,3,2026-05-02,Flu ED visits pct,quantile,0.25,0.7172976184209485
massachusetts,2026-04-11,3,2026-05-02,Flu ED visits pct,quantile,0.25,0.7686262844065812
medford,2026-04-11,3,2026-05-02,Flu ED visits pct,quantile,0.25,0.027207651504411623
mesa,2026-04-11,3,2026-05-02,Flu ED visits pct,quantile,0.25,0.16295713123152084
minneapolis,2026-04-11,3,2026-05-02,Flu ED visits pct,quantile,0.25,0.43365254748339416
minnesota,2026-04-11,3,2026-05-02,Flu ED visits pct,quantile,0.25,0.5627520810809428
montgomery,2026-04-11,3,2026-05-02,Flu ED visits pct,quantile,0.25,0.5855019225185822
nenc,2026-04-11,3,2026-05-02,Flu ED visits pct,quantile,0.25,0.1545306285079343
new-bedford,2026-04-11,3,2026-05-02,Flu ED visits pct,quantile,0.25,0.8996898680398419
north-carolina,2026-04-11,3,2026-05-02,Flu ED visits pct,quantile,0.25,0.2979526912972419
nyc,2026-04-11,3,2026-05-02,ILI ED visits pct,quantile,0.25,2.4298863652417135
ogden,2026-04-11,3,2026-05-02,Flu ED visits pct,quantile,0.25,0.12752163445393047
oregon,2026-04-11,3,2026-05-02,Flu ED visits pct,quantile,0.25,0.2921380174033224
pittsfield,2026-04-11,3,2026-05-02,Flu ED visits pct,quantile,0.25,0.15034693003545663
portland,2026-04-11,3,2026-05-02,Flu ED visits pct,quantile,0.25,0.3928180190605164
portland-or,2026-04-11,3,2026-05-02,Flu ED visits pct,quantile,0.25,0.3170340801000045
provo,2026-04-11,3,2026-05-02,Flu ED visits pct,quantile,0.25,0.11036428069260587
roanoke,2026-04-11,3,2026-05-02,Flu ED visits pct,quantile,0.25,0.38390032107042554
rochester,2026-04-11,3,2026-05-02,Flu ED visits pct,quantile,0.25,0.23617277630664454
rock-hill,2026-04-11,3,2026-05-02,Flu ED visits pct,quantile,0.25,0.13230311523763474
rtp-area,2026-04-11,3,2026-05-02,Flu ED visits pct,quantile,0.25,0.1349192428911092
salem,2026-04-11,3,2026-05-02,Flu ED visits pct,quantile,0.25,0.18200632501132283
salt-lake-city,2026-04-11,3,2026-05-02,Flu ED visits pct,quantile,0.25,0.21706039179359624
san-antonio,2026-04-11,3,2026-05-02,Flu ED visits pct,quantile,0.25,0.23551232633202604
savannah,2026-04-11,3,2026-05-02,Flu ED visits pct,quantile,0.25,0.11323776305255848
senc,2026-04-11,3,2026-05-02,Flu ED visits pct,quantile,0.25,0.2441891703459137
south-augusta,2026-04-11,3,2026-05-02,Flu ED visits pct,quantile,0.25,0.28756429281439694
south-carolina,2026-04-11,3,2026-05-02,Flu ED visits pct,quantile,0.25,0.33902640781914184
springfield,2026-04-11,3,2026-05-02,Flu ED visits pct,quantile,0.25,0.6543607370303092
st-cloud,2026-04-11,3,2026-05-02,Flu ED visits pct,quantile,0.25,0.3721395989620365
st-paul,2026-04-11,3,2026-05-02,Flu ED visits pct,quantile,0.25,0.7433983412022697
texas,2026-04-11,3,2026-05-02,Flu ED visits pct,quantile,0.25,0.3790048770078132
triad-area,2026-04-11,3,2026-05-02,Flu ED visits pct,quantile,0.25,0.23857184045963353
utah,2026-04-11,3,2026-05-02,Flu ED visits pct,quantile,0.25,0.22894610764864456
virginia,2026-04-11,3,2026-05-02,Flu ED visits pct,quantile,0.25,0.5935323648505891
weld,2026-04-11,3,2026-05-02,Flu ED visits pct,quantile,0.25,0.3289758107907536
wnc,2026-04-11,3,2026-05-02,Flu ED visits pct,quantile,0.25,0.1349645289860974
worcester,2026-04-11,3,2026-05-02,Flu ED visits pct,quantile,0.25,0.6192091961134996
athens,2026-04-11,0,2026-04-11,Flu ED visits pct,quantile,0.5,0.6276255428660502
austin,2026-04-11,0,2026-04-11,Flu ED visits pct,quantile,0.5,0.5007916932363441
baltimore,2026-04-11,0,2026-04-11,Flu ED visits pct,quantile,0.5,0.9527720217354895
bangor,2026-04-11,0,2026-04-11,Flu ED visits pct,quantile,0.5,1.1306385905391296
beaumont,2026-04-11,0,2026-04-11,Flu ED visits pct,quantile,0.5,0.3594752055095334
boston,2026-04-11,0,2026-04-11,Flu ED visits pct,quantile,0.5,1.1943838488762404
boulder,2026-04-11,0,2026-04-11,Flu ED visits pct,quantile,0.5,0.7675650499364308
charleston,2026-04-11,0,2026-04-11,Flu ED visits pct,quantile,0.5,0.6048390305824117
cherokee,2026-04-11,0,2026-04-11,Flu ED visits pct,quantile,0.5,1.0905733133167406
clt-area,2026-04-11,0,2026-04-11,Flu ED visits pct,quantile,0.5,1.7057180366249187
colorado,2026-04-11,0,2026-04-11,Flu ED visits pct,quantile,0.5,1.0559834511652624
colorado-springs,2026-04-11,0,2026-04-11,Flu ED visits pct,quantile,0.5,1.1076634132076009
columbia,2026-04-11,0,2026-04-11,Flu ED visits pct,quantile,0.5,0.543429204480936
columbus,2026-04-11,0,2026-04-11,Flu ED visits pct,quantile,0.5,0.5764661944554527
dallas,2026-04-11,0,2026-04-11,Flu ED visits pct,quantile,0.5,0.3925520063344503
denver,2026-04-11,0,2026-04-11,Flu ED visits pct,quantile,0.5,1.243956475850018
deschutes,2026-04-11,0,2026-04-11,Flu ED visits pct,quantile,0.5,0.9037363516288623
duluth,2026-04-11,0,2026-04-11,Flu ED visits pct,quantile,0.5,1.5467235042404115
el-paso,2026-04-11,0,2026-04-11,Flu ED visits pct,quantile,0.5,1.502604270675231
eugene,2026-04-11,0,2026-04-11,Flu ED visits pct,quantile,0.5,0.2851910886984663
fay-area,2026-04-11,0,2026-04-11,Flu ED visits pct,quantile,0.5,1.4973010020636224
florence,2026-04-11,0,2026-04-11,Flu ED visits pct,quantile,0.5,0.4834703887492155
floyd,2026-04-11,0,2026-04-11,Flu ED visits pct,quantile,0.5,0.5041164933503293
frederick,2026-04-11,0,2026-04-11,Flu ED visits pct,quantile,0.5,0.74985950707151
georgia,2026-04-11,0,2026-04-11,Flu ED visits pct,quantile,0.5,0.5787034626437161
greenville,2026-04-11,0,2026-04-11,Flu ED visits pct,quantile,0.5,0.5188948489274633
hall,2026-04-11,0,2026-04-11,Flu ED visits pct,quantile,0.5,0.5986895658478516
harford,2026-04-11,0,2026-04-11,Flu ED visits pct,quantile,0.5,0.45070341517282825
henry,2026-04-11,0,2026-04-11,Flu ED visits pct,quantile,0.5,0.6134027689506699
horry,2026-04-11,0,2026-04-11,Flu ED visits pct,quantile,0.5,0.573984461424619
houston,2026-04-11,0,2026-04-11,Flu ED visits pct,quantile,0.5,0.5675691613372463
indiana,2026-04-11,0,2026-04-11,Flu ED visits pct,quantile,0.5,0.7059000628857918
indianapolis,2026-04-11,0,2026-04-11,Flu ED visits pct,quantile,0.5,0.560527840754046
la-grange,2026-04-11,0,2026-04-11,Flu ED visits pct,quantile,0.5,0.35770315532849806
larimer,2026-04-11,0,2026-04-11,Flu ED visits pct,quantile,0.5,0.7187375150738214
lynn,2026-04-11,0,2026-04-11,Flu ED visits pct,quantile,0.5,0.9084556077601499
macon,2026-04-11,0,2026-04-11,Flu ED visits pct,quantile,0.5,0.33311027005511684
maine,2026-04-11,0,2026-04-11,Flu ED visits pct,quantile,0.5,1.1894307309290537
marietta,2026-04-11,0,2026-04-11,Flu ED visits pct,quantile,0.5,0.44185913016417777
maryland,2026-04-11,0,2026-04-11,Flu ED visits pct,quantile,0.5,1.019140763776846
massachusetts,2026-04-11,0,2026-04-11,Flu ED visits pct,quantile,0.5,1.3763732615598703
medford,2026-04-11,0,2026-04-11,Flu ED visits pct,quantile,0.5,0.10435451025243568
mesa,2026-04-11,0,2026-04-11,Flu ED visits pct,quantile,0.5,0.4265121890689343
minneapolis,2026-04-11,0,2026-04-11,Flu ED visits pct,quantile,0.5,1.0795516362838313
minnesota,2026-04-11,0,2026-04-11,Flu ED visits pct,quantile,0.5,1.228715982169359
montgomery,2026-04-11,0,2026-04-11,Flu ED visits pct,quantile,0.5,0.9044576184931857
nenc,2026-04-11,0,2026-04-11,Flu ED visits pct,quantile,0.5,0.4639493484924913
new-bedford,2026-04-11,0,2026-04-11,Flu ED visits pct,quantile,0.5,1.789398479218423
north-carolina,2026-04-11,0,2026-04-11,Flu ED visits pct,quantile,0.5,0.9346926275520961
nyc,2026-04-11,0,2026-04-11,ILI ED visits pct,quantile,0.5,3.043378476457457
ogden,2026-04-11,0,2026-04-11,Flu ED visits pct,quantile,0.5,0.3197955737942786
oregon,2026-04-11,0,2026-04-11,Flu ED visits pct,quantile,0.5,0.5703206872523219
pittsfield,2026-04-11,0,2026-04-11,Flu ED visits pct,quantile,0.5,0.6424247736623167
portland,2026-04-11,0,2026-04-11,Flu ED visits pct,quantile,0.5,0.9582205540134586
portland-or,2026-04-11,0,2026-04-11,Flu ED visits pct,quantile,0.5,0.6810982138998464
provo,2026-04-11,0,2026-04-11,Flu ED visits pct,quantile,0.5,0.27408210803772903
roanoke,2026-04-11,0,2026-04-11,Flu ED visits pct,quantile,0.5,0.9710550572067282
rochester,2026-04-11,0,2026-04-11,Flu ED visits pct,quantile,0.5,0.7132624338749948
rock-hill,2026-04-11,0,2026-04-11,Flu ED visits pct,quantile,0.5,0.46163400727006304
rtp-area,2026-04-11,0,2026-04-11,Flu ED visits pct,quantile,0.5,0.4068302594749948
salem,2026-04-11,0,2026-04-11,Flu ED visits pct,quantile,0.5,0.5219461909643553
salt-lake-city,2026-04-11,0,2026-04-11,Flu ED visits pct,quantile,0.5,0.4191236466490708
san-antonio,2026-04-11,0,2026-04-11,Flu ED visits pct,quantile,0.5,0.4982335485288958
savannah,2026-04-11,0,2026-04-11,Flu ED visits pct,quantile,0.5,0.2714983366831387
senc,2026-04-11,0,2026-04-11,Flu ED visits pct,quantile,0.5,0.7409158188412547
south-augusta,2026-04-11,0,2026-04-11,Flu ED visits pct,quantile,0.5,0.7493347918578855
south-carolina,2026-04-11,0,2026-04-11,Flu ED visits pct,quantile,0.5,0.6270499735257189
springfield,2026-04-11,0,2026-04-11,Flu ED visits pct,quantile,0.5,1.7470432293686229
st-cloud,2026-04-11,0,2026-04-11,Flu ED visits pct,quantile,0.5,1.044898866638949
st-paul,2026-04-11,0,2026-04-11,Flu ED visits pct,quantile,0.5,1.3604568895091844
texas,2026-04-11,0,2026-04-11,Flu ED visits pct,quantile,0.5,0.6145565556530339
triad-area,2026-04-11,0,2026-04-11,Flu ED visits pct,quantile,0.5,0.6173347216210628
utah,2026-04-11,0,2026-04-11,Flu ED visits pct,quantile,0.5,0.43106725951055164
virginia,2026-04-11,0,2026-04-11,Flu ED visits pct,quantile,0.5,1.05841037805589
weld,2026-04-11,0,2026-04-11,Flu ED visits pct,quantile,0.5,1.0205408541875043
wnc,2026-04-11,0,2026-04-11,Flu ED visits pct,quantile,0.5,0.484467344317753
worcester,2026-04-11,0,2026-04-11,Flu ED visits pct,quantile,0.5,1.3493104572646268
athens,2026-04-11,1,2026-04-18,Flu ED visits pct,quantile,0.5,0.5191992176480229
austin,2026-04-11,1,2026-04-18,Flu ED visits pct,quantile,0.5,0.4427803156812592
baltimore,2026-04-11,1,2026-04-18,Flu ED visits pct,quantile,0.5,0.861951227488081
bangor,2026-04-11,1,2026-04-18,Flu ED visits pct,quantile,0.5,0.9562491966127398
beaumont,2026-04-11,1,2026-04-18,Flu ED visits pct,quantile,0.5,0.3117398930857104
boston,2026-04-11,1,2026-04-18,Flu ED visits pct,quantile,0.5,1.0825027520655273
boulder,2026-04-11,1,2026-04-18,Flu ED visits pct,quantile,0.5,0.5390412422860694
charleston,2026-04-11,1,2026-04-18,Flu ED visits pct,quantile,0.5,0.5172151046922092
cherokee,2026-04-11,1,2026-04-18,Flu ED visits pct,quantile,0.5,0.9507392425243525
clt-area,2026-04-11,1,2026-04-18,Flu ED visits pct,quantile,0.5,1.2977841487869881
colorado,2026-04-11,1,2026-04-18,Flu ED visits pct,quantile,0.5,0.8389263380777372
colorado-springs,2026-04-11,1,2026-04-18,Flu ED visits pct,quantile,0.5,0.8669122911827084
columbia,2026-04-11,1,2026-04-18,Flu ED visits pct,quantile,0.5,0.4686215220954518
columbus,2026-04-11,1,2026-04-18,Flu ED visits pct,quantile,0.5,0.4848593244228219
dallas,2026-04-11,1,2026-04-18,Flu ED visits pct,quantile,0.5,0.34225243473164885
denver,2026-04-11,1,2026-04-18,Flu ED visits pct,quantile,0.5,0.9844460595904856
deschutes,2026-04-11,1,2026-04-18,Flu ED visits pct,quantile,0.5,0.7952722570728648
duluth,2026-04-11,1,2026-04-18,Flu ED visits pct,quantile,0.5,1.2026031239928905
el-paso,2026-04-11,1,2026-04-18,Flu ED visits pct,quantile,0.5,1.344522863451318
eugene,2026-04-11,1,2026-04-18,Flu ED visits pct,quantile,0.5,0.24071173990209238
fay-area,2026-04-11,1,2026-04-18,Flu ED visits pct,quantile,0.5,1.1160751377865976
florence,2026-04-11,1,2026-04-18,Flu ED visits pct,quantile,0.5,0.4161274122829051
floyd,2026-04-11,1,2026-04-18,Flu ED visits pct,quantile,0.5,0.4259759502305121
frederick,2026-04-11,1,2026-04-18,Flu ED visits pct,quantile,0.5,0.6683238147747429
georgia,2026-04-11,1,2026-04-18,Flu ED visits pct,quantile,0.5,0.5192816425880813
greenville,2026-04-11,1,2026-04-18,Flu ED visits pct,quantile,0.5,0.4180138816229929
hall,2026-04-11,1,2026-04-18,Flu ED visits pct,quantile,0.5,0.531088553864901
harford,2026-04-11,1,2026-04-18,Flu ED visits pct,quantile,0.5,0.3994601246170697
henry,2026-04-11,1,2026-04-18,Flu ED visits pct,quantile,0.5,0.5318756949805457
horry,2026-04-11,1,2026-04-18,Flu ED visits pct,quantile,0.5,0.4987262488320068
houston,2026-04-11,1,2026-04-18,Flu ED visits pct,quantile,0.5,0.5230080288075158
indiana,2026-04-11,1,2026-04-18,Flu ED visits pct,quantile,0.5,0.5406576609296136
indianapolis,2026-04-11,1,2026-04-18,Flu ED visits pct,quantile,0.5,0.42933539826316247
la-grange,2026-04-11,1,2026-04-18,Flu ED visits pct,quantile,0.5,0.3060026486548632
larimer,2026-04-11,1,2026-04-18,Flu ED visits pct,quantile,0.5,0.5943446402470037
lynn,2026-04-11,1,2026-04-18,Flu ED visits pct,quantile,0.5,0.8184197201617386
macon,2026-04-11,1,2026-04-18,Flu ED visits pct,quantile,0.5,0.2868525523020915
maine,2026-04-11,1,2026-04-18,Flu ED visits pct,quantile,0.5,1.0729602331343178
marietta,2026-04-11,1,2026-04-18,Flu ED visits pct,quantile,0.5,0.38487578732225125
maryland,2026-04-11,1,2026-04-18,Flu ED visits pct,quantile,0.5,0.9376265323371035
massachusetts,2026-04-11,1,2026-04-18,Flu ED visits pct,quantile,0.5,1.2312733194377026
medford,2026-04-11,1,2026-04-18,Flu ED visits pct,quantile,0.5,0.08751907654363146
mesa,2026-04-11,1,2026-04-18,Flu ED visits pct,quantile,0.5,0.36711993557158096
minneapolis,2026-04-11,1,2026-04-18,Flu ED visits pct,quantile,0.5,0.8618048001596956
minnesota,2026-04-11,1,2026-04-18,Flu ED visits pct,quantile,0.5,1.0223986614483707
montgomery,2026-04-11,1,2026-04-18,Flu ED visits pct,quantile,0.5,0.817680355837217
nenc,2026-04-11,1,2026-04-18,Flu ED visits pct,quantile,0.5,0.35215636075796464
new-bedford,2026-04-11,1,2026-04-18,Flu ED visits pct,quantile,0.5,1.5783091899943107
north-carolina,2026-04-11,1,2026-04-18,Flu ED visits pct,quantile,0.5,0.6835996989094684
nyc,2026-04-11,1,2026-04-18,ILI ED visits pct,quantile,0.5,2.9305954282164532
ogden,2026-04-11,1,2026-04-18,Flu ED visits pct,quantile,0.5,0.274498335131032
oregon,2026-04-11,1,2026-04-18,Flu ED visits pct,quantile,0.5,0.4866686835087458
pittsfield,2026-04-11,1,2026-04-18,Flu ED visits pct,quantile,0.5,0.5414776863295879
portland,2026-04-11,1,2026-04-18,Flu ED visits pct,quantile,0.5,0.8405533630866753
portland-or,2026-04-11,1,2026-04-18,Flu ED visits pct,quantile,0.5,0.570519421417079
provo,2026-04-11,1,2026-04-18,Flu ED visits pct,quantile,0.5,0.23897531770325944
roanoke,2026-04-11,1,2026-04-18,Flu ED visits pct,quantile,0.5,0.7628454537740801
rochester,2026-04-11,1,2026-04-18,Flu ED visits pct,quantile,0.5,0.57633112375548
rock-hill,2026-04-11,1,2026-04-18,Flu ED visits pct,quantile,0.5,0.39087919974177576
rtp-area,2026-04-11,1,2026-04-18,Flu ED visits pct,quantile,0.5,0.31221601635454915
salem,2026-04-11,1,2026-04-18,Flu ED visits pct,quantile,0.5,0.4197239054208691
salt-lake-city,2026-04-11,1,2026-04-18,Flu ED visits pct,quantile,0.5,0.36886154731579907
san-antonio,2026-04-11,1,2026-04-18,Flu ED visits pct,quantile,0.5,0.4268549917600766
savannah,2026-04-11,1,2026-04-18,Flu ED visits pct,quantile,0.5,0.23015502908781615
senc,2026-04-11,1,2026-04-18,Flu ED visits pct,quantile,0.5,0.5824300004746026
south-augusta,2026-04-11,1,2026-04-18,Flu ED visits pct,quantile,0.5,0.6095283827960556
south-carolina,2026-04-11,1,2026-04-18,Flu ED visits pct,quantile,0.5,0.5369121600776131
springfield,2026-04-11,1,2026-04-18,Flu ED visits pct,quantile,0.5,1.5374114111674755
st-cloud,2026-04-11,1,2026-04-18,Flu ED visits pct,quantile,0.5,0.8808783905620017
st-paul,2026-04-11,1,2026-04-18,Flu ED visits pct,quantile,0.5,1.1968371558130122
texas,2026-04-11,1,2026-04-18,Flu ED visits pct,quantile,0.5,0.5617227833576978
triad-area,2026-04-11,1,2026-04-18,Flu ED visits pct,quantile,0.5,0.49478165876944424
utah,2026-04-11,1,2026-04-18,Flu ED visits pct,quantile,0.5,0.3756684175486949
virginia,2026-04-11,1,2026-04-18,Flu ED visits pct,quantile,0.5,0.9346239739288618
weld,2026-04-11,1,2026-04-18,Flu ED visits pct,quantile,0.5,0.8047273298701473
wnc,2026-04-11,1,2026-04-18,Flu ED visits pct,quantile,0.5,0.34995341676065306
worcester,2026-04-11,1,2026-04-18,Flu ED visits pct,quantile,0.5,1.205318932352981
athens,2026-04-11,2,2026-04-25,Flu ED visits pct,quantile,0.5,0.4228163982437532
austin,2026-04-11,2,2026-04-25,Flu ED visits pct,quantile,0.5,0.39905564318837655
baltimore,2026-04-11,2,2026-04-25,Flu ED visits pct,quantile,0.5,0.787470112417618
bangor,2026-04-11,2,2026-04-25,Flu ED visits pct,quantile,0.5,0.8020899397638016
beaumont,2026-04-11,2,2026-04-25,Flu ED visits pct,quantile,0.5,0.2721689168231271
boston,2026-04-11,2,2026-04-25,Flu ED visits pct,quantile,0.5,0.9184961250784484
boulder,2026-04-11,2,2026-04-25,Flu ED visits pct,quantile,0.5,0.3912094098495542
charleston,2026-04-11,2,2026-04-25,Flu ED visits pct,quantile,0.5,0.44340107894961645
cherokee,2026-04-11,2,2026-04-25,Flu ED visits pct,quantile,0.5,0.820906920422841
clt-area,2026-04-11,2,2026-04-25,Flu ED visits pct,quantile,0.5,0.9432232832547415
colorado,2026-04-11,2,2026-04-25,Flu ED visits pct,quantile,0.5,0.6486622664022402
colorado-springs,2026-04-11,2,2026-04-25,Flu ED visits pct,quantile,0.5,0.6847786051408837
columbia,2026-04-11,2,2026-04-25,Flu ED visits pct,quantile,0.5,0.4127265537461962
columbus,2026-04-11,2,2026-04-25,Flu ED visits pct,quantile,0.5,0.3980397922934493
dallas,2026-04-11,2,2026-04-25,Flu ED visits pct,quantile,0.5,0.3048796058273112
denver,2026-04-11,2,2026-04-25,Flu ED visits pct,quantile,0.5,0.7728947965192509
deschutes,2026-04-11,2,2026-04-25,Flu ED visits pct,quantile,0.5,0.6929907560220745
duluth,2026-04-11,2,2026-04-25,Flu ED visits pct,quantile,0.5,0.8979340297735123
el-paso,2026-04-11,2,2026-04-25,Flu ED visits pct,quantile,0.5,1.1961470861206212
eugene,2026-04-11,2,2026-04-25,Flu ED visits pct,quantile,0.5,0.20666763097131682
fay-area,2026-04-11,2,2026-04-25,Flu ED visits pct,quantile,0.5,0.8230698431117504
florence,2026-04-11,2,2026-04-25,Flu ED visits pct,quantile,0.5,0.38057218992231334
floyd,2026-04-11,2,2026-04-25,Flu ED visits pct,quantile,0.5,0.35547620548094433
frederick,2026-04-11,2,2026-04-25,Flu ED visits pct,quantile,0.5,0.5921202649416267
georgia,2026-04-11,2,2026-04-25,Flu ED visits pct,quantile,0.5,0.4768509523516547
greenville,2026-04-11,2,2026-04-25,Flu ED visits pct,quantile,0.5,0.33189498103141185
hall,2026-04-11,2,2026-04-25,Flu ED visits pct,quantile,0.5,0.44287648739650187
harford,2026-04-11,2,2026-04-25,Flu ED visits pct,quantile,0.5,0.35370051204492076
henry,2026-04-11,2,2026-04-25,Flu ED visits pct,quantile,0.5,0.47727319194922624
horry,2026-04-11,2,2026-04-25,Flu ED visits pct,quantile,0.5,0.4477150720860693
houston,2026-04-11,2,2026-04-25,Flu ED visits pct,quantile,0.5,0.4827085631419733
indiana,2026-04-11,2,2026-04-25,Flu ED visits pct,quantile,0.5,0.42318663617051644
indianapolis,2026-04-11,2,2026-04-25,Flu ED visits pct,quantile,0.5,0.3261592767192819
la-grange,2026-04-11,2,2026-04-25,Flu ED visits pct,quantile,0.5,0.2680406899997693
larimer,2026-04-11,2,2026-04-25,Flu ED visits pct,quantile,0.5,0.4859976110790427
lynn,2026-04-11,2,2026-04-25,Flu ED visits pct,quantile,0.5,0.741754159431657
macon,2026-04-11,2,2026-04-25,Flu ED visits pct,quantile,0.5,0.2517457399803681
maine,2026-04-11,2,2026-04-25,Flu ED visits pct,quantile,0.5,0.9139734271690259
marietta,2026-04-11,2,2026-04-25,Flu ED visits pct,quantile,0.5,0.3462905031524557
maryland,2026-04-11,2,2026-04-25,Flu ED visits pct,quantile,0.5,0.8615338151375312
massachusetts,2026-04-11,2,2026-04-25,Flu ED visits pct,quantile,0.5,1.0751990408327154
medford,2026-04-11,2,2026-04-25,Flu ED visits pct,quantile,0.5,0.0775153693282585
mesa,2026-04-11,2,2026-04-25,Flu ED visits pct,quantile,0.5,0.33106220486758
minneapolis,2026-04-11,2,2026-04-25,Flu ED visits pct,quantile,0.5,0.6957989332498757
minnesota,2026-04-11,2,2026-04-25,Flu ED visits pct,quantile,0.5,0.8308661581848513
montgomery,2026-04-11,2,2026-04-25,Flu ED visits pct,quantile,0.5,0.7542981719070487
nenc,2026-04-11,2,2026-04-25,Flu ED visits pct,quantile,0.5,0.26619545578395554
new-bedford,2026-04-11,2,2026-04-25,Flu ED visits pct,quantile,0.5,1.3900159001813568
north-carolina,2026-04-11,2,2026-04-25,Flu ED visits pct,quantile,0.5,0.4989655253437508
nyc,2026-04-11,2,2026-04-25,ILI ED visits pct,quantile,0.5,2.7121724885718628
ogden,2026-04-11,2,2026-04-25,Flu ED visits pct,quantile,0.5,0.2419764842142204
oregon,2026-04-11,2,2026-04-25,Flu ED visits pct,quantile,0.5,0.4128297960056648
pittsfield,2026-04-11,2,2026-04-25,Flu ED visits pct,quantile,0.5,0.43052137978600796
portland,2026-04-11,2,2026-04-25,Flu ED visits pct,quantile,0.5,0.7170269315933615
portland-or,2026-04-11,2,2026-04-25,Flu ED visits pct,quantile,0.5,0.4825161783034786
provo,2026-04-11,2,2026-04-25,Flu ED visits pct,quantile,0.5,0.21365128139571177
roanoke,2026-04-11,2,2026-04-25,Flu ED visits pct,quantile,0.5,0.5994679418960759
rochester,2026-04-11,2,2026-04-25,Flu ED visits pct,quantile,0.5,0.4657213589593759
rock-hill,2026-04-11,2,2026-04-25,Flu ED visits pct,quantile,0.5,0.34055661180555835
rtp-area,2026-04-11,2,2026-04-25,Flu ED visits pct,quantile,0.5,0.2418190048568961
salem,2026-04-11,2,2026-04-25,Flu ED visits pct,quantile,0.5,0.3303285288092004
salt-lake-city,2026-04-11,2,2026-04-25,Flu ED visits pct,quantile,0.5,0.32970796725193774
san-antonio,2026-04-11,2,2026-04-25,Flu ED visits pct,quantile,0.5,0.36719182378978915
savannah,2026-04-11,2,2026-04-25,Flu ED visits pct,quantile,0.5,0.1973663726815907
senc,2026-04-11,2,2026-04-25,Flu ED visits pct,quantile,0.5,0.448039317654337
south-augusta,2026-04-11,2,2026-04-25,Flu ED visits pct,quantile,0.5,0.47853456508570086
south-carolina,2026-04-11,2,2026-04-25,Flu ED visits pct,quantile,0.5,0.462673925506024
springfield,2026-04-11,2,2026-04-25,Flu ED visits pct,quantile,0.5,1.271834377095217
st-cloud,2026-04-11,2,2026-04-25,Flu ED visits pct,quantile,0.5,0.7211324715381743
st-paul,2026-04-11,2,2026-04-25,Flu ED visits pct,quantile,0.5,1.0227187790135028
texas,2026-04-11,2,2026-04-25,Flu ED visits pct,quantile,0.5,0.5339982670227825
triad-area,2026-04-11,2,2026-04-25,Flu ED visits pct,quantile,0.5,0.3892565130797626
utah,2026-04-11,2,2026-04-25,Flu ED visits pct,quantile,0.5,0.33509348591298965
virginia,2026-04-11,2,2026-04-25,Flu ED visits pct,quantile,0.5,0.822156604275982
weld,2026-04-11,2,2026-04-25,Flu ED visits pct,quantile,0.5,0.628289797260546
wnc,2026-04-11,2,2026-04-25,Flu ED visits pct,quantile,0.5,0.2570481262736488
worcester,2026-04-11,2,2026-04-25,Flu ED visits pct,quantile,0.5,1.046468476948131
athens,2026-04-11,3,2026-05-02,Flu ED visits pct,quantile,0.5,0.38128138405052425
austin,2026-04-11,3,2026-05-02,Flu ED visits pct,quantile,0.5,0.375407804708801
baltimore,2026-04-11,3,2026-05-02,Flu ED visits pct,quantile,0.5,0.728723352540402
bangor,2026-04-11,3,2026-05-02,Flu ED visits pct,quantile,0.5,0.7001798245167896
beaumont,2026-04-11,3,2026-05-02,Flu ED visits pct,quantile,0.5,0.25677059420403964
boston,2026-04-11,3,2026-05-02,Flu ED visits pct,quantile,0.5,0.8014124081114636
boulder,2026-04-11,3,2026-05-02,Flu ED visits pct,quantile,0.5,0.31948587995327704
charleston,2026-04-11,3,2026-05-02,Flu ED visits pct,quantile,0.5,0.40183367399770537
cherokee,2026-04-11,3,2026-05-02,Flu ED visits pct,quantile,0.5,0.736385497061339
clt-area,2026-04-11,3,2026-05-02,Flu ED visits pct,quantile,0.5,0.7716113401467066
colorado,2026-04-11,3,2026-05-02,Flu ED visits pct,quantile,0.5,0.5596848374786089
colorado-springs,2026-04-11,3,2026-05-02,Flu ED visits pct,quantile,0.5,0.5637384840551724
columbia,2026-04-11,3,2026-05-02,Flu ED visits pct,quantile,0.5,0.3772920245469793
columbus,2026-04-11,3,2026-05-02,Flu ED visits pct,quantile,0.5,0.35363233447898756
dallas,2026-04-11,3,2026-05-02,Flu ED visits pct,quantile,0.5,0.2837499336721372
denver,2026-04-11,3,2026-05-02,Flu ED visits pct,quantile,0.5,0.6630758720890858
deschutes,2026-04-11,3,2026-05-02,Flu ED visits pct,quantile,0.5,0.6286439208897565
duluth,2026-04-11,3,2026-05-02,Flu ED visits pct,quantile,0.5,0.7750501235237358
el-paso,2026-04-11,3,2026-05-02,Flu ED visits pct,quantile,0.5,1.0668696877472255
eugene,2026-04-11,3,2026-05-02,Flu ED visits pct,quantile,0.5,0.1847369660986449
fay-area,2026-04-11,3,2026-05-02,Flu ED visits pct,quantile,0.5,0.6725444229166797
florence,2026-04-11,3,2026-05-02,Flu ED visits pct,quantile,0.5,0.3529893752052788
floyd,2026-04-11,3,2026-05-02,Flu ED visits pct,quantile,0.5,0.31838981771084635
frederick,2026-04-11,3,2026-05-02,Flu ED visits pct,quantile,0.5,0.5404304299152694
georgia,2026-04-11,3,2026-05-02,Flu ED visits pct,quantile,0.5,0.4419243735386508
greenville,2026-04-11,3,2026-05-02,Flu ED visits pct,quantile,0.5,0.2927983567647722
hall,2026-04-11,3,2026-05-02,Flu ED visits pct,quantile,0.5,0.4072677169634946
harford,2026-04-11,3,2026-05-02,Flu ED visits pct,quantile,0.5,0.3189002932633603
henry,2026-04-11,3,2026-05-02,Flu ED visits pct,quantile,0.5,0.439027137795153
horry,2026-04-11,3,2026-05-02,Flu ED visits pct,quantile,0.5,0.4189055421774008
houston,2026-04-11,3,2026-05-02,Flu ED visits pct,quantile,0.5,0.4552161816205718
indiana,2026-04-11,3,2026-05-02,Flu ED visits pct,quantile,0.5,0.35886825081121076
indianapolis,2026-04-11,3,2026-05-02,Flu ED visits pct,quantile,0.5,0.2774797688822292
la-grange,2026-04-11,3,2026-05-02,Flu ED visits pct,quantile,0.5,0.24869736564075945
larimer,2026-04-11,3,2026-05-02,Flu ED visits pct,quantile,0.5,0.4260864533288374
lynn,2026-04-11,3,2026-05-02,Flu ED visits pct,quantile,0.5,0.6747156005752349
macon,2026-04-11,3,2026-05-02,Flu ED visits pct,quantile,0.5,0.228871996274858
maine,2026-04-11,3,2026-05-02,Flu ED visits pct,quantile,0.5,0.8002455346113794
marietta,2026-04-11,3,2026-05-02,Flu ED visits pct,quantile,0.5,0.31897767822646356
maryland,2026-04-11,3,2026-05-02,Flu ED visits pct,quantile,0.5,0.7961266742432278
massachusetts,2026-04-11,3,2026-05-02,Flu ED visits pct,quantile,0.5,0.9532784060989037
medford,2026-04-11,3,2026-05-02,Flu ED visits pct,quantile,0.5,0.07732369923906157
mesa,2026-04-11,3,2026-05-02,Flu ED visits pct,quantile,0.5,0.31158597168155466
minneapolis,2026-04-11,3,2026-05-02,Flu ED visits pct,quantile,0.5,0.6060447077595734
minnesota,2026-04-11,3,2026-05-02,Flu ED visits pct,quantile,0.5,0.7428452522818275
montgomery,2026-04-11,3,2026-05-02,Flu ED visits pct,quantile,0.5,0.6966200577236269
nenc,2026-04-11,3,2026-05-02,Flu ED visits pct,quantile,0.5,0.22732086688272637
new-bedford,2026-04-11,3,2026-05-02,Flu ED visits pct,quantile,0.5,1.2084082795975764
north-carolina,2026-04-11,3,2026-05-02,Flu ED visits pct,quantile,0.5,0.4077284768452683
nyc,2026-04-11,3,2026-05-02,ILI ED visits pct,quantile,0.5,2.5409313349652525
ogden,2026-04-11,3,2026-05-02,Flu ED visits pct,quantile,0.5,0.22540335245252166
oregon,2026-04-11,3,2026-05-02,Flu ED visits pct,quantile,0.5,0.3705623448056076
pittsfield,2026-04-11,3,2026-05-02,Flu ED visits pct,quantile,0.5,0.35360949423697235
portland,2026-04-11,3,2026-05-02,Flu ED visits pct,quantile,0.5,0.6299470529698149
portland-or,2026-04-11,3,2026-05-02,Flu ED visits pct,quantile,0.5,0.4316329280339676
provo,2026-04-11,3,2026-05-02,Flu ED visits pct,quantile,0.5,0.20011189443439087
roanoke,2026-04-11,3,2026-05-02,Flu ED visits pct,quantile,0.5,0.5330731571830766
rochester,2026-04-11,3,2026-05-02,Flu ED visits pct,quantile,0.5,0.41400005932091
rock-hill,2026-04-11,3,2026-05-02,Flu ED visits pct,quantile,0.5,0.3113115522161735
rtp-area,2026-04-11,3,2026-05-02,Flu ED visits pct,quantile,0.5,0.2067977414324464
salem,2026-04-11,3,2026-05-02,Flu ED visits pct,quantile,0.5,0.284332370501895
salt-lake-city,2026-04-11,3,2026-05-02,Flu ED visits pct,quantile,0.5,0.3040644625846814
san-antonio,2026-04-11,3,2026-05-02,Flu ED visits pct,quantile,0.5,0.33284921394154665
savannah,2026-04-11,3,2026-05-02,Flu ED visits pct,quantile,0.5,0.17623535152194422
senc,2026-04-11,3,2026-05-02,Flu ED visits pct,quantile,0.5,0.38335113481833427
south-augusta,2026-04-11,3,2026-05-02,Flu ED visits pct,quantile,0.5,0.4205331510811042
south-carolina,2026-04-11,3,2026-05-02,Flu ED visits pct,quantile,0.5,0.4201557933195903
springfield,2026-04-11,3,2026-05-02,Flu ED visits pct,quantile,0.5,1.1142598459499682
st-cloud,2026-04-11,3,2026-05-02,Flu ED visits pct,quantile,0.5,0.6288651734750915
st-paul,2026-04-11,3,2026-05-02,Flu ED visits pct,quantile,0.5,0.9312509175948579
texas,2026-04-11,3,2026-05-02,Flu ED visits pct,quantile,0.5,0.5134608119059682
triad-area,2026-04-11,3,2026-05-02,Flu ED visits pct,quantile,0.5,0.3404625589997012
utah,2026-04-11,3,2026-05-02,Flu ED visits pct,quantile,0.5,0.310776155262133
virginia,2026-04-11,3,2026-05-02,Flu ED visits pct,quantile,0.5,0.7673824034634215
weld,2026-04-11,3,2026-05-02,Flu ED visits pct,quantile,0.5,0.5474554012544297
wnc,2026-04-11,3,2026-05-02,Flu ED visits pct,quantile,0.5,0.21063416569712878
worcester,2026-04-11,3,2026-05-02,Flu ED visits pct,quantile,0.5,0.9036240471831123
athens,2026-04-11,0,2026-04-11,Flu ED visits pct,quantile,0.75,0.8435642633349963
austin,2026-04-11,0,2026-04-11,Flu ED visits pct,quantile,0.75,0.5656351217772974
baltimore,2026-04-11,0,2026-04-11,Flu ED visits pct,quantile,0.75,1.0956627010685924
bangor,2026-04-11,0,2026-04-11,Flu ED visits pct,quantile,0.75,1.4260384512360906
beaumont,2026-04-11,0,2026-04-11,Flu ED visits pct,quantile,0.75,0.4471491990690882
boston,2026-04-11,0,2026-04-11,Flu ED visits pct,quantile,0.75,1.385263429453838
boulder,2026-04-11,0,2026-04-11,Flu ED visits pct,quantile,0.75,0.9617978561025279
charleston,2026-04-11,0,2026-04-11,Flu ED visits pct,quantile,0.75,0.7180139476361382
cherokee,2026-04-11,0,2026-04-11,Flu ED visits pct,quantile,0.75,1.3437923532378073
clt-area,2026-04-11,0,2026-04-11,Flu ED visits pct,quantile,0.75,1.8755787957619616
colorado,2026-04-11,0,2026-04-11,Flu ED visits pct,quantile,0.75,1.147418325179224
colorado-springs,2026-04-11,0,2026-04-11,Flu ED visits pct,quantile,0.75,1.2645524337793308
columbia,2026-04-11,0,2026-04-11,Flu ED visits pct,quantile,0.75,0.6700889938320779
columbus,2026-04-11,0,2026-04-11,Flu ED visits pct,quantile,0.75,0.7814834858655921
dallas,2026-04-11,0,2026-04-11,Flu ED visits pct,quantile,0.75,0.4446983364866041
denver,2026-04-11,0,2026-04-11,Flu ED visits pct,quantile,0.75,1.3170835308190547
deschutes,2026-04-11,0,2026-04-11,Flu ED visits pct,quantile,0.75,1.1583835330318155
duluth,2026-04-11,0,2026-04-11,Flu ED visits pct,quantile,0.75,1.8377903918229042
el-paso,2026-04-11,0,2026-04-11,Flu ED visits pct,quantile,0.75,1.825507519069928
eugene,2026-04-11,0,2026-04-11,Flu ED visits pct,quantile,0.75,0.35130214384726255
fay-area,2026-04-11,0,2026-04-11,Flu ED visits pct,quantile,0.75,1.66265914666914
florence,2026-04-11,0,2026-04-11,Flu ED visits pct,quantile,0.75,0.6730941663987268
floyd,2026-04-11,0,2026-04-11,Flu ED visits pct,quantile,0.75,0.6831048537652193
frederick,2026-04-11,0,2026-04-11,Flu ED visits pct,quantile,0.75,1.0264802328123703
georgia,2026-04-11,0,2026-04-11,Flu ED visits pct,quantile,0.75,0.6490129136775976
greenville,2026-04-11,0,2026-04-11,Flu ED visits pct,quantile,0.75,0.6285243210918122
hall,2026-04-11,0,2026-04-11,Flu ED visits pct,quantile,0.75,0.8204634996999344
harford,2026-04-11,0,2026-04-11,Flu ED visits pct,quantile,0.75,0.5969221790173921
henry,2026-04-11,0,2026-04-11,Flu ED visits pct,quantile,0.75,0.75774304160229
horry,2026-04-11,0,2026-04-11,Flu ED visits pct,quantile,0.75,0.7263843395850564
houston,2026-04-11,0,2026-04-11,Flu ED visits pct,quantile,0.75,0.6071084694292678
indiana,2026-04-11,0,2026-04-11,Flu ED visits pct,quantile,0.75,0.819595189235832
indianapolis,2026-04-11,0,2026-04-11,Flu ED visits pct,quantile,0.75,0.6600049051024617
la-grange,2026-04-11,0,2026-04-11,Flu ED visits pct,quantile,0.75,0.4753220117794789
larimer,2026-04-11,0,2026-04-11,Flu ED visits pct,quantile,0.75,0.8734275979877214
lynn,2026-04-11,0,2026-04-11,Flu ED visits pct,quantile,0.75,1.0883891865589823
macon,2026-04-11,0,2026-04-11,Flu ED visits pct,quantile,0.75,0.4083661848304991
maine,2026-04-11,0,2026-04-11,Flu ED visits pct,quantile,0.75,1.3531386101114102
marietta,2026-04-11,0,2026-04-11,Flu ED visits pct,quantile,0.75,0.5545268159591288
maryland,2026-04-11,0,2026-04-11,Flu ED visits pct,quantile,0.75,1.1475505632807301
massachusetts,2026-04-11,0,2026-04-11,Flu ED visits pct,quantile,0.75,1.5359287907948573
medford,2026-04-11,0,2026-04-11,Flu ED visits pct,quantile,0.75,0.15032790427895
mesa,2026-04-11,0,2026-04-11,Flu ED visits pct,quantile,0.75,0.5594309669107
minneapolis,2026-04-11,0,2026-04-11,Flu ED visits pct,quantile,0.75,1.2031860808246753
minnesota,2026-04-11,0,2026-04-11,Flu ED visits pct,quantile,0.75,1.383163895092533
montgomery,2026-04-11,0,2026-04-11,Flu ED visits pct,quantile,0.75,1.0439905727866867
nenc,2026-04-11,0,2026-04-11,Flu ED visits pct,quantile,0.75,0.5446646314595813
new-bedford,2026-04-11,0,2026-04-11,Flu ED visits pct,quantile,0.75,2.3061978392974263
north-carolina,2026-04-11,0,2026-04-11,Flu ED visits pct,quantile,0.75,1.006904678398172
nyc,2026-04-11,0,2026-04-11,ILI ED visits pct,quantile,0.75,3.131131385084548
ogden,2026-04-11,0,2026-04-11,Flu ED visits pct,quantile,0.75,0.39163258460975287
oregon,2026-04-11,0,2026-04-11,Flu ED visits pct,quantile,0.75,0.6447178901786726
pittsfield,2026-04-11,0,2026-04-11,Flu ED visits pct,quantile,0.75,0.8494430048739797
portland,2026-04-11,0,2026-04-11,Flu ED visits pct,quantile,0.75,1.2374975572502598
portland-or,2026-04-11,0,2026-04-11,Flu ED visits pct,quantile,0.75,0.7730969189564848
provo,2026-04-11,0,2026-04-11,Flu ED visits pct,quantile,0.75,0.3262782543464669
roanoke,2026-04-11,0,2026-04-11,Flu ED visits pct,quantile,0.75,1.1730083657091757
rochester,2026-04-11,0,2026-04-11,Flu ED visits pct,quantile,0.75,0.8915218417173693
rock-hill,2026-04-11,0,2026-04-11,Flu ED visits pct,quantile,0.75,0.6131077070044941
rtp-area,2026-04-11,0,2026-04-11,Flu ED visits pct,quantile,0.75,0.45708788875624345
salem,2026-04-11,0,2026-04-11,Flu ED visits pct,quantile,0.75,0.6421472057115591
salt-lake-city,2026-04-11,0,2026-04-11,Flu ED visits pct,quantile,0.75,0.47506722014718744
san-antonio,2026-04-11,0,2026-04-11,Flu ED visits pct,quantile,0.75,0.5820220943286759
savannah,2026-04-11,0,2026-04-11,Flu ED visits pct,quantile,0.75,0.33762490789239336
senc,2026-04-11,0,2026-04-11,Flu ED visits pct,quantile,0.75,0.859356847434859
south-augusta,2026-04-11,0,2026-04-11,Flu ED visits pct,quantile,0.75,0.922459574783203
south-carolina,2026-04-11,0,2026-04-11,Flu ED visits pct,quantile,0.75,0.7308824273864192
springfield,2026-04-11,0,2026-04-11,Flu ED visits pct,quantile,0.75,2.1049389867797226
st-cloud,2026-04-11,0,2026-04-11,Flu ED visits pct,quantile,0.75,1.395159428688666
st-paul,2026-04-11,0,2026-04-11,Flu ED visits pct,quantile,0.75,1.5923857067038651
texas,2026-04-11,0,2026-04-11,Flu ED visits pct,quantile,0.75,0.687627152834668
triad-area,2026-04-11,0,2026-04-11,Flu ED visits pct,quantile,0.75,0.6974612269844146
utah,2026-04-11,0,2026-04-11,Flu ED visits pct,quantile,0.75,0.47644530468120905
virginia,2026-04-11,0,2026-04-11,Flu ED visits pct,quantile,0.75,1.1940451205865061
weld,2026-04-11,0,2026-04-11,Flu ED visits pct,quantile,0.75,1.2856952517011095
wnc,2026-04-11,0,2026-04-11,Flu ED visits pct,quantile,0.75,0.5524951546376188
worcester,2026-04-11,0,2026-04-11,Flu ED visits pct,quantile,0.75,1.670076750844247
athens,2026-04-11,1,2026-04-18,Flu ED visits pct,quantile,0.75,0.739983983539894
austin,2026-04-11,1,2026-04-18,Flu ED visits pct,quantile,0.75,0.5109026541571757
baltimore,2026-04-11,1,2026-04-18,Flu ED visits pct,quantile,0.75,1.023256356221505
bangor,2026-04-11,1,2026-04-18,Flu ED visits pct,quantile,0.75,1.2932077572619844
beaumont,2026-04-11,1,2026-04-18,Flu ED visits pct,quantile,0.75,0.4054234621672722
boston,2026-04-11,1,2026-04-18,Flu ED visits pct,quantile,0.75,1.301152670102823
boulder,2026-04-11,1,2026-04-18,Flu ED visits pct,quantile,0.75,0.7637812218670845
charleston,2026-04-11,1,2026-04-18,Flu ED visits pct,quantile,0.75,0.6318712930372684
cherokee,2026-04-11,1,2026-04-18,Flu ED visits pct,quantile,0.75,1.237883674768636
clt-area,2026-04-11,1,2026-04-18,Flu ED visits pct,quantile,0.75,1.5471331809156106
colorado,2026-04-11,1,2026-04-18,Flu ED visits pct,quantile,0.75,1.0035328947743563
colorado-springs,2026-04-11,1,2026-04-18,Flu ED visits pct,quantile,0.75,1.0950955299738099
columbia,2026-04-11,1,2026-04-18,Flu ED visits pct,quantile,0.75,0.6011146596574342
columbus,2026-04-11,1,2026-04-18,Flu ED visits pct,quantile,0.75,0.6937456690650392
dallas,2026-04-11,1,2026-04-18,Flu ED visits pct,quantile,0.75,0.39903381193204435
denver,2026-04-11,1,2026-04-18,Flu ED visits pct,quantile,0.75,1.144690890912335
deschutes,2026-04-11,1,2026-04-18,Flu ED visits pct,quantile,0.75,1.0725192137512025
duluth,2026-04-11,1,2026-04-18,Flu ED visits pct,quantile,0.75,1.579739156106728
el-paso,2026-04-11,1,2026-04-18,Flu ED visits pct,quantile,0.75,1.695086629849973
eugene,2026-04-11,1,2026-04-18,Flu ED visits pct,quantile,0.75,0.3086732421355159
fay-area,2026-04-11,1,2026-04-18,Flu ED visits pct,quantile,0.75,1.3667585142526766
florence,2026-04-11,1,2026-04-18,Flu ED visits pct,quantile,0.75,0.6054515963476608
floyd,2026-04-11,1,2026-04-18,Flu ED visits pct,quantile,0.75,0.6115455381217241
frederick,2026-04-11,1,2026-04-18,Flu ED visits pct,quantile,0.75,0.9555713263540345
georgia,2026-04-11,1,2026-04-18,Flu ED visits pct,quantile,0.75,0.6015455972752632
greenville,2026-04-11,1,2026-04-18,Flu ED visits pct,quantile,0.75,0.5310613898766414
hall,2026-04-11,1,2026-04-18,Flu ED visits pct,quantile,0.75,0.7547447200358399
harford,2026-04-11,1,2026-04-18,Flu ED visits pct,quantile,0.75,0.5473717667551043
henry,2026-04-11,1,2026-04-18,Flu ED visits pct,quantile,0.75,0.6958286095107803
horry,2026-04-11,1,2026-04-18,Flu ED visits pct,quantile,0.75,0.6591045225688731
houston,2026-04-11,1,2026-04-18,Flu ED visits pct,quantile,0.75,0.5652450453227555
indiana,2026-04-11,1,2026-04-18,Flu ED visits pct,quantile,0.75,0.6997200362122323
indianapolis,2026-04-11,1,2026-04-18,Flu ED visits pct,quantile,0.75,0.555163502647838
la-grange,2026-04-11,1,2026-04-18,Flu ED visits pct,quantile,0.75,0.431609185425309
larimer,2026-04-11,1,2026-04-18,Flu ED visits pct,quantile,0.75,0.7686371946136451
lynn,2026-04-11,1,2026-04-18,Flu ED visits pct,quantile,0.75,1.0143649276636206
macon,2026-04-11,1,2026-04-18,Flu ED visits pct,quantile,0.75,0.3649589151618764
maine,2026-04-11,1,2026-04-18,Flu ED visits pct,quantile,0.75,1.2784223938108261
marietta,2026-04-11,1,2026-04-18,Flu ED visits pct,quantile,0.75,0.49672025248491436
maryland,2026-04-11,1,2026-04-18,Flu ED visits pct,quantile,0.75,1.086230938833409
massachusetts,2026-04-11,1,2026-04-18,Flu ED visits pct,quantile,0.75,1.4527128486245338
medford,2026-04-11,1,2026-04-18,Flu ED visits pct,quantile,0.75,0.13562010985572776
mesa,2026-04-11,1,2026-04-18,Flu ED visits pct,quantile,0.75,0.5070913981023164
minneapolis,2026-04-11,1,2026-04-18,Flu ED visits pct,quantile,0.75,1.0517607645089302
minnesota,2026-04-11,1,2026-04-18,Flu ED visits pct,quantile,0.75,1.2389630290382434
montgomery,2026-04-11,1,2026-04-18,Flu ED visits pct,quantile,0.75,0.9781400971721673
nenc,2026-04-11,1,2026-04-18,Flu ED visits pct,quantile,0.75,0.46159041238663967
new-bedford,2026-04-11,1,2026-04-18,Flu ED visits pct,quantile,0.75,2.151063971419087
north-carolina,2026-04-11,1,2026-04-18,Flu ED visits pct,quantile,0.75,0.8242715529966932
nyc,2026-04-11,1,2026-04-18,ILI ED visits pct,quantile,0.75,3.042131465605904
ogden,2026-04-11,1,2026-04-18,Flu ED visits pct,quantile,0.75,0.34770363981558794
oregon,2026-04-11,1,2026-04-18,Flu ED visits pct,quantile,0.75,0.5804384032568148
pittsfield,2026-04-11,1,2026-04-18,Flu ED visits pct,quantile,0.75,0.7746748809016664
portland,2026-04-11,1,2026-04-18,Flu ED visits pct,quantile,0.75,1.1371641541327122
portland-or,2026-04-11,1,2026-04-18,Flu ED visits pct,quantile,0.75,0.6862702362164027
provo,2026-04-11,1,2026-04-18,Flu ED visits pct,quantile,0.75,0.29175825620708823
roanoke,2026-04-11,1,2026-04-18,Flu ED visits pct,quantile,0.75,0.9875323996272092
rochester,2026-04-11,1,2026-04-18,Flu ED visits pct,quantile,0.75,0.7660568860443573
rock-hill,2026-04-11,1,2026-04-18,Flu ED visits pct,quantile,0.75,0.5500118587954855
rtp-area,2026-04-11,1,2026-04-18,Flu ED visits pct,quantile,0.75,0.38874576711537717
salem,2026-04-11,1,2026-04-18,Flu ED visits pct,quantile,0.75,0.5486577377221937
salt-lake-city,2026-04-11,1,2026-04-18,Flu ED visits pct,quantile,0.75,0.4266931093283681
san-antonio,2026-04-11,1,2026-04-18,Flu ED visits pct,quantile,0.75,0.5213403531541981
savannah,2026-04-11,1,2026-04-18,Flu ED visits pct,quantile,0.75,0.3097099979473058
senc,2026-04-11,1,2026-04-18,Flu ED visits pct,quantile,0.75,0.740854543205342
south-augusta,2026-04-11,1,2026-04-18,Flu ED visits pct,quantile,0.75,0.8125127584103762
south-carolina,2026-04-11,1,2026-04-18,Flu ED visits pct,quantile,0.75,0.6602781447507436
springfield,2026-04-11,1,2026-04-18,Flu ED visits pct,quantile,0.75,1.8907074897338605
st-cloud,2026-04-11,1,2026-04-18,Flu ED visits pct,quantile,0.75,1.261787936913676
st-paul,2026-04-11,1,2026-04-18,Flu ED visits pct,quantile,0.75,1.4661459158375216
texas,2026-04-11,1,2026-04-18,Flu ED visits pct,quantile,0.75,0.6403985955774555
triad-area,2026-04-11,1,2026-04-18,Flu ED visits pct,quantile,0.75,0.6090075273137637
utah,2026-04-11,1,2026-04-18,Flu ED visits pct,quantile,0.75,0.43986060994823484
virginia,2026-04-11,1,2026-04-18,Flu ED visits pct,quantile,0.75,1.1054470176540014
weld,2026-04-11,1,2026-04-18,Flu ED visits pct,quantile,0.75,1.090726445512439
wnc,2026-04-11,1,2026-04-18,Flu ED visits pct,quantile,0.75,0.44509753649988076
worcester,2026-04-11,1,2026-04-18,Flu ED visits pct,quantile,0.75,1.5598181687564165
athens,2026-04-11,2,2026-04-25,Flu ED visits pct,quantile,0.75,0.6390519293063557
austin,2026-04-11,2,2026-04-25,Flu ED visits pct,quantile,0.75,0.47220902594616665
baltimore,2026-04-11,2,2026-04-25,Flu ED visits pct,quantile,0.75,0.9546911580010853
bangor,2026-04-11,2,2026-04-25,Flu ED visits pct,quantile,0.75,1.1571672679134195
beaumont,2026-04-11,2,2026-04-25,Flu ED visits pct,quantile,0.75,0.36393888726197704
boston,2026-04-11,2,2026-04-25,Flu ED visits pct,quantile,0.75,1.211217278579424
boulder,2026-04-11,2,2026-04-25,Flu ED visits pct,quantile,0.75,0.614255089548202
charleston,2026-04-11,2,2026-04-25,Flu ED visits pct,quantile,0.75,0.5585989713106613
cherokee,2026-04-11,2,2026-04-25,Flu ED visits pct,quantile,0.75,1.0963650859385843
clt-area,2026-04-11,2,2026-04-25,Flu ED visits pct,quantile,0.75,1.253514889195453
colorado,2026-04-11,2,2026-04-25,Flu ED visits pct,quantile,0.75,0.89770759792882
colorado-springs,2026-04-11,2,2026-04-25,Flu ED visits pct,quantile,0.75,0.9391175758253568
columbia,2026-04-11,2,2026-04-25,Flu ED visits pct,quantile,0.75,0.5363568966043567
columbus,2026-04-11,2,2026-04-25,Flu ED visits pct,quantile,0.75,0.6042679634678524
dallas,2026-04-11,2,2026-04-25,Flu ED visits pct,quantile,0.75,0.36574473554930315
denver,2026-04-11,2,2026-04-25,Flu ED visits pct,quantile,0.75,1.0159680061698704
deschutes,2026-04-11,2,2026-04-25,Flu ED visits pct,quantile,0.75,0.9935346639134042
duluth,2026-04-11,2,2026-04-25,Flu ED visits pct,quantile,0.75,1.3534232442233072
el-paso,2026-04-11,2,2026-04-25,Flu ED visits pct,quantile,0.75,1.5464479129734403
eugene,2026-04-11,2,2026-04-25,Flu ED visits pct,quantile,0.75,0.2741068811035859
fay-area,2026-04-11,2,2026-04-25,Flu ED visits pct,quantile,0.75,1.1047131696628185
florence,2026-04-11,2,2026-04-25,Flu ED visits pct,quantile,0.75,0.5515790391064529
floyd,2026-04-11,2,2026-04-25,Flu ED visits pct,quantile,0.75,0.542230303655768
frederick,2026-04-11,2,2026-04-25,Flu ED visits pct,quantile,0.75,0.8916573589977603
georgia,2026-04-11,2,2026-04-25,Flu ED visits pct,quantile,0.75,0.5619971059771267
greenville,2026-04-11,2,2026-04-25,Flu ED visits pct,quantile,0.75,0.45171031648466514
hall,2026-04-11,2,2026-04-25,Flu ED visits pct,quantile,0.75,0.6747774046300232
harford,2026-04-11,2,2026-04-25,Flu ED visits pct,quantile,0.75,0.4962386710946427
henry,2026-04-11,2,2026-04-25,Flu ED visits pct,quantile,0.75,0.6347325663976748
horry,2026-04-11,2,2026-04-25,Flu ED visits pct,quantile,0.75,0.5956408112788709
houston,2026-04-11,2,2026-04-25,Flu ED visits pct,quantile,0.75,0.5300556165782635
indiana,2026-04-11,2,2026-04-25,Flu ED visits pct,quantile,0.75,0.6134623869897153
indianapolis,2026-04-11,2,2026-04-25,Flu ED visits pct,quantile,0.75,0.461804143043214
la-grange,2026-04-11,2,2026-04-25,Flu ED visits pct,quantile,0.75,0.3939834532694866
larimer,2026-04-11,2,2026-04-25,Flu ED visits pct,quantile,0.75,0.6801483448721152
lynn,2026-04-11,2,2026-04-25,Flu ED visits pct,quantile,0.75,0.9334610533316358
macon,2026-04-11,2,2026-04-25,Flu ED visits pct,quantile,0.75,0.32415181241952584
maine,2026-04-11,2,2026-04-25,Flu ED visits pct,quantile,0.75,1.1904895092420869
marietta,2026-04-11,2,2026-04-25,Flu ED visits pct,quantile,0.75,0.449291051013205
maryland,2026-04-11,2,2026-04-25,Flu ED visits pct,quantile,0.75,1.0275044796833204
massachusetts,2026-04-11,2,2026-04-25,Flu ED visits pct,quantile,0.75,1.3808104578857066
medford,2026-04-11,2,2026-04-25,Flu ED visits pct,quantile,0.75,0.1268883164354423
mesa,2026-04-11,2,2026-04-25,Flu ED visits pct,quantile,0.75,0.46028667328198075
minneapolis,2026-04-11,2,2026-04-25,Flu ED visits pct,quantile,0.75,0.9272935176865442
minnesota,2026-04-11,2,2026-04-25,Flu ED visits pct,quantile,0.75,1.127001701379071
montgomery,2026-04-11,2,2026-04-25,Flu ED visits pct,quantile,0.75,0.9155555245398243
nenc,2026-04-11,2,2026-04-25,Flu ED visits pct,quantile,0.75,0.38333296805352873
new-bedford,2026-04-11,2,2026-04-25,Flu ED visits pct,quantile,0.75,1.9542721184121896
north-carolina,2026-04-11,2,2026-04-25,Flu ED visits pct,quantile,0.75,0.688694624090453
nyc,2026-04-11,2,2026-04-25,ILI ED visits pct,quantile,0.75,2.9377540449022783
ogden,2026-04-11,2,2026-04-25,Flu ED visits pct,quantile,0.75,0.3143629772594107
oregon,2026-04-11,2,2026-04-25,Flu ED visits pct,quantile,0.75,0.5259112429129564
pittsfield,2026-04-11,2,2026-04-25,Flu ED visits pct,quantile,0.75,0.7099060345131937
portland,2026-04-11,2,2026-04-25,Flu ED visits pct,quantile,0.75,1.0576599376846922
portland-or,2026-04-11,2,2026-04-25,Flu ED visits pct,quantile,0.75,0.6081772298396463
provo,2026-04-11,2,2026-04-25,Flu ED visits pct,quantile,0.75,0.2648577815612226
roanoke,2026-04-11,2,2026-04-25,Flu ED visits pct,quantile,0.75,0.8433156287461112
rochester,2026-04-11,2,2026-04-25,Flu ED visits pct,quantile,0.75,0.661058292945438
rock-hill,2026-04-11,2,2026-04-25,Flu ED visits pct,quantile,0.75,0.49598684679367766
rtp-area,2026-04-11,2,2026-04-25,Flu ED visits pct,quantile,0.75,0.32314123641173714
salem,2026-04-11,2,2026-04-25,Flu ED visits pct,quantile,0.75,0.4680661814611415
salt-lake-city,2026-04-11,2,2026-04-25,Flu ED visits pct,quantile,0.75,0.3900630489314064
san-antonio,2026-04-11,2,2026-04-25,Flu ED visits pct,quantile,0.75,0.47592133035538214
savannah,2026-04-11,2,2026-04-25,Flu ED visits pct,quantile,0.75,0.27605049448551366
senc,2026-04-11,2,2026-04-25,Flu ED visits pct,quantile,0.75,0.6261848335516643
south-augusta,2026-04-11,2,2026-04-25,Flu ED visits pct,quantile,0.75,0.7134223141119963
south-carolina,2026-04-11,2,2026-04-25,Flu ED visits pct,quantile,0.75,0.611731211517865
springfield,2026-04-11,2,2026-04-25,Flu ED visits pct,quantile,0.75,1.7001661089039946
st-cloud,2026-04-11,2,2026-04-25,Flu ED visits pct,quantile,0.75,1.1053052508732528
st-paul,2026-04-11,2,2026-04-25,Flu ED visits pct,quantile,0.75,1.310875456303353
texas,2026-04-11,2,2026-04-25,Flu ED visits pct,quantile,0.75,0.6045920317632782
triad-area,2026-04-11,2,2026-04-25,Flu ED visits pct,quantile,0.75,0.520220471894007
utah,2026-04-11,2,2026-04-25,Flu ED visits pct,quantile,0.75,0.4059472593935542
virginia,2026-04-11,2,2026-04-25,Flu ED visits pct,quantile,0.75,1.0303810738487473
weld,2026-04-11,2,2026-04-25,Flu ED visits pct,quantile,0.75,0.9282412780545735
wnc,2026-04-11,2,2026-04-25,Flu ED visits pct,quantile,0.75,0.35571755811255795
worcester,2026-04-11,2,2026-04-25,Flu ED visits pct,quantile,0.75,1.422672123916678
athens,2026-04-11,3,2026-05-02,Flu ED visits pct,quantile,0.75,0.60091287441784
austin,2026-04-11,3,2026-05-02,Flu ED visits pct,quantile,0.75,0.4512147739883605
baltimore,2026-04-11,3,2026-05-02,Flu ED visits pct,quantile,0.75,0.9114628714450008
bangor,2026-04-11,3,2026-05-02,Flu ED visits pct,quantile,0.75,1.0818565072545956
beaumont,2026-04-11,3,2026-05-02,Flu ED visits pct,quantile,0.75,0.34719203751550015
boston,2026-04-11,3,2026-05-02,Flu ED visits pct,quantile,0.75,1.1559216364351315
boulder,2026-04-11,3,2026-05-02,Flu ED visits pct,quantile,0.75,0.5565131641461779
charleston,2026-04-11,3,2026-05-02,Flu ED visits pct,quantile,0.75,0.5330221302991851
cherokee,2026-04-11,3,2026-05-02,Flu ED visits pct,quantile,0.75,1.0400363846278724
clt-area,2026-04-11,3,2026-05-02,Flu ED visits pct,quantile,0.75,1.0872326772803755
colorado,2026-04-11,3,2026-05-02,Flu ED visits pct,quantile,0.75,0.8347454125085354
colorado-springs,2026-04-11,3,2026-05-02,Flu ED visits pct,quantile,0.75,0.885579289789249
columbia,2026-04-11,3,2026-05-02,Flu ED visits pct,quantile,0.75,0.5087637320069013
columbus,2026-04-11,3,2026-05-02,Flu ED visits pct,quantile,0.75,0.5543130139643475
dallas,2026-04-11,3,2026-05-02,Flu ED visits pct,quantile,0.75,0.3469599901007322
denver,2026-04-11,3,2026-05-02,Flu ED visits pct,quantile,0.75,0.9392328065828828
deschutes,2026-04-11,3,2026-05-02,Flu ED visits pct,quantile,0.75,0.9547139418147911
duluth,2026-04-11,3,2026-05-02,Flu ED visits pct,quantile,0.75,1.245623716975871
el-paso,2026-04-11,3,2026-05-02,Flu ED visits pct,quantile,0.75,1.4805760813443845
eugene,2026-04-11,3,2026-05-02,Flu ED visits pct,quantile,0.75,0.25720603591454766
fay-area,2026-04-11,3,2026-05-02,Flu ED visits pct,quantile,0.75,0.9520984606549476
florence,2026-04-11,3,2026-05-02,Flu ED visits pct,quantile,0.75,0.5460337612647775
floyd,2026-04-11,3,2026-05-02,Flu ED visits pct,quantile,0.75,0.5131089901212963
frederick,2026-04-11,3,2026-05-02,Flu ED visits pct,quantile,0.75,0.8643144167703257
georgia,2026-04-11,3,2026-05-02,Flu ED visits pct,quantile,0.75,0.5327958000309089
greenville,2026-04-11,3,2026-05-02,Flu ED visits pct,quantile,0.75,0.41908559726487576
hall,2026-04-11,3,2026-05-02,Flu ED visits pct,quantile,0.75,0.6392132288853052
harford,2026-04-11,3,2026-05-02,Flu ED visits pct,quantile,0.75,0.4792859369133524
henry,2026-04-11,3,2026-05-02,Flu ED visits pct,quantile,0.75,0.6048439875008675
horry,2026-04-11,3,2026-05-02,Flu ED visits pct,quantile,0.75,0.573294373010918
houston,2026-04-11,3,2026-05-02,Flu ED visits pct,quantile,0.75,0.512939745770413
indiana,2026-04-11,3,2026-05-02,Flu ED visits pct,quantile,0.75,0.5669447224488454
indianapolis,2026-04-11,3,2026-05-02,Flu ED visits pct,quantile,0.75,0.4242544267173548
la-grange,2026-04-11,3,2026-05-02,Flu ED visits pct,quantile,0.75,0.3739225742055384
larimer,2026-04-11,3,2026-05-02,Flu ED visits pct,quantile,0.75,0.6316242741375715
lynn,2026-04-11,3,2026-05-02,Flu ED visits pct,quantile,0.75,0.9131364282979688
macon,2026-04-11,3,2026-05-02,Flu ED visits pct,quantile,0.75,0.30872102454439043
maine,2026-04-11,3,2026-05-02,Flu ED visits pct,quantile,0.75,1.1145127075946564
marietta,2026-04-11,3,2026-05-02,Flu ED visits pct,quantile,0.75,0.4297972935998172
maryland,2026-04-11,3,2026-05-02,Flu ED visits pct,quantile,0.75,0.9784089399627943
massachusetts,2026-04-11,3,2026-05-02,Flu ED visits pct,quantile,0.75,1.2903987720688366
medford,2026-04-11,3,2026-05-02,Flu ED visits pct,quantile,0.75,0.12633771174547226
mesa,2026-04-11,3,2026-05-02,Flu ED visits pct,quantile,0.75,0.45237042116481635
minneapolis,2026-04-11,3,2026-05-02,Flu ED visits pct,quantile,0.75,0.8541176963984625
minnesota,2026-04-11,3,2026-05-02,Flu ED visits pct,quantile,0.75,1.063341276162537
montgomery,2026-04-11,3,2026-05-02,Flu ED visits pct,quantile,0.75,0.8801492393636301
nenc,2026-04-11,3,2026-05-02,Flu ED visits pct,quantile,0.75,0.3517821014343234
new-bedford,2026-04-11,3,2026-05-02,Flu ED visits pct,quantile,0.75,1.885266199361833
north-carolina,2026-04-11,3,2026-05-02,Flu ED visits pct,quantile,0.75,0.6244516139415909
nyc,2026-04-11,3,2026-05-02,ILI ED visits pct,quantile,0.75,2.872241258378939
ogden,2026-04-11,3,2026-05-02,Flu ED visits pct,quantile,0.75,0.30288795008339237
oregon,2026-04-11,3,2026-05-02,Flu ED visits pct,quantile,0.75,0.48927247722195844
pittsfield,2026-04-11,3,2026-05-02,Flu ED visits pct,quantile,0.75,0.6602349432034065
portland,2026-04-11,3,2026-05-02,Flu ED visits pct,quantile,0.75,1.0163585611837194
portland-or,2026-04-11,3,2026-05-02,Flu ED visits pct,quantile,0.75,0.5772892917116118
provo,2026-04-11,3,2026-05-02,Flu ED visits pct,quantile,0.75,0.2535566760320232
roanoke,2026-04-11,3,2026-05-02,Flu ED visits pct,quantile,0.75,0.7934823059107897
rochester,2026-04-11,3,2026-05-02,Flu ED visits pct,quantile,0.75,0.6192507013456967
rock-hill,2026-04-11,3,2026-05-02,Flu ED visits pct,quantile,0.75,0.4716854443620828
rtp-area,2026-04-11,3,2026-05-02,Flu ED visits pct,quantile,0.75,0.3006772273271948
salem,2026-04-11,3,2026-05-02,Flu ED visits pct,quantile,0.75,0.4391376599830096
salt-lake-city,2026-04-11,3,2026-05-02,Flu ED visits pct,quantile,0.75,0.3727222055277299
san-antonio,2026-04-11,3,2026-05-02,Flu ED visits pct,quantile,0.75,0.44786597544561924
savannah,2026-04-11,3,2026-05-02,Flu ED visits pct,quantile,0.75,0.260488534810851
senc,2026-04-11,3,2026-05-02,Flu ED visits pct,quantile,0.75,0.5733037348693193
south-augusta,2026-04-11,3,2026-05-02,Flu ED visits pct,quantile,0.75,0.6691899435489396
south-carolina,2026-04-11,3,2026-05-02,Flu ED visits pct,quantile,0.75,0.5827299104510807
springfield,2026-04-11,3,2026-05-02,Flu ED visits pct,quantile,0.75,1.6004126392365225
st-cloud,2026-04-11,3,2026-05-02,Flu ED visits pct,quantile,0.75,1.0267102099619065
st-paul,2026-04-11,3,2026-05-02,Flu ED visits pct,quantile,0.75,1.2340014572429303
texas,2026-04-11,3,2026-05-02,Flu ED visits pct,quantile,0.75,0.5994333200674369
triad-area,2026-04-11,3,2026-05-02,Flu ED visits pct,quantile,0.75,0.48535652276097013
utah,2026-04-11,3,2026-05-02,Flu ED visits pct,quantile,0.75,0.3878413944169905
virginia,2026-04-11,3,2026-05-02,Flu ED visits pct,quantile,0.75,0.9712826395884231
weld,2026-04-11,3,2026-05-02,Flu ED visits pct,quantile,0.75,0.8545838683445519
wnc,2026-04-11,3,2026-05-02,Flu ED visits pct,quantile,0.75,0.31608086399858953
worcester,2026-04-11,3,2026-05-02,Flu ED visits pct,quantile,0.75,1.3391843961183703
athens,2026-04-11,0,2026-04-11,Flu ED visits pct,quantile,0.9,1.0225536965564488
austin,2026-04-11,0,2026-04-11,Flu ED visits pct,quantile,0.9,0.6445193940002919
baltimore,2026-04-11,0,2026-04-11,Flu ED visits pct,quantile,0.9,1.2967316155894735
bangor,2026-04-11,0,2026-04-11,Flu ED visits pct,quantile,0.9,1.7790631715198086
beaumont,2026-04-11,0,2026-04-11,Flu ED visits pct,quantile,0.9,0.6296540070121465
boston,2026-04-11,0,2026-04-11,Flu ED visits pct,quantile,0.9,1.5384601257877886
boulder,2026-04-11,0,2026-04-11,Flu ED visits pct,quantile,0.9,1.1524332361445866
charleston,2026-04-11,0,2026-04-11,Flu ED visits pct,quantile,0.9,0.816589616350934
cherokee,2026-04-11,0,2026-04-11,Flu ED visits pct,quantile,0.9,1.6225714193812595
clt-area,2026-04-11,0,2026-04-11,Flu ED visits pct,quantile,0.9,2.0074215340949126
colorado,2026-04-11,0,2026-04-11,Flu ED visits pct,quantile,0.9,1.2525820338232854
colorado-springs,2026-04-11,0,2026-04-11,Flu ED visits pct,quantile,0.9,1.464453837603508
columbia,2026-04-11,0,2026-04-11,Flu ED visits pct,quantile,0.9,0.8308431026325271
columbus,2026-04-11,0,2026-04-11,Flu ED visits pct,quantile,0.9,0.9436529817816287
dallas,2026-04-11,0,2026-04-11,Flu ED visits pct,quantile,0.9,0.49536762517073407
denver,2026-04-11,0,2026-04-11,Flu ED visits pct,quantile,0.9,1.440541592210386
deschutes,2026-04-11,0,2026-04-11,Flu ED visits pct,quantile,0.9,1.4730660558098394
duluth,2026-04-11,0,2026-04-11,Flu ED visits pct,quantile,0.9,2.1947435835505744
el-paso,2026-04-11,0,2026-04-11,Flu ED visits pct,quantile,0.9,2.1101502194295576
eugene,2026-04-11,0,2026-04-11,Flu ED visits pct,quantile,0.9,0.420035460419156
fay-area,2026-04-11,0,2026-04-11,Flu ED visits pct,quantile,0.9,1.8116711330057784
florence,2026-04-11,0,2026-04-11,Flu ED visits pct,quantile,0.9,0.8972263566021054
floyd,2026-04-11,0,2026-04-11,Flu ED visits pct,quantile,0.9,0.9213367527739088
frederick,2026-04-11,0,2026-04-11,Flu ED visits pct,quantile,0.9,1.412100032913267
georgia,2026-04-11,0,2026-04-11,Flu ED visits pct,quantile,0.9,0.7072313345439927
greenville,2026-04-11,0,2026-04-11,Flu ED visits pct,quantile,0.9,0.7514965763976192
hall,2026-04-11,0,2026-04-11,Flu ED visits pct,quantile,0.9,1.0869262352562739
harford,2026-04-11,0,2026-04-11,Flu ED visits pct,quantile,0.9,0.7943026409465679
henry,2026-04-11,0,2026-04-11,Flu ED visits pct,quantile,0.9,0.9255557063281876
horry,2026-04-11,0,2026-04-11,Flu ED visits pct,quantile,0.9,0.9662923794930252
houston,2026-04-11,0,2026-04-11,Flu ED visits pct,quantile,0.9,0.6686914849783658
indiana,2026-04-11,0,2026-04-11,Flu ED visits pct,quantile,0.9,0.9087677834916779
indianapolis,2026-04-11,0,2026-04-11,Flu ED visits pct,quantile,0.9,0.748926545598571
la-grange,2026-04-11,0,2026-04-11,Flu ED visits pct,quantile,0.9,0.6370139277922747
larimer,2026-04-11,0,2026-04-11,Flu ED visits pct,quantile,0.9,1.106387868960478
lynn,2026-04-11,0,2026-04-11,Flu ED visits pct,quantile,0.9,1.3110834959353561
macon,2026-04-11,0,2026-04-11,Flu ED visits pct,quantile,0.9,0.5464930340360982
maine,2026-04-11,0,2026-04-11,Flu ED visits pct,quantile,0.9,1.5004949914965264
marietta,2026-04-11,0,2026-04-11,Flu ED visits pct,quantile,0.9,0.6626102656875281
maryland,2026-04-11,0,2026-04-11,Flu ED visits pct,quantile,0.9,1.266323302962267
massachusetts,2026-04-11,0,2026-04-11,Flu ED visits pct,quantile,0.9,1.7191687515325456
medford,2026-04-11,0,2026-04-11,Flu ED visits pct,quantile,0.9,0.21156098728287723
mesa,2026-04-11,0,2026-04-11,Flu ED visits pct,quantile,0.9,0.7145621281720522
minneapolis,2026-04-11,0,2026-04-11,Flu ED visits pct,quantile,0.9,1.3756932665180361
minnesota,2026-04-11,0,2026-04-11,Flu ED visits pct,quantile,0.9,1.5161049588800184
montgomery,2026-04-11,0,2026-04-11,Flu ED visits pct,quantile,0.9,1.1660825242261592
nenc,2026-04-11,0,2026-04-11,Flu ED visits pct,quantile,0.9,0.6406023009369065
new-bedford,2026-04-11,0,2026-04-11,Flu ED visits pct,quantile,0.9,3.1517174807237422
north-carolina,2026-04-11,0,2026-04-11,Flu ED visits pct,quantile,0.9,1.0817516052081468
nyc,2026-04-11,0,2026-04-11,ILI ED visits pct,quantile,0.9,3.4584644867786194
ogden,2026-04-11,0,2026-04-11,Flu ED visits pct,quantile,0.9,0.48966530772314504
oregon,2026-04-11,0,2026-04-11,Flu ED visits pct,quantile,0.9,0.7025647485667029
pittsfield,2026-04-11,0,2026-04-11,Flu ED visits pct,quantile,0.9,1.10104678086508
portland,2026-04-11,0,2026-04-11,Flu ED visits pct,quantile,0.9,1.5662708700871915
portland-or,2026-04-11,0,2026-04-11,Flu ED visits pct,quantile,0.9,0.8695320115212055
provo,2026-04-11,0,2026-04-11,Flu ED visits pct,quantile,0.9,0.4039661132440627
roanoke,2026-04-11,0,2026-04-11,Flu ED visits pct,quantile,0.9,1.3704809852264601
rochester,2026-04-11,0,2026-04-11,Flu ED visits pct,quantile,0.9,1.095137063742055
rock-hill,2026-04-11,0,2026-04-11,Flu ED visits pct,quantile,0.9,0.849672710598791
rtp-area,2026-04-11,0,2026-04-11,Flu ED visits pct,quantile,0.9,0.5346551699923647
salem,2026-04-11,0,2026-04-11,Flu ED visits pct,quantile,0.9,0.7574680453507495
salt-lake-city,2026-04-11,0,2026-04-11,Flu ED visits pct,quantile,0.9,0.5419524156162443
san-antonio,2026-04-11,0,2026-04-11,Flu ED visits pct,quantile,0.9,0.6713096740700467
savannah,2026-04-11,0,2026-04-11,Flu ED visits pct,quantile,0.9,0.41797291930415126
senc,2026-04-11,0,2026-04-11,Flu ED visits pct,quantile,0.9,0.993009048274204
south-augusta,2026-04-11,0,2026-04-11,Flu ED visits pct,quantile,0.9,1.102054087781503
south-carolina,2026-04-11,0,2026-04-11,Flu ED visits pct,quantile,0.9,0.8201776986492301
springfield,2026-04-11,0,2026-04-11,Flu ED visits pct,quantile,0.9,2.68440458873829
st-cloud,2026-04-11,0,2026-04-11,Flu ED visits pct,quantile,0.9,1.6825426936803891
st-paul,2026-04-11,0,2026-04-11,Flu ED visits pct,quantile,0.9,1.783401648235684
texas,2026-04-11,0,2026-04-11,Flu ED visits pct,quantile,0.9,0.7529586281451811
triad-area,2026-04-11,0,2026-04-11,Flu ED visits pct,quantile,0.9,0.790808245892625
utah,2026-04-11,0,2026-04-11,Flu ED visits pct,quantile,0.9,0.5304566775929112
virginia,2026-04-11,0,2026-04-11,Flu ED visits pct,quantile,0.9,1.2972840036953763
weld,2026-04-11,0,2026-04-11,Flu ED visits pct,quantile,0.9,1.5791196611680667
wnc,2026-04-11,0,2026-04-11,Flu ED visits pct,quantile,0.9,0.6422488839684849
worcester,2026-04-11,0,2026-04-11,Flu ED visits pct,quantile,0.9,1.9855404112364894
athens,2026-04-11,1,2026-04-18,Flu ED visits pct,quantile,0.9,0.9617535820042188
austin,2026-04-11,1,2026-04-18,Flu ED visits pct,quantile,0.9,0.6078088834646009
baltimore,2026-04-11,1,2026-04-18,Flu ED visits pct,quantile,0.9,1.3099971015752603
bangor,2026-04-11,1,2026-04-18,Flu ED visits pct,quantile,0.9,1.7111181962001154
beaumont,2026-04-11,1,2026-04-18,Flu ED visits pct,quantile,0.9,0.5996849224615404
boston,2026-04-11,1,2026-04-18,Flu ED visits pct,quantile,0.9,1.5135657386604857
boulder,2026-04-11,1,2026-04-18,Flu ED visits pct,quantile,0.9,1.0102042768363642
charleston,2026-04-11,1,2026-04-18,Flu ED visits pct,quantile,0.9,0.766250867300817
cherokee,2026-04-11,1,2026-04-18,Flu ED visits pct,quantile,0.9,1.5942816795334909
clt-area,2026-04-11,1,2026-04-18,Flu ED visits pct,quantile,0.9,1.7994846037917882
colorado,2026-04-11,1,2026-04-18,Flu ED visits pct,quantile,0.9,1.1670332200603297
colorado-springs,2026-04-11,1,2026-04-18,Flu ED visits pct,quantile,0.9,1.3610745455698126
columbia,2026-04-11,1,2026-04-18,Flu ED visits pct,quantile,0.9,0.7903391776100285
columbus,2026-04-11,1,2026-04-18,Flu ED visits pct,quantile,0.9,0.8963307101480017
dallas,2026-04-11,1,2026-04-18,Flu ED visits pct,quantile,0.9,0.4668076121444258
denver,2026-04-11,1,2026-04-18,Flu ED visits pct,quantile,0.9,1.3498815219561127
deschutes,2026-04-11,1,2026-04-18,Flu ED visits pct,quantile,0.9,1.430354954182327
duluth,2026-04-11,1,2026-04-18,Flu ED visits pct,quantile,0.9,2.037945907882114
el-paso,2026-04-11,1,2026-04-18,Flu ED visits pct,quantile,0.9,2.0630410951929097
eugene,2026-04-11,1,2026-04-18,Flu ED visits pct,quantile,0.9,0.39137706037615216
fay-area,2026-04-11,1,2026-04-18,Flu ED visits pct,quantile,0.9,1.6146025606670762
florence,2026-04-11,1,2026-04-18,Flu ED visits pct,quantile,0.9,0.8700756836605765
floyd,2026-04-11,1,2026-04-18,Flu ED visits pct,quantile,0.9,0.8714748540411049
frederick,2026-04-11,1,2026-04-18,Flu ED visits pct,quantile,0.9,1.430716338268794
georgia,2026-04-11,1,2026-04-18,Flu ED visits pct,quantile,0.9,0.680127378670575
greenville,2026-04-11,1,2026-04-18,Flu ED visits pct,quantile,0.9,0.6919181108975836
hall,2026-04-11,1,2026-04-18,Flu ED visits pct,quantile,0.9,1.0620147532637076
harford,2026-04-11,1,2026-04-18,Flu ED visits pct,quantile,0.9,0.7704234909470663
henry,2026-04-11,1,2026-04-18,Flu ED visits pct,quantile,0.9,0.8971867480941862
horry,2026-04-11,1,2026-04-18,Flu ED visits pct,quantile,0.9,0.9384312760459349
houston,2026-04-11,1,2026-04-18,Flu ED visits pct,quantile,0.9,0.6555458871779674
indiana,2026-04-11,1,2026-04-18,Flu ED visits pct,quantile,0.9,0.8445823650133597
indianapolis,2026-04-11,1,2026-04-18,Flu ED visits pct,quantile,0.9,0.6768763953269679
la-grange,2026-04-11,1,2026-04-18,Flu ED visits pct,quantile,0.9,0.6016569961510113
larimer,2026-04-11,1,2026-04-18,Flu ED visits pct,quantile,0.9,1.0436836318099252
lynn,2026-04-11,1,2026-04-18,Flu ED visits pct,quantile,0.9,1.301131834111045
macon,2026-04-11,1,2026-04-18,Flu ED visits pct,quantile,0.9,0.5148927763681682
maine,2026-04-11,1,2026-04-18,Flu ED visits pct,quantile,0.9,1.4711326581908517
marietta,2026-04-11,1,2026-04-18,Flu ED visits pct,quantile,0.9,0.6380696048122617
maryland,2026-04-11,1,2026-04-18,Flu ED visits pct,quantile,0.9,1.2444015177704628
massachusetts,2026-04-11,1,2026-04-18,Flu ED visits pct,quantile,0.9,1.7296540806382081
medford,2026-04-11,1,2026-04-18,Flu ED visits pct,quantile,0.9,0.2014675644461356
mesa,2026-04-11,1,2026-04-18,Flu ED visits pct,quantile,0.9,0.6746741929562194
minneapolis,2026-04-11,1,2026-04-18,Flu ED visits pct,quantile,0.9,1.2938090969862888
minnesota,2026-04-11,1,2026-04-18,Flu ED visits pct,quantile,0.9,1.4473219172319782
montgomery,2026-04-11,1,2026-04-18,Flu ED visits pct,quantile,0.9,1.1557476937968103
nenc,2026-04-11,1,2026-04-18,Flu ED visits pct,quantile,0.9,0.5739206151233113
new-bedford,2026-04-11,1,2026-04-18,Flu ED visits pct,quantile,0.9,3.163957159006044
north-carolina,2026-04-11,1,2026-04-18,Flu ED visits pct,quantile,0.9,0.9891193215733373
nyc,2026-04-11,1,2026-04-18,ILI ED visits pct,quantile,0.9,3.445279551927998
ogden,2026-04-11,1,2026-04-18,Flu ED visits pct,quantile,0.9,0.45878120671103384
oregon,2026-04-11,1,2026-04-18,Flu ED visits pct,quantile,0.9,0.6626812289173588
pittsfield,2026-04-11,1,2026-04-18,Flu ED visits pct,quantile,0.9,1.027795795256769
portland,2026-04-11,1,2026-04-18,Flu ED visits pct,quantile,0.9,1.5549504112867403
portland-or,2026-04-11,1,2026-04-18,Flu ED visits pct,quantile,0.9,0.8177889809321167
provo,2026-04-11,1,2026-04-18,Flu ED visits pct,quantile,0.9,0.38292844408513693
roanoke,2026-04-11,1,2026-04-18,Flu ED visits pct,quantile,0.9,1.2328250902395361
rochester,2026-04-11,1,2026-04-18,Flu ED visits pct,quantile,0.9,1.0051622885646334
rock-hill,2026-04-11,1,2026-04-18,Flu ED visits pct,quantile,0.9,0.8259882896645638
rtp-area,2026-04-11,1,2026-04-18,Flu ED visits pct,quantile,0.9,0.47321342250330717
salem,2026-04-11,1,2026-04-18,Flu ED visits pct,quantile,0.9,0.6895988064156274
salt-lake-city,2026-04-11,1,2026-04-18,Flu ED visits pct,quantile,0.9,0.5167748127392515
san-antonio,2026-04-11,1,2026-04-18,Flu ED visits pct,quantile,0.9,0.6356575287455758
savannah,2026-04-11,1,2026-04-18,Flu ED visits pct,quantile,0.9,0.4005479315023214
senc,2026-04-11,1,2026-04-18,Flu ED visits pct,quantile,0.9,0.9295151091622419
south-augusta,2026-04-11,1,2026-04-18,Flu ED visits pct,quantile,0.9,1.0425868751798302
south-carolina,2026-04-11,1,2026-04-18,Flu ED visits pct,quantile,0.9,0.80371660414622
springfield,2026-04-11,1,2026-04-18,Flu ED visits pct,quantile,0.9,2.6386667917342335
st-cloud,2026-04-11,1,2026-04-18,Flu ED visits pct,quantile,0.9,1.6076758997550318
st-paul,2026-04-11,1,2026-04-18,Flu ED visits pct,quantile,0.9,1.7220680419279635
texas,2026-04-11,1,2026-04-18,Flu ED visits pct,quantile,0.9,0.7327462233331351
triad-area,2026-04-11,1,2026-04-18,Flu ED visits pct,quantile,0.9,0.7267676783844496
utah,2026-04-11,1,2026-04-18,Flu ED visits pct,quantile,0.9,0.5036535521686556
virginia,2026-04-11,1,2026-04-18,Flu ED visits pct,quantile,0.9,1.2549099092795448
weld,2026-04-11,1,2026-04-18,Flu ED visits pct,quantile,0.9,1.4763638428225452
wnc,2026-04-11,1,2026-04-18,Flu ED visits pct,quantile,0.9,0.5720452124312613
worcester,2026-04-11,1,2026-04-18,Flu ED visits pct,quantile,0.9,1.9714245116569475
athens,2026-04-11,2,2026-04-25,Flu ED visits pct,quantile,0.9,0.9247553661456974
austin,2026-04-11,2,2026-04-25,Flu ED visits pct,quantile,0.9,0.5968869717433324
baltimore,2026-04-11,2,2026-04-25,Flu ED visits pct,quantile,0.9,1.2747722775134929
bangor,2026-04-11,2,2026-04-25,Flu ED visits pct,quantile,0.9,1.6592700037623511
beaumont,2026-04-11,2,2026-04-25,Flu ED visits pct,quantile,0.9,0.58465811550177
boston,2026-04-11,2,2026-04-25,Flu ED visits pct,quantile,0.9,1.4721175038966772
boulder,2026-04-11,2,2026-04-25,Flu ED visits pct,quantile,0.9,0.9364302809968877
charleston,2026-04-11,2,2026-04-25,Flu ED visits pct,quantile,0.9,0.7423839725886245
cherokee,2026-04-11,2,2026-04-25,Flu ED visits pct,quantile,0.9,1.5570020417615567
clt-area,2026-04-11,2,2026-04-25,Flu ED visits pct,quantile,0.9,1.563335131841543
colorado,2026-04-11,2,2026-04-25,Flu ED visits pct,quantile,0.9,1.1212229981205586
colorado-springs,2026-04-11,2,2026-04-25,Flu ED visits pct,quantile,0.9,1.304692616365049
columbia,2026-04-11,2,2026-04-25,Flu ED visits pct,quantile,0.9,0.7676349521476153
columbus,2026-04-11,2,2026-04-25,Flu ED visits pct,quantile,0.9,0.8652752896863228
dallas,2026-04-11,2,2026-04-25,Flu ED visits pct,quantile,0.9,0.4500130210332887
denver,2026-04-11,2,2026-04-25,Flu ED visits pct,quantile,0.9,1.2982358281732072
deschutes,2026-04-11,2,2026-04-25,Flu ED visits pct,quantile,0.9,1.4120406573764523
duluth,2026-04-11,2,2026-04-25,Flu ED visits pct,quantile,0.9,1.9290889553764887
el-paso,2026-04-11,2,2026-04-25,Flu ED visits pct,quantile,0.9,2.0329671979584547
eugene,2026-04-11,2,2026-04-25,Flu ED visits pct,quantile,0.9,0.3826699649732624
fay-area,2026-04-11,2,2026-04-25,Flu ED visits pct,quantile,0.9,1.390584537526364
florence,2026-04-11,2,2026-04-25,Flu ED visits pct,quantile,0.9,0.849371251629352
floyd,2026-04-11,2,2026-04-25,Flu ED visits pct,quantile,0.9,0.8296538824412578
frederick,2026-04-11,2,2026-04-25,Flu ED visits pct,quantile,0.9,1.4112604836781701
georgia,2026-04-11,2,2026-04-25,Flu ED visits pct,quantile,0.9,0.6647547102273264
greenville,2026-04-11,2,2026-04-25,Flu ED visits pct,quantile,0.9,0.655531868369901
hall,2026-04-11,2,2026-04-25,Flu ED visits pct,quantile,0.9,1.0367368922325533
harford,2026-04-11,2,2026-04-25,Flu ED visits pct,quantile,0.9,0.7543874247349935
henry,2026-04-11,2,2026-04-25,Flu ED visits pct,quantile,0.9,0.8709720262871447
horry,2026-04-11,2,2026-04-25,Flu ED visits pct,quantile,0.9,0.9149298522175986
houston,2026-04-11,2,2026-04-25,Flu ED visits pct,quantile,0.9,0.6396606164366933
indiana,2026-04-11,2,2026-04-25,Flu ED visits pct,quantile,0.9,0.8168069748738743
indianapolis,2026-04-11,2,2026-04-25,Flu ED visits pct,quantile,0.9,0.6342616290323196
la-grange,2026-04-11,2,2026-04-25,Flu ED visits pct,quantile,0.9,0.5838782291542983
larimer,2026-04-11,2,2026-04-25,Flu ED visits pct,quantile,0.9,1.007269316630487
lynn,2026-04-11,2,2026-04-25,Flu ED visits pct,quantile,0.9,1.2890119621960252
macon,2026-04-11,2,2026-04-25,Flu ED visits pct,quantile,0.9,0.4967718903799506
maine,2026-04-11,2,2026-04-25,Flu ED visits pct,quantile,0.9,1.4394031375165384
marietta,2026-04-11,2,2026-04-25,Flu ED visits pct,quantile,0.9,0.6186246097120456
maryland,2026-04-11,2,2026-04-25,Flu ED visits pct,quantile,0.9,1.2261577167587816
massachusetts,2026-04-11,2,2026-04-25,Flu ED visits pct,quantile,0.9,1.6731285742972433
medford,2026-04-11,2,2026-04-25,Flu ED visits pct,quantile,0.9,0.19228731423168724
mesa,2026-04-11,2,2026-04-25,Flu ED visits pct,quantile,0.9,0.6568550135804943
minneapolis,2026-04-11,2,2026-04-25,Flu ED visits pct,quantile,0.9,1.2433047334398812
minnesota,2026-04-11,2,2026-04-25,Flu ED visits pct,quantile,0.9,1.3984395890901244
montgomery,2026-04-11,2,2026-04-25,Flu ED visits pct,quantile,0.9,1.1431416220511252
nenc,2026-04-11,2,2026-04-25,Flu ED visits pct,quantile,0.9,0.5280963825370802
new-bedford,2026-04-11,2,2026-04-25,Flu ED visits pct,quantile,0.9,3.2088728448977135
north-carolina,2026-04-11,2,2026-04-25,Flu ED visits pct,quantile,0.9,0.9193642255552887
nyc,2026-04-11,2,2026-04-25,ILI ED visits pct,quantile,0.9,3.380129759949368
ogden,2026-04-11,2,2026-04-25,Flu ED visits pct,quantile,0.9,0.4447962545578182
oregon,2026-04-11,2,2026-04-25,Flu ED visits pct,quantile,0.9,0.6445553476417175
pittsfield,2026-04-11,2,2026-04-25,Flu ED visits pct,quantile,0.9,1.002009245982066
portland,2026-04-11,2,2026-04-25,Flu ED visits pct,quantile,0.9,1.5311034990165877
portland-or,2026-04-11,2,2026-04-25,Flu ED visits pct,quantile,0.9,0.787660687261659
provo,2026-04-11,2,2026-04-25,Flu ED visits pct,quantile,0.9,0.37206096630330504
roanoke,2026-04-11,2,2026-04-25,Flu ED visits pct,quantile,0.9,1.182403505820855
rochester,2026-04-11,2,2026-04-25,Flu ED visits pct,quantile,0.9,0.9597306887757426
rock-hill,2026-04-11,2,2026-04-25,Flu ED visits pct,quantile,0.9,0.8067089162864124
rtp-area,2026-04-11,2,2026-04-25,Flu ED visits pct,quantile,0.9,0.43941881075144995
salem,2026-04-11,2,2026-04-25,Flu ED visits pct,quantile,0.9,0.6539557958946725
salt-lake-city,2026-04-11,2,2026-04-25,Flu ED visits pct,quantile,0.9,0.49903620947559213
san-antonio,2026-04-11,2,2026-04-25,Flu ED visits pct,quantile,0.9,0.6213867276891071
savannah,2026-04-11,2,2026-04-25,Flu ED visits pct,quantile,0.9,0.3889074654350599
senc,2026-04-11,2,2026-04-25,Flu ED visits pct,quantile,0.9,0.8637258051563272
south-augusta,2026-04-11,2,2026-04-25,Flu ED visits pct,quantile,0.9,1.0172499604371223
south-carolina,2026-04-11,2,2026-04-25,Flu ED visits pct,quantile,0.9,0.786504921294648
springfield,2026-04-11,2,2026-04-25,Flu ED visits pct,quantile,0.9,2.5555689940608137
st-cloud,2026-04-11,2,2026-04-25,Flu ED visits pct,quantile,0.9,1.5632263536435043
st-paul,2026-04-11,2,2026-04-25,Flu ED visits pct,quantile,0.9,1.675243268584089
texas,2026-04-11,2,2026-04-25,Flu ED visits pct,quantile,0.9,0.7343349873450491
triad-area,2026-04-11,2,2026-04-25,Flu ED visits pct,quantile,0.9,0.6748248964864497
utah,2026-04-11,2,2026-04-25,Flu ED visits pct,quantile,0.9,0.48781603351973674
virginia,2026-04-11,2,2026-04-25,Flu ED visits pct,quantile,0.9,1.2195312790555708
weld,2026-04-11,2,2026-04-25,Flu ED visits pct,quantile,0.9,1.4179691110774708
wnc,2026-04-11,2,2026-04-25,Flu ED visits pct,quantile,0.9,0.5179301949795562
worcester,2026-04-11,2,2026-04-25,Flu ED visits pct,quantile,0.9,1.9214188160915795
athens,2026-04-11,3,2026-05-02,Flu ED visits pct,quantile,0.9,0.9261571756370448
austin,2026-04-11,3,2026-05-02,Flu ED visits pct,quantile,0.9,0.593112300009221
baltimore,2026-04-11,3,2026-05-02,Flu ED visits pct,quantile,0.9,1.2852265879573412
bangor,2026-04-11,3,2026-05-02,Flu ED visits pct,quantile,0.9,1.6766377169782125
beaumont,2026-04-11,3,2026-05-02,Flu ED visits pct,quantile,0.9,0.5939143454118098
boston,2026-04-11,3,2026-05-02,Flu ED visits pct,quantile,0.9,1.4874847758924765
boulder,2026-04-11,3,2026-05-02,Flu ED visits pct,quantile,0.9,0.9222696290489145
charleston,2026-04-11,3,2026-05-02,Flu ED visits pct,quantile,0.9,0.7512095081503631
cherokee,2026-04-11,3,2026-05-02,Flu ED visits pct,quantile,0.9,1.584184467298623
clt-area,2026-04-11,3,2026-05-02,Flu ED visits pct,quantile,0.9,1.5259453422366822
colorado,2026-04-11,3,2026-05-02,Flu ED visits pct,quantile,0.9,1.1117515458268468
colorado-springs,2026-04-11,3,2026-05-02,Flu ED visits pct,quantile,0.9,1.301730003973761
columbia,2026-04-11,3,2026-05-02,Flu ED visits pct,quantile,0.9,0.7853904666481301
columbus,2026-04-11,3,2026-05-02,Flu ED visits pct,quantile,0.9,0.863322262756286
dallas,2026-04-11,3,2026-05-02,Flu ED visits pct,quantile,0.9,0.4533004374691541
denver,2026-04-11,3,2026-05-02,Flu ED visits pct,quantile,0.9,1.271491717536576
deschutes,2026-04-11,3,2026-05-02,Flu ED visits pct,quantile,0.9,1.4158413726893033
duluth,2026-04-11,3,2026-05-02,Flu ED visits pct,quantile,0.9,1.917371979222519
el-paso,2026-04-11,3,2026-05-02,Flu ED visits pct,quantile,0.9,2.05337775218464
eugene,2026-04-11,3,2026-05-02,Flu ED visits pct,quantile,0.9,0.3856819636681627
fay-area,2026-04-11,3,2026-05-02,Flu ED visits pct,quantile,0.9,1.363805533506004
florence,2026-04-11,3,2026-05-02,Flu ED visits pct,quantile,0.9,0.8782180897472411
floyd,2026-04-11,3,2026-05-02,Flu ED visits pct,quantile,0.9,0.8409627905743949
frederick,2026-04-11,3,2026-05-02,Flu ED visits pct,quantile,0.9,1.4859404049005163
georgia,2026-04-11,3,2026-05-02,Flu ED visits pct,quantile,0.9,0.6625119615039968
greenville,2026-04-11,3,2026-05-02,Flu ED visits pct,quantile,0.9,0.655804797840757
hall,2026-04-11,3,2026-05-02,Flu ED visits pct,quantile,0.9,1.064966783426804
harford,2026-04-11,3,2026-05-02,Flu ED visits pct,quantile,0.9,0.7683454443231014
henry,2026-04-11,3,2026-05-02,Flu ED visits pct,quantile,0.9,0.8903564779553702
horry,2026-04-11,3,2026-05-02,Flu ED visits pct,quantile,0.9,0.9378397929832993
houston,2026-04-11,3,2026-05-02,Flu ED visits pct,quantile,0.9,0.6411788276728234
indiana,2026-04-11,3,2026-05-02,Flu ED visits pct,quantile,0.9,0.8038084648470014
indianapolis,2026-04-11,3,2026-05-02,Flu ED visits pct,quantile,0.9,0.6278109125365045
la-grange,2026-04-11,3,2026-05-02,Flu ED visits pct,quantile,0.9,0.5934839700371705
larimer,2026-04-11,3,2026-05-02,Flu ED visits pct,quantile,0.9,1.0019480590485248
lynn,2026-04-11,3,2026-05-02,Flu ED visits pct,quantile,0.9,1.3008602799583897
macon,2026-04-11,3,2026-05-02,Flu ED visits pct,quantile,0.9,0.5060639608972466
maine,2026-04-11,3,2026-05-02,Flu ED visits pct,quantile,0.9,1.4516380815121241
marietta,2026-04-11,3,2026-05-02,Flu ED visits pct,quantile,0.9,0.6284632833385767
maryland,2026-04-11,3,2026-05-02,Flu ED visits pct,quantile,0.9,1.2246800940662672
massachusetts,2026-04-11,3,2026-05-02,Flu ED visits pct,quantile,0.9,1.6869020892263225
medford,2026-04-11,3,2026-05-02,Flu ED visits pct,quantile,0.9,0.20307865975774603
mesa,2026-04-11,3,2026-05-02,Flu ED visits pct,quantile,0.9,0.6753818780798205
minneapolis,2026-04-11,3,2026-05-02,Flu ED visits pct,quantile,0.9,1.2391260620632185
minnesota,2026-04-11,3,2026-05-02,Flu ED visits pct,quantile,0.9,1.3899604759128004
montgomery,2026-04-11,3,2026-05-02,Flu ED visits pct,quantile,0.9,1.14579337034158
nenc,2026-04-11,3,2026-05-02,Flu ED visits pct,quantile,0.9,0.5271605577157551
new-bedford,2026-04-11,3,2026-05-02,Flu ED visits pct,quantile,0.9,3.2231509657172617
north-carolina,2026-04-11,3,2026-05-02,Flu ED visits pct,quantile,0.9,0.9048574935632996
nyc,2026-04-11,3,2026-05-02,ILI ED visits pct,quantile,0.9,3.4026775930185473
ogden,2026-04-11,3,2026-05-02,Flu ED visits pct,quantile,0.9,0.4531147171293732
oregon,2026-04-11,3,2026-05-02,Flu ED visits pct,quantile,0.9,0.6383481711467555
pittsfield,2026-04-11,3,2026-05-02,Flu ED visits pct,quantile,0.9,1.0082855986457595
portland,2026-04-11,3,2026-05-02,Flu ED visits pct,quantile,0.9,1.5529968121402251
portland-or,2026-04-11,3,2026-05-02,Flu ED visits pct,quantile,0.9,0.7814572498253628
provo,2026-04-11,3,2026-05-02,Flu ED visits pct,quantile,0.9,0.38203685029023415
roanoke,2026-04-11,3,2026-05-02,Flu ED visits pct,quantile,0.9,1.1806572606622867
rochester,2026-04-11,3,2026-05-02,Flu ED visits pct,quantile,0.9,0.9614808316924724
rock-hill,2026-04-11,3,2026-05-02,Flu ED visits pct,quantile,0.9,0.8182931122415188
rtp-area,2026-04-11,3,2026-05-02,Flu ED visits pct,quantile,0.9,0.435037720906984
salem,2026-04-11,3,2026-05-02,Flu ED visits pct,quantile,0.9,0.6524000492867778
salt-lake-city,2026-04-11,3,2026-05-02,Flu ED visits pct,quantile,0.9,0.49752667688669094
san-antonio,2026-04-11,3,2026-05-02,Flu ED visits pct,quantile,0.9,0.6197433017630959
savannah,2026-04-11,3,2026-05-02,Flu ED visits pct,quantile,0.9,0.394976747737812
senc,2026-04-11,3,2026-05-02,Flu ED visits pct,quantile,0.9,0.8586546576047303
south-augusta,2026-04-11,3,2026-05-02,Flu ED visits pct,quantile,0.9,1.0058030953020844
south-carolina,2026-04-11,3,2026-05-02,Flu ED visits pct,quantile,0.9,0.7882331252786768
springfield,2026-04-11,3,2026-05-02,Flu ED visits pct,quantile,0.9,2.6122675425378907
st-cloud,2026-04-11,3,2026-05-02,Flu ED visits pct,quantile,0.9,1.5713498801520482
st-paul,2026-04-11,3,2026-05-02,Flu ED visits pct,quantile,0.9,1.6910251124611213
texas,2026-04-11,3,2026-05-02,Flu ED visits pct,quantile,0.9,0.735177732921887
triad-area,2026-04-11,3,2026-05-02,Flu ED visits pct,quantile,0.9,0.6690131942199161
utah,2026-04-11,3,2026-05-02,Flu ED visits pct,quantile,0.9,0.4884920724088024
virginia,2026-04-11,3,2026-05-02,Flu ED visits pct,quantile,0.9,1.2185336663357433
weld,2026-04-11,3,2026-05-02,Flu ED visits pct,quantile,0.9,1.4197487010459033
wnc,2026-04-11,3,2026-05-02,Flu ED visits pct,quantile,0.9,0.5080762834992043
worcester,2026-04-11,3,2026-05-02,Flu ED visits pct,quantile,0.9,1.9341528009859725
athens,2026-04-11,0,2026-04-11,Flu ED visits pct,quantile,0.95,1.1719220160045827
austin,2026-04-11,0,2026-04-11,Flu ED visits pct,quantile,0.95,0.6797535066019967
baltimore,2026-04-11,0,2026-04-11,Flu ED visits pct,quantile,0.95,1.3933870286387862
bangor,2026-04-11,0,2026-04-11,Flu ED visits pct,quantile,0.95,1.9632349106405378
beaumont,2026-04-11,0,2026-04-11,Flu ED visits pct,quantile,0.95,0.7306264380184828
boston,2026-04-11,0,2026-04-11,Flu ED visits pct,quantile,0.95,1.602015374723512
boulder,2026-04-11,0,2026-04-11,Flu ED visits pct,quantile,0.95,1.314856271866853
charleston,2026-04-11,0,2026-04-11,Flu ED visits pct,quantile,0.95,0.8696136749521596
cherokee,2026-04-11,0,2026-04-11,Flu ED visits pct,quantile,0.95,1.713315517810597
clt-area,2026-04-11,0,2026-04-11,Flu ED visits pct,quantile,0.95,2.0784519213035
colorado,2026-04-11,0,2026-04-11,Flu ED visits pct,quantile,0.95,1.3330498125978383
colorado-springs,2026-04-11,0,2026-04-11,Flu ED visits pct,quantile,0.95,1.591044016490385
columbia,2026-04-11,0,2026-04-11,Flu ED visits pct,quantile,0.95,0.9083763601458459
columbus,2026-04-11,0,2026-04-11,Flu ED visits pct,quantile,0.95,1.0638805133797664
dallas,2026-04-11,0,2026-04-11,Flu ED visits pct,quantile,0.95,0.5165471328008124
denver,2026-04-11,0,2026-04-11,Flu ED visits pct,quantile,0.95,1.519539345353454
deschutes,2026-04-11,0,2026-04-11,Flu ED visits pct,quantile,0.95,1.6657363289289195
duluth,2026-04-11,0,2026-04-11,Flu ED visits pct,quantile,0.95,2.4129799169579846
el-paso,2026-04-11,0,2026-04-11,Flu ED visits pct,quantile,0.95,2.3178866066074466
eugene,2026-04-11,0,2026-04-11,Flu ED visits pct,quantile,0.95,0.4603067011873258
fay-area,2026-04-11,0,2026-04-11,Flu ED visits pct,quantile,0.95,1.8909509978347208
florence,2026-04-11,0,2026-04-11,Flu ED visits pct,quantile,0.95,1.1118730444676432
floyd,2026-04-11,0,2026-04-11,Flu ED visits pct,quantile,0.95,1.0566097394251774
frederick,2026-04-11,0,2026-04-11,Flu ED visits pct,quantile,0.95,1.6907043210447363
georgia,2026-04-11,0,2026-04-11,Flu ED visits pct,quantile,0.95,0.7223796727466951
greenville,2026-04-11,0,2026-04-11,Flu ED visits pct,quantile,0.95,0.8143855772426297
hall,2026-04-11,0,2026-04-11,Flu ED visits pct,quantile,0.95,1.2057077621481014
harford,2026-04-11,0,2026-04-11,Flu ED visits pct,quantile,0.95,0.9348394916723111
henry,2026-04-11,0,2026-04-11,Flu ED visits pct,quantile,0.95,0.9899754548751599
horry,2026-04-11,0,2026-04-11,Flu ED visits pct,quantile,0.95,1.0901882422682787
houston,2026-04-11,0,2026-04-11,Flu ED visits pct,quantile,0.95,0.7115665911162524
indiana,2026-04-11,0,2026-04-11,Flu ED visits pct,quantile,0.95,1.0082006109781854
indianapolis,2026-04-11,0,2026-04-11,Flu ED visits pct,quantile,0.95,0.8332555761759372
la-grange,2026-04-11,0,2026-04-11,Flu ED visits pct,quantile,0.95,0.7340659796696425
larimer,2026-04-11,0,2026-04-11,Flu ED visits pct,quantile,0.95,1.2837162228066141
lynn,2026-04-11,0,2026-04-11,Flu ED visits pct,quantile,0.95,1.48645448605308
macon,2026-04-11,0,2026-04-11,Flu ED visits pct,quantile,0.95,0.6097391125934927
maine,2026-04-11,0,2026-04-11,Flu ED visits pct,quantile,0.95,1.594559874083151
marietta,2026-04-11,0,2026-04-11,Flu ED visits pct,quantile,0.95,0.7352035653291974
maryland,2026-04-11,0,2026-04-11,Flu ED visits pct,quantile,0.95,1.3434616264176638
massachusetts,2026-04-11,0,2026-04-11,Flu ED visits pct,quantile,0.95,1.853079035088022
medford,2026-04-11,0,2026-04-11,Flu ED visits pct,quantile,0.95,0.2483253842587953
mesa,2026-04-11,0,2026-04-11,Flu ED visits pct,quantile,0.95,0.8123324636038499
minneapolis,2026-04-11,0,2026-04-11,Flu ED visits pct,quantile,0.95,1.4935093292314632
minnesota,2026-04-11,0,2026-04-11,Flu ED visits pct,quantile,0.95,1.5961336549093246
montgomery,2026-04-11,0,2026-04-11,Flu ED visits pct,quantile,0.95,1.2556388466540038
nenc,2026-04-11,0,2026-04-11,Flu ED visits pct,quantile,0.95,0.699731412224369
new-bedford,2026-04-11,0,2026-04-11,Flu ED visits pct,quantile,0.95,3.325073243285944
north-carolina,2026-04-11,0,2026-04-11,Flu ED visits pct,quantile,0.95,1.132959227478893
nyc,2026-04-11,0,2026-04-11,ILI ED visits pct,quantile,0.95,3.637728737895088
ogden,2026-04-11,0,2026-04-11,Flu ED visits pct,quantile,0.95,0.5208217990673548
oregon,2026-04-11,0,2026-04-11,Flu ED visits pct,quantile,0.95,0.7203455795669041
pittsfield,2026-04-11,0,2026-04-11,Flu ED visits pct,quantile,0.95,1.240848999648545
portland,2026-04-11,0,2026-04-11,Flu ED visits pct,quantile,0.95,1.7515095338846027
portland-or,2026-04-11,0,2026-04-11,Flu ED visits pct,quantile,0.95,0.9238033783782091
provo,2026-04-11,0,2026-04-11,Flu ED visits pct,quantile,0.95,0.46306287516764366
roanoke,2026-04-11,0,2026-04-11,Flu ED visits pct,quantile,0.95,1.5150823530311996
rochester,2026-04-11,0,2026-04-11,Flu ED visits pct,quantile,0.95,1.2289177442820451
rock-hill,2026-04-11,0,2026-04-11,Flu ED visits pct,quantile,0.95,1.0568331162947093
rtp-area,2026-04-11,0,2026-04-11,Flu ED visits pct,quantile,0.95,0.5579494603088692
salem,2026-04-11,0,2026-04-11,Flu ED visits pct,quantile,0.95,0.8523530111645086
salt-lake-city,2026-04-11,0,2026-04-11,Flu ED visits pct,quantile,0.95,0.5748942969452059
san-antonio,2026-04-11,0,2026-04-11,Flu ED visits pct,quantile,0.95,0.6934591876954534
savannah,2026-04-11,0,2026-04-11,Flu ED visits pct,quantile,0.95,0.44637250800018163
senc,2026-04-11,0,2026-04-11,Flu ED visits pct,quantile,0.95,1.0619076820040927
south-augusta,2026-04-11,0,2026-04-11,Flu ED visits pct,quantile,0.95,1.2241881775224384
south-carolina,2026-04-11,0,2026-04-11,Flu ED visits pct,quantile,0.95,0.841008833718108
springfield,2026-04-11,0,2026-04-11,Flu ED visits pct,quantile,0.95,2.9658061400838736
st-cloud,2026-04-11,0,2026-04-11,Flu ED visits pct,quantile,0.95,1.9373363107642614
st-paul,2026-04-11,0,2026-04-11,Flu ED visits pct,quantile,0.95,1.8715792782713525
texas,2026-04-11,0,2026-04-11,Flu ED visits pct,quantile,0.95,0.813377635800657
triad-area,2026-04-11,0,2026-04-11,Flu ED visits pct,quantile,0.95,0.8357945943921177
utah,2026-04-11,0,2026-04-11,Flu ED visits pct,quantile,0.95,0.5583619701615183
virginia,2026-04-11,0,2026-04-11,Flu ED visits pct,quantile,0.95,1.3381010816512076
weld,2026-04-11,0,2026-04-11,Flu ED visits pct,quantile,0.95,1.8002623042744708
wnc,2026-04-11,0,2026-04-11,Flu ED visits pct,quantile,0.95,0.6924738732462509
worcester,2026-04-11,0,2026-04-11,Flu ED visits pct,quantile,0.95,2.1921342213073314
athens,2026-04-11,1,2026-04-18,Flu ED visits pct,quantile,0.95,1.1436379652659894
austin,2026-04-11,1,2026-04-18,Flu ED visits pct,quantile,0.95,0.6624170494483932
baltimore,2026-04-11,1,2026-04-18,Flu ED visits pct,quantile,0.95,1.4148674550718872
bangor,2026-04-11,1,2026-04-18,Flu ED visits pct,quantile,0.95,1.9608636059377298
beaumont,2026-04-11,1,2026-04-18,Flu ED visits pct,quantile,0.95,0.7185458552529882
boston,2026-04-11,1,2026-04-18,Flu ED visits pct,quantile,0.95,1.6080099916221235
boulder,2026-04-11,1,2026-04-18,Flu ED visits pct,quantile,0.95,1.2553781302204343
charleston,2026-04-11,1,2026-04-18,Flu ED visits pct,quantile,0.95,0.8540546522677501
cherokee,2026-04-11,1,2026-04-18,Flu ED visits pct,quantile,0.95,1.7143638668335883
clt-area,2026-04-11,1,2026-04-18,Flu ED visits pct,quantile,0.95,1.9655615841917387
colorado,2026-04-11,1,2026-04-18,Flu ED visits pct,quantile,0.95,1.2926708281850836
colorado-springs,2026-04-11,1,2026-04-18,Flu ED visits pct,quantile,0.95,1.5596310033769323
columbia,2026-04-11,1,2026-04-18,Flu ED visits pct,quantile,0.95,0.8882657639635911
columbus,2026-04-11,1,2026-04-18,Flu ED visits pct,quantile,0.95,1.0519622724797153
dallas,2026-04-11,1,2026-04-18,Flu ED visits pct,quantile,0.95,0.49921410467451977
denver,2026-04-11,1,2026-04-18,Flu ED visits pct,quantile,0.95,1.4825476610225015
deschutes,2026-04-11,1,2026-04-18,Flu ED visits pct,quantile,0.95,1.6826227181048388
duluth,2026-04-11,1,2026-04-18,Flu ED visits pct,quantile,0.95,2.3503108087124076
el-paso,2026-04-11,1,2026-04-18,Flu ED visits pct,quantile,0.95,2.334710294511441
eugene,2026-04-11,1,2026-04-18,Flu ED visits pct,quantile,0.95,0.4494915570950822
fay-area,2026-04-11,1,2026-04-18,Flu ED visits pct,quantile,0.95,1.7826342898927534
florence,2026-04-11,1,2026-04-18,Flu ED visits pct,quantile,0.95,1.1082684662294426
floyd,2026-04-11,1,2026-04-18,Flu ED visits pct,quantile,0.95,1.0399229198605606
frederick,2026-04-11,1,2026-04-18,Flu ED visits pct,quantile,0.95,1.8006829682496135
georgia,2026-04-11,1,2026-04-18,Flu ED visits pct,quantile,0.95,0.7138886739659037
greenville,2026-04-11,1,2026-04-18,Flu ED visits pct,quantile,0.95,0.7930594312332456
hall,2026-04-11,1,2026-04-18,Flu ED visits pct,quantile,0.95,1.2036335358829482
harford,2026-04-11,1,2026-04-18,Flu ED visits pct,quantile,0.95,0.9287814969824972
henry,2026-04-11,1,2026-04-18,Flu ED visits pct,quantile,0.95,0.9829796029873868
horry,2026-04-11,1,2026-04-18,Flu ED visits pct,quantile,0.95,1.0913782145460755
houston,2026-04-11,1,2026-04-18,Flu ED visits pct,quantile,0.95,0.7137837035314097
indiana,2026-04-11,1,2026-04-18,Flu ED visits pct,quantile,0.95,0.971541695871199
indianapolis,2026-04-11,1,2026-04-18,Flu ED visits pct,quantile,0.95,0.7972621368319048
la-grange,2026-04-11,1,2026-04-18,Flu ED visits pct,quantile,0.95,0.724655498431495
larimer,2026-04-11,1,2026-04-18,Flu ED visits pct,quantile,0.95,1.254736819074282
lynn,2026-04-11,1,2026-04-18,Flu ED visits pct,quantile,0.95,1.4886283634535542
macon,2026-04-11,1,2026-04-18,Flu ED visits pct,quantile,0.95,0.5945042327872855
maine,2026-04-11,1,2026-04-18,Flu ED visits pct,quantile,0.95,1.601420934214535
marietta,2026-04-11,1,2026-04-18,Flu ED visits pct,quantile,0.95,0.7280632672940529
maryland,2026-04-11,1,2026-04-18,Flu ED visits pct,quantile,0.95,1.357545558829904
massachusetts,2026-04-11,1,2026-04-18,Flu ED visits pct,quantile,0.95,1.9016021338700764
medford,2026-04-11,1,2026-04-18,Flu ED visits pct,quantile,0.95,0.2475224586811965
mesa,2026-04-11,1,2026-04-18,Flu ED visits pct,quantile,0.95,0.7995152008961584
minneapolis,2026-04-11,1,2026-04-18,Flu ED visits pct,quantile,0.95,1.4624540076965662
minnesota,2026-04-11,1,2026-04-18,Flu ED visits pct,quantile,0.95,1.5710916197025067
montgomery,2026-04-11,1,2026-04-18,Flu ED visits pct,quantile,0.95,1.2614699897399666
nenc,2026-04-11,1,2026-04-18,Flu ED visits pct,quantile,0.95,0.6690580130179116
new-bedford,2026-04-11,1,2026-04-18,Flu ED visits pct,quantile,0.95,3.5149165876854243
north-carolina,2026-04-11,1,2026-04-18,Flu ED visits pct,quantile,0.95,1.0994956822075883
nyc,2026-04-11,1,2026-04-18,ILI ED visits pct,quantile,0.95,3.7219001006712387
ogden,2026-04-11,1,2026-04-18,Flu ED visits pct,quantile,0.95,0.5017120725979036
oregon,2026-04-11,1,2026-04-18,Flu ED visits pct,quantile,0.95,0.7066869449713012
pittsfield,2026-04-11,1,2026-04-18,Flu ED visits pct,quantile,0.95,1.248624021461592
portland,2026-04-11,1,2026-04-18,Flu ED visits pct,quantile,0.95,1.7903222775969456
portland-or,2026-04-11,1,2026-04-18,Flu ED visits pct,quantile,0.95,0.9029112129972021
provo,2026-04-11,1,2026-04-18,Flu ED visits pct,quantile,0.95,0.45060745578005945
roanoke,2026-04-11,1,2026-04-18,Flu ED visits pct,quantile,0.95,1.4762657416478622
rochester,2026-04-11,1,2026-04-18,Flu ED visits pct,quantile,0.95,1.1939031747664368
rock-hill,2026-04-11,1,2026-04-18,Flu ED visits pct,quantile,0.95,1.0524850310440403
rtp-area,2026-04-11,1,2026-04-18,Flu ED visits pct,quantile,0.95,0.5331764057762961
salem,2026-04-11,1,2026-04-18,Flu ED visits pct,quantile,0.95,0.8254839163244135
salt-lake-city,2026-04-11,1,2026-04-18,Flu ED visits pct,quantile,0.95,0.5653410643314051
san-antonio,2026-04-11,1,2026-04-18,Flu ED visits pct,quantile,0.95,0.6718728239873963
savannah,2026-04-11,1,2026-04-18,Flu ED visits pct,quantile,0.95,0.4427085896389698
senc,2026-04-11,1,2026-04-18,Flu ED visits pct,quantile,0.95,1.0310663505812567
south-augusta,2026-04-11,1,2026-04-18,Flu ED visits pct,quantile,0.95,1.1955741658276848
south-carolina,2026-04-11,1,2026-04-18,Flu ED visits pct,quantile,0.95,0.8336338849329531
springfield,2026-04-11,1,2026-04-18,Flu ED visits pct,quantile,0.95,3.069375260308757
st-cloud,2026-04-11,1,2026-04-18,Flu ED visits pct,quantile,0.95,1.9231904691420427
st-paul,2026-04-11,1,2026-04-18,Flu ED visits pct,quantile,0.95,1.864632413783294
texas,2026-04-11,1,2026-04-18,Flu ED visits pct,quantile,0.95,0.8166049849616156
triad-area,2026-04-11,1,2026-04-18,Flu ED visits pct,quantile,0.95,0.8021235435725736
utah,2026-04-11,1,2026-04-18,Flu ED visits pct,quantile,0.95,0.5504933863600202
virginia,2026-04-11,1,2026-04-18,Flu ED visits pct,quantile,0.95,1.3290558842113112
weld,2026-04-11,1,2026-04-18,Flu ED visits pct,quantile,0.95,1.7482566112988438
wnc,2026-04-11,1,2026-04-18,Flu ED visits pct,quantile,0.95,0.651939636674877
worcester,2026-04-11,1,2026-04-18,Flu ED visits pct,quantile,0.95,2.2240129441445284
athens,2026-04-11,2,2026-04-25,Flu ED visits pct,quantile,0.95,1.1317983597616126
austin,2026-04-11,2,2026-04-25,Flu ED visits pct,quantile,0.95,0.6518705785084471
baltimore,2026-04-11,2,2026-04-25,Flu ED visits pct,quantile,0.95,1.435985670328045
bangor,2026-04-11,2,2026-04-25,Flu ED visits pct,quantile,0.95,1.9325187417413499
beaumont,2026-04-11,2,2026-04-25,Flu ED visits pct,quantile,0.95,0.7181519089540995
boston,2026-04-11,2,2026-04-25,Flu ED visits pct,quantile,0.95,1.6252186099720345
boulder,2026-04-11,2,2026-04-25,Flu ED visits pct,quantile,0.95,1.2220768554887025
charleston,2026-04-11,2,2026-04-25,Flu ED visits pct,quantile,0.95,0.8351109967816913
cherokee,2026-04-11,2,2026-04-25,Flu ED visits pct,quantile,0.95,1.702336742715599
clt-area,2026-04-11,2,2026-04-25,Flu ED visits pct,quantile,0.95,1.8651604233529884
colorado,2026-04-11,2,2026-04-25,Flu ED visits pct,quantile,0.95,1.283572708315011
colorado-springs,2026-04-11,2,2026-04-25,Flu ED visits pct,quantile,0.95,1.525931605959165
columbia,2026-04-11,2,2026-04-25,Flu ED visits pct,quantile,0.95,0.8752479035542965
columbus,2026-04-11,2,2026-04-25,Flu ED visits pct,quantile,0.95,1.0300643643116367
dallas,2026-04-11,2,2026-04-25,Flu ED visits pct,quantile,0.95,0.4944756682941631
denver,2026-04-11,2,2026-04-25,Flu ED visits pct,quantile,0.95,1.457256159424733
deschutes,2026-04-11,2,2026-04-25,Flu ED visits pct,quantile,0.95,1.6853436228765677
duluth,2026-04-11,2,2026-04-25,Flu ED visits pct,quantile,0.95,2.316800844464534
el-paso,2026-04-11,2,2026-04-25,Flu ED visits pct,quantile,0.95,2.3243626137447926
eugene,2026-04-11,2,2026-04-25,Flu ED visits pct,quantile,0.95,0.4478973094363658
fay-area,2026-04-11,2,2026-04-25,Flu ED visits pct,quantile,0.95,1.7014886205640112
florence,2026-04-11,2,2026-04-25,Flu ED visits pct,quantile,0.95,1.108115798840351
floyd,2026-04-11,2,2026-04-25,Flu ED visits pct,quantile,0.95,1.0195245904979997
frederick,2026-04-11,2,2026-04-25,Flu ED visits pct,quantile,0.95,1.8531981133913138
georgia,2026-04-11,2,2026-04-25,Flu ED visits pct,quantile,0.95,0.7044173555516482
greenville,2026-04-11,2,2026-04-25,Flu ED visits pct,quantile,0.95,0.7807416495794768
hall,2026-04-11,2,2026-04-25,Flu ED visits pct,quantile,0.95,1.1811363275228806
harford,2026-04-11,2,2026-04-25,Flu ED visits pct,quantile,0.95,0.9230291384132705
henry,2026-04-11,2,2026-04-25,Flu ED visits pct,quantile,0.95,0.9665235101191832
horry,2026-04-11,2,2026-04-25,Flu ED visits pct,quantile,0.95,1.077636378393422
houston,2026-04-11,2,2026-04-25,Flu ED visits pct,quantile,0.95,0.7020317890865587
indiana,2026-04-11,2,2026-04-25,Flu ED visits pct,quantile,0.95,0.9545439926692896
indianapolis,2026-04-11,2,2026-04-25,Flu ED visits pct,quantile,0.95,0.7765121178481964
la-grange,2026-04-11,2,2026-04-25,Flu ED visits pct,quantile,0.95,0.7105939716641753
larimer,2026-04-11,2,2026-04-25,Flu ED visits pct,quantile,0.95,1.2420658835586496
lynn,2026-04-11,2,2026-04-25,Flu ED visits pct,quantile,0.95,1.4880262004091702
macon,2026-04-11,2,2026-04-25,Flu ED visits pct,quantile,0.95,0.5895984234498095
maine,2026-04-11,2,2026-04-25,Flu ED visits pct,quantile,0.95,1.5978308283365306
marietta,2026-04-11,2,2026-04-25,Flu ED visits pct,quantile,0.95,0.7166602403193927
maryland,2026-04-11,2,2026-04-25,Flu ED visits pct,quantile,0.95,1.3443688870015393
massachusetts,2026-04-11,2,2026-04-25,Flu ED visits pct,quantile,0.95,1.9222488199085004
medford,2026-04-11,2,2026-04-25,Flu ED visits pct,quantile,0.95,0.24330969911318034
mesa,2026-04-11,2,2026-04-25,Flu ED visits pct,quantile,0.95,0.7889342250590681
minneapolis,2026-04-11,2,2026-04-25,Flu ED visits pct,quantile,0.95,1.4482237814692625
minnesota,2026-04-11,2,2026-04-25,Flu ED visits pct,quantile,0.95,1.5468189584001364
montgomery,2026-04-11,2,2026-04-25,Flu ED visits pct,quantile,0.95,1.2645955842434007
nenc,2026-04-11,2,2026-04-25,Flu ED visits pct,quantile,0.95,0.6520760820647664
new-bedford,2026-04-11,2,2026-04-25,Flu ED visits pct,quantile,0.95,3.605819686744474
north-carolina,2026-04-11,2,2026-04-25,Flu ED visits pct,quantile,0.95,1.066222405709046
nyc,2026-04-11,2,2026-04-25,ILI ED visits pct,quantile,0.95,3.7397441674613066
ogden,2026-04-11,2,2026-04-25,Flu ED visits pct,quantile,0.95,0.4924068329604593
oregon,2026-04-11,2,2026-04-25,Flu ED visits pct,quantile,0.95,0.6967909809793221
pittsfield,2026-04-11,2,2026-04-25,Flu ED visits pct,quantile,0.95,1.3051535908704612
portland,2026-04-11,2,2026-04-25,Flu ED visits pct,quantile,0.95,1.795021595228918
portland-or,2026-04-11,2,2026-04-25,Flu ED visits pct,quantile,0.95,0.8912316754753488
provo,2026-04-11,2,2026-04-25,Flu ED visits pct,quantile,0.95,0.44298362417450243
roanoke,2026-04-11,2,2026-04-25,Flu ED visits pct,quantile,0.95,1.450066135535644
rochester,2026-04-11,2,2026-04-25,Flu ED visits pct,quantile,0.95,1.1783542976150765
rock-hill,2026-04-11,2,2026-04-25,Flu ED visits pct,quantile,0.95,1.0390689183594446
rtp-area,2026-04-11,2,2026-04-25,Flu ED visits pct,quantile,0.95,0.5135339103777039
salem,2026-04-11,2,2026-04-25,Flu ED visits pct,quantile,0.95,0.7965083494695459
salt-lake-city,2026-04-11,2,2026-04-25,Flu ED visits pct,quantile,0.95,0.5530859052860975
san-antonio,2026-04-11,2,2026-04-25,Flu ED visits pct,quantile,0.95,0.665321931272806
savannah,2026-04-11,2,2026-04-25,Flu ED visits pct,quantile,0.95,0.43949331253770746
senc,2026-04-11,2,2026-04-25,Flu ED visits pct,quantile,0.95,0.9893995741419381
south-augusta,2026-04-11,2,2026-04-25,Flu ED visits pct,quantile,0.95,1.183051288464411
south-carolina,2026-04-11,2,2026-04-25,Flu ED visits pct,quantile,0.95,0.8321576292745401
springfield,2026-04-11,2,2026-04-25,Flu ED visits pct,quantile,0.95,3.1306685449606544
st-cloud,2026-04-11,2,2026-04-25,Flu ED visits pct,quantile,0.95,1.9005425446047037
st-paul,2026-04-11,2,2026-04-25,Flu ED visits pct,quantile,0.95,1.8496498908925598
texas,2026-04-11,2,2026-04-25,Flu ED visits pct,quantile,0.95,0.8367319969771024
triad-area,2026-04-11,2,2026-04-25,Flu ED visits pct,quantile,0.95,0.786599406079385
utah,2026-04-11,2,2026-04-25,Flu ED visits pct,quantile,0.95,0.5463088951455091
virginia,2026-04-11,2,2026-04-25,Flu ED visits pct,quantile,0.95,1.318384915144022
weld,2026-04-11,2,2026-04-25,Flu ED visits pct,quantile,0.95,1.7367022400483645
wnc,2026-04-11,2,2026-04-25,Flu ED visits pct,quantile,0.95,0.6260104981536085
worcester,2026-04-11,2,2026-04-25,Flu ED visits pct,quantile,0.95,2.270629335579792
athens,2026-04-11,3,2026-05-02,Flu ED visits pct,quantile,0.95,1.154280994400224
austin,2026-04-11,3,2026-05-02,Flu ED visits pct,quantile,0.95,0.6672066375938764
baltimore,2026-04-11,3,2026-05-02,Flu ED visits pct,quantile,0.95,1.4611375119402563
bangor,2026-04-11,3,2026-05-02,Flu ED visits pct,quantile,0.95,1.9737003056448053
beaumont,2026-04-11,3,2026-05-02,Flu ED visits pct,quantile,0.95,0.7225125589182567
boston,2026-04-11,3,2026-05-02,Flu ED visits pct,quantile,0.95,1.6641564266780222
boulder,2026-04-11,3,2026-05-02,Flu ED visits pct,quantile,0.95,1.2429496260228878
charleston,2026-04-11,3,2026-05-02,Flu ED visits pct,quantile,0.95,0.8512343210873162
cherokee,2026-04-11,3,2026-05-02,Flu ED visits pct,quantile,0.95,1.755703318593441
clt-area,2026-04-11,3,2026-05-02,Flu ED visits pct,quantile,0.95,1.8706135845130663
colorado,2026-04-11,3,2026-05-02,Flu ED visits pct,quantile,0.95,1.296557391354177
colorado-springs,2026-04-11,3,2026-05-02,Flu ED visits pct,quantile,0.95,1.5580286341518743
columbia,2026-04-11,3,2026-05-02,Flu ED visits pct,quantile,0.95,0.9060760746944221
columbus,2026-04-11,3,2026-05-02,Flu ED visits pct,quantile,0.95,1.050372898713966
dallas,2026-04-11,3,2026-05-02,Flu ED visits pct,quantile,0.95,0.5087940548556732
denver,2026-04-11,3,2026-05-02,Flu ED visits pct,quantile,0.95,1.4797811681525852
deschutes,2026-04-11,3,2026-05-02,Flu ED visits pct,quantile,0.95,1.7029438012911204
duluth,2026-04-11,3,2026-05-02,Flu ED visits pct,quantile,0.95,2.3304396930604954
el-paso,2026-04-11,3,2026-05-02,Flu ED visits pct,quantile,0.95,2.4142727765793306
eugene,2026-04-11,3,2026-05-02,Flu ED visits pct,quantile,0.95,0.4564632375477453
fay-area,2026-04-11,3,2026-05-02,Flu ED visits pct,quantile,0.95,1.7045827248022112
florence,2026-04-11,3,2026-05-02,Flu ED visits pct,quantile,0.95,1.166199579604877
floyd,2026-04-11,3,2026-05-02,Flu ED visits pct,quantile,0.95,1.0337566920181565
frederick,2026-04-11,3,2026-05-02,Flu ED visits pct,quantile,0.95,1.9182831342045252
georgia,2026-04-11,3,2026-05-02,Flu ED visits pct,quantile,0.95,0.7253759936965076
greenville,2026-04-11,3,2026-05-02,Flu ED visits pct,quantile,0.95,0.7890711708922317
hall,2026-04-11,3,2026-05-02,Flu ED visits pct,quantile,0.95,1.2451498088518693
harford,2026-04-11,3,2026-05-02,Flu ED visits pct,quantile,0.95,0.9737922807729072
henry,2026-04-11,3,2026-05-02,Flu ED visits pct,quantile,0.95,0.9975310431354221
horry,2026-04-11,3,2026-05-02,Flu ED visits pct,quantile,0.95,1.1427740486237845
houston,2026-04-11,3,2026-05-02,Flu ED visits pct,quantile,0.95,0.7335013643777583
indiana,2026-04-11,3,2026-05-02,Flu ED visits pct,quantile,0.95,0.9754326839375512
indianapolis,2026-04-11,3,2026-05-02,Flu ED visits pct,quantile,0.95,0.7898447266238093
la-grange,2026-04-11,3,2026-05-02,Flu ED visits pct,quantile,0.95,0.7256269424477635
larimer,2026-04-11,3,2026-05-02,Flu ED visits pct,quantile,0.95,1.2630574128286318
lynn,2026-04-11,3,2026-05-02,Flu ED visits pct,quantile,0.95,1.510968053706384
macon,2026-04-11,3,2026-05-02,Flu ED visits pct,quantile,0.95,0.6023112848004537
maine,2026-04-11,3,2026-05-02,Flu ED visits pct,quantile,0.95,1.6317713405906
marietta,2026-04-11,3,2026-05-02,Flu ED visits pct,quantile,0.95,0.7471972581449062
maryland,2026-04-11,3,2026-05-02,Flu ED visits pct,quantile,0.95,1.3916480566063545
massachusetts,2026-04-11,3,2026-05-02,Flu ED visits pct,quantile,0.95,1.981892524957148
medford,2026-04-11,3,2026-05-02,Flu ED visits pct,quantile,0.95,0.2625253850024895
mesa,2026-04-11,3,2026-05-02,Flu ED visits pct,quantile,0.95,0.8261861188876932
minneapolis,2026-04-11,3,2026-05-02,Flu ED visits pct,quantile,0.95,1.478385135368723
minnesota,2026-04-11,3,2026-05-02,Flu ED visits pct,quantile,0.95,1.5905240376887095
montgomery,2026-04-11,3,2026-05-02,Flu ED visits pct,quantile,0.95,1.3015181485621952
nenc,2026-04-11,3,2026-05-02,Flu ED visits pct,quantile,0.95,0.66230769677984
new-bedford,2026-04-11,3,2026-05-02,Flu ED visits pct,quantile,0.95,3.7026592246647145
north-carolina,2026-04-11,3,2026-05-02,Flu ED visits pct,quantile,0.95,1.0846517301826122
nyc,2026-04-11,3,2026-05-02,ILI ED visits pct,quantile,0.95,3.8043351730373356
ogden,2026-04-11,3,2026-05-02,Flu ED visits pct,quantile,0.95,0.5006011482610225
oregon,2026-04-11,3,2026-05-02,Flu ED visits pct,quantile,0.95,0.7107916549849794
pittsfield,2026-04-11,3,2026-05-02,Flu ED visits pct,quantile,0.95,1.32964632109718
portland,2026-04-11,3,2026-05-02,Flu ED visits pct,quantile,0.95,1.8688939699334863
portland-or,2026-04-11,3,2026-05-02,Flu ED visits pct,quantile,0.95,0.8981311988870726
provo,2026-04-11,3,2026-05-02,Flu ED visits pct,quantile,0.95,0.4634209400762012
roanoke,2026-04-11,3,2026-05-02,Flu ED visits pct,quantile,0.95,1.4619201855594361
rochester,2026-04-11,3,2026-05-02,Flu ED visits pct,quantile,0.95,1.1906595110992542
rock-hill,2026-04-11,3,2026-05-02,Flu ED visits pct,quantile,0.95,1.098608741676247
rtp-area,2026-04-11,3,2026-05-02,Flu ED visits pct,quantile,0.95,0.5211985844281334
salem,2026-04-11,3,2026-05-02,Flu ED visits pct,quantile,0.95,0.8073025513227379
salt-lake-city,2026-04-11,3,2026-05-02,Flu ED visits pct,quantile,0.95,0.5701272487061725
san-antonio,2026-04-11,3,2026-05-02,Flu ED visits pct,quantile,0.95,0.6800468478426936
savannah,2026-04-11,3,2026-05-02,Flu ED visits pct,quantile,0.95,0.45096210668877074
senc,2026-04-11,3,2026-05-02,Flu ED visits pct,quantile,0.95,1.0111950426353913
south-augusta,2026-04-11,3,2026-05-02,Flu ED visits pct,quantile,0.95,1.2020370022275757
south-carolina,2026-04-11,3,2026-05-02,Flu ED visits pct,quantile,0.95,0.8604678881084402
springfield,2026-04-11,3,2026-05-02,Flu ED visits pct,quantile,0.95,3.188118739422164
st-cloud,2026-04-11,3,2026-05-02,Flu ED visits pct,quantile,0.95,1.9361268317490359
st-paul,2026-04-11,3,2026-05-02,Flu ED visits pct,quantile,0.95,1.9069798797108468
texas,2026-04-11,3,2026-05-02,Flu ED visits pct,quantile,0.95,0.8721664430802475
triad-area,2026-04-11,3,2026-05-02,Flu ED visits pct,quantile,0.95,0.7903828724749895
utah,2026-04-11,3,2026-05-02,Flu ED visits pct,quantile,0.95,0.5665052154559932
virginia,2026-04-11,3,2026-05-02,Flu ED visits pct,quantile,0.95,1.3502034919929513
weld,2026-04-11,3,2026-05-02,Flu ED visits pct,quantile,0.95,1.7892552037874203
wnc,2026-04-11,3,2026-05-02,Flu ED visits pct,quantile,0.95,0.6330993289502408
worcester,2026-04-11,3,2026-05-02,Flu ED visits pct,quantile,0.95,2.3229115280605894
athens,2026-04-11,0,2026-04-11,Flu ED visits pct,quantile,0.975,1.259735743955189
austin,2026-04-11,0,2026-04-11,Flu ED visits pct,quantile,0.975,0.7642436671413496
baltimore,2026-04-11,0,2026-04-11,Flu ED visits pct,quantile,0.975,1.516902755864405
bangor,2026-04-11,0,2026-04-11,Flu ED visits pct,quantile,0.975,2.088197880341386
beaumont,2026-04-11,0,2026-04-11,Flu ED visits pct,quantile,0.975,0.8153614794498127
boston,2026-04-11,0,2026-04-11,Flu ED visits pct,quantile,0.975,1.6979473880185174
boulder,2026-04-11,0,2026-04-11,Flu ED visits pct,quantile,0.975,1.4748835523642647
charleston,2026-04-11,0,2026-04-11,Flu ED visits pct,quantile,0.975,0.945448366185723
cherokee,2026-04-11,0,2026-04-11,Flu ED visits pct,quantile,0.975,1.831688380573908
clt-area,2026-04-11,0,2026-04-11,Flu ED visits pct,quantile,0.975,2.1545600229465474
colorado,2026-04-11,0,2026-04-11,Flu ED visits pct,quantile,0.975,1.5001247236453619
colorado-springs,2026-04-11,0,2026-04-11,Flu ED visits pct,quantile,0.975,1.7654912400197214
columbia,2026-04-11,0,2026-04-11,Flu ED visits pct,quantile,0.975,1.0348634359562408
columbus,2026-04-11,0,2026-04-11,Flu ED visits pct,quantile,0.975,1.1540792436432439
dallas,2026-04-11,0,2026-04-11,Flu ED visits pct,quantile,0.975,0.6093396174600394
denver,2026-04-11,0,2026-04-11,Flu ED visits pct,quantile,0.975,1.6525555114269348
deschutes,2026-04-11,0,2026-04-11,Flu ED visits pct,quantile,0.975,1.682171089722551
duluth,2026-04-11,0,2026-04-11,Flu ED visits pct,quantile,0.975,2.6540150365973676
el-paso,2026-04-11,0,2026-04-11,Flu ED visits pct,quantile,0.975,2.5366276404273798
eugene,2026-04-11,0,2026-04-11,Flu ED visits pct,quantile,0.975,0.5271325534803128
fay-area,2026-04-11,0,2026-04-11,Flu ED visits pct,quantile,0.975,1.9937604538742273
florence,2026-04-11,0,2026-04-11,Flu ED visits pct,quantile,0.975,1.3426499660048912
floyd,2026-04-11,0,2026-04-11,Flu ED visits pct,quantile,0.975,1.1487007898777157
frederick,2026-04-11,0,2026-04-11,Flu ED visits pct,quantile,0.975,1.7762593721242024
georgia,2026-04-11,0,2026-04-11,Flu ED visits pct,quantile,0.975,0.8144739737010273
greenville,2026-04-11,0,2026-04-11,Flu ED visits pct,quantile,0.975,0.876888676835524
hall,2026-04-11,0,2026-04-11,Flu ED visits pct,quantile,0.975,1.3445060246337377
harford,2026-04-11,0,2026-04-11,Flu ED visits pct,quantile,0.975,1.062086699061695
henry,2026-04-11,0,2026-04-11,Flu ED visits pct,quantile,0.975,1.1204490458921454
horry,2026-04-11,0,2026-04-11,Flu ED visits pct,quantile,0.975,1.262410625135461
houston,2026-04-11,0,2026-04-11,Flu ED visits pct,quantile,0.975,0.7949227496765728
indiana,2026-04-11,0,2026-04-11,Flu ED visits pct,quantile,0.975,1.1306341017972878
indianapolis,2026-04-11,0,2026-04-11,Flu ED visits pct,quantile,0.975,0.9070115813617192
la-grange,2026-04-11,0,2026-04-11,Flu ED visits pct,quantile,0.975,0.8361121311106436
larimer,2026-04-11,0,2026-04-11,Flu ED visits pct,quantile,0.975,1.376421849802498
lynn,2026-04-11,0,2026-04-11,Flu ED visits pct,quantile,0.975,1.6374275212695681
macon,2026-04-11,0,2026-04-11,Flu ED visits pct,quantile,0.975,0.6378950538155409
maine,2026-04-11,0,2026-04-11,Flu ED visits pct,quantile,0.975,1.7106122674453805
marietta,2026-04-11,0,2026-04-11,Flu ED visits pct,quantile,0.975,0.8470822555954068
maryland,2026-04-11,0,2026-04-11,Flu ED visits pct,quantile,0.975,1.54195253172465
massachusetts,2026-04-11,0,2026-04-11,Flu ED visits pct,quantile,0.975,2.0224007659674808
medford,2026-04-11,0,2026-04-11,Flu ED visits pct,quantile,0.975,0.3182710441260412
mesa,2026-04-11,0,2026-04-11,Flu ED visits pct,quantile,0.975,0.9724958638914446
minneapolis,2026-04-11,0,2026-04-11,Flu ED visits pct,quantile,0.975,1.5739375678594398
minnesota,2026-04-11,0,2026-04-11,Flu ED visits pct,quantile,0.975,1.7418215171309277
montgomery,2026-04-11,0,2026-04-11,Flu ED visits pct,quantile,0.975,1.3937287399498095
nenc,2026-04-11,0,2026-04-11,Flu ED visits pct,quantile,0.975,0.7309521920052541
new-bedford,2026-04-11,0,2026-04-11,Flu ED visits pct,quantile,0.975,3.499057396742094
north-carolina,2026-04-11,0,2026-04-11,Flu ED visits pct,quantile,0.975,1.2347235731068855
nyc,2026-04-11,0,2026-04-11,ILI ED visits pct,quantile,0.975,3.832151373942592
ogden,2026-04-11,0,2026-04-11,Flu ED visits pct,quantile,0.975,0.5819381371844156
oregon,2026-04-11,0,2026-04-11,Flu ED visits pct,quantile,0.975,0.8079180699369293
pittsfield,2026-04-11,0,2026-04-11,Flu ED visits pct,quantile,0.975,1.4289799485971726
portland,2026-04-11,0,2026-04-11,Flu ED visits pct,quantile,0.975,1.8539646421479468
portland-or,2026-04-11,0,2026-04-11,Flu ED visits pct,quantile,0.975,0.9599238513825492
provo,2026-04-11,0,2026-04-11,Flu ED visits pct,quantile,0.975,0.5345232419360453
roanoke,2026-04-11,0,2026-04-11,Flu ED visits pct,quantile,0.975,1.629181619524275
rochester,2026-04-11,0,2026-04-11,Flu ED visits pct,quantile,0.975,1.3304505784543588
rock-hill,2026-04-11,0,2026-04-11,Flu ED visits pct,quantile,0.975,1.2244384422441956
rtp-area,2026-04-11,0,2026-04-11,Flu ED visits pct,quantile,0.975,0.577673615642848
salem,2026-04-11,0,2026-04-11,Flu ED visits pct,quantile,0.975,0.9006070737689349
salt-lake-city,2026-04-11,0,2026-04-11,Flu ED visits pct,quantile,0.975,0.6656861723108697
san-antonio,2026-04-11,0,2026-04-11,Flu ED visits pct,quantile,0.975,0.7565666492859978
savannah,2026-04-11,0,2026-04-11,Flu ED visits pct,quantile,0.975,0.47120012887694185
senc,2026-04-11,0,2026-04-11,Flu ED visits pct,quantile,0.975,1.110008551769061
south-augusta,2026-04-11,0,2026-04-11,Flu ED visits pct,quantile,0.975,1.304730194618547
south-carolina,2026-04-11,0,2026-04-11,Flu ED visits pct,quantile,0.975,0.9482992844053912
springfield,2026-04-11,0,2026-04-11,Flu ED visits pct,quantile,0.975,3.163153892196678
st-cloud,2026-04-11,0,2026-04-11,Flu ED visits pct,quantile,0.975,2.059169777359744
st-paul,2026-04-11,0,2026-04-11,Flu ED visits pct,quantile,0.975,1.9744854978807491
texas,2026-04-11,0,2026-04-11,Flu ED visits pct,quantile,0.975,0.9221444655945648
triad-area,2026-04-11,0,2026-04-11,Flu ED visits pct,quantile,0.975,0.8786201225072031
utah,2026-04-11,0,2026-04-11,Flu ED visits pct,quantile,0.975,0.656341074703577
virginia,2026-04-11,0,2026-04-11,Flu ED visits pct,quantile,0.975,1.419931733825164
weld,2026-04-11,0,2026-04-11,Flu ED visits pct,quantile,0.975,1.9750964788499874
wnc,2026-04-11,0,2026-04-11,Flu ED visits pct,quantile,0.975,0.7355974248209345
worcester,2026-04-11,0,2026-04-11,Flu ED visits pct,quantile,0.975,2.309079713181722
athens,2026-04-11,1,2026-04-18,Flu ED visits pct,quantile,0.975,1.2725043740802537
austin,2026-04-11,1,2026-04-18,Flu ED visits pct,quantile,0.975,0.7672581892812793
baltimore,2026-04-11,1,2026-04-18,Flu ED visits pct,quantile,0.975,1.6019503781320934
bangor,2026-04-11,1,2026-04-18,Flu ED visits pct,quantile,0.975,2.1100960608256436
beaumont,2026-04-11,1,2026-04-18,Flu ED visits pct,quantile,0.975,0.821152560152853
boston,2026-04-11,1,2026-04-18,Flu ED visits pct,quantile,0.975,1.7325386384845733
boulder,2026-04-11,1,2026-04-18,Flu ED visits pct,quantile,0.975,1.464414672739354
charleston,2026-04-11,1,2026-04-18,Flu ED visits pct,quantile,0.975,0.940130820855486
cherokee,2026-04-11,1,2026-04-18,Flu ED visits pct,quantile,0.975,1.8481459958316464
clt-area,2026-04-11,1,2026-04-18,Flu ED visits pct,quantile,0.975,2.1303913996415655
colorado,2026-04-11,1,2026-04-18,Flu ED visits pct,quantile,0.975,1.5105520962052532
colorado-springs,2026-04-11,1,2026-04-18,Flu ED visits pct,quantile,0.975,1.7518499316341292
columbia,2026-04-11,1,2026-04-18,Flu ED visits pct,quantile,0.975,1.0361585159158218
columbus,2026-04-11,1,2026-04-18,Flu ED visits pct,quantile,0.975,1.1485363513805356
dallas,2026-04-11,1,2026-04-18,Flu ED visits pct,quantile,0.975,0.6082776894872314
denver,2026-04-11,1,2026-04-18,Flu ED visits pct,quantile,0.975,1.6508697156116723
deschutes,2026-04-11,1,2026-04-18,Flu ED visits pct,quantile,0.975,1.7205779382597062
duluth,2026-04-11,1,2026-04-18,Flu ED visits pct,quantile,0.975,2.6703062063530503
el-paso,2026-04-11,1,2026-04-18,Flu ED visits pct,quantile,0.975,2.5736748883979077
eugene,2026-04-11,1,2026-04-18,Flu ED visits pct,quantile,0.975,0.5280119959151008
fay-area,2026-04-11,1,2026-04-18,Flu ED visits pct,quantile,0.975,1.9655716064688171
florence,2026-04-11,1,2026-04-18,Flu ED visits pct,quantile,0.975,1.3892944276975303
floyd,2026-04-11,1,2026-04-18,Flu ED visits pct,quantile,0.975,1.1515825094064414
frederick,2026-04-11,1,2026-04-18,Flu ED visits pct,quantile,0.975,1.9710774151963146
georgia,2026-04-11,1,2026-04-18,Flu ED visits pct,quantile,0.975,0.8156872915994703
greenville,2026-04-11,1,2026-04-18,Flu ED visits pct,quantile,0.975,0.8763681999562066
hall,2026-04-11,1,2026-04-18,Flu ED visits pct,quantile,0.975,1.3836839588526186
harford,2026-04-11,1,2026-04-18,Flu ED visits pct,quantile,0.975,1.0641845201246838
henry,2026-04-11,1,2026-04-18,Flu ED visits pct,quantile,0.975,1.1189498460636722
horry,2026-04-11,1,2026-04-18,Flu ED visits pct,quantile,0.975,1.2841587402416044
houston,2026-04-11,1,2026-04-18,Flu ED visits pct,quantile,0.975,0.7876640904007427
indiana,2026-04-11,1,2026-04-18,Flu ED visits pct,quantile,0.975,1.123668777090287
indianapolis,2026-04-11,1,2026-04-18,Flu ED visits pct,quantile,0.975,0.9012628310833122
la-grange,2026-04-11,1,2026-04-18,Flu ED visits pct,quantile,0.975,0.8375009193825401
larimer,2026-04-11,1,2026-04-18,Flu ED visits pct,quantile,0.975,1.367129626372242
lynn,2026-04-11,1,2026-04-18,Flu ED visits pct,quantile,0.975,1.669729826298079
macon,2026-04-11,1,2026-04-18,Flu ED visits pct,quantile,0.975,0.6343589961149342
maine,2026-04-11,1,2026-04-18,Flu ED visits pct,quantile,0.975,1.7169170000622942
marietta,2026-04-11,1,2026-04-18,Flu ED visits pct,quantile,0.975,0.8535371662484381
maryland,2026-04-11,1,2026-04-18,Flu ED visits pct,quantile,0.975,1.572257878074333
massachusetts,2026-04-11,1,2026-04-18,Flu ED visits pct,quantile,0.975,2.1533046916948653
medford,2026-04-11,1,2026-04-18,Flu ED visits pct,quantile,0.975,0.3242970649993165
mesa,2026-04-11,1,2026-04-18,Flu ED visits pct,quantile,0.975,0.9868248865678456
minneapolis,2026-04-11,1,2026-04-18,Flu ED visits pct,quantile,0.975,1.5834364706584139
minnesota,2026-04-11,1,2026-04-18,Flu ED visits pct,quantile,0.975,1.73992013793034
montgomery,2026-04-11,1,2026-04-18,Flu ED visits pct,quantile,0.975,1.3985070505433388
nenc,2026-04-11,1,2026-04-18,Flu ED visits pct,quantile,0.975,0.7268693052254267
new-bedford,2026-04-11,1,2026-04-18,Flu ED visits pct,quantile,0.975,3.8187186341945587
north-carolina,2026-04-11,1,2026-04-18,Flu ED visits pct,quantile,0.975,1.2245601228449985
nyc,2026-04-11,1,2026-04-18,ILI ED visits pct,quantile,0.975,4.00258641137292
ogden,2026-04-11,1,2026-04-18,Flu ED visits pct,quantile,0.975,0.5847515014472571
oregon,2026-04-11,1,2026-04-18,Flu ED visits pct,quantile,0.975,0.8032020605513314
pittsfield,2026-04-11,1,2026-04-18,Flu ED visits pct,quantile,0.975,1.512793180155318
portland,2026-04-11,1,2026-04-18,Flu ED visits pct,quantile,0.975,1.9243083694892227
portland-or,2026-04-11,1,2026-04-18,Flu ED visits pct,quantile,0.975,0.9505105646226113
provo,2026-04-11,1,2026-04-18,Flu ED visits pct,quantile,0.975,0.5350529313303569
roanoke,2026-04-11,1,2026-04-18,Flu ED visits pct,quantile,0.975,1.623104120144811
rochester,2026-04-11,1,2026-04-18,Flu ED visits pct,quantile,0.975,1.3328344612727776
rock-hill,2026-04-11,1,2026-04-18,Flu ED visits pct,quantile,0.975,1.2188540101581926
rtp-area,2026-04-11,1,2026-04-18,Flu ED visits pct,quantile,0.975,0.5711645583793815
salem,2026-04-11,1,2026-04-18,Flu ED visits pct,quantile,0.975,0.8864875475488494
salt-lake-city,2026-04-11,1,2026-04-18,Flu ED visits pct,quantile,0.975,0.6664427561812329
san-antonio,2026-04-11,1,2026-04-18,Flu ED visits pct,quantile,0.975,0.7438463469105846
savannah,2026-04-11,1,2026-04-18,Flu ED visits pct,quantile,0.975,0.4697385821354619
senc,2026-04-11,1,2026-04-18,Flu ED visits pct,quantile,0.975,1.103985411559694
south-augusta,2026-04-11,1,2026-04-18,Flu ED visits pct,quantile,0.975,1.2940238467658827
south-carolina,2026-04-11,1,2026-04-18,Flu ED visits pct,quantile,0.975,0.9549823779845915
springfield,2026-04-11,1,2026-04-18,Flu ED visits pct,quantile,0.975,3.4242587353191167
st-cloud,2026-04-11,1,2026-04-18,Flu ED visits pct,quantile,0.975,2.0561088602420696
st-paul,2026-04-11,1,2026-04-18,Flu ED visits pct,quantile,0.975,2.0243538380574053
texas,2026-04-11,1,2026-04-18,Flu ED visits pct,quantile,0.975,0.9351279254416766
triad-area,2026-04-11,1,2026-04-18,Flu ED visits pct,quantile,0.975,0.8704780925385314
utah,2026-04-11,1,2026-04-18,Flu ED visits pct,quantile,0.975,0.6583830495208246
virginia,2026-04-11,1,2026-04-18,Flu ED visits pct,quantile,0.975,1.4290388441493636
weld,2026-04-11,1,2026-04-18,Flu ED visits pct,quantile,0.975,2.0381823732788034
wnc,2026-04-11,1,2026-04-18,Flu ED visits pct,quantile,0.975,0.7222287527098741
worcester,2026-04-11,1,2026-04-18,Flu ED visits pct,quantile,0.975,2.4478041284197296
athens,2026-04-11,2,2026-04-25,Flu ED visits pct,quantile,0.975,1.3098367980550605
austin,2026-04-11,2,2026-04-25,Flu ED visits pct,quantile,0.975,0.7966844680272082
baltimore,2026-04-11,2,2026-04-25,Flu ED visits pct,quantile,0.975,1.7335425043827435
bangor,2026-04-11,2,2026-04-25,Flu ED visits pct,quantile,0.975,2.1681331022695045
beaumont,2026-04-11,2,2026-04-25,Flu ED visits pct,quantile,0.975,0.880803470968864
boston,2026-04-11,2,2026-04-25,Flu ED visits pct,quantile,0.975,1.8650170889918456
boulder,2026-04-11,2,2026-04-25,Flu ED visits pct,quantile,0.975,1.4678686294977483
charleston,2026-04-11,2,2026-04-25,Flu ED visits pct,quantile,0.975,0.9616190071170637
cherokee,2026-04-11,2,2026-04-25,Flu ED visits pct,quantile,0.975,1.9113833495556658
clt-area,2026-04-11,2,2026-04-25,Flu ED visits pct,quantile,0.975,2.079525555846707
colorado,2026-04-11,2,2026-04-25,Flu ED visits pct,quantile,0.975,1.5935467626866704
colorado-springs,2026-04-11,2,2026-04-25,Flu ED visits pct,quantile,0.975,1.7728495760815932
columbia,2026-04-11,2,2026-04-25,Flu ED visits pct,quantile,0.975,1.0888131905991973
columbus,2026-04-11,2,2026-04-25,Flu ED visits pct,quantile,0.975,1.1669195723598464
dallas,2026-04-11,2,2026-04-25,Flu ED visits pct,quantile,0.975,0.6422243197590454
denver,2026-04-11,2,2026-04-25,Flu ED visits pct,quantile,0.975,1.6743535642922927
deschutes,2026-04-11,2,2026-04-25,Flu ED visits pct,quantile,0.975,1.782329222332229
duluth,2026-04-11,2,2026-04-25,Flu ED visits pct,quantile,0.975,2.6952654401256906
el-paso,2026-04-11,2,2026-04-25,Flu ED visits pct,quantile,0.975,2.7089845426963213
eugene,2026-04-11,2,2026-04-25,Flu ED visits pct,quantile,0.975,0.5441769412977924
fay-area,2026-04-11,2,2026-04-25,Flu ED visits pct,quantile,0.975,1.9361841186747208
florence,2026-04-11,2,2026-04-25,Flu ED visits pct,quantile,0.975,1.514781880817424
floyd,2026-04-11,2,2026-04-25,Flu ED visits pct,quantile,0.975,1.1896137342896222
frederick,2026-04-11,2,2026-04-25,Flu ED visits pct,quantile,0.975,2.2567483148798013
georgia,2026-04-11,2,2026-04-25,Flu ED visits pct,quantile,0.975,0.8671647411472069
greenville,2026-04-11,2,2026-04-25,Flu ED visits pct,quantile,0.975,0.8828617983439943
hall,2026-04-11,2,2026-04-25,Flu ED visits pct,quantile,0.975,1.481178850435988
harford,2026-04-11,2,2026-04-25,Flu ED visits pct,quantile,0.975,1.1628448549814268
henry,2026-04-11,2,2026-04-25,Flu ED visits pct,quantile,0.975,1.180201551842307
horry,2026-04-11,2,2026-04-25,Flu ED visits pct,quantile,0.975,1.3542177026767708
houston,2026-04-11,2,2026-04-25,Flu ED visits pct,quantile,0.975,0.8594569119537508
indiana,2026-04-11,2,2026-04-25,Flu ED visits pct,quantile,0.975,1.1634306563641938
indianapolis,2026-04-11,2,2026-04-25,Flu ED visits pct,quantile,0.975,0.9068135756167388
la-grange,2026-04-11,2,2026-04-25,Flu ED visits pct,quantile,0.975,0.9135419963079223
larimer,2026-04-11,2,2026-04-25,Flu ED visits pct,quantile,0.975,1.407669683343065
lynn,2026-04-11,2,2026-04-25,Flu ED visits pct,quantile,0.975,1.7556839643090238
macon,2026-04-11,2,2026-04-25,Flu ED visits pct,quantile,0.975,0.6596376967038118
maine,2026-04-11,2,2026-04-25,Flu ED visits pct,quantile,0.975,1.7850762296842344
marietta,2026-04-11,2,2026-04-25,Flu ED visits pct,quantile,0.975,0.910351179342039
maryland,2026-04-11,2,2026-04-25,Flu ED visits pct,quantile,0.975,1.6691945635987546
massachusetts,2026-04-11,2,2026-04-25,Flu ED visits pct,quantile,0.975,2.3227565635164487
medford,2026-04-11,2,2026-04-25,Flu ED visits pct,quantile,0.975,0.36328792784455544
mesa,2026-04-11,2,2026-04-25,Flu ED visits pct,quantile,0.975,1.0597145344965184
minneapolis,2026-04-11,2,2026-04-25,Flu ED visits pct,quantile,0.975,1.6284912528482762
minnesota,2026-04-11,2,2026-04-25,Flu ED visits pct,quantile,0.975,1.8233952917610727
montgomery,2026-04-11,2,2026-04-25,Flu ED visits pct,quantile,0.975,1.5064544511499525
nenc,2026-04-11,2,2026-04-25,Flu ED visits pct,quantile,0.975,0.7174407968284391
new-bedford,2026-04-11,2,2026-04-25,Flu ED visits pct,quantile,0.975,4.144452762839893
north-carolina,2026-04-11,2,2026-04-25,Flu ED visits pct,quantile,0.975,1.2241486060347035
nyc,2026-04-11,2,2026-04-25,ILI ED visits pct,quantile,0.975,4.295312277522871
ogden,2026-04-11,2,2026-04-25,Flu ED visits pct,quantile,0.975,0.61857095785678
oregon,2026-04-11,2,2026-04-25,Flu ED visits pct,quantile,0.975,0.8277590016337544
pittsfield,2026-04-11,2,2026-04-25,Flu ED visits pct,quantile,0.975,1.6254358354864613
portland,2026-04-11,2,2026-04-25,Flu ED visits pct,quantile,0.975,2.017901407986302
portland-or,2026-04-11,2,2026-04-25,Flu ED visits pct,quantile,0.975,0.9765026037804995
provo,2026-04-11,2,2026-04-25,Flu ED visits pct,quantile,0.975,0.5835769007277137
roanoke,2026-04-11,2,2026-04-25,Flu ED visits pct,quantile,0.975,1.640014808962723
rochester,2026-04-11,2,2026-04-25,Flu ED visits pct,quantile,0.975,1.341144234562069
rock-hill,2026-04-11,2,2026-04-25,Flu ED visits pct,quantile,0.975,1.360806640250455
rtp-area,2026-04-11,2,2026-04-25,Flu ED visits pct,quantile,0.975,0.5678085732485512
salem,2026-04-11,2,2026-04-25,Flu ED visits pct,quantile,0.975,0.895657394088963
salt-lake-city,2026-04-11,2,2026-04-25,Flu ED visits pct,quantile,0.975,0.694544689078018
san-antonio,2026-04-11,2,2026-04-25,Flu ED visits pct,quantile,0.975,0.7790720143711207
savannah,2026-04-11,2,2026-04-25,Flu ED visits pct,quantile,0.975,0.48443798476360383
senc,2026-04-11,2,2026-04-25,Flu ED visits pct,quantile,0.975,1.091634110157817
south-augusta,2026-04-11,2,2026-04-25,Flu ED visits pct,quantile,0.975,1.3084140661277737
south-carolina,2026-04-11,2,2026-04-25,Flu ED visits pct,quantile,0.975,1.0185854006415804
springfield,2026-04-11,2,2026-04-25,Flu ED visits pct,quantile,0.975,3.739381987711596
st-cloud,2026-04-11,2,2026-04-25,Flu ED visits pct,quantile,0.975,2.0830578549986516
st-paul,2026-04-11,2,2026-04-25,Flu ED visits pct,quantile,0.975,2.084844932005669
texas,2026-04-11,2,2026-04-25,Flu ED visits pct,quantile,0.975,1.008552032453624
triad-area,2026-04-11,2,2026-04-25,Flu ED visits pct,quantile,0.975,0.8562958983797305
utah,2026-04-11,2,2026-04-25,Flu ED visits pct,quantile,0.975,0.6919369854292787
virginia,2026-04-11,2,2026-04-25,Flu ED visits pct,quantile,0.975,1.508257535252723
weld,2026-04-11,2,2026-04-25,Flu ED visits pct,quantile,0.975,2.0820044831449502
wnc,2026-04-11,2,2026-04-25,Flu ED visits pct,quantile,0.975,0.7085551043675606
worcester,2026-04-11,2,2026-04-25,Flu ED visits pct,quantile,0.975,2.618361474583658
athens,2026-04-11,3,2026-05-02,Flu ED visits pct,quantile,0.975,1.4192170505635338
austin,2026-04-11,3,2026-05-02,Flu ED visits pct,quantile,0.975,0.8791282671861432
baltimore,2026-04-11,3,2026-05-02,Flu ED visits pct,quantile,0.975,1.9056801473944103
bangor,2026-04-11,3,2026-05-02,Flu ED visits pct,quantile,0.975,2.2881782152297045
beaumont,2026-04-11,3,2026-05-02,Flu ED visits pct,quantile,0.975,0.9436119348761783
boston,2026-04-11,3,2026-05-02,Flu ED visits pct,quantile,0.975,2.000724094794109
boulder,2026-04-11,3,2026-05-02,Flu ED visits pct,quantile,0.975,1.5018087016749637
charleston,2026-04-11,3,2026-05-02,Flu ED visits pct,quantile,0.975,1.0405457398969808
cherokee,2026-04-11,3,2026-05-02,Flu ED visits pct,quantile,0.975,2.06333134974338
clt-area,2026-04-11,3,2026-05-02,Flu ED visits pct,quantile,0.975,2.1071140308759193
colorado,2026-04-11,3,2026-05-02,Flu ED visits pct,quantile,0.975,1.6501744107920482
colorado-springs,2026-04-11,3,2026-05-02,Flu ED visits pct,quantile,0.975,1.854762943756776
columbia,2026-04-11,3,2026-05-02,Flu ED visits pct,quantile,0.975,1.2246070726420755
columbus,2026-04-11,3,2026-05-02,Flu ED visits pct,quantile,0.975,1.2304045299243944
dallas,2026-04-11,3,2026-05-02,Flu ED visits pct,quantile,0.975,0.713337590093503
denver,2026-04-11,3,2026-05-02,Flu ED visits pct,quantile,0.975,1.7641298135054215
deschutes,2026-04-11,3,2026-05-02,Flu ED visits pct,quantile,0.975,1.897218502743497
duluth,2026-04-11,3,2026-05-02,Flu ED visits pct,quantile,0.975,2.798319284615932
el-paso,2026-04-11,3,2026-05-02,Flu ED visits pct,quantile,0.975,3.012357931428251
eugene,2026-04-11,3,2026-05-02,Flu ED visits pct,quantile,0.975,0.5904818038316272
fay-area,2026-04-11,3,2026-05-02,Flu ED visits pct,quantile,0.975,1.960523825448375
florence,2026-04-11,3,2026-05-02,Flu ED visits pct,quantile,0.975,1.6909052250981829
floyd,2026-04-11,3,2026-05-02,Flu ED visits pct,quantile,0.975,1.2751229279422258
frederick,2026-04-11,3,2026-05-02,Flu ED visits pct,quantile,0.975,2.361115161867044
georgia,2026-04-11,3,2026-05-02,Flu ED visits pct,quantile,0.975,0.9420333559262618
greenville,2026-04-11,3,2026-05-02,Flu ED visits pct,quantile,0.975,0.9888802003086312
hall,2026-04-11,3,2026-05-02,Flu ED visits pct,quantile,0.975,1.5974956490941818
harford,2026-04-11,3,2026-05-02,Flu ED visits pct,quantile,0.975,1.318489005861829
henry,2026-04-11,3,2026-05-02,Flu ED visits pct,quantile,0.975,1.299383909225912
horry,2026-04-11,3,2026-05-02,Flu ED visits pct,quantile,0.975,1.5022571736788657
houston,2026-04-11,3,2026-05-02,Flu ED visits pct,quantile,0.975,0.9632798281004341
indiana,2026-04-11,3,2026-05-02,Flu ED visits pct,quantile,0.975,1.2357300056564016
indianapolis,2026-04-11,3,2026-05-02,Flu ED visits pct,quantile,0.975,0.9580881526708415
la-grange,2026-04-11,3,2026-05-02,Flu ED visits pct,quantile,0.975,0.9837632782940445
larimer,2026-04-11,3,2026-05-02,Flu ED visits pct,quantile,0.975,1.4923503588397076
lynn,2026-04-11,3,2026-05-02,Flu ED visits pct,quantile,0.975,1.937829629508274
macon,2026-04-11,3,2026-05-02,Flu ED visits pct,quantile,0.975,0.7046865014538624
maine,2026-04-11,3,2026-05-02,Flu ED visits pct,quantile,0.975,1.9111839779430795
marietta,2026-04-11,3,2026-05-02,Flu ED visits pct,quantile,0.975,0.9960781969855803
maryland,2026-04-11,3,2026-05-02,Flu ED visits pct,quantile,0.975,1.8477172235739834
massachusetts,2026-04-11,3,2026-05-02,Flu ED visits pct,quantile,0.975,2.499894617608979
medford,2026-04-11,3,2026-05-02,Flu ED visits pct,quantile,0.975,0.42540684144762814
mesa,2026-04-11,3,2026-05-02,Flu ED visits pct,quantile,0.975,1.1530967299409114
minneapolis,2026-04-11,3,2026-05-02,Flu ED visits pct,quantile,0.975,1.7316547515614713
minnesota,2026-04-11,3,2026-05-02,Flu ED visits pct,quantile,0.975,1.9327793440561443
montgomery,2026-04-11,3,2026-05-02,Flu ED visits pct,quantile,0.975,1.6535541237319185
nenc,2026-04-11,3,2026-05-02,Flu ED visits pct,quantile,0.975,0.7415981501703074
new-bedford,2026-04-11,3,2026-05-02,Flu ED visits pct,quantile,0.975,4.363369838140117
north-carolina,2026-04-11,3,2026-05-02,Flu ED visits pct,quantile,0.975,1.2801289342337323
nyc,2026-04-11,3,2026-05-02,ILI ED visits pct,quantile,0.975,4.633911764787598
ogden,2026-04-11,3,2026-05-02,Flu ED visits pct,quantile,0.975,0.6865826455479723
oregon,2026-04-11,3,2026-05-02,Flu ED visits pct,quantile,0.975,0.8917152180380462
pittsfield,2026-04-11,3,2026-05-02,Flu ED visits pct,quantile,0.975,1.726455027964051
portland,2026-04-11,3,2026-05-02,Flu ED visits pct,quantile,0.975,2.1761126265627375
portland-or,2026-04-11,3,2026-05-02,Flu ED visits pct,quantile,0.975,1.0398217222622907
provo,2026-04-11,3,2026-05-02,Flu ED visits pct,quantile,0.975,0.6536337958089429
roanoke,2026-04-11,3,2026-05-02,Flu ED visits pct,quantile,0.975,1.7180035976607688
rochester,2026-04-11,3,2026-05-02,Flu ED visits pct,quantile,0.975,1.4081301919876335
rock-hill,2026-04-11,3,2026-05-02,Flu ED visits pct,quantile,0.975,1.5383480667541332
rtp-area,2026-04-11,3,2026-05-02,Flu ED visits pct,quantile,0.975,0.5864219544843857
salem,2026-04-11,3,2026-05-02,Flu ED visits pct,quantile,0.975,0.9454718356276216
salt-lake-city,2026-04-11,3,2026-05-02,Flu ED visits pct,quantile,0.975,0.7694025450674173
san-antonio,2026-04-11,3,2026-05-02,Flu ED visits pct,quantile,0.975,0.8600680372711201
savannah,2026-04-11,3,2026-05-02,Flu ED visits pct,quantile,0.975,0.5340417224413192
senc,2026-04-11,3,2026-05-02,Flu ED visits pct,quantile,0.975,1.116349899068773
south-augusta,2026-04-11,3,2026-05-02,Flu ED visits pct,quantile,0.975,1.3512063666182406
south-carolina,2026-04-11,3,2026-05-02,Flu ED visits pct,quantile,0.975,1.1640418393711447
springfield,2026-04-11,3,2026-05-02,Flu ED visits pct,quantile,0.975,3.975461524171948
st-cloud,2026-04-11,3,2026-05-02,Flu ED visits pct,quantile,0.975,2.2379527600856144
st-paul,2026-04-11,3,2026-05-02,Flu ED visits pct,quantile,0.975,2.273152446786407
texas,2026-04-11,3,2026-05-02,Flu ED visits pct,quantile,0.975,1.137443630971344
triad-area,2026-04-11,3,2026-05-02,Flu ED visits pct,quantile,0.975,0.8969954194852625
utah,2026-04-11,3,2026-05-02,Flu ED visits pct,quantile,0.975,0.7723378042653443
virginia,2026-04-11,3,2026-05-02,Flu ED visits pct,quantile,0.975,1.6822993954532834
weld,2026-04-11,3,2026-05-02,Flu ED visits pct,quantile,0.975,2.1714641573077893
wnc,2026-04-11,3,2026-05-02,Flu ED visits pct,quantile,0.975,0.7350789000317772
worcester,2026-04-11,3,2026-05-02,Flu ED visits pct,quantile,0.975,2.7984980925362524
