location,reference_date,horizon,target_end_date,target,output_type,output_type_id,value
athens,2026-03-07,0,2026-03-07,Flu ED visits pct,quantile,0.025,0.5187413413123164
austin,2026-03-07,0,2026-03-07,Flu ED visits pct,quantile,0.025,0.6466009123087798
baltimore,2026-03-07,0,2026-03-07,Flu ED visits pct,quantile,0.025,0.11672954076741084
bangor,2026-03-07,0,2026-03-07,Flu ED visits pct,quantile,0.025,0.33620469569168343
beaumont,2026-03-07,0,2026-03-07,Flu ED visits pct,quantile,0.025,0.20526551439917096
boston,2026-03-07,0,2026-03-07,Flu ED visits pct,quantile,0.025,0.27385043618606386
boulder,2026-03-07,0,2026-03-07,Flu ED visits pct,quantile,0.025,1.3562171825121951
charleston,2026-03-07,0,2026-03-07,Flu ED visits pct,quantile,0.025,0.6482481936860334
cherokee,2026-03-07,0,2026-03-07,Flu ED visits pct,quantile,0.025,0.4748927219810411
clt-area,2026-03-07,0,2026-03-07,Flu ED visits pct,quantile,0.025,1.533024486020049
colorado,2026-03-07,0,2026-03-07,Flu ED visits pct,quantile,0.025,0.7543833823801344
colorado-springs,2026-03-07,0,2026-03-07,Flu ED visits pct,quantile,0.025,0.4789229523015947
columbia,2026-03-07,0,2026-03-07,Flu ED visits pct,quantile,0.025,0.3116383015529492
columbus,2026-03-07,0,2026-03-07,Flu ED visits pct,quantile,0.025,0.7305628187049629
dallas,2026-03-07,0,2026-03-07,Flu ED visits pct,quantile,0.025,0.6811212100924824
denver,2026-03-07,0,2026-03-07,Flu ED visits pct,quantile,0.025,0.8930452565304688
deschutes,2026-03-07,0,2026-03-07,Flu ED visits pct,quantile,0.025,0.6416209140345734
duluth,2026-03-07,0,2026-03-07,Flu ED visits pct,quantile,0.025,0.4915623043101458
el-paso,2026-03-07,0,2026-03-07,Flu ED visits pct,quantile,0.025,0.3508891679107836
eugene,2026-03-07,0,2026-03-07,Flu ED visits pct,quantile,0.025,0.8777623872957343
fay-area,2026-03-07,0,2026-03-07,Flu ED visits pct,quantile,0.025,1.6657099634724615
florence,2026-03-07,0,2026-03-07,Flu ED visits pct,quantile,0.025,0.33529774018278097
floyd,2026-03-07,0,2026-03-07,Flu ED visits pct,quantile,0.025,0.712022729105102
frederick,2026-03-07,0,2026-03-07,Flu ED visits pct,quantile,0.025,0.14276946062958196
georgia,2026-03-07,0,2026-03-07,Flu ED visits pct,quantile,0.025,0.4857871042202781
greenville,2026-03-07,0,2026-03-07,Flu ED visits pct,quantile,0.025,0.48918365429807237
hall,2026-03-07,0,2026-03-07,Flu ED visits pct,quantile,0.025,0.3645202259934078
harford,2026-03-07,0,2026-03-07,Flu ED visits pct,quantile,0.025,0.11010563215526432
henry,2026-03-07,0,2026-03-07,Flu ED visits pct,quantile,0.025,0.2722423438914527
horry,2026-03-07,0,2026-03-07,Flu ED visits pct,quantile,0.025,0.3693525240914793
houston,2026-03-07,0,2026-03-07,Flu ED visits pct,quantile,0.025,0.2729796142890208
indiana,2026-03-07,0,2026-03-07,Flu ED visits pct,quantile,0.025,0.9147331888106722
indianapolis,2026-03-07,0,2026-03-07,Flu ED visits pct,quantile,0.025,1.7103484306527528
la-grange,2026-03-07,0,2026-03-07,Flu ED visits pct,quantile,0.025,0.36700225989054186
larimer,2026-03-07,0,2026-03-07,Flu ED visits pct,quantile,0.025,0.4071118948310016
lynn,2026-03-07,0,2026-03-07,Flu ED visits pct,quantile,0.025,0.2287923301493929
macon,2026-03-07,0,2026-03-07,Flu ED visits pct,quantile,0.025,0.2767184091022966
maine,2026-03-07,0,2026-03-07,Flu ED visits pct,quantile,0.025,0.3490739244406482
marietta,2026-03-07,0,2026-03-07,Flu ED visits pct,quantile,0.025,0.2668144719406406
maryland,2026-03-07,0,2026-03-07,Flu ED visits pct,quantile,0.025,0.23039110973755286
massachusetts,2026-03-07,0,2026-03-07,Flu ED visits pct,quantile,0.025,0.3038838562698214
medford,2026-03-07,0,2026-03-07,Flu ED visits pct,quantile,0.025,0.4261633447280211
mesa,2026-03-07,0,2026-03-07,Flu ED visits pct,quantile,0.025,0.36186053761209624
minneapolis,2026-03-07,0,2026-03-07,Flu ED visits pct,quantile,0.025,0.7199851277059852
minnesota,2026-03-07,0,2026-03-07,Flu ED visits pct,quantile,0.025,0.7473956190275431
montgomery,2026-03-07,0,2026-03-07,Flu ED visits pct,quantile,0.025,0.14733279806118865
nenc,2026-03-07,0,2026-03-07,Flu ED visits pct,quantile,0.025,0.8248958179099433
new-bedford,2026-03-07,0,2026-03-07,Flu ED visits pct,quantile,0.025,0.4263809358819145
north-carolina,2026-03-07,0,2026-03-07,Flu ED visits pct,quantile,0.025,1.0181485718971877
nyc,2026-03-07,0,2026-03-07,ILI ED visits pct,quantile,0.025,1.0720483281409097
ogden,2026-03-07,0,2026-03-07,Flu ED visits pct,quantile,0.025,0.6395949350598656
oregon,2026-03-07,0,2026-03-07,Flu ED visits pct,quantile,0.025,0.8563511750096634
pittsfield,2026-03-07,0,2026-03-07,Flu ED visits pct,quantile,0.025,0.06553205333468234
portland,2026-03-07,0,2026-03-07,Flu ED visits pct,quantile,0.025,0.1904429812227651
portland-or,2026-03-07,0,2026-03-07,Flu ED visits pct,quantile,0.025,0.915735738660416
provo,2026-03-07,0,2026-03-07,Flu ED visits pct,quantile,0.025,0.13921253211003592
roanoke,2026-03-07,0,2026-03-07,Flu ED visits pct,quantile,0.025,0.9103992895742012
rochester,2026-03-07,0,2026-03-07,Flu ED visits pct,quantile,0.025,1.1398918014219228
rock-hill,2026-03-07,0,2026-03-07,Flu ED visits pct,quantile,0.025,0.0052966722093431996
rtp-area,2026-03-07,0,2026-03-07,Flu ED visits pct,quantile,0.025,0.7989420226623941
salem,2026-03-07,0,2026-03-07,Flu ED visits pct,quantile,0.025,0.8663884803969956
salt-lake-city,2026-03-07,0,2026-03-07,Flu ED visits pct,quantile,0.025,0.5764092201521126
san-antonio,2026-03-07,0,2026-03-07,Flu ED visits pct,quantile,0.025,1.2869888011224706
savannah,2026-03-07,0,2026-03-07,Flu ED visits pct,quantile,0.025,0.1174122090490712
senc,2026-03-07,0,2026-03-07,Flu ED visits pct,quantile,0.025,0.4214599038564681
south-augusta,2026-03-07,0,2026-03-07,Flu ED visits pct,quantile,0.025,0.7211459118332706
south-carolina,2026-03-07,0,2026-03-07,Flu ED visits pct,quantile,0.025,0.6104537392998592
springfield,2026-03-07,0,2026-03-07,Flu ED visits pct,quantile,0.025,0.20562665496034202
st-cloud,2026-03-07,0,2026-03-07,Flu ED visits pct,quantile,0.025,0.5946920450003536
st-paul,2026-03-07,0,2026-03-07,Flu ED visits pct,quantile,0.025,0.515486847695272
texas,2026-03-07,0,2026-03-07,Flu ED visits pct,quantile,0.025,0.6766788824462214
triad-area,2026-03-07,0,2026-03-07,Flu ED visits pct,quantile,0.025,0.5503204623954159
utah,2026-03-07,0,2026-03-07,Flu ED visits pct,quantile,0.025,0.5580000633068242
virginia,2026-03-07,0,2026-03-07,Flu ED visits pct,quantile,0.025,0.6173598266331393
weld,2026-03-07,0,2026-03-07,Flu ED visits pct,quantile,0.025,0.5821514032751085
wnc,2026-03-07,0,2026-03-07,Flu ED visits pct,quantile,0.025,0.7657320956120065
worcester,2026-03-07,0,2026-03-07,Flu ED visits pct,quantile,0.025,0.2824363714563406
athens,2026-03-07,1,2026-03-14,Flu ED visits pct,quantile,0.025,0.49628566230957427
austin,2026-03-07,1,2026-03-14,Flu ED visits pct,quantile,0.025,0.6322210426374775
baltimore,2026-03-07,1,2026-03-14,Flu ED visits pct,quantile,0.025,0.11380609522127738
bangor,2026-03-07,1,2026-03-14,Flu ED visits pct,quantile,0.025,0.31970889384319856
beaumont,2026-03-07,1,2026-03-14,Flu ED visits pct,quantile,0.025,0.1924828839975772
boston,2026-03-07,1,2026-03-14,Flu ED visits pct,quantile,0.025,0.26324848426386765
boulder,2026-03-07,1,2026-03-14,Flu ED visits pct,quantile,0.025,1.120291470419949
charleston,2026-03-07,1,2026-03-14,Flu ED visits pct,quantile,0.025,0.6118163482433446
cherokee,2026-03-07,1,2026-03-14,Flu ED visits pct,quantile,0.025,0.44650085668972583
clt-area,2026-03-07,1,2026-03-14,Flu ED visits pct,quantile,0.025,1.1713259012936141
colorado,2026-03-07,1,2026-03-14,Flu ED visits pct,quantile,0.025,0.735240433376993
colorado-springs,2026-03-07,1,2026-03-14,Flu ED visits pct,quantile,0.025,0.4549336084078794
columbia,2026-03-07,1,2026-03-14,Flu ED visits pct,quantile,0.025,0.2921445935503725
columbus,2026-03-07,1,2026-03-14,Flu ED visits pct,quantile,0.025,0.6066726448563136
dallas,2026-03-07,1,2026-03-14,Flu ED visits pct,quantile,0.025,0.6488263874248348
denver,2026-03-07,1,2026-03-14,Flu ED visits pct,quantile,0.025,0.8731006406603926
deschutes,2026-03-07,1,2026-03-14,Flu ED visits pct,quantile,0.025,0.6135760118118474
duluth,2026-03-07,1,2026-03-14,Flu ED visits pct,quantile,0.025,0.4885022896106702
el-paso,2026-03-07,1,2026-03-14,Flu ED visits pct,quantile,0.025,0.3440396701476052
eugene,2026-03-07,1,2026-03-14,Flu ED visits pct,quantile,0.025,0.6945124295501729
fay-area,2026-03-07,1,2026-03-14,Flu ED visits pct,quantile,0.025,1.2778018732238903
florence,2026-03-07,1,2026-03-14,Flu ED visits pct,quantile,0.025,0.3166582901405897
floyd,2026-03-07,1,2026-03-14,Flu ED visits pct,quantile,0.025,0.671007297162297
frederick,2026-03-07,1,2026-03-14,Flu ED visits pct,quantile,0.025,0.14276946062958196
georgia,2026-03-07,1,2026-03-14,Flu ED visits pct,quantile,0.025,0.4590899831877282
greenville,2026-03-07,1,2026-03-14,Flu ED visits pct,quantile,0.025,0.486111557982459
hall,2026-03-07,1,2026-03-14,Flu ED visits pct,quantile,0.025,0.3514578001632017
harford,2026-03-07,1,2026-03-14,Flu ED visits pct,quantile,0.025,0.10744645037452884
henry,2026-03-07,1,2026-03-14,Flu ED visits pct,quantile,0.025,0.25631737205189464
horry,2026-03-07,1,2026-03-14,Flu ED visits pct,quantile,0.025,0.3574074395270861
houston,2026-03-07,1,2026-03-14,Flu ED visits pct,quantile,0.025,0.2635749459221698
indiana,2026-03-07,1,2026-03-14,Flu ED visits pct,quantile,0.025,0.8437541919263347
indianapolis,2026-03-07,1,2026-03-14,Flu ED visits pct,quantile,0.025,1.3369348548241964
la-grange,2026-03-07,1,2026-03-14,Flu ED visits pct,quantile,0.025,0.3363829108809453
larimer,2026-03-07,1,2026-03-14,Flu ED visits pct,quantile,0.025,0.38874610070991267
lynn,2026-03-07,1,2026-03-14,Flu ED visits pct,quantile,0.025,0.22105562128215683
macon,2026-03-07,1,2026-03-14,Flu ED visits pct,quantile,0.025,0.2648029971680154
maine,2026-03-07,1,2026-03-14,Flu ED visits pct,quantile,0.025,0.3262248300554548
marietta,2026-03-07,1,2026-03-14,Flu ED visits pct,quantile,0.025,0.2514552000927364
maryland,2026-03-07,1,2026-03-14,Flu ED visits pct,quantile,0.025,0.22354677504499346
massachusetts,2026-03-07,1,2026-03-14,Flu ED visits pct,quantile,0.025,0.28956427866289636
medford,2026-03-07,1,2026-03-14,Flu ED visits pct,quantile,0.025,0.37146525979242584
mesa,2026-03-07,1,2026-03-14,Flu ED visits pct,quantile,0.025,0.3518534082579628
minneapolis,2026-03-07,1,2026-03-14,Flu ED visits pct,quantile,0.025,0.7042293382869549
minnesota,2026-03-07,1,2026-03-14,Flu ED visits pct,quantile,0.025,0.734682576391392
montgomery,2026-03-07,1,2026-03-14,Flu ED visits pct,quantile,0.025,0.14445896096041236
nenc,2026-03-07,1,2026-03-14,Flu ED visits pct,quantile,0.025,0.6969899669986589
new-bedford,2026-03-07,1,2026-03-14,Flu ED visits pct,quantile,0.025,0.41838925334606697
north-carolina,2026-03-07,1,2026-03-14,Flu ED visits pct,quantile,0.025,0.8255204056818073
nyc,2026-03-07,1,2026-03-14,ILI ED visits pct,quantile,0.025,1.0591627456267185
ogden,2026-03-07,1,2026-03-14,Flu ED visits pct,quantile,0.025,0.6028872948551456
oregon,2026-03-07,1,2026-03-14,Flu ED visits pct,quantile,0.025,0.7806660926227363
pittsfield,2026-03-07,1,2026-03-14,Flu ED visits pct,quantile,0.025,0.06016663554707776
portland,2026-03-07,1,2026-03-14,Flu ED visits pct,quantile,0.025,0.187308914112728
portland-or,2026-03-07,1,2026-03-14,Flu ED visits pct,quantile,0.025,0.825766237270861
provo,2026-03-07,1,2026-03-14,Flu ED visits pct,quantile,0.025,0.12830954665919117
roanoke,2026-03-07,1,2026-03-14,Flu ED visits pct,quantile,0.025,0.850799839794739
rochester,2026-03-07,1,2026-03-14,Flu ED visits pct,quantile,0.025,1.0242750149950899
rock-hill,2026-03-07,1,2026-03-14,Flu ED visits pct,quantile,0.025,0.004121948013831972
rtp-area,2026-03-07,1,2026-03-14,Flu ED visits pct,quantile,0.025,0.6288637703680708
salem,2026-03-07,1,2026-03-14,Flu ED visits pct,quantile,0.025,0.7301888544070363
salt-lake-city,2026-03-07,1,2026-03-14,Flu ED visits pct,quantile,0.025,0.5497124565324161
san-antonio,2026-03-07,1,2026-03-14,Flu ED visits pct,quantile,0.025,1.1491907164257587
savannah,2026-03-07,1,2026-03-14,Flu ED visits pct,quantile,0.025,0.1098974148144675
senc,2026-03-07,1,2026-03-14,Flu ED visits pct,quantile,0.025,0.3820812028431095
south-augusta,2026-03-07,1,2026-03-14,Flu ED visits pct,quantile,0.025,0.5846777537172868
south-carolina,2026-03-07,1,2026-03-14,Flu ED visits pct,quantile,0.025,0.5691519749767416
springfield,2026-03-07,1,2026-03-14,Flu ED visits pct,quantile,0.025,0.20182949310088688
st-cloud,2026-03-07,1,2026-03-14,Flu ED visits pct,quantile,0.025,0.5593349381488623
st-paul,2026-03-07,1,2026-03-14,Flu ED visits pct,quantile,0.025,0.5122395966861549
texas,2026-03-07,1,2026-03-14,Flu ED visits pct,quantile,0.025,0.6449552230672633
triad-area,2026-03-07,1,2026-03-14,Flu ED visits pct,quantile,0.025,0.4987492293938558
utah,2026-03-07,1,2026-03-14,Flu ED visits pct,quantile,0.025,0.5277243340744312
virginia,2026-03-07,1,2026-03-14,Flu ED visits pct,quantile,0.025,0.5979633944592734
weld,2026-03-07,1,2026-03-14,Flu ED visits pct,quantile,0.025,0.5737375801602748
wnc,2026-03-07,1,2026-03-14,Flu ED visits pct,quantile,0.025,0.6130987522042188
worcester,2026-03-07,1,2026-03-14,Flu ED visits pct,quantile,0.025,0.27552421782954056
athens,2026-03-07,2,2026-03-21,Flu ED visits pct,quantile,0.025,0.4145199355061605
austin,2026-03-07,2,2026-03-21,Flu ED visits pct,quantile,0.025,0.5477143052036939
baltimore,2026-03-07,2,2026-03-21,Flu ED visits pct,quantile,0.025,0.10650622221586226
bangor,2026-03-07,2,2026-03-21,Flu ED visits pct,quantile,0.025,0.25356023180068427
beaumont,2026-03-07,2,2026-03-21,Flu ED visits pct,quantile,0.025,0.15077695966972543
boston,2026-03-07,2,2026-03-21,Flu ED visits pct,quantile,0.025,0.24111787153680175
boulder,2026-03-07,2,2026-03-21,Flu ED visits pct,quantile,0.025,0.871357545218001
charleston,2026-03-07,2,2026-03-21,Flu ED visits pct,quantile,0.025,0.5112929507676487
cherokee,2026-03-07,2,2026-03-21,Flu ED visits pct,quantile,0.025,0.36749961289987104
clt-area,2026-03-07,2,2026-03-21,Flu ED visits pct,quantile,0.025,0.853279452274415
colorado,2026-03-07,2,2026-03-21,Flu ED visits pct,quantile,0.025,0.6694098977586351
colorado-springs,2026-03-07,2,2026-03-21,Flu ED visits pct,quantile,0.025,0.38280453629944
columbia,2026-03-07,2,2026-03-21,Flu ED visits pct,quantile,0.025,0.23832206771610026
columbus,2026-03-07,2,2026-03-21,Flu ED visits pct,quantile,0.025,0.450811932028436
dallas,2026-03-07,2,2026-03-21,Flu ED visits pct,quantile,0.025,0.5620963466549177
denver,2026-03-07,2,2026-03-21,Flu ED visits pct,quantile,0.025,0.815761453926815
deschutes,2026-03-07,2,2026-03-21,Flu ED visits pct,quantile,0.025,0.5001234435701344
duluth,2026-03-07,2,2026-03-21,Flu ED visits pct,quantile,0.025,0.4368702386901349
el-paso,2026-03-07,2,2026-03-21,Flu ED visits pct,quantile,0.025,0.3173243997974434
eugene,2026-03-07,2,2026-03-21,Flu ED visits pct,quantile,0.025,0.48728968874462936
fay-area,2026-03-07,2,2026-03-21,Flu ED visits pct,quantile,0.025,0.9753063789620464
florence,2026-03-07,2,2026-03-21,Flu ED visits pct,quantile,0.025,0.23572870573861893
floyd,2026-03-07,2,2026-03-21,Flu ED visits pct,quantile,0.025,0.5605357425161096
frederick,2026-03-07,2,2026-03-21,Flu ED visits pct,quantile,0.025,0.1189436833014041
georgia,2026-03-07,2,2026-03-21,Flu ED visits pct,quantile,0.025,0.38968492465455545
greenville,2026-03-07,2,2026-03-21,Flu ED visits pct,quantile,0.025,0.4218554623954171
hall,2026-03-07,2,2026-03-21,Flu ED visits pct,quantile,0.025,0.28467732981874244
harford,2026-03-07,2,2026-03-21,Flu ED visits pct,quantile,0.025,0.09132754561104928
henry,2026-03-07,2,2026-03-21,Flu ED visits pct,quantile,0.025,0.20835697949666196
horry,2026-03-07,2,2026-03-21,Flu ED visits pct,quantile,0.025,0.2970037256602715
houston,2026-03-07,2,2026-03-21,Flu ED visits pct,quantile,0.025,0.24331685701218064
indiana,2026-03-07,2,2026-03-21,Flu ED visits pct,quantile,0.025,0.7301501308665395
indianapolis,2026-03-07,2,2026-03-21,Flu ED visits pct,quantile,0.025,1.0748054960711864
la-grange,2026-03-07,2,2026-03-21,Flu ED visits pct,quantile,0.025,0.2608919742335547
larimer,2026-03-07,2,2026-03-21,Flu ED visits pct,quantile,0.025,0.3172867002883621
lynn,2026-03-07,2,2026-03-21,Flu ED visits pct,quantile,0.025,0.189125628013526
macon,2026-03-07,2,2026-03-21,Flu ED visits pct,quantile,0.025,0.2142257049049506
maine,2026-03-07,2,2026-03-21,Flu ED visits pct,quantile,0.025,0.2846659279149857
marietta,2026-03-07,2,2026-03-21,Flu ED visits pct,quantile,0.025,0.19757021407358902
maryland,2026-03-07,2,2026-03-21,Flu ED visits pct,quantile,0.025,0.20234226391152738
massachusetts,2026-03-07,2,2026-03-21,Flu ED visits pct,quantile,0.025,0.25751288075440454
medford,2026-03-07,2,2026-03-21,Flu ED visits pct,quantile,0.025,0.2535065881512656
mesa,2026-03-07,2,2026-03-21,Flu ED visits pct,quantile,0.025,0.2913456682859376
minneapolis,2026-03-07,2,2026-03-21,Flu ED visits pct,quantile,0.025,0.6577500575356319
minnesota,2026-03-07,2,2026-03-21,Flu ED visits pct,quantile,0.025,0.6520913346826962
montgomery,2026-03-07,2,2026-03-21,Flu ED visits pct,quantile,0.025,0.134079393426362
nenc,2026-03-07,2,2026-03-21,Flu ED visits pct,quantile,0.025,0.5825471546746434
new-bedford,2026-03-07,2,2026-03-21,Flu ED visits pct,quantile,0.025,0.36717456516926056
north-carolina,2026-03-07,2,2026-03-21,Flu ED visits pct,quantile,0.025,0.6402216196788146
nyc,2026-03-07,2,2026-03-21,ILI ED visits pct,quantile,0.025,1.005093560188711
ogden,2026-03-07,2,2026-03-21,Flu ED visits pct,quantile,0.025,0.5084916858150392
oregon,2026-03-07,2,2026-03-21,Flu ED visits pct,quantile,0.025,0.6774442206691967
pittsfield,2026-03-07,2,2026-03-21,Flu ED visits pct,quantile,0.025,0.04607371398155744
portland,2026-03-07,2,2026-03-21,Flu ED visits pct,quantile,0.025,0.15077248257791057
portland-or,2026-03-07,2,2026-03-21,Flu ED visits pct,quantile,0.025,0.7365915244356386
provo,2026-03-07,2,2026-03-21,Flu ED visits pct,quantile,0.025,0.10362060551286327
roanoke,2026-03-07,2,2026-03-21,Flu ED visits pct,quantile,0.025,0.743302917368934
rochester,2026-03-07,2,2026-03-21,Flu ED visits pct,quantile,0.025,0.840811439786525
rock-hill,2026-03-07,2,2026-03-21,Flu ED visits pct,quantile,0.025,0.00044839324768688495
rtp-area,2026-03-07,2,2026-03-21,Flu ED visits pct,quantile,0.025,0.4812584370843088
salem,2026-03-07,2,2026-03-21,Flu ED visits pct,quantile,0.025,0.5256564508408417
salt-lake-city,2026-03-07,2,2026-03-21,Flu ED visits pct,quantile,0.025,0.47636740299567754
san-antonio,2026-03-07,2,2026-03-21,Flu ED visits pct,quantile,0.025,0.9995744580276089
savannah,2026-03-07,2,2026-03-21,Flu ED visits pct,quantile,0.025,0.07920509709727169
senc,2026-03-07,2,2026-03-21,Flu ED visits pct,quantile,0.025,0.3235501937837957
south-augusta,2026-03-07,2,2026-03-21,Flu ED visits pct,quantile,0.025,0.4336717876135645
south-carolina,2026-03-07,2,2026-03-21,Flu ED visits pct,quantile,0.025,0.4825526876902318
springfield,2026-03-07,2,2026-03-21,Flu ED visits pct,quantile,0.025,0.17876553459923908
st-cloud,2026-03-07,2,2026-03-21,Flu ED visits pct,quantile,0.025,0.43383299622609905
st-paul,2026-03-07,2,2026-03-21,Flu ED visits pct,quantile,0.025,0.4829107899680414
texas,2026-03-07,2,2026-03-21,Flu ED visits pct,quantile,0.025,0.584440359560189
triad-area,2026-03-07,2,2026-03-21,Flu ED visits pct,quantile,0.025,0.4417372193824416
utah,2026-03-07,2,2026-03-21,Flu ED visits pct,quantile,0.025,0.4651251501723666
virginia,2026-03-07,2,2026-03-21,Flu ED visits pct,quantile,0.025,0.5384034347132747
weld,2026-03-07,2,2026-03-21,Flu ED visits pct,quantile,0.025,0.5024146039525476
wnc,2026-03-07,2,2026-03-21,Flu ED visits pct,quantile,0.025,0.49619034413878493
worcester,2026-03-07,2,2026-03-21,Flu ED visits pct,quantile,0.025,0.23549104171369872
athens,2026-03-07,3,2026-03-28,Flu ED visits pct,quantile,0.025,0.34509527495199827
austin,2026-03-07,3,2026-03-28,Flu ED visits pct,quantile,0.025,0.46499198559061117
baltimore,2026-03-07,3,2026-03-28,Flu ED visits pct,quantile,0.025,0.09729027399523486
bangor,2026-03-07,3,2026-03-28,Flu ED visits pct,quantile,0.025,0.19681521273437352
beaumont,2026-03-07,3,2026-03-28,Flu ED visits pct,quantile,0.025,0.11835684696297903
boston,2026-03-07,3,2026-03-28,Flu ED visits pct,quantile,0.025,0.2244693537641297
boulder,2026-03-07,3,2026-03-28,Flu ED visits pct,quantile,0.025,0.6455754090648219
charleston,2026-03-07,3,2026-03-28,Flu ED visits pct,quantile,0.025,0.40569005653212226
cherokee,2026-03-07,3,2026-03-28,Flu ED visits pct,quantile,0.025,0.27187357070111545
clt-area,2026-03-07,3,2026-03-28,Flu ED visits pct,quantile,0.025,0.6650903910166571
colorado,2026-03-07,3,2026-03-28,Flu ED visits pct,quantile,0.025,0.6258970992596841
colorado-springs,2026-03-07,3,2026-03-28,Flu ED visits pct,quantile,0.025,0.32209398515711196
columbia,2026-03-07,3,2026-03-28,Flu ED visits pct,quantile,0.025,0.17952833437486068
columbus,2026-03-07,3,2026-03-28,Flu ED visits pct,quantile,0.025,0.3199715141479741
dallas,2026-03-07,3,2026-03-28,Flu ED visits pct,quantile,0.025,0.4792467455756584
denver,2026-03-07,3,2026-03-28,Flu ED visits pct,quantile,0.025,0.7742056147963664
deschutes,2026-03-07,3,2026-03-28,Flu ED visits pct,quantile,0.025,0.3897941418896655
duluth,2026-03-07,3,2026-03-28,Flu ED visits pct,quantile,0.025,0.36474327881612356
el-paso,2026-03-07,3,2026-03-28,Flu ED visits pct,quantile,0.025,0.2903031267508185
eugene,2026-03-07,3,2026-03-28,Flu ED visits pct,quantile,0.025,0.3443976557813505
fay-area,2026-03-07,3,2026-03-28,Flu ED visits pct,quantile,0.025,0.7635206289163841
florence,2026-03-07,3,2026-03-28,Flu ED visits pct,quantile,0.025,0.16823967150215477
floyd,2026-03-07,3,2026-03-28,Flu ED visits pct,quantile,0.025,0.4523557422143552
frederick,2026-03-07,3,2026-03-28,Flu ED visits pct,quantile,0.025,0.09924431934259874
georgia,2026-03-07,3,2026-03-28,Flu ED visits pct,quantile,0.025,0.3286592864508236
greenville,2026-03-07,3,2026-03-28,Flu ED visits pct,quantile,0.025,0.3486482170551019
hall,2026-03-07,3,2026-03-28,Flu ED visits pct,quantile,0.025,0.23621737972764426
harford,2026-03-07,3,2026-03-28,Flu ED visits pct,quantile,0.025,0.07850811229688083
henry,2026-03-07,3,2026-03-28,Flu ED visits pct,quantile,0.025,0.16949327641254572
horry,2026-03-07,3,2026-03-28,Flu ED visits pct,quantile,0.025,0.2273294580384105
houston,2026-03-07,3,2026-03-28,Flu ED visits pct,quantile,0.025,0.22219727000154865
indiana,2026-03-07,3,2026-03-28,Flu ED visits pct,quantile,0.025,0.6184742007297874
indianapolis,2026-03-07,3,2026-03-28,Flu ED visits pct,quantile,0.025,0.8189817039212949
la-grange,2026-03-07,3,2026-03-28,Flu ED visits pct,quantile,0.025,0.19035168688976165
larimer,2026-03-07,3,2026-03-28,Flu ED visits pct,quantile,0.025,0.26594129605367817
lynn,2026-03-07,3,2026-03-28,Flu ED visits pct,quantile,0.025,0.16693995340809478
macon,2026-03-07,3,2026-03-28,Flu ED visits pct,quantile,0.025,0.16397723059485825
maine,2026-03-07,3,2026-03-28,Flu ED visits pct,quantile,0.025,0.24567676153606088
marietta,2026-03-07,3,2026-03-28,Flu ED visits pct,quantile,0.025,0.1450375228364532
maryland,2026-03-07,3,2026-03-28,Flu ED visits pct,quantile,0.025,0.18856036871134085
massachusetts,2026-03-07,3,2026-03-28,Flu ED visits pct,quantile,0.025,0.23162843713863907
medford,2026-03-07,3,2026-03-28,Flu ED visits pct,quantile,0.025,0.16533652423947903
mesa,2026-03-07,3,2026-03-28,Flu ED visits pct,quantile,0.025,0.23148368990208756
minneapolis,2026-03-07,3,2026-03-28,Flu ED visits pct,quantile,0.025,0.6051699697056176
minnesota,2026-03-07,3,2026-03-28,Flu ED visits pct,quantile,0.025,0.6061155331545283
montgomery,2026-03-07,3,2026-03-28,Flu ED visits pct,quantile,0.025,0.12257125042142604
nenc,2026-03-07,3,2026-03-28,Flu ED visits pct,quantile,0.025,0.4671800090881637
new-bedford,2026-03-07,3,2026-03-28,Flu ED visits pct,quantile,0.025,0.3146099845100534
north-carolina,2026-03-07,3,2026-03-28,Flu ED visits pct,quantile,0.025,0.5015442173760587
nyc,2026-03-07,3,2026-03-28,ILI ED visits pct,quantile,0.025,0.9595268392947276
ogden,2026-03-07,3,2026-03-28,Flu ED visits pct,quantile,0.025,0.39122996740612653
oregon,2026-03-07,3,2026-03-28,Flu ED visits pct,quantile,0.025,0.5214591300862828
pittsfield,2026-03-07,3,2026-03-28,Flu ED visits pct,quantile,0.025,0.035644888721129996
portland,2026-03-07,3,2026-03-28,Flu ED visits pct,quantile,0.025,0.1217820568896323
portland-or,2026-03-07,3,2026-03-28,Flu ED visits pct,quantile,0.025,0.617610956622992
provo,2026-03-07,3,2026-03-28,Flu ED visits pct,quantile,0.025,0.0857538486250081
roanoke,2026-03-07,3,2026-03-28,Flu ED visits pct,quantile,0.025,0.6165009737264379
rochester,2026-03-07,3,2026-03-28,Flu ED visits pct,quantile,0.025,0.6482579885013018
rock-hill,2026-03-07,3,2026-03-28,Flu ED visits pct,quantile,0.025,0.0
rtp-area,2026-03-07,3,2026-03-28,Flu ED visits pct,quantile,0.025,0.3738780395657248
salem,2026-03-07,3,2026-03-28,Flu ED visits pct,quantile,0.025,0.3678434735308617
salt-lake-city,2026-03-07,3,2026-03-28,Flu ED visits pct,quantile,0.025,0.40588832909275024
san-antonio,2026-03-07,3,2026-03-28,Flu ED visits pct,quantile,0.025,0.8213318168039294
savannah,2026-03-07,3,2026-03-28,Flu ED visits pct,quantile,0.025,0.05332401050457341
senc,2026-03-07,3,2026-03-28,Flu ED visits pct,quantile,0.025,0.23227587698218863
south-augusta,2026-03-07,3,2026-03-28,Flu ED visits pct,quantile,0.025,0.31319065184841804
south-carolina,2026-03-07,3,2026-03-28,Flu ED visits pct,quantile,0.025,0.3998979566085881
springfield,2026-03-07,3,2026-03-28,Flu ED visits pct,quantile,0.025,0.15113262314616996
st-cloud,2026-03-07,3,2026-03-28,Flu ED visits pct,quantile,0.025,0.32492496837476553
st-paul,2026-03-07,3,2026-03-28,Flu ED visits pct,quantile,0.025,0.43427799974239234
texas,2026-03-07,3,2026-03-28,Flu ED visits pct,quantile,0.025,0.49274515857331647
triad-area,2026-03-07,3,2026-03-28,Flu ED visits pct,quantile,0.025,0.38090882223937605
utah,2026-03-07,3,2026-03-28,Flu ED visits pct,quantile,0.025,0.38843199258322364
virginia,2026-03-07,3,2026-03-28,Flu ED visits pct,quantile,0.025,0.4911245091663635
weld,2026-03-07,3,2026-03-28,Flu ED visits pct,quantile,0.025,0.4313910669035954
wnc,2026-03-07,3,2026-03-28,Flu ED visits pct,quantile,0.025,0.386198534611903
worcester,2026-03-07,3,2026-03-28,Flu ED visits pct,quantile,0.025,0.19884646255917984
athens,2026-03-07,0,2026-03-07,Flu ED visits pct,quantile,0.05,0.9739705379122171
austin,2026-03-07,0,2026-03-07,Flu ED visits pct,quantile,0.05,1.1247033834065188
baltimore,2026-03-07,0,2026-03-07,Flu ED visits pct,quantile,0.05,0.2978516788668211
bangor,2026-03-07,0,2026-03-07,Flu ED visits pct,quantile,0.05,0.7428503613339333
beaumont,2026-03-07,0,2026-03-07,Flu ED visits pct,quantile,0.05,0.4207097965375101
boston,2026-03-07,0,2026-03-07,Flu ED visits pct,quantile,0.05,0.5745420674315389
boulder,2026-03-07,0,2026-03-07,Flu ED visits pct,quantile,0.05,1.7432452047109486
charleston,2026-03-07,0,2026-03-07,Flu ED visits pct,quantile,0.05,1.0238674399264094
cherokee,2026-03-07,0,2026-03-07,Flu ED visits pct,quantile,0.05,0.9725493031900935
clt-area,2026-03-07,0,2026-03-07,Flu ED visits pct,quantile,0.05,2.052907122432687
colorado,2026-03-07,0,2026-03-07,Flu ED visits pct,quantile,0.05,1.1591697858352166
colorado-springs,2026-03-07,0,2026-03-07,Flu ED visits pct,quantile,0.05,0.8321461172223132
columbia,2026-03-07,0,2026-03-07,Flu ED visits pct,quantile,0.05,0.6991769334450809
columbus,2026-03-07,0,2026-03-07,Flu ED visits pct,quantile,0.05,1.1701070353200014
dallas,2026-03-07,0,2026-03-07,Flu ED visits pct,quantile,0.05,1.3184469576116638
denver,2026-03-07,0,2026-03-07,Flu ED visits pct,quantile,0.05,1.4022180985977921
deschutes,2026-03-07,0,2026-03-07,Flu ED visits pct,quantile,0.05,1.0565597649750522
duluth,2026-03-07,0,2026-03-07,Flu ED visits pct,quantile,0.05,0.888737509828115
el-paso,2026-03-07,0,2026-03-07,Flu ED visits pct,quantile,0.05,0.6537816528739586
eugene,2026-03-07,0,2026-03-07,Flu ED visits pct,quantile,0.05,1.289261343466298
fay-area,2026-03-07,0,2026-03-07,Flu ED visits pct,quantile,0.05,2.1955573025559243
florence,2026-03-07,0,2026-03-07,Flu ED visits pct,quantile,0.05,0.681111129095628
floyd,2026-03-07,0,2026-03-07,Flu ED visits pct,quantile,0.05,1.2632187369762968
frederick,2026-03-07,0,2026-03-07,Flu ED visits pct,quantile,0.05,0.5671612028771408
georgia,2026-03-07,0,2026-03-07,Flu ED visits pct,quantile,0.05,0.7237564933137522
greenville,2026-03-07,0,2026-03-07,Flu ED visits pct,quantile,0.05,1.034721019804804
hall,2026-03-07,0,2026-03-07,Flu ED visits pct,quantile,0.05,0.6889095052749818
harford,2026-03-07,0,2026-03-07,Flu ED visits pct,quantile,0.05,0.26425652365075314
henry,2026-03-07,0,2026-03-07,Flu ED visits pct,quantile,0.05,0.5586288064729196
horry,2026-03-07,0,2026-03-07,Flu ED visits pct,quantile,0.05,0.7022660913374588
houston,2026-03-07,0,2026-03-07,Flu ED visits pct,quantile,0.05,0.5565952626904157
indiana,2026-03-07,0,2026-03-07,Flu ED visits pct,quantile,0.05,1.4248754013545708
indianapolis,2026-03-07,0,2026-03-07,Flu ED visits pct,quantile,0.05,2.353908468283672
la-grange,2026-03-07,0,2026-03-07,Flu ED visits pct,quantile,0.05,0.667985643517202
larimer,2026-03-07,0,2026-03-07,Flu ED visits pct,quantile,0.05,0.7999682625285581
lynn,2026-03-07,0,2026-03-07,Flu ED visits pct,quantile,0.05,0.44541506005597603
macon,2026-03-07,0,2026-03-07,Flu ED visits pct,quantile,0.05,0.5126622597051007
maine,2026-03-07,0,2026-03-07,Flu ED visits pct,quantile,0.05,0.6509428982673753
marietta,2026-03-07,0,2026-03-07,Flu ED visits pct,quantile,0.05,0.5137415990944902
maryland,2026-03-07,0,2026-03-07,Flu ED visits pct,quantile,0.05,0.5247735201160025
massachusetts,2026-03-07,0,2026-03-07,Flu ED visits pct,quantile,0.05,0.5388137848178899
medford,2026-03-07,0,2026-03-07,Flu ED visits pct,quantile,0.05,0.7501237845982202
mesa,2026-03-07,0,2026-03-07,Flu ED visits pct,quantile,0.05,0.6556534147212063
minneapolis,2026-03-07,0,2026-03-07,Flu ED visits pct,quantile,0.05,1.2588898579196586
minnesota,2026-03-07,0,2026-03-07,Flu ED visits pct,quantile,0.05,1.147093750194601
montgomery,2026-03-07,0,2026-03-07,Flu ED visits pct,quantile,0.05,0.3727615603093558
nenc,2026-03-07,0,2026-03-07,Flu ED visits pct,quantile,0.05,1.1989081367513046
new-bedford,2026-03-07,0,2026-03-07,Flu ED visits pct,quantile,0.05,0.8686068006071418
north-carolina,2026-03-07,0,2026-03-07,Flu ED visits pct,quantile,0.05,1.508632699805564
nyc,2026-03-07,0,2026-03-07,ILI ED visits pct,quantile,0.05,1.8603051453631751
ogden,2026-03-07,0,2026-03-07,Flu ED visits pct,quantile,0.05,1.0112589883749878
oregon,2026-03-07,0,2026-03-07,Flu ED visits pct,quantile,0.05,1.3690916705383318
pittsfield,2026-03-07,0,2026-03-07,Flu ED visits pct,quantile,0.05,0.16985304013629834
portland,2026-03-07,0,2026-03-07,Flu ED visits pct,quantile,0.05,0.3993351425347665
portland-or,2026-03-07,0,2026-03-07,Flu ED visits pct,quantile,0.05,1.4689533736991929
provo,2026-03-07,0,2026-03-07,Flu ED visits pct,quantile,0.05,0.29368507689562406
roanoke,2026-03-07,0,2026-03-07,Flu ED visits pct,quantile,0.05,1.5659665407926797
rochester,2026-03-07,0,2026-03-07,Flu ED visits pct,quantile,0.05,1.6624771370162195
rock-hill,2026-03-07,0,2026-03-07,Flu ED visits pct,quantile,0.05,0.031244785330256777
rtp-area,2026-03-07,0,2026-03-07,Flu ED visits pct,quantile,0.05,1.1459359303942405
salem,2026-03-07,0,2026-03-07,Flu ED visits pct,quantile,0.05,1.4037418654588762
salt-lake-city,2026-03-07,0,2026-03-07,Flu ED visits pct,quantile,0.05,1.0233843273250458
san-antonio,2026-03-07,0,2026-03-07,Flu ED visits pct,quantile,0.05,2.0116247023515554
savannah,2026-03-07,0,2026-03-07,Flu ED visits pct,quantile,0.05,0.23320274286714057
senc,2026-03-07,0,2026-03-07,Flu ED visits pct,quantile,0.05,0.6310061032298218
south-augusta,2026-03-07,0,2026-03-07,Flu ED visits pct,quantile,0.05,1.0638876378119155
south-carolina,2026-03-07,0,2026-03-07,Flu ED visits pct,quantile,0.05,0.9688852197851571
springfield,2026-03-07,0,2026-03-07,Flu ED visits pct,quantile,0.05,0.5341394626226967
st-cloud,2026-03-07,0,2026-03-07,Flu ED visits pct,quantile,0.05,1.039126271026013
st-paul,2026-03-07,0,2026-03-07,Flu ED visits pct,quantile,0.05,0.9488274011181668
texas,2026-03-07,0,2026-03-07,Flu ED visits pct,quantile,0.05,1.0213613325368962
triad-area,2026-03-07,0,2026-03-07,Flu ED visits pct,quantile,0.05,0.9074366438993517
utah,2026-03-07,0,2026-03-07,Flu ED visits pct,quantile,0.05,0.9567866988046985
virginia,2026-03-07,0,2026-03-07,Flu ED visits pct,quantile,0.05,1.0730736128207126
weld,2026-03-07,0,2026-03-07,Flu ED visits pct,quantile,0.05,1.2376744285480348
wnc,2026-03-07,0,2026-03-07,Flu ED visits pct,quantile,0.05,1.1016368277051167
worcester,2026-03-07,0,2026-03-07,Flu ED visits pct,quantile,0.05,0.6176484444422956
athens,2026-03-07,1,2026-03-14,Flu ED visits pct,quantile,0.05,0.872220507678367
austin,2026-03-07,1,2026-03-14,Flu ED visits pct,quantile,0.05,0.9928201679180306
baltimore,2026-03-07,1,2026-03-14,Flu ED visits pct,quantile,0.05,0.30659556039829544
bangor,2026-03-07,1,2026-03-14,Flu ED visits pct,quantile,0.05,0.6659013132671
beaumont,2026-03-07,1,2026-03-14,Flu ED visits pct,quantile,0.05,0.36447087097141445
boston,2026-03-07,1,2026-03-14,Flu ED visits pct,quantile,0.05,0.5386876936053963
boulder,2026-03-07,1,2026-03-14,Flu ED visits pct,quantile,0.05,1.3514910813405645
charleston,2026-03-07,1,2026-03-14,Flu ED visits pct,quantile,0.05,0.8856835081274096
cherokee,2026-03-07,1,2026-03-14,Flu ED visits pct,quantile,0.05,0.8320028808915028
clt-area,2026-03-07,1,2026-03-14,Flu ED visits pct,quantile,0.05,1.5237543292401587
colorado,2026-03-07,1,2026-03-14,Flu ED visits pct,quantile,0.05,1.0285370350355776
colorado-springs,2026-03-07,1,2026-03-14,Flu ED visits pct,quantile,0.05,0.752535491435257
columbia,2026-03-07,1,2026-03-14,Flu ED visits pct,quantile,0.05,0.5934279653535646
columbus,2026-03-07,1,2026-03-14,Flu ED visits pct,quantile,0.05,0.9018428691028115
dallas,2026-03-07,1,2026-03-14,Flu ED visits pct,quantile,0.05,1.2055054137323948
denver,2026-03-07,1,2026-03-14,Flu ED visits pct,quantile,0.05,1.295255963519497
deschutes,2026-03-07,1,2026-03-14,Flu ED visits pct,quantile,0.05,0.9213263968113857
duluth,2026-03-07,1,2026-03-14,Flu ED visits pct,quantile,0.05,0.8151184304952299
el-paso,2026-03-07,1,2026-03-14,Flu ED visits pct,quantile,0.05,0.6696402744663567
eugene,2026-03-07,1,2026-03-14,Flu ED visits pct,quantile,0.05,0.970379967055917
fay-area,2026-03-07,1,2026-03-14,Flu ED visits pct,quantile,0.05,1.6614230538121524
florence,2026-03-07,1,2026-03-14,Flu ED visits pct,quantile,0.05,0.5728971672252804
floyd,2026-03-07,1,2026-03-14,Flu ED visits pct,quantile,0.05,1.1441881645276888
frederick,2026-03-07,1,2026-03-14,Flu ED visits pct,quantile,0.05,0.5335142950641352
georgia,2026-03-07,1,2026-03-14,Flu ED visits pct,quantile,0.05,0.6029973708765904
greenville,2026-03-07,1,2026-03-14,Flu ED visits pct,quantile,0.05,0.9232210961894949
hall,2026-03-07,1,2026-03-14,Flu ED visits pct,quantile,0.05,0.6194167468859308
harford,2026-03-07,1,2026-03-14,Flu ED visits pct,quantile,0.05,0.2643661802377887
henry,2026-03-07,1,2026-03-14,Flu ED visits pct,quantile,0.05,0.48281613673298107
horry,2026-03-07,1,2026-03-14,Flu ED visits pct,quantile,0.05,0.6356849561979622
houston,2026-03-07,1,2026-03-14,Flu ED visits pct,quantile,0.05,0.5302402429292767
indiana,2026-03-07,1,2026-03-14,Flu ED visits pct,quantile,0.05,1.2006260501963633
indianapolis,2026-03-07,1,2026-03-14,Flu ED visits pct,quantile,0.05,1.7699186271359604
la-grange,2026-03-07,1,2026-03-14,Flu ED visits pct,quantile,0.05,0.5801127324816404
larimer,2026-03-07,1,2026-03-14,Flu ED visits pct,quantile,0.05,0.7259440782450008
lynn,2026-03-07,1,2026-03-14,Flu ED visits pct,quantile,0.05,0.40737331241947944
macon,2026-03-07,1,2026-03-14,Flu ED visits pct,quantile,0.05,0.44375113972717617
maine,2026-03-07,1,2026-03-14,Flu ED visits pct,quantile,0.05,0.5888570787740288
marietta,2026-03-07,1,2026-03-14,Flu ED visits pct,quantile,0.05,0.45491906674400495
maryland,2026-03-07,1,2026-03-14,Flu ED visits pct,quantile,0.05,0.5149972914014367
massachusetts,2026-03-07,1,2026-03-14,Flu ED visits pct,quantile,0.05,0.48897845660506434
medford,2026-03-07,1,2026-03-14,Flu ED visits pct,quantile,0.05,0.5753735732686609
mesa,2026-03-07,1,2026-03-14,Flu ED visits pct,quantile,0.05,0.594678753991025
minneapolis,2026-03-07,1,2026-03-14,Flu ED visits pct,quantile,0.05,1.1874590131577867
minnesota,2026-03-07,1,2026-03-14,Flu ED visits pct,quantile,0.05,1.0390382934134164
montgomery,2026-03-07,1,2026-03-14,Flu ED visits pct,quantile,0.05,0.3721350472813466
nenc,2026-03-07,1,2026-03-14,Flu ED visits pct,quantile,0.05,0.9359007624355196
new-bedford,2026-03-07,1,2026-03-14,Flu ED visits pct,quantile,0.05,0.7927483793522931
north-carolina,2026-03-07,1,2026-03-14,Flu ED visits pct,quantile,0.05,1.1649596651643366
nyc,2026-03-07,1,2026-03-14,ILI ED visits pct,quantile,0.05,1.811829584415987
ogden,2026-03-07,1,2026-03-14,Flu ED visits pct,quantile,0.05,0.8906542746564703
oregon,2026-03-07,1,2026-03-14,Flu ED visits pct,quantile,0.05,1.16138805122671
pittsfield,2026-03-07,1,2026-03-14,Flu ED visits pct,quantile,0.05,0.14742719169639873
portland,2026-03-07,1,2026-03-14,Flu ED visits pct,quantile,0.05,0.3414054882068707
portland-or,2026-03-07,1,2026-03-14,Flu ED visits pct,quantile,0.05,1.260889853382603
provo,2026-03-07,1,2026-03-14,Flu ED visits pct,quantile,0.05,0.2557748992879859
roanoke,2026-03-07,1,2026-03-14,Flu ED visits pct,quantile,0.05,1.3807887014199922
rochester,2026-03-07,1,2026-03-14,Flu ED visits pct,quantile,0.05,1.3957477552281712
rock-hill,2026-03-07,1,2026-03-14,Flu ED visits pct,quantile,0.05,0.027486512838963653
rtp-area,2026-03-07,1,2026-03-14,Flu ED visits pct,quantile,0.05,0.851752881354183
salem,2026-03-07,1,2026-03-14,Flu ED visits pct,quantile,0.05,1.0550020395843835
salt-lake-city,2026-03-07,1,2026-03-14,Flu ED visits pct,quantile,0.05,0.919866822562099
san-antonio,2026-03-07,1,2026-03-14,Flu ED visits pct,quantile,0.05,1.6650263894917254
savannah,2026-03-07,1,2026-03-14,Flu ED visits pct,quantile,0.05,0.1921501595893301
senc,2026-03-07,1,2026-03-14,Flu ED visits pct,quantile,0.05,0.5322038466531757
south-augusta,2026-03-07,1,2026-03-14,Flu ED visits pct,quantile,0.05,0.7786159736168888
south-carolina,2026-03-07,1,2026-03-14,Flu ED visits pct,quantile,0.05,0.815375233786663
springfield,2026-03-07,1,2026-03-14,Flu ED visits pct,quantile,0.05,0.5174375646156815
st-cloud,2026-03-07,1,2026-03-14,Flu ED visits pct,quantile,0.05,0.871572947164703
st-paul,2026-03-07,1,2026-03-14,Flu ED visits pct,quantile,0.05,0.9190414133774524
texas,2026-03-07,1,2026-03-14,Flu ED visits pct,quantile,0.05,0.8577956459734691
triad-area,2026-03-07,1,2026-03-14,Flu ED visits pct,quantile,0.05,0.7986300863858858
utah,2026-03-07,1,2026-03-14,Flu ED visits pct,quantile,0.05,0.8486060395572083
virginia,2026-03-07,1,2026-03-14,Flu ED visits pct,quantile,0.05,0.9575144647698864
weld,2026-03-07,1,2026-03-14,Flu ED visits pct,quantile,0.05,1.1751743109085575
wnc,2026-03-07,1,2026-03-14,Flu ED visits pct,quantile,0.05,0.857083652996662
worcester,2026-03-07,1,2026-03-14,Flu ED visits pct,quantile,0.05,0.5697868795271098
athens,2026-03-07,2,2026-03-21,Flu ED visits pct,quantile,0.05,0.7069980832239791
austin,2026-03-07,2,2026-03-21,Flu ED visits pct,quantile,0.05,0.8084526741077241
baltimore,2026-03-07,2,2026-03-21,Flu ED visits pct,quantile,0.05,0.2922158293869708
bangor,2026-03-07,2,2026-03-21,Flu ED visits pct,quantile,0.05,0.5087112597719393
beaumont,2026-03-07,2,2026-03-21,Flu ED visits pct,quantile,0.05,0.2627530381032694
boston,2026-03-07,2,2026-03-21,Flu ED visits pct,quantile,0.05,0.51174444047794
boulder,2026-03-07,2,2026-03-21,Flu ED visits pct,quantile,0.05,0.9272702703393665
charleston,2026-03-07,2,2026-03-21,Flu ED visits pct,quantile,0.05,0.630868719755417
cherokee,2026-03-07,2,2026-03-21,Flu ED visits pct,quantile,0.05,0.6589313572005334
clt-area,2026-03-07,2,2026-03-21,Flu ED visits pct,quantile,0.05,1.0473949731934553
colorado,2026-03-07,2,2026-03-21,Flu ED visits pct,quantile,0.05,0.8648957148504658
colorado-springs,2026-03-07,2,2026-03-21,Flu ED visits pct,quantile,0.05,0.5926390499695766
columbia,2026-03-07,2,2026-03-21,Flu ED visits pct,quantile,0.05,0.4542343265971991
columbus,2026-03-07,2,2026-03-21,Flu ED visits pct,quantile,0.05,0.5976741539919886
dallas,2026-03-07,2,2026-03-21,Flu ED visits pct,quantile,0.05,0.9942402637253509
denver,2026-03-07,2,2026-03-21,Flu ED visits pct,quantile,0.05,1.1377736066817157
deschutes,2026-03-07,2,2026-03-21,Flu ED visits pct,quantile,0.05,0.662511106195758
duluth,2026-03-07,2,2026-03-21,Flu ED visits pct,quantile,0.05,0.6677639942417406
el-paso,2026-03-07,2,2026-03-21,Flu ED visits pct,quantile,0.05,0.6176797673452133
eugene,2026-03-07,2,2026-03-21,Flu ED visits pct,quantile,0.05,0.6071925223535951
fay-area,2026-03-07,2,2026-03-21,Flu ED visits pct,quantile,0.05,1.1055152543973605
florence,2026-03-07,2,2026-03-21,Flu ED visits pct,quantile,0.05,0.37472764027113814
floyd,2026-03-07,2,2026-03-21,Flu ED visits pct,quantile,0.05,0.90916388761294
frederick,2026-03-07,2,2026-03-21,Flu ED visits pct,quantile,0.05,0.4715065932529883
georgia,2026-03-07,2,2026-03-21,Flu ED visits pct,quantile,0.05,0.43690559338908463
greenville,2026-03-07,2,2026-03-21,Flu ED visits pct,quantile,0.05,0.7400469993183199
hall,2026-03-07,2,2026-03-21,Flu ED visits pct,quantile,0.05,0.5043619162191552
harford,2026-03-07,2,2026-03-21,Flu ED visits pct,quantile,0.05,0.23661047065632146
henry,2026-03-07,2,2026-03-21,Flu ED visits pct,quantile,0.05,0.39789854749373
horry,2026-03-07,2,2026-03-21,Flu ED visits pct,quantile,0.05,0.46374200458697024
houston,2026-03-07,2,2026-03-21,Flu ED visits pct,quantile,0.05,0.4995303571224997
indiana,2026-03-07,2,2026-03-21,Flu ED visits pct,quantile,0.05,0.9379216539811362
indianapolis,2026-03-07,2,2026-03-21,Flu ED visits pct,quantile,0.05,1.1912779182706852
la-grange,2026-03-07,2,2026-03-21,Flu ED visits pct,quantile,0.05,0.41428430363225516
larimer,2026-03-07,2,2026-03-21,Flu ED visits pct,quantile,0.05,0.5963752766600093
lynn,2026-03-07,2,2026-03-21,Flu ED visits pct,quantile,0.05,0.3640186687791301
macon,2026-03-07,2,2026-03-21,Flu ED visits pct,quantile,0.05,0.31914992690487487
maine,2026-03-07,2,2026-03-21,Flu ED visits pct,quantile,0.05,0.4858109139042137
marietta,2026-03-07,2,2026-03-21,Flu ED visits pct,quantile,0.05,0.3346550231258251
maryland,2026-03-07,2,2026-03-21,Flu ED visits pct,quantile,0.05,0.49693698790308705
massachusetts,2026-03-07,2,2026-03-21,Flu ED visits pct,quantile,0.05,0.43531477767143484
medford,2026-03-07,2,2026-03-21,Flu ED visits pct,quantile,0.05,0.32783305541180024
mesa,2026-03-07,2,2026-03-21,Flu ED visits pct,quantile,0.05,0.467771830695286
minneapolis,2026-03-07,2,2026-03-21,Flu ED visits pct,quantile,0.05,1.1327035302243802
minnesota,2026-03-07,2,2026-03-21,Flu ED visits pct,quantile,0.05,0.8886077439911002
montgomery,2026-03-07,2,2026-03-21,Flu ED visits pct,quantile,0.05,0.3548078849346655
nenc,2026-03-07,2,2026-03-21,Flu ED visits pct,quantile,0.05,0.6964262400029134
new-bedford,2026-03-07,2,2026-03-21,Flu ED visits pct,quantile,0.05,0.6883943938280793
north-carolina,2026-03-07,2,2026-03-21,Flu ED visits pct,quantile,0.05,0.8287750876215932
nyc,2026-03-07,2,2026-03-21,ILI ED visits pct,quantile,0.05,1.7414966359432462
ogden,2026-03-07,2,2026-03-21,Flu ED visits pct,quantile,0.05,0.6664532870989165
oregon,2026-03-07,2,2026-03-21,Flu ED visits pct,quantile,0.05,0.7516470586232922
pittsfield,2026-03-07,2,2026-03-21,Flu ED visits pct,quantile,0.05,0.127114557970204
portland,2026-03-07,2,2026-03-21,Flu ED visits pct,quantile,0.05,0.2639659897002981
portland-or,2026-03-07,2,2026-03-21,Flu ED visits pct,quantile,0.05,0.9503681393873776
provo,2026-03-07,2,2026-03-21,Flu ED visits pct,quantile,0.05,0.1911402878151019
roanoke,2026-03-07,2,2026-03-21,Flu ED visits pct,quantile,0.05,1.0999278290071564
rochester,2026-03-07,2,2026-03-21,Flu ED visits pct,quantile,0.05,0.9869117347629791
rock-hill,2026-03-07,2,2026-03-21,Flu ED visits pct,quantile,0.05,0.022471980409414616
rtp-area,2026-03-07,2,2026-03-21,Flu ED visits pct,quantile,0.05,0.6091267808638602
salem,2026-03-07,2,2026-03-21,Flu ED visits pct,quantile,0.05,0.6502885605700189
salt-lake-city,2026-03-07,2,2026-03-21,Flu ED visits pct,quantile,0.05,0.7621309821550651
san-antonio,2026-03-07,2,2026-03-21,Flu ED visits pct,quantile,0.05,1.2470919713933024
savannah,2026-03-07,2,2026-03-21,Flu ED visits pct,quantile,0.05,0.12233476333220668
senc,2026-03-07,2,2026-03-21,Flu ED visits pct,quantile,0.05,0.3441092564232507
south-augusta,2026-03-07,2,2026-03-21,Flu ED visits pct,quantile,0.05,0.5162622071525841
south-carolina,2026-03-07,2,2026-03-21,Flu ED visits pct,quantile,0.05,0.5993551785769562
springfield,2026-03-07,2,2026-03-21,Flu ED visits pct,quantile,0.05,0.4567366111927982
st-cloud,2026-03-07,2,2026-03-21,Flu ED visits pct,quantile,0.05,0.6174511600851933
st-paul,2026-03-07,2,2026-03-21,Flu ED visits pct,quantile,0.05,0.8499969714756654
texas,2026-03-07,2,2026-03-21,Flu ED visits pct,quantile,0.05,0.7047992198041547
triad-area,2026-03-07,2,2026-03-21,Flu ED visits pct,quantile,0.05,0.6497885313774389
utah,2026-03-07,2,2026-03-21,Flu ED visits pct,quantile,0.05,0.6830156376601639
virginia,2026-03-07,2,2026-03-21,Flu ED visits pct,quantile,0.05,0.8532201535794383
weld,2026-03-07,2,2026-03-21,Flu ED visits pct,quantile,0.05,1.0430397341517084
wnc,2026-03-07,2,2026-03-21,Flu ED visits pct,quantile,0.05,0.6196580088087299
worcester,2026-03-07,2,2026-03-21,Flu ED visits pct,quantile,0.05,0.47512019754803897
athens,2026-03-07,3,2026-03-28,Flu ED visits pct,quantile,0.05,0.6272718763825181
austin,2026-03-07,3,2026-03-28,Flu ED visits pct,quantile,0.05,0.6384724148288087
baltimore,2026-03-07,3,2026-03-28,Flu ED visits pct,quantile,0.05,0.2755619454254325
bangor,2026-03-07,3,2026-03-28,Flu ED visits pct,quantile,0.05,0.42414590056194335
beaumont,2026-03-07,3,2026-03-28,Flu ED visits pct,quantile,0.05,0.1921823721430609
boston,2026-03-07,3,2026-03-28,Flu ED visits pct,quantile,0.05,0.4767846288787718
boulder,2026-03-07,3,2026-03-28,Flu ED visits pct,quantile,0.05,0.6697203671820233
charleston,2026-03-07,3,2026-03-28,Flu ED visits pct,quantile,0.05,0.44880251082365674
cherokee,2026-03-07,3,2026-03-28,Flu ED visits pct,quantile,0.05,0.5327053590887796
clt-area,2026-03-07,3,2026-03-28,Flu ED visits pct,quantile,0.05,0.7141203688595613
colorado,2026-03-07,3,2026-03-28,Flu ED visits pct,quantile,0.05,0.7913946328802793
colorado-springs,2026-03-07,3,2026-03-28,Flu ED visits pct,quantile,0.05,0.5163220337584521
columbia,2026-03-07,3,2026-03-28,Flu ED visits pct,quantile,0.05,0.36984868312542296
columbus,2026-03-07,3,2026-03-28,Flu ED visits pct,quantile,0.05,0.3925316760706508
dallas,2026-03-07,3,2026-03-28,Flu ED visits pct,quantile,0.05,0.8394457210107944
denver,2026-03-07,3,2026-03-28,Flu ED visits pct,quantile,0.05,1.0047623648802286
deschutes,2026-03-07,3,2026-03-28,Flu ED visits pct,quantile,0.05,0.5193359203923493
duluth,2026-03-07,3,2026-03-28,Flu ED visits pct,quantile,0.05,0.5891031414642951
el-paso,2026-03-07,3,2026-03-28,Flu ED visits pct,quantile,0.05,0.5799369281575937
eugene,2026-03-07,3,2026-03-28,Flu ED visits pct,quantile,0.05,0.40495453182169616
fay-area,2026-03-07,3,2026-03-28,Flu ED visits pct,quantile,0.05,0.7785095792024843
florence,2026-03-07,3,2026-03-28,Flu ED visits pct,quantile,0.05,0.2558250808903693
floyd,2026-03-07,3,2026-03-28,Flu ED visits pct,quantile,0.05,0.7850292310458048
frederick,2026-03-07,3,2026-03-28,Flu ED visits pct,quantile,0.05,0.430829478398711
georgia,2026-03-07,3,2026-03-28,Flu ED visits pct,quantile,0.05,0.3514187393722991
greenville,2026-03-07,3,2026-03-28,Flu ED visits pct,quantile,0.05,0.6380909985096278
hall,2026-03-07,3,2026-03-28,Flu ED visits pct,quantile,0.05,0.43984336672083313
harford,2026-03-07,3,2026-03-28,Flu ED visits pct,quantile,0.05,0.21889994025616977
henry,2026-03-07,3,2026-03-28,Flu ED visits pct,quantile,0.05,0.35084603131937336
horry,2026-03-07,3,2026-03-28,Flu ED visits pct,quantile,0.05,0.38646918450271395
houston,2026-03-07,3,2026-03-28,Flu ED visits pct,quantile,0.05,0.4593478562344441
indiana,2026-03-07,3,2026-03-28,Flu ED visits pct,quantile,0.05,0.7591632537930376
indianapolis,2026-03-07,3,2026-03-28,Flu ED visits pct,quantile,0.05,0.873301433438989
la-grange,2026-03-07,3,2026-03-28,Flu ED visits pct,quantile,0.05,0.2962491061424097
larimer,2026-03-07,3,2026-03-28,Flu ED visits pct,quantile,0.05,0.5149339492127556
lynn,2026-03-07,3,2026-03-28,Flu ED visits pct,quantile,0.05,0.3235719224289833
macon,2026-03-07,3,2026-03-28,Flu ED visits pct,quantile,0.05,0.23601680299836256
maine,2026-03-07,3,2026-03-28,Flu ED visits pct,quantile,0.05,0.40425875731586425
marietta,2026-03-07,3,2026-03-28,Flu ED visits pct,quantile,0.05,0.2659412569803227
maryland,2026-03-07,3,2026-03-28,Flu ED visits pct,quantile,0.05,0.47057045978665757
massachusetts,2026-03-07,3,2026-03-28,Flu ED visits pct,quantile,0.05,0.40820517500917175
medford,2026-03-07,3,2026-03-28,Flu ED visits pct,quantile,0.05,0.202145742710491
mesa,2026-03-07,3,2026-03-28,Flu ED visits pct,quantile,0.05,0.3929080432737643
minneapolis,2026-03-07,3,2026-03-28,Flu ED visits pct,quantile,0.05,1.026399591154374
minnesota,2026-03-07,3,2026-03-28,Flu ED visits pct,quantile,0.05,0.8271009826120362
montgomery,2026-03-07,3,2026-03-28,Flu ED visits pct,quantile,0.05,0.3430456580677518
nenc,2026-03-07,3,2026-03-28,Flu ED visits pct,quantile,0.05,0.4713026209277152
new-bedford,2026-03-07,3,2026-03-28,Flu ED visits pct,quantile,0.05,0.6242012045078726
north-carolina,2026-03-07,3,2026-03-28,Flu ED visits pct,quantile,0.05,0.5389271280386805
nyc,2026-03-07,3,2026-03-28,ILI ED visits pct,quantile,0.05,1.6973626005885198
ogden,2026-03-07,3,2026-03-28,Flu ED visits pct,quantile,0.05,0.48930458140760674
oregon,2026-03-07,3,2026-03-28,Flu ED visits pct,quantile,0.05,0.5521855928608733
pittsfield,2026-03-07,3,2026-03-28,Flu ED visits pct,quantile,0.05,0.11083980158197256
portland,2026-03-07,3,2026-03-28,Flu ED visits pct,quantile,0.05,0.22371404317916949
portland-or,2026-03-07,3,2026-03-28,Flu ED visits pct,quantile,0.05,0.6983862552977409
provo,2026-03-07,3,2026-03-28,Flu ED visits pct,quantile,0.05,0.15586654611729753
roanoke,2026-03-07,3,2026-03-28,Flu ED visits pct,quantile,0.05,0.8873450034128563
rochester,2026-03-07,3,2026-03-28,Flu ED visits pct,quantile,0.05,0.671489891339338
rock-hill,2026-03-07,3,2026-03-28,Flu ED visits pct,quantile,0.05,0.019447501035003922
rtp-area,2026-03-07,3,2026-03-28,Flu ED visits pct,quantile,0.05,0.43432671161619685
salem,2026-03-07,3,2026-03-28,Flu ED visits pct,quantile,0.05,0.4316372674564762
salt-lake-city,2026-03-07,3,2026-03-28,Flu ED visits pct,quantile,0.05,0.6173034898300874
san-antonio,2026-03-07,3,2026-03-28,Flu ED visits pct,quantile,0.05,0.8897654678396488
savannah,2026-03-07,3,2026-03-28,Flu ED visits pct,quantile,0.05,0.08251404069621616
senc,2026-03-07,3,2026-03-28,Flu ED visits pct,quantile,0.05,0.253598174903635
south-augusta,2026-03-07,3,2026-03-28,Flu ED visits pct,quantile,0.05,0.33915296474159373
south-carolina,2026-03-07,3,2026-03-28,Flu ED visits pct,quantile,0.05,0.47026782979349707
springfield,2026-03-07,3,2026-03-28,Flu ED visits pct,quantile,0.05,0.41945229070262413
st-cloud,2026-03-07,3,2026-03-28,Flu ED visits pct,quantile,0.05,0.43919633360778076
st-paul,2026-03-07,3,2026-03-28,Flu ED visits pct,quantile,0.05,0.7964910100039856
texas,2026-03-07,3,2026-03-28,Flu ED visits pct,quantile,0.05,0.575921498833555
triad-area,2026-03-07,3,2026-03-28,Flu ED visits pct,quantile,0.05,0.48874837525491915
utah,2026-03-07,3,2026-03-28,Flu ED visits pct,quantile,0.05,0.5611562808751602
virginia,2026-03-07,3,2026-03-28,Flu ED visits pct,quantile,0.05,0.8134504820576135
weld,2026-03-07,3,2026-03-28,Flu ED visits pct,quantile,0.05,0.9653005717436869
wnc,2026-03-07,3,2026-03-28,Flu ED visits pct,quantile,0.05,0.42172647835758076
worcester,2026-03-07,3,2026-03-28,Flu ED visits pct,quantile,0.05,0.4375069375839792
athens,2026-03-07,0,2026-03-07,Flu ED visits pct,quantile,0.1,1.3808361923886006
austin,2026-03-07,0,2026-03-07,Flu ED visits pct,quantile,0.1,1.4795714593175378
baltimore,2026-03-07,0,2026-03-07,Flu ED visits pct,quantile,0.1,0.45779897158459365
bangor,2026-03-07,0,2026-03-07,Flu ED visits pct,quantile,0.1,1.0760390936926214
beaumont,2026-03-07,0,2026-03-07,Flu ED visits pct,quantile,0.1,0.740381637487151
boston,2026-03-07,0,2026-03-07,Flu ED visits pct,quantile,0.1,0.842385448174869
boulder,2026-03-07,0,2026-03-07,Flu ED visits pct,quantile,0.1,2.1394970543130336
charleston,2026-03-07,0,2026-03-07,Flu ED visits pct,quantile,0.1,1.4104060756189347
cherokee,2026-03-07,0,2026-03-07,Flu ED visits pct,quantile,0.1,1.3561437117578252
clt-area,2026-03-07,0,2026-03-07,Flu ED visits pct,quantile,0.1,2.453121064204246
colorado,2026-03-07,0,2026-03-07,Flu ED visits pct,quantile,0.1,1.4601626185334056
colorado-springs,2026-03-07,0,2026-03-07,Flu ED visits pct,quantile,0.1,1.1066680544472625
columbia,2026-03-07,0,2026-03-07,Flu ED visits pct,quantile,0.1,1.0835046995773947
columbus,2026-03-07,0,2026-03-07,Flu ED visits pct,quantile,0.1,1.527093213734108
dallas,2026-03-07,0,2026-03-07,Flu ED visits pct,quantile,0.1,1.620687011123869
denver,2026-03-07,0,2026-03-07,Flu ED visits pct,quantile,0.1,1.6074091780290491
deschutes,2026-03-07,0,2026-03-07,Flu ED visits pct,quantile,0.1,1.4724577551793818
duluth,2026-03-07,0,2026-03-07,Flu ED visits pct,quantile,0.1,1.1697975226246782
el-paso,2026-03-07,0,2026-03-07,Flu ED visits pct,quantile,0.1,0.9488091576181504
eugene,2026-03-07,0,2026-03-07,Flu ED visits pct,quantile,0.1,1.5539460655733088
fay-area,2026-03-07,0,2026-03-07,Flu ED visits pct,quantile,0.1,2.521905643781959
florence,2026-03-07,0,2026-03-07,Flu ED visits pct,quantile,0.1,1.0754948831059592
floyd,2026-03-07,0,2026-03-07,Flu ED visits pct,quantile,0.1,1.702646219843913
frederick,2026-03-07,0,2026-03-07,Flu ED visits pct,quantile,0.1,0.9172523295510565
georgia,2026-03-07,0,2026-03-07,Flu ED visits pct,quantile,0.1,1.0778738446316567
greenville,2026-03-07,0,2026-03-07,Flu ED visits pct,quantile,0.1,1.511197083178141
hall,2026-03-07,0,2026-03-07,Flu ED visits pct,quantile,0.1,1.0311231561269438
harford,2026-03-07,0,2026-03-07,Flu ED visits pct,quantile,0.1,0.4454709295649516
henry,2026-03-07,0,2026-03-07,Flu ED visits pct,quantile,0.1,0.8671790400202165
horry,2026-03-07,0,2026-03-07,Flu ED visits pct,quantile,0.1,1.089481489924738
houston,2026-03-07,0,2026-03-07,Flu ED visits pct,quantile,0.1,0.7071561226065202
indiana,2026-03-07,0,2026-03-07,Flu ED visits pct,quantile,0.1,1.99606416552153
indianapolis,2026-03-07,0,2026-03-07,Flu ED visits pct,quantile,0.1,2.661343049247388
la-grange,2026-03-07,0,2026-03-07,Flu ED visits pct,quantile,0.1,0.9789103846281282
larimer,2026-03-07,0,2026-03-07,Flu ED visits pct,quantile,0.1,1.2461900481665569
lynn,2026-03-07,0,2026-03-07,Flu ED visits pct,quantile,0.1,0.7494863357200467
macon,2026-03-07,0,2026-03-07,Flu ED visits pct,quantile,0.1,0.7299213650983951
maine,2026-03-07,0,2026-03-07,Flu ED visits pct,quantile,0.1,0.8812024172517866
marietta,2026-03-07,0,2026-03-07,Flu ED visits pct,quantile,0.1,0.7939493627968653
maryland,2026-03-07,0,2026-03-07,Flu ED visits pct,quantile,0.1,0.6827757157450656
massachusetts,2026-03-07,0,2026-03-07,Flu ED visits pct,quantile,0.1,0.9329642241222518
medford,2026-03-07,0,2026-03-07,Flu ED visits pct,quantile,0.1,1.0700024834932527
mesa,2026-03-07,0,2026-03-07,Flu ED visits pct,quantile,0.1,0.9191811975822859
minneapolis,2026-03-07,0,2026-03-07,Flu ED visits pct,quantile,0.1,1.560863340902035
minnesota,2026-03-07,0,2026-03-07,Flu ED visits pct,quantile,0.1,1.725129327948569
montgomery,2026-03-07,0,2026-03-07,Flu ED visits pct,quantile,0.1,0.5677794575873374
nenc,2026-03-07,0,2026-03-07,Flu ED visits pct,quantile,0.1,1.3848872254887625
new-bedford,2026-03-07,0,2026-03-07,Flu ED visits pct,quantile,0.1,1.2385594818749586
north-carolina,2026-03-07,0,2026-03-07,Flu ED visits pct,quantile,0.1,1.7559414697745095
nyc,2026-03-07,0,2026-03-07,ILI ED visits pct,quantile,0.1,2.345372211299951
ogden,2026-03-07,0,2026-03-07,Flu ED visits pct,quantile,0.1,1.353653782365888
oregon,2026-03-07,0,2026-03-07,Flu ED visits pct,quantile,0.1,1.624393013905046
pittsfield,2026-03-07,0,2026-03-07,Flu ED visits pct,quantile,0.1,0.3350131332760013
portland,2026-03-07,0,2026-03-07,Flu ED visits pct,quantile,0.1,0.6316174683752906
portland-or,2026-03-07,0,2026-03-07,Flu ED visits pct,quantile,0.1,1.818188122874297
provo,2026-03-07,0,2026-03-07,Flu ED visits pct,quantile,0.1,0.5057008774530334
roanoke,2026-03-07,0,2026-03-07,Flu ED visits pct,quantile,0.1,2.1528529120067463
rochester,2026-03-07,0,2026-03-07,Flu ED visits pct,quantile,0.1,2.158012177741329
rock-hill,2026-03-07,0,2026-03-07,Flu ED visits pct,quantile,0.1,0.11661250705866814
rtp-area,2026-03-07,0,2026-03-07,Flu ED visits pct,quantile,0.1,1.3978746140377887
salem,2026-03-07,0,2026-03-07,Flu ED visits pct,quantile,0.1,1.68155580086428
salt-lake-city,2026-03-07,0,2026-03-07,Flu ED visits pct,quantile,0.1,1.2845351696290621
san-antonio,2026-03-07,0,2026-03-07,Flu ED visits pct,quantile,0.1,2.391011270179161
savannah,2026-03-07,0,2026-03-07,Flu ED visits pct,quantile,0.1,0.3725220032817214
senc,2026-03-07,0,2026-03-07,Flu ED visits pct,quantile,0.1,0.7573600088228093
south-augusta,2026-03-07,0,2026-03-07,Flu ED visits pct,quantile,0.1,1.2991069866781189
south-carolina,2026-03-07,0,2026-03-07,Flu ED visits pct,quantile,0.1,1.4171909687166404
springfield,2026-03-07,0,2026-03-07,Flu ED visits pct,quantile,0.1,0.8578292918452722
st-cloud,2026-03-07,0,2026-03-07,Flu ED visits pct,quantile,0.1,1.519911847009853
st-paul,2026-03-07,0,2026-03-07,Flu ED visits pct,quantile,0.1,1.4287373223831878
texas,2026-03-07,0,2026-03-07,Flu ED visits pct,quantile,0.1,1.5633801054096526
triad-area,2026-03-07,0,2026-03-07,Flu ED visits pct,quantile,0.1,1.1549574763343937
utah,2026-03-07,0,2026-03-07,Flu ED visits pct,quantile,0.1,1.2495894221610822
virginia,2026-03-07,0,2026-03-07,Flu ED visits pct,quantile,0.1,1.5962091632340354
weld,2026-03-07,0,2026-03-07,Flu ED visits pct,quantile,0.1,1.6979894944132146
wnc,2026-03-07,0,2026-03-07,Flu ED visits pct,quantile,0.1,1.283237613669974
worcester,2026-03-07,0,2026-03-07,Flu ED visits pct,quantile,0.1,0.927146175937327
athens,2026-03-07,1,2026-03-14,Flu ED visits pct,quantile,0.1,1.1423785115699285
austin,2026-03-07,1,2026-03-14,Flu ED visits pct,quantile,0.1,1.2659378045782006
baltimore,2026-03-07,1,2026-03-14,Flu ED visits pct,quantile,0.1,0.4824624851430551
bangor,2026-03-07,1,2026-03-14,Flu ED visits pct,quantile,0.1,0.8965435139115714
beaumont,2026-03-07,1,2026-03-14,Flu ED visits pct,quantile,0.1,0.6355369280532696
boston,2026-03-07,1,2026-03-14,Flu ED visits pct,quantile,0.1,0.8085594772971517
boulder,2026-03-07,1,2026-03-14,Flu ED visits pct,quantile,0.1,1.6850340474570094
charleston,2026-03-07,1,2026-03-14,Flu ED visits pct,quantile,0.1,1.1549319600979682
cherokee,2026-03-07,1,2026-03-14,Flu ED visits pct,quantile,0.1,1.125840261328171
clt-area,2026-03-07,1,2026-03-14,Flu ED visits pct,quantile,0.1,1.8628294736091884
colorado,2026-03-07,1,2026-03-14,Flu ED visits pct,quantile,0.1,1.2597794481435023
colorado-springs,2026-03-07,1,2026-03-14,Flu ED visits pct,quantile,0.1,0.9407270640059536
columbia,2026-03-07,1,2026-03-14,Flu ED visits pct,quantile,0.1,0.8844161823634308
columbus,2026-03-07,1,2026-03-14,Flu ED visits pct,quantile,0.1,1.1506852739178237
dallas,2026-03-07,1,2026-03-14,Flu ED visits pct,quantile,0.1,1.3708607879181578
denver,2026-03-07,1,2026-03-14,Flu ED visits pct,quantile,0.1,1.4605981283697798
deschutes,2026-03-07,1,2026-03-14,Flu ED visits pct,quantile,0.1,1.2384888929222857
duluth,2026-03-07,1,2026-03-14,Flu ED visits pct,quantile,0.1,1.0214461808265072
el-paso,2026-03-07,1,2026-03-14,Flu ED visits pct,quantile,0.1,0.9871133128484965
eugene,2026-03-07,1,2026-03-14,Flu ED visits pct,quantile,0.1,1.1156098375881263
fay-area,2026-03-07,1,2026-03-14,Flu ED visits pct,quantile,0.1,1.964846307991682
florence,2026-03-07,1,2026-03-14,Flu ED visits pct,quantile,0.1,0.8728485481606455
floyd,2026-03-07,1,2026-03-14,Flu ED visits pct,quantile,0.1,1.3844002258444552
frederick,2026-03-07,1,2026-03-14,Flu ED visits pct,quantile,0.1,0.8611531292229969
georgia,2026-03-07,1,2026-03-14,Flu ED visits pct,quantile,0.1,0.9068859286292058
greenville,2026-03-07,1,2026-03-14,Flu ED visits pct,quantile,0.1,1.3095162842822585
hall,2026-03-07,1,2026-03-14,Flu ED visits pct,quantile,0.1,0.8393540650753947
harford,2026-03-07,1,2026-03-14,Flu ED visits pct,quantile,0.1,0.43854358224508455
henry,2026-03-07,1,2026-03-14,Flu ED visits pct,quantile,0.1,0.7268520951428277
horry,2026-03-07,1,2026-03-14,Flu ED visits pct,quantile,0.1,0.950055012783388
houston,2026-03-07,1,2026-03-14,Flu ED visits pct,quantile,0.1,0.668535658578644
indiana,2026-03-07,1,2026-03-14,Flu ED visits pct,quantile,0.1,1.6080218861103772
indianapolis,2026-03-07,1,2026-03-14,Flu ED visits pct,quantile,0.1,2.0723116855026933
la-grange,2026-03-07,1,2026-03-14,Flu ED visits pct,quantile,0.1,0.7946240253208011
larimer,2026-03-07,1,2026-03-14,Flu ED visits pct,quantile,0.1,1.0480883678800845
lynn,2026-03-07,1,2026-03-14,Flu ED visits pct,quantile,0.1,0.6909775333608973
macon,2026-03-07,1,2026-03-14,Flu ED visits pct,quantile,0.1,0.6193588700659604
maine,2026-03-07,1,2026-03-14,Flu ED visits pct,quantile,0.1,0.7640748833089739
marietta,2026-03-07,1,2026-03-14,Flu ED visits pct,quantile,0.1,0.6599518507888005
maryland,2026-03-07,1,2026-03-14,Flu ED visits pct,quantile,0.1,0.6847363161350336
massachusetts,2026-03-07,1,2026-03-14,Flu ED visits pct,quantile,0.1,0.8497120652138579
medford,2026-03-07,1,2026-03-14,Flu ED visits pct,quantile,0.1,0.7661465894308929
mesa,2026-03-07,1,2026-03-14,Flu ED visits pct,quantile,0.1,0.805292915833204
minneapolis,2026-03-07,1,2026-03-14,Flu ED visits pct,quantile,0.1,1.4229934152487023
minnesota,2026-03-07,1,2026-03-14,Flu ED visits pct,quantile,0.1,1.4805246366561806
montgomery,2026-03-07,1,2026-03-14,Flu ED visits pct,quantile,0.1,0.5716525438776596
nenc,2026-03-07,1,2026-03-14,Flu ED visits pct,quantile,0.1,1.1224377311007754
new-bedford,2026-03-07,1,2026-03-14,Flu ED visits pct,quantile,0.1,1.123011524704045
north-carolina,2026-03-07,1,2026-03-14,Flu ED visits pct,quantile,0.1,1.3402034980813828
nyc,2026-03-07,1,2026-03-14,ILI ED visits pct,quantile,0.1,2.3981989690918715
ogden,2026-03-07,1,2026-03-14,Flu ED visits pct,quantile,0.1,1.1306357293577993
oregon,2026-03-07,1,2026-03-14,Flu ED visits pct,quantile,0.1,1.2745051484935195
pittsfield,2026-03-07,1,2026-03-14,Flu ED visits pct,quantile,0.1,0.3034982277098817
portland,2026-03-07,1,2026-03-14,Flu ED visits pct,quantile,0.1,0.5575575031126663
portland-or,2026-03-07,1,2026-03-14,Flu ED visits pct,quantile,0.1,1.489971006362631
provo,2026-03-07,1,2026-03-14,Flu ED visits pct,quantile,0.1,0.4259654735014354
roanoke,2026-03-07,1,2026-03-14,Flu ED visits pct,quantile,0.1,1.8471342353134625
rochester,2026-03-07,1,2026-03-14,Flu ED visits pct,quantile,0.1,1.7293007095916428
rock-hill,2026-03-07,1,2026-03-14,Flu ED visits pct,quantile,0.1,0.11692437397024023
rtp-area,2026-03-07,1,2026-03-14,Flu ED visits pct,quantile,0.1,1.0988574457967613
salem,2026-03-07,1,2026-03-14,Flu ED visits pct,quantile,0.1,1.244430987077194
salt-lake-city,2026-03-07,1,2026-03-14,Flu ED visits pct,quantile,0.1,1.1061392973387454
san-antonio,2026-03-07,1,2026-03-14,Flu ED visits pct,quantile,0.1,1.964681936334082
savannah,2026-03-07,1,2026-03-14,Flu ED visits pct,quantile,0.1,0.28878072801083854
senc,2026-03-07,1,2026-03-14,Flu ED visits pct,quantile,0.1,0.6043145088242121
south-augusta,2026-03-07,1,2026-03-14,Flu ED visits pct,quantile,0.1,0.9797018306773354
south-carolina,2026-03-07,1,2026-03-14,Flu ED visits pct,quantile,0.1,1.170373344099632
springfield,2026-03-07,1,2026-03-14,Flu ED visits pct,quantile,0.1,0.8443289344737556
st-cloud,2026-03-07,1,2026-03-14,Flu ED visits pct,quantile,0.1,1.2171956576826535
st-paul,2026-03-07,1,2026-03-14,Flu ED visits pct,quantile,0.1,1.405106445318327
texas,2026-03-07,1,2026-03-14,Flu ED visits pct,quantile,0.1,1.3193348070165032
triad-area,2026-03-07,1,2026-03-14,Flu ED visits pct,quantile,0.1,0.973503282830989
utah,2026-03-07,1,2026-03-14,Flu ED visits pct,quantile,0.1,1.0679172390474643
virginia,2026-03-07,1,2026-03-14,Flu ED visits pct,quantile,0.1,1.4369480454701167
weld,2026-03-07,1,2026-03-14,Flu ED visits pct,quantile,0.1,1.505539057344857
wnc,2026-03-07,1,2026-03-14,Flu ED visits pct,quantile,0.1,1.0015703859106373
worcester,2026-03-07,1,2026-03-14,Flu ED visits pct,quantile,0.1,0.8490003729569258
athens,2026-03-07,2,2026-03-21,Flu ED visits pct,quantile,0.1,0.8008192900078673
austin,2026-03-07,2,2026-03-21,Flu ED visits pct,quantile,0.1,0.857057135417466
baltimore,2026-03-07,2,2026-03-21,Flu ED visits pct,quantile,0.1,0.4201696721106094
bangor,2026-03-07,2,2026-03-21,Flu ED visits pct,quantile,0.1,0.6480035801899036
beaumont,2026-03-07,2,2026-03-21,Flu ED visits pct,quantile,0.1,0.4035181424584484
boston,2026-03-07,2,2026-03-21,Flu ED visits pct,quantile,0.1,0.680776048240689
boulder,2026-03-07,2,2026-03-21,Flu ED visits pct,quantile,0.1,1.0267882131053383
charleston,2026-03-07,2,2026-03-21,Flu ED visits pct,quantile,0.1,0.7304404512523037
cherokee,2026-03-07,2,2026-03-21,Flu ED visits pct,quantile,0.1,0.769499216665328
clt-area,2026-03-07,2,2026-03-21,Flu ED visits pct,quantile,0.1,1.1748726431125125
colorado,2026-03-07,2,2026-03-21,Flu ED visits pct,quantile,0.1,0.9731639891696058
colorado-springs,2026-03-07,2,2026-03-21,Flu ED visits pct,quantile,0.1,0.6798692559442331
columbia,2026-03-07,2,2026-03-21,Flu ED visits pct,quantile,0.1,0.6250960638305643
columbus,2026-03-07,2,2026-03-21,Flu ED visits pct,quantile,0.1,0.6566564176324203
dallas,2026-03-07,2,2026-03-21,Flu ED visits pct,quantile,0.1,1.0075909688684805
denver,2026-03-07,2,2026-03-21,Flu ED visits pct,quantile,0.1,1.1654845904818503
deschutes,2026-03-07,2,2026-03-21,Flu ED visits pct,quantile,0.1,0.8009097029037912
duluth,2026-03-07,2,2026-03-21,Flu ED visits pct,quantile,0.1,0.7442305509025561
el-paso,2026-03-07,2,2026-03-21,Flu ED visits pct,quantile,0.1,0.8563533025324408
eugene,2026-03-07,2,2026-03-21,Flu ED visits pct,quantile,0.1,0.6325365144913516
fay-area,2026-03-07,2,2026-03-21,Flu ED visits pct,quantile,0.1,1.246127092672565
florence,2026-03-07,2,2026-03-21,Flu ED visits pct,quantile,0.1,0.5179411129647905
floyd,2026-03-07,2,2026-03-21,Flu ED visits pct,quantile,0.1,1.0020961912414394
frederick,2026-03-07,2,2026-03-21,Flu ED visits pct,quantile,0.1,0.7056307431690477
georgia,2026-03-07,2,2026-03-21,Flu ED visits pct,quantile,0.1,0.6132493006465252
greenville,2026-03-07,2,2026-03-21,Flu ED visits pct,quantile,0.1,0.9358388396749793
hall,2026-03-07,2,2026-03-21,Flu ED visits pct,quantile,0.1,0.625923662108367
harford,2026-03-07,2,2026-03-21,Flu ED visits pct,quantile,0.1,0.36369145001800024
henry,2026-03-07,2,2026-03-21,Flu ED visits pct,quantile,0.1,0.5330925509534753
horry,2026-03-07,2,2026-03-21,Flu ED visits pct,quantile,0.1,0.6987569228567196
houston,2026-03-07,2,2026-03-21,Flu ED visits pct,quantile,0.1,0.5712065665620805
indiana,2026-03-07,2,2026-03-21,Flu ED visits pct,quantile,0.1,1.115788018193638
indianapolis,2026-03-07,2,2026-03-21,Flu ED visits pct,quantile,0.1,1.3380018900385446
la-grange,2026-03-07,2,2026-03-21,Flu ED visits pct,quantile,0.1,0.486204292023325
larimer,2026-03-07,2,2026-03-21,Flu ED visits pct,quantile,0.1,0.7883993904918999
lynn,2026-03-07,2,2026-03-21,Flu ED visits pct,quantile,0.1,0.5660804172256433
macon,2026-03-07,2,2026-03-21,Flu ED visits pct,quantile,0.1,0.39512131973359593
maine,2026-03-07,2,2026-03-21,Flu ED visits pct,quantile,0.1,0.5873091893881535
marietta,2026-03-07,2,2026-03-21,Flu ED visits pct,quantile,0.1,0.44575532643148763
maryland,2026-03-07,2,2026-03-21,Flu ED visits pct,quantile,0.1,0.5887753423966325
massachusetts,2026-03-07,2,2026-03-21,Flu ED visits pct,quantile,0.1,0.6998431685219806
medford,2026-03-07,2,2026-03-21,Flu ED visits pct,quantile,0.1,0.41498763608289074
mesa,2026-03-07,2,2026-03-21,Flu ED visits pct,quantile,0.1,0.5881593691800668
minneapolis,2026-03-07,2,2026-03-21,Flu ED visits pct,quantile,0.1,1.1886824513867098
minnesota,2026-03-07,2,2026-03-21,Flu ED visits pct,quantile,0.1,1.1894949086406246
montgomery,2026-03-07,2,2026-03-21,Flu ED visits pct,quantile,0.1,0.5002603110804721
nenc,2026-03-07,2,2026-03-21,Flu ED visits pct,quantile,0.1,0.7125722721407138
new-bedford,2026-03-07,2,2026-03-21,Flu ED visits pct,quantile,0.1,0.8829465160667219
north-carolina,2026-03-07,2,2026-03-21,Flu ED visits pct,quantile,0.1,0.8430291362940692
nyc,2026-03-07,2,2026-03-21,ILI ED visits pct,quantile,0.1,2.1736166030826642
ogden,2026-03-07,2,2026-03-21,Flu ED visits pct,quantile,0.1,0.7306859910373987
oregon,2026-03-07,2,2026-03-21,Flu ED visits pct,quantile,0.1,0.8876931428735318
pittsfield,2026-03-07,2,2026-03-21,Flu ED visits pct,quantile,0.1,0.22231934252809324
portland,2026-03-07,2,2026-03-21,Flu ED visits pct,quantile,0.1,0.4073896378994931
portland-or,2026-03-07,2,2026-03-21,Flu ED visits pct,quantile,0.1,0.9819944347263607
provo,2026-03-07,2,2026-03-21,Flu ED visits pct,quantile,0.1,0.3038799697422857
roanoke,2026-03-07,2,2026-03-21,Flu ED visits pct,quantile,0.1,1.346585051861633
rochester,2026-03-07,2,2026-03-21,Flu ED visits pct,quantile,0.1,1.011488654571381
rock-hill,2026-03-07,2,2026-03-21,Flu ED visits pct,quantile,0.1,0.09397885297654834
rtp-area,2026-03-07,2,2026-03-21,Flu ED visits pct,quantile,0.1,0.6779859225838604
salem,2026-03-07,2,2026-03-21,Flu ED visits pct,quantile,0.1,0.7129853113006198
salt-lake-city,2026-03-07,2,2026-03-21,Flu ED visits pct,quantile,0.1,0.7903162960448743
san-antonio,2026-03-07,2,2026-03-21,Flu ED visits pct,quantile,0.1,1.306982298529717
savannah,2026-03-07,2,2026-03-21,Flu ED visits pct,quantile,0.1,0.16752344376330044
senc,2026-03-07,2,2026-03-21,Flu ED visits pct,quantile,0.1,0.3809064834701537
south-augusta,2026-03-07,2,2026-03-21,Flu ED visits pct,quantile,0.1,0.5614181931467493
south-carolina,2026-03-07,2,2026-03-21,Flu ED visits pct,quantile,0.1,0.7330689857031149
springfield,2026-03-07,2,2026-03-21,Flu ED visits pct,quantile,0.1,0.6911489495801683
st-cloud,2026-03-07,2,2026-03-21,Flu ED visits pct,quantile,0.1,0.7587740940325984
st-paul,2026-03-07,2,2026-03-21,Flu ED visits pct,quantile,0.1,1.173567669408667
texas,2026-03-07,2,2026-03-21,Flu ED visits pct,quantile,0.1,1.0161446865105404
triad-area,2026-03-07,2,2026-03-21,Flu ED visits pct,quantile,0.1,0.6706254086704642
utah,2026-03-07,2,2026-03-21,Flu ED visits pct,quantile,0.1,0.7435647659348851
virginia,2026-03-07,2,2026-03-21,Flu ED visits pct,quantile,0.1,1.1777948600129375
weld,2026-03-07,2,2026-03-21,Flu ED visits pct,quantile,0.1,1.206247021831459
wnc,2026-03-07,2,2026-03-21,Flu ED visits pct,quantile,0.1,0.6254884704337809
worcester,2026-03-07,2,2026-03-21,Flu ED visits pct,quantile,0.1,0.667481826158354
athens,2026-03-07,3,2026-03-28,Flu ED visits pct,quantile,0.1,0.6884054392336146
austin,2026-03-07,3,2026-03-28,Flu ED visits pct,quantile,0.1,0.6860173443068389
baltimore,2026-03-07,3,2026-03-28,Flu ED visits pct,quantile,0.1,0.408127430669403
bangor,2026-03-07,3,2026-03-28,Flu ED visits pct,quantile,0.1,0.5553544156918891
beaumont,2026-03-07,3,2026-03-28,Flu ED visits pct,quantile,0.1,0.3588769180812726
boston,2026-03-07,3,2026-03-28,Flu ED visits pct,quantile,0.1,0.6537029850461635
boulder,2026-03-07,3,2026-03-28,Flu ED visits pct,quantile,0.1,0.7260263155279727
charleston,2026-03-07,3,2026-03-28,Flu ED visits pct,quantile,0.1,0.5452708754408561
cherokee,2026-03-07,3,2026-03-28,Flu ED visits pct,quantile,0.1,0.6546347481904395
clt-area,2026-03-07,3,2026-03-28,Flu ED visits pct,quantile,0.1,0.8172483902754122
colorado,2026-03-07,3,2026-03-28,Flu ED visits pct,quantile,0.1,0.8428387895343538
colorado-springs,2026-03-07,3,2026-03-28,Flu ED visits pct,quantile,0.1,0.5806078834290512
columbia,2026-03-07,3,2026-03-28,Flu ED visits pct,quantile,0.1,0.553156535691937
columbus,2026-03-07,3,2026-03-28,Flu ED visits pct,quantile,0.1,0.43687699925886025
dallas,2026-03-07,3,2026-03-28,Flu ED visits pct,quantile,0.1,0.8539240763877803
denver,2026-03-07,3,2026-03-28,Flu ED visits pct,quantile,0.1,1.0470582990908692
deschutes,2026-03-07,3,2026-03-28,Flu ED visits pct,quantile,0.1,0.6436934522831471
duluth,2026-03-07,3,2026-03-28,Flu ED visits pct,quantile,0.1,0.6604306085502957
el-paso,2026-03-07,3,2026-03-28,Flu ED visits pct,quantile,0.1,0.8242827256964061
eugene,2026-03-07,3,2026-03-28,Flu ED visits pct,quantile,0.1,0.4061483051578476
fay-area,2026-03-07,3,2026-03-28,Flu ED visits pct,quantile,0.1,0.8570089340722301
florence,2026-03-07,3,2026-03-28,Flu ED visits pct,quantile,0.1,0.4046679952701269
floyd,2026-03-07,3,2026-03-28,Flu ED visits pct,quantile,0.1,0.8503619725883694
frederick,2026-03-07,3,2026-03-28,Flu ED visits pct,quantile,0.1,0.6942921502637756
georgia,2026-03-07,3,2026-03-28,Flu ED visits pct,quantile,0.1,0.48229544105398514
greenville,2026-03-07,3,2026-03-28,Flu ED visits pct,quantile,0.1,0.7724018840246053
hall,2026-03-07,3,2026-03-28,Flu ED visits pct,quantile,0.1,0.5711813154576583
harford,2026-03-07,3,2026-03-28,Flu ED visits pct,quantile,0.1,0.34101014146508224
henry,2026-03-07,3,2026-03-28,Flu ED visits pct,quantile,0.1,0.48269999547622633
horry,2026-03-07,3,2026-03-28,Flu ED visits pct,quantile,0.1,0.6253466973303944
houston,2026-03-07,3,2026-03-28,Flu ED visits pct,quantile,0.1,0.548928318729828
indiana,2026-03-07,3,2026-03-28,Flu ED visits pct,quantile,0.1,0.8563841894380128
indianapolis,2026-03-07,3,2026-03-28,Flu ED visits pct,quantile,0.1,0.9789757248785012
la-grange,2026-03-07,3,2026-03-28,Flu ED visits pct,quantile,0.1,0.3837810839620567
larimer,2026-03-07,3,2026-03-28,Flu ED visits pct,quantile,0.1,0.7113623771298075
lynn,2026-03-07,3,2026-03-28,Flu ED visits pct,quantile,0.1,0.5427009732657937
macon,2026-03-07,3,2026-03-28,Flu ED visits pct,quantile,0.1,0.3143054113615677
maine,2026-03-07,3,2026-03-28,Flu ED visits pct,quantile,0.1,0.513999489465197
marietta,2026-03-07,3,2026-03-28,Flu ED visits pct,quantile,0.1,0.3791322689975025
maryland,2026-03-07,3,2026-03-28,Flu ED visits pct,quantile,0.1,0.574979675861023
massachusetts,2026-03-07,3,2026-03-28,Flu ED visits pct,quantile,0.1,0.6711932644726789
medford,2026-03-07,3,2026-03-28,Flu ED visits pct,quantile,0.1,0.26493088896744965
mesa,2026-03-07,3,2026-03-28,Flu ED visits pct,quantile,0.1,0.5113591981416613
minneapolis,2026-03-07,3,2026-03-28,Flu ED visits pct,quantile,0.1,1.0589985875490586
minnesota,2026-03-07,3,2026-03-28,Flu ED visits pct,quantile,0.1,1.0763359272714625
montgomery,2026-03-07,3,2026-03-28,Flu ED visits pct,quantile,0.1,0.49001308171539126
nenc,2026-03-07,3,2026-03-28,Flu ED visits pct,quantile,0.1,0.4752811945615263
new-bedford,2026-03-07,3,2026-03-28,Flu ED visits pct,quantile,0.1,0.8033286743663896
north-carolina,2026-03-07,3,2026-03-28,Flu ED visits pct,quantile,0.1,0.5907562273885867
nyc,2026-03-07,3,2026-03-28,ILI ED visits pct,quantile,0.1,2.096419818313922
ogden,2026-03-07,3,2026-03-28,Flu ED visits pct,quantile,0.1,0.5877619762695688
oregon,2026-03-07,3,2026-03-28,Flu ED visits pct,quantile,0.1,0.6595070236821908
pittsfield,2026-03-07,3,2026-03-28,Flu ED visits pct,quantile,0.1,0.21207476581786602
portland,2026-03-07,3,2026-03-28,Flu ED visits pct,quantile,0.1,0.35846279556253074
portland-or,2026-03-07,3,2026-03-28,Flu ED visits pct,quantile,0.1,0.7393171159904206
provo,2026-03-07,3,2026-03-28,Flu ED visits pct,quantile,0.1,0.2752904341968334
roanoke,2026-03-07,3,2026-03-28,Flu ED visits pct,quantile,0.1,1.1282108001306117
rochester,2026-03-07,3,2026-03-28,Flu ED visits pct,quantile,0.1,0.7108357198818127
rock-hill,2026-03-07,3,2026-03-28,Flu ED visits pct,quantile,0.1,0.09060124415004105
rtp-area,2026-03-07,3,2026-03-28,Flu ED visits pct,quantile,0.1,0.451428049702253
salem,2026-03-07,3,2026-03-28,Flu ED visits pct,quantile,0.1,0.4761958882837752
salt-lake-city,2026-03-07,3,2026-03-28,Flu ED visits pct,quantile,0.1,0.6686965874350409
san-antonio,2026-03-07,3,2026-03-28,Flu ED visits pct,quantile,0.1,0.951055920903603
savannah,2026-03-07,3,2026-03-28,Flu ED visits pct,quantile,0.1,0.12302941421537562
senc,2026-03-07,3,2026-03-28,Flu ED visits pct,quantile,0.1,0.26088876956279644
south-augusta,2026-03-07,3,2026-03-28,Flu ED visits pct,quantile,0.1,0.37617112348040693
south-carolina,2026-03-07,3,2026-03-28,Flu ED visits pct,quantile,0.1,0.5745373541739531
springfield,2026-03-07,3,2026-03-28,Flu ED visits pct,quantile,0.1,0.6700060975417388
st-cloud,2026-03-07,3,2026-03-28,Flu ED visits pct,quantile,0.1,0.5564674880413306
st-paul,2026-03-07,3,2026-03-28,Flu ED visits pct,quantile,0.1,1.115535073833394
texas,2026-03-07,3,2026-03-28,Flu ED visits pct,quantile,0.1,0.8655096192113344
triad-area,2026-03-07,3,2026-03-28,Flu ED visits pct,quantile,0.1,0.5097848607575116
utah,2026-03-07,3,2026-03-28,Flu ED visits pct,quantile,0.1,0.6296763786383387
virginia,2026-03-07,3,2026-03-28,Flu ED visits pct,quantile,0.1,1.0582075593612208
weld,2026-03-07,3,2026-03-28,Flu ED visits pct,quantile,0.1,1.017236861255004
wnc,2026-03-07,3,2026-03-28,Flu ED visits pct,quantile,0.1,0.4424519365493987
worcester,2026-03-07,3,2026-03-28,Flu ED visits pct,quantile,0.1,0.6360712329985521
athens,2026-03-07,0,2026-03-07,Flu ED visits pct,quantile,0.25,1.7555166545081833
austin,2026-03-07,0,2026-03-07,Flu ED visits pct,quantile,0.25,1.7691534950351102
baltimore,2026-03-07,0,2026-03-07,Flu ED visits pct,quantile,0.25,0.6803515065532117
bangor,2026-03-07,0,2026-03-07,Flu ED visits pct,quantile,0.25,1.4012736854925953
beaumont,2026-03-07,0,2026-03-07,Flu ED visits pct,quantile,0.25,1.0480173974601414
boston,2026-03-07,0,2026-03-07,Flu ED visits pct,quantile,0.25,0.9265194958904518
boulder,2026-03-07,0,2026-03-07,Flu ED visits pct,quantile,0.25,2.6521203732669245
charleston,2026-03-07,0,2026-03-07,Flu ED visits pct,quantile,0.25,1.878566783987906
cherokee,2026-03-07,0,2026-03-07,Flu ED visits pct,quantile,0.25,1.7374226240779669
clt-area,2026-03-07,0,2026-03-07,Flu ED visits pct,quantile,0.25,3.2003232728533204
colorado,2026-03-07,0,2026-03-07,Flu ED visits pct,quantile,0.25,1.752991763834561
colorado-springs,2026-03-07,0,2026-03-07,Flu ED visits pct,quantile,0.25,1.3557767409391888
columbia,2026-03-07,0,2026-03-07,Flu ED visits pct,quantile,0.25,1.3368917953113781
columbus,2026-03-07,0,2026-03-07,Flu ED visits pct,quantile,0.25,1.904838227351284
dallas,2026-03-07,0,2026-03-07,Flu ED visits pct,quantile,0.25,1.7808627792255858
denver,2026-03-07,0,2026-03-07,Flu ED visits pct,quantile,0.25,1.7292300525023947
deschutes,2026-03-07,0,2026-03-07,Flu ED visits pct,quantile,0.25,1.9198454707110408
duluth,2026-03-07,0,2026-03-07,Flu ED visits pct,quantile,0.25,1.3735007586354808
el-paso,2026-03-07,0,2026-03-07,Flu ED visits pct,quantile,0.25,1.3631844148847478
eugene,2026-03-07,0,2026-03-07,Flu ED visits pct,quantile,0.25,2.031233411832422
fay-area,2026-03-07,0,2026-03-07,Flu ED visits pct,quantile,0.25,3.2133923119671413
florence,2026-03-07,0,2026-03-07,Flu ED visits pct,quantile,0.25,1.32698109507767
floyd,2026-03-07,0,2026-03-07,Flu ED visits pct,quantile,0.25,2.0483465606989686
frederick,2026-03-07,0,2026-03-07,Flu ED visits pct,quantile,0.25,1.2402722491235738
georgia,2026-03-07,0,2026-03-07,Flu ED visits pct,quantile,0.25,1.2928969489144801
greenville,2026-03-07,0,2026-03-07,Flu ED visits pct,quantile,0.25,1.9028219500051353
hall,2026-03-07,0,2026-03-07,Flu ED visits pct,quantile,0.25,1.2125943282643774
harford,2026-03-07,0,2026-03-07,Flu ED visits pct,quantile,0.25,0.5679892574386792
henry,2026-03-07,0,2026-03-07,Flu ED visits pct,quantile,0.25,1.0735609639935118
horry,2026-03-07,0,2026-03-07,Flu ED visits pct,quantile,0.25,1.3836745583813987
houston,2026-03-07,0,2026-03-07,Flu ED visits pct,quantile,0.25,0.8041999739697733
indiana,2026-03-07,0,2026-03-07,Flu ED visits pct,quantile,0.25,2.5496308058553137
indianapolis,2026-03-07,0,2026-03-07,Flu ED visits pct,quantile,0.25,3.1668177592577758
la-grange,2026-03-07,0,2026-03-07,Flu ED visits pct,quantile,0.25,1.3263556782049448
larimer,2026-03-07,0,2026-03-07,Flu ED visits pct,quantile,0.25,1.4992179875488882
lynn,2026-03-07,0,2026-03-07,Flu ED visits pct,quantile,0.25,0.9618752846275183
macon,2026-03-07,0,2026-03-07,Flu ED visits pct,quantile,0.25,0.9090692440366559
maine,2026-03-07,0,2026-03-07,Flu ED visits pct,quantile,0.25,0.9765365081641749
marietta,2026-03-07,0,2026-03-07,Flu ED visits pct,quantile,0.25,1.0909659554492144
maryland,2026-03-07,0,2026-03-07,Flu ED visits pct,quantile,0.25,0.8994728780387962
massachusetts,2026-03-07,0,2026-03-07,Flu ED visits pct,quantile,0.25,1.0857918295903526
medford,2026-03-07,0,2026-03-07,Flu ED visits pct,quantile,0.25,1.4463067314745484
mesa,2026-03-07,0,2026-03-07,Flu ED visits pct,quantile,0.25,1.103885191070601
minneapolis,2026-03-07,0,2026-03-07,Flu ED visits pct,quantile,0.25,1.6686217842584663
minnesota,2026-03-07,0,2026-03-07,Flu ED visits pct,quantile,0.25,1.9130277550509955
montgomery,2026-03-07,0,2026-03-07,Flu ED visits pct,quantile,0.25,0.768461853985378
nenc,2026-03-07,0,2026-03-07,Flu ED visits pct,quantile,0.25,1.7196634146161796
new-bedford,2026-03-07,0,2026-03-07,Flu ED visits pct,quantile,0.25,1.4670358589208694
north-carolina,2026-03-07,0,2026-03-07,Flu ED visits pct,quantile,0.25,2.0729846508314855
nyc,2026-03-07,0,2026-03-07,ILI ED visits pct,quantile,0.25,2.6135826156705035
ogden,2026-03-07,0,2026-03-07,Flu ED visits pct,quantile,0.25,1.6651307825408508
oregon,2026-03-07,0,2026-03-07,Flu ED visits pct,quantile,0.25,2.0678497091943067
pittsfield,2026-03-07,0,2026-03-07,Flu ED visits pct,quantile,0.25,0.5503715098163621
portland,2026-03-07,0,2026-03-07,Flu ED visits pct,quantile,0.25,0.7758901601882833
portland-or,2026-03-07,0,2026-03-07,Flu ED visits pct,quantile,0.25,2.245105119432526
provo,2026-03-07,0,2026-03-07,Flu ED visits pct,quantile,0.25,0.6897834807105901
roanoke,2026-03-07,0,2026-03-07,Flu ED visits pct,quantile,0.25,2.9578926932841636
rochester,2026-03-07,0,2026-03-07,Flu ED visits pct,quantile,0.25,2.65298270702884
rock-hill,2026-03-07,0,2026-03-07,Flu ED visits pct,quantile,0.25,0.20450650154242667
rtp-area,2026-03-07,0,2026-03-07,Flu ED visits pct,quantile,0.25,1.7777720659564125
salem,2026-03-07,0,2026-03-07,Flu ED visits pct,quantile,0.25,2.326010741141539
salt-lake-city,2026-03-07,0,2026-03-07,Flu ED visits pct,quantile,0.25,1.4029266082239686
san-antonio,2026-03-07,0,2026-03-07,Flu ED visits pct,quantile,0.25,2.88796523369305
savannah,2026-03-07,0,2026-03-07,Flu ED visits pct,quantile,0.25,0.5250136596616151
senc,2026-03-07,0,2026-03-07,Flu ED visits pct,quantile,0.25,1.0057689013430706
south-augusta,2026-03-07,0,2026-03-07,Flu ED visits pct,quantile,0.25,1.5823987434843654
south-carolina,2026-03-07,0,2026-03-07,Flu ED visits pct,quantile,0.25,1.8214687569648138
springfield,2026-03-07,0,2026-03-07,Flu ED visits pct,quantile,0.25,1.080252200025108
st-cloud,2026-03-07,0,2026-03-07,Flu ED visits pct,quantile,0.25,1.9265349261975986
st-paul,2026-03-07,0,2026-03-07,Flu ED visits pct,quantile,0.25,1.7568032012074233
texas,2026-03-07,0,2026-03-07,Flu ED visits pct,quantile,0.25,1.8104991934426193
triad-area,2026-03-07,0,2026-03-07,Flu ED visits pct,quantile,0.25,1.4389553082471929
utah,2026-03-07,0,2026-03-07,Flu ED visits pct,quantile,0.25,1.443594829364828
virginia,2026-03-07,0,2026-03-07,Flu ED visits pct,quantile,0.25,1.9083783059612394
weld,2026-03-07,0,2026-03-07,Flu ED visits pct,quantile,0.25,1.8775123075941451
wnc,2026-03-07,0,2026-03-07,Flu ED visits pct,quantile,0.25,1.594630293467085
worcester,2026-03-07,0,2026-03-07,Flu ED visits pct,quantile,0.25,1.1599292799347574
athens,2026-03-07,1,2026-03-14,Flu ED visits pct,quantile,0.25,1.4197020559983695
austin,2026-03-07,1,2026-03-14,Flu ED visits pct,quantile,0.25,1.3581947074220868
baltimore,2026-03-07,1,2026-03-14,Flu ED visits pct,quantile,0.25,0.6776700236173607
bangor,2026-03-07,1,2026-03-14,Flu ED visits pct,quantile,0.25,1.1238431464101606
beaumont,2026-03-07,1,2026-03-14,Flu ED visits pct,quantile,0.25,0.806004867007106
boston,2026-03-07,1,2026-03-14,Flu ED visits pct,quantile,0.25,0.830761273088566
boulder,2026-03-07,1,2026-03-14,Flu ED visits pct,quantile,0.25,1.938972667299914
charleston,2026-03-07,1,2026-03-14,Flu ED visits pct,quantile,0.25,1.4026677928243818
cherokee,2026-03-07,1,2026-03-14,Flu ED visits pct,quantile,0.25,1.3371772785694391
clt-area,2026-03-07,1,2026-03-14,Flu ED visits pct,quantile,0.25,2.4990603620788927
colorado,2026-03-07,1,2026-03-14,Flu ED visits pct,quantile,0.25,1.355468632598971
colorado-springs,2026-03-07,1,2026-03-14,Flu ED visits pct,quantile,0.25,1.0918851932902693
columbia,2026-03-07,1,2026-03-14,Flu ED visits pct,quantile,0.25,1.0222686874186566
columbus,2026-03-07,1,2026-03-14,Flu ED visits pct,quantile,0.25,1.3610576293408454
dallas,2026-03-07,1,2026-03-14,Flu ED visits pct,quantile,0.25,1.4048136367070159
denver,2026-03-07,1,2026-03-14,Flu ED visits pct,quantile,0.25,1.4934457390879468
deschutes,2026-03-07,1,2026-03-14,Flu ED visits pct,quantile,0.25,1.4880980652042037
duluth,2026-03-07,1,2026-03-14,Flu ED visits pct,quantile,0.25,1.143318762166104
el-paso,2026-03-07,1,2026-03-14,Flu ED visits pct,quantile,0.25,1.4002264378503446
eugene,2026-03-07,1,2026-03-14,Flu ED visits pct,quantile,0.25,1.411762625160013
fay-area,2026-03-07,1,2026-03-14,Flu ED visits pct,quantile,0.25,2.5050106968571892
florence,2026-03-07,1,2026-03-14,Flu ED visits pct,quantile,0.25,0.9841094170109338
floyd,2026-03-07,1,2026-03-14,Flu ED visits pct,quantile,0.25,1.5698481603632444
frederick,2026-03-07,1,2026-03-14,Flu ED visits pct,quantile,0.25,1.1072214767915134
georgia,2026-03-07,1,2026-03-14,Flu ED visits pct,quantile,0.25,1.006601205745857
greenville,2026-03-07,1,2026-03-14,Flu ED visits pct,quantile,0.25,1.4564960525222723
hall,2026-03-07,1,2026-03-14,Flu ED visits pct,quantile,0.25,1.0225177150487101
harford,2026-03-07,1,2026-03-14,Flu ED visits pct,quantile,0.25,0.5143842505309045
henry,2026-03-07,1,2026-03-14,Flu ED visits pct,quantile,0.25,0.8520053168793578
horry,2026-03-07,1,2026-03-14,Flu ED visits pct,quantile,0.25,1.099706837695073
houston,2026-03-07,1,2026-03-14,Flu ED visits pct,quantile,0.25,0.7386641766741484
indiana,2026-03-07,1,2026-03-14,Flu ED visits pct,quantile,0.25,1.905440027767022
indianapolis,2026-03-07,1,2026-03-14,Flu ED visits pct,quantile,0.25,2.342665017197424
la-grange,2026-03-07,1,2026-03-14,Flu ED visits pct,quantile,0.25,1.0142347020783637
larimer,2026-03-07,1,2026-03-14,Flu ED visits pct,quantile,0.25,1.1735016045913482
lynn,2026-03-07,1,2026-03-14,Flu ED visits pct,quantile,0.25,0.8660375311013554
macon,2026-03-07,1,2026-03-14,Flu ED visits pct,quantile,0.25,0.693372261363406
maine,2026-03-07,1,2026-03-14,Flu ED visits pct,quantile,0.25,0.7893899622890771
marietta,2026-03-07,1,2026-03-14,Flu ED visits pct,quantile,0.25,0.835932105962865
maryland,2026-03-07,1,2026-03-14,Flu ED visits pct,quantile,0.25,0.7940875153513437
massachusetts,2026-03-07,1,2026-03-14,Flu ED visits pct,quantile,0.25,0.9572817840123864
medford,2026-03-07,1,2026-03-14,Flu ED visits pct,quantile,0.25,0.9607987419965767
mesa,2026-03-07,1,2026-03-14,Flu ED visits pct,quantile,0.25,0.8866265468859963
minneapolis,2026-03-07,1,2026-03-14,Flu ED visits pct,quantile,0.25,1.5139689044020204
minnesota,2026-03-07,1,2026-03-14,Flu ED visits pct,quantile,0.25,1.6690361501612505
montgomery,2026-03-07,1,2026-03-14,Flu ED visits pct,quantile,0.25,0.740009696690037
nenc,2026-03-07,1,2026-03-14,Flu ED visits pct,quantile,0.25,1.3077335008746402
new-bedford,2026-03-07,1,2026-03-14,Flu ED visits pct,quantile,0.25,1.2684461543972214
north-carolina,2026-03-07,1,2026-03-14,Flu ED visits pct,quantile,0.25,1.4902776742751755
nyc,2026-03-07,1,2026-03-14,ILI ED visits pct,quantile,0.25,2.6332889784814024
ogden,2026-03-07,1,2026-03-14,Flu ED visits pct,quantile,0.25,1.2813179616461667
oregon,2026-03-07,1,2026-03-14,Flu ED visits pct,quantile,0.25,1.5141981775951656
pittsfield,2026-03-07,1,2026-03-14,Flu ED visits pct,quantile,0.25,0.49386549751959286
portland,2026-03-07,1,2026-03-14,Flu ED visits pct,quantile,0.25,0.633710462958954
portland-or,2026-03-07,1,2026-03-14,Flu ED visits pct,quantile,0.25,1.729543980712066
provo,2026-03-07,1,2026-03-14,Flu ED visits pct,quantile,0.25,0.5570045891661997
roanoke,2026-03-07,1,2026-03-14,Flu ED visits pct,quantile,0.25,2.323994069922469
rochester,2026-03-07,1,2026-03-14,Flu ED visits pct,quantile,0.25,1.9423444694854954
rock-hill,2026-03-07,1,2026-03-14,Flu ED visits pct,quantile,0.25,0.17760521428910273
rtp-area,2026-03-07,1,2026-03-14,Flu ED visits pct,quantile,0.25,1.3635490984064527
salem,2026-03-07,1,2026-03-14,Flu ED visits pct,quantile,0.25,1.6289080532663816
salt-lake-city,2026-03-07,1,2026-03-14,Flu ED visits pct,quantile,0.25,1.1201436977805472
san-antonio,2026-03-07,1,2026-03-14,Flu ED visits pct,quantile,0.25,2.174365464103878
savannah,2026-03-07,1,2026-03-14,Flu ED visits pct,quantile,0.25,0.38149708189724124
senc,2026-03-07,1,2026-03-14,Flu ED visits pct,quantile,0.25,0.7521776450582754
south-augusta,2026-03-07,1,2026-03-14,Flu ED visits pct,quantile,0.25,1.1299960705198793
south-carolina,2026-03-07,1,2026-03-14,Flu ED visits pct,quantile,0.25,1.410242614991996
springfield,2026-03-07,1,2026-03-14,Flu ED visits pct,quantile,0.25,0.9696132833018958
st-cloud,2026-03-07,1,2026-03-14,Flu ED visits pct,quantile,0.25,1.4250885389098071
st-paul,2026-03-07,1,2026-03-14,Flu ED visits pct,quantile,0.25,1.5723711205325015
texas,2026-03-07,1,2026-03-14,Flu ED visits pct,quantile,0.25,1.4991086042489492
triad-area,2026-03-07,1,2026-03-14,Flu ED visits pct,quantile,0.25,1.099106123319023
utah,2026-03-07,1,2026-03-14,Flu ED visits pct,quantile,0.25,1.1392183801936162
virginia,2026-03-07,1,2026-03-14,Flu ED visits pct,quantile,0.25,1.7448278440747622
weld,2026-03-07,1,2026-03-14,Flu ED visits pct,quantile,0.25,1.6246861155389136
wnc,2026-03-07,1,2026-03-14,Flu ED visits pct,quantile,0.25,1.2455843809030205
worcester,2026-03-07,1,2026-03-14,Flu ED visits pct,quantile,0.25,1.0155352740306145
athens,2026-03-07,2,2026-03-21,Flu ED visits pct,quantile,0.25,0.9623739331474632
austin,2026-03-07,2,2026-03-21,Flu ED visits pct,quantile,0.25,0.9483656314909525
baltimore,2026-03-07,2,2026-03-21,Flu ED visits pct,quantile,0.25,0.7225115086417104
bangor,2026-03-07,2,2026-03-21,Flu ED visits pct,quantile,0.25,0.7754197445006878
beaumont,2026-03-07,2,2026-03-21,Flu ED visits pct,quantile,0.25,0.5675276395455363
boston,2026-03-07,2,2026-03-21,Flu ED visits pct,quantile,0.25,0.6903875476060509
boulder,2026-03-07,2,2026-03-21,Flu ED visits pct,quantile,0.25,1.2309118966740598
charleston,2026-03-07,2,2026-03-21,Flu ED visits pct,quantile,0.25,0.9522327815243656
cherokee,2026-03-07,2,2026-03-21,Flu ED visits pct,quantile,0.25,0.8910522326151051
clt-area,2026-03-07,2,2026-03-21,Flu ED visits pct,quantile,0.25,1.6078014852258915
colorado,2026-03-07,2,2026-03-21,Flu ED visits pct,quantile,0.25,1.065991594085911
colorado-springs,2026-03-07,2,2026-03-21,Flu ED visits pct,quantile,0.25,0.7670315952979514
columbia,2026-03-07,2,2026-03-21,Flu ED visits pct,quantile,0.25,0.7260377615183266
columbus,2026-03-07,2,2026-03-21,Flu ED visits pct,quantile,0.25,0.8310598775323927
dallas,2026-03-07,2,2026-03-21,Flu ED visits pct,quantile,0.25,1.0086507320787785
denver,2026-03-07,2,2026-03-21,Flu ED visits pct,quantile,0.25,1.183053808037957
deschutes,2026-03-07,2,2026-03-21,Flu ED visits pct,quantile,0.25,1.034363188385382
duluth,2026-03-07,2,2026-03-21,Flu ED visits pct,quantile,0.25,0.8153306800549566
el-paso,2026-03-07,2,2026-03-21,Flu ED visits pct,quantile,0.25,1.5834936806492523
eugene,2026-03-07,2,2026-03-21,Flu ED visits pct,quantile,0.25,0.8959488570172571
fay-area,2026-03-07,2,2026-03-21,Flu ED visits pct,quantile,0.25,1.6196617884703512
florence,2026-03-07,2,2026-03-21,Flu ED visits pct,quantile,0.25,0.6458256041946029
floyd,2026-03-07,2,2026-03-21,Flu ED visits pct,quantile,0.25,1.0392080491989761
frederick,2026-03-07,2,2026-03-21,Flu ED visits pct,quantile,0.25,0.9234874655964456
georgia,2026-03-07,2,2026-03-21,Flu ED visits pct,quantile,0.25,0.7723445417551561
greenville,2026-03-07,2,2026-03-21,Flu ED visits pct,quantile,0.25,1.0049961236301261
hall,2026-03-07,2,2026-03-21,Flu ED visits pct,quantile,0.25,0.7371235326078684
harford,2026-03-07,2,2026-03-21,Flu ED visits pct,quantile,0.25,0.4309405165765677
henry,2026-03-07,2,2026-03-21,Flu ED visits pct,quantile,0.25,0.6137259700969022
horry,2026-03-07,2,2026-03-21,Flu ED visits pct,quantile,0.25,0.8008693301099268
houston,2026-03-07,2,2026-03-21,Flu ED visits pct,quantile,0.25,0.5878787549136354
indiana,2026-03-07,2,2026-03-21,Flu ED visits pct,quantile,0.25,1.3012115965782367
indianapolis,2026-03-07,2,2026-03-21,Flu ED visits pct,quantile,0.25,1.4522464222574536
la-grange,2026-03-07,2,2026-03-21,Flu ED visits pct,quantile,0.25,0.6800182576790196
larimer,2026-03-07,2,2026-03-21,Flu ED visits pct,quantile,0.25,0.8537356288720627
lynn,2026-03-07,2,2026-03-21,Flu ED visits pct,quantile,0.25,0.7126791522650582
macon,2026-03-07,2,2026-03-21,Flu ED visits pct,quantile,0.25,0.4755424009881839
maine,2026-03-07,2,2026-03-21,Flu ED visits pct,quantile,0.25,0.593003679152588
marietta,2026-03-07,2,2026-03-21,Flu ED visits pct,quantile,0.25,0.5534923208716852
maryland,2026-03-07,2,2026-03-21,Flu ED visits pct,quantile,0.25,0.7054438589751083
massachusetts,2026-03-07,2,2026-03-21,Flu ED visits pct,quantile,0.25,0.7806115996555477
medford,2026-03-07,2,2026-03-21,Flu ED visits pct,quantile,0.25,0.6310814113497484
mesa,2026-03-07,2,2026-03-21,Flu ED visits pct,quantile,0.25,0.6420927085009565
minneapolis,2026-03-07,2,2026-03-21,Flu ED visits pct,quantile,0.25,1.2010263661309184
minnesota,2026-03-07,2,2026-03-21,Flu ED visits pct,quantile,0.25,1.2768116740308078
montgomery,2026-03-07,2,2026-03-21,Flu ED visits pct,quantile,0.25,0.6994170579254501
nenc,2026-03-07,2,2026-03-21,Flu ED visits pct,quantile,0.25,0.8219279428990933
new-bedford,2026-03-07,2,2026-03-21,Flu ED visits pct,quantile,0.25,1.0120455152046555
north-carolina,2026-03-07,2,2026-03-21,Flu ED visits pct,quantile,0.25,0.9442767447180266
nyc,2026-03-07,2,2026-03-21,ILI ED visits pct,quantile,0.25,2.5513122626897107
ogden,2026-03-07,2,2026-03-21,Flu ED visits pct,quantile,0.25,0.8610594142126884
oregon,2026-03-07,2,2026-03-21,Flu ED visits pct,quantile,0.25,1.0445888137550077
pittsfield,2026-03-07,2,2026-03-21,Flu ED visits pct,quantile,0.25,0.3951852407889431
portland,2026-03-07,2,2026-03-21,Flu ED visits pct,quantile,0.25,0.4784293714885774
portland-or,2026-03-07,2,2026-03-21,Flu ED visits pct,quantile,0.25,1.1728610184117152
provo,2026-03-07,2,2026-03-21,Flu ED visits pct,quantile,0.25,0.41868404151313104
roanoke,2026-03-07,2,2026-03-21,Flu ED visits pct,quantile,0.25,1.6697047831441136
rochester,2026-03-07,2,2026-03-21,Flu ED visits pct,quantile,0.25,1.2692366672693725
rock-hill,2026-03-07,2,2026-03-21,Flu ED visits pct,quantile,0.25,0.13836898808626927
rtp-area,2026-03-07,2,2026-03-21,Flu ED visits pct,quantile,0.25,0.8532111469919055
salem,2026-03-07,2,2026-03-21,Flu ED visits pct,quantile,0.25,1.013262368786343
salt-lake-city,2026-03-07,2,2026-03-21,Flu ED visits pct,quantile,0.25,0.7980474379926767
san-antonio,2026-03-07,2,2026-03-21,Flu ED visits pct,quantile,0.25,1.444490821502874
savannah,2026-03-07,2,2026-03-21,Flu ED visits pct,quantile,0.25,0.24181299192103056
senc,2026-03-07,2,2026-03-21,Flu ED visits pct,quantile,0.25,0.4910525303368297
south-augusta,2026-03-07,2,2026-03-21,Flu ED visits pct,quantile,0.25,0.6802136493518647
south-carolina,2026-03-07,2,2026-03-21,Flu ED visits pct,quantile,0.25,0.9538603270476845
springfield,2026-03-07,2,2026-03-21,Flu ED visits pct,quantile,0.25,0.8204863459144017
st-cloud,2026-03-07,2,2026-03-21,Flu ED visits pct,quantile,0.25,0.9484570513416618
st-paul,2026-03-07,2,2026-03-21,Flu ED visits pct,quantile,0.25,1.2999744437066696
texas,2026-03-07,2,2026-03-21,Flu ED visits pct,quantile,0.25,1.0987815421252212
triad-area,2026-03-07,2,2026-03-21,Flu ED visits pct,quantile,0.25,0.7481613515588178
utah,2026-03-07,2,2026-03-21,Flu ED visits pct,quantile,0.25,0.8051808935543794
virginia,2026-03-07,2,2026-03-21,Flu ED visits pct,quantile,0.25,1.4478326385092586
weld,2026-03-07,2,2026-03-21,Flu ED visits pct,quantile,0.25,1.2071354945278827
wnc,2026-03-07,2,2026-03-21,Flu ED visits pct,quantile,0.25,0.77026951834444
worcester,2026-03-07,2,2026-03-21,Flu ED visits pct,quantile,0.25,0.8014982031646337
athens,2026-03-07,3,2026-03-28,Flu ED visits pct,quantile,0.25,0.7936361384640781
austin,2026-03-07,3,2026-03-28,Flu ED visits pct,quantile,0.25,0.7963312589759884
baltimore,2026-03-07,3,2026-03-28,Flu ED visits pct,quantile,0.25,0.7292979325325879
bangor,2026-03-07,3,2026-03-28,Flu ED visits pct,quantile,0.25,0.6543937682335559
beaumont,2026-03-07,3,2026-03-28,Flu ED visits pct,quantile,0.25,0.5042566013466804
boston,2026-03-07,3,2026-03-28,Flu ED visits pct,quantile,0.25,0.6601497878570672
boulder,2026-03-07,3,2026-03-28,Flu ED visits pct,quantile,0.25,0.9548988682356728
charleston,2026-03-07,3,2026-03-28,Flu ED visits pct,quantile,0.25,0.7384823830418799
cherokee,2026-03-07,3,2026-03-28,Flu ED visits pct,quantile,0.25,0.7362755107580443
clt-area,2026-03-07,3,2026-03-28,Flu ED visits pct,quantile,0.25,1.2315857504845713
colorado,2026-03-07,3,2026-03-28,Flu ED visits pct,quantile,0.25,0.8752840222229654
colorado-springs,2026-03-07,3,2026-03-28,Flu ED visits pct,quantile,0.25,0.6083867546645538
columbia,2026-03-07,3,2026-03-28,Flu ED visits pct,quantile,0.25,0.593010414724605
columbus,2026-03-07,3,2026-03-28,Flu ED visits pct,quantile,0.25,0.6186779008031086
dallas,2026-03-07,3,2026-03-28,Flu ED visits pct,quantile,0.25,0.8595216335822606
denver,2026-03-07,3,2026-03-28,Flu ED visits pct,quantile,0.25,1.058307299489296
deschutes,2026-03-07,3,2026-03-28,Flu ED visits pct,quantile,0.25,0.8201922816099656
duluth,2026-03-07,3,2026-03-28,Flu ED visits pct,quantile,0.25,0.6990417188034942
el-paso,2026-03-07,3,2026-03-28,Flu ED visits pct,quantile,0.25,1.590336420853716
eugene,2026-03-07,3,2026-03-28,Flu ED visits pct,quantile,0.25,0.6664120709058535
fay-area,2026-03-07,3,2026-03-28,Flu ED visits pct,quantile,0.25,1.2454347595526607
florence,2026-03-07,3,2026-03-28,Flu ED visits pct,quantile,0.25,0.5437516453780469
floyd,2026-03-07,3,2026-03-28,Flu ED visits pct,quantile,0.25,0.8608822775415106
frederick,2026-03-07,3,2026-03-28,Flu ED visits pct,quantile,0.25,0.8406119036433213
georgia,2026-03-07,3,2026-03-28,Flu ED visits pct,quantile,0.25,0.6590584914262453
greenville,2026-03-07,3,2026-03-28,Flu ED visits pct,quantile,0.25,0.8122847238097944
hall,2026-03-07,3,2026-03-28,Flu ED visits pct,quantile,0.25,0.6289111199009068
harford,2026-03-07,3,2026-03-28,Flu ED visits pct,quantile,0.25,0.4150611790998844
henry,2026-03-07,3,2026-03-28,Flu ED visits pct,quantile,0.25,0.5401147323997998
horry,2026-03-07,3,2026-03-28,Flu ED visits pct,quantile,0.25,0.6821118462699154
houston,2026-03-07,3,2026-03-28,Flu ED visits pct,quantile,0.25,0.584079824506092
indiana,2026-03-07,3,2026-03-28,Flu ED visits pct,quantile,0.25,1.039867224682726
indianapolis,2026-03-07,3,2026-03-28,Flu ED visits pct,quantile,0.25,1.1452064063232148
la-grange,2026-03-07,3,2026-03-28,Flu ED visits pct,quantile,0.25,0.5335316001655761
larimer,2026-03-07,3,2026-03-28,Flu ED visits pct,quantile,0.25,0.7116230314358769
lynn,2026-03-07,3,2026-03-28,Flu ED visits pct,quantile,0.25,0.6848527307924615
macon,2026-03-07,3,2026-03-28,Flu ED visits pct,quantile,0.25,0.40526186267375586
maine,2026-03-07,3,2026-03-28,Flu ED visits pct,quantile,0.25,0.5190536809095603
marietta,2026-03-07,3,2026-03-28,Flu ED visits pct,quantile,0.25,0.45207868066176177
maryland,2026-03-07,3,2026-03-28,Flu ED visits pct,quantile,0.25,0.6882275621412521
massachusetts,2026-03-07,3,2026-03-28,Flu ED visits pct,quantile,0.25,0.7383380521304781
medford,2026-03-07,3,2026-03-28,Flu ED visits pct,quantile,0.25,0.4776936206540774
mesa,2026-03-07,3,2026-03-28,Flu ED visits pct,quantile,0.25,0.5451467042733544
minneapolis,2026-03-07,3,2026-03-28,Flu ED visits pct,quantile,0.25,1.0929472886073488
minnesota,2026-03-07,3,2026-03-28,Flu ED visits pct,quantile,0.25,1.1121099582219656
montgomery,2026-03-07,3,2026-03-28,Flu ED visits pct,quantile,0.25,0.6630127599065178
nenc,2026-03-07,3,2026-03-28,Flu ED visits pct,quantile,0.25,0.6469055822451626
new-bedford,2026-03-07,3,2026-03-28,Flu ED visits pct,quantile,0.25,0.9001811171999808
north-carolina,2026-03-07,3,2026-03-28,Flu ED visits pct,quantile,0.25,0.7357735313852591
nyc,2026-03-07,3,2026-03-28,ILI ED visits pct,quantile,0.25,2.511416579620799
ogden,2026-03-07,3,2026-03-28,Flu ED visits pct,quantile,0.25,0.7209601626526941
oregon,2026-03-07,3,2026-03-28,Flu ED visits pct,quantile,0.25,0.8014932460058062
pittsfield,2026-03-07,3,2026-03-28,Flu ED visits pct,quantile,0.25,0.3916544158506339
portland,2026-03-07,3,2026-03-28,Flu ED visits pct,quantile,0.25,0.4237382659070941
portland-or,2026-03-07,3,2026-03-28,Flu ED visits pct,quantile,0.25,0.9246230180908026
provo,2026-03-07,3,2026-03-28,Flu ED visits pct,quantile,0.25,0.4066909750445422
roanoke,2026-03-07,3,2026-03-28,Flu ED visits pct,quantile,0.25,1.4190908085066658
rochester,2026-03-07,3,2026-03-28,Flu ED visits pct,quantile,0.25,0.9834981398342393
rock-hill,2026-03-07,3,2026-03-28,Flu ED visits pct,quantile,0.25,0.1332523254807026
rtp-area,2026-03-07,3,2026-03-28,Flu ED visits pct,quantile,0.25,0.6518299167312669
salem,2026-03-07,3,2026-03-28,Flu ED visits pct,quantile,0.25,0.7593875955624974
salt-lake-city,2026-03-07,3,2026-03-28,Flu ED visits pct,quantile,0.25,0.6876022151092396
san-antonio,2026-03-07,3,2026-03-28,Flu ED visits pct,quantile,0.25,1.150763866693693
savannah,2026-03-07,3,2026-03-28,Flu ED visits pct,quantile,0.25,0.19472048074043516
senc,2026-03-07,3,2026-03-28,Flu ED visits pct,quantile,0.25,0.37408576151255846
south-augusta,2026-03-07,3,2026-03-28,Flu ED visits pct,quantile,0.25,0.5140401152955282
south-carolina,2026-03-07,3,2026-03-28,Flu ED visits pct,quantile,0.25,0.7780093751299977
springfield,2026-03-07,3,2026-03-28,Flu ED visits pct,quantile,0.25,0.7798665598896912
st-cloud,2026-03-07,3,2026-03-28,Flu ED visits pct,quantile,0.25,0.7385284963502756
st-paul,2026-03-07,3,2026-03-28,Flu ED visits pct,quantile,0.25,1.1713000887752294
texas,2026-03-07,3,2026-03-28,Flu ED visits pct,quantile,0.25,0.98970047961929
triad-area,2026-03-07,3,2026-03-28,Flu ED visits pct,quantile,0.25,0.6213532342087441
utah,2026-03-07,3,2026-03-28,Flu ED visits pct,quantile,0.25,0.6878062416320829
virginia,2026-03-07,3,2026-03-28,Flu ED visits pct,quantile,0.25,1.258923331385264
weld,2026-03-07,3,2026-03-28,Flu ED visits pct,quantile,0.25,1.1363336859061752
wnc,2026-03-07,3,2026-03-28,Flu ED visits pct,quantile,0.25,0.5770506735148089
worcester,2026-03-07,3,2026-03-28,Flu ED visits pct,quantile,0.25,0.7431128415920261
athens,2026-03-07,0,2026-03-07,Flu ED visits pct,quantile,0.5,2.2572037213846787
austin,2026-03-07,0,2026-03-07,Flu ED visits pct,quantile,0.5,2.165863952466994
baltimore,2026-03-07,0,2026-03-07,Flu ED visits pct,quantile,0.5,1.1270995768866403
bangor,2026-03-07,0,2026-03-07,Flu ED visits pct,quantile,0.5,1.7860689701851693
beaumont,2026-03-07,0,2026-03-07,Flu ED visits pct,quantile,0.5,1.3331997798452593
boston,2026-03-07,0,2026-03-07,Flu ED visits pct,quantile,0.5,1.4498957654025462
boulder,2026-03-07,0,2026-03-07,Flu ED visits pct,quantile,0.5,3.089577601067844
charleston,2026-03-07,0,2026-03-07,Flu ED visits pct,quantile,0.5,2.3407133698844356
cherokee,2026-03-07,0,2026-03-07,Flu ED visits pct,quantile,0.5,2.2971588223671517
clt-area,2026-03-07,0,2026-03-07,Flu ED visits pct,quantile,0.5,3.873859382390484
colorado,2026-03-07,0,2026-03-07,Flu ED visits pct,quantile,0.5,1.952199950085961
colorado-springs,2026-03-07,0,2026-03-07,Flu ED visits pct,quantile,0.5,1.6958837945090703
columbia,2026-03-07,0,2026-03-07,Flu ED visits pct,quantile,0.5,1.7546104766922912
columbus,2026-03-07,0,2026-03-07,Flu ED visits pct,quantile,0.5,2.402596115509975
dallas,2026-03-07,0,2026-03-07,Flu ED visits pct,quantile,0.5,2.116086824933885
denver,2026-03-07,0,2026-03-07,Flu ED visits pct,quantile,0.5,2.0611397420879523
deschutes,2026-03-07,0,2026-03-07,Flu ED visits pct,quantile,0.5,2.5254308742663736
duluth,2026-03-07,0,2026-03-07,Flu ED visits pct,quantile,0.5,1.853587015679863
el-paso,2026-03-07,0,2026-03-07,Flu ED visits pct,quantile,0.5,1.9316742279765775
eugene,2026-03-07,0,2026-03-07,Flu ED visits pct,quantile,0.5,2.3982917244063144
fay-area,2026-03-07,0,2026-03-07,Flu ED visits pct,quantile,0.5,3.690283757884466
florence,2026-03-07,0,2026-03-07,Flu ED visits pct,quantile,0.5,1.784795237465015
floyd,2026-03-07,0,2026-03-07,Flu ED visits pct,quantile,0.5,2.4829287088318286
frederick,2026-03-07,0,2026-03-07,Flu ED visits pct,quantile,0.5,1.9548687785952605
georgia,2026-03-07,0,2026-03-07,Flu ED visits pct,quantile,0.5,1.519155945293478
greenville,2026-03-07,0,2026-03-07,Flu ED visits pct,quantile,0.5,2.3862659302954623
hall,2026-03-07,0,2026-03-07,Flu ED visits pct,quantile,0.5,1.6175006925874214
harford,2026-03-07,0,2026-03-07,Flu ED visits pct,quantile,0.5,0.9934750063589859
henry,2026-03-07,0,2026-03-07,Flu ED visits pct,quantile,0.5,1.379397584782004
horry,2026-03-07,0,2026-03-07,Flu ED visits pct,quantile,0.5,1.6333255892579488
houston,2026-03-07,0,2026-03-07,Flu ED visits pct,quantile,0.5,1.120292318411023
indiana,2026-03-07,0,2026-03-07,Flu ED visits pct,quantile,0.5,2.9389697583700554
indianapolis,2026-03-07,0,2026-03-07,Flu ED visits pct,quantile,0.5,3.6248599569220272
la-grange,2026-03-07,0,2026-03-07,Flu ED visits pct,quantile,0.5,1.73755698384251
larimer,2026-03-07,0,2026-03-07,Flu ED visits pct,quantile,0.5,1.8324471510219538
lynn,2026-03-07,0,2026-03-07,Flu ED visits pct,quantile,0.5,1.4728694041428403
macon,2026-03-07,0,2026-03-07,Flu ED visits pct,quantile,0.5,1.1880090513749482
maine,2026-03-07,0,2026-03-07,Flu ED visits pct,quantile,0.5,1.238056496346091
marietta,2026-03-07,0,2026-03-07,Flu ED visits pct,quantile,0.5,1.505149547065162
maryland,2026-03-07,0,2026-03-07,Flu ED visits pct,quantile,0.5,1.3086334412522234
massachusetts,2026-03-07,0,2026-03-07,Flu ED visits pct,quantile,0.5,1.5779831042694348
medford,2026-03-07,0,2026-03-07,Flu ED visits pct,quantile,0.5,1.9112840175180208
mesa,2026-03-07,0,2026-03-07,Flu ED visits pct,quantile,0.5,1.3244567604156414
minneapolis,2026-03-07,0,2026-03-07,Flu ED visits pct,quantile,0.5,2.3303228239048877
minnesota,2026-03-07,0,2026-03-07,Flu ED visits pct,quantile,0.5,2.350626431256107
montgomery,2026-03-07,0,2026-03-07,Flu ED visits pct,quantile,0.5,1.236100641211132
nenc,2026-03-07,0,2026-03-07,Flu ED visits pct,quantile,0.5,1.9888286697105075
new-bedford,2026-03-07,0,2026-03-07,Flu ED visits pct,quantile,0.5,2.0059685153616695
north-carolina,2026-03-07,0,2026-03-07,Flu ED visits pct,quantile,0.5,2.5500833855937817
nyc,2026-03-07,0,2026-03-07,ILI ED visits pct,quantile,0.5,3.1720966734436837
ogden,2026-03-07,0,2026-03-07,Flu ED visits pct,quantile,0.5,1.9143571849924779
oregon,2026-03-07,0,2026-03-07,Flu ED visits pct,quantile,0.5,2.383118044773053
pittsfield,2026-03-07,0,2026-03-07,Flu ED visits pct,quantile,0.5,0.9377717951545821
portland,2026-03-07,0,2026-03-07,Flu ED visits pct,quantile,0.5,1.0170614599801686
portland-or,2026-03-07,0,2026-03-07,Flu ED visits pct,quantile,0.5,2.6968968833339897
provo,2026-03-07,0,2026-03-07,Flu ED visits pct,quantile,0.5,0.9310660262658955
roanoke,2026-03-07,0,2026-03-07,Flu ED visits pct,quantile,0.5,3.53598499347433
rochester,2026-03-07,0,2026-03-07,Flu ED visits pct,quantile,0.5,3.3827952943553856
rock-hill,2026-03-07,0,2026-03-07,Flu ED visits pct,quantile,0.5,0.5336760762095211
rtp-area,2026-03-07,0,2026-03-07,Flu ED visits pct,quantile,0.5,2.1642383403907623
salem,2026-03-07,0,2026-03-07,Flu ED visits pct,quantile,0.5,3.0270795134350927
salt-lake-city,2026-03-07,0,2026-03-07,Flu ED visits pct,quantile,0.5,1.73741901270187
san-antonio,2026-03-07,0,2026-03-07,Flu ED visits pct,quantile,0.5,3.585627102462939
savannah,2026-03-07,0,2026-03-07,Flu ED visits pct,quantile,0.5,0.7614753552669116
senc,2026-03-07,0,2026-03-07,Flu ED visits pct,quantile,0.5,1.1909536064000175
south-augusta,2026-03-07,0,2026-03-07,Flu ED visits pct,quantile,0.5,1.8560814710287357
south-carolina,2026-03-07,0,2026-03-07,Flu ED visits pct,quantile,0.5,2.139397120040405
springfield,2026-03-07,0,2026-03-07,Flu ED visits pct,quantile,0.5,1.7044630256164375
st-cloud,2026-03-07,0,2026-03-07,Flu ED visits pct,quantile,0.5,2.6450398331383873
st-paul,2026-03-07,0,2026-03-07,Flu ED visits pct,quantile,0.5,2.5267720618768057
texas,2026-03-07,0,2026-03-07,Flu ED visits pct,quantile,0.5,2.175741613725148
triad-area,2026-03-07,0,2026-03-07,Flu ED visits pct,quantile,0.5,1.7355815838991064
utah,2026-03-07,0,2026-03-07,Flu ED visits pct,quantile,0.5,1.675612047425266
virginia,2026-03-07,0,2026-03-07,Flu ED visits pct,quantile,0.5,2.4051619600042256
weld,2026-03-07,0,2026-03-07,Flu ED visits pct,quantile,0.5,2.4886795866910125
wnc,2026-03-07,0,2026-03-07,Flu ED visits pct,quantile,0.5,1.9646196670678169
worcester,2026-03-07,0,2026-03-07,Flu ED visits pct,quantile,0.5,1.6369858622078546
athens,2026-03-07,1,2026-03-14,Flu ED visits pct,quantile,0.5,1.4569017208693242
austin,2026-03-07,1,2026-03-14,Flu ED visits pct,quantile,0.5,1.6060756239958365
baltimore,2026-03-07,1,2026-03-14,Flu ED visits pct,quantile,0.5,1.0024675772528915
bangor,2026-03-07,1,2026-03-14,Flu ED visits pct,quantile,0.5,1.3337790866157708
beaumont,2026-03-07,1,2026-03-14,Flu ED visits pct,quantile,0.5,1.0070686130096766
boston,2026-03-07,1,2026-03-14,Flu ED visits pct,quantile,0.5,1.1519742198271863
boulder,2026-03-07,1,2026-03-14,Flu ED visits pct,quantile,0.5,2.1240413433236047
charleston,2026-03-07,1,2026-03-14,Flu ED visits pct,quantile,0.5,1.791327880026314
cherokee,2026-03-07,1,2026-03-14,Flu ED visits pct,quantile,0.5,1.4539301226053434
clt-area,2026-03-07,1,2026-03-14,Flu ED visits pct,quantile,0.5,3.0302529285749205
colorado,2026-03-07,1,2026-03-14,Flu ED visits pct,quantile,0.5,1.4339156676382923
colorado-springs,2026-03-07,1,2026-03-14,Flu ED visits pct,quantile,0.5,1.1768916090443575
columbia,2026-03-07,1,2026-03-14,Flu ED visits pct,quantile,0.5,1.0580451251912066
columbus,2026-03-07,1,2026-03-14,Flu ED visits pct,quantile,0.5,1.8186249901449876
dallas,2026-03-07,1,2026-03-14,Flu ED visits pct,quantile,0.5,1.6390595216780348
denver,2026-03-07,1,2026-03-14,Flu ED visits pct,quantile,0.5,1.4985636522251033
deschutes,2026-03-07,1,2026-03-14,Flu ED visits pct,quantile,0.5,1.9332529473072138
duluth,2026-03-07,1,2026-03-14,Flu ED visits pct,quantile,0.5,1.4075350470486163
el-paso,2026-03-07,1,2026-03-14,Flu ED visits pct,quantile,0.5,1.7057750524206723
eugene,2026-03-07,1,2026-03-14,Flu ED visits pct,quantile,0.5,1.7166793834816918
fay-area,2026-03-07,1,2026-03-14,Flu ED visits pct,quantile,0.5,2.9136161281349144
florence,2026-03-07,1,2026-03-14,Flu ED visits pct,quantile,0.5,1.2775260260695782
floyd,2026-03-07,1,2026-03-14,Flu ED visits pct,quantile,0.5,1.5898905302194417
frederick,2026-03-07,1,2026-03-14,Flu ED visits pct,quantile,0.5,1.567325177441553
georgia,2026-03-07,1,2026-03-14,Flu ED visits pct,quantile,0.5,1.091043081478432
greenville,2026-03-07,1,2026-03-14,Flu ED visits pct,quantile,0.5,1.5970624522087238
hall,2026-03-07,1,2026-03-14,Flu ED visits pct,quantile,0.5,1.0768774652716695
harford,2026-03-07,1,2026-03-14,Flu ED visits pct,quantile,0.5,0.8349850817145129
henry,2026-03-07,1,2026-03-14,Flu ED visits pct,quantile,0.5,0.8976497967883345
horry,2026-03-07,1,2026-03-14,Flu ED visits pct,quantile,0.5,1.214948667924514
houston,2026-03-07,1,2026-03-14,Flu ED visits pct,quantile,0.5,0.9618836551455889
indiana,2026-03-07,1,2026-03-14,Flu ED visits pct,quantile,0.5,1.924236114672897
indianapolis,2026-03-07,1,2026-03-14,Flu ED visits pct,quantile,0.5,2.5661496677278413
la-grange,2026-03-07,1,2026-03-14,Flu ED visits pct,quantile,0.5,1.1902682422062412
larimer,2026-03-07,1,2026-03-14,Flu ED visits pct,quantile,0.5,1.2254809038664036
lynn,2026-03-07,1,2026-03-14,Flu ED visits pct,quantile,0.5,1.243226701127311
macon,2026-03-07,1,2026-03-14,Flu ED visits pct,quantile,0.5,0.8741980505569453
maine,2026-03-07,1,2026-03-14,Flu ED visits pct,quantile,0.5,0.9223206945951725
marietta,2026-03-07,1,2026-03-14,Flu ED visits pct,quantile,0.5,0.9310149801827434
maryland,2026-03-07,1,2026-03-14,Flu ED visits pct,quantile,0.5,1.1802096690216346
massachusetts,2026-03-07,1,2026-03-14,Flu ED visits pct,quantile,0.5,1.2481683531861563
medford,2026-03-07,1,2026-03-14,Flu ED visits pct,quantile,0.5,1.3309848319580142
mesa,2026-03-07,1,2026-03-14,Flu ED visits pct,quantile,0.5,1.021073578056051
minneapolis,2026-03-07,1,2026-03-14,Flu ED visits pct,quantile,0.5,1.8298560413000016
minnesota,2026-03-07,1,2026-03-14,Flu ED visits pct,quantile,0.5,1.8149107153795976
montgomery,2026-03-07,1,2026-03-14,Flu ED visits pct,quantile,0.5,1.0929963476645168
nenc,2026-03-07,1,2026-03-14,Flu ED visits pct,quantile,0.5,1.613755963400334
new-bedford,2026-03-07,1,2026-03-14,Flu ED visits pct,quantile,0.5,1.533588178770185
north-carolina,2026-03-07,1,2026-03-14,Flu ED visits pct,quantile,0.5,1.9526620201663152
nyc,2026-03-07,1,2026-03-14,ILI ED visits pct,quantile,0.5,2.9442483946355145
ogden,2026-03-07,1,2026-03-14,Flu ED visits pct,quantile,0.5,1.4336416358244877
oregon,2026-03-07,1,2026-03-14,Flu ED visits pct,quantile,0.5,1.8730256611124947
pittsfield,2026-03-07,1,2026-03-14,Flu ED visits pct,quantile,0.5,0.7959667556111778
portland,2026-03-07,1,2026-03-14,Flu ED visits pct,quantile,0.5,0.7554502281379935
portland-or,2026-03-07,1,2026-03-14,Flu ED visits pct,quantile,0.5,2.067973689346638
provo,2026-03-07,1,2026-03-14,Flu ED visits pct,quantile,0.5,0.7616181020146553
roanoke,2026-03-07,1,2026-03-14,Flu ED visits pct,quantile,0.5,2.7065277071263343
rochester,2026-03-07,1,2026-03-14,Flu ED visits pct,quantile,0.5,2.5197251299374726
rock-hill,2026-03-07,1,2026-03-14,Flu ED visits pct,quantile,0.5,0.42799639429944
rtp-area,2026-03-07,1,2026-03-14,Flu ED visits pct,quantile,0.5,1.723913519336811
salem,2026-03-07,1,2026-03-14,Flu ED visits pct,quantile,0.5,2.2125953760465054
salt-lake-city,2026-03-07,1,2026-03-14,Flu ED visits pct,quantile,0.5,1.3335667702636633
san-antonio,2026-03-07,1,2026-03-14,Flu ED visits pct,quantile,0.5,2.8199091941698367
savannah,2026-03-07,1,2026-03-14,Flu ED visits pct,quantile,0.5,0.5358812643689916
senc,2026-03-07,1,2026-03-14,Flu ED visits pct,quantile,0.5,0.8878152934823076
south-augusta,2026-03-07,1,2026-03-14,Flu ED visits pct,quantile,0.5,1.2702945180135117
south-carolina,2026-03-07,1,2026-03-14,Flu ED visits pct,quantile,0.5,1.4850783783261226
springfield,2026-03-07,1,2026-03-14,Flu ED visits pct,quantile,0.5,1.3936314684237574
st-cloud,2026-03-07,1,2026-03-14,Flu ED visits pct,quantile,0.5,1.812280332106811
st-paul,2026-03-07,1,2026-03-14,Flu ED visits pct,quantile,0.5,2.058783424469441
texas,2026-03-07,1,2026-03-14,Flu ED visits pct,quantile,0.5,1.686957079601924
triad-area,2026-03-07,1,2026-03-14,Flu ED visits pct,quantile,0.5,1.3430471787595453
utah,2026-03-07,1,2026-03-14,Flu ED visits pct,quantile,0.5,1.2834801694786766
virginia,2026-03-07,1,2026-03-14,Flu ED visits pct,quantile,0.5,1.943705563704905
weld,2026-03-07,1,2026-03-14,Flu ED visits pct,quantile,0.5,1.75098818555233
wnc,2026-03-07,1,2026-03-14,Flu ED visits pct,quantile,0.5,1.5894833462877522
worcester,2026-03-07,1,2026-03-14,Flu ED visits pct,quantile,0.5,1.3203612248029464
athens,2026-03-07,2,2026-03-21,Flu ED visits pct,quantile,0.5,1.0573829571650135
austin,2026-03-07,2,2026-03-21,Flu ED visits pct,quantile,0.5,1.2905697949900692
baltimore,2026-03-07,2,2026-03-21,Flu ED visits pct,quantile,0.5,1.0122922722040988
bangor,2026-03-07,2,2026-03-21,Flu ED visits pct,quantile,0.5,0.9609417062186186
beaumont,2026-03-07,2,2026-03-21,Flu ED visits pct,quantile,0.5,0.8101512003868556
boston,2026-03-07,2,2026-03-21,Flu ED visits pct,quantile,0.5,1.0999376123697497
boulder,2026-03-07,2,2026-03-21,Flu ED visits pct,quantile,0.5,1.5974124966274426
charleston,2026-03-07,2,2026-03-21,Flu ED visits pct,quantile,0.5,1.4202425611387914
cherokee,2026-03-07,2,2026-03-21,Flu ED visits pct,quantile,0.5,1.0206455215336432
clt-area,2026-03-07,2,2026-03-21,Flu ED visits pct,quantile,0.5,2.3648542176787024
colorado,2026-03-07,2,2026-03-21,Flu ED visits pct,quantile,0.5,1.0776950270886227
colorado-springs,2026-03-07,2,2026-03-21,Flu ED visits pct,quantile,0.5,0.8853484370279809
columbia,2026-03-07,2,2026-03-21,Flu ED visits pct,quantile,0.5,0.7489203431063465
columbus,2026-03-07,2,2026-03-21,Flu ED visits pct,quantile,0.5,1.3864172294258454
dallas,2026-03-07,2,2026-03-21,Flu ED visits pct,quantile,0.5,1.3658981917945474
denver,2026-03-07,2,2026-03-21,Flu ED visits pct,quantile,0.5,1.2019940863132634
deschutes,2026-03-07,2,2026-03-21,Flu ED visits pct,quantile,0.5,1.5493247000037342
duluth,2026-03-07,2,2026-03-21,Flu ED visits pct,quantile,0.5,1.180213367123909
el-paso,2026-03-07,2,2026-03-21,Flu ED visits pct,quantile,0.5,1.6737864902617818
eugene,2026-03-07,2,2026-03-21,Flu ED visits pct,quantile,0.5,1.2677400701161392
fay-area,2026-03-07,2,2026-03-21,Flu ED visits pct,quantile,0.5,2.367195238497649
florence,2026-03-07,2,2026-03-21,Flu ED visits pct,quantile,0.5,0.9974547468128805
floyd,2026-03-07,2,2026-03-21,Flu ED visits pct,quantile,0.5,1.1612587040300522
frederick,2026-03-07,2,2026-03-21,Flu ED visits pct,quantile,0.5,1.4412072100571023
georgia,2026-03-07,2,2026-03-21,Flu ED visits pct,quantile,0.5,0.7856265329174339
greenville,2026-03-07,2,2026-03-21,Flu ED visits pct,quantile,0.5,1.1938725181118508
hall,2026-03-07,2,2026-03-21,Flu ED visits pct,quantile,0.5,0.8139261038172657
harford,2026-03-07,2,2026-03-21,Flu ED visits pct,quantile,0.5,0.8051466204515271
henry,2026-03-07,2,2026-03-21,Flu ED visits pct,quantile,0.5,0.6533971058618466
horry,2026-03-07,2,2026-03-21,Flu ED visits pct,quantile,0.5,0.9794658951981356
houston,2026-03-07,2,2026-03-21,Flu ED visits pct,quantile,0.5,0.9507004653898222
indiana,2026-03-07,2,2026-03-21,Flu ED visits pct,quantile,0.5,1.4799884940734647
indianapolis,2026-03-07,2,2026-03-21,Flu ED visits pct,quantile,0.5,1.9485533502716954
la-grange,2026-03-07,2,2026-03-21,Flu ED visits pct,quantile,0.5,0.8778699042186594
larimer,2026-03-07,2,2026-03-21,Flu ED visits pct,quantile,0.5,0.9168877630856289
lynn,2026-03-07,2,2026-03-21,Flu ED visits pct,quantile,0.5,1.1657701277241221
macon,2026-03-07,2,2026-03-21,Flu ED visits pct,quantile,0.5,0.6993449731953859
maine,2026-03-07,2,2026-03-21,Flu ED visits pct,quantile,0.5,0.7531138424244236
marietta,2026-03-07,2,2026-03-21,Flu ED visits pct,quantile,0.5,0.6543991642290018
maryland,2026-03-07,2,2026-03-21,Flu ED visits pct,quantile,0.5,1.1522111735828557
massachusetts,2026-03-07,2,2026-03-21,Flu ED visits pct,quantile,0.5,1.184017875150318
medford,2026-03-07,2,2026-03-21,Flu ED visits pct,quantile,0.5,0.9553869783771219
mesa,2026-03-07,2,2026-03-21,Flu ED visits pct,quantile,0.5,0.8418718778773782
minneapolis,2026-03-07,2,2026-03-21,Flu ED visits pct,quantile,0.5,1.6665741766498186
minnesota,2026-03-07,2,2026-03-21,Flu ED visits pct,quantile,0.5,1.5913207574045989
montgomery,2026-03-07,2,2026-03-21,Flu ED visits pct,quantile,0.5,1.0891664037114421
nenc,2026-03-07,2,2026-03-21,Flu ED visits pct,quantile,0.5,1.3213681780123303
new-bedford,2026-03-07,2,2026-03-21,Flu ED visits pct,quantile,0.5,1.3199324026193802
north-carolina,2026-03-07,2,2026-03-21,Flu ED visits pct,quantile,0.5,1.537662642205357
nyc,2026-03-07,2,2026-03-21,ILI ED visits pct,quantile,0.5,2.9323215334587527
ogden,2026-03-07,2,2026-03-21,Flu ED visits pct,quantile,0.5,1.127119429116737
oregon,2026-03-07,2,2026-03-21,Flu ED visits pct,quantile,0.5,1.4857181920405236
pittsfield,2026-03-07,2,2026-03-21,Flu ED visits pct,quantile,0.5,0.7686368817208277
portland,2026-03-07,2,2026-03-21,Flu ED visits pct,quantile,0.5,0.6426036799106751
portland-or,2026-03-07,2,2026-03-21,Flu ED visits pct,quantile,0.5,1.66429259114775
provo,2026-03-07,2,2026-03-21,Flu ED visits pct,quantile,0.5,0.6337286196978885
roanoke,2026-03-07,2,2026-03-21,Flu ED visits pct,quantile,0.5,2.2144427113499634
rochester,2026-03-07,2,2026-03-21,Flu ED visits pct,quantile,0.5,1.9459031493036119
rock-hill,2026-03-07,2,2026-03-21,Flu ED visits pct,quantile,0.5,0.4050904330319474
rtp-area,2026-03-07,2,2026-03-21,Flu ED visits pct,quantile,0.5,1.3613378874971838
salem,2026-03-07,2,2026-03-21,Flu ED visits pct,quantile,0.5,1.6751399433181298
salt-lake-city,2026-03-07,2,2026-03-21,Flu ED visits pct,quantile,0.5,1.101099944255101
san-antonio,2026-03-07,2,2026-03-21,Flu ED visits pct,quantile,0.5,2.211259925000691
savannah,2026-03-07,2,2026-03-21,Flu ED visits pct,quantile,0.5,0.41004945836286455
senc,2026-03-07,2,2026-03-21,Flu ED visits pct,quantile,0.5,0.6596819808512968
south-augusta,2026-03-07,2,2026-03-21,Flu ED visits pct,quantile,0.5,0.947421304672765
south-carolina,2026-03-07,2,2026-03-21,Flu ED visits pct,quantile,0.5,1.182504135581249
springfield,2026-03-07,2,2026-03-21,Flu ED visits pct,quantile,0.5,1.344260916127717
st-cloud,2026-03-07,2,2026-03-21,Flu ED visits pct,quantile,0.5,1.2980691427687583
st-paul,2026-03-07,2,2026-03-21,Flu ED visits pct,quantile,0.5,1.931460404623826
texas,2026-03-07,2,2026-03-21,Flu ED visits pct,quantile,0.5,1.4555034553056694
triad-area,2026-03-07,2,2026-03-21,Flu ED visits pct,quantile,0.5,1.0955136578008748
utah,2026-03-07,2,2026-03-21,Flu ED visits pct,quantile,0.5,1.0587686396328746
virginia,2026-03-07,2,2026-03-21,Flu ED visits pct,quantile,0.5,1.700663180902555
weld,2026-03-07,2,2026-03-21,Flu ED visits pct,quantile,0.5,1.3525694225565348
wnc,2026-03-07,2,2026-03-21,Flu ED visits pct,quantile,0.5,1.2345406970709638
worcester,2026-03-07,2,2026-03-21,Flu ED visits pct,quantile,0.5,1.2288304097984029
athens,2026-03-07,3,2026-03-28,Flu ED visits pct,quantile,0.5,0.9286655180172997
austin,2026-03-07,3,2026-03-28,Flu ED visits pct,quantile,0.5,1.1015433302116755
baltimore,2026-03-07,3,2026-03-28,Flu ED visits pct,quantile,0.5,1.0200637668659591
bangor,2026-03-07,3,2026-03-28,Flu ED visits pct,quantile,0.5,0.8148295913644008
beaumont,2026-03-07,3,2026-03-28,Flu ED visits pct,quantile,0.5,0.6938108713511898
boston,2026-03-07,3,2026-03-28,Flu ED visits pct,quantile,0.5,0.9917409633814485
boulder,2026-03-07,3,2026-03-28,Flu ED visits pct,quantile,0.5,1.3733194652815626
charleston,2026-03-07,3,2026-03-28,Flu ED visits pct,quantile,0.5,1.141655877687628
cherokee,2026-03-07,3,2026-03-28,Flu ED visits pct,quantile,0.5,0.9093405506590247
clt-area,2026-03-07,3,2026-03-28,Flu ED visits pct,quantile,0.5,1.932409586941034
colorado,2026-03-07,3,2026-03-28,Flu ED visits pct,quantile,0.5,0.938845433133671
colorado-springs,2026-03-07,3,2026-03-28,Flu ED visits pct,quantile,0.5,0.7747611816533472
columbia,2026-03-07,3,2026-03-28,Flu ED visits pct,quantile,0.5,0.6487673946605393
columbus,2026-03-07,3,2026-03-28,Flu ED visits pct,quantile,0.5,1.1120047489303804
dallas,2026-03-07,3,2026-03-28,Flu ED visits pct,quantile,0.5,1.1468389825472178
denver,2026-03-07,3,2026-03-28,Flu ED visits pct,quantile,0.5,1.0923237559069563
deschutes,2026-03-07,3,2026-03-28,Flu ED visits pct,quantile,0.5,1.2642454129512697
duluth,2026-03-07,3,2026-03-28,Flu ED visits pct,quantile,0.5,1.0707292106770052
el-paso,2026-03-07,3,2026-03-28,Flu ED visits pct,quantile,0.5,1.716737528009514
eugene,2026-03-07,3,2026-03-28,Flu ED visits pct,quantile,0.5,0.9721819035029097
fay-area,2026-03-07,3,2026-03-28,Flu ED visits pct,quantile,0.5,1.903793736117681
florence,2026-03-07,3,2026-03-28,Flu ED visits pct,quantile,0.5,0.8011318849510853
floyd,2026-03-07,3,2026-03-28,Flu ED visits pct,quantile,0.5,0.9963275477600222
frederick,2026-03-07,3,2026-03-28,Flu ED visits pct,quantile,0.5,1.3314861315989486
georgia,2026-03-07,3,2026-03-28,Flu ED visits pct,quantile,0.5,0.6640479581085458
greenville,2026-03-07,3,2026-03-28,Flu ED visits pct,quantile,0.5,1.0160594000619085
hall,2026-03-07,3,2026-03-28,Flu ED visits pct,quantile,0.5,0.7092253118158811
harford,2026-03-07,3,2026-03-28,Flu ED visits pct,quantile,0.5,0.7954916583264517
henry,2026-03-07,3,2026-03-28,Flu ED visits pct,quantile,0.5,0.5787826102381237
horry,2026-03-07,3,2026-03-28,Flu ED visits pct,quantile,0.5,0.8365067443310048
houston,2026-03-07,3,2026-03-28,Flu ED visits pct,quantile,0.5,0.8915491809626453
indiana,2026-03-07,3,2026-03-28,Flu ED visits pct,quantile,0.5,1.2662874102422341
indianapolis,2026-03-07,3,2026-03-28,Flu ED visits pct,quantile,0.5,1.6168901309650376
la-grange,2026-03-07,3,2026-03-28,Flu ED visits pct,quantile,0.5,0.7603709938992028
larimer,2026-03-07,3,2026-03-28,Flu ED visits pct,quantile,0.5,0.799452380419181
lynn,2026-03-07,3,2026-03-28,Flu ED visits pct,quantile,0.5,1.1410394087913742
macon,2026-03-07,3,2026-03-28,Flu ED visits pct,quantile,0.5,0.5969335189092551
maine,2026-03-07,3,2026-03-28,Flu ED visits pct,quantile,0.5,0.6129194669882184
marietta,2026-03-07,3,2026-03-28,Flu ED visits pct,quantile,0.5,0.5755577325387673
maryland,2026-03-07,3,2026-03-28,Flu ED visits pct,quantile,0.5,1.1138350555129586
massachusetts,2026-03-07,3,2026-03-28,Flu ED visits pct,quantile,0.5,1.0514772299854458
medford,2026-03-07,3,2026-03-28,Flu ED visits pct,quantile,0.5,0.7466312920934915
mesa,2026-03-07,3,2026-03-28,Flu ED visits pct,quantile,0.5,0.6997585123493865
minneapolis,2026-03-07,3,2026-03-28,Flu ED visits pct,quantile,0.5,1.4841356960743284
minnesota,2026-03-07,3,2026-03-28,Flu ED visits pct,quantile,0.5,1.4241041269920445
montgomery,2026-03-07,3,2026-03-28,Flu ED visits pct,quantile,0.5,1.102302857959448
nenc,2026-03-07,3,2026-03-28,Flu ED visits pct,quantile,0.5,1.0724262604176473
new-bedford,2026-03-07,3,2026-03-28,Flu ED visits pct,quantile,0.5,1.1787834262840398
north-carolina,2026-03-07,3,2026-03-28,Flu ED visits pct,quantile,0.5,1.266776503724326
nyc,2026-03-07,3,2026-03-28,ILI ED visits pct,quantile,0.5,2.8792072447207797
ogden,2026-03-07,3,2026-03-28,Flu ED visits pct,quantile,0.5,0.9661347280596271
oregon,2026-03-07,3,2026-03-28,Flu ED visits pct,quantile,0.5,1.1961567216451205
pittsfield,2026-03-07,3,2026-03-28,Flu ED visits pct,quantile,0.5,0.7475333325651815
portland,2026-03-07,3,2026-03-28,Flu ED visits pct,quantile,0.5,0.5706882200763804
portland-or,2026-03-07,3,2026-03-28,Flu ED visits pct,quantile,0.5,1.3476505561557217
provo,2026-03-07,3,2026-03-28,Flu ED visits pct,quantile,0.5,0.5499336788362001
roanoke,2026-03-07,3,2026-03-28,Flu ED visits pct,quantile,0.5,1.9024391564829979
rochester,2026-03-07,3,2026-03-28,Flu ED visits pct,quantile,0.5,1.6126017882240087
rock-hill,2026-03-07,3,2026-03-28,Flu ED visits pct,quantile,0.5,0.43868608955957716
rtp-area,2026-03-07,3,2026-03-28,Flu ED visits pct,quantile,0.5,1.1063281400728604
salem,2026-03-07,3,2026-03-28,Flu ED visits pct,quantile,0.5,1.3214777026740694
salt-lake-city,2026-03-07,3,2026-03-28,Flu ED visits pct,quantile,0.5,0.9165813501162986
san-antonio,2026-03-07,3,2026-03-28,Flu ED visits pct,quantile,0.5,1.7916047227725318
savannah,2026-03-07,3,2026-03-28,Flu ED visits pct,quantile,0.5,0.3188799485826531
senc,2026-03-07,3,2026-03-28,Flu ED visits pct,quantile,0.5,0.5514940253137519
south-augusta,2026-03-07,3,2026-03-28,Flu ED visits pct,quantile,0.5,0.7608493842909012
south-carolina,2026-03-07,3,2026-03-28,Flu ED visits pct,quantile,0.5,0.9327858937924036
springfield,2026-03-07,3,2026-03-28,Flu ED visits pct,quantile,0.5,1.2548717776405458
st-cloud,2026-03-07,3,2026-03-28,Flu ED visits pct,quantile,0.5,1.1384407440838322
st-paul,2026-03-07,3,2026-03-28,Flu ED visits pct,quantile,0.5,1.7297556330615955
texas,2026-03-07,3,2026-03-28,Flu ED visits pct,quantile,0.5,1.2800820882413775
triad-area,2026-03-07,3,2026-03-28,Flu ED visits pct,quantile,0.5,0.8952145826170393
utah,2026-03-07,3,2026-03-28,Flu ED visits pct,quantile,0.5,0.8724009982988618
virginia,2026-03-07,3,2026-03-28,Flu ED visits pct,quantile,0.5,1.5607898407321132
weld,2026-03-07,3,2026-03-28,Flu ED visits pct,quantile,0.5,1.1942250504791996
wnc,2026-03-07,3,2026-03-28,Flu ED visits pct,quantile,0.5,1.0027682203395953
worcester,2026-03-07,3,2026-03-28,Flu ED visits pct,quantile,0.5,1.0655221944500988
athens,2026-03-07,0,2026-03-07,Flu ED visits pct,quantile,0.75,3.085424994497756
austin,2026-03-07,0,2026-03-07,Flu ED visits pct,quantile,0.75,2.2668718176391423
baltimore,2026-03-07,0,2026-03-07,Flu ED visits pct,quantile,0.75,1.3171197956573324
bangor,2026-03-07,0,2026-03-07,Flu ED visits pct,quantile,0.75,2.2447110422411436
beaumont,2026-03-07,0,2026-03-07,Flu ED visits pct,quantile,0.75,1.606265074711174
boston,2026-03-07,0,2026-03-07,Flu ED visits pct,quantile,0.75,1.6851419103282186
boulder,2026-03-07,0,2026-03-07,Flu ED visits pct,quantile,0.75,3.5214630011922
charleston,2026-03-07,0,2026-03-07,Flu ED visits pct,quantile,0.75,2.3626195097321796
cherokee,2026-03-07,0,2026-03-07,Flu ED visits pct,quantile,0.75,3.108414721779088
clt-area,2026-03-07,0,2026-03-07,Flu ED visits pct,quantile,0.75,3.9350840502650555
colorado,2026-03-07,0,2026-03-07,Flu ED visits pct,quantile,0.75,2.387731382527057
colorado-springs,2026-03-07,0,2026-03-07,Flu ED visits pct,quantile,0.75,1.9679808532703178
columbia,2026-03-07,0,2026-03-07,Flu ED visits pct,quantile,0.75,2.1284926595275033
columbus,2026-03-07,0,2026-03-07,Flu ED visits pct,quantile,0.75,2.439030483021745
dallas,2026-03-07,0,2026-03-07,Flu ED visits pct,quantile,0.75,2.309464307256187
denver,2026-03-07,0,2026-03-07,Flu ED visits pct,quantile,0.75,2.421334035548225
deschutes,2026-03-07,0,2026-03-07,Flu ED visits pct,quantile,0.75,2.66700805075511
duluth,2026-03-07,0,2026-03-07,Flu ED visits pct,quantile,0.75,2.186745369684783
el-paso,2026-03-07,0,2026-03-07,Flu ED visits pct,quantile,0.75,2.216096639113022
eugene,2026-03-07,0,2026-03-07,Flu ED visits pct,quantile,0.75,2.6509712655675646
fay-area,2026-03-07,0,2026-03-07,Flu ED visits pct,quantile,0.75,3.7252254145670283
florence,2026-03-07,0,2026-03-07,Flu ED visits pct,quantile,0.75,2.089162280209051
floyd,2026-03-07,0,2026-03-07,Flu ED visits pct,quantile,0.75,3.0938568834177187
frederick,2026-03-07,0,2026-03-07,Flu ED visits pct,quantile,0.75,2.6575413383713777
georgia,2026-03-07,0,2026-03-07,Flu ED visits pct,quantile,0.75,1.7030073543249302
greenville,2026-03-07,0,2026-03-07,Flu ED visits pct,quantile,0.75,2.783189132879569
hall,2026-03-07,0,2026-03-07,Flu ED visits pct,quantile,0.75,2.073178702901379
harford,2026-03-07,0,2026-03-07,Flu ED visits pct,quantile,0.75,1.3885030868812758
henry,2026-03-07,0,2026-03-07,Flu ED visits pct,quantile,0.75,1.8795891256712083
horry,2026-03-07,0,2026-03-07,Flu ED visits pct,quantile,0.75,1.9593209613599376
houston,2026-03-07,0,2026-03-07,Flu ED visits pct,quantile,0.75,1.4903470047251421
indiana,2026-03-07,0,2026-03-07,Flu ED visits pct,quantile,0.75,3.2383545074982694
indianapolis,2026-03-07,0,2026-03-07,Flu ED visits pct,quantile,0.75,3.8658219831663385
la-grange,2026-03-07,0,2026-03-07,Flu ED visits pct,quantile,0.75,1.9996288755349492
larimer,2026-03-07,0,2026-03-07,Flu ED visits pct,quantile,0.75,2.0904127466646956
lynn,2026-03-07,0,2026-03-07,Flu ED visits pct,quantile,0.75,1.8048015377577833
macon,2026-03-07,0,2026-03-07,Flu ED visits pct,quantile,0.75,1.3056404084067021
maine,2026-03-07,0,2026-03-07,Flu ED visits pct,quantile,0.75,1.3137664565904776
marietta,2026-03-07,0,2026-03-07,Flu ED visits pct,quantile,0.75,1.8134545982595194
maryland,2026-03-07,0,2026-03-07,Flu ED visits pct,quantile,0.75,1.79141907814942
massachusetts,2026-03-07,0,2026-03-07,Flu ED visits pct,quantile,0.75,1.8679949244572975
medford,2026-03-07,0,2026-03-07,Flu ED visits pct,quantile,0.75,2.188931632980173
mesa,2026-03-07,0,2026-03-07,Flu ED visits pct,quantile,0.75,1.5111947117509923
minneapolis,2026-03-07,0,2026-03-07,Flu ED visits pct,quantile,0.75,2.6899073415119736
minnesota,2026-03-07,0,2026-03-07,Flu ED visits pct,quantile,0.75,2.6513658075232582
montgomery,2026-03-07,0,2026-03-07,Flu ED visits pct,quantile,0.75,1.5736577610817348
nenc,2026-03-07,0,2026-03-07,Flu ED visits pct,quantile,0.75,2.0860877872434243
new-bedford,2026-03-07,0,2026-03-07,Flu ED visits pct,quantile,0.75,2.6262881745871924
north-carolina,2026-03-07,0,2026-03-07,Flu ED visits pct,quantile,0.75,2.551939135962179
nyc,2026-03-07,0,2026-03-07,ILI ED visits pct,quantile,0.75,3.6365713209571067
ogden,2026-03-07,0,2026-03-07,Flu ED visits pct,quantile,0.75,2.2161276315560503
oregon,2026-03-07,0,2026-03-07,Flu ED visits pct,quantile,0.75,2.5120668751224673
pittsfield,2026-03-07,0,2026-03-07,Flu ED visits pct,quantile,0.75,1.2205202653121692
portland,2026-03-07,0,2026-03-07,Flu ED visits pct,quantile,0.75,1.179649215291638
portland-or,2026-03-07,0,2026-03-07,Flu ED visits pct,quantile,0.75,2.7175299724411808
provo,2026-03-07,0,2026-03-07,Flu ED visits pct,quantile,0.75,0.9878777554172066
roanoke,2026-03-07,0,2026-03-07,Flu ED visits pct,quantile,0.75,3.9534616654800385
rochester,2026-03-07,0,2026-03-07,Flu ED visits pct,quantile,0.75,3.467652998626518
rock-hill,2026-03-07,0,2026-03-07,Flu ED visits pct,quantile,0.75,0.815828986643211
rtp-area,2026-03-07,0,2026-03-07,Flu ED visits pct,quantile,0.75,2.208769205578374
salem,2026-03-07,0,2026-03-07,Flu ED visits pct,quantile,0.75,3.1056447257663655
salt-lake-city,2026-03-07,0,2026-03-07,Flu ED visits pct,quantile,0.75,1.8881820712384543
san-antonio,2026-03-07,0,2026-03-07,Flu ED visits pct,quantile,0.75,3.655302927933184
savannah,2026-03-07,0,2026-03-07,Flu ED visits pct,quantile,0.75,0.7732264936684706
senc,2026-03-07,0,2026-03-07,Flu ED visits pct,quantile,0.75,1.3019805624504186
south-augusta,2026-03-07,0,2026-03-07,Flu ED visits pct,quantile,0.75,1.9990352224961334
south-carolina,2026-03-07,0,2026-03-07,Flu ED visits pct,quantile,0.75,2.263499329485423
springfield,2026-03-07,0,2026-03-07,Flu ED visits pct,quantile,0.75,2.2789074543003056
st-cloud,2026-03-07,0,2026-03-07,Flu ED visits pct,quantile,0.75,3.0469599349297396
st-paul,2026-03-07,0,2026-03-07,Flu ED visits pct,quantile,0.75,3.241367352149619
texas,2026-03-07,0,2026-03-07,Flu ED visits pct,quantile,0.75,2.2154583971139132
triad-area,2026-03-07,0,2026-03-07,Flu ED visits pct,quantile,0.75,1.7510804858278972
utah,2026-03-07,0,2026-03-07,Flu ED visits pct,quantile,0.75,1.7449390409065286
virginia,2026-03-07,0,2026-03-07,Flu ED visits pct,quantile,0.75,2.597488828990547
weld,2026-03-07,0,2026-03-07,Flu ED visits pct,quantile,0.75,3.473242207307751
wnc,2026-03-07,0,2026-03-07,Flu ED visits pct,quantile,0.75,2.0220982223085997
worcester,2026-03-07,0,2026-03-07,Flu ED visits pct,quantile,0.75,2.0477293643758836
athens,2026-03-07,1,2026-03-14,Flu ED visits pct,quantile,0.75,2.557422655436525
austin,2026-03-07,1,2026-03-14,Flu ED visits pct,quantile,0.75,2.014669546110895
baltimore,2026-03-07,1,2026-03-14,Flu ED visits pct,quantile,0.75,1.3076576539207623
bangor,2026-03-07,1,2026-03-14,Flu ED visits pct,quantile,0.75,1.9252946621918559
beaumont,2026-03-07,1,2026-03-14,Flu ED visits pct,quantile,0.75,1.4243622845037236
boston,2026-03-07,1,2026-03-14,Flu ED visits pct,quantile,0.75,1.549891954390883
boulder,2026-03-07,1,2026-03-14,Flu ED visits pct,quantile,0.75,3.078181837270725
charleston,2026-03-07,1,2026-03-14,Flu ED visits pct,quantile,0.75,2.092507465680685
cherokee,2026-03-07,1,2026-03-14,Flu ED visits pct,quantile,0.75,2.5614243841462367
clt-area,2026-03-07,1,2026-03-14,Flu ED visits pct,quantile,0.75,3.5699381170797513
colorado,2026-03-07,1,2026-03-14,Flu ED visits pct,quantile,0.75,2.0918735285125525
colorado-springs,2026-03-07,1,2026-03-14,Flu ED visits pct,quantile,0.75,1.7155644433452824
columbia,2026-03-07,1,2026-03-14,Flu ED visits pct,quantile,0.75,1.761942275474829
columbus,2026-03-07,1,2026-03-14,Flu ED visits pct,quantile,0.75,2.170043734139157
dallas,2026-03-07,1,2026-03-14,Flu ED visits pct,quantile,0.75,2.001440930142835
denver,2026-03-07,1,2026-03-14,Flu ED visits pct,quantile,0.75,2.1065004046487457
deschutes,2026-03-07,1,2026-03-14,Flu ED visits pct,quantile,0.75,2.3952124803660495
duluth,2026-03-07,1,2026-03-14,Flu ED visits pct,quantile,0.75,1.9725351286865254
el-paso,2026-03-07,1,2026-03-14,Flu ED visits pct,quantile,0.75,2.2335459093981003
eugene,2026-03-07,1,2026-03-14,Flu ED visits pct,quantile,0.75,2.312023962021701
fay-area,2026-03-07,1,2026-03-14,Flu ED visits pct,quantile,0.75,3.4279417891044948
florence,2026-03-07,1,2026-03-14,Flu ED visits pct,quantile,0.75,1.847200556810102
floyd,2026-03-07,1,2026-03-14,Flu ED visits pct,quantile,0.75,2.720994448654319
frederick,2026-03-07,1,2026-03-14,Flu ED visits pct,quantile,0.75,2.458967962847645
georgia,2026-03-07,1,2026-03-14,Flu ED visits pct,quantile,0.75,1.509699497289756
greenville,2026-03-07,1,2026-03-14,Flu ED visits pct,quantile,0.75,2.43562316768147
hall,2026-03-07,1,2026-03-14,Flu ED visits pct,quantile,0.75,1.7209513633935878
harford,2026-03-07,1,2026-03-14,Flu ED visits pct,quantile,0.75,1.3403494952056578
henry,2026-03-07,1,2026-03-14,Flu ED visits pct,quantile,0.75,1.5003316859676288
horry,2026-03-07,1,2026-03-14,Flu ED visits pct,quantile,0.75,1.737542593026171
houston,2026-03-07,1,2026-03-14,Flu ED visits pct,quantile,0.75,1.4280625604957946
indiana,2026-03-07,1,2026-03-14,Flu ED visits pct,quantile,0.75,2.8352713835348338
indianapolis,2026-03-07,1,2026-03-14,Flu ED visits pct,quantile,0.75,3.3625500944147366
la-grange,2026-03-07,1,2026-03-14,Flu ED visits pct,quantile,0.75,1.7716592771462605
larimer,2026-03-07,1,2026-03-14,Flu ED visits pct,quantile,0.75,1.846961730648105
lynn,2026-03-07,1,2026-03-14,Flu ED visits pct,quantile,0.75,1.6642048134476946
macon,2026-03-07,1,2026-03-14,Flu ED visits pct,quantile,0.75,1.1539708374985966
maine,2026-03-07,1,2026-03-14,Flu ED visits pct,quantile,0.75,1.136597060592353
marietta,2026-03-07,1,2026-03-14,Flu ED visits pct,quantile,0.75,1.5403171583018187
maryland,2026-03-07,1,2026-03-14,Flu ED visits pct,quantile,0.75,1.7546927546553357
massachusetts,2026-03-07,1,2026-03-14,Flu ED visits pct,quantile,0.75,1.7163127137557659
medford,2026-03-07,1,2026-03-14,Flu ED visits pct,quantile,0.75,1.914028152575142
mesa,2026-03-07,1,2026-03-14,Flu ED visits pct,quantile,0.75,1.3238767899805706
minneapolis,2026-03-07,1,2026-03-14,Flu ED visits pct,quantile,0.75,2.3137377403614385
minnesota,2026-03-07,1,2026-03-14,Flu ED visits pct,quantile,0.75,2.3183853695713132
montgomery,2026-03-07,1,2026-03-14,Flu ED visits pct,quantile,0.75,1.5482809234605595
nenc,2026-03-07,1,2026-03-14,Flu ED visits pct,quantile,0.75,1.803129971644877
new-bedford,2026-03-07,1,2026-03-14,Flu ED visits pct,quantile,0.75,2.311138716350603
north-carolina,2026-03-07,1,2026-03-14,Flu ED visits pct,quantile,0.75,2.289184556119997
nyc,2026-03-07,1,2026-03-14,ILI ED visits pct,quantile,0.75,3.5100880013330067
ogden,2026-03-07,1,2026-03-14,Flu ED visits pct,quantile,0.75,1.9314979005141801
oregon,2026-03-07,1,2026-03-14,Flu ED visits pct,quantile,0.75,2.1361269621245658
pittsfield,2026-03-07,1,2026-03-14,Flu ED visits pct,quantile,0.75,1.394331411877015
portland,2026-03-07,1,2026-03-14,Flu ED visits pct,quantile,0.75,1.0166298278954913
portland-or,2026-03-07,1,2026-03-14,Flu ED visits pct,quantile,0.75,2.4640854308959974
provo,2026-03-07,1,2026-03-14,Flu ED visits pct,quantile,0.75,0.8724238071804344
roanoke,2026-03-07,1,2026-03-14,Flu ED visits pct,quantile,0.75,3.4827582158261823
rochester,2026-03-07,1,2026-03-14,Flu ED visits pct,quantile,0.75,3.0136584304888125
rock-hill,2026-03-07,1,2026-03-14,Flu ED visits pct,quantile,0.75,0.8382058925539974
rtp-area,2026-03-07,1,2026-03-14,Flu ED visits pct,quantile,0.75,1.9852057164352557
salem,2026-03-07,1,2026-03-14,Flu ED visits pct,quantile,0.75,2.712934788000729
salt-lake-city,2026-03-07,1,2026-03-14,Flu ED visits pct,quantile,0.75,1.6716411370265565
san-antonio,2026-03-07,1,2026-03-14,Flu ED visits pct,quantile,0.75,3.1672227002027786
savannah,2026-03-07,1,2026-03-14,Flu ED visits pct,quantile,0.75,0.6768674665360572
senc,2026-03-07,1,2026-03-14,Flu ED visits pct,quantile,0.75,1.1670345794194845
south-augusta,2026-03-07,1,2026-03-14,Flu ED visits pct,quantile,0.75,1.7297266167832288
south-carolina,2026-03-07,1,2026-03-14,Flu ED visits pct,quantile,0.75,1.9747808070511508
springfield,2026-03-07,1,2026-03-14,Flu ED visits pct,quantile,0.75,2.1006079860485976
st-cloud,2026-03-07,1,2026-03-14,Flu ED visits pct,quantile,0.75,2.5950102730150455
st-paul,2026-03-07,1,2026-03-14,Flu ED visits pct,quantile,0.75,2.95753831941077
texas,2026-03-07,1,2026-03-14,Flu ED visits pct,quantile,0.75,2.0413947024522097
triad-area,2026-03-07,1,2026-03-14,Flu ED visits pct,quantile,0.75,1.5881838341209582
utah,2026-03-07,1,2026-03-14,Flu ED visits pct,quantile,0.75,1.5655654050662524
virginia,2026-03-07,1,2026-03-14,Flu ED visits pct,quantile,0.75,2.3356111208258743
weld,2026-03-07,1,2026-03-14,Flu ED visits pct,quantile,0.75,2.9200753106002004
wnc,2026-03-07,1,2026-03-14,Flu ED visits pct,quantile,0.75,1.8195260520238192
worcester,2026-03-07,1,2026-03-14,Flu ED visits pct,quantile,0.75,1.79572736341064
athens,2026-03-07,2,2026-03-21,Flu ED visits pct,quantile,0.75,2.2824762504710687
austin,2026-03-07,2,2026-03-21,Flu ED visits pct,quantile,0.75,1.8972285397243684
baltimore,2026-03-07,2,2026-03-21,Flu ED visits pct,quantile,0.75,1.398407069160363
bangor,2026-03-07,2,2026-03-21,Flu ED visits pct,quantile,0.75,1.8053987019256772
beaumont,2026-03-07,2,2026-03-21,Flu ED visits pct,quantile,0.75,1.3706700614889913
boston,2026-03-07,2,2026-03-21,Flu ED visits pct,quantile,0.75,1.4399499908680686
boulder,2026-03-07,2,2026-03-21,Flu ED visits pct,quantile,0.75,2.7834928947226025
charleston,2026-03-07,2,2026-03-21,Flu ED visits pct,quantile,0.75,1.8806235968248546
cherokee,2026-03-07,2,2026-03-21,Flu ED visits pct,quantile,0.75,2.396251230852141
clt-area,2026-03-07,2,2026-03-21,Flu ED visits pct,quantile,0.75,3.167684063394286
colorado,2026-03-07,2,2026-03-21,Flu ED visits pct,quantile,0.75,1.9615138309796778
colorado-springs,2026-03-07,2,2026-03-21,Flu ED visits pct,quantile,0.75,1.5921762042366754
columbia,2026-03-07,2,2026-03-21,Flu ED visits pct,quantile,0.75,1.656114994786226
columbus,2026-03-07,2,2026-03-21,Flu ED visits pct,quantile,0.75,1.9046532026021044
dallas,2026-03-07,2,2026-03-21,Flu ED visits pct,quantile,0.75,1.8674205638370533
denver,2026-03-07,2,2026-03-21,Flu ED visits pct,quantile,0.75,1.9560629093054214
deschutes,2026-03-07,2,2026-03-21,Flu ED visits pct,quantile,0.75,2.2282788149319206
duluth,2026-03-07,2,2026-03-21,Flu ED visits pct,quantile,0.75,1.8081347301020203
el-paso,2026-03-07,2,2026-03-21,Flu ED visits pct,quantile,0.75,2.308120414417378
eugene,2026-03-07,2,2026-03-21,Flu ED visits pct,quantile,0.75,1.977560296102815
fay-area,2026-03-07,2,2026-03-21,Flu ED visits pct,quantile,0.75,3.026888771045311
florence,2026-03-07,2,2026-03-21,Flu ED visits pct,quantile,0.75,1.7159888273399166
floyd,2026-03-07,2,2026-03-21,Flu ED visits pct,quantile,0.75,2.418986298981235
frederick,2026-03-07,2,2026-03-21,Flu ED visits pct,quantile,0.75,2.484243370676299
georgia,2026-03-07,2,2026-03-21,Flu ED visits pct,quantile,0.75,1.4303830232867063
greenville,2026-03-07,2,2026-03-21,Flu ED visits pct,quantile,0.75,2.1562450774760413
hall,2026-03-07,2,2026-03-21,Flu ED visits pct,quantile,0.75,1.5645692124604107
harford,2026-03-07,2,2026-03-21,Flu ED visits pct,quantile,0.75,1.4100865961404816
henry,2026-03-07,2,2026-03-21,Flu ED visits pct,quantile,0.75,1.3864657454042102
horry,2026-03-07,2,2026-03-21,Flu ED visits pct,quantile,0.75,1.663140193813138
houston,2026-03-07,2,2026-03-21,Flu ED visits pct,quantile,0.75,1.5445357492383136
indiana,2026-03-07,2,2026-03-21,Flu ED visits pct,quantile,0.75,2.607433363166551
indianapolis,2026-03-07,2,2026-03-21,Flu ED visits pct,quantile,0.75,3.0222985881137583
la-grange,2026-03-07,2,2026-03-21,Flu ED visits pct,quantile,0.75,1.6743772185026202
larimer,2026-03-07,2,2026-03-21,Flu ED visits pct,quantile,0.75,1.7414555826571965
lynn,2026-03-07,2,2026-03-21,Flu ED visits pct,quantile,0.75,1.5012793990081081
macon,2026-03-07,2,2026-03-21,Flu ED visits pct,quantile,0.75,1.1017380192074937
maine,2026-03-07,2,2026-03-21,Flu ED visits pct,quantile,0.75,1.07027511266533
marietta,2026-03-07,2,2026-03-21,Flu ED visits pct,quantile,0.75,1.44926637826066
maryland,2026-03-07,2,2026-03-21,Flu ED visits pct,quantile,0.75,1.903644009268406
massachusetts,2026-03-07,2,2026-03-21,Flu ED visits pct,quantile,0.75,1.6130070300017414
medford,2026-03-07,2,2026-03-21,Flu ED visits pct,quantile,0.75,1.6639227314651177
mesa,2026-03-07,2,2026-03-21,Flu ED visits pct,quantile,0.75,1.2339615895352787
minneapolis,2026-03-07,2,2026-03-21,Flu ED visits pct,quantile,0.75,2.2536740099356862
minnesota,2026-03-07,2,2026-03-21,Flu ED visits pct,quantile,0.75,2.1854429684897636
montgomery,2026-03-07,2,2026-03-21,Flu ED visits pct,quantile,0.75,1.6692030957119468
nenc,2026-03-07,2,2026-03-21,Flu ED visits pct,quantile,0.75,1.650871833482697
new-bedford,2026-03-07,2,2026-03-21,Flu ED visits pct,quantile,0.75,2.163603018119977
north-carolina,2026-03-07,2,2026-03-21,Flu ED visits pct,quantile,0.75,2.024941625391388
nyc,2026-03-07,2,2026-03-21,ILI ED visits pct,quantile,0.75,3.7763334490527902
ogden,2026-03-07,2,2026-03-21,Flu ED visits pct,quantile,0.75,1.8308516858840198
oregon,2026-03-07,2,2026-03-21,Flu ED visits pct,quantile,0.75,1.8862674367032592
pittsfield,2026-03-07,2,2026-03-21,Flu ED visits pct,quantile,0.75,1.4069070218467958
portland,2026-03-07,2,2026-03-21,Flu ED visits pct,quantile,0.75,0.9618538549691115
portland-or,2026-03-07,2,2026-03-21,Flu ED visits pct,quantile,0.75,2.218893701337879
provo,2026-03-07,2,2026-03-21,Flu ED visits pct,quantile,0.75,0.8073464406551075
roanoke,2026-03-07,2,2026-03-21,Flu ED visits pct,quantile,0.75,3.1674795434693235
rochester,2026-03-07,2,2026-03-21,Flu ED visits pct,quantile,0.75,2.6962799895579166
rock-hill,2026-03-07,2,2026-03-21,Flu ED visits pct,quantile,0.75,0.837515821577678
rtp-area,2026-03-07,2,2026-03-21,Flu ED visits pct,quantile,0.75,1.7784112487513228
salem,2026-03-07,2,2026-03-21,Flu ED visits pct,quantile,0.75,2.33898831365091
salt-lake-city,2026-03-07,2,2026-03-21,Flu ED visits pct,quantile,0.75,1.5697427725371829
san-antonio,2026-03-07,2,2026-03-21,Flu ED visits pct,quantile,0.75,2.834864029347473
savannah,2026-03-07,2,2026-03-21,Flu ED visits pct,quantile,0.75,0.6130804995211092
senc,2026-03-07,2,2026-03-21,Flu ED visits pct,quantile,0.75,1.1044463656692347
south-augusta,2026-03-07,2,2026-03-21,Flu ED visits pct,quantile,0.75,1.5646060773090353
south-carolina,2026-03-07,2,2026-03-21,Flu ED visits pct,quantile,0.75,1.9305151803428728
springfield,2026-03-07,2,2026-03-21,Flu ED visits pct,quantile,0.75,2.0992493685926963
st-cloud,2026-03-07,2,2026-03-21,Flu ED visits pct,quantile,0.75,2.4056114106839006
st-paul,2026-03-07,2,2026-03-21,Flu ED visits pct,quantile,0.75,3.028316468063084
texas,2026-03-07,2,2026-03-21,Flu ED visits pct,quantile,0.75,2.015632791732344
triad-area,2026-03-07,2,2026-03-21,Flu ED visits pct,quantile,0.75,1.4232139076713146
utah,2026-03-07,2,2026-03-21,Flu ED visits pct,quantile,0.75,1.5154304784181882
virginia,2026-03-07,2,2026-03-21,Flu ED visits pct,quantile,0.75,2.252177106980663
weld,2026-03-07,2,2026-03-21,Flu ED visits pct,quantile,0.75,2.812036764356916
wnc,2026-03-07,2,2026-03-21,Flu ED visits pct,quantile,0.75,1.6377979131374714
worcester,2026-03-07,2,2026-03-21,Flu ED visits pct,quantile,0.75,1.7402427329972139
athens,2026-03-07,3,2026-03-28,Flu ED visits pct,quantile,0.75,2.270671109627922
austin,2026-03-07,3,2026-03-28,Flu ED visits pct,quantile,0.75,1.775219086818798
baltimore,2026-03-07,3,2026-03-28,Flu ED visits pct,quantile,0.75,1.4653521332876296
bangor,2026-03-07,3,2026-03-28,Flu ED visits pct,quantile,0.75,1.6856730637692987
beaumont,2026-03-07,3,2026-03-28,Flu ED visits pct,quantile,0.75,1.2786898331296037
boston,2026-03-07,3,2026-03-28,Flu ED visits pct,quantile,0.75,1.4236216426478803
boulder,2026-03-07,3,2026-03-28,Flu ED visits pct,quantile,0.75,2.5755344969771867
charleston,2026-03-07,3,2026-03-28,Flu ED visits pct,quantile,0.75,1.6684048651632606
cherokee,2026-03-07,3,2026-03-28,Flu ED visits pct,quantile,0.75,2.3029271065647876
clt-area,2026-03-07,3,2026-03-28,Flu ED visits pct,quantile,0.75,2.7845733855309276
colorado,2026-03-07,3,2026-03-28,Flu ED visits pct,quantile,0.75,1.9716923223031955
colorado-springs,2026-03-07,3,2026-03-28,Flu ED visits pct,quantile,0.75,1.5132047435744815
columbia,2026-03-07,3,2026-03-28,Flu ED visits pct,quantile,0.75,1.628708752440105
columbus,2026-03-07,3,2026-03-28,Flu ED visits pct,quantile,0.75,1.6420445915505666
dallas,2026-03-07,3,2026-03-28,Flu ED visits pct,quantile,0.75,1.7161044740381441
denver,2026-03-07,3,2026-03-28,Flu ED visits pct,quantile,0.75,1.928417221220191
deschutes,2026-03-07,3,2026-03-28,Flu ED visits pct,quantile,0.75,1.9720653922826066
duluth,2026-03-07,3,2026-03-28,Flu ED visits pct,quantile,0.75,1.7546570844080196
el-paso,2026-03-07,3,2026-03-28,Flu ED visits pct,quantile,0.75,2.459749412298426
eugene,2026-03-07,3,2026-03-28,Flu ED visits pct,quantile,0.75,1.756114233801
fay-area,2026-03-07,3,2026-03-28,Flu ED visits pct,quantile,0.75,2.672861653573938
florence,2026-03-07,3,2026-03-28,Flu ED visits pct,quantile,0.75,1.5526472808268488
floyd,2026-03-07,3,2026-03-28,Flu ED visits pct,quantile,0.75,2.3602435459353797
frederick,2026-03-07,3,2026-03-28,Flu ED visits pct,quantile,0.75,2.5238690928943144
georgia,2026-03-07,3,2026-03-28,Flu ED visits pct,quantile,0.75,1.3719506372828927
greenville,2026-03-07,3,2026-03-28,Flu ED visits pct,quantile,0.75,2.0839015591342176
hall,2026-03-07,3,2026-03-28,Flu ED visits pct,quantile,0.75,1.5838290716539802
harford,2026-03-07,3,2026-03-28,Flu ED visits pct,quantile,0.75,1.4358190845683103
henry,2026-03-07,3,2026-03-28,Flu ED visits pct,quantile,0.75,1.4127606982907404
horry,2026-03-07,3,2026-03-28,Flu ED visits pct,quantile,0.75,1.5288124880147136
houston,2026-03-07,3,2026-03-28,Flu ED visits pct,quantile,0.75,1.5602706514615918
indiana,2026-03-07,3,2026-03-28,Flu ED visits pct,quantile,0.75,2.526596380291315
indianapolis,2026-03-07,3,2026-03-28,Flu ED visits pct,quantile,0.75,2.752317210198535
la-grange,2026-03-07,3,2026-03-28,Flu ED visits pct,quantile,0.75,1.5684872413025104
larimer,2026-03-07,3,2026-03-28,Flu ED visits pct,quantile,0.75,1.6917082725329189
lynn,2026-03-07,3,2026-03-28,Flu ED visits pct,quantile,0.75,1.5309334406581385
macon,2026-03-07,3,2026-03-28,Flu ED visits pct,quantile,0.75,0.9991847459971535
maine,2026-03-07,3,2026-03-28,Flu ED visits pct,quantile,0.75,0.9620294752932231
marietta,2026-03-07,3,2026-03-28,Flu ED visits pct,quantile,0.75,1.414856499763429
maryland,2026-03-07,3,2026-03-28,Flu ED visits pct,quantile,0.75,1.9108135690134864
massachusetts,2026-03-07,3,2026-03-28,Flu ED visits pct,quantile,0.75,1.5795398541972252
medford,2026-03-07,3,2026-03-28,Flu ED visits pct,quantile,0.75,1.4834951327554986
mesa,2026-03-07,3,2026-03-28,Flu ED visits pct,quantile,0.75,1.1140173026640618
minneapolis,2026-03-07,3,2026-03-28,Flu ED visits pct,quantile,0.75,2.246254259938832
minnesota,2026-03-07,3,2026-03-28,Flu ED visits pct,quantile,0.75,2.155172931939693
montgomery,2026-03-07,3,2026-03-28,Flu ED visits pct,quantile,0.75,1.7215259216940166
nenc,2026-03-07,3,2026-03-28,Flu ED visits pct,quantile,0.75,1.4507367089780783
new-bedford,2026-03-07,3,2026-03-28,Flu ED visits pct,quantile,0.75,2.191635182512626
north-carolina,2026-03-07,3,2026-03-28,Flu ED visits pct,quantile,0.75,1.7821459280894967
nyc,2026-03-07,3,2026-03-28,ILI ED visits pct,quantile,0.75,3.833792523817092
ogden,2026-03-07,3,2026-03-28,Flu ED visits pct,quantile,0.75,1.6878559458958065
oregon,2026-03-07,3,2026-03-28,Flu ED visits pct,quantile,0.75,1.7222927726998234
pittsfield,2026-03-07,3,2026-03-28,Flu ED visits pct,quantile,0.75,1.3521224474041897
portland,2026-03-07,3,2026-03-28,Flu ED visits pct,quantile,0.75,0.9002431343288817
portland-or,2026-03-07,3,2026-03-28,Flu ED visits pct,quantile,0.75,1.9840012648081278
provo,2026-03-07,3,2026-03-28,Flu ED visits pct,quantile,0.75,0.7775921153059809
roanoke,2026-03-07,3,2026-03-28,Flu ED visits pct,quantile,0.75,2.9631029436059566
rochester,2026-03-07,3,2026-03-28,Flu ED visits pct,quantile,0.75,2.371095718082396
rock-hill,2026-03-07,3,2026-03-28,Flu ED visits pct,quantile,0.75,0.8978740019837027
rtp-area,2026-03-07,3,2026-03-28,Flu ED visits pct,quantile,0.75,1.5525696238939322
salem,2026-03-07,3,2026-03-28,Flu ED visits pct,quantile,0.75,2.0667508397199685
salt-lake-city,2026-03-07,3,2026-03-28,Flu ED visits pct,quantile,0.75,1.407253094631257
san-antonio,2026-03-07,3,2026-03-28,Flu ED visits pct,quantile,0.75,2.473085379193647
savannah,2026-03-07,3,2026-03-28,Flu ED visits pct,quantile,0.75,0.5221694305770342
senc,2026-03-07,3,2026-03-28,Flu ED visits pct,quantile,0.75,0.9867480272443278
south-augusta,2026-03-07,3,2026-03-28,Flu ED visits pct,quantile,0.75,1.4027783398147808
south-carolina,2026-03-07,3,2026-03-28,Flu ED visits pct,quantile,0.75,1.7496634576776893
springfield,2026-03-07,3,2026-03-28,Flu ED visits pct,quantile,0.75,2.1410168671246974
st-cloud,2026-03-07,3,2026-03-28,Flu ED visits pct,quantile,0.75,2.2425698341060247
st-paul,2026-03-07,3,2026-03-28,Flu ED visits pct,quantile,0.75,3.0041163679844027
texas,2026-03-07,3,2026-03-28,Flu ED visits pct,quantile,0.75,1.8737625276445464
triad-area,2026-03-07,3,2026-03-28,Flu ED visits pct,quantile,0.75,1.2472809772335247
utah,2026-03-07,3,2026-03-28,Flu ED visits pct,quantile,0.75,1.3827612350769563
virginia,2026-03-07,3,2026-03-28,Flu ED visits pct,quantile,0.75,2.2199889600191045
weld,2026-03-07,3,2026-03-28,Flu ED visits pct,quantile,0.75,2.8021773594812736
wnc,2026-03-07,3,2026-03-28,Flu ED visits pct,quantile,0.75,1.4392116613358235
worcester,2026-03-07,3,2026-03-28,Flu ED visits pct,quantile,0.75,1.6372463174597827
athens,2026-03-07,0,2026-03-07,Flu ED visits pct,quantile,0.9,3.801047424810448
austin,2026-03-07,0,2026-03-07,Flu ED visits pct,quantile,0.9,2.87109321032937
baltimore,2026-03-07,0,2026-03-07,Flu ED visits pct,quantile,0.9,1.4911897623275903
bangor,2026-03-07,0,2026-03-07,Flu ED visits pct,quantile,0.9,3.126937001391266
beaumont,2026-03-07,0,2026-03-07,Flu ED visits pct,quantile,0.9,2.50229131739873
boston,2026-03-07,0,2026-03-07,Flu ED visits pct,quantile,0.9,1.9944329887173031
boulder,2026-03-07,0,2026-03-07,Flu ED visits pct,quantile,0.9,4.532035132866628
charleston,2026-03-07,0,2026-03-07,Flu ED visits pct,quantile,0.9,2.8274184781441507
cherokee,2026-03-07,0,2026-03-07,Flu ED visits pct,quantile,0.9,3.814111945701661
clt-area,2026-03-07,0,2026-03-07,Flu ED visits pct,quantile,0.9,4.564416056330988
colorado,2026-03-07,0,2026-03-07,Flu ED visits pct,quantile,0.9,3.1080556515459503
colorado-springs,2026-03-07,0,2026-03-07,Flu ED visits pct,quantile,0.9,2.6332120894347915
columbia,2026-03-07,0,2026-03-07,Flu ED visits pct,quantile,0.9,2.9321153479973074
columbus,2026-03-07,0,2026-03-07,Flu ED visits pct,quantile,0.9,3.0127775056471138
dallas,2026-03-07,0,2026-03-07,Flu ED visits pct,quantile,0.9,3.0840786373106024
denver,2026-03-07,0,2026-03-07,Flu ED visits pct,quantile,0.9,2.9667026965768057
deschutes,2026-03-07,0,2026-03-07,Flu ED visits pct,quantile,0.9,3.277582671344508
duluth,2026-03-07,0,2026-03-07,Flu ED visits pct,quantile,0.9,3.0428198453504196
el-paso,2026-03-07,0,2026-03-07,Flu ED visits pct,quantile,0.9,2.5013578681247
eugene,2026-03-07,0,2026-03-07,Flu ED visits pct,quantile,0.9,3.28539682515588
fay-area,2026-03-07,0,2026-03-07,Flu ED visits pct,quantile,0.9,4.42233874959093
florence,2026-03-07,0,2026-03-07,Flu ED visits pct,quantile,0.9,3.1201963914520765
floyd,2026-03-07,0,2026-03-07,Flu ED visits pct,quantile,0.9,4.028150462842378
frederick,2026-03-07,0,2026-03-07,Flu ED visits pct,quantile,0.9,2.943087790878912
georgia,2026-03-07,0,2026-03-07,Flu ED visits pct,quantile,0.9,2.5351224061435156
greenville,2026-03-07,0,2026-03-07,Flu ED visits pct,quantile,0.9,3.656399473688598
hall,2026-03-07,0,2026-03-07,Flu ED visits pct,quantile,0.9,2.6874516013645287
harford,2026-03-07,0,2026-03-07,Flu ED visits pct,quantile,0.9,1.5871546189009031
henry,2026-03-07,0,2026-03-07,Flu ED visits pct,quantile,0.9,2.3583657058661416
horry,2026-03-07,0,2026-03-07,Flu ED visits pct,quantile,0.9,2.8359229843747173
houston,2026-03-07,0,2026-03-07,Flu ED visits pct,quantile,0.9,1.6374093675195658
indiana,2026-03-07,0,2026-03-07,Flu ED visits pct,quantile,0.9,4.31585779678115
indianapolis,2026-03-07,0,2026-03-07,Flu ED visits pct,quantile,0.9,4.808994052011361
la-grange,2026-03-07,0,2026-03-07,Flu ED visits pct,quantile,0.9,2.8563060605812547
larimer,2026-03-07,0,2026-03-07,Flu ED visits pct,quantile,0.9,2.840105253576405
lynn,2026-03-07,0,2026-03-07,Flu ED visits pct,quantile,0.9,2.2143166535919536
macon,2026-03-07,0,2026-03-07,Flu ED visits pct,quantile,0.9,1.743122048440941
maine,2026-03-07,0,2026-03-07,Flu ED visits pct,quantile,0.9,1.9691033855385953
marietta,2026-03-07,0,2026-03-07,Flu ED visits pct,quantile,0.9,2.485335188335747
maryland,2026-03-07,0,2026-03-07,Flu ED visits pct,quantile,0.9,2.1183948982272645
massachusetts,2026-03-07,0,2026-03-07,Flu ED visits pct,quantile,0.9,2.2834558928117796
medford,2026-03-07,0,2026-03-07,Flu ED visits pct,quantile,0.9,2.849105925297627
mesa,2026-03-07,0,2026-03-07,Flu ED visits pct,quantile,0.9,2.1866368407638532
minneapolis,2026-03-07,0,2026-03-07,Flu ED visits pct,quantile,0.9,3.05808288132228
minnesota,2026-03-07,0,2026-03-07,Flu ED visits pct,quantile,0.9,3.550122262408502
montgomery,2026-03-07,0,2026-03-07,Flu ED visits pct,quantile,0.9,1.7429852853791818
nenc,2026-03-07,0,2026-03-07,Flu ED visits pct,quantile,0.9,2.570771044368525
new-bedford,2026-03-07,0,2026-03-07,Flu ED visits pct,quantile,0.9,3.115562234286487
north-carolina,2026-03-07,0,2026-03-07,Flu ED visits pct,quantile,0.9,3.1763283542455816
nyc,2026-03-07,0,2026-03-07,ILI ED visits pct,quantile,0.9,3.973096856351654
ogden,2026-03-07,0,2026-03-07,Flu ED visits pct,quantile,0.9,2.946015059959978
oregon,2026-03-07,0,2026-03-07,Flu ED visits pct,quantile,0.9,2.8692434640880067
pittsfield,2026-03-07,0,2026-03-07,Flu ED visits pct,quantile,0.9,1.6620318866142512
portland,2026-03-07,0,2026-03-07,Flu ED visits pct,quantile,0.9,1.6280619086520896
portland-or,2026-03-07,0,2026-03-07,Flu ED visits pct,quantile,0.9,3.212231705363444
provo,2026-03-07,0,2026-03-07,Flu ED visits pct,quantile,0.9,1.5476963836952409
roanoke,2026-03-07,0,2026-03-07,Flu ED visits pct,quantile,0.9,4.816903218909918
rochester,2026-03-07,0,2026-03-07,Flu ED visits pct,quantile,0.9,4.149235101010621
rock-hill,2026-03-07,0,2026-03-07,Flu ED visits pct,quantile,0.9,1.7810432012638957
rtp-area,2026-03-07,0,2026-03-07,Flu ED visits pct,quantile,0.9,2.573935687224755
salem,2026-03-07,0,2026-03-07,Flu ED visits pct,quantile,0.9,3.808624034930526
salt-lake-city,2026-03-07,0,2026-03-07,Flu ED visits pct,quantile,0.9,2.618719143616434
san-antonio,2026-03-07,0,2026-03-07,Flu ED visits pct,quantile,0.9,4.31470490797706
savannah,2026-03-07,0,2026-03-07,Flu ED visits pct,quantile,0.9,1.083101620869733
senc,2026-03-07,0,2026-03-07,Flu ED visits pct,quantile,0.9,1.7025503085757812
south-augusta,2026-03-07,0,2026-03-07,Flu ED visits pct,quantile,0.9,2.4583009453102105
south-carolina,2026-03-07,0,2026-03-07,Flu ED visits pct,quantile,0.9,3.343201913204664
springfield,2026-03-07,0,2026-03-07,Flu ED visits pct,quantile,0.9,2.444545000114483
st-cloud,2026-03-07,0,2026-03-07,Flu ED visits pct,quantile,0.9,4.0464965661862875
st-paul,2026-03-07,0,2026-03-07,Flu ED visits pct,quantile,0.9,3.391140536650861
texas,2026-03-07,0,2026-03-07,Flu ED visits pct,quantile,0.9,3.252941340891956
triad-area,2026-03-07,0,2026-03-07,Flu ED visits pct,quantile,0.9,2.1443046824847536
utah,2026-03-07,0,2026-03-07,Flu ED visits pct,quantile,0.9,2.5615062361260614
virginia,2026-03-07,0,2026-03-07,Flu ED visits pct,quantile,0.9,3.4619691703601423
weld,2026-03-07,0,2026-03-07,Flu ED visits pct,quantile,0.9,3.995017790177849
wnc,2026-03-07,0,2026-03-07,Flu ED visits pct,quantile,0.9,2.3246045218745923
worcester,2026-03-07,0,2026-03-07,Flu ED visits pct,quantile,0.9,2.4218342009035765
athens,2026-03-07,1,2026-03-14,Flu ED visits pct,quantile,0.9,3.7139386176560305
austin,2026-03-07,1,2026-03-14,Flu ED visits pct,quantile,0.9,2.890485624476131
baltimore,2026-03-07,1,2026-03-14,Flu ED visits pct,quantile,0.9,2.1613668676610502
bangor,2026-03-07,1,2026-03-14,Flu ED visits pct,quantile,0.9,3.363767765064079
beaumont,2026-03-07,1,2026-03-14,Flu ED visits pct,quantile,0.9,3.1009263280800896
boston,2026-03-07,1,2026-03-14,Flu ED visits pct,quantile,0.9,2.6139679774411553
boulder,2026-03-07,1,2026-03-14,Flu ED visits pct,quantile,0.9,4.2676278608300775
charleston,2026-03-07,1,2026-03-14,Flu ED visits pct,quantile,0.9,2.7155308953003914
cherokee,2026-03-07,1,2026-03-14,Flu ED visits pct,quantile,0.9,4.152373908723702
clt-area,2026-03-07,1,2026-03-14,Flu ED visits pct,quantile,0.9,4.374372343276339
colorado,2026-03-07,1,2026-03-14,Flu ED visits pct,quantile,0.9,3.2525615956004765
colorado-springs,2026-03-07,1,2026-03-14,Flu ED visits pct,quantile,0.9,2.60061053949873
columbia,2026-03-07,1,2026-03-14,Flu ED visits pct,quantile,0.9,3.6442829220100346
columbus,2026-03-07,1,2026-03-14,Flu ED visits pct,quantile,0.9,2.747405674956595
dallas,2026-03-07,1,2026-03-14,Flu ED visits pct,quantile,0.9,3.212868403364739
denver,2026-03-07,1,2026-03-14,Flu ED visits pct,quantile,0.9,2.991349029647885
deschutes,2026-03-07,1,2026-03-14,Flu ED visits pct,quantile,0.9,3.159070526266036
duluth,2026-03-07,1,2026-03-14,Flu ED visits pct,quantile,0.9,3.3119148709590944
el-paso,2026-03-07,1,2026-03-14,Flu ED visits pct,quantile,0.9,3.6045479999773202
eugene,2026-03-07,1,2026-03-14,Flu ED visits pct,quantile,0.9,3.0794785521248995
fay-area,2026-03-07,1,2026-03-14,Flu ED visits pct,quantile,0.9,4.188690239403862
florence,2026-03-07,1,2026-03-14,Flu ED visits pct,quantile,0.9,3.4722762157337823
floyd,2026-03-07,1,2026-03-14,Flu ED visits pct,quantile,0.9,4.047158965637399
frederick,2026-03-07,1,2026-03-14,Flu ED visits pct,quantile,0.9,3.924977242256502
georgia,2026-03-07,1,2026-03-14,Flu ED visits pct,quantile,0.9,2.8454053974481694
greenville,2026-03-07,1,2026-03-14,Flu ED visits pct,quantile,0.9,3.5768193923979634
hall,2026-03-07,1,2026-03-14,Flu ED visits pct,quantile,0.9,3.051530049386434
harford,2026-03-07,1,2026-03-14,Flu ED visits pct,quantile,0.9,2.2508418300333646
henry,2026-03-07,1,2026-03-14,Flu ED visits pct,quantile,0.9,2.9537647249784476
horry,2026-03-07,1,2026-03-14,Flu ED visits pct,quantile,0.9,3.2920114805804572
houston,2026-03-07,1,2026-03-14,Flu ED visits pct,quantile,0.9,2.261496157118181
indiana,2026-03-07,1,2026-03-14,Flu ED visits pct,quantile,0.9,4.316171098653615
indianapolis,2026-03-07,1,2026-03-14,Flu ED visits pct,quantile,0.9,4.511295366015783
la-grange,2026-03-07,1,2026-03-14,Flu ED visits pct,quantile,0.9,3.0054623534391744
larimer,2026-03-07,1,2026-03-14,Flu ED visits pct,quantile,0.9,2.8539093767807393
lynn,2026-03-07,1,2026-03-14,Flu ED visits pct,quantile,0.9,2.9319427394506103
macon,2026-03-07,1,2026-03-14,Flu ED visits pct,quantile,0.9,1.82867368659573
maine,2026-03-07,1,2026-03-14,Flu ED visits pct,quantile,0.9,2.4602419977804852
marietta,2026-03-07,1,2026-03-14,Flu ED visits pct,quantile,0.9,2.8890551098528983
maryland,2026-03-07,1,2026-03-14,Flu ED visits pct,quantile,0.9,2.6750517305453565
massachusetts,2026-03-07,1,2026-03-14,Flu ED visits pct,quantile,0.9,2.8871517792177315
medford,2026-03-07,1,2026-03-14,Flu ED visits pct,quantile,0.9,2.6889827631436716
mesa,2026-03-07,1,2026-03-14,Flu ED visits pct,quantile,0.9,2.315432519371984
minneapolis,2026-03-07,1,2026-03-14,Flu ED visits pct,quantile,0.9,3.641020515779625
minnesota,2026-03-07,1,2026-03-14,Flu ED visits pct,quantile,0.9,4.0097308196921535
montgomery,2026-03-07,1,2026-03-14,Flu ED visits pct,quantile,0.9,2.459079456444421
nenc,2026-03-07,1,2026-03-14,Flu ED visits pct,quantile,0.9,2.4681751084078707
new-bedford,2026-03-07,1,2026-03-14,Flu ED visits pct,quantile,0.9,4.003479929022018
north-carolina,2026-03-07,1,2026-03-14,Flu ED visits pct,quantile,0.9,3.0430906349669233
nyc,2026-03-07,1,2026-03-14,ILI ED visits pct,quantile,0.9,5.317274932213976
ogden,2026-03-07,1,2026-03-14,Flu ED visits pct,quantile,0.9,2.884998188109263
oregon,2026-03-07,1,2026-03-14,Flu ED visits pct,quantile,0.9,2.8134575751355557
pittsfield,2026-03-07,1,2026-03-14,Flu ED visits pct,quantile,0.9,2.329896599770711
portland,2026-03-07,1,2026-03-14,Flu ED visits pct,quantile,0.9,1.9638506621335876
portland-or,2026-03-07,1,2026-03-14,Flu ED visits pct,quantile,0.9,3.0157886511243412
provo,2026-03-07,1,2026-03-14,Flu ED visits pct,quantile,0.9,2.129482433117427
roanoke,2026-03-07,1,2026-03-14,Flu ED visits pct,quantile,0.9,4.578846854979499
rochester,2026-03-07,1,2026-03-14,Flu ED visits pct,quantile,0.9,3.814138291199255
rock-hill,2026-03-07,1,2026-03-14,Flu ED visits pct,quantile,0.9,2.59793552255039
rtp-area,2026-03-07,1,2026-03-14,Flu ED visits pct,quantile,0.9,2.4302725506026355
salem,2026-03-07,1,2026-03-14,Flu ED visits pct,quantile,0.9,3.522114708024297
salt-lake-city,2026-03-07,1,2026-03-14,Flu ED visits pct,quantile,0.9,2.737371963327842
san-antonio,2026-03-07,1,2026-03-14,Flu ED visits pct,quantile,0.9,4.027909355576706
savannah,2026-03-07,1,2026-03-14,Flu ED visits pct,quantile,0.9,1.1031229851848203
senc,2026-03-07,1,2026-03-14,Flu ED visits pct,quantile,0.9,1.66304940691494
south-augusta,2026-03-07,1,2026-03-14,Flu ED visits pct,quantile,0.9,2.2976077124207146
south-carolina,2026-03-07,1,2026-03-14,Flu ED visits pct,quantile,0.9,3.5889997709619217
springfield,2026-03-07,1,2026-03-14,Flu ED visits pct,quantile,0.9,3.351316529839024
st-cloud,2026-03-07,1,2026-03-14,Flu ED visits pct,quantile,0.9,3.964481444029169
st-paul,2026-03-07,1,2026-03-14,Flu ED visits pct,quantile,0.9,4.529403698010113
texas,2026-03-07,1,2026-03-14,Flu ED visits pct,quantile,0.9,3.6214275655415564
triad-area,2026-03-07,1,2026-03-14,Flu ED visits pct,quantile,0.9,2.058455863678395
utah,2026-03-07,1,2026-03-14,Flu ED visits pct,quantile,0.9,2.8980216072876512
virginia,2026-03-07,1,2026-03-14,Flu ED visits pct,quantile,0.9,4.008562219768628
weld,2026-03-07,1,2026-03-14,Flu ED visits pct,quantile,0.9,4.429074836642467
wnc,2026-03-07,1,2026-03-14,Flu ED visits pct,quantile,0.9,2.214103415535806
worcester,2026-03-07,1,2026-03-14,Flu ED visits pct,quantile,0.9,3.1042969266713607
athens,2026-03-07,2,2026-03-21,Flu ED visits pct,quantile,0.9,3.6165578823491917
austin,2026-03-07,2,2026-03-21,Flu ED visits pct,quantile,0.9,2.5652083362118794
baltimore,2026-03-07,2,2026-03-21,Flu ED visits pct,quantile,0.9,1.9910741267781915
bangor,2026-03-07,2,2026-03-21,Flu ED visits pct,quantile,0.9,3.063180558590021
beaumont,2026-03-07,2,2026-03-21,Flu ED visits pct,quantile,0.9,2.8031039392167476
boston,2026-03-07,2,2026-03-21,Flu ED visits pct,quantile,0.9,2.3624165173106495
boulder,2026-03-07,2,2026-03-21,Flu ED visits pct,quantile,0.9,3.9319313395454665
charleston,2026-03-07,2,2026-03-21,Flu ED visits pct,quantile,0.9,2.382100250232925
cherokee,2026-03-07,2,2026-03-21,Flu ED visits pct,quantile,0.9,3.9146220390425195
clt-area,2026-03-07,2,2026-03-21,Flu ED visits pct,quantile,0.9,4.070172380547192
colorado,2026-03-07,2,2026-03-21,Flu ED visits pct,quantile,0.9,3.0787562175760206
colorado-springs,2026-03-07,2,2026-03-21,Flu ED visits pct,quantile,0.9,2.3434889473659606
columbia,2026-03-07,2,2026-03-21,Flu ED visits pct,quantile,0.9,3.1741921689990344
columbus,2026-03-07,2,2026-03-21,Flu ED visits pct,quantile,0.9,2.460147863058489
dallas,2026-03-07,2,2026-03-21,Flu ED visits pct,quantile,0.9,2.8196478536770573
denver,2026-03-07,2,2026-03-21,Flu ED visits pct,quantile,0.9,2.7995263519955564
deschutes,2026-03-07,2,2026-03-21,Flu ED visits pct,quantile,0.9,2.8779908128176497
duluth,2026-03-07,2,2026-03-21,Flu ED visits pct,quantile,0.9,3.0554693901273633
el-paso,2026-03-07,2,2026-03-21,Flu ED visits pct,quantile,0.9,3.430229707741912
eugene,2026-03-07,2,2026-03-21,Flu ED visits pct,quantile,0.9,2.721988764355046
fay-area,2026-03-07,2,2026-03-21,Flu ED visits pct,quantile,0.9,3.8205471355444245
florence,2026-03-07,2,2026-03-21,Flu ED visits pct,quantile,0.9,3.0813721628472766
floyd,2026-03-07,2,2026-03-21,Flu ED visits pct,quantile,0.9,3.8050460525108516
frederick,2026-03-07,2,2026-03-21,Flu ED visits pct,quantile,0.9,3.6047778875392718
georgia,2026-03-07,2,2026-03-21,Flu ED visits pct,quantile,0.9,2.640653031988851
greenville,2026-03-07,2,2026-03-21,Flu ED visits pct,quantile,0.9,3.343872589562274
hall,2026-03-07,2,2026-03-21,Flu ED visits pct,quantile,0.9,2.841581662194571
harford,2026-03-07,2,2026-03-21,Flu ED visits pct,quantile,0.9,2.0832978261609942
henry,2026-03-07,2,2026-03-21,Flu ED visits pct,quantile,0.9,2.711835460080119
horry,2026-03-07,2,2026-03-21,Flu ED visits pct,quantile,0.9,2.8613895569045114
houston,2026-03-07,2,2026-03-21,Flu ED visits pct,quantile,0.9,2.2651110446919858
indiana,2026-03-07,2,2026-03-21,Flu ED visits pct,quantile,0.9,4.091339415606687
indianapolis,2026-03-07,2,2026-03-21,Flu ED visits pct,quantile,0.9,4.230387004281149
la-grange,2026-03-07,2,2026-03-21,Flu ED visits pct,quantile,0.9,2.643303444026239
larimer,2026-03-07,2,2026-03-21,Flu ED visits pct,quantile,0.9,2.6316718585323136
lynn,2026-03-07,2,2026-03-21,Flu ED visits pct,quantile,0.9,2.6328436082468936
macon,2026-03-07,2,2026-03-21,Flu ED visits pct,quantile,0.9,1.6620521521812286
maine,2026-03-07,2,2026-03-21,Flu ED visits pct,quantile,0.9,2.255495524882388
marietta,2026-03-07,2,2026-03-21,Flu ED visits pct,quantile,0.9,2.709217290301668
maryland,2026-03-07,2,2026-03-21,Flu ED visits pct,quantile,0.9,2.796515436369886
massachusetts,2026-03-07,2,2026-03-21,Flu ED visits pct,quantile,0.9,2.8079118724935954
medford,2026-03-07,2,2026-03-21,Flu ED visits pct,quantile,0.9,2.3461985505554144
mesa,2026-03-07,2,2026-03-21,Flu ED visits pct,quantile,0.9,2.046721253544629
minneapolis,2026-03-07,2,2026-03-21,Flu ED visits pct,quantile,0.9,3.259466214535828
minnesota,2026-03-07,2,2026-03-21,Flu ED visits pct,quantile,0.9,3.7804959331735786
montgomery,2026-03-07,2,2026-03-21,Flu ED visits pct,quantile,0.9,2.345287191078578
nenc,2026-03-07,2,2026-03-21,Flu ED visits pct,quantile,0.9,2.281914727549153
new-bedford,2026-03-07,2,2026-03-21,Flu ED visits pct,quantile,0.9,3.6319569857237863
north-carolina,2026-03-07,2,2026-03-21,Flu ED visits pct,quantile,0.9,2.835859307744636
nyc,2026-03-07,2,2026-03-21,ILI ED visits pct,quantile,0.9,4.95505321392551
ogden,2026-03-07,2,2026-03-21,Flu ED visits pct,quantile,0.9,2.550509789535915
oregon,2026-03-07,2,2026-03-21,Flu ED visits pct,quantile,0.9,2.4942724333821693
pittsfield,2026-03-07,2,2026-03-21,Flu ED visits pct,quantile,0.9,2.503488067331344
portland,2026-03-07,2,2026-03-21,Flu ED visits pct,quantile,0.9,1.6816320000244835
portland-or,2026-03-07,2,2026-03-21,Flu ED visits pct,quantile,0.9,2.6091235832884423
provo,2026-03-07,2,2026-03-21,Flu ED visits pct,quantile,0.9,2.1050290056294116
roanoke,2026-03-07,2,2026-03-21,Flu ED visits pct,quantile,0.9,4.150574700437436
rochester,2026-03-07,2,2026-03-21,Flu ED visits pct,quantile,0.9,3.4753697127725656
rock-hill,2026-03-07,2,2026-03-21,Flu ED visits pct,quantile,0.9,3.1565973572008383
rtp-area,2026-03-07,2,2026-03-21,Flu ED visits pct,quantile,0.9,2.213063394178896
salem,2026-03-07,2,2026-03-21,Flu ED visits pct,quantile,0.9,3.1287578812132746
salt-lake-city,2026-03-07,2,2026-03-21,Flu ED visits pct,quantile,0.9,2.4415139865832405
san-antonio,2026-03-07,2,2026-03-21,Flu ED visits pct,quantile,0.9,3.5653591980712176
savannah,2026-03-07,2,2026-03-21,Flu ED visits pct,quantile,0.9,0.9449912678807545
senc,2026-03-07,2,2026-03-21,Flu ED visits pct,quantile,0.9,1.5219864947944517
south-augusta,2026-03-07,2,2026-03-21,Flu ED visits pct,quantile,0.9,2.113261698676326
south-carolina,2026-03-07,2,2026-03-21,Flu ED visits pct,quantile,0.9,3.3315998164025946
springfield,2026-03-07,2,2026-03-21,Flu ED visits pct,quantile,0.9,3.0255891835772237
st-cloud,2026-03-07,2,2026-03-21,Flu ED visits pct,quantile,0.9,3.620531381134622
st-paul,2026-03-07,2,2026-03-21,Flu ED visits pct,quantile,0.9,4.049719804067625
texas,2026-03-07,2,2026-03-21,Flu ED visits pct,quantile,0.9,3.3596747874957282
triad-area,2026-03-07,2,2026-03-21,Flu ED visits pct,quantile,0.9,1.8352835481023098
utah,2026-03-07,2,2026-03-21,Flu ED visits pct,quantile,0.9,2.6328337303412344
virginia,2026-03-07,2,2026-03-21,Flu ED visits pct,quantile,0.9,3.735694107571419
weld,2026-03-07,2,2026-03-21,Flu ED visits pct,quantile,0.9,3.9938605537316754
wnc,2026-03-07,2,2026-03-21,Flu ED visits pct,quantile,0.9,2.0456449594912014
worcester,2026-03-07,2,2026-03-21,Flu ED visits pct,quantile,0.9,2.8371413017243396
athens,2026-03-07,3,2026-03-28,Flu ED visits pct,quantile,0.9,4.217568633539734
austin,2026-03-07,3,2026-03-28,Flu ED visits pct,quantile,0.9,2.780204141328134
baltimore,2026-03-07,3,2026-03-28,Flu ED visits pct,quantile,0.9,2.34278486606628
bangor,2026-03-07,3,2026-03-28,Flu ED visits pct,quantile,0.9,3.419177782117419
beaumont,2026-03-07,3,2026-03-28,Flu ED visits pct,quantile,0.9,3.0051105117833665
boston,2026-03-07,3,2026-03-28,Flu ED visits pct,quantile,0.9,2.5880304726845904
boulder,2026-03-07,3,2026-03-28,Flu ED visits pct,quantile,0.9,4.254505998593807
charleston,2026-03-07,3,2026-03-28,Flu ED visits pct,quantile,0.9,2.4515909654920973
cherokee,2026-03-07,3,2026-03-28,Flu ED visits pct,quantile,0.9,4.433109631125022
clt-area,2026-03-07,3,2026-03-28,Flu ED visits pct,quantile,0.9,3.873026716538417
colorado,2026-03-07,3,2026-03-28,Flu ED visits pct,quantile,0.9,3.4171299307818246
colorado-springs,2026-03-07,3,2026-03-28,Flu ED visits pct,quantile,0.9,2.5662371610888894
columbia,2026-03-07,3,2026-03-28,Flu ED visits pct,quantile,0.9,3.600827528060705
columbus,2026-03-07,3,2026-03-28,Flu ED visits pct,quantile,0.9,2.4633954223290044
dallas,2026-03-07,3,2026-03-28,Flu ED visits pct,quantile,0.9,3.1169476033483527
denver,2026-03-07,3,2026-03-28,Flu ED visits pct,quantile,0.9,3.141417481277866
deschutes,2026-03-07,3,2026-03-28,Flu ED visits pct,quantile,0.9,2.971778469996038
duluth,2026-03-07,3,2026-03-28,Flu ED visits pct,quantile,0.9,3.3910690486431005
el-paso,2026-03-07,3,2026-03-28,Flu ED visits pct,quantile,0.9,3.8454285819281364
eugene,2026-03-07,3,2026-03-28,Flu ED visits pct,quantile,0.9,2.7167295907401883
fay-area,2026-03-07,3,2026-03-28,Flu ED visits pct,quantile,0.9,3.6998700955515544
florence,2026-03-07,3,2026-03-28,Flu ED visits pct,quantile,0.9,3.472179169946159
floyd,2026-03-07,3,2026-03-28,Flu ED visits pct,quantile,0.9,4.301758686848835
frederick,2026-03-07,3,2026-03-28,Flu ED visits pct,quantile,0.9,4.073961355140934
georgia,2026-03-07,3,2026-03-28,Flu ED visits pct,quantile,0.9,2.893401568866783
greenville,2026-03-07,3,2026-03-28,Flu ED visits pct,quantile,0.9,3.8635965501210263
hall,2026-03-07,3,2026-03-28,Flu ED visits pct,quantile,0.9,3.1155502789813907
harford,2026-03-07,3,2026-03-28,Flu ED visits pct,quantile,0.9,2.4582016402828772
henry,2026-03-07,3,2026-03-28,Flu ED visits pct,quantile,0.9,3.007576421402838
horry,2026-03-07,3,2026-03-28,Flu ED visits pct,quantile,0.9,3.1898294303025887
houston,2026-03-07,3,2026-03-28,Flu ED visits pct,quantile,0.9,2.4979955638399733
indiana,2026-03-07,3,2026-03-28,Flu ED visits pct,quantile,0.9,4.4688456988685425
indianapolis,2026-03-07,3,2026-03-28,Flu ED visits pct,quantile,0.9,4.322105970502285
la-grange,2026-03-07,3,2026-03-28,Flu ED visits pct,quantile,0.9,3.024098106550333
larimer,2026-03-07,3,2026-03-28,Flu ED visits pct,quantile,0.9,2.963812671492383
lynn,2026-03-07,3,2026-03-28,Flu ED visits pct,quantile,0.9,3.001527145142006
macon,2026-03-07,3,2026-03-28,Flu ED visits pct,quantile,0.9,1.786392010314479
maine,2026-03-07,3,2026-03-28,Flu ED visits pct,quantile,0.9,2.3239620348130594
marietta,2026-03-07,3,2026-03-28,Flu ED visits pct,quantile,0.9,3.0109060735335054
maryland,2026-03-07,3,2026-03-28,Flu ED visits pct,quantile,0.9,2.928086234372638
massachusetts,2026-03-07,3,2026-03-28,Flu ED visits pct,quantile,0.9,2.962050581446408
medford,2026-03-07,3,2026-03-28,Flu ED visits pct,quantile,0.9,2.337698972335143
mesa,2026-03-07,3,2026-03-28,Flu ED visits pct,quantile,0.9,2.251314788017825
minneapolis,2026-03-07,3,2026-03-28,Flu ED visits pct,quantile,0.9,3.690744628217248
minnesota,2026-03-07,3,2026-03-28,Flu ED visits pct,quantile,0.9,4.071137991763291
montgomery,2026-03-07,3,2026-03-28,Flu ED visits pct,quantile,0.9,2.6966196842461114
nenc,2026-03-07,3,2026-03-28,Flu ED visits pct,quantile,0.9,2.32025724144148
new-bedford,2026-03-07,3,2026-03-28,Flu ED visits pct,quantile,0.9,4.06105511812124
north-carolina,2026-03-07,3,2026-03-28,Flu ED visits pct,quantile,0.9,2.826355390402885
nyc,2026-03-07,3,2026-03-28,ILI ED visits pct,quantile,0.9,5.493538669660286
ogden,2026-03-07,3,2026-03-28,Flu ED visits pct,quantile,0.9,2.788243918245653
oregon,2026-03-07,3,2026-03-28,Flu ED visits pct,quantile,0.9,2.5647687635699006
pittsfield,2026-03-07,3,2026-03-28,Flu ED visits pct,quantile,0.9,2.8171493380097763
portland,2026-03-07,3,2026-03-28,Flu ED visits pct,quantile,0.9,1.8502104566698097
portland-or,2026-03-07,3,2026-03-28,Flu ED visits pct,quantile,0.9,2.7309728950628687
provo,2026-03-07,3,2026-03-28,Flu ED visits pct,quantile,0.9,2.290674956341788
roanoke,2026-03-07,3,2026-03-28,Flu ED visits pct,quantile,0.9,4.615558994361712
rochester,2026-03-07,3,2026-03-28,Flu ED visits pct,quantile,0.9,3.679985443741248
rock-hill,2026-03-07,3,2026-03-28,Flu ED visits pct,quantile,0.9,3.5975968324425383
rtp-area,2026-03-07,3,2026-03-28,Flu ED visits pct,quantile,0.9,2.1591588465035305
salem,2026-03-07,3,2026-03-28,Flu ED visits pct,quantile,0.9,3.166649104086057
salt-lake-city,2026-03-07,3,2026-03-28,Flu ED visits pct,quantile,0.9,2.7520589529946577
san-antonio,2026-03-07,3,2026-03-28,Flu ED visits pct,quantile,0.9,3.6230073725818293
savannah,2026-03-07,3,2026-03-28,Flu ED visits pct,quantile,0.9,0.9414705928769861
senc,2026-03-07,3,2026-03-28,Flu ED visits pct,quantile,0.9,1.5714149890111404
south-augusta,2026-03-07,3,2026-03-28,Flu ED visits pct,quantile,0.9,2.1492928494033174
south-carolina,2026-03-07,3,2026-03-28,Flu ED visits pct,quantile,0.9,3.683625276357462
springfield,2026-03-07,3,2026-03-28,Flu ED visits pct,quantile,0.9,3.449692490968168
st-cloud,2026-03-07,3,2026-03-28,Flu ED visits pct,quantile,0.9,4.048182174988483
st-paul,2026-03-07,3,2026-03-28,Flu ED visits pct,quantile,0.9,4.641309307004933
texas,2026-03-07,3,2026-03-28,Flu ED visits pct,quantile,0.9,3.717556850971562
triad-area,2026-03-07,3,2026-03-28,Flu ED visits pct,quantile,0.9,1.896245948022365
utah,2026-03-07,3,2026-03-28,Flu ED visits pct,quantile,0.9,2.8772955203281425
virginia,2026-03-07,3,2026-03-28,Flu ED visits pct,quantile,0.9,4.02102975889265
weld,2026-03-07,3,2026-03-28,Flu ED visits pct,quantile,0.9,4.472173972397184
wnc,2026-03-07,3,2026-03-28,Flu ED visits pct,quantile,0.9,2.043788247235749
worcester,2026-03-07,3,2026-03-28,Flu ED visits pct,quantile,0.9,3.0466305994345775
athens,2026-03-07,0,2026-03-07,Flu ED visits pct,quantile,0.95,4.926489642476173
austin,2026-03-07,0,2026-03-07,Flu ED visits pct,quantile,0.95,3.4807844400273567
baltimore,2026-03-07,0,2026-03-07,Flu ED visits pct,quantile,0.95,2.0709984290781858
bangor,2026-03-07,0,2026-03-07,Flu ED visits pct,quantile,0.95,3.8386788303118142
beaumont,2026-03-07,0,2026-03-07,Flu ED visits pct,quantile,0.95,3.307532673708089
boston,2026-03-07,0,2026-03-07,Flu ED visits pct,quantile,0.95,2.4691858438836367
boulder,2026-03-07,0,2026-03-07,Flu ED visits pct,quantile,0.95,5.522580703675651
charleston,2026-03-07,0,2026-03-07,Flu ED visits pct,quantile,0.95,3.430389856114237
cherokee,2026-03-07,0,2026-03-07,Flu ED visits pct,quantile,0.95,4.801557859514972
clt-area,2026-03-07,0,2026-03-07,Flu ED visits pct,quantile,0.95,5.1672784948186505
colorado,2026-03-07,0,2026-03-07,Flu ED visits pct,quantile,0.95,3.4560790600067306
colorado-springs,2026-03-07,0,2026-03-07,Flu ED visits pct,quantile,0.95,3.257049441194094
columbia,2026-03-07,0,2026-03-07,Flu ED visits pct,quantile,0.95,3.7636819412124622
columbus,2026-03-07,0,2026-03-07,Flu ED visits pct,quantile,0.95,3.3400057111261217
dallas,2026-03-07,0,2026-03-07,Flu ED visits pct,quantile,0.95,3.666668011208255
denver,2026-03-07,0,2026-03-07,Flu ED visits pct,quantile,0.95,3.7098041387881175
deschutes,2026-03-07,0,2026-03-07,Flu ED visits pct,quantile,0.95,3.5116830287884095
duluth,2026-03-07,0,2026-03-07,Flu ED visits pct,quantile,0.95,3.7863876552080993
el-paso,2026-03-07,0,2026-03-07,Flu ED visits pct,quantile,0.95,3.3783748680181787
eugene,2026-03-07,0,2026-03-07,Flu ED visits pct,quantile,0.95,3.6958119740646023
fay-area,2026-03-07,0,2026-03-07,Flu ED visits pct,quantile,0.95,4.889668527509829
florence,2026-03-07,0,2026-03-07,Flu ED visits pct,quantile,0.95,3.6649576842489884
floyd,2026-03-07,0,2026-03-07,Flu ED visits pct,quantile,0.95,4.942968903337332
frederick,2026-03-07,0,2026-03-07,Flu ED visits pct,quantile,0.95,3.7939203097926804
georgia,2026-03-07,0,2026-03-07,Flu ED visits pct,quantile,0.95,2.989997056530865
greenville,2026-03-07,0,2026-03-07,Flu ED visits pct,quantile,0.95,4.876521963146522
hall,2026-03-07,0,2026-03-07,Flu ED visits pct,quantile,0.95,3.327102403741304
harford,2026-03-07,0,2026-03-07,Flu ED visits pct,quantile,0.95,2.080048890514709
henry,2026-03-07,0,2026-03-07,Flu ED visits pct,quantile,0.95,3.1512473213445453
horry,2026-03-07,0,2026-03-07,Flu ED visits pct,quantile,0.95,3.31474840939545
houston,2026-03-07,0,2026-03-07,Flu ED visits pct,quantile,0.95,2.0522057917333822
indiana,2026-03-07,0,2026-03-07,Flu ED visits pct,quantile,0.95,4.915968703053831
indianapolis,2026-03-07,0,2026-03-07,Flu ED visits pct,quantile,0.95,5.525363680344416
la-grange,2026-03-07,0,2026-03-07,Flu ED visits pct,quantile,0.95,3.6234328115789634
larimer,2026-03-07,0,2026-03-07,Flu ED visits pct,quantile,0.95,3.3744528691895583
lynn,2026-03-07,0,2026-03-07,Flu ED visits pct,quantile,0.95,2.7470600233826006
macon,2026-03-07,0,2026-03-07,Flu ED visits pct,quantile,0.95,2.0641582966759353
maine,2026-03-07,0,2026-03-07,Flu ED visits pct,quantile,0.95,2.259907227034425
marietta,2026-03-07,0,2026-03-07,Flu ED visits pct,quantile,0.95,3.2002901949884084
maryland,2026-03-07,0,2026-03-07,Flu ED visits pct,quantile,0.95,2.3998359844826167
massachusetts,2026-03-07,0,2026-03-07,Flu ED visits pct,quantile,0.95,2.502476739514494
medford,2026-03-07,0,2026-03-07,Flu ED visits pct,quantile,0.95,3.4348981717009224
mesa,2026-03-07,0,2026-03-07,Flu ED visits pct,quantile,0.95,2.479438032629285
minneapolis,2026-03-07,0,2026-03-07,Flu ED visits pct,quantile,0.95,4.0138870145166266
minnesota,2026-03-07,0,2026-03-07,Flu ED visits pct,quantile,0.95,3.874227617932352
montgomery,2026-03-07,0,2026-03-07,Flu ED visits pct,quantile,0.95,2.421088424743053
nenc,2026-03-07,0,2026-03-07,Flu ED visits pct,quantile,0.95,3.076180132045254
new-bedford,2026-03-07,0,2026-03-07,Flu ED visits pct,quantile,0.95,4.03884194410962
north-carolina,2026-03-07,0,2026-03-07,Flu ED visits pct,quantile,0.95,3.535323748634374
nyc,2026-03-07,0,2026-03-07,ILI ED visits pct,quantile,0.95,4.828878731914935
ogden,2026-03-07,0,2026-03-07,Flu ED visits pct,quantile,0.95,3.2565241723138856
oregon,2026-03-07,0,2026-03-07,Flu ED visits pct,quantile,0.95,3.3845204063189485
pittsfield,2026-03-07,0,2026-03-07,Flu ED visits pct,quantile,0.95,2.1229936892537826
portland,2026-03-07,0,2026-03-07,Flu ED visits pct,quantile,0.95,2.053710521157601
portland-or,2026-03-07,0,2026-03-07,Flu ED visits pct,quantile,0.95,3.728507544509402
provo,2026-03-07,0,2026-03-07,Flu ED visits pct,quantile,0.95,2.4442615439375777
roanoke,2026-03-07,0,2026-03-07,Flu ED visits pct,quantile,0.95,6.325276111476123
rochester,2026-03-07,0,2026-03-07,Flu ED visits pct,quantile,0.95,4.807610342036707
rock-hill,2026-03-07,0,2026-03-07,Flu ED visits pct,quantile,0.95,2.287695102082248
rtp-area,2026-03-07,0,2026-03-07,Flu ED visits pct,quantile,0.95,2.8485870360103474
salem,2026-03-07,0,2026-03-07,Flu ED visits pct,quantile,0.95,4.372327356290821
salt-lake-city,2026-03-07,0,2026-03-07,Flu ED visits pct,quantile,0.95,3.0258084581097386
san-antonio,2026-03-07,0,2026-03-07,Flu ED visits pct,quantile,0.95,5.307051764125491
savannah,2026-03-07,0,2026-03-07,Flu ED visits pct,quantile,0.95,1.4212275327388817
senc,2026-03-07,0,2026-03-07,Flu ED visits pct,quantile,0.95,1.902629713168178
south-augusta,2026-03-07,0,2026-03-07,Flu ED visits pct,quantile,0.95,2.9195114721119335
south-carolina,2026-03-07,0,2026-03-07,Flu ED visits pct,quantile,0.95,3.7369113886198453
springfield,2026-03-07,0,2026-03-07,Flu ED visits pct,quantile,0.95,3.092728219987175
st-cloud,2026-03-07,0,2026-03-07,Flu ED visits pct,quantile,0.95,4.662985537268042
st-paul,2026-03-07,0,2026-03-07,Flu ED visits pct,quantile,0.95,4.465863106446841
texas,2026-03-07,0,2026-03-07,Flu ED visits pct,quantile,0.95,3.884779908900983
triad-area,2026-03-07,0,2026-03-07,Flu ED visits pct,quantile,0.95,2.513502502077755
utah,2026-03-07,0,2026-03-07,Flu ED visits pct,quantile,0.95,2.952676216667767
virginia,2026-03-07,0,2026-03-07,Flu ED visits pct,quantile,0.95,3.8637103729273368
weld,2026-03-07,0,2026-03-07,Flu ED visits pct,quantile,0.95,4.959080503618906
wnc,2026-03-07,0,2026-03-07,Flu ED visits pct,quantile,0.95,2.6238631270383026
worcester,2026-03-07,0,2026-03-07,Flu ED visits pct,quantile,0.95,2.9304860351017705
athens,2026-03-07,1,2026-03-14,Flu ED visits pct,quantile,0.95,5.410359174884573
austin,2026-03-07,1,2026-03-14,Flu ED visits pct,quantile,0.95,3.487195769252618
baltimore,2026-03-07,1,2026-03-14,Flu ED visits pct,quantile,0.95,2.339037111439574
bangor,2026-03-07,1,2026-03-14,Flu ED visits pct,quantile,0.95,4.167640583866992
beaumont,2026-03-07,1,2026-03-14,Flu ED visits pct,quantile,0.95,4.056176811014117
boston,2026-03-07,1,2026-03-14,Flu ED visits pct,quantile,0.95,2.794729599054318
boulder,2026-03-07,1,2026-03-14,Flu ED visits pct,quantile,0.95,5.563101569263594
charleston,2026-03-07,1,2026-03-14,Flu ED visits pct,quantile,0.95,3.288837883115396
cherokee,2026-03-07,1,2026-03-14,Flu ED visits pct,quantile,0.95,5.342736815160287
clt-area,2026-03-07,1,2026-03-14,Flu ED visits pct,quantile,0.95,5.250909587811335
colorado,2026-03-07,1,2026-03-14,Flu ED visits pct,quantile,0.95,3.639140945326193
colorado-springs,2026-03-07,1,2026-03-14,Flu ED visits pct,quantile,0.95,3.4421993969995315
columbia,2026-03-07,1,2026-03-14,Flu ED visits pct,quantile,0.95,4.198270985155015
columbus,2026-03-07,1,2026-03-14,Flu ED visits pct,quantile,0.95,3.1990418980475903
dallas,2026-03-07,1,2026-03-14,Flu ED visits pct,quantile,0.95,3.6794609813713284
denver,2026-03-07,1,2026-03-14,Flu ED visits pct,quantile,0.95,3.880857641952166
deschutes,2026-03-07,1,2026-03-14,Flu ED visits pct,quantile,0.95,3.478873186001981
duluth,2026-03-07,1,2026-03-14,Flu ED visits pct,quantile,0.95,3.9714900949917733
el-paso,2026-03-07,1,2026-03-14,Flu ED visits pct,quantile,0.95,3.8495623784145554
eugene,2026-03-07,1,2026-03-14,Flu ED visits pct,quantile,0.95,3.5485964379721935
fay-area,2026-03-07,1,2026-03-14,Flu ED visits pct,quantile,0.95,4.916876509781565
florence,2026-03-07,1,2026-03-14,Flu ED visits pct,quantile,0.95,3.8028722835872104
floyd,2026-03-07,1,2026-03-14,Flu ED visits pct,quantile,0.95,5.42691674302095
frederick,2026-03-07,1,2026-03-14,Flu ED visits pct,quantile,0.95,4.211811977629094
georgia,2026-03-07,1,2026-03-14,Flu ED visits pct,quantile,0.95,3.2038463758142868
greenville,2026-03-07,1,2026-03-14,Flu ED visits pct,quantile,0.95,5.288093526748615
hall,2026-03-07,1,2026-03-14,Flu ED visits pct,quantile,0.95,3.5785499934544416
harford,2026-03-07,1,2026-03-14,Flu ED visits pct,quantile,0.95,2.3110978021095385
henry,2026-03-07,1,2026-03-14,Flu ED visits pct,quantile,0.95,3.6958284606489236
horry,2026-03-07,1,2026-03-14,Flu ED visits pct,quantile,0.95,3.6070957162146016
houston,2026-03-07,1,2026-03-14,Flu ED visits pct,quantile,0.95,2.288855761331346
indiana,2026-03-07,1,2026-03-14,Flu ED visits pct,quantile,0.95,4.980166772085591
indianapolis,2026-03-07,1,2026-03-14,Flu ED visits pct,quantile,0.95,5.486533299404742
la-grange,2026-03-07,1,2026-03-14,Flu ED visits pct,quantile,0.95,3.839031291591374
larimer,2026-03-07,1,2026-03-14,Flu ED visits pct,quantile,0.95,3.6259924968589425
lynn,2026-03-07,1,2026-03-14,Flu ED visits pct,quantile,0.95,3.0966048482967374
macon,2026-03-07,1,2026-03-14,Flu ED visits pct,quantile,0.95,2.057342758360114
maine,2026-03-07,1,2026-03-14,Flu ED visits pct,quantile,0.95,2.5593093521264545
marietta,2026-03-07,1,2026-03-14,Flu ED visits pct,quantile,0.95,3.5424223672471116
maryland,2026-03-07,1,2026-03-14,Flu ED visits pct,quantile,0.95,2.9645442349341367
massachusetts,2026-03-07,1,2026-03-14,Flu ED visits pct,quantile,0.95,3.0553830704111338
medford,2026-03-07,1,2026-03-14,Flu ED visits pct,quantile,0.95,3.2319834943110686
mesa,2026-03-07,1,2026-03-14,Flu ED visits pct,quantile,0.95,2.594807819960215
minneapolis,2026-03-07,1,2026-03-14,Flu ED visits pct,quantile,0.95,4.161364023478673
minnesota,2026-03-07,1,2026-03-14,Flu ED visits pct,quantile,0.95,4.028521654137122
montgomery,2026-03-07,1,2026-03-14,Flu ED visits pct,quantile,0.95,2.7131321149058243
nenc,2026-03-07,1,2026-03-14,Flu ED visits pct,quantile,0.95,2.9918536155911113
new-bedford,2026-03-07,1,2026-03-14,Flu ED visits pct,quantile,0.95,4.548207499840431
north-carolina,2026-03-07,1,2026-03-14,Flu ED visits pct,quantile,0.95,3.536328311991948
nyc,2026-03-07,1,2026-03-14,ILI ED visits pct,quantile,0.95,5.368648803404602
ogden,2026-03-07,1,2026-03-14,Flu ED visits pct,quantile,0.95,3.4265326290111253
oregon,2026-03-07,1,2026-03-14,Flu ED visits pct,quantile,0.95,3.3498916602029665
pittsfield,2026-03-07,1,2026-03-14,Flu ED visits pct,quantile,0.95,2.4116913299876064
portland,2026-03-07,1,2026-03-14,Flu ED visits pct,quantile,0.95,2.2940453398386498
portland-or,2026-03-07,1,2026-03-14,Flu ED visits pct,quantile,0.95,3.6182413749479605
provo,2026-03-07,1,2026-03-14,Flu ED visits pct,quantile,0.95,2.787983041248359
roanoke,2026-03-07,1,2026-03-14,Flu ED visits pct,quantile,0.95,6.36377807913672
rochester,2026-03-07,1,2026-03-14,Flu ED visits pct,quantile,0.95,4.651831082286879
rock-hill,2026-03-07,1,2026-03-14,Flu ED visits pct,quantile,0.95,2.6385012813805413
rtp-area,2026-03-07,1,2026-03-14,Flu ED visits pct,quantile,0.95,2.779092805116547
salem,2026-03-07,1,2026-03-14,Flu ED visits pct,quantile,0.95,4.260477611339196
salt-lake-city,2026-03-07,1,2026-03-14,Flu ED visits pct,quantile,0.95,3.0615922368987873
san-antonio,2026-03-07,1,2026-03-14,Flu ED visits pct,quantile,0.95,5.08206130343783
savannah,2026-03-07,1,2026-03-14,Flu ED visits pct,quantile,0.95,1.369831014170226
senc,2026-03-07,1,2026-03-14,Flu ED visits pct,quantile,0.95,1.87835835048967
south-augusta,2026-03-07,1,2026-03-14,Flu ED visits pct,quantile,0.95,2.8111234718781377
south-carolina,2026-03-07,1,2026-03-14,Flu ED visits pct,quantile,0.95,3.962312276853304
springfield,2026-03-07,1,2026-03-14,Flu ED visits pct,quantile,0.95,3.5647902272082743
st-cloud,2026-03-07,1,2026-03-14,Flu ED visits pct,quantile,0.95,5.0360442557241125
st-paul,2026-03-07,1,2026-03-14,Flu ED visits pct,quantile,0.95,5.022003692437078
texas,2026-03-07,1,2026-03-14,Flu ED visits pct,quantile,0.95,3.9002814724348847
triad-area,2026-03-07,1,2026-03-14,Flu ED visits pct,quantile,0.95,2.4408354737931504
utah,2026-03-07,1,2026-03-14,Flu ED visits pct,quantile,0.95,3.0682728641895913
virginia,2026-03-07,1,2026-03-14,Flu ED visits pct,quantile,0.95,4.096391384700904
weld,2026-03-07,1,2026-03-14,Flu ED visits pct,quantile,0.95,5.13229726163564
wnc,2026-03-07,1,2026-03-14,Flu ED visits pct,quantile,0.95,2.592900237906533
worcester,2026-03-07,1,2026-03-14,Flu ED visits pct,quantile,0.95,3.2785194750754503
athens,2026-03-07,2,2026-03-21,Flu ED visits pct,quantile,0.95,5.309996311395874
austin,2026-03-07,2,2026-03-21,Flu ED visits pct,quantile,0.95,3.3756952816429533
baltimore,2026-03-07,2,2026-03-21,Flu ED visits pct,quantile,0.95,2.4247563618300614
bangor,2026-03-07,2,2026-03-21,Flu ED visits pct,quantile,0.95,4.008044771596364
beaumont,2026-03-07,2,2026-03-21,Flu ED visits pct,quantile,0.95,4.082933144840792
boston,2026-03-07,2,2026-03-21,Flu ED visits pct,quantile,0.95,2.818136112877601
boulder,2026-03-07,2,2026-03-21,Flu ED visits pct,quantile,0.95,5.364211574445374
charleston,2026-03-07,2,2026-03-21,Flu ED visits pct,quantile,0.95,3.142175525054239
cherokee,2026-03-07,2,2026-03-21,Flu ED visits pct,quantile,0.95,5.222766274635779
clt-area,2026-03-07,2,2026-03-21,Flu ED visits pct,quantile,0.95,5.092307005207615
colorado,2026-03-07,2,2026-03-21,Flu ED visits pct,quantile,0.95,3.710690097494062
colorado-springs,2026-03-07,2,2026-03-21,Flu ED visits pct,quantile,0.95,3.3589071029173017
columbia,2026-03-07,2,2026-03-21,Flu ED visits pct,quantile,0.95,4.2046927388755995
columbus,2026-03-07,2,2026-03-21,Flu ED visits pct,quantile,0.95,3.1323535551656234
dallas,2026-03-07,2,2026-03-21,Flu ED visits pct,quantile,0.95,3.5341240501171125
denver,2026-03-07,2,2026-03-21,Flu ED visits pct,quantile,0.95,3.8827634867043956
deschutes,2026-03-07,2,2026-03-21,Flu ED visits pct,quantile,0.95,3.1667784945107025
duluth,2026-03-07,2,2026-03-21,Flu ED visits pct,quantile,0.95,3.945990650381807
el-paso,2026-03-07,2,2026-03-21,Flu ED visits pct,quantile,0.95,3.9992331552882012
eugene,2026-03-07,2,2026-03-21,Flu ED visits pct,quantile,0.95,3.458414815381424
fay-area,2026-03-07,2,2026-03-21,Flu ED visits pct,quantile,0.95,4.89587990646483
florence,2026-03-07,2,2026-03-21,Flu ED visits pct,quantile,0.95,3.5777856757933835
floyd,2026-03-07,2,2026-03-21,Flu ED visits pct,quantile,0.95,5.265116719259153
frederick,2026-03-07,2,2026-03-21,Flu ED visits pct,quantile,0.95,4.185624479294552
georgia,2026-03-07,2,2026-03-21,Flu ED visits pct,quantile,0.95,3.182955445647141
greenville,2026-03-07,2,2026-03-21,Flu ED visits pct,quantile,0.95,5.157383432711329
hall,2026-03-07,2,2026-03-21,Flu ED visits pct,quantile,0.95,3.5412396744901837
harford,2026-03-07,2,2026-03-21,Flu ED visits pct,quantile,0.95,2.452942540514042
henry,2026-03-07,2,2026-03-21,Flu ED visits pct,quantile,0.95,3.6142439846808307
horry,2026-03-07,2,2026-03-21,Flu ED visits pct,quantile,0.95,3.480581033325135
houston,2026-03-07,2,2026-03-21,Flu ED visits pct,quantile,0.95,2.412787422047543
indiana,2026-03-07,2,2026-03-21,Flu ED visits pct,quantile,0.95,4.943315435647651
indianapolis,2026-03-07,2,2026-03-21,Flu ED visits pct,quantile,0.95,5.381985479560514
la-grange,2026-03-07,2,2026-03-21,Flu ED visits pct,quantile,0.95,3.714294852849101
larimer,2026-03-07,2,2026-03-21,Flu ED visits pct,quantile,0.95,3.6212452751564643
lynn,2026-03-07,2,2026-03-21,Flu ED visits pct,quantile,0.95,3.1702622285835576
macon,2026-03-07,2,2026-03-21,Flu ED visits pct,quantile,0.95,1.9720251242179854
maine,2026-03-07,2,2026-03-21,Flu ED visits pct,quantile,0.95,2.3933602638557763
marietta,2026-03-07,2,2026-03-21,Flu ED visits pct,quantile,0.95,3.533041035320528
maryland,2026-03-07,2,2026-03-21,Flu ED visits pct,quantile,0.95,2.8667927125586745
massachusetts,2026-03-07,2,2026-03-21,Flu ED visits pct,quantile,0.95,2.963457199759613
medford,2026-03-07,2,2026-03-21,Flu ED visits pct,quantile,0.95,3.090157169182972
mesa,2026-03-07,2,2026-03-21,Flu ED visits pct,quantile,0.95,2.515835824256746
minneapolis,2026-03-07,2,2026-03-21,Flu ED visits pct,quantile,0.95,4.125927251550894
minnesota,2026-03-07,2,2026-03-21,Flu ED visits pct,quantile,0.95,4.076732143781687
montgomery,2026-03-07,2,2026-03-21,Flu ED visits pct,quantile,0.95,2.7993528710516995
nenc,2026-03-07,2,2026-03-21,Flu ED visits pct,quantile,0.95,2.9738527771819747
new-bedford,2026-03-07,2,2026-03-21,Flu ED visits pct,quantile,0.95,4.4514269941219435
north-carolina,2026-03-07,2,2026-03-21,Flu ED visits pct,quantile,0.95,3.49060419696842
nyc,2026-03-07,2,2026-03-21,ILI ED visits pct,quantile,0.95,5.589372343046402
ogden,2026-03-07,2,2026-03-21,Flu ED visits pct,quantile,0.95,3.312638498792655
oregon,2026-03-07,2,2026-03-21,Flu ED visits pct,quantile,0.95,3.280169229035507
pittsfield,2026-03-07,2,2026-03-21,Flu ED visits pct,quantile,0.95,2.7045167774391974
portland,2026-03-07,2,2026-03-21,Flu ED visits pct,quantile,0.95,2.276080068009787
portland-or,2026-03-07,2,2026-03-21,Flu ED visits pct,quantile,0.95,3.3735689762929213
provo,2026-03-07,2,2026-03-21,Flu ED visits pct,quantile,0.95,2.9825726250650186
roanoke,2026-03-07,2,2026-03-21,Flu ED visits pct,quantile,0.95,6.210546194725344
rochester,2026-03-07,2,2026-03-21,Flu ED visits pct,quantile,0.95,4.507841781676759
rock-hill,2026-03-07,2,2026-03-21,Flu ED visits pct,quantile,0.95,3.749610111288369
rtp-area,2026-03-07,2,2026-03-21,Flu ED visits pct,quantile,0.95,2.7056431687805036
salem,2026-03-07,2,2026-03-21,Flu ED visits pct,quantile,0.95,4.103905875513903
salt-lake-city,2026-03-07,2,2026-03-21,Flu ED visits pct,quantile,0.95,2.9047643863798016
san-antonio,2026-03-07,2,2026-03-21,Flu ED visits pct,quantile,0.95,4.948743553234628
savannah,2026-03-07,2,2026-03-21,Flu ED visits pct,quantile,0.95,1.2277134696831178
senc,2026-03-07,2,2026-03-21,Flu ED visits pct,quantile,0.95,1.8101518139132367
south-augusta,2026-03-07,2,2026-03-21,Flu ED visits pct,quantile,0.95,2.7652957233579087
south-carolina,2026-03-07,2,2026-03-21,Flu ED visits pct,quantile,0.95,3.818909152367664
springfield,2026-03-07,2,2026-03-21,Flu ED visits pct,quantile,0.95,3.6338139713545234
st-cloud,2026-03-07,2,2026-03-21,Flu ED visits pct,quantile,0.95,4.843671010776535
st-paul,2026-03-07,2,2026-03-21,Flu ED visits pct,quantile,0.95,4.953846576897747
texas,2026-03-07,2,2026-03-21,Flu ED visits pct,quantile,0.95,3.79763377530154
triad-area,2026-03-07,2,2026-03-21,Flu ED visits pct,quantile,0.95,2.348853158267449
utah,2026-03-07,2,2026-03-21,Flu ED visits pct,quantile,0.95,2.9454803993729466
virginia,2026-03-07,2,2026-03-21,Flu ED visits pct,quantile,0.95,4.075128969547546
weld,2026-03-07,2,2026-03-21,Flu ED visits pct,quantile,0.95,5.122559582143048
wnc,2026-03-07,2,2026-03-21,Flu ED visits pct,quantile,0.95,2.481785238547077
worcester,2026-03-07,2,2026-03-21,Flu ED visits pct,quantile,0.95,3.2876348448210995
athens,2026-03-07,3,2026-03-28,Flu ED visits pct,quantile,0.95,5.638499914972022
austin,2026-03-07,3,2026-03-28,Flu ED visits pct,quantile,0.95,3.5281135800483656
baltimore,2026-03-07,3,2026-03-28,Flu ED visits pct,quantile,0.95,2.61025026327359
bangor,2026-03-07,3,2026-03-28,Flu ED visits pct,quantile,0.95,4.26388287487091
beaumont,2026-03-07,3,2026-03-28,Flu ED visits pct,quantile,0.95,4.233446394746477
boston,2026-03-07,3,2026-03-28,Flu ED visits pct,quantile,0.95,2.911661766946725
boulder,2026-03-07,3,2026-03-28,Flu ED visits pct,quantile,0.95,5.614901289756787
charleston,2026-03-07,3,2026-03-28,Flu ED visits pct,quantile,0.95,3.1792794982150148
cherokee,2026-03-07,3,2026-03-28,Flu ED visits pct,quantile,0.95,5.600993620408904
clt-area,2026-03-07,3,2026-03-28,Flu ED visits pct,quantile,0.95,5.084073540918169
colorado,2026-03-07,3,2026-03-28,Flu ED visits pct,quantile,0.95,3.878030462251891
colorado-springs,2026-03-07,3,2026-03-28,Flu ED visits pct,quantile,0.95,3.542815499495131
columbia,2026-03-07,3,2026-03-28,Flu ED visits pct,quantile,0.95,4.332747481709483
columbus,2026-03-07,3,2026-03-28,Flu ED visits pct,quantile,0.95,3.144828300859261
dallas,2026-03-07,3,2026-03-28,Flu ED visits pct,quantile,0.95,3.624925341317906
denver,2026-03-07,3,2026-03-28,Flu ED visits pct,quantile,0.95,4.003084647383318
deschutes,2026-03-07,3,2026-03-28,Flu ED visits pct,quantile,0.95,3.1961774144705224
duluth,2026-03-07,3,2026-03-28,Flu ED visits pct,quantile,0.95,4.136577963887252
el-paso,2026-03-07,3,2026-03-28,Flu ED visits pct,quantile,0.95,4.182869524896522
eugene,2026-03-07,3,2026-03-28,Flu ED visits pct,quantile,0.95,3.473196632365592
fay-area,2026-03-07,3,2026-03-28,Flu ED visits pct,quantile,0.95,4.806926538140426
florence,2026-03-07,3,2026-03-28,Flu ED visits pct,quantile,0.95,3.7781842733189825
floyd,2026-03-07,3,2026-03-28,Flu ED visits pct,quantile,0.95,5.609214733057564
frederick,2026-03-07,3,2026-03-28,Flu ED visits pct,quantile,0.95,4.4090723747383835
georgia,2026-03-07,3,2026-03-28,Flu ED visits pct,quantile,0.95,3.29048427850381
greenville,2026-03-07,3,2026-03-28,Flu ED visits pct,quantile,0.95,5.291207583147035
hall,2026-03-07,3,2026-03-28,Flu ED visits pct,quantile,0.95,3.7205410225515876
harford,2026-03-07,3,2026-03-28,Flu ED visits pct,quantile,0.95,2.5510708561498348
henry,2026-03-07,3,2026-03-28,Flu ED visits pct,quantile,0.95,3.7596883886717434
horry,2026-03-07,3,2026-03-28,Flu ED visits pct,quantile,0.95,3.7212478973742438
houston,2026-03-07,3,2026-03-28,Flu ED visits pct,quantile,0.95,2.5528528620511035
indiana,2026-03-07,3,2026-03-28,Flu ED visits pct,quantile,0.95,5.1676987530728375
indianapolis,2026-03-07,3,2026-03-28,Flu ED visits pct,quantile,0.95,5.541363593885234
la-grange,2026-03-07,3,2026-03-28,Flu ED visits pct,quantile,0.95,3.8559224087994677
larimer,2026-03-07,3,2026-03-28,Flu ED visits pct,quantile,0.95,3.815243747820794
lynn,2026-03-07,3,2026-03-28,Flu ED visits pct,quantile,0.95,3.4057965944749338
macon,2026-03-07,3,2026-03-28,Flu ED visits pct,quantile,0.95,2.0423637610780134
maine,2026-03-07,3,2026-03-28,Flu ED visits pct,quantile,0.95,2.53257048101704
marietta,2026-03-07,3,2026-03-28,Flu ED visits pct,quantile,0.95,3.7156467533153394
maryland,2026-03-07,3,2026-03-28,Flu ED visits pct,quantile,0.95,3.07246619332621
massachusetts,2026-03-07,3,2026-03-28,Flu ED visits pct,quantile,0.95,3.066256628425706
medford,2026-03-07,3,2026-03-28,Flu ED visits pct,quantile,0.95,3.1305552187339076
mesa,2026-03-07,3,2026-03-28,Flu ED visits pct,quantile,0.95,2.6087753119107338
minneapolis,2026-03-07,3,2026-03-28,Flu ED visits pct,quantile,0.95,4.278642226279881
minnesota,2026-03-07,3,2026-03-28,Flu ED visits pct,quantile,0.95,4.287064670289368
montgomery,2026-03-07,3,2026-03-28,Flu ED visits pct,quantile,0.95,2.9756004501707
nenc,2026-03-07,3,2026-03-28,Flu ED visits pct,quantile,0.95,3.031383001170284
new-bedford,2026-03-07,3,2026-03-28,Flu ED visits pct,quantile,0.95,4.683566029971696
north-carolina,2026-03-07,3,2026-03-28,Flu ED visits pct,quantile,0.95,3.518958532847984
nyc,2026-03-07,3,2026-03-28,ILI ED visits pct,quantile,0.95,5.875916653074823
ogden,2026-03-07,3,2026-03-28,Flu ED visits pct,quantile,0.95,3.4153227706405476
oregon,2026-03-07,3,2026-03-28,Flu ED visits pct,quantile,0.95,3.332274362682658
pittsfield,2026-03-07,3,2026-03-28,Flu ED visits pct,quantile,0.95,2.824165456139355
portland,2026-03-07,3,2026-03-28,Flu ED visits pct,quantile,0.95,2.371011543700639
portland-or,2026-03-07,3,2026-03-28,Flu ED visits pct,quantile,0.95,3.413664220771599
provo,2026-03-07,3,2026-03-28,Flu ED visits pct,quantile,0.95,3.122444719296687
roanoke,2026-03-07,3,2026-03-28,Flu ED visits pct,quantile,0.95,6.5552328516397145
rochester,2026-03-07,3,2026-03-28,Flu ED visits pct,quantile,0.95,4.7061442724596665
rock-hill,2026-03-07,3,2026-03-28,Flu ED visits pct,quantile,0.95,3.962536291098599
rtp-area,2026-03-07,3,2026-03-28,Flu ED visits pct,quantile,0.95,2.7268259585569443
salem,2026-03-07,3,2026-03-28,Flu ED visits pct,quantile,0.95,4.081947557963722
salt-lake-city,2026-03-07,3,2026-03-28,Flu ED visits pct,quantile,0.95,3.037708760366776
san-antonio,2026-03-07,3,2026-03-28,Flu ED visits pct,quantile,0.95,5.04248367289899
savannah,2026-03-07,3,2026-03-28,Flu ED visits pct,quantile,0.95,1.2232711848772384
senc,2026-03-07,3,2026-03-28,Flu ED visits pct,quantile,0.95,1.88356883728359
south-augusta,2026-03-07,3,2026-03-28,Flu ED visits pct,quantile,0.95,2.8826717403247963
south-carolina,2026-03-07,3,2026-03-28,Flu ED visits pct,quantile,0.95,3.984356318689096
springfield,2026-03-07,3,2026-03-28,Flu ED visits pct,quantile,0.95,3.7656628393207807
st-cloud,2026-03-07,3,2026-03-28,Flu ED visits pct,quantile,0.95,5.078221320752201
st-paul,2026-03-07,3,2026-03-28,Flu ED visits pct,quantile,0.95,5.165551068332271
texas,2026-03-07,3,2026-03-28,Flu ED visits pct,quantile,0.95,3.849450719887931
triad-area,2026-03-07,3,2026-03-28,Flu ED visits pct,quantile,0.95,2.410064739258595
utah,2026-03-07,3,2026-03-28,Flu ED visits pct,quantile,0.95,3.0722291852142862
virginia,2026-03-07,3,2026-03-28,Flu ED visits pct,quantile,0.95,4.371084104608326
weld,2026-03-07,3,2026-03-28,Flu ED visits pct,quantile,0.95,5.440278211661381
wnc,2026-03-07,3,2026-03-28,Flu ED visits pct,quantile,0.95,2.532292038866265
worcester,2026-03-07,3,2026-03-28,Flu ED visits pct,quantile,0.95,3.4020325482829716
athens,2026-03-07,0,2026-03-07,Flu ED visits pct,quantile,0.975,6.250397682623904
austin,2026-03-07,0,2026-03-07,Flu ED visits pct,quantile,0.975,4.870303896419518
baltimore,2026-03-07,0,2026-03-07,Flu ED visits pct,quantile,0.975,2.6313351787680284
bangor,2026-03-07,0,2026-03-07,Flu ED visits pct,quantile,0.975,5.067780953041733
beaumont,2026-03-07,0,2026-03-07,Flu ED visits pct,quantile,0.975,4.416845202209615
boston,2026-03-07,0,2026-03-07,Flu ED visits pct,quantile,0.975,3.170958131489619
boulder,2026-03-07,0,2026-03-07,Flu ED visits pct,quantile,0.975,6.788482754491671
charleston,2026-03-07,0,2026-03-07,Flu ED visits pct,quantile,0.975,4.629122266902948
cherokee,2026-03-07,0,2026-03-07,Flu ED visits pct,quantile,0.975,6.477295967270232
clt-area,2026-03-07,0,2026-03-07,Flu ED visits pct,quantile,0.975,6.246457738414378
colorado,2026-03-07,0,2026-03-07,Flu ED visits pct,quantile,0.975,4.0369831999487795
colorado-springs,2026-03-07,0,2026-03-07,Flu ED visits pct,quantile,0.975,4.179831172570254
columbia,2026-03-07,0,2026-03-07,Flu ED visits pct,quantile,0.975,5.0141250724100725
columbus,2026-03-07,0,2026-03-07,Flu ED visits pct,quantile,0.975,4.484271299201298
dallas,2026-03-07,0,2026-03-07,Flu ED visits pct,quantile,0.975,5.175696812203167
denver,2026-03-07,0,2026-03-07,Flu ED visits pct,quantile,0.975,4.6124973373481275
deschutes,2026-03-07,0,2026-03-07,Flu ED visits pct,quantile,0.975,4.877804301603319
duluth,2026-03-07,0,2026-03-07,Flu ED visits pct,quantile,0.975,4.793316640151103
el-paso,2026-03-07,0,2026-03-07,Flu ED visits pct,quantile,0.975,4.256649336017729
eugene,2026-03-07,0,2026-03-07,Flu ED visits pct,quantile,0.975,4.9531919746991475
fay-area,2026-03-07,0,2026-03-07,Flu ED visits pct,quantile,0.975,6.182736995195099
florence,2026-03-07,0,2026-03-07,Flu ED visits pct,quantile,0.975,4.954751529781887
floyd,2026-03-07,0,2026-03-07,Flu ED visits pct,quantile,0.975,6.48907729688086
frederick,2026-03-07,0,2026-03-07,Flu ED visits pct,quantile,0.975,4.579717076798467
georgia,2026-03-07,0,2026-03-07,Flu ED visits pct,quantile,0.975,3.6822214204637853
greenville,2026-03-07,0,2026-03-07,Flu ED visits pct,quantile,0.975,6.382000214916721
hall,2026-03-07,0,2026-03-07,Flu ED visits pct,quantile,0.975,4.230052403795054
harford,2026-03-07,0,2026-03-07,Flu ED visits pct,quantile,0.975,2.6126470671111504
henry,2026-03-07,0,2026-03-07,Flu ED visits pct,quantile,0.975,4.029781346656658
horry,2026-03-07,0,2026-03-07,Flu ED visits pct,quantile,0.975,4.273062350599412
houston,2026-03-07,0,2026-03-07,Flu ED visits pct,quantile,0.975,2.764249065652134
indiana,2026-03-07,0,2026-03-07,Flu ED visits pct,quantile,0.975,5.846851300398739
indianapolis,2026-03-07,0,2026-03-07,Flu ED visits pct,quantile,0.975,7.299754349751714
la-grange,2026-03-07,0,2026-03-07,Flu ED visits pct,quantile,0.975,4.796672160239915
larimer,2026-03-07,0,2026-03-07,Flu ED visits pct,quantile,0.975,4.329959836692645
lynn,2026-03-07,0,2026-03-07,Flu ED visits pct,quantile,0.975,3.3998309468042636
macon,2026-03-07,0,2026-03-07,Flu ED visits pct,quantile,0.975,2.6911988718156006
maine,2026-03-07,0,2026-03-07,Flu ED visits pct,quantile,0.975,2.81576755283096
marietta,2026-03-07,0,2026-03-07,Flu ED visits pct,quantile,0.975,4.082937207040872
maryland,2026-03-07,0,2026-03-07,Flu ED visits pct,quantile,0.975,2.803654402861273
massachusetts,2026-03-07,0,2026-03-07,Flu ED visits pct,quantile,0.975,2.9314899813686384
medford,2026-03-07,0,2026-03-07,Flu ED visits pct,quantile,0.975,4.949141089204404
mesa,2026-03-07,0,2026-03-07,Flu ED visits pct,quantile,0.975,3.203296470115978
minneapolis,2026-03-07,0,2026-03-07,Flu ED visits pct,quantile,0.975,4.861822300370164
minnesota,2026-03-07,0,2026-03-07,Flu ED visits pct,quantile,0.975,4.619378878325036
montgomery,2026-03-07,0,2026-03-07,Flu ED visits pct,quantile,0.975,3.066170243327703
nenc,2026-03-07,0,2026-03-07,Flu ED visits pct,quantile,0.975,3.792071570222297
new-bedford,2026-03-07,0,2026-03-07,Flu ED visits pct,quantile,0.975,5.009821492741035
north-carolina,2026-03-07,0,2026-03-07,Flu ED visits pct,quantile,0.975,4.244127691916334
nyc,2026-03-07,0,2026-03-07,ILI ED visits pct,quantile,0.975,6.029839223824602
ogden,2026-03-07,0,2026-03-07,Flu ED visits pct,quantile,0.975,4.365630220417958
oregon,2026-03-07,0,2026-03-07,Flu ED visits pct,quantile,0.975,4.5535693232525665
pittsfield,2026-03-07,0,2026-03-07,Flu ED visits pct,quantile,0.975,2.775165597388301
portland,2026-03-07,0,2026-03-07,Flu ED visits pct,quantile,0.975,2.660183786671481
portland-or,2026-03-07,0,2026-03-07,Flu ED visits pct,quantile,0.975,5.057758221501865
provo,2026-03-07,0,2026-03-07,Flu ED visits pct,quantile,0.975,3.1877440067490967
roanoke,2026-03-07,0,2026-03-07,Flu ED visits pct,quantile,0.975,7.975189579470734
rochester,2026-03-07,0,2026-03-07,Flu ED visits pct,quantile,0.975,6.501518546620767
rock-hill,2026-03-07,0,2026-03-07,Flu ED visits pct,quantile,0.975,3.0254356670205182
rtp-area,2026-03-07,0,2026-03-07,Flu ED visits pct,quantile,0.975,3.469781951901882
salem,2026-03-07,0,2026-03-07,Flu ED visits pct,quantile,0.975,6.202700715667995
salt-lake-city,2026-03-07,0,2026-03-07,Flu ED visits pct,quantile,0.975,4.053589255946504
san-antonio,2026-03-07,0,2026-03-07,Flu ED visits pct,quantile,0.975,7.278392955006579
savannah,2026-03-07,0,2026-03-07,Flu ED visits pct,quantile,0.975,2.086895817775748
senc,2026-03-07,0,2026-03-07,Flu ED visits pct,quantile,0.975,2.3669977097116988
south-augusta,2026-03-07,0,2026-03-07,Flu ED visits pct,quantile,0.975,3.8913969662157566
south-carolina,2026-03-07,0,2026-03-07,Flu ED visits pct,quantile,0.975,4.602028091118796
springfield,2026-03-07,0,2026-03-07,Flu ED visits pct,quantile,0.975,3.9371261191333384
st-cloud,2026-03-07,0,2026-03-07,Flu ED visits pct,quantile,0.975,6.184292334074482
st-paul,2026-03-07,0,2026-03-07,Flu ED visits pct,quantile,0.975,5.693510996877365
texas,2026-03-07,0,2026-03-07,Flu ED visits pct,quantile,0.975,4.7002223767084965
triad-area,2026-03-07,0,2026-03-07,Flu ED visits pct,quantile,0.975,3.0355613652140083
utah,2026-03-07,0,2026-03-07,Flu ED visits pct,quantile,0.975,3.62229180246001
virginia,2026-03-07,0,2026-03-07,Flu ED visits pct,quantile,0.975,4.611022963502563
weld,2026-03-07,0,2026-03-07,Flu ED visits pct,quantile,0.975,6.095975775545425
wnc,2026-03-07,0,2026-03-07,Flu ED visits pct,quantile,0.975,3.181061232231343
worcester,2026-03-07,0,2026-03-07,Flu ED visits pct,quantile,0.975,3.7337777669769796
athens,2026-03-07,1,2026-03-14,Flu ED visits pct,quantile,0.975,7.3409908198494875
austin,2026-03-07,1,2026-03-14,Flu ED visits pct,quantile,0.975,5.128373115846143
baltimore,2026-03-07,1,2026-03-14,Flu ED visits pct,quantile,0.975,2.9497815037539374
bangor,2026-03-07,1,2026-03-14,Flu ED visits pct,quantile,0.975,5.694925472757549
beaumont,2026-03-07,1,2026-03-14,Flu ED visits pct,quantile,0.975,4.9359071251790665
boston,2026-03-07,1,2026-03-14,Flu ED visits pct,quantile,0.975,3.3543020256866534
boulder,2026-03-07,1,2026-03-14,Flu ED visits pct,quantile,0.975,7.353363985267422
charleston,2026-03-07,1,2026-03-14,Flu ED visits pct,quantile,0.975,4.774073099458235
cherokee,2026-03-07,1,2026-03-14,Flu ED visits pct,quantile,0.975,7.1928363032918465
clt-area,2026-03-07,1,2026-03-14,Flu ED visits pct,quantile,0.975,6.409128465579269
colorado,2026-03-07,1,2026-03-14,Flu ED visits pct,quantile,0.975,4.4284961631705695
colorado-springs,2026-03-07,1,2026-03-14,Flu ED visits pct,quantile,0.975,4.694351422372931
columbia,2026-03-07,1,2026-03-14,Flu ED visits pct,quantile,0.975,5.563198323134329
columbus,2026-03-07,1,2026-03-14,Flu ED visits pct,quantile,0.975,4.473600812929908
dallas,2026-03-07,1,2026-03-14,Flu ED visits pct,quantile,0.975,5.4031526260662135
denver,2026-03-07,1,2026-03-14,Flu ED visits pct,quantile,0.975,5.251879317991668
deschutes,2026-03-07,1,2026-03-14,Flu ED visits pct,quantile,0.975,4.996366161650882
duluth,2026-03-07,1,2026-03-14,Flu ED visits pct,quantile,0.975,5.441699638516346
el-paso,2026-03-07,1,2026-03-14,Flu ED visits pct,quantile,0.975,4.801490050026433
eugene,2026-03-07,1,2026-03-14,Flu ED visits pct,quantile,0.975,4.897819436836223
fay-area,2026-03-07,1,2026-03-14,Flu ED visits pct,quantile,0.975,6.426813452099447
florence,2026-03-07,1,2026-03-14,Flu ED visits pct,quantile,0.975,5.385138587192259
floyd,2026-03-07,1,2026-03-14,Flu ED visits pct,quantile,0.975,7.250424808807629
frederick,2026-03-07,1,2026-03-14,Flu ED visits pct,quantile,0.975,5.228356425261689
georgia,2026-03-07,1,2026-03-14,Flu ED visits pct,quantile,0.975,3.9989952732911727
greenville,2026-03-07,1,2026-03-14,Flu ED visits pct,quantile,0.975,7.326482793073
hall,2026-03-07,1,2026-03-14,Flu ED visits pct,quantile,0.975,4.816087716108957
harford,2026-03-07,1,2026-03-14,Flu ED visits pct,quantile,0.975,2.958312799266366
henry,2026-03-07,1,2026-03-14,Flu ED visits pct,quantile,0.975,4.476089589960673
horry,2026-03-07,1,2026-03-14,Flu ED visits pct,quantile,0.975,4.702141416003096
houston,2026-03-07,1,2026-03-14,Flu ED visits pct,quantile,0.975,2.938212666097046
indiana,2026-03-07,1,2026-03-14,Flu ED visits pct,quantile,0.975,6.390222130485538
indianapolis,2026-03-07,1,2026-03-14,Flu ED visits pct,quantile,0.975,7.4681224955964485
la-grange,2026-03-07,1,2026-03-14,Flu ED visits pct,quantile,0.975,5.373481309817859
larimer,2026-03-07,1,2026-03-14,Flu ED visits pct,quantile,0.975,4.790487517580635
lynn,2026-03-07,1,2026-03-14,Flu ED visits pct,quantile,0.975,3.707560820340071
macon,2026-03-07,1,2026-03-14,Flu ED visits pct,quantile,0.975,2.8733702116813262
maine,2026-03-07,1,2026-03-14,Flu ED visits pct,quantile,0.975,2.981414976486263
marietta,2026-03-07,1,2026-03-14,Flu ED visits pct,quantile,0.975,4.629424763935449
maryland,2026-03-07,1,2026-03-14,Flu ED visits pct,quantile,0.975,2.986463498583747
massachusetts,2026-03-07,1,2026-03-14,Flu ED visits pct,quantile,0.975,3.132958636697227
medford,2026-03-07,1,2026-03-14,Flu ED visits pct,quantile,0.975,4.989767872017207
mesa,2026-03-07,1,2026-03-14,Flu ED visits pct,quantile,0.975,3.414094183122191
minneapolis,2026-03-07,1,2026-03-14,Flu ED visits pct,quantile,0.975,5.6961885291854415
minnesota,2026-03-07,1,2026-03-14,Flu ED visits pct,quantile,0.975,5.097429914595643
montgomery,2026-03-07,1,2026-03-14,Flu ED visits pct,quantile,0.975,3.404777019627804
nenc,2026-03-07,1,2026-03-14,Flu ED visits pct,quantile,0.975,3.8981023495520217
new-bedford,2026-03-07,1,2026-03-14,Flu ED visits pct,quantile,0.975,5.593822110698863
north-carolina,2026-03-07,1,2026-03-14,Flu ED visits pct,quantile,0.975,4.446942365729863
nyc,2026-03-07,1,2026-03-14,ILI ED visits pct,quantile,0.975,6.631077989097448
ogden,2026-03-07,1,2026-03-14,Flu ED visits pct,quantile,0.975,4.731816452110639
oregon,2026-03-07,1,2026-03-14,Flu ED visits pct,quantile,0.975,4.497635216408065
pittsfield,2026-03-07,1,2026-03-14,Flu ED visits pct,quantile,0.975,2.9743454352755507
portland,2026-03-07,1,2026-03-14,Flu ED visits pct,quantile,0.975,2.8386606691934007
portland-or,2026-03-07,1,2026-03-14,Flu ED visits pct,quantile,0.975,5.136323688204245
provo,2026-03-07,1,2026-03-14,Flu ED visits pct,quantile,0.975,3.4723328934179776
roanoke,2026-03-07,1,2026-03-14,Flu ED visits pct,quantile,0.975,8.490006719349912
rochester,2026-03-07,1,2026-03-14,Flu ED visits pct,quantile,0.975,6.4888596994395495
rock-hill,2026-03-07,1,2026-03-14,Flu ED visits pct,quantile,0.975,3.311996829386681
rtp-area,2026-03-07,1,2026-03-14,Flu ED visits pct,quantile,0.975,3.4944621206716
salem,2026-03-07,1,2026-03-14,Flu ED visits pct,quantile,0.975,6.045108899451393
salt-lake-city,2026-03-07,1,2026-03-14,Flu ED visits pct,quantile,0.975,4.263075639202344
san-antonio,2026-03-07,1,2026-03-14,Flu ED visits pct,quantile,0.975,7.38579863111537
savannah,2026-03-07,1,2026-03-14,Flu ED visits pct,quantile,0.975,2.097561666431549
senc,2026-03-07,1,2026-03-14,Flu ED visits pct,quantile,0.975,2.5359253555930916
south-augusta,2026-03-07,1,2026-03-14,Flu ED visits pct,quantile,0.975,3.9753076487671133
south-carolina,2026-03-07,1,2026-03-14,Flu ED visits pct,quantile,0.975,4.887133187555986
springfield,2026-03-07,1,2026-03-14,Flu ED visits pct,quantile,0.975,4.349883047152608
st-cloud,2026-03-07,1,2026-03-14,Flu ED visits pct,quantile,0.975,6.827560536947276
st-paul,2026-03-07,1,2026-03-14,Flu ED visits pct,quantile,0.975,6.36199385893604
texas,2026-03-07,1,2026-03-14,Flu ED visits pct,quantile,0.975,4.972175880801755
triad-area,2026-03-07,1,2026-03-14,Flu ED visits pct,quantile,0.975,3.1366880646153263
utah,2026-03-07,1,2026-03-14,Flu ED visits pct,quantile,0.975,3.907275831569851
virginia,2026-03-07,1,2026-03-14,Flu ED visits pct,quantile,0.975,5.064112422511704
weld,2026-03-07,1,2026-03-14,Flu ED visits pct,quantile,0.975,7.049278658108529
wnc,2026-03-07,1,2026-03-14,Flu ED visits pct,quantile,0.975,3.2676191527100094
worcester,2026-03-07,1,2026-03-14,Flu ED visits pct,quantile,0.975,3.9305238702617262
athens,2026-03-07,2,2026-03-21,Flu ED visits pct,quantile,0.975,8.008210010764591
austin,2026-03-07,2,2026-03-21,Flu ED visits pct,quantile,0.975,5.6127958994247145
baltimore,2026-03-07,2,2026-03-21,Flu ED visits pct,quantile,0.975,3.731620194285783
bangor,2026-03-07,2,2026-03-21,Flu ED visits pct,quantile,0.975,6.0136890482905105
beaumont,2026-03-07,2,2026-03-21,Flu ED visits pct,quantile,0.975,5.426390457887404
boston,2026-03-07,2,2026-03-21,Flu ED visits pct,quantile,0.975,3.645317383469259
boulder,2026-03-07,2,2026-03-21,Flu ED visits pct,quantile,0.975,7.433565109159399
charleston,2026-03-07,2,2026-03-21,Flu ED visits pct,quantile,0.975,4.795069725884429
cherokee,2026-03-07,2,2026-03-21,Flu ED visits pct,quantile,0.975,8.023830309678207
clt-area,2026-03-07,2,2026-03-21,Flu ED visits pct,quantile,0.975,6.3545928221402495
colorado,2026-03-07,2,2026-03-21,Flu ED visits pct,quantile,0.975,4.732519369979594
colorado-springs,2026-03-07,2,2026-03-21,Flu ED visits pct,quantile,0.975,4.925505234140994
columbia,2026-03-07,2,2026-03-21,Flu ED visits pct,quantile,0.975,6.019639763215655
columbus,2026-03-07,2,2026-03-21,Flu ED visits pct,quantile,0.975,4.383316064674399
dallas,2026-03-07,2,2026-03-21,Flu ED visits pct,quantile,0.975,5.613061042945221
denver,2026-03-07,2,2026-03-21,Flu ED visits pct,quantile,0.975,5.541859495366158
deschutes,2026-03-07,2,2026-03-21,Flu ED visits pct,quantile,0.975,5.120588418434877
duluth,2026-03-07,2,2026-03-21,Flu ED visits pct,quantile,0.975,5.864583995231514
el-paso,2026-03-07,2,2026-03-21,Flu ED visits pct,quantile,0.975,6.175861962659891
eugene,2026-03-07,2,2026-03-21,Flu ED visits pct,quantile,0.975,4.776039311531271
fay-area,2026-03-07,2,2026-03-21,Flu ED visits pct,quantile,0.975,6.217760864626205
florence,2026-03-07,2,2026-03-21,Flu ED visits pct,quantile,0.975,5.756666376043722
floyd,2026-03-07,2,2026-03-21,Flu ED visits pct,quantile,0.975,7.63339305965748
frederick,2026-03-07,2,2026-03-21,Flu ED visits pct,quantile,0.975,5.662783042656052
georgia,2026-03-07,2,2026-03-21,Flu ED visits pct,quantile,0.975,4.307029942721272
greenville,2026-03-07,2,2026-03-21,Flu ED visits pct,quantile,0.975,7.712059201697799
hall,2026-03-07,2,2026-03-21,Flu ED visits pct,quantile,0.975,5.033193857349536
harford,2026-03-07,2,2026-03-21,Flu ED visits pct,quantile,0.975,3.514292814703877
henry,2026-03-07,2,2026-03-21,Flu ED visits pct,quantile,0.975,5.007047189194401
horry,2026-03-07,2,2026-03-21,Flu ED visits pct,quantile,0.975,4.9570819579109395
houston,2026-03-07,2,2026-03-21,Flu ED visits pct,quantile,0.975,3.51973836445508
indiana,2026-03-07,2,2026-03-21,Flu ED visits pct,quantile,0.975,6.7311086363014825
indianapolis,2026-03-07,2,2026-03-21,Flu ED visits pct,quantile,0.975,7.42735791009609
la-grange,2026-03-07,2,2026-03-21,Flu ED visits pct,quantile,0.975,5.910491883626828
larimer,2026-03-07,2,2026-03-21,Flu ED visits pct,quantile,0.975,5.0841042120100495
lynn,2026-03-07,2,2026-03-21,Flu ED visits pct,quantile,0.975,4.326675508694809
macon,2026-03-07,2,2026-03-21,Flu ED visits pct,quantile,0.975,3.028842275626797
maine,2026-03-07,2,2026-03-21,Flu ED visits pct,quantile,0.975,3.130323033526556
marietta,2026-03-07,2,2026-03-21,Flu ED visits pct,quantile,0.975,5.087675717821069
maryland,2026-03-07,2,2026-03-21,Flu ED visits pct,quantile,0.975,3.671007699752943
massachusetts,2026-03-07,2,2026-03-21,Flu ED visits pct,quantile,0.975,3.2870627912481636
medford,2026-03-07,2,2026-03-21,Flu ED visits pct,quantile,0.975,4.990843341418029
mesa,2026-03-07,2,2026-03-21,Flu ED visits pct,quantile,0.975,3.544850429228826
minneapolis,2026-03-07,2,2026-03-21,Flu ED visits pct,quantile,0.975,6.154953696998275
minnesota,2026-03-07,2,2026-03-21,Flu ED visits pct,quantile,0.975,5.341601947622075
montgomery,2026-03-07,2,2026-03-21,Flu ED visits pct,quantile,0.975,4.204814913773757
nenc,2026-03-07,2,2026-03-21,Flu ED visits pct,quantile,0.975,3.8641329573802774
new-bedford,2026-03-07,2,2026-03-21,Flu ED visits pct,quantile,0.975,6.226610926494635
north-carolina,2026-03-07,2,2026-03-21,Flu ED visits pct,quantile,0.975,4.277487243870971
nyc,2026-03-07,2,2026-03-21,ILI ED visits pct,quantile,0.975,7.690035916307346
ogden,2026-03-07,2,2026-03-21,Flu ED visits pct,quantile,0.975,4.934096965891885
oregon,2026-03-07,2,2026-03-21,Flu ED visits pct,quantile,0.975,4.50555139601797
pittsfield,2026-03-07,2,2026-03-21,Flu ED visits pct,quantile,0.975,3.6468365097457243
portland,2026-03-07,2,2026-03-21,Flu ED visits pct,quantile,0.975,3.0902606985140078
portland-or,2026-03-07,2,2026-03-21,Flu ED visits pct,quantile,0.975,5.10620600528374
provo,2026-03-07,2,2026-03-21,Flu ED visits pct,quantile,0.975,4.061274157722442
roanoke,2026-03-07,2,2026-03-21,Flu ED visits pct,quantile,0.975,8.479361601309261
rochester,2026-03-07,2,2026-03-21,Flu ED visits pct,quantile,0.975,6.489542622754592
rock-hill,2026-03-07,2,2026-03-21,Flu ED visits pct,quantile,0.975,4.168591446973813
rtp-area,2026-03-07,2,2026-03-21,Flu ED visits pct,quantile,0.975,3.425387780571557
salem,2026-03-07,2,2026-03-21,Flu ED visits pct,quantile,0.975,5.931138937341459
salt-lake-city,2026-03-07,2,2026-03-21,Flu ED visits pct,quantile,0.975,4.4576201121143555
san-antonio,2026-03-07,2,2026-03-21,Flu ED visits pct,quantile,0.975,7.37621263994323
savannah,2026-03-07,2,2026-03-21,Flu ED visits pct,quantile,0.975,2.1273748245427404
senc,2026-03-07,2,2026-03-21,Flu ED visits pct,quantile,0.975,2.5482903765739575
south-augusta,2026-03-07,2,2026-03-21,Flu ED visits pct,quantile,0.975,3.9935501235485162
south-carolina,2026-03-07,2,2026-03-21,Flu ED visits pct,quantile,0.975,5.2514855982266795
springfield,2026-03-07,2,2026-03-21,Flu ED visits pct,quantile,0.975,4.953793505771711
st-cloud,2026-03-07,2,2026-03-21,Flu ED visits pct,quantile,0.975,7.152953063552127
st-paul,2026-03-07,2,2026-03-21,Flu ED visits pct,quantile,0.975,7.07960836333143
texas,2026-03-07,2,2026-03-21,Flu ED visits pct,quantile,0.975,5.1773185732589875
triad-area,2026-03-07,2,2026-03-21,Flu ED visits pct,quantile,0.975,3.0731361440252516
utah,2026-03-07,2,2026-03-21,Flu ED visits pct,quantile,0.975,4.049043578140084
virginia,2026-03-07,2,2026-03-21,Flu ED visits pct,quantile,0.975,5.356901584833125
weld,2026-03-07,2,2026-03-21,Flu ED visits pct,quantile,0.975,7.5890026978147755
wnc,2026-03-07,2,2026-03-21,Flu ED visits pct,quantile,0.975,3.2023957877545866
worcester,2026-03-07,2,2026-03-21,Flu ED visits pct,quantile,0.975,4.367575650666364
athens,2026-03-07,3,2026-03-28,Flu ED visits pct,quantile,0.975,8.244679780626164
austin,2026-03-07,3,2026-03-28,Flu ED visits pct,quantile,0.975,5.582495341990022
baltimore,2026-03-07,3,2026-03-28,Flu ED visits pct,quantile,0.975,4.004046174018525
bangor,2026-03-07,3,2026-03-28,Flu ED visits pct,quantile,0.975,6.101767840201858
beaumont,2026-03-07,3,2026-03-28,Flu ED visits pct,quantile,0.975,5.530812353290294
boston,2026-03-07,3,2026-03-28,Flu ED visits pct,quantile,0.975,3.83441063489114
boulder,2026-03-07,3,2026-03-28,Flu ED visits pct,quantile,0.975,7.531461881804635
charleston,2026-03-07,3,2026-03-28,Flu ED visits pct,quantile,0.975,4.729248753587272
cherokee,2026-03-07,3,2026-03-28,Flu ED visits pct,quantile,0.975,8.254900162882414
clt-area,2026-03-07,3,2026-03-28,Flu ED visits pct,quantile,0.975,6.36250017934103
colorado,2026-03-07,3,2026-03-28,Flu ED visits pct,quantile,0.975,4.924237013885262
colorado-springs,2026-03-07,3,2026-03-28,Flu ED visits pct,quantile,0.975,5.021924143642828
columbia,2026-03-07,3,2026-03-28,Flu ED visits pct,quantile,0.975,6.221912380199607
columbus,2026-03-07,3,2026-03-28,Flu ED visits pct,quantile,0.975,4.4000994941582094
dallas,2026-03-07,3,2026-03-28,Flu ED visits pct,quantile,0.975,5.662726398067561
denver,2026-03-07,3,2026-03-28,Flu ED visits pct,quantile,0.975,5.77424034798147
deschutes,2026-03-07,3,2026-03-28,Flu ED visits pct,quantile,0.975,5.089972224774251
duluth,2026-03-07,3,2026-03-28,Flu ED visits pct,quantile,0.975,6.046502649194623
el-paso,2026-03-07,3,2026-03-28,Flu ED visits pct,quantile,0.975,6.42030523615185
eugene,2026-03-07,3,2026-03-28,Flu ED visits pct,quantile,0.975,4.7310827413365155
fay-area,2026-03-07,3,2026-03-28,Flu ED visits pct,quantile,0.975,6.219293720737204
florence,2026-03-07,3,2026-03-28,Flu ED visits pct,quantile,0.975,5.73453469217512
floyd,2026-03-07,3,2026-03-28,Flu ED visits pct,quantile,0.975,7.916188148533583
frederick,2026-03-07,3,2026-03-28,Flu ED visits pct,quantile,0.975,5.913227438820394
georgia,2026-03-07,3,2026-03-28,Flu ED visits pct,quantile,0.975,4.3692869188943115
greenville,2026-03-07,3,2026-03-28,Flu ED visits pct,quantile,0.975,7.87602563689629
hall,2026-03-07,3,2026-03-28,Flu ED visits pct,quantile,0.975,5.3220433043718
harford,2026-03-07,3,2026-03-28,Flu ED visits pct,quantile,0.975,3.7031582048217944
henry,2026-03-07,3,2026-03-28,Flu ED visits pct,quantile,0.975,5.244396685036335
horry,2026-03-07,3,2026-03-28,Flu ED visits pct,quantile,0.975,5.038196223648349
houston,2026-03-07,3,2026-03-28,Flu ED visits pct,quantile,0.975,3.626743933001137
indiana,2026-03-07,3,2026-03-28,Flu ED visits pct,quantile,0.975,7.097221004087912
indianapolis,2026-03-07,3,2026-03-28,Flu ED visits pct,quantile,0.975,7.502005998315489
la-grange,2026-03-07,3,2026-03-28,Flu ED visits pct,quantile,0.975,6.03729434364269
larimer,2026-03-07,3,2026-03-28,Flu ED visits pct,quantile,0.975,5.255744587354383
lynn,2026-03-07,3,2026-03-28,Flu ED visits pct,quantile,0.975,4.453550756485125
macon,2026-03-07,3,2026-03-28,Flu ED visits pct,quantile,0.975,3.079199125528428
maine,2026-03-07,3,2026-03-28,Flu ED visits pct,quantile,0.975,3.220276095112134
marietta,2026-03-07,3,2026-03-28,Flu ED visits pct,quantile,0.975,5.2536024460806905
maryland,2026-03-07,3,2026-03-28,Flu ED visits pct,quantile,0.975,3.9527052322710605
massachusetts,2026-03-07,3,2026-03-28,Flu ED visits pct,quantile,0.975,3.5690944848651154
medford,2026-03-07,3,2026-03-28,Flu ED visits pct,quantile,0.975,5.021504217757397
mesa,2026-03-07,3,2026-03-28,Flu ED visits pct,quantile,0.975,3.5512391408594333
minneapolis,2026-03-07,3,2026-03-28,Flu ED visits pct,quantile,0.975,6.431377635005838
minnesota,2026-03-07,3,2026-03-28,Flu ED visits pct,quantile,0.975,5.625841486614619
montgomery,2026-03-07,3,2026-03-28,Flu ED visits pct,quantile,0.975,4.466067412761391
nenc,2026-03-07,3,2026-03-28,Flu ED visits pct,quantile,0.975,3.913881717109896
new-bedford,2026-03-07,3,2026-03-28,Flu ED visits pct,quantile,0.975,6.459372237888636
north-carolina,2026-03-07,3,2026-03-28,Flu ED visits pct,quantile,0.975,4.285609644054802
nyc,2026-03-07,3,2026-03-28,ILI ED visits pct,quantile,0.975,7.8185046220166186
ogden,2026-03-07,3,2026-03-28,Flu ED visits pct,quantile,0.975,4.931130277792586
oregon,2026-03-07,3,2026-03-28,Flu ED visits pct,quantile,0.975,4.543621916070022
pittsfield,2026-03-07,3,2026-03-28,Flu ED visits pct,quantile,0.975,3.788893549599358
portland,2026-03-07,3,2026-03-28,Flu ED visits pct,quantile,0.975,3.197050987411989
portland-or,2026-03-07,3,2026-03-28,Flu ED visits pct,quantile,0.975,5.07991166885995
provo,2026-03-07,3,2026-03-28,Flu ED visits pct,quantile,0.975,4.157828259544437
roanoke,2026-03-07,3,2026-03-28,Flu ED visits pct,quantile,0.975,8.527878914843168
rochester,2026-03-07,3,2026-03-28,Flu ED visits pct,quantile,0.975,6.605687806911517
rock-hill,2026-03-07,3,2026-03-28,Flu ED visits pct,quantile,0.975,4.3604800110624105
rtp-area,2026-03-07,3,2026-03-28,Flu ED visits pct,quantile,0.975,3.425783322005702
salem,2026-03-07,3,2026-03-28,Flu ED visits pct,quantile,0.975,5.912175451464564
salt-lake-city,2026-03-07,3,2026-03-28,Flu ED visits pct,quantile,0.975,4.546292578837892
san-antonio,2026-03-07,3,2026-03-28,Flu ED visits pct,quantile,0.975,7.2814582459000885
savannah,2026-03-07,3,2026-03-28,Flu ED visits pct,quantile,0.975,2.1335562315209406
senc,2026-03-07,3,2026-03-28,Flu ED visits pct,quantile,0.975,2.587266215400181
south-augusta,2026-03-07,3,2026-03-28,Flu ED visits pct,quantile,0.975,4.043211074474453
south-carolina,2026-03-07,3,2026-03-28,Flu ED visits pct,quantile,0.975,5.429336384713069
springfield,2026-03-07,3,2026-03-28,Flu ED visits pct,quantile,0.975,5.215319328707357
st-cloud,2026-03-07,3,2026-03-28,Flu ED visits pct,quantile,0.975,7.3147462390110185
st-paul,2026-03-07,3,2026-03-28,Flu ED visits pct,quantile,0.975,7.404761813898066
texas,2026-03-07,3,2026-03-28,Flu ED visits pct,quantile,0.975,5.318196375084209
triad-area,2026-03-07,3,2026-03-28,Flu ED visits pct,quantile,0.975,3.138923852266015
utah,2026-03-07,3,2026-03-28,Flu ED visits pct,quantile,0.975,4.11502973239554
virginia,2026-03-07,3,2026-03-28,Flu ED visits pct,quantile,0.975,5.552888311181513
weld,2026-03-07,3,2026-03-28,Flu ED visits pct,quantile,0.975,7.866005616104047
wnc,2026-03-07,3,2026-03-28,Flu ED visits pct,quantile,0.975,3.225851619957841
worcester,2026-03-07,3,2026-03-28,Flu ED visits pct,quantile,0.975,4.473614075302202
