location,reference_date,horizon,target_end_date,target,output_type,output_type_id,value
athens,2026-05-02,0,2026-05-02,Flu ED visits pct,quantile,0.025,0.023018456085174152
austin,2026-05-02,0,2026-05-02,Flu ED visits pct,quantile,0.025,0.0812411570860002
baltimore,2026-05-02,0,2026-05-02,Flu ED visits pct,quantile,0.025,0.0499057919569797
bangor,2026-05-02,0,2026-05-02,Flu ED visits pct,quantile,0.025,0.007246239191180828
beaumont,2026-05-02,0,2026-05-02,Flu ED visits pct,quantile,0.025,0.04354222098403136
boston,2026-05-02,0,2026-05-02,Flu ED visits pct,quantile,0.025,0.08247324336570605
boulder,2026-05-02,0,2026-05-02,Flu ED visits pct,quantile,0.025,0.16190576685920044
charleston,2026-05-02,0,2026-05-02,Flu ED visits pct,quantile,0.025,0.04319340564565728
cherokee,2026-05-02,0,2026-05-02,Flu ED visits pct,quantile,0.025,0.05946951156875733
clt-area,2026-05-02,0,2026-05-02,Flu ED visits pct,quantile,0.025,0.3571413542031416
colorado,2026-05-02,0,2026-05-02,Flu ED visits pct,quantile,0.025,0.20850172904519262
colorado-springs,2026-05-02,0,2026-05-02,Flu ED visits pct,quantile,0.025,0.18953873759199197
columbia,2026-05-02,0,2026-05-02,Flu ED visits pct,quantile,0.025,0.02225656638017936
columbus,2026-05-02,0,2026-05-02,Flu ED visits pct,quantile,0.025,0.0
dallas,2026-05-02,0,2026-05-02,Flu ED visits pct,quantile,0.025,0.07695520207189346
denver,2026-05-02,0,2026-05-02,Flu ED visits pct,quantile,0.025,0.20114378565480584
deschutes,2026-05-02,0,2026-05-02,Flu ED visits pct,quantile,0.025,0.041080741032231013
duluth,2026-05-02,0,2026-05-02,Flu ED visits pct,quantile,0.025,0.065173442437004
el-paso,2026-05-02,0,2026-05-02,Flu ED visits pct,quantile,0.025,0.558228226290056
eugene,2026-05-02,0,2026-05-02,Flu ED visits pct,quantile,0.025,0.017189390457733357
fay-area,2026-05-02,0,2026-05-02,Flu ED visits pct,quantile,0.025,0.33941515253702903
florence,2026-05-02,0,2026-05-02,Flu ED visits pct,quantile,0.025,0.0
floyd,2026-05-02,0,2026-05-02,Flu ED visits pct,quantile,0.025,0.024468797771031163
frederick,2026-05-02,0,2026-05-02,Flu ED visits pct,quantile,0.025,0.004404462046719491
georgia,2026-05-02,0,2026-05-02,Flu ED visits pct,quantile,0.025,0.08558882984917808
greenville,2026-05-02,0,2026-05-02,Flu ED visits pct,quantile,0.025,0.04443334135678235
hall,2026-05-02,0,2026-05-02,Flu ED visits pct,quantile,0.025,0.021504316919468906
harford,2026-05-02,0,2026-05-02,Flu ED visits pct,quantile,0.025,0.001855395185010232
henry,2026-05-02,0,2026-05-02,Flu ED visits pct,quantile,0.025,0.015071602622893457
horry,2026-05-02,0,2026-05-02,Flu ED visits pct,quantile,0.025,0.030854514067405026
houston,2026-05-02,0,2026-05-02,Flu ED visits pct,quantile,0.025,0.12803184029378173
indiana,2026-05-02,0,2026-05-02,Flu ED visits pct,quantile,0.025,0.068823340777761
indianapolis,2026-05-02,0,2026-05-02,Flu ED visits pct,quantile,0.025,0.019781632327052878
la-grange,2026-05-02,0,2026-05-02,Flu ED visits pct,quantile,0.025,0.0208884116263372
larimer,2026-05-02,0,2026-05-02,Flu ED visits pct,quantile,0.025,0.03641160850122341
lynn,2026-05-02,0,2026-05-02,Flu ED visits pct,quantile,0.025,0.08442748201708508
macon,2026-05-02,0,2026-05-02,Flu ED visits pct,quantile,0.025,0.038401270128247435
maine,2026-05-02,0,2026-05-02,Flu ED visits pct,quantile,0.025,0.11930163459424344
marietta,2026-05-02,0,2026-05-02,Flu ED visits pct,quantile,0.025,0.02207856324622666
maryland,2026-05-02,0,2026-05-02,Flu ED visits pct,quantile,0.025,0.07746635898458386
massachusetts,2026-05-02,0,2026-05-02,Flu ED visits pct,quantile,0.025,0.11560719780224056
medford,2026-05-02,0,2026-05-02,Flu ED visits pct,quantile,0.025,0.027094865551465792
mesa,2026-05-02,0,2026-05-02,Flu ED visits pct,quantile,0.025,0.0
minneapolis,2026-05-02,0,2026-05-02,Flu ED visits pct,quantile,0.025,0.13457167343145757
minnesota,2026-05-02,0,2026-05-02,Flu ED visits pct,quantile,0.025,0.16500300970127013
montgomery,2026-05-02,0,2026-05-02,Flu ED visits pct,quantile,0.025,0.04745678741711155
nenc,2026-05-02,0,2026-05-02,Flu ED visits pct,quantile,0.025,0.0343830077343661
new-bedford,2026-05-02,0,2026-05-02,Flu ED visits pct,quantile,0.025,0.09852687072057657
north-carolina,2026-05-02,0,2026-05-02,Flu ED visits pct,quantile,0.025,0.1394698810645579
nyc,2026-05-02,0,2026-05-02,ILI ED visits pct,quantile,0.025,0.6658347454706542
ogden,2026-05-02,0,2026-05-02,Flu ED visits pct,quantile,0.025,0.021325350003816454
oregon,2026-05-02,0,2026-05-02,Flu ED visits pct,quantile,0.025,0.14796916218092326
pittsfield,2026-05-02,0,2026-05-02,Flu ED visits pct,quantile,0.025,0.002181729388984725
portland,2026-05-02,0,2026-05-02,Flu ED visits pct,quantile,0.025,0.04902524933790783
portland-or,2026-05-02,0,2026-05-02,Flu ED visits pct,quantile,0.025,0.11199528606103253
provo,2026-05-02,0,2026-05-02,Flu ED visits pct,quantile,0.025,0.0960847054726262
roanoke,2026-05-02,0,2026-05-02,Flu ED visits pct,quantile,0.025,0.08036809269549573
rochester,2026-05-02,0,2026-05-02,Flu ED visits pct,quantile,0.025,0.009021328403227632
rock-hill,2026-05-02,0,2026-05-02,Flu ED visits pct,quantile,0.025,0.0
rtp-area,2026-05-02,0,2026-05-02,Flu ED visits pct,quantile,0.025,0.03323662599244692
salem,2026-05-02,0,2026-05-02,Flu ED visits pct,quantile,0.025,0.03293487446056676
salt-lake-city,2026-05-02,0,2026-05-02,Flu ED visits pct,quantile,0.025,0.09243803014656572
san-antonio,2026-05-02,0,2026-05-02,Flu ED visits pct,quantile,0.025,0.08046286492632149
savannah,2026-05-02,0,2026-05-02,Flu ED visits pct,quantile,0.025,0.0
senc,2026-05-02,0,2026-05-02,Flu ED visits pct,quantile,0.025,0.022648713405160822
south-augusta,2026-05-02,0,2026-05-02,Flu ED visits pct,quantile,0.025,0.024758442438612166
south-carolina,2026-05-02,0,2026-05-02,Flu ED visits pct,quantile,0.025,0.06972313101010738
springfield,2026-05-02,0,2026-05-02,Flu ED visits pct,quantile,0.025,0.048890347312083145
st-cloud,2026-05-02,0,2026-05-02,Flu ED visits pct,quantile,0.025,0.07904378045611918
st-paul,2026-05-02,0,2026-05-02,Flu ED visits pct,quantile,0.025,0.12904883346895196
texas,2026-05-02,0,2026-05-02,Flu ED visits pct,quantile,0.025,0.19259901429297124
triad-area,2026-05-02,0,2026-05-02,Flu ED visits pct,quantile,0.025,0.10573175643136716
utah,2026-05-02,0,2026-05-02,Flu ED visits pct,quantile,0.025,0.13137462305601844
virginia,2026-05-02,0,2026-05-02,Flu ED visits pct,quantile,0.025,0.10306234353352799
weld,2026-05-02,0,2026-05-02,Flu ED visits pct,quantile,0.025,0.05988183551301655
wnc,2026-05-02,0,2026-05-02,Flu ED visits pct,quantile,0.025,0.06249567652616799
worcester,2026-05-02,0,2026-05-02,Flu ED visits pct,quantile,0.025,0.043064312320216576
athens,2026-05-02,1,2026-05-09,Flu ED visits pct,quantile,0.025,0.017987367288247437
austin,2026-05-02,1,2026-05-09,Flu ED visits pct,quantile,0.025,0.0736109310079929
baltimore,2026-05-02,1,2026-05-09,Flu ED visits pct,quantile,0.025,0.04357796077112651
bangor,2026-05-02,1,2026-05-09,Flu ED visits pct,quantile,0.025,0.004061774865201664
beaumont,2026-05-02,1,2026-05-09,Flu ED visits pct,quantile,0.025,0.03800013937681462
boston,2026-05-02,1,2026-05-09,Flu ED visits pct,quantile,0.025,0.07244777510627923
boulder,2026-05-02,1,2026-05-09,Flu ED visits pct,quantile,0.025,0.14600688611764498
charleston,2026-05-02,1,2026-05-09,Flu ED visits pct,quantile,0.025,0.03717236669316427
cherokee,2026-05-02,1,2026-05-09,Flu ED visits pct,quantile,0.025,0.049851759173807464
clt-area,2026-05-02,1,2026-05-09,Flu ED visits pct,quantile,0.025,0.3238477761740249
colorado,2026-05-02,1,2026-05-09,Flu ED visits pct,quantile,0.025,0.19088232046538472
colorado-springs,2026-05-02,1,2026-05-09,Flu ED visits pct,quantile,0.025,0.1717338040477283
columbia,2026-05-02,1,2026-05-09,Flu ED visits pct,quantile,0.025,0.018783082790489042
columbus,2026-05-02,1,2026-05-09,Flu ED visits pct,quantile,0.025,0.0
dallas,2026-05-02,1,2026-05-09,Flu ED visits pct,quantile,0.025,0.06861190815664081
denver,2026-05-02,1,2026-05-09,Flu ED visits pct,quantile,0.025,0.18081048621002802
deschutes,2026-05-02,1,2026-05-09,Flu ED visits pct,quantile,0.025,0.03602111081450394
duluth,2026-05-02,1,2026-05-09,Flu ED visits pct,quantile,0.025,0.05761996642552752
el-paso,2026-05-02,1,2026-05-09,Flu ED visits pct,quantile,0.025,0.5000435689173082
eugene,2026-05-02,1,2026-05-09,Flu ED visits pct,quantile,0.025,0.01385253134176947
fay-area,2026-05-02,1,2026-05-09,Flu ED visits pct,quantile,0.025,0.30408089862922916
florence,2026-05-02,1,2026-05-09,Flu ED visits pct,quantile,0.025,0.0
floyd,2026-05-02,1,2026-05-09,Flu ED visits pct,quantile,0.025,0.019559649399468623
frederick,2026-05-02,1,2026-05-09,Flu ED visits pct,quantile,0.025,0.001909922432911989
georgia,2026-05-02,1,2026-05-09,Flu ED visits pct,quantile,0.025,0.07938335649682106
greenville,2026-05-02,1,2026-05-09,Flu ED visits pct,quantile,0.025,0.03758268087875817
hall,2026-05-02,1,2026-05-09,Flu ED visits pct,quantile,0.025,0.01732280636866776
harford,2026-05-02,1,2026-05-09,Flu ED visits pct,quantile,0.025,0.0
henry,2026-05-02,1,2026-05-09,Flu ED visits pct,quantile,0.025,0.011411278677431075
horry,2026-05-02,1,2026-05-09,Flu ED visits pct,quantile,0.025,0.025129779044066873
houston,2026-05-02,1,2026-05-09,Flu ED visits pct,quantile,0.025,0.11842211336046889
indiana,2026-05-02,1,2026-05-09,Flu ED visits pct,quantile,0.025,0.06095898304990948
indianapolis,2026-05-02,1,2026-05-09,Flu ED visits pct,quantile,0.025,0.01573499099207784
la-grange,2026-05-02,1,2026-05-09,Flu ED visits pct,quantile,0.025,0.01790372121421939
larimer,2026-05-02,1,2026-05-09,Flu ED visits pct,quantile,0.025,0.027424222384461697
lynn,2026-05-02,1,2026-05-09,Flu ED visits pct,quantile,0.025,0.07065168886642317
macon,2026-05-02,1,2026-05-09,Flu ED visits pct,quantile,0.025,0.03416515992950626
maine,2026-05-02,1,2026-05-09,Flu ED visits pct,quantile,0.025,0.10454748448028572
marietta,2026-05-02,1,2026-05-09,Flu ED visits pct,quantile,0.025,0.017890548375517568
maryland,2026-05-02,1,2026-05-09,Flu ED visits pct,quantile,0.025,0.07033807044453244
massachusetts,2026-05-02,1,2026-05-09,Flu ED visits pct,quantile,0.025,0.10363096512219079
medford,2026-05-02,1,2026-05-09,Flu ED visits pct,quantile,0.025,0.023366176749595097
mesa,2026-05-02,1,2026-05-09,Flu ED visits pct,quantile,0.025,0.0
minneapolis,2026-05-02,1,2026-05-09,Flu ED visits pct,quantile,0.025,0.11857084441366904
minnesota,2026-05-02,1,2026-05-09,Flu ED visits pct,quantile,0.025,0.15162926450067923
montgomery,2026-05-02,1,2026-05-09,Flu ED visits pct,quantile,0.025,0.03991657918214034
nenc,2026-05-02,1,2026-05-09,Flu ED visits pct,quantile,0.025,0.029724816287932228
new-bedford,2026-05-02,1,2026-05-09,Flu ED visits pct,quantile,0.025,0.08343136732257166
north-carolina,2026-05-02,1,2026-05-09,Flu ED visits pct,quantile,0.025,0.12444615322505155
nyc,2026-05-02,1,2026-05-09,ILI ED visits pct,quantile,0.025,0.6294180926943609
ogden,2026-05-02,1,2026-05-09,Flu ED visits pct,quantile,0.025,0.017497929826152787
oregon,2026-05-02,1,2026-05-09,Flu ED visits pct,quantile,0.025,0.1364470581547309
pittsfield,2026-05-02,1,2026-05-09,Flu ED visits pct,quantile,0.025,0.0
portland,2026-05-02,1,2026-05-09,Flu ED visits pct,quantile,0.025,0.04080186959918061
portland-or,2026-05-02,1,2026-05-09,Flu ED visits pct,quantile,0.025,0.1017201768112161
provo,2026-05-02,1,2026-05-09,Flu ED visits pct,quantile,0.025,0.0871593896247738
roanoke,2026-05-02,1,2026-05-09,Flu ED visits pct,quantile,0.025,0.06982580207580678
rochester,2026-05-02,1,2026-05-09,Flu ED visits pct,quantile,0.025,0.006013647342231256
rock-hill,2026-05-02,1,2026-05-09,Flu ED visits pct,quantile,0.025,0.0
rtp-area,2026-05-02,1,2026-05-09,Flu ED visits pct,quantile,0.025,0.02860659725697108
salem,2026-05-02,1,2026-05-09,Flu ED visits pct,quantile,0.025,0.026525571443750985
salt-lake-city,2026-05-02,1,2026-05-09,Flu ED visits pct,quantile,0.025,0.08334634914155081
san-antonio,2026-05-02,1,2026-05-09,Flu ED visits pct,quantile,0.025,0.07252269469192009
savannah,2026-05-02,1,2026-05-09,Flu ED visits pct,quantile,0.025,0.0
senc,2026-05-02,1,2026-05-09,Flu ED visits pct,quantile,0.025,0.018065795506491483
south-augusta,2026-05-02,1,2026-05-09,Flu ED visits pct,quantile,0.025,0.02175854206677969
south-carolina,2026-05-02,1,2026-05-09,Flu ED visits pct,quantile,0.025,0.06301031830124629
springfield,2026-05-02,1,2026-05-09,Flu ED visits pct,quantile,0.025,0.041478592711851205
st-cloud,2026-05-02,1,2026-05-09,Flu ED visits pct,quantile,0.025,0.06477238836574971
st-paul,2026-05-02,1,2026-05-09,Flu ED visits pct,quantile,0.025,0.11362350186291303
texas,2026-05-02,1,2026-05-09,Flu ED visits pct,quantile,0.025,0.17941355526320518
triad-area,2026-05-02,1,2026-05-09,Flu ED visits pct,quantile,0.025,0.0951140771160243
utah,2026-05-02,1,2026-05-09,Flu ED visits pct,quantile,0.025,0.12172470203637141
virginia,2026-05-02,1,2026-05-09,Flu ED visits pct,quantile,0.025,0.09402434087932705
weld,2026-05-02,1,2026-05-09,Flu ED visits pct,quantile,0.025,0.052752754008901205
wnc,2026-05-02,1,2026-05-09,Flu ED visits pct,quantile,0.025,0.055964595218931455
worcester,2026-05-02,1,2026-05-09,Flu ED visits pct,quantile,0.025,0.035603887392682415
athens,2026-05-02,2,2026-05-16,Flu ED visits pct,quantile,0.025,0.010140041665795371
austin,2026-05-02,2,2026-05-16,Flu ED visits pct,quantile,0.025,0.061687148060107326
baltimore,2026-05-02,2,2026-05-16,Flu ED visits pct,quantile,0.025,0.033298034906793776
bangor,2026-05-02,2,2026-05-16,Flu ED visits pct,quantile,0.025,0.0006295156026774225
beaumont,2026-05-02,2,2026-05-16,Flu ED visits pct,quantile,0.025,0.028097798935126032
boston,2026-05-02,2,2026-05-16,Flu ED visits pct,quantile,0.025,0.05881908723260371
boulder,2026-05-02,2,2026-05-16,Flu ED visits pct,quantile,0.025,0.12254491885169101
charleston,2026-05-02,2,2026-05-16,Flu ED visits pct,quantile,0.025,0.028503801583550842
cherokee,2026-05-02,2,2026-05-16,Flu ED visits pct,quantile,0.025,0.03732712620784234
clt-area,2026-05-02,2,2026-05-16,Flu ED visits pct,quantile,0.025,0.2610142343656146
colorado,2026-05-02,2,2026-05-16,Flu ED visits pct,quantile,0.025,0.16563519903824545
colorado-springs,2026-05-02,2,2026-05-16,Flu ED visits pct,quantile,0.025,0.14162230417116514
columbia,2026-05-02,2,2026-05-16,Flu ED visits pct,quantile,0.025,0.011456530302672048
columbus,2026-05-02,2,2026-05-16,Flu ED visits pct,quantile,0.025,0.0
dallas,2026-05-02,2,2026-05-16,Flu ED visits pct,quantile,0.025,0.05717224604845154
denver,2026-05-02,2,2026-05-16,Flu ED visits pct,quantile,0.025,0.15670841418232945
deschutes,2026-05-02,2,2026-05-16,Flu ED visits pct,quantile,0.025,0.02684158248309166
duluth,2026-05-02,2,2026-05-16,Flu ED visits pct,quantile,0.025,0.04103302911917499
el-paso,2026-05-02,2,2026-05-16,Flu ED visits pct,quantile,0.025,0.41337859669669813
eugene,2026-05-02,2,2026-05-16,Flu ED visits pct,quantile,0.025,0.009250036646562527
fay-area,2026-05-02,2,2026-05-16,Flu ED visits pct,quantile,0.025,0.24427257234011307
florence,2026-05-02,2,2026-05-16,Flu ED visits pct,quantile,0.025,0.0
floyd,2026-05-02,2,2026-05-16,Flu ED visits pct,quantile,0.025,0.011213125452759666
frederick,2026-05-02,2,2026-05-16,Flu ED visits pct,quantile,0.025,1.849520842426254e-05
georgia,2026-05-02,2,2026-05-16,Flu ED visits pct,quantile,0.025,0.0695199708846464
greenville,2026-05-02,2,2026-05-16,Flu ED visits pct,quantile,0.025,0.02795163566892324
hall,2026-05-02,2,2026-05-16,Flu ED visits pct,quantile,0.025,0.011016341943166268
harford,2026-05-02,2,2026-05-16,Flu ED visits pct,quantile,0.025,0.0
henry,2026-05-02,2,2026-05-16,Flu ED visits pct,quantile,0.025,0.0070338652735364975
horry,2026-05-02,2,2026-05-16,Flu ED visits pct,quantile,0.025,0.016557749287041915
houston,2026-05-02,2,2026-05-16,Flu ED visits pct,quantile,0.025,0.10117236354337453
indiana,2026-05-02,2,2026-05-16,Flu ED visits pct,quantile,0.025,0.05075174876599773
indianapolis,2026-05-02,2,2026-05-16,Flu ED visits pct,quantile,0.025,0.011787149524134155
la-grange,2026-05-02,2,2026-05-16,Flu ED visits pct,quantile,0.025,0.012010796098839623
larimer,2026-05-02,2,2026-05-16,Flu ED visits pct,quantile,0.025,0.018341424746569912
lynn,2026-05-02,2,2026-05-16,Flu ED visits pct,quantile,0.025,0.056111601992142636
macon,2026-05-02,2,2026-05-16,Flu ED visits pct,quantile,0.025,0.026698564790359987
maine,2026-05-02,2,2026-05-16,Flu ED visits pct,quantile,0.025,0.08279281609711749
marietta,2026-05-02,2,2026-05-16,Flu ED visits pct,quantile,0.025,0.01246976870427602
maryland,2026-05-02,2,2026-05-16,Flu ED visits pct,quantile,0.025,0.05911470896177733
massachusetts,2026-05-02,2,2026-05-16,Flu ED visits pct,quantile,0.025,0.08663068359964808
medford,2026-05-02,2,2026-05-16,Flu ED visits pct,quantile,0.025,0.016248512412236973
mesa,2026-05-02,2,2026-05-16,Flu ED visits pct,quantile,0.025,0.0
minneapolis,2026-05-02,2,2026-05-16,Flu ED visits pct,quantile,0.025,0.09869457732004983
minnesota,2026-05-02,2,2026-05-16,Flu ED visits pct,quantile,0.025,0.12985019197564618
montgomery,2026-05-02,2,2026-05-16,Flu ED visits pct,quantile,0.025,0.030555826954833262
nenc,2026-05-02,2,2026-05-16,Flu ED visits pct,quantile,0.025,0.022889594266442805
new-bedford,2026-05-02,2,2026-05-16,Flu ED visits pct,quantile,0.025,0.06380673380501464
north-carolina,2026-05-02,2,2026-05-16,Flu ED visits pct,quantile,0.025,0.11100901245570623
nyc,2026-05-02,2,2026-05-16,ILI ED visits pct,quantile,0.025,0.5722033244493685
ogden,2026-05-02,2,2026-05-16,Flu ED visits pct,quantile,0.025,0.012361442861156523
oregon,2026-05-02,2,2026-05-16,Flu ED visits pct,quantile,0.025,0.11966988137136876
pittsfield,2026-05-02,2,2026-05-16,Flu ED visits pct,quantile,0.025,0.0
portland,2026-05-02,2,2026-05-16,Flu ED visits pct,quantile,0.025,0.030864255868401934
portland-or,2026-05-02,2,2026-05-16,Flu ED visits pct,quantile,0.025,0.08621946301433334
provo,2026-05-02,2,2026-05-16,Flu ED visits pct,quantile,0.025,0.07381344041781393
roanoke,2026-05-02,2,2026-05-16,Flu ED visits pct,quantile,0.025,0.054904357618020795
rochester,2026-05-02,2,2026-05-16,Flu ED visits pct,quantile,0.025,0.002281866455459424
rock-hill,2026-05-02,2,2026-05-16,Flu ED visits pct,quantile,0.025,0.0
rtp-area,2026-05-02,2,2026-05-16,Flu ED visits pct,quantile,0.025,0.021038162625072847
salem,2026-05-02,2,2026-05-16,Flu ED visits pct,quantile,0.025,0.019328333959662172
salt-lake-city,2026-05-02,2,2026-05-16,Flu ED visits pct,quantile,0.025,0.06934019036342465
san-antonio,2026-05-02,2,2026-05-16,Flu ED visits pct,quantile,0.025,0.05914769468104627
savannah,2026-05-02,2,2026-05-16,Flu ED visits pct,quantile,0.025,0.0
senc,2026-05-02,2,2026-05-16,Flu ED visits pct,quantile,0.025,0.012416462499145206
south-augusta,2026-05-02,2,2026-05-16,Flu ED visits pct,quantile,0.025,0.016600945532972367
south-carolina,2026-05-02,2,2026-05-16,Flu ED visits pct,quantile,0.025,0.05182551771258447
springfield,2026-05-02,2,2026-05-16,Flu ED visits pct,quantile,0.025,0.02698672775618744
st-cloud,2026-05-02,2,2026-05-16,Flu ED visits pct,quantile,0.025,0.04850139686053074
st-paul,2026-05-02,2,2026-05-16,Flu ED visits pct,quantile,0.025,0.09554050676614353
texas,2026-05-02,2,2026-05-16,Flu ED visits pct,quantile,0.025,0.16550797437876702
triad-area,2026-05-02,2,2026-05-16,Flu ED visits pct,quantile,0.025,0.07992494645216257
utah,2026-05-02,2,2026-05-16,Flu ED visits pct,quantile,0.025,0.10649194188321012
virginia,2026-05-02,2,2026-05-16,Flu ED visits pct,quantile,0.025,0.0825470773700378
weld,2026-05-02,2,2026-05-16,Flu ED visits pct,quantile,0.025,0.03847985210841409
wnc,2026-05-02,2,2026-05-16,Flu ED visits pct,quantile,0.025,0.04464274195531879
worcester,2026-05-02,2,2026-05-16,Flu ED visits pct,quantile,0.025,0.023415460854612255
athens,2026-05-02,3,2026-05-23,Flu ED visits pct,quantile,0.025,0.006228300961699381
austin,2026-05-02,3,2026-05-23,Flu ED visits pct,quantile,0.025,0.052663635186503806
baltimore,2026-05-02,3,2026-05-23,Flu ED visits pct,quantile,0.025,0.02583114157371861
bangor,2026-05-02,3,2026-05-23,Flu ED visits pct,quantile,0.025,0.0
beaumont,2026-05-02,3,2026-05-23,Flu ED visits pct,quantile,0.025,0.02018721800712934
boston,2026-05-02,3,2026-05-23,Flu ED visits pct,quantile,0.025,0.047037252853641666
boulder,2026-05-02,3,2026-05-23,Flu ED visits pct,quantile,0.025,0.10205128372558822
charleston,2026-05-02,3,2026-05-23,Flu ED visits pct,quantile,0.025,0.02210376284618558
cherokee,2026-05-02,3,2026-05-23,Flu ED visits pct,quantile,0.025,0.027299428951474226
clt-area,2026-05-02,3,2026-05-23,Flu ED visits pct,quantile,0.025,0.2033990866757639
colorado,2026-05-02,3,2026-05-23,Flu ED visits pct,quantile,0.025,0.15101843185365207
colorado-springs,2026-05-02,3,2026-05-23,Flu ED visits pct,quantile,0.025,0.11693324393786182
columbia,2026-05-02,3,2026-05-23,Flu ED visits pct,quantile,0.025,0.006350888147925641
columbus,2026-05-02,3,2026-05-23,Flu ED visits pct,quantile,0.025,0.0
dallas,2026-05-02,3,2026-05-23,Flu ED visits pct,quantile,0.025,0.049044226453477585
denver,2026-05-02,3,2026-05-23,Flu ED visits pct,quantile,0.025,0.13851025971397588
deschutes,2026-05-02,3,2026-05-23,Flu ED visits pct,quantile,0.025,0.021815200245960065
duluth,2026-05-02,3,2026-05-23,Flu ED visits pct,quantile,0.025,0.03109343947167075
el-paso,2026-05-02,3,2026-05-23,Flu ED visits pct,quantile,0.025,0.34715535198382536
eugene,2026-05-02,3,2026-05-23,Flu ED visits pct,quantile,0.025,0.005211889656255547
fay-area,2026-05-02,3,2026-05-23,Flu ED visits pct,quantile,0.025,0.20030129737929675
florence,2026-05-02,3,2026-05-23,Flu ED visits pct,quantile,0.025,0.0
floyd,2026-05-02,3,2026-05-23,Flu ED visits pct,quantile,0.025,0.006014298711721362
frederick,2026-05-02,3,2026-05-23,Flu ED visits pct,quantile,0.025,0.0
georgia,2026-05-02,3,2026-05-23,Flu ED visits pct,quantile,0.025,0.05984639664648946
greenville,2026-05-02,3,2026-05-23,Flu ED visits pct,quantile,0.025,0.02091436117837034
hall,2026-05-02,3,2026-05-23,Flu ED visits pct,quantile,0.025,0.006207768721396905
harford,2026-05-02,3,2026-05-23,Flu ED visits pct,quantile,0.025,0.0
henry,2026-05-02,3,2026-05-23,Flu ED visits pct,quantile,0.025,0.0037847486832000322
horry,2026-05-02,3,2026-05-23,Flu ED visits pct,quantile,0.025,0.010615816089286032
houston,2026-05-02,3,2026-05-23,Flu ED visits pct,quantile,0.025,0.08882236828662829
indiana,2026-05-02,3,2026-05-23,Flu ED visits pct,quantile,0.025,0.045559331396692694
indianapolis,2026-05-02,3,2026-05-23,Flu ED visits pct,quantile,0.025,0.009149361536686615
la-grange,2026-05-02,3,2026-05-23,Flu ED visits pct,quantile,0.025,0.0076740628705828495
larimer,2026-05-02,3,2026-05-23,Flu ED visits pct,quantile,0.025,0.011609511473103818
lynn,2026-05-02,3,2026-05-23,Flu ED visits pct,quantile,0.025,0.042376384485899934
macon,2026-05-02,3,2026-05-23,Flu ED visits pct,quantile,0.025,0.020178222473927122
maine,2026-05-02,3,2026-05-23,Flu ED visits pct,quantile,0.025,0.07091593320085983
marietta,2026-05-02,3,2026-05-23,Flu ED visits pct,quantile,0.025,0.008408478739741052
maryland,2026-05-02,3,2026-05-23,Flu ED visits pct,quantile,0.025,0.049841421983146623
massachusetts,2026-05-02,3,2026-05-23,Flu ED visits pct,quantile,0.025,0.0747506898469693
medford,2026-05-02,3,2026-05-23,Flu ED visits pct,quantile,0.025,0.011238259640030291
mesa,2026-05-02,3,2026-05-23,Flu ED visits pct,quantile,0.025,0.0
minneapolis,2026-05-02,3,2026-05-23,Flu ED visits pct,quantile,0.025,0.08458530399597392
minnesota,2026-05-02,3,2026-05-23,Flu ED visits pct,quantile,0.025,0.11104628236976266
montgomery,2026-05-02,3,2026-05-23,Flu ED visits pct,quantile,0.025,0.024458185905561675
nenc,2026-05-02,3,2026-05-23,Flu ED visits pct,quantile,0.025,0.018300003954725773
new-bedford,2026-05-02,3,2026-05-23,Flu ED visits pct,quantile,0.025,0.04886999769150285
north-carolina,2026-05-02,3,2026-05-23,Flu ED visits pct,quantile,0.025,0.09394867720546451
nyc,2026-05-02,3,2026-05-23,ILI ED visits pct,quantile,0.025,0.5214729161197221
ogden,2026-05-02,3,2026-05-23,Flu ED visits pct,quantile,0.025,0.009288019257449065
oregon,2026-05-02,3,2026-05-23,Flu ED visits pct,quantile,0.025,0.10745918393307617
pittsfield,2026-05-02,3,2026-05-23,Flu ED visits pct,quantile,0.025,0.0
portland,2026-05-02,3,2026-05-23,Flu ED visits pct,quantile,0.025,0.022787069226196832
portland-or,2026-05-02,3,2026-05-23,Flu ED visits pct,quantile,0.025,0.07354330454342412
provo,2026-05-02,3,2026-05-23,Flu ED visits pct,quantile,0.025,0.05906791066348412
roanoke,2026-05-02,3,2026-05-23,Flu ED visits pct,quantile,0.025,0.042660207014662346
rochester,2026-05-02,3,2026-05-23,Flu ED visits pct,quantile,0.025,0.00028607223777430205
rock-hill,2026-05-02,3,2026-05-23,Flu ED visits pct,quantile,0.025,0.0
rtp-area,2026-05-02,3,2026-05-23,Flu ED visits pct,quantile,0.025,0.01730560585422851
salem,2026-05-02,3,2026-05-23,Flu ED visits pct,quantile,0.025,0.01380384772285854
salt-lake-city,2026-05-02,3,2026-05-23,Flu ED visits pct,quantile,0.025,0.060366038248378794
san-antonio,2026-05-02,3,2026-05-23,Flu ED visits pct,quantile,0.025,0.050611251228572726
savannah,2026-05-02,3,2026-05-23,Flu ED visits pct,quantile,0.025,0.0
senc,2026-05-02,3,2026-05-23,Flu ED visits pct,quantile,0.025,0.008332991583778442
south-augusta,2026-05-02,3,2026-05-23,Flu ED visits pct,quantile,0.025,0.01179336746078012
south-carolina,2026-05-02,3,2026-05-23,Flu ED visits pct,quantile,0.025,0.04375995212490474
springfield,2026-05-02,3,2026-05-23,Flu ED visits pct,quantile,0.025,0.019117415322458788
st-cloud,2026-05-02,3,2026-05-23,Flu ED visits pct,quantile,0.025,0.0382927232086545
st-paul,2026-05-02,3,2026-05-23,Flu ED visits pct,quantile,0.025,0.0796940216445024
texas,2026-05-02,3,2026-05-23,Flu ED visits pct,quantile,0.025,0.148642081726535
triad-area,2026-05-02,3,2026-05-23,Flu ED visits pct,quantile,0.025,0.0681219924069021
utah,2026-05-02,3,2026-05-23,Flu ED visits pct,quantile,0.025,0.0945956076817259
virginia,2026-05-02,3,2026-05-23,Flu ED visits pct,quantile,0.025,0.0717736984583035
weld,2026-05-02,3,2026-05-23,Flu ED visits pct,quantile,0.025,0.030282005127693898
wnc,2026-05-02,3,2026-05-23,Flu ED visits pct,quantile,0.025,0.03583213647249818
worcester,2026-05-02,3,2026-05-23,Flu ED visits pct,quantile,0.025,0.015524643248326473
athens,2026-05-02,0,2026-05-02,Flu ED visits pct,quantile,0.05,0.04367409276453091
austin,2026-05-02,0,2026-05-02,Flu ED visits pct,quantile,0.05,0.1383970251070373
baltimore,2026-05-02,0,2026-05-02,Flu ED visits pct,quantile,0.05,0.10501919732682012
bangor,2026-05-02,0,2026-05-02,Flu ED visits pct,quantile,0.05,0.020648507855373262
beaumont,2026-05-02,0,2026-05-02,Flu ED visits pct,quantile,0.05,0.09262104130112954
boston,2026-05-02,0,2026-05-02,Flu ED visits pct,quantile,0.05,0.1646582253655838
boulder,2026-05-02,0,2026-05-02,Flu ED visits pct,quantile,0.05,0.30441961102202575
charleston,2026-05-02,0,2026-05-02,Flu ED visits pct,quantile,0.05,0.0742787370102235
cherokee,2026-05-02,0,2026-05-02,Flu ED visits pct,quantile,0.05,0.1165538133491104
clt-area,2026-05-02,0,2026-05-02,Flu ED visits pct,quantile,0.05,0.5712937622455905
colorado,2026-05-02,0,2026-05-02,Flu ED visits pct,quantile,0.05,0.316197949727436
colorado-springs,2026-05-02,0,2026-05-02,Flu ED visits pct,quantile,0.05,0.36623444809078115
columbia,2026-05-02,0,2026-05-02,Flu ED visits pct,quantile,0.05,0.04707591803568461
columbus,2026-05-02,0,2026-05-02,Flu ED visits pct,quantile,0.05,0.0
dallas,2026-05-02,0,2026-05-02,Flu ED visits pct,quantile,0.05,0.12893355400217332
denver,2026-05-02,0,2026-05-02,Flu ED visits pct,quantile,0.05,0.3514731758053985
deschutes,2026-05-02,0,2026-05-02,Flu ED visits pct,quantile,0.05,0.06522467579622668
duluth,2026-05-02,0,2026-05-02,Flu ED visits pct,quantile,0.05,0.11656045028768143
el-paso,2026-05-02,0,2026-05-02,Flu ED visits pct,quantile,0.05,0.9280653494912554
eugene,2026-05-02,0,2026-05-02,Flu ED visits pct,quantile,0.05,0.03510529092084543
fay-area,2026-05-02,0,2026-05-02,Flu ED visits pct,quantile,0.05,0.5644650543725277
florence,2026-05-02,0,2026-05-02,Flu ED visits pct,quantile,0.05,0.012455082893456976
floyd,2026-05-02,0,2026-05-02,Flu ED visits pct,quantile,0.05,0.05227836504816297
frederick,2026-05-02,0,2026-05-02,Flu ED visits pct,quantile,0.05,0.015861186503078877
georgia,2026-05-02,0,2026-05-02,Flu ED visits pct,quantile,0.05,0.14047634826200886
greenville,2026-05-02,0,2026-05-02,Flu ED visits pct,quantile,0.05,0.10168986483770565
hall,2026-05-02,0,2026-05-02,Flu ED visits pct,quantile,0.05,0.03955650100007195
harford,2026-05-02,0,2026-05-02,Flu ED visits pct,quantile,0.05,0.012471477177122924
henry,2026-05-02,0,2026-05-02,Flu ED visits pct,quantile,0.05,0.04694853586635048
horry,2026-05-02,0,2026-05-02,Flu ED visits pct,quantile,0.05,0.06699838639284844
houston,2026-05-02,0,2026-05-02,Flu ED visits pct,quantile,0.05,0.21678350280438102
indiana,2026-05-02,0,2026-05-02,Flu ED visits pct,quantile,0.05,0.09286548846709033
indianapolis,2026-05-02,0,2026-05-02,Flu ED visits pct,quantile,0.05,0.04376117126461866
la-grange,2026-05-02,0,2026-05-02,Flu ED visits pct,quantile,0.05,0.05257873554171175
larimer,2026-05-02,0,2026-05-02,Flu ED visits pct,quantile,0.05,0.09764276629831667
lynn,2026-05-02,0,2026-05-02,Flu ED visits pct,quantile,0.05,0.15597276039214153
macon,2026-05-02,0,2026-05-02,Flu ED visits pct,quantile,0.05,0.0699024725929018
maine,2026-05-02,0,2026-05-02,Flu ED visits pct,quantile,0.05,0.17369283804578364
marietta,2026-05-02,0,2026-05-02,Flu ED visits pct,quantile,0.05,0.04272083290615935
maryland,2026-05-02,0,2026-05-02,Flu ED visits pct,quantile,0.05,0.12106468338298203
massachusetts,2026-05-02,0,2026-05-02,Flu ED visits pct,quantile,0.05,0.18324325234942762
medford,2026-05-02,0,2026-05-02,Flu ED visits pct,quantile,0.05,0.045277888610718305
mesa,2026-05-02,0,2026-05-02,Flu ED visits pct,quantile,0.05,0.0
minneapolis,2026-05-02,0,2026-05-02,Flu ED visits pct,quantile,0.05,0.24057947506883448
minnesota,2026-05-02,0,2026-05-02,Flu ED visits pct,quantile,0.05,0.2470328184924095
montgomery,2026-05-02,0,2026-05-02,Flu ED visits pct,quantile,0.05,0.0936584955031346
nenc,2026-05-02,0,2026-05-02,Flu ED visits pct,quantile,0.05,0.06136428894033368
new-bedford,2026-05-02,0,2026-05-02,Flu ED visits pct,quantile,0.05,0.1777510275967002
north-carolina,2026-05-02,0,2026-05-02,Flu ED visits pct,quantile,0.05,0.2986153517013913
nyc,2026-05-02,0,2026-05-02,ILI ED visits pct,quantile,0.05,1.1038689738001968
ogden,2026-05-02,0,2026-05-02,Flu ED visits pct,quantile,0.05,0.04437478906612095
oregon,2026-05-02,0,2026-05-02,Flu ED visits pct,quantile,0.05,0.20597353142476313
pittsfield,2026-05-02,0,2026-05-02,Flu ED visits pct,quantile,0.05,0.014591064230606037
portland,2026-05-02,0,2026-05-02,Flu ED visits pct,quantile,0.05,0.09886737967115711
portland-or,2026-05-02,0,2026-05-02,Flu ED visits pct,quantile,0.05,0.2017826823681171
provo,2026-05-02,0,2026-05-02,Flu ED visits pct,quantile,0.05,0.1536136133332292
roanoke,2026-05-02,0,2026-05-02,Flu ED visits pct,quantile,0.05,0.13771156736485998
rochester,2026-05-02,0,2026-05-02,Flu ED visits pct,quantile,0.05,0.024695525184349795
rock-hill,2026-05-02,0,2026-05-02,Flu ED visits pct,quantile,0.05,0.0047091902360995586
rtp-area,2026-05-02,0,2026-05-02,Flu ED visits pct,quantile,0.05,0.050176457159459925
salem,2026-05-02,0,2026-05-02,Flu ED visits pct,quantile,0.05,0.06274472751289462
salt-lake-city,2026-05-02,0,2026-05-02,Flu ED visits pct,quantile,0.05,0.15392957951855715
san-antonio,2026-05-02,0,2026-05-02,Flu ED visits pct,quantile,0.05,0.1393478704364972
savannah,2026-05-02,0,2026-05-02,Flu ED visits pct,quantile,0.05,0.005023593896147937
senc,2026-05-02,0,2026-05-02,Flu ED visits pct,quantile,0.05,0.035803948809936065
south-augusta,2026-05-02,0,2026-05-02,Flu ED visits pct,quantile,0.05,0.06380321188352381
south-carolina,2026-05-02,0,2026-05-02,Flu ED visits pct,quantile,0.05,0.11160302451414288
springfield,2026-05-02,0,2026-05-02,Flu ED visits pct,quantile,0.05,0.11463979983072378
st-cloud,2026-05-02,0,2026-05-02,Flu ED visits pct,quantile,0.05,0.13217707332666917
st-paul,2026-05-02,0,2026-05-02,Flu ED visits pct,quantile,0.05,0.2294915506892066
texas,2026-05-02,0,2026-05-02,Flu ED visits pct,quantile,0.05,0.27485512368295784
triad-area,2026-05-02,0,2026-05-02,Flu ED visits pct,quantile,0.05,0.18883878780264315
utah,2026-05-02,0,2026-05-02,Flu ED visits pct,quantile,0.05,0.17550540197287048
virginia,2026-05-02,0,2026-05-02,Flu ED visits pct,quantile,0.05,0.14427153754288363
weld,2026-05-02,0,2026-05-02,Flu ED visits pct,quantile,0.05,0.09748188733417705
wnc,2026-05-02,0,2026-05-02,Flu ED visits pct,quantile,0.05,0.12721951993008507
worcester,2026-05-02,0,2026-05-02,Flu ED visits pct,quantile,0.05,0.09517014393882321
athens,2026-05-02,1,2026-05-09,Flu ED visits pct,quantile,0.05,0.026400471772131617
austin,2026-05-02,1,2026-05-09,Flu ED visits pct,quantile,0.05,0.1152645890390507
baltimore,2026-05-02,1,2026-05-09,Flu ED visits pct,quantile,0.05,0.08138367108468472
bangor,2026-05-02,1,2026-05-09,Flu ED visits pct,quantile,0.05,0.008427748835546365
beaumont,2026-05-02,1,2026-05-09,Flu ED visits pct,quantile,0.05,0.06856802745880168
boston,2026-05-02,1,2026-05-09,Flu ED visits pct,quantile,0.05,0.12856189966030765
boulder,2026-05-02,1,2026-05-09,Flu ED visits pct,quantile,0.05,0.22726965454251963
charleston,2026-05-02,1,2026-05-09,Flu ED visits pct,quantile,0.05,0.05734396709598371
cherokee,2026-05-02,1,2026-05-09,Flu ED visits pct,quantile,0.05,0.08882551157883707
clt-area,2026-05-02,1,2026-05-09,Flu ED visits pct,quantile,0.05,0.42126282130719056
colorado,2026-05-02,1,2026-05-09,Flu ED visits pct,quantile,0.05,0.2560777283681297
colorado-springs,2026-05-02,1,2026-05-09,Flu ED visits pct,quantile,0.05,0.2890811755626754
columbia,2026-05-02,1,2026-05-09,Flu ED visits pct,quantile,0.05,0.03317709054987588
columbus,2026-05-02,1,2026-05-09,Flu ED visits pct,quantile,0.05,0.0
dallas,2026-05-02,1,2026-05-09,Flu ED visits pct,quantile,0.05,0.10179188369066634
denver,2026-05-02,1,2026-05-09,Flu ED visits pct,quantile,0.05,0.29659188093087463
deschutes,2026-05-02,1,2026-05-09,Flu ED visits pct,quantile,0.05,0.04598878339461045
duluth,2026-05-02,1,2026-05-09,Flu ED visits pct,quantile,0.05,0.07947633230680556
el-paso,2026-05-02,1,2026-05-09,Flu ED visits pct,quantile,0.05,0.7015623088322105
eugene,2026-05-02,1,2026-05-09,Flu ED visits pct,quantile,0.05,0.02633632297262236
fay-area,2026-05-02,1,2026-05-09,Flu ED visits pct,quantile,0.05,0.4134691544123069
florence,2026-05-02,1,2026-05-09,Flu ED visits pct,quantile,0.05,0.0038219089118309776
floyd,2026-05-02,1,2026-05-09,Flu ED visits pct,quantile,0.05,0.03199243828665672
frederick,2026-05-02,1,2026-05-09,Flu ED visits pct,quantile,0.05,0.004192310918111595
georgia,2026-05-02,1,2026-05-09,Flu ED visits pct,quantile,0.05,0.11968709266090859
greenville,2026-05-02,1,2026-05-09,Flu ED visits pct,quantile,0.05,0.07780297946685555
hall,2026-05-02,1,2026-05-09,Flu ED visits pct,quantile,0.05,0.024099070340788918
harford,2026-05-02,1,2026-05-09,Flu ED visits pct,quantile,0.05,0.003306367954385051
henry,2026-05-02,1,2026-05-09,Flu ED visits pct,quantile,0.05,0.0351061151104921
horry,2026-05-02,1,2026-05-09,Flu ED visits pct,quantile,0.05,0.048442285031337656
houston,2026-05-02,1,2026-05-09,Flu ED visits pct,quantile,0.05,0.18264123536532192
indiana,2026-05-02,1,2026-05-09,Flu ED visits pct,quantile,0.05,0.07595210518915778
indianapolis,2026-05-02,1,2026-05-09,Flu ED visits pct,quantile,0.05,0.03185695551311881
la-grange,2026-05-02,1,2026-05-09,Flu ED visits pct,quantile,0.05,0.03564200235476867
larimer,2026-05-02,1,2026-05-09,Flu ED visits pct,quantile,0.05,0.06761948348578088
lynn,2026-05-02,1,2026-05-09,Flu ED visits pct,quantile,0.05,0.11923243172904387
macon,2026-05-02,1,2026-05-09,Flu ED visits pct,quantile,0.05,0.05408943015953433
maine,2026-05-02,1,2026-05-09,Flu ED visits pct,quantile,0.05,0.12162048489996087
marietta,2026-05-02,1,2026-05-09,Flu ED visits pct,quantile,0.05,0.030745226004178977
maryland,2026-05-02,1,2026-05-09,Flu ED visits pct,quantile,0.05,0.10140334481796902
massachusetts,2026-05-02,1,2026-05-09,Flu ED visits pct,quantile,0.05,0.14520664487839416
medford,2026-05-02,1,2026-05-09,Flu ED visits pct,quantile,0.05,0.03131725516445241
mesa,2026-05-02,1,2026-05-09,Flu ED visits pct,quantile,0.05,0.0
minneapolis,2026-05-02,1,2026-05-09,Flu ED visits pct,quantile,0.05,0.1945398116744854
minnesota,2026-05-02,1,2026-05-09,Flu ED visits pct,quantile,0.05,0.21190048362080377
montgomery,2026-05-02,1,2026-05-09,Flu ED visits pct,quantile,0.05,0.07186702614484679
nenc,2026-05-02,1,2026-05-09,Flu ED visits pct,quantile,0.05,0.049067999956025704
new-bedford,2026-05-02,1,2026-05-09,Flu ED visits pct,quantile,0.05,0.1302368985393833
north-carolina,2026-05-02,1,2026-05-09,Flu ED visits pct,quantile,0.05,0.2403756544229559
nyc,2026-05-02,1,2026-05-09,ILI ED visits pct,quantile,0.05,0.9792143604857629
ogden,2026-05-02,1,2026-05-09,Flu ED visits pct,quantile,0.05,0.03246269862549263
oregon,2026-05-02,1,2026-05-09,Flu ED visits pct,quantile,0.05,0.177302089764157
pittsfield,2026-05-02,1,2026-05-09,Flu ED visits pct,quantile,0.05,0.0036572464863137717
portland,2026-05-02,1,2026-05-09,Flu ED visits pct,quantile,0.05,0.06864630855074651
portland-or,2026-05-02,1,2026-05-09,Flu ED visits pct,quantile,0.05,0.16499074138254327
provo,2026-05-02,1,2026-05-09,Flu ED visits pct,quantile,0.05,0.12768206273116867
roanoke,2026-05-02,1,2026-05-09,Flu ED visits pct,quantile,0.05,0.10979026250709795
rochester,2026-05-02,1,2026-05-09,Flu ED visits pct,quantile,0.05,0.013173430750484954
rock-hill,2026-05-02,1,2026-05-09,Flu ED visits pct,quantile,0.05,0.0
rtp-area,2026-05-02,1,2026-05-09,Flu ED visits pct,quantile,0.05,0.03831839960594553
salem,2026-05-02,1,2026-05-09,Flu ED visits pct,quantile,0.05,0.04602703568068038
salt-lake-city,2026-05-02,1,2026-05-09,Flu ED visits pct,quantile,0.05,0.1281280836537789
san-antonio,2026-05-02,1,2026-05-09,Flu ED visits pct,quantile,0.05,0.11068211688530301
savannah,2026-05-02,1,2026-05-09,Flu ED visits pct,quantile,0.05,0.0005697402590826538
senc,2026-05-02,1,2026-05-09,Flu ED visits pct,quantile,0.05,0.024725986943089258
south-augusta,2026-05-02,1,2026-05-09,Flu ED visits pct,quantile,0.05,0.04861525432580384
south-carolina,2026-05-02,1,2026-05-09,Flu ED visits pct,quantile,0.05,0.09198522904384214
springfield,2026-05-02,1,2026-05-09,Flu ED visits pct,quantile,0.05,0.06991420905482952
st-cloud,2026-05-02,1,2026-05-09,Flu ED visits pct,quantile,0.05,0.08814622436036133
st-paul,2026-05-02,1,2026-05-09,Flu ED visits pct,quantile,0.05,0.19076001780187096
texas,2026-05-02,1,2026-05-09,Flu ED visits pct,quantile,0.05,0.24208386443640945
triad-area,2026-05-02,1,2026-05-09,Flu ED visits pct,quantile,0.05,0.14980149637446505
utah,2026-05-02,1,2026-05-09,Flu ED visits pct,quantile,0.05,0.15471475445487087
virginia,2026-05-02,1,2026-05-09,Flu ED visits pct,quantile,0.05,0.12157585717772008
weld,2026-05-02,1,2026-05-09,Flu ED visits pct,quantile,0.05,0.06710701659783147
wnc,2026-05-02,1,2026-05-09,Flu ED visits pct,quantile,0.05,0.09750589051064908
worcester,2026-05-02,1,2026-05-09,Flu ED visits pct,quantile,0.05,0.058930655768102295
athens,2026-05-02,2,2026-05-16,Flu ED visits pct,quantile,0.05,0.01772418125397285
austin,2026-05-02,2,2026-05-16,Flu ED visits pct,quantile,0.05,0.09953325250443966
baltimore,2026-05-02,2,2026-05-16,Flu ED visits pct,quantile,0.05,0.06615486708025456
bangor,2026-05-02,2,2026-05-16,Flu ED visits pct,quantile,0.05,0.003204862266771108
beaumont,2026-05-02,2,2026-05-16,Flu ED visits pct,quantile,0.05,0.054408071638978976
boston,2026-05-02,2,2026-05-16,Flu ED visits pct,quantile,0.05,0.10832630814930846
boulder,2026-05-02,2,2026-05-16,Flu ED visits pct,quantile,0.05,0.18164658384274393
charleston,2026-05-02,2,2026-05-16,Flu ED visits pct,quantile,0.05,0.04492747320915742
cherokee,2026-05-02,2,2026-05-16,Flu ED visits pct,quantile,0.05,0.06572014089680947
clt-area,2026-05-02,2,2026-05-16,Flu ED visits pct,quantile,0.05,0.2905002902804954
colorado,2026-05-02,2,2026-05-16,Flu ED visits pct,quantile,0.05,0.22108169380972587
colorado-springs,2026-05-02,2,2026-05-16,Flu ED visits pct,quantile,0.05,0.22903743294185808
columbia,2026-05-02,2,2026-05-16,Flu ED visits pct,quantile,0.05,0.02233857488844404
columbus,2026-05-02,2,2026-05-16,Flu ED visits pct,quantile,0.05,0.0
dallas,2026-05-02,2,2026-05-16,Flu ED visits pct,quantile,0.05,0.08780470740648082
denver,2026-05-02,2,2026-05-16,Flu ED visits pct,quantile,0.05,0.2606538734822144
deschutes,2026-05-02,2,2026-05-16,Flu ED visits pct,quantile,0.05,0.03855671720961513
duluth,2026-05-02,2,2026-05-16,Flu ED visits pct,quantile,0.05,0.055183518065837565
el-paso,2026-05-02,2,2026-05-16,Flu ED visits pct,quantile,0.05,0.5430558613681307
eugene,2026-05-02,2,2026-05-16,Flu ED visits pct,quantile,0.05,0.017973033187241083
fay-area,2026-05-02,2,2026-05-16,Flu ED visits pct,quantile,0.05,0.2900101311776379
florence,2026-05-02,2,2026-05-16,Flu ED visits pct,quantile,0.05,0.0004607574136892504
floyd,2026-05-02,2,2026-05-16,Flu ED visits pct,quantile,0.05,0.0205884797523071
frederick,2026-05-02,2,2026-05-16,Flu ED visits pct,quantile,0.05,0.0026467867179499147
georgia,2026-05-02,2,2026-05-16,Flu ED visits pct,quantile,0.05,0.10116153296242149
greenville,2026-05-02,2,2026-05-16,Flu ED visits pct,quantile,0.05,0.060679290951884575
hall,2026-05-02,2,2026-05-16,Flu ED visits pct,quantile,0.05,0.017368057987117422
harford,2026-05-02,2,2026-05-16,Flu ED visits pct,quantile,0.05,0.0
henry,2026-05-02,2,2026-05-16,Flu ED visits pct,quantile,0.05,0.026436764969830974
horry,2026-05-02,2,2026-05-16,Flu ED visits pct,quantile,0.05,0.03673784362420711
houston,2026-05-02,2,2026-05-16,Flu ED visits pct,quantile,0.05,0.16001258945329566
indiana,2026-05-02,2,2026-05-16,Flu ED visits pct,quantile,0.05,0.06535220010499987
indianapolis,2026-05-02,2,2026-05-16,Flu ED visits pct,quantile,0.05,0.026079524326672585
la-grange,2026-05-02,2,2026-05-16,Flu ED visits pct,quantile,0.05,0.0260151954591547
larimer,2026-05-02,2,2026-05-16,Flu ED visits pct,quantile,0.05,0.04862637461085708
lynn,2026-05-02,2,2026-05-16,Flu ED visits pct,quantile,0.05,0.09492655229333714
macon,2026-05-02,2,2026-05-16,Flu ED visits pct,quantile,0.05,0.043020094366232595
maine,2026-05-02,2,2026-05-16,Flu ED visits pct,quantile,0.05,0.10312400505671564
marietta,2026-05-02,2,2026-05-16,Flu ED visits pct,quantile,0.05,0.022518776562439585
maryland,2026-05-02,2,2026-05-16,Flu ED visits pct,quantile,0.05,0.08408968117106273
massachusetts,2026-05-02,2,2026-05-16,Flu ED visits pct,quantile,0.05,0.1237371976133035
medford,2026-05-02,2,2026-05-16,Flu ED visits pct,quantile,0.05,0.02186708112999937
mesa,2026-05-02,2,2026-05-16,Flu ED visits pct,quantile,0.05,0.0
minneapolis,2026-05-02,2,2026-05-16,Flu ED visits pct,quantile,0.05,0.16407171459590272
minnesota,2026-05-02,2,2026-05-16,Flu ED visits pct,quantile,0.05,0.17970720915516863
montgomery,2026-05-02,2,2026-05-16,Flu ED visits pct,quantile,0.05,0.05887426286346064
nenc,2026-05-02,2,2026-05-16,Flu ED visits pct,quantile,0.05,0.038973976723526094
new-bedford,2026-05-02,2,2026-05-16,Flu ED visits pct,quantile,0.05,0.0997723457639003
north-carolina,2026-05-02,2,2026-05-16,Flu ED visits pct,quantile,0.05,0.18537891842067988
nyc,2026-05-02,2,2026-05-16,ILI ED visits pct,quantile,0.05,0.89364862618364
ogden,2026-05-02,2,2026-05-16,Flu ED visits pct,quantile,0.05,0.024353528112494104
oregon,2026-05-02,2,2026-05-16,Flu ED visits pct,quantile,0.05,0.15592452606877358
pittsfield,2026-05-02,2,2026-05-16,Flu ED visits pct,quantile,0.05,0.0
portland,2026-05-02,2,2026-05-16,Flu ED visits pct,quantile,0.05,0.051733659522548464
portland-or,2026-05-02,2,2026-05-16,Flu ED visits pct,quantile,0.05,0.14126306017545193
provo,2026-05-02,2,2026-05-16,Flu ED visits pct,quantile,0.05,0.10274931930541403
roanoke,2026-05-02,2,2026-05-16,Flu ED visits pct,quantile,0.05,0.08454669778704396
rochester,2026-05-02,2,2026-05-16,Flu ED visits pct,quantile,0.05,0.008581560805174663
rock-hill,2026-05-02,2,2026-05-16,Flu ED visits pct,quantile,0.05,0.0
rtp-area,2026-05-02,2,2026-05-16,Flu ED visits pct,quantile,0.05,0.02915115632786556
salem,2026-05-02,2,2026-05-16,Flu ED visits pct,quantile,0.05,0.03435109416970352
salt-lake-city,2026-05-02,2,2026-05-16,Flu ED visits pct,quantile,0.05,0.10922583618821402
san-antonio,2026-05-02,2,2026-05-16,Flu ED visits pct,quantile,0.05,0.09472530996530183
savannah,2026-05-02,2,2026-05-16,Flu ED visits pct,quantile,0.05,0.0
senc,2026-05-02,2,2026-05-16,Flu ED visits pct,quantile,0.05,0.017069182765470883
south-augusta,2026-05-02,2,2026-05-16,Flu ED visits pct,quantile,0.05,0.038945822527419224
south-carolina,2026-05-02,2,2026-05-16,Flu ED visits pct,quantile,0.05,0.0761135596312287
springfield,2026-05-02,2,2026-05-16,Flu ED visits pct,quantile,0.05,0.04710555071453551
st-cloud,2026-05-02,2,2026-05-16,Flu ED visits pct,quantile,0.05,0.06220309936892177
st-paul,2026-05-02,2,2026-05-16,Flu ED visits pct,quantile,0.05,0.1592799674367458
texas,2026-05-02,2,2026-05-16,Flu ED visits pct,quantile,0.05,0.21712339114453097
triad-area,2026-05-02,2,2026-05-16,Flu ED visits pct,quantile,0.05,0.1229022265803539
utah,2026-05-02,2,2026-05-16,Flu ED visits pct,quantile,0.05,0.13381595019683254
virginia,2026-05-02,2,2026-05-16,Flu ED visits pct,quantile,0.05,0.10508745125989977
weld,2026-05-02,2,2026-05-16,Flu ED visits pct,quantile,0.05,0.048733003543135756
wnc,2026-05-02,2,2026-05-16,Flu ED visits pct,quantile,0.05,0.07755806082833096
worcester,2026-05-02,2,2026-05-16,Flu ED visits pct,quantile,0.05,0.04596734662816465
athens,2026-05-02,3,2026-05-23,Flu ED visits pct,quantile,0.05,0.014007431680886981
austin,2026-05-02,3,2026-05-23,Flu ED visits pct,quantile,0.05,0.08665749465990295
baltimore,2026-05-02,3,2026-05-23,Flu ED visits pct,quantile,0.05,0.05491591457701097
bangor,2026-05-02,3,2026-05-23,Flu ED visits pct,quantile,0.05,0.0021150093104186484
beaumont,2026-05-02,3,2026-05-23,Flu ED visits pct,quantile,0.05,0.045849981486858156
boston,2026-05-02,3,2026-05-23,Flu ED visits pct,quantile,0.05,0.08991181327480845
boulder,2026-05-02,3,2026-05-23,Flu ED visits pct,quantile,0.05,0.15746923650819536
charleston,2026-05-02,3,2026-05-23,Flu ED visits pct,quantile,0.05,0.037201648145619944
cherokee,2026-05-02,3,2026-05-23,Flu ED visits pct,quantile,0.05,0.054620090842363266
clt-area,2026-05-02,3,2026-05-23,Flu ED visits pct,quantile,0.05,0.21054097204878724
colorado,2026-05-02,3,2026-05-23,Flu ED visits pct,quantile,0.05,0.20205272619467893
colorado-springs,2026-05-02,3,2026-05-23,Flu ED visits pct,quantile,0.05,0.1902933218205242
columbia,2026-05-02,3,2026-05-23,Flu ED visits pct,quantile,0.05,0.016362855446880008
columbus,2026-05-02,3,2026-05-23,Flu ED visits pct,quantile,0.05,0.0
dallas,2026-05-02,3,2026-05-23,Flu ED visits pct,quantile,0.05,0.07761215919297444
denver,2026-05-02,3,2026-05-23,Flu ED visits pct,quantile,0.05,0.22858627487330022
deschutes,2026-05-02,3,2026-05-23,Flu ED visits pct,quantile,0.05,0.03583274249843935
duluth,2026-05-02,3,2026-05-23,Flu ED visits pct,quantile,0.05,0.045716238230093575
el-paso,2026-05-02,3,2026-05-23,Flu ED visits pct,quantile,0.05,0.44115044422114785
eugene,2026-05-02,3,2026-05-23,Flu ED visits pct,quantile,0.05,0.0141373522819706
fay-area,2026-05-02,3,2026-05-23,Flu ED visits pct,quantile,0.05,0.21828559146074702
florence,2026-05-02,3,2026-05-23,Flu ED visits pct,quantile,0.05,0.0
floyd,2026-05-02,3,2026-05-23,Flu ED visits pct,quantile,0.05,0.018051500944151637
frederick,2026-05-02,3,2026-05-23,Flu ED visits pct,quantile,0.05,0.0026910273298042936
georgia,2026-05-02,3,2026-05-23,Flu ED visits pct,quantile,0.05,0.09081830091302229
greenville,2026-05-02,3,2026-05-23,Flu ED visits pct,quantile,0.05,0.05009619796783633
hall,2026-05-02,3,2026-05-23,Flu ED visits pct,quantile,0.05,0.013742015979930777
harford,2026-05-02,3,2026-05-23,Flu ED visits pct,quantile,0.05,0.0
henry,2026-05-02,3,2026-05-23,Flu ED visits pct,quantile,0.05,0.02289569181491241
horry,2026-05-02,3,2026-05-23,Flu ED visits pct,quantile,0.05,0.02920830286059778
houston,2026-05-02,3,2026-05-23,Flu ED visits pct,quantile,0.05,0.14314891013161474
indiana,2026-05-02,3,2026-05-23,Flu ED visits pct,quantile,0.05,0.05819944623307182
indianapolis,2026-05-02,3,2026-05-23,Flu ED visits pct,quantile,0.05,0.022511559583702052
la-grange,2026-05-02,3,2026-05-23,Flu ED visits pct,quantile,0.05,0.02283885649148667
larimer,2026-05-02,3,2026-05-23,Flu ED visits pct,quantile,0.05,0.04390044735751223
lynn,2026-05-02,3,2026-05-23,Flu ED visits pct,quantile,0.05,0.07990994646448468
macon,2026-05-02,3,2026-05-23,Flu ED visits pct,quantile,0.05,0.03658076063610422
maine,2026-05-02,3,2026-05-23,Flu ED visits pct,quantile,0.05,0.09009602228022398
marietta,2026-05-02,3,2026-05-23,Flu ED visits pct,quantile,0.05,0.018281404744621386
maryland,2026-05-02,3,2026-05-23,Flu ED visits pct,quantile,0.05,0.07293215275738847
massachusetts,2026-05-02,3,2026-05-23,Flu ED visits pct,quantile,0.05,0.10867287533317745
medford,2026-05-02,3,2026-05-23,Flu ED visits pct,quantile,0.05,0.017921062356980627
mesa,2026-05-02,3,2026-05-23,Flu ED visits pct,quantile,0.05,0.0
minneapolis,2026-05-02,3,2026-05-23,Flu ED visits pct,quantile,0.05,0.1386659720115425
minnesota,2026-05-02,3,2026-05-23,Flu ED visits pct,quantile,0.05,0.15998005879071944
montgomery,2026-05-02,3,2026-05-23,Flu ED visits pct,quantile,0.05,0.049908242353462064
nenc,2026-05-02,3,2026-05-23,Flu ED visits pct,quantile,0.05,0.03249355237847643
new-bedford,2026-05-02,3,2026-05-23,Flu ED visits pct,quantile,0.05,0.0825864165002425
north-carolina,2026-05-02,3,2026-05-23,Flu ED visits pct,quantile,0.05,0.14943948040358654
nyc,2026-05-02,3,2026-05-23,ILI ED visits pct,quantile,0.05,0.8135360613256671
ogden,2026-05-02,3,2026-05-23,Flu ED visits pct,quantile,0.05,0.02059805236532751
oregon,2026-05-02,3,2026-05-23,Flu ED visits pct,quantile,0.05,0.14193826971885573
pittsfield,2026-05-02,3,2026-05-23,Flu ED visits pct,quantile,0.05,0.0
portland,2026-05-02,3,2026-05-23,Flu ED visits pct,quantile,0.05,0.04303438342243969
portland-or,2026-05-02,3,2026-05-23,Flu ED visits pct,quantile,0.05,0.12324886544860704
provo,2026-05-02,3,2026-05-23,Flu ED visits pct,quantile,0.05,0.09064437653544256
roanoke,2026-05-02,3,2026-05-23,Flu ED visits pct,quantile,0.05,0.07102344894247911
rochester,2026-05-02,3,2026-05-23,Flu ED visits pct,quantile,0.05,0.007218322913840761
rock-hill,2026-05-02,3,2026-05-23,Flu ED visits pct,quantile,0.05,0.0
rtp-area,2026-05-02,3,2026-05-23,Flu ED visits pct,quantile,0.05,0.023786315890544425
salem,2026-05-02,3,2026-05-23,Flu ED visits pct,quantile,0.05,0.027483139951339268
salt-lake-city,2026-05-02,3,2026-05-23,Flu ED visits pct,quantile,0.05,0.09727785175834898
san-antonio,2026-05-02,3,2026-05-23,Flu ED visits pct,quantile,0.05,0.08278456581469325
savannah,2026-05-02,3,2026-05-23,Flu ED visits pct,quantile,0.05,0.0
senc,2026-05-02,3,2026-05-23,Flu ED visits pct,quantile,0.05,0.012246161407625652
south-augusta,2026-05-02,3,2026-05-23,Flu ED visits pct,quantile,0.05,0.03512647405797792
south-carolina,2026-05-02,3,2026-05-23,Flu ED visits pct,quantile,0.05,0.06907327724971732
springfield,2026-05-02,3,2026-05-23,Flu ED visits pct,quantile,0.05,0.03739959006794003
st-cloud,2026-05-02,3,2026-05-23,Flu ED visits pct,quantile,0.05,0.051909029799313534
st-paul,2026-05-02,3,2026-05-23,Flu ED visits pct,quantile,0.05,0.13549169396994087
texas,2026-05-02,3,2026-05-23,Flu ED visits pct,quantile,0.05,0.200257735551647
triad-area,2026-05-02,3,2026-05-23,Flu ED visits pct,quantile,0.05,0.10317179604469028
utah,2026-05-02,3,2026-05-23,Flu ED visits pct,quantile,0.05,0.12420324017804908
virginia,2026-05-02,3,2026-05-23,Flu ED visits pct,quantile,0.05,0.09509204473708828
weld,2026-05-02,3,2026-05-23,Flu ED visits pct,quantile,0.05,0.04093943452985005
wnc,2026-05-02,3,2026-05-23,Flu ED visits pct,quantile,0.05,0.06395354251817191
worcester,2026-05-02,3,2026-05-23,Flu ED visits pct,quantile,0.05,0.03584508727066097
athens,2026-05-02,0,2026-05-02,Flu ED visits pct,quantile,0.1,0.06856037261080426
austin,2026-05-02,0,2026-05-02,Flu ED visits pct,quantile,0.1,0.17644037313095592
baltimore,2026-05-02,0,2026-05-02,Flu ED visits pct,quantile,0.1,0.152407210588073
bangor,2026-05-02,0,2026-05-02,Flu ED visits pct,quantile,0.1,0.035122444871024984
beaumont,2026-05-02,0,2026-05-02,Flu ED visits pct,quantile,0.1,0.150005335268167
boston,2026-05-02,0,2026-05-02,Flu ED visits pct,quantile,0.1,0.2290070769016506
boulder,2026-05-02,0,2026-05-02,Flu ED visits pct,quantile,0.1,0.45996470551758545
charleston,2026-05-02,0,2026-05-02,Flu ED visits pct,quantile,0.1,0.10659087986138348
cherokee,2026-05-02,0,2026-05-02,Flu ED visits pct,quantile,0.1,0.16981679068880795
clt-area,2026-05-02,0,2026-05-02,Flu ED visits pct,quantile,0.1,0.6799523981647798
colorado,2026-05-02,0,2026-05-02,Flu ED visits pct,quantile,0.1,0.4079398760626151
colorado-springs,2026-05-02,0,2026-05-02,Flu ED visits pct,quantile,0.1,0.4781850204848406
columbia,2026-05-02,0,2026-05-02,Flu ED visits pct,quantile,0.1,0.07942651780940231
columbus,2026-05-02,0,2026-05-02,Flu ED visits pct,quantile,0.1,0.0
dallas,2026-05-02,0,2026-05-02,Flu ED visits pct,quantile,0.1,0.16456101047315513
denver,2026-05-02,0,2026-05-02,Flu ED visits pct,quantile,0.1,0.46232077816327233
deschutes,2026-05-02,0,2026-05-02,Flu ED visits pct,quantile,0.1,0.12180752225077983
duluth,2026-05-02,0,2026-05-02,Flu ED visits pct,quantile,0.1,0.18076628353911364
el-paso,2026-05-02,0,2026-05-02,Flu ED visits pct,quantile,0.1,1.0827138158966818
eugene,2026-05-02,0,2026-05-02,Flu ED visits pct,quantile,0.1,0.06011385424213513
fay-area,2026-05-02,0,2026-05-02,Flu ED visits pct,quantile,0.1,0.6813055000309854
florence,2026-05-02,0,2026-05-02,Flu ED visits pct,quantile,0.1,0.038460218536894415
floyd,2026-05-02,0,2026-05-02,Flu ED visits pct,quantile,0.1,0.09357301849802878
frederick,2026-05-02,0,2026-05-02,Flu ED visits pct,quantile,0.1,0.032643414255384376
georgia,2026-05-02,0,2026-05-02,Flu ED visits pct,quantile,0.1,0.16692714861508398
greenville,2026-05-02,0,2026-05-02,Flu ED visits pct,quantile,0.1,0.17038792551447762
hall,2026-05-02,0,2026-05-02,Flu ED visits pct,quantile,0.1,0.06812160583640027
harford,2026-05-02,0,2026-05-02,Flu ED visits pct,quantile,0.1,0.021649544161087914
henry,2026-05-02,0,2026-05-02,Flu ED visits pct,quantile,0.1,0.08760933777738154
horry,2026-05-02,0,2026-05-02,Flu ED visits pct,quantile,0.1,0.10439608447852544
houston,2026-05-02,0,2026-05-02,Flu ED visits pct,quantile,0.1,0.2645470885431405
indiana,2026-05-02,0,2026-05-02,Flu ED visits pct,quantile,0.1,0.10598759404820816
indianapolis,2026-05-02,0,2026-05-02,Flu ED visits pct,quantile,0.1,0.05941540218841034
la-grange,2026-05-02,0,2026-05-02,Flu ED visits pct,quantile,0.1,0.09950335112791629
larimer,2026-05-02,0,2026-05-02,Flu ED visits pct,quantile,0.1,0.16146799211844728
lynn,2026-05-02,0,2026-05-02,Flu ED visits pct,quantile,0.1,0.24132712374253446
macon,2026-05-02,0,2026-05-02,Flu ED visits pct,quantile,0.1,0.1080660781727491
maine,2026-05-02,0,2026-05-02,Flu ED visits pct,quantile,0.1,0.22965141939362466
marietta,2026-05-02,0,2026-05-02,Flu ED visits pct,quantile,0.1,0.07250125842958363
maryland,2026-05-02,0,2026-05-02,Flu ED visits pct,quantile,0.1,0.16945702432851573
massachusetts,2026-05-02,0,2026-05-02,Flu ED visits pct,quantile,0.1,0.2342726867389641
medford,2026-05-02,0,2026-05-02,Flu ED visits pct,quantile,0.1,0.09176049571508256
mesa,2026-05-02,0,2026-05-02,Flu ED visits pct,quantile,0.1,0.0
minneapolis,2026-05-02,0,2026-05-02,Flu ED visits pct,quantile,0.1,0.31529661552438476
minnesota,2026-05-02,0,2026-05-02,Flu ED visits pct,quantile,0.1,0.29126730170908405
montgomery,2026-05-02,0,2026-05-02,Flu ED visits pct,quantile,0.1,0.12412624189014147
nenc,2026-05-02,0,2026-05-02,Flu ED visits pct,quantile,0.1,0.09681490458740705
new-bedford,2026-05-02,0,2026-05-02,Flu ED visits pct,quantile,0.1,0.2740804611696267
north-carolina,2026-05-02,0,2026-05-02,Flu ED visits pct,quantile,0.1,0.38906564019256806
nyc,2026-05-02,0,2026-05-02,ILI ED visits pct,quantile,0.1,1.4727375956088287
ogden,2026-05-02,0,2026-05-02,Flu ED visits pct,quantile,0.1,0.0725015467696979
oregon,2026-05-02,0,2026-05-02,Flu ED visits pct,quantile,0.1,0.24897531101304032
pittsfield,2026-05-02,0,2026-05-02,Flu ED visits pct,quantile,0.1,0.03204586740059967
portland,2026-05-02,0,2026-05-02,Flu ED visits pct,quantile,0.1,0.16096987998095993
portland-or,2026-05-02,0,2026-05-02,Flu ED visits pct,quantile,0.1,0.24946023117523436
provo,2026-05-02,0,2026-05-02,Flu ED visits pct,quantile,0.1,0.19895899549089052
roanoke,2026-05-02,0,2026-05-02,Flu ED visits pct,quantile,0.1,0.19951739163802243
rochester,2026-05-02,0,2026-05-02,Flu ED visits pct,quantile,0.1,0.05267114054893298
rock-hill,2026-05-02,0,2026-05-02,Flu ED visits pct,quantile,0.1,0.01824998422509351
rtp-area,2026-05-02,0,2026-05-02,Flu ED visits pct,quantile,0.1,0.07364715958471747
salem,2026-05-02,0,2026-05-02,Flu ED visits pct,quantile,0.1,0.09247128622048517
salt-lake-city,2026-05-02,0,2026-05-02,Flu ED visits pct,quantile,0.1,0.181173409598965
san-antonio,2026-05-02,0,2026-05-02,Flu ED visits pct,quantile,0.1,0.17263523934422478
savannah,2026-05-02,0,2026-05-02,Flu ED visits pct,quantile,0.1,0.01691889700761548
senc,2026-05-02,0,2026-05-02,Flu ED visits pct,quantile,0.1,0.05334800568303583
south-augusta,2026-05-02,0,2026-05-02,Flu ED visits pct,quantile,0.1,0.12206050192796157
south-carolina,2026-05-02,0,2026-05-02,Flu ED visits pct,quantile,0.1,0.13462525452620766
springfield,2026-05-02,0,2026-05-02,Flu ED visits pct,quantile,0.1,0.1771959209985148
st-cloud,2026-05-02,0,2026-05-02,Flu ED visits pct,quantile,0.1,0.18905878603456264
st-paul,2026-05-02,0,2026-05-02,Flu ED visits pct,quantile,0.1,0.3126824130593347
texas,2026-05-02,0,2026-05-02,Flu ED visits pct,quantile,0.1,0.3116344939233805
triad-area,2026-05-02,0,2026-05-02,Flu ED visits pct,quantile,0.1,0.24386264565836868
utah,2026-05-02,0,2026-05-02,Flu ED visits pct,quantile,0.1,0.2035416888762444
virginia,2026-05-02,0,2026-05-02,Flu ED visits pct,quantile,0.1,0.17812066823746686
weld,2026-05-02,0,2026-05-02,Flu ED visits pct,quantile,0.1,0.14251431941482537
wnc,2026-05-02,0,2026-05-02,Flu ED visits pct,quantile,0.1,0.1688830610046462
worcester,2026-05-02,0,2026-05-02,Flu ED visits pct,quantile,0.1,0.14284804250067845
athens,2026-05-02,1,2026-05-09,Flu ED visits pct,quantile,0.1,0.04049864370174249
austin,2026-05-02,1,2026-05-09,Flu ED visits pct,quantile,0.1,0.15175008858734385
baltimore,2026-05-02,1,2026-05-09,Flu ED visits pct,quantile,0.1,0.12612494009587216
bangor,2026-05-02,1,2026-05-09,Flu ED visits pct,quantile,0.1,0.016759125957782957
beaumont,2026-05-02,1,2026-05-09,Flu ED visits pct,quantile,0.1,0.12220531837991937
boston,2026-05-02,1,2026-05-09,Flu ED visits pct,quantile,0.1,0.1914140043154862
boulder,2026-05-02,1,2026-05-09,Flu ED visits pct,quantile,0.1,0.3194724950600802
charleston,2026-05-02,1,2026-05-09,Flu ED visits pct,quantile,0.1,0.08622405830540336
cherokee,2026-05-02,1,2026-05-09,Flu ED visits pct,quantile,0.1,0.1337418950276675
clt-area,2026-05-02,1,2026-05-09,Flu ED visits pct,quantile,0.1,0.47912632503873254
colorado,2026-05-02,1,2026-05-09,Flu ED visits pct,quantile,0.1,0.33817148310569967
colorado-springs,2026-05-02,1,2026-05-09,Flu ED visits pct,quantile,0.1,0.37866735006227675
columbia,2026-05-02,1,2026-05-09,Flu ED visits pct,quantile,0.1,0.05963734063110223
columbus,2026-05-02,1,2026-05-09,Flu ED visits pct,quantile,0.1,0.0
dallas,2026-05-02,1,2026-05-09,Flu ED visits pct,quantile,0.1,0.13619476755325322
denver,2026-05-02,1,2026-05-09,Flu ED visits pct,quantile,0.1,0.3990244065209356
deschutes,2026-05-02,1,2026-05-09,Flu ED visits pct,quantile,0.1,0.08116615465503123
duluth,2026-05-02,1,2026-05-09,Flu ED visits pct,quantile,0.1,0.11458252308084767
el-paso,2026-05-02,1,2026-05-09,Flu ED visits pct,quantile,0.1,0.7992995369702272
eugene,2026-05-02,1,2026-05-09,Flu ED visits pct,quantile,0.1,0.04748867110112869
fay-area,2026-05-02,1,2026-05-09,Flu ED visits pct,quantile,0.1,0.4835683088680424
florence,2026-05-02,1,2026-05-09,Flu ED visits pct,quantile,0.1,0.01700525537040177
floyd,2026-05-02,1,2026-05-09,Flu ED visits pct,quantile,0.1,0.05523858408490092
frederick,2026-05-02,1,2026-05-09,Flu ED visits pct,quantile,0.1,0.026556237796970604
georgia,2026-05-02,1,2026-05-09,Flu ED visits pct,quantile,0.1,0.14459985467460418
greenville,2026-05-02,1,2026-05-09,Flu ED visits pct,quantile,0.1,0.13648031451523093
hall,2026-05-02,1,2026-05-09,Flu ED visits pct,quantile,0.1,0.0418527995218475
harford,2026-05-02,1,2026-05-09,Flu ED visits pct,quantile,0.1,0.008795852696141552
henry,2026-05-02,1,2026-05-09,Flu ED visits pct,quantile,0.1,0.07107744042329966
horry,2026-05-02,1,2026-05-09,Flu ED visits pct,quantile,0.1,0.08396863367881664
houston,2026-05-02,1,2026-05-09,Flu ED visits pct,quantile,0.1,0.23660583492880433
indiana,2026-05-02,1,2026-05-09,Flu ED visits pct,quantile,0.1,0.08279219101830283
indianapolis,2026-05-02,1,2026-05-09,Flu ED visits pct,quantile,0.1,0.044209967755345594
la-grange,2026-05-02,1,2026-05-09,Flu ED visits pct,quantile,0.1,0.06386147065594934
larimer,2026-05-02,1,2026-05-09,Flu ED visits pct,quantile,0.1,0.10754403150066574
lynn,2026-05-02,1,2026-05-09,Flu ED visits pct,quantile,0.1,0.19123267281245046
macon,2026-05-02,1,2026-05-09,Flu ED visits pct,quantile,0.1,0.08661649541930669
maine,2026-05-02,1,2026-05-09,Flu ED visits pct,quantile,0.1,0.1865350117987466
marietta,2026-05-02,1,2026-05-09,Flu ED visits pct,quantile,0.1,0.05652833982106419
maryland,2026-05-02,1,2026-05-09,Flu ED visits pct,quantile,0.1,0.1374200998822475
massachusetts,2026-05-02,1,2026-05-09,Flu ED visits pct,quantile,0.1,0.18679030857898493
medford,2026-05-02,1,2026-05-09,Flu ED visits pct,quantile,0.1,0.05770827947722914
mesa,2026-05-02,1,2026-05-09,Flu ED visits pct,quantile,0.1,0.0
minneapolis,2026-05-02,1,2026-05-09,Flu ED visits pct,quantile,0.1,0.26669861699496267
minnesota,2026-05-02,1,2026-05-09,Flu ED visits pct,quantile,0.1,0.2428794089807278
montgomery,2026-05-02,1,2026-05-09,Flu ED visits pct,quantile,0.1,0.10223972433564353
nenc,2026-05-02,1,2026-05-09,Flu ED visits pct,quantile,0.1,0.07538275500749801
new-bedford,2026-05-02,1,2026-05-09,Flu ED visits pct,quantile,0.1,0.19638041852597268
north-carolina,2026-05-02,1,2026-05-09,Flu ED visits pct,quantile,0.1,0.29606137696753937
nyc,2026-05-02,1,2026-05-09,ILI ED visits pct,quantile,0.1,1.3563999151003492
ogden,2026-05-02,1,2026-05-09,Flu ED visits pct,quantile,0.1,0.055685082879041135
oregon,2026-05-02,1,2026-05-09,Flu ED visits pct,quantile,0.1,0.21842725268090107
pittsfield,2026-05-02,1,2026-05-09,Flu ED visits pct,quantile,0.1,0.009871500461374914
portland,2026-05-02,1,2026-05-09,Flu ED visits pct,quantile,0.1,0.09733118360882417
portland-or,2026-05-02,1,2026-05-09,Flu ED visits pct,quantile,0.1,0.2100287880097101
provo,2026-05-02,1,2026-05-09,Flu ED visits pct,quantile,0.1,0.16416019074002022
roanoke,2026-05-02,1,2026-05-09,Flu ED visits pct,quantile,0.1,0.16346762272894502
rochester,2026-05-02,1,2026-05-09,Flu ED visits pct,quantile,0.1,0.028503524426579156
rock-hill,2026-05-02,1,2026-05-09,Flu ED visits pct,quantile,0.1,0.004542543926583912
rtp-area,2026-05-02,1,2026-05-09,Flu ED visits pct,quantile,0.1,0.05674993306930417
salem,2026-05-02,1,2026-05-09,Flu ED visits pct,quantile,0.1,0.07273238290970133
salt-lake-city,2026-05-02,1,2026-05-09,Flu ED visits pct,quantile,0.1,0.1553580848713735
san-antonio,2026-05-02,1,2026-05-09,Flu ED visits pct,quantile,0.1,0.1450740603412944
savannah,2026-05-02,1,2026-05-09,Flu ED visits pct,quantile,0.1,0.010862035613494572
senc,2026-05-02,1,2026-05-09,Flu ED visits pct,quantile,0.1,0.03604104881018073
south-augusta,2026-05-02,1,2026-05-09,Flu ED visits pct,quantile,0.1,0.09328552909249102
south-carolina,2026-05-02,1,2026-05-09,Flu ED visits pct,quantile,0.1,0.11288303736320086
springfield,2026-05-02,1,2026-05-09,Flu ED visits pct,quantile,0.1,0.11153616495087548
st-cloud,2026-05-02,1,2026-05-09,Flu ED visits pct,quantile,0.1,0.11953022592108621
st-paul,2026-05-02,1,2026-05-09,Flu ED visits pct,quantile,0.1,0.2635963026468276
texas,2026-05-02,1,2026-05-09,Flu ED visits pct,quantile,0.1,0.2818623632271715
triad-area,2026-05-02,1,2026-05-09,Flu ED visits pct,quantile,0.1,0.19453563113460443
utah,2026-05-02,1,2026-05-09,Flu ED visits pct,quantile,0.1,0.18085000890448752
virginia,2026-05-02,1,2026-05-09,Flu ED visits pct,quantile,0.1,0.15024532417241176
weld,2026-05-02,1,2026-05-09,Flu ED visits pct,quantile,0.1,0.09137841626103056
wnc,2026-05-02,1,2026-05-09,Flu ED visits pct,quantile,0.1,0.12761563731922346
worcester,2026-05-02,1,2026-05-09,Flu ED visits pct,quantile,0.1,0.10298564428642794
athens,2026-05-02,2,2026-05-16,Flu ED visits pct,quantile,0.1,0.032776231458313314
austin,2026-05-02,2,2026-05-16,Flu ED visits pct,quantile,0.1,0.13776378380101437
baltimore,2026-05-02,2,2026-05-16,Flu ED visits pct,quantile,0.1,0.10382532658851258
bangor,2026-05-02,2,2026-05-16,Flu ED visits pct,quantile,0.1,0.013102649469700132
beaumont,2026-05-02,2,2026-05-16,Flu ED visits pct,quantile,0.1,0.10540925223281919
boston,2026-05-02,2,2026-05-16,Flu ED visits pct,quantile,0.1,0.1512010860245254
boulder,2026-05-02,2,2026-05-16,Flu ED visits pct,quantile,0.1,0.24983260653317185
charleston,2026-05-02,2,2026-05-16,Flu ED visits pct,quantile,0.1,0.07785179707125674
cherokee,2026-05-02,2,2026-05-16,Flu ED visits pct,quantile,0.1,0.10347173175246938
clt-area,2026-05-02,2,2026-05-16,Flu ED visits pct,quantile,0.1,0.30072719693861105
colorado,2026-05-02,2,2026-05-16,Flu ED visits pct,quantile,0.1,0.29417711971463045
colorado-springs,2026-05-02,2,2026-05-16,Flu ED visits pct,quantile,0.1,0.30549663444223507
columbia,2026-05-02,2,2026-05-16,Flu ED visits pct,quantile,0.1,0.050116192233253025
columbus,2026-05-02,2,2026-05-16,Flu ED visits pct,quantile,0.1,0.0
dallas,2026-05-02,2,2026-05-16,Flu ED visits pct,quantile,0.1,0.12303416089595577
denver,2026-05-02,2,2026-05-16,Flu ED visits pct,quantile,0.1,0.31890978145044147
deschutes,2026-05-02,2,2026-05-16,Flu ED visits pct,quantile,0.1,0.07158481067696809
duluth,2026-05-02,2,2026-05-16,Flu ED visits pct,quantile,0.1,0.08162359523347099
el-paso,2026-05-02,2,2026-05-16,Flu ED visits pct,quantile,0.1,0.6164834423801228
eugene,2026-05-02,2,2026-05-16,Flu ED visits pct,quantile,0.1,0.040379379243930855
fay-area,2026-05-02,2,2026-05-16,Flu ED visits pct,quantile,0.1,0.347686493602238
florence,2026-05-02,2,2026-05-16,Flu ED visits pct,quantile,0.1,0.013596541249988508
floyd,2026-05-02,2,2026-05-16,Flu ED visits pct,quantile,0.1,0.04602927010764923
frederick,2026-05-02,2,2026-05-16,Flu ED visits pct,quantile,0.1,0.024829507790491916
georgia,2026-05-02,2,2026-05-16,Flu ED visits pct,quantile,0.1,0.1308304181961263
greenville,2026-05-02,2,2026-05-16,Flu ED visits pct,quantile,0.1,0.10527507101602877
hall,2026-05-02,2,2026-05-16,Flu ED visits pct,quantile,0.1,0.03431753194035723
harford,2026-05-02,2,2026-05-16,Flu ED visits pct,quantile,0.1,0.006363538821966932
henry,2026-05-02,2,2026-05-16,Flu ED visits pct,quantile,0.1,0.05201862245236909
horry,2026-05-02,2,2026-05-16,Flu ED visits pct,quantile,0.1,0.073665609844366
houston,2026-05-02,2,2026-05-16,Flu ED visits pct,quantile,0.1,0.21521976262962028
indiana,2026-05-02,2,2026-05-16,Flu ED visits pct,quantile,0.1,0.07614954533873747
indianapolis,2026-05-02,2,2026-05-16,Flu ED visits pct,quantile,0.1,0.04034056233384533
la-grange,2026-05-02,2,2026-05-16,Flu ED visits pct,quantile,0.1,0.044205498238823394
larimer,2026-05-02,2,2026-05-16,Flu ED visits pct,quantile,0.1,0.08482895686636635
lynn,2026-05-02,2,2026-05-16,Flu ED visits pct,quantile,0.1,0.15378416876506568
macon,2026-05-02,2,2026-05-16,Flu ED visits pct,quantile,0.1,0.07400301395443909
maine,2026-05-02,2,2026-05-16,Flu ED visits pct,quantile,0.1,0.14906150095528684
marietta,2026-05-02,2,2026-05-16,Flu ED visits pct,quantile,0.1,0.05090809158770419
maryland,2026-05-02,2,2026-05-16,Flu ED visits pct,quantile,0.1,0.12168112029526458
massachusetts,2026-05-02,2,2026-05-16,Flu ED visits pct,quantile,0.1,0.13095617795209294
medford,2026-05-02,2,2026-05-16,Flu ED visits pct,quantile,0.1,0.040139785205789806
mesa,2026-05-02,2,2026-05-16,Flu ED visits pct,quantile,0.1,0.0
minneapolis,2026-05-02,2,2026-05-16,Flu ED visits pct,quantile,0.1,0.21638521662964036
minnesota,2026-05-02,2,2026-05-16,Flu ED visits pct,quantile,0.1,0.20277514699267937
montgomery,2026-05-02,2,2026-05-16,Flu ED visits pct,quantile,0.1,0.08868223025846066
nenc,2026-05-02,2,2026-05-16,Flu ED visits pct,quantile,0.1,0.056325969085588505
new-bedford,2026-05-02,2,2026-05-16,Flu ED visits pct,quantile,0.1,0.14842132818950718
north-carolina,2026-05-02,2,2026-05-16,Flu ED visits pct,quantile,0.1,0.23060662795009296
nyc,2026-05-02,2,2026-05-16,ILI ED visits pct,quantile,0.1,1.2163568620405003
ogden,2026-05-02,2,2026-05-16,Flu ED visits pct,quantile,0.1,0.05080860335311914
oregon,2026-05-02,2,2026-05-16,Flu ED visits pct,quantile,0.1,0.18970965575235346
pittsfield,2026-05-02,2,2026-05-16,Flu ED visits pct,quantile,0.1,0.004938170640598306
portland,2026-05-02,2,2026-05-16,Flu ED visits pct,quantile,0.1,0.06740089849694983
portland-or,2026-05-02,2,2026-05-16,Flu ED visits pct,quantile,0.1,0.17659368224928182
provo,2026-05-02,2,2026-05-16,Flu ED visits pct,quantile,0.1,0.13519540530890517
roanoke,2026-05-02,2,2026-05-16,Flu ED visits pct,quantile,0.1,0.14126035198394798
rochester,2026-05-02,2,2026-05-16,Flu ED visits pct,quantile,0.1,0.02387989944994913
rock-hill,2026-05-02,2,2026-05-16,Flu ED visits pct,quantile,0.1,0.0018665248787649719
rtp-area,2026-05-02,2,2026-05-16,Flu ED visits pct,quantile,0.1,0.0428837242894595
salem,2026-05-02,2,2026-05-16,Flu ED visits pct,quantile,0.1,0.06423947753425298
salt-lake-city,2026-05-02,2,2026-05-16,Flu ED visits pct,quantile,0.1,0.1382055303849729
san-antonio,2026-05-02,2,2026-05-16,Flu ED visits pct,quantile,0.1,0.12980769291882494
savannah,2026-05-02,2,2026-05-16,Flu ED visits pct,quantile,0.1,0.008730649066670882
senc,2026-05-02,2,2026-05-16,Flu ED visits pct,quantile,0.1,0.024992660774171338
south-augusta,2026-05-02,2,2026-05-16,Flu ED visits pct,quantile,0.1,0.07234213634121314
south-carolina,2026-05-02,2,2026-05-16,Flu ED visits pct,quantile,0.1,0.10439209389862102
springfield,2026-05-02,2,2026-05-16,Flu ED visits pct,quantile,0.1,0.07681092270347488
st-cloud,2026-05-02,2,2026-05-16,Flu ED visits pct,quantile,0.1,0.08658505372858534
st-paul,2026-05-02,2,2026-05-16,Flu ED visits pct,quantile,0.1,0.21887798378530585
texas,2026-05-02,2,2026-05-16,Flu ED visits pct,quantile,0.1,0.26309733690489495
triad-area,2026-05-02,2,2026-05-16,Flu ED visits pct,quantile,0.1,0.15137854015720498
utah,2026-05-02,2,2026-05-16,Flu ED visits pct,quantile,0.1,0.16395788419422794
virginia,2026-05-02,2,2026-05-16,Flu ED visits pct,quantile,0.1,0.13901935880464839
weld,2026-05-02,2,2026-05-16,Flu ED visits pct,quantile,0.1,0.07756419477793781
wnc,2026-05-02,2,2026-05-16,Flu ED visits pct,quantile,0.1,0.09968728163127803
worcester,2026-05-02,2,2026-05-16,Flu ED visits pct,quantile,0.1,0.08211467801236487
athens,2026-05-02,3,2026-05-23,Flu ED visits pct,quantile,0.1,0.029006420800657358
austin,2026-05-02,3,2026-05-23,Flu ED visits pct,quantile,0.1,0.12340673445364207
baltimore,2026-05-02,3,2026-05-23,Flu ED visits pct,quantile,0.1,0.08739244541004373
bangor,2026-05-02,3,2026-05-23,Flu ED visits pct,quantile,0.1,0.011679547429268173
beaumont,2026-05-02,3,2026-05-23,Flu ED visits pct,quantile,0.1,0.09367402811154564
boston,2026-05-02,3,2026-05-23,Flu ED visits pct,quantile,0.1,0.12589215984854593
boulder,2026-05-02,3,2026-05-23,Flu ED visits pct,quantile,0.1,0.22886685860662404
charleston,2026-05-02,3,2026-05-23,Flu ED visits pct,quantile,0.1,0.066679087615994
cherokee,2026-05-02,3,2026-05-23,Flu ED visits pct,quantile,0.1,0.08907181194853073
clt-area,2026-05-02,3,2026-05-23,Flu ED visits pct,quantile,0.1,0.2131603661261641
colorado,2026-05-02,3,2026-05-23,Flu ED visits pct,quantile,0.1,0.2517245800838869
colorado-springs,2026-05-02,3,2026-05-23,Flu ED visits pct,quantile,0.1,0.2552256872807064
columbia,2026-05-02,3,2026-05-23,Flu ED visits pct,quantile,0.1,0.04048810615859874
columbus,2026-05-02,3,2026-05-23,Flu ED visits pct,quantile,0.1,0.0
dallas,2026-05-02,3,2026-05-23,Flu ED visits pct,quantile,0.1,0.10835600773519267
denver,2026-05-02,3,2026-05-23,Flu ED visits pct,quantile,0.1,0.28442498508492814
deschutes,2026-05-02,3,2026-05-23,Flu ED visits pct,quantile,0.1,0.07043931973256706
duluth,2026-05-02,3,2026-05-23,Flu ED visits pct,quantile,0.1,0.06770246191754783
el-paso,2026-05-02,3,2026-05-23,Flu ED visits pct,quantile,0.1,0.5112500306643117
eugene,2026-05-02,3,2026-05-23,Flu ED visits pct,quantile,0.1,0.034428697165784235
fay-area,2026-05-02,3,2026-05-23,Flu ED visits pct,quantile,0.1,0.2550370142864061
florence,2026-05-02,3,2026-05-23,Flu ED visits pct,quantile,0.1,0.013007833416523505
floyd,2026-05-02,3,2026-05-23,Flu ED visits pct,quantile,0.1,0.041877494652531815
frederick,2026-05-02,3,2026-05-23,Flu ED visits pct,quantile,0.1,0.02536464130010059
georgia,2026-05-02,3,2026-05-23,Flu ED visits pct,quantile,0.1,0.11878636701677169
greenville,2026-05-02,3,2026-05-23,Flu ED visits pct,quantile,0.1,0.08697488147477277
hall,2026-05-02,3,2026-05-23,Flu ED visits pct,quantile,0.1,0.030705655860879255
harford,2026-05-02,3,2026-05-23,Flu ED visits pct,quantile,0.1,0.005706527894318818
henry,2026-05-02,3,2026-05-23,Flu ED visits pct,quantile,0.1,0.04836579917267169
horry,2026-05-02,3,2026-05-23,Flu ED visits pct,quantile,0.1,0.061925796072405496
houston,2026-05-02,3,2026-05-23,Flu ED visits pct,quantile,0.1,0.19236141111102378
indiana,2026-05-02,3,2026-05-23,Flu ED visits pct,quantile,0.1,0.06824662431374255
indianapolis,2026-05-02,3,2026-05-23,Flu ED visits pct,quantile,0.1,0.03608352027688506
la-grange,2026-05-02,3,2026-05-23,Flu ED visits pct,quantile,0.1,0.04081468012216818
larimer,2026-05-02,3,2026-05-23,Flu ED visits pct,quantile,0.1,0.07478240325646707
lynn,2026-05-02,3,2026-05-23,Flu ED visits pct,quantile,0.1,0.12963811349234097
macon,2026-05-02,3,2026-05-23,Flu ED visits pct,quantile,0.1,0.06516394184705866
maine,2026-05-02,3,2026-05-23,Flu ED visits pct,quantile,0.1,0.1226377292021756
marietta,2026-05-02,3,2026-05-23,Flu ED visits pct,quantile,0.1,0.04304679181850847
maryland,2026-05-02,3,2026-05-23,Flu ED visits pct,quantile,0.1,0.11187553975028962
massachusetts,2026-05-02,3,2026-05-23,Flu ED visits pct,quantile,0.1,0.11021119109114523
medford,2026-05-02,3,2026-05-23,Flu ED visits pct,quantile,0.1,0.03659019354479067
mesa,2026-05-02,3,2026-05-23,Flu ED visits pct,quantile,0.1,0.0
minneapolis,2026-05-02,3,2026-05-23,Flu ED visits pct,quantile,0.1,0.1783667961178325
minnesota,2026-05-02,3,2026-05-23,Flu ED visits pct,quantile,0.1,0.17516141592207946
montgomery,2026-05-02,3,2026-05-23,Flu ED visits pct,quantile,0.1,0.07555742974806796
nenc,2026-05-02,3,2026-05-23,Flu ED visits pct,quantile,0.1,0.0452618487906263
new-bedford,2026-05-02,3,2026-05-23,Flu ED visits pct,quantile,0.1,0.11555515863933531
north-carolina,2026-05-02,3,2026-05-23,Flu ED visits pct,quantile,0.1,0.1810812164798683
nyc,2026-05-02,3,2026-05-23,ILI ED visits pct,quantile,0.1,1.092333887183511
ogden,2026-05-02,3,2026-05-23,Flu ED visits pct,quantile,0.1,0.04504920815551081
oregon,2026-05-02,3,2026-05-23,Flu ED visits pct,quantile,0.1,0.17120987569355184
pittsfield,2026-05-02,3,2026-05-23,Flu ED visits pct,quantile,0.1,0.0034225226384411393
portland,2026-05-02,3,2026-05-23,Flu ED visits pct,quantile,0.1,0.05276389933500767
portland-or,2026-05-02,3,2026-05-23,Flu ED visits pct,quantile,0.1,0.1559403669092003
provo,2026-05-02,3,2026-05-23,Flu ED visits pct,quantile,0.1,0.11829541620927135
roanoke,2026-05-02,3,2026-05-23,Flu ED visits pct,quantile,0.1,0.12304370790805354
rochester,2026-05-02,3,2026-05-23,Flu ED visits pct,quantile,0.1,0.023504372817268616
rock-hill,2026-05-02,3,2026-05-23,Flu ED visits pct,quantile,0.1,0.0009399211235290687
rtp-area,2026-05-02,3,2026-05-23,Flu ED visits pct,quantile,0.1,0.032703304446346136
salem,2026-05-02,3,2026-05-23,Flu ED visits pct,quantile,0.1,0.055340925454072924
salt-lake-city,2026-05-02,3,2026-05-23,Flu ED visits pct,quantile,0.1,0.1223294762164484
san-antonio,2026-05-02,3,2026-05-23,Flu ED visits pct,quantile,0.1,0.11548299746308684
savannah,2026-05-02,3,2026-05-23,Flu ED visits pct,quantile,0.1,0.006591174804919759
senc,2026-05-02,3,2026-05-23,Flu ED visits pct,quantile,0.1,0.01605235095668514
south-augusta,2026-05-02,3,2026-05-23,Flu ED visits pct,quantile,0.1,0.06550213090113889
south-carolina,2026-05-02,3,2026-05-23,Flu ED visits pct,quantile,0.1,0.09378357226469053
springfield,2026-05-02,3,2026-05-23,Flu ED visits pct,quantile,0.1,0.05190268142139168
st-cloud,2026-05-02,3,2026-05-23,Flu ED visits pct,quantile,0.1,0.07472275993924829
st-paul,2026-05-02,3,2026-05-23,Flu ED visits pct,quantile,0.1,0.18958865161192975
texas,2026-05-02,3,2026-05-23,Flu ED visits pct,quantile,0.1,0.23941862235529815
triad-area,2026-05-02,3,2026-05-23,Flu ED visits pct,quantile,0.1,0.12757870756622763
utah,2026-05-02,3,2026-05-23,Flu ED visits pct,quantile,0.1,0.1508658447929491
virginia,2026-05-02,3,2026-05-23,Flu ED visits pct,quantile,0.1,0.1255938780873976
weld,2026-05-02,3,2026-05-23,Flu ED visits pct,quantile,0.1,0.06934044497615047
wnc,2026-05-02,3,2026-05-23,Flu ED visits pct,quantile,0.1,0.07702079036716478
worcester,2026-05-02,3,2026-05-23,Flu ED visits pct,quantile,0.1,0.06741071457169642
athens,2026-05-02,0,2026-05-02,Flu ED visits pct,quantile,0.25,0.09254651464380234
austin,2026-05-02,0,2026-05-02,Flu ED visits pct,quantile,0.25,0.20079961601038507
baltimore,2026-05-02,0,2026-05-02,Flu ED visits pct,quantile,0.25,0.2151061797998362
bangor,2026-05-02,0,2026-05-02,Flu ED visits pct,quantile,0.25,0.05881186554984048
beaumont,2026-05-02,0,2026-05-02,Flu ED visits pct,quantile,0.25,0.20394901213776512
boston,2026-05-02,0,2026-05-02,Flu ED visits pct,quantile,0.25,0.3079693273439806
boulder,2026-05-02,0,2026-05-02,Flu ED visits pct,quantile,0.25,0.6046906391109338
charleston,2026-05-02,0,2026-05-02,Flu ED visits pct,quantile,0.25,0.12413604902641028
cherokee,2026-05-02,0,2026-05-02,Flu ED visits pct,quantile,0.25,0.2467490131352748
clt-area,2026-05-02,0,2026-05-02,Flu ED visits pct,quantile,0.25,0.8400623670941709
colorado,2026-05-02,0,2026-05-02,Flu ED visits pct,quantile,0.25,0.5658631984767485
colorado-springs,2026-05-02,0,2026-05-02,Flu ED visits pct,quantile,0.25,0.5948217394217762
columbia,2026-05-02,0,2026-05-02,Flu ED visits pct,quantile,0.25,0.11807676441951916
columbus,2026-05-02,0,2026-05-02,Flu ED visits pct,quantile,0.25,0.0
dallas,2026-05-02,0,2026-05-02,Flu ED visits pct,quantile,0.25,0.17568658397895998
denver,2026-05-02,0,2026-05-02,Flu ED visits pct,quantile,0.25,0.551123815613192
deschutes,2026-05-02,0,2026-05-02,Flu ED visits pct,quantile,0.25,0.1795612444244522
duluth,2026-05-02,0,2026-05-02,Flu ED visits pct,quantile,0.25,0.2725869525558417
el-paso,2026-05-02,0,2026-05-02,Flu ED visits pct,quantile,0.25,1.2840309643618997
eugene,2026-05-02,0,2026-05-02,Flu ED visits pct,quantile,0.25,0.0871710366845919
fay-area,2026-05-02,0,2026-05-02,Flu ED visits pct,quantile,0.25,0.8582242662236507
florence,2026-05-02,0,2026-05-02,Flu ED visits pct,quantile,0.25,0.06901120284492493
floyd,2026-05-02,0,2026-05-02,Flu ED visits pct,quantile,0.25,0.12930994797295597
frederick,2026-05-02,0,2026-05-02,Flu ED visits pct,quantile,0.25,0.04224747401680459
georgia,2026-05-02,0,2026-05-02,Flu ED visits pct,quantile,0.25,0.18723530653520942
greenville,2026-05-02,0,2026-05-02,Flu ED visits pct,quantile,0.25,0.2312344641689272
hall,2026-05-02,0,2026-05-02,Flu ED visits pct,quantile,0.25,0.09828561351250163
harford,2026-05-02,0,2026-05-02,Flu ED visits pct,quantile,0.25,0.05050350479466337
henry,2026-05-02,0,2026-05-02,Flu ED visits pct,quantile,0.25,0.1347537279122186
horry,2026-05-02,0,2026-05-02,Flu ED visits pct,quantile,0.25,0.1353148576976975
houston,2026-05-02,0,2026-05-02,Flu ED visits pct,quantile,0.25,0.30020206849022296
indiana,2026-05-02,0,2026-05-02,Flu ED visits pct,quantile,0.25,0.13063234410256938
indianapolis,2026-05-02,0,2026-05-02,Flu ED visits pct,quantile,0.25,0.08941281409839841
la-grange,2026-05-02,0,2026-05-02,Flu ED visits pct,quantile,0.25,0.13725649422323738
larimer,2026-05-02,0,2026-05-02,Flu ED visits pct,quantile,0.25,0.23371595099765455
lynn,2026-05-02,0,2026-05-02,Flu ED visits pct,quantile,0.25,0.32813944064196265
macon,2026-05-02,0,2026-05-02,Flu ED visits pct,quantile,0.25,0.12316008511138947
maine,2026-05-02,0,2026-05-02,Flu ED visits pct,quantile,0.25,0.3792261847490744
marietta,2026-05-02,0,2026-05-02,Flu ED visits pct,quantile,0.25,0.09361261825582738
maryland,2026-05-02,0,2026-05-02,Flu ED visits pct,quantile,0.25,0.214265965717229
massachusetts,2026-05-02,0,2026-05-02,Flu ED visits pct,quantile,0.25,0.2920177801536734
medford,2026-05-02,0,2026-05-02,Flu ED visits pct,quantile,0.25,0.11239524413096173
mesa,2026-05-02,0,2026-05-02,Flu ED visits pct,quantile,0.25,0.020943564081532223
minneapolis,2026-05-02,0,2026-05-02,Flu ED visits pct,quantile,0.25,0.4021952003677075
minnesota,2026-05-02,0,2026-05-02,Flu ED visits pct,quantile,0.25,0.3993509336752125
montgomery,2026-05-02,0,2026-05-02,Flu ED visits pct,quantile,0.25,0.16596081837650173
nenc,2026-05-02,0,2026-05-02,Flu ED visits pct,quantile,0.25,0.14615970099746928
new-bedford,2026-05-02,0,2026-05-02,Flu ED visits pct,quantile,0.25,0.3885104347784619
north-carolina,2026-05-02,0,2026-05-02,Flu ED visits pct,quantile,0.25,0.4644431926224722
nyc,2026-05-02,0,2026-05-02,ILI ED visits pct,quantile,0.25,1.7542568177353417
ogden,2026-05-02,0,2026-05-02,Flu ED visits pct,quantile,0.25,0.1047205436559453
oregon,2026-05-02,0,2026-05-02,Flu ED visits pct,quantile,0.25,0.296540664919198
pittsfield,2026-05-02,0,2026-05-02,Flu ED visits pct,quantile,0.25,0.0777076381947294
portland,2026-05-02,0,2026-05-02,Flu ED visits pct,quantile,0.25,0.22672302454145746
portland-or,2026-05-02,0,2026-05-02,Flu ED visits pct,quantile,0.25,0.31002906980110395
provo,2026-05-02,0,2026-05-02,Flu ED visits pct,quantile,0.25,0.23624685382010732
roanoke,2026-05-02,0,2026-05-02,Flu ED visits pct,quantile,0.25,0.25643751711296675
rochester,2026-05-02,0,2026-05-02,Flu ED visits pct,quantile,0.25,0.09019165735141137
rock-hill,2026-05-02,0,2026-05-02,Flu ED visits pct,quantile,0.25,0.04164277728075081
rtp-area,2026-05-02,0,2026-05-02,Flu ED visits pct,quantile,0.25,0.11299696531538865
salem,2026-05-02,0,2026-05-02,Flu ED visits pct,quantile,0.25,0.12057155243502136
salt-lake-city,2026-05-02,0,2026-05-02,Flu ED visits pct,quantile,0.25,0.20529721215725122
san-antonio,2026-05-02,0,2026-05-02,Flu ED visits pct,quantile,0.25,0.19953365608095855
savannah,2026-05-02,0,2026-05-02,Flu ED visits pct,quantile,0.25,0.02858006227100157
senc,2026-05-02,0,2026-05-02,Flu ED visits pct,quantile,0.25,0.08481193220017302
south-augusta,2026-05-02,0,2026-05-02,Flu ED visits pct,quantile,0.25,0.2024671013556955
south-carolina,2026-05-02,0,2026-05-02,Flu ED visits pct,quantile,0.25,0.15228400783460214
springfield,2026-05-02,0,2026-05-02,Flu ED visits pct,quantile,0.25,0.2919863909862825
st-cloud,2026-05-02,0,2026-05-02,Flu ED visits pct,quantile,0.25,0.3008184013321842
st-paul,2026-05-02,0,2026-05-02,Flu ED visits pct,quantile,0.25,0.40518077404571967
texas,2026-05-02,0,2026-05-02,Flu ED visits pct,quantile,0.25,0.3425270060422533
triad-area,2026-05-02,0,2026-05-02,Flu ED visits pct,quantile,0.25,0.3065778286015955
utah,2026-05-02,0,2026-05-02,Flu ED visits pct,quantile,0.25,0.23483755105583348
virginia,2026-05-02,0,2026-05-02,Flu ED visits pct,quantile,0.25,0.22438143896106277
weld,2026-05-02,0,2026-05-02,Flu ED visits pct,quantile,0.25,0.18878991727371852
wnc,2026-05-02,0,2026-05-02,Flu ED visits pct,quantile,0.25,0.2377021891515517
worcester,2026-05-02,0,2026-05-02,Flu ED visits pct,quantile,0.25,0.24246449210114357
athens,2026-05-02,1,2026-05-09,Flu ED visits pct,quantile,0.25,0.06929477489985124
austin,2026-05-02,1,2026-05-09,Flu ED visits pct,quantile,0.25,0.1790948618704193
baltimore,2026-05-02,1,2026-05-09,Flu ED visits pct,quantile,0.25,0.18225388173387416
bangor,2026-05-02,1,2026-05-09,Flu ED visits pct,quantile,0.25,0.04034489633476686
beaumont,2026-05-02,1,2026-05-09,Flu ED visits pct,quantile,0.25,0.17159721652514462
boston,2026-05-02,1,2026-05-09,Flu ED visits pct,quantile,0.25,0.2370768621467971
boulder,2026-05-02,1,2026-05-09,Flu ED visits pct,quantile,0.25,0.4843931530692064
charleston,2026-05-02,1,2026-05-09,Flu ED visits pct,quantile,0.25,0.10704552070979548
cherokee,2026-05-02,1,2026-05-09,Flu ED visits pct,quantile,0.25,0.20331616834308042
clt-area,2026-05-02,1,2026-05-09,Flu ED visits pct,quantile,0.25,0.6000573818226952
colorado,2026-05-02,1,2026-05-09,Flu ED visits pct,quantile,0.25,0.45331481666426976
colorado-springs,2026-05-02,1,2026-05-09,Flu ED visits pct,quantile,0.25,0.46015643669067213
columbia,2026-05-02,1,2026-05-09,Flu ED visits pct,quantile,0.25,0.09635162172124603
columbus,2026-05-02,1,2026-05-09,Flu ED visits pct,quantile,0.25,0.0
dallas,2026-05-02,1,2026-05-09,Flu ED visits pct,quantile,0.25,0.15597532569258032
denver,2026-05-02,1,2026-05-09,Flu ED visits pct,quantile,0.25,0.4464849239413875
deschutes,2026-05-02,1,2026-05-09,Flu ED visits pct,quantile,0.25,0.14693056364460874
duluth,2026-05-02,1,2026-05-09,Flu ED visits pct,quantile,0.25,0.1890446214302912
el-paso,2026-05-02,1,2026-05-09,Flu ED visits pct,quantile,0.25,1.0154901811224752
eugene,2026-05-02,1,2026-05-09,Flu ED visits pct,quantile,0.25,0.07325192331080584
fay-area,2026-05-02,1,2026-05-09,Flu ED visits pct,quantile,0.25,0.6328078961825223
florence,2026-05-02,1,2026-05-09,Flu ED visits pct,quantile,0.25,0.04866747846158912
floyd,2026-05-02,1,2026-05-09,Flu ED visits pct,quantile,0.25,0.09815995148453632
frederick,2026-05-02,1,2026-05-09,Flu ED visits pct,quantile,0.25,0.036988300805305484
georgia,2026-05-02,1,2026-05-09,Flu ED visits pct,quantile,0.25,0.1672629067097572
greenville,2026-05-02,1,2026-05-09,Flu ED visits pct,quantile,0.25,0.19471445852255778
hall,2026-05-02,1,2026-05-09,Flu ED visits pct,quantile,0.25,0.0741462484406139
harford,2026-05-02,1,2026-05-09,Flu ED visits pct,quantile,0.25,0.04167870230883235
henry,2026-05-02,1,2026-05-09,Flu ED visits pct,quantile,0.25,0.11327747756959132
horry,2026-05-02,1,2026-05-09,Flu ED visits pct,quantile,0.25,0.11088585846974201
houston,2026-05-02,1,2026-05-09,Flu ED visits pct,quantile,0.25,0.2668265572707687
indiana,2026-05-02,1,2026-05-09,Flu ED visits pct,quantile,0.25,0.10482400388066791
indianapolis,2026-05-02,1,2026-05-09,Flu ED visits pct,quantile,0.25,0.07894907304783767
la-grange,2026-05-02,1,2026-05-09,Flu ED visits pct,quantile,0.25,0.10827331666307353
larimer,2026-05-02,1,2026-05-09,Flu ED visits pct,quantile,0.25,0.17014079771626597
lynn,2026-05-02,1,2026-05-09,Flu ED visits pct,quantile,0.25,0.2561175154842952
macon,2026-05-02,1,2026-05-09,Flu ED visits pct,quantile,0.25,0.10512739177995785
maine,2026-05-02,1,2026-05-09,Flu ED visits pct,quantile,0.25,0.2831680885610567
marietta,2026-05-02,1,2026-05-09,Flu ED visits pct,quantile,0.25,0.08144084851781347
maryland,2026-05-02,1,2026-05-09,Flu ED visits pct,quantile,0.25,0.1813743791913717
massachusetts,2026-05-02,1,2026-05-09,Flu ED visits pct,quantile,0.25,0.21332229876783226
medford,2026-05-02,1,2026-05-09,Flu ED visits pct,quantile,0.25,0.09002197872492827
mesa,2026-05-02,1,2026-05-09,Flu ED visits pct,quantile,0.25,0.019876145315739183
minneapolis,2026-05-02,1,2026-05-09,Flu ED visits pct,quantile,0.25,0.3205183722795507
minnesota,2026-05-02,1,2026-05-09,Flu ED visits pct,quantile,0.25,0.3129399292631262
montgomery,2026-05-02,1,2026-05-09,Flu ED visits pct,quantile,0.25,0.14282946492538148
nenc,2026-05-02,1,2026-05-09,Flu ED visits pct,quantile,0.25,0.10659731837028838
new-bedford,2026-05-02,1,2026-05-09,Flu ED visits pct,quantile,0.25,0.2777339943681959
north-carolina,2026-05-02,1,2026-05-09,Flu ED visits pct,quantile,0.25,0.3831920951769211
nyc,2026-05-02,1,2026-05-09,ILI ED visits pct,quantile,0.25,1.5846043195304171
ogden,2026-05-02,1,2026-05-09,Flu ED visits pct,quantile,0.25,0.086655502126626
oregon,2026-05-02,1,2026-05-09,Flu ED visits pct,quantile,0.25,0.2595578699229468
pittsfield,2026-05-02,1,2026-05-09,Flu ED visits pct,quantile,0.25,0.047713398568071386
portland,2026-05-02,1,2026-05-09,Flu ED visits pct,quantile,0.25,0.15643456338878964
portland-or,2026-05-02,1,2026-05-09,Flu ED visits pct,quantile,0.25,0.2705795781257457
provo,2026-05-02,1,2026-05-09,Flu ED visits pct,quantile,0.25,0.20236627507354613
roanoke,2026-05-02,1,2026-05-09,Flu ED visits pct,quantile,0.25,0.2053226661864227
rochester,2026-05-02,1,2026-05-09,Flu ED visits pct,quantile,0.25,0.06767438026730291
rock-hill,2026-05-02,1,2026-05-09,Flu ED visits pct,quantile,0.25,0.03185043941078883
rtp-area,2026-05-02,1,2026-05-09,Flu ED visits pct,quantile,0.25,0.0807098920508211
salem,2026-05-02,1,2026-05-09,Flu ED visits pct,quantile,0.25,0.10060041158132847
salt-lake-city,2026-05-02,1,2026-05-09,Flu ED visits pct,quantile,0.25,0.18086219232504708
san-antonio,2026-05-02,1,2026-05-09,Flu ED visits pct,quantile,0.25,0.17540585336238398
savannah,2026-05-02,1,2026-05-09,Flu ED visits pct,quantile,0.25,0.022328601563869517
senc,2026-05-02,1,2026-05-09,Flu ED visits pct,quantile,0.25,0.056052713338909536
south-augusta,2026-05-02,1,2026-05-09,Flu ED visits pct,quantile,0.25,0.15882894921508803
south-carolina,2026-05-02,1,2026-05-09,Flu ED visits pct,quantile,0.25,0.12921761307237256
springfield,2026-05-02,1,2026-05-09,Flu ED visits pct,quantile,0.25,0.1932909674668132
st-cloud,2026-05-02,1,2026-05-09,Flu ED visits pct,quantile,0.25,0.21112923911095893
st-paul,2026-05-02,1,2026-05-09,Flu ED visits pct,quantile,0.25,0.3412051110705738
texas,2026-05-02,1,2026-05-09,Flu ED visits pct,quantile,0.25,0.31728720551818185
triad-area,2026-05-02,1,2026-05-09,Flu ED visits pct,quantile,0.25,0.23339920208566897
utah,2026-05-02,1,2026-05-09,Flu ED visits pct,quantile,0.25,0.20675754038818725
virginia,2026-05-02,1,2026-05-09,Flu ED visits pct,quantile,0.25,0.19843076437897816
weld,2026-05-02,1,2026-05-09,Flu ED visits pct,quantile,0.25,0.13938503867180793
wnc,2026-05-02,1,2026-05-09,Flu ED visits pct,quantile,0.25,0.1799092669900528
worcester,2026-05-02,1,2026-05-09,Flu ED visits pct,quantile,0.25,0.17358467974404226
athens,2026-05-02,2,2026-05-16,Flu ED visits pct,quantile,0.25,0.05787970050382426
austin,2026-05-02,2,2026-05-16,Flu ED visits pct,quantile,0.25,0.15829108009558776
baltimore,2026-05-02,2,2026-05-16,Flu ED visits pct,quantile,0.25,0.15440736216943626
bangor,2026-05-02,2,2026-05-16,Flu ED visits pct,quantile,0.25,0.02703363868165054
beaumont,2026-05-02,2,2026-05-16,Flu ED visits pct,quantile,0.25,0.15260928214150252
boston,2026-05-02,2,2026-05-16,Flu ED visits pct,quantile,0.25,0.15452150560127983
boulder,2026-05-02,2,2026-05-16,Flu ED visits pct,quantile,0.25,0.36277281660239497
charleston,2026-05-02,2,2026-05-16,Flu ED visits pct,quantile,0.25,0.0922744370931425
cherokee,2026-05-02,2,2026-05-16,Flu ED visits pct,quantile,0.25,0.17239640393675984
clt-area,2026-05-02,2,2026-05-16,Flu ED visits pct,quantile,0.25,0.3511039462252401
colorado,2026-05-02,2,2026-05-16,Flu ED visits pct,quantile,0.25,0.3253830094659677
colorado-springs,2026-05-02,2,2026-05-16,Flu ED visits pct,quantile,0.25,0.33439174979146385
columbia,2026-05-02,2,2026-05-16,Flu ED visits pct,quantile,0.25,0.08355020194347446
columbus,2026-05-02,2,2026-05-16,Flu ED visits pct,quantile,0.25,0.0
dallas,2026-05-02,2,2026-05-16,Flu ED visits pct,quantile,0.25,0.13739712370913976
denver,2026-05-02,2,2026-05-16,Flu ED visits pct,quantile,0.25,0.3323878412631002
deschutes,2026-05-02,2,2026-05-16,Flu ED visits pct,quantile,0.25,0.12641341601810052
duluth,2026-05-02,2,2026-05-16,Flu ED visits pct,quantile,0.25,0.12014892382494881
el-paso,2026-05-02,2,2026-05-16,Flu ED visits pct,quantile,0.25,0.754350064643689
eugene,2026-05-02,2,2026-05-16,Flu ED visits pct,quantile,0.25,0.06428618101267289
fay-area,2026-05-02,2,2026-05-16,Flu ED visits pct,quantile,0.25,0.393112253344291
florence,2026-05-02,2,2026-05-16,Flu ED visits pct,quantile,0.25,0.04168363081959022
floyd,2026-05-02,2,2026-05-16,Flu ED visits pct,quantile,0.25,0.08412381476790098
frederick,2026-05-02,2,2026-05-16,Flu ED visits pct,quantile,0.25,0.037981649535435646
georgia,2026-05-02,2,2026-05-16,Flu ED visits pct,quantile,0.25,0.14616856060835906
greenville,2026-05-02,2,2026-05-16,Flu ED visits pct,quantile,0.25,0.16477828757841173
hall,2026-05-02,2,2026-05-16,Flu ED visits pct,quantile,0.25,0.06294220926550151
harford,2026-05-02,2,2026-05-16,Flu ED visits pct,quantile,0.25,0.03969727775670037
henry,2026-05-02,2,2026-05-16,Flu ED visits pct,quantile,0.25,0.10163608207115439
horry,2026-05-02,2,2026-05-16,Flu ED visits pct,quantile,0.25,0.0962664262755182
houston,2026-05-02,2,2026-05-16,Flu ED visits pct,quantile,0.25,0.24061933576527622
indiana,2026-05-02,2,2026-05-16,Flu ED visits pct,quantile,0.25,0.0861320920039817
indianapolis,2026-05-02,2,2026-05-16,Flu ED visits pct,quantile,0.25,0.06986220133498479
la-grange,2026-05-02,2,2026-05-16,Flu ED visits pct,quantile,0.25,0.10015732911727199
larimer,2026-05-02,2,2026-05-16,Flu ED visits pct,quantile,0.25,0.11290043336702232
lynn,2026-05-02,2,2026-05-16,Flu ED visits pct,quantile,0.25,0.181144795721884
macon,2026-05-02,2,2026-05-16,Flu ED visits pct,quantile,0.25,0.09267464673898848
maine,2026-05-02,2,2026-05-16,Flu ED visits pct,quantile,0.25,0.18458101554110296
marietta,2026-05-02,2,2026-05-16,Flu ED visits pct,quantile,0.25,0.0717042558928705
maryland,2026-05-02,2,2026-05-16,Flu ED visits pct,quantile,0.25,0.1561299650993445
massachusetts,2026-05-02,2,2026-05-16,Flu ED visits pct,quantile,0.25,0.1607341396171628
medford,2026-05-02,2,2026-05-16,Flu ED visits pct,quantile,0.25,0.09208986884914609
mesa,2026-05-02,2,2026-05-16,Flu ED visits pct,quantile,0.25,0.02021582505128164
minneapolis,2026-05-02,2,2026-05-16,Flu ED visits pct,quantile,0.25,0.21726441939736407
minnesota,2026-05-02,2,2026-05-16,Flu ED visits pct,quantile,0.25,0.20546727261397618
montgomery,2026-05-02,2,2026-05-16,Flu ED visits pct,quantile,0.25,0.12137545445402805
nenc,2026-05-02,2,2026-05-16,Flu ED visits pct,quantile,0.25,0.06519227203463727
new-bedford,2026-05-02,2,2026-05-16,Flu ED visits pct,quantile,0.25,0.17399141631398657
north-carolina,2026-05-02,2,2026-05-16,Flu ED visits pct,quantile,0.25,0.2639786217271313
nyc,2026-05-02,2,2026-05-16,ILI ED visits pct,quantile,0.25,1.3194661403610808
ogden,2026-05-02,2,2026-05-16,Flu ED visits pct,quantile,0.25,0.08125751365656515
oregon,2026-05-02,2,2026-05-16,Flu ED visits pct,quantile,0.25,0.22383536477078514
pittsfield,2026-05-02,2,2026-05-16,Flu ED visits pct,quantile,0.25,0.026115509467467157
portland,2026-05-02,2,2026-05-16,Flu ED visits pct,quantile,0.25,0.09756726014026723
portland-or,2026-05-02,2,2026-05-16,Flu ED visits pct,quantile,0.25,0.237482193999518
provo,2026-05-02,2,2026-05-16,Flu ED visits pct,quantile,0.25,0.18216603694885275
roanoke,2026-05-02,2,2026-05-16,Flu ED visits pct,quantile,0.25,0.15889282572715505
rochester,2026-05-02,2,2026-05-16,Flu ED visits pct,quantile,0.25,0.057102393914582515
rock-hill,2026-05-02,2,2026-05-16,Flu ED visits pct,quantile,0.25,0.027370687510590706
rtp-area,2026-05-02,2,2026-05-16,Flu ED visits pct,quantile,0.25,0.044459796711899306
salem,2026-05-02,2,2026-05-16,Flu ED visits pct,quantile,0.25,0.08720594147050932
salt-lake-city,2026-05-02,2,2026-05-16,Flu ED visits pct,quantile,0.25,0.16238050511960841
san-antonio,2026-05-02,2,2026-05-16,Flu ED visits pct,quantile,0.25,0.15553847963594408
savannah,2026-05-02,2,2026-05-16,Flu ED visits pct,quantile,0.25,0.018824390669896184
senc,2026-05-02,2,2026-05-16,Flu ED visits pct,quantile,0.25,0.028399662932268782
south-augusta,2026-05-02,2,2026-05-16,Flu ED visits pct,quantile,0.25,0.10988177310964665
south-carolina,2026-05-02,2,2026-05-16,Flu ED visits pct,quantile,0.25,0.1090395154549785
springfield,2026-05-02,2,2026-05-16,Flu ED visits pct,quantile,0.25,0.10545121819473637
st-cloud,2026-05-02,2,2026-05-16,Flu ED visits pct,quantile,0.25,0.13693087826363126
st-paul,2026-05-02,2,2026-05-16,Flu ED visits pct,quantile,0.25,0.2830073100212139
texas,2026-05-02,2,2026-05-16,Flu ED visits pct,quantile,0.25,0.2889696636372773
triad-area,2026-05-02,2,2026-05-16,Flu ED visits pct,quantile,0.25,0.15904749265673532
utah,2026-05-02,2,2026-05-16,Flu ED visits pct,quantile,0.25,0.1851395255835208
virginia,2026-05-02,2,2026-05-16,Flu ED visits pct,quantile,0.25,0.17364789678950626
weld,2026-05-02,2,2026-05-16,Flu ED visits pct,quantile,0.25,0.11412352565624985
wnc,2026-05-02,2,2026-05-16,Flu ED visits pct,quantile,0.25,0.11229339444220036
worcester,2026-05-02,2,2026-05-16,Flu ED visits pct,quantile,0.25,0.10807272853406881
athens,2026-05-02,3,2026-05-23,Flu ED visits pct,quantile,0.25,0.05197412990223568
austin,2026-05-02,3,2026-05-23,Flu ED visits pct,quantile,0.25,0.14052584395444265
baltimore,2026-05-02,3,2026-05-23,Flu ED visits pct,quantile,0.25,0.13348586510877272
bangor,2026-05-02,3,2026-05-23,Flu ED visits pct,quantile,0.25,0.026240448008298112
beaumont,2026-05-02,3,2026-05-23,Flu ED visits pct,quantile,0.25,0.1403840422532709
boston,2026-05-02,3,2026-05-23,Flu ED visits pct,quantile,0.25,0.1299857892359322
boulder,2026-05-02,3,2026-05-23,Flu ED visits pct,quantile,0.25,0.3367287941991758
charleston,2026-05-02,3,2026-05-23,Flu ED visits pct,quantile,0.25,0.08072714832764596
cherokee,2026-05-02,3,2026-05-23,Flu ED visits pct,quantile,0.25,0.15480794304338924
clt-area,2026-05-02,3,2026-05-23,Flu ED visits pct,quantile,0.25,0.25728852566731136
colorado,2026-05-02,3,2026-05-23,Flu ED visits pct,quantile,0.25,0.2928126950159905
colorado-springs,2026-05-02,3,2026-05-23,Flu ED visits pct,quantile,0.25,0.3028113314342629
columbia,2026-05-02,3,2026-05-23,Flu ED visits pct,quantile,0.25,0.07368666603013747
columbus,2026-05-02,3,2026-05-23,Flu ED visits pct,quantile,0.25,0.0
dallas,2026-05-02,3,2026-05-23,Flu ED visits pct,quantile,0.25,0.12049264016295337
denver,2026-05-02,3,2026-05-23,Flu ED visits pct,quantile,0.25,0.28609586949751875
deschutes,2026-05-02,3,2026-05-23,Flu ED visits pct,quantile,0.25,0.11573604898822355
duluth,2026-05-02,3,2026-05-23,Flu ED visits pct,quantile,0.25,0.10590429915711776
el-paso,2026-05-02,3,2026-05-23,Flu ED visits pct,quantile,0.25,0.6733806174888568
eugene,2026-05-02,3,2026-05-23,Flu ED visits pct,quantile,0.25,0.057207075277920454
fay-area,2026-05-02,3,2026-05-23,Flu ED visits pct,quantile,0.25,0.3034908783650467
florence,2026-05-02,3,2026-05-23,Flu ED visits pct,quantile,0.25,0.03719393369685367
floyd,2026-05-02,3,2026-05-23,Flu ED visits pct,quantile,0.25,0.0781781659766285
frederick,2026-05-02,3,2026-05-23,Flu ED visits pct,quantile,0.25,0.03816688607697835
georgia,2026-05-02,3,2026-05-23,Flu ED visits pct,quantile,0.25,0.12948120236174251
greenville,2026-05-02,3,2026-05-23,Flu ED visits pct,quantile,0.25,0.13666730049043893
hall,2026-05-02,3,2026-05-23,Flu ED visits pct,quantile,0.25,0.05757306943599818
harford,2026-05-02,3,2026-05-23,Flu ED visits pct,quantile,0.25,0.039006486562075504
henry,2026-05-02,3,2026-05-23,Flu ED visits pct,quantile,0.25,0.09386398396306436
horry,2026-05-02,3,2026-05-23,Flu ED visits pct,quantile,0.25,0.08495777192246581
houston,2026-05-02,3,2026-05-23,Flu ED visits pct,quantile,0.25,0.21539686274430295
indiana,2026-05-02,3,2026-05-23,Flu ED visits pct,quantile,0.25,0.07667132526696126
indianapolis,2026-05-02,3,2026-05-23,Flu ED visits pct,quantile,0.25,0.06408146036725715
la-grange,2026-05-02,3,2026-05-23,Flu ED visits pct,quantile,0.25,0.09416664441391898
larimer,2026-05-02,3,2026-05-23,Flu ED visits pct,quantile,0.25,0.1028043903993891
lynn,2026-05-02,3,2026-05-23,Flu ED visits pct,quantile,0.25,0.15800212353401497
macon,2026-05-02,3,2026-05-23,Flu ED visits pct,quantile,0.25,0.08382822567773258
maine,2026-05-02,3,2026-05-23,Flu ED visits pct,quantile,0.25,0.16111928713382978
marietta,2026-05-02,3,2026-05-23,Flu ED visits pct,quantile,0.25,0.06627122466574553
maryland,2026-05-02,3,2026-05-23,Flu ED visits pct,quantile,0.25,0.13670856928970193
massachusetts,2026-05-02,3,2026-05-23,Flu ED visits pct,quantile,0.25,0.13347487287754356
medford,2026-05-02,3,2026-05-23,Flu ED visits pct,quantile,0.25,0.08442107502456644
mesa,2026-05-02,3,2026-05-23,Flu ED visits pct,quantile,0.25,0.01974749138031673
minneapolis,2026-05-02,3,2026-05-23,Flu ED visits pct,quantile,0.25,0.18684521619493835
minnesota,2026-05-02,3,2026-05-23,Flu ED visits pct,quantile,0.25,0.17905765008783153
montgomery,2026-05-02,3,2026-05-23,Flu ED visits pct,quantile,0.25,0.10578882871987302
nenc,2026-05-02,3,2026-05-23,Flu ED visits pct,quantile,0.25,0.05330054110083881
new-bedford,2026-05-02,3,2026-05-23,Flu ED visits pct,quantile,0.25,0.16123875206366337
north-carolina,2026-05-02,3,2026-05-23,Flu ED visits pct,quantile,0.25,0.2166519729796044
nyc,2026-05-02,3,2026-05-23,ILI ED visits pct,quantile,0.25,1.2000388553733563
ogden,2026-05-02,3,2026-05-23,Flu ED visits pct,quantile,0.25,0.07367791787087284
oregon,2026-05-02,3,2026-05-23,Flu ED visits pct,quantile,0.25,0.1966232681002904
pittsfield,2026-05-02,3,2026-05-23,Flu ED visits pct,quantile,0.25,0.021898124220079286
portland,2026-05-02,3,2026-05-23,Flu ED visits pct,quantile,0.25,0.08767364293623543
portland-or,2026-05-02,3,2026-05-23,Flu ED visits pct,quantile,0.25,0.2083794729095106
provo,2026-05-02,3,2026-05-23,Flu ED visits pct,quantile,0.25,0.16468810113150642
roanoke,2026-05-02,3,2026-05-23,Flu ED visits pct,quantile,0.25,0.13935183553333028
rochester,2026-05-02,3,2026-05-23,Flu ED visits pct,quantile,0.25,0.05244222958312355
rock-hill,2026-05-02,3,2026-05-23,Flu ED visits pct,quantile,0.25,0.02697282050801275
rtp-area,2026-05-02,3,2026-05-23,Flu ED visits pct,quantile,0.25,0.03595361892994435
salem,2026-05-02,3,2026-05-23,Flu ED visits pct,quantile,0.25,0.07705444097263892
salt-lake-city,2026-05-02,3,2026-05-23,Flu ED visits pct,quantile,0.25,0.1433816212607824
san-antonio,2026-05-02,3,2026-05-23,Flu ED visits pct,quantile,0.25,0.1359497850891515
savannah,2026-05-02,3,2026-05-23,Flu ED visits pct,quantile,0.25,0.017079224343349138
senc,2026-05-02,3,2026-05-23,Flu ED visits pct,quantile,0.25,0.021455131774618358
south-augusta,2026-05-02,3,2026-05-23,Flu ED visits pct,quantile,0.25,0.10303150034001911
south-carolina,2026-05-02,3,2026-05-23,Flu ED visits pct,quantile,0.25,0.09392652833225953
springfield,2026-05-02,3,2026-05-23,Flu ED visits pct,quantile,0.25,0.09253052157592816
st-cloud,2026-05-02,3,2026-05-23,Flu ED visits pct,quantile,0.25,0.11935905386531724
st-paul,2026-05-02,3,2026-05-23,Flu ED visits pct,quantile,0.25,0.2472826392146768
texas,2026-05-02,3,2026-05-23,Flu ED visits pct,quantile,0.25,0.2616043925592317
triad-area,2026-05-02,3,2026-05-23,Flu ED visits pct,quantile,0.25,0.1305529044936395
utah,2026-05-02,3,2026-05-23,Flu ED visits pct,quantile,0.25,0.16386894823340262
virginia,2026-05-02,3,2026-05-23,Flu ED visits pct,quantile,0.25,0.15726011349894264
weld,2026-05-02,3,2026-05-23,Flu ED visits pct,quantile,0.25,0.10203903158966778
wnc,2026-05-02,3,2026-05-23,Flu ED visits pct,quantile,0.25,0.09431362488601372
worcester,2026-05-02,3,2026-05-23,Flu ED visits pct,quantile,0.25,0.09085776857515661
athens,2026-05-02,0,2026-05-02,Flu ED visits pct,quantile,0.5,0.16735190444605014
austin,2026-05-02,0,2026-05-02,Flu ED visits pct,quantile,0.5,0.2585840842593159
baltimore,2026-05-02,0,2026-05-02,Flu ED visits pct,quantile,0.5,0.2814627434322436
bangor,2026-05-02,0,2026-05-02,Flu ED visits pct,quantile,0.5,0.13112991583446582
beaumont,2026-05-02,0,2026-05-02,Flu ED visits pct,quantile,0.5,0.2936732760726712
boston,2026-05-02,0,2026-05-02,Flu ED visits pct,quantile,0.5,0.36477957994254573
boulder,2026-05-02,0,2026-05-02,Flu ED visits pct,quantile,0.5,0.7906932396220049
charleston,2026-05-02,0,2026-05-02,Flu ED visits pct,quantile,0.5,0.18663505215176615
cherokee,2026-05-02,0,2026-05-02,Flu ED visits pct,quantile,0.5,0.32480063792644137
clt-area,2026-05-02,0,2026-05-02,Flu ED visits pct,quantile,0.5,0.9509404081487817
colorado,2026-05-02,0,2026-05-02,Flu ED visits pct,quantile,0.5,0.5936298410635764
colorado-springs,2026-05-02,0,2026-05-02,Flu ED visits pct,quantile,0.5,0.702941997210667
columbia,2026-05-02,0,2026-05-02,Flu ED visits pct,quantile,0.5,0.18097594845251408
columbus,2026-05-02,0,2026-05-02,Flu ED visits pct,quantile,0.5,0.11573446808934383
dallas,2026-05-02,0,2026-05-02,Flu ED visits pct,quantile,0.5,0.22335726683396678
denver,2026-05-02,0,2026-05-02,Flu ED visits pct,quantile,0.5,0.6223222985475468
deschutes,2026-05-02,0,2026-05-02,Flu ED visits pct,quantile,0.5,0.33541970969318835
duluth,2026-05-02,0,2026-05-02,Flu ED visits pct,quantile,0.5,0.3911497735502509
el-paso,2026-05-02,0,2026-05-02,Flu ED visits pct,quantile,0.5,1.551989238435882
eugene,2026-05-02,0,2026-05-02,Flu ED visits pct,quantile,0.5,0.13101767600966063
fay-area,2026-05-02,0,2026-05-02,Flu ED visits pct,quantile,0.5,0.9789372085732203
florence,2026-05-02,0,2026-05-02,Flu ED visits pct,quantile,0.5,0.172214727471788
floyd,2026-05-02,0,2026-05-02,Flu ED visits pct,quantile,0.5,0.22547226795030373
frederick,2026-05-02,0,2026-05-02,Flu ED visits pct,quantile,0.5,0.24689370108185021
georgia,2026-05-02,0,2026-05-02,Flu ED visits pct,quantile,0.5,0.215777009114762
greenville,2026-05-02,0,2026-05-02,Flu ED visits pct,quantile,0.5,0.30517708811934735
hall,2026-05-02,0,2026-05-02,Flu ED visits pct,quantile,0.5,0.17526478891624528
harford,2026-05-02,0,2026-05-02,Flu ED visits pct,quantile,0.5,0.0980920239718416
henry,2026-05-02,0,2026-05-02,Flu ED visits pct,quantile,0.5,0.21508431999479538
horry,2026-05-02,0,2026-05-02,Flu ED visits pct,quantile,0.5,0.2091699457546504
houston,2026-05-02,0,2026-05-02,Flu ED visits pct,quantile,0.5,0.33517762441900556
indiana,2026-05-02,0,2026-05-02,Flu ED visits pct,quantile,0.5,0.17507633344756518
indianapolis,2026-05-02,0,2026-05-02,Flu ED visits pct,quantile,0.5,0.13447847461645948
la-grange,2026-05-02,0,2026-05-02,Flu ED visits pct,quantile,0.5,0.28302883981339094
larimer,2026-05-02,0,2026-05-02,Flu ED visits pct,quantile,0.5,0.3274838364010452
lynn,2026-05-02,0,2026-05-02,Flu ED visits pct,quantile,0.5,0.4237525903929049
macon,2026-05-02,0,2026-05-02,Flu ED visits pct,quantile,0.5,0.17595617592889853
maine,2026-05-02,0,2026-05-02,Flu ED visits pct,quantile,0.5,0.4220109522425166
marietta,2026-05-02,0,2026-05-02,Flu ED visits pct,quantile,0.5,0.136910989587767
maryland,2026-05-02,0,2026-05-02,Flu ED visits pct,quantile,0.5,0.2614558112948957
massachusetts,2026-05-02,0,2026-05-02,Flu ED visits pct,quantile,0.5,0.32697098529175694
medford,2026-05-02,0,2026-05-02,Flu ED visits pct,quantile,0.5,0.2735084947213467
mesa,2026-05-02,0,2026-05-02,Flu ED visits pct,quantile,0.5,0.10314216410976403
minneapolis,2026-05-02,0,2026-05-02,Flu ED visits pct,quantile,0.5,0.4755849373615939
minnesota,2026-05-02,0,2026-05-02,Flu ED visits pct,quantile,0.5,0.44035401913923966
montgomery,2026-05-02,0,2026-05-02,Flu ED visits pct,quantile,0.5,0.23440447632179506
nenc,2026-05-02,0,2026-05-02,Flu ED visits pct,quantile,0.5,0.19532215871534198
new-bedford,2026-05-02,0,2026-05-02,Flu ED visits pct,quantile,0.5,0.48905705097864494
north-carolina,2026-05-02,0,2026-05-02,Flu ED visits pct,quantile,0.5,0.4865722998328643
nyc,2026-05-02,0,2026-05-02,ILI ED visits pct,quantile,0.5,1.7858200561916522
ogden,2026-05-02,0,2026-05-02,Flu ED visits pct,quantile,0.5,0.18363312022136913
oregon,2026-05-02,0,2026-05-02,Flu ED visits pct,quantile,0.5,0.3256565226919652
pittsfield,2026-05-02,0,2026-05-02,Flu ED visits pct,quantile,0.5,0.1846103756857731
portland,2026-05-02,0,2026-05-02,Flu ED visits pct,quantile,0.5,0.3068670432414151
portland-or,2026-05-02,0,2026-05-02,Flu ED visits pct,quantile,0.5,0.37321355867438505
provo,2026-05-02,0,2026-05-02,Flu ED visits pct,quantile,0.5,0.29686821148381726
roanoke,2026-05-02,0,2026-05-02,Flu ED visits pct,quantile,0.5,0.34582708322325073
rochester,2026-05-02,0,2026-05-02,Flu ED visits pct,quantile,0.5,0.18745788942256356
rock-hill,2026-05-02,0,2026-05-02,Flu ED visits pct,quantile,0.5,0.09835878328437349
rtp-area,2026-05-02,0,2026-05-02,Flu ED visits pct,quantile,0.5,0.1478991239673143
salem,2026-05-02,0,2026-05-02,Flu ED visits pct,quantile,0.5,0.17894580836753646
salt-lake-city,2026-05-02,0,2026-05-02,Flu ED visits pct,quantile,0.5,0.25789931697098356
san-antonio,2026-05-02,0,2026-05-02,Flu ED visits pct,quantile,0.5,0.26195824952392854
savannah,2026-05-02,0,2026-05-02,Flu ED visits pct,quantile,0.5,0.05448912394623002
senc,2026-05-02,0,2026-05-02,Flu ED visits pct,quantile,0.5,0.12217199890944229
south-augusta,2026-05-02,0,2026-05-02,Flu ED visits pct,quantile,0.5,0.28128153693166685
south-carolina,2026-05-02,0,2026-05-02,Flu ED visits pct,quantile,0.5,0.19356515090858797
springfield,2026-05-02,0,2026-05-02,Flu ED visits pct,quantile,0.5,0.3868777839367115
st-cloud,2026-05-02,0,2026-05-02,Flu ED visits pct,quantile,0.5,0.42957965272409265
st-paul,2026-05-02,0,2026-05-02,Flu ED visits pct,quantile,0.5,0.4985595561611288
texas,2026-05-02,0,2026-05-02,Flu ED visits pct,quantile,0.5,0.37498617617172325
triad-area,2026-05-02,0,2026-05-02,Flu ED visits pct,quantile,0.5,0.362273612861673
utah,2026-05-02,0,2026-05-02,Flu ED visits pct,quantile,0.5,0.26385500458302985
virginia,2026-05-02,0,2026-05-02,Flu ED visits pct,quantile,0.5,0.28960145467002557
weld,2026-05-02,0,2026-05-02,Flu ED visits pct,quantile,0.5,0.30710867297022726
wnc,2026-05-02,0,2026-05-02,Flu ED visits pct,quantile,0.5,0.293070196501452
worcester,2026-05-02,0,2026-05-02,Flu ED visits pct,quantile,0.5,0.3189263681963843
athens,2026-05-02,1,2026-05-09,Flu ED visits pct,quantile,0.5,0.14154866562501758
austin,2026-05-02,1,2026-05-09,Flu ED visits pct,quantile,0.5,0.23039598383060142
baltimore,2026-05-02,1,2026-05-09,Flu ED visits pct,quantile,0.5,0.23033987477646073
bangor,2026-05-02,1,2026-05-09,Flu ED visits pct,quantile,0.5,0.11505485397680941
beaumont,2026-05-02,1,2026-05-09,Flu ED visits pct,quantile,0.5,0.24485102003469122
boston,2026-05-02,1,2026-05-09,Flu ED visits pct,quantile,0.5,0.29893339305766686
boulder,2026-05-02,1,2026-05-09,Flu ED visits pct,quantile,0.5,0.6710813904707015
charleston,2026-05-02,1,2026-05-09,Flu ED visits pct,quantile,0.5,0.1632477745821465
cherokee,2026-05-02,1,2026-05-09,Flu ED visits pct,quantile,0.5,0.26042175087434466
clt-area,2026-05-02,1,2026-05-09,Flu ED visits pct,quantile,0.5,0.7162178502284363
colorado,2026-05-02,1,2026-05-09,Flu ED visits pct,quantile,0.5,0.4974032638875906
colorado-springs,2026-05-02,1,2026-05-09,Flu ED visits pct,quantile,0.5,0.581150991803834
columbia,2026-05-02,1,2026-05-09,Flu ED visits pct,quantile,0.5,0.15506774599211837
columbus,2026-05-02,1,2026-05-09,Flu ED visits pct,quantile,0.5,0.11051253654080419
dallas,2026-05-02,1,2026-05-09,Flu ED visits pct,quantile,0.5,0.19578433796380562
denver,2026-05-02,1,2026-05-09,Flu ED visits pct,quantile,0.5,0.5198033929597268
deschutes,2026-05-02,1,2026-05-09,Flu ED visits pct,quantile,0.5,0.29004592654283645
duluth,2026-05-02,1,2026-05-09,Flu ED visits pct,quantile,0.5,0.3077491645919231
el-paso,2026-05-02,1,2026-05-09,Flu ED visits pct,quantile,0.5,1.294469406801321
eugene,2026-05-02,1,2026-05-09,Flu ED visits pct,quantile,0.5,0.11292189277542942
fay-area,2026-05-02,1,2026-05-09,Flu ED visits pct,quantile,0.5,0.770352171979286
florence,2026-05-02,1,2026-05-09,Flu ED visits pct,quantile,0.5,0.14419279301393234
floyd,2026-05-02,1,2026-05-09,Flu ED visits pct,quantile,0.5,0.18512096084985943
frederick,2026-05-02,1,2026-05-09,Flu ED visits pct,quantile,0.5,0.23328003449972667
georgia,2026-05-02,1,2026-05-09,Flu ED visits pct,quantile,0.5,0.19273889956757112
greenville,2026-05-02,1,2026-05-09,Flu ED visits pct,quantile,0.5,0.24667411949015983
hall,2026-05-02,1,2026-05-09,Flu ED visits pct,quantile,0.5,0.14979555538178982
harford,2026-05-02,1,2026-05-09,Flu ED visits pct,quantile,0.5,0.09157409609825505
henry,2026-05-02,1,2026-05-09,Flu ED visits pct,quantile,0.5,0.17730581263860146
horry,2026-05-02,1,2026-05-09,Flu ED visits pct,quantile,0.5,0.181345481502622
houston,2026-05-02,1,2026-05-09,Flu ED visits pct,quantile,0.5,0.3003517825309346
indiana,2026-05-02,1,2026-05-09,Flu ED visits pct,quantile,0.5,0.15608635203847487
indianapolis,2026-05-02,1,2026-05-09,Flu ED visits pct,quantile,0.5,0.12224515484322042
la-grange,2026-05-02,1,2026-05-09,Flu ED visits pct,quantile,0.5,0.2428136786687749
larimer,2026-05-02,1,2026-05-09,Flu ED visits pct,quantile,0.5,0.2685782930066974
lynn,2026-05-02,1,2026-05-09,Flu ED visits pct,quantile,0.5,0.3493807558207895
macon,2026-05-02,1,2026-05-09,Flu ED visits pct,quantile,0.5,0.1472631231922308
maine,2026-05-02,1,2026-05-09,Flu ED visits pct,quantile,0.5,0.34213348902035823
marietta,2026-05-02,1,2026-05-09,Flu ED visits pct,quantile,0.5,0.11902778587122216
maryland,2026-05-02,1,2026-05-09,Flu ED visits pct,quantile,0.5,0.2198525345025587
massachusetts,2026-05-02,1,2026-05-09,Flu ED visits pct,quantile,0.5,0.25525646709590427
medford,2026-05-02,1,2026-05-09,Flu ED visits pct,quantile,0.5,0.2274658138012248
mesa,2026-05-02,1,2026-05-09,Flu ED visits pct,quantile,0.5,0.1107778551601957
minneapolis,2026-05-02,1,2026-05-09,Flu ED visits pct,quantile,0.5,0.38879174954649665
minnesota,2026-05-02,1,2026-05-09,Flu ED visits pct,quantile,0.5,0.35779610249948374
montgomery,2026-05-02,1,2026-05-09,Flu ED visits pct,quantile,0.5,0.20355380189442532
nenc,2026-05-02,1,2026-05-09,Flu ED visits pct,quantile,0.5,0.15293351369054056
new-bedford,2026-05-02,1,2026-05-09,Flu ED visits pct,quantile,0.5,0.38679688620932284
north-carolina,2026-05-02,1,2026-05-09,Flu ED visits pct,quantile,0.5,0.39955924727262837
nyc,2026-05-02,1,2026-05-09,ILI ED visits pct,quantile,0.5,1.6210189526129901
ogden,2026-05-02,1,2026-05-09,Flu ED visits pct,quantile,0.5,0.16909971974043742
oregon,2026-05-02,1,2026-05-09,Flu ED visits pct,quantile,0.5,0.2813010534663624
pittsfield,2026-05-02,1,2026-05-09,Flu ED visits pct,quantile,0.5,0.1582186479701647
portland,2026-05-02,1,2026-05-09,Flu ED visits pct,quantile,0.5,0.248230434162438
portland-or,2026-05-02,1,2026-05-09,Flu ED visits pct,quantile,0.5,0.32214245992322443
provo,2026-05-02,1,2026-05-09,Flu ED visits pct,quantile,0.5,0.2574437057949246
roanoke,2026-05-02,1,2026-05-09,Flu ED visits pct,quantile,0.5,0.286234671801207
rochester,2026-05-02,1,2026-05-09,Flu ED visits pct,quantile,0.5,0.16050923431667288
rock-hill,2026-05-02,1,2026-05-09,Flu ED visits pct,quantile,0.5,0.08495006815232718
rtp-area,2026-05-02,1,2026-05-09,Flu ED visits pct,quantile,0.5,0.1180472373892154
salem,2026-05-02,1,2026-05-09,Flu ED visits pct,quantile,0.5,0.15397586759247495
salt-lake-city,2026-05-02,1,2026-05-09,Flu ED visits pct,quantile,0.5,0.22753945002596582
san-antonio,2026-05-02,1,2026-05-09,Flu ED visits pct,quantile,0.5,0.2290413735096954
savannah,2026-05-02,1,2026-05-09,Flu ED visits pct,quantile,0.5,0.046721314605410284
senc,2026-05-02,1,2026-05-09,Flu ED visits pct,quantile,0.5,0.09229568741246183
south-augusta,2026-05-02,1,2026-05-09,Flu ED visits pct,quantile,0.5,0.22849176281405592
south-carolina,2026-05-02,1,2026-05-09,Flu ED visits pct,quantile,0.5,0.1640861160670288
springfield,2026-05-02,1,2026-05-09,Flu ED visits pct,quantile,0.5,0.300160932267473
st-cloud,2026-05-02,1,2026-05-09,Flu ED visits pct,quantile,0.5,0.3410243612649864
st-paul,2026-05-02,1,2026-05-09,Flu ED visits pct,quantile,0.5,0.4168251615876453
texas,2026-05-02,1,2026-05-09,Flu ED visits pct,quantile,0.5,0.34068211817740246
triad-area,2026-05-02,1,2026-05-09,Flu ED visits pct,quantile,0.5,0.294545991528999
utah,2026-05-02,1,2026-05-09,Flu ED visits pct,quantile,0.5,0.22398481538592413
virginia,2026-05-02,1,2026-05-09,Flu ED visits pct,quantile,0.5,0.25634808976333706
weld,2026-05-02,1,2026-05-09,Flu ED visits pct,quantile,0.5,0.2608286576971673
wnc,2026-05-02,1,2026-05-09,Flu ED visits pct,quantile,0.5,0.23381828252689943
worcester,2026-05-02,1,2026-05-09,Flu ED visits pct,quantile,0.5,0.2513748395616177
athens,2026-05-02,2,2026-05-16,Flu ED visits pct,quantile,0.5,0.11860898935010887
austin,2026-05-02,2,2026-05-16,Flu ED visits pct,quantile,0.5,0.20747261670808087
baltimore,2026-05-02,2,2026-05-16,Flu ED visits pct,quantile,0.5,0.1889673483545533
bangor,2026-05-02,2,2026-05-16,Flu ED visits pct,quantile,0.5,0.1047929114781145
beaumont,2026-05-02,2,2026-05-16,Flu ED visits pct,quantile,0.5,0.2147987051275823
boston,2026-05-02,2,2026-05-16,Flu ED visits pct,quantile,0.5,0.23646044466217886
boulder,2026-05-02,2,2026-05-16,Flu ED visits pct,quantile,0.5,0.5453737871520351
charleston,2026-05-02,2,2026-05-16,Flu ED visits pct,quantile,0.5,0.14616357379704364
cherokee,2026-05-02,2,2026-05-16,Flu ED visits pct,quantile,0.5,0.20803569562013113
clt-area,2026-05-02,2,2026-05-16,Flu ED visits pct,quantile,0.5,0.5268886940801741
colorado,2026-05-02,2,2026-05-16,Flu ED visits pct,quantile,0.5,0.411675436640869
colorado-springs,2026-05-02,2,2026-05-16,Flu ED visits pct,quantile,0.5,0.4644294784840359
columbia,2026-05-02,2,2026-05-16,Flu ED visits pct,quantile,0.5,0.1304980830155402
columbus,2026-05-02,2,2026-05-16,Flu ED visits pct,quantile,0.5,0.11727172685719071
dallas,2026-05-02,2,2026-05-16,Flu ED visits pct,quantile,0.5,0.1771648884040011
denver,2026-05-02,2,2026-05-16,Flu ED visits pct,quantile,0.5,0.4320863904411204
deschutes,2026-05-02,2,2026-05-16,Flu ED visits pct,quantile,0.5,0.2637537340153434
duluth,2026-05-02,2,2026-05-16,Flu ED visits pct,quantile,0.5,0.23737201447870482
el-paso,2026-05-02,2,2026-05-16,Flu ED visits pct,quantile,0.5,1.054966063398027
eugene,2026-05-02,2,2026-05-16,Flu ED visits pct,quantile,0.5,0.09777525386607307
fay-area,2026-05-02,2,2026-05-16,Flu ED visits pct,quantile,0.5,0.5718900977566796
florence,2026-05-02,2,2026-05-16,Flu ED visits pct,quantile,0.5,0.12668860056547482
floyd,2026-05-02,2,2026-05-16,Flu ED visits pct,quantile,0.5,0.15735900561000413
frederick,2026-05-02,2,2026-05-16,Flu ED visits pct,quantile,0.5,0.28008275206659633
georgia,2026-05-02,2,2026-05-16,Flu ED visits pct,quantile,0.5,0.17295426391454627
greenville,2026-05-02,2,2026-05-16,Flu ED visits pct,quantile,0.5,0.20111614526469196
hall,2026-05-02,2,2026-05-16,Flu ED visits pct,quantile,0.5,0.1315504478208872
harford,2026-05-02,2,2026-05-16,Flu ED visits pct,quantile,0.5,0.086707015716467
henry,2026-05-02,2,2026-05-16,Flu ED visits pct,quantile,0.5,0.14562866822753096
horry,2026-05-02,2,2026-05-16,Flu ED visits pct,quantile,0.5,0.15503340015622216
houston,2026-05-02,2,2026-05-16,Flu ED visits pct,quantile,0.5,0.26485836246090355
indiana,2026-05-02,2,2026-05-16,Flu ED visits pct,quantile,0.5,0.1390963589550496
indianapolis,2026-05-02,2,2026-05-16,Flu ED visits pct,quantile,0.5,0.11335882049069115
la-grange,2026-05-02,2,2026-05-16,Flu ED visits pct,quantile,0.5,0.20523277637209092
larimer,2026-05-02,2,2026-05-16,Flu ED visits pct,quantile,0.5,0.21338242605686278
lynn,2026-05-02,2,2026-05-16,Flu ED visits pct,quantile,0.5,0.2791773020964809
macon,2026-05-02,2,2026-05-16,Flu ED visits pct,quantile,0.5,0.12974379295182104
maine,2026-05-02,2,2026-05-16,Flu ED visits pct,quantile,0.5,0.27574448251494504
marietta,2026-05-02,2,2026-05-16,Flu ED visits pct,quantile,0.5,0.10453669491976564
maryland,2026-05-02,2,2026-05-16,Flu ED visits pct,quantile,0.5,0.1906422745890506
massachusetts,2026-05-02,2,2026-05-16,Flu ED visits pct,quantile,0.5,0.19979540583169916
medford,2026-05-02,2,2026-05-16,Flu ED visits pct,quantile,0.5,0.1938195533469493
mesa,2026-05-02,2,2026-05-16,Flu ED visits pct,quantile,0.5,0.11889081309718248
minneapolis,2026-05-02,2,2026-05-16,Flu ED visits pct,quantile,0.5,0.31363479760879887
minnesota,2026-05-02,2,2026-05-16,Flu ED visits pct,quantile,0.5,0.28362859099054777
montgomery,2026-05-02,2,2026-05-16,Flu ED visits pct,quantile,0.5,0.18341849654384076
nenc,2026-05-02,2,2026-05-16,Flu ED visits pct,quantile,0.5,0.12156952171823486
new-bedford,2026-05-02,2,2026-05-16,Flu ED visits pct,quantile,0.5,0.2943779711028891
north-carolina,2026-05-02,2,2026-05-16,Flu ED visits pct,quantile,0.5,0.30852449138387394
nyc,2026-05-02,2,2026-05-16,ILI ED visits pct,quantile,0.5,1.4445037012271307
ogden,2026-05-02,2,2026-05-16,Flu ED visits pct,quantile,0.5,0.15945930307882755
oregon,2026-05-02,2,2026-05-16,Flu ED visits pct,quantile,0.5,0.23935657017353673
pittsfield,2026-05-02,2,2026-05-16,Flu ED visits pct,quantile,0.5,0.13436666490375812
portland,2026-05-02,2,2026-05-16,Flu ED visits pct,quantile,0.5,0.19363343924131235
portland-or,2026-05-02,2,2026-05-16,Flu ED visits pct,quantile,0.5,0.27934438592256233
provo,2026-05-02,2,2026-05-16,Flu ED visits pct,quantile,0.5,0.21866552185150123
roanoke,2026-05-02,2,2026-05-16,Flu ED visits pct,quantile,0.5,0.24490665473901696
rochester,2026-05-02,2,2026-05-16,Flu ED visits pct,quantile,0.5,0.142658210488987
rock-hill,2026-05-02,2,2026-05-16,Flu ED visits pct,quantile,0.5,0.08091543211143969
rtp-area,2026-05-02,2,2026-05-16,Flu ED visits pct,quantile,0.5,0.09237049572462919
salem,2026-05-02,2,2026-05-16,Flu ED visits pct,quantile,0.5,0.13295973642920106
salt-lake-city,2026-05-02,2,2026-05-16,Flu ED visits pct,quantile,0.5,0.20021316241934273
san-antonio,2026-05-02,2,2026-05-16,Flu ED visits pct,quantile,0.5,0.2055093726131626
savannah,2026-05-02,2,2026-05-16,Flu ED visits pct,quantile,0.5,0.04154474926396985
senc,2026-05-02,2,2026-05-16,Flu ED visits pct,quantile,0.5,0.06975856360348234
south-augusta,2026-05-02,2,2026-05-16,Flu ED visits pct,quantile,0.5,0.18277141702957242
south-carolina,2026-05-02,2,2026-05-16,Flu ED visits pct,quantile,0.5,0.1446920264841073
springfield,2026-05-02,2,2026-05-16,Flu ED visits pct,quantile,0.5,0.2267604612685004
st-cloud,2026-05-02,2,2026-05-16,Flu ED visits pct,quantile,0.5,0.26582396995616786
st-paul,2026-05-02,2,2026-05-16,Flu ED visits pct,quantile,0.5,0.3394694025967373
texas,2026-05-02,2,2026-05-16,Flu ED visits pct,quantile,0.5,0.3179115101666448
triad-area,2026-05-02,2,2026-05-16,Flu ED visits pct,quantile,0.5,0.23736959313310152
utah,2026-05-02,2,2026-05-16,Flu ED visits pct,quantile,0.5,0.19492132206103144
virginia,2026-05-02,2,2026-05-16,Flu ED visits pct,quantile,0.5,0.23379101001543554
weld,2026-05-02,2,2026-05-16,Flu ED visits pct,quantile,0.5,0.22530314476059937
wnc,2026-05-02,2,2026-05-16,Flu ED visits pct,quantile,0.5,0.1881324626323827
worcester,2026-05-02,2,2026-05-16,Flu ED visits pct,quantile,0.5,0.19700136706678614
athens,2026-05-02,3,2026-05-23,Flu ED visits pct,quantile,0.5,0.11100655549635775
austin,2026-05-02,3,2026-05-23,Flu ED visits pct,quantile,0.5,0.19959756822292352
baltimore,2026-05-02,3,2026-05-23,Flu ED visits pct,quantile,0.5,0.16863938593698313
bangor,2026-05-02,3,2026-05-23,Flu ED visits pct,quantile,0.5,0.09730854721028662
beaumont,2026-05-02,3,2026-05-23,Flu ED visits pct,quantile,0.5,0.21201865845868823
boston,2026-05-02,3,2026-05-23,Flu ED visits pct,quantile,0.5,0.21066671235849418
boulder,2026-05-02,3,2026-05-23,Flu ED visits pct,quantile,0.5,0.49442447993792316
charleston,2026-05-02,3,2026-05-23,Flu ED visits pct,quantile,0.5,0.1359664674655504
cherokee,2026-05-02,3,2026-05-23,Flu ED visits pct,quantile,0.5,0.18639342488973687
clt-area,2026-05-02,3,2026-05-23,Flu ED visits pct,quantile,0.5,0.4038673752125568
colorado,2026-05-02,3,2026-05-23,Flu ED visits pct,quantile,0.5,0.3643100569452045
colorado-springs,2026-05-02,3,2026-05-23,Flu ED visits pct,quantile,0.5,0.4161476578665152
columbia,2026-05-02,3,2026-05-23,Flu ED visits pct,quantile,0.5,0.12133246763317794
columbus,2026-05-02,3,2026-05-23,Flu ED visits pct,quantile,0.5,0.12129833560629834
dallas,2026-05-02,3,2026-05-23,Flu ED visits pct,quantile,0.5,0.168872858494831
denver,2026-05-02,3,2026-05-23,Flu ED visits pct,quantile,0.5,0.3846984952709299
deschutes,2026-05-02,3,2026-05-23,Flu ED visits pct,quantile,0.5,0.2513359871654797
duluth,2026-05-02,3,2026-05-23,Flu ED visits pct,quantile,0.5,0.2102571407570287
el-paso,2026-05-02,3,2026-05-23,Flu ED visits pct,quantile,0.5,0.9599925350725773
eugene,2026-05-02,3,2026-05-23,Flu ED visits pct,quantile,0.5,0.09158384641518458
fay-area,2026-05-02,3,2026-05-23,Flu ED visits pct,quantile,0.5,0.4478600577524693
florence,2026-05-02,3,2026-05-23,Flu ED visits pct,quantile,0.5,0.1193029888889507
floyd,2026-05-02,3,2026-05-23,Flu ED visits pct,quantile,0.5,0.14016246232243718
frederick,2026-05-02,3,2026-05-23,Flu ED visits pct,quantile,0.5,0.28433399240427526
georgia,2026-05-02,3,2026-05-23,Flu ED visits pct,quantile,0.5,0.16116756710418398
greenville,2026-05-02,3,2026-05-23,Flu ED visits pct,quantile,0.5,0.17696966080602955
hall,2026-05-02,3,2026-05-23,Flu ED visits pct,quantile,0.5,0.1227800509619724
harford,2026-05-02,3,2026-05-23,Flu ED visits pct,quantile,0.5,0.0845159270770256
henry,2026-05-02,3,2026-05-23,Flu ED visits pct,quantile,0.5,0.1351202033765151
horry,2026-05-02,3,2026-05-23,Flu ED visits pct,quantile,0.5,0.14621522449984964
houston,2026-05-02,3,2026-05-23,Flu ED visits pct,quantile,0.5,0.24759364476061552
indiana,2026-05-02,3,2026-05-23,Flu ED visits pct,quantile,0.5,0.13411895032011426
indianapolis,2026-05-02,3,2026-05-23,Flu ED visits pct,quantile,0.5,0.10912344757373738
la-grange,2026-05-02,3,2026-05-23,Flu ED visits pct,quantile,0.5,0.19455288257713396
larimer,2026-05-02,3,2026-05-23,Flu ED visits pct,quantile,0.5,0.19747979033516472
lynn,2026-05-02,3,2026-05-23,Flu ED visits pct,quantile,0.5,0.25079409843730927
macon,2026-05-02,3,2026-05-23,Flu ED visits pct,quantile,0.5,0.11906424328080935
maine,2026-05-02,3,2026-05-23,Flu ED visits pct,quantile,0.5,0.23815645646535585
marietta,2026-05-02,3,2026-05-23,Flu ED visits pct,quantile,0.5,0.09858051312013312
maryland,2026-05-02,3,2026-05-23,Flu ED visits pct,quantile,0.5,0.17119304966315907
massachusetts,2026-05-02,3,2026-05-23,Flu ED visits pct,quantile,0.5,0.17541043292384323
medford,2026-05-02,3,2026-05-23,Flu ED visits pct,quantile,0.5,0.1883600638828165
mesa,2026-05-02,3,2026-05-23,Flu ED visits pct,quantile,0.5,0.1207125670066103
minneapolis,2026-05-02,3,2026-05-23,Flu ED visits pct,quantile,0.5,0.2782090359599336
minnesota,2026-05-02,3,2026-05-23,Flu ED visits pct,quantile,0.5,0.2552222482105462
montgomery,2026-05-02,3,2026-05-23,Flu ED visits pct,quantile,0.5,0.1689989708139849
nenc,2026-05-02,3,2026-05-23,Flu ED visits pct,quantile,0.5,0.10513971555690595
new-bedford,2026-05-02,3,2026-05-23,Flu ED visits pct,quantile,0.5,0.26313569163798123
north-carolina,2026-05-02,3,2026-05-23,Flu ED visits pct,quantile,0.5,0.2600388693362783
nyc,2026-05-02,3,2026-05-23,ILI ED visits pct,quantile,0.5,1.343755012900048
ogden,2026-05-02,3,2026-05-23,Flu ED visits pct,quantile,0.5,0.154990726124193
oregon,2026-05-02,3,2026-05-23,Flu ED visits pct,quantile,0.5,0.22158614875076443
pittsfield,2026-05-02,3,2026-05-23,Flu ED visits pct,quantile,0.5,0.1275396024388597
portland,2026-05-02,3,2026-05-23,Flu ED visits pct,quantile,0.5,0.16739684074464561
portland-or,2026-05-02,3,2026-05-23,Flu ED visits pct,quantile,0.5,0.2547166993408797
provo,2026-05-02,3,2026-05-23,Flu ED visits pct,quantile,0.5,0.20325403586156374
roanoke,2026-05-02,3,2026-05-23,Flu ED visits pct,quantile,0.5,0.22395986376084276
rochester,2026-05-02,3,2026-05-23,Flu ED visits pct,quantile,0.5,0.13316751861732334
rock-hill,2026-05-02,3,2026-05-23,Flu ED visits pct,quantile,0.5,0.07757627784648692
rtp-area,2026-05-02,3,2026-05-23,Flu ED visits pct,quantile,0.5,0.07771560322509102
salem,2026-05-02,3,2026-05-23,Flu ED visits pct,quantile,0.5,0.12450236003404917
salt-lake-city,2026-05-02,3,2026-05-23,Flu ED visits pct,quantile,0.5,0.18602071715768953
san-antonio,2026-05-02,3,2026-05-23,Flu ED visits pct,quantile,0.5,0.19413306658636875
savannah,2026-05-02,3,2026-05-23,Flu ED visits pct,quantile,0.5,0.03946199231395691
senc,2026-05-02,3,2026-05-23,Flu ED visits pct,quantile,0.5,0.0578909000153393
south-augusta,2026-05-02,3,2026-05-23,Flu ED visits pct,quantile,0.5,0.1655978308027215
south-carolina,2026-05-02,3,2026-05-23,Flu ED visits pct,quantile,0.5,0.13428549122633068
springfield,2026-05-02,3,2026-05-23,Flu ED visits pct,quantile,0.5,0.1956459792774746
st-cloud,2026-05-02,3,2026-05-23,Flu ED visits pct,quantile,0.5,0.23874363091555653
st-paul,2026-05-02,3,2026-05-23,Flu ED visits pct,quantile,0.5,0.30726618295159797
texas,2026-05-02,3,2026-05-23,Flu ED visits pct,quantile,0.5,0.30356475517078957
triad-area,2026-05-02,3,2026-05-23,Flu ED visits pct,quantile,0.5,0.2026195447383638
utah,2026-05-02,3,2026-05-23,Flu ED visits pct,quantile,0.5,0.18012681985674733
virginia,2026-05-02,3,2026-05-23,Flu ED visits pct,quantile,0.5,0.220359997687286
weld,2026-05-02,3,2026-05-23,Flu ED visits pct,quantile,0.5,0.20434447032548178
wnc,2026-05-02,3,2026-05-23,Flu ED visits pct,quantile,0.5,0.15905478235854736
worcester,2026-05-02,3,2026-05-23,Flu ED visits pct,quantile,0.5,0.1758186521475514
athens,2026-05-02,0,2026-05-02,Flu ED visits pct,quantile,0.75,0.26197698846635514
austin,2026-05-02,0,2026-05-02,Flu ED visits pct,quantile,0.75,0.32828959079701936
baltimore,2026-05-02,0,2026-05-02,Flu ED visits pct,quantile,0.75,0.34021753832378043
bangor,2026-05-02,0,2026-05-02,Flu ED visits pct,quantile,0.75,0.2975626931853084
beaumont,2026-05-02,0,2026-05-02,Flu ED visits pct,quantile,0.75,0.35370746649174745
boston,2026-05-02,0,2026-05-02,Flu ED visits pct,quantile,0.75,0.43498194055822237
boulder,2026-05-02,0,2026-05-02,Flu ED visits pct,quantile,0.75,0.9759471016888315
charleston,2026-05-02,0,2026-05-02,Flu ED visits pct,quantile,0.75,0.25293195318419587
cherokee,2026-05-02,0,2026-05-02,Flu ED visits pct,quantile,0.75,0.40547120612850085
clt-area,2026-05-02,0,2026-05-02,Flu ED visits pct,quantile,0.75,1.002299162519273
colorado,2026-05-02,0,2026-05-02,Flu ED visits pct,quantile,0.75,0.6632389846372168
colorado-springs,2026-05-02,0,2026-05-02,Flu ED visits pct,quantile,0.75,0.8328523102361783
columbia,2026-05-02,0,2026-05-02,Flu ED visits pct,quantile,0.75,0.2383943961787931
columbus,2026-05-02,0,2026-05-02,Flu ED visits pct,quantile,0.75,0.2598614666715607
dallas,2026-05-02,0,2026-05-02,Flu ED visits pct,quantile,0.75,0.2991833589793732
denver,2026-05-02,0,2026-05-02,Flu ED visits pct,quantile,0.75,0.7109481925275695
deschutes,2026-05-02,0,2026-05-02,Flu ED visits pct,quantile,0.75,0.4167978938928358
duluth,2026-05-02,0,2026-05-02,Flu ED visits pct,quantile,0.75,0.4976469796410521
el-paso,2026-05-02,0,2026-05-02,Flu ED visits pct,quantile,0.75,1.8644471560359577
eugene,2026-05-02,0,2026-05-02,Flu ED visits pct,quantile,0.75,0.16724044902775342
fay-area,2026-05-02,0,2026-05-02,Flu ED visits pct,quantile,0.75,1.0456972291806914
florence,2026-05-02,0,2026-05-02,Flu ED visits pct,quantile,0.75,0.2767021388493694
floyd,2026-05-02,0,2026-05-02,Flu ED visits pct,quantile,0.75,0.29011171351317533
frederick,2026-05-02,0,2026-05-02,Flu ED visits pct,quantile,0.75,0.452742089096038
georgia,2026-05-02,0,2026-05-02,Flu ED visits pct,quantile,0.75,0.21805339376803384
greenville,2026-05-02,0,2026-05-02,Flu ED visits pct,quantile,0.75,0.3667109639856571
hall,2026-05-02,0,2026-05-02,Flu ED visits pct,quantile,0.75,0.26400699836056346
harford,2026-05-02,0,2026-05-02,Flu ED visits pct,quantile,0.75,0.15528591900207486
henry,2026-05-02,0,2026-05-02,Flu ED visits pct,quantile,0.75,0.2697768109300808
horry,2026-05-02,0,2026-05-02,Flu ED visits pct,quantile,0.75,0.29588441083250594
houston,2026-05-02,0,2026-05-02,Flu ED visits pct,quantile,0.75,0.38038685163017866
indiana,2026-05-02,0,2026-05-02,Flu ED visits pct,quantile,0.75,0.18754052527995552
indianapolis,2026-05-02,0,2026-05-02,Flu ED visits pct,quantile,0.75,0.1890338134999471
la-grange,2026-05-02,0,2026-05-02,Flu ED visits pct,quantile,0.75,0.37246565594914405
larimer,2026-05-02,0,2026-05-02,Flu ED visits pct,quantile,0.75,0.39016258992164093
lynn,2026-05-02,0,2026-05-02,Flu ED visits pct,quantile,0.75,0.5329530004351619
macon,2026-05-02,0,2026-05-02,Flu ED visits pct,quantile,0.75,0.20775143225669696
maine,2026-05-02,0,2026-05-02,Flu ED visits pct,quantile,0.75,0.4405344882635365
marietta,2026-05-02,0,2026-05-02,Flu ED visits pct,quantile,0.75,0.1996330225465266
maryland,2026-05-02,0,2026-05-02,Flu ED visits pct,quantile,0.75,0.26430010760783545
massachusetts,2026-05-02,0,2026-05-02,Flu ED visits pct,quantile,0.75,0.3343281066897516
medford,2026-05-02,0,2026-05-02,Flu ED visits pct,quantile,0.75,0.37072265450243586
mesa,2026-05-02,0,2026-05-02,Flu ED visits pct,quantile,0.75,0.18169997229801743
minneapolis,2026-05-02,0,2026-05-02,Flu ED visits pct,quantile,0.75,0.5639503102171812
minnesota,2026-05-02,0,2026-05-02,Flu ED visits pct,quantile,0.75,0.4751074399301687
montgomery,2026-05-02,0,2026-05-02,Flu ED visits pct,quantile,0.75,0.28799789319882085
nenc,2026-05-02,0,2026-05-02,Flu ED visits pct,quantile,0.75,0.21212291622557755
new-bedford,2026-05-02,0,2026-05-02,Flu ED visits pct,quantile,0.75,0.6073374927563785
north-carolina,2026-05-02,0,2026-05-02,Flu ED visits pct,quantile,0.75,0.5148052067623071
nyc,2026-05-02,0,2026-05-02,ILI ED visits pct,quantile,0.75,1.9627819234597004
ogden,2026-05-02,0,2026-05-02,Flu ED visits pct,quantile,0.75,0.26157624830158194
oregon,2026-05-02,0,2026-05-02,Flu ED visits pct,quantile,0.75,0.3587220699977884
pittsfield,2026-05-02,0,2026-05-02,Flu ED visits pct,quantile,0.75,0.3809761048669164
portland,2026-05-02,0,2026-05-02,Flu ED visits pct,quantile,0.75,0.3947600885322426
portland-or,2026-05-02,0,2026-05-02,Flu ED visits pct,quantile,0.75,0.42478418094327625
provo,2026-05-02,0,2026-05-02,Flu ED visits pct,quantile,0.75,0.37410705281812057
roanoke,2026-05-02,0,2026-05-02,Flu ED visits pct,quantile,0.75,0.4070670648256534
rochester,2026-05-02,0,2026-05-02,Flu ED visits pct,quantile,0.75,0.2767987683561405
rock-hill,2026-05-02,0,2026-05-02,Flu ED visits pct,quantile,0.75,0.1849376662198652
rtp-area,2026-05-02,0,2026-05-02,Flu ED visits pct,quantile,0.75,0.16683672300957333
salem,2026-05-02,0,2026-05-02,Flu ED visits pct,quantile,0.75,0.24930813636109628
salt-lake-city,2026-05-02,0,2026-05-02,Flu ED visits pct,quantile,0.75,0.29119961399011857
san-antonio,2026-05-02,0,2026-05-02,Flu ED visits pct,quantile,0.75,0.3447431368089494
savannah,2026-05-02,0,2026-05-02,Flu ED visits pct,quantile,0.75,0.09935160060760453
senc,2026-05-02,0,2026-05-02,Flu ED visits pct,quantile,0.75,0.14108583790007379
south-augusta,2026-05-02,0,2026-05-02,Flu ED visits pct,quantile,0.75,0.3622627251332479
south-carolina,2026-05-02,0,2026-05-02,Flu ED visits pct,quantile,0.75,0.20637879447030522
springfield,2026-05-02,0,2026-05-02,Flu ED visits pct,quantile,0.75,0.49826981981521035
st-cloud,2026-05-02,0,2026-05-02,Flu ED visits pct,quantile,0.75,0.5491508982113704
st-paul,2026-05-02,0,2026-05-02,Flu ED visits pct,quantile,0.75,0.5891240588907384
texas,2026-05-02,0,2026-05-02,Flu ED visits pct,quantile,0.75,0.4075491680472912
triad-area,2026-05-02,0,2026-05-02,Flu ED visits pct,quantile,0.75,0.3883716747026118
utah,2026-05-02,0,2026-05-02,Flu ED visits pct,quantile,0.75,0.28692967312861917
virginia,2026-05-02,0,2026-05-02,Flu ED visits pct,quantile,0.75,0.2987718512165192
weld,2026-05-02,0,2026-05-02,Flu ED visits pct,quantile,0.75,0.36633144940068435
wnc,2026-05-02,0,2026-05-02,Flu ED visits pct,quantile,0.75,0.30990613216647794
worcester,2026-05-02,0,2026-05-02,Flu ED visits pct,quantile,0.75,0.4068508305146147
athens,2026-05-02,1,2026-05-09,Flu ED visits pct,quantile,0.75,0.23319834138424886
austin,2026-05-02,1,2026-05-09,Flu ED visits pct,quantile,0.75,0.30746282537949965
baltimore,2026-05-02,1,2026-05-09,Flu ED visits pct,quantile,0.75,0.2977270537647072
bangor,2026-05-02,1,2026-05-09,Flu ED visits pct,quantile,0.75,0.28800149020546373
beaumont,2026-05-02,1,2026-05-09,Flu ED visits pct,quantile,0.75,0.3276768973881586
boston,2026-05-02,1,2026-05-09,Flu ED visits pct,quantile,0.75,0.3804200332551078
boulder,2026-05-02,1,2026-05-09,Flu ED visits pct,quantile,0.75,0.8941213397039522
charleston,2026-05-02,1,2026-05-09,Flu ED visits pct,quantile,0.75,0.2312859086066828
cherokee,2026-05-02,1,2026-05-09,Flu ED visits pct,quantile,0.75,0.3479584219968831
clt-area,2026-05-02,1,2026-05-09,Flu ED visits pct,quantile,0.75,0.8575815939951955
colorado,2026-05-02,1,2026-05-09,Flu ED visits pct,quantile,0.75,0.5989729661772185
colorado-springs,2026-05-02,1,2026-05-09,Flu ED visits pct,quantile,0.75,0.7408431467434171
columbia,2026-05-02,1,2026-05-09,Flu ED visits pct,quantile,0.75,0.21139476519958145
columbus,2026-05-02,1,2026-05-09,Flu ED visits pct,quantile,0.75,0.2606334215545004
dallas,2026-05-02,1,2026-05-09,Flu ED visits pct,quantile,0.75,0.2734910673789109
denver,2026-05-02,1,2026-05-09,Flu ED visits pct,quantile,0.75,0.6360665793298553
deschutes,2026-05-02,1,2026-05-09,Flu ED visits pct,quantile,0.75,0.3818771005990715
duluth,2026-05-02,1,2026-05-09,Flu ED visits pct,quantile,0.75,0.42561668929742225
el-paso,2026-05-02,1,2026-05-09,Flu ED visits pct,quantile,0.75,1.7677263998994583
eugene,2026-05-02,1,2026-05-09,Flu ED visits pct,quantile,0.75,0.15001513685924792
fay-area,2026-05-02,1,2026-05-09,Flu ED visits pct,quantile,0.75,0.9064778155752098
florence,2026-05-02,1,2026-05-09,Flu ED visits pct,quantile,0.75,0.25146644622536635
floyd,2026-05-02,1,2026-05-09,Flu ED visits pct,quantile,0.75,0.2524384623197274
frederick,2026-05-02,1,2026-05-09,Flu ED visits pct,quantile,0.75,0.46198900758086414
georgia,2026-05-02,1,2026-05-09,Flu ED visits pct,quantile,0.75,0.19425669511239116
greenville,2026-05-02,1,2026-05-09,Flu ED visits pct,quantile,0.75,0.3210107953214203
hall,2026-05-02,1,2026-05-09,Flu ED visits pct,quantile,0.75,0.23580846236138603
harford,2026-05-02,1,2026-05-09,Flu ED visits pct,quantile,0.75,0.1487868396469818
henry,2026-05-02,1,2026-05-09,Flu ED visits pct,quantile,0.75,0.2337171061321832
horry,2026-05-02,1,2026-05-09,Flu ED visits pct,quantile,0.75,0.2704757651581586
houston,2026-05-02,1,2026-05-09,Flu ED visits pct,quantile,0.75,0.35482179772894673
indiana,2026-05-02,1,2026-05-09,Flu ED visits pct,quantile,0.75,0.17592571778718502
indianapolis,2026-05-02,1,2026-05-09,Flu ED visits pct,quantile,0.75,0.17554075254189327
la-grange,2026-05-02,1,2026-05-09,Flu ED visits pct,quantile,0.75,0.3311078558572735
larimer,2026-05-02,1,2026-05-09,Flu ED visits pct,quantile,0.75,0.34191805548553433
lynn,2026-05-02,1,2026-05-09,Flu ED visits pct,quantile,0.75,0.47340180216821226
macon,2026-05-02,1,2026-05-09,Flu ED visits pct,quantile,0.75,0.1840986322593091
maine,2026-05-02,1,2026-05-09,Flu ED visits pct,quantile,0.75,0.39081882988117045
marietta,2026-05-02,1,2026-05-09,Flu ED visits pct,quantile,0.75,0.1804737976713272
maryland,2026-05-02,1,2026-05-09,Flu ED visits pct,quantile,0.75,0.23190573172660092
massachusetts,2026-05-02,1,2026-05-09,Flu ED visits pct,quantile,0.75,0.29953915357488026
medford,2026-05-02,1,2026-05-09,Flu ED visits pct,quantile,0.75,0.3481494093170605
mesa,2026-05-02,1,2026-05-09,Flu ED visits pct,quantile,0.75,0.1764946557005714
minneapolis,2026-05-02,1,2026-05-09,Flu ED visits pct,quantile,0.75,0.4911608878078725
minnesota,2026-05-02,1,2026-05-09,Flu ED visits pct,quantile,0.75,0.4207314001228894
montgomery,2026-05-02,1,2026-05-09,Flu ED visits pct,quantile,0.75,0.25974086888583164
nenc,2026-05-02,1,2026-05-09,Flu ED visits pct,quantile,0.75,0.1888622903129355
new-bedford,2026-05-02,1,2026-05-09,Flu ED visits pct,quantile,0.75,0.5316328216557744
north-carolina,2026-05-02,1,2026-05-09,Flu ED visits pct,quantile,0.75,0.45206184177534364
nyc,2026-05-02,1,2026-05-09,ILI ED visits pct,quantile,0.75,1.8438225052305885
ogden,2026-05-02,1,2026-05-09,Flu ED visits pct,quantile,0.75,0.24495981767099262
oregon,2026-05-02,1,2026-05-09,Flu ED visits pct,quantile,0.75,0.3225612795138946
pittsfield,2026-05-02,1,2026-05-09,Flu ED visits pct,quantile,0.75,0.35311660209126977
portland,2026-05-02,1,2026-05-09,Flu ED visits pct,quantile,0.75,0.34315217889204436
portland-or,2026-05-02,1,2026-05-09,Flu ED visits pct,quantile,0.75,0.3807397538605759
provo,2026-05-02,1,2026-05-09,Flu ED visits pct,quantile,0.75,0.35155429451875464
roanoke,2026-05-02,1,2026-05-09,Flu ED visits pct,quantile,0.75,0.3575290253122793
rochester,2026-05-02,1,2026-05-09,Flu ED visits pct,quantile,0.75,0.25365098570580635
rock-hill,2026-05-02,1,2026-05-09,Flu ED visits pct,quantile,0.75,0.17042150408777387
rtp-area,2026-05-02,1,2026-05-09,Flu ED visits pct,quantile,0.75,0.14402433457036978
salem,2026-05-02,1,2026-05-09,Flu ED visits pct,quantile,0.75,0.22717600634638044
salt-lake-city,2026-05-02,1,2026-05-09,Flu ED visits pct,quantile,0.75,0.26537241272333034
san-antonio,2026-05-02,1,2026-05-09,Flu ED visits pct,quantile,0.75,0.316147072698813
savannah,2026-05-02,1,2026-05-09,Flu ED visits pct,quantile,0.75,0.08917288585873548
senc,2026-05-02,1,2026-05-09,Flu ED visits pct,quantile,0.75,0.11916915546991409
south-augusta,2026-05-02,1,2026-05-09,Flu ED visits pct,quantile,0.75,0.3200916681314743
south-carolina,2026-05-02,1,2026-05-09,Flu ED visits pct,quantile,0.75,0.1789067586718884
springfield,2026-05-02,1,2026-05-09,Flu ED visits pct,quantile,0.75,0.4328583806844093
st-cloud,2026-05-02,1,2026-05-09,Flu ED visits pct,quantile,0.75,0.48067821720334514
st-paul,2026-05-02,1,2026-05-09,Flu ED visits pct,quantile,0.75,0.523464612748066
texas,2026-05-02,1,2026-05-09,Flu ED visits pct,quantile,0.75,0.3761912209171647
triad-area,2026-05-02,1,2026-05-09,Flu ED visits pct,quantile,0.75,0.3434922500534944
utah,2026-05-02,1,2026-05-09,Flu ED visits pct,quantile,0.75,0.2616686942665764
virginia,2026-05-02,1,2026-05-09,Flu ED visits pct,quantile,0.75,0.2730782960437916
weld,2026-05-02,1,2026-05-09,Flu ED visits pct,quantile,0.75,0.32545857765131286
wnc,2026-05-02,1,2026-05-09,Flu ED visits pct,quantile,0.75,0.2729018421636009
worcester,2026-05-02,1,2026-05-09,Flu ED visits pct,quantile,0.75,0.3547486646432058
athens,2026-05-02,2,2026-05-16,Flu ED visits pct,quantile,0.75,0.22051441703379857
austin,2026-05-02,2,2026-05-16,Flu ED visits pct,quantile,0.75,0.2904839485721911
baltimore,2026-05-02,2,2026-05-16,Flu ED visits pct,quantile,0.75,0.27583623221941417
bangor,2026-05-02,2,2026-05-16,Flu ED visits pct,quantile,0.75,0.28342747576994093
beaumont,2026-05-02,2,2026-05-16,Flu ED visits pct,quantile,0.75,0.30581725588249425
boston,2026-05-02,2,2026-05-16,Flu ED visits pct,quantile,0.75,0.35470256506808456
boulder,2026-05-02,2,2026-05-16,Flu ED visits pct,quantile,0.75,0.8274381660662139
charleston,2026-05-02,2,2026-05-16,Flu ED visits pct,quantile,0.75,0.2170425231691109
cherokee,2026-05-02,2,2026-05-16,Flu ED visits pct,quantile,0.75,0.3163003000883726
clt-area,2026-05-02,2,2026-05-16,Flu ED visits pct,quantile,0.75,0.7313636357450128
colorado,2026-05-02,2,2026-05-16,Flu ED visits pct,quantile,0.75,0.5626456997071433
colorado-springs,2026-05-02,2,2026-05-16,Flu ED visits pct,quantile,0.75,0.6812030376851941
columbia,2026-05-02,2,2026-05-16,Flu ED visits pct,quantile,0.75,0.19688935616582318
columbus,2026-05-02,2,2026-05-16,Flu ED visits pct,quantile,0.75,0.26003696852268804
dallas,2026-05-02,2,2026-05-16,Flu ED visits pct,quantile,0.75,0.254911968198614
denver,2026-05-02,2,2026-05-16,Flu ED visits pct,quantile,0.75,0.5983432698050595
deschutes,2026-05-02,2,2026-05-16,Flu ED visits pct,quantile,0.75,0.36016125714689207
duluth,2026-05-02,2,2026-05-16,Flu ED visits pct,quantile,0.75,0.39354333409519393
el-paso,2026-05-02,2,2026-05-16,Flu ED visits pct,quantile,0.75,1.6394928838796776
eugene,2026-05-02,2,2026-05-16,Flu ED visits pct,quantile,0.75,0.1395448535624831
fay-area,2026-05-02,2,2026-05-16,Flu ED visits pct,quantile,0.75,0.7697966506499908
florence,2026-05-02,2,2026-05-16,Flu ED visits pct,quantile,0.75,0.23704109396395578
floyd,2026-05-02,2,2026-05-16,Flu ED visits pct,quantile,0.75,0.23103978499354583
frederick,2026-05-02,2,2026-05-16,Flu ED visits pct,quantile,0.75,0.46851322187849265
georgia,2026-05-02,2,2026-05-16,Flu ED visits pct,quantile,0.75,0.18061171634548154
greenville,2026-05-02,2,2026-05-16,Flu ED visits pct,quantile,0.75,0.2908053635350981
hall,2026-05-02,2,2026-05-16,Flu ED visits pct,quantile,0.75,0.22494229020097653
harford,2026-05-02,2,2026-05-16,Flu ED visits pct,quantile,0.75,0.14582733924576244
henry,2026-05-02,2,2026-05-16,Flu ED visits pct,quantile,0.75,0.21434102536041652
horry,2026-05-02,2,2026-05-16,Flu ED visits pct,quantile,0.75,0.2558745697556713
houston,2026-05-02,2,2026-05-16,Flu ED visits pct,quantile,0.75,0.33560630721377965
indiana,2026-05-02,2,2026-05-16,Flu ED visits pct,quantile,0.75,0.1678023502224108
indianapolis,2026-05-02,2,2026-05-16,Flu ED visits pct,quantile,0.75,0.16900174454299274
la-grange,2026-05-02,2,2026-05-16,Flu ED visits pct,quantile,0.75,0.3095314268053173
larimer,2026-05-02,2,2026-05-16,Flu ED visits pct,quantile,0.75,0.31647042487884774
lynn,2026-05-02,2,2026-05-16,Flu ED visits pct,quantile,0.75,0.45053611516821446
macon,2026-05-02,2,2026-05-16,Flu ED visits pct,quantile,0.75,0.17207068554192145
maine,2026-05-02,2,2026-05-16,Flu ED visits pct,quantile,0.75,0.36285510246746805
marietta,2026-05-02,2,2026-05-16,Flu ED visits pct,quantile,0.75,0.16893687304374075
maryland,2026-05-02,2,2026-05-16,Flu ED visits pct,quantile,0.75,0.21412528558055022
massachusetts,2026-05-02,2,2026-05-16,Flu ED visits pct,quantile,0.75,0.27154571255987175
medford,2026-05-02,2,2026-05-16,Flu ED visits pct,quantile,0.75,0.3301250145325501
mesa,2026-05-02,2,2026-05-16,Flu ED visits pct,quantile,0.75,0.1737433128336252
minneapolis,2026-05-02,2,2026-05-16,Flu ED visits pct,quantile,0.75,0.45274312640729947
minnesota,2026-05-02,2,2026-05-16,Flu ED visits pct,quantile,0.75,0.39500211544214275
montgomery,2026-05-02,2,2026-05-16,Flu ED visits pct,quantile,0.75,0.2432968408955366
nenc,2026-05-02,2,2026-05-16,Flu ED visits pct,quantile,0.75,0.17276843609489234
new-bedford,2026-05-02,2,2026-05-16,Flu ED visits pct,quantile,0.75,0.49431627641974896
north-carolina,2026-05-02,2,2026-05-16,Flu ED visits pct,quantile,0.75,0.3957899900016996
nyc,2026-05-02,2,2026-05-16,ILI ED visits pct,quantile,0.75,1.7879671120989165
ogden,2026-05-02,2,2026-05-16,Flu ED visits pct,quantile,0.75,0.23676358986456084
oregon,2026-05-02,2,2026-05-16,Flu ED visits pct,quantile,0.75,0.30202468449094266
pittsfield,2026-05-02,2,2026-05-16,Flu ED visits pct,quantile,0.75,0.31229038939508674
portland,2026-05-02,2,2026-05-16,Flu ED visits pct,quantile,0.75,0.3195398568701198
portland-or,2026-05-02,2,2026-05-16,Flu ED visits pct,quantile,0.75,0.3467679845262135
provo,2026-05-02,2,2026-05-16,Flu ED visits pct,quantile,0.75,0.32945272608998777
roanoke,2026-05-02,2,2026-05-16,Flu ED visits pct,quantile,0.75,0.32764727058615906
rochester,2026-05-02,2,2026-05-16,Flu ED visits pct,quantile,0.75,0.23907531627825962
rock-hill,2026-05-02,2,2026-05-16,Flu ED visits pct,quantile,0.75,0.17107984478668953
rtp-area,2026-05-02,2,2026-05-16,Flu ED visits pct,quantile,0.75,0.13076725067974448
salem,2026-05-02,2,2026-05-16,Flu ED visits pct,quantile,0.75,0.21335397044262613
salt-lake-city,2026-05-02,2,2026-05-16,Flu ED visits pct,quantile,0.75,0.2477605737950453
san-antonio,2026-05-02,2,2026-05-16,Flu ED visits pct,quantile,0.75,0.2993678554561079
savannah,2026-05-02,2,2026-05-16,Flu ED visits pct,quantile,0.75,0.08521819783403217
senc,2026-05-02,2,2026-05-16,Flu ED visits pct,quantile,0.75,0.1055004612374874
south-augusta,2026-05-02,2,2026-05-16,Flu ED visits pct,quantile,0.75,0.2986706774619178
south-carolina,2026-05-02,2,2026-05-16,Flu ED visits pct,quantile,0.75,0.1677752332775128
springfield,2026-05-02,2,2026-05-16,Flu ED visits pct,quantile,0.75,0.391897924050583
st-cloud,2026-05-02,2,2026-05-16,Flu ED visits pct,quantile,0.75,0.4351230561390546
st-paul,2026-05-02,2,2026-05-16,Flu ED visits pct,quantile,0.75,0.4828686306080746
texas,2026-05-02,2,2026-05-16,Flu ED visits pct,quantile,0.75,0.36198158713377104
triad-area,2026-05-02,2,2026-05-16,Flu ED visits pct,quantile,0.75,0.31348694575431685
utah,2026-05-02,2,2026-05-16,Flu ED visits pct,quantile,0.75,0.24546222312047067
virginia,2026-05-02,2,2026-05-16,Flu ED visits pct,quantile,0.75,0.257554850609913
weld,2026-05-02,2,2026-05-16,Flu ED visits pct,quantile,0.75,0.30004019663375653
wnc,2026-05-02,2,2026-05-16,Flu ED visits pct,quantile,0.75,0.2473969898224193
worcester,2026-05-02,2,2026-05-16,Flu ED visits pct,quantile,0.75,0.3279577334124126
athens,2026-05-02,3,2026-05-23,Flu ED visits pct,quantile,0.75,0.21309771053050441
austin,2026-05-02,3,2026-05-23,Flu ED visits pct,quantile,0.75,0.2810636858445526
baltimore,2026-05-02,3,2026-05-23,Flu ED visits pct,quantile,0.75,0.2648421587674164
bangor,2026-05-02,3,2026-05-23,Flu ED visits pct,quantile,0.75,0.28018409071455874
beaumont,2026-05-02,3,2026-05-23,Flu ED visits pct,quantile,0.75,0.30274518376508247
boston,2026-05-02,3,2026-05-23,Flu ED visits pct,quantile,0.75,0.34313973166579675
boulder,2026-05-02,3,2026-05-23,Flu ED visits pct,quantile,0.75,0.8072359450902683
charleston,2026-05-02,3,2026-05-23,Flu ED visits pct,quantile,0.75,0.20922453218201437
cherokee,2026-05-02,3,2026-05-23,Flu ED visits pct,quantile,0.75,0.30662785014325655
clt-area,2026-05-02,3,2026-05-23,Flu ED visits pct,quantile,0.75,0.6071232655101141
colorado,2026-05-02,3,2026-05-23,Flu ED visits pct,quantile,0.75,0.5404751547674893
colorado-springs,2026-05-02,3,2026-05-23,Flu ED visits pct,quantile,0.75,0.6503055894445996
columbia,2026-05-02,3,2026-05-23,Flu ED visits pct,quantile,0.75,0.19289599532077722
columbus,2026-05-02,3,2026-05-23,Flu ED visits pct,quantile,0.75,0.2663954154330018
dallas,2026-05-02,3,2026-05-23,Flu ED visits pct,quantile,0.75,0.2495475550868917
denver,2026-05-02,3,2026-05-23,Flu ED visits pct,quantile,0.75,0.5766007587868177
deschutes,2026-05-02,3,2026-05-23,Flu ED visits pct,quantile,0.75,0.35569603461068766
duluth,2026-05-02,3,2026-05-23,Flu ED visits pct,quantile,0.75,0.3789097339744344
el-paso,2026-05-02,3,2026-05-23,Flu ED visits pct,quantile,0.75,1.5653296635125749
eugene,2026-05-02,3,2026-05-23,Flu ED visits pct,quantile,0.75,0.13686480244366564
fay-area,2026-05-02,3,2026-05-23,Flu ED visits pct,quantile,0.75,0.6550294616980287
florence,2026-05-02,3,2026-05-23,Flu ED visits pct,quantile,0.75,0.234244190336915
floyd,2026-05-02,3,2026-05-23,Flu ED visits pct,quantile,0.75,0.22665980516193812
frederick,2026-05-02,3,2026-05-23,Flu ED visits pct,quantile,0.75,0.46742049257702795
georgia,2026-05-02,3,2026-05-23,Flu ED visits pct,quantile,0.75,0.17838630502422315
greenville,2026-05-02,3,2026-05-23,Flu ED visits pct,quantile,0.75,0.28561616314609833
hall,2026-05-02,3,2026-05-23,Flu ED visits pct,quantile,0.75,0.22158300928470268
harford,2026-05-02,3,2026-05-23,Flu ED visits pct,quantile,0.75,0.14733221103100175
henry,2026-05-02,3,2026-05-23,Flu ED visits pct,quantile,0.75,0.20981558441338408
horry,2026-05-02,3,2026-05-23,Flu ED visits pct,quantile,0.75,0.25638694712006366
houston,2026-05-02,3,2026-05-23,Flu ED visits pct,quantile,0.75,0.3325826024360864
indiana,2026-05-02,3,2026-05-23,Flu ED visits pct,quantile,0.75,0.1666804150660542
indianapolis,2026-05-02,3,2026-05-23,Flu ED visits pct,quantile,0.75,0.16846113428219633
la-grange,2026-05-02,3,2026-05-23,Flu ED visits pct,quantile,0.75,0.3037608162673569
larimer,2026-05-02,3,2026-05-23,Flu ED visits pct,quantile,0.75,0.3066783108437428
lynn,2026-05-02,3,2026-05-23,Flu ED visits pct,quantile,0.75,0.43709326362005047
macon,2026-05-02,3,2026-05-23,Flu ED visits pct,quantile,0.75,0.1703756045997732
maine,2026-05-02,3,2026-05-23,Flu ED visits pct,quantile,0.75,0.34972968166171603
marietta,2026-05-02,3,2026-05-23,Flu ED visits pct,quantile,0.75,0.16718475295637303
maryland,2026-05-02,3,2026-05-23,Flu ED visits pct,quantile,0.75,0.21058141644535563
massachusetts,2026-05-02,3,2026-05-23,Flu ED visits pct,quantile,0.75,0.26092273887399564
medford,2026-05-02,3,2026-05-23,Flu ED visits pct,quantile,0.75,0.3327529122661261
mesa,2026-05-02,3,2026-05-23,Flu ED visits pct,quantile,0.75,0.17883273356212603
minneapolis,2026-05-02,3,2026-05-23,Flu ED visits pct,quantile,0.75,0.44043979511852926
minnesota,2026-05-02,3,2026-05-23,Flu ED visits pct,quantile,0.75,0.3830709432585865
montgomery,2026-05-02,3,2026-05-23,Flu ED visits pct,quantile,0.75,0.24085833584286248
nenc,2026-05-02,3,2026-05-23,Flu ED visits pct,quantile,0.75,0.16541314672838797
new-bedford,2026-05-02,3,2026-05-23,Flu ED visits pct,quantile,0.75,0.47449295385327167
north-carolina,2026-05-02,3,2026-05-23,Flu ED visits pct,quantile,0.75,0.3557105103707595
nyc,2026-05-02,3,2026-05-23,ILI ED visits pct,quantile,0.75,1.7496644120613052
ogden,2026-05-02,3,2026-05-23,Flu ED visits pct,quantile,0.75,0.23547258718873634
oregon,2026-05-02,3,2026-05-23,Flu ED visits pct,quantile,0.75,0.2927670305688227
pittsfield,2026-05-02,3,2026-05-23,Flu ED visits pct,quantile,0.75,0.28986105176568283
portland,2026-05-02,3,2026-05-23,Flu ED visits pct,quantile,0.75,0.30860537209952654
portland-or,2026-05-02,3,2026-05-23,Flu ED visits pct,quantile,0.75,0.34356643131038866
provo,2026-05-02,3,2026-05-23,Flu ED visits pct,quantile,0.75,0.32787119633799683
roanoke,2026-05-02,3,2026-05-23,Flu ED visits pct,quantile,0.75,0.3210759166966991
rochester,2026-05-02,3,2026-05-23,Flu ED visits pct,quantile,0.75,0.23493274992940869
rock-hill,2026-05-02,3,2026-05-23,Flu ED visits pct,quantile,0.75,0.16909026053657097
rtp-area,2026-05-02,3,2026-05-23,Flu ED visits pct,quantile,0.75,0.12369558888501304
salem,2026-05-02,3,2026-05-23,Flu ED visits pct,quantile,0.75,0.2048878952739947
salt-lake-city,2026-05-02,3,2026-05-23,Flu ED visits pct,quantile,0.75,0.24220083918972996
san-antonio,2026-05-02,3,2026-05-23,Flu ED visits pct,quantile,0.75,0.29038924111660186
savannah,2026-05-02,3,2026-05-23,Flu ED visits pct,quantile,0.75,0.0850405411240944
senc,2026-05-02,3,2026-05-23,Flu ED visits pct,quantile,0.75,0.09838242899774596
south-augusta,2026-05-02,3,2026-05-23,Flu ED visits pct,quantile,0.75,0.2905615909850445
south-carolina,2026-05-02,3,2026-05-23,Flu ED visits pct,quantile,0.75,0.16524665356989382
springfield,2026-05-02,3,2026-05-23,Flu ED visits pct,quantile,0.75,0.3687924911905143
st-cloud,2026-05-02,3,2026-05-23,Flu ED visits pct,quantile,0.75,0.4210045308329666
st-paul,2026-05-02,3,2026-05-23,Flu ED visits pct,quantile,0.75,0.46935447588187146
texas,2026-05-02,3,2026-05-23,Flu ED visits pct,quantile,0.75,0.3520841865437113
triad-area,2026-05-02,3,2026-05-23,Flu ED visits pct,quantile,0.75,0.29184398667341177
utah,2026-05-02,3,2026-05-23,Flu ED visits pct,quantile,0.75,0.23914263259154764
virginia,2026-05-02,3,2026-05-23,Flu ED visits pct,quantile,0.75,0.25184746360403143
weld,2026-05-02,3,2026-05-23,Flu ED visits pct,quantile,0.75,0.28851947082798907
wnc,2026-05-02,3,2026-05-23,Flu ED visits pct,quantile,0.75,0.22553874933391052
worcester,2026-05-02,3,2026-05-23,Flu ED visits pct,quantile,0.75,0.3097654524785912
athens,2026-05-02,0,2026-05-02,Flu ED visits pct,quantile,0.9,0.3011326053434442
austin,2026-05-02,0,2026-05-02,Flu ED visits pct,quantile,0.9,0.3814932108818567
baltimore,2026-05-02,0,2026-05-02,Flu ED visits pct,quantile,0.9,0.38968550348433256
bangor,2026-05-02,0,2026-05-02,Flu ED visits pct,quantile,0.9,0.414769817186951
beaumont,2026-05-02,0,2026-05-02,Flu ED visits pct,quantile,0.9,0.41438029995297515
boston,2026-05-02,0,2026-05-02,Flu ED visits pct,quantile,0.9,0.5060805327845174
boulder,2026-05-02,0,2026-05-02,Flu ED visits pct,quantile,0.9,1.0623757518545303
charleston,2026-05-02,0,2026-05-02,Flu ED visits pct,quantile,0.9,0.2767631328684479
cherokee,2026-05-02,0,2026-05-02,Flu ED visits pct,quantile,0.9,0.49172740680593185
clt-area,2026-05-02,0,2026-05-02,Flu ED visits pct,quantile,0.9,1.0438297003964376
colorado,2026-05-02,0,2026-05-02,Flu ED visits pct,quantile,0.9,0.7342859830486878
colorado-springs,2026-05-02,0,2026-05-02,Flu ED visits pct,quantile,0.9,0.9068353921429932
columbia,2026-05-02,0,2026-05-02,Flu ED visits pct,quantile,0.9,0.28984692345016494
columbus,2026-05-02,0,2026-05-02,Flu ED visits pct,quantile,0.9,0.84566021401294
dallas,2026-05-02,0,2026-05-02,Flu ED visits pct,quantile,0.9,0.3572382960854937
denver,2026-05-02,0,2026-05-02,Flu ED visits pct,quantile,0.9,0.7765799273355495
deschutes,2026-05-02,0,2026-05-02,Flu ED visits pct,quantile,0.9,0.5375869376675909
duluth,2026-05-02,0,2026-05-02,Flu ED visits pct,quantile,0.9,0.5875130189555645
el-paso,2026-05-02,0,2026-05-02,Flu ED visits pct,quantile,0.9,1.9813301499862965
eugene,2026-05-02,0,2026-05-02,Flu ED visits pct,quantile,0.9,0.21022883828776207
fay-area,2026-05-02,0,2026-05-02,Flu ED visits pct,quantile,0.9,1.1143156357034778
florence,2026-05-02,0,2026-05-02,Flu ED visits pct,quantile,0.9,0.3957408139984252
floyd,2026-05-02,0,2026-05-02,Flu ED visits pct,quantile,0.9,0.3649803158909135
frederick,2026-05-02,0,2026-05-02,Flu ED visits pct,quantile,0.9,1.6411116896116569
georgia,2026-05-02,0,2026-05-02,Flu ED visits pct,quantile,0.9,0.2388961763060171
greenville,2026-05-02,0,2026-05-02,Flu ED visits pct,quantile,0.9,0.42398513102922797
hall,2026-05-02,0,2026-05-02,Flu ED visits pct,quantile,0.9,0.3248806078001341
harford,2026-05-02,0,2026-05-02,Flu ED visits pct,quantile,0.9,0.192610035286447
henry,2026-05-02,0,2026-05-02,Flu ED visits pct,quantile,0.9,0.3322345894293375
horry,2026-05-02,0,2026-05-02,Flu ED visits pct,quantile,0.9,0.3534997716155587
houston,2026-05-02,0,2026-05-02,Flu ED visits pct,quantile,0.9,0.43066300139885355
indiana,2026-05-02,0,2026-05-02,Flu ED visits pct,quantile,0.9,0.19339046320917855
indianapolis,2026-05-02,0,2026-05-02,Flu ED visits pct,quantile,0.9,0.23736081093013128
la-grange,2026-05-02,0,2026-05-02,Flu ED visits pct,quantile,0.9,0.4815738824286503
larimer,2026-05-02,0,2026-05-02,Flu ED visits pct,quantile,0.9,0.4610468310740571
lynn,2026-05-02,0,2026-05-02,Flu ED visits pct,quantile,0.9,0.6530842715761648
macon,2026-05-02,0,2026-05-02,Flu ED visits pct,quantile,0.9,0.24215926250929448
maine,2026-05-02,0,2026-05-02,Flu ED visits pct,quantile,0.9,0.5019411290169611
marietta,2026-05-02,0,2026-05-02,Flu ED visits pct,quantile,0.9,0.23319536081116712
maryland,2026-05-02,0,2026-05-02,Flu ED visits pct,quantile,0.9,0.30220453739058173
massachusetts,2026-05-02,0,2026-05-02,Flu ED visits pct,quantile,0.9,0.39406527653975265
medford,2026-05-02,0,2026-05-02,Flu ED visits pct,quantile,0.9,0.4928717311925107
mesa,2026-05-02,0,2026-05-02,Flu ED visits pct,quantile,0.9,0.2742481182928745
minneapolis,2026-05-02,0,2026-05-02,Flu ED visits pct,quantile,0.9,0.6418742251272729
minnesota,2026-05-02,0,2026-05-02,Flu ED visits pct,quantile,0.9,0.5319697337516418
montgomery,2026-05-02,0,2026-05-02,Flu ED visits pct,quantile,0.9,0.3594778982750778
nenc,2026-05-02,0,2026-05-02,Flu ED visits pct,quantile,0.9,0.2518569904181795
new-bedford,2026-05-02,0,2026-05-02,Flu ED visits pct,quantile,0.9,0.7546944074466174
north-carolina,2026-05-02,0,2026-05-02,Flu ED visits pct,quantile,0.9,0.5519180554689349
nyc,2026-05-02,0,2026-05-02,ILI ED visits pct,quantile,0.9,2.021586973566928
ogden,2026-05-02,0,2026-05-02,Flu ED visits pct,quantile,0.9,0.30729492333808844
oregon,2026-05-02,0,2026-05-02,Flu ED visits pct,quantile,0.9,0.39734882772182095
pittsfield,2026-05-02,0,2026-05-02,Flu ED visits pct,quantile,0.9,0.9212949234123233
portland,2026-05-02,0,2026-05-02,Flu ED visits pct,quantile,0.9,0.4930937260872583
portland-or,2026-05-02,0,2026-05-02,Flu ED visits pct,quantile,0.9,0.47945990286801243
provo,2026-05-02,0,2026-05-02,Flu ED visits pct,quantile,0.9,0.44856723037065005
roanoke,2026-05-02,0,2026-05-02,Flu ED visits pct,quantile,0.9,0.47176831407592146
rochester,2026-05-02,0,2026-05-02,Flu ED visits pct,quantile,0.9,0.33574327292511147
rock-hill,2026-05-02,0,2026-05-02,Flu ED visits pct,quantile,0.9,0.2323182457911751
rtp-area,2026-05-02,0,2026-05-02,Flu ED visits pct,quantile,0.9,0.19928855125142517
salem,2026-05-02,0,2026-05-02,Flu ED visits pct,quantile,0.9,0.2951238004138384
salt-lake-city,2026-05-02,0,2026-05-02,Flu ED visits pct,quantile,0.9,0.34062386996665334
san-antonio,2026-05-02,0,2026-05-02,Flu ED visits pct,quantile,0.9,0.39310581345196166
savannah,2026-05-02,0,2026-05-02,Flu ED visits pct,quantile,0.9,0.1335647675484237
senc,2026-05-02,0,2026-05-02,Flu ED visits pct,quantile,0.9,0.17807018850787096
south-augusta,2026-05-02,0,2026-05-02,Flu ED visits pct,quantile,0.9,0.4325112506677994
south-carolina,2026-05-02,0,2026-05-02,Flu ED visits pct,quantile,0.9,0.22049909033895299
springfield,2026-05-02,0,2026-05-02,Flu ED visits pct,quantile,0.9,0.7195831848604173
st-cloud,2026-05-02,0,2026-05-02,Flu ED visits pct,quantile,0.9,0.6565496828373061
st-paul,2026-05-02,0,2026-05-02,Flu ED visits pct,quantile,0.9,0.6679092341419364
texas,2026-05-02,0,2026-05-02,Flu ED visits pct,quantile,0.9,0.4564019860714924
triad-area,2026-05-02,0,2026-05-02,Flu ED visits pct,quantile,0.9,0.4362653882590105
utah,2026-05-02,0,2026-05-02,Flu ED visits pct,quantile,0.9,0.32219944776577014
virginia,2026-05-02,0,2026-05-02,Flu ED visits pct,quantile,0.9,0.31757963926141225
weld,2026-05-02,0,2026-05-02,Flu ED visits pct,quantile,0.9,0.44118970284743814
wnc,2026-05-02,0,2026-05-02,Flu ED visits pct,quantile,0.9,0.3507631398841604
worcester,2026-05-02,0,2026-05-02,Flu ED visits pct,quantile,0.9,0.5192623101021838
athens,2026-05-02,1,2026-05-09,Flu ED visits pct,quantile,0.9,0.2779887648523145
austin,2026-05-02,1,2026-05-09,Flu ED visits pct,quantile,0.9,0.3650153578761532
baltimore,2026-05-02,1,2026-05-09,Flu ED visits pct,quantile,0.9,0.35747359938889656
bangor,2026-05-02,1,2026-05-09,Flu ED visits pct,quantile,0.9,0.4033581468695347
beaumont,2026-05-02,1,2026-05-09,Flu ED visits pct,quantile,0.9,0.39056375923486947
boston,2026-05-02,1,2026-05-09,Flu ED visits pct,quantile,0.9,0.47116666081315495
boulder,2026-05-02,1,2026-05-09,Flu ED visits pct,quantile,0.9,0.9928978973406843
charleston,2026-05-02,1,2026-05-09,Flu ED visits pct,quantile,0.9,0.2631085864478737
cherokee,2026-05-02,1,2026-05-09,Flu ED visits pct,quantile,0.9,0.44771584873212317
clt-area,2026-05-02,1,2026-05-09,Flu ED visits pct,quantile,0.9,0.9805377047773309
colorado,2026-05-02,1,2026-05-09,Flu ED visits pct,quantile,0.9,0.7007923250365331
colorado-springs,2026-05-02,1,2026-05-09,Flu ED visits pct,quantile,0.9,0.8489573780738575
columbia,2026-05-02,1,2026-05-09,Flu ED visits pct,quantile,0.9,0.2695915732448163
columbus,2026-05-02,1,2026-05-09,Flu ED visits pct,quantile,0.9,0.8292770430477107
dallas,2026-05-02,1,2026-05-09,Flu ED visits pct,quantile,0.9,0.3376963561366247
denver,2026-05-02,1,2026-05-09,Flu ED visits pct,quantile,0.9,0.727267985782901
deschutes,2026-05-02,1,2026-05-09,Flu ED visits pct,quantile,0.9,0.5036716740467483
duluth,2026-05-02,1,2026-05-09,Flu ED visits pct,quantile,0.9,0.5416550533085265
el-paso,2026-05-02,1,2026-05-09,Flu ED visits pct,quantile,0.9,1.9435598164997923
eugene,2026-05-02,1,2026-05-09,Flu ED visits pct,quantile,0.9,0.1971179113996748
fay-area,2026-05-02,1,2026-05-09,Flu ED visits pct,quantile,0.9,1.0692229665870714
florence,2026-05-02,1,2026-05-09,Flu ED visits pct,quantile,0.9,0.38692502721734356
floyd,2026-05-02,1,2026-05-09,Flu ED visits pct,quantile,0.9,0.34154306340481605
frederick,2026-05-02,1,2026-05-09,Flu ED visits pct,quantile,0.9,1.6059735046972363
georgia,2026-05-02,1,2026-05-09,Flu ED visits pct,quantile,0.9,0.22681882058678812
greenville,2026-05-02,1,2026-05-09,Flu ED visits pct,quantile,0.9,0.3914825199541243
hall,2026-05-02,1,2026-05-09,Flu ED visits pct,quantile,0.9,0.30520495924065455
harford,2026-05-02,1,2026-05-09,Flu ED visits pct,quantile,0.9,0.18525530835421233
henry,2026-05-02,1,2026-05-09,Flu ED visits pct,quantile,0.9,0.30336041632473126
horry,2026-05-02,1,2026-05-09,Flu ED visits pct,quantile,0.9,0.3373389662225049
houston,2026-05-02,1,2026-05-09,Flu ED visits pct,quantile,0.9,0.40332960164707615
indiana,2026-05-02,1,2026-05-09,Flu ED visits pct,quantile,0.9,0.17768444024801527
indianapolis,2026-05-02,1,2026-05-09,Flu ED visits pct,quantile,0.9,0.22825462993809875
la-grange,2026-05-02,1,2026-05-09,Flu ED visits pct,quantile,0.9,0.45136885634107327
larimer,2026-05-02,1,2026-05-09,Flu ED visits pct,quantile,0.9,0.43307217411822924
lynn,2026-05-02,1,2026-05-09,Flu ED visits pct,quantile,0.9,0.6206829201541858
macon,2026-05-02,1,2026-05-09,Flu ED visits pct,quantile,0.9,0.22710883845276805
maine,2026-05-02,1,2026-05-09,Flu ED visits pct,quantile,0.9,0.4834166231888288
marietta,2026-05-02,1,2026-05-09,Flu ED visits pct,quantile,0.9,0.22315834675414548
maryland,2026-05-02,1,2026-05-09,Flu ED visits pct,quantile,0.9,0.28764766800773506
massachusetts,2026-05-02,1,2026-05-09,Flu ED visits pct,quantile,0.9,0.377810171447437
medford,2026-05-02,1,2026-05-09,Flu ED visits pct,quantile,0.9,0.48064593490371077
mesa,2026-05-02,1,2026-05-09,Flu ED visits pct,quantile,0.9,0.27718026966966625
minneapolis,2026-05-02,1,2026-05-09,Flu ED visits pct,quantile,0.9,0.5999186870677982
minnesota,2026-05-02,1,2026-05-09,Flu ED visits pct,quantile,0.9,0.4985432872244919
montgomery,2026-05-02,1,2026-05-09,Flu ED visits pct,quantile,0.9,0.33882886932274603
nenc,2026-05-02,1,2026-05-09,Flu ED visits pct,quantile,0.9,0.23760293634669785
new-bedford,2026-05-02,1,2026-05-09,Flu ED visits pct,quantile,0.9,0.7166640899292929
north-carolina,2026-05-02,1,2026-05-09,Flu ED visits pct,quantile,0.9,0.5200817566853188
nyc,2026-05-02,1,2026-05-09,ILI ED visits pct,quantile,0.9,1.9403423835925293
ogden,2026-05-02,1,2026-05-09,Flu ED visits pct,quantile,0.9,0.30323040374396015
oregon,2026-05-02,1,2026-05-09,Flu ED visits pct,quantile,0.9,0.3754917739743429
pittsfield,2026-05-02,1,2026-05-09,Flu ED visits pct,quantile,0.9,0.8937882522137622
portland,2026-05-02,1,2026-05-09,Flu ED visits pct,quantile,0.9,0.4645288710494583
portland-or,2026-05-02,1,2026-05-09,Flu ED visits pct,quantile,0.9,0.4454845732519738
provo,2026-05-02,1,2026-05-09,Flu ED visits pct,quantile,0.9,0.4218981212206781
roanoke,2026-05-02,1,2026-05-09,Flu ED visits pct,quantile,0.9,0.43747097360045595
rochester,2026-05-02,1,2026-05-09,Flu ED visits pct,quantile,0.9,0.3180827764648289
rock-hill,2026-05-02,1,2026-05-09,Flu ED visits pct,quantile,0.9,0.21358493235104903
rtp-area,2026-05-02,1,2026-05-09,Flu ED visits pct,quantile,0.9,0.18933124631885578
salem,2026-05-02,1,2026-05-09,Flu ED visits pct,quantile,0.9,0.27768460047924404
salt-lake-city,2026-05-02,1,2026-05-09,Flu ED visits pct,quantile,0.9,0.3206398604470208
san-antonio,2026-05-02,1,2026-05-09,Flu ED visits pct,quantile,0.9,0.3673057740574734
savannah,2026-05-02,1,2026-05-09,Flu ED visits pct,quantile,0.9,0.12514851769339636
senc,2026-05-02,1,2026-05-09,Flu ED visits pct,quantile,0.9,0.1654090420581427
south-augusta,2026-05-02,1,2026-05-09,Flu ED visits pct,quantile,0.9,0.40701564420163117
south-carolina,2026-05-02,1,2026-05-09,Flu ED visits pct,quantile,0.9,0.20815868430332704
springfield,2026-05-02,1,2026-05-09,Flu ED visits pct,quantile,0.9,0.6792314990880475
st-cloud,2026-05-02,1,2026-05-09,Flu ED visits pct,quantile,0.9,0.6077182729385369
st-paul,2026-05-02,1,2026-05-09,Flu ED visits pct,quantile,0.9,0.6188321658727981
texas,2026-05-02,1,2026-05-09,Flu ED visits pct,quantile,0.9,0.453241863961259
triad-area,2026-05-02,1,2026-05-09,Flu ED visits pct,quantile,0.9,0.4134515146839677
utah,2026-05-02,1,2026-05-09,Flu ED visits pct,quantile,0.9,0.3092751402809488
virginia,2026-05-02,1,2026-05-09,Flu ED visits pct,quantile,0.9,0.3038279280907917
weld,2026-05-02,1,2026-05-09,Flu ED visits pct,quantile,0.9,0.419536133766817
wnc,2026-05-02,1,2026-05-09,Flu ED visits pct,quantile,0.9,0.3311963904228229
worcester,2026-05-02,1,2026-05-09,Flu ED visits pct,quantile,0.9,0.48298052858688983
athens,2026-05-02,2,2026-05-16,Flu ED visits pct,quantile,0.9,0.2769802960236579
austin,2026-05-02,2,2026-05-16,Flu ED visits pct,quantile,0.9,0.3566651856838446
baltimore,2026-05-02,2,2026-05-16,Flu ED visits pct,quantile,0.9,0.35555897421449634
bangor,2026-05-02,2,2026-05-16,Flu ED visits pct,quantile,0.9,0.37781939402776793
beaumont,2026-05-02,2,2026-05-16,Flu ED visits pct,quantile,0.9,0.4024411035217013
boston,2026-05-02,2,2026-05-16,Flu ED visits pct,quantile,0.9,0.47680619306219735
boulder,2026-05-02,2,2026-05-16,Flu ED visits pct,quantile,0.9,1.0098019501532454
charleston,2026-05-02,2,2026-05-16,Flu ED visits pct,quantile,0.9,0.25226616291223486
cherokee,2026-05-02,2,2026-05-16,Flu ED visits pct,quantile,0.9,0.4455578342175454
clt-area,2026-05-02,2,2026-05-16,Flu ED visits pct,quantile,0.9,0.9262961020559843
colorado,2026-05-02,2,2026-05-16,Flu ED visits pct,quantile,0.9,0.6967314136840863
colorado-springs,2026-05-02,2,2026-05-16,Flu ED visits pct,quantile,0.9,0.8496672292759837
columbia,2026-05-02,2,2026-05-16,Flu ED visits pct,quantile,0.9,0.2636800800455372
columbus,2026-05-02,2,2026-05-16,Flu ED visits pct,quantile,0.9,0.8202507046793512
dallas,2026-05-02,2,2026-05-16,Flu ED visits pct,quantile,0.9,0.328818060046115
denver,2026-05-02,2,2026-05-16,Flu ED visits pct,quantile,0.9,0.7179557931729008
deschutes,2026-05-02,2,2026-05-16,Flu ED visits pct,quantile,0.9,0.5093080841680024
duluth,2026-05-02,2,2026-05-16,Flu ED visits pct,quantile,0.9,0.5375169007686728
el-paso,2026-05-02,2,2026-05-16,Flu ED visits pct,quantile,0.9,1.961493804759599
eugene,2026-05-02,2,2026-05-16,Flu ED visits pct,quantile,0.9,0.1886491692085179
fay-area,2026-05-02,2,2026-05-16,Flu ED visits pct,quantile,0.9,1.0244978649070544
florence,2026-05-02,2,2026-05-16,Flu ED visits pct,quantile,0.9,0.3622527335952896
floyd,2026-05-02,2,2026-05-16,Flu ED visits pct,quantile,0.9,0.35120714924191476
frederick,2026-05-02,2,2026-05-16,Flu ED visits pct,quantile,0.9,1.590023876454202
georgia,2026-05-02,2,2026-05-16,Flu ED visits pct,quantile,0.9,0.23074903550354361
greenville,2026-05-02,2,2026-05-16,Flu ED visits pct,quantile,0.9,0.38473728281236
hall,2026-05-02,2,2026-05-16,Flu ED visits pct,quantile,0.9,0.29881342307316067
harford,2026-05-02,2,2026-05-16,Flu ED visits pct,quantile,0.9,0.18140478765080809
henry,2026-05-02,2,2026-05-16,Flu ED visits pct,quantile,0.9,0.3053622835767368
horry,2026-05-02,2,2026-05-16,Flu ED visits pct,quantile,0.9,0.32801822181402934
houston,2026-05-02,2,2026-05-16,Flu ED visits pct,quantile,0.9,0.41065526559253274
indiana,2026-05-02,2,2026-05-16,Flu ED visits pct,quantile,0.9,0.18603255382730033
indianapolis,2026-05-02,2,2026-05-16,Flu ED visits pct,quantile,0.9,0.21982886466294446
la-grange,2026-05-02,2,2026-05-16,Flu ED visits pct,quantile,0.9,0.45125612289638123
larimer,2026-05-02,2,2026-05-16,Flu ED visits pct,quantile,0.9,0.43519288844352655
lynn,2026-05-02,2,2026-05-16,Flu ED visits pct,quantile,0.9,0.6270209286552696
macon,2026-05-02,2,2026-05-16,Flu ED visits pct,quantile,0.9,0.22545063370798787
maine,2026-05-02,2,2026-05-16,Flu ED visits pct,quantile,0.9,0.4799564151461678
marietta,2026-05-02,2,2026-05-16,Flu ED visits pct,quantile,0.9,0.20987730572821098
maryland,2026-05-02,2,2026-05-16,Flu ED visits pct,quantile,0.9,0.2863379912846557
massachusetts,2026-05-02,2,2026-05-16,Flu ED visits pct,quantile,0.9,0.37728376226011906
medford,2026-05-02,2,2026-05-16,Flu ED visits pct,quantile,0.9,0.48889842242717807
mesa,2026-05-02,2,2026-05-16,Flu ED visits pct,quantile,0.9,0.2628193987990967
minneapolis,2026-05-02,2,2026-05-16,Flu ED visits pct,quantile,0.9,0.5929115610552205
minnesota,2026-05-02,2,2026-05-16,Flu ED visits pct,quantile,0.9,0.4960596177152865
montgomery,2026-05-02,2,2026-05-16,Flu ED visits pct,quantile,0.9,0.3317964454834656
nenc,2026-05-02,2,2026-05-16,Flu ED visits pct,quantile,0.9,0.2336829371568823
new-bedford,2026-05-02,2,2026-05-16,Flu ED visits pct,quantile,0.9,0.7132770952125513
north-carolina,2026-05-02,2,2026-05-16,Flu ED visits pct,quantile,0.9,0.5069221098296358
nyc,2026-05-02,2,2026-05-16,ILI ED visits pct,quantile,0.9,1.9300453472333163
ogden,2026-05-02,2,2026-05-16,Flu ED visits pct,quantile,0.9,0.28609840686689314
oregon,2026-05-02,2,2026-05-16,Flu ED visits pct,quantile,0.9,0.3741620857359653
pittsfield,2026-05-02,2,2026-05-16,Flu ED visits pct,quantile,0.9,0.8812355939663653
portland,2026-05-02,2,2026-05-16,Flu ED visits pct,quantile,0.9,0.4616085740903038
portland-or,2026-05-02,2,2026-05-16,Flu ED visits pct,quantile,0.9,0.4455512394425151
provo,2026-05-02,2,2026-05-16,Flu ED visits pct,quantile,0.9,0.42448512295807794
roanoke,2026-05-02,2,2026-05-16,Flu ED visits pct,quantile,0.9,0.4364280913739028
rochester,2026-05-02,2,2026-05-16,Flu ED visits pct,quantile,0.9,0.3006294994287606
rock-hill,2026-05-02,2,2026-05-16,Flu ED visits pct,quantile,0.9,0.2184352045492666
rtp-area,2026-05-02,2,2026-05-16,Flu ED visits pct,quantile,0.9,0.1877162894467219
salem,2026-05-02,2,2026-05-16,Flu ED visits pct,quantile,0.9,0.2662155739744471
salt-lake-city,2026-05-02,2,2026-05-16,Flu ED visits pct,quantile,0.9,0.3269856302033676
san-antonio,2026-05-02,2,2026-05-16,Flu ED visits pct,quantile,0.9,0.3686918773715085
savannah,2026-05-02,2,2026-05-16,Flu ED visits pct,quantile,0.9,0.12335880431155348
senc,2026-05-02,2,2026-05-16,Flu ED visits pct,quantile,0.9,0.16014193965817428
south-augusta,2026-05-02,2,2026-05-16,Flu ED visits pct,quantile,0.9,0.410430511173853
south-carolina,2026-05-02,2,2026-05-16,Flu ED visits pct,quantile,0.9,0.21505988322189942
springfield,2026-05-02,2,2026-05-16,Flu ED visits pct,quantile,0.9,0.6749485835987092
st-cloud,2026-05-02,2,2026-05-16,Flu ED visits pct,quantile,0.9,0.6139025898229672
st-paul,2026-05-02,2,2026-05-16,Flu ED visits pct,quantile,0.9,0.6167220242242424
texas,2026-05-02,2,2026-05-16,Flu ED visits pct,quantile,0.9,0.46933587056769793
triad-area,2026-05-02,2,2026-05-16,Flu ED visits pct,quantile,0.9,0.40935895269779077
utah,2026-05-02,2,2026-05-16,Flu ED visits pct,quantile,0.9,0.312784293046606
virginia,2026-05-02,2,2026-05-16,Flu ED visits pct,quantile,0.9,0.31248424033305267
weld,2026-05-02,2,2026-05-16,Flu ED visits pct,quantile,0.9,0.41689538373665797
wnc,2026-05-02,2,2026-05-16,Flu ED visits pct,quantile,0.9,0.32537296265385895
worcester,2026-05-02,2,2026-05-16,Flu ED visits pct,quantile,0.9,0.47880293039924726
athens,2026-05-02,3,2026-05-23,Flu ED visits pct,quantile,0.9,0.27381561817000855
austin,2026-05-02,3,2026-05-23,Flu ED visits pct,quantile,0.9,0.3712461637591467
baltimore,2026-05-02,3,2026-05-23,Flu ED visits pct,quantile,0.9,0.3677262332600834
bangor,2026-05-02,3,2026-05-23,Flu ED visits pct,quantile,0.9,0.3705062911918472
beaumont,2026-05-02,3,2026-05-23,Flu ED visits pct,quantile,0.9,0.4291801540789131
boston,2026-05-02,3,2026-05-23,Flu ED visits pct,quantile,0.9,0.4831518717515417
boulder,2026-05-02,3,2026-05-23,Flu ED visits pct,quantile,0.9,1.0245787218054596
charleston,2026-05-02,3,2026-05-23,Flu ED visits pct,quantile,0.9,0.26054409206725043
cherokee,2026-05-02,3,2026-05-23,Flu ED visits pct,quantile,0.9,0.46082832603707735
clt-area,2026-05-02,3,2026-05-23,Flu ED visits pct,quantile,0.9,0.8629152845493374
colorado,2026-05-02,3,2026-05-23,Flu ED visits pct,quantile,0.9,0.706317091505473
colorado-springs,2026-05-02,3,2026-05-23,Flu ED visits pct,quantile,0.9,0.8563473601336566
columbia,2026-05-02,3,2026-05-23,Flu ED visits pct,quantile,0.9,0.27984569798956577
columbus,2026-05-02,3,2026-05-23,Flu ED visits pct,quantile,0.9,0.8270261460567101
dallas,2026-05-02,3,2026-05-23,Flu ED visits pct,quantile,0.9,0.34200804100563126
denver,2026-05-02,3,2026-05-23,Flu ED visits pct,quantile,0.9,0.7242178124568662
deschutes,2026-05-02,3,2026-05-23,Flu ED visits pct,quantile,0.9,0.529865484146076
duluth,2026-05-02,3,2026-05-23,Flu ED visits pct,quantile,0.9,0.5354957232806739
el-paso,2026-05-02,3,2026-05-23,Flu ED visits pct,quantile,0.9,1.9839909506500644
eugene,2026-05-02,3,2026-05-23,Flu ED visits pct,quantile,0.9,0.19917318553366276
fay-area,2026-05-02,3,2026-05-23,Flu ED visits pct,quantile,0.9,0.9805830677331956
florence,2026-05-02,3,2026-05-23,Flu ED visits pct,quantile,0.9,0.3713728234368086
floyd,2026-05-02,3,2026-05-23,Flu ED visits pct,quantile,0.9,0.3540367472250041
frederick,2026-05-02,3,2026-05-23,Flu ED visits pct,quantile,0.9,1.5583335165952066
georgia,2026-05-02,3,2026-05-23,Flu ED visits pct,quantile,0.9,0.2404439714037116
greenville,2026-05-02,3,2026-05-23,Flu ED visits pct,quantile,0.9,0.39161003708687764
hall,2026-05-02,3,2026-05-23,Flu ED visits pct,quantile,0.9,0.301654737109075
harford,2026-05-02,3,2026-05-23,Flu ED visits pct,quantile,0.9,0.1837637696770358
henry,2026-05-02,3,2026-05-23,Flu ED visits pct,quantile,0.9,0.3216759387510977
horry,2026-05-02,3,2026-05-23,Flu ED visits pct,quantile,0.9,0.3290389006468013
houston,2026-05-02,3,2026-05-23,Flu ED visits pct,quantile,0.9,0.42860080505453196
indiana,2026-05-02,3,2026-05-23,Flu ED visits pct,quantile,0.9,0.19730646475126362
indianapolis,2026-05-02,3,2026-05-23,Flu ED visits pct,quantile,0.9,0.232945654926631
la-grange,2026-05-02,3,2026-05-23,Flu ED visits pct,quantile,0.9,0.4618456639665326
larimer,2026-05-02,3,2026-05-23,Flu ED visits pct,quantile,0.9,0.43752823066645435
lynn,2026-05-02,3,2026-05-23,Flu ED visits pct,quantile,0.9,0.6407331776373938
macon,2026-05-02,3,2026-05-23,Flu ED visits pct,quantile,0.9,0.23584930086270142
maine,2026-05-02,3,2026-05-23,Flu ED visits pct,quantile,0.9,0.4914647406738665
marietta,2026-05-02,3,2026-05-23,Flu ED visits pct,quantile,0.9,0.2148868772576335
maryland,2026-05-02,3,2026-05-23,Flu ED visits pct,quantile,0.9,0.29094098073864805
massachusetts,2026-05-02,3,2026-05-23,Flu ED visits pct,quantile,0.9,0.38191709548629965
medford,2026-05-02,3,2026-05-23,Flu ED visits pct,quantile,0.9,0.517747643220991
mesa,2026-05-02,3,2026-05-23,Flu ED visits pct,quantile,0.9,0.2803741132033267
minneapolis,2026-05-02,3,2026-05-23,Flu ED visits pct,quantile,0.9,0.6147479952153677
minnesota,2026-05-02,3,2026-05-23,Flu ED visits pct,quantile,0.9,0.5032193041162697
montgomery,2026-05-02,3,2026-05-23,Flu ED visits pct,quantile,0.9,0.33615026382556423
nenc,2026-05-02,3,2026-05-23,Flu ED visits pct,quantile,0.9,0.23401758115520663
new-bedford,2026-05-02,3,2026-05-23,Flu ED visits pct,quantile,0.9,0.7146368624988315
north-carolina,2026-05-02,3,2026-05-23,Flu ED visits pct,quantile,0.9,0.49494432919748255
nyc,2026-05-02,3,2026-05-23,ILI ED visits pct,quantile,0.9,1.9612761916033923
ogden,2026-05-02,3,2026-05-23,Flu ED visits pct,quantile,0.9,0.30015492213095124
oregon,2026-05-02,3,2026-05-23,Flu ED visits pct,quantile,0.9,0.3860403764284643
pittsfield,2026-05-02,3,2026-05-23,Flu ED visits pct,quantile,0.9,0.8280342285734642
portland,2026-05-02,3,2026-05-23,Flu ED visits pct,quantile,0.9,0.460802998989832
portland-or,2026-05-02,3,2026-05-23,Flu ED visits pct,quantile,0.9,0.4548723232773674
provo,2026-05-02,3,2026-05-23,Flu ED visits pct,quantile,0.9,0.44088956742539387
roanoke,2026-05-02,3,2026-05-23,Flu ED visits pct,quantile,0.9,0.44943066286012423
rochester,2026-05-02,3,2026-05-23,Flu ED visits pct,quantile,0.9,0.30981973989854567
rock-hill,2026-05-02,3,2026-05-23,Flu ED visits pct,quantile,0.9,0.2145051569691201
rtp-area,2026-05-02,3,2026-05-23,Flu ED visits pct,quantile,0.9,0.18998683577349845
salem,2026-05-02,3,2026-05-23,Flu ED visits pct,quantile,0.9,0.26964719884771643
salt-lake-city,2026-05-02,3,2026-05-23,Flu ED visits pct,quantile,0.9,0.33821149419252305
san-antonio,2026-05-02,3,2026-05-23,Flu ED visits pct,quantile,0.9,0.38438541287326433
savannah,2026-05-02,3,2026-05-23,Flu ED visits pct,quantile,0.9,0.12331338488481224
senc,2026-05-02,3,2026-05-23,Flu ED visits pct,quantile,0.9,0.15887880660902295
south-augusta,2026-05-02,3,2026-05-23,Flu ED visits pct,quantile,0.9,0.4191359359803838
south-carolina,2026-05-02,3,2026-05-23,Flu ED visits pct,quantile,0.9,0.22596492651823225
springfield,2026-05-02,3,2026-05-23,Flu ED visits pct,quantile,0.9,0.6554953227947227
st-cloud,2026-05-02,3,2026-05-23,Flu ED visits pct,quantile,0.9,0.6187029620560521
st-paul,2026-05-02,3,2026-05-23,Flu ED visits pct,quantile,0.9,0.6292021674846472
texas,2026-05-02,3,2026-05-23,Flu ED visits pct,quantile,0.9,0.4920811281573798
triad-area,2026-05-02,3,2026-05-23,Flu ED visits pct,quantile,0.9,0.4108588871025145
utah,2026-05-02,3,2026-05-23,Flu ED visits pct,quantile,0.9,0.32055136466573186
virginia,2026-05-02,3,2026-05-23,Flu ED visits pct,quantile,0.9,0.3223421496115458
weld,2026-05-02,3,2026-05-23,Flu ED visits pct,quantile,0.9,0.4253628422624408
wnc,2026-05-02,3,2026-05-23,Flu ED visits pct,quantile,0.9,0.3203613734769324
worcester,2026-05-02,3,2026-05-23,Flu ED visits pct,quantile,0.9,0.48013166830345416
athens,2026-05-02,0,2026-05-02,Flu ED visits pct,quantile,0.95,0.34331175168429573
austin,2026-05-02,0,2026-05-02,Flu ED visits pct,quantile,0.95,0.45360043424458313
baltimore,2026-05-02,0,2026-05-02,Flu ED visits pct,quantile,0.95,0.4662396756756221
bangor,2026-05-02,0,2026-05-02,Flu ED visits pct,quantile,0.95,0.5237448391537206
beaumont,2026-05-02,0,2026-05-02,Flu ED visits pct,quantile,0.95,0.5547995649842002
boston,2026-05-02,0,2026-05-02,Flu ED visits pct,quantile,0.95,0.6191375978079949
boulder,2026-05-02,0,2026-05-02,Flu ED visits pct,quantile,0.95,1.2017973076153217
charleston,2026-05-02,0,2026-05-02,Flu ED visits pct,quantile,0.95,0.317329748435059
cherokee,2026-05-02,0,2026-05-02,Flu ED visits pct,quantile,0.95,0.5805821651422396
clt-area,2026-05-02,0,2026-05-02,Flu ED visits pct,quantile,0.95,1.0747066688033142
colorado,2026-05-02,0,2026-05-02,Flu ED visits pct,quantile,0.95,0.7494097619699284
colorado-springs,2026-05-02,0,2026-05-02,Flu ED visits pct,quantile,0.95,1.0192298738091456
columbia,2026-05-02,0,2026-05-02,Flu ED visits pct,quantile,0.95,0.3898599845129403
columbus,2026-05-02,0,2026-05-02,Flu ED visits pct,quantile,0.95,0.9211889339189259
dallas,2026-05-02,0,2026-05-02,Flu ED visits pct,quantile,0.95,0.4349489363766636
denver,2026-05-02,0,2026-05-02,Flu ED visits pct,quantile,0.95,0.8466583329487776
deschutes,2026-05-02,0,2026-05-02,Flu ED visits pct,quantile,0.95,0.7333127460311297
duluth,2026-05-02,0,2026-05-02,Flu ED visits pct,quantile,0.95,0.6811472646408756
el-paso,2026-05-02,0,2026-05-02,Flu ED visits pct,quantile,0.95,2.303344278729861
eugene,2026-05-02,0,2026-05-02,Flu ED visits pct,quantile,0.95,0.26218867567399534
fay-area,2026-05-02,0,2026-05-02,Flu ED visits pct,quantile,0.95,1.178425538202936
florence,2026-05-02,0,2026-05-02,Flu ED visits pct,quantile,0.95,0.5308609589965863
floyd,2026-05-02,0,2026-05-02,Flu ED visits pct,quantile,0.95,0.47251002057481967
frederick,2026-05-02,0,2026-05-02,Flu ED visits pct,quantile,0.95,2.237090581882556
georgia,2026-05-02,0,2026-05-02,Flu ED visits pct,quantile,0.95,0.2664492685016258
greenville,2026-05-02,0,2026-05-02,Flu ED visits pct,quantile,0.95,0.5023320144954082
hall,2026-05-02,0,2026-05-02,Flu ED visits pct,quantile,0.95,0.42013193642639823
harford,2026-05-02,0,2026-05-02,Flu ED visits pct,quantile,0.95,0.22630924768636482
henry,2026-05-02,0,2026-05-02,Flu ED visits pct,quantile,0.95,0.4468301313456504
horry,2026-05-02,0,2026-05-02,Flu ED visits pct,quantile,0.95,0.4261557090097774
houston,2026-05-02,0,2026-05-02,Flu ED visits pct,quantile,0.95,0.513216049989957
indiana,2026-05-02,0,2026-05-02,Flu ED visits pct,quantile,0.95,0.23040065066680407
indianapolis,2026-05-02,0,2026-05-02,Flu ED visits pct,quantile,0.95,0.2973425276458191
la-grange,2026-05-02,0,2026-05-02,Flu ED visits pct,quantile,0.95,0.6718766328838621
larimer,2026-05-02,0,2026-05-02,Flu ED visits pct,quantile,0.95,0.5459509227447802
lynn,2026-05-02,0,2026-05-02,Flu ED visits pct,quantile,0.95,0.7823735313170029
macon,2026-05-02,0,2026-05-02,Flu ED visits pct,quantile,0.95,0.3206989265530361
maine,2026-05-02,0,2026-05-02,Flu ED visits pct,quantile,0.95,0.550280027668327
marietta,2026-05-02,0,2026-05-02,Flu ED visits pct,quantile,0.95,0.2929218127594621
maryland,2026-05-02,0,2026-05-02,Flu ED visits pct,quantile,0.95,0.3530858253898578
massachusetts,2026-05-02,0,2026-05-02,Flu ED visits pct,quantile,0.95,0.484419441614981
medford,2026-05-02,0,2026-05-02,Flu ED visits pct,quantile,0.95,0.6233240107283572
mesa,2026-05-02,0,2026-05-02,Flu ED visits pct,quantile,0.95,0.4002945775536407
minneapolis,2026-05-02,0,2026-05-02,Flu ED visits pct,quantile,0.95,0.7398577713486355
minnesota,2026-05-02,0,2026-05-02,Flu ED visits pct,quantile,0.95,0.5762546170685807
montgomery,2026-05-02,0,2026-05-02,Flu ED visits pct,quantile,0.95,0.45897085299154844
nenc,2026-05-02,0,2026-05-02,Flu ED visits pct,quantile,0.95,0.2788408015848455
new-bedford,2026-05-02,0,2026-05-02,Flu ED visits pct,quantile,0.95,1.0345388279737324
north-carolina,2026-05-02,0,2026-05-02,Flu ED visits pct,quantile,0.95,0.5852897871452547
nyc,2026-05-02,0,2026-05-02,ILI ED visits pct,quantile,0.95,2.1973061032163748
ogden,2026-05-02,0,2026-05-02,Flu ED visits pct,quantile,0.95,0.3837323500449667
oregon,2026-05-02,0,2026-05-02,Flu ED visits pct,quantile,0.95,0.4199360346839027
pittsfield,2026-05-02,0,2026-05-02,Flu ED visits pct,quantile,0.95,1.034444868243876
portland,2026-05-02,0,2026-05-02,Flu ED visits pct,quantile,0.95,0.6360094599377111
portland-or,2026-05-02,0,2026-05-02,Flu ED visits pct,quantile,0.95,0.5515425830627221
provo,2026-05-02,0,2026-05-02,Flu ED visits pct,quantile,0.95,0.6162492907019321
roanoke,2026-05-02,0,2026-05-02,Flu ED visits pct,quantile,0.95,0.5759478377179306
rochester,2026-05-02,0,2026-05-02,Flu ED visits pct,quantile,0.95,0.4326631304807542
rock-hill,2026-05-02,0,2026-05-02,Flu ED visits pct,quantile,0.95,0.27675463384161797
rtp-area,2026-05-02,0,2026-05-02,Flu ED visits pct,quantile,0.95,0.22749035062045372
salem,2026-05-02,0,2026-05-02,Flu ED visits pct,quantile,0.95,0.344872876097327
salt-lake-city,2026-05-02,0,2026-05-02,Flu ED visits pct,quantile,0.95,0.43216718002449717
san-antonio,2026-05-02,0,2026-05-02,Flu ED visits pct,quantile,0.95,0.46827665056749146
savannah,2026-05-02,0,2026-05-02,Flu ED visits pct,quantile,0.95,0.16387389024635776
senc,2026-05-02,0,2026-05-02,Flu ED visits pct,quantile,0.95,0.21212415098822035
south-augusta,2026-05-02,0,2026-05-02,Flu ED visits pct,quantile,0.95,0.5296474217625623
south-carolina,2026-05-02,0,2026-05-02,Flu ED visits pct,quantile,0.95,0.252650948367335
springfield,2026-05-02,0,2026-05-02,Flu ED visits pct,quantile,0.95,1.0308587081330862
st-cloud,2026-05-02,0,2026-05-02,Flu ED visits pct,quantile,0.95,0.7585931641585003
st-paul,2026-05-02,0,2026-05-02,Flu ED visits pct,quantile,0.95,0.7571664735451931
texas,2026-05-02,0,2026-05-02,Flu ED visits pct,quantile,0.95,0.4910060977852886
triad-area,2026-05-02,0,2026-05-02,Flu ED visits pct,quantile,0.95,0.46929325251100795
utah,2026-05-02,0,2026-05-02,Flu ED visits pct,quantile,0.95,0.3498237393066098
virginia,2026-05-02,0,2026-05-02,Flu ED visits pct,quantile,0.95,0.3616151466431469
weld,2026-05-02,0,2026-05-02,Flu ED visits pct,quantile,0.95,0.5389581891944363
wnc,2026-05-02,0,2026-05-02,Flu ED visits pct,quantile,0.95,0.37873784821892487
worcester,2026-05-02,0,2026-05-02,Flu ED visits pct,quantile,0.95,0.7196398810258848
athens,2026-05-02,1,2026-05-09,Flu ED visits pct,quantile,0.95,0.3228304824068702
austin,2026-05-02,1,2026-05-09,Flu ED visits pct,quantile,0.95,0.43356648918059004
baltimore,2026-05-02,1,2026-05-09,Flu ED visits pct,quantile,0.95,0.44802066996209106
bangor,2026-05-02,1,2026-05-09,Flu ED visits pct,quantile,0.95,0.4990317985689985
beaumont,2026-05-02,1,2026-05-09,Flu ED visits pct,quantile,0.95,0.5246642027253547
boston,2026-05-02,1,2026-05-09,Flu ED visits pct,quantile,0.95,0.5914329948859314
boulder,2026-05-02,1,2026-05-09,Flu ED visits pct,quantile,0.95,1.1725140386988646
charleston,2026-05-02,1,2026-05-09,Flu ED visits pct,quantile,0.95,0.3010272752008813
cherokee,2026-05-02,1,2026-05-09,Flu ED visits pct,quantile,0.95,0.55046232311214
clt-area,2026-05-02,1,2026-05-09,Flu ED visits pct,quantile,0.95,1.0400887376419665
colorado,2026-05-02,1,2026-05-09,Flu ED visits pct,quantile,0.95,0.7272891043767646
colorado-springs,2026-05-02,1,2026-05-09,Flu ED visits pct,quantile,0.95,0.9824002385899628
columbia,2026-05-02,1,2026-05-09,Flu ED visits pct,quantile,0.95,0.36614876765783005
columbus,2026-05-02,1,2026-05-09,Flu ED visits pct,quantile,0.95,0.90766720859494
dallas,2026-05-02,1,2026-05-09,Flu ED visits pct,quantile,0.95,0.40539347120489766
denver,2026-05-02,1,2026-05-09,Flu ED visits pct,quantile,0.95,0.8164487464769198
deschutes,2026-05-02,1,2026-05-09,Flu ED visits pct,quantile,0.95,0.7049999885797656
duluth,2026-05-02,1,2026-05-09,Flu ED visits pct,quantile,0.95,0.6530044404374744
el-paso,2026-05-02,1,2026-05-09,Flu ED visits pct,quantile,0.95,2.3473470411237525
eugene,2026-05-02,1,2026-05-09,Flu ED visits pct,quantile,0.95,0.2507091641711627
fay-area,2026-05-02,1,2026-05-09,Flu ED visits pct,quantile,0.95,1.1486534169835767
florence,2026-05-02,1,2026-05-09,Flu ED visits pct,quantile,0.95,0.5073945879494428
floyd,2026-05-02,1,2026-05-09,Flu ED visits pct,quantile,0.95,0.45360593210874056
frederick,2026-05-02,1,2026-05-09,Flu ED visits pct,quantile,0.95,2.228573620003154
georgia,2026-05-02,1,2026-05-09,Flu ED visits pct,quantile,0.95,0.2570041261814627
greenville,2026-05-02,1,2026-05-09,Flu ED visits pct,quantile,0.95,0.47738010157019434
hall,2026-05-02,1,2026-05-09,Flu ED visits pct,quantile,0.95,0.3878436258549616
harford,2026-05-02,1,2026-05-09,Flu ED visits pct,quantile,0.95,0.21193021163145312
henry,2026-05-02,1,2026-05-09,Flu ED visits pct,quantile,0.95,0.4352476144230625
horry,2026-05-02,1,2026-05-09,Flu ED visits pct,quantile,0.95,0.40897961081565726
houston,2026-05-02,1,2026-05-09,Flu ED visits pct,quantile,0.95,0.49660527194857684
indiana,2026-05-02,1,2026-05-09,Flu ED visits pct,quantile,0.95,0.22299010494906368
indianapolis,2026-05-02,1,2026-05-09,Flu ED visits pct,quantile,0.95,0.2819914511537074
la-grange,2026-05-02,1,2026-05-09,Flu ED visits pct,quantile,0.95,0.6619528647751202
larimer,2026-05-02,1,2026-05-09,Flu ED visits pct,quantile,0.95,0.5251942210204253
lynn,2026-05-02,1,2026-05-09,Flu ED visits pct,quantile,0.95,0.7488291897065539
macon,2026-05-02,1,2026-05-09,Flu ED visits pct,quantile,0.95,0.31284232001206075
maine,2026-05-02,1,2026-05-09,Flu ED visits pct,quantile,0.95,0.5331769899020188
marietta,2026-05-02,1,2026-05-09,Flu ED visits pct,quantile,0.95,0.27613941439096323
maryland,2026-05-02,1,2026-05-09,Flu ED visits pct,quantile,0.95,0.34177280697524376
massachusetts,2026-05-02,1,2026-05-09,Flu ED visits pct,quantile,0.95,0.4723138049218952
medford,2026-05-02,1,2026-05-09,Flu ED visits pct,quantile,0.95,0.6329228112512839
mesa,2026-05-02,1,2026-05-09,Flu ED visits pct,quantile,0.95,0.3928381914727105
minneapolis,2026-05-02,1,2026-05-09,Flu ED visits pct,quantile,0.95,0.7084113074498053
minnesota,2026-05-02,1,2026-05-09,Flu ED visits pct,quantile,0.95,0.55427569567212
montgomery,2026-05-02,1,2026-05-09,Flu ED visits pct,quantile,0.95,0.4369989718936478
nenc,2026-05-02,1,2026-05-09,Flu ED visits pct,quantile,0.95,0.26520726118327076
new-bedford,2026-05-02,1,2026-05-09,Flu ED visits pct,quantile,0.95,0.9924753440081
north-carolina,2026-05-02,1,2026-05-09,Flu ED visits pct,quantile,0.95,0.5635064982983875
nyc,2026-05-02,1,2026-05-09,ILI ED visits pct,quantile,0.95,2.1140209259588403
ogden,2026-05-02,1,2026-05-09,Flu ED visits pct,quantile,0.95,0.3689325569644865
oregon,2026-05-02,1,2026-05-09,Flu ED visits pct,quantile,0.95,0.40478524507974833
pittsfield,2026-05-02,1,2026-05-09,Flu ED visits pct,quantile,0.95,1.0010310684711545
portland,2026-05-02,1,2026-05-09,Flu ED visits pct,quantile,0.95,0.6213114426723483
portland-or,2026-05-02,1,2026-05-09,Flu ED visits pct,quantile,0.95,0.5326235542964485
provo,2026-05-02,1,2026-05-09,Flu ED visits pct,quantile,0.95,0.6042507830127077
roanoke,2026-05-02,1,2026-05-09,Flu ED visits pct,quantile,0.95,0.5550914421954696
rochester,2026-05-02,1,2026-05-09,Flu ED visits pct,quantile,0.95,0.39814797335678354
rock-hill,2026-05-02,1,2026-05-09,Flu ED visits pct,quantile,0.95,0.26253129760340826
rtp-area,2026-05-02,1,2026-05-09,Flu ED visits pct,quantile,0.95,0.21815833586953962
salem,2026-05-02,1,2026-05-09,Flu ED visits pct,quantile,0.95,0.3336694372334726
salt-lake-city,2026-05-02,1,2026-05-09,Flu ED visits pct,quantile,0.95,0.41333116858477703
san-antonio,2026-05-02,1,2026-05-09,Flu ED visits pct,quantile,0.95,0.4493136980652922
savannah,2026-05-02,1,2026-05-09,Flu ED visits pct,quantile,0.95,0.1552280158836693
senc,2026-05-02,1,2026-05-09,Flu ED visits pct,quantile,0.95,0.20301735751965092
south-augusta,2026-05-02,1,2026-05-09,Flu ED visits pct,quantile,0.95,0.5147197360244067
south-carolina,2026-05-02,1,2026-05-09,Flu ED visits pct,quantile,0.95,0.24428088501437945
springfield,2026-05-02,1,2026-05-09,Flu ED visits pct,quantile,0.95,0.9856506012372322
st-cloud,2026-05-02,1,2026-05-09,Flu ED visits pct,quantile,0.95,0.7279448765524593
st-paul,2026-05-02,1,2026-05-09,Flu ED visits pct,quantile,0.95,0.7292082787637795
texas,2026-05-02,1,2026-05-09,Flu ED visits pct,quantile,0.95,0.47872825437938094
triad-area,2026-05-02,1,2026-05-09,Flu ED visits pct,quantile,0.95,0.4523305708928021
utah,2026-05-02,1,2026-05-09,Flu ED visits pct,quantile,0.95,0.33970424048490805
virginia,2026-05-02,1,2026-05-09,Flu ED visits pct,quantile,0.95,0.34943597556339095
weld,2026-05-02,1,2026-05-09,Flu ED visits pct,quantile,0.95,0.5214377770923775
wnc,2026-05-02,1,2026-05-09,Flu ED visits pct,quantile,0.95,0.3689290186553206
worcester,2026-05-02,1,2026-05-09,Flu ED visits pct,quantile,0.95,0.6771209185986969
athens,2026-05-02,2,2026-05-16,Flu ED visits pct,quantile,0.95,0.3071893425839441
austin,2026-05-02,2,2026-05-16,Flu ED visits pct,quantile,0.95,0.3933009018081895
baltimore,2026-05-02,2,2026-05-16,Flu ED visits pct,quantile,0.95,0.4489607386450743
bangor,2026-05-02,2,2026-05-16,Flu ED visits pct,quantile,0.95,0.4879422138667014
beaumont,2026-05-02,2,2026-05-16,Flu ED visits pct,quantile,0.95,0.5012381866432748
boston,2026-05-02,2,2026-05-16,Flu ED visits pct,quantile,0.95,0.5929160410154263
boulder,2026-05-02,2,2026-05-16,Flu ED visits pct,quantile,0.95,1.2046588045591444
charleston,2026-05-02,2,2026-05-16,Flu ED visits pct,quantile,0.95,0.2808973391539366
cherokee,2026-05-02,2,2026-05-16,Flu ED visits pct,quantile,0.95,0.5510752413460468
clt-area,2026-05-02,2,2026-05-16,Flu ED visits pct,quantile,0.95,1.0395970089964819
colorado,2026-05-02,2,2026-05-16,Flu ED visits pct,quantile,0.95,0.7459203142106946
colorado-springs,2026-05-02,2,2026-05-16,Flu ED visits pct,quantile,0.95,0.9987917020114438
columbia,2026-05-02,2,2026-05-16,Flu ED visits pct,quantile,0.95,0.32470749978680735
columbus,2026-05-02,2,2026-05-16,Flu ED visits pct,quantile,0.95,0.9069713836469916
dallas,2026-05-02,2,2026-05-16,Flu ED visits pct,quantile,0.95,0.35101439265417833
denver,2026-05-02,2,2026-05-16,Flu ED visits pct,quantile,0.95,0.8197109625407788
deschutes,2026-05-02,2,2026-05-16,Flu ED visits pct,quantile,0.95,0.6664412886988466
duluth,2026-05-02,2,2026-05-16,Flu ED visits pct,quantile,0.95,0.6558011939184059
el-paso,2026-05-02,2,2026-05-16,Flu ED visits pct,quantile,0.95,2.4337106821404055
eugene,2026-05-02,2,2026-05-16,Flu ED visits pct,quantile,0.95,0.2214333491084045
fay-area,2026-05-02,2,2026-05-16,Flu ED visits pct,quantile,0.95,1.1539807711211236
florence,2026-05-02,2,2026-05-16,Flu ED visits pct,quantile,0.95,0.4384304463819411
floyd,2026-05-02,2,2026-05-16,Flu ED visits pct,quantile,0.95,0.42707415529330706
frederick,2026-05-02,2,2026-05-16,Flu ED visits pct,quantile,0.95,2.225427949208499
georgia,2026-05-02,2,2026-05-16,Flu ED visits pct,quantile,0.95,0.26121958675599244
greenville,2026-05-02,2,2026-05-16,Flu ED visits pct,quantile,0.95,0.48151419293215975
hall,2026-05-02,2,2026-05-16,Flu ED visits pct,quantile,0.95,0.36251624003813143
harford,2026-05-02,2,2026-05-16,Flu ED visits pct,quantile,0.95,0.19208263030294803
henry,2026-05-02,2,2026-05-16,Flu ED visits pct,quantile,0.95,0.42111956919314153
horry,2026-05-02,2,2026-05-16,Flu ED visits pct,quantile,0.95,0.3851357359738352
houston,2026-05-02,2,2026-05-16,Flu ED visits pct,quantile,0.95,0.48198879016320384
indiana,2026-05-02,2,2026-05-16,Flu ED visits pct,quantile,0.95,0.2226254063541663
indianapolis,2026-05-02,2,2026-05-16,Flu ED visits pct,quantile,0.95,0.24353843119893964
la-grange,2026-05-02,2,2026-05-16,Flu ED visits pct,quantile,0.95,0.6183993927997897
larimer,2026-05-02,2,2026-05-16,Flu ED visits pct,quantile,0.95,0.5370913613554655
lynn,2026-05-02,2,2026-05-16,Flu ED visits pct,quantile,0.95,0.7648085023100117
macon,2026-05-02,2,2026-05-16,Flu ED visits pct,quantile,0.95,0.28708762690957934
maine,2026-05-02,2,2026-05-16,Flu ED visits pct,quantile,0.95,0.5458283773542102
marietta,2026-05-02,2,2026-05-16,Flu ED visits pct,quantile,0.95,0.2402739831095252
maryland,2026-05-02,2,2026-05-16,Flu ED visits pct,quantile,0.95,0.3450696388822909
massachusetts,2026-05-02,2,2026-05-16,Flu ED visits pct,quantile,0.95,0.4765350790416978
medford,2026-05-02,2,2026-05-16,Flu ED visits pct,quantile,0.95,0.6429312974990318
mesa,2026-05-02,2,2026-05-16,Flu ED visits pct,quantile,0.95,0.375189127631836
minneapolis,2026-05-02,2,2026-05-16,Flu ED visits pct,quantile,0.95,0.7146418041329369
minnesota,2026-05-02,2,2026-05-16,Flu ED visits pct,quantile,0.95,0.570992663529219
montgomery,2026-05-02,2,2026-05-16,Flu ED visits pct,quantile,0.95,0.3988458186719843
nenc,2026-05-02,2,2026-05-16,Flu ED visits pct,quantile,0.95,0.27127174003679827
new-bedford,2026-05-02,2,2026-05-16,Flu ED visits pct,quantile,0.95,0.9926849746122213
north-carolina,2026-05-02,2,2026-05-16,Flu ED visits pct,quantile,0.95,0.5774688960367916
nyc,2026-05-02,2,2026-05-16,ILI ED visits pct,quantile,0.95,2.1302132746149978
ogden,2026-05-02,2,2026-05-16,Flu ED visits pct,quantile,0.95,0.31873089740231275
oregon,2026-05-02,2,2026-05-16,Flu ED visits pct,quantile,0.95,0.415622963739526
pittsfield,2026-05-02,2,2026-05-16,Flu ED visits pct,quantile,0.95,0.9564764748670238
portland,2026-05-02,2,2026-05-16,Flu ED visits pct,quantile,0.95,0.6248621020784327
portland-or,2026-05-02,2,2026-05-16,Flu ED visits pct,quantile,0.95,0.5358816711086967
provo,2026-05-02,2,2026-05-16,Flu ED visits pct,quantile,0.95,0.5972499535740847
roanoke,2026-05-02,2,2026-05-16,Flu ED visits pct,quantile,0.95,0.5406681712373707
rochester,2026-05-02,2,2026-05-16,Flu ED visits pct,quantile,0.95,0.35621984668807904
rock-hill,2026-05-02,2,2026-05-16,Flu ED visits pct,quantile,0.95,0.22978836895471927
rtp-area,2026-05-02,2,2026-05-16,Flu ED visits pct,quantile,0.95,0.22186771427338525
salem,2026-05-02,2,2026-05-16,Flu ED visits pct,quantile,0.95,0.308703388653476
salt-lake-city,2026-05-02,2,2026-05-16,Flu ED visits pct,quantile,0.95,0.38708890418940656
san-antonio,2026-05-02,2,2026-05-16,Flu ED visits pct,quantile,0.95,0.40385586205824237
savannah,2026-05-02,2,2026-05-16,Flu ED visits pct,quantile,0.95,0.1455589775518599
senc,2026-05-02,2,2026-05-16,Flu ED visits pct,quantile,0.95,0.21160947517530393
south-augusta,2026-05-02,2,2026-05-16,Flu ED visits pct,quantile,0.95,0.5200923657709358
south-carolina,2026-05-02,2,2026-05-16,Flu ED visits pct,quantile,0.95,0.2553635876783279
springfield,2026-05-02,2,2026-05-16,Flu ED visits pct,quantile,0.95,1.0083731348327776
st-cloud,2026-05-02,2,2026-05-16,Flu ED visits pct,quantile,0.95,0.7447027457228043
st-paul,2026-05-02,2,2026-05-16,Flu ED visits pct,quantile,0.95,0.7333267577981633
texas,2026-05-02,2,2026-05-16,Flu ED visits pct,quantile,0.95,0.4830852777231052
triad-area,2026-05-02,2,2026-05-16,Flu ED visits pct,quantile,0.95,0.46579370375825413
utah,2026-05-02,2,2026-05-16,Flu ED visits pct,quantile,0.95,0.33948386255388663
virginia,2026-05-02,2,2026-05-16,Flu ED visits pct,quantile,0.95,0.35405029646431524
weld,2026-05-02,2,2026-05-16,Flu ED visits pct,quantile,0.95,0.5002888728798255
wnc,2026-05-02,2,2026-05-16,Flu ED visits pct,quantile,0.95,0.37844222127425997
worcester,2026-05-02,2,2026-05-16,Flu ED visits pct,quantile,0.95,0.6780179938984413
athens,2026-05-02,3,2026-05-23,Flu ED visits pct,quantile,0.95,0.3181565620607342
austin,2026-05-02,3,2026-05-23,Flu ED visits pct,quantile,0.95,0.3956362926290604
baltimore,2026-05-02,3,2026-05-23,Flu ED visits pct,quantile,0.95,0.46868919482985877
bangor,2026-05-02,3,2026-05-23,Flu ED visits pct,quantile,0.95,0.495211848580569
beaumont,2026-05-02,3,2026-05-23,Flu ED visits pct,quantile,0.95,0.5269177379611243
boston,2026-05-02,3,2026-05-23,Flu ED visits pct,quantile,0.95,0.617422732170963
boulder,2026-05-02,3,2026-05-23,Flu ED visits pct,quantile,0.95,1.2348076765563825
charleston,2026-05-02,3,2026-05-23,Flu ED visits pct,quantile,0.95,0.28965178352528137
cherokee,2026-05-02,3,2026-05-23,Flu ED visits pct,quantile,0.95,0.5797655069516582
clt-area,2026-05-02,3,2026-05-23,Flu ED visits pct,quantile,0.95,1.0234060532637952
colorado,2026-05-02,3,2026-05-23,Flu ED visits pct,quantile,0.95,0.7837994074366547
colorado-springs,2026-05-02,3,2026-05-23,Flu ED visits pct,quantile,0.95,1.0354393936633348
columbia,2026-05-02,3,2026-05-23,Flu ED visits pct,quantile,0.95,0.3256942782179301
columbus,2026-05-02,3,2026-05-23,Flu ED visits pct,quantile,0.95,0.9167911787391333
dallas,2026-05-02,3,2026-05-23,Flu ED visits pct,quantile,0.95,0.3550038626897609
denver,2026-05-02,3,2026-05-23,Flu ED visits pct,quantile,0.95,0.8540464500044541
deschutes,2026-05-02,3,2026-05-23,Flu ED visits pct,quantile,0.95,0.6654617113231474
duluth,2026-05-02,3,2026-05-23,Flu ED visits pct,quantile,0.95,0.6869767109745919
el-paso,2026-05-02,3,2026-05-23,Flu ED visits pct,quantile,0.95,2.4766339195369023
eugene,2026-05-02,3,2026-05-23,Flu ED visits pct,quantile,0.95,0.2249316793918259
fay-area,2026-05-02,3,2026-05-23,Flu ED visits pct,quantile,0.95,1.1588003378605727
florence,2026-05-02,3,2026-05-23,Flu ED visits pct,quantile,0.95,0.4510116776228623
floyd,2026-05-02,3,2026-05-23,Flu ED visits pct,quantile,0.95,0.44323715739310815
frederick,2026-05-02,3,2026-05-23,Flu ED visits pct,quantile,0.95,2.3003379511791566
georgia,2026-05-02,3,2026-05-23,Flu ED visits pct,quantile,0.95,0.2842414869092731
greenville,2026-05-02,3,2026-05-23,Flu ED visits pct,quantile,0.95,0.5089325976938441
hall,2026-05-02,3,2026-05-23,Flu ED visits pct,quantile,0.95,0.3785277961494656
harford,2026-05-02,3,2026-05-23,Flu ED visits pct,quantile,0.95,0.1966892420502869
henry,2026-05-02,3,2026-05-23,Flu ED visits pct,quantile,0.95,0.4388810030394471
horry,2026-05-02,3,2026-05-23,Flu ED visits pct,quantile,0.95,0.39913685568544005
houston,2026-05-02,3,2026-05-23,Flu ED visits pct,quantile,0.95,0.49781523312631604
indiana,2026-05-02,3,2026-05-23,Flu ED visits pct,quantile,0.95,0.24192039447840846
indianapolis,2026-05-02,3,2026-05-23,Flu ED visits pct,quantile,0.95,0.24457300585151248
la-grange,2026-05-02,3,2026-05-23,Flu ED visits pct,quantile,0.95,0.6610971643199757
larimer,2026-05-02,3,2026-05-23,Flu ED visits pct,quantile,0.95,0.5610481258484817
lynn,2026-05-02,3,2026-05-23,Flu ED visits pct,quantile,0.95,0.7973243402373436
macon,2026-05-02,3,2026-05-23,Flu ED visits pct,quantile,0.95,0.291719691246113
maine,2026-05-02,3,2026-05-23,Flu ED visits pct,quantile,0.95,0.5793381572032653
marietta,2026-05-02,3,2026-05-23,Flu ED visits pct,quantile,0.95,0.24876887955161975
maryland,2026-05-02,3,2026-05-23,Flu ED visits pct,quantile,0.95,0.3753866888179587
massachusetts,2026-05-02,3,2026-05-23,Flu ED visits pct,quantile,0.95,0.5043744886945175
medford,2026-05-02,3,2026-05-23,Flu ED visits pct,quantile,0.95,0.7026279061753764
mesa,2026-05-02,3,2026-05-23,Flu ED visits pct,quantile,0.95,0.3677817933420532
minneapolis,2026-05-02,3,2026-05-23,Flu ED visits pct,quantile,0.95,0.7451732024335084
minnesota,2026-05-02,3,2026-05-23,Flu ED visits pct,quantile,0.95,0.6099421063772709
montgomery,2026-05-02,3,2026-05-23,Flu ED visits pct,quantile,0.95,0.40763415750877136
nenc,2026-05-02,3,2026-05-23,Flu ED visits pct,quantile,0.95,0.2834768141040762
new-bedford,2026-05-02,3,2026-05-23,Flu ED visits pct,quantile,0.95,1.0354549977159302
north-carolina,2026-05-02,3,2026-05-23,Flu ED visits pct,quantile,0.95,0.5872092118681914
nyc,2026-05-02,3,2026-05-23,ILI ED visits pct,quantile,0.95,2.190222586413714
ogden,2026-05-02,3,2026-05-23,Flu ED visits pct,quantile,0.95,0.32328661032911693
oregon,2026-05-02,3,2026-05-23,Flu ED visits pct,quantile,0.95,0.44408246939558904
pittsfield,2026-05-02,3,2026-05-23,Flu ED visits pct,quantile,0.95,0.9650970870762059
portland,2026-05-02,3,2026-05-23,Flu ED visits pct,quantile,0.95,0.6508503311597088
portland-or,2026-05-02,3,2026-05-23,Flu ED visits pct,quantile,0.95,0.5589369198458702
provo,2026-05-02,3,2026-05-23,Flu ED visits pct,quantile,0.95,0.6166325754386681
roanoke,2026-05-02,3,2026-05-23,Flu ED visits pct,quantile,0.95,0.5555820371640801
rochester,2026-05-02,3,2026-05-23,Flu ED visits pct,quantile,0.95,0.36257805108602803
rock-hill,2026-05-02,3,2026-05-23,Flu ED visits pct,quantile,0.95,0.24644261425755326
rtp-area,2026-05-02,3,2026-05-23,Flu ED visits pct,quantile,0.95,0.23881371681736266
salem,2026-05-02,3,2026-05-23,Flu ED visits pct,quantile,0.95,0.32691333878738926
salt-lake-city,2026-05-02,3,2026-05-23,Flu ED visits pct,quantile,0.95,0.4011610852749745
san-antonio,2026-05-02,3,2026-05-23,Flu ED visits pct,quantile,0.95,0.4055571238642238
savannah,2026-05-02,3,2026-05-23,Flu ED visits pct,quantile,0.95,0.15117856891928913
senc,2026-05-02,3,2026-05-23,Flu ED visits pct,quantile,0.95,0.21708822503701727
south-augusta,2026-05-02,3,2026-05-23,Flu ED visits pct,quantile,0.95,0.5439041972106734
south-carolina,2026-05-02,3,2026-05-23,Flu ED visits pct,quantile,0.95,0.278867671459971
springfield,2026-05-02,3,2026-05-23,Flu ED visits pct,quantile,0.95,1.0182110841768213
st-cloud,2026-05-02,3,2026-05-23,Flu ED visits pct,quantile,0.95,0.7979389259343455
st-paul,2026-05-02,3,2026-05-23,Flu ED visits pct,quantile,0.95,0.7679815373151611
texas,2026-05-02,3,2026-05-23,Flu ED visits pct,quantile,0.95,0.5209554494088539
triad-area,2026-05-02,3,2026-05-23,Flu ED visits pct,quantile,0.95,0.47880662225153214
utah,2026-05-02,3,2026-05-23,Flu ED visits pct,quantile,0.95,0.3644140950953161
virginia,2026-05-02,3,2026-05-23,Flu ED visits pct,quantile,0.95,0.3838707058830062
weld,2026-05-02,3,2026-05-23,Flu ED visits pct,quantile,0.95,0.51138066532041
wnc,2026-05-02,3,2026-05-23,Flu ED visits pct,quantile,0.95,0.39047789778846803
worcester,2026-05-02,3,2026-05-23,Flu ED visits pct,quantile,0.95,0.689903546233048
athens,2026-05-02,0,2026-05-02,Flu ED visits pct,quantile,0.975,0.44033344656935147
austin,2026-05-02,0,2026-05-02,Flu ED visits pct,quantile,0.975,0.5154954744847932
baltimore,2026-05-02,0,2026-05-02,Flu ED visits pct,quantile,0.975,0.5575844460114454
bangor,2026-05-02,0,2026-05-02,Flu ED visits pct,quantile,0.975,0.8102794353086229
beaumont,2026-05-02,0,2026-05-02,Flu ED visits pct,quantile,0.975,0.699291505469505
boston,2026-05-02,0,2026-05-02,Flu ED visits pct,quantile,0.975,0.7116181555206917
boulder,2026-05-02,0,2026-05-02,Flu ED visits pct,quantile,0.975,1.3143604428031217
charleston,2026-05-02,0,2026-05-02,Flu ED visits pct,quantile,0.975,0.37193426066434193
cherokee,2026-05-02,0,2026-05-02,Flu ED visits pct,quantile,0.975,0.6704330142072906
clt-area,2026-05-02,0,2026-05-02,Flu ED visits pct,quantile,0.975,1.1576561341673348
colorado,2026-05-02,0,2026-05-02,Flu ED visits pct,quantile,0.975,0.784594043256477
colorado-springs,2026-05-02,0,2026-05-02,Flu ED visits pct,quantile,0.975,1.1427052328960468
columbia,2026-05-02,0,2026-05-02,Flu ED visits pct,quantile,0.975,0.455513312837827
columbus,2026-05-02,0,2026-05-02,Flu ED visits pct,quantile,0.975,1.0215463995137626
dallas,2026-05-02,0,2026-05-02,Flu ED visits pct,quantile,0.975,0.5999128307828762
denver,2026-05-02,0,2026-05-02,Flu ED visits pct,quantile,0.975,0.9327639562223213
deschutes,2026-05-02,0,2026-05-02,Flu ED visits pct,quantile,0.975,0.8805010736971279
duluth,2026-05-02,0,2026-05-02,Flu ED visits pct,quantile,0.975,0.7878373858598721
el-paso,2026-05-02,0,2026-05-02,Flu ED visits pct,quantile,0.975,2.630804096971574
eugene,2026-05-02,0,2026-05-02,Flu ED visits pct,quantile,0.975,0.3200860171423902
fay-area,2026-05-02,0,2026-05-02,Flu ED visits pct,quantile,0.975,1.2957581002541823
florence,2026-05-02,0,2026-05-02,Flu ED visits pct,quantile,0.975,0.6819793981429251
floyd,2026-05-02,0,2026-05-02,Flu ED visits pct,quantile,0.975,0.5973760255347647
frederick,2026-05-02,0,2026-05-02,Flu ED visits pct,quantile,0.975,2.380411496619298
georgia,2026-05-02,0,2026-05-02,Flu ED visits pct,quantile,0.975,0.35155602985756373
greenville,2026-05-02,0,2026-05-02,Flu ED visits pct,quantile,0.975,0.5637870143280219
hall,2026-05-02,0,2026-05-02,Flu ED visits pct,quantile,0.975,0.517364253029153
harford,2026-05-02,0,2026-05-02,Flu ED visits pct,quantile,0.975,0.36922107924443226
henry,2026-05-02,0,2026-05-02,Flu ED visits pct,quantile,0.975,0.49548393527178636
horry,2026-05-02,0,2026-05-02,Flu ED visits pct,quantile,0.975,0.5219192586719932
houston,2026-05-02,0,2026-05-02,Flu ED visits pct,quantile,0.975,0.657407032046034
indiana,2026-05-02,0,2026-05-02,Flu ED visits pct,quantile,0.975,0.3164865818455544
indianapolis,2026-05-02,0,2026-05-02,Flu ED visits pct,quantile,0.975,0.3740533701578987
la-grange,2026-05-02,0,2026-05-02,Flu ED visits pct,quantile,0.975,0.7721658649113815
larimer,2026-05-02,0,2026-05-02,Flu ED visits pct,quantile,0.975,0.6480680871943809
lynn,2026-05-02,0,2026-05-02,Flu ED visits pct,quantile,0.975,0.8669788169176984
macon,2026-05-02,0,2026-05-02,Flu ED visits pct,quantile,0.975,0.37411750889303663
maine,2026-05-02,0,2026-05-02,Flu ED visits pct,quantile,0.975,0.6088505808957546
marietta,2026-05-02,0,2026-05-02,Flu ED visits pct,quantile,0.975,0.3413885421922158
maryland,2026-05-02,0,2026-05-02,Flu ED visits pct,quantile,0.975,0.43640926051379836
massachusetts,2026-05-02,0,2026-05-02,Flu ED visits pct,quantile,0.975,0.5916580755393339
medford,2026-05-02,0,2026-05-02,Flu ED visits pct,quantile,0.975,0.853531260977133
mesa,2026-05-02,0,2026-05-02,Flu ED visits pct,quantile,0.975,0.7246782482684955
minneapolis,2026-05-02,0,2026-05-02,Flu ED visits pct,quantile,0.975,0.8243393692322277
minnesota,2026-05-02,0,2026-05-02,Flu ED visits pct,quantile,0.975,0.6137557227723046
montgomery,2026-05-02,0,2026-05-02,Flu ED visits pct,quantile,0.975,0.5743292083683891
nenc,2026-05-02,0,2026-05-02,Flu ED visits pct,quantile,0.975,0.290158573976964
new-bedford,2026-05-02,0,2026-05-02,Flu ED visits pct,quantile,0.975,1.2737027663039795
north-carolina,2026-05-02,0,2026-05-02,Flu ED visits pct,quantile,0.975,0.6377305400657802
nyc,2026-05-02,0,2026-05-02,ILI ED visits pct,quantile,0.975,2.470428727656348
ogden,2026-05-02,0,2026-05-02,Flu ED visits pct,quantile,0.975,0.4296767309940284
oregon,2026-05-02,0,2026-05-02,Flu ED visits pct,quantile,0.975,0.4639048888966846
pittsfield,2026-05-02,0,2026-05-02,Flu ED visits pct,quantile,0.975,1.32577023523185
portland,2026-05-02,0,2026-05-02,Flu ED visits pct,quantile,0.975,0.7974418606184185
portland-or,2026-05-02,0,2026-05-02,Flu ED visits pct,quantile,0.975,0.6411981092571752
provo,2026-05-02,0,2026-05-02,Flu ED visits pct,quantile,0.975,0.7889051229371836
roanoke,2026-05-02,0,2026-05-02,Flu ED visits pct,quantile,0.975,0.6551982062528806
rochester,2026-05-02,0,2026-05-02,Flu ED visits pct,quantile,0.975,0.5125058542762337
rock-hill,2026-05-02,0,2026-05-02,Flu ED visits pct,quantile,0.975,0.42824445742736644
rtp-area,2026-05-02,0,2026-05-02,Flu ED visits pct,quantile,0.975,0.24162257104617346
salem,2026-05-02,0,2026-05-02,Flu ED visits pct,quantile,0.975,0.44812762249847354
salt-lake-city,2026-05-02,0,2026-05-02,Flu ED visits pct,quantile,0.975,0.5263935974351234
san-antonio,2026-05-02,0,2026-05-02,Flu ED visits pct,quantile,0.975,0.5560518794503715
savannah,2026-05-02,0,2026-05-02,Flu ED visits pct,quantile,0.975,0.24778081597743135
senc,2026-05-02,0,2026-05-02,Flu ED visits pct,quantile,0.975,0.2357718335758845
south-augusta,2026-05-02,0,2026-05-02,Flu ED visits pct,quantile,0.975,0.6518324261880688
south-carolina,2026-05-02,0,2026-05-02,Flu ED visits pct,quantile,0.975,0.34518160617202887
springfield,2026-05-02,0,2026-05-02,Flu ED visits pct,quantile,0.975,1.394239796186319
st-cloud,2026-05-02,0,2026-05-02,Flu ED visits pct,quantile,0.975,0.8789225033007122
st-paul,2026-05-02,0,2026-05-02,Flu ED visits pct,quantile,0.975,0.8601752879715947
texas,2026-05-02,0,2026-05-02,Flu ED visits pct,quantile,0.975,0.6518588721818334
triad-area,2026-05-02,0,2026-05-02,Flu ED visits pct,quantile,0.975,0.4994554843777824
utah,2026-05-02,0,2026-05-02,Flu ED visits pct,quantile,0.975,0.44112998620673566
virginia,2026-05-02,0,2026-05-02,Flu ED visits pct,quantile,0.975,0.4817121928309803
weld,2026-05-02,0,2026-05-02,Flu ED visits pct,quantile,0.975,0.6350921747669778
wnc,2026-05-02,0,2026-05-02,Flu ED visits pct,quantile,0.975,0.40225982977442976
worcester,2026-05-02,0,2026-05-02,Flu ED visits pct,quantile,0.975,0.8419914515841931
athens,2026-05-02,1,2026-05-09,Flu ED visits pct,quantile,0.975,0.414161821910354
austin,2026-05-02,1,2026-05-09,Flu ED visits pct,quantile,0.975,0.5071320870218801
baltimore,2026-05-02,1,2026-05-09,Flu ED visits pct,quantile,0.975,0.5361524993636947
bangor,2026-05-02,1,2026-05-09,Flu ED visits pct,quantile,0.975,0.7748242933841839
beaumont,2026-05-02,1,2026-05-09,Flu ED visits pct,quantile,0.975,0.6817232485306628
boston,2026-05-02,1,2026-05-09,Flu ED visits pct,quantile,0.975,0.6812079614311247
boulder,2026-05-02,1,2026-05-09,Flu ED visits pct,quantile,0.975,1.2778743581159258
charleston,2026-05-02,1,2026-05-09,Flu ED visits pct,quantile,0.975,0.3625004372153149
cherokee,2026-05-02,1,2026-05-09,Flu ED visits pct,quantile,0.975,0.6341377742391581
clt-area,2026-05-02,1,2026-05-09,Flu ED visits pct,quantile,0.975,1.1286376025241047
colorado,2026-05-02,1,2026-05-09,Flu ED visits pct,quantile,0.975,0.7689568886084029
colorado-springs,2026-05-02,1,2026-05-09,Flu ED visits pct,quantile,0.975,1.1003027707277269
columbia,2026-05-02,1,2026-05-09,Flu ED visits pct,quantile,0.975,0.4282609520353142
columbus,2026-05-02,1,2026-05-09,Flu ED visits pct,quantile,0.975,1.0169276719995837
dallas,2026-05-02,1,2026-05-09,Flu ED visits pct,quantile,0.975,0.5748951349352301
denver,2026-05-02,1,2026-05-09,Flu ED visits pct,quantile,0.975,0.9018509889163447
deschutes,2026-05-02,1,2026-05-09,Flu ED visits pct,quantile,0.975,0.8503092494858011
duluth,2026-05-02,1,2026-05-09,Flu ED visits pct,quantile,0.975,0.749814200350631
el-paso,2026-05-02,1,2026-05-09,Flu ED visits pct,quantile,0.975,2.6647908943230427
eugene,2026-05-02,1,2026-05-09,Flu ED visits pct,quantile,0.975,0.30048239232699503
fay-area,2026-05-02,1,2026-05-09,Flu ED visits pct,quantile,0.975,1.2604641878603349
florence,2026-05-02,1,2026-05-09,Flu ED visits pct,quantile,0.975,0.6507193007385992
floyd,2026-05-02,1,2026-05-09,Flu ED visits pct,quantile,0.975,0.5570476183040027
frederick,2026-05-02,1,2026-05-09,Flu ED visits pct,quantile,0.975,2.4677288722623465
georgia,2026-05-02,1,2026-05-09,Flu ED visits pct,quantile,0.975,0.335555716532846
greenville,2026-05-02,1,2026-05-09,Flu ED visits pct,quantile,0.975,0.5173543936770518
hall,2026-05-02,1,2026-05-09,Flu ED visits pct,quantile,0.975,0.49030098509327746
harford,2026-05-02,1,2026-05-09,Flu ED visits pct,quantile,0.975,0.3479754866300303
henry,2026-05-02,1,2026-05-09,Flu ED visits pct,quantile,0.975,0.48590438644456274
horry,2026-05-02,1,2026-05-09,Flu ED visits pct,quantile,0.975,0.5016346311681762
houston,2026-05-02,1,2026-05-09,Flu ED visits pct,quantile,0.975,0.6278250001787091
indiana,2026-05-02,1,2026-05-09,Flu ED visits pct,quantile,0.975,0.30786044667513474
indianapolis,2026-05-02,1,2026-05-09,Flu ED visits pct,quantile,0.975,0.34890999231915354
la-grange,2026-05-02,1,2026-05-09,Flu ED visits pct,quantile,0.975,0.7608665860143097
larimer,2026-05-02,1,2026-05-09,Flu ED visits pct,quantile,0.975,0.6315334533508692
lynn,2026-05-02,1,2026-05-09,Flu ED visits pct,quantile,0.975,0.8348473759006517
macon,2026-05-02,1,2026-05-09,Flu ED visits pct,quantile,0.975,0.35317745855442684
maine,2026-05-02,1,2026-05-09,Flu ED visits pct,quantile,0.975,0.5927626200852034
marietta,2026-05-02,1,2026-05-09,Flu ED visits pct,quantile,0.975,0.31365927357112455
maryland,2026-05-02,1,2026-05-09,Flu ED visits pct,quantile,0.975,0.41500895325446924
massachusetts,2026-05-02,1,2026-05-09,Flu ED visits pct,quantile,0.975,0.5762078392530899
medford,2026-05-02,1,2026-05-09,Flu ED visits pct,quantile,0.975,0.8768834413877891
mesa,2026-05-02,1,2026-05-09,Flu ED visits pct,quantile,0.975,0.6969313704306748
minneapolis,2026-05-02,1,2026-05-09,Flu ED visits pct,quantile,0.975,0.7771549647866338
minnesota,2026-05-02,1,2026-05-09,Flu ED visits pct,quantile,0.975,0.596195384595366
montgomery,2026-05-02,1,2026-05-09,Flu ED visits pct,quantile,0.975,0.5460702544412571
nenc,2026-05-02,1,2026-05-09,Flu ED visits pct,quantile,0.975,0.2840111413686857
new-bedford,2026-05-02,1,2026-05-09,Flu ED visits pct,quantile,0.975,1.2383746724922513
north-carolina,2026-05-02,1,2026-05-09,Flu ED visits pct,quantile,0.975,0.6171373532605452
nyc,2026-05-02,1,2026-05-09,ILI ED visits pct,quantile,0.975,2.3868117155487973
ogden,2026-05-02,1,2026-05-09,Flu ED visits pct,quantile,0.975,0.41166908022475357
oregon,2026-05-02,1,2026-05-09,Flu ED visits pct,quantile,0.975,0.44999944038257383
pittsfield,2026-05-02,1,2026-05-09,Flu ED visits pct,quantile,0.975,1.3063391630843446
portland,2026-05-02,1,2026-05-09,Flu ED visits pct,quantile,0.975,0.7670124138418433
portland-or,2026-05-02,1,2026-05-09,Flu ED visits pct,quantile,0.975,0.615207380450236
provo,2026-05-02,1,2026-05-09,Flu ED visits pct,quantile,0.975,0.7925668126494775
roanoke,2026-05-02,1,2026-05-09,Flu ED visits pct,quantile,0.975,0.633488632102932
rochester,2026-05-02,1,2026-05-09,Flu ED visits pct,quantile,0.975,0.4870744953030037
rock-hill,2026-05-02,1,2026-05-09,Flu ED visits pct,quantile,0.975,0.36928801290284535
rtp-area,2026-05-02,1,2026-05-09,Flu ED visits pct,quantile,0.975,0.23403641863294164
salem,2026-05-02,1,2026-05-09,Flu ED visits pct,quantile,0.975,0.42508254134139845
salt-lake-city,2026-05-02,1,2026-05-09,Flu ED visits pct,quantile,0.975,0.5049897326871221
san-antonio,2026-05-02,1,2026-05-09,Flu ED visits pct,quantile,0.975,0.5555330416406006
savannah,2026-05-02,1,2026-05-09,Flu ED visits pct,quantile,0.975,0.23643201191536067
senc,2026-05-02,1,2026-05-09,Flu ED visits pct,quantile,0.975,0.22686904663666627
south-augusta,2026-05-02,1,2026-05-09,Flu ED visits pct,quantile,0.975,0.6360657884522903
south-carolina,2026-05-02,1,2026-05-09,Flu ED visits pct,quantile,0.975,0.3403927709504827
springfield,2026-05-02,1,2026-05-09,Flu ED visits pct,quantile,0.975,1.3531770922559165
st-cloud,2026-05-02,1,2026-05-09,Flu ED visits pct,quantile,0.975,0.8418395105877213
st-paul,2026-05-02,1,2026-05-09,Flu ED visits pct,quantile,0.975,0.8238585673432451
texas,2026-05-02,1,2026-05-09,Flu ED visits pct,quantile,0.975,0.6492013166690626
triad-area,2026-05-02,1,2026-05-09,Flu ED visits pct,quantile,0.975,0.4935039420277505
utah,2026-05-02,1,2026-05-09,Flu ED visits pct,quantile,0.975,0.42976751052636925
virginia,2026-05-02,1,2026-05-09,Flu ED visits pct,quantile,0.975,0.47121803922685784
weld,2026-05-02,1,2026-05-09,Flu ED visits pct,quantile,0.975,0.610925241418278
wnc,2026-05-02,1,2026-05-09,Flu ED visits pct,quantile,0.975,0.394450538275295
worcester,2026-05-02,1,2026-05-09,Flu ED visits pct,quantile,0.975,0.808366626516454
athens,2026-05-02,2,2026-05-16,Flu ED visits pct,quantile,0.975,0.4341759067581359
austin,2026-05-02,2,2026-05-16,Flu ED visits pct,quantile,0.975,0.5342928512726693
baltimore,2026-05-02,2,2026-05-16,Flu ED visits pct,quantile,0.975,0.5353008913819155
bangor,2026-05-02,2,2026-05-16,Flu ED visits pct,quantile,0.975,0.8217274736538027
beaumont,2026-05-02,2,2026-05-16,Flu ED visits pct,quantile,0.975,0.704460365849017
boston,2026-05-02,2,2026-05-16,Flu ED visits pct,quantile,0.975,0.6825959273609828
boulder,2026-05-02,2,2026-05-16,Flu ED visits pct,quantile,0.975,1.2690807918243279
charleston,2026-05-02,2,2026-05-16,Flu ED visits pct,quantile,0.975,0.36318626878155935
cherokee,2026-05-02,2,2026-05-16,Flu ED visits pct,quantile,0.975,0.6383945972427183
clt-area,2026-05-02,2,2026-05-16,Flu ED visits pct,quantile,0.975,1.1255956764275907
colorado,2026-05-02,2,2026-05-16,Flu ED visits pct,quantile,0.975,0.7777717271671847
colorado-springs,2026-05-02,2,2026-05-16,Flu ED visits pct,quantile,0.975,1.1048620763415584
columbia,2026-05-02,2,2026-05-16,Flu ED visits pct,quantile,0.975,0.4341724522635185
columbus,2026-05-02,2,2026-05-16,Flu ED visits pct,quantile,0.975,1.0191270528351204
dallas,2026-05-02,2,2026-05-16,Flu ED visits pct,quantile,0.975,0.6181368877903024
denver,2026-05-02,2,2026-05-16,Flu ED visits pct,quantile,0.975,0.9096566769467676
deschutes,2026-05-02,2,2026-05-16,Flu ED visits pct,quantile,0.975,0.8399404356426498
duluth,2026-05-02,2,2026-05-16,Flu ED visits pct,quantile,0.975,0.7578837475386413
el-paso,2026-05-02,2,2026-05-16,Flu ED visits pct,quantile,0.975,2.7474713829870283
eugene,2026-05-02,2,2026-05-16,Flu ED visits pct,quantile,0.975,0.2925979657963617
fay-area,2026-05-02,2,2026-05-16,Flu ED visits pct,quantile,0.975,1.277487693890295
florence,2026-05-02,2,2026-05-16,Flu ED visits pct,quantile,0.975,0.8059392590610203
floyd,2026-05-02,2,2026-05-16,Flu ED visits pct,quantile,0.975,0.5379385993808781
frederick,2026-05-02,2,2026-05-16,Flu ED visits pct,quantile,0.975,2.4399911564625776
georgia,2026-05-02,2,2026-05-16,Flu ED visits pct,quantile,0.975,0.34300692466058136
greenville,2026-05-02,2,2026-05-16,Flu ED visits pct,quantile,0.975,0.5303073445468731
hall,2026-05-02,2,2026-05-16,Flu ED visits pct,quantile,0.975,0.4743473425124085
harford,2026-05-02,2,2026-05-16,Flu ED visits pct,quantile,0.975,0.4117003840163126
henry,2026-05-02,2,2026-05-16,Flu ED visits pct,quantile,0.975,0.5231821346619
horry,2026-05-02,2,2026-05-16,Flu ED visits pct,quantile,0.975,0.4942654724284967
houston,2026-05-02,2,2026-05-16,Flu ED visits pct,quantile,0.975,0.6877768221791317
indiana,2026-05-02,2,2026-05-16,Flu ED visits pct,quantile,0.975,0.30595541472818116
indianapolis,2026-05-02,2,2026-05-16,Flu ED visits pct,quantile,0.975,0.3445347669209019
la-grange,2026-05-02,2,2026-05-16,Flu ED visits pct,quantile,0.975,0.7897880514393354
larimer,2026-05-02,2,2026-05-16,Flu ED visits pct,quantile,0.975,0.6330157953314757
lynn,2026-05-02,2,2026-05-16,Flu ED visits pct,quantile,0.975,0.843079004722663
macon,2026-05-02,2,2026-05-16,Flu ED visits pct,quantile,0.975,0.35638060893320644
maine,2026-05-02,2,2026-05-16,Flu ED visits pct,quantile,0.975,0.6039235416491675
marietta,2026-05-02,2,2026-05-16,Flu ED visits pct,quantile,0.975,0.3427048089576723
maryland,2026-05-02,2,2026-05-16,Flu ED visits pct,quantile,0.975,0.4180894606764046
massachusetts,2026-05-02,2,2026-05-16,Flu ED visits pct,quantile,0.975,0.5865501867701239
medford,2026-05-02,2,2026-05-16,Flu ED visits pct,quantile,0.975,0.9514236286735834
mesa,2026-05-02,2,2026-05-16,Flu ED visits pct,quantile,0.975,0.7692747010583529
minneapolis,2026-05-02,2,2026-05-16,Flu ED visits pct,quantile,0.975,0.7871303946875269
minnesota,2026-05-02,2,2026-05-16,Flu ED visits pct,quantile,0.975,0.6034348375848195
montgomery,2026-05-02,2,2026-05-16,Flu ED visits pct,quantile,0.975,0.5189293883292757
nenc,2026-05-02,2,2026-05-16,Flu ED visits pct,quantile,0.975,0.2889059791544511
new-bedford,2026-05-02,2,2026-05-16,Flu ED visits pct,quantile,0.975,1.2453523726375446
north-carolina,2026-05-02,2,2026-05-16,Flu ED visits pct,quantile,0.975,0.623836731376896
nyc,2026-05-02,2,2026-05-16,ILI ED visits pct,quantile,0.975,2.3985415480394288
ogden,2026-05-02,2,2026-05-16,Flu ED visits pct,quantile,0.975,0.42402259479458376
oregon,2026-05-02,2,2026-05-16,Flu ED visits pct,quantile,0.975,0.47123939764450873
pittsfield,2026-05-02,2,2026-05-16,Flu ED visits pct,quantile,0.975,1.295475739446053
portland,2026-05-02,2,2026-05-16,Flu ED visits pct,quantile,0.975,0.7713761458512978
portland-or,2026-05-02,2,2026-05-16,Flu ED visits pct,quantile,0.975,0.6350113987566312
provo,2026-05-02,2,2026-05-16,Flu ED visits pct,quantile,0.975,0.8495776841187741
roanoke,2026-05-02,2,2026-05-16,Flu ED visits pct,quantile,0.975,0.6146141675174462
rochester,2026-05-02,2,2026-05-16,Flu ED visits pct,quantile,0.975,0.47665260186986097
rock-hill,2026-05-02,2,2026-05-16,Flu ED visits pct,quantile,0.975,0.4319648933110591
rtp-area,2026-05-02,2,2026-05-16,Flu ED visits pct,quantile,0.975,0.24080905179440204
salem,2026-05-02,2,2026-05-16,Flu ED visits pct,quantile,0.975,0.41090660334769735
salt-lake-city,2026-05-02,2,2026-05-16,Flu ED visits pct,quantile,0.975,0.5411986050520755
san-antonio,2026-05-02,2,2026-05-16,Flu ED visits pct,quantile,0.975,0.5708036849614466
savannah,2026-05-02,2,2026-05-16,Flu ED visits pct,quantile,0.975,0.2193753380648441
senc,2026-05-02,2,2026-05-16,Flu ED visits pct,quantile,0.975,0.23223671339513646
south-augusta,2026-05-02,2,2026-05-16,Flu ED visits pct,quantile,0.975,0.6418836228564468
south-carolina,2026-05-02,2,2026-05-16,Flu ED visits pct,quantile,0.975,0.3358586065005369
springfield,2026-05-02,2,2026-05-16,Flu ED visits pct,quantile,0.975,1.3534548769309187
st-cloud,2026-05-02,2,2026-05-16,Flu ED visits pct,quantile,0.975,0.8509742983926535
st-paul,2026-05-02,2,2026-05-16,Flu ED visits pct,quantile,0.975,0.8427810745807652
texas,2026-05-02,2,2026-05-16,Flu ED visits pct,quantile,0.975,0.6372091041643848
triad-area,2026-05-02,2,2026-05-16,Flu ED visits pct,quantile,0.975,0.49579443878307206
utah,2026-05-02,2,2026-05-16,Flu ED visits pct,quantile,0.975,0.4335549976707086
virginia,2026-05-02,2,2026-05-16,Flu ED visits pct,quantile,0.975,0.458602756299305
weld,2026-05-02,2,2026-05-16,Flu ED visits pct,quantile,0.975,0.5823677718455573
wnc,2026-05-02,2,2026-05-16,Flu ED visits pct,quantile,0.975,0.39800259467395144
worcester,2026-05-02,2,2026-05-16,Flu ED visits pct,quantile,0.975,0.8114353666396744
athens,2026-05-02,3,2026-05-23,Flu ED visits pct,quantile,0.975,0.4464786816557629
austin,2026-05-02,3,2026-05-23,Flu ED visits pct,quantile,0.975,0.5826434031493727
baltimore,2026-05-02,3,2026-05-23,Flu ED visits pct,quantile,0.975,0.5721847598634019
bangor,2026-05-02,3,2026-05-23,Flu ED visits pct,quantile,0.975,0.8729199613034347
beaumont,2026-05-02,3,2026-05-23,Flu ED visits pct,quantile,0.975,0.740963226301479
boston,2026-05-02,3,2026-05-23,Flu ED visits pct,quantile,0.975,0.7108676780893441
boulder,2026-05-02,3,2026-05-23,Flu ED visits pct,quantile,0.975,1.326929027848919
charleston,2026-05-02,3,2026-05-23,Flu ED visits pct,quantile,0.975,0.3776701429478463
cherokee,2026-05-02,3,2026-05-23,Flu ED visits pct,quantile,0.975,0.6687116172261354
clt-area,2026-05-02,3,2026-05-23,Flu ED visits pct,quantile,0.975,1.1292355170986808
colorado,2026-05-02,3,2026-05-23,Flu ED visits pct,quantile,0.975,0.8215549095887529
colorado-springs,2026-05-02,3,2026-05-23,Flu ED visits pct,quantile,0.975,1.1468061417647328
columbia,2026-05-02,3,2026-05-23,Flu ED visits pct,quantile,0.975,0.48284957919780835
columbus,2026-05-02,3,2026-05-23,Flu ED visits pct,quantile,0.975,1.0173244846914178
dallas,2026-05-02,3,2026-05-23,Flu ED visits pct,quantile,0.975,0.6575129862384181
denver,2026-05-02,3,2026-05-23,Flu ED visits pct,quantile,0.975,0.9374247335631971
deschutes,2026-05-02,3,2026-05-23,Flu ED visits pct,quantile,0.975,0.8694343884499502
duluth,2026-05-02,3,2026-05-23,Flu ED visits pct,quantile,0.975,0.7809138038228565
el-paso,2026-05-02,3,2026-05-23,Flu ED visits pct,quantile,0.975,2.8663279498398544
eugene,2026-05-02,3,2026-05-23,Flu ED visits pct,quantile,0.975,0.3075478529977391
fay-area,2026-05-02,3,2026-05-23,Flu ED visits pct,quantile,0.975,1.3079245978119047
florence,2026-05-02,3,2026-05-23,Flu ED visits pct,quantile,0.975,0.8490999351922685
floyd,2026-05-02,3,2026-05-23,Flu ED visits pct,quantile,0.975,0.5584610123157352
frederick,2026-05-02,3,2026-05-23,Flu ED visits pct,quantile,0.975,2.445019167188761
georgia,2026-05-02,3,2026-05-23,Flu ED visits pct,quantile,0.975,0.3838433095481777
greenville,2026-05-02,3,2026-05-23,Flu ED visits pct,quantile,0.975,0.5470253443897143
hall,2026-05-02,3,2026-05-23,Flu ED visits pct,quantile,0.975,0.47307046144730375
harford,2026-05-02,3,2026-05-23,Flu ED visits pct,quantile,0.975,0.45570135700112674
henry,2026-05-02,3,2026-05-23,Flu ED visits pct,quantile,0.975,0.5570451590861042
horry,2026-05-02,3,2026-05-23,Flu ED visits pct,quantile,0.975,0.49274320290687923
houston,2026-05-02,3,2026-05-23,Flu ED visits pct,quantile,0.975,0.7133093675341021
indiana,2026-05-02,3,2026-05-23,Flu ED visits pct,quantile,0.975,0.3652404988277136
indianapolis,2026-05-02,3,2026-05-23,Flu ED visits pct,quantile,0.975,0.37098324261534954
la-grange,2026-05-02,3,2026-05-23,Flu ED visits pct,quantile,0.975,0.8596816441804764
larimer,2026-05-02,3,2026-05-23,Flu ED visits pct,quantile,0.975,0.6713943597964933
lynn,2026-05-02,3,2026-05-23,Flu ED visits pct,quantile,0.975,0.8777522190241732
macon,2026-05-02,3,2026-05-23,Flu ED visits pct,quantile,0.975,0.36388439328750205
maine,2026-05-02,3,2026-05-23,Flu ED visits pct,quantile,0.975,0.6296805006228836
marietta,2026-05-02,3,2026-05-23,Flu ED visits pct,quantile,0.975,0.37015878457741164
maryland,2026-05-02,3,2026-05-23,Flu ED visits pct,quantile,0.975,0.48090684478017204
massachusetts,2026-05-02,3,2026-05-23,Flu ED visits pct,quantile,0.975,0.6268518182396289
medford,2026-05-02,3,2026-05-23,Flu ED visits pct,quantile,0.975,1.078767188193737
mesa,2026-05-02,3,2026-05-23,Flu ED visits pct,quantile,0.975,0.7659826962804914
minneapolis,2026-05-02,3,2026-05-23,Flu ED visits pct,quantile,0.975,0.825781613309214
minnesota,2026-05-02,3,2026-05-23,Flu ED visits pct,quantile,0.975,0.6600009403346493
montgomery,2026-05-02,3,2026-05-23,Flu ED visits pct,quantile,0.975,0.5296454835001135
nenc,2026-05-02,3,2026-05-23,Flu ED visits pct,quantile,0.975,0.3042753915358829
new-bedford,2026-05-02,3,2026-05-23,Flu ED visits pct,quantile,0.975,1.2695528736428983
north-carolina,2026-05-02,3,2026-05-23,Flu ED visits pct,quantile,0.975,0.64696267403646
nyc,2026-05-02,3,2026-05-23,ILI ED visits pct,quantile,0.975,2.439143591955096
ogden,2026-05-02,3,2026-05-23,Flu ED visits pct,quantile,0.975,0.4817103428771567
oregon,2026-05-02,3,2026-05-23,Flu ED visits pct,quantile,0.975,0.5224605960491302
pittsfield,2026-05-02,3,2026-05-23,Flu ED visits pct,quantile,0.975,1.308799243457466
portland,2026-05-02,3,2026-05-23,Flu ED visits pct,quantile,0.975,0.8008468655681643
portland-or,2026-05-02,3,2026-05-23,Flu ED visits pct,quantile,0.975,0.6605665292597498
provo,2026-05-02,3,2026-05-23,Flu ED visits pct,quantile,0.975,0.8967323793108369
roanoke,2026-05-02,3,2026-05-23,Flu ED visits pct,quantile,0.975,0.6199551106505872
rochester,2026-05-02,3,2026-05-23,Flu ED visits pct,quantile,0.975,0.5078897350441837
rock-hill,2026-05-02,3,2026-05-23,Flu ED visits pct,quantile,0.975,0.4456530724450076
rtp-area,2026-05-02,3,2026-05-23,Flu ED visits pct,quantile,0.975,0.251694155581418
salem,2026-05-02,3,2026-05-23,Flu ED visits pct,quantile,0.975,0.43432199978842145
salt-lake-city,2026-05-02,3,2026-05-23,Flu ED visits pct,quantile,0.975,0.5414722211805658
san-antonio,2026-05-02,3,2026-05-23,Flu ED visits pct,quantile,0.975,0.6072583446950469
savannah,2026-05-02,3,2026-05-23,Flu ED visits pct,quantile,0.975,0.2189631664921781
senc,2026-05-02,3,2026-05-23,Flu ED visits pct,quantile,0.975,0.2418106963701402
south-augusta,2026-05-02,3,2026-05-23,Flu ED visits pct,quantile,0.975,0.6843615537634776
south-carolina,2026-05-02,3,2026-05-23,Flu ED visits pct,quantile,0.975,0.4021528836417591
springfield,2026-05-02,3,2026-05-23,Flu ED visits pct,quantile,0.975,1.3927638882599274
st-cloud,2026-05-02,3,2026-05-23,Flu ED visits pct,quantile,0.975,0.9114346242323633
st-paul,2026-05-02,3,2026-05-23,Flu ED visits pct,quantile,0.975,0.8805678638178397
texas,2026-05-02,3,2026-05-23,Flu ED visits pct,quantile,0.975,0.7061048125592206
triad-area,2026-05-02,3,2026-05-23,Flu ED visits pct,quantile,0.975,0.5194444566971808
utah,2026-05-02,3,2026-05-23,Flu ED visits pct,quantile,0.975,0.4778900273071027
virginia,2026-05-02,3,2026-05-23,Flu ED visits pct,quantile,0.975,0.545763198897646
weld,2026-05-02,3,2026-05-23,Flu ED visits pct,quantile,0.975,0.5828971798352398
wnc,2026-05-02,3,2026-05-23,Flu ED visits pct,quantile,0.975,0.4201966303288095
worcester,2026-05-02,3,2026-05-23,Flu ED visits pct,quantile,0.975,0.8261581098036146
