location,reference_date,horizon,target_end_date,target,output_type,output_type_id,value
athens,2026-03-21,0,2026-03-21,Flu ED visits pct,quantile,0.025,0.4079958068912694
austin,2026-03-21,0,2026-03-21,Flu ED visits pct,quantile,0.025,0.4521451672436346
baltimore,2026-03-21,0,2026-03-21,Flu ED visits pct,quantile,0.025,0.3521792506561319
bangor,2026-03-21,0,2026-03-21,Flu ED visits pct,quantile,0.025,0.3933376601007902
beaumont,2026-03-21,0,2026-03-21,Flu ED visits pct,quantile,0.025,0.26440276511834376
boston,2026-03-21,0,2026-03-21,Flu ED visits pct,quantile,0.025,0.5234145568160311
boulder,2026-03-21,0,2026-03-21,Flu ED visits pct,quantile,0.025,1.1771580898790197
charleston,2026-03-21,0,2026-03-21,Flu ED visits pct,quantile,0.025,0.423861353365346
cherokee,2026-03-21,0,2026-03-21,Flu ED visits pct,quantile,0.025,0.49013229816710446
clt-area,2026-03-21,0,2026-03-21,Flu ED visits pct,quantile,0.025,1.242072946158503
colorado,2026-03-21,0,2026-03-21,Flu ED visits pct,quantile,0.025,0.8636092250996744
colorado-springs,2026-03-21,0,2026-03-21,Flu ED visits pct,quantile,0.025,0.6269106564506786
columbia,2026-03-21,0,2026-03-21,Flu ED visits pct,quantile,0.025,0.3643666249402943
columbus,2026-03-21,0,2026-03-21,Flu ED visits pct,quantile,0.025,0.29064987734782327
dallas,2026-03-21,0,2026-03-21,Flu ED visits pct,quantile,0.025,0.5059464990190453
denver,2026-03-21,0,2026-03-21,Flu ED visits pct,quantile,0.025,0.9621735426084401
deschutes,2026-03-21,0,2026-03-21,Flu ED visits pct,quantile,0.025,0.3302986083037873
duluth,2026-03-21,0,2026-03-21,Flu ED visits pct,quantile,0.025,0.6542567500127222
el-paso,2026-03-21,0,2026-03-21,Flu ED visits pct,quantile,0.025,0.6766006049701564
eugene,2026-03-21,0,2026-03-21,Flu ED visits pct,quantile,0.025,0.20416983194751548
fay-area,2026-03-21,0,2026-03-21,Flu ED visits pct,quantile,0.025,1.2402984841706197
florence,2026-03-21,0,2026-03-21,Flu ED visits pct,quantile,0.025,0.1905325089691622
floyd,2026-03-21,0,2026-03-21,Flu ED visits pct,quantile,0.025,0.3120824052664033
frederick,2026-03-21,0,2026-03-21,Flu ED visits pct,quantile,0.025,0.1932275986073527
georgia,2026-03-21,0,2026-03-21,Flu ED visits pct,quantile,0.025,0.44242787323342525
greenville,2026-03-21,0,2026-03-21,Flu ED visits pct,quantile,0.025,0.5662687990833164
hall,2026-03-21,0,2026-03-21,Flu ED visits pct,quantile,0.025,0.24426982752459747
harford,2026-03-21,0,2026-03-21,Flu ED visits pct,quantile,0.025,0.1531749758989869
henry,2026-03-21,0,2026-03-21,Flu ED visits pct,quantile,0.025,0.2625208807898594
horry,2026-03-21,0,2026-03-21,Flu ED visits pct,quantile,0.025,0.27836177920199673
houston,2026-03-21,0,2026-03-21,Flu ED visits pct,quantile,0.025,0.3894899755854946
indiana,2026-03-21,0,2026-03-21,Flu ED visits pct,quantile,0.025,1.1224463845858847
indianapolis,2026-03-21,0,2026-03-21,Flu ED visits pct,quantile,0.025,1.1836309699707297
la-grange,2026-03-21,0,2026-03-21,Flu ED visits pct,quantile,0.025,0.2438454982298942
larimer,2026-03-21,0,2026-03-21,Flu ED visits pct,quantile,0.025,0.3201963129155603
lynn,2026-03-21,0,2026-03-21,Flu ED visits pct,quantile,0.025,0.36628843433072966
macon,2026-03-21,0,2026-03-21,Flu ED visits pct,quantile,0.025,0.25887768799188077
maine,2026-03-21,0,2026-03-21,Flu ED visits pct,quantile,0.025,0.405029046167326
marietta,2026-03-21,0,2026-03-21,Flu ED visits pct,quantile,0.025,0.34967683992926296
maryland,2026-03-21,0,2026-03-21,Flu ED visits pct,quantile,0.025,0.4420070875943235
massachusetts,2026-03-21,0,2026-03-21,Flu ED visits pct,quantile,0.025,0.561229632612662
medford,2026-03-21,0,2026-03-21,Flu ED visits pct,quantile,0.025,0.08403315827877617
mesa,2026-03-21,0,2026-03-21,Flu ED visits pct,quantile,0.025,0.15599224061967487
minneapolis,2026-03-21,0,2026-03-21,Flu ED visits pct,quantile,0.025,1.009521310950761
minnesota,2026-03-21,0,2026-03-21,Flu ED visits pct,quantile,0.025,0.9104921433035361
montgomery,2026-03-21,0,2026-03-21,Flu ED visits pct,quantile,0.025,0.45788593383967513
nenc,2026-03-21,0,2026-03-21,Flu ED visits pct,quantile,0.025,0.7838836814815482
new-bedford,2026-03-21,0,2026-03-21,Flu ED visits pct,quantile,0.025,0.4497856307319946
north-carolina,2026-03-21,0,2026-03-21,Flu ED visits pct,quantile,0.025,0.8568063939194975
nyc,2026-03-21,0,2026-03-21,ILI ED visits pct,quantile,0.025,1.8007939950017267
ogden,2026-03-21,0,2026-03-21,Flu ED visits pct,quantile,0.025,0.31579761864296657
oregon,2026-03-21,0,2026-03-21,Flu ED visits pct,quantile,0.025,0.5338864790633535
pittsfield,2026-03-21,0,2026-03-21,Flu ED visits pct,quantile,0.025,0.09052967408650499
portland,2026-03-21,0,2026-03-21,Flu ED visits pct,quantile,0.025,0.20193876185225032
portland-or,2026-03-21,0,2026-03-21,Flu ED visits pct,quantile,0.025,0.6875887831460125
provo,2026-03-21,0,2026-03-21,Flu ED visits pct,quantile,0.025,0.22569353460574054
roanoke,2026-03-21,0,2026-03-21,Flu ED visits pct,quantile,0.025,0.6372447779187882
rochester,2026-03-21,0,2026-03-21,Flu ED visits pct,quantile,0.025,0.5498534066497034
rock-hill,2026-03-21,0,2026-03-21,Flu ED visits pct,quantile,0.025,0.270401198631109
rtp-area,2026-03-21,0,2026-03-21,Flu ED visits pct,quantile,0.025,0.5925058358248892
salem,2026-03-21,0,2026-03-21,Flu ED visits pct,quantile,0.025,0.5014566278171696
salt-lake-city,2026-03-21,0,2026-03-21,Flu ED visits pct,quantile,0.025,0.3975103826905972
san-antonio,2026-03-21,0,2026-03-21,Flu ED visits pct,quantile,0.025,0.5377320580447961
savannah,2026-03-21,0,2026-03-21,Flu ED visits pct,quantile,0.025,0.1335556782429335
senc,2026-03-21,0,2026-03-21,Flu ED visits pct,quantile,0.025,0.37920589022947343
south-augusta,2026-03-21,0,2026-03-21,Flu ED visits pct,quantile,0.025,0.32425562728917867
south-carolina,2026-03-21,0,2026-03-21,Flu ED visits pct,quantile,0.025,0.4921530838815078
springfield,2026-03-21,0,2026-03-21,Flu ED visits pct,quantile,0.025,0.479308923960005
st-cloud,2026-03-21,0,2026-03-21,Flu ED visits pct,quantile,0.025,0.5529616388065621
st-paul,2026-03-21,0,2026-03-21,Flu ED visits pct,quantile,0.025,0.6746332325241613
texas,2026-03-21,0,2026-03-21,Flu ED visits pct,quantile,0.025,0.6007367052278119
triad-area,2026-03-21,0,2026-03-21,Flu ED visits pct,quantile,0.025,0.6192724908988336
utah,2026-03-21,0,2026-03-21,Flu ED visits pct,quantile,0.025,0.3775450880260413
virginia,2026-03-21,0,2026-03-21,Flu ED visits pct,quantile,0.025,0.796247333501374
weld,2026-03-21,0,2026-03-21,Flu ED visits pct,quantile,0.025,1.01287932887439
wnc,2026-03-21,0,2026-03-21,Flu ED visits pct,quantile,0.025,0.5884914882742126
worcester,2026-03-21,0,2026-03-21,Flu ED visits pct,quantile,0.025,0.437504628629543
athens,2026-03-21,1,2026-03-28,Flu ED visits pct,quantile,0.025,0.3010193527094758
austin,2026-03-21,1,2026-03-28,Flu ED visits pct,quantile,0.025,0.3306274811837557
baltimore,2026-03-21,1,2026-03-28,Flu ED visits pct,quantile,0.025,0.25014412249428336
bangor,2026-03-21,1,2026-03-28,Flu ED visits pct,quantile,0.025,0.2906061088879831
beaumont,2026-03-21,1,2026-03-28,Flu ED visits pct,quantile,0.025,0.1839407470265456
boston,2026-03-21,1,2026-03-28,Flu ED visits pct,quantile,0.025,0.3948358925003422
boulder,2026-03-21,1,2026-03-28,Flu ED visits pct,quantile,0.025,0.8734763984972108
charleston,2026-03-21,1,2026-03-28,Flu ED visits pct,quantile,0.025,0.3039915980686813
cherokee,2026-03-21,1,2026-03-28,Flu ED visits pct,quantile,0.025,0.35713328595007826
clt-area,2026-03-21,1,2026-03-28,Flu ED visits pct,quantile,0.025,0.9445931693156121
colorado,2026-03-21,1,2026-03-28,Flu ED visits pct,quantile,0.025,0.6750696438216363
colorado-springs,2026-03-21,1,2026-03-28,Flu ED visits pct,quantile,0.025,0.48426561913785443
columbia,2026-03-21,1,2026-03-28,Flu ED visits pct,quantile,0.025,0.25268704791192165
columbus,2026-03-21,1,2026-03-28,Flu ED visits pct,quantile,0.025,0.20003608456635566
dallas,2026-03-21,1,2026-03-28,Flu ED visits pct,quantile,0.025,0.37989590852695276
denver,2026-03-21,1,2026-03-28,Flu ED visits pct,quantile,0.025,0.7329622588726961
deschutes,2026-03-21,1,2026-03-28,Flu ED visits pct,quantile,0.025,0.24835892608234678
duluth,2026-03-21,1,2026-03-28,Flu ED visits pct,quantile,0.025,0.4936819021952027
el-paso,2026-03-21,1,2026-03-28,Flu ED visits pct,quantile,0.025,0.49839508968033175
eugene,2026-03-21,1,2026-03-28,Flu ED visits pct,quantile,0.025,0.13911759319540287
fay-area,2026-03-21,1,2026-03-28,Flu ED visits pct,quantile,0.025,0.9357256950063316
florence,2026-03-21,1,2026-03-28,Flu ED visits pct,quantile,0.025,0.12386817525867515
floyd,2026-03-21,1,2026-03-28,Flu ED visits pct,quantile,0.025,0.2288596980230971
frederick,2026-03-21,1,2026-03-28,Flu ED visits pct,quantile,0.025,0.1332980436268628
georgia,2026-03-21,1,2026-03-28,Flu ED visits pct,quantile,0.025,0.32697276591278196
greenville,2026-03-21,1,2026-03-28,Flu ED visits pct,quantile,0.025,0.3935019213896874
hall,2026-03-21,1,2026-03-28,Flu ED visits pct,quantile,0.025,0.17358556632059838
harford,2026-03-21,1,2026-03-28,Flu ED visits pct,quantile,0.025,0.10595297706318856
henry,2026-03-21,1,2026-03-28,Flu ED visits pct,quantile,0.025,0.18760730288149507
horry,2026-03-21,1,2026-03-28,Flu ED visits pct,quantile,0.025,0.19866721596510734
houston,2026-03-21,1,2026-03-28,Flu ED visits pct,quantile,0.025,0.300119623629338
indiana,2026-03-21,1,2026-03-28,Flu ED visits pct,quantile,0.025,0.8022743987664808
indianapolis,2026-03-21,1,2026-03-28,Flu ED visits pct,quantile,0.025,0.820941893773152
la-grange,2026-03-21,1,2026-03-28,Flu ED visits pct,quantile,0.025,0.17120752404636258
larimer,2026-03-21,1,2026-03-28,Flu ED visits pct,quantile,0.025,0.2301650202543319
lynn,2026-03-21,1,2026-03-28,Flu ED visits pct,quantile,0.025,0.26258610697781876
macon,2026-03-21,1,2026-03-28,Flu ED visits pct,quantile,0.025,0.19040051160744229
maine,2026-03-21,1,2026-03-28,Flu ED visits pct,quantile,0.025,0.29491150015873435
marietta,2026-03-21,1,2026-03-28,Flu ED visits pct,quantile,0.025,0.24949802373533692
maryland,2026-03-21,1,2026-03-28,Flu ED visits pct,quantile,0.025,0.3292954564705717
massachusetts,2026-03-21,1,2026-03-28,Flu ED visits pct,quantile,0.025,0.43026528958388655
medford,2026-03-21,1,2026-03-28,Flu ED visits pct,quantile,0.025,0.050291283774014324
mesa,2026-03-21,1,2026-03-28,Flu ED visits pct,quantile,0.025,0.10699234794119848
minneapolis,2026-03-21,1,2026-03-28,Flu ED visits pct,quantile,0.025,0.7640148633712517
minnesota,2026-03-21,1,2026-03-28,Flu ED visits pct,quantile,0.025,0.6934261087589149
montgomery,2026-03-21,1,2026-03-28,Flu ED visits pct,quantile,0.025,0.32960670060629177
nenc,2026-03-21,1,2026-03-28,Flu ED visits pct,quantile,0.025,0.5468607944658264
new-bedford,2026-03-21,1,2026-03-28,Flu ED visits pct,quantile,0.025,0.3275390753142256
north-carolina,2026-03-21,1,2026-03-28,Flu ED visits pct,quantile,0.025,0.6378675068680253
nyc,2026-03-21,1,2026-03-28,ILI ED visits pct,quantile,0.025,1.5414758438591645
ogden,2026-03-21,1,2026-03-28,Flu ED visits pct,quantile,0.025,0.2323271864972127
oregon,2026-03-21,1,2026-03-28,Flu ED visits pct,quantile,0.025,0.38984496744259806
pittsfield,2026-03-21,1,2026-03-28,Flu ED visits pct,quantile,0.025,0.05653498604058129
portland,2026-03-21,1,2026-03-28,Flu ED visits pct,quantile,0.025,0.14567386120055761
portland-or,2026-03-21,1,2026-03-28,Flu ED visits pct,quantile,0.025,0.512830836747518
provo,2026-03-21,1,2026-03-28,Flu ED visits pct,quantile,0.025,0.1577076800757699
roanoke,2026-03-21,1,2026-03-28,Flu ED visits pct,quantile,0.025,0.4661148061890528
rochester,2026-03-21,1,2026-03-28,Flu ED visits pct,quantile,0.025,0.3773851463027606
rock-hill,2026-03-21,1,2026-03-28,Flu ED visits pct,quantile,0.025,0.18686291397670218
rtp-area,2026-03-21,1,2026-03-28,Flu ED visits pct,quantile,0.025,0.42873735494349274
salem,2026-03-21,1,2026-03-28,Flu ED visits pct,quantile,0.025,0.35292647548945066
salt-lake-city,2026-03-21,1,2026-03-28,Flu ED visits pct,quantile,0.025,0.2846326240656648
san-antonio,2026-03-21,1,2026-03-28,Flu ED visits pct,quantile,0.025,0.38480557362242235
savannah,2026-03-21,1,2026-03-28,Flu ED visits pct,quantile,0.025,0.08828176426098168
senc,2026-03-21,1,2026-03-28,Flu ED visits pct,quantile,0.025,0.2623114686694771
south-augusta,2026-03-21,1,2026-03-28,Flu ED visits pct,quantile,0.025,0.23814426547571144
south-carolina,2026-03-21,1,2026-03-28,Flu ED visits pct,quantile,0.025,0.3512357020867017
springfield,2026-03-21,1,2026-03-28,Flu ED visits pct,quantile,0.025,0.3516005028950713
st-cloud,2026-03-21,1,2026-03-28,Flu ED visits pct,quantile,0.025,0.40816673149227783
st-paul,2026-03-21,1,2026-03-28,Flu ED visits pct,quantile,0.025,0.5228496073849637
texas,2026-03-21,1,2026-03-28,Flu ED visits pct,quantile,0.025,0.467863667129183
triad-area,2026-03-21,1,2026-03-28,Flu ED visits pct,quantile,0.025,0.4767899040747812
utah,2026-03-21,1,2026-03-28,Flu ED visits pct,quantile,0.025,0.2717312191001522
virginia,2026-03-21,1,2026-03-28,Flu ED visits pct,quantile,0.025,0.6192097497950022
weld,2026-03-21,1,2026-03-28,Flu ED visits pct,quantile,0.025,0.7640006029763006
wnc,2026-03-21,1,2026-03-28,Flu ED visits pct,quantile,0.025,0.4147817429623613
worcester,2026-03-21,1,2026-03-28,Flu ED visits pct,quantile,0.025,0.3148293678349907
athens,2026-03-21,2,2026-04-04,Flu ED visits pct,quantile,0.025,0.21551893664695213
austin,2026-03-21,2,2026-04-04,Flu ED visits pct,quantile,0.025,0.2472596313614132
baltimore,2026-03-21,2,2026-04-04,Flu ED visits pct,quantile,0.025,0.1917967261875149
bangor,2026-03-21,2,2026-04-04,Flu ED visits pct,quantile,0.025,0.2016854668271284
beaumont,2026-03-21,2,2026-04-04,Flu ED visits pct,quantile,0.025,0.13589683316774423
boston,2026-03-21,2,2026-04-04,Flu ED visits pct,quantile,0.025,0.3075271626018326
boulder,2026-03-21,2,2026-04-04,Flu ED visits pct,quantile,0.025,0.6124726281022748
charleston,2026-03-21,2,2026-04-04,Flu ED visits pct,quantile,0.025,0.21645622220034458
cherokee,2026-03-21,2,2026-04-04,Flu ED visits pct,quantile,0.025,0.2579405627756291
clt-area,2026-03-21,2,2026-04-04,Flu ED visits pct,quantile,0.025,0.709122097183819
colorado,2026-03-21,2,2026-04-04,Flu ED visits pct,quantile,0.025,0.5251813265346919
colorado-springs,2026-03-21,2,2026-04-04,Flu ED visits pct,quantile,0.025,0.36655817651291067
columbia,2026-03-21,2,2026-04-04,Flu ED visits pct,quantile,0.025,0.17040002333919083
columbus,2026-03-21,2,2026-04-04,Flu ED visits pct,quantile,0.025,0.13170033203247206
dallas,2026-03-21,2,2026-04-04,Flu ED visits pct,quantile,0.025,0.288027656969366
denver,2026-03-21,2,2026-04-04,Flu ED visits pct,quantile,0.025,0.5750715615800334
deschutes,2026-03-21,2,2026-04-04,Flu ED visits pct,quantile,0.025,0.18184788218770717
duluth,2026-03-21,2,2026-04-04,Flu ED visits pct,quantile,0.025,0.3633409991773315
el-paso,2026-03-21,2,2026-04-04,Flu ED visits pct,quantile,0.025,0.38420492895541164
eugene,2026-03-21,2,2026-04-04,Flu ED visits pct,quantile,0.025,0.0888213627426634
fay-area,2026-03-21,2,2026-04-04,Flu ED visits pct,quantile,0.025,0.6706111250381186
florence,2026-03-21,2,2026-04-04,Flu ED visits pct,quantile,0.025,0.07749577762441867
floyd,2026-03-21,2,2026-04-04,Flu ED visits pct,quantile,0.025,0.15260706726631112
frederick,2026-03-21,2,2026-04-04,Flu ED visits pct,quantile,0.025,0.08744900103818354
georgia,2026-03-21,2,2026-04-04,Flu ED visits pct,quantile,0.025,0.2506040753602332
greenville,2026-03-21,2,2026-04-04,Flu ED visits pct,quantile,0.025,0.2856429867941619
hall,2026-03-21,2,2026-04-04,Flu ED visits pct,quantile,0.025,0.11794095917074292
harford,2026-03-21,2,2026-04-04,Flu ED visits pct,quantile,0.025,0.07324583595112717
henry,2026-03-21,2,2026-04-04,Flu ED visits pct,quantile,0.025,0.13594848765066156
horry,2026-03-21,2,2026-04-04,Flu ED visits pct,quantile,0.025,0.1451491108708269
houston,2026-03-21,2,2026-04-04,Flu ED visits pct,quantile,0.025,0.2652883360091204
indiana,2026-03-21,2,2026-04-04,Flu ED visits pct,quantile,0.025,0.5935708505157524
indianapolis,2026-03-21,2,2026-04-04,Flu ED visits pct,quantile,0.025,0.6060773865372918
la-grange,2026-03-21,2,2026-04-04,Flu ED visits pct,quantile,0.025,0.11427415779557103
larimer,2026-03-21,2,2026-04-04,Flu ED visits pct,quantile,0.025,0.14638994849736464
lynn,2026-03-21,2,2026-04-04,Flu ED visits pct,quantile,0.025,0.19674270964807933
macon,2026-03-21,2,2026-04-04,Flu ED visits pct,quantile,0.025,0.1408426546849866
maine,2026-03-21,2,2026-04-04,Flu ED visits pct,quantile,0.025,0.22481061580091638
marietta,2026-03-21,2,2026-04-04,Flu ED visits pct,quantile,0.025,0.17585012960690624
maryland,2026-03-21,2,2026-04-04,Flu ED visits pct,quantile,0.025,0.2523240882932283
massachusetts,2026-03-21,2,2026-04-04,Flu ED visits pct,quantile,0.025,0.3357539681803813
medford,2026-03-21,2,2026-04-04,Flu ED visits pct,quantile,0.025,0.027884608113601855
mesa,2026-03-21,2,2026-04-04,Flu ED visits pct,quantile,0.025,0.07027166125461884
minneapolis,2026-03-21,2,2026-04-04,Flu ED visits pct,quantile,0.025,0.6180736712004624
minnesota,2026-03-21,2,2026-04-04,Flu ED visits pct,quantile,0.025,0.5483324482861213
montgomery,2026-03-21,2,2026-04-04,Flu ED visits pct,quantile,0.025,0.2523956392615081
nenc,2026-03-21,2,2026-04-04,Flu ED visits pct,quantile,0.025,0.39906715824786304
new-bedford,2026-03-21,2,2026-04-04,Flu ED visits pct,quantile,0.025,0.24636681517901088
north-carolina,2026-03-21,2,2026-04-04,Flu ED visits pct,quantile,0.025,0.4785693634060851
nyc,2026-03-21,2,2026-04-04,ILI ED visits pct,quantile,0.025,1.3376933942790903
ogden,2026-03-21,2,2026-04-04,Flu ED visits pct,quantile,0.025,0.16729745667666354
oregon,2026-03-21,2,2026-04-04,Flu ED visits pct,quantile,0.025,0.2955252915920591
pittsfield,2026-03-21,2,2026-04-04,Flu ED visits pct,quantile,0.025,0.03865006645019571
portland,2026-03-21,2,2026-04-04,Flu ED visits pct,quantile,0.025,0.10504651068406164
portland-or,2026-03-21,2,2026-04-04,Flu ED visits pct,quantile,0.025,0.38741939831222844
provo,2026-03-21,2,2026-04-04,Flu ED visits pct,quantile,0.025,0.11212548776993146
roanoke,2026-03-21,2,2026-04-04,Flu ED visits pct,quantile,0.025,0.3584159790629466
rochester,2026-03-21,2,2026-04-04,Flu ED visits pct,quantile,0.025,0.259833500486409
rock-hill,2026-03-21,2,2026-04-04,Flu ED visits pct,quantile,0.025,0.12717111556415647
rtp-area,2026-03-21,2,2026-04-04,Flu ED visits pct,quantile,0.025,0.3161379496138783
salem,2026-03-21,2,2026-04-04,Flu ED visits pct,quantile,0.025,0.24583534139476165
salt-lake-city,2026-03-21,2,2026-04-04,Flu ED visits pct,quantile,0.025,0.22252240133838327
san-antonio,2026-03-21,2,2026-04-04,Flu ED visits pct,quantile,0.025,0.2795352203373573
savannah,2026-03-21,2,2026-04-04,Flu ED visits pct,quantile,0.025,0.056658369227534026
senc,2026-03-21,2,2026-04-04,Flu ED visits pct,quantile,0.025,0.17750911832353372
south-augusta,2026-03-21,2,2026-04-04,Flu ED visits pct,quantile,0.025,0.16498448259440524
south-carolina,2026-03-21,2,2026-04-04,Flu ED visits pct,quantile,0.025,0.25272881000676656
springfield,2026-03-21,2,2026-04-04,Flu ED visits pct,quantile,0.025,0.26252953149156943
st-cloud,2026-03-21,2,2026-04-04,Flu ED visits pct,quantile,0.025,0.2892536487273683
st-paul,2026-03-21,2,2026-04-04,Flu ED visits pct,quantile,0.025,0.40397665483184036
texas,2026-03-21,2,2026-04-04,Flu ED visits pct,quantile,0.025,0.37056218875137326
triad-area,2026-03-21,2,2026-04-04,Flu ED visits pct,quantile,0.025,0.35304631736154185
utah,2026-03-21,2,2026-04-04,Flu ED visits pct,quantile,0.025,0.20577460437289932
virginia,2026-03-21,2,2026-04-04,Flu ED visits pct,quantile,0.025,0.5009585482904216
weld,2026-03-21,2,2026-04-04,Flu ED visits pct,quantile,0.025,0.5916934340959044
wnc,2026-03-21,2,2026-04-04,Flu ED visits pct,quantile,0.025,0.30449949475135857
worcester,2026-03-21,2,2026-04-04,Flu ED visits pct,quantile,0.025,0.2310160704121005
athens,2026-03-21,3,2026-04-11,Flu ED visits pct,quantile,0.025,0.15660620434130043
austin,2026-03-21,3,2026-04-11,Flu ED visits pct,quantile,0.025,0.1942018348230737
baltimore,2026-03-21,3,2026-04-11,Flu ED visits pct,quantile,0.025,0.14466906631792623
bangor,2026-03-21,3,2026-04-11,Flu ED visits pct,quantile,0.025,0.15142417986489037
beaumont,2026-03-21,3,2026-04-11,Flu ED visits pct,quantile,0.025,0.11001624306947719
boston,2026-03-21,3,2026-04-11,Flu ED visits pct,quantile,0.025,0.24384939044272363
boulder,2026-03-21,3,2026-04-11,Flu ED visits pct,quantile,0.025,0.42969625579959697
charleston,2026-03-21,3,2026-04-11,Flu ED visits pct,quantile,0.025,0.1639347813532548
cherokee,2026-03-21,3,2026-04-11,Flu ED visits pct,quantile,0.025,0.19183196424744725
clt-area,2026-03-21,3,2026-04-11,Flu ED visits pct,quantile,0.025,0.48548664913352857
colorado,2026-03-21,3,2026-04-11,Flu ED visits pct,quantile,0.025,0.41013488325770237
colorado-springs,2026-03-21,3,2026-04-11,Flu ED visits pct,quantile,0.025,0.280450261206102
columbia,2026-03-21,3,2026-04-11,Flu ED visits pct,quantile,0.025,0.1329039165021426
columbus,2026-03-21,3,2026-04-11,Flu ED visits pct,quantile,0.025,0.09138482817708532
dallas,2026-03-21,3,2026-04-11,Flu ED visits pct,quantile,0.025,0.22909397570349713
denver,2026-03-21,3,2026-04-11,Flu ED visits pct,quantile,0.025,0.46373009321568964
deschutes,2026-03-21,3,2026-04-11,Flu ED visits pct,quantile,0.025,0.14583479139510008
duluth,2026-03-21,3,2026-04-11,Flu ED visits pct,quantile,0.025,0.27556662043667335
el-paso,2026-03-21,3,2026-04-11,Flu ED visits pct,quantile,0.025,0.323621581324662
eugene,2026-03-21,3,2026-04-11,Flu ED visits pct,quantile,0.025,0.06450147208403113
fay-area,2026-03-21,3,2026-04-11,Flu ED visits pct,quantile,0.025,0.4772643680433634
florence,2026-03-21,3,2026-04-11,Flu ED visits pct,quantile,0.025,0.05735476764985344
floyd,2026-03-21,3,2026-04-11,Flu ED visits pct,quantile,0.025,0.11418827437042109
frederick,2026-03-21,3,2026-04-11,Flu ED visits pct,quantile,0.025,0.08312987668883798
georgia,2026-03-21,3,2026-04-11,Flu ED visits pct,quantile,0.025,0.20058236815059088
greenville,2026-03-21,3,2026-04-11,Flu ED visits pct,quantile,0.025,0.20301404071209628
hall,2026-03-21,3,2026-04-11,Flu ED visits pct,quantile,0.025,0.09333703994992082
harford,2026-03-21,3,2026-04-11,Flu ED visits pct,quantile,0.025,0.05275117795663462
henry,2026-03-21,3,2026-04-11,Flu ED visits pct,quantile,0.025,0.1053858244889549
horry,2026-03-21,3,2026-04-11,Flu ED visits pct,quantile,0.025,0.10909206162745543
houston,2026-03-21,3,2026-04-11,Flu ED visits pct,quantile,0.025,0.23006034263392677
indiana,2026-03-21,3,2026-04-11,Flu ED visits pct,quantile,0.025,0.47824288115588154
indianapolis,2026-03-21,3,2026-04-11,Flu ED visits pct,quantile,0.025,0.44891097134640406
la-grange,2026-03-21,3,2026-04-11,Flu ED visits pct,quantile,0.025,0.08657148486875546
larimer,2026-03-21,3,2026-04-11,Flu ED visits pct,quantile,0.025,0.11175000174626887
lynn,2026-03-21,3,2026-04-11,Flu ED visits pct,quantile,0.025,0.16110310466084873
macon,2026-03-21,3,2026-04-11,Flu ED visits pct,quantile,0.025,0.10512410571024129
maine,2026-03-21,3,2026-04-11,Flu ED visits pct,quantile,0.025,0.17791633316220037
marietta,2026-03-21,3,2026-04-11,Flu ED visits pct,quantile,0.025,0.13453172375333342
maryland,2026-03-21,3,2026-04-11,Flu ED visits pct,quantile,0.025,0.21271974926738005
massachusetts,2026-03-21,3,2026-04-11,Flu ED visits pct,quantile,0.025,0.2781634790488257
medford,2026-03-21,3,2026-04-11,Flu ED visits pct,quantile,0.025,0.01926291454166379
mesa,2026-03-21,3,2026-04-11,Flu ED visits pct,quantile,0.025,0.05489022717436517
minneapolis,2026-03-21,3,2026-04-11,Flu ED visits pct,quantile,0.025,0.4782523671160617
minnesota,2026-03-21,3,2026-04-11,Flu ED visits pct,quantile,0.025,0.4233943010301852
montgomery,2026-03-21,3,2026-04-11,Flu ED visits pct,quantile,0.025,0.20743549230071112
nenc,2026-03-21,3,2026-04-11,Flu ED visits pct,quantile,0.025,0.287646273405587
new-bedford,2026-03-21,3,2026-04-11,Flu ED visits pct,quantile,0.025,0.2006136611963434
north-carolina,2026-03-21,3,2026-04-11,Flu ED visits pct,quantile,0.025,0.34416915233945955
nyc,2026-03-21,3,2026-04-11,ILI ED visits pct,quantile,0.025,1.165874551424899
ogden,2026-03-21,3,2026-04-11,Flu ED visits pct,quantile,0.025,0.13678017480151122
oregon,2026-03-21,3,2026-04-11,Flu ED visits pct,quantile,0.025,0.2221399138785889
pittsfield,2026-03-21,3,2026-04-11,Flu ED visits pct,quantile,0.025,0.03278351691448357
portland,2026-03-21,3,2026-04-11,Flu ED visits pct,quantile,0.025,0.08094403811244101
portland-or,2026-03-21,3,2026-04-11,Flu ED visits pct,quantile,0.025,0.28717631578868785
provo,2026-03-21,3,2026-04-11,Flu ED visits pct,quantile,0.025,0.09061292507114835
roanoke,2026-03-21,3,2026-04-11,Flu ED visits pct,quantile,0.025,0.27897850024538995
rochester,2026-03-21,3,2026-04-11,Flu ED visits pct,quantile,0.025,0.1910398269681401
rock-hill,2026-03-21,3,2026-04-11,Flu ED visits pct,quantile,0.025,0.09622447435994928
rtp-area,2026-03-21,3,2026-04-11,Flu ED visits pct,quantile,0.025,0.22496418292471565
salem,2026-03-21,3,2026-04-11,Flu ED visits pct,quantile,0.025,0.17666043961396732
salt-lake-city,2026-03-21,3,2026-04-11,Flu ED visits pct,quantile,0.025,0.17282812990636204
san-antonio,2026-03-21,3,2026-04-11,Flu ED visits pct,quantile,0.025,0.21753372627221684
savannah,2026-03-21,3,2026-04-11,Flu ED visits pct,quantile,0.025,0.03874457940116996
senc,2026-03-21,3,2026-04-11,Flu ED visits pct,quantile,0.025,0.12307935027304477
south-augusta,2026-03-21,3,2026-04-11,Flu ED visits pct,quantile,0.025,0.1213604960869452
south-carolina,2026-03-21,3,2026-04-11,Flu ED visits pct,quantile,0.025,0.1949908318985399
springfield,2026-03-21,3,2026-04-11,Flu ED visits pct,quantile,0.025,0.20971615228291998
st-cloud,2026-03-21,3,2026-04-11,Flu ED visits pct,quantile,0.025,0.2058632634020849
st-paul,2026-03-21,3,2026-04-11,Flu ED visits pct,quantile,0.025,0.3306479952263996
texas,2026-03-21,3,2026-04-11,Flu ED visits pct,quantile,0.025,0.30117458785346285
triad-area,2026-03-21,3,2026-04-11,Flu ED visits pct,quantile,0.025,0.2595846790898921
utah,2026-03-21,3,2026-04-11,Flu ED visits pct,quantile,0.025,0.16377566556326267
virginia,2026-03-21,3,2026-04-11,Flu ED visits pct,quantile,0.025,0.3974738587272073
weld,2026-03-21,3,2026-04-11,Flu ED visits pct,quantile,0.025,0.48633257688268505
wnc,2026-03-21,3,2026-04-11,Flu ED visits pct,quantile,0.025,0.21495868698101867
worcester,2026-03-21,3,2026-04-11,Flu ED visits pct,quantile,0.025,0.1870457562633095
athens,2026-03-21,0,2026-03-21,Flu ED visits pct,quantile,0.05,0.7432063352467125
austin,2026-03-21,0,2026-03-21,Flu ED visits pct,quantile,0.05,0.6012317873357459
baltimore,2026-03-21,0,2026-03-21,Flu ED visits pct,quantile,0.05,0.4985961636617603
bangor,2026-03-21,0,2026-03-21,Flu ED visits pct,quantile,0.05,0.7069577917994944
beaumont,2026-03-21,0,2026-03-21,Flu ED visits pct,quantile,0.05,0.4022134068612337
boston,2026-03-21,0,2026-03-21,Flu ED visits pct,quantile,0.05,0.7351970733646149
boulder,2026-03-21,0,2026-03-21,Flu ED visits pct,quantile,0.05,1.7271701994388626
charleston,2026-03-21,0,2026-03-21,Flu ED visits pct,quantile,0.05,0.6137712945680167
cherokee,2026-03-21,0,2026-03-21,Flu ED visits pct,quantile,0.05,0.8068491124400536
clt-area,2026-03-21,0,2026-03-21,Flu ED visits pct,quantile,0.05,1.7185061128584298
colorado,2026-03-21,0,2026-03-21,Flu ED visits pct,quantile,0.05,1.344205631053923
colorado-springs,2026-03-21,0,2026-03-21,Flu ED visits pct,quantile,0.05,0.9713217736770572
columbia,2026-03-21,0,2026-03-21,Flu ED visits pct,quantile,0.05,0.5603876089848328
columbus,2026-03-21,0,2026-03-21,Flu ED visits pct,quantile,0.05,0.4550230773497496
dallas,2026-03-21,0,2026-03-21,Flu ED visits pct,quantile,0.05,0.7009500563153316
denver,2026-03-21,0,2026-03-21,Flu ED visits pct,quantile,0.05,1.4513546645710138
deschutes,2026-03-21,0,2026-03-21,Flu ED visits pct,quantile,0.05,0.47936619620748316
duluth,2026-03-21,0,2026-03-21,Flu ED visits pct,quantile,0.05,1.0978424413990526
el-paso,2026-03-21,0,2026-03-21,Flu ED visits pct,quantile,0.05,0.8996259692596646
eugene,2026-03-21,0,2026-03-21,Flu ED visits pct,quantile,0.05,0.30391069643199425
fay-area,2026-03-21,0,2026-03-21,Flu ED visits pct,quantile,0.05,1.7228570313944804
florence,2026-03-21,0,2026-03-21,Flu ED visits pct,quantile,0.05,0.3123719523969416
floyd,2026-03-21,0,2026-03-21,Flu ED visits pct,quantile,0.05,0.49653000214777276
frederick,2026-03-21,0,2026-03-21,Flu ED visits pct,quantile,0.05,0.5023704890469358
georgia,2026-03-21,0,2026-03-21,Flu ED visits pct,quantile,0.05,0.6285589300329978
greenville,2026-03-21,0,2026-03-21,Flu ED visits pct,quantile,0.05,0.9156354326239025
hall,2026-03-21,0,2026-03-21,Flu ED visits pct,quantile,0.05,0.37262752105472013
harford,2026-03-21,0,2026-03-21,Flu ED visits pct,quantile,0.05,0.25836525678692174
henry,2026-03-21,0,2026-03-21,Flu ED visits pct,quantile,0.05,0.39458571697473066
horry,2026-03-21,0,2026-03-21,Flu ED visits pct,quantile,0.05,0.42276814470610075
houston,2026-03-21,0,2026-03-21,Flu ED visits pct,quantile,0.05,0.5283096281408136
indiana,2026-03-21,0,2026-03-21,Flu ED visits pct,quantile,0.05,1.6705178472060307
indianapolis,2026-03-21,0,2026-03-21,Flu ED visits pct,quantile,0.05,1.6760053752930373
la-grange,2026-03-21,0,2026-03-21,Flu ED visits pct,quantile,0.05,0.38125627479382695
larimer,2026-03-21,0,2026-03-21,Flu ED visits pct,quantile,0.05,0.5723029330676648
lynn,2026-03-21,0,2026-03-21,Flu ED visits pct,quantile,0.05,0.5167507186961194
macon,2026-03-21,0,2026-03-21,Flu ED visits pct,quantile,0.05,0.3865832360656783
maine,2026-03-21,0,2026-03-21,Flu ED visits pct,quantile,0.05,0.5607052438698678
marietta,2026-03-21,0,2026-03-21,Flu ED visits pct,quantile,0.05,0.6128555125365679
maryland,2026-03-21,0,2026-03-21,Flu ED visits pct,quantile,0.05,0.6205400099535989
massachusetts,2026-03-21,0,2026-03-21,Flu ED visits pct,quantile,0.05,0.7728558784906161
medford,2026-03-21,0,2026-03-21,Flu ED visits pct,quantile,0.05,0.17807948663452608
mesa,2026-03-21,0,2026-03-21,Flu ED visits pct,quantile,0.05,0.24246857673811095
minneapolis,2026-03-21,0,2026-03-21,Flu ED visits pct,quantile,0.05,1.598484663471849
minnesota,2026-03-21,0,2026-03-21,Flu ED visits pct,quantile,0.05,1.4912874520792048
montgomery,2026-03-21,0,2026-03-21,Flu ED visits pct,quantile,0.05,0.6515917344194698
nenc,2026-03-21,0,2026-03-21,Flu ED visits pct,quantile,0.05,1.0085870351942028
new-bedford,2026-03-21,0,2026-03-21,Flu ED visits pct,quantile,0.05,0.6334034704157329
north-carolina,2026-03-21,0,2026-03-21,Flu ED visits pct,quantile,0.05,1.1893171750342055
nyc,2026-03-21,0,2026-03-21,ILI ED visits pct,quantile,0.05,2.154249338460298
ogden,2026-03-21,0,2026-03-21,Flu ED visits pct,quantile,0.05,0.44713199994415637
oregon,2026-03-21,0,2026-03-21,Flu ED visits pct,quantile,0.05,0.7468098971277749
pittsfield,2026-03-21,0,2026-03-21,Flu ED visits pct,quantile,0.05,0.17361589796696647
portland,2026-03-21,0,2026-03-21,Flu ED visits pct,quantile,0.05,0.30478729667980475
portland-or,2026-03-21,0,2026-03-21,Flu ED visits pct,quantile,0.05,1.008147026843126
provo,2026-03-21,0,2026-03-21,Flu ED visits pct,quantile,0.05,0.34308401340050176
roanoke,2026-03-21,0,2026-03-21,Flu ED visits pct,quantile,0.05,1.0674550158768417
rochester,2026-03-21,0,2026-03-21,Flu ED visits pct,quantile,0.05,0.8331161367945475
rock-hill,2026-03-21,0,2026-03-21,Flu ED visits pct,quantile,0.05,0.4724014776413718
rtp-area,2026-03-21,0,2026-03-21,Flu ED visits pct,quantile,0.05,0.796370866469462
salem,2026-03-21,0,2026-03-21,Flu ED visits pct,quantile,0.05,0.7740044742738095
salt-lake-city,2026-03-21,0,2026-03-21,Flu ED visits pct,quantile,0.05,0.5260188248788329
san-antonio,2026-03-21,0,2026-03-21,Flu ED visits pct,quantile,0.05,0.7028643870428645
savannah,2026-03-21,0,2026-03-21,Flu ED visits pct,quantile,0.05,0.2206864590554912
senc,2026-03-21,0,2026-03-21,Flu ED visits pct,quantile,0.05,0.5268552379407527
south-augusta,2026-03-21,0,2026-03-21,Flu ED visits pct,quantile,0.05,0.5116577289817357
south-carolina,2026-03-21,0,2026-03-21,Flu ED visits pct,quantile,0.05,0.7302991933704853
springfield,2026-03-21,0,2026-03-21,Flu ED visits pct,quantile,0.05,0.6991234857167092
st-cloud,2026-03-21,0,2026-03-21,Flu ED visits pct,quantile,0.05,0.9307582016739133
st-paul,2026-03-21,0,2026-03-21,Flu ED visits pct,quantile,0.05,0.9856467946129359
texas,2026-03-21,0,2026-03-21,Flu ED visits pct,quantile,0.05,0.8020905527170712
triad-area,2026-03-21,0,2026-03-21,Flu ED visits pct,quantile,0.05,0.8328357902909242
utah,2026-03-21,0,2026-03-21,Flu ED visits pct,quantile,0.05,0.5109146621423186
virginia,2026-03-21,0,2026-03-21,Flu ED visits pct,quantile,0.05,1.181306098905334
weld,2026-03-21,0,2026-03-21,Flu ED visits pct,quantile,0.05,1.5953727046802315
wnc,2026-03-21,0,2026-03-21,Flu ED visits pct,quantile,0.05,0.7834067756474881
worcester,2026-03-21,0,2026-03-21,Flu ED visits pct,quantile,0.05,0.5534135499704629
athens,2026-03-21,1,2026-03-28,Flu ED visits pct,quantile,0.05,0.5017831186901347
austin,2026-03-21,1,2026-03-28,Flu ED visits pct,quantile,0.05,0.44888377267875884
baltimore,2026-03-21,1,2026-03-28,Flu ED visits pct,quantile,0.05,0.3920293384024753
bangor,2026-03-21,1,2026-03-28,Flu ED visits pct,quantile,0.05,0.4867623924211494
beaumont,2026-03-21,1,2026-03-28,Flu ED visits pct,quantile,0.05,0.2844758769225519
boston,2026-03-21,1,2026-03-28,Flu ED visits pct,quantile,0.05,0.5780056801862874
boulder,2026-03-21,1,2026-03-28,Flu ED visits pct,quantile,0.05,1.1570858136940376
charleston,2026-03-21,1,2026-03-28,Flu ED visits pct,quantile,0.05,0.4325175871070342
cherokee,2026-03-21,1,2026-03-28,Flu ED visits pct,quantile,0.05,0.5599605837996838
clt-area,2026-03-21,1,2026-03-28,Flu ED visits pct,quantile,0.05,1.182772034981795
colorado,2026-03-21,1,2026-03-28,Flu ED visits pct,quantile,0.05,0.9982346730429632
colorado-springs,2026-03-21,1,2026-03-28,Flu ED visits pct,quantile,0.05,0.722986726125648
columbia,2026-03-21,1,2026-03-28,Flu ED visits pct,quantile,0.05,0.3897239468659828
columbus,2026-03-21,1,2026-03-28,Flu ED visits pct,quantile,0.05,0.2920876588815691
dallas,2026-03-21,1,2026-03-28,Flu ED visits pct,quantile,0.05,0.5412194592271019
denver,2026-03-21,1,2026-03-28,Flu ED visits pct,quantile,0.05,1.1181239681149768
deschutes,2026-03-21,1,2026-03-28,Flu ED visits pct,quantile,0.05,0.34599270359482415
duluth,2026-03-21,1,2026-03-28,Flu ED visits pct,quantile,0.05,0.7854896345422144
el-paso,2026-03-21,1,2026-03-28,Flu ED visits pct,quantile,0.05,0.7135099001501596
eugene,2026-03-21,1,2026-03-28,Flu ED visits pct,quantile,0.05,0.20243768746006327
fay-area,2026-03-21,1,2026-03-28,Flu ED visits pct,quantile,0.05,1.2103885110745565
florence,2026-03-21,1,2026-03-28,Flu ED visits pct,quantile,0.05,0.20669880274814056
floyd,2026-03-21,1,2026-03-28,Flu ED visits pct,quantile,0.05,0.34220157300782306
frederick,2026-03-21,1,2026-03-28,Flu ED visits pct,quantile,0.05,0.31165357031919055
georgia,2026-03-21,1,2026-03-28,Flu ED visits pct,quantile,0.05,0.4881053252967007
greenville,2026-03-21,1,2026-03-28,Flu ED visits pct,quantile,0.05,0.6224397290557356
hall,2026-03-21,1,2026-03-28,Flu ED visits pct,quantile,0.05,0.26130814048326445
harford,2026-03-21,1,2026-03-28,Flu ED visits pct,quantile,0.05,0.18364605212217816
henry,2026-03-21,1,2026-03-28,Flu ED visits pct,quantile,0.05,0.278935364944679
horry,2026-03-21,1,2026-03-28,Flu ED visits pct,quantile,0.05,0.30015503699828955
houston,2026-03-21,1,2026-03-28,Flu ED visits pct,quantile,0.05,0.42881137656467205
indiana,2026-03-21,1,2026-03-28,Flu ED visits pct,quantile,0.05,1.1663034482272208
indianapolis,2026-03-21,1,2026-03-28,Flu ED visits pct,quantile,0.05,1.1320151340076225
la-grange,2026-03-21,1,2026-03-28,Flu ED visits pct,quantile,0.05,0.25332076677470305
larimer,2026-03-21,1,2026-03-28,Flu ED visits pct,quantile,0.05,0.37918433537814167
lynn,2026-03-21,1,2026-03-28,Flu ED visits pct,quantile,0.05,0.3755985870660074
macon,2026-03-21,1,2026-03-28,Flu ED visits pct,quantile,0.05,0.28298864496887827
maine,2026-03-21,1,2026-03-28,Flu ED visits pct,quantile,0.05,0.42208734059262887
marietta,2026-03-21,1,2026-03-28,Flu ED visits pct,quantile,0.05,0.4324722452342525
maryland,2026-03-21,1,2026-03-28,Flu ED visits pct,quantile,0.05,0.48812172231134915
massachusetts,2026-03-21,1,2026-03-28,Flu ED visits pct,quantile,0.05,0.6114248979847512
medford,2026-03-21,1,2026-03-28,Flu ED visits pct,quantile,0.05,0.10762892183457533
mesa,2026-03-21,1,2026-03-28,Flu ED visits pct,quantile,0.05,0.16528432537915808
minneapolis,2026-03-21,1,2026-03-28,Flu ED visits pct,quantile,0.05,1.2362026623933933
minnesota,2026-03-21,1,2026-03-28,Flu ED visits pct,quantile,0.05,1.1296370458546598
montgomery,2026-03-21,1,2026-03-28,Flu ED visits pct,quantile,0.05,0.49969406855402576
nenc,2026-03-21,1,2026-03-28,Flu ED visits pct,quantile,0.05,0.7237733935601395
new-bedford,2026-03-21,1,2026-03-28,Flu ED visits pct,quantile,0.05,0.47228721284458103
north-carolina,2026-03-21,1,2026-03-28,Flu ED visits pct,quantile,0.05,0.8465237806173179
nyc,2026-03-21,1,2026-03-28,ILI ED visits pct,quantile,0.05,1.9619072138472224
ogden,2026-03-21,1,2026-03-28,Flu ED visits pct,quantile,0.05,0.32304553132924757
oregon,2026-03-21,1,2026-03-28,Flu ED visits pct,quantile,0.05,0.5418564011388215
pittsfield,2026-03-21,1,2026-03-28,Flu ED visits pct,quantile,0.05,0.10276698604767284
portland,2026-03-21,1,2026-03-28,Flu ED visits pct,quantile,0.05,0.22032076676570736
portland-or,2026-03-21,1,2026-03-28,Flu ED visits pct,quantile,0.05,0.722601961483481
provo,2026-03-21,1,2026-03-28,Flu ED visits pct,quantile,0.05,0.23828021912153727
roanoke,2026-03-21,1,2026-03-28,Flu ED visits pct,quantile,0.05,0.767854803351561
rochester,2026-03-21,1,2026-03-28,Flu ED visits pct,quantile,0.05,0.5571308159327027
rock-hill,2026-03-21,1,2026-03-28,Flu ED visits pct,quantile,0.05,0.323398762763311
rtp-area,2026-03-21,1,2026-03-28,Flu ED visits pct,quantile,0.05,0.5734701058303291
salem,2026-03-21,1,2026-03-28,Flu ED visits pct,quantile,0.05,0.5197528399919936
salt-lake-city,2026-03-21,1,2026-03-28,Flu ED visits pct,quantile,0.05,0.3910658009180773
san-antonio,2026-03-21,1,2026-03-28,Flu ED visits pct,quantile,0.05,0.49467206342824843
savannah,2026-03-21,1,2026-03-28,Flu ED visits pct,quantile,0.05,0.1492582285971161
senc,2026-03-21,1,2026-03-28,Flu ED visits pct,quantile,0.05,0.35489983450133106
south-augusta,2026-03-21,1,2026-03-28,Flu ED visits pct,quantile,0.05,0.3488605636364128
south-carolina,2026-03-21,1,2026-03-28,Flu ED visits pct,quantile,0.05,0.535331743472734
springfield,2026-03-21,1,2026-03-28,Flu ED visits pct,quantile,0.05,0.5170895035881462
st-cloud,2026-03-21,1,2026-03-28,Flu ED visits pct,quantile,0.05,0.6443654907772067
st-paul,2026-03-21,1,2026-03-28,Flu ED visits pct,quantile,0.05,0.7791312331892514
texas,2026-03-21,1,2026-03-28,Flu ED visits pct,quantile,0.05,0.6286618618128968
triad-area,2026-03-21,1,2026-03-28,Flu ED visits pct,quantile,0.05,0.6225889227876944
utah,2026-03-21,1,2026-03-28,Flu ED visits pct,quantile,0.05,0.38036871778257053
virginia,2026-03-21,1,2026-03-28,Flu ED visits pct,quantile,0.05,0.956767200868947
weld,2026-03-21,1,2026-03-28,Flu ED visits pct,quantile,0.05,1.162656664577428
wnc,2026-03-21,1,2026-03-28,Flu ED visits pct,quantile,0.05,0.553944812429694
worcester,2026-03-21,1,2026-03-28,Flu ED visits pct,quantile,0.05,0.39366310548213657
athens,2026-03-21,2,2026-04-04,Flu ED visits pct,quantile,0.05,0.33294983934483696
austin,2026-03-21,2,2026-04-04,Flu ED visits pct,quantile,0.05,0.3425567202917685
baltimore,2026-03-21,2,2026-04-04,Flu ED visits pct,quantile,0.05,0.2942529305957745
bangor,2026-03-21,2,2026-04-04,Flu ED visits pct,quantile,0.05,0.33157958181708563
beaumont,2026-03-21,2,2026-04-04,Flu ED visits pct,quantile,0.05,0.20253299295615515
boston,2026-03-21,2,2026-04-04,Flu ED visits pct,quantile,0.05,0.4513539981735287
boulder,2026-03-21,2,2026-04-04,Flu ED visits pct,quantile,0.05,0.7507766179845458
charleston,2026-03-21,2,2026-04-04,Flu ED visits pct,quantile,0.05,0.2981237273424231
cherokee,2026-03-21,2,2026-04-04,Flu ED visits pct,quantile,0.05,0.39385994818249215
clt-area,2026-03-21,2,2026-04-04,Flu ED visits pct,quantile,0.05,0.7932364063203317
colorado,2026-03-21,2,2026-04-04,Flu ED visits pct,quantile,0.05,0.7728048938579211
colorado-springs,2026-03-21,2,2026-04-04,Flu ED visits pct,quantile,0.05,0.535316776625112
columbia,2026-03-21,2,2026-04-04,Flu ED visits pct,quantile,0.05,0.2678244720065558
columbus,2026-03-21,2,2026-04-04,Flu ED visits pct,quantile,0.05,0.17925931280188456
dallas,2026-03-21,2,2026-04-04,Flu ED visits pct,quantile,0.05,0.40768661015936297
denver,2026-03-21,2,2026-04-04,Flu ED visits pct,quantile,0.05,0.8633232292139289
deschutes,2026-03-21,2,2026-04-04,Flu ED visits pct,quantile,0.05,0.2519059644121942
duluth,2026-03-21,2,2026-04-04,Flu ED visits pct,quantile,0.05,0.5423402367385786
el-paso,2026-03-21,2,2026-04-04,Flu ED visits pct,quantile,0.05,0.5504768494990845
eugene,2026-03-21,2,2026-04-04,Flu ED visits pct,quantile,0.05,0.12428557599666566
fay-area,2026-03-21,2,2026-04-04,Flu ED visits pct,quantile,0.05,0.7771140732127904
florence,2026-03-21,2,2026-04-04,Flu ED visits pct,quantile,0.05,0.12442097356398533
floyd,2026-03-21,2,2026-04-04,Flu ED visits pct,quantile,0.05,0.23206445759285826
frederick,2026-03-21,2,2026-04-04,Flu ED visits pct,quantile,0.05,0.21768130221495824
georgia,2026-03-21,2,2026-04-04,Flu ED visits pct,quantile,0.05,0.3666006473220099
greenville,2026-03-21,2,2026-04-04,Flu ED visits pct,quantile,0.05,0.4235879963394332
hall,2026-03-21,2,2026-04-04,Flu ED visits pct,quantile,0.05,0.18014867615785146
harford,2026-03-21,2,2026-04-04,Flu ED visits pct,quantile,0.05,0.1246963714244921
henry,2026-03-21,2,2026-04-04,Flu ED visits pct,quantile,0.05,0.1990540331126387
horry,2026-03-21,2,2026-04-04,Flu ED visits pct,quantile,0.05,0.2151761512516052
houston,2026-03-21,2,2026-04-04,Flu ED visits pct,quantile,0.05,0.38210683283764296
indiana,2026-03-21,2,2026-04-04,Flu ED visits pct,quantile,0.05,0.8202090181144074
indianapolis,2026-03-21,2,2026-04-04,Flu ED visits pct,quantile,0.05,0.7769363180168881
la-grange,2026-03-21,2,2026-04-04,Flu ED visits pct,quantile,0.05,0.17355338872969947
larimer,2026-03-21,2,2026-04-04,Flu ED visits pct,quantile,0.05,0.24527172743553755
lynn,2026-03-21,2,2026-04-04,Flu ED visits pct,quantile,0.05,0.27973667333107705
macon,2026-03-21,2,2026-04-04,Flu ED visits pct,quantile,0.05,0.20114336328225407
maine,2026-03-21,2,2026-04-04,Flu ED visits pct,quantile,0.05,0.32006640317368507
marietta,2026-03-21,2,2026-04-04,Flu ED visits pct,quantile,0.05,0.3054084352846358
maryland,2026-03-21,2,2026-04-04,Flu ED visits pct,quantile,0.05,0.3809626932490425
massachusetts,2026-03-21,2,2026-04-04,Flu ED visits pct,quantile,0.05,0.49154209514468616
medford,2026-03-21,2,2026-04-04,Flu ED visits pct,quantile,0.05,0.05932813244661384
mesa,2026-03-21,2,2026-04-04,Flu ED visits pct,quantile,0.05,0.11145733604543384
minneapolis,2026-03-21,2,2026-04-04,Flu ED visits pct,quantile,0.05,0.9592097157124462
minnesota,2026-03-21,2,2026-04-04,Flu ED visits pct,quantile,0.05,0.8701689428379038
montgomery,2026-03-21,2,2026-04-04,Flu ED visits pct,quantile,0.05,0.386158554553988
nenc,2026-03-21,2,2026-04-04,Flu ED visits pct,quantile,0.05,0.5041557742593418
new-bedford,2026-03-21,2,2026-04-04,Flu ED visits pct,quantile,0.05,0.3516154948269514
north-carolina,2026-03-21,2,2026-04-04,Flu ED visits pct,quantile,0.05,0.5716957296414732
nyc,2026-03-21,2,2026-04-04,ILI ED visits pct,quantile,0.05,1.6954063578646004
ogden,2026-03-21,2,2026-04-04,Flu ED visits pct,quantile,0.05,0.23971794510494138
oregon,2026-03-21,2,2026-04-04,Flu ED visits pct,quantile,0.05,0.38332178890985136
pittsfield,2026-03-21,2,2026-04-04,Flu ED visits pct,quantile,0.05,0.07517175791596169
portland,2026-03-21,2,2026-04-04,Flu ED visits pct,quantile,0.05,0.15934245145964226
portland-or,2026-03-21,2,2026-04-04,Flu ED visits pct,quantile,0.05,0.5187364017050655
provo,2026-03-21,2,2026-04-04,Flu ED visits pct,quantile,0.05,0.1703842353039608
roanoke,2026-03-21,2,2026-04-04,Flu ED visits pct,quantile,0.05,0.5396322385678526
rochester,2026-03-21,2,2026-04-04,Flu ED visits pct,quantile,0.05,0.3500556790145914
rock-hill,2026-03-21,2,2026-04-04,Flu ED visits pct,quantile,0.05,0.20787875877219397
rtp-area,2026-03-21,2,2026-04-04,Flu ED visits pct,quantile,0.05,0.40280754370179156
salem,2026-03-21,2,2026-04-04,Flu ED visits pct,quantile,0.05,0.32863173329599576
salt-lake-city,2026-03-21,2,2026-04-04,Flu ED visits pct,quantile,0.05,0.2957166842175764
san-antonio,2026-03-21,2,2026-04-04,Flu ED visits pct,quantile,0.05,0.3490591750129646
savannah,2026-03-21,2,2026-04-04,Flu ED visits pct,quantile,0.05,0.09431769374688737
senc,2026-03-21,2,2026-04-04,Flu ED visits pct,quantile,0.05,0.2270171083055261
south-augusta,2026-03-21,2,2026-04-04,Flu ED visits pct,quantile,0.05,0.22781113149483545
south-carolina,2026-03-21,2,2026-04-04,Flu ED visits pct,quantile,0.05,0.39766288433336205
springfield,2026-03-21,2,2026-04-04,Flu ED visits pct,quantile,0.05,0.37955939456695675
st-cloud,2026-03-21,2,2026-04-04,Flu ED visits pct,quantile,0.05,0.4159463045425477
st-paul,2026-03-21,2,2026-04-04,Flu ED visits pct,quantile,0.05,0.6016547832645269
texas,2026-03-21,2,2026-04-04,Flu ED visits pct,quantile,0.05,0.4890377687312952
triad-area,2026-03-21,2,2026-04-04,Flu ED visits pct,quantile,0.05,0.4710819686038082
utah,2026-03-21,2,2026-04-04,Flu ED visits pct,quantile,0.05,0.28596354233076593
virginia,2026-03-21,2,2026-04-04,Flu ED visits pct,quantile,0.05,0.7610790765763632
weld,2026-03-21,2,2026-04-04,Flu ED visits pct,quantile,0.05,0.853933918985916
wnc,2026-03-21,2,2026-04-04,Flu ED visits pct,quantile,0.05,0.38191630670735127
worcester,2026-03-21,2,2026-04-04,Flu ED visits pct,quantile,0.05,0.2799170968010552
athens,2026-03-21,3,2026-04-11,Flu ED visits pct,quantile,0.05,0.23820618950636974
austin,2026-03-21,3,2026-04-11,Flu ED visits pct,quantile,0.05,0.2743884834304242
baltimore,2026-03-21,3,2026-04-11,Flu ED visits pct,quantile,0.05,0.23253007176076132
bangor,2026-03-21,3,2026-04-11,Flu ED visits pct,quantile,0.05,0.23005211938097408
beaumont,2026-03-21,3,2026-04-11,Flu ED visits pct,quantile,0.05,0.16289949061725606
boston,2026-03-21,3,2026-04-11,Flu ED visits pct,quantile,0.05,0.3480281888553475
boulder,2026-03-21,3,2026-04-11,Flu ED visits pct,quantile,0.05,0.5129516424758015
charleston,2026-03-21,3,2026-04-11,Flu ED visits pct,quantile,0.05,0.22099369870853464
cherokee,2026-03-21,3,2026-04-11,Flu ED visits pct,quantile,0.05,0.2964567729442818
clt-area,2026-03-21,3,2026-04-11,Flu ED visits pct,quantile,0.05,0.49705243646569486
colorado,2026-03-21,3,2026-04-11,Flu ED visits pct,quantile,0.05,0.5996584259059321
colorado-springs,2026-03-21,3,2026-04-11,Flu ED visits pct,quantile,0.05,0.40537654404463835
columbia,2026-03-21,3,2026-04-11,Flu ED visits pct,quantile,0.05,0.20694546241252568
columbus,2026-03-21,3,2026-04-11,Flu ED visits pct,quantile,0.05,0.11352001480619522
dallas,2026-03-21,3,2026-04-11,Flu ED visits pct,quantile,0.05,0.3273308693928004
denver,2026-03-21,3,2026-04-11,Flu ED visits pct,quantile,0.05,0.6488176765474263
deschutes,2026-03-21,3,2026-04-11,Flu ED visits pct,quantile,0.05,0.1998302943957954
duluth,2026-03-21,3,2026-04-11,Flu ED visits pct,quantile,0.05,0.40098995239307517
el-paso,2026-03-21,3,2026-04-11,Flu ED visits pct,quantile,0.05,0.4633366861895042
eugene,2026-03-21,3,2026-04-11,Flu ED visits pct,quantile,0.05,0.084395848587056
fay-area,2026-03-21,3,2026-04-11,Flu ED visits pct,quantile,0.05,0.5020093527822621
florence,2026-03-21,3,2026-04-11,Flu ED visits pct,quantile,0.05,0.09032718205864691
floyd,2026-03-21,3,2026-04-11,Flu ED visits pct,quantile,0.05,0.17103045335117462
frederick,2026-03-21,3,2026-04-11,Flu ED visits pct,quantile,0.05,0.18421328137046253
georgia,2026-03-21,3,2026-04-11,Flu ED visits pct,quantile,0.05,0.27886410552959817
greenville,2026-03-21,3,2026-04-11,Flu ED visits pct,quantile,0.05,0.2893617396764918
hall,2026-03-21,3,2026-04-11,Flu ED visits pct,quantile,0.05,0.13960639409001196
harford,2026-03-21,3,2026-04-11,Flu ED visits pct,quantile,0.05,0.09925196671410674
henry,2026-03-21,3,2026-04-11,Flu ED visits pct,quantile,0.05,0.15713483921537122
horry,2026-03-21,3,2026-04-11,Flu ED visits pct,quantile,0.05,0.16852222551870555
houston,2026-03-21,3,2026-04-11,Flu ED visits pct,quantile,0.05,0.3407802553683806
indiana,2026-03-21,3,2026-04-11,Flu ED visits pct,quantile,0.05,0.5939274700368392
indianapolis,2026-03-21,3,2026-04-11,Flu ED visits pct,quantile,0.05,0.5446037456954749
la-grange,2026-03-21,3,2026-04-11,Flu ED visits pct,quantile,0.05,0.12810745790457684
larimer,2026-03-21,3,2026-04-11,Flu ED visits pct,quantile,0.05,0.19910789061263928
lynn,2026-03-21,3,2026-04-11,Flu ED visits pct,quantile,0.05,0.22655849130802017
macon,2026-03-21,3,2026-04-11,Flu ED visits pct,quantile,0.05,0.15221387567819403
maine,2026-03-21,3,2026-04-11,Flu ED visits pct,quantile,0.05,0.25293238158545117
marietta,2026-03-21,3,2026-04-11,Flu ED visits pct,quantile,0.05,0.23791766202446257
maryland,2026-03-21,3,2026-04-11,Flu ED visits pct,quantile,0.05,0.31160805741914066
massachusetts,2026-03-21,3,2026-04-11,Flu ED visits pct,quantile,0.05,0.39503485567706875
medford,2026-03-21,3,2026-04-11,Flu ED visits pct,quantile,0.05,0.043764567668612094
mesa,2026-03-21,3,2026-04-11,Flu ED visits pct,quantile,0.05,0.08530620690858301
minneapolis,2026-03-21,3,2026-04-11,Flu ED visits pct,quantile,0.05,0.7208683856788332
minnesota,2026-03-21,3,2026-04-11,Flu ED visits pct,quantile,0.05,0.6569239774498895
montgomery,2026-03-21,3,2026-04-11,Flu ED visits pct,quantile,0.05,0.31948566763036673
nenc,2026-03-21,3,2026-04-11,Flu ED visits pct,quantile,0.05,0.3516019793548447
new-bedford,2026-03-21,3,2026-04-11,Flu ED visits pct,quantile,0.05,0.28377460654377445
north-carolina,2026-03-21,3,2026-04-11,Flu ED visits pct,quantile,0.05,0.37236263589172997
nyc,2026-03-21,3,2026-04-11,ILI ED visits pct,quantile,0.05,1.4790591550022287
ogden,2026-03-21,3,2026-04-11,Flu ED visits pct,quantile,0.05,0.1894387236269652
oregon,2026-03-21,3,2026-04-11,Flu ED visits pct,quantile,0.05,0.2771292729659692
pittsfield,2026-03-21,3,2026-04-11,Flu ED visits pct,quantile,0.05,0.0639107005031065
portland,2026-03-21,3,2026-04-11,Flu ED visits pct,quantile,0.05,0.12369788574892025
portland-or,2026-03-21,3,2026-04-11,Flu ED visits pct,quantile,0.05,0.37268157678335967
provo,2026-03-21,3,2026-04-11,Flu ED visits pct,quantile,0.05,0.13750335132438907
roanoke,2026-03-21,3,2026-04-11,Flu ED visits pct,quantile,0.05,0.4051819650831005
rochester,2026-03-21,3,2026-04-11,Flu ED visits pct,quantile,0.05,0.23399043347160842
rock-hill,2026-03-21,3,2026-04-11,Flu ED visits pct,quantile,0.05,0.1565602510145434
rtp-area,2026-03-21,3,2026-04-11,Flu ED visits pct,quantile,0.05,0.2726646815314418
salem,2026-03-21,3,2026-04-11,Flu ED visits pct,quantile,0.05,0.2147545818881277
salt-lake-city,2026-03-21,3,2026-04-11,Flu ED visits pct,quantile,0.05,0.2444456962769287
san-antonio,2026-03-21,3,2026-04-11,Flu ED visits pct,quantile,0.05,0.26313211524406216
savannah,2026-03-21,3,2026-04-11,Flu ED visits pct,quantile,0.05,0.06767655366791385
senc,2026-03-21,3,2026-04-11,Flu ED visits pct,quantile,0.05,0.14564809902056872
south-augusta,2026-03-21,3,2026-04-11,Flu ED visits pct,quantile,0.05,0.15618600992087478
south-carolina,2026-03-21,3,2026-04-11,Flu ED visits pct,quantile,0.05,0.2935355864998564
springfield,2026-03-21,3,2026-04-11,Flu ED visits pct,quantile,0.05,0.2951488928491451
st-cloud,2026-03-21,3,2026-04-11,Flu ED visits pct,quantile,0.05,0.2778722505832531
st-paul,2026-03-21,3,2026-04-11,Flu ED visits pct,quantile,0.05,0.48481727174008593
texas,2026-03-21,3,2026-04-11,Flu ED visits pct,quantile,0.05,0.4121941052423691
triad-area,2026-03-21,3,2026-04-11,Flu ED visits pct,quantile,0.05,0.33442128908616436
utah,2026-03-21,3,2026-04-11,Flu ED visits pct,quantile,0.05,0.23453855512570168
virginia,2026-03-21,3,2026-04-11,Flu ED visits pct,quantile,0.05,0.602584649881365
weld,2026-03-21,3,2026-04-11,Flu ED visits pct,quantile,0.05,0.6340883474158686
wnc,2026-03-21,3,2026-04-11,Flu ED visits pct,quantile,0.05,0.26773252532695047
worcester,2026-03-21,3,2026-04-11,Flu ED visits pct,quantile,0.05,0.21096353795910855
athens,2026-03-21,0,2026-03-21,Flu ED visits pct,quantile,0.1,0.9531624285755473
austin,2026-03-21,0,2026-03-21,Flu ED visits pct,quantile,0.1,0.738101558351829
baltimore,2026-03-21,0,2026-03-21,Flu ED visits pct,quantile,0.1,0.6675520459433723
bangor,2026-03-21,0,2026-03-21,Flu ED visits pct,quantile,0.1,0.9041353071757356
beaumont,2026-03-21,0,2026-03-21,Flu ED visits pct,quantile,0.1,0.5629973292032049
boston,2026-03-21,0,2026-03-21,Flu ED visits pct,quantile,0.1,0.9162078370945766
boulder,2026-03-21,0,2026-03-21,Flu ED visits pct,quantile,0.1,2.3400807379969852
charleston,2026-03-21,0,2026-03-21,Flu ED visits pct,quantile,0.1,0.8383515651631965
cherokee,2026-03-21,0,2026-03-21,Flu ED visits pct,quantile,0.1,1.0423009877825236
clt-area,2026-03-21,0,2026-03-21,Flu ED visits pct,quantile,0.1,2.027783881271976
colorado,2026-03-21,0,2026-03-21,Flu ED visits pct,quantile,0.1,1.5460547867106222
colorado-springs,2026-03-21,0,2026-03-21,Flu ED visits pct,quantile,0.1,1.186031255670499
columbia,2026-03-21,0,2026-03-21,Flu ED visits pct,quantile,0.1,0.7768907279791274
columbus,2026-03-21,0,2026-03-21,Flu ED visits pct,quantile,0.1,0.6487983935708017
dallas,2026-03-21,0,2026-03-21,Flu ED visits pct,quantile,0.1,0.8893880754851976
denver,2026-03-21,0,2026-03-21,Flu ED visits pct,quantile,0.1,1.6358320877239647
deschutes,2026-03-21,0,2026-03-21,Flu ED visits pct,quantile,0.1,0.6532933012122639
duluth,2026-03-21,0,2026-03-21,Flu ED visits pct,quantile,0.1,1.3814666211646172
el-paso,2026-03-21,0,2026-03-21,Flu ED visits pct,quantile,0.1,1.2281144156594912
eugene,2026-03-21,0,2026-03-21,Flu ED visits pct,quantile,0.1,0.44453676606654796
fay-area,2026-03-21,0,2026-03-21,Flu ED visits pct,quantile,0.1,2.0122606716488125
florence,2026-03-21,0,2026-03-21,Flu ED visits pct,quantile,0.1,0.4428206655341537
floyd,2026-03-21,0,2026-03-21,Flu ED visits pct,quantile,0.1,0.7011025208639028
frederick,2026-03-21,0,2026-03-21,Flu ED visits pct,quantile,0.1,0.6849786091519485
georgia,2026-03-21,0,2026-03-21,Flu ED visits pct,quantile,0.1,0.7824438238063545
greenville,2026-03-21,0,2026-03-21,Flu ED visits pct,quantile,0.1,1.1418416347626907
hall,2026-03-21,0,2026-03-21,Flu ED visits pct,quantile,0.1,0.5029609165859502
harford,2026-03-21,0,2026-03-21,Flu ED visits pct,quantile,0.1,0.34277357151768584
henry,2026-03-21,0,2026-03-21,Flu ED visits pct,quantile,0.1,0.5216802746824573
horry,2026-03-21,0,2026-03-21,Flu ED visits pct,quantile,0.1,0.5789180897204186
houston,2026-03-21,0,2026-03-21,Flu ED visits pct,quantile,0.1,0.6022086279658941
indiana,2026-03-21,0,2026-03-21,Flu ED visits pct,quantile,0.1,1.9935296734180612
indianapolis,2026-03-21,0,2026-03-21,Flu ED visits pct,quantile,0.1,2.0737028653667653
la-grange,2026-03-21,0,2026-03-21,Flu ED visits pct,quantile,0.1,0.5142092883939264
larimer,2026-03-21,0,2026-03-21,Flu ED visits pct,quantile,0.1,0.8576798479065842
lynn,2026-03-21,0,2026-03-21,Flu ED visits pct,quantile,0.1,0.684615522811959
macon,2026-03-21,0,2026-03-21,Flu ED visits pct,quantile,0.1,0.5188698341630736
maine,2026-03-21,0,2026-03-21,Flu ED visits pct,quantile,0.1,0.7145394886824287
marietta,2026-03-21,0,2026-03-21,Flu ED visits pct,quantile,0.1,0.7509707750361183
maryland,2026-03-21,0,2026-03-21,Flu ED visits pct,quantile,0.1,0.7956611017471195
massachusetts,2026-03-21,0,2026-03-21,Flu ED visits pct,quantile,0.1,0.9597744954998811
medford,2026-03-21,0,2026-03-21,Flu ED visits pct,quantile,0.1,0.21631815146417518
mesa,2026-03-21,0,2026-03-21,Flu ED visits pct,quantile,0.1,0.3294917711397466
minneapolis,2026-03-21,0,2026-03-21,Flu ED visits pct,quantile,0.1,1.8569361934085717
minnesota,2026-03-21,0,2026-03-21,Flu ED visits pct,quantile,0.1,1.7172533409996167
montgomery,2026-03-21,0,2026-03-21,Flu ED visits pct,quantile,0.1,0.8377263894760918
nenc,2026-03-21,0,2026-03-21,Flu ED visits pct,quantile,0.1,1.1885043496744616
new-bedford,2026-03-21,0,2026-03-21,Flu ED visits pct,quantile,0.1,0.7964808212541515
north-carolina,2026-03-21,0,2026-03-21,Flu ED visits pct,quantile,0.1,1.3935307347598742
nyc,2026-03-21,0,2026-03-21,ILI ED visits pct,quantile,0.1,2.4365327695793586
ogden,2026-03-21,0,2026-03-21,Flu ED visits pct,quantile,0.1,0.6130013405414294
oregon,2026-03-21,0,2026-03-21,Flu ED visits pct,quantile,0.1,0.9570667526972483
pittsfield,2026-03-21,0,2026-03-21,Flu ED visits pct,quantile,0.1,0.17804479971781734
portland,2026-03-21,0,2026-03-21,Flu ED visits pct,quantile,0.1,0.4143192194896038
portland-or,2026-03-21,0,2026-03-21,Flu ED visits pct,quantile,0.1,1.2450843073200766
provo,2026-03-21,0,2026-03-21,Flu ED visits pct,quantile,0.1,0.46416195384759945
roanoke,2026-03-21,0,2026-03-21,Flu ED visits pct,quantile,0.1,1.362581513956741
rochester,2026-03-21,0,2026-03-21,Flu ED visits pct,quantile,0.1,1.1754302324107027
rock-hill,2026-03-21,0,2026-03-21,Flu ED visits pct,quantile,0.1,0.6599969196526743
rtp-area,2026-03-21,0,2026-03-21,Flu ED visits pct,quantile,0.1,0.9341453063731238
salem,2026-03-21,0,2026-03-21,Flu ED visits pct,quantile,0.1,1.117082414501443
salt-lake-city,2026-03-21,0,2026-03-21,Flu ED visits pct,quantile,0.1,0.6484878958582317
san-antonio,2026-03-21,0,2026-03-21,Flu ED visits pct,quantile,0.1,0.9431330941115726
savannah,2026-03-21,0,2026-03-21,Flu ED visits pct,quantile,0.1,0.30895287639027924
senc,2026-03-21,0,2026-03-21,Flu ED visits pct,quantile,0.1,0.649343132196715
south-augusta,2026-03-21,0,2026-03-21,Flu ED visits pct,quantile,0.1,0.6980037307778133
south-carolina,2026-03-21,0,2026-03-21,Flu ED visits pct,quantile,0.1,0.9400307677500631
springfield,2026-03-21,0,2026-03-21,Flu ED visits pct,quantile,0.1,0.9328262243107653
st-cloud,2026-03-21,0,2026-03-21,Flu ED visits pct,quantile,0.1,1.22177796070328
st-paul,2026-03-21,0,2026-03-21,Flu ED visits pct,quantile,0.1,1.268007469021631
texas,2026-03-21,0,2026-03-21,Flu ED visits pct,quantile,0.1,0.9644033715373242
triad-area,2026-03-21,0,2026-03-21,Flu ED visits pct,quantile,0.1,0.9635027390548053
utah,2026-03-21,0,2026-03-21,Flu ED visits pct,quantile,0.1,0.6265516306309076
virginia,2026-03-21,0,2026-03-21,Flu ED visits pct,quantile,0.1,1.3828504360548197
weld,2026-03-21,0,2026-03-21,Flu ED visits pct,quantile,0.1,2.0269130411796223
wnc,2026-03-21,0,2026-03-21,Flu ED visits pct,quantile,0.1,0.9208010879805623
worcester,2026-03-21,0,2026-03-21,Flu ED visits pct,quantile,0.1,0.7804027409207417
athens,2026-03-21,1,2026-03-28,Flu ED visits pct,quantile,0.1,0.5902054283424487
austin,2026-03-21,1,2026-03-28,Flu ED visits pct,quantile,0.1,0.5641516169166756
baltimore,2026-03-21,1,2026-03-28,Flu ED visits pct,quantile,0.1,0.5753308915958536
bangor,2026-03-21,1,2026-03-28,Flu ED visits pct,quantile,0.1,0.5825855879693986
beaumont,2026-03-21,1,2026-03-28,Flu ED visits pct,quantile,0.1,0.42645343769981964
boston,2026-03-21,1,2026-03-28,Flu ED visits pct,quantile,0.1,0.7270031050856445
boulder,2026-03-21,1,2026-03-28,Flu ED visits pct,quantile,0.1,1.5005819036602797
charleston,2026-03-21,1,2026-03-28,Flu ED visits pct,quantile,0.1,0.5621180440222097
cherokee,2026-03-21,1,2026-03-28,Flu ED visits pct,quantile,0.1,0.7126001647726314
clt-area,2026-03-21,1,2026-03-28,Flu ED visits pct,quantile,0.1,1.4087750240218886
colorado,2026-03-21,1,2026-03-28,Flu ED visits pct,quantile,0.1,1.0784840585655253
colorado-springs,2026-03-21,1,2026-03-28,Flu ED visits pct,quantile,0.1,0.8218477114089434
columbia,2026-03-21,1,2026-03-28,Flu ED visits pct,quantile,0.1,0.5325703021303859
columbus,2026-03-21,1,2026-03-28,Flu ED visits pct,quantile,0.1,0.38253041707146235
dallas,2026-03-21,1,2026-03-28,Flu ED visits pct,quantile,0.1,0.6991754944008924
denver,2026-03-21,1,2026-03-28,Flu ED visits pct,quantile,0.1,1.2021617332323526
deschutes,2026-03-21,1,2026-03-28,Flu ED visits pct,quantile,0.1,0.48315833708045897
duluth,2026-03-21,1,2026-03-28,Flu ED visits pct,quantile,0.1,0.9072087277518759
el-paso,2026-03-21,1,2026-03-28,Flu ED visits pct,quantile,0.1,0.9975754813740689
eugene,2026-03-21,1,2026-03-28,Flu ED visits pct,quantile,0.1,0.28732208660873276
fay-area,2026-03-21,1,2026-03-28,Flu ED visits pct,quantile,0.1,1.3945304090407062
florence,2026-03-21,1,2026-03-28,Flu ED visits pct,quantile,0.1,0.30259591307764877
floyd,2026-03-21,1,2026-03-28,Flu ED visits pct,quantile,0.1,0.4719313276862318
frederick,2026-03-21,1,2026-03-28,Flu ED visits pct,quantile,0.1,0.47007377191110067
georgia,2026-03-21,1,2026-03-28,Flu ED visits pct,quantile,0.1,0.6162269704523106
greenville,2026-03-21,1,2026-03-28,Flu ED visits pct,quantile,0.1,0.740715541064646
hall,2026-03-21,1,2026-03-28,Flu ED visits pct,quantile,0.1,0.36216028310286824
harford,2026-03-21,1,2026-03-28,Flu ED visits pct,quantile,0.1,0.26375160335398323
henry,2026-03-21,1,2026-03-28,Flu ED visits pct,quantile,0.1,0.3795668072455938
horry,2026-03-21,1,2026-03-28,Flu ED visits pct,quantile,0.1,0.4301241767134854
houston,2026-03-21,1,2026-03-28,Flu ED visits pct,quantile,0.1,0.5319337421593889
indiana,2026-03-21,1,2026-03-28,Flu ED visits pct,quantile,0.1,1.2943168106642906
indianapolis,2026-03-21,1,2026-03-28,Flu ED visits pct,quantile,0.1,1.3433121571481503
la-grange,2026-03-21,1,2026-03-28,Flu ED visits pct,quantile,0.1,0.3487708303352597
larimer,2026-03-21,1,2026-03-28,Flu ED visits pct,quantile,0.1,0.5582823816662857
lynn,2026-03-21,1,2026-03-28,Flu ED visits pct,quantile,0.1,0.5341504509344585
macon,2026-03-21,1,2026-03-28,Flu ED visits pct,quantile,0.1,0.3587388065281524
maine,2026-03-21,1,2026-03-28,Flu ED visits pct,quantile,0.1,0.5520455743874471
marietta,2026-03-21,1,2026-03-28,Flu ED visits pct,quantile,0.1,0.5080120229335324
maryland,2026-03-21,1,2026-03-28,Flu ED visits pct,quantile,0.1,0.6734215911211936
massachusetts,2026-03-21,1,2026-03-28,Flu ED visits pct,quantile,0.1,0.7814823423971654
medford,2026-03-21,1,2026-03-28,Flu ED visits pct,quantile,0.1,0.12230893180666384
mesa,2026-03-21,1,2026-03-28,Flu ED visits pct,quantile,0.1,0.23299285520522792
minneapolis,2026-03-21,1,2026-03-28,Flu ED visits pct,quantile,0.1,1.420084681200615
minnesota,2026-03-21,1,2026-03-28,Flu ED visits pct,quantile,0.1,1.2671100248662612
montgomery,2026-03-21,1,2026-03-28,Flu ED visits pct,quantile,0.1,0.714373071182352
nenc,2026-03-21,1,2026-03-28,Flu ED visits pct,quantile,0.1,0.8286610266395766
new-bedford,2026-03-21,1,2026-03-28,Flu ED visits pct,quantile,0.1,0.6030628229480796
north-carolina,2026-03-21,1,2026-03-28,Flu ED visits pct,quantile,0.1,0.9307261020000118
nyc,2026-03-21,1,2026-03-28,ILI ED visits pct,quantile,0.1,2.3895884091019504
ogden,2026-03-21,1,2026-03-28,Flu ED visits pct,quantile,0.1,0.4334721826148635
oregon,2026-03-21,1,2026-03-28,Flu ED visits pct,quantile,0.1,0.6814234390765349
pittsfield,2026-03-21,1,2026-03-28,Flu ED visits pct,quantile,0.1,0.11654443261445656
portland,2026-03-21,1,2026-03-28,Flu ED visits pct,quantile,0.1,0.3200426330681225
portland-or,2026-03-21,1,2026-03-28,Flu ED visits pct,quantile,0.1,0.8600204447731575
provo,2026-03-21,1,2026-03-28,Flu ED visits pct,quantile,0.1,0.35249053153051063
roanoke,2026-03-21,1,2026-03-28,Flu ED visits pct,quantile,0.1,0.9333332292351653
rochester,2026-03-21,1,2026-03-28,Flu ED visits pct,quantile,0.1,0.7165659742476337
rock-hill,2026-03-21,1,2026-03-28,Flu ED visits pct,quantile,0.1,0.4821188912093059
rtp-area,2026-03-21,1,2026-03-28,Flu ED visits pct,quantile,0.1,0.6540039518507357
salem,2026-03-21,1,2026-03-28,Flu ED visits pct,quantile,0.1,0.7001705349358506
salt-lake-city,2026-03-21,1,2026-03-28,Flu ED visits pct,quantile,0.1,0.5039956434867148
san-antonio,2026-03-21,1,2026-03-28,Flu ED visits pct,quantile,0.1,0.6710605768616245
savannah,2026-03-21,1,2026-03-28,Flu ED visits pct,quantile,0.1,0.19842581670170392
senc,2026-03-21,1,2026-03-28,Flu ED visits pct,quantile,0.1,0.439658541164646
south-augusta,2026-03-21,1,2026-03-28,Flu ED visits pct,quantile,0.1,0.4383534064607419
south-carolina,2026-03-21,1,2026-03-28,Flu ED visits pct,quantile,0.1,0.6961984211671433
springfield,2026-03-21,1,2026-03-28,Flu ED visits pct,quantile,0.1,0.6941866765115821
st-cloud,2026-03-21,1,2026-03-28,Flu ED visits pct,quantile,0.1,0.7675840005947067
st-paul,2026-03-21,1,2026-03-28,Flu ED visits pct,quantile,0.1,0.9979007054525684
texas,2026-03-21,1,2026-03-28,Flu ED visits pct,quantile,0.1,0.7818816947136362
triad-area,2026-03-21,1,2026-03-28,Flu ED visits pct,quantile,0.1,0.7226225177365693
utah,2026-03-21,1,2026-03-28,Flu ED visits pct,quantile,0.1,0.48173364329091356
virginia,2026-03-21,1,2026-03-28,Flu ED visits pct,quantile,0.1,1.139165629990015
weld,2026-03-21,1,2026-03-28,Flu ED visits pct,quantile,0.1,1.3927507382655162
wnc,2026-03-21,1,2026-03-28,Flu ED visits pct,quantile,0.1,0.6371868989623918
worcester,2026-03-21,1,2026-03-28,Flu ED visits pct,quantile,0.1,0.5514653593699289
athens,2026-03-21,2,2026-04-04,Flu ED visits pct,quantile,0.1,0.35969109972215035
austin,2026-03-21,2,2026-04-04,Flu ED visits pct,quantile,0.1,0.4217098955899261
baltimore,2026-03-21,2,2026-04-04,Flu ED visits pct,quantile,0.1,0.5012512152794961
bangor,2026-03-21,2,2026-04-04,Flu ED visits pct,quantile,0.1,0.3714941706562099
beaumont,2026-03-21,2,2026-04-04,Flu ED visits pct,quantile,0.1,0.32374591090966837
boston,2026-03-21,2,2026-04-04,Flu ED visits pct,quantile,0.1,0.6224833469425961
boulder,2026-03-21,2,2026-04-04,Flu ED visits pct,quantile,0.1,0.9655805617601104
charleston,2026-03-21,2,2026-04-04,Flu ED visits pct,quantile,0.1,0.34725081957016907
cherokee,2026-03-21,2,2026-04-04,Flu ED visits pct,quantile,0.1,0.46552007430812703
clt-area,2026-03-21,2,2026-04-04,Flu ED visits pct,quantile,0.1,0.9830874039571974
colorado,2026-03-21,2,2026-04-04,Flu ED visits pct,quantile,0.1,0.8166622126322619
colorado-springs,2026-03-21,2,2026-04-04,Flu ED visits pct,quantile,0.1,0.5757978529541565
columbia,2026-03-21,2,2026-04-04,Flu ED visits pct,quantile,0.1,0.3480404452975025
columbus,2026-03-21,2,2026-04-04,Flu ED visits pct,quantile,0.1,0.21373325832466095
dallas,2026-03-21,2,2026-04-04,Flu ED visits pct,quantile,0.1,0.5241992017870206
denver,2026-03-21,2,2026-04-04,Flu ED visits pct,quantile,0.1,0.9071456711909837
deschutes,2026-03-21,2,2026-04-04,Flu ED visits pct,quantile,0.1,0.3203948145444558
duluth,2026-03-21,2,2026-04-04,Flu ED visits pct,quantile,0.1,0.6161374351401911
el-paso,2026-03-21,2,2026-04-04,Flu ED visits pct,quantile,0.1,0.8352451435426168
eugene,2026-03-21,2,2026-04-04,Flu ED visits pct,quantile,0.1,0.16406992113079313
fay-area,2026-03-21,2,2026-04-04,Flu ED visits pct,quantile,0.1,0.9773828793228879
florence,2026-03-21,2,2026-04-04,Flu ED visits pct,quantile,0.1,0.18406573358424175
floyd,2026-03-21,2,2026-04-04,Flu ED visits pct,quantile,0.1,0.2942275335805182
frederick,2026-03-21,2,2026-04-04,Flu ED visits pct,quantile,0.1,0.37616214626235916
georgia,2026-03-21,2,2026-04-04,Flu ED visits pct,quantile,0.1,0.47243183756702717
greenville,2026-03-21,2,2026-04-04,Flu ED visits pct,quantile,0.1,0.4832725861937758
hall,2026-03-21,2,2026-04-04,Flu ED visits pct,quantile,0.1,0.23509120158544428
harford,2026-03-21,2,2026-04-04,Flu ED visits pct,quantile,0.1,0.20053736285927984
henry,2026-03-21,2,2026-04-04,Flu ED visits pct,quantile,0.1,0.27954462367009186
horry,2026-03-21,2,2026-04-04,Flu ED visits pct,quantile,0.1,0.3064472901912673
houston,2026-03-21,2,2026-04-04,Flu ED visits pct,quantile,0.1,0.48870525600183695
indiana,2026-03-21,2,2026-04-04,Flu ED visits pct,quantile,0.1,0.8603603388494652
indianapolis,2026-03-21,2,2026-04-04,Flu ED visits pct,quantile,0.1,0.9009873127642766
la-grange,2026-03-21,2,2026-04-04,Flu ED visits pct,quantile,0.1,0.2184987025963905
larimer,2026-03-21,2,2026-04-04,Flu ED visits pct,quantile,0.1,0.36690716267873785
lynn,2026-03-21,2,2026-04-04,Flu ED visits pct,quantile,0.1,0.43287164824728797
macon,2026-03-21,2,2026-04-04,Flu ED visits pct,quantile,0.1,0.24119140882821305
maine,2026-03-21,2,2026-04-04,Flu ED visits pct,quantile,0.1,0.44064828684259405
marietta,2026-03-21,2,2026-04-04,Flu ED visits pct,quantile,0.1,0.34512673271421307
maryland,2026-03-21,2,2026-04-04,Flu ED visits pct,quantile,0.1,0.5935842154104248
massachusetts,2026-03-21,2,2026-04-04,Flu ED visits pct,quantile,0.1,0.6898291071860346
medford,2026-03-21,2,2026-04-04,Flu ED visits pct,quantile,0.1,0.06876196967987078
mesa,2026-03-21,2,2026-04-04,Flu ED visits pct,quantile,0.1,0.14837758255028594
minneapolis,2026-03-21,2,2026-04-04,Flu ED visits pct,quantile,0.1,1.1239546884814922
minnesota,2026-03-21,2,2026-04-04,Flu ED visits pct,quantile,0.1,1.0059263784226196
montgomery,2026-03-21,2,2026-04-04,Flu ED visits pct,quantile,0.1,0.6263524574804739
nenc,2026-03-21,2,2026-04-04,Flu ED visits pct,quantile,0.1,0.5555206318613797
new-bedford,2026-03-21,2,2026-04-04,Flu ED visits pct,quantile,0.1,0.47469561501767976
north-carolina,2026-03-21,2,2026-04-04,Flu ED visits pct,quantile,0.1,0.6490419492054585
nyc,2026-03-21,2,2026-04-04,ILI ED visits pct,quantile,0.1,2.2704996502129022
ogden,2026-03-21,2,2026-04-04,Flu ED visits pct,quantile,0.1,0.2923376413453102
oregon,2026-03-21,2,2026-04-04,Flu ED visits pct,quantile,0.1,0.46621993045208016
pittsfield,2026-03-21,2,2026-04-04,Flu ED visits pct,quantile,0.1,0.07768509168368687
portland,2026-03-21,2,2026-04-04,Flu ED visits pct,quantile,0.1,0.24197792104355859
portland-or,2026-03-21,2,2026-04-04,Flu ED visits pct,quantile,0.1,0.581239975052896
provo,2026-03-21,2,2026-04-04,Flu ED visits pct,quantile,0.1,0.2745923605760121
roanoke,2026-03-21,2,2026-04-04,Flu ED visits pct,quantile,0.1,0.6259269398470649
rochester,2026-03-21,2,2026-04-04,Flu ED visits pct,quantile,0.1,0.4258270316396027
rock-hill,2026-03-21,2,2026-04-04,Flu ED visits pct,quantile,0.1,0.36720494553077
rtp-area,2026-03-21,2,2026-04-04,Flu ED visits pct,quantile,0.1,0.44628603597629896
salem,2026-03-21,2,2026-04-04,Flu ED visits pct,quantile,0.1,0.39209228105119653
salt-lake-city,2026-03-21,2,2026-04-04,Flu ED visits pct,quantile,0.1,0.38177298500152845
san-antonio,2026-03-21,2,2026-04-04,Flu ED visits pct,quantile,0.1,0.44730401836045525
savannah,2026-03-21,2,2026-04-04,Flu ED visits pct,quantile,0.1,0.11758940307722539
senc,2026-03-21,2,2026-04-04,Flu ED visits pct,quantile,0.1,0.2583259923047123
south-augusta,2026-03-21,2,2026-04-04,Flu ED visits pct,quantile,0.1,0.26077400988901767
south-carolina,2026-03-21,2,2026-04-04,Flu ED visits pct,quantile,0.1,0.5040866058005737
springfield,2026-03-21,2,2026-04-04,Flu ED visits pct,quantile,0.1,0.5546236471296108
st-cloud,2026-03-21,2,2026-04-04,Flu ED visits pct,quantile,0.1,0.4471794061162191
st-paul,2026-03-21,2,2026-04-04,Flu ED visits pct,quantile,0.1,0.8431542844867606
texas,2026-03-21,2,2026-04-04,Flu ED visits pct,quantile,0.1,0.6214426486475851
triad-area,2026-03-21,2,2026-04-04,Flu ED visits pct,quantile,0.1,0.5198233690338799
utah,2026-03-21,2,2026-04-04,Flu ED visits pct,quantile,0.1,0.36281723498952023
virginia,2026-03-21,2,2026-04-04,Flu ED visits pct,quantile,0.1,0.926778777085091
weld,2026-03-21,2,2026-04-04,Flu ED visits pct,quantile,0.1,1.0164785518565644
wnc,2026-03-21,2,2026-04-04,Flu ED visits pct,quantile,0.1,0.42767460576472593
worcester,2026-03-21,2,2026-04-04,Flu ED visits pct,quantile,0.1,0.44680417958465457
athens,2026-03-21,3,2026-04-11,Flu ED visits pct,quantile,0.1,0.26202338140308173
austin,2026-03-21,3,2026-04-11,Flu ED visits pct,quantile,0.1,0.36108009072539005
baltimore,2026-03-21,3,2026-04-11,Flu ED visits pct,quantile,0.1,0.4381001410212967
bangor,2026-03-21,3,2026-04-11,Flu ED visits pct,quantile,0.1,0.2750437298484526
beaumont,2026-03-21,3,2026-04-11,Flu ED visits pct,quantile,0.1,0.27705490637055846
boston,2026-03-21,3,2026-04-11,Flu ED visits pct,quantile,0.1,0.5180102247596742
boulder,2026-03-21,3,2026-04-11,Flu ED visits pct,quantile,0.1,0.6634925539445641
charleston,2026-03-21,3,2026-04-11,Flu ED visits pct,quantile,0.1,0.26621772381770303
cherokee,2026-03-21,3,2026-04-11,Flu ED visits pct,quantile,0.1,0.3630072580690578
clt-area,2026-03-21,3,2026-04-11,Flu ED visits pct,quantile,0.1,0.6886276937228769
colorado,2026-03-21,3,2026-04-11,Flu ED visits pct,quantile,0.1,0.6523928301230608
colorado-springs,2026-03-21,3,2026-04-11,Flu ED visits pct,quantile,0.1,0.45775982658094844
columbia,2026-03-21,3,2026-04-11,Flu ED visits pct,quantile,0.1,0.27781601505978604
columbus,2026-03-21,3,2026-04-11,Flu ED visits pct,quantile,0.1,0.14923207966926405
dallas,2026-03-21,3,2026-04-11,Flu ED visits pct,quantile,0.1,0.4417485439975889
denver,2026-03-21,3,2026-04-11,Flu ED visits pct,quantile,0.1,0.7231203624637931
deschutes,2026-03-21,3,2026-04-11,Flu ED visits pct,quantile,0.1,0.27515273965728243
duluth,2026-03-21,3,2026-04-11,Flu ED visits pct,quantile,0.1,0.47486010266889395
el-paso,2026-03-21,3,2026-04-11,Flu ED visits pct,quantile,0.1,0.73673003673928
eugene,2026-03-21,3,2026-04-11,Flu ED visits pct,quantile,0.1,0.12524265922670286
fay-area,2026-03-21,3,2026-04-11,Flu ED visits pct,quantile,0.1,0.6780929914855278
florence,2026-03-21,3,2026-04-11,Flu ED visits pct,quantile,0.1,0.14543407528816274
floyd,2026-03-21,3,2026-04-11,Flu ED visits pct,quantile,0.1,0.23577002964356275
frederick,2026-03-21,3,2026-04-11,Flu ED visits pct,quantile,0.1,0.3310600607307012
georgia,2026-03-21,3,2026-04-11,Flu ED visits pct,quantile,0.1,0.38531235962243104
greenville,2026-03-21,3,2026-04-11,Flu ED visits pct,quantile,0.1,0.34017522446185106
hall,2026-03-21,3,2026-04-11,Flu ED visits pct,quantile,0.1,0.19062419774024983
harford,2026-03-21,3,2026-04-11,Flu ED visits pct,quantile,0.1,0.17390911523709285
henry,2026-03-21,3,2026-04-11,Flu ED visits pct,quantile,0.1,0.23002840714419828
horry,2026-03-21,3,2026-04-11,Flu ED visits pct,quantile,0.1,0.2552120510302503
houston,2026-03-21,3,2026-04-11,Flu ED visits pct,quantile,0.1,0.4453608634213276
indiana,2026-03-21,3,2026-04-11,Flu ED visits pct,quantile,0.1,0.5989145212026531
indianapolis,2026-03-21,3,2026-04-11,Flu ED visits pct,quantile,0.1,0.6098381321616894
la-grange,2026-03-21,3,2026-04-11,Flu ED visits pct,quantile,0.1,0.17398328908650434
larimer,2026-03-21,3,2026-04-11,Flu ED visits pct,quantile,0.1,0.2936744799816945
lynn,2026-03-21,3,2026-04-11,Flu ED visits pct,quantile,0.1,0.3731289626462498
macon,2026-03-21,3,2026-04-11,Flu ED visits pct,quantile,0.1,0.1918273694488191
maine,2026-03-21,3,2026-04-11,Flu ED visits pct,quantile,0.1,0.3681011428505228
marietta,2026-03-21,3,2026-04-11,Flu ED visits pct,quantile,0.1,0.27779045259243446
maryland,2026-03-21,3,2026-04-11,Flu ED visits pct,quantile,0.1,0.5243315897745475
massachusetts,2026-03-21,3,2026-04-11,Flu ED visits pct,quantile,0.1,0.5903243389078353
medford,2026-03-21,3,2026-04-11,Flu ED visits pct,quantile,0.1,0.05544695279686914
mesa,2026-03-21,3,2026-04-11,Flu ED visits pct,quantile,0.1,0.12111429280308021
minneapolis,2026-03-21,3,2026-04-11,Flu ED visits pct,quantile,0.1,0.8893152100854217
minnesota,2026-03-21,3,2026-04-11,Flu ED visits pct,quantile,0.1,0.8102101741312466
montgomery,2026-03-21,3,2026-04-11,Flu ED visits pct,quantile,0.1,0.5546557633638564
nenc,2026-03-21,3,2026-04-11,Flu ED visits pct,quantile,0.1,0.369618274212645
new-bedford,2026-03-21,3,2026-04-11,Flu ED visits pct,quantile,0.1,0.4052041202599392
north-carolina,2026-03-21,3,2026-04-11,Flu ED visits pct,quantile,0.1,0.45329304652688446
nyc,2026-03-21,3,2026-04-11,ILI ED visits pct,quantile,0.1,2.110605131319688
ogden,2026-03-21,3,2026-04-11,Flu ED visits pct,quantile,0.1,0.24247436349468654
oregon,2026-03-21,3,2026-04-11,Flu ED visits pct,quantile,0.1,0.3705452401169759
pittsfield,2026-03-21,3,2026-04-11,Flu ED visits pct,quantile,0.1,0.06542334364891776
portland,2026-03-21,3,2026-04-11,Flu ED visits pct,quantile,0.1,0.20415938335354028
portland-or,2026-03-21,3,2026-04-11,Flu ED visits pct,quantile,0.1,0.44033538373720815
provo,2026-03-21,3,2026-04-11,Flu ED visits pct,quantile,0.1,0.23519680418996153
roanoke,2026-03-21,3,2026-04-11,Flu ED visits pct,quantile,0.1,0.47325661749507586
rochester,2026-03-21,3,2026-04-11,Flu ED visits pct,quantile,0.1,0.2956737200778435
rock-hill,2026-03-21,3,2026-04-11,Flu ED visits pct,quantile,0.1,0.3012924543696234
rtp-area,2026-03-21,3,2026-04-11,Flu ED visits pct,quantile,0.1,0.30370280852164905
salem,2026-03-21,3,2026-04-11,Flu ED visits pct,quantile,0.1,0.2693937948312897
salt-lake-city,2026-03-21,3,2026-04-11,Flu ED visits pct,quantile,0.1,0.32041051338953386
san-antonio,2026-03-21,3,2026-04-11,Flu ED visits pct,quantile,0.1,0.360444121964604
savannah,2026-03-21,3,2026-04-11,Flu ED visits pct,quantile,0.1,0.09333355890329788
senc,2026-03-21,3,2026-04-11,Flu ED visits pct,quantile,0.1,0.15722834185000442
south-augusta,2026-03-21,3,2026-04-11,Flu ED visits pct,quantile,0.1,0.17647597985515848
south-carolina,2026-03-21,3,2026-04-11,Flu ED visits pct,quantile,0.1,0.40777548835909894
springfield,2026-03-21,3,2026-04-11,Flu ED visits pct,quantile,0.1,0.45053627251212963
st-cloud,2026-03-21,3,2026-04-11,Flu ED visits pct,quantile,0.1,0.3252556022942303
st-paul,2026-03-21,3,2026-04-11,Flu ED visits pct,quantile,0.1,0.7024981959069209
texas,2026-03-21,3,2026-04-11,Flu ED visits pct,quantile,0.1,0.528660479009744
triad-area,2026-03-21,3,2026-04-11,Flu ED visits pct,quantile,0.1,0.3781389680268161
utah,2026-03-21,3,2026-04-11,Flu ED visits pct,quantile,0.1,0.3145579491768268
virginia,2026-03-21,3,2026-04-11,Flu ED visits pct,quantile,0.1,0.7763784548099952
weld,2026-03-21,3,2026-04-11,Flu ED visits pct,quantile,0.1,0.7731082821724398
wnc,2026-03-21,3,2026-04-11,Flu ED visits pct,quantile,0.1,0.2860378969435778
worcester,2026-03-21,3,2026-04-11,Flu ED visits pct,quantile,0.1,0.37303266823754205
athens,2026-03-21,0,2026-03-21,Flu ED visits pct,quantile,0.25,1.1965601101284624
austin,2026-03-21,0,2026-03-21,Flu ED visits pct,quantile,0.25,0.8309819706461917
baltimore,2026-03-21,0,2026-03-21,Flu ED visits pct,quantile,0.25,0.754795325337607
bangor,2026-03-21,0,2026-03-21,Flu ED visits pct,quantile,0.25,1.021721238876122
beaumont,2026-03-21,0,2026-03-21,Flu ED visits pct,quantile,0.25,0.6892804112587821
boston,2026-03-21,0,2026-03-21,Flu ED visits pct,quantile,0.25,1.0376858511555158
boulder,2026-03-21,0,2026-03-21,Flu ED visits pct,quantile,0.25,2.770216425904295
charleston,2026-03-21,0,2026-03-21,Flu ED visits pct,quantile,0.25,1.0747492841995656
cherokee,2026-03-21,0,2026-03-21,Flu ED visits pct,quantile,0.25,1.2715793122674297
clt-area,2026-03-21,0,2026-03-21,Flu ED visits pct,quantile,0.25,2.317272842912714
colorado,2026-03-21,0,2026-03-21,Flu ED visits pct,quantile,0.25,1.7578639075423503
colorado-springs,2026-03-21,0,2026-03-21,Flu ED visits pct,quantile,0.25,1.4216700139848644
columbia,2026-03-21,0,2026-03-21,Flu ED visits pct,quantile,0.25,0.9546020573620033
columbus,2026-03-21,0,2026-03-21,Flu ED visits pct,quantile,0.25,0.7820749488732129
dallas,2026-03-21,0,2026-03-21,Flu ED visits pct,quantile,0.25,1.021098199021947
denver,2026-03-21,0,2026-03-21,Flu ED visits pct,quantile,0.25,1.8442430135297736
deschutes,2026-03-21,0,2026-03-21,Flu ED visits pct,quantile,0.25,0.8105053709435548
duluth,2026-03-21,0,2026-03-21,Flu ED visits pct,quantile,0.25,1.6248586967986804
el-paso,2026-03-21,0,2026-03-21,Flu ED visits pct,quantile,0.25,1.3755455332324336
eugene,2026-03-21,0,2026-03-21,Flu ED visits pct,quantile,0.25,0.5662826591431803
fay-area,2026-03-21,0,2026-03-21,Flu ED visits pct,quantile,0.25,2.261829694487802
florence,2026-03-21,0,2026-03-21,Flu ED visits pct,quantile,0.25,0.61026550997233
floyd,2026-03-21,0,2026-03-21,Flu ED visits pct,quantile,0.25,0.8746812593096744
frederick,2026-03-21,0,2026-03-21,Flu ED visits pct,quantile,0.25,0.9553525468955308
georgia,2026-03-21,0,2026-03-21,Flu ED visits pct,quantile,0.25,0.9010847151254165
greenville,2026-03-21,0,2026-03-21,Flu ED visits pct,quantile,0.25,1.390654901954132
hall,2026-03-21,0,2026-03-21,Flu ED visits pct,quantile,0.25,0.6463223633063002
harford,2026-03-21,0,2026-03-21,Flu ED visits pct,quantile,0.25,0.4160072005312887
henry,2026-03-21,0,2026-03-21,Flu ED visits pct,quantile,0.25,0.6589383361366401
horry,2026-03-21,0,2026-03-21,Flu ED visits pct,quantile,0.25,0.7308748316008894
houston,2026-03-21,0,2026-03-21,Flu ED visits pct,quantile,0.25,0.6634284945275362
indiana,2026-03-21,0,2026-03-21,Flu ED visits pct,quantile,0.25,2.3681953233863395
indianapolis,2026-03-21,0,2026-03-21,Flu ED visits pct,quantile,0.25,2.4186275755728883
la-grange,2026-03-21,0,2026-03-21,Flu ED visits pct,quantile,0.25,0.6431553283776135
larimer,2026-03-21,0,2026-03-21,Flu ED visits pct,quantile,0.25,1.0893305635199129
lynn,2026-03-21,0,2026-03-21,Flu ED visits pct,quantile,0.25,0.8310690470464736
macon,2026-03-21,0,2026-03-21,Flu ED visits pct,quantile,0.25,0.6587850102893613
maine,2026-03-21,0,2026-03-21,Flu ED visits pct,quantile,0.25,0.8643922330267786
marietta,2026-03-21,0,2026-03-21,Flu ED visits pct,quantile,0.25,0.9267215792408409
maryland,2026-03-21,0,2026-03-21,Flu ED visits pct,quantile,0.25,0.9190917219848831
massachusetts,2026-03-21,0,2026-03-21,Flu ED visits pct,quantile,0.25,1.1048236439176835
medford,2026-03-21,0,2026-03-21,Flu ED visits pct,quantile,0.25,0.2885535406569567
mesa,2026-03-21,0,2026-03-21,Flu ED visits pct,quantile,0.25,0.4215825556074667
minneapolis,2026-03-21,0,2026-03-21,Flu ED visits pct,quantile,0.25,2.0120839274273488
minnesota,2026-03-21,0,2026-03-21,Flu ED visits pct,quantile,0.25,1.9440585321489845
montgomery,2026-03-21,0,2026-03-21,Flu ED visits pct,quantile,0.25,0.9550486839797584
nenc,2026-03-21,0,2026-03-21,Flu ED visits pct,quantile,0.25,1.3707562385046617
new-bedford,2026-03-21,0,2026-03-21,Flu ED visits pct,quantile,0.25,0.990840034073289
north-carolina,2026-03-21,0,2026-03-21,Flu ED visits pct,quantile,0.25,1.5528346517812814
nyc,2026-03-21,0,2026-03-21,ILI ED visits pct,quantile,0.25,2.5444043201066253
ogden,2026-03-21,0,2026-03-21,Flu ED visits pct,quantile,0.25,0.7644682627232879
oregon,2026-03-21,0,2026-03-21,Flu ED visits pct,quantile,0.25,1.1467375915700342
pittsfield,2026-03-21,0,2026-03-21,Flu ED visits pct,quantile,0.25,0.2596117415962715
portland,2026-03-21,0,2026-03-21,Flu ED visits pct,quantile,0.25,0.5061769867000958
portland-or,2026-03-21,0,2026-03-21,Flu ED visits pct,quantile,0.25,1.4524276384770207
provo,2026-03-21,0,2026-03-21,Flu ED visits pct,quantile,0.25,0.5696388666517134
roanoke,2026-03-21,0,2026-03-21,Flu ED visits pct,quantile,0.25,1.6595029901202665
rochester,2026-03-21,0,2026-03-21,Flu ED visits pct,quantile,0.25,1.4548215292731048
rock-hill,2026-03-21,0,2026-03-21,Flu ED visits pct,quantile,0.25,0.8128045877900851
rtp-area,2026-03-21,0,2026-03-21,Flu ED visits pct,quantile,0.25,1.079056368114537
salem,2026-03-21,0,2026-03-21,Flu ED visits pct,quantile,0.25,1.4009492933887946
salt-lake-city,2026-03-21,0,2026-03-21,Flu ED visits pct,quantile,0.25,0.7661798056323239
san-antonio,2026-03-21,0,2026-03-21,Flu ED visits pct,quantile,0.25,1.109515683009489
savannah,2026-03-21,0,2026-03-21,Flu ED visits pct,quantile,0.25,0.40542261492356696
senc,2026-03-21,0,2026-03-21,Flu ED visits pct,quantile,0.25,0.7640276854255602
south-augusta,2026-03-21,0,2026-03-21,Flu ED visits pct,quantile,0.25,0.8845207484388549
south-carolina,2026-03-21,0,2026-03-21,Flu ED visits pct,quantile,0.25,1.1016715502729217
springfield,2026-03-21,0,2026-03-21,Flu ED visits pct,quantile,0.25,1.102380789154726
st-cloud,2026-03-21,0,2026-03-21,Flu ED visits pct,quantile,0.25,1.4589010120984225
st-paul,2026-03-21,0,2026-03-21,Flu ED visits pct,quantile,0.25,1.448235156343536
texas,2026-03-21,0,2026-03-21,Flu ED visits pct,quantile,0.25,1.1191434469052959
triad-area,2026-03-21,0,2026-03-21,Flu ED visits pct,quantile,0.25,1.1106015750950557
utah,2026-03-21,0,2026-03-21,Flu ED visits pct,quantile,0.25,0.7291421438634978
virginia,2026-03-21,0,2026-03-21,Flu ED visits pct,quantile,0.25,1.6068654235748518
weld,2026-03-21,0,2026-03-21,Flu ED visits pct,quantile,0.25,2.2767671796405557
wnc,2026-03-21,0,2026-03-21,Flu ED visits pct,quantile,0.25,1.0423003645636437
worcester,2026-03-21,0,2026-03-21,Flu ED visits pct,quantile,0.25,0.95311852839233
athens,2026-03-21,1,2026-03-28,Flu ED visits pct,quantile,0.25,0.7819953192848967
austin,2026-03-21,1,2026-03-28,Flu ED visits pct,quantile,0.25,0.5973281136185706
baltimore,2026-03-21,1,2026-03-28,Flu ED visits pct,quantile,0.25,0.6975548787973272
bangor,2026-03-21,1,2026-03-28,Flu ED visits pct,quantile,0.25,0.7085165188524989
beaumont,2026-03-21,1,2026-03-28,Flu ED visits pct,quantile,0.25,0.5327858128772937
boston,2026-03-21,1,2026-03-28,Flu ED visits pct,quantile,0.25,0.9121416807052292
boulder,2026-03-21,1,2026-03-28,Flu ED visits pct,quantile,0.25,1.9422877265225247
charleston,2026-03-21,1,2026-03-28,Flu ED visits pct,quantile,0.25,0.7073090526695237
cherokee,2026-03-21,1,2026-03-28,Flu ED visits pct,quantile,0.25,0.9081212752694768
clt-area,2026-03-21,1,2026-03-28,Flu ED visits pct,quantile,0.25,1.7139701171168746
colorado,2026-03-21,1,2026-03-28,Flu ED visits pct,quantile,0.25,1.3295364373257257
colorado-springs,2026-03-21,1,2026-03-28,Flu ED visits pct,quantile,0.25,1.0187783790485345
columbia,2026-03-21,1,2026-03-28,Flu ED visits pct,quantile,0.25,0.6856676308378075
columbus,2026-03-21,1,2026-03-28,Flu ED visits pct,quantile,0.25,0.5061540767760083
dallas,2026-03-21,1,2026-03-28,Flu ED visits pct,quantile,0.25,0.7930565708587503
denver,2026-03-21,1,2026-03-28,Flu ED visits pct,quantile,0.25,1.4029293688347995
deschutes,2026-03-21,1,2026-03-28,Flu ED visits pct,quantile,0.25,0.5833160196136645
duluth,2026-03-21,1,2026-03-28,Flu ED visits pct,quantile,0.25,1.1274545838494128
el-paso,2026-03-21,1,2026-03-28,Flu ED visits pct,quantile,0.25,1.2122553286018845
eugene,2026-03-21,1,2026-03-28,Flu ED visits pct,quantile,0.25,0.35765011816484304
fay-area,2026-03-21,1,2026-03-28,Flu ED visits pct,quantile,0.25,1.6375786229114646
florence,2026-03-21,1,2026-03-28,Flu ED visits pct,quantile,0.25,0.43049517496659934
floyd,2026-03-21,1,2026-03-28,Flu ED visits pct,quantile,0.25,0.5942525372677474
frederick,2026-03-21,1,2026-03-28,Flu ED visits pct,quantile,0.25,0.7805829531662868
georgia,2026-03-21,1,2026-03-28,Flu ED visits pct,quantile,0.25,0.6818577791781462
greenville,2026-03-21,1,2026-03-28,Flu ED visits pct,quantile,0.25,0.9177612093871489
hall,2026-03-21,1,2026-03-28,Flu ED visits pct,quantile,0.25,0.44090080338549364
harford,2026-03-21,1,2026-03-28,Flu ED visits pct,quantile,0.25,0.35171218575115565
henry,2026-03-21,1,2026-03-28,Flu ED visits pct,quantile,0.25,0.4670221063660153
horry,2026-03-21,1,2026-03-28,Flu ED visits pct,quantile,0.25,0.5599710819323146
houston,2026-03-21,1,2026-03-28,Flu ED visits pct,quantile,0.25,0.62596626534288
indiana,2026-03-21,1,2026-03-28,Flu ED visits pct,quantile,0.25,1.6311776837482912
indianapolis,2026-03-21,1,2026-03-28,Flu ED visits pct,quantile,0.25,1.6456203325537684
la-grange,2026-03-21,1,2026-03-28,Flu ED visits pct,quantile,0.25,0.42870755308096503
larimer,2026-03-21,1,2026-03-28,Flu ED visits pct,quantile,0.25,0.7977793304746684
lynn,2026-03-21,1,2026-03-28,Flu ED visits pct,quantile,0.25,0.7006677969723427
macon,2026-03-21,1,2026-03-28,Flu ED visits pct,quantile,0.25,0.48302860321589247
maine,2026-03-21,1,2026-03-28,Flu ED visits pct,quantile,0.25,0.6883145960403249
marietta,2026-03-21,1,2026-03-28,Flu ED visits pct,quantile,0.25,0.6373341562322894
maryland,2026-03-21,1,2026-03-28,Flu ED visits pct,quantile,0.25,0.8419365343319477
massachusetts,2026-03-21,1,2026-03-28,Flu ED visits pct,quantile,0.25,1.0197024433727175
medford,2026-03-21,1,2026-03-28,Flu ED visits pct,quantile,0.25,0.1590280331813282
mesa,2026-03-21,1,2026-03-28,Flu ED visits pct,quantile,0.25,0.30403382904906534
minneapolis,2026-03-21,1,2026-03-28,Flu ED visits pct,quantile,0.25,1.5041052881075165
minnesota,2026-03-21,1,2026-03-28,Flu ED visits pct,quantile,0.25,1.546764949138
montgomery,2026-03-21,1,2026-03-28,Flu ED visits pct,quantile,0.25,0.8739200819204617
nenc,2026-03-21,1,2026-03-28,Flu ED visits pct,quantile,0.25,0.9753555244167323
new-bedford,2026-03-21,1,2026-03-28,Flu ED visits pct,quantile,0.25,0.79490761217048
north-carolina,2026-03-21,1,2026-03-28,Flu ED visits pct,quantile,0.25,1.1066841159912957
nyc,2026-03-21,1,2026-03-28,ILI ED visits pct,quantile,0.25,2.5181212417091303
ogden,2026-03-21,1,2026-03-28,Flu ED visits pct,quantile,0.25,0.5412112754971707
oregon,2026-03-21,1,2026-03-28,Flu ED visits pct,quantile,0.25,0.7760792724904226
pittsfield,2026-03-21,1,2026-03-28,Flu ED visits pct,quantile,0.25,0.18774676062158668
portland,2026-03-21,1,2026-03-28,Flu ED visits pct,quantile,0.25,0.3813760993442643
portland-or,2026-03-21,1,2026-03-28,Flu ED visits pct,quantile,0.25,0.9948626954327926
provo,2026-03-21,1,2026-03-28,Flu ED visits pct,quantile,0.25,0.4672292300927176
roanoke,2026-03-21,1,2026-03-28,Flu ED visits pct,quantile,0.25,1.1933408318772474
rochester,2026-03-21,1,2026-03-28,Flu ED visits pct,quantile,0.25,0.9842503736004613
rock-hill,2026-03-21,1,2026-03-28,Flu ED visits pct,quantile,0.25,0.651418147155415
rtp-area,2026-03-21,1,2026-03-28,Flu ED visits pct,quantile,0.25,0.756347765756544
salem,2026-03-21,1,2026-03-28,Flu ED visits pct,quantile,0.25,0.9299258686289702
salt-lake-city,2026-03-21,1,2026-03-28,Flu ED visits pct,quantile,0.25,0.5778555796762451
san-antonio,2026-03-21,1,2026-03-28,Flu ED visits pct,quantile,0.25,0.7290618116351509
savannah,2026-03-21,1,2026-03-28,Flu ED visits pct,quantile,0.25,0.254650454968602
senc,2026-03-21,1,2026-03-28,Flu ED visits pct,quantile,0.25,0.512893627404537
south-augusta,2026-03-21,1,2026-03-28,Flu ED visits pct,quantile,0.25,0.5861323742033433
south-carolina,2026-03-21,1,2026-03-28,Flu ED visits pct,quantile,0.25,0.808841362499867
springfield,2026-03-21,1,2026-03-28,Flu ED visits pct,quantile,0.25,0.8867247808253594
st-cloud,2026-03-21,1,2026-03-28,Flu ED visits pct,quantile,0.25,0.9879195952133323
st-paul,2026-03-21,1,2026-03-28,Flu ED visits pct,quantile,0.25,1.2205061117296703
texas,2026-03-21,1,2026-03-28,Flu ED visits pct,quantile,0.25,0.9051135929214038
triad-area,2026-03-21,1,2026-03-28,Flu ED visits pct,quantile,0.25,0.8381359068973616
utah,2026-03-21,1,2026-03-28,Flu ED visits pct,quantile,0.25,0.5452832939269041
virginia,2026-03-21,1,2026-03-28,Flu ED visits pct,quantile,0.25,1.3415973920585453
weld,2026-03-21,1,2026-03-28,Flu ED visits pct,quantile,0.25,1.6032144065124896
wnc,2026-03-21,1,2026-03-28,Flu ED visits pct,quantile,0.25,0.7628596660886923
worcester,2026-03-21,1,2026-03-28,Flu ED visits pct,quantile,0.25,0.786388759824825
athens,2026-03-21,2,2026-04-04,Flu ED visits pct,quantile,0.25,0.5337867991442513
austin,2026-03-21,2,2026-04-04,Flu ED visits pct,quantile,0.25,0.45146362140171503
baltimore,2026-03-21,2,2026-04-04,Flu ED visits pct,quantile,0.25,0.6444953870358164
bangor,2026-03-21,2,2026-04-04,Flu ED visits pct,quantile,0.25,0.5402767172867907
beaumont,2026-03-21,2,2026-04-04,Flu ED visits pct,quantile,0.25,0.43386970973202277
boston,2026-03-21,2,2026-04-04,Flu ED visits pct,quantile,0.25,0.7914847567233216
boulder,2026-03-21,2,2026-04-04,Flu ED visits pct,quantile,0.25,1.3966364811148198
charleston,2026-03-21,2,2026-04-04,Flu ED visits pct,quantile,0.25,0.5051209129348662
cherokee,2026-03-21,2,2026-04-04,Flu ED visits pct,quantile,0.25,0.6937122942086313
clt-area,2026-03-21,2,2026-04-04,Flu ED visits pct,quantile,0.25,1.2723425804079251
colorado,2026-03-21,2,2026-04-04,Flu ED visits pct,quantile,0.25,1.044422937801154
colorado-springs,2026-03-21,2,2026-04-04,Flu ED visits pct,quantile,0.25,0.7694494749600497
columbia,2026-03-21,2,2026-04-04,Flu ED visits pct,quantile,0.25,0.5203772908930357
columbus,2026-03-21,2,2026-04-04,Flu ED visits pct,quantile,0.25,0.33029852179411623
dallas,2026-03-21,2,2026-04-04,Flu ED visits pct,quantile,0.25,0.6293278007169594
denver,2026-03-21,2,2026-04-04,Flu ED visits pct,quantile,0.25,1.1179422579308254
deschutes,2026-03-21,2,2026-04-04,Flu ED visits pct,quantile,0.25,0.4242491663794245
duluth,2026-03-21,2,2026-04-04,Flu ED visits pct,quantile,0.25,0.8385100832939976
el-paso,2026-03-21,2,2026-04-04,Flu ED visits pct,quantile,0.25,1.1037076536959272
eugene,2026-03-21,2,2026-04-04,Flu ED visits pct,quantile,0.25,0.2598996340436604
fay-area,2026-03-21,2,2026-04-04,Flu ED visits pct,quantile,0.25,1.2117856854596503
florence,2026-03-21,2,2026-04-04,Flu ED visits pct,quantile,0.25,0.30827300972415683
floyd,2026-03-21,2,2026-04-04,Flu ED visits pct,quantile,0.25,0.4270581070116731
frederick,2026-03-21,2,2026-04-04,Flu ED visits pct,quantile,0.25,0.6720783286134877
georgia,2026-03-21,2,2026-04-04,Flu ED visits pct,quantile,0.25,0.5383838572016696
greenville,2026-03-21,2,2026-04-04,Flu ED visits pct,quantile,0.25,0.6119268171850502
hall,2026-03-21,2,2026-04-04,Flu ED visits pct,quantile,0.25,0.32873879945736867
harford,2026-03-21,2,2026-04-04,Flu ED visits pct,quantile,0.25,0.30291823827602615
henry,2026-03-21,2,2026-04-04,Flu ED visits pct,quantile,0.25,0.35671747926246655
horry,2026-03-21,2,2026-04-04,Flu ED visits pct,quantile,0.25,0.4488138494500643
houston,2026-03-21,2,2026-04-04,Flu ED visits pct,quantile,0.25,0.5790838218993164
indiana,2026-03-21,2,2026-04-04,Flu ED visits pct,quantile,0.25,1.159422705641595
indianapolis,2026-03-21,2,2026-04-04,Flu ED visits pct,quantile,0.25,1.1789728539986204
la-grange,2026-03-21,2,2026-04-04,Flu ED visits pct,quantile,0.25,0.31696233126141726
larimer,2026-03-21,2,2026-04-04,Flu ED visits pct,quantile,0.25,0.6152862980619984
lynn,2026-03-21,2,2026-04-04,Flu ED visits pct,quantile,0.25,0.6303157310309437
macon,2026-03-21,2,2026-04-04,Flu ED visits pct,quantile,0.25,0.3638847230760328
maine,2026-03-21,2,2026-04-04,Flu ED visits pct,quantile,0.25,0.5538135859964464
marietta,2026-03-21,2,2026-04-04,Flu ED visits pct,quantile,0.25,0.49695135460114337
maryland,2026-03-21,2,2026-04-04,Flu ED visits pct,quantile,0.25,0.7844625583674535
massachusetts,2026-03-21,2,2026-04-04,Flu ED visits pct,quantile,0.25,0.8451916771607129
medford,2026-03-21,2,2026-04-04,Flu ED visits pct,quantile,0.25,0.10556948337319923
mesa,2026-03-21,2,2026-04-04,Flu ED visits pct,quantile,0.25,0.2299940091264387
minneapolis,2026-03-21,2,2026-04-04,Flu ED visits pct,quantile,0.25,1.191978162302203
minnesota,2026-03-21,2,2026-04-04,Flu ED visits pct,quantile,0.25,1.2740479191839387
montgomery,2026-03-21,2,2026-04-04,Flu ED visits pct,quantile,0.25,0.8066150779211817
nenc,2026-03-21,2,2026-04-04,Flu ED visits pct,quantile,0.25,0.6803305770950412
new-bedford,2026-03-21,2,2026-04-04,Flu ED visits pct,quantile,0.25,0.6881445527376564
north-carolina,2026-03-21,2,2026-04-04,Flu ED visits pct,quantile,0.25,0.7869707616136232
nyc,2026-03-21,2,2026-04-04,ILI ED visits pct,quantile,0.25,2.4562264058929424
ogden,2026-03-21,2,2026-04-04,Flu ED visits pct,quantile,0.25,0.4065225378513882
oregon,2026-03-21,2,2026-04-04,Flu ED visits pct,quantile,0.25,0.5810152717525916
pittsfield,2026-03-21,2,2026-04-04,Flu ED visits pct,quantile,0.25,0.138306160231739
portland,2026-03-21,2,2026-04-04,Flu ED visits pct,quantile,0.25,0.30277870129971524
portland-or,2026-03-21,2,2026-04-04,Flu ED visits pct,quantile,0.25,0.7127089904810732
provo,2026-03-21,2,2026-04-04,Flu ED visits pct,quantile,0.25,0.3883953862621498
roanoke,2026-03-21,2,2026-04-04,Flu ED visits pct,quantile,0.25,0.861067610349065
rochester,2026-03-21,2,2026-04-04,Flu ED visits pct,quantile,0.25,0.6606900622677317
rock-hill,2026-03-21,2,2026-04-04,Flu ED visits pct,quantile,0.25,0.5633854404797022
rtp-area,2026-03-21,2,2026-04-04,Flu ED visits pct,quantile,0.25,0.5298292338785562
salem,2026-03-21,2,2026-04-04,Flu ED visits pct,quantile,0.25,0.6251845396863459
salt-lake-city,2026-03-21,2,2026-04-04,Flu ED visits pct,quantile,0.25,0.45310429564398064
san-antonio,2026-03-21,2,2026-04-04,Flu ED visits pct,quantile,0.25,0.5286950870283396
savannah,2026-03-21,2,2026-04-04,Flu ED visits pct,quantile,0.25,0.18238957042089032
senc,2026-03-21,2,2026-04-04,Flu ED visits pct,quantile,0.25,0.3419959034757467
south-augusta,2026-03-21,2,2026-04-04,Flu ED visits pct,quantile,0.25,0.39397414835034666
south-carolina,2026-03-21,2,2026-04-04,Flu ED visits pct,quantile,0.25,0.6229692108144939
springfield,2026-03-21,2,2026-04-04,Flu ED visits pct,quantile,0.25,0.734250789152676
st-cloud,2026-03-21,2,2026-04-04,Flu ED visits pct,quantile,0.25,0.7212852899421246
st-paul,2026-03-21,2,2026-04-04,Flu ED visits pct,quantile,0.25,1.0524585812157954
texas,2026-03-21,2,2026-04-04,Flu ED visits pct,quantile,0.25,0.7241875354715874
triad-area,2026-03-21,2,2026-04-04,Flu ED visits pct,quantile,0.25,0.605763132250079
utah,2026-03-21,2,2026-04-04,Flu ED visits pct,quantile,0.25,0.4315888438341556
virginia,2026-03-21,2,2026-04-04,Flu ED visits pct,quantile,0.25,1.1436195516633463
weld,2026-03-21,2,2026-04-04,Flu ED visits pct,quantile,0.25,1.1376490099207617
wnc,2026-03-21,2,2026-04-04,Flu ED visits pct,quantile,0.25,0.542160819224225
worcester,2026-03-21,2,2026-04-04,Flu ED visits pct,quantile,0.25,0.6720848142306419
athens,2026-03-21,3,2026-04-11,Flu ED visits pct,quantile,0.25,0.38010615185907015
austin,2026-03-21,3,2026-04-11,Flu ED visits pct,quantile,0.25,0.3806296678570313
baltimore,2026-03-21,3,2026-04-11,Flu ED visits pct,quantile,0.25,0.5807968208640834
bangor,2026-03-21,3,2026-04-11,Flu ED visits pct,quantile,0.25,0.44890741377505317
beaumont,2026-03-21,3,2026-04-11,Flu ED visits pct,quantile,0.25,0.38760931545819627
boston,2026-03-21,3,2026-04-11,Flu ED visits pct,quantile,0.25,0.679809740047233
boulder,2026-03-21,3,2026-04-11,Flu ED visits pct,quantile,0.25,0.9845989376239501
charleston,2026-03-21,3,2026-04-11,Flu ED visits pct,quantile,0.25,0.3695673193120786
cherokee,2026-03-21,3,2026-04-11,Flu ED visits pct,quantile,0.25,0.5892986188876626
clt-area,2026-03-21,3,2026-04-11,Flu ED visits pct,quantile,0.25,0.9139734301326866
colorado,2026-03-21,3,2026-04-11,Flu ED visits pct,quantile,0.25,0.8071437967128718
colorado-springs,2026-03-21,3,2026-04-11,Flu ED visits pct,quantile,0.25,0.5923733341956857
columbia,2026-03-21,3,2026-04-11,Flu ED visits pct,quantile,0.25,0.44081902862616
columbus,2026-03-21,3,2026-04-11,Flu ED visits pct,quantile,0.25,0.23418369713599582
dallas,2026-03-21,3,2026-04-11,Flu ED visits pct,quantile,0.25,0.5397986033821396
denver,2026-03-21,3,2026-04-11,Flu ED visits pct,quantile,0.25,0.8423747299123855
deschutes,2026-03-21,3,2026-04-11,Flu ED visits pct,quantile,0.25,0.3724066039286895
duluth,2026-03-21,3,2026-04-11,Flu ED visits pct,quantile,0.25,0.6498597810328693
el-paso,2026-03-21,3,2026-04-11,Flu ED visits pct,quantile,0.25,0.9949718155750609
eugene,2026-03-21,3,2026-04-11,Flu ED visits pct,quantile,0.25,0.2113457349833542
fay-area,2026-03-21,3,2026-04-11,Flu ED visits pct,quantile,0.25,0.8658651518604712
florence,2026-03-21,3,2026-04-11,Flu ED visits pct,quantile,0.25,0.2692712183770635
floyd,2026-03-21,3,2026-04-11,Flu ED visits pct,quantile,0.25,0.3569823344333452
frederick,2026-03-21,3,2026-04-11,Flu ED visits pct,quantile,0.25,0.5952298321547824
georgia,2026-03-21,3,2026-04-11,Flu ED visits pct,quantile,0.25,0.4595372940734941
greenville,2026-03-21,3,2026-04-11,Flu ED visits pct,quantile,0.25,0.4358234500554325
hall,2026-03-21,3,2026-04-11,Flu ED visits pct,quantile,0.25,0.255202776529976
harford,2026-03-21,3,2026-04-11,Flu ED visits pct,quantile,0.25,0.27523716493687095
henry,2026-03-21,3,2026-04-11,Flu ED visits pct,quantile,0.25,0.31172811526811317
horry,2026-03-21,3,2026-04-11,Flu ED visits pct,quantile,0.25,0.39245186374327085
houston,2026-03-21,3,2026-04-11,Flu ED visits pct,quantile,0.25,0.5181419535381871
indiana,2026-03-21,3,2026-04-11,Flu ED visits pct,quantile,0.25,0.8168058968359648
indianapolis,2026-03-21,3,2026-04-11,Flu ED visits pct,quantile,0.25,0.8163019744973423
la-grange,2026-03-21,3,2026-04-11,Flu ED visits pct,quantile,0.25,0.2689003494653482
larimer,2026-03-21,3,2026-04-11,Flu ED visits pct,quantile,0.25,0.5371384296422782
lynn,2026-03-21,3,2026-04-11,Flu ED visits pct,quantile,0.25,0.5561161717355838
macon,2026-03-21,3,2026-04-11,Flu ED visits pct,quantile,0.25,0.308459464214837
maine,2026-03-21,3,2026-04-11,Flu ED visits pct,quantile,0.25,0.47800767559856566
marietta,2026-03-21,3,2026-04-11,Flu ED visits pct,quantile,0.25,0.4284908980483594
maryland,2026-03-21,3,2026-04-11,Flu ED visits pct,quantile,0.25,0.7081992231413257
massachusetts,2026-03-21,3,2026-04-11,Flu ED visits pct,quantile,0.25,0.7182610306798772
medford,2026-03-21,3,2026-04-11,Flu ED visits pct,quantile,0.25,0.09100486749443644
mesa,2026-03-21,3,2026-04-11,Flu ED visits pct,quantile,0.25,0.20065920698381873
minneapolis,2026-03-21,3,2026-04-11,Flu ED visits pct,quantile,0.25,0.929945853646661
minnesota,2026-03-21,3,2026-04-11,Flu ED visits pct,quantile,0.25,1.0881584945628293
montgomery,2026-03-21,3,2026-04-11,Flu ED visits pct,quantile,0.25,0.7239400686768611
nenc,2026-03-21,3,2026-04-11,Flu ED visits pct,quantile,0.25,0.4583237977218423
new-bedford,2026-03-21,3,2026-04-11,Flu ED visits pct,quantile,0.25,0.6218434627683919
north-carolina,2026-03-21,3,2026-04-11,Flu ED visits pct,quantile,0.25,0.533287960805687
nyc,2026-03-21,3,2026-04-11,ILI ED visits pct,quantile,0.25,2.3476230553461948
ogden,2026-03-21,3,2026-04-11,Flu ED visits pct,quantile,0.25,0.34458994396755616
oregon,2026-03-21,3,2026-04-11,Flu ED visits pct,quantile,0.25,0.4257254384768975
pittsfield,2026-03-21,3,2026-04-11,Flu ED visits pct,quantile,0.25,0.11976642137737635
portland,2026-03-21,3,2026-04-11,Flu ED visits pct,quantile,0.25,0.2691782917024054
portland-or,2026-03-21,3,2026-04-11,Flu ED visits pct,quantile,0.25,0.5283777416711577
provo,2026-03-21,3,2026-04-11,Flu ED visits pct,quantile,0.25,0.3470109792576791
roanoke,2026-03-21,3,2026-04-11,Flu ED visits pct,quantile,0.25,0.6438819951110692
rochester,2026-03-21,3,2026-04-11,Flu ED visits pct,quantile,0.25,0.4683031340126288
rock-hill,2026-03-21,3,2026-04-11,Flu ED visits pct,quantile,0.25,0.49856235150882067
rtp-area,2026-03-21,3,2026-04-11,Flu ED visits pct,quantile,0.25,0.353048380348307
salem,2026-03-21,3,2026-04-11,Flu ED visits pct,quantile,0.25,0.44596794715941496
salt-lake-city,2026-03-21,3,2026-04-11,Flu ED visits pct,quantile,0.25,0.3903956740879714
san-antonio,2026-03-21,3,2026-04-11,Flu ED visits pct,quantile,0.25,0.3930112373055431
savannah,2026-03-21,3,2026-04-11,Flu ED visits pct,quantile,0.25,0.15103222511861475
senc,2026-03-21,3,2026-04-11,Flu ED visits pct,quantile,0.25,0.22209601666625364
south-augusta,2026-03-21,3,2026-04-11,Flu ED visits pct,quantile,0.25,0.28227958582727747
south-carolina,2026-03-21,3,2026-04-11,Flu ED visits pct,quantile,0.25,0.5209552518272601
springfield,2026-03-21,3,2026-04-11,Flu ED visits pct,quantile,0.25,0.6600981136583421
st-cloud,2026-03-21,3,2026-04-11,Flu ED visits pct,quantile,0.25,0.6040809551161486
st-paul,2026-03-21,3,2026-04-11,Flu ED visits pct,quantile,0.25,0.9283468127964076
texas,2026-03-21,3,2026-04-11,Flu ED visits pct,quantile,0.25,0.640475420295353
triad-area,2026-03-21,3,2026-04-11,Flu ED visits pct,quantile,0.25,0.42435222063785233
utah,2026-03-21,3,2026-04-11,Flu ED visits pct,quantile,0.25,0.3700957130547701
virginia,2026-03-21,3,2026-04-11,Flu ED visits pct,quantile,0.25,0.9823812087143454
weld,2026-03-21,3,2026-04-11,Flu ED visits pct,quantile,0.25,0.8608377105343383
wnc,2026-03-21,3,2026-04-11,Flu ED visits pct,quantile,0.25,0.366487351681865
worcester,2026-03-21,3,2026-04-11,Flu ED visits pct,quantile,0.25,0.6017702102798324
athens,2026-03-21,0,2026-03-21,Flu ED visits pct,quantile,0.5,1.4744188491356582
austin,2026-03-21,0,2026-03-21,Flu ED visits pct,quantile,0.5,0.9332623573943417
baltimore,2026-03-21,0,2026-03-21,Flu ED visits pct,quantile,0.5,0.8398016537978485
bangor,2026-03-21,0,2026-03-21,Flu ED visits pct,quantile,0.5,1.3061462547410636
beaumont,2026-03-21,0,2026-03-21,Flu ED visits pct,quantile,0.5,0.8572066871671664
boston,2026-03-21,0,2026-03-21,Flu ED visits pct,quantile,0.5,1.1253422743766865
boulder,2026-03-21,0,2026-03-21,Flu ED visits pct,quantile,0.5,3.094776264891583
charleston,2026-03-21,0,2026-03-21,Flu ED visits pct,quantile,0.5,1.25651951318809
cherokee,2026-03-21,0,2026-03-21,Flu ED visits pct,quantile,0.5,1.5825143082540838
clt-area,2026-03-21,0,2026-03-21,Flu ED visits pct,quantile,0.5,2.5459498184098
colorado,2026-03-21,0,2026-03-21,Flu ED visits pct,quantile,0.5,1.9233128560867865
colorado-springs,2026-03-21,0,2026-03-21,Flu ED visits pct,quantile,0.5,1.5441895313259362
columbia,2026-03-21,0,2026-03-21,Flu ED visits pct,quantile,0.5,1.1248149512382768
columbus,2026-03-21,0,2026-03-21,Flu ED visits pct,quantile,0.5,0.9708038602847918
dallas,2026-03-21,0,2026-03-21,Flu ED visits pct,quantile,0.5,1.1221958774354723
denver,2026-03-21,0,2026-03-21,Flu ED visits pct,quantile,0.5,1.9272029702402191
deschutes,2026-03-21,0,2026-03-21,Flu ED visits pct,quantile,0.5,0.9853157895906697
duluth,2026-03-21,0,2026-03-21,Flu ED visits pct,quantile,0.5,1.9261843645816823
el-paso,2026-03-21,0,2026-03-21,Flu ED visits pct,quantile,0.5,1.6169713562408599
eugene,2026-03-21,0,2026-03-21,Flu ED visits pct,quantile,0.5,0.6685372920995817
fay-area,2026-03-21,0,2026-03-21,Flu ED visits pct,quantile,0.5,2.4322848319658283
florence,2026-03-21,0,2026-03-21,Flu ED visits pct,quantile,0.5,0.8137200315771012
floyd,2026-03-21,0,2026-03-21,Flu ED visits pct,quantile,0.5,1.0966730411713008
frederick,2026-03-21,0,2026-03-21,Flu ED visits pct,quantile,0.5,1.3534475462264937
georgia,2026-03-21,0,2026-03-21,Flu ED visits pct,quantile,0.5,1.015399675694566
greenville,2026-03-21,0,2026-03-21,Flu ED visits pct,quantile,0.5,1.5865164102652904
hall,2026-03-21,0,2026-03-21,Flu ED visits pct,quantile,0.5,0.824760739242627
harford,2026-03-21,0,2026-03-21,Flu ED visits pct,quantile,0.5,0.6588720023678518
henry,2026-03-21,0,2026-03-21,Flu ED visits pct,quantile,0.5,0.8024545429736716
horry,2026-03-21,0,2026-03-21,Flu ED visits pct,quantile,0.5,0.9082938593024847
houston,2026-03-21,0,2026-03-21,Flu ED visits pct,quantile,0.5,0.7499922630637158
indiana,2026-03-21,0,2026-03-21,Flu ED visits pct,quantile,0.5,2.5686418090386787
indianapolis,2026-03-21,0,2026-03-21,Flu ED visits pct,quantile,0.5,2.6238848915758357
la-grange,2026-03-21,0,2026-03-21,Flu ED visits pct,quantile,0.5,0.8174092091482685
larimer,2026-03-21,0,2026-03-21,Flu ED visits pct,quantile,0.5,1.3338315854218619
lynn,2026-03-21,0,2026-03-21,Flu ED visits pct,quantile,0.5,1.0029730052911408
macon,2026-03-21,0,2026-03-21,Flu ED visits pct,quantile,0.5,0.775652874297335
maine,2026-03-21,0,2026-03-21,Flu ED visits pct,quantile,0.5,0.9678396815777627
marietta,2026-03-21,0,2026-03-21,Flu ED visits pct,quantile,0.5,1.1862118293089787
maryland,2026-03-21,0,2026-03-21,Flu ED visits pct,quantile,0.5,1.031409598824069
massachusetts,2026-03-21,0,2026-03-21,Flu ED visits pct,quantile,0.5,1.177320871732666
medford,2026-03-21,0,2026-03-21,Flu ED visits pct,quantile,0.5,0.39047919064582726
mesa,2026-03-21,0,2026-03-21,Flu ED visits pct,quantile,0.5,0.5595348219063375
minneapolis,2026-03-21,0,2026-03-21,Flu ED visits pct,quantile,0.5,2.2578196812489
minnesota,2026-03-21,0,2026-03-21,Flu ED visits pct,quantile,0.5,2.172155481150659
montgomery,2026-03-21,0,2026-03-21,Flu ED visits pct,quantile,0.5,1.0528701488496892
nenc,2026-03-21,0,2026-03-21,Flu ED visits pct,quantile,0.5,1.469031272330885
new-bedford,2026-03-21,0,2026-03-21,Flu ED visits pct,quantile,0.5,1.2217851234802224
north-carolina,2026-03-21,0,2026-03-21,Flu ED visits pct,quantile,0.5,1.6835387664637618
nyc,2026-03-21,0,2026-03-21,ILI ED visits pct,quantile,0.5,2.6425669373352147
ogden,2026-03-21,0,2026-03-21,Flu ED visits pct,quantile,0.5,0.8619166666327729
oregon,2026-03-21,0,2026-03-21,Flu ED visits pct,quantile,0.5,1.2318348570315272
pittsfield,2026-03-21,0,2026-03-21,Flu ED visits pct,quantile,0.5,0.4470333997105733
portland,2026-03-21,0,2026-03-21,Flu ED visits pct,quantile,0.5,0.6223593587223527
portland-or,2026-03-21,0,2026-03-21,Flu ED visits pct,quantile,0.5,1.5440215517088296
provo,2026-03-21,0,2026-03-21,Flu ED visits pct,quantile,0.5,0.6940439393901833
roanoke,2026-03-21,0,2026-03-21,Flu ED visits pct,quantile,0.5,1.9398094712965166
rochester,2026-03-21,0,2026-03-21,Flu ED visits pct,quantile,0.5,1.7427369150531864
rock-hill,2026-03-21,0,2026-03-21,Flu ED visits pct,quantile,0.5,1.1175667497079613
rtp-area,2026-03-21,0,2026-03-21,Flu ED visits pct,quantile,0.5,1.170843379887071
salem,2026-03-21,0,2026-03-21,Flu ED visits pct,quantile,0.5,1.5847423485934402
salt-lake-city,2026-03-21,0,2026-03-21,Flu ED visits pct,quantile,0.5,0.8751503706066824
san-antonio,2026-03-21,0,2026-03-21,Flu ED visits pct,quantile,0.5,1.1895634275343707
savannah,2026-03-21,0,2026-03-21,Flu ED visits pct,quantile,0.5,0.4805529663819967
senc,2026-03-21,0,2026-03-21,Flu ED visits pct,quantile,0.5,0.8875778097183381
south-augusta,2026-03-21,0,2026-03-21,Flu ED visits pct,quantile,0.5,1.0206253546054402
south-carolina,2026-03-21,0,2026-03-21,Flu ED visits pct,quantile,0.5,1.2049566555898923
springfield,2026-03-21,0,2026-03-21,Flu ED visits pct,quantile,0.5,1.38094321051775
st-cloud,2026-03-21,0,2026-03-21,Flu ED visits pct,quantile,0.5,1.8361283204307375
st-paul,2026-03-21,0,2026-03-21,Flu ED visits pct,quantile,0.5,1.6694694008677236
texas,2026-03-21,0,2026-03-21,Flu ED visits pct,quantile,0.5,1.2599415859451704
triad-area,2026-03-21,0,2026-03-21,Flu ED visits pct,quantile,0.5,1.2202161287144189
utah,2026-03-21,0,2026-03-21,Flu ED visits pct,quantile,0.5,0.8392709309987046
virginia,2026-03-21,0,2026-03-21,Flu ED visits pct,quantile,0.5,1.7719911203983725
weld,2026-03-21,0,2026-03-21,Flu ED visits pct,quantile,0.5,2.6878029426994936
wnc,2026-03-21,0,2026-03-21,Flu ED visits pct,quantile,0.5,1.1488803568043977
worcester,2026-03-21,0,2026-03-21,Flu ED visits pct,quantile,0.5,1.1366447431867046
athens,2026-03-21,1,2026-03-28,Flu ED visits pct,quantile,0.5,1.0801571351981532
austin,2026-03-21,1,2026-03-28,Flu ED visits pct,quantile,0.5,0.7012928695880485
baltimore,2026-03-21,1,2026-03-28,Flu ED visits pct,quantile,0.5,0.7736215157251941
bangor,2026-03-21,1,2026-03-28,Flu ED visits pct,quantile,0.5,0.9748595483294328
beaumont,2026-03-21,1,2026-03-28,Flu ED visits pct,quantile,0.5,0.6983212874787901
boston,2026-03-21,1,2026-03-28,Flu ED visits pct,quantile,0.5,0.9847122108018206
boulder,2026-03-21,1,2026-03-28,Flu ED visits pct,quantile,0.5,2.3891567338376505
charleston,2026-03-21,1,2026-03-28,Flu ED visits pct,quantile,0.5,0.90491512050819
cherokee,2026-03-21,1,2026-03-28,Flu ED visits pct,quantile,0.5,1.192141422224478
clt-area,2026-03-21,1,2026-03-28,Flu ED visits pct,quantile,0.5,2.0707177929835456
colorado,2026-03-21,1,2026-03-28,Flu ED visits pct,quantile,0.5,1.5480439287354377
colorado-springs,2026-03-21,1,2026-03-28,Flu ED visits pct,quantile,0.5,1.1951888983399566
columbia,2026-03-21,1,2026-03-28,Flu ED visits pct,quantile,0.5,0.8699703179922567
columbus,2026-03-21,1,2026-03-28,Flu ED visits pct,quantile,0.5,0.6837373410011672
dallas,2026-03-21,1,2026-03-28,Flu ED visits pct,quantile,0.5,0.8958346354209188
denver,2026-03-21,1,2026-03-28,Flu ED visits pct,quantile,0.5,1.5409337976062596
deschutes,2026-03-21,1,2026-03-28,Flu ED visits pct,quantile,0.5,0.7566886644385545
duluth,2026-03-21,1,2026-03-28,Flu ED visits pct,quantile,0.5,1.5741694108623092
el-paso,2026-03-21,1,2026-03-28,Flu ED visits pct,quantile,0.5,1.4667291974528367
eugene,2026-03-21,1,2026-03-28,Flu ED visits pct,quantile,0.5,0.46479079470041257
fay-area,2026-03-21,1,2026-03-28,Flu ED visits pct,quantile,0.5,1.9200867445441323
florence,2026-03-21,1,2026-03-28,Flu ED visits pct,quantile,0.5,0.6055148264024172
floyd,2026-03-21,1,2026-03-28,Flu ED visits pct,quantile,0.5,0.7910270650403308
frederick,2026-03-21,1,2026-03-28,Flu ED visits pct,quantile,0.5,1.181953136473196
georgia,2026-03-21,1,2026-03-28,Flu ED visits pct,quantile,0.5,0.8096192920211515
greenville,2026-03-21,1,2026-03-28,Flu ED visits pct,quantile,0.5,1.152268064486138
hall,2026-03-21,1,2026-03-28,Flu ED visits pct,quantile,0.5,0.6522515861763241
harford,2026-03-21,1,2026-03-28,Flu ED visits pct,quantile,0.5,0.5793286340197598
henry,2026-03-21,1,2026-03-28,Flu ED visits pct,quantile,0.5,0.6409579872637482
horry,2026-03-21,1,2026-03-28,Flu ED visits pct,quantile,0.5,0.7107961642985371
houston,2026-03-21,1,2026-03-28,Flu ED visits pct,quantile,0.5,0.6945229799998205
indiana,2026-03-21,1,2026-03-28,Flu ED visits pct,quantile,0.5,1.955707489661587
indianapolis,2026-03-21,1,2026-03-28,Flu ED visits pct,quantile,0.5,1.9709243482332885
la-grange,2026-03-21,1,2026-03-28,Flu ED visits pct,quantile,0.5,0.6109632185982133
larimer,2026-03-21,1,2026-03-28,Flu ED visits pct,quantile,0.5,1.064332613167219
lynn,2026-03-21,1,2026-03-28,Flu ED visits pct,quantile,0.5,0.8978083450940492
macon,2026-03-21,1,2026-03-28,Flu ED visits pct,quantile,0.5,0.6060805597854807
maine,2026-03-21,1,2026-03-28,Flu ED visits pct,quantile,0.5,0.8032467599997283
marietta,2026-03-21,1,2026-03-28,Flu ED visits pct,quantile,0.5,0.9195722388857973
maryland,2026-03-21,1,2026-03-28,Flu ED visits pct,quantile,0.5,0.9644914228690731
massachusetts,2026-03-21,1,2026-03-28,Flu ED visits pct,quantile,0.5,1.0291170416876025
medford,2026-03-21,1,2026-03-28,Flu ED visits pct,quantile,0.5,0.2478440849475041
mesa,2026-03-21,1,2026-03-28,Flu ED visits pct,quantile,0.5,0.4404574854907713
minneapolis,2026-03-21,1,2026-03-28,Flu ED visits pct,quantile,0.5,1.9245361932378733
minnesota,2026-03-21,1,2026-03-28,Flu ED visits pct,quantile,0.5,1.8269992911878659
montgomery,2026-03-21,1,2026-03-28,Flu ED visits pct,quantile,0.5,0.9724287469390137
nenc,2026-03-21,1,2026-03-28,Flu ED visits pct,quantile,0.5,1.143177746443295
new-bedford,2026-03-21,1,2026-03-28,Flu ED visits pct,quantile,0.5,1.02154540832648
north-carolina,2026-03-21,1,2026-03-28,Flu ED visits pct,quantile,0.5,1.2981766812923432
nyc,2026-03-21,1,2026-03-28,ILI ED visits pct,quantile,0.5,2.604293063138419
ogden,2026-03-21,1,2026-03-28,Flu ED visits pct,quantile,0.5,0.6247777307098753
oregon,2026-03-21,1,2026-03-28,Flu ED visits pct,quantile,0.5,0.8979857045655703
pittsfield,2026-03-21,1,2026-03-28,Flu ED visits pct,quantile,0.5,0.3514577439416978
portland,2026-03-21,1,2026-03-28,Flu ED visits pct,quantile,0.5,0.5091047965454425
portland-or,2026-03-21,1,2026-03-28,Flu ED visits pct,quantile,0.5,1.138659229551224
provo,2026-03-21,1,2026-03-28,Flu ED visits pct,quantile,0.5,0.5846261843616429
roanoke,2026-03-21,1,2026-03-28,Flu ED visits pct,quantile,0.5,1.4572353858010016
rochester,2026-03-21,1,2026-03-28,Flu ED visits pct,quantile,0.5,1.2643126385479568
rock-hill,2026-03-21,1,2026-03-28,Flu ED visits pct,quantile,0.5,0.9436772742595023
rtp-area,2026-03-21,1,2026-03-28,Flu ED visits pct,quantile,0.5,0.8987654640312339
salem,2026-03-21,1,2026-03-28,Flu ED visits pct,quantile,0.5,1.1275774880633667
salt-lake-city,2026-03-21,1,2026-03-28,Flu ED visits pct,quantile,0.5,0.6912443545504761
san-antonio,2026-03-21,1,2026-03-28,Flu ED visits pct,quantile,0.5,0.8418778382496752
savannah,2026-03-21,1,2026-03-28,Flu ED visits pct,quantile,0.5,0.3496081702658036
senc,2026-03-21,1,2026-03-28,Flu ED visits pct,quantile,0.5,0.6835121779522556
south-augusta,2026-03-21,1,2026-03-28,Flu ED visits pct,quantile,0.5,0.752034286663103
south-carolina,2026-03-21,1,2026-03-28,Flu ED visits pct,quantile,0.5,0.9084947876781707
springfield,2026-03-21,1,2026-03-28,Flu ED visits pct,quantile,0.5,1.1667993564721821
st-cloud,2026-03-21,1,2026-03-28,Flu ED visits pct,quantile,0.5,1.3539719097520695
st-paul,2026-03-21,1,2026-03-28,Flu ED visits pct,quantile,0.5,1.4387695786864834
texas,2026-03-21,1,2026-03-28,Flu ED visits pct,quantile,0.5,1.0257765247472033
triad-area,2026-03-21,1,2026-03-28,Flu ED visits pct,quantile,0.5,1.0139004947794432
utah,2026-03-21,1,2026-03-28,Flu ED visits pct,quantile,0.5,0.6538433592402701
virginia,2026-03-21,1,2026-03-28,Flu ED visits pct,quantile,0.5,1.535824417936937
weld,2026-03-21,1,2026-03-28,Flu ED visits pct,quantile,0.5,2.1516120395358658
wnc,2026-03-21,1,2026-03-28,Flu ED visits pct,quantile,0.5,0.8852475828690547
worcester,2026-03-21,1,2026-03-28,Flu ED visits pct,quantile,0.5,0.9554863998191676
athens,2026-03-21,2,2026-04-04,Flu ED visits pct,quantile,0.5,0.7675935395987005
austin,2026-03-21,2,2026-04-04,Flu ED visits pct,quantile,0.5,0.5526943854363269
baltimore,2026-03-21,2,2026-04-04,Flu ED visits pct,quantile,0.5,0.694850951226768
bangor,2026-03-21,2,2026-04-04,Flu ED visits pct,quantile,0.5,0.7304098482936173
beaumont,2026-03-21,2,2026-04-04,Flu ED visits pct,quantile,0.5,0.5844667233196259
boston,2026-03-21,2,2026-04-04,Flu ED visits pct,quantile,0.5,0.8185925788616798
boulder,2026-03-21,2,2026-04-04,Flu ED visits pct,quantile,0.5,1.7448315664385181
charleston,2026-03-21,2,2026-04-04,Flu ED visits pct,quantile,0.5,0.6476579322149952
cherokee,2026-03-21,2,2026-04-04,Flu ED visits pct,quantile,0.5,0.9030049952727713
clt-area,2026-03-21,2,2026-04-04,Flu ED visits pct,quantile,0.5,1.6087796112510315
colorado,2026-03-21,2,2026-04-04,Flu ED visits pct,quantile,0.5,1.2042263314053807
colorado-springs,2026-03-21,2,2026-04-04,Flu ED visits pct,quantile,0.5,0.9227057430232354
columbia,2026-03-21,2,2026-04-04,Flu ED visits pct,quantile,0.5,0.6845311561500923
columbus,2026-03-21,2,2026-04-04,Flu ED visits pct,quantile,0.5,0.47530632645016674
dallas,2026-03-21,2,2026-04-04,Flu ED visits pct,quantile,0.5,0.6967166287551275
denver,2026-03-21,2,2026-04-04,Flu ED visits pct,quantile,0.5,1.2017452298547777
deschutes,2026-03-21,2,2026-04-04,Flu ED visits pct,quantile,0.5,0.5869860844658401
duluth,2026-03-21,2,2026-04-04,Flu ED visits pct,quantile,0.5,1.1930849779959822
el-paso,2026-03-21,2,2026-04-04,Flu ED visits pct,quantile,0.5,1.2739630859966131
eugene,2026-03-21,2,2026-04-04,Flu ED visits pct,quantile,0.5,0.3236848748857062
fay-area,2026-03-21,2,2026-04-04,Flu ED visits pct,quantile,0.5,1.459235617447274
florence,2026-03-21,2,2026-04-04,Flu ED visits pct,quantile,0.5,0.47635532948670817
floyd,2026-03-21,2,2026-04-04,Flu ED visits pct,quantile,0.5,0.5807764897636909
frederick,2026-03-21,2,2026-04-04,Flu ED visits pct,quantile,0.5,1.0021769496392523
georgia,2026-03-21,2,2026-04-04,Flu ED visits pct,quantile,0.5,0.6360680608415901
greenville,2026-03-21,2,2026-04-04,Flu ED visits pct,quantile,0.5,0.8125111650639377
hall,2026-03-21,2,2026-04-04,Flu ED visits pct,quantile,0.5,0.5358860774249011
harford,2026-03-21,2,2026-04-04,Flu ED visits pct,quantile,0.5,0.4976096603771021
henry,2026-03-21,2,2026-04-04,Flu ED visits pct,quantile,0.5,0.5084509721334761
horry,2026-03-21,2,2026-04-04,Flu ED visits pct,quantile,0.5,0.5842626279928749
houston,2026-03-21,2,2026-04-04,Flu ED visits pct,quantile,0.5,0.6225259525453998
indiana,2026-03-21,2,2026-04-04,Flu ED visits pct,quantile,0.5,1.406464809897594
indianapolis,2026-03-21,2,2026-04-04,Flu ED visits pct,quantile,0.5,1.406708275514872
la-grange,2026-03-21,2,2026-04-04,Flu ED visits pct,quantile,0.5,0.45111699607206335
larimer,2026-03-21,2,2026-04-04,Flu ED visits pct,quantile,0.5,0.8496273846582
lynn,2026-03-21,2,2026-04-04,Flu ED visits pct,quantile,0.5,0.7848154251327543
macon,2026-03-21,2,2026-04-04,Flu ED visits pct,quantile,0.5,0.46534991351243393
maine,2026-03-21,2,2026-04-04,Flu ED visits pct,quantile,0.5,0.6330134344082027
marietta,2026-03-21,2,2026-04-04,Flu ED visits pct,quantile,0.5,0.7333729195492632
maryland,2026-03-21,2,2026-04-04,Flu ED visits pct,quantile,0.5,0.8604733999357373
massachusetts,2026-03-21,2,2026-04-04,Flu ED visits pct,quantile,0.5,0.9247810489147789
medford,2026-03-21,2,2026-04-04,Flu ED visits pct,quantile,0.5,0.1692199020088904
mesa,2026-03-21,2,2026-04-04,Flu ED visits pct,quantile,0.5,0.34582793768155873
minneapolis,2026-03-21,2,2026-04-04,Flu ED visits pct,quantile,0.5,1.5382389627441297
minnesota,2026-03-21,2,2026-04-04,Flu ED visits pct,quantile,0.5,1.483066333645575
montgomery,2026-03-21,2,2026-04-04,Flu ED visits pct,quantile,0.5,0.8582437045532195
nenc,2026-03-21,2,2026-04-04,Flu ED visits pct,quantile,0.5,0.84257132570737
new-bedford,2026-03-21,2,2026-04-04,Flu ED visits pct,quantile,0.5,0.8442514972526282
north-carolina,2026-03-21,2,2026-04-04,Flu ED visits pct,quantile,0.5,0.952206610419453
nyc,2026-03-21,2,2026-04-04,ILI ED visits pct,quantile,0.5,2.457310667546189
ogden,2026-03-21,2,2026-04-04,Flu ED visits pct,quantile,0.5,0.4777280346631109
oregon,2026-03-21,2,2026-04-04,Flu ED visits pct,quantile,0.5,0.6394884022271631
pittsfield,2026-03-21,2,2026-04-04,Flu ED visits pct,quantile,0.5,0.27863438783227834
portland,2026-03-21,2,2026-04-04,Flu ED visits pct,quantile,0.5,0.4252959228265518
portland-or,2026-03-21,2,2026-04-04,Flu ED visits pct,quantile,0.5,0.819718104389851
provo,2026-03-21,2,2026-04-04,Flu ED visits pct,quantile,0.5,0.5042428350669492
roanoke,2026-03-21,2,2026-04-04,Flu ED visits pct,quantile,0.5,1.110340639868516
rochester,2026-03-21,2,2026-04-04,Flu ED visits pct,quantile,0.5,0.9005481386703855
rock-hill,2026-03-21,2,2026-04-04,Flu ED visits pct,quantile,0.5,0.7424272351341042
rtp-area,2026-03-21,2,2026-04-04,Flu ED visits pct,quantile,0.5,0.6676555745748181
salem,2026-03-21,2,2026-04-04,Flu ED visits pct,quantile,0.5,0.7852648037460218
salt-lake-city,2026-03-21,2,2026-04-04,Flu ED visits pct,quantile,0.5,0.5466246489558159
san-antonio,2026-03-21,2,2026-04-04,Flu ED visits pct,quantile,0.5,0.5912352219046317
savannah,2026-03-21,2,2026-04-04,Flu ED visits pct,quantile,0.5,0.25496752506962395
senc,2026-03-21,2,2026-04-04,Flu ED visits pct,quantile,0.5,0.4944972706724826
south-augusta,2026-03-21,2,2026-04-04,Flu ED visits pct,quantile,0.5,0.5281203221353543
south-carolina,2026-03-21,2,2026-04-04,Flu ED visits pct,quantile,0.5,0.6820038524560738
springfield,2026-03-21,2,2026-04-04,Flu ED visits pct,quantile,0.5,0.9485079906917907
st-cloud,2026-03-21,2,2026-04-04,Flu ED visits pct,quantile,0.5,0.9792992256285559
st-paul,2026-03-21,2,2026-04-04,Flu ED visits pct,quantile,0.5,1.1612333056654118
texas,2026-03-21,2,2026-04-04,Flu ED visits pct,quantile,0.5,0.8329441286452228
triad-area,2026-03-21,2,2026-04-04,Flu ED visits pct,quantile,0.5,0.7850923314476805
utah,2026-03-21,2,2026-04-04,Flu ED visits pct,quantile,0.5,0.5232625354234168
virginia,2026-03-21,2,2026-04-04,Flu ED visits pct,quantile,0.5,1.2714244606498877
weld,2026-03-21,2,2026-04-04,Flu ED visits pct,quantile,0.5,1.6707177182516486
wnc,2026-03-21,2,2026-04-04,Flu ED visits pct,quantile,0.5,0.666809718062977
worcester,2026-03-21,2,2026-04-04,Flu ED visits pct,quantile,0.5,0.7898477659894593
athens,2026-03-21,3,2026-04-11,Flu ED visits pct,quantile,0.5,0.637989620418268
austin,2026-03-21,3,2026-04-11,Flu ED visits pct,quantile,0.5,0.4708716366510381
baltimore,2026-03-21,3,2026-04-11,Flu ED visits pct,quantile,0.5,0.6546774160738933
bangor,2026-03-21,3,2026-04-11,Flu ED visits pct,quantile,0.5,0.6080477577625514
beaumont,2026-03-21,3,2026-04-11,Flu ED visits pct,quantile,0.5,0.5152229515453202
boston,2026-03-21,3,2026-04-11,Flu ED visits pct,quantile,0.5,0.7110547171638226
boulder,2026-03-21,3,2026-04-11,Flu ED visits pct,quantile,0.5,1.4015254246013882
charleston,2026-03-21,3,2026-04-11,Flu ED visits pct,quantile,0.5,0.5214047778046653
cherokee,2026-03-21,3,2026-04-11,Flu ED visits pct,quantile,0.5,0.7603341818466852
clt-area,2026-03-21,3,2026-04-11,Flu ED visits pct,quantile,0.5,1.3018781600657778
colorado,2026-03-21,3,2026-04-11,Flu ED visits pct,quantile,0.5,0.98989451750685
colorado-springs,2026-03-21,3,2026-04-11,Flu ED visits pct,quantile,0.5,0.7616425603128768
columbia,2026-03-21,3,2026-04-11,Flu ED visits pct,quantile,0.5,0.5757284144743168
columbus,2026-03-21,3,2026-04-11,Flu ED visits pct,quantile,0.5,0.37103923070337924
dallas,2026-03-21,3,2026-04-11,Flu ED visits pct,quantile,0.5,0.600180636733129
denver,2026-03-21,3,2026-04-11,Flu ED visits pct,quantile,0.5,1.009376171900014
deschutes,2026-03-21,3,2026-04-11,Flu ED visits pct,quantile,0.5,0.5042248083668605
duluth,2026-03-21,3,2026-04-11,Flu ED visits pct,quantile,0.5,0.9569061478072178
el-paso,2026-03-21,3,2026-04-11,Flu ED visits pct,quantile,0.5,1.169620766362648
eugene,2026-03-21,3,2026-04-11,Flu ED visits pct,quantile,0.5,0.26226073666377203
fay-area,2026-03-21,3,2026-04-11,Flu ED visits pct,quantile,0.5,1.1777122567771097
florence,2026-03-21,3,2026-04-11,Flu ED visits pct,quantile,0.5,0.39960823191896055
floyd,2026-03-21,3,2026-04-11,Flu ED visits pct,quantile,0.5,0.48018389163385106
frederick,2026-03-21,3,2026-04-11,Flu ED visits pct,quantile,0.5,0.8773727571516026
georgia,2026-03-21,3,2026-04-11,Flu ED visits pct,quantile,0.5,0.5239046192811839
greenville,2026-03-21,3,2026-04-11,Flu ED visits pct,quantile,0.5,0.6536478336070074
hall,2026-03-21,3,2026-04-11,Flu ED visits pct,quantile,0.5,0.4527344021251139
harford,2026-03-21,3,2026-04-11,Flu ED visits pct,quantile,0.5,0.4439563274441929
henry,2026-03-21,3,2026-04-11,Flu ED visits pct,quantile,0.5,0.432253421560427
horry,2026-03-21,3,2026-04-11,Flu ED visits pct,quantile,0.5,0.5045861773542855
houston,2026-03-21,3,2026-04-11,Flu ED visits pct,quantile,0.5,0.5930502184620793
indiana,2026-03-21,3,2026-04-11,Flu ED visits pct,quantile,0.5,1.0977180607389603
indianapolis,2026-03-21,3,2026-04-11,Flu ED visits pct,quantile,0.5,1.0915221369109787
la-grange,2026-03-21,3,2026-04-11,Flu ED visits pct,quantile,0.5,0.3788757774187729
larimer,2026-03-21,3,2026-04-11,Flu ED visits pct,quantile,0.5,0.7281991974724871
lynn,2026-03-21,3,2026-04-11,Flu ED visits pct,quantile,0.5,0.7082861754725849
macon,2026-03-21,3,2026-04-11,Flu ED visits pct,quantile,0.5,0.39613884229180685
maine,2026-03-21,3,2026-04-11,Flu ED visits pct,quantile,0.5,0.5316566468557256
marietta,2026-03-21,3,2026-04-11,Flu ED visits pct,quantile,0.5,0.6310393130359394
maryland,2026-03-21,3,2026-04-11,Flu ED visits pct,quantile,0.5,0.7839849863117508
massachusetts,2026-03-21,3,2026-04-11,Flu ED visits pct,quantile,0.5,0.8185792353331527
medford,2026-03-21,3,2026-04-11,Flu ED visits pct,quantile,0.5,0.14310336087901496
mesa,2026-03-21,3,2026-04-11,Flu ED visits pct,quantile,0.5,0.292838541321036
minneapolis,2026-03-21,3,2026-04-11,Flu ED visits pct,quantile,0.5,1.2722291386935338
minnesota,2026-03-21,3,2026-04-11,Flu ED visits pct,quantile,0.5,1.2744687827511083
montgomery,2026-03-21,3,2026-04-11,Flu ED visits pct,quantile,0.5,0.8078804307509029
nenc,2026-03-21,3,2026-04-11,Flu ED visits pct,quantile,0.5,0.6735648099558529
new-bedford,2026-03-21,3,2026-04-11,Flu ED visits pct,quantile,0.5,0.7245365861923888
north-carolina,2026-03-21,3,2026-04-11,Flu ED visits pct,quantile,0.5,0.7480084910538933
nyc,2026-03-21,3,2026-04-11,ILI ED visits pct,quantile,0.5,2.3928916377787943
ogden,2026-03-21,3,2026-04-11,Flu ED visits pct,quantile,0.5,0.39801855259153435
oregon,2026-03-21,3,2026-04-11,Flu ED visits pct,quantile,0.5,0.5072389855480475
pittsfield,2026-03-21,3,2026-04-11,Flu ED visits pct,quantile,0.5,0.23434585551059625
portland,2026-03-21,3,2026-04-11,Flu ED visits pct,quantile,0.5,0.367135593280549
portland-or,2026-03-21,3,2026-04-11,Flu ED visits pct,quantile,0.5,0.6659494382608
provo,2026-03-21,3,2026-04-11,Flu ED visits pct,quantile,0.5,0.4503007676302793
roanoke,2026-03-21,3,2026-04-11,Flu ED visits pct,quantile,0.5,0.9054246280572652
rochester,2026-03-21,3,2026-04-11,Flu ED visits pct,quantile,0.5,0.7120873759704324
rock-hill,2026-03-21,3,2026-04-11,Flu ED visits pct,quantile,0.5,0.6328492094799509
rtp-area,2026-03-21,3,2026-04-11,Flu ED visits pct,quantile,0.5,0.5258197120362262
salem,2026-03-21,3,2026-04-11,Flu ED visits pct,quantile,0.5,0.6188835025232637
salt-lake-city,2026-03-21,3,2026-04-11,Flu ED visits pct,quantile,0.5,0.47739026957867414
san-antonio,2026-03-21,3,2026-04-11,Flu ED visits pct,quantile,0.5,0.47557652410611684
savannah,2026-03-21,3,2026-04-11,Flu ED visits pct,quantile,0.5,0.2107803775375934
senc,2026-03-21,3,2026-04-11,Flu ED visits pct,quantile,0.5,0.3909318797270252
south-augusta,2026-03-21,3,2026-04-11,Flu ED visits pct,quantile,0.5,0.41762382091615
south-carolina,2026-03-21,3,2026-04-11,Flu ED visits pct,quantile,0.5,0.556192434703688
springfield,2026-03-21,3,2026-04-11,Flu ED visits pct,quantile,0.5,0.8190764649782737
st-cloud,2026-03-21,3,2026-04-11,Flu ED visits pct,quantile,0.5,0.802481259033906
st-paul,2026-03-21,3,2026-04-11,Flu ED visits pct,quantile,0.5,0.9870226031502922
texas,2026-03-21,3,2026-04-11,Flu ED visits pct,quantile,0.5,0.7409740793321812
triad-area,2026-03-21,3,2026-04-11,Flu ED visits pct,quantile,0.5,0.6430387727895716
utah,2026-03-21,3,2026-04-11,Flu ED visits pct,quantile,0.5,0.45621997212792575
virginia,2026-03-21,3,2026-04-11,Flu ED visits pct,quantile,0.5,1.066002967069362
weld,2026-03-21,3,2026-04-11,Flu ED visits pct,quantile,0.5,1.374786661857596
wnc,2026-03-21,3,2026-04-11,Flu ED visits pct,quantile,0.5,0.5291359594732624
worcester,2026-03-21,3,2026-04-11,Flu ED visits pct,quantile,0.5,0.6829187696978816
athens,2026-03-21,0,2026-03-21,Flu ED visits pct,quantile,0.75,1.7644169119614928
austin,2026-03-21,0,2026-03-21,Flu ED visits pct,quantile,0.75,1.0691980095159759
baltimore,2026-03-21,0,2026-03-21,Flu ED visits pct,quantile,0.75,0.9237857826285223
bangor,2026-03-21,0,2026-03-21,Flu ED visits pct,quantile,0.75,1.6618707144573677
beaumont,2026-03-21,0,2026-03-21,Flu ED visits pct,quantile,0.75,1.061420898084456
boston,2026-03-21,0,2026-03-21,Flu ED visits pct,quantile,0.75,1.278919751501074
boulder,2026-03-21,0,2026-03-21,Flu ED visits pct,quantile,0.75,3.568309301611938
charleston,2026-03-21,0,2026-03-21,Flu ED visits pct,quantile,0.75,1.370621140483214
cherokee,2026-03-21,0,2026-03-21,Flu ED visits pct,quantile,0.75,1.872333828873234
clt-area,2026-03-21,0,2026-03-21,Flu ED visits pct,quantile,0.75,2.7280990341415157
colorado,2026-03-21,0,2026-03-21,Flu ED visits pct,quantile,0.75,2.0969737382692455
colorado-springs,2026-03-21,0,2026-03-21,Flu ED visits pct,quantile,0.75,1.8001244119467865
columbia,2026-03-21,0,2026-03-21,Flu ED visits pct,quantile,0.75,1.330926141774777
columbus,2026-03-21,0,2026-03-21,Flu ED visits pct,quantile,0.75,1.1837805616220773
dallas,2026-03-21,0,2026-03-21,Flu ED visits pct,quantile,0.75,1.2055466463357933
denver,2026-03-21,0,2026-03-21,Flu ED visits pct,quantile,0.75,2.073643379578457
deschutes,2026-03-21,0,2026-03-21,Flu ED visits pct,quantile,0.75,1.1809731705060735
duluth,2026-03-21,0,2026-03-21,Flu ED visits pct,quantile,0.75,2.208428072010653
el-paso,2026-03-21,0,2026-03-21,Flu ED visits pct,quantile,0.75,1.8861873707619259
eugene,2026-03-21,0,2026-03-21,Flu ED visits pct,quantile,0.75,0.7834439225989704
fay-area,2026-03-21,0,2026-03-21,Flu ED visits pct,quantile,0.75,2.728242071541015
florence,2026-03-21,0,2026-03-21,Flu ED visits pct,quantile,0.75,0.9979821641935898
floyd,2026-03-21,0,2026-03-21,Flu ED visits pct,quantile,0.75,1.3585965785823317
frederick,2026-03-21,0,2026-03-21,Flu ED visits pct,quantile,0.75,1.6985899249371148
georgia,2026-03-21,0,2026-03-21,Flu ED visits pct,quantile,0.75,1.140650640101264
greenville,2026-03-21,0,2026-03-21,Flu ED visits pct,quantile,0.75,1.7594836660782076
hall,2026-03-21,0,2026-03-21,Flu ED visits pct,quantile,0.75,0.9935843398467123
harford,2026-03-21,0,2026-03-21,Flu ED visits pct,quantile,0.75,0.840663696192723
henry,2026-03-21,0,2026-03-21,Flu ED visits pct,quantile,0.75,0.9328495631926086
horry,2026-03-21,0,2026-03-21,Flu ED visits pct,quantile,0.75,1.0601753719936569
houston,2026-03-21,0,2026-03-21,Flu ED visits pct,quantile,0.75,0.798196119340382
indiana,2026-03-21,0,2026-03-21,Flu ED visits pct,quantile,0.75,2.832957607809456
indianapolis,2026-03-21,0,2026-03-21,Flu ED visits pct,quantile,0.75,2.8998409160564016
la-grange,2026-03-21,0,2026-03-21,Flu ED visits pct,quantile,0.75,1.030834384094257
larimer,2026-03-21,0,2026-03-21,Flu ED visits pct,quantile,0.75,1.5128066254976196
lynn,2026-03-21,0,2026-03-21,Flu ED visits pct,quantile,0.75,1.1847092835090418
macon,2026-03-21,0,2026-03-21,Flu ED visits pct,quantile,0.75,0.9036583181097513
maine,2026-03-21,0,2026-03-21,Flu ED visits pct,quantile,0.75,1.0774066640868787
marietta,2026-03-21,0,2026-03-21,Flu ED visits pct,quantile,0.75,1.428967996727496
maryland,2026-03-21,0,2026-03-21,Flu ED visits pct,quantile,0.75,1.119582569311853
massachusetts,2026-03-21,0,2026-03-21,Flu ED visits pct,quantile,0.75,1.310127973657702
medford,2026-03-21,0,2026-03-21,Flu ED visits pct,quantile,0.75,0.5260323305721952
mesa,2026-03-21,0,2026-03-21,Flu ED visits pct,quantile,0.75,0.6855811070221222
minneapolis,2026-03-21,0,2026-03-21,Flu ED visits pct,quantile,0.75,2.5457625503372565
minnesota,2026-03-21,0,2026-03-21,Flu ED visits pct,quantile,0.75,2.368822043346012
montgomery,2026-03-21,0,2026-03-21,Flu ED visits pct,quantile,0.75,1.163492604669953
nenc,2026-03-21,0,2026-03-21,Flu ED visits pct,quantile,0.75,1.6377383303542434
new-bedford,2026-03-21,0,2026-03-21,Flu ED visits pct,quantile,0.75,1.4593513265378677
north-carolina,2026-03-21,0,2026-03-21,Flu ED visits pct,quantile,0.75,1.8248925405977072
nyc,2026-03-21,0,2026-03-21,ILI ED visits pct,quantile,0.75,2.726531346999959
ogden,2026-03-21,0,2026-03-21,Flu ED visits pct,quantile,0.75,1.0277597099213114
oregon,2026-03-21,0,2026-03-21,Flu ED visits pct,quantile,0.75,1.308801758399166
pittsfield,2026-03-21,0,2026-03-21,Flu ED visits pct,quantile,0.75,0.5926831037957933
portland,2026-03-21,0,2026-03-21,Flu ED visits pct,quantile,0.75,0.7368933355534856
portland-or,2026-03-21,0,2026-03-21,Flu ED visits pct,quantile,0.75,1.7282327706536702
provo,2026-03-21,0,2026-03-21,Flu ED visits pct,quantile,0.75,0.8579447604325339
roanoke,2026-03-21,0,2026-03-21,Flu ED visits pct,quantile,0.75,2.1555245073876295
rochester,2026-03-21,0,2026-03-21,Flu ED visits pct,quantile,0.75,2.0895422529406846
rock-hill,2026-03-21,0,2026-03-21,Flu ED visits pct,quantile,0.75,1.4174424907120828
rtp-area,2026-03-21,0,2026-03-21,Flu ED visits pct,quantile,0.75,1.2943606236137697
salem,2026-03-21,0,2026-03-21,Flu ED visits pct,quantile,0.75,1.7891831169431693
salt-lake-city,2026-03-21,0,2026-03-21,Flu ED visits pct,quantile,0.75,0.9544131400896606
san-antonio,2026-03-21,0,2026-03-21,Flu ED visits pct,quantile,0.75,1.3102703861177514
savannah,2026-03-21,0,2026-03-21,Flu ED visits pct,quantile,0.75,0.5714297219722314
senc,2026-03-21,0,2026-03-21,Flu ED visits pct,quantile,0.75,1.0433927415194522
south-augusta,2026-03-21,0,2026-03-21,Flu ED visits pct,quantile,0.75,1.1661106193020032
south-carolina,2026-03-21,0,2026-03-21,Flu ED visits pct,quantile,0.75,1.3332509754860518
springfield,2026-03-21,0,2026-03-21,Flu ED visits pct,quantile,0.75,1.6705359147477534
st-cloud,2026-03-21,0,2026-03-21,Flu ED visits pct,quantile,0.75,2.226646025682878
st-paul,2026-03-21,0,2026-03-21,Flu ED visits pct,quantile,0.75,1.911348940405559
texas,2026-03-21,0,2026-03-21,Flu ED visits pct,quantile,0.75,1.3796394916730599
triad-area,2026-03-21,0,2026-03-21,Flu ED visits pct,quantile,0.75,1.3248765708379548
utah,2026-03-21,0,2026-03-21,Flu ED visits pct,quantile,0.75,0.9149605278491104
virginia,2026-03-21,0,2026-03-21,Flu ED visits pct,quantile,0.75,1.9368855782486425
weld,2026-03-21,0,2026-03-21,Flu ED visits pct,quantile,0.75,3.1986188138341083
wnc,2026-03-21,0,2026-03-21,Flu ED visits pct,quantile,0.75,1.2956300065152673
worcester,2026-03-21,0,2026-03-21,Flu ED visits pct,quantile,0.75,1.3208571453024742
athens,2026-03-21,1,2026-03-28,Flu ED visits pct,quantile,0.75,1.4407596592130196
austin,2026-03-21,1,2026-03-28,Flu ED visits pct,quantile,0.75,0.8721908187644666
baltimore,2026-03-21,1,2026-03-28,Flu ED visits pct,quantile,0.75,0.8446951244916067
bangor,2026-03-21,1,2026-03-28,Flu ED visits pct,quantile,0.75,1.3707688389145938
beaumont,2026-03-21,1,2026-03-28,Flu ED visits pct,quantile,0.75,0.905132711341769
boston,2026-03-21,1,2026-03-28,Flu ED visits pct,quantile,0.75,1.132663954572582
boulder,2026-03-21,1,2026-03-28,Flu ED visits pct,quantile,0.75,2.920650812096358
charleston,2026-03-21,1,2026-03-28,Flu ED visits pct,quantile,0.75,1.0691003105659422
cherokee,2026-03-21,1,2026-03-28,Flu ED visits pct,quantile,0.75,1.547220497536074
clt-area,2026-03-21,1,2026-03-28,Flu ED visits pct,quantile,0.75,2.353207556417899
colorado,2026-03-21,1,2026-03-28,Flu ED visits pct,quantile,0.75,1.8004937119805662
colorado-springs,2026-03-21,1,2026-03-28,Flu ED visits pct,quantile,0.75,1.5214678966326396
columbia,2026-03-21,1,2026-03-28,Flu ED visits pct,quantile,0.75,1.0971634464879414
columbus,2026-03-21,1,2026-03-28,Flu ED visits pct,quantile,0.75,0.905426932013081
dallas,2026-03-21,1,2026-03-28,Flu ED visits pct,quantile,0.75,1.0050534624739835
denver,2026-03-21,1,2026-03-28,Flu ED visits pct,quantile,0.75,1.785015276186503
deschutes,2026-03-21,1,2026-03-28,Flu ED visits pct,quantile,0.75,0.9960403775536739
duluth,2026-03-21,1,2026-03-28,Flu ED visits pct,quantile,0.75,1.8523916410065278
el-paso,2026-03-21,1,2026-03-28,Flu ED visits pct,quantile,0.75,1.7048359328949971
eugene,2026-03-21,1,2026-03-28,Flu ED visits pct,quantile,0.75,0.5981630436955816
fay-area,2026-03-21,1,2026-03-28,Flu ED visits pct,quantile,0.75,2.2924563450664732
florence,2026-03-21,1,2026-03-28,Flu ED visits pct,quantile,0.75,0.7843359403982473
floyd,2026-03-21,1,2026-03-28,Flu ED visits pct,quantile,0.75,1.0920303920088887
frederick,2026-03-21,1,2026-03-28,Flu ED visits pct,quantile,0.75,1.5220864901697697
georgia,2026-03-21,1,2026-03-28,Flu ED visits pct,quantile,0.75,0.9449373526425815
greenville,2026-03-21,1,2026-03-28,Flu ED visits pct,quantile,0.75,1.4128368580421165
hall,2026-03-21,1,2026-03-28,Flu ED visits pct,quantile,0.75,0.8177254808362253
harford,2026-03-21,1,2026-03-28,Flu ED visits pct,quantile,0.75,0.7405498655722264
henry,2026-03-21,1,2026-03-28,Flu ED visits pct,quantile,0.75,0.7752110638356764
horry,2026-03-21,1,2026-03-28,Flu ED visits pct,quantile,0.75,0.8778475685357296
houston,2026-03-21,1,2026-03-28,Flu ED visits pct,quantile,0.75,0.7320047678609996
indiana,2026-03-21,1,2026-03-28,Flu ED visits pct,quantile,0.75,2.311548832969677
indianapolis,2026-03-21,1,2026-03-28,Flu ED visits pct,quantile,0.75,2.315457508472901
la-grange,2026-03-21,1,2026-03-28,Flu ED visits pct,quantile,0.75,0.8250444608594171
larimer,2026-03-21,1,2026-03-28,Flu ED visits pct,quantile,0.75,1.2697875443005746
lynn,2026-03-21,1,2026-03-28,Flu ED visits pct,quantile,0.75,1.0432115692176496
macon,2026-03-21,1,2026-03-28,Flu ED visits pct,quantile,0.75,0.7525051666021318
maine,2026-03-21,1,2026-03-28,Flu ED visits pct,quantile,0.75,0.9199235387761532
marietta,2026-03-21,1,2026-03-28,Flu ED visits pct,quantile,0.75,1.1903220657665738
maryland,2026-03-21,1,2026-03-28,Flu ED visits pct,quantile,0.75,1.0168363203604613
massachusetts,2026-03-21,1,2026-03-28,Flu ED visits pct,quantile,0.75,1.168541739802184
medford,2026-03-21,1,2026-03-28,Flu ED visits pct,quantile,0.75,0.37765355203356366
mesa,2026-03-21,1,2026-03-28,Flu ED visits pct,quantile,0.75,0.5581178335367876
minneapolis,2026-03-21,1,2026-03-28,Flu ED visits pct,quantile,0.75,2.251362114475149
minnesota,2026-03-21,1,2026-03-28,Flu ED visits pct,quantile,0.75,2.065743749989278
montgomery,2026-03-21,1,2026-03-28,Flu ED visits pct,quantile,0.75,1.0490782329102313
nenc,2026-03-21,1,2026-03-28,Flu ED visits pct,quantile,0.75,1.369282529722083
new-bedford,2026-03-21,1,2026-03-28,Flu ED visits pct,quantile,0.75,1.2551560188362116
north-carolina,2026-03-21,1,2026-03-28,Flu ED visits pct,quantile,0.75,1.490016743832988
nyc,2026-03-21,1,2026-03-28,ILI ED visits pct,quantile,0.75,2.605194657586081
ogden,2026-03-21,1,2026-03-28,Flu ED visits pct,quantile,0.75,0.825585444533517
oregon,2026-03-21,1,2026-03-28,Flu ED visits pct,quantile,0.75,1.0406599266873926
pittsfield,2026-03-21,1,2026-03-28,Flu ED visits pct,quantile,0.75,0.49181880398327826
portland,2026-03-21,1,2026-03-28,Flu ED visits pct,quantile,0.75,0.6191073885419306
portland-or,2026-03-21,1,2026-03-28,Flu ED visits pct,quantile,0.75,1.383951942594251
provo,2026-03-21,1,2026-03-28,Flu ED visits pct,quantile,0.75,0.7298306421721922
roanoke,2026-03-21,1,2026-03-28,Flu ED visits pct,quantile,0.75,1.7690398768720945
rochester,2026-03-21,1,2026-03-28,Flu ED visits pct,quantile,0.75,1.6512756141034364
rock-hill,2026-03-21,1,2026-03-28,Flu ED visits pct,quantile,0.75,1.2165369123102656
rtp-area,2026-03-21,1,2026-03-28,Flu ED visits pct,quantile,0.75,1.073494581914115
salem,2026-03-21,1,2026-03-28,Flu ED visits pct,quantile,0.75,1.3946469318117007
salt-lake-city,2026-03-21,1,2026-03-28,Flu ED visits pct,quantile,0.75,0.7828251980214658
san-antonio,2026-03-21,1,2026-03-28,Flu ED visits pct,quantile,0.75,1.0103117337125536
savannah,2026-03-21,1,2026-03-28,Flu ED visits pct,quantile,0.75,0.46137867058380017
senc,2026-03-21,1,2026-03-28,Flu ED visits pct,quantile,0.75,0.8464419461998267
south-augusta,2026-03-21,1,2026-03-28,Flu ED visits pct,quantile,0.75,0.9114848844626972
south-carolina,2026-03-21,1,2026-03-28,Flu ED visits pct,quantile,0.75,1.0946922332091886
springfield,2026-03-21,1,2026-03-28,Flu ED visits pct,quantile,0.75,1.4608132936222484
st-cloud,2026-03-21,1,2026-03-28,Flu ED visits pct,quantile,0.75,1.7894793548843015
st-paul,2026-03-21,1,2026-03-28,Flu ED visits pct,quantile,0.75,1.6919904880793377
texas,2026-03-21,1,2026-03-28,Flu ED visits pct,quantile,0.75,1.184191065084751
triad-area,2026-03-21,1,2026-03-28,Flu ED visits pct,quantile,0.75,1.1419378465915655
utah,2026-03-21,1,2026-03-28,Flu ED visits pct,quantile,0.75,0.757265376938897
virginia,2026-03-21,1,2026-03-28,Flu ED visits pct,quantile,0.75,1.693831725604962
weld,2026-03-21,1,2026-03-28,Flu ED visits pct,quantile,0.75,2.7149796215549427
wnc,2026-03-21,1,2026-03-28,Flu ED visits pct,quantile,0.75,1.079058072520197
worcester,2026-03-21,1,2026-03-28,Flu ED visits pct,quantile,0.75,1.168081961726955
athens,2026-03-21,2,2026-04-04,Flu ED visits pct,quantile,0.75,1.172703112558064
austin,2026-03-21,2,2026-04-04,Flu ED visits pct,quantile,0.75,0.7228215339984945
baltimore,2026-03-21,2,2026-04-04,Flu ED visits pct,quantile,0.75,0.7708973072275753
bangor,2026-03-21,2,2026-04-04,Flu ED visits pct,quantile,0.75,1.123472248107093
beaumont,2026-03-21,2,2026-04-04,Flu ED visits pct,quantile,0.75,0.7809797887578179
boston,2026-03-21,2,2026-04-04,Flu ED visits pct,quantile,0.75,0.9858156908560932
boulder,2026-03-21,2,2026-04-04,Flu ED visits pct,quantile,0.75,2.332658736597677
charleston,2026-03-21,2,2026-04-04,Flu ED visits pct,quantile,0.75,0.8537978456053101
cherokee,2026-03-21,2,2026-04-04,Flu ED visits pct,quantile,0.75,1.2627412897885961
clt-area,2026-03-21,2,2026-04-04,Flu ED visits pct,quantile,0.75,1.9486145266379284
colorado,2026-03-21,2,2026-04-04,Flu ED visits pct,quantile,0.75,1.5497362928182137
colorado-springs,2026-03-21,2,2026-04-04,Flu ED visits pct,quantile,0.75,1.2806785242557845
columbia,2026-03-21,2,2026-04-04,Flu ED visits pct,quantile,0.75,0.9015098267067395
columbus,2026-03-21,2,2026-04-04,Flu ED visits pct,quantile,0.75,0.704134772575232
dallas,2026-03-21,2,2026-04-04,Flu ED visits pct,quantile,0.75,0.8571918749974021
denver,2026-03-21,2,2026-04-04,Flu ED visits pct,quantile,0.75,1.4969649349357312
deschutes,2026-03-21,2,2026-04-04,Flu ED visits pct,quantile,0.75,0.8283582675932438
duluth,2026-03-21,2,2026-04-04,Flu ED visits pct,quantile,0.75,1.541467798789267
el-paso,2026-03-21,2,2026-04-04,Flu ED visits pct,quantile,0.75,1.5209845973859994
eugene,2026-03-21,2,2026-04-04,Flu ED visits pct,quantile,0.75,0.45446034182009865
fay-area,2026-03-21,2,2026-04-04,Flu ED visits pct,quantile,0.75,1.8600425631098279
florence,2026-03-21,2,2026-04-04,Flu ED visits pct,quantile,0.75,0.6295936465160953
floyd,2026-03-21,2,2026-04-04,Flu ED visits pct,quantile,0.75,0.8808596266990959
frederick,2026-03-21,2,2026-04-04,Flu ED visits pct,quantile,0.75,1.3342997513418102
georgia,2026-03-21,2,2026-04-04,Flu ED visits pct,quantile,0.75,0.797584830839007
greenville,2026-03-21,2,2026-04-04,Flu ED visits pct,quantile,0.75,1.1398298742738753
hall,2026-03-21,2,2026-04-04,Flu ED visits pct,quantile,0.75,0.6831273158608069
harford,2026-03-21,2,2026-04-04,Flu ED visits pct,quantile,0.75,0.6366637377307296
henry,2026-03-21,2,2026-04-04,Flu ED visits pct,quantile,0.75,0.6434579070007087
horry,2026-03-21,2,2026-04-04,Flu ED visits pct,quantile,0.75,0.7364935471473626
houston,2026-03-21,2,2026-04-04,Flu ED visits pct,quantile,0.75,0.6648390636147575
indiana,2026-03-21,2,2026-04-04,Flu ED visits pct,quantile,0.75,1.892701165680166
indianapolis,2026-03-21,2,2026-04-04,Flu ED visits pct,quantile,0.75,1.8218388005849904
la-grange,2026-03-21,2,2026-04-04,Flu ED visits pct,quantile,0.75,0.6653317599377704
larimer,2026-03-21,2,2026-04-04,Flu ED visits pct,quantile,0.75,1.0655287776283464
lynn,2026-03-21,2,2026-04-04,Flu ED visits pct,quantile,0.75,0.9048938268220896
macon,2026-03-21,2,2026-04-04,Flu ED visits pct,quantile,0.75,0.623502369418899
maine,2026-03-21,2,2026-04-04,Flu ED visits pct,quantile,0.75,0.7937863948476662
marietta,2026-03-21,2,2026-04-04,Flu ED visits pct,quantile,0.75,0.9952844036471145
maryland,2026-03-21,2,2026-04-04,Flu ED visits pct,quantile,0.75,0.9202751661806962
massachusetts,2026-03-21,2,2026-04-04,Flu ED visits pct,quantile,0.75,1.0273866805358693
medford,2026-03-21,2,2026-04-04,Flu ED visits pct,quantile,0.75,0.28549983041234656
mesa,2026-03-21,2,2026-04-04,Flu ED visits pct,quantile,0.75,0.46064516911031084
minneapolis,2026-03-21,2,2026-04-04,Flu ED visits pct,quantile,0.75,1.9770956475050465
minnesota,2026-03-21,2,2026-04-04,Flu ED visits pct,quantile,0.75,1.805101237187184
montgomery,2026-03-21,2,2026-04-04,Flu ED visits pct,quantile,0.75,0.9403450013301449
nenc,2026-03-21,2,2026-04-04,Flu ED visits pct,quantile,0.75,1.1090879337182797
new-bedford,2026-03-21,2,2026-04-04,Flu ED visits pct,quantile,0.75,1.0733317625932635
north-carolina,2026-03-21,2,2026-04-04,Flu ED visits pct,quantile,0.75,1.2128909483008612
nyc,2026-03-21,2,2026-04-04,ILI ED visits pct,quantile,0.75,2.506329778724102
ogden,2026-03-21,2,2026-04-04,Flu ED visits pct,quantile,0.75,0.6694888857134169
oregon,2026-03-21,2,2026-04-04,Flu ED visits pct,quantile,0.75,0.8511325745055192
pittsfield,2026-03-21,2,2026-04-04,Flu ED visits pct,quantile,0.75,0.41630975943098325
portland,2026-03-21,2,2026-04-04,Flu ED visits pct,quantile,0.75,0.5215478489524537
portland-or,2026-03-21,2,2026-04-04,Flu ED visits pct,quantile,0.75,1.1091263392802302
provo,2026-03-21,2,2026-04-04,Flu ED visits pct,quantile,0.75,0.6302161756079241
roanoke,2026-03-21,2,2026-04-04,Flu ED visits pct,quantile,0.75,1.4583882288971215
rochester,2026-03-21,2,2026-04-04,Flu ED visits pct,quantile,0.75,1.2961343861428756
rock-hill,2026-03-21,2,2026-04-04,Flu ED visits pct,quantile,0.75,1.0251104291261932
rtp-area,2026-03-21,2,2026-04-04,Flu ED visits pct,quantile,0.75,0.8723787826820153
salem,2026-03-21,2,2026-04-04,Flu ED visits pct,quantile,0.75,1.0841021506757167
salt-lake-city,2026-03-21,2,2026-04-04,Flu ED visits pct,quantile,0.75,0.6499697641163942
san-antonio,2026-03-21,2,2026-04-04,Flu ED visits pct,quantile,0.75,0.7962562464958126
savannah,2026-03-21,2,2026-04-04,Flu ED visits pct,quantile,0.75,0.3732080979132163
senc,2026-03-21,2,2026-04-04,Flu ED visits pct,quantile,0.75,0.6849042738649382
south-augusta,2026-03-21,2,2026-04-04,Flu ED visits pct,quantile,0.75,0.7150440912743175
south-carolina,2026-03-21,2,2026-04-04,Flu ED visits pct,quantile,0.75,0.9068558224488712
springfield,2026-03-21,2,2026-04-04,Flu ED visits pct,quantile,0.75,1.2671657987301104
st-cloud,2026-03-21,2,2026-04-04,Flu ED visits pct,quantile,0.75,1.427037327701744
st-paul,2026-03-21,2,2026-04-04,Flu ED visits pct,quantile,0.75,1.4709836641434053
texas,2026-03-21,2,2026-04-04,Flu ED visits pct,quantile,0.75,1.0107091120296625
triad-area,2026-03-21,2,2026-04-04,Flu ED visits pct,quantile,0.75,0.9892169285864889
utah,2026-03-21,2,2026-04-04,Flu ED visits pct,quantile,0.75,0.6421672351335593
virginia,2026-03-21,2,2026-04-04,Flu ED visits pct,quantile,0.75,1.5123520264674801
weld,2026-03-21,2,2026-04-04,Flu ED visits pct,quantile,0.75,2.2771476527451795
wnc,2026-03-21,2,2026-04-04,Flu ED visits pct,quantile,0.75,0.881268385166558
worcester,2026-03-21,2,2026-04-04,Flu ED visits pct,quantile,0.75,1.0109913133752375
athens,2026-03-21,3,2026-04-11,Flu ED visits pct,quantile,0.75,1.046540194508194
austin,2026-03-21,3,2026-04-11,Flu ED visits pct,quantile,0.75,0.6472452891764444
baltimore,2026-03-21,3,2026-04-11,Flu ED visits pct,quantile,0.75,0.7365142580251557
bangor,2026-03-21,3,2026-04-11,Flu ED visits pct,quantile,0.75,0.9999610200565561
beaumont,2026-03-21,3,2026-04-11,Flu ED visits pct,quantile,0.75,0.7135095632046361
boston,2026-03-21,3,2026-04-11,Flu ED visits pct,quantile,0.75,0.9201795454832785
boulder,2026-03-21,3,2026-04-11,Flu ED visits pct,quantile,0.75,2.0156589098954316
charleston,2026-03-21,3,2026-04-11,Flu ED visits pct,quantile,0.75,0.7332293242523142
cherokee,2026-03-21,3,2026-04-11,Flu ED visits pct,quantile,0.75,1.12096186722924
clt-area,2026-03-21,3,2026-04-11,Flu ED visits pct,quantile,0.75,1.7011652811430424
colorado,2026-03-21,3,2026-04-11,Flu ED visits pct,quantile,0.75,1.3971918039790086
colorado-springs,2026-03-21,3,2026-04-11,Flu ED visits pct,quantile,0.75,1.1455604171367444
columbia,2026-03-21,3,2026-04-11,Flu ED visits pct,quantile,0.75,0.8043421626765789
columbus,2026-03-21,3,2026-04-11,Flu ED visits pct,quantile,0.75,0.5921990285010913
dallas,2026-03-21,3,2026-04-11,Flu ED visits pct,quantile,0.75,0.7794809083132707
denver,2026-03-21,3,2026-04-11,Flu ED visits pct,quantile,0.75,1.3566562032785414
deschutes,2026-03-21,3,2026-04-11,Flu ED visits pct,quantile,0.75,0.747470520031057
duluth,2026-03-21,3,2026-04-11,Flu ED visits pct,quantile,0.75,1.3555253876173647
el-paso,2026-03-21,3,2026-04-11,Flu ED visits pct,quantile,0.75,1.4316505523213912
eugene,2026-03-21,3,2026-04-11,Flu ED visits pct,quantile,0.75,0.38071215712870077
fay-area,2026-03-21,3,2026-04-11,Flu ED visits pct,quantile,0.75,1.5875238098538293
florence,2026-03-21,3,2026-04-11,Flu ED visits pct,quantile,0.75,0.5553538134846747
floyd,2026-03-21,3,2026-04-11,Flu ED visits pct,quantile,0.75,0.7771319183720531
frederick,2026-03-21,3,2026-04-11,Flu ED visits pct,quantile,0.75,1.260242967681908
georgia,2026-03-21,3,2026-04-11,Flu ED visits pct,quantile,0.75,0.7266246777688272
greenville,2026-03-21,3,2026-04-11,Flu ED visits pct,quantile,0.75,1.002280413968628
hall,2026-03-21,3,2026-04-11,Flu ED visits pct,quantile,0.75,0.6202467598740942
harford,2026-03-21,3,2026-04-11,Flu ED visits pct,quantile,0.75,0.5845226197395788
henry,2026-03-21,3,2026-04-11,Flu ED visits pct,quantile,0.75,0.5834252417481871
horry,2026-03-21,3,2026-04-11,Flu ED visits pct,quantile,0.75,0.6598104792252382
houston,2026-03-21,3,2026-04-11,Flu ED visits pct,quantile,0.75,0.6464181555934578
indiana,2026-03-21,3,2026-04-11,Flu ED visits pct,quantile,0.75,1.6553761811533911
indianapolis,2026-03-21,3,2026-04-11,Flu ED visits pct,quantile,0.75,1.5107258318304457
la-grange,2026-03-21,3,2026-04-11,Flu ED visits pct,quantile,0.75,0.5874409537695099
larimer,2026-03-21,3,2026-04-11,Flu ED visits pct,quantile,0.75,0.9752030540636059
lynn,2026-03-21,3,2026-04-11,Flu ED visits pct,quantile,0.75,0.845058482428199
macon,2026-03-21,3,2026-04-11,Flu ED visits pct,quantile,0.75,0.5595076279982699
maine,2026-03-21,3,2026-04-11,Flu ED visits pct,quantile,0.75,0.7197889869833838
marietta,2026-03-21,3,2026-04-11,Flu ED visits pct,quantile,0.75,0.8886443025807391
maryland,2026-03-21,3,2026-04-11,Flu ED visits pct,quantile,0.75,0.8672586073894577
massachusetts,2026-03-21,3,2026-04-11,Flu ED visits pct,quantile,0.75,0.9576714679363472
medford,2026-03-21,3,2026-04-11,Flu ED visits pct,quantile,0.75,0.24860437178674827
mesa,2026-03-21,3,2026-04-11,Flu ED visits pct,quantile,0.75,0.4166969494502565
minneapolis,2026-03-21,3,2026-04-11,Flu ED visits pct,quantile,0.75,1.794551530843153
minnesota,2026-03-21,3,2026-04-11,Flu ED visits pct,quantile,0.75,1.6832549570264508
montgomery,2026-03-21,3,2026-04-11,Flu ED visits pct,quantile,0.75,0.8908762912488768
nenc,2026-03-21,3,2026-04-11,Flu ED visits pct,quantile,0.75,0.9719153215487175
new-bedford,2026-03-21,3,2026-04-11,Flu ED visits pct,quantile,0.75,1.0034755421209582
north-carolina,2026-03-21,3,2026-04-11,Flu ED visits pct,quantile,0.75,1.0367492929296467
nyc,2026-03-21,3,2026-04-11,ILI ED visits pct,quantile,0.75,2.4190008587896727
ogden,2026-03-21,3,2026-04-11,Flu ED visits pct,quantile,0.75,0.6007937945302776
oregon,2026-03-21,3,2026-04-11,Flu ED visits pct,quantile,0.75,0.7441916310668065
pittsfield,2026-03-21,3,2026-04-11,Flu ED visits pct,quantile,0.75,0.38339100609531396
portland,2026-03-21,3,2026-04-11,Flu ED visits pct,quantile,0.75,0.4793188240962816
portland-or,2026-03-21,3,2026-04-11,Flu ED visits pct,quantile,0.75,0.9507572429022494
provo,2026-03-21,3,2026-04-11,Flu ED visits pct,quantile,0.75,0.5933687351291214
roanoke,2026-03-21,3,2026-04-11,Flu ED visits pct,quantile,0.75,1.3097788906173153
rochester,2026-03-21,3,2026-04-11,Flu ED visits pct,quantile,0.75,1.1316810325848423
rock-hill,2026-03-21,3,2026-04-11,Flu ED visits pct,quantile,0.75,0.952447086385658
rtp-area,2026-03-21,3,2026-04-11,Flu ED visits pct,quantile,0.75,0.7460920530870462
salem,2026-03-21,3,2026-04-11,Flu ED visits pct,quantile,0.75,0.9254813363859893
salt-lake-city,2026-03-21,3,2026-04-11,Flu ED visits pct,quantile,0.75,0.5893958753697847
san-antonio,2026-03-21,3,2026-04-11,Flu ED visits pct,quantile,0.75,0.6788811621301468
savannah,2026-03-21,3,2026-04-11,Flu ED visits pct,quantile,0.75,0.32116961562353746
senc,2026-03-21,3,2026-04-11,Flu ED visits pct,quantile,0.75,0.5951378122061766
south-augusta,2026-03-21,3,2026-04-11,Flu ED visits pct,quantile,0.75,0.6012401956817327
south-carolina,2026-03-21,3,2026-04-11,Flu ED visits pct,quantile,0.75,0.8164851271846058
springfield,2026-03-21,3,2026-04-11,Flu ED visits pct,quantile,0.75,1.1606233817846403
st-cloud,2026-03-21,3,2026-04-11,Flu ED visits pct,quantile,0.75,1.2710598336516081
st-paul,2026-03-21,3,2026-04-11,Flu ED visits pct,quantile,0.75,1.3637621505028417
texas,2026-03-21,3,2026-04-11,Flu ED visits pct,quantile,0.75,0.9305939586806978
triad-area,2026-03-21,3,2026-04-11,Flu ED visits pct,quantile,0.75,0.8921811231341281
utah,2026-03-21,3,2026-04-11,Flu ED visits pct,quantile,0.75,0.583024054185059
virginia,2026-03-21,3,2026-04-11,Flu ED visits pct,quantile,0.75,1.3803408345342418
weld,2026-03-21,3,2026-04-11,Flu ED visits pct,quantile,0.75,2.0356222962418693
wnc,2026-03-21,3,2026-04-11,Flu ED visits pct,quantile,0.75,0.7504064791257768
worcester,2026-03-21,3,2026-04-11,Flu ED visits pct,quantile,0.75,0.9388452262161684
athens,2026-03-21,0,2026-03-21,Flu ED visits pct,quantile,0.9,2.0267849144934056
austin,2026-03-21,0,2026-03-21,Flu ED visits pct,quantile,0.9,1.1807566008251298
baltimore,2026-03-21,0,2026-03-21,Flu ED visits pct,quantile,0.9,1.0731096385261394
bangor,2026-03-21,0,2026-03-21,Flu ED visits pct,quantile,0.9,1.897569737613176
beaumont,2026-03-21,0,2026-03-21,Flu ED visits pct,quantile,0.9,1.2547238362605582
boston,2026-03-21,0,2026-03-21,Flu ED visits pct,quantile,0.9,1.3718941222591063
boulder,2026-03-21,0,2026-03-21,Flu ED visits pct,quantile,0.9,3.9813089833853987
charleston,2026-03-21,0,2026-03-21,Flu ED visits pct,quantile,0.9,1.559024070052481
cherokee,2026-03-21,0,2026-03-21,Flu ED visits pct,quantile,0.9,2.138242009997638
clt-area,2026-03-21,0,2026-03-21,Flu ED visits pct,quantile,0.9,2.9496407837680985
colorado,2026-03-21,0,2026-03-21,Flu ED visits pct,quantile,0.9,2.2579449752177085
colorado-springs,2026-03-21,0,2026-03-21,Flu ED visits pct,quantile,0.9,2.01063257360714
columbia,2026-03-21,0,2026-03-21,Flu ED visits pct,quantile,0.9,1.5148971863283545
columbus,2026-03-21,0,2026-03-21,Flu ED visits pct,quantile,0.9,1.3655085300345662
dallas,2026-03-21,0,2026-03-21,Flu ED visits pct,quantile,0.9,1.3016811724621102
denver,2026-03-21,0,2026-03-21,Flu ED visits pct,quantile,0.9,2.307138624058488
deschutes,2026-03-21,0,2026-03-21,Flu ED visits pct,quantile,0.9,1.411640917019037
duluth,2026-03-21,0,2026-03-21,Flu ED visits pct,quantile,0.9,2.582011593585067
el-paso,2026-03-21,0,2026-03-21,Flu ED visits pct,quantile,0.9,2.3530489620150203
eugene,2026-03-21,0,2026-03-21,Flu ED visits pct,quantile,0.9,0.9052345978609081
fay-area,2026-03-21,0,2026-03-21,Flu ED visits pct,quantile,0.9,3.0201622999932454
florence,2026-03-21,0,2026-03-21,Flu ED visits pct,quantile,0.9,1.1743931595201489
floyd,2026-03-21,0,2026-03-21,Flu ED visits pct,quantile,0.9,1.5847633361075397
frederick,2026-03-21,0,2026-03-21,Flu ED visits pct,quantile,0.9,2.073329686130851
georgia,2026-03-21,0,2026-03-21,Flu ED visits pct,quantile,0.9,1.2141386246988992
greenville,2026-03-21,0,2026-03-21,Flu ED visits pct,quantile,0.9,1.9671360736735828
hall,2026-03-21,0,2026-03-21,Flu ED visits pct,quantile,0.9,1.1955313774946388
harford,2026-03-21,0,2026-03-21,Flu ED visits pct,quantile,0.9,1.0649436682365125
henry,2026-03-21,0,2026-03-21,Flu ED visits pct,quantile,0.9,1.0638010318029434
horry,2026-03-21,0,2026-03-21,Flu ED visits pct,quantile,0.9,1.2258365901346568
houston,2026-03-21,0,2026-03-21,Flu ED visits pct,quantile,0.9,0.8574286678002419
indiana,2026-03-21,0,2026-03-21,Flu ED visits pct,quantile,0.9,3.0594338133237216
indianapolis,2026-03-21,0,2026-03-21,Flu ED visits pct,quantile,0.9,3.164309472495895
la-grange,2026-03-21,0,2026-03-21,Flu ED visits pct,quantile,0.9,1.2053861714355127
larimer,2026-03-21,0,2026-03-21,Flu ED visits pct,quantile,0.9,1.7347328272883837
lynn,2026-03-21,0,2026-03-21,Flu ED visits pct,quantile,0.9,1.358525134943332
macon,2026-03-21,0,2026-03-21,Flu ED visits pct,quantile,0.9,1.1270204836302793
maine,2026-03-21,0,2026-03-21,Flu ED visits pct,quantile,0.9,1.1796298550974622
marietta,2026-03-21,0,2026-03-21,Flu ED visits pct,quantile,0.9,1.5994763783845372
maryland,2026-03-21,0,2026-03-21,Flu ED visits pct,quantile,0.9,1.2134163009605998
massachusetts,2026-03-21,0,2026-03-21,Flu ED visits pct,quantile,0.9,1.3804071724705997
medford,2026-03-21,0,2026-03-21,Flu ED visits pct,quantile,0.9,0.6620922560828957
mesa,2026-03-21,0,2026-03-21,Flu ED visits pct,quantile,0.9,0.8251725205508248
minneapolis,2026-03-21,0,2026-03-21,Flu ED visits pct,quantile,0.9,2.958451687956801
minnesota,2026-03-21,0,2026-03-21,Flu ED visits pct,quantile,0.9,2.5900923067235584
montgomery,2026-03-21,0,2026-03-21,Flu ED visits pct,quantile,0.9,1.3544941163505764
nenc,2026-03-21,0,2026-03-21,Flu ED visits pct,quantile,0.9,1.8321591124182
new-bedford,2026-03-21,0,2026-03-21,Flu ED visits pct,quantile,0.9,1.6826131671009246
north-carolina,2026-03-21,0,2026-03-21,Flu ED visits pct,quantile,0.9,1.9630286888665738
nyc,2026-03-21,0,2026-03-21,ILI ED visits pct,quantile,0.9,2.817821000081491
ogden,2026-03-21,0,2026-03-21,Flu ED visits pct,quantile,0.9,1.1616131414279947
oregon,2026-03-21,0,2026-03-21,Flu ED visits pct,quantile,0.9,1.3838124369217863
pittsfield,2026-03-21,0,2026-03-21,Flu ED visits pct,quantile,0.9,0.7683012126069515
portland,2026-03-21,0,2026-03-21,Flu ED visits pct,quantile,0.9,0.8483665313544605
portland-or,2026-03-21,0,2026-03-21,Flu ED visits pct,quantile,0.9,1.9246198419362464
provo,2026-03-21,0,2026-03-21,Flu ED visits pct,quantile,0.9,0.9748175322059284
roanoke,2026-03-21,0,2026-03-21,Flu ED visits pct,quantile,0.9,2.428808388451331
rochester,2026-03-21,0,2026-03-21,Flu ED visits pct,quantile,0.9,2.3612625467874286
rock-hill,2026-03-21,0,2026-03-21,Flu ED visits pct,quantile,0.9,1.6943680371443441
rtp-area,2026-03-21,0,2026-03-21,Flu ED visits pct,quantile,0.9,1.4256462632792268
salem,2026-03-21,0,2026-03-21,Flu ED visits pct,quantile,0.9,2.010753478543348
salt-lake-city,2026-03-21,0,2026-03-21,Flu ED visits pct,quantile,0.9,1.0428038199543312
san-antonio,2026-03-21,0,2026-03-21,Flu ED visits pct,quantile,0.9,1.4261567730354108
savannah,2026-03-21,0,2026-03-21,Flu ED visits pct,quantile,0.9,0.6616424549401095
senc,2026-03-21,0,2026-03-21,Flu ED visits pct,quantile,0.9,1.1721373742179866
south-augusta,2026-03-21,0,2026-03-21,Flu ED visits pct,quantile,0.9,1.2917688313200013
south-carolina,2026-03-21,0,2026-03-21,Flu ED visits pct,quantile,0.9,1.4596058304234458
springfield,2026-03-21,0,2026-03-21,Flu ED visits pct,quantile,0.9,1.9732150968535012
st-cloud,2026-03-21,0,2026-03-21,Flu ED visits pct,quantile,0.9,2.5379190653570025
st-paul,2026-03-21,0,2026-03-21,Flu ED visits pct,quantile,0.9,2.2374161902856233
texas,2026-03-21,0,2026-03-21,Flu ED visits pct,quantile,0.9,1.4792512302389762
triad-area,2026-03-21,0,2026-03-21,Flu ED visits pct,quantile,0.9,1.4710377908655317
utah,2026-03-21,0,2026-03-21,Flu ED visits pct,quantile,0.9,0.9824525908818293
virginia,2026-03-21,0,2026-03-21,Flu ED visits pct,quantile,0.9,2.0927149885532828
weld,2026-03-21,0,2026-03-21,Flu ED visits pct,quantile,0.9,3.8594627391533645
wnc,2026-03-21,0,2026-03-21,Flu ED visits pct,quantile,0.9,1.4570840110050964
worcester,2026-03-21,0,2026-03-21,Flu ED visits pct,quantile,0.9,1.5445406093637786
athens,2026-03-21,1,2026-03-28,Flu ED visits pct,quantile,0.9,1.7613616166780186
austin,2026-03-21,1,2026-03-28,Flu ED visits pct,quantile,0.9,1.0313188311395214
baltimore,2026-03-21,1,2026-03-28,Flu ED visits pct,quantile,0.9,1.0412605423872525
bangor,2026-03-21,1,2026-03-28,Flu ED visits pct,quantile,0.9,1.6802017927896375
beaumont,2026-03-21,1,2026-03-28,Flu ED visits pct,quantile,0.9,1.1453404183766964
boston,2026-03-21,1,2026-03-28,Flu ED visits pct,quantile,0.9,1.3111999853931913
boulder,2026-03-21,1,2026-03-28,Flu ED visits pct,quantile,0.9,3.428040043275613
charleston,2026-03-21,1,2026-03-28,Flu ED visits pct,quantile,0.9,1.3166719276363812
cherokee,2026-03-21,1,2026-03-28,Flu ED visits pct,quantile,0.9,1.8795895924524353
clt-area,2026-03-21,1,2026-03-28,Flu ED visits pct,quantile,0.9,2.6740321106632026
colorado,2026-03-21,1,2026-03-28,Flu ED visits pct,quantile,0.9,2.071200576343379
colorado-springs,2026-03-21,1,2026-03-28,Flu ED visits pct,quantile,0.9,1.7928024039307728
columbia,2026-03-21,1,2026-03-28,Flu ED visits pct,quantile,0.9,1.319728103818121
columbus,2026-03-21,1,2026-03-28,Flu ED visits pct,quantile,0.9,1.1134516667575733
dallas,2026-03-21,1,2026-03-28,Flu ED visits pct,quantile,0.9,1.1812324524287412
denver,2026-03-21,1,2026-03-28,Flu ED visits pct,quantile,0.9,2.1033258915064805
deschutes,2026-03-21,1,2026-03-28,Flu ED visits pct,quantile,0.9,1.2354287832064335
duluth,2026-03-21,1,2026-03-28,Flu ED visits pct,quantile,0.9,2.269526193657026
el-paso,2026-03-21,1,2026-03-28,Flu ED visits pct,quantile,0.9,2.2959747987304917
eugene,2026-03-21,1,2026-03-28,Flu ED visits pct,quantile,0.9,0.7372666710706045
fay-area,2026-03-21,1,2026-03-28,Flu ED visits pct,quantile,0.9,2.6622006655467114
florence,2026-03-21,1,2026-03-28,Flu ED visits pct,quantile,0.9,0.9959560592949765
floyd,2026-03-21,1,2026-03-28,Flu ED visits pct,quantile,0.9,1.366647168469653
frederick,2026-03-21,1,2026-03-28,Flu ED visits pct,quantile,0.9,1.9822953288841638
georgia,2026-03-21,1,2026-03-28,Flu ED visits pct,quantile,0.9,1.1142999047653435
greenville,2026-03-21,1,2026-03-28,Flu ED visits pct,quantile,0.9,1.6898889608854042
hall,2026-03-21,1,2026-03-28,Flu ED visits pct,quantile,0.9,1.057915892636415
harford,2026-03-21,1,2026-03-28,Flu ED visits pct,quantile,0.9,1.0089393154998798
henry,2026-03-21,1,2026-03-28,Flu ED visits pct,quantile,0.9,0.9447684686762707
horry,2026-03-21,1,2026-03-28,Flu ED visits pct,quantile,0.9,1.0756459696412306
houston,2026-03-21,1,2026-03-28,Flu ED visits pct,quantile,0.9,0.8387784180181069
indiana,2026-03-21,1,2026-03-28,Flu ED visits pct,quantile,0.9,2.730192133658985
indianapolis,2026-03-21,1,2026-03-28,Flu ED visits pct,quantile,0.9,2.6872443598268325
la-grange,2026-03-21,1,2026-03-28,Flu ED visits pct,quantile,0.9,1.034695108989059
larimer,2026-03-21,1,2026-03-28,Flu ED visits pct,quantile,0.9,1.543544107198457
lynn,2026-03-21,1,2026-03-28,Flu ED visits pct,quantile,0.9,1.2845611997304036
macon,2026-03-21,1,2026-03-28,Flu ED visits pct,quantile,0.9,1.0482204834052968
maine,2026-03-21,1,2026-03-28,Flu ED visits pct,quantile,0.9,1.0662287194022317
marietta,2026-03-21,1,2026-03-28,Flu ED visits pct,quantile,0.9,1.4183028974947507
maryland,2026-03-21,1,2026-03-28,Flu ED visits pct,quantile,0.9,1.1847140749022513
massachusetts,2026-03-21,1,2026-03-28,Flu ED visits pct,quantile,0.9,1.3253997375959823
medford,2026-03-21,1,2026-03-28,Flu ED visits pct,quantile,0.9,0.5478426975435609
mesa,2026-03-21,1,2026-03-28,Flu ED visits pct,quantile,0.9,0.7031219290202106
minneapolis,2026-03-21,1,2026-03-28,Flu ED visits pct,quantile,0.9,2.7770854370912987
minnesota,2026-03-21,1,2026-03-28,Flu ED visits pct,quantile,0.9,2.4517169994456247
montgomery,2026-03-21,1,2026-03-28,Flu ED visits pct,quantile,0.9,1.326033616757556
nenc,2026-03-21,1,2026-03-28,Flu ED visits pct,quantile,0.9,1.610010274099706
new-bedford,2026-03-21,1,2026-03-28,Flu ED visits pct,quantile,0.9,1.5598750917855462
north-carolina,2026-03-21,1,2026-03-28,Flu ED visits pct,quantile,0.9,1.7077870730133637
nyc,2026-03-21,1,2026-03-28,ILI ED visits pct,quantile,0.9,2.77192005946858
ogden,2026-03-21,1,2026-03-28,Flu ED visits pct,quantile,0.9,1.0086447304687414
oregon,2026-03-21,1,2026-03-28,Flu ED visits pct,quantile,0.9,1.2018989224442913
pittsfield,2026-03-21,1,2026-03-28,Flu ED visits pct,quantile,0.9,0.6986537952672868
portland,2026-03-21,1,2026-03-28,Flu ED visits pct,quantile,0.9,0.7589156118769705
portland-or,2026-03-21,1,2026-03-28,Flu ED visits pct,quantile,0.9,1.653204252056457
provo,2026-03-21,1,2026-03-28,Flu ED visits pct,quantile,0.9,0.887455273603407
roanoke,2026-03-21,1,2026-03-28,Flu ED visits pct,quantile,0.9,2.1174100198402637
rochester,2026-03-21,1,2026-03-28,Flu ED visits pct,quantile,0.9,1.995136604247732
rock-hill,2026-03-21,1,2026-03-28,Flu ED visits pct,quantile,0.9,1.579532601367107
rtp-area,2026-03-21,1,2026-03-28,Flu ED visits pct,quantile,0.9,1.2425180586281857
salem,2026-03-21,1,2026-03-28,Flu ED visits pct,quantile,0.9,1.6889706825490962
salt-lake-city,2026-03-21,1,2026-03-28,Flu ED visits pct,quantile,0.9,0.9120072500571762
san-antonio,2026-03-21,1,2026-03-28,Flu ED visits pct,quantile,0.9,1.1821152670289665
savannah,2026-03-21,1,2026-03-28,Flu ED visits pct,quantile,0.9,0.563204508802498
senc,2026-03-21,1,2026-03-28,Flu ED visits pct,quantile,0.9,1.025653139434197
south-augusta,2026-03-21,1,2026-03-28,Flu ED visits pct,quantile,0.9,1.0859442610980423
south-carolina,2026-03-21,1,2026-03-28,Flu ED visits pct,quantile,0.9,1.326111011939319
springfield,2026-03-21,1,2026-03-28,Flu ED visits pct,quantile,0.9,1.8369534875854037
st-cloud,2026-03-21,1,2026-03-28,Flu ED visits pct,quantile,0.9,2.1977898095898434
st-paul,2026-03-21,1,2026-03-28,Flu ED visits pct,quantile,0.9,2.099425776760849
texas,2026-03-21,1,2026-03-28,Flu ED visits pct,quantile,0.9,1.3595672508123053
triad-area,2026-03-21,1,2026-03-28,Flu ED visits pct,quantile,0.9,1.3070252041640182
utah,2026-03-21,1,2026-03-28,Flu ED visits pct,quantile,0.9,0.893937763569534
virginia,2026-03-21,1,2026-03-28,Flu ED visits pct,quantile,0.9,1.9688375909967042
weld,2026-03-21,1,2026-03-28,Flu ED visits pct,quantile,0.9,3.4899524547048473
wnc,2026-03-21,1,2026-03-28,Flu ED visits pct,quantile,0.9,1.2832029364356545
worcester,2026-03-21,1,2026-03-28,Flu ED visits pct,quantile,0.9,1.4293688614329392
athens,2026-03-21,2,2026-04-04,Flu ED visits pct,quantile,0.9,1.6158964416311064
austin,2026-03-21,2,2026-04-04,Flu ED visits pct,quantile,0.9,0.9505919517845121
baltimore,2026-03-21,2,2026-04-04,Flu ED visits pct,quantile,0.9,1.009492458111455
bangor,2026-03-21,2,2026-04-04,Flu ED visits pct,quantile,0.9,1.5365635457900602
beaumont,2026-03-21,2,2026-04-04,Flu ED visits pct,quantile,0.9,1.0822792266919463
boston,2026-03-21,2,2026-04-04,Flu ED visits pct,quantile,0.9,1.2522802884501782
boulder,2026-03-21,2,2026-04-04,Flu ED visits pct,quantile,0.9,2.9887535346700407
charleston,2026-03-21,2,2026-04-04,Flu ED visits pct,quantile,0.9,1.1287982110706802
cherokee,2026-03-21,2,2026-04-04,Flu ED visits pct,quantile,0.9,1.716386604824863
clt-area,2026-03-21,2,2026-04-04,Flu ED visits pct,quantile,0.9,2.304435118336364
colorado,2026-03-21,2,2026-04-04,Flu ED visits pct,quantile,0.9,1.9046410783150227
colorado-springs,2026-03-21,2,2026-04-04,Flu ED visits pct,quantile,0.9,1.6376783690025225
columbia,2026-03-21,2,2026-04-04,Flu ED visits pct,quantile,0.9,1.221364318696918
columbus,2026-03-21,2,2026-04-04,Flu ED visits pct,quantile,0.9,0.9475025987757493
dallas,2026-03-21,2,2026-04-04,Flu ED visits pct,quantile,0.9,1.0954595673936443
denver,2026-03-21,2,2026-04-04,Flu ED visits pct,quantile,0.9,1.9453975814101452
deschutes,2026-03-21,2,2026-04-04,Flu ED visits pct,quantile,0.9,1.1328202685664241
duluth,2026-03-21,2,2026-04-04,Flu ED visits pct,quantile,0.9,2.0499221658284092
el-paso,2026-03-21,2,2026-04-04,Flu ED visits pct,quantile,0.9,2.192430219490658
eugene,2026-03-21,2,2026-04-04,Flu ED visits pct,quantile,0.9,0.6339760356599462
fay-area,2026-03-21,2,2026-04-04,Flu ED visits pct,quantile,0.9,2.266956452393599
florence,2026-03-21,2,2026-04-04,Flu ED visits pct,quantile,0.9,0.9117132897141988
floyd,2026-03-21,2,2026-04-04,Flu ED visits pct,quantile,0.9,1.2327659337014483
frederick,2026-03-21,2,2026-04-04,Flu ED visits pct,quantile,0.9,1.899741692699042
georgia,2026-03-21,2,2026-04-04,Flu ED visits pct,quantile,0.9,1.0401379838376403
greenville,2026-03-21,2,2026-04-04,Flu ED visits pct,quantile,0.9,1.5207045751863972
hall,2026-03-21,2,2026-04-04,Flu ED visits pct,quantile,0.9,1.0018180958283058
harford,2026-03-21,2,2026-04-04,Flu ED visits pct,quantile,0.9,0.9507650510094924
henry,2026-03-21,2,2026-04-04,Flu ED visits pct,quantile,0.9,0.8687498162653328
horry,2026-03-21,2,2026-04-04,Flu ED visits pct,quantile,0.9,0.9913416261544408
houston,2026-03-21,2,2026-04-04,Flu ED visits pct,quantile,0.9,0.8130749404456256
indiana,2026-03-21,2,2026-04-04,Flu ED visits pct,quantile,0.9,2.4306619599751387
indianapolis,2026-03-21,2,2026-04-04,Flu ED visits pct,quantile,0.9,2.24365169472447
la-grange,2026-03-21,2,2026-04-04,Flu ED visits pct,quantile,0.9,0.9386145843394871
larimer,2026-03-21,2,2026-04-04,Flu ED visits pct,quantile,0.9,1.4345062404618811
lynn,2026-03-21,2,2026-04-04,Flu ED visits pct,quantile,0.9,1.200765398738959
macon,2026-03-21,2,2026-04-04,Flu ED visits pct,quantile,0.9,0.9930950101839249
maine,2026-03-21,2,2026-04-04,Flu ED visits pct,quantile,0.9,0.9958639932568356
marietta,2026-03-21,2,2026-04-04,Flu ED visits pct,quantile,0.9,1.3094940959888333
maryland,2026-03-21,2,2026-04-04,Flu ED visits pct,quantile,0.9,1.1364926346798416
massachusetts,2026-03-21,2,2026-04-04,Flu ED visits pct,quantile,0.9,1.2713884469200873
medford,2026-03-21,2,2026-04-04,Flu ED visits pct,quantile,0.9,0.47197292666285445
mesa,2026-03-21,2,2026-04-04,Flu ED visits pct,quantile,0.9,0.6494384658120875
minneapolis,2026-03-21,2,2026-04-04,Flu ED visits pct,quantile,0.9,2.597588465855791
minnesota,2026-03-21,2,2026-04-04,Flu ED visits pct,quantile,0.9,2.31503361671547
montgomery,2026-03-21,2,2026-04-04,Flu ED visits pct,quantile,0.9,1.2650479383391273
nenc,2026-03-21,2,2026-04-04,Flu ED visits pct,quantile,0.9,1.373089016608418
new-bedford,2026-03-21,2,2026-04-04,Flu ED visits pct,quantile,0.9,1.4540529249933314
north-carolina,2026-03-21,2,2026-04-04,Flu ED visits pct,quantile,0.9,1.4583479462582818
nyc,2026-03-21,2,2026-04-04,ILI ED visits pct,quantile,0.9,2.6820563258875403
ogden,2026-03-21,2,2026-04-04,Flu ED visits pct,quantile,0.9,0.919077706055371
oregon,2026-03-21,2,2026-04-04,Flu ED visits pct,quantile,0.9,1.0843587506652121
pittsfield,2026-03-21,2,2026-04-04,Flu ED visits pct,quantile,0.9,0.6644423031077159
portland,2026-03-21,2,2026-04-04,Flu ED visits pct,quantile,0.9,0.7018728197904475
portland-or,2026-03-21,2,2026-04-04,Flu ED visits pct,quantile,0.9,1.4149623323839093
provo,2026-03-21,2,2026-04-04,Flu ED visits pct,quantile,0.9,0.8360463585879948
roanoke,2026-03-21,2,2026-04-04,Flu ED visits pct,quantile,0.9,1.9586843956699225
rochester,2026-03-21,2,2026-04-04,Flu ED visits pct,quantile,0.9,1.7805328034839416
rock-hill,2026-03-21,2,2026-04-04,Flu ED visits pct,quantile,0.9,1.4652910884737493
rtp-area,2026-03-21,2,2026-04-04,Flu ED visits pct,quantile,0.9,1.0445752563879838
salem,2026-03-21,2,2026-04-04,Flu ED visits pct,quantile,0.9,1.4327850643646634
salt-lake-city,2026-03-21,2,2026-04-04,Flu ED visits pct,quantile,0.9,0.8456237913955984
san-antonio,2026-03-21,2,2026-04-04,Flu ED visits pct,quantile,0.9,1.0309839355626342
savannah,2026-03-21,2,2026-04-04,Flu ED visits pct,quantile,0.9,0.4979914909969392
senc,2026-03-21,2,2026-04-04,Flu ED visits pct,quantile,0.9,0.8909437203502055
south-augusta,2026-03-21,2,2026-04-04,Flu ED visits pct,quantile,0.9,0.9222276363810541
south-carolina,2026-03-21,2,2026-04-04,Flu ED visits pct,quantile,0.9,1.2164263106528657
springfield,2026-03-21,2,2026-04-04,Flu ED visits pct,quantile,0.9,1.7305774440557622
st-cloud,2026-03-21,2,2026-04-04,Flu ED visits pct,quantile,0.9,1.9850725565452618
st-paul,2026-03-21,2,2026-04-04,Flu ED visits pct,quantile,0.9,2.0064324160393374
texas,2026-03-21,2,2026-04-04,Flu ED visits pct,quantile,0.9,1.2759859789235874
triad-area,2026-03-21,2,2026-04-04,Flu ED visits pct,quantile,0.9,1.180819625824471
utah,2026-03-21,2,2026-04-04,Flu ED visits pct,quantile,0.9,0.8338797323283753
virginia,2026-03-21,2,2026-04-04,Flu ED visits pct,quantile,0.9,1.89062054967459
weld,2026-03-21,2,2026-04-04,Flu ED visits pct,quantile,0.9,3.1678212045927645
wnc,2026-03-21,2,2026-04-04,Flu ED visits pct,quantile,0.9,1.0935869207898041
worcester,2026-03-21,2,2026-04-04,Flu ED visits pct,quantile,0.9,1.3541749668352956
athens,2026-03-21,3,2026-04-11,Flu ED visits pct,quantile,0.9,1.5982343397569871
austin,2026-03-21,3,2026-04-11,Flu ED visits pct,quantile,0.9,0.9382172023017331
baltimore,2026-03-21,3,2026-04-11,Flu ED visits pct,quantile,0.9,0.9984562303250404
bangor,2026-03-21,3,2026-04-11,Flu ED visits pct,quantile,0.9,1.509798914633641
beaumont,2026-03-21,3,2026-04-11,Flu ED visits pct,quantile,0.9,1.0735435157027253
boston,2026-03-21,3,2026-04-11,Flu ED visits pct,quantile,0.9,1.240633463704967
boulder,2026-03-21,3,2026-04-11,Flu ED visits pct,quantile,0.9,2.8932086999607813
charleston,2026-03-21,3,2026-04-11,Flu ED visits pct,quantile,0.9,1.0970226375231376
cherokee,2026-03-21,3,2026-04-11,Flu ED visits pct,quantile,0.9,1.6921380948050184
clt-area,2026-03-21,3,2026-04-11,Flu ED visits pct,quantile,0.9,2.1516828829864156
colorado,2026-03-21,3,2026-04-11,Flu ED visits pct,quantile,0.9,1.8769769240587066
colorado-springs,2026-03-21,3,2026-04-11,Flu ED visits pct,quantile,0.9,1.612280089204027
columbia,2026-03-21,3,2026-04-11,Flu ED visits pct,quantile,0.9,1.1976570654303713
columbus,2026-03-21,3,2026-04-11,Flu ED visits pct,quantile,0.9,0.9058483316270484
dallas,2026-03-21,3,2026-04-11,Flu ED visits pct,quantile,0.9,1.0813323329401594
denver,2026-03-21,3,2026-04-11,Flu ED visits pct,quantile,0.9,1.9092600561046884
deschutes,2026-03-21,3,2026-04-11,Flu ED visits pct,quantile,0.9,1.105495086637324
duluth,2026-03-21,3,2026-04-11,Flu ED visits pct,quantile,0.9,1.9903740951450504
el-paso,2026-03-21,3,2026-04-11,Flu ED visits pct,quantile,0.9,2.1857663868025234
eugene,2026-03-21,3,2026-04-11,Flu ED visits pct,quantile,0.9,0.6104639644147857
fay-area,2026-03-21,3,2026-04-11,Flu ED visits pct,quantile,0.9,2.1133786400862107
florence,2026-03-21,3,2026-04-11,Flu ED visits pct,quantile,0.9,0.902605758519442
floyd,2026-03-21,3,2026-04-11,Flu ED visits pct,quantile,0.9,1.217005966481013
frederick,2026-03-21,3,2026-04-11,Flu ED visits pct,quantile,0.9,1.889268720465574
georgia,2026-03-21,3,2026-04-11,Flu ED visits pct,quantile,0.9,1.0306943730080447
greenville,2026-03-21,3,2026-04-11,Flu ED visits pct,quantile,0.9,1.4876777590397308
hall,2026-03-21,3,2026-04-11,Flu ED visits pct,quantile,0.9,0.9831385004010333
harford,2026-03-21,3,2026-04-11,Flu ED visits pct,quantile,0.9,0.9498012790185634
henry,2026-03-21,3,2026-04-11,Flu ED visits pct,quantile,0.9,0.8546165500052015
horry,2026-03-21,3,2026-04-11,Flu ED visits pct,quantile,0.9,0.9759082809869734
houston,2026-03-21,3,2026-04-11,Flu ED visits pct,quantile,0.9,0.8087769290123347
indiana,2026-03-21,3,2026-04-11,Flu ED visits pct,quantile,0.9,2.3456435359468504
indianapolis,2026-03-21,3,2026-04-11,Flu ED visits pct,quantile,0.9,2.11442883782298
la-grange,2026-03-21,3,2026-04-11,Flu ED visits pct,quantile,0.9,0.9258804329161056
larimer,2026-03-21,3,2026-04-11,Flu ED visits pct,quantile,0.9,1.4151471328434353
lynn,2026-03-21,3,2026-04-11,Flu ED visits pct,quantile,0.9,1.191692375848543
macon,2026-03-21,3,2026-04-11,Flu ED visits pct,quantile,0.9,0.9855744924504356
maine,2026-03-21,3,2026-04-11,Flu ED visits pct,quantile,0.9,0.9900725342574981
marietta,2026-03-21,3,2026-04-11,Flu ED visits pct,quantile,0.9,1.2943792105631222
maryland,2026-03-21,3,2026-04-11,Flu ED visits pct,quantile,0.9,1.1445314081513986
massachusetts,2026-03-21,3,2026-04-11,Flu ED visits pct,quantile,0.9,1.2657710592492044
medford,2026-03-21,3,2026-04-11,Flu ED visits pct,quantile,0.9,0.4532299383833654
mesa,2026-03-21,3,2026-04-11,Flu ED visits pct,quantile,0.9,0.6438069855670859
minneapolis,2026-03-21,3,2026-04-11,Flu ED visits pct,quantile,0.9,2.5553407193526483
minnesota,2026-03-21,3,2026-04-11,Flu ED visits pct,quantile,0.9,2.295738055485975
montgomery,2026-03-21,3,2026-04-11,Flu ED visits pct,quantile,0.9,1.2583130469265447
nenc,2026-03-21,3,2026-04-11,Flu ED visits pct,quantile,0.9,1.2834148121935074
new-bedford,2026-03-21,3,2026-04-11,Flu ED visits pct,quantile,0.9,1.4388454411132683
north-carolina,2026-03-21,3,2026-04-11,Flu ED visits pct,quantile,0.9,1.3919025851092013
nyc,2026-03-21,3,2026-04-11,ILI ED visits pct,quantile,0.9,2.6756466401238916
ogden,2026-03-21,3,2026-04-11,Flu ED visits pct,quantile,0.9,0.9076483254606684
oregon,2026-03-21,3,2026-04-11,Flu ED visits pct,quantile,0.9,1.0590435882595746
pittsfield,2026-03-21,3,2026-04-11,Flu ED visits pct,quantile,0.9,0.6597265478784639
portland,2026-03-21,3,2026-04-11,Flu ED visits pct,quantile,0.9,0.6972130983232859
portland-or,2026-03-21,3,2026-04-11,Flu ED visits pct,quantile,0.9,1.3726404956599232
provo,2026-03-21,3,2026-04-11,Flu ED visits pct,quantile,0.9,0.8349657968902273
roanoke,2026-03-21,3,2026-04-11,Flu ED visits pct,quantile,0.9,1.9301911813678634
rochester,2026-03-21,3,2026-04-11,Flu ED visits pct,quantile,0.9,1.7398179714992654
rock-hill,2026-03-21,3,2026-04-11,Flu ED visits pct,quantile,0.9,1.4652910884737493
rtp-area,2026-03-21,3,2026-04-11,Flu ED visits pct,quantile,0.9,0.9664448954031828
salem,2026-03-21,3,2026-04-11,Flu ED visits pct,quantile,0.9,1.3749577372051291
salt-lake-city,2026-03-21,3,2026-04-11,Flu ED visits pct,quantile,0.9,0.8359563025665856
san-antonio,2026-03-21,3,2026-04-11,Flu ED visits pct,quantile,0.9,0.9928400889371316
savannah,2026-03-21,3,2026-04-11,Flu ED visits pct,quantile,0.9,0.4815676932051871
senc,2026-03-21,3,2026-04-11,Flu ED visits pct,quantile,0.9,0.8538566886272996
south-augusta,2026-03-21,3,2026-04-11,Flu ED visits pct,quantile,0.9,0.8896684836380485
south-carolina,2026-03-21,3,2026-04-11,Flu ED visits pct,quantile,0.9,1.196605481228775
springfield,2026-03-21,3,2026-04-11,Flu ED visits pct,quantile,0.9,1.7291206020744543
st-cloud,2026-03-21,3,2026-04-11,Flu ED visits pct,quantile,0.9,1.9474233376678969
st-paul,2026-03-21,3,2026-04-11,Flu ED visits pct,quantile,0.9,1.9926323020655834
texas,2026-03-21,3,2026-04-11,Flu ED visits pct,quantile,0.9,1.2701890991660292
triad-area,2026-03-21,3,2026-04-11,Flu ED visits pct,quantile,0.9,1.151691658963361
utah,2026-03-21,3,2026-04-11,Flu ED visits pct,quantile,0.9,0.8228746870739126
virginia,2026-03-21,3,2026-04-11,Flu ED visits pct,quantile,0.9,1.8749089657867573
weld,2026-03-21,3,2026-04-11,Flu ED visits pct,quantile,0.9,3.0868184650896904
wnc,2026-03-21,3,2026-04-11,Flu ED visits pct,quantile,0.9,1.010583622885857
worcester,2026-03-21,3,2026-04-11,Flu ED visits pct,quantile,0.9,1.341373808277675
athens,2026-03-21,0,2026-03-21,Flu ED visits pct,quantile,0.95,2.244291613434605
austin,2026-03-21,0,2026-03-21,Flu ED visits pct,quantile,0.95,1.2704888742128202
baltimore,2026-03-21,0,2026-03-21,Flu ED visits pct,quantile,0.95,1.1768741563265586
bangor,2026-03-21,0,2026-03-21,Flu ED visits pct,quantile,0.95,2.0844832901387322
beaumont,2026-03-21,0,2026-03-21,Flu ED visits pct,quantile,0.95,1.3549291814073277
boston,2026-03-21,0,2026-03-21,Flu ED visits pct,quantile,0.95,1.4900428223052518
boulder,2026-03-21,0,2026-03-21,Flu ED visits pct,quantile,0.95,4.1894798291703905
charleston,2026-03-21,0,2026-03-21,Flu ED visits pct,quantile,0.95,1.6537250900599825
cherokee,2026-03-21,0,2026-03-21,Flu ED visits pct,quantile,0.95,2.3641428158843873
clt-area,2026-03-21,0,2026-03-21,Flu ED visits pct,quantile,0.95,3.0843548168473114
colorado,2026-03-21,0,2026-03-21,Flu ED visits pct,quantile,0.95,2.37051731115397
colorado-springs,2026-03-21,0,2026-03-21,Flu ED visits pct,quantile,0.95,2.1543135614448317
columbia,2026-03-21,0,2026-03-21,Flu ED visits pct,quantile,0.95,1.6711586237909315
columbus,2026-03-21,0,2026-03-21,Flu ED visits pct,quantile,0.95,1.4501313331338586
dallas,2026-03-21,0,2026-03-21,Flu ED visits pct,quantile,0.95,1.3645747418090974
denver,2026-03-21,0,2026-03-21,Flu ED visits pct,quantile,0.95,2.4653655587274104
deschutes,2026-03-21,0,2026-03-21,Flu ED visits pct,quantile,0.95,1.5582863089783703
duluth,2026-03-21,0,2026-03-21,Flu ED visits pct,quantile,0.95,2.8605905732187833
el-paso,2026-03-21,0,2026-03-21,Flu ED visits pct,quantile,0.95,2.7054591260387197
eugene,2026-03-21,0,2026-03-21,Flu ED visits pct,quantile,0.95,0.9828951647975628
fay-area,2026-03-21,0,2026-03-21,Flu ED visits pct,quantile,0.95,3.235630374128785
florence,2026-03-21,0,2026-03-21,Flu ED visits pct,quantile,0.95,1.3083299780060995
floyd,2026-03-21,0,2026-03-21,Flu ED visits pct,quantile,0.95,1.778294053217494
frederick,2026-03-21,0,2026-03-21,Flu ED visits pct,quantile,0.95,2.3230920626931506
georgia,2026-03-21,0,2026-03-21,Flu ED visits pct,quantile,0.95,1.2757957167006129
greenville,2026-03-21,0,2026-03-21,Flu ED visits pct,quantile,0.95,2.1331081811387853
hall,2026-03-21,0,2026-03-21,Flu ED visits pct,quantile,0.95,1.3633634280144307
harford,2026-03-21,0,2026-03-21,Flu ED visits pct,quantile,0.95,1.2381247845739796
henry,2026-03-21,0,2026-03-21,Flu ED visits pct,quantile,0.95,1.237890670215568
horry,2026-03-21,0,2026-03-21,Flu ED visits pct,quantile,0.95,1.3953918726559174
houston,2026-03-21,0,2026-03-21,Flu ED visits pct,quantile,0.95,0.9052936749425098
indiana,2026-03-21,0,2026-03-21,Flu ED visits pct,quantile,0.95,3.2026531159117293
indianapolis,2026-03-21,0,2026-03-21,Flu ED visits pct,quantile,0.95,3.3200138855588994
la-grange,2026-03-21,0,2026-03-21,Flu ED visits pct,quantile,0.95,1.3120580720641113
larimer,2026-03-21,0,2026-03-21,Flu ED visits pct,quantile,0.95,1.9489318076461721
lynn,2026-03-21,0,2026-03-21,Flu ED visits pct,quantile,0.95,1.535231443496061
macon,2026-03-21,0,2026-03-21,Flu ED visits pct,quantile,0.95,1.2202243457594404
maine,2026-03-21,0,2026-03-21,Flu ED visits pct,quantile,0.95,1.271703067137657
marietta,2026-03-21,0,2026-03-21,Flu ED visits pct,quantile,0.95,1.7684095922769951
maryland,2026-03-21,0,2026-03-21,Flu ED visits pct,quantile,0.95,1.2901945014435763
massachusetts,2026-03-21,0,2026-03-21,Flu ED visits pct,quantile,0.95,1.4767967624255982
medford,2026-03-21,0,2026-03-21,Flu ED visits pct,quantile,0.95,0.7787015093243225
mesa,2026-03-21,0,2026-03-21,Flu ED visits pct,quantile,0.95,0.9070650549112417
minneapolis,2026-03-21,0,2026-03-21,Flu ED visits pct,quantile,0.95,3.2065186988695182
minnesota,2026-03-21,0,2026-03-21,Flu ED visits pct,quantile,0.95,2.7399054025623495
montgomery,2026-03-21,0,2026-03-21,Flu ED visits pct,quantile,0.95,1.46938928739055
nenc,2026-03-21,0,2026-03-21,Flu ED visits pct,quantile,0.95,1.9842465355648147
new-bedford,2026-03-21,0,2026-03-21,Flu ED visits pct,quantile,0.95,1.8894406149861616
north-carolina,2026-03-21,0,2026-03-21,Flu ED visits pct,quantile,0.95,2.0609321331806085
nyc,2026-03-21,0,2026-03-21,ILI ED visits pct,quantile,0.95,2.9542062124493498
ogden,2026-03-21,0,2026-03-21,Flu ED visits pct,quantile,0.95,1.2836483143702817
oregon,2026-03-21,0,2026-03-21,Flu ED visits pct,quantile,0.95,1.5065417044224163
pittsfield,2026-03-21,0,2026-03-21,Flu ED visits pct,quantile,0.95,0.9394492280857881
portland,2026-03-21,0,2026-03-21,Flu ED visits pct,quantile,0.95,0.9523679767347185
portland-or,2026-03-21,0,2026-03-21,Flu ED visits pct,quantile,0.95,2.013630064846606
provo,2026-03-21,0,2026-03-21,Flu ED visits pct,quantile,0.95,1.074288328839535
roanoke,2026-03-21,0,2026-03-21,Flu ED visits pct,quantile,0.95,2.6172929372198266
rochester,2026-03-21,0,2026-03-21,Flu ED visits pct,quantile,0.95,2.5163744955554264
rock-hill,2026-03-21,0,2026-03-21,Flu ED visits pct,quantile,0.95,2.005790794567251
rtp-area,2026-03-21,0,2026-03-21,Flu ED visits pct,quantile,0.95,1.5227938277242687
salem,2026-03-21,0,2026-03-21,Flu ED visits pct,quantile,0.95,2.1002616887431054
salt-lake-city,2026-03-21,0,2026-03-21,Flu ED visits pct,quantile,0.95,1.1370061822588586
san-antonio,2026-03-21,0,2026-03-21,Flu ED visits pct,quantile,0.95,1.5301873205461292
savannah,2026-03-21,0,2026-03-21,Flu ED visits pct,quantile,0.95,0.7316529220400672
senc,2026-03-21,0,2026-03-21,Flu ED visits pct,quantile,0.95,1.2708225327974494
south-augusta,2026-03-21,0,2026-03-21,Flu ED visits pct,quantile,0.95,1.370872102565138
south-carolina,2026-03-21,0,2026-03-21,Flu ED visits pct,quantile,0.95,1.5452397570752374
springfield,2026-03-21,0,2026-03-21,Flu ED visits pct,quantile,0.95,2.165497413837637
st-cloud,2026-03-21,0,2026-03-21,Flu ED visits pct,quantile,0.95,2.769326843695615
st-paul,2026-03-21,0,2026-03-21,Flu ED visits pct,quantile,0.95,2.3975348271072785
texas,2026-03-21,0,2026-03-21,Flu ED visits pct,quantile,0.95,1.5446663617589496
triad-area,2026-03-21,0,2026-03-21,Flu ED visits pct,quantile,0.95,1.5798903878914237
utah,2026-03-21,0,2026-03-21,Flu ED visits pct,quantile,0.95,1.0549301603822205
virginia,2026-03-21,0,2026-03-21,Flu ED visits pct,quantile,0.95,2.2072043719037655
weld,2026-03-21,0,2026-03-21,Flu ED visits pct,quantile,0.95,4.420517990460887
wnc,2026-03-21,0,2026-03-21,Flu ED visits pct,quantile,0.95,1.5522785194034336
worcester,2026-03-21,0,2026-03-21,Flu ED visits pct,quantile,0.95,1.7004411047723877
athens,2026-03-21,1,2026-03-28,Flu ED visits pct,quantile,0.95,2.140832684792409
austin,2026-03-21,1,2026-03-28,Flu ED visits pct,quantile,0.95,1.2078019241508884
baltimore,2026-03-21,1,2026-03-28,Flu ED visits pct,quantile,0.95,1.1685871070912919
bangor,2026-03-21,1,2026-03-28,Flu ED visits pct,quantile,0.95,2.0132537258902943
beaumont,2026-03-21,1,2026-03-28,Flu ED visits pct,quantile,0.95,1.319500931763127
boston,2026-03-21,1,2026-03-28,Flu ED visits pct,quantile,0.95,1.4711196602114114
boulder,2026-03-21,1,2026-03-28,Flu ED visits pct,quantile,0.95,3.9920108870248248
charleston,2026-03-21,1,2026-03-28,Flu ED visits pct,quantile,0.95,1.5253598761832314
cherokee,2026-03-21,1,2026-03-28,Flu ED visits pct,quantile,0.95,2.263753142261927
clt-area,2026-03-21,1,2026-03-28,Flu ED visits pct,quantile,0.95,2.903735854439585
colorado,2026-03-21,1,2026-03-28,Flu ED visits pct,quantile,0.95,2.297668282312547
colorado-springs,2026-03-21,1,2026-03-28,Flu ED visits pct,quantile,0.95,2.0649034871196066
columbia,2026-03-21,1,2026-03-28,Flu ED visits pct,quantile,0.95,1.6104317665632288
columbus,2026-03-21,1,2026-03-28,Flu ED visits pct,quantile,0.95,1.3182278514675454
dallas,2026-03-21,1,2026-03-28,Flu ED visits pct,quantile,0.95,1.3052991440175
denver,2026-03-21,1,2026-03-28,Flu ED visits pct,quantile,0.95,2.3881298969586773
deschutes,2026-03-21,1,2026-03-28,Flu ED visits pct,quantile,0.95,1.4521987112267223
duluth,2026-03-21,1,2026-03-28,Flu ED visits pct,quantile,0.95,2.719019475630288
el-paso,2026-03-21,1,2026-03-28,Flu ED visits pct,quantile,0.95,2.692231878301853
eugene,2026-03-21,1,2026-03-28,Flu ED visits pct,quantile,0.95,0.9180663843584437
fay-area,2026-03-21,1,2026-03-28,Flu ED visits pct,quantile,0.95,3.0300810424142863
florence,2026-03-21,1,2026-03-28,Flu ED visits pct,quantile,0.95,1.2511252667084878
floyd,2026-03-21,1,2026-03-28,Flu ED visits pct,quantile,0.95,1.7002932277720486
frederick,2026-03-21,1,2026-03-28,Flu ED visits pct,quantile,0.95,2.318866568742483
georgia,2026-03-21,1,2026-03-28,Flu ED visits pct,quantile,0.95,1.231649448942345
greenville,2026-03-21,1,2026-03-28,Flu ED visits pct,quantile,0.95,2.001261440148541
hall,2026-03-21,1,2026-03-28,Flu ED visits pct,quantile,0.95,1.328771960641973
harford,2026-03-21,1,2026-03-28,Flu ED visits pct,quantile,0.95,1.2177421241069004
henry,2026-03-21,1,2026-03-28,Flu ED visits pct,quantile,0.95,1.1978347905225153
horry,2026-03-21,1,2026-03-28,Flu ED visits pct,quantile,0.95,1.350980630605431
houston,2026-03-21,1,2026-03-28,Flu ED visits pct,quantile,0.95,0.8989042366419397
indiana,2026-03-21,1,2026-03-28,Flu ED visits pct,quantile,0.95,3.069128472444849
indianapolis,2026-03-21,1,2026-03-28,Flu ED visits pct,quantile,0.95,3.11932168388984
la-grange,2026-03-21,1,2026-03-28,Flu ED visits pct,quantile,0.95,1.2582075250369344
larimer,2026-03-21,1,2026-03-28,Flu ED visits pct,quantile,0.95,1.8867593099432236
lynn,2026-03-21,1,2026-03-28,Flu ED visits pct,quantile,0.95,1.5135897853740334
macon,2026-03-21,1,2026-03-28,Flu ED visits pct,quantile,0.95,1.1717208688056375
maine,2026-03-21,1,2026-03-28,Flu ED visits pct,quantile,0.95,1.2312935379105776
marietta,2026-03-21,1,2026-03-28,Flu ED visits pct,quantile,0.95,1.6932028803621622
maryland,2026-03-21,1,2026-03-28,Flu ED visits pct,quantile,0.95,1.2789832041056852
massachusetts,2026-03-21,1,2026-03-28,Flu ED visits pct,quantile,0.95,1.4624128027263956
medford,2026-03-21,1,2026-03-28,Flu ED visits pct,quantile,0.95,0.7444727939489337
mesa,2026-03-21,1,2026-03-28,Flu ED visits pct,quantile,0.95,0.876519734723352
minneapolis,2026-03-21,1,2026-03-28,Flu ED visits pct,quantile,0.95,3.1465254622542886
minnesota,2026-03-21,1,2026-03-28,Flu ED visits pct,quantile,0.95,2.665591866137292
montgomery,2026-03-21,1,2026-03-28,Flu ED visits pct,quantile,0.95,1.460955009067766
nenc,2026-03-21,1,2026-03-28,Flu ED visits pct,quantile,0.95,1.8552937438150559
new-bedford,2026-03-21,1,2026-03-28,Flu ED visits pct,quantile,0.95,1.8599818369794245
north-carolina,2026-03-21,1,2026-03-28,Flu ED visits pct,quantile,0.95,1.9445218507885775
nyc,2026-03-21,1,2026-03-28,ILI ED visits pct,quantile,0.95,2.9395960531425738
ogden,2026-03-21,1,2026-03-28,Flu ED visits pct,quantile,0.95,1.2206434957033412
oregon,2026-03-21,1,2026-03-28,Flu ED visits pct,quantile,0.95,1.4320297570856717
pittsfield,2026-03-21,1,2026-03-28,Flu ED visits pct,quantile,0.95,0.9340376275758729
portland,2026-03-21,1,2026-03-28,Flu ED visits pct,quantile,0.95,0.92442822515251
portland-or,2026-03-21,1,2026-03-28,Flu ED visits pct,quantile,0.95,1.870005132191079
provo,2026-03-21,1,2026-03-28,Flu ED visits pct,quantile,0.95,1.051998921347861
roanoke,2026-03-21,1,2026-03-28,Flu ED visits pct,quantile,0.95,2.4987492557600075
rochester,2026-03-21,1,2026-03-28,Flu ED visits pct,quantile,0.95,2.3705186342445135
rock-hill,2026-03-21,1,2026-03-28,Flu ED visits pct,quantile,0.95,1.978825985866221
rtp-area,2026-03-21,1,2026-03-28,Flu ED visits pct,quantile,0.95,1.417655953668052
salem,2026-03-21,1,2026-03-28,Flu ED visits pct,quantile,0.95,1.9290791598826773
salt-lake-city,2026-03-21,1,2026-03-28,Flu ED visits pct,quantile,0.95,1.0845572688821383
san-antonio,2026-03-21,1,2026-03-28,Flu ED visits pct,quantile,0.95,1.4199968676426062
savannah,2026-03-21,1,2026-03-28,Flu ED visits pct,quantile,0.95,0.6848692113927393
senc,2026-03-21,1,2026-03-28,Flu ED visits pct,quantile,0.95,1.1789179906440124
south-augusta,2026-03-21,1,2026-03-28,Flu ED visits pct,quantile,0.95,1.2732838893167648
south-carolina,2026-03-21,1,2026-03-28,Flu ED visits pct,quantile,0.95,1.4816606403705583
springfield,2026-03-21,1,2026-03-28,Flu ED visits pct,quantile,0.95,2.1474320357284107
st-cloud,2026-03-21,1,2026-03-28,Flu ED visits pct,quantile,0.95,2.6381828608773947
st-paul,2026-03-21,1,2026-03-28,Flu ED visits pct,quantile,0.95,2.3592390811688992
texas,2026-03-21,1,2026-03-28,Flu ED visits pct,quantile,0.95,1.489391497509502
triad-area,2026-03-21,1,2026-03-28,Flu ED visits pct,quantile,0.95,1.4965181141230497
utah,2026-03-21,1,2026-03-28,Flu ED visits pct,quantile,0.95,1.0113853638962573
virginia,2026-03-21,1,2026-03-28,Flu ED visits pct,quantile,0.95,2.1743291137016034
weld,2026-03-21,1,2026-03-28,Flu ED visits pct,quantile,0.95,4.173135115323
wnc,2026-03-21,1,2026-03-28,Flu ED visits pct,quantile,0.95,1.443135490207535
worcester,2026-03-21,1,2026-03-28,Flu ED visits pct,quantile,0.95,1.673908820706364
athens,2026-03-21,2,2026-04-04,Flu ED visits pct,quantile,0.95,2.0919421410884556
austin,2026-03-21,2,2026-04-04,Flu ED visits pct,quantile,0.95,1.1612628534053027
baltimore,2026-03-21,2,2026-04-04,Flu ED visits pct,quantile,0.95,1.195854633090384
bangor,2026-03-21,2,2026-04-04,Flu ED visits pct,quantile,0.95,1.9234479703665546
beaumont,2026-03-21,2,2026-04-04,Flu ED visits pct,quantile,0.95,1.2847764754447195
boston,2026-03-21,2,2026-04-04,Flu ED visits pct,quantile,0.95,1.4427637003926663
boulder,2026-03-21,2,2026-04-04,Flu ED visits pct,quantile,0.95,3.69481520622642
charleston,2026-03-21,2,2026-04-04,Flu ED visits pct,quantile,0.95,1.3981460244390391
cherokee,2026-03-21,2,2026-04-04,Flu ED visits pct,quantile,0.95,2.1922943383263376
clt-area,2026-03-21,2,2026-04-04,Flu ED visits pct,quantile,0.95,2.697937545902922
colorado,2026-03-21,2,2026-04-04,Flu ED visits pct,quantile,0.95,2.230051807663802
colorado-springs,2026-03-21,2,2026-04-04,Flu ED visits pct,quantile,0.95,1.9625601659560432
columbia,2026-03-21,2,2026-04-04,Flu ED visits pct,quantile,0.95,1.5485198355784298
columbus,2026-03-21,2,2026-04-04,Flu ED visits pct,quantile,0.95,1.194363169867064
dallas,2026-03-21,2,2026-04-04,Flu ED visits pct,quantile,0.95,1.269063496093553
denver,2026-03-21,2,2026-04-04,Flu ED visits pct,quantile,0.95,2.3469319313715835
deschutes,2026-03-21,2,2026-04-04,Flu ED visits pct,quantile,0.95,1.3924728551784522
duluth,2026-03-21,2,2026-04-04,Flu ED visits pct,quantile,0.95,2.665813241919144
el-paso,2026-03-21,2,2026-04-04,Flu ED visits pct,quantile,0.95,2.79126347651602
eugene,2026-03-21,2,2026-04-04,Flu ED visits pct,quantile,0.95,0.8466178015155711
fay-area,2026-03-21,2,2026-04-04,Flu ED visits pct,quantile,0.95,2.753273144324625
florence,2026-03-21,2,2026-04-04,Flu ED visits pct,quantile,0.95,1.1985677407149247
floyd,2026-03-21,2,2026-04-04,Flu ED visits pct,quantile,0.95,1.637797790116607
frederick,2026-03-21,2,2026-04-04,Flu ED visits pct,quantile,0.95,2.3671108170915525
georgia,2026-03-21,2,2026-04-04,Flu ED visits pct,quantile,0.95,1.1990070782267228
greenville,2026-03-21,2,2026-04-04,Flu ED visits pct,quantile,0.95,1.9013897151504149
hall,2026-03-21,2,2026-04-04,Flu ED visits pct,quantile,0.95,1.2904930461728288
harford,2026-03-21,2,2026-04-04,Flu ED visits pct,quantile,0.95,1.2341142190373748
henry,2026-03-21,2,2026-04-04,Flu ED visits pct,quantile,0.95,1.1662285013102571
horry,2026-03-21,2,2026-04-04,Flu ED visits pct,quantile,0.95,1.297767540788196
houston,2026-03-21,2,2026-04-04,Flu ED visits pct,quantile,0.95,0.8858011840594553
indiana,2026-03-21,2,2026-04-04,Flu ED visits pct,quantile,0.95,2.9014293317763884
indianapolis,2026-03-21,2,2026-04-04,Flu ED visits pct,quantile,0.95,2.8427223816458986
la-grange,2026-03-21,2,2026-04-04,Flu ED visits pct,quantile,0.95,1.2141615067802092
larimer,2026-03-21,2,2026-04-04,Flu ED visits pct,quantile,0.95,1.809215976214854
lynn,2026-03-21,2,2026-04-04,Flu ED visits pct,quantile,0.95,1.486495179603222
macon,2026-03-21,2,2026-04-04,Flu ED visits pct,quantile,0.95,1.139577041950573
maine,2026-03-21,2,2026-04-04,Flu ED visits pct,quantile,0.95,1.183783024621295
marietta,2026-03-21,2,2026-04-04,Flu ED visits pct,quantile,0.95,1.6482329963658124
maryland,2026-03-21,2,2026-04-04,Flu ED visits pct,quantile,0.95,1.29724722984487
massachusetts,2026-03-21,2,2026-04-04,Flu ED visits pct,quantile,0.95,1.4141159311491374
medford,2026-03-21,2,2026-04-04,Flu ED visits pct,quantile,0.95,0.7139448756312288
mesa,2026-03-21,2,2026-04-04,Flu ED visits pct,quantile,0.95,0.8426952239927812
minneapolis,2026-03-21,2,2026-04-04,Flu ED visits pct,quantile,0.95,3.1617359869685724
minnesota,2026-03-21,2,2026-04-04,Flu ED visits pct,quantile,0.95,2.647516398599994
montgomery,2026-03-21,2,2026-04-04,Flu ED visits pct,quantile,0.95,1.4959266848082982
nenc,2026-03-21,2,2026-04-04,Flu ED visits pct,quantile,0.95,1.710002460085803
new-bedford,2026-03-21,2,2026-04-04,Flu ED visits pct,quantile,0.95,1.8828273267072575
north-carolina,2026-03-21,2,2026-04-04,Flu ED visits pct,quantile,0.95,1.786547836323529
nyc,2026-03-21,2,2026-04-04,ILI ED visits pct,quantile,0.95,2.896977260060515
ogden,2026-03-21,2,2026-04-04,Flu ED visits pct,quantile,0.95,1.1617803534885363
oregon,2026-03-21,2,2026-04-04,Flu ED visits pct,quantile,0.95,1.3416455829312754
pittsfield,2026-03-21,2,2026-04-04,Flu ED visits pct,quantile,0.95,0.9480206266493698
portland,2026-03-21,2,2026-04-04,Flu ED visits pct,quantile,0.95,0.8932269526347034
portland-or,2026-03-21,2,2026-04-04,Flu ED visits pct,quantile,0.95,1.725965389486184
provo,2026-03-21,2,2026-04-04,Flu ED visits pct,quantile,0.95,1.0338102565670724
roanoke,2026-03-21,2,2026-04-04,Flu ED visits pct,quantile,0.95,2.408928458451139
rochester,2026-03-21,2,2026-04-04,Flu ED visits pct,quantile,0.95,2.197088501755287
rock-hill,2026-03-21,2,2026-04-04,Flu ED visits pct,quantile,0.95,1.9420421746643246
rtp-area,2026-03-21,2,2026-04-04,Flu ED visits pct,quantile,0.95,1.262926847333422
salem,2026-03-21,2,2026-04-04,Flu ED visits pct,quantile,0.95,1.7720463404456623
salt-lake-city,2026-03-21,2,2026-04-04,Flu ED visits pct,quantile,0.95,1.0464335780986405
san-antonio,2026-03-21,2,2026-04-04,Flu ED visits pct,quantile,0.95,1.3105159349353204
savannah,2026-03-21,2,2026-04-04,Flu ED visits pct,quantile,0.95,0.6652225856086345
senc,2026-03-21,2,2026-04-04,Flu ED visits pct,quantile,0.95,1.0719591235745118
south-augusta,2026-03-21,2,2026-04-04,Flu ED visits pct,quantile,0.95,1.161087038600645
south-carolina,2026-03-21,2,2026-04-04,Flu ED visits pct,quantile,0.95,1.4282888655743247
springfield,2026-03-21,2,2026-04-04,Flu ED visits pct,quantile,0.95,2.1358764542451842
st-cloud,2026-03-21,2,2026-04-04,Flu ED visits pct,quantile,0.95,2.504071511007947
st-paul,2026-03-21,2,2026-04-04,Flu ED visits pct,quantile,0.95,2.4349875583624776
texas,2026-03-21,2,2026-04-04,Flu ED visits pct,quantile,0.95,1.4554748123404389
triad-area,2026-03-21,2,2026-04-04,Flu ED visits pct,quantile,0.95,1.4270740307104783
utah,2026-03-21,2,2026-04-04,Flu ED visits pct,quantile,0.95,0.9915591088817703
virginia,2026-03-21,2,2026-04-04,Flu ED visits pct,quantile,0.95,2.1539982763509857
weld,2026-03-21,2,2026-04-04,Flu ED visits pct,quantile,0.95,4.072343831404206
wnc,2026-03-21,2,2026-04-04,Flu ED visits pct,quantile,0.95,1.2963181512721844
worcester,2026-03-21,2,2026-04-04,Flu ED visits pct,quantile,0.95,1.6441633607915869
athens,2026-03-21,3,2026-04-11,Flu ED visits pct,quantile,0.95,2.094353617272879
austin,2026-03-21,3,2026-04-11,Flu ED visits pct,quantile,0.95,1.1608801186264124
baltimore,2026-03-21,3,2026-04-11,Flu ED visits pct,quantile,0.95,1.2239555829622133
bangor,2026-03-21,3,2026-04-11,Flu ED visits pct,quantile,0.95,1.9204251901497946
beaumont,2026-03-21,3,2026-04-11,Flu ED visits pct,quantile,0.95,1.2849209950584368
boston,2026-03-21,3,2026-04-11,Flu ED visits pct,quantile,0.95,1.4625038953379208
boulder,2026-03-21,3,2026-04-11,Flu ED visits pct,quantile,0.95,3.673495485397264
charleston,2026-03-21,3,2026-04-11,Flu ED visits pct,quantile,0.95,1.3882254507552407
cherokee,2026-03-21,3,2026-04-11,Flu ED visits pct,quantile,0.95,2.181181680726454
clt-area,2026-03-21,3,2026-04-11,Flu ED visits pct,quantile,0.95,2.6820770659274107
colorado,2026-03-21,3,2026-04-11,Flu ED visits pct,quantile,0.95,2.2496659847381966
colorado-springs,2026-03-21,3,2026-04-11,Flu ED visits pct,quantile,0.95,1.9595080353762802
columbia,2026-03-21,3,2026-04-11,Flu ED visits pct,quantile,0.95,1.5529488995642609
columbus,2026-03-21,3,2026-04-11,Flu ED visits pct,quantile,0.95,1.191855546992559
dallas,2026-03-21,3,2026-04-11,Flu ED visits pct,quantile,0.95,1.2807805219785813
denver,2026-03-21,3,2026-04-11,Flu ED visits pct,quantile,0.95,2.3526134291542022
deschutes,2026-03-21,3,2026-04-11,Flu ED visits pct,quantile,0.95,1.3924728551784522
duluth,2026-03-21,3,2026-04-11,Flu ED visits pct,quantile,0.95,2.6872727685890148
el-paso,2026-03-21,3,2026-04-11,Flu ED visits pct,quantile,0.95,2.7695743544793054
eugene,2026-03-21,3,2026-04-11,Flu ED visits pct,quantile,0.95,0.8413998474595995
fay-area,2026-03-21,3,2026-04-11,Flu ED visits pct,quantile,0.95,2.724531314753874
florence,2026-03-21,3,2026-04-11,Flu ED visits pct,quantile,0.95,1.1963010454000758
floyd,2026-03-21,3,2026-04-11,Flu ED visits pct,quantile,0.95,1.6374728823566673
frederick,2026-03-21,3,2026-04-11,Flu ED visits pct,quantile,0.95,2.3720722901509177
georgia,2026-03-21,3,2026-04-11,Flu ED visits pct,quantile,0.95,1.2100007742109402
greenville,2026-03-21,3,2026-04-11,Flu ED visits pct,quantile,0.95,1.9034203137018637
hall,2026-03-21,3,2026-04-11,Flu ED visits pct,quantile,0.95,1.2873771963384026
harford,2026-03-21,3,2026-04-11,Flu ED visits pct,quantile,0.95,1.2315458802484514
henry,2026-03-21,3,2026-04-11,Flu ED visits pct,quantile,0.95,1.1666235959723321
horry,2026-03-21,3,2026-04-11,Flu ED visits pct,quantile,0.95,1.2927169515287322
houston,2026-03-21,3,2026-04-11,Flu ED visits pct,quantile,0.95,0.9033709239893346
indiana,2026-03-21,3,2026-04-11,Flu ED visits pct,quantile,0.95,2.9190594886954213
indianapolis,2026-03-21,3,2026-04-11,Flu ED visits pct,quantile,0.95,2.821262017871443
la-grange,2026-03-21,3,2026-04-11,Flu ED visits pct,quantile,0.95,1.2047013337947892
larimer,2026-03-21,3,2026-04-11,Flu ED visits pct,quantile,0.95,1.803051861875449
lynn,2026-03-21,3,2026-04-11,Flu ED visits pct,quantile,0.95,1.4832229169719622
macon,2026-03-21,3,2026-04-11,Flu ED visits pct,quantile,0.95,1.1356124748999623
maine,2026-03-21,3,2026-04-11,Flu ED visits pct,quantile,0.95,1.1918514312310873
marietta,2026-03-21,3,2026-04-11,Flu ED visits pct,quantile,0.95,1.6475871511023843
maryland,2026-03-21,3,2026-04-11,Flu ED visits pct,quantile,0.95,1.3291538225890005
massachusetts,2026-03-21,3,2026-04-11,Flu ED visits pct,quantile,0.95,1.4523758684251598
medford,2026-03-21,3,2026-04-11,Flu ED visits pct,quantile,0.95,0.7096351304062329
mesa,2026-03-21,3,2026-04-11,Flu ED visits pct,quantile,0.95,0.84223680809859
minneapolis,2026-03-21,3,2026-04-11,Flu ED visits pct,quantile,0.95,3.176398014653996
minnesota,2026-03-21,3,2026-04-11,Flu ED visits pct,quantile,0.95,2.6708918660118104
montgomery,2026-03-21,3,2026-04-11,Flu ED visits pct,quantile,0.95,1.5231781625497673
nenc,2026-03-21,3,2026-04-11,Flu ED visits pct,quantile,0.95,1.7009569188460412
new-bedford,2026-03-21,3,2026-04-11,Flu ED visits pct,quantile,0.95,1.8813259959624944
north-carolina,2026-03-21,3,2026-04-11,Flu ED visits pct,quantile,0.95,1.7819035667036403
nyc,2026-03-21,3,2026-04-11,ILI ED visits pct,quantile,0.95,2.9176905868654543
ogden,2026-03-21,3,2026-04-11,Flu ED visits pct,quantile,0.95,1.1561791651812865
oregon,2026-03-21,3,2026-04-11,Flu ED visits pct,quantile,0.95,1.3415533735155005
pittsfield,2026-03-21,3,2026-04-11,Flu ED visits pct,quantile,0.95,0.9421417146751869
portland,2026-03-21,3,2026-04-11,Flu ED visits pct,quantile,0.95,0.8912656743122743
portland-or,2026-03-21,3,2026-04-11,Flu ED visits pct,quantile,0.95,1.7181388244238236
provo,2026-03-21,3,2026-04-11,Flu ED visits pct,quantile,0.95,1.0326574546121317
roanoke,2026-03-21,3,2026-04-11,Flu ED visits pct,quantile,0.95,2.392070583164086
rochester,2026-03-21,3,2026-04-11,Flu ED visits pct,quantile,0.95,2.1915543903173687
rock-hill,2026-03-21,3,2026-04-11,Flu ED visits pct,quantile,0.95,1.937809320324878
rtp-area,2026-03-21,3,2026-04-11,Flu ED visits pct,quantile,0.95,1.2499370336640894
salem,2026-03-21,3,2026-04-11,Flu ED visits pct,quantile,0.95,1.7630128238260554
salt-lake-city,2026-03-21,3,2026-04-11,Flu ED visits pct,quantile,0.95,1.0510710690793754
san-antonio,2026-03-21,3,2026-04-11,Flu ED visits pct,quantile,0.95,1.301184074518158
savannah,2026-03-21,3,2026-04-11,Flu ED visits pct,quantile,0.95,0.6560235294657749
senc,2026-03-21,3,2026-04-11,Flu ED visits pct,quantile,0.95,1.0646453818131947
south-augusta,2026-03-21,3,2026-04-11,Flu ED visits pct,quantile,0.95,1.1597841139135097
south-carolina,2026-03-21,3,2026-04-11,Flu ED visits pct,quantile,0.95,1.427168729448972
springfield,2026-03-21,3,2026-04-11,Flu ED visits pct,quantile,0.95,2.14432678177659
st-cloud,2026-03-21,3,2026-04-11,Flu ED visits pct,quantile,0.95,2.4832227002705434
st-paul,2026-03-21,3,2026-04-11,Flu ED visits pct,quantile,0.95,2.4604532831530963
texas,2026-03-21,3,2026-04-11,Flu ED visits pct,quantile,0.95,1.4653435469876268
triad-area,2026-03-21,3,2026-04-11,Flu ED visits pct,quantile,0.95,1.4254599001141197
utah,2026-03-21,3,2026-04-11,Flu ED visits pct,quantile,0.95,0.9938420561879293
virginia,2026-03-21,3,2026-04-11,Flu ED visits pct,quantile,0.95,2.203411617885368
weld,2026-03-21,3,2026-04-11,Flu ED visits pct,quantile,0.95,4.0717096401047295
wnc,2026-03-21,3,2026-04-11,Flu ED visits pct,quantile,0.95,1.2912141448964287
worcester,2026-03-21,3,2026-04-11,Flu ED visits pct,quantile,0.95,1.6350672606456296
athens,2026-03-21,0,2026-03-21,Flu ED visits pct,quantile,0.975,2.540374514122679
austin,2026-03-21,0,2026-03-21,Flu ED visits pct,quantile,0.975,1.413261146364527
baltimore,2026-03-21,0,2026-03-21,Flu ED visits pct,quantile,0.975,1.3126428194247928
bangor,2026-03-21,0,2026-03-21,Flu ED visits pct,quantile,0.975,2.3358696896848423
beaumont,2026-03-21,0,2026-03-21,Flu ED visits pct,quantile,0.975,1.455161185024662
boston,2026-03-21,0,2026-03-21,Flu ED visits pct,quantile,0.975,1.6282002756512697
boulder,2026-03-21,0,2026-03-21,Flu ED visits pct,quantile,0.975,4.535333454745147
charleston,2026-03-21,0,2026-03-21,Flu ED visits pct,quantile,0.975,1.7662093620788915
cherokee,2026-03-21,0,2026-03-21,Flu ED visits pct,quantile,0.975,2.6212050022406457
clt-area,2026-03-21,0,2026-03-21,Flu ED visits pct,quantile,0.975,3.27165093279198
colorado,2026-03-21,0,2026-03-21,Flu ED visits pct,quantile,0.975,2.5959484499273473
colorado-springs,2026-03-21,0,2026-03-21,Flu ED visits pct,quantile,0.975,2.3718199603274894
columbia,2026-03-21,0,2026-03-21,Flu ED visits pct,quantile,0.975,1.8486663027235875
columbus,2026-03-21,0,2026-03-21,Flu ED visits pct,quantile,0.975,1.5277870018984285
dallas,2026-03-21,0,2026-03-21,Flu ED visits pct,quantile,0.975,1.5251035914221445
denver,2026-03-21,0,2026-03-21,Flu ED visits pct,quantile,0.975,2.7083432882285767
deschutes,2026-03-21,0,2026-03-21,Flu ED visits pct,quantile,0.975,1.6711450390077416
duluth,2026-03-21,0,2026-03-21,Flu ED visits pct,quantile,0.975,3.168527909656051
el-paso,2026-03-21,0,2026-03-21,Flu ED visits pct,quantile,0.975,2.9548814893929074
eugene,2026-03-21,0,2026-03-21,Flu ED visits pct,quantile,0.975,1.167478659021283
fay-area,2026-03-21,0,2026-03-21,Flu ED visits pct,quantile,0.975,3.396921226427069
florence,2026-03-21,0,2026-03-21,Flu ED visits pct,quantile,0.975,1.467447147761497
floyd,2026-03-21,0,2026-03-21,Flu ED visits pct,quantile,0.975,2.0017208315745445
frederick,2026-03-21,0,2026-03-21,Flu ED visits pct,quantile,0.975,2.620998888405236
georgia,2026-03-21,0,2026-03-21,Flu ED visits pct,quantile,0.975,1.437582684583915
greenville,2026-03-21,0,2026-03-21,Flu ED visits pct,quantile,0.975,2.3351293887926357
hall,2026-03-21,0,2026-03-21,Flu ED visits pct,quantile,0.975,1.5020900761195284
harford,2026-03-21,0,2026-03-21,Flu ED visits pct,quantile,0.975,1.303454166397981
henry,2026-03-21,0,2026-03-21,Flu ED visits pct,quantile,0.975,1.3432528260728969
horry,2026-03-21,0,2026-03-21,Flu ED visits pct,quantile,0.975,1.5489912892164075
houston,2026-03-21,0,2026-03-21,Flu ED visits pct,quantile,0.975,0.9585865883161923
indiana,2026-03-21,0,2026-03-21,Flu ED visits pct,quantile,0.975,3.505704508312323
indianapolis,2026-03-21,0,2026-03-21,Flu ED visits pct,quantile,0.975,3.5373593831037957
la-grange,2026-03-21,0,2026-03-21,Flu ED visits pct,quantile,0.975,1.4804367465130643
larimer,2026-03-21,0,2026-03-21,Flu ED visits pct,quantile,0.975,2.171263819821192
lynn,2026-03-21,0,2026-03-21,Flu ED visits pct,quantile,0.975,1.6641563779000796
macon,2026-03-21,0,2026-03-21,Flu ED visits pct,quantile,0.975,1.3413003878848142
maine,2026-03-21,0,2026-03-21,Flu ED visits pct,quantile,0.975,1.4088051785499622
marietta,2026-03-21,0,2026-03-21,Flu ED visits pct,quantile,0.975,1.9549746412586426
maryland,2026-03-21,0,2026-03-21,Flu ED visits pct,quantile,0.975,1.4429382137908733
massachusetts,2026-03-21,0,2026-03-21,Flu ED visits pct,quantile,0.975,1.6364057127019478
medford,2026-03-21,0,2026-03-21,Flu ED visits pct,quantile,0.975,1.0352718301417723
mesa,2026-03-21,0,2026-03-21,Flu ED visits pct,quantile,0.975,1.0004263069309263
minneapolis,2026-03-21,0,2026-03-21,Flu ED visits pct,quantile,0.975,3.3979779353047723
minnesota,2026-03-21,0,2026-03-21,Flu ED visits pct,quantile,0.975,2.9822333441038733
montgomery,2026-03-21,0,2026-03-21,Flu ED visits pct,quantile,0.975,1.6335410481523742
nenc,2026-03-21,0,2026-03-21,Flu ED visits pct,quantile,0.975,2.096984498928003
new-bedford,2026-03-21,0,2026-03-21,Flu ED visits pct,quantile,0.975,2.099802874930817
north-carolina,2026-03-21,0,2026-03-21,Flu ED visits pct,quantile,0.975,2.22443868405731
nyc,2026-03-21,0,2026-03-21,ILI ED visits pct,quantile,0.975,3.189104905214014
ogden,2026-03-21,0,2026-03-21,Flu ED visits pct,quantile,0.975,1.4285133665154626
oregon,2026-03-21,0,2026-03-21,Flu ED visits pct,quantile,0.975,1.6734222040281796
pittsfield,2026-03-21,0,2026-03-21,Flu ED visits pct,quantile,0.975,0.9487003232219656
portland,2026-03-21,0,2026-03-21,Flu ED visits pct,quantile,0.975,1.067510514852996
portland-or,2026-03-21,0,2026-03-21,Flu ED visits pct,quantile,0.975,2.1293101635829528
provo,2026-03-21,0,2026-03-21,Flu ED visits pct,quantile,0.975,1.2142391978522569
roanoke,2026-03-21,0,2026-03-21,Flu ED visits pct,quantile,0.975,2.9404627624496045
rochester,2026-03-21,0,2026-03-21,Flu ED visits pct,quantile,0.975,2.6976565453225665
rock-hill,2026-03-21,0,2026-03-21,Flu ED visits pct,quantile,0.975,2.1667394613603763
rtp-area,2026-03-21,0,2026-03-21,Flu ED visits pct,quantile,0.975,1.600449161067064
salem,2026-03-21,0,2026-03-21,Flu ED visits pct,quantile,0.975,2.253326800987383
salt-lake-city,2026-03-21,0,2026-03-21,Flu ED visits pct,quantile,0.975,1.2746236800901358
san-antonio,2026-03-21,0,2026-03-21,Flu ED visits pct,quantile,0.975,1.7160186283605672
savannah,2026-03-21,0,2026-03-21,Flu ED visits pct,quantile,0.975,0.8869410034683566
senc,2026-03-21,0,2026-03-21,Flu ED visits pct,quantile,0.975,1.3418005737329628
south-augusta,2026-03-21,0,2026-03-21,Flu ED visits pct,quantile,0.975,1.5035829210387
south-carolina,2026-03-21,0,2026-03-21,Flu ED visits pct,quantile,0.975,1.7334515012800205
springfield,2026-03-21,0,2026-03-21,Flu ED visits pct,quantile,0.975,2.352483209005943
st-cloud,2026-03-21,0,2026-03-21,Flu ED visits pct,quantile,0.975,3.0812106220651785
st-paul,2026-03-21,0,2026-03-21,Flu ED visits pct,quantile,0.975,2.572369379925594
texas,2026-03-21,0,2026-03-21,Flu ED visits pct,quantile,0.975,1.7218420607429474
triad-area,2026-03-21,0,2026-03-21,Flu ED visits pct,quantile,0.975,1.7061460519086333
utah,2026-03-21,0,2026-03-21,Flu ED visits pct,quantile,0.975,1.216066737499691
virginia,2026-03-21,0,2026-03-21,Flu ED visits pct,quantile,0.975,2.4599739526523297
weld,2026-03-21,0,2026-03-21,Flu ED visits pct,quantile,0.975,4.935537428230475
wnc,2026-03-21,0,2026-03-21,Flu ED visits pct,quantile,0.975,1.6655542401537595
worcester,2026-03-21,0,2026-03-21,Flu ED visits pct,quantile,0.975,1.82478034861546
athens,2026-03-21,1,2026-03-28,Flu ED visits pct,quantile,0.975,2.5245079800477366
austin,2026-03-21,1,2026-03-28,Flu ED visits pct,quantile,0.975,1.4065691568215317
baltimore,2026-03-21,1,2026-03-28,Flu ED visits pct,quantile,0.975,1.3457651917215834
bangor,2026-03-21,1,2026-03-28,Flu ED visits pct,quantile,0.975,2.319739804003845
beaumont,2026-03-21,1,2026-03-28,Flu ED visits pct,quantile,0.975,1.4570775688716788
boston,2026-03-21,1,2026-03-28,Flu ED visits pct,quantile,0.975,1.6367919255942225
boulder,2026-03-21,1,2026-03-28,Flu ED visits pct,quantile,0.975,4.4840360190569255
charleston,2026-03-21,1,2026-03-28,Flu ED visits pct,quantile,0.975,1.7187957257027489
cherokee,2026-03-21,1,2026-03-28,Flu ED visits pct,quantile,0.975,2.608887332413514
clt-area,2026-03-21,1,2026-03-28,Flu ED visits pct,quantile,0.975,3.1983137813963607
colorado,2026-03-21,1,2026-03-28,Flu ED visits pct,quantile,0.975,2.5695948110191984
colorado-springs,2026-03-21,1,2026-03-28,Flu ED visits pct,quantile,0.975,2.352543653793523
columbia,2026-03-21,1,2026-03-28,Flu ED visits pct,quantile,0.975,1.8440646561580105
columbus,2026-03-21,1,2026-03-28,Flu ED visits pct,quantile,0.975,1.4711412565512914
dallas,2026-03-21,1,2026-03-28,Flu ED visits pct,quantile,0.975,1.5203582477179225
denver,2026-03-21,1,2026-03-28,Flu ED visits pct,quantile,0.975,2.7146102313178466
deschutes,2026-03-21,1,2026-03-28,Flu ED visits pct,quantile,0.975,1.6611637842512104
duluth,2026-03-21,1,2026-03-28,Flu ED visits pct,quantile,0.975,3.177063356254223
el-paso,2026-03-21,1,2026-03-28,Flu ED visits pct,quantile,0.975,3.0610922414340416
eugene,2026-03-21,1,2026-03-28,Flu ED visits pct,quantile,0.975,1.1496003596839532
fay-area,2026-03-21,1,2026-03-28,Flu ED visits pct,quantile,0.975,3.3189188080463805
florence,2026-03-21,1,2026-03-28,Flu ED visits pct,quantile,0.975,1.46233852137083
floyd,2026-03-21,1,2026-03-28,Flu ED visits pct,quantile,0.975,1.9966506187415825
frederick,2026-03-21,1,2026-03-28,Flu ED visits pct,quantile,0.975,2.681315011699384
georgia,2026-03-21,1,2026-03-28,Flu ED visits pct,quantile,0.975,1.4303950370586047
greenville,2026-03-21,1,2026-03-28,Flu ED visits pct,quantile,0.975,2.3218839643636033
hall,2026-03-21,1,2026-03-28,Flu ED visits pct,quantile,0.975,1.4972852298318995
harford,2026-03-21,1,2026-03-28,Flu ED visits pct,quantile,0.975,1.3074952059304878
henry,2026-03-21,1,2026-03-28,Flu ED visits pct,quantile,0.975,1.34614234731049
horry,2026-03-21,1,2026-03-28,Flu ED visits pct,quantile,0.975,1.5434980183567142
houston,2026-03-21,1,2026-03-28,Flu ED visits pct,quantile,0.975,0.956151689257784
indiana,2026-03-21,1,2026-03-28,Flu ED visits pct,quantile,0.975,3.437211313015545
indianapolis,2026-03-21,1,2026-03-28,Flu ED visits pct,quantile,0.975,3.456015439018325
la-grange,2026-03-21,1,2026-03-28,Flu ED visits pct,quantile,0.975,1.4674371886031439
larimer,2026-03-21,1,2026-03-28,Flu ED visits pct,quantile,0.975,2.1581342456059427
lynn,2026-03-21,1,2026-03-28,Flu ED visits pct,quantile,0.975,1.6596413347905343
macon,2026-03-21,1,2026-03-28,Flu ED visits pct,quantile,0.975,1.3369283086900339
maine,2026-03-21,1,2026-03-28,Flu ED visits pct,quantile,0.975,1.40655937493597
marietta,2026-03-21,1,2026-03-28,Flu ED visits pct,quantile,0.975,1.9435099226653891
maryland,2026-03-21,1,2026-03-28,Flu ED visits pct,quantile,0.975,1.458391989635956
massachusetts,2026-03-21,1,2026-03-28,Flu ED visits pct,quantile,0.975,1.643078594368903
medford,2026-03-21,1,2026-03-28,Flu ED visits pct,quantile,0.975,1.016728750871527
mesa,2026-03-21,1,2026-03-28,Flu ED visits pct,quantile,0.975,0.9883669722544005
minneapolis,2026-03-21,1,2026-03-28,Flu ED visits pct,quantile,0.975,3.4570479167316828
minnesota,2026-03-21,1,2026-03-28,Flu ED visits pct,quantile,0.975,3.00055471677149
montgomery,2026-03-21,1,2026-03-28,Flu ED visits pct,quantile,0.975,1.657977845054304
nenc,2026-03-21,1,2026-03-28,Flu ED visits pct,quantile,0.975,2.050848747516398
new-bedford,2026-03-21,1,2026-03-28,Flu ED visits pct,quantile,0.975,2.1265334357791223
north-carolina,2026-03-21,1,2026-03-28,Flu ED visits pct,quantile,0.975,2.181068605710572
nyc,2026-03-21,1,2026-03-28,ILI ED visits pct,quantile,0.975,3.1889145648885537
ogden,2026-03-21,1,2026-03-28,Flu ED visits pct,quantile,0.975,1.4182767887035925
oregon,2026-03-21,1,2026-03-28,Flu ED visits pct,quantile,0.975,1.6462561136550995
pittsfield,2026-03-21,1,2026-03-28,Flu ED visits pct,quantile,0.975,0.9677052019029994
portland,2026-03-21,1,2026-03-28,Flu ED visits pct,quantile,0.975,1.0649797749527226
portland-or,2026-03-21,1,2026-03-28,Flu ED visits pct,quantile,0.975,2.0827699365378805
provo,2026-03-21,1,2026-03-28,Flu ED visits pct,quantile,0.975,1.2189601472844551
roanoke,2026-03-21,1,2026-03-28,Flu ED visits pct,quantile,0.975,2.9246433494640858
rochester,2026-03-21,1,2026-03-28,Flu ED visits pct,quantile,0.975,2.633105637814354
rock-hill,2026-03-21,1,2026-03-28,Flu ED visits pct,quantile,0.975,2.1573079345691997
rtp-area,2026-03-21,1,2026-03-28,Flu ED visits pct,quantile,0.975,1.5620131668179422
salem,2026-03-21,1,2026-03-28,Flu ED visits pct,quantile,0.975,2.189193764225546
salt-lake-city,2026-03-21,1,2026-03-28,Flu ED visits pct,quantile,0.975,1.2646272533461844
san-antonio,2026-03-21,1,2026-03-28,Flu ED visits pct,quantile,0.975,1.66959404020524
savannah,2026-03-21,1,2026-03-28,Flu ED visits pct,quantile,0.975,0.8722207746662455
senc,2026-03-21,1,2026-03-28,Flu ED visits pct,quantile,0.975,1.3147575795852262
south-augusta,2026-03-21,1,2026-03-28,Flu ED visits pct,quantile,0.975,1.46980348098
south-carolina,2026-03-21,1,2026-03-28,Flu ED visits pct,quantile,0.975,1.7330030599380315
springfield,2026-03-21,1,2026-03-28,Flu ED visits pct,quantile,0.975,2.3562743999041302
st-cloud,2026-03-21,1,2026-03-28,Flu ED visits pct,quantile,0.975,3.0398935671981655
st-paul,2026-03-21,1,2026-03-28,Flu ED visits pct,quantile,0.975,2.652033973657516
texas,2026-03-21,1,2026-03-28,Flu ED visits pct,quantile,0.975,1.7260845928738584
triad-area,2026-03-21,1,2026-03-28,Flu ED visits pct,quantile,0.975,1.6846071426651592
utah,2026-03-21,1,2026-03-28,Flu ED visits pct,quantile,0.975,1.2115845261443339
virginia,2026-03-21,1,2026-03-28,Flu ED visits pct,quantile,0.975,2.4722616932261743
weld,2026-03-21,1,2026-03-28,Flu ED visits pct,quantile,0.975,4.971363744760292
wnc,2026-03-21,1,2026-03-28,Flu ED visits pct,quantile,0.975,1.6136785095654564
worcester,2026-03-21,1,2026-03-28,Flu ED visits pct,quantile,0.975,1.8211538259824553
athens,2026-03-21,2,2026-04-04,Flu ED visits pct,quantile,0.975,2.5446867459253126
austin,2026-03-21,2,2026-04-04,Flu ED visits pct,quantile,0.975,1.3999367815656982
baltimore,2026-03-21,2,2026-04-04,Flu ED visits pct,quantile,0.975,1.3852569015193594
bangor,2026-03-21,2,2026-04-04,Flu ED visits pct,quantile,0.975,2.3148029084580934
beaumont,2026-03-21,2,2026-04-04,Flu ED visits pct,quantile,0.975,1.4635917147221154
boston,2026-03-21,2,2026-04-04,Flu ED visits pct,quantile,0.975,1.6552537969929246
boulder,2026-03-21,2,2026-04-04,Flu ED visits pct,quantile,0.975,4.4686336023360225
charleston,2026-03-21,2,2026-04-04,Flu ED visits pct,quantile,0.975,1.70504666411501
cherokee,2026-03-21,2,2026-04-04,Flu ED visits pct,quantile,0.975,2.622961771422983
clt-area,2026-03-21,2,2026-04-04,Flu ED visits pct,quantile,0.975,3.1763090566823706
colorado,2026-03-21,2,2026-04-04,Flu ED visits pct,quantile,0.975,2.6519773708388295
colorado-springs,2026-03-21,2,2026-04-04,Flu ED visits pct,quantile,0.975,2.3397165835612417
columbia,2026-03-21,2,2026-04-04,Flu ED visits pct,quantile,0.975,1.8587707384767669
columbus,2026-03-21,2,2026-04-04,Flu ED visits pct,quantile,0.975,1.4515271272232717
dallas,2026-03-21,2,2026-04-04,Flu ED visits pct,quantile,0.975,1.5162194783472416
denver,2026-03-21,2,2026-04-04,Flu ED visits pct,quantile,0.975,2.7623725933284122
deschutes,2026-03-21,2,2026-04-04,Flu ED visits pct,quantile,0.975,1.629878543224814
duluth,2026-03-21,2,2026-04-04,Flu ED visits pct,quantile,0.975,3.223292993950972
el-paso,2026-03-21,2,2026-04-04,Flu ED visits pct,quantile,0.975,3.1691361729819745
eugene,2026-03-21,2,2026-04-04,Flu ED visits pct,quantile,0.975,1.1430162073284402
fay-area,2026-03-21,2,2026-04-04,Flu ED visits pct,quantile,0.975,3.2605998692121254
florence,2026-03-21,2,2026-04-04,Flu ED visits pct,quantile,0.975,1.464083702082597
floyd,2026-03-21,2,2026-04-04,Flu ED visits pct,quantile,0.975,1.9761023653702576
frederick,2026-03-21,2,2026-04-04,Flu ED visits pct,quantile,0.975,2.7082506457769826
georgia,2026-03-21,2,2026-04-04,Flu ED visits pct,quantile,0.975,1.4415047293944137
greenville,2026-03-21,2,2026-04-04,Flu ED visits pct,quantile,0.975,2.310199258855041
hall,2026-03-21,2,2026-04-04,Flu ED visits pct,quantile,0.975,1.4927007979454745
harford,2026-03-21,2,2026-04-04,Flu ED visits pct,quantile,0.975,1.352338436987532
henry,2026-03-21,2,2026-04-04,Flu ED visits pct,quantile,0.975,1.3430760388336105
horry,2026-03-21,2,2026-04-04,Flu ED visits pct,quantile,0.975,1.5453093903413544
houston,2026-03-21,2,2026-04-04,Flu ED visits pct,quantile,0.975,0.9655416674749344
indiana,2026-03-21,2,2026-04-04,Flu ED visits pct,quantile,0.975,3.4528667096823247
indianapolis,2026-03-21,2,2026-04-04,Flu ED visits pct,quantile,0.975,3.4286086689200697
la-grange,2026-03-21,2,2026-04-04,Flu ED visits pct,quantile,0.975,1.465993153117292
larimer,2026-03-21,2,2026-04-04,Flu ED visits pct,quantile,0.975,2.1568345695871978
lynn,2026-03-21,2,2026-04-04,Flu ED visits pct,quantile,0.975,1.666586703376741
macon,2026-03-21,2,2026-04-04,Flu ED visits pct,quantile,0.975,1.3221696556099531
maine,2026-03-21,2,2026-04-04,Flu ED visits pct,quantile,0.975,1.4216288935446801
marietta,2026-03-21,2,2026-04-04,Flu ED visits pct,quantile,0.975,1.9521887445015327
maryland,2026-03-21,2,2026-04-04,Flu ED visits pct,quantile,0.975,1.495133237695333
massachusetts,2026-03-21,2,2026-04-04,Flu ED visits pct,quantile,0.975,1.6655735335648805
medford,2026-03-21,2,2026-04-04,Flu ED visits pct,quantile,0.975,1.0434405287081827
mesa,2026-03-21,2,2026-04-04,Flu ED visits pct,quantile,0.975,0.9893463781379085
minneapolis,2026-03-21,2,2026-04-04,Flu ED visits pct,quantile,0.975,3.5756206762598044
minnesota,2026-03-21,2,2026-04-04,Flu ED visits pct,quantile,0.975,3.0386927668404216
montgomery,2026-03-21,2,2026-04-04,Flu ED visits pct,quantile,0.975,1.716349962650325
nenc,2026-03-21,2,2026-04-04,Flu ED visits pct,quantile,0.975,2.0278055131330928
new-bedford,2026-03-21,2,2026-04-04,Flu ED visits pct,quantile,0.975,2.1491573246507953
north-carolina,2026-03-21,2,2026-04-04,Flu ED visits pct,quantile,0.975,2.169326290176907
nyc,2026-03-21,2,2026-04-04,ILI ED visits pct,quantile,0.975,3.2288748060725445
ogden,2026-03-21,2,2026-04-04,Flu ED visits pct,quantile,0.975,1.4096646878887222
oregon,2026-03-21,2,2026-04-04,Flu ED visits pct,quantile,0.975,1.633644531756396
pittsfield,2026-03-21,2,2026-04-04,Flu ED visits pct,quantile,0.975,0.9936131466524745
portland,2026-03-21,2,2026-04-04,Flu ED visits pct,quantile,0.975,1.0635063451652618
portland-or,2026-03-21,2,2026-04-04,Flu ED visits pct,quantile,0.975,2.0616048756248153
provo,2026-03-21,2,2026-04-04,Flu ED visits pct,quantile,0.975,1.2356716802721537
roanoke,2026-03-21,2,2026-04-04,Flu ED visits pct,quantile,0.975,3.0041487388385124
rochester,2026-03-21,2,2026-04-04,Flu ED visits pct,quantile,0.975,2.603584720248039
rock-hill,2026-03-21,2,2026-04-04,Flu ED visits pct,quantile,0.975,2.170639741908979
rtp-area,2026-03-21,2,2026-04-04,Flu ED visits pct,quantile,0.975,1.532041308326043
salem,2026-03-21,2,2026-04-04,Flu ED visits pct,quantile,0.975,2.177721349232607
salt-lake-city,2026-03-21,2,2026-04-04,Flu ED visits pct,quantile,0.975,1.2693687476904094
san-antonio,2026-03-21,2,2026-04-04,Flu ED visits pct,quantile,0.975,1.6701397427551958
savannah,2026-03-21,2,2026-04-04,Flu ED visits pct,quantile,0.975,0.9150578171914456
senc,2026-03-21,2,2026-04-04,Flu ED visits pct,quantile,0.975,1.2916531505854918
south-augusta,2026-03-21,2,2026-04-04,Flu ED visits pct,quantile,0.975,1.448230517589642
south-carolina,2026-03-21,2,2026-04-04,Flu ED visits pct,quantile,0.975,1.7424265182002276
springfield,2026-03-21,2,2026-04-04,Flu ED visits pct,quantile,0.975,2.3991292044012877
st-cloud,2026-03-21,2,2026-04-04,Flu ED visits pct,quantile,0.975,3.0277758856120434
st-paul,2026-03-21,2,2026-04-04,Flu ED visits pct,quantile,0.975,2.7608148981337415
texas,2026-03-21,2,2026-04-04,Flu ED visits pct,quantile,0.975,1.729311086551796
triad-area,2026-03-21,2,2026-04-04,Flu ED visits pct,quantile,0.975,1.6757728355160109
utah,2026-03-21,2,2026-04-04,Flu ED visits pct,quantile,0.975,1.2156612324869107
virginia,2026-03-21,2,2026-04-04,Flu ED visits pct,quantile,0.975,2.5365995134757986
weld,2026-03-21,2,2026-04-04,Flu ED visits pct,quantile,0.975,5.000008357789806
wnc,2026-03-21,2,2026-04-04,Flu ED visits pct,quantile,0.975,1.5967902822191853
worcester,2026-03-21,2,2026-04-04,Flu ED visits pct,quantile,0.975,1.8374241034216803
athens,2026-03-21,3,2026-04-11,Flu ED visits pct,quantile,0.975,2.595904013127081
austin,2026-03-21,3,2026-04-11,Flu ED visits pct,quantile,0.975,1.4512168296887096
baltimore,2026-03-21,3,2026-04-11,Flu ED visits pct,quantile,0.975,1.4706909905729617
bangor,2026-03-21,3,2026-04-11,Flu ED visits pct,quantile,0.975,2.3572898001031373
beaumont,2026-03-21,3,2026-04-11,Flu ED visits pct,quantile,0.975,1.5103456439105722
boston,2026-03-21,3,2026-04-11,Flu ED visits pct,quantile,0.975,1.720336330507437
boulder,2026-03-21,3,2026-04-11,Flu ED visits pct,quantile,0.975,4.5101428559799075
charleston,2026-03-21,3,2026-04-11,Flu ED visits pct,quantile,0.975,1.7455702918451819
cherokee,2026-03-21,3,2026-04-11,Flu ED visits pct,quantile,0.975,2.7016516479819517
clt-area,2026-03-21,3,2026-04-11,Flu ED visits pct,quantile,0.975,3.15793401027747
colorado,2026-03-21,3,2026-04-11,Flu ED visits pct,quantile,0.975,2.7572950410018655
colorado-springs,2026-03-21,3,2026-04-11,Flu ED visits pct,quantile,0.975,2.397046986382299
columbia,2026-03-21,3,2026-04-11,Flu ED visits pct,quantile,0.975,1.9212368816966479
columbus,2026-03-21,3,2026-04-11,Flu ED visits pct,quantile,0.975,1.4634997305290156
dallas,2026-03-21,3,2026-04-11,Flu ED visits pct,quantile,0.975,1.5889679837375186
denver,2026-03-21,3,2026-04-11,Flu ED visits pct,quantile,0.975,2.9043250911281415
deschutes,2026-03-21,3,2026-04-11,Flu ED visits pct,quantile,0.975,1.635904689433369
duluth,2026-03-21,3,2026-04-11,Flu ED visits pct,quantile,0.975,3.3136405842650243
el-paso,2026-03-21,3,2026-04-11,Flu ED visits pct,quantile,0.975,3.2260895536025096
eugene,2026-03-21,3,2026-04-11,Flu ED visits pct,quantile,0.975,1.1641675516758887
fay-area,2026-03-21,3,2026-04-11,Flu ED visits pct,quantile,0.975,3.274530260964492
florence,2026-03-21,3,2026-04-11,Flu ED visits pct,quantile,0.975,1.5268236236314972
floyd,2026-03-21,3,2026-04-11,Flu ED visits pct,quantile,0.975,2.043989762901216
frederick,2026-03-21,3,2026-04-11,Flu ED visits pct,quantile,0.975,2.896153929474729
georgia,2026-03-21,3,2026-04-11,Flu ED visits pct,quantile,0.975,1.525378915203468
greenville,2026-03-21,3,2026-04-11,Flu ED visits pct,quantile,0.975,2.391824390082086
hall,2026-03-21,3,2026-04-11,Flu ED visits pct,quantile,0.975,1.5337757310414493
harford,2026-03-21,3,2026-04-11,Flu ED visits pct,quantile,0.975,1.4061939355799797
henry,2026-03-21,3,2026-04-11,Flu ED visits pct,quantile,0.975,1.385441245774851
horry,2026-03-21,3,2026-04-11,Flu ED visits pct,quantile,0.975,1.5958944272093258
houston,2026-03-21,3,2026-04-11,Flu ED visits pct,quantile,0.975,1.032542319927988
indiana,2026-03-21,3,2026-04-11,Flu ED visits pct,quantile,0.975,3.5317286270443202
indianapolis,2026-03-21,3,2026-04-11,Flu ED visits pct,quantile,0.975,3.443232911680552
la-grange,2026-03-21,3,2026-04-11,Flu ED visits pct,quantile,0.975,1.4903683666442695
larimer,2026-03-21,3,2026-04-11,Flu ED visits pct,quantile,0.975,2.2117497196191787
lynn,2026-03-21,3,2026-04-11,Flu ED visits pct,quantile,0.975,1.728910231431067
macon,2026-03-21,3,2026-04-11,Flu ED visits pct,quantile,0.975,1.3434202161292519
maine,2026-03-21,3,2026-04-11,Flu ED visits pct,quantile,0.975,1.4978401181294696
marietta,2026-03-21,3,2026-04-11,Flu ED visits pct,quantile,0.975,2.026412453384744
maryland,2026-03-21,3,2026-04-11,Flu ED visits pct,quantile,0.975,1.5770450565786136
massachusetts,2026-03-21,3,2026-04-11,Flu ED visits pct,quantile,0.975,1.752390317980634
medford,2026-03-21,3,2026-04-11,Flu ED visits pct,quantile,0.975,1.0932751693645801
mesa,2026-03-21,3,2026-04-11,Flu ED visits pct,quantile,0.975,1.0275697930400134
minneapolis,2026-03-21,3,2026-04-11,Flu ED visits pct,quantile,0.975,3.69248441468254
minnesota,2026-03-21,3,2026-04-11,Flu ED visits pct,quantile,0.975,3.21103973776702
montgomery,2026-03-21,3,2026-04-11,Flu ED visits pct,quantile,0.975,1.7988110265130932
nenc,2026-03-21,3,2026-04-11,Flu ED visits pct,quantile,0.975,2.0492337596316523
new-bedford,2026-03-21,3,2026-04-11,Flu ED visits pct,quantile,0.975,2.2179215307320823
north-carolina,2026-03-21,3,2026-04-11,Flu ED visits pct,quantile,0.975,2.1837310257179485
nyc,2026-03-21,3,2026-04-11,ILI ED visits pct,quantile,0.975,3.392749856647745
ogden,2026-03-21,3,2026-04-11,Flu ED visits pct,quantile,0.975,1.4664189655605582
oregon,2026-03-21,3,2026-04-11,Flu ED visits pct,quantile,0.975,1.6436010345634897
pittsfield,2026-03-21,3,2026-04-11,Flu ED visits pct,quantile,0.975,1.0307737070782976
portland,2026-03-21,3,2026-04-11,Flu ED visits pct,quantile,0.975,1.094728827536098
portland-or,2026-03-21,3,2026-04-11,Flu ED visits pct,quantile,0.975,2.0799881930421016
provo,2026-03-21,3,2026-04-11,Flu ED visits pct,quantile,0.975,1.2930858985427907
roanoke,2026-03-21,3,2026-04-11,Flu ED visits pct,quantile,0.975,3.104540811919754
rochester,2026-03-21,3,2026-04-11,Flu ED visits pct,quantile,0.975,2.637457990714706
rock-hill,2026-03-21,3,2026-04-11,Flu ED visits pct,quantile,0.975,2.242297834975922
rtp-area,2026-03-21,3,2026-04-11,Flu ED visits pct,quantile,0.975,1.5539040206734012
salem,2026-03-21,3,2026-04-11,Flu ED visits pct,quantile,0.975,2.1750364849167627
salt-lake-city,2026-03-21,3,2026-04-11,Flu ED visits pct,quantile,0.975,1.323935629989907
san-antonio,2026-03-21,3,2026-04-11,Flu ED visits pct,quantile,0.975,1.6779524753745354
savannah,2026-03-21,3,2026-04-11,Flu ED visits pct,quantile,0.975,0.9549962911001385
senc,2026-03-21,3,2026-04-11,Flu ED visits pct,quantile,0.975,1.2997661938905551
south-augusta,2026-03-21,3,2026-04-11,Flu ED visits pct,quantile,0.975,1.4612239963740137
south-carolina,2026-03-21,3,2026-04-11,Flu ED visits pct,quantile,0.975,1.8545522613205347
springfield,2026-03-21,3,2026-04-11,Flu ED visits pct,quantile,0.975,2.4854451480055615
st-cloud,2026-03-21,3,2026-04-11,Flu ED visits pct,quantile,0.975,3.1134034564259716
st-paul,2026-03-21,3,2026-04-11,Flu ED visits pct,quantile,0.975,2.8960673711193374
texas,2026-03-21,3,2026-04-11,Flu ED visits pct,quantile,0.975,1.837333125308546
triad-area,2026-03-21,3,2026-04-11,Flu ED visits pct,quantile,0.975,1.7330854138389695
utah,2026-03-21,3,2026-04-11,Flu ED visits pct,quantile,0.975,1.2824715180370712
virginia,2026-03-21,3,2026-04-11,Flu ED visits pct,quantile,0.975,2.684162764691734
weld,2026-03-21,3,2026-04-11,Flu ED visits pct,quantile,0.975,5.028174152764102
wnc,2026-03-21,3,2026-04-11,Flu ED visits pct,quantile,0.975,1.6094858321927996
worcester,2026-03-21,3,2026-04-11,Flu ED visits pct,quantile,0.975,1.9238802880508479
