location,reference_date,horizon,target_end_date,target,output_type,output_type_id,value
athens,2026-03-28,0,2026-03-28,Flu ED visits pct,quantile,0.025,0.2743465605568276
austin,2026-03-28,0,2026-03-28,Flu ED visits pct,quantile,0.025,0.4012754765556245
baltimore,2026-03-28,0,2026-03-28,Flu ED visits pct,quantile,0.025,0.4722296460872421
bangor,2026-03-28,0,2026-03-28,Flu ED visits pct,quantile,0.025,0.26893479801861564
beaumont,2026-03-28,0,2026-03-28,Flu ED visits pct,quantile,0.025,0.24592904415448064
boston,2026-03-28,0,2026-03-28,Flu ED visits pct,quantile,0.025,0.6252172814204312
boulder,2026-03-28,0,2026-03-28,Flu ED visits pct,quantile,0.025,0.9215831011820929
charleston,2026-03-28,0,2026-03-28,Flu ED visits pct,quantile,0.025,0.3501403876318383
cherokee,2026-03-28,0,2026-03-28,Flu ED visits pct,quantile,0.025,0.3328395598845735
clt-area,2026-03-28,0,2026-03-28,Flu ED visits pct,quantile,0.025,0.95494737633941
colorado,2026-03-28,0,2026-03-28,Flu ED visits pct,quantile,0.025,0.8777865346378466
colorado-springs,2026-03-28,0,2026-03-28,Flu ED visits pct,quantile,0.025,0.8059451218557889
columbia,2026-03-28,0,2026-03-28,Flu ED visits pct,quantile,0.025,0.2063183377379063
columbus,2026-03-28,0,2026-03-28,Flu ED visits pct,quantile,0.025,0.28640080518157895
dallas,2026-03-28,0,2026-03-28,Flu ED visits pct,quantile,0.025,0.41261725342643346
denver,2026-03-28,0,2026-03-28,Flu ED visits pct,quantile,0.025,0.9484730500828762
deschutes,2026-03-28,0,2026-03-28,Flu ED visits pct,quantile,0.025,0.5876799700274106
duluth,2026-03-28,0,2026-03-28,Flu ED visits pct,quantile,0.025,0.7792530883244422
el-paso,2026-03-28,0,2026-03-28,Flu ED visits pct,quantile,0.025,0.5886374247717335
eugene,2026-03-28,0,2026-03-28,Flu ED visits pct,quantile,0.025,0.16535805606897055
fay-area,2026-03-28,0,2026-03-28,Flu ED visits pct,quantile,0.025,1.0214256563655577
florence,2026-03-28,0,2026-03-28,Flu ED visits pct,quantile,0.025,0.11786742900471701
floyd,2026-03-28,0,2026-03-28,Flu ED visits pct,quantile,0.025,0.42377408742767625
frederick,2026-03-28,0,2026-03-28,Flu ED visits pct,quantile,0.025,0.19034616286763853
georgia,2026-03-28,0,2026-03-28,Flu ED visits pct,quantile,0.025,0.39724618713649756
greenville,2026-03-28,0,2026-03-28,Flu ED visits pct,quantile,0.025,0.43856798108295114
hall,2026-03-28,0,2026-03-28,Flu ED visits pct,quantile,0.025,0.16290963545199455
harford,2026-03-28,0,2026-03-28,Flu ED visits pct,quantile,0.025,0.14584632995174193
henry,2026-03-28,0,2026-03-28,Flu ED visits pct,quantile,0.025,0.22298489236406202
horry,2026-03-28,0,2026-03-28,Flu ED visits pct,quantile,0.025,0.21396013735040867
houston,2026-03-28,0,2026-03-28,Flu ED visits pct,quantile,0.025,0.3118857654739401
indiana,2026-03-28,0,2026-03-28,Flu ED visits pct,quantile,0.025,0.6682130172415207
indianapolis,2026-03-28,0,2026-03-28,Flu ED visits pct,quantile,0.025,0.554652305154398
la-grange,2026-03-28,0,2026-03-28,Flu ED visits pct,quantile,0.025,0.217743453494316
larimer,2026-03-28,0,2026-03-28,Flu ED visits pct,quantile,0.025,0.38676560633859536
lynn,2026-03-28,0,2026-03-28,Flu ED visits pct,quantile,0.025,0.33489663339340153
macon,2026-03-28,0,2026-03-28,Flu ED visits pct,quantile,0.025,0.2551761185350735
maine,2026-03-28,0,2026-03-28,Flu ED visits pct,quantile,0.025,0.48064866469061196
marietta,2026-03-28,0,2026-03-28,Flu ED visits pct,quantile,0.025,0.1755009201276588
maryland,2026-03-28,0,2026-03-28,Flu ED visits pct,quantile,0.025,0.4976935341036982
massachusetts,2026-03-28,0,2026-03-28,Flu ED visits pct,quantile,0.025,0.6443958803011168
medford,2026-03-28,0,2026-03-28,Flu ED visits pct,quantile,0.025,0.0716306187597133
mesa,2026-03-28,0,2026-03-28,Flu ED visits pct,quantile,0.025,0.2860883885118157
minneapolis,2026-03-28,0,2026-03-28,Flu ED visits pct,quantile,0.025,0.8159635465011194
minnesota,2026-03-28,0,2026-03-28,Flu ED visits pct,quantile,0.025,0.9070817137422759
montgomery,2026-03-28,0,2026-03-28,Flu ED visits pct,quantile,0.025,0.3421337632201566
nenc,2026-03-28,0,2026-03-28,Flu ED visits pct,quantile,0.025,0.41844102589551174
new-bedford,2026-03-28,0,2026-03-28,Flu ED visits pct,quantile,0.025,0.5449625828654334
north-carolina,2026-03-28,0,2026-03-28,Flu ED visits pct,quantile,0.025,0.6305801557136734
nyc,2026-03-28,0,2026-03-28,ILI ED visits pct,quantile,0.025,2.0564191261106504
ogden,2026-03-28,0,2026-03-28,Flu ED visits pct,quantile,0.025,0.2868994857596831
oregon,2026-03-28,0,2026-03-28,Flu ED visits pct,quantile,0.025,0.5053791767104945
pittsfield,2026-03-28,0,2026-03-28,Flu ED visits pct,quantile,0.025,0.09659546125370747
portland,2026-03-28,0,2026-03-28,Flu ED visits pct,quantile,0.025,0.3839492472791488
portland-or,2026-03-28,0,2026-03-28,Flu ED visits pct,quantile,0.025,0.5751942048522508
provo,2026-03-28,0,2026-03-28,Flu ED visits pct,quantile,0.025,0.1477332745025934
roanoke,2026-03-28,0,2026-03-28,Flu ED visits pct,quantile,0.025,0.6671852452007175
rochester,2026-03-28,0,2026-03-28,Flu ED visits pct,quantile,0.025,0.39388674029311066
rock-hill,2026-03-28,0,2026-03-28,Flu ED visits pct,quantile,0.025,0.1549181569399337
rtp-area,2026-03-28,0,2026-03-28,Flu ED visits pct,quantile,0.025,0.3444327971135003
salem,2026-03-28,0,2026-03-28,Flu ED visits pct,quantile,0.025,0.49333884574494846
salt-lake-city,2026-03-28,0,2026-03-28,Flu ED visits pct,quantile,0.025,0.3689069555659098
san-antonio,2026-03-28,0,2026-03-28,Flu ED visits pct,quantile,0.025,0.3617304260185933
savannah,2026-03-28,0,2026-03-28,Flu ED visits pct,quantile,0.025,0.08899463444261463
senc,2026-03-28,0,2026-03-28,Flu ED visits pct,quantile,0.025,0.37149363142186287
south-augusta,2026-03-28,0,2026-03-28,Flu ED visits pct,quantile,0.025,0.2737977083109838
south-carolina,2026-03-28,0,2026-03-28,Flu ED visits pct,quantile,0.025,0.4064396780834061
springfield,2026-03-28,0,2026-03-28,Flu ED visits pct,quantile,0.025,0.5336743480367665
st-cloud,2026-03-28,0,2026-03-28,Flu ED visits pct,quantile,0.025,0.3897459968251194
st-paul,2026-03-28,0,2026-03-28,Flu ED visits pct,quantile,0.025,0.6998972624657821
texas,2026-03-28,0,2026-03-28,Flu ED visits pct,quantile,0.025,0.5469099330052248
triad-area,2026-03-28,0,2026-03-28,Flu ED visits pct,quantile,0.025,0.4388229610387675
utah,2026-03-28,0,2026-03-28,Flu ED visits pct,quantile,0.025,0.3665765400450738
virginia,2026-03-28,0,2026-03-28,Flu ED visits pct,quantile,0.025,0.6974920754728804
weld,2026-03-28,0,2026-03-28,Flu ED visits pct,quantile,0.025,0.6195385564876519
wnc,2026-03-28,0,2026-03-28,Flu ED visits pct,quantile,0.025,0.3934676935985474
worcester,2026-03-28,0,2026-03-28,Flu ED visits pct,quantile,0.025,0.4551921359856473
athens,2026-03-28,1,2026-04-04,Flu ED visits pct,quantile,0.025,0.18560136163709373
austin,2026-03-28,1,2026-04-04,Flu ED visits pct,quantile,0.025,0.3048257721333383
baltimore,2026-03-28,1,2026-04-04,Flu ED visits pct,quantile,0.025,0.3271595715862795
bangor,2026-03-28,1,2026-04-04,Flu ED visits pct,quantile,0.025,0.19658320014273742
beaumont,2026-03-28,1,2026-04-04,Flu ED visits pct,quantile,0.025,0.17090030205665743
boston,2026-03-28,1,2026-04-04,Flu ED visits pct,quantile,0.025,0.4540402110835881
boulder,2026-03-28,1,2026-04-04,Flu ED visits pct,quantile,0.025,0.6448713694781046
charleston,2026-03-28,1,2026-04-04,Flu ED visits pct,quantile,0.025,0.2429773182980856
cherokee,2026-03-28,1,2026-04-04,Flu ED visits pct,quantile,0.025,0.23305598165726235
clt-area,2026-03-28,1,2026-04-04,Flu ED visits pct,quantile,0.025,0.7129063764976941
colorado,2026-03-28,1,2026-04-04,Flu ED visits pct,quantile,0.025,0.657200130187746
colorado-springs,2026-03-28,1,2026-04-04,Flu ED visits pct,quantile,0.025,0.6334213568075946
columbia,2026-03-28,1,2026-04-04,Flu ED visits pct,quantile,0.025,0.13145100522293837
columbus,2026-03-28,1,2026-04-04,Flu ED visits pct,quantile,0.025,0.20206575588426157
dallas,2026-03-28,1,2026-04-04,Flu ED visits pct,quantile,0.025,0.31661833633231
denver,2026-03-28,1,2026-04-04,Flu ED visits pct,quantile,0.025,0.7679167980080532
deschutes,2026-03-28,1,2026-04-04,Flu ED visits pct,quantile,0.025,0.4460468006354385
duluth,2026-03-28,1,2026-04-04,Flu ED visits pct,quantile,0.025,0.5925037090157856
el-paso,2026-03-28,1,2026-04-04,Flu ED visits pct,quantile,0.025,0.42141135141887487
eugene,2026-03-28,1,2026-04-04,Flu ED visits pct,quantile,0.025,0.1077256979824583
fay-area,2026-03-28,1,2026-04-04,Flu ED visits pct,quantile,0.025,0.7572071476246466
florence,2026-03-28,1,2026-04-04,Flu ED visits pct,quantile,0.025,0.07269795254742878
floyd,2026-03-28,1,2026-04-04,Flu ED visits pct,quantile,0.025,0.29629797940929825
frederick,2026-03-28,1,2026-04-04,Flu ED visits pct,quantile,0.025,0.12726775889489753
georgia,2026-03-28,1,2026-04-04,Flu ED visits pct,quantile,0.025,0.3073997788201826
greenville,2026-03-28,1,2026-04-04,Flu ED visits pct,quantile,0.025,0.29532017978623276
hall,2026-03-28,1,2026-04-04,Flu ED visits pct,quantile,0.025,0.10841258473377341
harford,2026-03-28,1,2026-04-04,Flu ED visits pct,quantile,0.025,0.09864305879558566
henry,2026-03-28,1,2026-04-04,Flu ED visits pct,quantile,0.025,0.15318934617634833
horry,2026-03-28,1,2026-04-04,Flu ED visits pct,quantile,0.025,0.1469721555411126
houston,2026-03-28,1,2026-04-04,Flu ED visits pct,quantile,0.025,0.2346905526797373
indiana,2026-03-28,1,2026-04-04,Flu ED visits pct,quantile,0.025,0.47615433230656184
indianapolis,2026-03-28,1,2026-04-04,Flu ED visits pct,quantile,0.025,0.36708738711967365
la-grange,2026-03-28,1,2026-04-04,Flu ED visits pct,quantile,0.025,0.15452003574153914
larimer,2026-03-28,1,2026-04-04,Flu ED visits pct,quantile,0.025,0.2873056277426091
lynn,2026-03-28,1,2026-04-04,Flu ED visits pct,quantile,0.025,0.2364563166322714
macon,2026-03-28,1,2026-04-04,Flu ED visits pct,quantile,0.025,0.18739420785329539
maine,2026-03-28,1,2026-04-04,Flu ED visits pct,quantile,0.025,0.3705323351076343
marietta,2026-03-28,1,2026-04-04,Flu ED visits pct,quantile,0.025,0.11900257843185334
maryland,2026-03-28,1,2026-04-04,Flu ED visits pct,quantile,0.025,0.37422582389042824
massachusetts,2026-03-28,1,2026-04-04,Flu ED visits pct,quantile,0.025,0.48895586700528926
medford,2026-03-28,1,2026-04-04,Flu ED visits pct,quantile,0.025,0.04213611178228141
mesa,2026-03-28,1,2026-04-04,Flu ED visits pct,quantile,0.025,0.2077145997500799
minneapolis,2026-03-28,1,2026-04-04,Flu ED visits pct,quantile,0.025,0.6690096981211798
minnesota,2026-03-28,1,2026-04-04,Flu ED visits pct,quantile,0.025,0.6793068666595969
montgomery,2026-03-28,1,2026-04-04,Flu ED visits pct,quantile,0.025,0.22443986389322945
nenc,2026-03-28,1,2026-04-04,Flu ED visits pct,quantile,0.025,0.28540969452193515
new-bedford,2026-03-28,1,2026-04-04,Flu ED visits pct,quantile,0.025,0.40384228990333293
north-carolina,2026-03-28,1,2026-04-04,Flu ED visits pct,quantile,0.025,0.44457689767872277
nyc,2026-03-28,1,2026-04-04,ILI ED visits pct,quantile,0.025,1.779491287312721
ogden,2026-03-28,1,2026-04-04,Flu ED visits pct,quantile,0.025,0.21012322014919338
oregon,2026-03-28,1,2026-04-04,Flu ED visits pct,quantile,0.025,0.37225652484518557
pittsfield,2026-03-28,1,2026-04-04,Flu ED visits pct,quantile,0.025,0.062307351325463785
portland,2026-03-28,1,2026-04-04,Flu ED visits pct,quantile,0.025,0.29350005936616635
portland-or,2026-03-28,1,2026-04-04,Flu ED visits pct,quantile,0.025,0.42768677344135697
provo,2026-03-28,1,2026-04-04,Flu ED visits pct,quantile,0.025,0.09832966106898224
roanoke,2026-03-28,1,2026-04-04,Flu ED visits pct,quantile,0.025,0.4790600985647107
rochester,2026-03-28,1,2026-04-04,Flu ED visits pct,quantile,0.025,0.282484150390963
rock-hill,2026-03-28,1,2026-04-04,Flu ED visits pct,quantile,0.025,0.09320264914871867
rtp-area,2026-03-28,1,2026-04-04,Flu ED visits pct,quantile,0.025,0.2532782949195773
salem,2026-03-28,1,2026-04-04,Flu ED visits pct,quantile,0.025,0.354837579166336
salt-lake-city,2026-03-28,1,2026-04-04,Flu ED visits pct,quantile,0.025,0.2676462446872203
san-antonio,2026-03-28,1,2026-04-04,Flu ED visits pct,quantile,0.025,0.2518906205163908
savannah,2026-03-28,1,2026-04-04,Flu ED visits pct,quantile,0.025,0.056533133330994086
senc,2026-03-28,1,2026-04-04,Flu ED visits pct,quantile,0.025,0.2747092737735216
south-augusta,2026-03-28,1,2026-04-04,Flu ED visits pct,quantile,0.025,0.19404234342197954
south-carolina,2026-03-28,1,2026-04-04,Flu ED visits pct,quantile,0.025,0.2940504114816458
springfield,2026-03-28,1,2026-04-04,Flu ED visits pct,quantile,0.025,0.39726814900745727
st-cloud,2026-03-28,1,2026-04-04,Flu ED visits pct,quantile,0.025,0.276931719153063
st-paul,2026-03-28,1,2026-04-04,Flu ED visits pct,quantile,0.025,0.5115646941804218
texas,2026-03-28,1,2026-04-04,Flu ED visits pct,quantile,0.025,0.41542825013975987
triad-area,2026-03-28,1,2026-04-04,Flu ED visits pct,quantile,0.025,0.3215416776885952
utah,2026-03-28,1,2026-04-04,Flu ED visits pct,quantile,0.025,0.2726819206181714
virginia,2026-03-28,1,2026-04-04,Flu ED visits pct,quantile,0.025,0.5371690859315119
weld,2026-03-28,1,2026-04-04,Flu ED visits pct,quantile,0.025,0.44236187123474785
wnc,2026-03-28,1,2026-04-04,Flu ED visits pct,quantile,0.025,0.27524680806091867
worcester,2026-03-28,1,2026-04-04,Flu ED visits pct,quantile,0.025,0.3345331945038069
athens,2026-03-28,2,2026-04-11,Flu ED visits pct,quantile,0.025,0.12883287410598493
austin,2026-03-28,2,2026-04-11,Flu ED visits pct,quantile,0.025,0.24143333551675333
baltimore,2026-03-28,2,2026-04-11,Flu ED visits pct,quantile,0.025,0.24572163173219574
bangor,2026-03-28,2,2026-04-11,Flu ED visits pct,quantile,0.025,0.13264153541669224
beaumont,2026-03-28,2,2026-04-11,Flu ED visits pct,quantile,0.025,0.12716271899507345
boston,2026-03-28,2,2026-04-11,Flu ED visits pct,quantile,0.025,0.36714539842393623
boulder,2026-03-28,2,2026-04-11,Flu ED visits pct,quantile,0.025,0.44082736443414944
charleston,2026-03-28,2,2026-04-11,Flu ED visits pct,quantile,0.025,0.17576868464605508
cherokee,2026-03-28,2,2026-04-11,Flu ED visits pct,quantile,0.025,0.1585536983415093
clt-area,2026-03-28,2,2026-04-11,Flu ED visits pct,quantile,0.025,0.5226910385203899
colorado,2026-03-28,2,2026-04-11,Flu ED visits pct,quantile,0.025,0.5121653849684661
colorado-springs,2026-03-28,2,2026-04-11,Flu ED visits pct,quantile,0.025,0.4731067776547115
columbia,2026-03-28,2,2026-04-11,Flu ED visits pct,quantile,0.025,0.09627015291481701
columbus,2026-03-28,2,2026-04-11,Flu ED visits pct,quantile,0.025,0.135842162679054
dallas,2026-03-28,2,2026-04-11,Flu ED visits pct,quantile,0.025,0.24571673184549742
denver,2026-03-28,2,2026-04-11,Flu ED visits pct,quantile,0.025,0.5930213776017222
deschutes,2026-03-28,2,2026-04-11,Flu ED visits pct,quantile,0.025,0.32890599835193035
duluth,2026-03-28,2,2026-04-11,Flu ED visits pct,quantile,0.025,0.41230180839281083
el-paso,2026-03-28,2,2026-04-11,Flu ED visits pct,quantile,0.025,0.31788599673664725
eugene,2026-03-28,2,2026-04-11,Flu ED visits pct,quantile,0.025,0.0710956974154004
fay-area,2026-03-28,2,2026-04-11,Flu ED visits pct,quantile,0.025,0.5570338446644332
florence,2026-03-28,2,2026-04-11,Flu ED visits pct,quantile,0.025,0.05249959988490441
floyd,2026-03-28,2,2026-04-11,Flu ED visits pct,quantile,0.025,0.20383718373103954
frederick,2026-03-28,2,2026-04-11,Flu ED visits pct,quantile,0.025,0.06870564922211124
georgia,2026-03-28,2,2026-04-11,Flu ED visits pct,quantile,0.025,0.24819073076934695
greenville,2026-03-28,2,2026-04-11,Flu ED visits pct,quantile,0.025,0.21074111231808626
hall,2026-03-28,2,2026-04-11,Flu ED visits pct,quantile,0.025,0.07658179793831899
harford,2026-03-28,2,2026-04-11,Flu ED visits pct,quantile,0.025,0.06746724855624732
henry,2026-03-28,2,2026-04-11,Flu ED visits pct,quantile,0.025,0.100770449362087
horry,2026-03-28,2,2026-04-11,Flu ED visits pct,quantile,0.025,0.11670717967316564
houston,2026-03-28,2,2026-04-11,Flu ED visits pct,quantile,0.025,0.20403556119035982
indiana,2026-03-28,2,2026-04-11,Flu ED visits pct,quantile,0.025,0.36005847342738934
indianapolis,2026-03-28,2,2026-04-11,Flu ED visits pct,quantile,0.025,0.24256244529775145
la-grange,2026-03-28,2,2026-04-11,Flu ED visits pct,quantile,0.025,0.09880092393460344
larimer,2026-03-28,2,2026-04-11,Flu ED visits pct,quantile,0.025,0.1913524730745039
lynn,2026-03-28,2,2026-04-11,Flu ED visits pct,quantile,0.025,0.16724762514370073
macon,2026-03-28,2,2026-04-11,Flu ED visits pct,quantile,0.025,0.13643045271574983
maine,2026-03-28,2,2026-04-11,Flu ED visits pct,quantile,0.025,0.29011764282721564
marietta,2026-03-28,2,2026-04-11,Flu ED visits pct,quantile,0.025,0.0892755037271564
maryland,2026-03-28,2,2026-04-11,Flu ED visits pct,quantile,0.025,0.29255708194818214
massachusetts,2026-03-28,2,2026-04-11,Flu ED visits pct,quantile,0.025,0.39391999475268374
medford,2026-03-28,2,2026-04-11,Flu ED visits pct,quantile,0.025,0.02803025874107392
mesa,2026-03-28,2,2026-04-11,Flu ED visits pct,quantile,0.025,0.14400079391906875
minneapolis,2026-03-28,2,2026-04-11,Flu ED visits pct,quantile,0.025,0.5280155542271789
minnesota,2026-03-28,2,2026-04-11,Flu ED visits pct,quantile,0.025,0.5180772695146367
montgomery,2026-03-28,2,2026-04-11,Flu ED visits pct,quantile,0.025,0.1582249369626377
nenc,2026-03-28,2,2026-04-11,Flu ED visits pct,quantile,0.025,0.19523758785292097
new-bedford,2026-03-28,2,2026-04-11,Flu ED visits pct,quantile,0.025,0.3001159154077741
north-carolina,2026-03-28,2,2026-04-11,Flu ED visits pct,quantile,0.025,0.32933827508987895
nyc,2026-03-28,2,2026-04-11,ILI ED visits pct,quantile,0.025,1.5529977765042047
ogden,2026-03-28,2,2026-04-11,Flu ED visits pct,quantile,0.025,0.14616906318128656
oregon,2026-03-28,2,2026-04-11,Flu ED visits pct,quantile,0.025,0.2876036934816993
pittsfield,2026-03-28,2,2026-04-11,Flu ED visits pct,quantile,0.025,0.04348689473454684
portland,2026-03-28,2,2026-04-11,Flu ED visits pct,quantile,0.025,0.2188658258382554
portland-or,2026-03-28,2,2026-04-11,Flu ED visits pct,quantile,0.025,0.31410159295714557
provo,2026-03-28,2,2026-04-11,Flu ED visits pct,quantile,0.025,0.07772450773749086
roanoke,2026-03-28,2,2026-04-11,Flu ED visits pct,quantile,0.025,0.38003764641629384
rochester,2026-03-28,2,2026-04-11,Flu ED visits pct,quantile,0.025,0.18567027746558398
rock-hill,2026-03-28,2,2026-04-11,Flu ED visits pct,quantile,0.025,0.06593457550295419
rtp-area,2026-03-28,2,2026-04-11,Flu ED visits pct,quantile,0.025,0.17839980735401212
salem,2026-03-28,2,2026-04-11,Flu ED visits pct,quantile,0.025,0.24269657084675816
salt-lake-city,2026-03-28,2,2026-04-11,Flu ED visits pct,quantile,0.025,0.2231150632507891
san-antonio,2026-03-28,2,2026-04-11,Flu ED visits pct,quantile,0.025,0.1871262699678968
savannah,2026-03-28,2,2026-04-11,Flu ED visits pct,quantile,0.025,0.03518525836970515
senc,2026-03-28,2,2026-04-11,Flu ED visits pct,quantile,0.025,0.19524156869893192
south-augusta,2026-03-28,2,2026-04-11,Flu ED visits pct,quantile,0.025,0.13166028010791359
south-carolina,2026-03-28,2,2026-04-11,Flu ED visits pct,quantile,0.025,0.21837020492734388
springfield,2026-03-28,2,2026-04-11,Flu ED visits pct,quantile,0.025,0.2970562870511509
st-cloud,2026-03-28,2,2026-04-11,Flu ED visits pct,quantile,0.025,0.1811705770171073
st-paul,2026-03-28,2,2026-04-11,Flu ED visits pct,quantile,0.025,0.40688663515570467
texas,2026-03-28,2,2026-04-11,Flu ED visits pct,quantile,0.025,0.3551181775832024
triad-area,2026-03-28,2,2026-04-11,Flu ED visits pct,quantile,0.025,0.2396902316772503
utah,2026-03-28,2,2026-04-11,Flu ED visits pct,quantile,0.025,0.22198876786852836
virginia,2026-03-28,2,2026-04-11,Flu ED visits pct,quantile,0.025,0.42367570318940395
weld,2026-03-28,2,2026-04-11,Flu ED visits pct,quantile,0.025,0.3218775501654739
wnc,2026-03-28,2,2026-04-11,Flu ED visits pct,quantile,0.025,0.18969683853562957
worcester,2026-03-28,2,2026-04-11,Flu ED visits pct,quantile,0.025,0.25896138366387217
athens,2026-03-28,3,2026-04-18,Flu ED visits pct,quantile,0.025,0.0951250439610733
austin,2026-03-28,3,2026-04-18,Flu ED visits pct,quantile,0.025,0.2009280918943151
baltimore,2026-03-28,3,2026-04-18,Flu ED visits pct,quantile,0.025,0.19158466399607607
bangor,2026-03-28,3,2026-04-18,Flu ED visits pct,quantile,0.025,0.09515983066023628
beaumont,2026-03-28,3,2026-04-18,Flu ED visits pct,quantile,0.025,0.10321436112328415
boston,2026-03-28,3,2026-04-18,Flu ED visits pct,quantile,0.025,0.29244390090745553
boulder,2026-03-28,3,2026-04-18,Flu ED visits pct,quantile,0.025,0.311468078746272
charleston,2026-03-28,3,2026-04-18,Flu ED visits pct,quantile,0.025,0.1379508288958091
cherokee,2026-03-28,3,2026-04-18,Flu ED visits pct,quantile,0.025,0.12216271801986554
clt-area,2026-03-28,3,2026-04-18,Flu ED visits pct,quantile,0.025,0.3792087678073525
colorado,2026-03-28,3,2026-04-18,Flu ED visits pct,quantile,0.025,0.40306425130769813
colorado-springs,2026-03-28,3,2026-04-18,Flu ED visits pct,quantile,0.025,0.36069028844716267
columbia,2026-03-28,3,2026-04-18,Flu ED visits pct,quantile,0.025,0.0785847092837831
columbus,2026-03-28,3,2026-04-18,Flu ED visits pct,quantile,0.025,0.09606724716757854
dallas,2026-03-28,3,2026-04-18,Flu ED visits pct,quantile,0.025,0.2014182289787851
denver,2026-03-28,3,2026-04-18,Flu ED visits pct,quantile,0.025,0.46408967483759805
deschutes,2026-03-28,3,2026-04-18,Flu ED visits pct,quantile,0.025,0.2516533231547777
duluth,2026-03-28,3,2026-04-18,Flu ED visits pct,quantile,0.025,0.304361786559431
el-paso,2026-03-28,3,2026-04-18,Flu ED visits pct,quantile,0.025,0.25272971258857585
eugene,2026-03-28,3,2026-04-18,Flu ED visits pct,quantile,0.025,0.05520056964189373
fay-area,2026-03-28,3,2026-04-18,Flu ED visits pct,quantile,0.025,0.41328913008392026
florence,2026-03-28,3,2026-04-18,Flu ED visits pct,quantile,0.025,0.043300159678307734
floyd,2026-03-28,3,2026-04-18,Flu ED visits pct,quantile,0.025,0.14938531589470194
frederick,2026-03-28,3,2026-04-18,Flu ED visits pct,quantile,0.025,0.06679984829512947
georgia,2026-03-28,3,2026-04-18,Flu ED visits pct,quantile,0.025,0.19467825394357735
greenville,2026-03-28,3,2026-04-18,Flu ED visits pct,quantile,0.025,0.1452173311924271
hall,2026-03-28,3,2026-04-18,Flu ED visits pct,quantile,0.025,0.06595777911049254
harford,2026-03-28,3,2026-04-18,Flu ED visits pct,quantile,0.025,0.056203253442116914
henry,2026-03-28,3,2026-04-18,Flu ED visits pct,quantile,0.025,0.076499487237867
horry,2026-03-28,3,2026-04-18,Flu ED visits pct,quantile,0.025,0.1006243305319669
houston,2026-03-28,3,2026-04-18,Flu ED visits pct,quantile,0.025,0.1781167172140383
indiana,2026-03-28,3,2026-04-18,Flu ED visits pct,quantile,0.025,0.26864675674811817
indianapolis,2026-03-28,3,2026-04-18,Flu ED visits pct,quantile,0.025,0.1734134356546043
la-grange,2026-03-28,3,2026-04-18,Flu ED visits pct,quantile,0.025,0.07515117795920409
larimer,2026-03-28,3,2026-04-18,Flu ED visits pct,quantile,0.025,0.1470996584949765
lynn,2026-03-28,3,2026-04-18,Flu ED visits pct,quantile,0.025,0.13388271749031724
macon,2026-03-28,3,2026-04-18,Flu ED visits pct,quantile,0.025,0.1077213364864202
maine,2026-03-28,3,2026-04-18,Flu ED visits pct,quantile,0.025,0.23406995709037268
marietta,2026-03-28,3,2026-04-18,Flu ED visits pct,quantile,0.025,0.072098482183292
maryland,2026-03-28,3,2026-04-18,Flu ED visits pct,quantile,0.025,0.23722259326139994
massachusetts,2026-03-28,3,2026-04-18,Flu ED visits pct,quantile,0.025,0.33375986397618496
medford,2026-03-28,3,2026-04-18,Flu ED visits pct,quantile,0.025,0.022922629704517854
mesa,2026-03-28,3,2026-04-18,Flu ED visits pct,quantile,0.025,0.10986649758221397
minneapolis,2026-03-28,3,2026-04-18,Flu ED visits pct,quantile,0.025,0.3994077976790246
minnesota,2026-03-28,3,2026-04-18,Flu ED visits pct,quantile,0.025,0.4061142928363221
montgomery,2026-03-28,3,2026-04-18,Flu ED visits pct,quantile,0.025,0.1249516843163949
nenc,2026-03-28,3,2026-04-18,Flu ED visits pct,quantile,0.025,0.13566070939201713
new-bedford,2026-03-28,3,2026-04-18,Flu ED visits pct,quantile,0.025,0.2423985902265942
north-carolina,2026-03-28,3,2026-04-18,Flu ED visits pct,quantile,0.025,0.23875756075505514
nyc,2026-03-28,3,2026-04-18,ILI ED visits pct,quantile,0.025,1.3549120783898483
ogden,2026-03-28,3,2026-04-18,Flu ED visits pct,quantile,0.025,0.11980024363580506
oregon,2026-03-28,3,2026-04-18,Flu ED visits pct,quantile,0.025,0.22636862032790586
pittsfield,2026-03-28,3,2026-04-18,Flu ED visits pct,quantile,0.025,0.03549700293384673
portland,2026-03-28,3,2026-04-18,Flu ED visits pct,quantile,0.025,0.16895034649130236
portland-or,2026-03-28,3,2026-04-18,Flu ED visits pct,quantile,0.025,0.24695389390719197
provo,2026-03-28,3,2026-04-18,Flu ED visits pct,quantile,0.025,0.06547441003782056
roanoke,2026-03-28,3,2026-04-18,Flu ED visits pct,quantile,0.025,0.2760205459285416
rochester,2026-03-28,3,2026-04-18,Flu ED visits pct,quantile,0.025,0.1361549917928083
rock-hill,2026-03-28,3,2026-04-18,Flu ED visits pct,quantile,0.025,0.04877195302388581
rtp-area,2026-03-28,3,2026-04-18,Flu ED visits pct,quantile,0.025,0.12493331183458102
salem,2026-03-28,3,2026-04-18,Flu ED visits pct,quantile,0.025,0.18038565929673578
salt-lake-city,2026-03-28,3,2026-04-18,Flu ED visits pct,quantile,0.025,0.19433422857979302
san-antonio,2026-03-28,3,2026-04-18,Flu ED visits pct,quantile,0.025,0.14870541094812018
savannah,2026-03-28,3,2026-04-18,Flu ED visits pct,quantile,0.025,0.02594410450166834
senc,2026-03-28,3,2026-04-18,Flu ED visits pct,quantile,0.025,0.1398878629445827
south-augusta,2026-03-28,3,2026-04-18,Flu ED visits pct,quantile,0.025,0.09222676493792233
south-carolina,2026-03-28,3,2026-04-18,Flu ED visits pct,quantile,0.025,0.17551540013353398
springfield,2026-03-28,3,2026-04-18,Flu ED visits pct,quantile,0.025,0.23485370885936213
st-cloud,2026-03-28,3,2026-04-18,Flu ED visits pct,quantile,0.025,0.1281620449326996
st-paul,2026-03-28,3,2026-04-18,Flu ED visits pct,quantile,0.025,0.33228186825143624
texas,2026-03-28,3,2026-04-18,Flu ED visits pct,quantile,0.025,0.31072352915370766
triad-area,2026-03-28,3,2026-04-18,Flu ED visits pct,quantile,0.025,0.16741438214026644
utah,2026-03-28,3,2026-04-18,Flu ED visits pct,quantile,0.025,0.18669895252462146
virginia,2026-03-28,3,2026-04-18,Flu ED visits pct,quantile,0.025,0.36592019051167224
weld,2026-03-28,3,2026-04-18,Flu ED visits pct,quantile,0.025,0.2422252525139268
wnc,2026-03-28,3,2026-04-18,Flu ED visits pct,quantile,0.025,0.13474618278945874
worcester,2026-03-28,3,2026-04-18,Flu ED visits pct,quantile,0.025,0.20044003016658374
athens,2026-03-28,0,2026-03-28,Flu ED visits pct,quantile,0.05,0.39225942727836
austin,2026-03-28,0,2026-03-28,Flu ED visits pct,quantile,0.05,0.48762769620465723
baltimore,2026-03-28,0,2026-03-28,Flu ED visits pct,quantile,0.05,0.602397620765143
bangor,2026-03-28,0,2026-03-28,Flu ED visits pct,quantile,0.05,0.4058268426326433
beaumont,2026-03-28,0,2026-03-28,Flu ED visits pct,quantile,0.05,0.3867210040513753
boston,2026-03-28,0,2026-03-28,Flu ED visits pct,quantile,0.05,0.8222159092274816
boulder,2026-03-28,0,2026-03-28,Flu ED visits pct,quantile,0.05,1.2710679375514748
charleston,2026-03-28,0,2026-03-28,Flu ED visits pct,quantile,0.05,0.4532847510700365
cherokee,2026-03-28,0,2026-03-28,Flu ED visits pct,quantile,0.05,0.4605910626784348
clt-area,2026-03-28,0,2026-03-28,Flu ED visits pct,quantile,0.05,1.2825592261807335
colorado,2026-03-28,0,2026-03-28,Flu ED visits pct,quantile,0.05,1.248922512901859
colorado-springs,2026-03-28,0,2026-03-28,Flu ED visits pct,quantile,0.05,1.1352334318117647
columbia,2026-03-28,0,2026-03-28,Flu ED visits pct,quantile,0.05,0.2848608005578376
columbus,2026-03-28,0,2026-03-28,Flu ED visits pct,quantile,0.05,0.39733094782971
dallas,2026-03-28,0,2026-03-28,Flu ED visits pct,quantile,0.05,0.556076181771207
denver,2026-03-28,0,2026-03-28,Flu ED visits pct,quantile,0.05,1.334656516282631
deschutes,2026-03-28,0,2026-03-28,Flu ED visits pct,quantile,0.05,0.8000286268421576
duluth,2026-03-28,0,2026-03-28,Flu ED visits pct,quantile,0.05,1.1497472780497673
el-paso,2026-03-28,0,2026-03-28,Flu ED visits pct,quantile,0.05,0.7355081746356508
eugene,2026-03-28,0,2026-03-28,Flu ED visits pct,quantile,0.05,0.23840712829346944
fay-area,2026-03-28,0,2026-03-28,Flu ED visits pct,quantile,0.05,1.3622861318923527
florence,2026-03-28,0,2026-03-28,Flu ED visits pct,quantile,0.05,0.18533033688713704
floyd,2026-03-28,0,2026-03-28,Flu ED visits pct,quantile,0.05,0.6543303512894912
frederick,2026-03-28,0,2026-03-28,Flu ED visits pct,quantile,0.05,0.3563685612945361
georgia,2026-03-28,0,2026-03-28,Flu ED visits pct,quantile,0.05,0.5271939307790923
greenville,2026-03-28,0,2026-03-28,Flu ED visits pct,quantile,0.05,0.6256537123734237
hall,2026-03-28,0,2026-03-28,Flu ED visits pct,quantile,0.05,0.25802928340448744
harford,2026-03-28,0,2026-03-28,Flu ED visits pct,quantile,0.05,0.23446798065031557
henry,2026-03-28,0,2026-03-28,Flu ED visits pct,quantile,0.05,0.300711193588577
horry,2026-03-28,0,2026-03-28,Flu ED visits pct,quantile,0.05,0.2989668679189259
houston,2026-03-28,0,2026-03-28,Flu ED visits pct,quantile,0.05,0.4087845525990933
indiana,2026-03-28,0,2026-03-28,Flu ED visits pct,quantile,0.05,0.9594044227536198
indianapolis,2026-03-28,0,2026-03-28,Flu ED visits pct,quantile,0.05,0.7290190405115449
la-grange,2026-03-28,0,2026-03-28,Flu ED visits pct,quantile,0.05,0.31494929428530544
larimer,2026-03-28,0,2026-03-28,Flu ED visits pct,quantile,0.05,0.6027032932988715
lynn,2026-03-28,0,2026-03-28,Flu ED visits pct,quantile,0.05,0.4530251549980823
macon,2026-03-28,0,2026-03-28,Flu ED visits pct,quantile,0.05,0.3620689746620409
maine,2026-03-28,0,2026-03-28,Flu ED visits pct,quantile,0.05,0.663765982271735
marietta,2026-03-28,0,2026-03-28,Flu ED visits pct,quantile,0.05,0.2318630288473126
maryland,2026-03-28,0,2026-03-28,Flu ED visits pct,quantile,0.05,0.6286896809563627
massachusetts,2026-03-28,0,2026-03-28,Flu ED visits pct,quantile,0.05,0.8766171606974129
medford,2026-03-28,0,2026-03-28,Flu ED visits pct,quantile,0.05,0.11712954387071305
mesa,2026-03-28,0,2026-03-28,Flu ED visits pct,quantile,0.05,0.4223375563268973
minneapolis,2026-03-28,0,2026-03-28,Flu ED visits pct,quantile,0.05,1.2450119998024267
minnesota,2026-03-28,0,2026-03-28,Flu ED visits pct,quantile,0.05,1.2305062912872342
montgomery,2026-03-28,0,2026-03-28,Flu ED visits pct,quantile,0.05,0.49642633097897326
nenc,2026-03-28,0,2026-03-28,Flu ED visits pct,quantile,0.05,0.5466325150444524
new-bedford,2026-03-28,0,2026-03-28,Flu ED visits pct,quantile,0.05,0.7951672057995796
north-carolina,2026-03-28,0,2026-03-28,Flu ED visits pct,quantile,0.05,0.8582313150971778
nyc,2026-03-28,0,2026-03-28,ILI ED visits pct,quantile,0.05,2.4215747269919956
ogden,2026-03-28,0,2026-03-28,Flu ED visits pct,quantile,0.05,0.3762812165961833
oregon,2026-03-28,0,2026-03-28,Flu ED visits pct,quantile,0.05,0.6584899042782619
pittsfield,2026-03-28,0,2026-03-28,Flu ED visits pct,quantile,0.05,0.17844051649993872
portland,2026-03-28,0,2026-03-28,Flu ED visits pct,quantile,0.05,0.5682097531492831
portland-or,2026-03-28,0,2026-03-28,Flu ED visits pct,quantile,0.05,0.7588596549965605
provo,2026-03-28,0,2026-03-28,Flu ED visits pct,quantile,0.05,0.2005801206111261
roanoke,2026-03-28,0,2026-03-28,Flu ED visits pct,quantile,0.05,0.9614335752881668
rochester,2026-03-28,0,2026-03-28,Flu ED visits pct,quantile,0.05,0.5585647068851184
rock-hill,2026-03-28,0,2026-03-28,Flu ED visits pct,quantile,0.05,0.23895918335889188
rtp-area,2026-03-28,0,2026-03-28,Flu ED visits pct,quantile,0.05,0.4886469533681391
salem,2026-03-28,0,2026-03-28,Flu ED visits pct,quantile,0.05,0.716313435637127
salt-lake-city,2026-03-28,0,2026-03-28,Flu ED visits pct,quantile,0.05,0.4573520340400934
san-antonio,2026-03-28,0,2026-03-28,Flu ED visits pct,quantile,0.05,0.48659560851702843
savannah,2026-03-28,0,2026-03-28,Flu ED visits pct,quantile,0.05,0.132100947058616
senc,2026-03-28,0,2026-03-28,Flu ED visits pct,quantile,0.05,0.5282975496405827
south-augusta,2026-03-28,0,2026-03-28,Flu ED visits pct,quantile,0.05,0.4220049880314094
south-carolina,2026-03-28,0,2026-03-28,Flu ED visits pct,quantile,0.05,0.5413970774770562
springfield,2026-03-28,0,2026-03-28,Flu ED visits pct,quantile,0.05,0.7530386497240275
st-cloud,2026-03-28,0,2026-03-28,Flu ED visits pct,quantile,0.05,0.5655595715724775
st-paul,2026-03-28,0,2026-03-28,Flu ED visits pct,quantile,0.05,0.9631647197200386
texas,2026-03-28,0,2026-03-28,Flu ED visits pct,quantile,0.05,0.6189650489195972
triad-area,2026-03-28,0,2026-03-28,Flu ED visits pct,quantile,0.05,0.5881075507883672
utah,2026-03-28,0,2026-03-28,Flu ED visits pct,quantile,0.05,0.4851713450095227
virginia,2026-03-28,0,2026-03-28,Flu ED visits pct,quantile,0.05,0.9352604100805445
weld,2026-03-28,0,2026-03-28,Flu ED visits pct,quantile,0.05,0.9214329234208573
wnc,2026-03-28,0,2026-03-28,Flu ED visits pct,quantile,0.05,0.5434669330781425
worcester,2026-03-28,0,2026-03-28,Flu ED visits pct,quantile,0.05,0.5697219931174945
athens,2026-03-28,1,2026-04-04,Flu ED visits pct,quantile,0.05,0.2694657625660961
austin,2026-03-28,1,2026-04-04,Flu ED visits pct,quantile,0.05,0.3702798443080758
baltimore,2026-03-28,1,2026-04-04,Flu ED visits pct,quantile,0.05,0.4685982865823667
bangor,2026-03-28,1,2026-04-04,Flu ED visits pct,quantile,0.05,0.2698749005059573
beaumont,2026-03-28,1,2026-04-04,Flu ED visits pct,quantile,0.05,0.29177090938764927
boston,2026-03-28,1,2026-04-04,Flu ED visits pct,quantile,0.05,0.632043034469789
boulder,2026-03-28,1,2026-04-04,Flu ED visits pct,quantile,0.05,0.8396953623716097
charleston,2026-03-28,1,2026-04-04,Flu ED visits pct,quantile,0.05,0.3239741767109331
cherokee,2026-03-28,1,2026-04-04,Flu ED visits pct,quantile,0.05,0.32046767301230306
clt-area,2026-03-28,1,2026-04-04,Flu ED visits pct,quantile,0.05,0.879686710796391
colorado,2026-03-28,1,2026-04-04,Flu ED visits pct,quantile,0.05,0.915281453055593
colorado-springs,2026-03-28,1,2026-04-04,Flu ED visits pct,quantile,0.05,0.8252884226284313
columbia,2026-03-28,1,2026-04-04,Flu ED visits pct,quantile,0.05,0.18791687801230023
columbus,2026-03-28,1,2026-04-04,Flu ED visits pct,quantile,0.05,0.28088015584880854
dallas,2026-03-28,1,2026-04-04,Flu ED visits pct,quantile,0.05,0.4199673254665542
denver,2026-03-28,1,2026-04-04,Flu ED visits pct,quantile,0.05,1.0134410322774339
deschutes,2026-03-28,1,2026-04-04,Flu ED visits pct,quantile,0.05,0.5925765956820179
duluth,2026-03-28,1,2026-04-04,Flu ED visits pct,quantile,0.05,0.8326120715421643
el-paso,2026-03-28,1,2026-04-04,Flu ED visits pct,quantile,0.05,0.5752062721152934
eugene,2026-03-28,1,2026-04-04,Flu ED visits pct,quantile,0.05,0.16275085975895026
fay-area,2026-03-28,1,2026-04-04,Flu ED visits pct,quantile,0.05,0.9609822218234798
florence,2026-03-28,1,2026-04-04,Flu ED visits pct,quantile,0.05,0.11723873416365642
floyd,2026-03-28,1,2026-04-04,Flu ED visits pct,quantile,0.05,0.45884101004941474
frederick,2026-03-28,1,2026-04-04,Flu ED visits pct,quantile,0.05,0.24166539816075927
georgia,2026-03-28,1,2026-04-04,Flu ED visits pct,quantile,0.05,0.39355518379574406
greenville,2026-03-28,1,2026-04-04,Flu ED visits pct,quantile,0.05,0.4286634698505044
hall,2026-03-28,1,2026-04-04,Flu ED visits pct,quantile,0.05,0.17880167060451632
harford,2026-03-28,1,2026-04-04,Flu ED visits pct,quantile,0.05,0.16752768332058812
henry,2026-03-28,1,2026-04-04,Flu ED visits pct,quantile,0.05,0.20794300082563563
horry,2026-03-28,1,2026-04-04,Flu ED visits pct,quantile,0.05,0.21428308454252715
houston,2026-03-28,1,2026-04-04,Flu ED visits pct,quantile,0.05,0.32896420679972727
indiana,2026-03-28,1,2026-04-04,Flu ED visits pct,quantile,0.05,0.6511925738041556
indianapolis,2026-03-28,1,2026-04-04,Flu ED visits pct,quantile,0.05,0.47967353815704317
la-grange,2026-03-28,1,2026-04-04,Flu ED visits pct,quantile,0.05,0.2125373451947537
larimer,2026-03-28,1,2026-04-04,Flu ED visits pct,quantile,0.05,0.41127943073581574
lynn,2026-03-28,1,2026-04-04,Flu ED visits pct,quantile,0.05,0.3291506575988018
macon,2026-03-28,1,2026-04-04,Flu ED visits pct,quantile,0.05,0.26335946427989343
maine,2026-03-28,1,2026-04-04,Flu ED visits pct,quantile,0.05,0.4929668804492049
marietta,2026-03-28,1,2026-04-04,Flu ED visits pct,quantile,0.05,0.15268642523931666
maryland,2026-03-28,1,2026-04-04,Flu ED visits pct,quantile,0.05,0.491586607008888
massachusetts,2026-03-28,1,2026-04-04,Flu ED visits pct,quantile,0.05,0.6958910436648925
medford,2026-03-28,1,2026-04-04,Flu ED visits pct,quantile,0.05,0.0710967676578929
mesa,2026-03-28,1,2026-04-04,Flu ED visits pct,quantile,0.05,0.2989288438366501
minneapolis,2026-03-28,1,2026-04-04,Flu ED visits pct,quantile,0.05,0.9380127153658973
minnesota,2026-03-28,1,2026-04-04,Flu ED visits pct,quantile,0.05,0.9639630917353709
montgomery,2026-03-28,1,2026-04-04,Flu ED visits pct,quantile,0.05,0.3612112988645591
nenc,2026-03-28,1,2026-04-04,Flu ED visits pct,quantile,0.05,0.37572522143736886
new-bedford,2026-03-28,1,2026-04-04,Flu ED visits pct,quantile,0.05,0.5845405162702567
north-carolina,2026-03-28,1,2026-04-04,Flu ED visits pct,quantile,0.05,0.6160731424352436
nyc,2026-03-28,1,2026-04-04,ILI ED visits pct,quantile,0.05,2.1794188215144614
ogden,2026-03-28,1,2026-04-04,Flu ED visits pct,quantile,0.05,0.2763736273579222
oregon,2026-03-28,1,2026-04-04,Flu ED visits pct,quantile,0.05,0.5059900255858824
pittsfield,2026-03-28,1,2026-04-04,Flu ED visits pct,quantile,0.05,0.11728492245769202
portland,2026-03-28,1,2026-04-04,Flu ED visits pct,quantile,0.05,0.4193680282641001
portland-or,2026-03-28,1,2026-04-04,Flu ED visits pct,quantile,0.05,0.5873849606680162
provo,2026-03-28,1,2026-04-04,Flu ED visits pct,quantile,0.05,0.14053757309149478
roanoke,2026-03-28,1,2026-04-04,Flu ED visits pct,quantile,0.05,0.6717921447177514
rochester,2026-03-28,1,2026-04-04,Flu ED visits pct,quantile,0.05,0.3908086970491831
rock-hill,2026-03-28,1,2026-04-04,Flu ED visits pct,quantile,0.05,0.1614747887495925
rtp-area,2026-03-28,1,2026-04-04,Flu ED visits pct,quantile,0.05,0.337760707300453
salem,2026-03-28,1,2026-04-04,Flu ED visits pct,quantile,0.05,0.5099621571389472
salt-lake-city,2026-03-28,1,2026-04-04,Flu ED visits pct,quantile,0.05,0.33918847343609376
san-antonio,2026-03-28,1,2026-04-04,Flu ED visits pct,quantile,0.05,0.351688288993612
savannah,2026-03-28,1,2026-04-04,Flu ED visits pct,quantile,0.05,0.08645525372870802
senc,2026-03-28,1,2026-04-04,Flu ED visits pct,quantile,0.05,0.36930816013247975
south-augusta,2026-03-28,1,2026-04-04,Flu ED visits pct,quantile,0.05,0.2906352627982553
south-carolina,2026-03-28,1,2026-04-04,Flu ED visits pct,quantile,0.05,0.3888853166496866
springfield,2026-03-28,1,2026-04-04,Flu ED visits pct,quantile,0.05,0.5471982271807673
st-cloud,2026-03-28,1,2026-04-04,Flu ED visits pct,quantile,0.05,0.38748502731071705
st-paul,2026-03-28,1,2026-04-04,Flu ED visits pct,quantile,0.05,0.727460432006155
texas,2026-03-28,1,2026-04-04,Flu ED visits pct,quantile,0.05,0.48946071951329706
triad-area,2026-03-28,1,2026-04-04,Flu ED visits pct,quantile,0.05,0.4335160247507527
utah,2026-03-28,1,2026-04-04,Flu ED visits pct,quantile,0.05,0.361913801384839
virginia,2026-03-28,1,2026-04-04,Flu ED visits pct,quantile,0.05,0.7461644277742709
weld,2026-03-28,1,2026-04-04,Flu ED visits pct,quantile,0.05,0.6402424937889464
wnc,2026-03-28,1,2026-04-04,Flu ED visits pct,quantile,0.05,0.37310615023537946
worcester,2026-03-28,1,2026-04-04,Flu ED visits pct,quantile,0.05,0.40421937398742963
athens,2026-03-28,2,2026-04-11,Flu ED visits pct,quantile,0.05,0.17061542673849386
austin,2026-03-28,2,2026-04-11,Flu ED visits pct,quantile,0.05,0.30388824953628146
baltimore,2026-03-28,2,2026-04-11,Flu ED visits pct,quantile,0.05,0.3695332029006306
bangor,2026-03-28,2,2026-04-11,Flu ED visits pct,quantile,0.05,0.17515234817937853
beaumont,2026-03-28,2,2026-04-11,Flu ED visits pct,quantile,0.05,0.22453421159574272
boston,2026-03-28,2,2026-04-11,Flu ED visits pct,quantile,0.05,0.5023910237628124
boulder,2026-03-28,2,2026-04-11,Flu ED visits pct,quantile,0.05,0.5272099464353452
charleston,2026-03-28,2,2026-04-11,Flu ED visits pct,quantile,0.05,0.23426294432803266
cherokee,2026-03-28,2,2026-04-11,Flu ED visits pct,quantile,0.05,0.22281336862766843
clt-area,2026-03-28,2,2026-04-11,Flu ED visits pct,quantile,0.05,0.5963790178956643
colorado,2026-03-28,2,2026-04-11,Flu ED visits pct,quantile,0.05,0.7021498013562336
colorado-springs,2026-03-28,2,2026-04-11,Flu ED visits pct,quantile,0.05,0.6004616317007196
columbia,2026-03-28,2,2026-04-11,Flu ED visits pct,quantile,0.05,0.14305471940709927
columbus,2026-03-28,2,2026-04-11,Flu ED visits pct,quantile,0.05,0.17797092297478176
dallas,2026-03-28,2,2026-04-11,Flu ED visits pct,quantile,0.05,0.35398320162788227
denver,2026-03-28,2,2026-04-11,Flu ED visits pct,quantile,0.05,0.7791852607954018
deschutes,2026-03-28,2,2026-04-11,Flu ED visits pct,quantile,0.05,0.4177086394415662
duluth,2026-03-28,2,2026-04-11,Flu ED visits pct,quantile,0.05,0.5831661868740304
el-paso,2026-03-28,2,2026-04-11,Flu ED visits pct,quantile,0.05,0.44258926463981185
eugene,2026-03-28,2,2026-04-11,Flu ED visits pct,quantile,0.05,0.11153074525009259
fay-area,2026-03-28,2,2026-04-11,Flu ED visits pct,quantile,0.05,0.6756121087357148
florence,2026-03-28,2,2026-04-11,Flu ED visits pct,quantile,0.05,0.08913091906789118
floyd,2026-03-28,2,2026-04-11,Flu ED visits pct,quantile,0.05,0.3157938989989151
frederick,2026-03-28,2,2026-04-11,Flu ED visits pct,quantile,0.05,0.16243826174046558
georgia,2026-03-28,2,2026-04-11,Flu ED visits pct,quantile,0.05,0.31710777910736254
greenville,2026-03-28,2,2026-04-11,Flu ED visits pct,quantile,0.05,0.2782460104378873
hall,2026-03-28,2,2026-04-11,Flu ED visits pct,quantile,0.05,0.1303967842847759
harford,2026-03-28,2,2026-04-11,Flu ED visits pct,quantile,0.05,0.12507484802579977
henry,2026-03-28,2,2026-04-11,Flu ED visits pct,quantile,0.05,0.15270558195802508
horry,2026-03-28,2,2026-04-11,Flu ED visits pct,quantile,0.05,0.173948037209043
houston,2026-03-28,2,2026-04-11,Flu ED visits pct,quantile,0.05,0.30295509421560707
indiana,2026-03-28,2,2026-04-11,Flu ED visits pct,quantile,0.05,0.4525051074937514
indianapolis,2026-03-28,2,2026-04-11,Flu ED visits pct,quantile,0.05,0.3074128470902576
la-grange,2026-03-28,2,2026-04-11,Flu ED visits pct,quantile,0.05,0.14737635053523748
larimer,2026-03-28,2,2026-04-11,Flu ED visits pct,quantile,0.05,0.28194870164195
lynn,2026-03-28,2,2026-04-11,Flu ED visits pct,quantile,0.05,0.24487782706581845
macon,2026-03-28,2,2026-04-11,Flu ED visits pct,quantile,0.05,0.19032744448797972
maine,2026-03-28,2,2026-04-11,Flu ED visits pct,quantile,0.05,0.4015291262104852
marietta,2026-03-28,2,2026-04-11,Flu ED visits pct,quantile,0.05,0.11302754544763781
maryland,2026-03-28,2,2026-04-11,Flu ED visits pct,quantile,0.05,0.3972821478645625
massachusetts,2026-03-28,2,2026-04-11,Flu ED visits pct,quantile,0.05,0.591078295130384
medford,2026-03-28,2,2026-04-11,Flu ED visits pct,quantile,0.05,0.051145598914827485
mesa,2026-03-28,2,2026-04-11,Flu ED visits pct,quantile,0.05,0.2107703066823645
minneapolis,2026-03-28,2,2026-04-11,Flu ED visits pct,quantile,0.05,0.7034155463820846
minnesota,2026-03-28,2,2026-04-11,Flu ED visits pct,quantile,0.05,0.7611488911050245
montgomery,2026-03-28,2,2026-04-11,Flu ED visits pct,quantile,0.05,0.28793759497134436
nenc,2026-03-28,2,2026-04-11,Flu ED visits pct,quantile,0.05,0.24582250273708078
new-bedford,2026-03-28,2,2026-04-11,Flu ED visits pct,quantile,0.05,0.44158268972612563
north-carolina,2026-03-28,2,2026-04-11,Flu ED visits pct,quantile,0.05,0.41991803315680126
nyc,2026-03-28,2,2026-04-11,ILI ED visits pct,quantile,0.05,1.9005251032438064
ogden,2026-03-28,2,2026-04-11,Flu ED visits pct,quantile,0.05,0.20161191759716962
oregon,2026-03-28,2,2026-04-11,Flu ED visits pct,quantile,0.05,0.3793231728272341
pittsfield,2026-03-28,2,2026-04-11,Flu ED visits pct,quantile,0.05,0.08678790784192672
portland,2026-03-28,2,2026-04-11,Flu ED visits pct,quantile,0.05,0.2957717060684311
portland-or,2026-03-28,2,2026-04-11,Flu ED visits pct,quantile,0.05,0.44644346698841264
provo,2026-03-28,2,2026-04-11,Flu ED visits pct,quantile,0.05,0.12292317070283935
roanoke,2026-03-28,2,2026-04-11,Flu ED visits pct,quantile,0.05,0.4622803981378569
rochester,2026-03-28,2,2026-04-11,Flu ED visits pct,quantile,0.05,0.24655133283124608
rock-hill,2026-03-28,2,2026-04-11,Flu ED visits pct,quantile,0.05,0.11980930639631644
rtp-area,2026-03-28,2,2026-04-11,Flu ED visits pct,quantile,0.05,0.22593860332506774
salem,2026-03-28,2,2026-04-11,Flu ED visits pct,quantile,0.05,0.3361302594169322
salt-lake-city,2026-03-28,2,2026-04-11,Flu ED visits pct,quantile,0.05,0.292880460862645
san-antonio,2026-03-28,2,2026-04-11,Flu ED visits pct,quantile,0.05,0.26997326865923854
savannah,2026-03-28,2,2026-04-11,Flu ED visits pct,quantile,0.05,0.05445654753835221
senc,2026-03-28,2,2026-04-11,Flu ED visits pct,quantile,0.05,0.24220398992913006
south-augusta,2026-03-28,2,2026-04-11,Flu ED visits pct,quantile,0.05,0.1845785872977106
south-carolina,2026-03-28,2,2026-04-11,Flu ED visits pct,quantile,0.05,0.29358936739004493
springfield,2026-03-28,2,2026-04-11,Flu ED visits pct,quantile,0.05,0.4150185820912388
st-cloud,2026-03-28,2,2026-04-11,Flu ED visits pct,quantile,0.05,0.24054788120359738
st-paul,2026-03-28,2,2026-04-11,Flu ED visits pct,quantile,0.05,0.5581726918980476
texas,2026-03-28,2,2026-04-11,Flu ED visits pct,quantile,0.05,0.43197283032232636
triad-area,2026-03-28,2,2026-04-11,Flu ED visits pct,quantile,0.05,0.30673551475107314
utah,2026-03-28,2,2026-04-11,Flu ED visits pct,quantile,0.05,0.3068934010806722
virginia,2026-03-28,2,2026-04-11,Flu ED visits pct,quantile,0.05,0.5992186365471138
weld,2026-03-28,2,2026-04-11,Flu ED visits pct,quantile,0.05,0.4372716268854803
wnc,2026-03-28,2,2026-04-11,Flu ED visits pct,quantile,0.05,0.2467197135510194
worcester,2026-03-28,2,2026-04-11,Flu ED visits pct,quantile,0.05,0.3004743254963076
athens,2026-03-28,3,2026-04-18,Flu ED visits pct,quantile,0.05,0.12075349478359039
austin,2026-03-28,3,2026-04-18,Flu ED visits pct,quantile,0.05,0.2583855373109909
baltimore,2026-03-28,3,2026-04-18,Flu ED visits pct,quantile,0.05,0.2969568508070947
bangor,2026-03-28,3,2026-04-18,Flu ED visits pct,quantile,0.05,0.12301492696088344
beaumont,2026-03-28,3,2026-04-18,Flu ED visits pct,quantile,0.05,0.1890548275790426
boston,2026-03-28,3,2026-04-18,Flu ED visits pct,quantile,0.05,0.3958850505059207
boulder,2026-03-28,3,2026-04-18,Flu ED visits pct,quantile,0.05,0.3444246655150612
charleston,2026-03-28,3,2026-04-18,Flu ED visits pct,quantile,0.05,0.1768889926737215
cherokee,2026-03-28,3,2026-04-18,Flu ED visits pct,quantile,0.05,0.17332371253214243
clt-area,2026-03-28,3,2026-04-18,Flu ED visits pct,quantile,0.05,0.397772935238928
colorado,2026-03-28,3,2026-04-18,Flu ED visits pct,quantile,0.05,0.5460694524586486
colorado-springs,2026-03-28,3,2026-04-18,Flu ED visits pct,quantile,0.05,0.4460117137856705
columbia,2026-03-28,3,2026-04-18,Flu ED visits pct,quantile,0.05,0.12094840949347248
columbus,2026-03-28,3,2026-04-18,Flu ED visits pct,quantile,0.05,0.12307560847495107
dallas,2026-03-28,3,2026-04-18,Flu ED visits pct,quantile,0.05,0.2969241657383463
denver,2026-03-28,3,2026-04-18,Flu ED visits pct,quantile,0.05,0.5808173267642036
deschutes,2026-03-28,3,2026-04-18,Flu ED visits pct,quantile,0.05,0.306057090306402
duluth,2026-03-28,3,2026-04-18,Flu ED visits pct,quantile,0.05,0.40814755418705423
el-paso,2026-03-28,3,2026-04-18,Flu ED visits pct,quantile,0.05,0.36725670165216184
eugene,2026-03-28,3,2026-04-18,Flu ED visits pct,quantile,0.05,0.08329684622713668
fay-area,2026-03-28,3,2026-04-18,Flu ED visits pct,quantile,0.05,0.47523777871914846
florence,2026-03-28,3,2026-04-18,Flu ED visits pct,quantile,0.05,0.08042850939158394
floyd,2026-03-28,3,2026-04-18,Flu ED visits pct,quantile,0.05,0.22812857570647702
frederick,2026-03-28,3,2026-04-18,Flu ED visits pct,quantile,0.05,0.12341720256582996
georgia,2026-03-28,3,2026-04-18,Flu ED visits pct,quantile,0.05,0.27487833394561256
greenville,2026-03-28,3,2026-04-18,Flu ED visits pct,quantile,0.05,0.19926001929432555
hall,2026-03-28,3,2026-04-18,Flu ED visits pct,quantile,0.05,0.1119172528604622
harford,2026-03-28,3,2026-04-18,Flu ED visits pct,quantile,0.05,0.10680498662012874
henry,2026-03-28,3,2026-04-18,Flu ED visits pct,quantile,0.05,0.11810859218203422
horry,2026-03-28,3,2026-04-18,Flu ED visits pct,quantile,0.05,0.15239776706534347
houston,2026-03-28,3,2026-04-18,Flu ED visits pct,quantile,0.05,0.2702720142255208
indiana,2026-03-28,3,2026-04-18,Flu ED visits pct,quantile,0.05,0.3128426274067574
indianapolis,2026-03-28,3,2026-04-18,Flu ED visits pct,quantile,0.05,0.20879975571640894
la-grange,2026-03-28,3,2026-04-18,Flu ED visits pct,quantile,0.05,0.10825394928041276
larimer,2026-03-28,3,2026-04-18,Flu ED visits pct,quantile,0.05,0.19712071722752975
lynn,2026-03-28,3,2026-04-18,Flu ED visits pct,quantile,0.05,0.19443358220240783
macon,2026-03-28,3,2026-04-18,Flu ED visits pct,quantile,0.05,0.14522779692110055
maine,2026-03-28,3,2026-04-18,Flu ED visits pct,quantile,0.05,0.3315244338159629
marietta,2026-03-28,3,2026-04-18,Flu ED visits pct,quantile,0.05,0.09876394021889114
maryland,2026-03-28,3,2026-04-18,Flu ED visits pct,quantile,0.05,0.30541801889270853
massachusetts,2026-03-28,3,2026-04-18,Flu ED visits pct,quantile,0.05,0.46884564619135194
medford,2026-03-28,3,2026-04-18,Flu ED visits pct,quantile,0.05,0.04224829877356476
mesa,2026-03-28,3,2026-04-18,Flu ED visits pct,quantile,0.05,0.16350120313358452
minneapolis,2026-03-28,3,2026-04-18,Flu ED visits pct,quantile,0.05,0.5211529053047836
minnesota,2026-03-28,3,2026-04-18,Flu ED visits pct,quantile,0.05,0.5982915171292745
montgomery,2026-03-28,3,2026-04-18,Flu ED visits pct,quantile,0.05,0.2510888257530386
nenc,2026-03-28,3,2026-04-18,Flu ED visits pct,quantile,0.05,0.16216148948416884
new-bedford,2026-03-28,3,2026-04-18,Flu ED visits pct,quantile,0.05,0.3330595535366372
north-carolina,2026-03-28,3,2026-04-18,Flu ED visits pct,quantile,0.05,0.2856514605262434
nyc,2026-03-28,3,2026-04-18,ILI ED visits pct,quantile,0.05,1.6539519591332799
ogden,2026-03-28,3,2026-04-18,Flu ED visits pct,quantile,0.05,0.15515196771898113
oregon,2026-03-28,3,2026-04-18,Flu ED visits pct,quantile,0.05,0.2915241241271402
pittsfield,2026-03-28,3,2026-04-18,Flu ED visits pct,quantile,0.05,0.06778099529500692
portland,2026-03-28,3,2026-04-18,Flu ED visits pct,quantile,0.05,0.2232941085881314
portland-or,2026-03-28,3,2026-04-18,Flu ED visits pct,quantile,0.05,0.3410773968579563
provo,2026-03-28,3,2026-04-18,Flu ED visits pct,quantile,0.05,0.1086140443311851
roanoke,2026-03-28,3,2026-04-18,Flu ED visits pct,quantile,0.05,0.3332429082002047
rochester,2026-03-28,3,2026-04-18,Flu ED visits pct,quantile,0.05,0.1683652475858837
rock-hill,2026-03-28,3,2026-04-18,Flu ED visits pct,quantile,0.05,0.09982299180034011
rtp-area,2026-03-28,3,2026-04-18,Flu ED visits pct,quantile,0.05,0.14687922328663325
salem,2026-03-28,3,2026-04-18,Flu ED visits pct,quantile,0.05,0.2392990972868649
salt-lake-city,2026-03-28,3,2026-04-18,Flu ED visits pct,quantile,0.05,0.2546017062453608
san-antonio,2026-03-28,3,2026-04-18,Flu ED visits pct,quantile,0.05,0.23077426289595318
savannah,2026-03-28,3,2026-04-18,Flu ED visits pct,quantile,0.05,0.03789669890559746
senc,2026-03-28,3,2026-04-18,Flu ED visits pct,quantile,0.05,0.1612826447335276
south-augusta,2026-03-28,3,2026-04-18,Flu ED visits pct,quantile,0.05,0.12474825977084202
south-carolina,2026-03-28,3,2026-04-18,Flu ED visits pct,quantile,0.05,0.24291966707672724
springfield,2026-03-28,3,2026-04-18,Flu ED visits pct,quantile,0.05,0.31828962595350346
st-cloud,2026-03-28,3,2026-04-18,Flu ED visits pct,quantile,0.05,0.16813640756968837
st-paul,2026-03-28,3,2026-04-18,Flu ED visits pct,quantile,0.05,0.45894694238127476
texas,2026-03-28,3,2026-04-18,Flu ED visits pct,quantile,0.05,0.3873936837218977
triad-area,2026-03-28,3,2026-04-18,Flu ED visits pct,quantile,0.05,0.21041387398476985
utah,2026-03-28,3,2026-04-18,Flu ED visits pct,quantile,0.05,0.26589210949095116
virginia,2026-03-28,3,2026-04-18,Flu ED visits pct,quantile,0.05,0.48298733941142147
weld,2026-03-28,3,2026-04-18,Flu ED visits pct,quantile,0.05,0.32149513419835435
wnc,2026-03-28,3,2026-04-18,Flu ED visits pct,quantile,0.05,0.16410805226992828
worcester,2026-03-28,3,2026-04-18,Flu ED visits pct,quantile,0.05,0.23708037630697001
athens,2026-03-28,0,2026-03-28,Flu ED visits pct,quantile,0.1,0.5130532602303822
austin,2026-03-28,0,2026-03-28,Flu ED visits pct,quantile,0.1,0.5342286450297897
baltimore,2026-03-28,0,2026-03-28,Flu ED visits pct,quantile,0.1,0.7781283229221836
bangor,2026-03-28,0,2026-03-28,Flu ED visits pct,quantile,0.1,0.5345299018008974
beaumont,2026-03-28,0,2026-03-28,Flu ED visits pct,quantile,0.1,0.4412088881350923
boston,2026-03-28,0,2026-03-28,Flu ED visits pct,quantile,0.1,0.9624488087954379
boulder,2026-03-28,0,2026-03-28,Flu ED visits pct,quantile,0.1,1.7329949792801727
charleston,2026-03-28,0,2026-03-28,Flu ED visits pct,quantile,0.1,0.5738579819507563
cherokee,2026-03-28,0,2026-03-28,Flu ED visits pct,quantile,0.1,0.5834529578028532
clt-area,2026-03-28,0,2026-03-28,Flu ED visits pct,quantile,0.1,1.4866478949864639
colorado,2026-03-28,0,2026-03-28,Flu ED visits pct,quantile,0.1,1.512460433398914
colorado-springs,2026-03-28,0,2026-03-28,Flu ED visits pct,quantile,0.1,1.3766422162375702
columbia,2026-03-28,0,2026-03-28,Flu ED visits pct,quantile,0.1,0.3182066612709839
columbus,2026-03-28,0,2026-03-28,Flu ED visits pct,quantile,0.1,0.554275219857643
dallas,2026-03-28,0,2026-03-28,Flu ED visits pct,quantile,0.1,0.603806797625315
denver,2026-03-28,0,2026-03-28,Flu ED visits pct,quantile,0.1,1.5018713513711839
deschutes,2026-03-28,0,2026-03-28,Flu ED visits pct,quantile,0.1,1.0569918601263009
duluth,2026-03-28,0,2026-03-28,Flu ED visits pct,quantile,0.1,1.4748669238924985
el-paso,2026-03-28,0,2026-03-28,Flu ED visits pct,quantile,0.1,0.941269220943484
eugene,2026-03-28,0,2026-03-28,Flu ED visits pct,quantile,0.1,0.3194668745170928
fay-area,2026-03-28,0,2026-03-28,Flu ED visits pct,quantile,0.1,1.5559516095597674
florence,2026-03-28,0,2026-03-28,Flu ED visits pct,quantile,0.1,0.2305830339206393
floyd,2026-03-28,0,2026-03-28,Flu ED visits pct,quantile,0.1,0.8301787989305043
frederick,2026-03-28,0,2026-03-28,Flu ED visits pct,quantile,0.1,0.5058299716815051
georgia,2026-03-28,0,2026-03-28,Flu ED visits pct,quantile,0.1,0.602164574726047
greenville,2026-03-28,0,2026-03-28,Flu ED visits pct,quantile,0.1,0.7212558252707434
hall,2026-03-28,0,2026-03-28,Flu ED visits pct,quantile,0.1,0.2881597798563191
harford,2026-03-28,0,2026-03-28,Flu ED visits pct,quantile,0.1,0.267826165551424
henry,2026-03-28,0,2026-03-28,Flu ED visits pct,quantile,0.1,0.378619591485999
horry,2026-03-28,0,2026-03-28,Flu ED visits pct,quantile,0.1,0.3456651509155663
houston,2026-03-28,0,2026-03-28,Flu ED visits pct,quantile,0.1,0.4469550139347539
indiana,2026-03-28,0,2026-03-28,Flu ED visits pct,quantile,0.1,1.1210385376368166
indianapolis,2026-03-28,0,2026-03-28,Flu ED visits pct,quantile,0.1,0.8490910543618019
la-grange,2026-03-28,0,2026-03-28,Flu ED visits pct,quantile,0.1,0.39230549667657877
larimer,2026-03-28,0,2026-03-28,Flu ED visits pct,quantile,0.1,0.9067837091651705
lynn,2026-03-28,0,2026-03-28,Flu ED visits pct,quantile,0.1,0.6085169391569633
macon,2026-03-28,0,2026-03-28,Flu ED visits pct,quantile,0.1,0.4565636536079597
maine,2026-03-28,0,2026-03-28,Flu ED visits pct,quantile,0.1,0.73469202606241
marietta,2026-03-28,0,2026-03-28,Flu ED visits pct,quantile,0.1,0.25924824799045937
maryland,2026-03-28,0,2026-03-28,Flu ED visits pct,quantile,0.1,0.7734645301474039
massachusetts,2026-03-28,0,2026-03-28,Flu ED visits pct,quantile,0.1,1.0283722238953965
medford,2026-03-28,0,2026-03-28,Flu ED visits pct,quantile,0.1,0.1433626417786056
mesa,2026-03-28,0,2026-03-28,Flu ED visits pct,quantile,0.1,0.5088318486491205
minneapolis,2026-03-28,0,2026-03-28,Flu ED visits pct,quantile,0.1,1.429453256053427
minnesota,2026-03-28,0,2026-03-28,Flu ED visits pct,quantile,0.1,1.4184687414695984
montgomery,2026-03-28,0,2026-03-28,Flu ED visits pct,quantile,0.1,0.5836762471920364
nenc,2026-03-28,0,2026-03-28,Flu ED visits pct,quantile,0.1,0.6494871215937278
new-bedford,2026-03-28,0,2026-03-28,Flu ED visits pct,quantile,0.1,1.0280440513306162
north-carolina,2026-03-28,0,2026-03-28,Flu ED visits pct,quantile,0.1,1.0224613941523328
nyc,2026-03-28,0,2026-03-28,ILI ED visits pct,quantile,0.1,2.6694956047558316
ogden,2026-03-28,0,2026-03-28,Flu ED visits pct,quantile,0.1,0.4603189665503477
oregon,2026-03-28,0,2026-03-28,Flu ED visits pct,quantile,0.1,0.8089961549902501
pittsfield,2026-03-28,0,2026-03-28,Flu ED visits pct,quantile,0.1,0.18690972443553358
portland,2026-03-28,0,2026-03-28,Flu ED visits pct,quantile,0.1,0.7334780822254479
portland-or,2026-03-28,0,2026-03-28,Flu ED visits pct,quantile,0.1,0.9008155897417819
provo,2026-03-28,0,2026-03-28,Flu ED visits pct,quantile,0.1,0.24502754115549075
roanoke,2026-03-28,0,2026-03-28,Flu ED visits pct,quantile,0.1,1.2345849410965426
rochester,2026-03-28,0,2026-03-28,Flu ED visits pct,quantile,0.1,0.7894660968391647
rock-hill,2026-03-28,0,2026-03-28,Flu ED visits pct,quantile,0.1,0.3106777844267106
rtp-area,2026-03-28,0,2026-03-28,Flu ED visits pct,quantile,0.1,0.5687103395883731
salem,2026-03-28,0,2026-03-28,Flu ED visits pct,quantile,0.1,0.9612098096882502
salt-lake-city,2026-03-28,0,2026-03-28,Flu ED visits pct,quantile,0.1,0.4936155447970745
san-antonio,2026-03-28,0,2026-03-28,Flu ED visits pct,quantile,0.1,0.5550861508108629
savannah,2026-03-28,0,2026-03-28,Flu ED visits pct,quantile,0.1,0.1734082107853123
senc,2026-03-28,0,2026-03-28,Flu ED visits pct,quantile,0.1,0.639937559441466
south-augusta,2026-03-28,0,2026-03-28,Flu ED visits pct,quantile,0.1,0.569596148977244
south-carolina,2026-03-28,0,2026-03-28,Flu ED visits pct,quantile,0.1,0.6316132065292761
springfield,2026-03-28,0,2026-03-28,Flu ED visits pct,quantile,0.1,0.9374062492609497
st-cloud,2026-03-28,0,2026-03-28,Flu ED visits pct,quantile,0.1,0.7700346953459596
st-paul,2026-03-28,0,2026-03-28,Flu ED visits pct,quantile,0.1,1.096494784542032
texas,2026-03-28,0,2026-03-28,Flu ED visits pct,quantile,0.1,0.6542534678878583
triad-area,2026-03-28,0,2026-03-28,Flu ED visits pct,quantile,0.1,0.6760051456804496
utah,2026-03-28,0,2026-03-28,Flu ED visits pct,quantile,0.1,0.5189738515036003
virginia,2026-03-28,0,2026-03-28,Flu ED visits pct,quantile,0.1,1.0628283393943523
weld,2026-03-28,0,2026-03-28,Flu ED visits pct,quantile,0.1,1.179964657331694
wnc,2026-03-28,0,2026-03-28,Flu ED visits pct,quantile,0.1,0.6426886587939356
worcester,2026-03-28,0,2026-03-28,Flu ED visits pct,quantile,0.1,0.7303892978894263
athens,2026-03-28,1,2026-04-04,Flu ED visits pct,quantile,0.1,0.33148285870584493
austin,2026-03-28,1,2026-04-04,Flu ED visits pct,quantile,0.1,0.4053242712170176
baltimore,2026-03-28,1,2026-04-04,Flu ED visits pct,quantile,0.1,0.649640729858941
bangor,2026-03-28,1,2026-04-04,Flu ED visits pct,quantile,0.1,0.3414218493176652
beaumont,2026-03-28,1,2026-04-04,Flu ED visits pct,quantile,0.1,0.3189074120392779
boston,2026-03-28,1,2026-04-04,Flu ED visits pct,quantile,0.1,0.7743666890757844
boulder,2026-03-28,1,2026-04-04,Flu ED visits pct,quantile,0.1,1.1163575349715804
charleston,2026-03-28,1,2026-04-04,Flu ED visits pct,quantile,0.1,0.40578929536556535
cherokee,2026-03-28,1,2026-04-04,Flu ED visits pct,quantile,0.1,0.40689428198497457
clt-area,2026-03-28,1,2026-04-04,Flu ED visits pct,quantile,0.1,0.9943022437254565
colorado,2026-03-28,1,2026-04-04,Flu ED visits pct,quantile,0.1,1.06915222376655
colorado-springs,2026-03-28,1,2026-04-04,Flu ED visits pct,quantile,0.1,0.957573571644197
columbia,2026-03-28,1,2026-04-04,Flu ED visits pct,quantile,0.1,0.22488098099256895
columbus,2026-03-28,1,2026-04-04,Flu ED visits pct,quantile,0.1,0.3499946659384681
dallas,2026-03-28,1,2026-04-04,Flu ED visits pct,quantile,0.1,0.4712818711299031
denver,2026-03-28,1,2026-04-04,Flu ED visits pct,quantile,0.1,1.137225226996435
deschutes,2026-03-28,1,2026-04-04,Flu ED visits pct,quantile,0.1,0.720576735864331
duluth,2026-03-28,1,2026-04-04,Flu ED visits pct,quantile,0.1,0.9971802972611676
el-paso,2026-03-28,1,2026-04-04,Flu ED visits pct,quantile,0.1,0.7688791579922202
eugene,2026-03-28,1,2026-04-04,Flu ED visits pct,quantile,0.1,0.21862524889165344
fay-area,2026-03-28,1,2026-04-04,Flu ED visits pct,quantile,0.1,1.0710739977702568
florence,2026-03-28,1,2026-04-04,Flu ED visits pct,quantile,0.1,0.1585901204606402
floyd,2026-03-28,1,2026-04-04,Flu ED visits pct,quantile,0.1,0.5302371264074734
frederick,2026-03-28,1,2026-04-04,Flu ED visits pct,quantile,0.1,0.3625389668450116
georgia,2026-03-28,1,2026-04-04,Flu ED visits pct,quantile,0.1,0.4660605702881678
greenville,2026-03-28,1,2026-04-04,Flu ED visits pct,quantile,0.1,0.48886182533718947
hall,2026-03-28,1,2026-04-04,Flu ED visits pct,quantile,0.1,0.19670871556809807
harford,2026-03-28,1,2026-04-04,Flu ED visits pct,quantile,0.1,0.1880002098493482
henry,2026-03-28,1,2026-04-04,Flu ED visits pct,quantile,0.1,0.27053776690449477
horry,2026-03-28,1,2026-04-04,Flu ED visits pct,quantile,0.1,0.25496603254945954
houston,2026-03-28,1,2026-04-04,Flu ED visits pct,quantile,0.1,0.3929775847478453
indiana,2026-03-28,1,2026-04-04,Flu ED visits pct,quantile,0.1,0.7356900303872523
indianapolis,2026-03-28,1,2026-04-04,Flu ED visits pct,quantile,0.1,0.5478734145244746
la-grange,2026-03-28,1,2026-04-04,Flu ED visits pct,quantile,0.1,0.2665003568020704
larimer,2026-03-28,1,2026-04-04,Flu ED visits pct,quantile,0.1,0.5959940393035588
lynn,2026-03-28,1,2026-04-04,Flu ED visits pct,quantile,0.1,0.4767921889129053
macon,2026-03-28,1,2026-04-04,Flu ED visits pct,quantile,0.1,0.3219854608209734
maine,2026-03-28,1,2026-04-04,Flu ED visits pct,quantile,0.1,0.5715831135986397
marietta,2026-03-28,1,2026-04-04,Flu ED visits pct,quantile,0.1,0.17137703480836275
maryland,2026-03-28,1,2026-04-04,Flu ED visits pct,quantile,0.1,0.649521125159137
massachusetts,2026-03-28,1,2026-04-04,Flu ED visits pct,quantile,0.1,0.8689638844658074
medford,2026-03-28,1,2026-04-04,Flu ED visits pct,quantile,0.1,0.08833730746597913
mesa,2026-03-28,1,2026-04-04,Flu ED visits pct,quantile,0.1,0.36115087147436603
minneapolis,2026-03-28,1,2026-04-04,Flu ED visits pct,quantile,0.1,1.0985421837259124
minnesota,2026-03-28,1,2026-04-04,Flu ED visits pct,quantile,0.1,1.0853180376160232
montgomery,2026-03-28,1,2026-04-04,Flu ED visits pct,quantile,0.1,0.48767289647655415
nenc,2026-03-28,1,2026-04-04,Flu ED visits pct,quantile,0.1,0.4526534590183997
new-bedford,2026-03-28,1,2026-04-04,Flu ED visits pct,quantile,0.1,0.7414117454924217
north-carolina,2026-03-28,1,2026-04-04,Flu ED visits pct,quantile,0.1,0.7049710334615453
nyc,2026-03-28,1,2026-04-04,ILI ED visits pct,quantile,0.1,2.559925769514247
ogden,2026-03-28,1,2026-04-04,Flu ED visits pct,quantile,0.1,0.3333742171449135
oregon,2026-03-28,1,2026-04-04,Flu ED visits pct,quantile,0.1,0.6138915957335606
pittsfield,2026-03-28,1,2026-04-04,Flu ED visits pct,quantile,0.1,0.12555244528526652
portland,2026-03-28,1,2026-04-04,Flu ED visits pct,quantile,0.1,0.4976209742407688
portland-or,2026-03-28,1,2026-04-04,Flu ED visits pct,quantile,0.1,0.7087043850549821
provo,2026-03-28,1,2026-04-04,Flu ED visits pct,quantile,0.1,0.1865919990561435
roanoke,2026-03-28,1,2026-04-04,Flu ED visits pct,quantile,0.1,0.7887723681301784
rochester,2026-03-28,1,2026-04-04,Flu ED visits pct,quantile,0.1,0.508540609875105
rock-hill,2026-03-28,1,2026-04-04,Flu ED visits pct,quantile,0.1,0.2278375470373452
rtp-area,2026-03-28,1,2026-04-04,Flu ED visits pct,quantile,0.1,0.38571819026926774
salem,2026-03-28,1,2026-04-04,Flu ED visits pct,quantile,0.1,0.6357641328563102
salt-lake-city,2026-03-28,1,2026-04-04,Flu ED visits pct,quantile,0.1,0.39003288953471693
san-antonio,2026-03-28,1,2026-04-04,Flu ED visits pct,quantile,0.1,0.4117618294814411
savannah,2026-03-28,1,2026-04-04,Flu ED visits pct,quantile,0.1,0.11538460708409072
senc,2026-03-28,1,2026-04-04,Flu ED visits pct,quantile,0.1,0.4366071319356002
south-augusta,2026-03-28,1,2026-04-04,Flu ED visits pct,quantile,0.1,0.3594096727657323
south-carolina,2026-03-28,1,2026-04-04,Flu ED visits pct,quantile,0.1,0.47349341307059495
springfield,2026-03-28,1,2026-04-04,Flu ED visits pct,quantile,0.1,0.6750204498622187
st-cloud,2026-03-28,1,2026-04-04,Flu ED visits pct,quantile,0.1,0.4960515970639895
st-paul,2026-03-28,1,2026-04-04,Flu ED visits pct,quantile,0.1,0.8479981514511157
texas,2026-03-28,1,2026-04-04,Flu ED visits pct,quantile,0.1,0.5218853354135629
triad-area,2026-03-28,1,2026-04-04,Flu ED visits pct,quantile,0.1,0.4798682574899179
utah,2026-03-28,1,2026-04-04,Flu ED visits pct,quantile,0.1,0.4048030929457294
virginia,2026-03-28,1,2026-04-04,Flu ED visits pct,quantile,0.1,0.8579946442627735
weld,2026-03-28,1,2026-04-04,Flu ED visits pct,quantile,0.1,0.7807288263799341
wnc,2026-03-28,1,2026-04-04,Flu ED visits pct,quantile,0.1,0.4271218238428809
worcester,2026-03-28,1,2026-04-04,Flu ED visits pct,quantile,0.1,0.5184829939749553
athens,2026-03-28,2,2026-04-11,Flu ED visits pct,quantile,0.1,0.17258929357024896
austin,2026-03-28,2,2026-04-11,Flu ED visits pct,quantile,0.1,0.3145598446660708
baltimore,2026-03-28,2,2026-04-11,Flu ED visits pct,quantile,0.1,0.5617261502051314
bangor,2026-03-28,2,2026-04-11,Flu ED visits pct,quantile,0.1,0.19947727803483703
beaumont,2026-03-28,2,2026-04-11,Flu ED visits pct,quantile,0.1,0.23947874811988742
boston,2026-03-28,2,2026-04-11,Flu ED visits pct,quantile,0.1,0.6612070095589418
boulder,2026-03-28,2,2026-04-11,Flu ED visits pct,quantile,0.1,0.6871718612828476
charleston,2026-03-28,2,2026-04-11,Flu ED visits pct,quantile,0.1,0.26416931155187756
cherokee,2026-03-28,2,2026-04-11,Flu ED visits pct,quantile,0.1,0.2755215121327684
clt-area,2026-03-28,2,2026-04-11,Flu ED visits pct,quantile,0.1,0.6722124210104432
colorado,2026-03-28,2,2026-04-11,Flu ED visits pct,quantile,0.1,0.8006974965070477
colorado-springs,2026-03-28,2,2026-04-11,Flu ED visits pct,quantile,0.1,0.6457807251813666
columbia,2026-03-28,2,2026-04-11,Flu ED visits pct,quantile,0.1,0.15788498775044602
columbus,2026-03-28,2,2026-04-11,Flu ED visits pct,quantile,0.1,0.20220879614767315
dallas,2026-03-28,2,2026-04-11,Flu ED visits pct,quantile,0.1,0.3791616636999702
denver,2026-03-28,2,2026-04-11,Flu ED visits pct,quantile,0.1,0.8493026882674568
deschutes,2026-03-28,2,2026-04-11,Flu ED visits pct,quantile,0.1,0.4853683773435624
duluth,2026-03-28,2,2026-04-11,Flu ED visits pct,quantile,0.1,0.6401259871048951
el-paso,2026-03-28,2,2026-04-11,Flu ED visits pct,quantile,0.1,0.6575620161843329
eugene,2026-03-28,2,2026-04-11,Flu ED visits pct,quantile,0.1,0.13480147116392419
fay-area,2026-03-28,2,2026-04-11,Flu ED visits pct,quantile,0.1,0.7751934260662031
florence,2026-03-28,2,2026-04-11,Flu ED visits pct,quantile,0.1,0.12345574099632438
floyd,2026-03-28,2,2026-04-11,Flu ED visits pct,quantile,0.1,0.35964994040835285
frederick,2026-03-28,2,2026-04-11,Flu ED visits pct,quantile,0.1,0.2786397395512127
georgia,2026-03-28,2,2026-04-11,Flu ED visits pct,quantile,0.1,0.386937985297945
greenville,2026-03-28,2,2026-04-11,Flu ED visits pct,quantile,0.1,0.28513833800501626
hall,2026-03-28,2,2026-04-11,Flu ED visits pct,quantile,0.1,0.1318370322073563
harford,2026-03-28,2,2026-04-11,Flu ED visits pct,quantile,0.1,0.13633825612905082
henry,2026-03-28,2,2026-04-11,Flu ED visits pct,quantile,0.1,0.19781053828548492
horry,2026-03-28,2,2026-04-11,Flu ED visits pct,quantile,0.1,0.1999144088505169
houston,2026-03-28,2,2026-04-11,Flu ED visits pct,quantile,0.1,0.3603995840199792
indiana,2026-03-28,2,2026-04-11,Flu ED visits pct,quantile,0.1,0.491863829096573
indianapolis,2026-03-28,2,2026-04-11,Flu ED visits pct,quantile,0.1,0.36223877114112346
la-grange,2026-03-28,2,2026-04-11,Flu ED visits pct,quantile,0.1,0.18815752069480424
larimer,2026-03-28,2,2026-04-11,Flu ED visits pct,quantile,0.1,0.3917023370443278
lynn,2026-03-28,2,2026-04-11,Flu ED visits pct,quantile,0.1,0.3951295522815919
macon,2026-03-28,2,2026-04-11,Flu ED visits pct,quantile,0.1,0.2209787264386046
maine,2026-03-28,2,2026-04-11,Flu ED visits pct,quantile,0.1,0.47748295592622975
marietta,2026-03-28,2,2026-04-11,Flu ED visits pct,quantile,0.1,0.12158657752261869
maryland,2026-03-28,2,2026-04-11,Flu ED visits pct,quantile,0.1,0.5574792297566205
massachusetts,2026-03-28,2,2026-04-11,Flu ED visits pct,quantile,0.1,0.7719975290360063
medford,2026-03-28,2,2026-04-11,Flu ED visits pct,quantile,0.1,0.05289128487282337
mesa,2026-03-28,2,2026-04-11,Flu ED visits pct,quantile,0.1,0.261787558324101
minneapolis,2026-03-28,2,2026-04-11,Flu ED visits pct,quantile,0.1,0.8362600091459278
minnesota,2026-03-28,2,2026-04-11,Flu ED visits pct,quantile,0.1,0.8179624426397741
montgomery,2026-03-28,2,2026-04-11,Flu ED visits pct,quantile,0.1,0.4225318384041884
nenc,2026-03-28,2,2026-04-11,Flu ED visits pct,quantile,0.1,0.2919142824628242
new-bedford,2026-03-28,2,2026-04-11,Flu ED visits pct,quantile,0.1,0.5859163713773786
north-carolina,2026-03-28,2,2026-04-11,Flu ED visits pct,quantile,0.1,0.48929899530430987
nyc,2026-03-28,2,2026-04-11,ILI ED visits pct,quantile,0.1,2.427268985981192
ogden,2026-03-28,2,2026-04-11,Flu ED visits pct,quantile,0.1,0.2483873804565312
oregon,2026-03-28,2,2026-04-11,Flu ED visits pct,quantile,0.1,0.4451117315748286
pittsfield,2026-03-28,2,2026-04-11,Flu ED visits pct,quantile,0.1,0.08771958903487391
portland,2026-03-28,2,2026-04-11,Flu ED visits pct,quantile,0.1,0.3478640735600388
portland-or,2026-03-28,2,2026-04-11,Flu ED visits pct,quantile,0.1,0.5017948655940944
provo,2026-03-28,2,2026-04-11,Flu ED visits pct,quantile,0.1,0.15899712660574086
roanoke,2026-03-28,2,2026-04-11,Flu ED visits pct,quantile,0.1,0.5081739401894882
rochester,2026-03-28,2,2026-04-11,Flu ED visits pct,quantile,0.1,0.29206191293695727
rock-hill,2026-03-28,2,2026-04-11,Flu ED visits pct,quantile,0.1,0.1773960363468605
rtp-area,2026-03-28,2,2026-04-11,Flu ED visits pct,quantile,0.1,0.257999709984285
salem,2026-03-28,2,2026-04-11,Flu ED visits pct,quantile,0.1,0.3986804478137023
salt-lake-city,2026-03-28,2,2026-04-11,Flu ED visits pct,quantile,0.1,0.3254729426053252
san-antonio,2026-03-28,2,2026-04-11,Flu ED visits pct,quantile,0.1,0.2843456173760809
savannah,2026-03-28,2,2026-04-11,Flu ED visits pct,quantile,0.1,0.06640757609930285
senc,2026-03-28,2,2026-04-11,Flu ED visits pct,quantile,0.1,0.2798166233174549
south-augusta,2026-03-28,2,2026-04-11,Flu ED visits pct,quantile,0.1,0.21370578338288743
south-carolina,2026-03-28,2,2026-04-11,Flu ED visits pct,quantile,0.1,0.3665615717779484
springfield,2026-03-28,2,2026-04-11,Flu ED visits pct,quantile,0.1,0.49261885152171025
st-cloud,2026-03-28,2,2026-04-11,Flu ED visits pct,quantile,0.1,0.2812845727125774
st-paul,2026-03-28,2,2026-04-11,Flu ED visits pct,quantile,0.1,0.6507084614413773
texas,2026-03-28,2,2026-04-11,Flu ED visits pct,quantile,0.1,0.4349167766825276
triad-area,2026-03-28,2,2026-04-11,Flu ED visits pct,quantile,0.1,0.3348473725210632
utah,2026-03-28,2,2026-04-11,Flu ED visits pct,quantile,0.1,0.33886693794833866
virginia,2026-03-28,2,2026-04-11,Flu ED visits pct,quantile,0.1,0.704705004975095
weld,2026-03-28,2,2026-04-11,Flu ED visits pct,quantile,0.1,0.5188699131861361
wnc,2026-03-28,2,2026-04-11,Flu ED visits pct,quantile,0.1,0.28741069671488273
worcester,2026-03-28,2,2026-04-11,Flu ED visits pct,quantile,0.1,0.4047434856603196
athens,2026-03-28,3,2026-04-18,Flu ED visits pct,quantile,0.1,0.12648891799444084
austin,2026-03-28,3,2026-04-18,Flu ED visits pct,quantile,0.1,0.27579583993040485
baltimore,2026-03-28,3,2026-04-18,Flu ED visits pct,quantile,0.1,0.4835331664991882
bangor,2026-03-28,3,2026-04-18,Flu ED visits pct,quantile,0.1,0.1533476414645341
beaumont,2026-03-28,3,2026-04-18,Flu ED visits pct,quantile,0.1,0.20054164580404207
boston,2026-03-28,3,2026-04-18,Flu ED visits pct,quantile,0.1,0.5645105392854411
boulder,2026-03-28,3,2026-04-18,Flu ED visits pct,quantile,0.1,0.45552563261295714
charleston,2026-03-28,3,2026-04-18,Flu ED visits pct,quantile,0.1,0.21659051523806194
cherokee,2026-03-28,3,2026-04-18,Flu ED visits pct,quantile,0.1,0.23051070127966145
clt-area,2026-03-28,3,2026-04-18,Flu ED visits pct,quantile,0.1,0.44541708929585727
colorado,2026-03-28,3,2026-04-18,Flu ED visits pct,quantile,0.1,0.6374368018644462
colorado-springs,2026-03-28,3,2026-04-18,Flu ED visits pct,quantile,0.1,0.4948123800485844
columbia,2026-03-28,3,2026-04-18,Flu ED visits pct,quantile,0.1,0.131244297865319
columbus,2026-03-28,3,2026-04-18,Flu ED visits pct,quantile,0.1,0.15071423587192948
dallas,2026-03-28,3,2026-04-18,Flu ED visits pct,quantile,0.1,0.32116265823536944
denver,2026-03-28,3,2026-04-18,Flu ED visits pct,quantile,0.1,0.6490821047915093
deschutes,2026-03-28,3,2026-04-18,Flu ED visits pct,quantile,0.1,0.3979173802862856
duluth,2026-03-28,3,2026-04-18,Flu ED visits pct,quantile,0.1,0.4839327789276623
el-paso,2026-03-28,3,2026-04-18,Flu ED visits pct,quantile,0.1,0.578313830049204
eugene,2026-03-28,3,2026-04-18,Flu ED visits pct,quantile,0.1,0.11235395313395775
fay-area,2026-03-28,3,2026-04-18,Flu ED visits pct,quantile,0.1,0.518497628299356
florence,2026-03-28,3,2026-04-18,Flu ED visits pct,quantile,0.1,0.10693880302851784
floyd,2026-03-28,3,2026-04-18,Flu ED visits pct,quantile,0.1,0.27706894399409027
frederick,2026-03-28,3,2026-04-18,Flu ED visits pct,quantile,0.1,0.25647410166374673
georgia,2026-03-28,3,2026-04-18,Flu ED visits pct,quantile,0.1,0.3400034379749486
greenville,2026-03-28,3,2026-04-18,Flu ED visits pct,quantile,0.1,0.20909883035817756
hall,2026-03-28,3,2026-04-18,Flu ED visits pct,quantile,0.1,0.11356576363313639
harford,2026-03-28,3,2026-04-18,Flu ED visits pct,quantile,0.1,0.12031412516636501
henry,2026-03-28,3,2026-04-18,Flu ED visits pct,quantile,0.1,0.1691040778912757
horry,2026-03-28,3,2026-04-18,Flu ED visits pct,quantile,0.1,0.1737161173706339
houston,2026-03-28,3,2026-04-18,Flu ED visits pct,quantile,0.1,0.32258794715250844
indiana,2026-03-28,3,2026-04-18,Flu ED visits pct,quantile,0.1,0.3501151896151836
indianapolis,2026-03-28,3,2026-04-18,Flu ED visits pct,quantile,0.1,0.23523578610405815
la-grange,2026-03-28,3,2026-04-18,Flu ED visits pct,quantile,0.1,0.15011686501217336
larimer,2026-03-28,3,2026-04-18,Flu ED visits pct,quantile,0.1,0.3034359336981522
lynn,2026-03-28,3,2026-04-18,Flu ED visits pct,quantile,0.1,0.34525724177667194
macon,2026-03-28,3,2026-04-18,Flu ED visits pct,quantile,0.1,0.1797840365607197
maine,2026-03-28,3,2026-04-18,Flu ED visits pct,quantile,0.1,0.41499190791982327
marietta,2026-03-28,3,2026-04-18,Flu ED visits pct,quantile,0.1,0.09920665329121532
maryland,2026-03-28,3,2026-04-18,Flu ED visits pct,quantile,0.1,0.49698131607175955
massachusetts,2026-03-28,3,2026-04-18,Flu ED visits pct,quantile,0.1,0.6615961236236857
medford,2026-03-28,3,2026-04-18,Flu ED visits pct,quantile,0.1,0.043398775920015564
mesa,2026-03-28,3,2026-04-18,Flu ED visits pct,quantile,0.1,0.21300628690054133
minneapolis,2026-03-28,3,2026-04-18,Flu ED visits pct,quantile,0.1,0.6414143563215762
minnesota,2026-03-28,3,2026-04-18,Flu ED visits pct,quantile,0.1,0.6551232481232183
montgomery,2026-03-28,3,2026-04-18,Flu ED visits pct,quantile,0.1,0.3663303642763433
nenc,2026-03-28,3,2026-04-18,Flu ED visits pct,quantile,0.1,0.18762927182607803
new-bedford,2026-03-28,3,2026-04-18,Flu ED visits pct,quantile,0.1,0.4799753563829974
north-carolina,2026-03-28,3,2026-04-18,Flu ED visits pct,quantile,0.1,0.3293121256344012
nyc,2026-03-28,3,2026-04-18,ILI ED visits pct,quantile,0.1,2.237218345531926
ogden,2026-03-28,3,2026-04-18,Flu ED visits pct,quantile,0.1,0.21250366696397324
oregon,2026-03-28,3,2026-04-18,Flu ED visits pct,quantile,0.1,0.37408761310916405
pittsfield,2026-03-28,3,2026-04-18,Flu ED visits pct,quantile,0.1,0.06936920318435262
portland,2026-03-28,3,2026-04-18,Flu ED visits pct,quantile,0.1,0.27555640531566433
portland-or,2026-03-28,3,2026-04-18,Flu ED visits pct,quantile,0.1,0.41883088737896584
provo,2026-03-28,3,2026-04-18,Flu ED visits pct,quantile,0.1,0.13632030747979784
roanoke,2026-03-28,3,2026-04-18,Flu ED visits pct,quantile,0.1,0.35799240584783454
rochester,2026-03-28,3,2026-04-18,Flu ED visits pct,quantile,0.1,0.2130271391588655
rock-hill,2026-03-28,3,2026-04-18,Flu ED visits pct,quantile,0.1,0.15156075779338668
rtp-area,2026-03-28,3,2026-04-18,Flu ED visits pct,quantile,0.1,0.1720943113637557
salem,2026-03-28,3,2026-04-18,Flu ED visits pct,quantile,0.1,0.3118000584802149
salt-lake-city,2026-03-28,3,2026-04-18,Flu ED visits pct,quantile,0.1,0.27341537143010597
san-antonio,2026-03-28,3,2026-04-18,Flu ED visits pct,quantile,0.1,0.2403470816259059
savannah,2026-03-28,3,2026-04-18,Flu ED visits pct,quantile,0.1,0.05128784475550823
senc,2026-03-28,3,2026-04-18,Flu ED visits pct,quantile,0.1,0.1847846919462514
south-augusta,2026-03-28,3,2026-04-18,Flu ED visits pct,quantile,0.1,0.1540955431580629
south-carolina,2026-03-28,3,2026-04-18,Flu ED visits pct,quantile,0.1,0.3075966813305434
springfield,2026-03-28,3,2026-04-18,Flu ED visits pct,quantile,0.1,0.3968888817179744
st-cloud,2026-03-28,3,2026-04-18,Flu ED visits pct,quantile,0.1,0.20800730313473323
st-paul,2026-03-28,3,2026-04-18,Flu ED visits pct,quantile,0.1,0.5357392480982412
texas,2026-03-28,3,2026-04-18,Flu ED visits pct,quantile,0.1,0.39364241252937276
triad-area,2026-03-28,3,2026-04-18,Flu ED visits pct,quantile,0.1,0.22250389595429473
utah,2026-03-28,3,2026-04-18,Flu ED visits pct,quantile,0.1,0.28681633300239584
virginia,2026-03-28,3,2026-04-18,Flu ED visits pct,quantile,0.1,0.6061850707766415
weld,2026-03-28,3,2026-04-18,Flu ED visits pct,quantile,0.1,0.3802228950207117
wnc,2026-03-28,3,2026-04-18,Flu ED visits pct,quantile,0.1,0.1803646269309193
worcester,2026-03-28,3,2026-04-18,Flu ED visits pct,quantile,0.1,0.32991099153108727
athens,2026-03-28,0,2026-03-28,Flu ED visits pct,quantile,0.25,0.6881128842545452
austin,2026-03-28,0,2026-03-28,Flu ED visits pct,quantile,0.25,0.6528672009232358
baltimore,2026-03-28,0,2026-03-28,Flu ED visits pct,quantile,0.25,0.9016675007386812
bangor,2026-03-28,0,2026-03-28,Flu ED visits pct,quantile,0.25,0.7128766232421835
beaumont,2026-03-28,0,2026-03-28,Flu ED visits pct,quantile,0.25,0.6149273823284997
boston,2026-03-28,0,2026-03-28,Flu ED visits pct,quantile,0.25,1.1071151835987392
boulder,2026-03-28,0,2026-03-28,Flu ED visits pct,quantile,0.25,2.050277411610901
charleston,2026-03-28,0,2026-03-28,Flu ED visits pct,quantile,0.25,0.7857537680850605
cherokee,2026-03-28,0,2026-03-28,Flu ED visits pct,quantile,0.25,0.7865028717120944
clt-area,2026-03-28,0,2026-03-28,Flu ED visits pct,quantile,0.25,1.7196306926823144
colorado,2026-03-28,0,2026-03-28,Flu ED visits pct,quantile,0.25,1.7201555531145316
colorado-springs,2026-03-28,0,2026-03-28,Flu ED visits pct,quantile,0.25,1.6500229998950395
columbia,2026-03-28,0,2026-03-28,Flu ED visits pct,quantile,0.25,0.45689694499434486
columbus,2026-03-28,0,2026-03-28,Flu ED visits pct,quantile,0.25,0.7416991867490496
dallas,2026-03-28,0,2026-03-28,Flu ED visits pct,quantile,0.25,0.7148054342795538
denver,2026-03-28,0,2026-03-28,Flu ED visits pct,quantile,0.25,1.7273771582648185
deschutes,2026-03-28,0,2026-03-28,Flu ED visits pct,quantile,0.25,1.2906792723177345
duluth,2026-03-28,0,2026-03-28,Flu ED visits pct,quantile,0.25,1.7537421959602053
el-paso,2026-03-28,0,2026-03-28,Flu ED visits pct,quantile,0.25,1.1793783858536515
eugene,2026-03-28,0,2026-03-28,Flu ED visits pct,quantile,0.25,0.47021302574400037
fay-area,2026-03-28,0,2026-03-28,Flu ED visits pct,quantile,0.25,1.7785408795316475
florence,2026-03-28,0,2026-03-28,Flu ED visits pct,quantile,0.25,0.30405181796995573
floyd,2026-03-28,0,2026-03-28,Flu ED visits pct,quantile,0.25,0.9941580663885585
frederick,2026-03-28,0,2026-03-28,Flu ED visits pct,quantile,0.25,0.7112983059763592
georgia,2026-03-28,0,2026-03-28,Flu ED visits pct,quantile,0.25,0.6920700037723878
greenville,2026-03-28,0,2026-03-28,Flu ED visits pct,quantile,0.25,0.9425637940412418
hall,2026-03-28,0,2026-03-28,Flu ED visits pct,quantile,0.25,0.41517961696295724
harford,2026-03-28,0,2026-03-28,Flu ED visits pct,quantile,0.25,0.331684455870918
henry,2026-03-28,0,2026-03-28,Flu ED visits pct,quantile,0.25,0.4755013001112545
horry,2026-03-28,0,2026-03-28,Flu ED visits pct,quantile,0.25,0.4840632506704121
houston,2026-03-28,0,2026-03-28,Flu ED visits pct,quantile,0.25,0.5102139457853101
indiana,2026-03-28,0,2026-03-28,Flu ED visits pct,quantile,0.25,1.3996746430211098
indianapolis,2026-03-28,0,2026-03-28,Flu ED visits pct,quantile,0.25,1.0543618635170737
la-grange,2026-03-28,0,2026-03-28,Flu ED visits pct,quantile,0.25,0.51778107848698
larimer,2026-03-28,0,2026-03-28,Flu ED visits pct,quantile,0.25,1.174124244061223
lynn,2026-03-28,0,2026-03-28,Flu ED visits pct,quantile,0.25,0.7502386769973959
macon,2026-03-28,0,2026-03-28,Flu ED visits pct,quantile,0.25,0.602516323402558
maine,2026-03-28,0,2026-03-28,Flu ED visits pct,quantile,0.25,0.9261175382295488
marietta,2026-03-28,0,2026-03-28,Flu ED visits pct,quantile,0.25,0.3766140502078092
maryland,2026-03-28,0,2026-03-28,Flu ED visits pct,quantile,0.25,0.911617132192516
massachusetts,2026-03-28,0,2026-03-28,Flu ED visits pct,quantile,0.25,1.1849505467552217
medford,2026-03-28,0,2026-03-28,Flu ED visits pct,quantile,0.25,0.22578951138065265
mesa,2026-03-28,0,2026-03-28,Flu ED visits pct,quantile,0.25,0.6455037462659505
minneapolis,2026-03-28,0,2026-03-28,Flu ED visits pct,quantile,0.25,1.6512834492357484
minnesota,2026-03-28,0,2026-03-28,Flu ED visits pct,quantile,0.25,1.666530990849826
montgomery,2026-03-28,0,2026-03-28,Flu ED visits pct,quantile,0.25,0.7217782268825247
nenc,2026-03-28,0,2026-03-28,Flu ED visits pct,quantile,0.25,0.7771187010371695
new-bedford,2026-03-28,0,2026-03-28,Flu ED visits pct,quantile,0.25,1.2330579447033754
north-carolina,2026-03-28,0,2026-03-28,Flu ED visits pct,quantile,0.25,1.1448261149022299
nyc,2026-03-28,0,2026-03-28,ILI ED visits pct,quantile,0.25,2.8211546891284165
ogden,2026-03-28,0,2026-03-28,Flu ED visits pct,quantile,0.25,0.6218095022987918
oregon,2026-03-28,0,2026-03-28,Flu ED visits pct,quantile,0.25,0.9783338465206184
pittsfield,2026-03-28,0,2026-03-28,Flu ED visits pct,quantile,0.25,0.3090017583645875
portland,2026-03-28,0,2026-03-28,Flu ED visits pct,quantile,0.25,0.8491505512759772
portland-or,2026-03-28,0,2026-03-28,Flu ED visits pct,quantile,0.25,1.1155847851991982
provo,2026-03-28,0,2026-03-28,Flu ED visits pct,quantile,0.25,0.3247431431045897
roanoke,2026-03-28,0,2026-03-28,Flu ED visits pct,quantile,0.25,1.5970338189349294
rochester,2026-03-28,0,2026-03-28,Flu ED visits pct,quantile,0.25,1.0849547309283545
rock-hill,2026-03-28,0,2026-03-28,Flu ED visits pct,quantile,0.25,0.39997899285442434
rtp-area,2026-03-28,0,2026-03-28,Flu ED visits pct,quantile,0.25,0.6660642678492427
salem,2026-03-28,0,2026-03-28,Flu ED visits pct,quantile,0.25,1.2086416702636775
salt-lake-city,2026-03-28,0,2026-03-28,Flu ED visits pct,quantile,0.25,0.5716946084133097
san-antonio,2026-03-28,0,2026-03-28,Flu ED visits pct,quantile,0.25,0.7125922451251469
savannah,2026-03-28,0,2026-03-28,Flu ED visits pct,quantile,0.25,0.264108282939229
senc,2026-03-28,0,2026-03-28,Flu ED visits pct,quantile,0.25,0.7942012757604429
south-augusta,2026-03-28,0,2026-03-28,Flu ED visits pct,quantile,0.25,0.7060790909668687
south-carolina,2026-03-28,0,2026-03-28,Flu ED visits pct,quantile,0.25,0.7816411911188071
springfield,2026-03-28,0,2026-03-28,Flu ED visits pct,quantile,0.25,1.203400582847526
st-cloud,2026-03-28,0,2026-03-28,Flu ED visits pct,quantile,0.25,1.0046888181665559
st-paul,2026-03-28,0,2026-03-28,Flu ED visits pct,quantile,0.25,1.3638078635638076
texas,2026-03-28,0,2026-03-28,Flu ED visits pct,quantile,0.25,0.7598682328702325
triad-area,2026-03-28,0,2026-03-28,Flu ED visits pct,quantile,0.25,0.7972973983385893
utah,2026-03-28,0,2026-03-28,Flu ED visits pct,quantile,0.25,0.6039934925520517
virginia,2026-03-28,0,2026-03-28,Flu ED visits pct,quantile,0.25,1.2614343738741618
weld,2026-03-28,0,2026-03-28,Flu ED visits pct,quantile,0.25,1.4699808544521933
wnc,2026-03-28,0,2026-03-28,Flu ED visits pct,quantile,0.25,0.7397913376047276
worcester,2026-03-28,0,2026-03-28,Flu ED visits pct,quantile,0.25,0.9994424013429404
athens,2026-03-28,1,2026-04-04,Flu ED visits pct,quantile,0.25,0.43873816374333896
austin,2026-03-28,1,2026-04-04,Flu ED visits pct,quantile,0.25,0.4805492248988959
baltimore,2026-03-28,1,2026-04-04,Flu ED visits pct,quantile,0.25,0.8169721626038975
bangor,2026-03-28,1,2026-04-04,Flu ED visits pct,quantile,0.25,0.4869680132355106
beaumont,2026-03-28,1,2026-04-04,Flu ED visits pct,quantile,0.25,0.502797965481069
boston,2026-03-28,1,2026-04-04,Flu ED visits pct,quantile,0.25,0.9878368520043803
boulder,2026-03-28,1,2026-04-04,Flu ED visits pct,quantile,0.25,1.4097614518277934
charleston,2026-03-28,1,2026-04-04,Flu ED visits pct,quantile,0.25,0.5493340223002737
cherokee,2026-03-28,1,2026-04-04,Flu ED visits pct,quantile,0.25,0.5475329340069444
clt-area,2026-03-28,1,2026-04-04,Flu ED visits pct,quantile,0.25,1.17785434319713
colorado,2026-03-28,1,2026-04-04,Flu ED visits pct,quantile,0.25,1.3133787069109206
colorado-springs,2026-03-28,1,2026-04-04,Flu ED visits pct,quantile,0.25,1.209993347154101
columbia,2026-03-28,1,2026-04-04,Flu ED visits pct,quantile,0.25,0.31521278765685834
columbus,2026-03-28,1,2026-04-04,Flu ED visits pct,quantile,0.25,0.49839474759458147
dallas,2026-03-28,1,2026-04-04,Flu ED visits pct,quantile,0.25,0.5372257399153111
denver,2026-03-28,1,2026-04-04,Flu ED visits pct,quantile,0.25,1.2951840856932948
deschutes,2026-03-28,1,2026-04-04,Flu ED visits pct,quantile,0.25,0.9770538387219474
duluth,2026-03-28,1,2026-04-04,Flu ED visits pct,quantile,0.25,1.2486735945716565
el-paso,2026-03-28,1,2026-04-04,Flu ED visits pct,quantile,0.25,1.0479526068962244
eugene,2026-03-28,1,2026-04-04,Flu ED visits pct,quantile,0.25,0.31959459145565955
fay-area,2026-03-28,1,2026-04-04,Flu ED visits pct,quantile,0.25,1.2715673987802663
florence,2026-03-28,1,2026-04-04,Flu ED visits pct,quantile,0.25,0.2371168172793141
floyd,2026-03-28,1,2026-04-04,Flu ED visits pct,quantile,0.25,0.6864500876866136
frederick,2026-03-28,1,2026-04-04,Flu ED visits pct,quantile,0.25,0.5878420400067017
georgia,2026-03-28,1,2026-04-04,Flu ED visits pct,quantile,0.25,0.5262809647211437
greenville,2026-03-28,1,2026-04-04,Flu ED visits pct,quantile,0.25,0.6020374819889389
hall,2026-03-28,1,2026-04-04,Flu ED visits pct,quantile,0.25,0.28142018460181173
harford,2026-03-28,1,2026-04-04,Flu ED visits pct,quantile,0.25,0.27818524422586904
henry,2026-03-28,1,2026-04-04,Flu ED visits pct,quantile,0.25,0.38544495705064097
horry,2026-03-28,1,2026-04-04,Flu ED visits pct,quantile,0.25,0.394490729579501
houston,2026-03-28,1,2026-04-04,Flu ED visits pct,quantile,0.25,0.470328404302566
indiana,2026-03-28,1,2026-04-04,Flu ED visits pct,quantile,0.25,0.9305075461047885
indianapolis,2026-03-28,1,2026-04-04,Flu ED visits pct,quantile,0.25,0.6903064003975845
la-grange,2026-03-28,1,2026-04-04,Flu ED visits pct,quantile,0.25,0.36312258529590785
larimer,2026-03-28,1,2026-04-04,Flu ED visits pct,quantile,0.25,0.8675933234982135
lynn,2026-03-28,1,2026-04-04,Flu ED visits pct,quantile,0.25,0.6563686609020318
macon,2026-03-28,1,2026-04-04,Flu ED visits pct,quantile,0.25,0.43975390395293773
maine,2026-03-28,1,2026-04-04,Flu ED visits pct,quantile,0.25,0.7532778228389649
marietta,2026-03-28,1,2026-04-04,Flu ED visits pct,quantile,0.25,0.2609569198101607
maryland,2026-03-28,1,2026-04-04,Flu ED visits pct,quantile,0.25,0.8208470050490422
massachusetts,2026-03-28,1,2026-04-04,Flu ED visits pct,quantile,0.25,1.0757556738651317
medford,2026-03-28,1,2026-04-04,Flu ED visits pct,quantile,0.25,0.1496522105915093
mesa,2026-03-28,1,2026-04-04,Flu ED visits pct,quantile,0.25,0.4852824829487352
minneapolis,2026-03-28,1,2026-04-04,Flu ED visits pct,quantile,0.25,1.2140309916340644
minnesota,2026-03-28,1,2026-04-04,Flu ED visits pct,quantile,0.25,1.297502691158387
montgomery,2026-03-28,1,2026-04-04,Flu ED visits pct,quantile,0.25,0.6552000265852871
nenc,2026-03-28,1,2026-04-04,Flu ED visits pct,quantile,0.25,0.5344058984391166
new-bedford,2026-03-28,1,2026-04-04,Flu ED visits pct,quantile,0.25,1.0057963729739972
north-carolina,2026-03-28,1,2026-04-04,Flu ED visits pct,quantile,0.25,0.7849437418573939
nyc,2026-03-28,1,2026-04-04,ILI ED visits pct,quantile,0.25,2.7892653177935194
ogden,2026-03-28,1,2026-04-04,Flu ED visits pct,quantile,0.25,0.4487441959951237
oregon,2026-03-28,1,2026-04-04,Flu ED visits pct,quantile,0.25,0.7337649684463956
pittsfield,2026-03-28,1,2026-04-04,Flu ED visits pct,quantile,0.25,0.21359012346998155
portland,2026-03-28,1,2026-04-04,Flu ED visits pct,quantile,0.25,0.6578124689312121
portland-or,2026-03-28,1,2026-04-04,Flu ED visits pct,quantile,0.25,0.8225843492859476
provo,2026-03-28,1,2026-04-04,Flu ED visits pct,quantile,0.25,0.2788219290250385
roanoke,2026-03-28,1,2026-04-04,Flu ED visits pct,quantile,0.25,1.0710760564058068
rochester,2026-03-28,1,2026-04-04,Flu ED visits pct,quantile,0.25,0.6996602016141531
rock-hill,2026-03-28,1,2026-04-04,Flu ED visits pct,quantile,0.25,0.32816758673884633
rtp-area,2026-03-28,1,2026-04-04,Flu ED visits pct,quantile,0.25,0.4510239543180824
salem,2026-03-28,1,2026-04-04,Flu ED visits pct,quantile,0.25,0.8388313737832023
salt-lake-city,2026-03-28,1,2026-04-04,Flu ED visits pct,quantile,0.25,0.47592159470202366
san-antonio,2026-03-28,1,2026-04-04,Flu ED visits pct,quantile,0.25,0.4865819429256339
savannah,2026-03-28,1,2026-04-04,Flu ED visits pct,quantile,0.25,0.18408390181937945
senc,2026-03-28,1,2026-04-04,Flu ED visits pct,quantile,0.25,0.5423849141460702
south-augusta,2026-03-28,1,2026-04-04,Flu ED visits pct,quantile,0.25,0.4590711016684404
south-carolina,2026-03-28,1,2026-04-04,Flu ED visits pct,quantile,0.25,0.5755919435344836
springfield,2026-03-28,1,2026-04-04,Flu ED visits pct,quantile,0.25,0.9226020119055227
st-cloud,2026-03-28,1,2026-04-04,Flu ED visits pct,quantile,0.25,0.6850645940812258
st-paul,2026-03-28,1,2026-04-04,Flu ED visits pct,quantile,0.25,1.070643058307077
texas,2026-03-28,1,2026-04-04,Flu ED visits pct,quantile,0.25,0.6309758979978748
triad-area,2026-03-28,1,2026-04-04,Flu ED visits pct,quantile,0.25,0.5518688445226185
utah,2026-03-28,1,2026-04-04,Flu ED visits pct,quantile,0.25,0.5111885281949684
virginia,2026-03-28,1,2026-04-04,Flu ED visits pct,quantile,0.25,0.9939948398694485
weld,2026-03-28,1,2026-04-04,Flu ED visits pct,quantile,0.25,0.9405096217239864
wnc,2026-03-28,1,2026-04-04,Flu ED visits pct,quantile,0.25,0.5115941480762417
worcester,2026-03-28,1,2026-04-04,Flu ED visits pct,quantile,0.25,0.8406291062104555
athens,2026-03-28,2,2026-04-11,Flu ED visits pct,quantile,0.25,0.29797888616214496
austin,2026-03-28,2,2026-04-11,Flu ED visits pct,quantile,0.25,0.37387004590057066
baltimore,2026-03-28,2,2026-04-11,Flu ED visits pct,quantile,0.25,0.6962593722522447
bangor,2026-03-28,2,2026-04-11,Flu ED visits pct,quantile,0.25,0.32980022235933276
beaumont,2026-03-28,2,2026-04-11,Flu ED visits pct,quantile,0.25,0.38676493652231686
boston,2026-03-28,2,2026-04-11,Flu ED visits pct,quantile,0.25,0.8374363696167846
boulder,2026-03-28,2,2026-04-11,Flu ED visits pct,quantile,0.25,1.0027991468518311
charleston,2026-03-28,2,2026-04-11,Flu ED visits pct,quantile,0.25,0.4020959633289549
cherokee,2026-03-28,2,2026-04-11,Flu ED visits pct,quantile,0.25,0.40187673388002154
clt-area,2026-03-28,2,2026-04-11,Flu ED visits pct,quantile,0.25,0.8379843774913691
colorado,2026-03-28,2,2026-04-11,Flu ED visits pct,quantile,0.25,0.9962042202730816
colorado-springs,2026-03-28,2,2026-04-11,Flu ED visits pct,quantile,0.25,0.9143251184977425
columbia,2026-03-28,2,2026-04-11,Flu ED visits pct,quantile,0.25,0.2267860842008006
columbus,2026-03-28,2,2026-04-11,Flu ED visits pct,quantile,0.25,0.3527000101154599
dallas,2026-03-28,2,2026-04-11,Flu ED visits pct,quantile,0.25,0.42164575784924574
denver,2026-03-28,2,2026-04-11,Flu ED visits pct,quantile,0.25,0.9877376304792599
deschutes,2026-03-28,2,2026-04-11,Flu ED visits pct,quantile,0.25,0.784170612467217
duluth,2026-03-28,2,2026-04-11,Flu ED visits pct,quantile,0.25,0.8818514713834574
el-paso,2026-03-28,2,2026-04-11,Flu ED visits pct,quantile,0.25,0.8906162990570423
eugene,2026-03-28,2,2026-04-11,Flu ED visits pct,quantile,0.25,0.22291627896475819
fay-area,2026-03-28,2,2026-04-11,Flu ED visits pct,quantile,0.25,0.9317833219211975
florence,2026-03-28,2,2026-04-11,Flu ED visits pct,quantile,0.25,0.18402067573925276
floyd,2026-03-28,2,2026-04-11,Flu ED visits pct,quantile,0.25,0.5085015808404977
frederick,2026-03-28,2,2026-04-11,Flu ED visits pct,quantile,0.25,0.5072567084716052
georgia,2026-03-28,2,2026-04-11,Flu ED visits pct,quantile,0.25,0.420382752099984
greenville,2026-03-28,2,2026-04-11,Flu ED visits pct,quantile,0.25,0.40667131647682575
hall,2026-03-28,2,2026-04-11,Flu ED visits pct,quantile,0.25,0.2005498409528932
harford,2026-03-28,2,2026-04-11,Flu ED visits pct,quantile,0.25,0.227101989083207
henry,2026-03-28,2,2026-04-11,Flu ED visits pct,quantile,0.25,0.2954634983947751
horry,2026-03-28,2,2026-04-11,Flu ED visits pct,quantile,0.25,0.2942374024454511
houston,2026-03-28,2,2026-04-11,Flu ED visits pct,quantile,0.25,0.4117673966039001
indiana,2026-03-28,2,2026-04-11,Flu ED visits pct,quantile,0.25,0.64062197544878
indianapolis,2026-03-28,2,2026-04-11,Flu ED visits pct,quantile,0.25,0.46270024690305944
la-grange,2026-03-28,2,2026-04-11,Flu ED visits pct,quantile,0.25,0.28684715521655374
larimer,2026-03-28,2,2026-04-11,Flu ED visits pct,quantile,0.25,0.6474776191357492
lynn,2026-03-28,2,2026-04-11,Flu ED visits pct,quantile,0.25,0.5457423799871596
macon,2026-03-28,2,2026-04-11,Flu ED visits pct,quantile,0.25,0.32695114771434947
maine,2026-03-28,2,2026-04-11,Flu ED visits pct,quantile,0.25,0.6132657498663115
marietta,2026-03-28,2,2026-04-11,Flu ED visits pct,quantile,0.25,0.194841788650081
maryland,2026-03-28,2,2026-04-11,Flu ED visits pct,quantile,0.25,0.7155604546644996
massachusetts,2026-03-28,2,2026-04-11,Flu ED visits pct,quantile,0.25,0.9342375227604249
medford,2026-03-28,2,2026-04-11,Flu ED visits pct,quantile,0.25,0.10458823997401458
mesa,2026-03-28,2,2026-04-11,Flu ED visits pct,quantile,0.25,0.37366468036138506
minneapolis,2026-03-28,2,2026-04-11,Flu ED visits pct,quantile,0.25,0.933264425497707
minnesota,2026-03-28,2,2026-04-11,Flu ED visits pct,quantile,0.25,0.992375129626645
montgomery,2026-03-28,2,2026-04-11,Flu ED visits pct,quantile,0.25,0.561922701050058
nenc,2026-03-28,2,2026-04-11,Flu ED visits pct,quantile,0.25,0.3625927207279865
new-bedford,2026-03-28,2,2026-04-11,Flu ED visits pct,quantile,0.25,0.8173311969527095
north-carolina,2026-03-28,2,2026-04-11,Flu ED visits pct,quantile,0.25,0.5397565021968457
nyc,2026-03-28,2,2026-04-11,ILI ED visits pct,quantile,0.25,2.680127781633163
ogden,2026-03-28,2,2026-04-11,Flu ED visits pct,quantile,0.25,0.3471795426427608
oregon,2026-03-28,2,2026-04-11,Flu ED visits pct,quantile,0.25,0.549264476386474
pittsfield,2026-03-28,2,2026-04-11,Flu ED visits pct,quantile,0.25,0.14519785807708407
portland,2026-03-28,2,2026-04-11,Flu ED visits pct,quantile,0.25,0.5173845855715646
portland-or,2026-03-28,2,2026-04-11,Flu ED visits pct,quantile,0.25,0.6040934582230328
provo,2026-03-28,2,2026-04-11,Flu ED visits pct,quantile,0.25,0.22380513887896356
roanoke,2026-03-28,2,2026-04-11,Flu ED visits pct,quantile,0.25,0.7780663903848952
rochester,2026-03-28,2,2026-04-11,Flu ED visits pct,quantile,0.25,0.4885578800499193
rock-hill,2026-03-28,2,2026-04-11,Flu ED visits pct,quantile,0.25,0.26111977401036884
rtp-area,2026-03-28,2,2026-04-11,Flu ED visits pct,quantile,0.25,0.3070580009696438
salem,2026-03-28,2,2026-04-11,Flu ED visits pct,quantile,0.25,0.6086455614075055
salt-lake-city,2026-03-28,2,2026-04-11,Flu ED visits pct,quantile,0.25,0.38166266177322294
san-antonio,2026-03-28,2,2026-04-11,Flu ED visits pct,quantile,0.25,0.36073850238765637
savannah,2026-03-28,2,2026-04-11,Flu ED visits pct,quantile,0.25,0.1268459952715743
senc,2026-03-28,2,2026-04-11,Flu ED visits pct,quantile,0.25,0.3781690195332002
south-augusta,2026-03-28,2,2026-04-11,Flu ED visits pct,quantile,0.25,0.34058028964967135
south-carolina,2026-03-28,2,2026-04-11,Flu ED visits pct,quantile,0.25,0.42760944929348754
springfield,2026-03-28,2,2026-04-11,Flu ED visits pct,quantile,0.25,0.7242591344800008
st-cloud,2026-03-28,2,2026-04-11,Flu ED visits pct,quantile,0.25,0.4695660993589554
st-paul,2026-03-28,2,2026-04-11,Flu ED visits pct,quantile,0.25,0.8662922970561198
texas,2026-03-28,2,2026-04-11,Flu ED visits pct,quantile,0.25,0.5326859776620939
triad-area,2026-03-28,2,2026-04-11,Flu ED visits pct,quantile,0.25,0.388347090665246
utah,2026-03-28,2,2026-04-11,Flu ED visits pct,quantile,0.25,0.4070065974942687
virginia,2026-03-28,2,2026-04-11,Flu ED visits pct,quantile,0.25,0.8128312662287809
weld,2026-03-28,2,2026-04-11,Flu ED visits pct,quantile,0.25,0.6573161430431835
wnc,2026-03-28,2,2026-04-11,Flu ED visits pct,quantile,0.25,0.35663873512716376
worcester,2026-03-28,2,2026-04-11,Flu ED visits pct,quantile,0.25,0.6808099900163626
athens,2026-03-28,3,2026-04-18,Flu ED visits pct,quantile,0.25,0.24330504554860855
austin,2026-03-28,3,2026-04-18,Flu ED visits pct,quantile,0.25,0.3273343073423495
baltimore,2026-03-28,3,2026-04-18,Flu ED visits pct,quantile,0.25,0.6167071455557891
bangor,2026-03-28,3,2026-04-18,Flu ED visits pct,quantile,0.25,0.2832718935458117
beaumont,2026-03-28,3,2026-04-18,Flu ED visits pct,quantile,0.25,0.34305131562817653
boston,2026-03-28,3,2026-04-18,Flu ED visits pct,quantile,0.25,0.7153801632853708
boulder,2026-03-28,3,2026-04-18,Flu ED visits pct,quantile,0.25,0.714480625589481
charleston,2026-03-28,3,2026-04-18,Flu ED visits pct,quantile,0.25,0.3328124298636768
cherokee,2026-03-28,3,2026-04-18,Flu ED visits pct,quantile,0.25,0.3488393420480719
clt-area,2026-03-28,3,2026-04-18,Flu ED visits pct,quantile,0.25,0.6080953258660766
colorado,2026-03-28,3,2026-04-18,Flu ED visits pct,quantile,0.25,0.7569427188653879
colorado-springs,2026-03-28,3,2026-04-18,Flu ED visits pct,quantile,0.25,0.7349005557654867
columbia,2026-03-28,3,2026-04-18,Flu ED visits pct,quantile,0.25,0.19373511005805574
columbus,2026-03-28,3,2026-04-18,Flu ED visits pct,quantile,0.25,0.29441904502140614
dallas,2026-03-28,3,2026-04-18,Flu ED visits pct,quantile,0.25,0.363934523273492
denver,2026-03-28,3,2026-04-18,Flu ED visits pct,quantile,0.25,0.7539917960843879
deschutes,2026-03-28,3,2026-04-18,Flu ED visits pct,quantile,0.25,0.7019683711570199
duluth,2026-03-28,3,2026-04-18,Flu ED visits pct,quantile,0.25,0.6598429142232776
el-paso,2026-03-28,3,2026-04-18,Flu ED visits pct,quantile,0.25,0.8189226860688463
eugene,2026-03-28,3,2026-04-18,Flu ED visits pct,quantile,0.25,0.1922447906647255
fay-area,2026-03-28,3,2026-04-18,Flu ED visits pct,quantile,0.25,0.6567825061211773
florence,2026-03-28,3,2026-04-18,Flu ED visits pct,quantile,0.25,0.15921956468987083
floyd,2026-03-28,3,2026-04-18,Flu ED visits pct,quantile,0.25,0.44624804381755756
frederick,2026-03-28,3,2026-04-18,Flu ED visits pct,quantile,0.25,0.4659222315107888
georgia,2026-03-28,3,2026-04-18,Flu ED visits pct,quantile,0.25,0.367221861998827
greenville,2026-03-28,3,2026-04-18,Flu ED visits pct,quantile,0.25,0.3206228894453892
hall,2026-03-28,3,2026-04-18,Flu ED visits pct,quantile,0.25,0.17487992315536077
harford,2026-03-28,3,2026-04-18,Flu ED visits pct,quantile,0.25,0.2092577556782048
henry,2026-03-28,3,2026-04-18,Flu ED visits pct,quantile,0.25,0.25346586790174913
horry,2026-03-28,3,2026-04-18,Flu ED visits pct,quantile,0.25,0.2575003061295298
houston,2026-03-28,3,2026-04-18,Flu ED visits pct,quantile,0.25,0.36882690221755665
indiana,2026-03-28,3,2026-04-18,Flu ED visits pct,quantile,0.25,0.45170317013632894
indianapolis,2026-03-28,3,2026-04-18,Flu ED visits pct,quantile,0.25,0.3238551927180865
la-grange,2026-03-28,3,2026-04-18,Flu ED visits pct,quantile,0.25,0.2554547961486136
larimer,2026-03-28,3,2026-04-18,Flu ED visits pct,quantile,0.25,0.5799842342682349
lynn,2026-03-28,3,2026-04-18,Flu ED visits pct,quantile,0.25,0.4958793642406156
macon,2026-03-28,3,2026-04-18,Flu ED visits pct,quantile,0.25,0.286614339448397
maine,2026-03-28,3,2026-04-18,Flu ED visits pct,quantile,0.25,0.5373996456247835
marietta,2026-03-28,3,2026-04-18,Flu ED visits pct,quantile,0.25,0.1663926815036665
maryland,2026-03-28,3,2026-04-18,Flu ED visits pct,quantile,0.25,0.642486716718154
massachusetts,2026-03-28,3,2026-04-18,Flu ED visits pct,quantile,0.25,0.8192762260521878
medford,2026-03-28,3,2026-04-18,Flu ED visits pct,quantile,0.25,0.08680867501658031
mesa,2026-03-28,3,2026-04-18,Flu ED visits pct,quantile,0.25,0.3369522756170172
minneapolis,2026-03-28,3,2026-04-18,Flu ED visits pct,quantile,0.25,0.7058488955942203
minnesota,2026-03-28,3,2026-04-18,Flu ED visits pct,quantile,0.25,0.8520713840409385
montgomery,2026-03-28,3,2026-04-18,Flu ED visits pct,quantile,0.25,0.5006806900127793
nenc,2026-03-28,3,2026-04-18,Flu ED visits pct,quantile,0.25,0.25460281818741315
new-bedford,2026-03-28,3,2026-04-18,Flu ED visits pct,quantile,0.25,0.7411103764792935
north-carolina,2026-03-28,3,2026-04-18,Flu ED visits pct,quantile,0.25,0.3657982813112422
nyc,2026-03-28,3,2026-04-18,ILI ED visits pct,quantile,0.25,2.539224225628702
ogden,2026-03-28,3,2026-04-18,Flu ED visits pct,quantile,0.25,0.2989323867415828
oregon,2026-03-28,3,2026-04-18,Flu ED visits pct,quantile,0.25,0.4634372716929357
pittsfield,2026-03-28,3,2026-04-18,Flu ED visits pct,quantile,0.25,0.12357642799632433
portland,2026-03-28,3,2026-04-18,Flu ED visits pct,quantile,0.25,0.45226832512201903
portland-or,2026-03-28,3,2026-04-18,Flu ED visits pct,quantile,0.25,0.5044196086183934
provo,2026-03-28,3,2026-04-18,Flu ED visits pct,quantile,0.25,0.2011520244686301
roanoke,2026-03-28,3,2026-04-18,Flu ED visits pct,quantile,0.25,0.5699853265370413
rochester,2026-03-28,3,2026-04-18,Flu ED visits pct,quantile,0.25,0.4022693639461502
rock-hill,2026-03-28,3,2026-04-18,Flu ED visits pct,quantile,0.25,0.2350935793959192
rtp-area,2026-03-28,3,2026-04-18,Flu ED visits pct,quantile,0.25,0.21623748200973453
salem,2026-03-28,3,2026-04-18,Flu ED visits pct,quantile,0.25,0.5060304054891469
salt-lake-city,2026-03-28,3,2026-04-18,Flu ED visits pct,quantile,0.25,0.32575226811152785
san-antonio,2026-03-28,3,2026-04-18,Flu ED visits pct,quantile,0.25,0.3006776619933338
savannah,2026-03-28,3,2026-04-18,Flu ED visits pct,quantile,0.25,0.10908067485603269
senc,2026-03-28,3,2026-04-18,Flu ED visits pct,quantile,0.25,0.2683041683319666
south-augusta,2026-03-28,3,2026-04-18,Flu ED visits pct,quantile,0.25,0.2807281703068645
south-carolina,2026-03-28,3,2026-04-18,Flu ED visits pct,quantile,0.25,0.3659019658188092
springfield,2026-03-28,3,2026-04-18,Flu ED visits pct,quantile,0.25,0.6370398707281267
st-cloud,2026-03-28,3,2026-04-18,Flu ED visits pct,quantile,0.25,0.41219775557577376
st-paul,2026-03-28,3,2026-04-18,Flu ED visits pct,quantile,0.25,0.7615132754302371
texas,2026-03-28,3,2026-04-18,Flu ED visits pct,quantile,0.25,0.47079960233459145
triad-area,2026-03-28,3,2026-04-18,Flu ED visits pct,quantile,0.25,0.270364434901364
utah,2026-03-28,3,2026-04-18,Flu ED visits pct,quantile,0.25,0.35153887817688884
virginia,2026-03-28,3,2026-04-18,Flu ED visits pct,quantile,0.25,0.713683446083789
weld,2026-03-28,3,2026-04-18,Flu ED visits pct,quantile,0.25,0.48045219782833803
wnc,2026-03-28,3,2026-04-18,Flu ED visits pct,quantile,0.25,0.2354271306783325
worcester,2026-03-28,3,2026-04-18,Flu ED visits pct,quantile,0.25,0.594870486412568
athens,2026-03-28,0,2026-03-28,Flu ED visits pct,quantile,0.5,0.8967205826113385
austin,2026-03-28,0,2026-03-28,Flu ED visits pct,quantile,0.5,0.7403322810421168
baltimore,2026-03-28,0,2026-03-28,Flu ED visits pct,quantile,0.5,0.9942797641365557
bangor,2026-03-28,0,2026-03-28,Flu ED visits pct,quantile,0.5,0.9125986941537506
beaumont,2026-03-28,0,2026-03-28,Flu ED visits pct,quantile,0.5,0.7818417855162416
boston,2026-03-28,0,2026-03-28,Flu ED visits pct,quantile,0.5,1.2065428442134998
boulder,2026-03-28,0,2026-03-28,Flu ED visits pct,quantile,0.5,2.385028103751753
charleston,2026-03-28,0,2026-03-28,Flu ED visits pct,quantile,0.5,0.9170761997834628
cherokee,2026-03-28,0,2026-03-28,Flu ED visits pct,quantile,0.5,0.9752762963272769
clt-area,2026-03-28,0,2026-03-28,Flu ED visits pct,quantile,0.5,1.855113625704315
colorado,2026-03-28,0,2026-03-28,Flu ED visits pct,quantile,0.5,1.8556424095571646
colorado-springs,2026-03-28,0,2026-03-28,Flu ED visits pct,quantile,0.5,1.852798165637386
columbia,2026-03-28,0,2026-03-28,Flu ED visits pct,quantile,0.5,0.5899854009267562
columbus,2026-03-28,0,2026-03-28,Flu ED visits pct,quantile,0.5,0.901800230317715
dallas,2026-03-28,0,2026-03-28,Flu ED visits pct,quantile,0.5,0.8119903751313154
denver,2026-03-28,0,2026-03-28,Flu ED visits pct,quantile,0.5,1.8418817908459602
deschutes,2026-03-28,0,2026-03-28,Flu ED visits pct,quantile,0.5,1.621082814182511
duluth,2026-03-28,0,2026-03-28,Flu ED visits pct,quantile,0.5,2.0968373460747136
el-paso,2026-03-28,0,2026-03-28,Flu ED visits pct,quantile,0.5,1.4595133520286228
eugene,2026-03-28,0,2026-03-28,Flu ED visits pct,quantile,0.5,0.5575167005453999
fay-area,2026-03-28,0,2026-03-28,Flu ED visits pct,quantile,0.5,1.9251816915585127
florence,2026-03-28,0,2026-03-28,Flu ED visits pct,quantile,0.5,0.4759525793956457
floyd,2026-03-28,0,2026-03-28,Flu ED visits pct,quantile,0.5,1.369899369450732
frederick,2026-03-28,0,2026-03-28,Flu ED visits pct,quantile,0.5,1.066433998533358
georgia,2026-03-28,0,2026-03-28,Flu ED visits pct,quantile,0.5,0.7786689812131204
greenville,2026-03-28,0,2026-03-28,Flu ED visits pct,quantile,0.5,1.0878951524351776
hall,2026-03-28,0,2026-03-28,Flu ED visits pct,quantile,0.5,0.5489955893251786
harford,2026-03-28,0,2026-03-28,Flu ED visits pct,quantile,0.5,0.5985832266730956
henry,2026-03-28,0,2026-03-28,Flu ED visits pct,quantile,0.5,0.6195995443439299
horry,2026-03-28,0,2026-03-28,Flu ED visits pct,quantile,0.5,0.6330907915801199
houston,2026-03-28,0,2026-03-28,Flu ED visits pct,quantile,0.5,0.591072371603928
indiana,2026-03-28,0,2026-03-28,Flu ED visits pct,quantile,0.5,1.5115356083459632
indianapolis,2026-03-28,0,2026-03-28,Flu ED visits pct,quantile,0.5,1.2028581884460074
la-grange,2026-03-28,0,2026-03-28,Flu ED visits pct,quantile,0.5,0.6969940439422697
larimer,2026-03-28,0,2026-03-28,Flu ED visits pct,quantile,0.5,1.4572875014846938
lynn,2026-03-28,0,2026-03-28,Flu ED visits pct,quantile,0.5,0.9225096070759229
macon,2026-03-28,0,2026-03-28,Flu ED visits pct,quantile,0.5,0.7203728907849224
maine,2026-03-28,0,2026-03-28,Flu ED visits pct,quantile,0.5,1.0577907750899251
marietta,2026-03-28,0,2026-03-28,Flu ED visits pct,quantile,0.5,0.4916943002403791
maryland,2026-03-28,0,2026-03-28,Flu ED visits pct,quantile,0.5,1.0372572990111277
massachusetts,2026-03-28,0,2026-03-28,Flu ED visits pct,quantile,0.5,1.2692008026875425
medford,2026-03-28,0,2026-03-28,Flu ED visits pct,quantile,0.5,0.3128258445281136
mesa,2026-03-28,0,2026-03-28,Flu ED visits pct,quantile,0.5,0.862181428142427
minneapolis,2026-03-28,0,2026-03-28,Flu ED visits pct,quantile,0.5,1.8673038944272449
minnesota,2026-03-28,0,2026-03-28,Flu ED visits pct,quantile,0.5,1.865439763667228
montgomery,2026-03-28,0,2026-03-28,Flu ED visits pct,quantile,0.5,0.8313563118146006
nenc,2026-03-28,0,2026-03-28,Flu ED visits pct,quantile,0.5,0.8725095402343939
new-bedford,2026-03-28,0,2026-03-28,Flu ED visits pct,quantile,0.5,1.5374529522959417
north-carolina,2026-03-28,0,2026-03-28,Flu ED visits pct,quantile,0.5,1.2405151809029074
nyc,2026-03-28,0,2026-03-28,ILI ED visits pct,quantile,0.5,2.971876034784097
ogden,2026-03-28,0,2026-03-28,Flu ED visits pct,quantile,0.5,0.752484579930353
oregon,2026-03-28,0,2026-03-28,Flu ED visits pct,quantile,0.5,1.0225600089660005
pittsfield,2026-03-28,0,2026-03-28,Flu ED visits pct,quantile,0.5,0.48593409735097304
portland,2026-03-28,0,2026-03-28,Flu ED visits pct,quantile,0.5,1.0592756584176153
portland-or,2026-03-28,0,2026-03-28,Flu ED visits pct,quantile,0.5,1.1509421272447684
provo,2026-03-28,0,2026-03-28,Flu ED visits pct,quantile,0.5,0.44967338694474007
roanoke,2026-03-28,0,2026-03-28,Flu ED visits pct,quantile,0.5,1.8456571986914985
rochester,2026-03-28,0,2026-03-28,Flu ED visits pct,quantile,0.5,1.321633868164748
rock-hill,2026-03-28,0,2026-03-28,Flu ED visits pct,quantile,0.5,0.65716719749316
rtp-area,2026-03-28,0,2026-03-28,Flu ED visits pct,quantile,0.5,0.7545486556212204
salem,2026-03-28,0,2026-03-28,Flu ED visits pct,quantile,0.5,1.3757195693121915
salt-lake-city,2026-03-28,0,2026-03-28,Flu ED visits pct,quantile,0.5,0.6640070678173101
san-antonio,2026-03-28,0,2026-03-28,Flu ED visits pct,quantile,0.5,0.773012201203297
savannah,2026-03-28,0,2026-03-28,Flu ED visits pct,quantile,0.5,0.307991261089259
senc,2026-03-28,0,2026-03-28,Flu ED visits pct,quantile,0.5,0.9127239488636077
south-augusta,2026-03-28,0,2026-03-28,Flu ED visits pct,quantile,0.5,0.8439900425206084
south-carolina,2026-03-28,0,2026-03-28,Flu ED visits pct,quantile,0.5,0.8593376689863981
springfield,2026-03-28,0,2026-03-28,Flu ED visits pct,quantile,0.5,1.4970723824730658
st-cloud,2026-03-28,0,2026-03-28,Flu ED visits pct,quantile,0.5,1.2925010084710897
st-paul,2026-03-28,0,2026-03-28,Flu ED visits pct,quantile,0.5,1.5671653427943888
texas,2026-03-28,0,2026-03-28,Flu ED visits pct,quantile,0.5,0.8908329172017819
triad-area,2026-03-28,0,2026-03-28,Flu ED visits pct,quantile,0.5,0.9077572462579098
utah,2026-03-28,0,2026-03-28,Flu ED visits pct,quantile,0.5,0.692509498725308
virginia,2026-03-28,0,2026-03-28,Flu ED visits pct,quantile,0.5,1.3993449180139974
weld,2026-03-28,0,2026-03-28,Flu ED visits pct,quantile,0.5,1.8099225570265332
wnc,2026-03-28,0,2026-03-28,Flu ED visits pct,quantile,0.5,0.8353717940262196
worcester,2026-03-28,0,2026-03-28,Flu ED visits pct,quantile,0.5,1.2022308857654749
athens,2026-03-28,1,2026-04-04,Flu ED visits pct,quantile,0.5,0.6352318955348966
austin,2026-03-28,1,2026-04-04,Flu ED visits pct,quantile,0.5,0.5740915301050115
baltimore,2026-03-28,1,2026-04-04,Flu ED visits pct,quantile,0.5,0.8948167896184277
bangor,2026-03-28,1,2026-04-04,Flu ED visits pct,quantile,0.5,0.6898070911943812
beaumont,2026-03-28,1,2026-04-04,Flu ED visits pct,quantile,0.5,0.6732763230666864
boston,2026-03-28,1,2026-04-04,Flu ED visits pct,quantile,0.5,1.0537311736766302
boulder,2026-03-28,1,2026-04-04,Flu ED visits pct,quantile,0.5,1.8048532310408014
charleston,2026-03-28,1,2026-04-04,Flu ED visits pct,quantile,0.5,0.6971047221555872
cherokee,2026-03-28,1,2026-04-04,Flu ED visits pct,quantile,0.5,0.7428236320596557
clt-area,2026-03-28,1,2026-04-04,Flu ED visits pct,quantile,0.5,1.428709772963323
colorado,2026-03-28,1,2026-04-04,Flu ED visits pct,quantile,0.5,1.4962536972089235
colorado-springs,2026-03-28,1,2026-04-04,Flu ED visits pct,quantile,0.5,1.45911588828314
columbia,2026-03-28,1,2026-04-04,Flu ED visits pct,quantile,0.5,0.44842806261009394
columbus,2026-03-28,1,2026-04-04,Flu ED visits pct,quantile,0.5,0.6466741861914264
dallas,2026-03-28,1,2026-04-04,Flu ED visits pct,quantile,0.5,0.6470922066044459
denver,2026-03-28,1,2026-04-04,Flu ED visits pct,quantile,0.5,1.4638332211425193
deschutes,2026-03-28,1,2026-04-04,Flu ED visits pct,quantile,0.5,1.3053743160215998
duluth,2026-03-28,1,2026-04-04,Flu ED visits pct,quantile,0.5,1.630890148334095
el-paso,2026-03-28,1,2026-04-04,Flu ED visits pct,quantile,0.5,1.3177502376199257
eugene,2026-03-28,1,2026-04-04,Flu ED visits pct,quantile,0.5,0.4108812948320184
fay-area,2026-03-28,1,2026-04-04,Flu ED visits pct,quantile,0.5,1.4724889553859417
florence,2026-03-28,1,2026-04-04,Flu ED visits pct,quantile,0.5,0.38202754800014477
floyd,2026-03-28,1,2026-04-04,Flu ED visits pct,quantile,0.5,1.0544343730179886
frederick,2026-03-28,1,2026-04-04,Flu ED visits pct,quantile,0.5,0.9135225982932936
georgia,2026-03-28,1,2026-04-04,Flu ED visits pct,quantile,0.5,0.6164067376666558
greenville,2026-03-28,1,2026-04-04,Flu ED visits pct,quantile,0.5,0.7660259041128304
hall,2026-03-28,1,2026-04-04,Flu ED visits pct,quantile,0.5,0.4251375522131243
harford,2026-03-28,1,2026-04-04,Flu ED visits pct,quantile,0.5,0.5184507405931513
henry,2026-03-28,1,2026-04-04,Flu ED visits pct,quantile,0.5,0.501629109715593
horry,2026-03-28,1,2026-04-04,Flu ED visits pct,quantile,0.5,0.5352296643562887
houston,2026-03-28,1,2026-04-04,Flu ED visits pct,quantile,0.5,0.5366756193510349
indiana,2026-03-28,1,2026-04-04,Flu ED visits pct,quantile,0.5,1.1095459510687173
indianapolis,2026-03-28,1,2026-04-04,Flu ED visits pct,quantile,0.5,0.8562590271829406
la-grange,2026-03-28,1,2026-04-04,Flu ED visits pct,quantile,0.5,0.5327771000886055
larimer,2026-03-28,1,2026-04-04,Flu ED visits pct,quantile,0.5,1.1843787017139653
lynn,2026-03-28,1,2026-04-04,Flu ED visits pct,quantile,0.5,0.8045161555594921
macon,2026-03-28,1,2026-04-04,Flu ED visits pct,quantile,0.5,0.562303257270481
maine,2026-03-28,1,2026-04-04,Flu ED visits pct,quantile,0.5,0.9042694492379609
marietta,2026-03-28,1,2026-04-04,Flu ED visits pct,quantile,0.5,0.37571839057059214
maryland,2026-03-28,1,2026-04-04,Flu ED visits pct,quantile,0.5,0.9478461665859641
massachusetts,2026-03-28,1,2026-04-04,Flu ED visits pct,quantile,0.5,1.1160482869841115
medford,2026-03-28,1,2026-04-04,Flu ED visits pct,quantile,0.5,0.22271864279482467
mesa,2026-03-28,1,2026-04-04,Flu ED visits pct,quantile,0.5,0.7020178461161054
minneapolis,2026-03-28,1,2026-04-04,Flu ED visits pct,quantile,0.5,1.5047746458401174
minnesota,2026-03-28,1,2026-04-04,Flu ED visits pct,quantile,0.5,1.543888709578872
montgomery,2026-03-28,1,2026-04-04,Flu ED visits pct,quantile,0.5,0.7575873566094842
nenc,2026-03-28,1,2026-04-04,Flu ED visits pct,quantile,0.5,0.6516739108167671
new-bedford,2026-03-28,1,2026-04-04,Flu ED visits pct,quantile,0.5,1.3225624786178958
north-carolina,2026-03-28,1,2026-04-04,Flu ED visits pct,quantile,0.5,0.9338491010191586
nyc,2026-03-28,1,2026-04-04,ILI ED visits pct,quantile,0.5,2.8775983942164562
ogden,2026-03-28,1,2026-04-04,Flu ED visits pct,quantile,0.5,0.5819663727811094
oregon,2026-03-28,1,2026-04-04,Flu ED visits pct,quantile,0.5,0.7763943668538965
pittsfield,2026-03-28,1,2026-04-04,Flu ED visits pct,quantile,0.5,0.39198139315433095
portland,2026-03-28,1,2026-04-04,Flu ED visits pct,quantile,0.5,0.8785639223176961
portland-or,2026-03-28,1,2026-04-04,Flu ED visits pct,quantile,0.5,0.8836977379832336
provo,2026-03-28,1,2026-04-04,Flu ED visits pct,quantile,0.5,0.3910942803656766
roanoke,2026-03-28,1,2026-04-04,Flu ED visits pct,quantile,0.5,1.4155825384081886
rochester,2026-03-28,1,2026-04-04,Flu ED visits pct,quantile,0.5,0.9539945045599324
rock-hill,2026-03-28,1,2026-04-04,Flu ED visits pct,quantile,0.5,0.5573753788332009
rtp-area,2026-03-28,1,2026-04-04,Flu ED visits pct,quantile,0.5,0.5720594644260895
salem,2026-03-28,1,2026-04-04,Flu ED visits pct,quantile,0.5,1.0045484420244708
salt-lake-city,2026-03-28,1,2026-04-04,Flu ED visits pct,quantile,0.5,0.553026602080183
san-antonio,2026-03-28,1,2026-04-04,Flu ED visits pct,quantile,0.5,0.583841158578306
savannah,2026-03-28,1,2026-04-04,Flu ED visits pct,quantile,0.5,0.2234654824478872
senc,2026-03-28,1,2026-04-04,Flu ED visits pct,quantile,0.5,0.6969491073952413
south-augusta,2026-03-28,1,2026-04-04,Flu ED visits pct,quantile,0.5,0.6093086107726967
south-carolina,2026-03-28,1,2026-04-04,Flu ED visits pct,quantile,0.5,0.6473745370706397
springfield,2026-03-28,1,2026-04-04,Flu ED visits pct,quantile,0.5,1.2767321018933184
st-cloud,2026-03-28,1,2026-04-04,Flu ED visits pct,quantile,0.5,0.9933146671094093
st-paul,2026-03-28,1,2026-04-04,Flu ED visits pct,quantile,0.5,1.3082727309677231
texas,2026-03-28,1,2026-04-04,Flu ED visits pct,quantile,0.5,0.7381540542643706
triad-area,2026-03-28,1,2026-04-04,Flu ED visits pct,quantile,0.5,0.7015135319625483
utah,2026-03-28,1,2026-04-04,Flu ED visits pct,quantile,0.5,0.5799328820238061
virginia,2026-03-28,1,2026-04-04,Flu ED visits pct,quantile,0.5,1.1588085396365764
weld,2026-03-28,1,2026-04-04,Flu ED visits pct,quantile,0.5,1.3274254408812678
wnc,2026-03-28,1,2026-04-04,Flu ED visits pct,quantile,0.5,0.6324400371963355
worcester,2026-03-28,1,2026-04-04,Flu ED visits pct,quantile,0.5,1.0504132871903535
athens,2026-03-28,2,2026-04-11,Flu ED visits pct,quantile,0.5,0.4457321562012687
austin,2026-03-28,2,2026-04-11,Flu ED visits pct,quantile,0.5,0.4680268118401465
baltimore,2026-03-28,2,2026-04-11,Flu ED visits pct,quantile,0.5,0.766534928406989
bangor,2026-03-28,2,2026-04-11,Flu ED visits pct,quantile,0.5,0.516530340739984
beaumont,2026-03-28,2,2026-04-11,Flu ED visits pct,quantile,0.5,0.5672838305255627
boston,2026-03-28,2,2026-04-11,Flu ED visits pct,quantile,0.5,0.8794689727441622
boulder,2026-03-28,2,2026-04-11,Flu ED visits pct,quantile,0.5,1.3113954993802426
charleston,2026-03-28,2,2026-04-11,Flu ED visits pct,quantile,0.5,0.5289249081218691
cherokee,2026-03-28,2,2026-04-11,Flu ED visits pct,quantile,0.5,0.6028819674714333
clt-area,2026-03-28,2,2026-04-11,Flu ED visits pct,quantile,0.5,1.0897023262384835
colorado,2026-03-28,2,2026-04-11,Flu ED visits pct,quantile,0.5,1.1497220050671868
colorado-springs,2026-03-28,2,2026-04-11,Flu ED visits pct,quantile,0.5,1.1430682192918302
columbia,2026-03-28,2,2026-04-11,Flu ED visits pct,quantile,0.5,0.36245908452020303
columbus,2026-03-28,2,2026-04-11,Flu ED visits pct,quantile,0.5,0.4620708901438248
dallas,2026-03-28,2,2026-04-11,Flu ED visits pct,quantile,0.5,0.5272775415984025
denver,2026-03-28,2,2026-04-11,Flu ED visits pct,quantile,0.5,1.1260770993116134
deschutes,2026-03-28,2,2026-04-11,Flu ED visits pct,quantile,0.5,1.0674580995472962
duluth,2026-03-28,2,2026-04-11,Flu ED visits pct,quantile,0.5,1.2150956829550983
el-paso,2026-03-28,2,2026-04-11,Flu ED visits pct,quantile,0.5,1.1539819736600958
eugene,2026-03-28,2,2026-04-11,Flu ED visits pct,quantile,0.5,0.30907205217390676
fay-area,2026-03-28,2,2026-04-11,Flu ED visits pct,quantile,0.5,1.136713059672761
florence,2026-03-28,2,2026-04-11,Flu ED visits pct,quantile,0.5,0.3062220381933963
floyd,2026-03-28,2,2026-04-11,Flu ED visits pct,quantile,0.5,0.823690917164257
frederick,2026-03-28,2,2026-04-11,Flu ED visits pct,quantile,0.5,0.7969338005699913
georgia,2026-03-28,2,2026-04-11,Flu ED visits pct,quantile,0.5,0.5097289261121175
greenville,2026-03-28,2,2026-04-11,Flu ED visits pct,quantile,0.5,0.5407503020850315
hall,2026-03-28,2,2026-04-11,Flu ED visits pct,quantile,0.5,0.32475517902500445
harford,2026-03-28,2,2026-04-11,Flu ED visits pct,quantile,0.5,0.4472689612110985
henry,2026-03-28,2,2026-04-11,Flu ED visits pct,quantile,0.5,0.4054797277876318
horry,2026-03-28,2,2026-04-11,Flu ED visits pct,quantile,0.5,0.44623350549232493
houston,2026-03-28,2,2026-04-11,Flu ED visits pct,quantile,0.5,0.4750280657206821
indiana,2026-03-28,2,2026-04-11,Flu ED visits pct,quantile,0.5,0.7849617019589172
indianapolis,2026-03-28,2,2026-04-11,Flu ED visits pct,quantile,0.5,0.6022218825839522
la-grange,2026-03-28,2,2026-04-11,Flu ED visits pct,quantile,0.5,0.4343836409625464
larimer,2026-03-28,2,2026-04-11,Flu ED visits pct,quantile,0.5,0.963320060301778
lynn,2026-03-28,2,2026-04-11,Flu ED visits pct,quantile,0.5,0.6972721983229331
macon,2026-03-28,2,2026-04-11,Flu ED visits pct,quantile,0.5,0.4428512096925494
maine,2026-03-28,2,2026-04-11,Flu ED visits pct,quantile,0.5,0.7376574335414811
marietta,2026-03-28,2,2026-04-11,Flu ED visits pct,quantile,0.5,0.2962721059211562
maryland,2026-03-28,2,2026-04-11,Flu ED visits pct,quantile,0.5,0.8352839938715894
massachusetts,2026-03-28,2,2026-04-11,Flu ED visits pct,quantile,0.5,0.9372498574060103
medford,2026-03-28,2,2026-04-11,Flu ED visits pct,quantile,0.5,0.17522497264255832
mesa,2026-03-28,2,2026-04-11,Flu ED visits pct,quantile,0.5,0.564243643157364
minneapolis,2026-03-28,2,2026-04-11,Flu ED visits pct,quantile,0.5,1.1589410746682833
minnesota,2026-03-28,2,2026-04-11,Flu ED visits pct,quantile,0.5,1.2276606511532768
montgomery,2026-03-28,2,2026-04-11,Flu ED visits pct,quantile,0.5,0.6710195661023424
nenc,2026-03-28,2,2026-04-11,Flu ED visits pct,quantile,0.5,0.49774347605719016
new-bedford,2026-03-28,2,2026-04-11,Flu ED visits pct,quantile,0.5,1.1202544654934012
north-carolina,2026-03-28,2,2026-04-11,Flu ED visits pct,quantile,0.5,0.6936034373625309
nyc,2026-03-28,2,2026-04-11,ILI ED visits pct,quantile,0.5,2.715283691013411
ogden,2026-03-28,2,2026-04-11,Flu ED visits pct,quantile,0.5,0.4749241933373332
oregon,2026-03-28,2,2026-04-11,Flu ED visits pct,quantile,0.5,0.5813684258933948
pittsfield,2026-03-28,2,2026-04-11,Flu ED visits pct,quantile,0.5,0.3151954241472651
portland,2026-03-28,2,2026-04-11,Flu ED visits pct,quantile,0.5,0.7245478817007437
portland-or,2026-03-28,2,2026-04-11,Flu ED visits pct,quantile,0.5,0.6687043050975489
provo,2026-03-28,2,2026-04-11,Flu ED visits pct,quantile,0.5,0.3326772574895422
roanoke,2026-03-28,2,2026-04-11,Flu ED visits pct,quantile,0.5,1.0192179937943777
rochester,2026-03-28,2,2026-04-11,Flu ED visits pct,quantile,0.5,0.6967141352253765
rock-hill,2026-03-28,2,2026-04-11,Flu ED visits pct,quantile,0.5,0.47314810229989884
rtp-area,2026-03-28,2,2026-04-11,Flu ED visits pct,quantile,0.5,0.4270885831156892
salem,2026-03-28,2,2026-04-11,Flu ED visits pct,quantile,0.5,0.7292771262698878
salt-lake-city,2026-03-28,2,2026-04-11,Flu ED visits pct,quantile,0.5,0.4656878159764533
san-antonio,2026-03-28,2,2026-04-11,Flu ED visits pct,quantile,0.5,0.4368268738433789
savannah,2026-03-28,2,2026-04-11,Flu ED visits pct,quantile,0.5,0.1759719983097166
senc,2026-03-28,2,2026-04-11,Flu ED visits pct,quantile,0.5,0.5274304001943624
south-augusta,2026-03-28,2,2026-04-11,Flu ED visits pct,quantile,0.5,0.43999681387658585
south-carolina,2026-03-28,2,2026-04-11,Flu ED visits pct,quantile,0.5,0.5222803468375191
springfield,2026-03-28,2,2026-04-11,Flu ED visits pct,quantile,0.5,1.041239458904847
st-cloud,2026-03-28,2,2026-04-11,Flu ED visits pct,quantile,0.5,0.7501667455327992
st-paul,2026-03-28,2,2026-04-11,Flu ED visits pct,quantile,0.5,1.0280110225519663
texas,2026-03-28,2,2026-04-11,Flu ED visits pct,quantile,0.5,0.6237321515152183
triad-area,2026-03-28,2,2026-04-11,Flu ED visits pct,quantile,0.5,0.5359059089550646
utah,2026-03-28,2,2026-04-11,Flu ED visits pct,quantile,0.5,0.4880447874486194
virginia,2026-03-28,2,2026-04-11,Flu ED visits pct,quantile,0.5,0.9437658318722332
weld,2026-03-28,2,2026-04-11,Flu ED visits pct,quantile,0.5,0.9413666706806866
wnc,2026-03-28,2,2026-04-11,Flu ED visits pct,quantile,0.5,0.4780095594795738
worcester,2026-03-28,2,2026-04-11,Flu ED visits pct,quantile,0.5,0.886856068606578
athens,2026-03-28,3,2026-04-18,Flu ED visits pct,quantile,0.5,0.3594117725634021
austin,2026-03-28,3,2026-04-18,Flu ED visits pct,quantile,0.5,0.4049824355510218
baltimore,2026-03-28,3,2026-04-18,Flu ED visits pct,quantile,0.5,0.7110431121046012
bangor,2026-03-28,3,2026-04-18,Flu ED visits pct,quantile,0.5,0.44752054813169334
beaumont,2026-03-28,3,2026-04-18,Flu ED visits pct,quantile,0.5,0.5183175356432095
boston,2026-03-28,3,2026-04-18,Flu ED visits pct,quantile,0.5,0.7799792628951252
boulder,2026-03-28,3,2026-04-18,Flu ED visits pct,quantile,0.5,1.0433911338889201
charleston,2026-03-28,3,2026-04-18,Flu ED visits pct,quantile,0.5,0.4376698669790705
cherokee,2026-03-28,3,2026-04-18,Flu ED visits pct,quantile,0.5,0.525917839690011
clt-area,2026-03-28,3,2026-04-18,Flu ED visits pct,quantile,0.5,0.849094469155988
colorado,2026-03-28,3,2026-04-18,Flu ED visits pct,quantile,0.5,0.9518443769937346
colorado-springs,2026-03-28,3,2026-04-18,Flu ED visits pct,quantile,0.5,0.9493488695414126
columbia,2026-03-28,3,2026-04-18,Flu ED visits pct,quantile,0.5,0.31173409587423084
columbus,2026-03-28,3,2026-04-18,Flu ED visits pct,quantile,0.5,0.3740663599287598
dallas,2026-03-28,3,2026-04-18,Flu ED visits pct,quantile,0.5,0.46240732183536176
denver,2026-03-28,3,2026-04-18,Flu ED visits pct,quantile,0.5,0.9438212836508784
deschutes,2026-03-28,3,2026-04-18,Flu ED visits pct,quantile,0.5,0.941184299086309
duluth,2026-03-28,3,2026-04-18,Flu ED visits pct,quantile,0.5,1.006863914968269
el-paso,2026-03-28,3,2026-04-18,Flu ED visits pct,quantile,0.5,1.0627234240840266
eugene,2026-03-28,3,2026-04-18,Flu ED visits pct,quantile,0.5,0.26123108094752573
fay-area,2026-03-28,3,2026-04-18,Flu ED visits pct,quantile,0.5,0.8823810747392389
florence,2026-03-28,3,2026-04-18,Flu ED visits pct,quantile,0.5,0.2724196724933637
floyd,2026-03-28,3,2026-04-18,Flu ED visits pct,quantile,0.5,0.7073419436320945
frederick,2026-03-28,3,2026-04-18,Flu ED visits pct,quantile,0.5,0.7351038083333775
georgia,2026-03-28,3,2026-04-18,Flu ED visits pct,quantile,0.5,0.43763984819623375
greenville,2026-03-28,3,2026-04-18,Flu ED visits pct,quantile,0.5,0.4293848024544257
hall,2026-03-28,3,2026-04-18,Flu ED visits pct,quantile,0.5,0.28115505898030696
harford,2026-03-28,3,2026-04-18,Flu ED visits pct,quantile,0.5,0.4040671471490581
henry,2026-03-28,3,2026-04-18,Flu ED visits pct,quantile,0.5,0.35753020343280634
horry,2026-03-28,3,2026-04-18,Flu ED visits pct,quantile,0.5,0.4072300625031264
houston,2026-03-28,3,2026-04-18,Flu ED visits pct,quantile,0.5,0.43803623911119266
indiana,2026-03-28,3,2026-04-18,Flu ED visits pct,quantile,0.5,0.6118525854559845
indianapolis,2026-03-28,3,2026-04-18,Flu ED visits pct,quantile,0.5,0.4620693681971875
la-grange,2026-03-28,3,2026-04-18,Flu ED visits pct,quantile,0.5,0.37832833814190836
larimer,2026-03-28,3,2026-04-18,Flu ED visits pct,quantile,0.5,0.8534726640401812
lynn,2026-03-28,3,2026-04-18,Flu ED visits pct,quantile,0.5,0.6433688062388536
macon,2026-03-28,3,2026-04-18,Flu ED visits pct,quantile,0.5,0.37860811847600656
maine,2026-03-28,3,2026-04-18,Flu ED visits pct,quantile,0.5,0.640014796362278
marietta,2026-03-28,3,2026-04-18,Flu ED visits pct,quantile,0.5,0.26194247336166154
maryland,2026-03-28,3,2026-04-18,Flu ED visits pct,quantile,0.5,0.771989192825869
massachusetts,2026-03-28,3,2026-04-18,Flu ED visits pct,quantile,0.5,0.8247679691058093
medford,2026-03-28,3,2026-04-18,Flu ED visits pct,quantile,0.5,0.14544791924556424
mesa,2026-03-28,3,2026-04-18,Flu ED visits pct,quantile,0.5,0.5013732231925201
minneapolis,2026-03-28,3,2026-04-18,Flu ED visits pct,quantile,0.5,0.9668305355481782
minnesota,2026-03-28,3,2026-04-18,Flu ED visits pct,quantile,0.5,1.026808380193012
montgomery,2026-03-28,3,2026-04-18,Flu ED visits pct,quantile,0.5,0.627714620758185
nenc,2026-03-28,3,2026-04-18,Flu ED visits pct,quantile,0.5,0.39349362884995814
new-bedford,2026-03-28,3,2026-04-18,Flu ED visits pct,quantile,0.5,0.9788559552729835
north-carolina,2026-03-28,3,2026-04-18,Flu ED visits pct,quantile,0.5,0.532422522979096
nyc,2026-03-28,3,2026-04-18,ILI ED visits pct,quantile,0.5,2.547138800859232
ogden,2026-03-28,3,2026-04-18,Flu ED visits pct,quantile,0.5,0.4122739631214073
oregon,2026-03-28,3,2026-04-18,Flu ED visits pct,quantile,0.5,0.48355657838727684
pittsfield,2026-03-28,3,2026-04-18,Flu ED visits pct,quantile,0.5,0.2760462363595373
portland,2026-03-28,3,2026-04-18,Flu ED visits pct,quantile,0.5,0.6358020345091447
portland-or,2026-03-28,3,2026-04-18,Flu ED visits pct,quantile,0.5,0.5536209162385669
provo,2026-03-28,3,2026-04-18,Flu ED visits pct,quantile,0.5,0.3042595019683292
roanoke,2026-03-28,3,2026-04-18,Flu ED visits pct,quantile,0.5,0.8328578513663654
rochester,2026-03-28,3,2026-04-18,Flu ED visits pct,quantile,0.5,0.5550853847740163
rock-hill,2026-03-28,3,2026-04-18,Flu ED visits pct,quantile,0.5,0.43257032498681536
rtp-area,2026-03-28,3,2026-04-18,Flu ED visits pct,quantile,0.5,0.3377882551531944
salem,2026-03-28,3,2026-04-18,Flu ED visits pct,quantile,0.5,0.6036296530464081
salt-lake-city,2026-03-28,3,2026-04-18,Flu ED visits pct,quantile,0.5,0.4186109273111579
san-antonio,2026-03-28,3,2026-04-18,Flu ED visits pct,quantile,0.5,0.366460095806377
savannah,2026-03-28,3,2026-04-18,Flu ED visits pct,quantile,0.5,0.1466942446766376
senc,2026-03-28,3,2026-04-18,Flu ED visits pct,quantile,0.5,0.42704347296645423
south-augusta,2026-03-28,3,2026-04-18,Flu ED visits pct,quantile,0.5,0.35378168938939314
south-carolina,2026-03-28,3,2026-04-18,Flu ED visits pct,quantile,0.5,0.4418001941629305
springfield,2026-03-28,3,2026-04-18,Flu ED visits pct,quantile,0.5,0.9130372954090091
st-cloud,2026-03-28,3,2026-04-18,Flu ED visits pct,quantile,0.5,0.6396552031545135
st-paul,2026-03-28,3,2026-04-18,Flu ED visits pct,quantile,0.5,0.8787595231097628
texas,2026-03-28,3,2026-04-18,Flu ED visits pct,quantile,0.5,0.5619642952477615
triad-area,2026-03-28,3,2026-04-18,Flu ED visits pct,quantile,0.5,0.42957308066913213
utah,2026-03-28,3,2026-04-18,Flu ED visits pct,quantile,0.5,0.4363890412287732
virginia,2026-03-28,3,2026-04-18,Flu ED visits pct,quantile,0.5,0.7992997702185821
weld,2026-03-28,3,2026-04-18,Flu ED visits pct,quantile,0.5,0.768060299613098
wnc,2026-03-28,3,2026-04-18,Flu ED visits pct,quantile,0.5,0.36706781846369385
worcester,2026-03-28,3,2026-04-18,Flu ED visits pct,quantile,0.5,0.7738875704787076
athens,2026-03-28,0,2026-03-28,Flu ED visits pct,quantile,0.75,1.1499199713826196
austin,2026-03-28,0,2026-03-28,Flu ED visits pct,quantile,0.75,0.8476401850693357
baltimore,2026-03-28,0,2026-03-28,Flu ED visits pct,quantile,0.75,1.1250165188273211
bangor,2026-03-28,0,2026-03-28,Flu ED visits pct,quantile,0.75,1.1623707701169381
beaumont,2026-03-28,0,2026-03-28,Flu ED visits pct,quantile,0.75,0.9637054856332983
boston,2026-03-28,0,2026-03-28,Flu ED visits pct,quantile,0.75,1.3805194082708032
boulder,2026-03-28,0,2026-03-28,Flu ED visits pct,quantile,0.75,2.7961114000626144
charleston,2026-03-28,0,2026-03-28,Flu ED visits pct,quantile,0.75,1.0083963575899182
cherokee,2026-03-28,0,2026-03-28,Flu ED visits pct,quantile,0.75,1.204775812325746
clt-area,2026-03-28,0,2026-03-28,Flu ED visits pct,quantile,0.75,2.0516332752907327
colorado,2026-03-28,0,2026-03-28,Flu ED visits pct,quantile,0.75,2.0065780527152373
colorado-springs,2026-03-28,0,2026-03-28,Flu ED visits pct,quantile,0.75,2.0806339235200504
columbia,2026-03-28,0,2026-03-28,Flu ED visits pct,quantile,0.75,0.7355345933092908
columbus,2026-03-28,0,2026-03-28,Flu ED visits pct,quantile,0.75,1.079982304285422
dallas,2026-03-28,0,2026-03-28,Flu ED visits pct,quantile,0.75,0.9042082662036077
denver,2026-03-28,0,2026-03-28,Flu ED visits pct,quantile,0.75,1.959464946476092
deschutes,2026-03-28,0,2026-03-28,Flu ED visits pct,quantile,0.75,1.978267813873196
duluth,2026-03-28,0,2026-03-28,Flu ED visits pct,quantile,0.75,2.405480184497006
el-paso,2026-03-28,0,2026-03-28,Flu ED visits pct,quantile,0.75,1.6878563219673377
eugene,2026-03-28,0,2026-03-28,Flu ED visits pct,quantile,0.75,0.6574826002988124
fay-area,2026-03-28,0,2026-03-28,Flu ED visits pct,quantile,0.75,2.1389130738159063
florence,2026-03-28,0,2026-03-28,Flu ED visits pct,quantile,0.75,0.655723214104827
floyd,2026-03-28,0,2026-03-28,Flu ED visits pct,quantile,0.75,1.7189572191963023
frederick,2026-03-28,0,2026-03-28,Flu ED visits pct,quantile,0.75,1.3561423220318662
georgia,2026-03-28,0,2026-03-28,Flu ED visits pct,quantile,0.75,0.8907436555494423
greenville,2026-03-28,0,2026-03-28,Flu ED visits pct,quantile,0.75,1.2702862289751502
hall,2026-03-28,0,2026-03-28,Flu ED visits pct,quantile,0.75,0.6980048121409748
harford,2026-03-28,0,2026-03-28,Flu ED visits pct,quantile,0.75,0.7560049587342962
henry,2026-03-28,0,2026-03-28,Flu ED visits pct,quantile,0.75,0.7689993083725533
horry,2026-03-28,0,2026-03-28,Flu ED visits pct,quantile,0.75,0.7758179076648318
houston,2026-03-28,0,2026-03-28,Flu ED visits pct,quantile,0.75,0.6418513086350066
indiana,2026-03-28,0,2026-03-28,Flu ED visits pct,quantile,0.75,1.7457349266008115
indianapolis,2026-03-28,0,2026-03-28,Flu ED visits pct,quantile,0.75,1.3763513879713534
la-grange,2026-03-28,0,2026-03-28,Flu ED visits pct,quantile,0.75,0.9116898612072306
larimer,2026-03-28,0,2026-03-28,Flu ED visits pct,quantile,0.75,1.6726723074747085
lynn,2026-03-28,0,2026-03-28,Flu ED visits pct,quantile,0.75,1.0854701445668349
macon,2026-03-28,0,2026-03-28,Flu ED visits pct,quantile,0.75,0.8458279481334227
maine,2026-03-28,0,2026-03-28,Flu ED visits pct,quantile,0.75,1.191571474694716
marietta,2026-03-28,0,2026-03-28,Flu ED visits pct,quantile,0.75,0.6276720032983685
maryland,2026-03-28,0,2026-03-28,Flu ED visits pct,quantile,0.75,1.1153899769411673
massachusetts,2026-03-28,0,2026-03-28,Flu ED visits pct,quantile,0.75,1.4063835901214454
medford,2026-03-28,0,2026-03-28,Flu ED visits pct,quantile,0.75,0.4051493600493181
mesa,2026-03-28,0,2026-03-28,Flu ED visits pct,quantile,0.75,1.0757147184399516
minneapolis,2026-03-28,0,2026-03-28,Flu ED visits pct,quantile,0.75,2.1001921959031065
minnesota,2026-03-28,0,2026-03-28,Flu ED visits pct,quantile,0.75,2.0386602271466616
montgomery,2026-03-28,0,2026-03-28,Flu ED visits pct,quantile,0.75,0.9408990035824252
nenc,2026-03-28,0,2026-03-28,Flu ED visits pct,quantile,0.75,1.0239285657735429
new-bedford,2026-03-28,0,2026-03-28,Flu ED visits pct,quantile,0.75,1.9145508085320908
north-carolina,2026-03-28,0,2026-03-28,Flu ED visits pct,quantile,0.75,1.3260364379252119
nyc,2026-03-28,0,2026-03-28,ILI ED visits pct,quantile,0.75,3.0568269763973044
ogden,2026-03-28,0,2026-03-28,Flu ED visits pct,quantile,0.75,0.8679947758611773
oregon,2026-03-28,0,2026-03-28,Flu ED visits pct,quantile,0.75,1.1375626794108764
pittsfield,2026-03-28,0,2026-03-28,Flu ED visits pct,quantile,0.75,0.6588475699887807
portland,2026-03-28,0,2026-03-28,Flu ED visits pct,quantile,0.75,1.3008189860875217
portland-or,2026-03-28,0,2026-03-28,Flu ED visits pct,quantile,0.75,1.282288013855917
provo,2026-03-28,0,2026-03-28,Flu ED visits pct,quantile,0.75,0.5630329161054942
roanoke,2026-03-28,0,2026-03-28,Flu ED visits pct,quantile,0.75,2.0152643662940006
rochester,2026-03-28,0,2026-03-28,Flu ED visits pct,quantile,0.75,1.5605848116418257
rock-hill,2026-03-28,0,2026-03-28,Flu ED visits pct,quantile,0.75,0.9046462771873489
rtp-area,2026-03-28,0,2026-03-28,Flu ED visits pct,quantile,0.75,0.8563620788174708
salem,2026-03-28,0,2026-03-28,Flu ED visits pct,quantile,0.75,1.5722317330330964
salt-lake-city,2026-03-28,0,2026-03-28,Flu ED visits pct,quantile,0.75,0.7535158718071626
san-antonio,2026-03-28,0,2026-03-28,Flu ED visits pct,quantile,0.75,0.8727752815321981
savannah,2026-03-28,0,2026-03-28,Flu ED visits pct,quantile,0.75,0.377629035811368
senc,2026-03-28,0,2026-03-28,Flu ED visits pct,quantile,0.75,1.0754141024441137
south-augusta,2026-03-28,0,2026-03-28,Flu ED visits pct,quantile,0.75,0.9782886701542114
south-carolina,2026-03-28,0,2026-03-28,Flu ED visits pct,quantile,0.75,0.9336285416513653
springfield,2026-03-28,0,2026-03-28,Flu ED visits pct,quantile,0.75,1.8222352701365183
st-cloud,2026-03-28,0,2026-03-28,Flu ED visits pct,quantile,0.75,1.6319632162740667
st-paul,2026-03-28,0,2026-03-28,Flu ED visits pct,quantile,0.75,1.8189476473853186
texas,2026-03-28,0,2026-03-28,Flu ED visits pct,quantile,0.75,1.0168617765603187
triad-area,2026-03-28,0,2026-03-28,Flu ED visits pct,quantile,0.75,1.009986978158806
utah,2026-03-28,0,2026-03-28,Flu ED visits pct,quantile,0.75,0.7752534061089931
virginia,2026-03-28,0,2026-03-28,Flu ED visits pct,quantile,0.75,1.5172792247121372
weld,2026-03-28,0,2026-03-28,Flu ED visits pct,quantile,0.75,2.1574016573210684
wnc,2026-03-28,0,2026-03-28,Flu ED visits pct,quantile,0.75,0.9457263430429133
worcester,2026-03-28,0,2026-03-28,Flu ED visits pct,quantile,0.75,1.4216309377559262
athens,2026-03-28,1,2026-04-04,Flu ED visits pct,quantile,0.75,0.9046721624595453
austin,2026-03-28,1,2026-04-04,Flu ED visits pct,quantile,0.75,0.7070404433887454
baltimore,2026-03-28,1,2026-04-04,Flu ED visits pct,quantile,0.75,1.0182038661358157
bangor,2026-03-28,1,2026-04-04,Flu ED visits pct,quantile,0.75,0.9594598964954101
beaumont,2026-03-28,1,2026-04-04,Flu ED visits pct,quantile,0.75,0.8610837854086595
boston,2026-03-28,1,2026-04-04,Flu ED visits pct,quantile,0.75,1.236533833964004
boulder,2026-03-28,1,2026-04-04,Flu ED visits pct,quantile,0.75,2.259871515179295
charleston,2026-03-28,1,2026-04-04,Flu ED visits pct,quantile,0.75,0.8199746379737435
cherokee,2026-03-28,1,2026-04-04,Flu ED visits pct,quantile,0.75,0.9904096066249974
clt-area,2026-03-28,1,2026-04-04,Flu ED visits pct,quantile,0.75,1.6986877391685333
colorado,2026-03-28,1,2026-04-04,Flu ED visits pct,quantile,0.75,1.7359083588048803
colorado-springs,2026-03-28,1,2026-04-04,Flu ED visits pct,quantile,0.75,1.7667768857787551
columbia,2026-03-28,1,2026-04-04,Flu ED visits pct,quantile,0.75,0.6093974378072745
columbus,2026-03-28,1,2026-04-04,Flu ED visits pct,quantile,0.75,0.835689058318055
dallas,2026-03-28,1,2026-04-04,Flu ED visits pct,quantile,0.75,0.7606235330853405
denver,2026-03-28,1,2026-04-04,Flu ED visits pct,quantile,0.75,1.6821976508081844
deschutes,2026-03-28,1,2026-04-04,Flu ED visits pct,quantile,0.75,1.7328111619677982
duluth,2026-03-28,1,2026-04-04,Flu ED visits pct,quantile,0.75,2.025502976904348
el-paso,2026-03-28,1,2026-04-04,Flu ED visits pct,quantile,0.75,1.5282839790802374
eugene,2026-03-28,1,2026-04-04,Flu ED visits pct,quantile,0.75,0.5256796317507149
fay-area,2026-03-28,1,2026-04-04,Flu ED visits pct,quantile,0.75,1.7609644206479704
florence,2026-03-28,1,2026-04-04,Flu ED visits pct,quantile,0.75,0.5468624557014294
floyd,2026-03-28,1,2026-04-04,Flu ED visits pct,quantile,0.75,1.4356007478690143
frederick,2026-03-28,1,2026-04-04,Flu ED visits pct,quantile,0.75,1.2248167796773382
georgia,2026-03-28,1,2026-04-04,Flu ED visits pct,quantile,0.75,0.7436443337018303
greenville,2026-03-28,1,2026-04-04,Flu ED visits pct,quantile,0.75,0.9904582870975323
hall,2026-03-28,1,2026-04-04,Flu ED visits pct,quantile,0.75,0.5696552417222327
harford,2026-03-28,1,2026-04-04,Flu ED visits pct,quantile,0.75,0.6682390604416042
henry,2026-03-28,1,2026-04-04,Flu ED visits pct,quantile,0.75,0.6507703098552651
horry,2026-03-28,1,2026-04-04,Flu ED visits pct,quantile,0.75,0.6784388588115744
houston,2026-03-28,1,2026-04-04,Flu ED visits pct,quantile,0.75,0.5791906559225541
indiana,2026-03-28,1,2026-04-04,Flu ED visits pct,quantile,0.75,1.401655906916512
indianapolis,2026-03-28,1,2026-04-04,Flu ED visits pct,quantile,0.75,1.0574330025265284
la-grange,2026-03-28,1,2026-04-04,Flu ED visits pct,quantile,0.75,0.7601739678427241
larimer,2026-03-28,1,2026-04-04,Flu ED visits pct,quantile,0.75,1.4530364656524022
lynn,2026-03-28,1,2026-04-04,Flu ED visits pct,quantile,0.75,0.9653772639494427
macon,2026-03-28,1,2026-04-04,Flu ED visits pct,quantile,0.75,0.7051768722144602
maine,2026-03-28,1,2026-04-04,Flu ED visits pct,quantile,0.75,1.0557561931776993
marietta,2026-03-28,1,2026-04-04,Flu ED visits pct,quantile,0.75,0.528469022808933
maryland,2026-03-28,1,2026-04-04,Flu ED visits pct,quantile,0.75,1.0085147914114492
massachusetts,2026-03-28,1,2026-04-04,Flu ED visits pct,quantile,0.75,1.2681867597430498
medford,2026-03-28,1,2026-04-04,Flu ED visits pct,quantile,0.75,0.32444517500873943
mesa,2026-03-28,1,2026-04-04,Flu ED visits pct,quantile,0.75,0.9102578625620515
minneapolis,2026-03-28,1,2026-04-04,Flu ED visits pct,quantile,0.75,1.7987382720541756
minnesota,2026-03-28,1,2026-04-04,Flu ED visits pct,quantile,0.75,1.7505761213865212
montgomery,2026-03-28,1,2026-04-04,Flu ED visits pct,quantile,0.75,0.8564122682336297
nenc,2026-03-28,1,2026-04-04,Flu ED visits pct,quantile,0.75,0.8284432910508933
new-bedford,2026-03-28,1,2026-04-04,Flu ED visits pct,quantile,0.75,1.7033609479997602
north-carolina,2026-03-28,1,2026-04-04,Flu ED visits pct,quantile,0.75,1.0581221387703375
nyc,2026-03-28,1,2026-04-04,ILI ED visits pct,quantile,0.75,2.8788827975135525
ogden,2026-03-28,1,2026-04-04,Flu ED visits pct,quantile,0.75,0.7095431362099435
oregon,2026-03-28,1,2026-04-04,Flu ED visits pct,quantile,0.75,0.9483475016811731
pittsfield,2026-03-28,1,2026-04-04,Flu ED visits pct,quantile,0.75,0.5586434170920677
portland,2026-03-28,1,2026-04-04,Flu ED visits pct,quantile,0.75,1.1221605263966765
portland-or,2026-03-28,1,2026-04-04,Flu ED visits pct,quantile,0.75,1.039561365518258
provo,2026-03-28,1,2026-04-04,Flu ED visits pct,quantile,0.75,0.49818347495232407
roanoke,2026-03-28,1,2026-04-04,Flu ED visits pct,quantile,0.75,1.6257479602358729
rochester,2026-03-28,1,2026-04-04,Flu ED visits pct,quantile,0.75,1.2231087191251004
rock-hill,2026-03-28,1,2026-04-04,Flu ED visits pct,quantile,0.75,0.7860017958890531
rtp-area,2026-03-28,1,2026-04-04,Flu ED visits pct,quantile,0.75,0.6832315067377144
salem,2026-03-28,1,2026-04-04,Flu ED visits pct,quantile,0.75,1.2548620474175662
salt-lake-city,2026-03-28,1,2026-04-04,Flu ED visits pct,quantile,0.75,0.6490485144762034
san-antonio,2026-03-28,1,2026-04-04,Flu ED visits pct,quantile,0.75,0.7065120727641714
savannah,2026-03-28,1,2026-04-04,Flu ED visits pct,quantile,0.75,0.3078743450972862
senc,2026-03-28,1,2026-04-04,Flu ED visits pct,quantile,0.75,0.8891652004027057
south-augusta,2026-03-28,1,2026-04-04,Flu ED visits pct,quantile,0.75,0.7710133872210071
south-carolina,2026-03-28,1,2026-04-04,Flu ED visits pct,quantile,0.75,0.7675486938864505
springfield,2026-03-28,1,2026-04-04,Flu ED visits pct,quantile,0.75,1.613522902028894
st-cloud,2026-03-28,1,2026-04-04,Flu ED visits pct,quantile,0.75,1.3285768130058284
st-paul,2026-03-28,1,2026-04-04,Flu ED visits pct,quantile,0.75,1.55712536365607
texas,2026-03-28,1,2026-04-04,Flu ED visits pct,quantile,0.75,0.8848826189109958
triad-area,2026-03-28,1,2026-04-04,Flu ED visits pct,quantile,0.75,0.846874403447519
utah,2026-03-28,1,2026-04-04,Flu ED visits pct,quantile,0.75,0.6813175210186223
virginia,2026-03-28,1,2026-04-04,Flu ED visits pct,quantile,0.75,1.3146063797619965
weld,2026-03-28,1,2026-04-04,Flu ED visits pct,quantile,0.75,1.7249151320496372
wnc,2026-03-28,1,2026-04-04,Flu ED visits pct,quantile,0.75,0.7641186883499601
worcester,2026-03-28,1,2026-04-04,Flu ED visits pct,quantile,0.75,1.2588324503594877
athens,2026-03-28,2,2026-04-11,Flu ED visits pct,quantile,0.75,0.7178331739158395
austin,2026-03-28,2,2026-04-11,Flu ED visits pct,quantile,0.75,0.5991397055287049
baltimore,2026-03-28,2,2026-04-11,Flu ED visits pct,quantile,0.75,0.9137719399484607
bangor,2026-03-28,2,2026-04-11,Flu ED visits pct,quantile,0.75,0.794317186035028
beaumont,2026-03-28,2,2026-04-11,Flu ED visits pct,quantile,0.75,0.7380336793809339
boston,2026-03-28,2,2026-04-11,Flu ED visits pct,quantile,0.75,1.0978965597793227
boulder,2026-03-28,2,2026-04-11,Flu ED visits pct,quantile,0.75,1.7721780248201824
charleston,2026-03-28,2,2026-04-11,Flu ED visits pct,quantile,0.75,0.6693553312216988
cherokee,2026-03-28,2,2026-04-11,Flu ED visits pct,quantile,0.75,0.8161871908513852
clt-area,2026-03-28,2,2026-04-11,Flu ED visits pct,quantile,0.75,1.3938375417417892
colorado,2026-03-28,2,2026-04-11,Flu ED visits pct,quantile,0.75,1.494799673522938
colorado-springs,2026-03-28,2,2026-04-11,Flu ED visits pct,quantile,0.75,1.485185543988916
columbia,2026-03-28,2,2026-04-11,Flu ED visits pct,quantile,0.75,0.4970752139915472
columbus,2026-03-28,2,2026-04-11,Flu ED visits pct,quantile,0.75,0.6570358402906731
dallas,2026-03-28,2,2026-04-11,Flu ED visits pct,quantile,0.75,0.6497488100103228
denver,2026-03-28,2,2026-04-11,Flu ED visits pct,quantile,0.75,1.4290794107406979
deschutes,2026-03-28,2,2026-04-11,Flu ED visits pct,quantile,0.75,1.5140044320860673
duluth,2026-03-28,2,2026-04-11,Flu ED visits pct,quantile,0.75,1.6797388323672002
el-paso,2026-03-28,2,2026-04-11,Flu ED visits pct,quantile,0.75,1.3425261245536984
eugene,2026-03-28,2,2026-04-11,Flu ED visits pct,quantile,0.75,0.416270601297801
fay-area,2026-03-28,2,2026-04-11,Flu ED visits pct,quantile,0.75,1.4317064511283473
florence,2026-03-28,2,2026-04-11,Flu ED visits pct,quantile,0.75,0.43888299587780266
floyd,2026-03-28,2,2026-04-11,Flu ED visits pct,quantile,0.75,1.1918274831498183
frederick,2026-03-28,2,2026-04-11,Flu ED visits pct,quantile,0.75,1.0573634662256337
georgia,2026-03-28,2,2026-04-11,Flu ED visits pct,quantile,0.75,0.6438923948670702
greenville,2026-03-28,2,2026-04-11,Flu ED visits pct,quantile,0.75,0.7990149537536319
hall,2026-03-28,2,2026-04-11,Flu ED visits pct,quantile,0.75,0.4678988305076473
harford,2026-03-28,2,2026-04-11,Flu ED visits pct,quantile,0.75,0.5784785927514692
henry,2026-03-28,2,2026-04-11,Flu ED visits pct,quantile,0.75,0.5365188210012956
horry,2026-03-28,2,2026-04-11,Flu ED visits pct,quantile,0.75,0.5763534786485133
houston,2026-03-28,2,2026-04-11,Flu ED visits pct,quantile,0.75,0.5330706900576719
indiana,2026-03-28,2,2026-04-11,Flu ED visits pct,quantile,0.75,1.14354261609907
indianapolis,2026-03-28,2,2026-04-11,Flu ED visits pct,quantile,0.75,0.8151028587942036
la-grange,2026-03-28,2,2026-04-11,Flu ED visits pct,quantile,0.75,0.627744078158917
larimer,2026-03-28,2,2026-04-11,Flu ED visits pct,quantile,0.75,1.233098184285402
lynn,2026-03-28,2,2026-04-11,Flu ED visits pct,quantile,0.75,0.8348949249935494
macon,2026-03-28,2,2026-04-11,Flu ED visits pct,quantile,0.75,0.5914513261090926
maine,2026-03-28,2,2026-04-11,Flu ED visits pct,quantile,0.75,0.9363397681530823
marietta,2026-03-28,2,2026-04-11,Flu ED visits pct,quantile,0.75,0.4414641259932388
maryland,2026-03-28,2,2026-04-11,Flu ED visits pct,quantile,0.75,0.9229951429220231
massachusetts,2026-03-28,2,2026-04-11,Flu ED visits pct,quantile,0.75,1.132401032944619
medford,2026-03-28,2,2026-04-11,Flu ED visits pct,quantile,0.75,0.2500043945759507
mesa,2026-03-28,2,2026-04-11,Flu ED visits pct,quantile,0.75,0.7778713963411813
minneapolis,2026-03-28,2,2026-04-11,Flu ED visits pct,quantile,0.75,1.5586737449078953
minnesota,2026-03-28,2,2026-04-11,Flu ED visits pct,quantile,0.75,1.5617615814808268
montgomery,2026-03-28,2,2026-04-11,Flu ED visits pct,quantile,0.75,0.770090759433767
nenc,2026-03-28,2,2026-04-11,Flu ED visits pct,quantile,0.75,0.6645240608859633
new-bedford,2026-03-28,2,2026-04-11,Flu ED visits pct,quantile,0.75,1.496205647443573
north-carolina,2026-03-28,2,2026-04-11,Flu ED visits pct,quantile,0.75,0.8515302887026218
nyc,2026-03-28,2,2026-04-11,ILI ED visits pct,quantile,0.75,2.722560252617571
ogden,2026-03-28,2,2026-04-11,Flu ED visits pct,quantile,0.75,0.5949071927195886
oregon,2026-03-28,2,2026-04-11,Flu ED visits pct,quantile,0.75,0.8050056567654381
pittsfield,2026-03-28,2,2026-04-11,Flu ED visits pct,quantile,0.75,0.4713367294926108
portland,2026-03-28,2,2026-04-11,Flu ED visits pct,quantile,0.75,0.9722027183676831
portland-or,2026-03-28,2,2026-04-11,Flu ED visits pct,quantile,0.75,0.8634245754428775
provo,2026-03-28,2,2026-04-11,Flu ED visits pct,quantile,0.75,0.4292543326789903
roanoke,2026-03-28,2,2026-04-11,Flu ED visits pct,quantile,0.75,1.320957488690903
rochester,2026-03-28,2,2026-04-11,Flu ED visits pct,quantile,0.75,0.9617357112501627
rock-hill,2026-03-28,2,2026-04-11,Flu ED visits pct,quantile,0.75,0.6645279713454577
rtp-area,2026-03-28,2,2026-04-11,Flu ED visits pct,quantile,0.75,0.5508527646846684
salem,2026-03-28,2,2026-04-11,Flu ED visits pct,quantile,0.75,0.9921003225309792
salt-lake-city,2026-03-28,2,2026-04-11,Flu ED visits pct,quantile,0.75,0.5501200962484181
san-antonio,2026-03-28,2,2026-04-11,Flu ED visits pct,quantile,0.75,0.5657178053692603
savannah,2026-03-28,2,2026-04-11,Flu ED visits pct,quantile,0.75,0.24441162528580296
senc,2026-03-28,2,2026-04-11,Flu ED visits pct,quantile,0.75,0.7337117594678757
south-augusta,2026-03-28,2,2026-04-11,Flu ED visits pct,quantile,0.75,0.6111790568095068
south-carolina,2026-03-28,2,2026-04-11,Flu ED visits pct,quantile,0.75,0.6653029767998989
springfield,2026-03-28,2,2026-04-11,Flu ED visits pct,quantile,0.75,1.3963003646231098
st-cloud,2026-03-28,2,2026-04-11,Flu ED visits pct,quantile,0.75,1.0912531478377918
st-paul,2026-03-28,2,2026-04-11,Flu ED visits pct,quantile,0.75,1.3456763247539312
texas,2026-03-28,2,2026-04-11,Flu ED visits pct,quantile,0.75,0.7816160430808091
triad-area,2026-03-28,2,2026-04-11,Flu ED visits pct,quantile,0.75,0.697204418913786
utah,2026-03-28,2,2026-04-11,Flu ED visits pct,quantile,0.75,0.5915037285051257
virginia,2026-03-28,2,2026-04-11,Flu ED visits pct,quantile,0.75,1.158560983182306
weld,2026-03-28,2,2026-04-11,Flu ED visits pct,quantile,0.75,1.4403164971511353
wnc,2026-03-28,2,2026-04-11,Flu ED visits pct,quantile,0.75,0.6081431603726065
worcester,2026-03-28,2,2026-04-11,Flu ED visits pct,quantile,0.75,1.1051244810897825
athens,2026-03-28,3,2026-04-18,Flu ED visits pct,quantile,0.75,0.6360658073665262
austin,2026-03-28,3,2026-04-18,Flu ED visits pct,quantile,0.75,0.5549250784750009
baltimore,2026-03-28,3,2026-04-18,Flu ED visits pct,quantile,0.75,0.8731552765147959
bangor,2026-03-28,3,2026-04-18,Flu ED visits pct,quantile,0.75,0.702385299483148
beaumont,2026-03-28,3,2026-04-18,Flu ED visits pct,quantile,0.75,0.6997404128007112
boston,2026-03-28,3,2026-04-18,Flu ED visits pct,quantile,0.75,1.0216208845444796
boulder,2026-03-28,3,2026-04-18,Flu ED visits pct,quantile,0.75,1.5234410547761188
charleston,2026-03-28,3,2026-04-18,Flu ED visits pct,quantile,0.75,0.5931487204911509
cherokee,2026-03-28,3,2026-04-18,Flu ED visits pct,quantile,0.75,0.7465299108687345
clt-area,2026-03-28,3,2026-04-18,Flu ED visits pct,quantile,0.75,1.1802697836578087
colorado,2026-03-28,3,2026-04-18,Flu ED visits pct,quantile,0.75,1.375525416582764
colorado-springs,2026-03-28,3,2026-04-18,Flu ED visits pct,quantile,0.75,1.3266688868374326
columbia,2026-03-28,3,2026-04-18,Flu ED visits pct,quantile,0.75,0.44818623159429205
columbus,2026-03-28,3,2026-04-18,Flu ED visits pct,quantile,0.75,0.562006617974457
dallas,2026-03-28,3,2026-04-18,Flu ED visits pct,quantile,0.75,0.601862654582487
denver,2026-03-28,3,2026-04-18,Flu ED visits pct,quantile,0.75,1.3087099279329337
deschutes,2026-03-28,3,2026-04-18,Flu ED visits pct,quantile,0.75,1.4028190392251407
duluth,2026-03-28,3,2026-04-18,Flu ED visits pct,quantile,0.75,1.497703116542059
el-paso,2026-03-28,3,2026-04-18,Flu ED visits pct,quantile,0.75,1.2670987115721635
eugene,2026-03-28,3,2026-04-18,Flu ED visits pct,quantile,0.75,0.3640397779088716
fay-area,2026-03-28,3,2026-04-18,Flu ED visits pct,quantile,0.75,1.2001483473383934
florence,2026-03-28,3,2026-04-18,Flu ED visits pct,quantile,0.75,0.3987686848497645
floyd,2026-03-28,3,2026-04-18,Flu ED visits pct,quantile,0.75,1.0815384538692037
frederick,2026-03-28,3,2026-04-18,Flu ED visits pct,quantile,0.75,1.0010791673880437
georgia,2026-03-28,3,2026-04-18,Flu ED visits pct,quantile,0.75,0.5937419301381403
greenville,2026-03-28,3,2026-04-18,Flu ED visits pct,quantile,0.75,0.6958945901563424
hall,2026-03-28,3,2026-04-18,Flu ED visits pct,quantile,0.75,0.42847762963007335
harford,2026-03-28,3,2026-04-18,Flu ED visits pct,quantile,0.75,0.544679514153549
henry,2026-03-28,3,2026-04-18,Flu ED visits pct,quantile,0.75,0.48715870304978903
horry,2026-03-28,3,2026-04-18,Flu ED visits pct,quantile,0.75,0.5230273483927923
houston,2026-03-28,3,2026-04-18,Flu ED visits pct,quantile,0.75,0.5143244042211292
indiana,2026-03-28,3,2026-04-18,Flu ED visits pct,quantile,0.75,1.015934657326167
indianapolis,2026-03-28,3,2026-04-18,Flu ED visits pct,quantile,0.75,0.6806928091746055
la-grange,2026-03-28,3,2026-04-18,Flu ED visits pct,quantile,0.75,0.5782977905156543
larimer,2026-03-28,3,2026-04-18,Flu ED visits pct,quantile,0.75,1.1444656704034855
lynn,2026-03-28,3,2026-04-18,Flu ED visits pct,quantile,0.75,0.7902462191919167
macon,2026-03-28,3,2026-04-18,Flu ED visits pct,quantile,0.75,0.540316862886709
maine,2026-03-28,3,2026-04-18,Flu ED visits pct,quantile,0.75,0.8562373803740418
marietta,2026-03-28,3,2026-04-18,Flu ED visits pct,quantile,0.75,0.4056540653559438
maryland,2026-03-28,3,2026-04-18,Flu ED visits pct,quantile,0.75,0.8674576501695398
massachusetts,2026-03-28,3,2026-04-18,Flu ED visits pct,quantile,0.75,1.0515005037683167
medford,2026-03-28,3,2026-04-18,Flu ED visits pct,quantile,0.75,0.2209523266969627
mesa,2026-03-28,3,2026-04-18,Flu ED visits pct,quantile,0.75,0.7173065629711521
minneapolis,2026-03-28,3,2026-04-18,Flu ED visits pct,quantile,0.75,1.4656400833422645
minnesota,2026-03-28,3,2026-04-18,Flu ED visits pct,quantile,0.75,1.442655543890581
montgomery,2026-03-28,3,2026-04-18,Flu ED visits pct,quantile,0.75,0.72946983973596
nenc,2026-03-28,3,2026-04-18,Flu ED visits pct,quantile,0.75,0.5764666066292006
new-bedford,2026-03-28,3,2026-04-18,Flu ED visits pct,quantile,0.75,1.386369123571053
north-carolina,2026-03-28,3,2026-04-18,Flu ED visits pct,quantile,0.75,0.7205460757153204
nyc,2026-03-28,3,2026-04-18,ILI ED visits pct,quantile,0.75,2.617938384299531
ogden,2026-03-28,3,2026-04-18,Flu ED visits pct,quantile,0.75,0.547148325665131
oregon,2026-03-28,3,2026-04-18,Flu ED visits pct,quantile,0.75,0.7257989413806012
pittsfield,2026-03-28,3,2026-04-18,Flu ED visits pct,quantile,0.75,0.43320714518002235
portland,2026-03-28,3,2026-04-18,Flu ED visits pct,quantile,0.75,0.8930158645833352
portland-or,2026-03-28,3,2026-04-18,Flu ED visits pct,quantile,0.75,0.7764529766050673
provo,2026-03-28,3,2026-04-18,Flu ED visits pct,quantile,0.75,0.40592984172683105
roanoke,2026-03-28,3,2026-04-18,Flu ED visits pct,quantile,0.75,1.1771361685723467
rochester,2026-03-28,3,2026-04-18,Flu ED visits pct,quantile,0.75,0.8454052088498633
rock-hill,2026-03-28,3,2026-04-18,Flu ED visits pct,quantile,0.75,0.6234131262347506
rtp-area,2026-03-28,3,2026-04-18,Flu ED visits pct,quantile,0.75,0.47495810231984187
salem,2026-03-28,3,2026-04-18,Flu ED visits pct,quantile,0.75,0.8542869022618785
salt-lake-city,2026-03-28,3,2026-04-18,Flu ED visits pct,quantile,0.75,0.5146364924346852
san-antonio,2026-03-28,3,2026-04-18,Flu ED visits pct,quantile,0.75,0.5001875540016799
savannah,2026-03-28,3,2026-04-18,Flu ED visits pct,quantile,0.75,0.21915202836841047
senc,2026-03-28,3,2026-04-18,Flu ED visits pct,quantile,0.75,0.662998501355065
south-augusta,2026-03-28,3,2026-04-18,Flu ED visits pct,quantile,0.75,0.5225568407457697
south-carolina,2026-03-28,3,2026-04-18,Flu ED visits pct,quantile,0.75,0.6104577774323576
springfield,2026-03-28,3,2026-04-18,Flu ED visits pct,quantile,0.75,1.2974683490430727
st-cloud,2026-03-28,3,2026-04-18,Flu ED visits pct,quantile,0.75,0.9694727410377344
st-paul,2026-03-28,3,2026-04-18,Flu ED visits pct,quantile,0.75,1.2291649433071754
texas,2026-03-28,3,2026-04-18,Flu ED visits pct,quantile,0.75,0.7291970437107559
triad-area,2026-03-28,3,2026-04-18,Flu ED visits pct,quantile,0.75,0.6332322631120358
utah,2026-03-28,3,2026-04-18,Flu ED visits pct,quantile,0.75,0.552732580498577
virginia,2026-03-28,3,2026-04-18,Flu ED visits pct,quantile,0.75,1.0621568688255059
weld,2026-03-28,3,2026-04-18,Flu ED visits pct,quantile,0.75,1.2825165182008165
wnc,2026-03-28,3,2026-04-18,Flu ED visits pct,quantile,0.75,0.5016072561567692
worcester,2026-03-28,3,2026-04-18,Flu ED visits pct,quantile,0.75,1.015972974441437
athens,2026-03-28,0,2026-03-28,Flu ED visits pct,quantile,0.9,1.3825735388753015
austin,2026-03-28,0,2026-03-28,Flu ED visits pct,quantile,0.9,0.9445153783160118
baltimore,2026-03-28,0,2026-03-28,Flu ED visits pct,quantile,0.9,1.2854338722681327
bangor,2026-03-28,0,2026-03-28,Flu ED visits pct,quantile,0.9,1.3994740910590135
beaumont,2026-03-28,0,2026-03-28,Flu ED visits pct,quantile,0.9,1.1943780026254924
boston,2026-03-28,0,2026-03-28,Flu ED visits pct,quantile,0.9,1.497356350669707
boulder,2026-03-28,0,2026-03-28,Flu ED visits pct,quantile,0.9,3.135857122505164
charleston,2026-03-28,0,2026-03-28,Flu ED visits pct,quantile,0.9,1.184636657192155
cherokee,2026-03-28,0,2026-03-28,Flu ED visits pct,quantile,0.9,1.4173846769368146
clt-area,2026-03-28,0,2026-03-28,Flu ED visits pct,quantile,0.9,2.255602536758947
colorado,2026-03-28,0,2026-03-28,Flu ED visits pct,quantile,0.9,2.158966610755164
colorado-springs,2026-03-28,0,2026-03-28,Flu ED visits pct,quantile,0.9,2.325462177680904
columbia,2026-03-28,0,2026-03-28,Flu ED visits pct,quantile,0.9,0.9026555111008987
columbus,2026-03-28,0,2026-03-28,Flu ED visits pct,quantile,0.9,1.2375445123285975
dallas,2026-03-28,0,2026-03-28,Flu ED visits pct,quantile,0.9,0.9845283372301935
denver,2026-03-28,0,2026-03-28,Flu ED visits pct,quantile,0.9,2.124040650958393
deschutes,2026-03-28,0,2026-03-28,Flu ED visits pct,quantile,0.9,2.283166907002979
duluth,2026-03-28,0,2026-03-28,Flu ED visits pct,quantile,0.9,2.7453150489309146
el-paso,2026-03-28,0,2026-03-28,Flu ED visits pct,quantile,0.9,2.07113452063818
eugene,2026-03-28,0,2026-03-28,Flu ED visits pct,quantile,0.9,0.762429012362625
fay-area,2026-03-28,0,2026-03-28,Flu ED visits pct,quantile,0.9,2.3889340508687376
florence,2026-03-28,0,2026-03-28,Flu ED visits pct,quantile,0.9,0.8013542726610899
floyd,2026-03-28,0,2026-03-28,Flu ED visits pct,quantile,0.9,2.040183611893547
frederick,2026-03-28,0,2026-03-28,Flu ED visits pct,quantile,0.9,1.7110604507104488
georgia,2026-03-28,0,2026-03-28,Flu ED visits pct,quantile,0.9,0.9638509665583662
greenville,2026-03-28,0,2026-03-28,Flu ED visits pct,quantile,0.9,1.4923709863703878
hall,2026-03-28,0,2026-03-28,Flu ED visits pct,quantile,0.9,0.8737829311027191
harford,2026-03-28,0,2026-03-28,Flu ED visits pct,quantile,0.9,0.9519793777905221
henry,2026-03-28,0,2026-03-28,Flu ED visits pct,quantile,0.9,0.9412872420946958
horry,2026-03-28,0,2026-03-28,Flu ED visits pct,quantile,0.9,0.9435298930341406
houston,2026-03-28,0,2026-03-28,Flu ED visits pct,quantile,0.9,0.6876636505843482
indiana,2026-03-28,0,2026-03-28,Flu ED visits pct,quantile,0.9,1.8996860061912024
indianapolis,2026-03-28,0,2026-03-28,Flu ED visits pct,quantile,0.9,1.523207773273754
la-grange,2026-03-28,0,2026-03-28,Flu ED visits pct,quantile,0.9,1.0925985882284346
larimer,2026-03-28,0,2026-03-28,Flu ED visits pct,quantile,0.9,1.9659254105512434
lynn,2026-03-28,0,2026-03-28,Flu ED visits pct,quantile,0.9,1.2936613201598235
macon,2026-03-28,0,2026-03-28,Flu ED visits pct,quantile,0.9,1.0554895146278935
maine,2026-03-28,0,2026-03-28,Flu ED visits pct,quantile,0.9,1.330355830094492
marietta,2026-03-28,0,2026-03-28,Flu ED visits pct,quantile,0.9,0.7675634748667961
maryland,2026-03-28,0,2026-03-28,Flu ED visits pct,quantile,0.9,1.1926120317972342
massachusetts,2026-03-28,0,2026-03-28,Flu ED visits pct,quantile,0.9,1.535801594623798
medford,2026-03-28,0,2026-03-28,Flu ED visits pct,quantile,0.9,0.5380860726366294
mesa,2026-03-28,0,2026-03-28,Flu ED visits pct,quantile,0.9,1.2698682504886494
minneapolis,2026-03-28,0,2026-03-28,Flu ED visits pct,quantile,0.9,2.3381167963360796
minnesota,2026-03-28,0,2026-03-28,Flu ED visits pct,quantile,0.9,2.1985629770724393
montgomery,2026-03-28,0,2026-03-28,Flu ED visits pct,quantile,0.9,1.0788623928742198
nenc,2026-03-28,0,2026-03-28,Flu ED visits pct,quantile,0.9,1.1333683507431962
new-bedford,2026-03-28,0,2026-03-28,Flu ED visits pct,quantile,0.9,2.2705451924760487
north-carolina,2026-03-28,0,2026-03-28,Flu ED visits pct,quantile,0.9,1.4137836326236313
nyc,2026-03-28,0,2026-03-28,ILI ED visits pct,quantile,0.9,3.2417633020828722
ogden,2026-03-28,0,2026-03-28,Flu ED visits pct,quantile,0.9,1.0125516789945708
oregon,2026-03-28,0,2026-03-28,Flu ED visits pct,quantile,0.9,1.2214359544963664
pittsfield,2026-03-28,0,2026-03-28,Flu ED visits pct,quantile,0.9,0.8600915298855214
portland,2026-03-28,0,2026-03-28,Flu ED visits pct,quantile,0.9,1.4865189315115133
portland-or,2026-03-28,0,2026-03-28,Flu ED visits pct,quantile,0.9,1.439886430436498
provo,2026-03-28,0,2026-03-28,Flu ED visits pct,quantile,0.9,0.7045736968400893
roanoke,2026-03-28,0,2026-03-28,Flu ED visits pct,quantile,0.9,2.317201027190559
rochester,2026-03-28,0,2026-03-28,Flu ED visits pct,quantile,0.9,1.7899961258334518
rock-hill,2026-03-28,0,2026-03-28,Flu ED visits pct,quantile,0.9,1.1806721090549954
rtp-area,2026-03-28,0,2026-03-28,Flu ED visits pct,quantile,0.9,0.9243166579921173
salem,2026-03-28,0,2026-03-28,Flu ED visits pct,quantile,0.9,1.7565964721865985
salt-lake-city,2026-03-28,0,2026-03-28,Flu ED visits pct,quantile,0.9,0.8295669309457921
san-antonio,2026-03-28,0,2026-03-28,Flu ED visits pct,quantile,0.9,0.9873694279288898
savannah,2026-03-28,0,2026-03-28,Flu ED visits pct,quantile,0.9,0.4640734753877055
senc,2026-03-28,0,2026-03-28,Flu ED visits pct,quantile,0.9,1.2146186292653267
south-augusta,2026-03-28,0,2026-03-28,Flu ED visits pct,quantile,0.9,1.1093848552236385
south-carolina,2026-03-28,0,2026-03-28,Flu ED visits pct,quantile,0.9,1.0501247227301411
springfield,2026-03-28,0,2026-03-28,Flu ED visits pct,quantile,0.9,2.1008395114503204
st-cloud,2026-03-28,0,2026-03-28,Flu ED visits pct,quantile,0.9,1.9657679573167572
st-paul,2026-03-28,0,2026-03-28,Flu ED visits pct,quantile,0.9,2.1151576327152983
texas,2026-03-28,0,2026-03-28,Flu ED visits pct,quantile,0.9,1.0835950062737036
triad-area,2026-03-28,0,2026-03-28,Flu ED visits pct,quantile,0.9,1.1363356629025663
utah,2026-03-28,0,2026-03-28,Flu ED visits pct,quantile,0.9,0.8240464488188414
virginia,2026-03-28,0,2026-03-28,Flu ED visits pct,quantile,0.9,1.6980608042030567
weld,2026-03-28,0,2026-03-28,Flu ED visits pct,quantile,0.9,2.5556086166531884
wnc,2026-03-28,0,2026-03-28,Flu ED visits pct,quantile,0.9,1.0630093412898112
worcester,2026-03-28,0,2026-03-28,Flu ED visits pct,quantile,0.9,1.6516559826562938
athens,2026-03-28,1,2026-04-04,Flu ED visits pct,quantile,0.9,1.1745181374126925
austin,2026-03-28,1,2026-04-04,Flu ED visits pct,quantile,0.9,0.832799039889362
baltimore,2026-03-28,1,2026-04-04,Flu ED visits pct,quantile,0.9,1.2446118177788126
bangor,2026-03-28,1,2026-04-04,Flu ED visits pct,quantile,0.9,1.208259470200182
beaumont,2026-03-28,1,2026-04-04,Flu ED visits pct,quantile,0.9,1.0946672045743857
boston,2026-03-28,1,2026-04-04,Flu ED visits pct,quantile,0.9,1.4324409284141337
boulder,2026-03-28,1,2026-04-04,Flu ED visits pct,quantile,0.9,2.7178698206571767
charleston,2026-03-28,1,2026-04-04,Flu ED visits pct,quantile,0.9,1.0130997525594327
cherokee,2026-03-28,1,2026-04-04,Flu ED visits pct,quantile,0.9,1.2409822552765537
clt-area,2026-03-28,1,2026-04-04,Flu ED visits pct,quantile,0.9,2.032774825160849
colorado,2026-03-28,1,2026-04-04,Flu ED visits pct,quantile,0.9,1.9708956393410915
colorado-springs,2026-03-28,1,2026-04-04,Flu ED visits pct,quantile,0.9,2.0704967829791747
columbia,2026-03-28,1,2026-04-04,Flu ED visits pct,quantile,0.9,0.7869453193286113
columbus,2026-03-28,1,2026-04-04,Flu ED visits pct,quantile,0.9,1.030558128513853
dallas,2026-03-28,1,2026-04-04,Flu ED visits pct,quantile,0.9,0.911940866373948
denver,2026-03-28,1,2026-04-04,Flu ED visits pct,quantile,0.9,1.934590531229104
deschutes,2026-03-28,1,2026-04-04,Flu ED visits pct,quantile,0.9,2.1202909779002597
duluth,2026-03-28,1,2026-04-04,Flu ED visits pct,quantile,0.9,2.374845401854468
el-paso,2026-03-28,1,2026-04-04,Flu ED visits pct,quantile,0.9,1.9516966092626324
eugene,2026-03-28,1,2026-04-04,Flu ED visits pct,quantile,0.9,0.6556456977922284
fay-area,2026-03-28,1,2026-04-04,Flu ED visits pct,quantile,0.9,2.059392702752277
florence,2026-03-28,1,2026-04-04,Flu ED visits pct,quantile,0.9,0.6861636775712454
floyd,2026-03-28,1,2026-04-04,Flu ED visits pct,quantile,0.9,1.7906024528302933
frederick,2026-03-28,1,2026-04-04,Flu ED visits pct,quantile,0.9,1.634262667275179
georgia,2026-03-28,1,2026-04-04,Flu ED visits pct,quantile,0.9,0.8966347983791384
greenville,2026-03-28,1,2026-04-04,Flu ED visits pct,quantile,0.9,1.2556285918247816
hall,2026-03-28,1,2026-04-04,Flu ED visits pct,quantile,0.9,0.7626097463220303
harford,2026-03-28,1,2026-04-04,Flu ED visits pct,quantile,0.9,0.9094481551713693
henry,2026-03-28,1,2026-04-04,Flu ED visits pct,quantile,0.9,0.8449565261064204
horry,2026-03-28,1,2026-04-04,Flu ED visits pct,quantile,0.9,0.8581816132371519
houston,2026-03-28,1,2026-04-04,Flu ED visits pct,quantile,0.9,0.6749081666096137
indiana,2026-03-28,1,2026-04-04,Flu ED visits pct,quantile,0.9,1.6636581506070005
indianapolis,2026-03-28,1,2026-04-04,Flu ED visits pct,quantile,0.9,1.2571049905276097
la-grange,2026-03-28,1,2026-04-04,Flu ED visits pct,quantile,0.9,0.9652721236906038
larimer,2026-03-28,1,2026-04-04,Flu ED visits pct,quantile,0.9,1.7711113010001178
lynn,2026-03-28,1,2026-04-04,Flu ED visits pct,quantile,0.9,1.2337692065853332
macon,2026-03-28,1,2026-04-04,Flu ED visits pct,quantile,0.9,0.9800117631033793
maine,2026-03-28,1,2026-04-04,Flu ED visits pct,quantile,0.9,1.2275898575538653
marietta,2026-03-28,1,2026-04-04,Flu ED visits pct,quantile,0.9,0.6753988560307315
maryland,2026-03-28,1,2026-04-04,Flu ED visits pct,quantile,0.9,1.1508443716516137
massachusetts,2026-03-28,1,2026-04-04,Flu ED visits pct,quantile,0.9,1.4675257436108124
medford,2026-03-28,1,2026-04-04,Flu ED visits pct,quantile,0.9,0.46428546747044774
mesa,2026-03-28,1,2026-04-04,Flu ED visits pct,quantile,0.9,1.1416781137785517
minneapolis,2026-03-28,1,2026-04-04,Flu ED visits pct,quantile,0.9,2.148884496755104
minnesota,2026-03-28,1,2026-04-04,Flu ED visits pct,quantile,0.9,2.042821724806935
montgomery,2026-03-28,1,2026-04-04,Flu ED visits pct,quantile,0.9,1.029177172809304
nenc,2026-03-28,1,2026-04-04,Flu ED visits pct,quantile,0.9,0.9791210851486801
new-bedford,2026-03-28,1,2026-04-04,Flu ED visits pct,quantile,0.9,2.1192938986812924
north-carolina,2026-03-28,1,2026-04-04,Flu ED visits pct,quantile,0.9,1.2445562655099376
nyc,2026-03-28,1,2026-04-04,ILI ED visits pct,quantile,0.9,3.1611662244784915
ogden,2026-03-28,1,2026-04-04,Flu ED visits pct,quantile,0.9,0.8766815520315878
oregon,2026-03-28,1,2026-04-04,Flu ED visits pct,quantile,0.9,1.1057138435417377
pittsfield,2026-03-28,1,2026-04-04,Flu ED visits pct,quantile,0.9,0.7811788375566654
portland,2026-03-28,1,2026-04-04,Flu ED visits pct,quantile,0.9,1.3805897177341417
portland-or,2026-03-28,1,2026-04-04,Flu ED visits pct,quantile,0.9,1.2422625973867865
provo,2026-03-28,1,2026-04-04,Flu ED visits pct,quantile,0.9,0.6638989880018134
roanoke,2026-03-28,1,2026-04-04,Flu ED visits pct,quantile,0.9,2.0006910288609796
rochester,2026-03-28,1,2026-04-04,Flu ED visits pct,quantile,0.9,1.504498827177774
rock-hill,2026-03-28,1,2026-04-04,Flu ED visits pct,quantile,0.9,1.122738276354375
rtp-area,2026-03-28,1,2026-04-04,Flu ED visits pct,quantile,0.9,0.7918690824100417
salem,2026-03-28,1,2026-04-04,Flu ED visits pct,quantile,0.9,1.4970589224798239
salt-lake-city,2026-03-28,1,2026-04-04,Flu ED visits pct,quantile,0.9,0.7591640756238031
san-antonio,2026-03-28,1,2026-04-04,Flu ED visits pct,quantile,0.9,0.8445849190591419
savannah,2026-03-28,1,2026-04-04,Flu ED visits pct,quantile,0.9,0.3923382680293893
senc,2026-03-28,1,2026-04-04,Flu ED visits pct,quantile,0.9,1.0662861638870107
south-augusta,2026-03-28,1,2026-04-04,Flu ED visits pct,quantile,0.9,0.9442428186836626
south-carolina,2026-03-28,1,2026-04-04,Flu ED visits pct,quantile,0.9,0.946649102477371
springfield,2026-03-28,1,2026-04-04,Flu ED visits pct,quantile,0.9,1.9449952941954776
st-cloud,2026-03-28,1,2026-04-04,Flu ED visits pct,quantile,0.9,1.6870040713541659
st-paul,2026-03-28,1,2026-04-04,Flu ED visits pct,quantile,0.9,1.9412162232797883
texas,2026-03-28,1,2026-04-04,Flu ED visits pct,quantile,0.9,1.0397526398410852
triad-area,2026-03-28,1,2026-04-04,Flu ED visits pct,quantile,0.9,0.9901132031851778
utah,2026-03-28,1,2026-04-04,Flu ED visits pct,quantile,0.9,0.7763442834373929
virginia,2026-03-28,1,2026-04-04,Flu ED visits pct,quantile,0.9,1.6064194748297769
weld,2026-03-28,1,2026-04-04,Flu ED visits pct,quantile,0.9,2.238992338043097
wnc,2026-03-28,1,2026-04-04,Flu ED visits pct,quantile,0.9,0.9103926555380776
worcester,2026-03-28,1,2026-04-04,Flu ED visits pct,quantile,0.9,1.5440323808136056
athens,2026-03-28,2,2026-04-11,Flu ED visits pct,quantile,0.9,1.057522843737274
austin,2026-03-28,2,2026-04-11,Flu ED visits pct,quantile,0.9,0.7663398449260389
baltimore,2026-03-28,2,2026-04-11,Flu ED visits pct,quantile,0.9,1.1817853314236468
bangor,2026-03-28,2,2026-04-11,Flu ED visits pct,quantile,0.9,1.1054393641794638
beaumont,2026-03-28,2,2026-04-11,Flu ED visits pct,quantile,0.9,1.0345928925353032
boston,2026-03-28,2,2026-04-11,Flu ED visits pct,quantile,0.9,1.3715903545571424
boulder,2026-03-28,2,2026-04-11,Flu ED visits pct,quantile,0.9,2.4068118099138003
charleston,2026-03-28,2,2026-04-11,Flu ED visits pct,quantile,0.9,0.9254131804325143
cherokee,2026-03-28,2,2026-04-11,Flu ED visits pct,quantile,0.9,1.1494486445284016
clt-area,2026-03-28,2,2026-04-11,Flu ED visits pct,quantile,0.9,1.7204436109773282
colorado,2026-03-28,2,2026-04-11,Flu ED visits pct,quantile,0.9,1.8488847365094399
colorado-springs,2026-03-28,2,2026-04-11,Flu ED visits pct,quantile,0.9,1.8791624126420705
columbia,2026-03-28,2,2026-04-11,Flu ED visits pct,quantile,0.9,0.7255745011683166
columbus,2026-03-28,2,2026-04-11,Flu ED visits pct,quantile,0.9,0.8834524434590002
dallas,2026-03-28,2,2026-04-11,Flu ED visits pct,quantile,0.9,0.8460662094310502
denver,2026-03-28,2,2026-04-11,Flu ED visits pct,quantile,0.9,1.7999846611661539
deschutes,2026-03-28,2,2026-04-11,Flu ED visits pct,quantile,0.9,2.030394345469217
duluth,2026-03-28,2,2026-04-11,Flu ED visits pct,quantile,0.9,2.1562360255236275
el-paso,2026-03-28,2,2026-04-11,Flu ED visits pct,quantile,0.9,1.87016932170932
eugene,2026-03-28,2,2026-04-11,Flu ED visits pct,quantile,0.9,0.5680524179560422
fay-area,2026-03-28,2,2026-04-11,Flu ED visits pct,quantile,0.9,1.756483342948265
florence,2026-03-28,2,2026-04-11,Flu ED visits pct,quantile,0.9,0.6275020392572972
floyd,2026-03-28,2,2026-04-11,Flu ED visits pct,quantile,0.9,1.6537146399080025
frederick,2026-03-28,2,2026-04-11,Flu ED visits pct,quantile,0.9,1.5781041496005306
georgia,2026-03-28,2,2026-04-11,Flu ED visits pct,quantile,0.9,0.852718467474011
greenville,2026-03-28,2,2026-04-11,Flu ED visits pct,quantile,0.9,1.1242381973078415
hall,2026-03-28,2,2026-04-11,Flu ED visits pct,quantile,0.9,0.6954177972466528
harford,2026-03-28,2,2026-04-11,Flu ED visits pct,quantile,0.9,0.8426328919202709
henry,2026-03-28,2,2026-04-11,Flu ED visits pct,quantile,0.9,0.7899494166533503
horry,2026-03-28,2,2026-04-11,Flu ED visits pct,quantile,0.9,0.7974932898010704
houston,2026-03-28,2,2026-04-11,Flu ED visits pct,quantile,0.9,0.6476577496886594
indiana,2026-03-28,2,2026-04-11,Flu ED visits pct,quantile,0.9,1.53316307201043
indianapolis,2026-03-28,2,2026-04-11,Flu ED visits pct,quantile,0.9,1.0625729470141763
la-grange,2026-03-28,2,2026-04-11,Flu ED visits pct,quantile,0.9,0.8869208973719673
larimer,2026-03-28,2,2026-04-11,Flu ED visits pct,quantile,0.9,1.657370567329155
lynn,2026-03-28,2,2026-04-11,Flu ED visits pct,quantile,0.9,1.1391353133969668
macon,2026-03-28,2,2026-04-11,Flu ED visits pct,quantile,0.9,0.9225997677985339
maine,2026-03-28,2,2026-04-11,Flu ED visits pct,quantile,0.9,1.1659766725209026
marietta,2026-03-28,2,2026-04-11,Flu ED visits pct,quantile,0.9,0.6238292802794909
maryland,2026-03-28,2,2026-04-11,Flu ED visits pct,quantile,0.9,1.107731293706886
massachusetts,2026-03-28,2,2026-04-11,Flu ED visits pct,quantile,0.9,1.4161030877710086
medford,2026-03-28,2,2026-04-11,Flu ED visits pct,quantile,0.9,0.4103577766267528
mesa,2026-03-28,2,2026-04-11,Flu ED visits pct,quantile,0.9,1.0767990885497547
minneapolis,2026-03-28,2,2026-04-11,Flu ED visits pct,quantile,0.9,2.011627531362946
minnesota,2026-03-28,2,2026-04-11,Flu ED visits pct,quantile,0.9,1.938306354844637
montgomery,2026-03-28,2,2026-04-11,Flu ED visits pct,quantile,0.9,0.9694403750826832
nenc,2026-03-28,2,2026-04-11,Flu ED visits pct,quantile,0.9,0.8621055800705466
new-bedford,2026-03-28,2,2026-04-11,Flu ED visits pct,quantile,0.9,2.013204653401028
north-carolina,2026-03-28,2,2026-04-11,Flu ED visits pct,quantile,0.9,1.094814628189953
nyc,2026-03-28,2,2026-04-11,ILI ED visits pct,quantile,0.9,3.059433774196757
ogden,2026-03-28,2,2026-04-11,Flu ED visits pct,quantile,0.9,0.8005776079081225
oregon,2026-03-28,2,2026-04-11,Flu ED visits pct,quantile,0.9,1.0262573313146373
pittsfield,2026-03-28,2,2026-04-11,Flu ED visits pct,quantile,0.9,0.7270767028848928
portland,2026-03-28,2,2026-04-11,Flu ED visits pct,quantile,0.9,1.3038528534598917
portland-or,2026-03-28,2,2026-04-11,Flu ED visits pct,quantile,0.9,1.1323950876346278
provo,2026-03-28,2,2026-04-11,Flu ED visits pct,quantile,0.9,0.62546579027003
roanoke,2026-03-28,2,2026-04-11,Flu ED visits pct,quantile,0.9,1.8403382768618393
rochester,2026-03-28,2,2026-04-11,Flu ED visits pct,quantile,0.9,1.3568254678997735
rock-hill,2026-03-28,2,2026-04-11,Flu ED visits pct,quantile,0.9,1.0448321855192566
rtp-area,2026-03-28,2,2026-04-11,Flu ED visits pct,quantile,0.9,0.6640724684921206
salem,2026-03-28,2,2026-04-11,Flu ED visits pct,quantile,0.9,1.2953331500714618
salt-lake-city,2026-03-28,2,2026-04-11,Flu ED visits pct,quantile,0.9,0.7148879837612016
san-antonio,2026-03-28,2,2026-04-11,Flu ED visits pct,quantile,0.9,0.7666616013909205
savannah,2026-03-28,2,2026-04-11,Flu ED visits pct,quantile,0.9,0.3595909662062535
senc,2026-03-28,2,2026-04-11,Flu ED visits pct,quantile,0.9,0.9556745390292176
south-augusta,2026-03-28,2,2026-04-11,Flu ED visits pct,quantile,0.9,0.8417090974168356
south-carolina,2026-03-28,2,2026-04-11,Flu ED visits pct,quantile,0.9,0.8907520647553803
springfield,2026-03-28,2,2026-04-11,Flu ED visits pct,quantile,0.9,1.8502401571696954
st-cloud,2026-03-28,2,2026-04-11,Flu ED visits pct,quantile,0.9,1.5399004266797416
st-paul,2026-03-28,2,2026-04-11,Flu ED visits pct,quantile,0.9,1.8437402613299994
texas,2026-03-28,2,2026-04-11,Flu ED visits pct,quantile,0.9,1.0022059218212358
triad-area,2026-03-28,2,2026-04-11,Flu ED visits pct,quantile,0.9,0.8875119926793731
utah,2026-03-28,2,2026-04-11,Flu ED visits pct,quantile,0.9,0.734920888192365
virginia,2026-03-28,2,2026-04-11,Flu ED visits pct,quantile,0.9,1.5292672824931133
weld,2026-03-28,2,2026-04-11,Flu ED visits pct,quantile,0.9,2.0729208661692278
wnc,2026-03-28,2,2026-04-11,Flu ED visits pct,quantile,0.9,0.7674157565710947
worcester,2026-03-28,2,2026-04-11,Flu ED visits pct,quantile,0.9,1.4536072061518737
athens,2026-03-28,3,2026-04-18,Flu ED visits pct,quantile,0.9,1.035500748230843
austin,2026-03-28,3,2026-04-18,Flu ED visits pct,quantile,0.9,0.7519721882369059
baltimore,2026-03-28,3,2026-04-18,Flu ED visits pct,quantile,0.9,1.1725846331147483
bangor,2026-03-28,3,2026-04-18,Flu ED visits pct,quantile,0.9,1.0856255114787225
beaumont,2026-03-28,3,2026-04-18,Flu ED visits pct,quantile,0.9,1.029065301661065
boston,2026-03-28,3,2026-04-18,Flu ED visits pct,quantile,0.9,1.359857454289476
boulder,2026-03-28,3,2026-04-18,Flu ED visits pct,quantile,0.9,2.2816784443715012
charleston,2026-03-28,3,2026-04-18,Flu ED visits pct,quantile,0.9,0.909469252101186
cherokee,2026-03-28,3,2026-04-18,Flu ED visits pct,quantile,0.9,1.1395369514381692
clt-area,2026-03-28,3,2026-04-18,Flu ED visits pct,quantile,0.9,1.585180541316045
colorado,2026-03-28,3,2026-04-18,Flu ED visits pct,quantile,0.9,1.7952218900163055
colorado-springs,2026-03-28,3,2026-04-18,Flu ED visits pct,quantile,0.9,1.8398672262755633
columbia,2026-03-28,3,2026-04-18,Flu ED visits pct,quantile,0.9,0.7103775301636779
columbus,2026-03-28,3,2026-04-18,Flu ED visits pct,quantile,0.9,0.854385008659219
dallas,2026-03-28,3,2026-04-18,Flu ED visits pct,quantile,0.9,0.8363562205384723
denver,2026-03-28,3,2026-04-18,Flu ED visits pct,quantile,0.9,1.7479716835775425
deschutes,2026-03-28,3,2026-04-18,Flu ED visits pct,quantile,0.9,1.990339258771632
duluth,2026-03-28,3,2026-04-18,Flu ED visits pct,quantile,0.9,2.112502112696154
el-paso,2026-03-28,3,2026-04-18,Flu ED visits pct,quantile,0.9,1.8569200651060545
eugene,2026-03-28,3,2026-04-18,Flu ED visits pct,quantile,0.9,0.5477715995893399
fay-area,2026-03-28,3,2026-04-18,Flu ED visits pct,quantile,0.9,1.6135481874136723
florence,2026-03-28,3,2026-04-18,Flu ED visits pct,quantile,0.9,0.624073034414527
floyd,2026-03-28,3,2026-04-18,Flu ED visits pct,quantile,0.9,1.625000938748193
frederick,2026-03-28,3,2026-04-18,Flu ED visits pct,quantile,0.9,1.6012520426262093
georgia,2026-03-28,3,2026-04-18,Flu ED visits pct,quantile,0.9,0.8430045068021748
greenville,2026-03-28,3,2026-04-18,Flu ED visits pct,quantile,0.9,1.0861359354973383
hall,2026-03-28,3,2026-04-18,Flu ED visits pct,quantile,0.9,0.6876184561205436
harford,2026-03-28,3,2026-04-18,Flu ED visits pct,quantile,0.9,0.8430763139828699
henry,2026-03-28,3,2026-04-18,Flu ED visits pct,quantile,0.9,0.7817001582383262
horry,2026-03-28,3,2026-04-18,Flu ED visits pct,quantile,0.9,0.7913733568293783
houston,2026-03-28,3,2026-04-18,Flu ED visits pct,quantile,0.9,0.6474806049633389
indiana,2026-03-28,3,2026-04-18,Flu ED visits pct,quantile,0.9,1.5037572908508559
indianapolis,2026-03-28,3,2026-04-18,Flu ED visits pct,quantile,0.9,1.0059266627810717
la-grange,2026-03-28,3,2026-04-18,Flu ED visits pct,quantile,0.9,0.886832267529605
larimer,2026-03-28,3,2026-04-18,Flu ED visits pct,quantile,0.9,1.633252557398357
lynn,2026-03-28,3,2026-04-18,Flu ED visits pct,quantile,0.9,1.1396992864655704
macon,2026-03-28,3,2026-04-18,Flu ED visits pct,quantile,0.9,0.9115206075408041
maine,2026-03-28,3,2026-04-18,Flu ED visits pct,quantile,0.9,1.1507833562931875
marietta,2026-03-28,3,2026-04-18,Flu ED visits pct,quantile,0.9,0.6123438766290474
maryland,2026-03-28,3,2026-04-18,Flu ED visits pct,quantile,0.9,1.1025289190109766
massachusetts,2026-03-28,3,2026-04-18,Flu ED visits pct,quantile,0.9,1.4106095470021818
medford,2026-03-28,3,2026-04-18,Flu ED visits pct,quantile,0.9,0.4103577766267528
mesa,2026-03-28,3,2026-04-18,Flu ED visits pct,quantile,0.9,1.0770730488359737
minneapolis,2026-03-28,3,2026-04-18,Flu ED visits pct,quantile,0.9,1.972389779676375
minnesota,2026-03-28,3,2026-04-18,Flu ED visits pct,quantile,0.9,1.899286913735638
montgomery,2026-03-28,3,2026-04-18,Flu ED visits pct,quantile,0.9,0.9618033528987106
nenc,2026-03-28,3,2026-04-18,Flu ED visits pct,quantile,0.9,0.8297894447380162
new-bedford,2026-03-28,3,2026-04-18,Flu ED visits pct,quantile,0.9,2.0004642542482354
north-carolina,2026-03-28,3,2026-04-18,Flu ED visits pct,quantile,0.9,1.0246527695332739
nyc,2026-03-28,3,2026-04-18,ILI ED visits pct,quantile,0.9,3.0575627997350674
ogden,2026-03-28,3,2026-04-18,Flu ED visits pct,quantile,0.9,0.7934737179208573
oregon,2026-03-28,3,2026-04-18,Flu ED visits pct,quantile,0.9,1.0125319279782472
pittsfield,2026-03-28,3,2026-04-18,Flu ED visits pct,quantile,0.9,0.7199623361900078
portland,2026-03-28,3,2026-04-18,Flu ED visits pct,quantile,0.9,1.2748732852271956
portland-or,2026-03-28,3,2026-04-18,Flu ED visits pct,quantile,0.9,1.1140409092770787
provo,2026-03-28,3,2026-04-18,Flu ED visits pct,quantile,0.9,0.6262220900615729
roanoke,2026-03-28,3,2026-04-18,Flu ED visits pct,quantile,0.9,1.7868130682549765
rochester,2026-03-28,3,2026-04-18,Flu ED visits pct,quantile,0.9,1.3175349175693318
rock-hill,2026-03-28,3,2026-04-18,Flu ED visits pct,quantile,0.9,1.0333494973657826
rtp-area,2026-03-28,3,2026-04-18,Flu ED visits pct,quantile,0.9,0.616833754811275
salem,2026-03-28,3,2026-04-18,Flu ED visits pct,quantile,0.9,1.2486795267890654
salt-lake-city,2026-03-28,3,2026-04-18,Flu ED visits pct,quantile,0.9,0.7028803723828162
san-antonio,2026-03-28,3,2026-04-18,Flu ED visits pct,quantile,0.9,0.7483626902067892
savannah,2026-03-28,3,2026-04-18,Flu ED visits pct,quantile,0.9,0.35057838972083366
senc,2026-03-28,3,2026-04-18,Flu ED visits pct,quantile,0.9,0.923408554089044
south-augusta,2026-03-28,3,2026-04-18,Flu ED visits pct,quantile,0.9,0.812763126650544
south-carolina,2026-03-28,3,2026-04-18,Flu ED visits pct,quantile,0.9,0.8729291641302489
springfield,2026-03-28,3,2026-04-18,Flu ED visits pct,quantile,0.9,1.8306818947265997
st-cloud,2026-03-28,3,2026-04-18,Flu ED visits pct,quantile,0.9,1.5224944445477515
st-paul,2026-03-28,3,2026-04-18,Flu ED visits pct,quantile,0.9,1.8173721379518353
texas,2026-03-28,3,2026-04-18,Flu ED visits pct,quantile,0.9,0.9814171052368108
triad-area,2026-03-28,3,2026-04-18,Flu ED visits pct,quantile,0.9,0.8645412468648683
utah,2026-03-28,3,2026-04-18,Flu ED visits pct,quantile,0.9,0.7253241426947845
virginia,2026-03-28,3,2026-04-18,Flu ED visits pct,quantile,0.9,1.5266637944673151
weld,2026-03-28,3,2026-04-18,Flu ED visits pct,quantile,0.9,2.020208584582613
wnc,2026-03-28,3,2026-04-18,Flu ED visits pct,quantile,0.9,0.7168046836142684
worcester,2026-03-28,3,2026-04-18,Flu ED visits pct,quantile,0.9,1.4449708780097963
athens,2026-03-28,0,2026-03-28,Flu ED visits pct,quantile,0.95,1.5571086627118325
austin,2026-03-28,0,2026-03-28,Flu ED visits pct,quantile,0.95,1.0364883782360832
baltimore,2026-03-28,0,2026-03-28,Flu ED visits pct,quantile,0.95,1.4082716341226496
bangor,2026-03-28,0,2026-03-28,Flu ED visits pct,quantile,0.95,1.5433488897592444
beaumont,2026-03-28,0,2026-03-28,Flu ED visits pct,quantile,0.95,1.3090547596445632
boston,2026-03-28,0,2026-03-28,Flu ED visits pct,quantile,0.95,1.5742171389185422
boulder,2026-03-28,0,2026-03-28,Flu ED visits pct,quantile,0.95,3.3362884592829336
charleston,2026-03-28,0,2026-03-28,Flu ED visits pct,quantile,0.95,1.3110377462160236
cherokee,2026-03-28,0,2026-03-28,Flu ED visits pct,quantile,0.95,1.5457776269816434
clt-area,2026-03-28,0,2026-03-28,Flu ED visits pct,quantile,0.95,2.404880274087466
colorado,2026-03-28,0,2026-03-28,Flu ED visits pct,quantile,0.95,2.244768726620907
colorado-springs,2026-03-28,0,2026-03-28,Flu ED visits pct,quantile,0.95,2.477509349885001
columbia,2026-03-28,0,2026-03-28,Flu ED visits pct,quantile,0.95,0.9851743772716499
columbus,2026-03-28,0,2026-03-28,Flu ED visits pct,quantile,0.95,1.3366057721493436
dallas,2026-03-28,0,2026-03-28,Flu ED visits pct,quantile,0.95,1.0455062948642633
denver,2026-03-28,0,2026-03-28,Flu ED visits pct,quantile,0.95,2.2452792698975745
deschutes,2026-03-28,0,2026-03-28,Flu ED visits pct,quantile,0.95,2.5561374093194495
duluth,2026-03-28,0,2026-03-28,Flu ED visits pct,quantile,0.95,2.965115118416748
el-paso,2026-03-28,0,2026-03-28,Flu ED visits pct,quantile,0.95,2.2752758179421297
eugene,2026-03-28,0,2026-03-28,Flu ED visits pct,quantile,0.95,0.8727610834147629
fay-area,2026-03-28,0,2026-03-28,Flu ED visits pct,quantile,0.95,2.544457248997343
florence,2026-03-28,0,2026-03-28,Flu ED visits pct,quantile,0.95,0.8866633376349171
floyd,2026-03-28,0,2026-03-28,Flu ED visits pct,quantile,0.95,2.260697313753501
frederick,2026-03-28,0,2026-03-28,Flu ED visits pct,quantile,0.95,1.9406757603088378
georgia,2026-03-28,0,2026-03-28,Flu ED visits pct,quantile,0.95,1.0239018217180411
greenville,2026-03-28,0,2026-03-28,Flu ED visits pct,quantile,0.95,1.6655309387262063
hall,2026-03-28,0,2026-03-28,Flu ED visits pct,quantile,0.95,0.9987813870593929
harford,2026-03-28,0,2026-03-28,Flu ED visits pct,quantile,0.95,1.1214391587626589
henry,2026-03-28,0,2026-03-28,Flu ED visits pct,quantile,0.95,1.0231280101738847
horry,2026-03-28,0,2026-03-28,Flu ED visits pct,quantile,0.95,1.0495897799687484
houston,2026-03-28,0,2026-03-28,Flu ED visits pct,quantile,0.95,0.743099028751507
indiana,2026-03-28,0,2026-03-28,Flu ED visits pct,quantile,0.95,2.035260975005734
indianapolis,2026-03-28,0,2026-03-28,Flu ED visits pct,quantile,0.95,1.6426818013002003
la-grange,2026-03-28,0,2026-03-28,Flu ED visits pct,quantile,0.95,1.2230625487055884
larimer,2026-03-28,0,2026-03-28,Flu ED visits pct,quantile,0.95,2.17255260686295
lynn,2026-03-28,0,2026-03-28,Flu ED visits pct,quantile,0.95,1.4229103986402964
macon,2026-03-28,0,2026-03-28,Flu ED visits pct,quantile,0.95,1.1402418891178274
maine,2026-03-28,0,2026-03-28,Flu ED visits pct,quantile,0.95,1.411206522447079
marietta,2026-03-28,0,2026-03-28,Flu ED visits pct,quantile,0.95,0.8368053877737894
maryland,2026-03-28,0,2026-03-28,Flu ED visits pct,quantile,0.95,1.2628125817760614
massachusetts,2026-03-28,0,2026-03-28,Flu ED visits pct,quantile,0.95,1.6257408264498923
medford,2026-03-28,0,2026-03-28,Flu ED visits pct,quantile,0.95,0.7030190315613176
mesa,2026-03-28,0,2026-03-28,Flu ED visits pct,quantile,0.95,1.3991562601131595
minneapolis,2026-03-28,0,2026-03-28,Flu ED visits pct,quantile,0.95,2.500042015645459
minnesota,2026-03-28,0,2026-03-28,Flu ED visits pct,quantile,0.95,2.324446396680654
montgomery,2026-03-28,0,2026-03-28,Flu ED visits pct,quantile,0.95,1.1585601509580326
nenc,2026-03-28,0,2026-03-28,Flu ED visits pct,quantile,0.95,1.2125475692749226
new-bedford,2026-03-28,0,2026-03-28,Flu ED visits pct,quantile,0.95,2.5285508707543207
north-carolina,2026-03-28,0,2026-03-28,Flu ED visits pct,quantile,0.95,1.5119044828162655
nyc,2026-03-28,0,2026-03-28,ILI ED visits pct,quantile,0.95,3.378377907380037
ogden,2026-03-28,0,2026-03-28,Flu ED visits pct,quantile,0.95,1.119420508452635
oregon,2026-03-28,0,2026-03-28,Flu ED visits pct,quantile,0.95,1.3219120936704851
pittsfield,2026-03-28,0,2026-03-28,Flu ED visits pct,quantile,0.95,1.0017878120067085
portland,2026-03-28,0,2026-03-28,Flu ED visits pct,quantile,0.95,1.6399023731565654
portland-or,2026-03-28,0,2026-03-28,Flu ED visits pct,quantile,0.95,1.5713476677789706
provo,2026-03-28,0,2026-03-28,Flu ED visits pct,quantile,0.95,0.7503933595024531
roanoke,2026-03-28,0,2026-03-28,Flu ED visits pct,quantile,0.95,2.545161129045214
rochester,2026-03-28,0,2026-03-28,Flu ED visits pct,quantile,0.95,1.9754981639971465
rock-hill,2026-03-28,0,2026-03-28,Flu ED visits pct,quantile,0.95,1.4039348401505927
rtp-area,2026-03-28,0,2026-03-28,Flu ED visits pct,quantile,0.95,0.991586531865503
salem,2026-03-28,0,2026-03-28,Flu ED visits pct,quantile,0.95,1.9026718318018065
salt-lake-city,2026-03-28,0,2026-03-28,Flu ED visits pct,quantile,0.95,0.9073330278894641
san-antonio,2026-03-28,0,2026-03-28,Flu ED visits pct,quantile,0.95,1.0742151059481073
savannah,2026-03-28,0,2026-03-28,Flu ED visits pct,quantile,0.95,0.5023420652398403
senc,2026-03-28,0,2026-03-28,Flu ED visits pct,quantile,0.95,1.3040929241525125
south-augusta,2026-03-28,0,2026-03-28,Flu ED visits pct,quantile,0.95,1.220809657456867
south-carolina,2026-03-28,0,2026-03-28,Flu ED visits pct,quantile,0.95,1.108627973263025
springfield,2026-03-28,0,2026-03-28,Flu ED visits pct,quantile,0.95,2.3030132037847086
st-cloud,2026-03-28,0,2026-03-28,Flu ED visits pct,quantile,0.95,2.107140314686051
st-paul,2026-03-28,0,2026-03-28,Flu ED visits pct,quantile,0.95,2.2464934237266903
texas,2026-03-28,0,2026-03-28,Flu ED visits pct,quantile,0.95,1.149011568425605
triad-area,2026-03-28,0,2026-03-28,Flu ED visits pct,quantile,0.95,1.2034467694703093
utah,2026-03-28,0,2026-03-28,Flu ED visits pct,quantile,0.95,0.887599698342217
virginia,2026-03-28,0,2026-03-28,Flu ED visits pct,quantile,0.95,1.8041948941841355
weld,2026-03-28,0,2026-03-28,Flu ED visits pct,quantile,0.95,2.783419459594107
wnc,2026-03-28,0,2026-03-28,Flu ED visits pct,quantile,0.95,1.1459142732554672
worcester,2026-03-28,0,2026-03-28,Flu ED visits pct,quantile,0.95,1.7929675492952262
athens,2026-03-28,1,2026-04-04,Flu ED visits pct,quantile,0.95,1.4793040494658243
austin,2026-03-28,1,2026-04-04,Flu ED visits pct,quantile,0.95,0.9880740159389605
baltimore,2026-03-28,1,2026-04-04,Flu ED visits pct,quantile,0.95,1.4035139418593994
bangor,2026-03-28,1,2026-04-04,Flu ED visits pct,quantile,0.95,1.4688749973199307
beaumont,2026-03-28,1,2026-04-04,Flu ED visits pct,quantile,0.95,1.2830578413407687
boston,2026-03-28,1,2026-04-04,Flu ED visits pct,quantile,0.95,1.5574458744192523
boulder,2026-03-28,1,2026-04-04,Flu ED visits pct,quantile,0.95,3.130779411297547
charleston,2026-03-28,1,2026-04-04,Flu ED visits pct,quantile,0.95,1.2404609431080973
cherokee,2026-03-28,1,2026-04-04,Flu ED visits pct,quantile,0.95,1.4858006271073023
clt-area,2026-03-28,1,2026-04-04,Flu ED visits pct,quantile,0.95,2.261690951594736
colorado,2026-03-28,1,2026-04-04,Flu ED visits pct,quantile,0.95,2.1482517514259234
colorado-springs,2026-03-28,1,2026-04-04,Flu ED visits pct,quantile,0.95,2.3557196014804376
columbia,2026-03-28,1,2026-04-04,Flu ED visits pct,quantile,0.95,0.9544999113028085
columbus,2026-03-28,1,2026-04-04,Flu ED visits pct,quantile,0.95,1.2518307757249738
dallas,2026-03-28,1,2026-04-04,Flu ED visits pct,quantile,0.95,1.0090784708477296
denver,2026-03-28,1,2026-04-04,Flu ED visits pct,quantile,0.95,2.1417391923456512
deschutes,2026-03-28,1,2026-04-04,Flu ED visits pct,quantile,0.95,2.5211988222647572
duluth,2026-03-28,1,2026-04-04,Flu ED visits pct,quantile,0.95,2.8083788697928638
el-paso,2026-03-28,1,2026-04-04,Flu ED visits pct,quantile,0.95,2.2521188966168397
eugene,2026-03-28,1,2026-04-04,Flu ED visits pct,quantile,0.95,0.8272324467962704
fay-area,2026-03-28,1,2026-04-04,Flu ED visits pct,quantile,0.95,2.3659460110568657
florence,2026-03-28,1,2026-04-04,Flu ED visits pct,quantile,0.95,0.8465865178037464
floyd,2026-03-28,1,2026-04-04,Flu ED visits pct,quantile,0.95,2.1779503816111876
frederick,2026-03-28,1,2026-04-04,Flu ED visits pct,quantile,0.95,1.934783975995146
georgia,2026-03-28,1,2026-04-04,Flu ED visits pct,quantile,0.95,0.9956749765500863
greenville,2026-03-28,1,2026-04-04,Flu ED visits pct,quantile,0.95,1.5787138690864784
hall,2026-03-28,1,2026-04-04,Flu ED visits pct,quantile,0.95,0.9635462073250644
harford,2026-03-28,1,2026-04-04,Flu ED visits pct,quantile,0.95,1.108190742641557
henry,2026-03-28,1,2026-04-04,Flu ED visits pct,quantile,0.95,1.0035177077197655
horry,2026-03-28,1,2026-04-04,Flu ED visits pct,quantile,0.95,1.0368465967705423
houston,2026-03-28,1,2026-04-04,Flu ED visits pct,quantile,0.95,0.735879919675475
indiana,2026-03-28,1,2026-04-04,Flu ED visits pct,quantile,0.95,1.931198460868845
indianapolis,2026-03-28,1,2026-04-04,Flu ED visits pct,quantile,0.95,1.5230411592601976
la-grange,2026-03-28,1,2026-04-04,Flu ED visits pct,quantile,0.95,1.1911240704740582
larimer,2026-03-28,1,2026-04-04,Flu ED visits pct,quantile,0.95,2.084283115294842
lynn,2026-03-28,1,2026-04-04,Flu ED visits pct,quantile,0.95,1.4005287532864839
macon,2026-03-28,1,2026-04-04,Flu ED visits pct,quantile,0.95,1.1017182038025326
maine,2026-03-28,1,2026-04-04,Flu ED visits pct,quantile,0.95,1.3846519144892937
marietta,2026-03-28,1,2026-04-04,Flu ED visits pct,quantile,0.95,0.7947891023912266
maryland,2026-03-28,1,2026-04-04,Flu ED visits pct,quantile,0.95,1.253387339486868
massachusetts,2026-03-28,1,2026-04-04,Flu ED visits pct,quantile,0.95,1.601864299190464
medford,2026-03-28,1,2026-04-04,Flu ED visits pct,quantile,0.95,0.697732856265923
mesa,2026-03-28,1,2026-04-04,Flu ED visits pct,quantile,0.95,1.3650982382922485
minneapolis,2026-03-28,1,2026-04-04,Flu ED visits pct,quantile,0.95,2.4068444543320866
minnesota,2026-03-28,1,2026-04-04,Flu ED visits pct,quantile,0.95,2.2668775338001117
montgomery,2026-03-28,1,2026-04-04,Flu ED visits pct,quantile,0.95,1.1424378648585358
nenc,2026-03-28,1,2026-04-04,Flu ED visits pct,quantile,0.95,1.1402982538714506
new-bedford,2026-03-28,1,2026-04-04,Flu ED visits pct,quantile,0.95,2.494337461523846
north-carolina,2026-03-28,1,2026-04-04,Flu ED visits pct,quantile,0.95,1.414099696024538
nyc,2026-03-28,1,2026-04-04,ILI ED visits pct,quantile,0.95,3.3567685373844847
ogden,2026-03-28,1,2026-04-04,Flu ED visits pct,quantile,0.95,1.066489378800162
oregon,2026-03-28,1,2026-04-04,Flu ED visits pct,quantile,0.95,1.267982929039789
pittsfield,2026-03-28,1,2026-04-04,Flu ED visits pct,quantile,0.95,0.9820305708042939
portland,2026-03-28,1,2026-04-04,Flu ED visits pct,quantile,0.95,1.6071569273532833
portland-or,2026-03-28,1,2026-04-04,Flu ED visits pct,quantile,0.95,1.4963611458441102
provo,2026-03-28,1,2026-04-04,Flu ED visits pct,quantile,0.95,0.737666558580194
roanoke,2026-03-28,1,2026-04-04,Flu ED visits pct,quantile,0.95,2.416781797639676
rochester,2026-03-28,1,2026-04-04,Flu ED visits pct,quantile,0.95,1.8479686944409246
rock-hill,2026-03-28,1,2026-04-04,Flu ED visits pct,quantile,0.95,1.3831064161225008
rtp-area,2026-03-28,1,2026-04-04,Flu ED visits pct,quantile,0.95,0.9103188064713558
salem,2026-03-28,1,2026-04-04,Flu ED visits pct,quantile,0.95,1.7760973450553883
salt-lake-city,2026-03-28,1,2026-04-04,Flu ED visits pct,quantile,0.95,0.8761312706360648
san-antonio,2026-03-28,1,2026-04-04,Flu ED visits pct,quantile,0.95,1.0186311720214818
savannah,2026-03-28,1,2026-04-04,Flu ED visits pct,quantile,0.95,0.4689176532134504
senc,2026-03-28,1,2026-04-04,Flu ED visits pct,quantile,0.95,1.222354858346427
south-augusta,2026-03-28,1,2026-04-04,Flu ED visits pct,quantile,0.95,1.1510757945711556
south-carolina,2026-03-28,1,2026-04-04,Flu ED visits pct,quantile,0.95,1.0813070886189866
springfield,2026-03-28,1,2026-04-04,Flu ED visits pct,quantile,0.95,2.27234060535292
st-cloud,2026-03-28,1,2026-04-04,Flu ED visits pct,quantile,0.95,2.0087421723186125
st-paul,2026-03-28,1,2026-04-04,Flu ED visits pct,quantile,0.95,2.17950060168091
texas,2026-03-28,1,2026-04-04,Flu ED visits pct,quantile,0.95,1.118842201110142
triad-area,2026-03-28,1,2026-04-04,Flu ED visits pct,quantile,0.95,1.1248448041728447
utah,2026-03-28,1,2026-04-04,Flu ED visits pct,quantile,0.95,0.8737827204196321
virginia,2026-03-28,1,2026-04-04,Flu ED visits pct,quantile,0.95,1.7662426931125654
weld,2026-03-28,1,2026-04-04,Flu ED visits pct,quantile,0.95,2.6617475461718834
wnc,2026-03-28,1,2026-04-04,Flu ED visits pct,quantile,0.95,1.0743426332480466
worcester,2026-03-28,1,2026-04-04,Flu ED visits pct,quantile,0.95,1.7686908573124724
athens,2026-03-28,2,2026-04-11,Flu ED visits pct,quantile,0.95,1.4007265001799605
austin,2026-03-28,2,2026-04-11,Flu ED visits pct,quantile,0.95,0.9578596504261626
baltimore,2026-03-28,2,2026-04-11,Flu ED visits pct,quantile,0.95,1.428650618662378
bangor,2026-03-28,2,2026-04-11,Flu ED visits pct,quantile,0.95,1.3870756310099426
beaumont,2026-03-28,2,2026-04-11,Flu ED visits pct,quantile,0.95,1.2499948431786556
boston,2026-03-28,2,2026-04-11,Flu ED visits pct,quantile,0.95,1.526503133638812
boulder,2026-03-28,2,2026-04-11,Flu ED visits pct,quantile,0.95,2.919677419916288
charleston,2026-03-28,2,2026-04-11,Flu ED visits pct,quantile,0.95,1.170804775612727
cherokee,2026-03-28,2,2026-04-11,Flu ED visits pct,quantile,0.95,1.4261538348836877
clt-area,2026-03-28,2,2026-04-11,Flu ED visits pct,quantile,0.95,2.0393899493230676
colorado,2026-03-28,2,2026-04-11,Flu ED visits pct,quantile,0.95,2.0797671047488757
colorado-springs,2026-03-28,2,2026-04-11,Flu ED visits pct,quantile,0.95,2.244188735442714
columbia,2026-03-28,2,2026-04-11,Flu ED visits pct,quantile,0.95,0.9200348872481448
columbus,2026-03-28,2,2026-04-11,Flu ED visits pct,quantile,0.95,1.1503954427910943
dallas,2026-03-28,2,2026-04-11,Flu ED visits pct,quantile,0.95,0.9830016138567718
denver,2026-03-28,2,2026-04-11,Flu ED visits pct,quantile,0.95,2.0928920718312196
deschutes,2026-03-28,2,2026-04-11,Flu ED visits pct,quantile,0.95,2.435785477892509
duluth,2026-03-28,2,2026-04-11,Flu ED visits pct,quantile,0.95,2.7224205206566485
el-paso,2026-03-28,2,2026-04-11,Flu ED visits pct,quantile,0.95,2.3420959885785364
eugene,2026-03-28,2,2026-04-11,Flu ED visits pct,quantile,0.95,0.7874870467324215
fay-area,2026-03-28,2,2026-04-11,Flu ED visits pct,quantile,0.95,2.1446744490064265
florence,2026-03-28,2,2026-04-11,Flu ED visits pct,quantile,0.95,0.8196386833969453
floyd,2026-03-28,2,2026-04-11,Flu ED visits pct,quantile,0.95,2.10826965427151
frederick,2026-03-28,2,2026-04-11,Flu ED visits pct,quantile,0.95,1.910822930782615
georgia,2026-03-28,2,2026-04-11,Flu ED visits pct,quantile,0.95,0.9682762717709751
greenville,2026-03-28,2,2026-04-11,Flu ED visits pct,quantile,0.95,1.4711699077709148
hall,2026-03-28,2,2026-04-11,Flu ED visits pct,quantile,0.95,0.9391017218470986
harford,2026-03-28,2,2026-04-11,Flu ED visits pct,quantile,0.95,1.1380958520945517
henry,2026-03-28,2,2026-04-11,Flu ED visits pct,quantile,0.95,0.9656271264649008
horry,2026-03-28,2,2026-04-11,Flu ED visits pct,quantile,0.95,0.9952995468380157
houston,2026-03-28,2,2026-04-11,Flu ED visits pct,quantile,0.95,0.7318425619701668
indiana,2026-03-28,2,2026-04-11,Flu ED visits pct,quantile,0.95,1.8379859881114724
indianapolis,2026-03-28,2,2026-04-11,Flu ED visits pct,quantile,0.95,1.410359104615233
la-grange,2026-03-28,2,2026-04-11,Flu ED visits pct,quantile,0.95,1.1567544323053522
larimer,2026-03-28,2,2026-04-11,Flu ED visits pct,quantile,0.95,2.00291657216133
lynn,2026-03-28,2,2026-04-11,Flu ED visits pct,quantile,0.95,1.368146025875566
macon,2026-03-28,2,2026-04-11,Flu ED visits pct,quantile,0.95,1.0641087737685293
maine,2026-03-28,2,2026-04-11,Flu ED visits pct,quantile,0.95,1.3584237333541493
marietta,2026-03-28,2,2026-04-11,Flu ED visits pct,quantile,0.95,0.771605153377673
maryland,2026-03-28,2,2026-04-11,Flu ED visits pct,quantile,0.95,1.2429073757661602
massachusetts,2026-03-28,2,2026-04-11,Flu ED visits pct,quantile,0.95,1.5767231672928612
medford,2026-03-28,2,2026-04-11,Flu ED visits pct,quantile,0.95,0.7767760058013558
mesa,2026-03-28,2,2026-04-11,Flu ED visits pct,quantile,0.95,1.3277615596502663
minneapolis,2026-03-28,2,2026-04-11,Flu ED visits pct,quantile,0.95,2.436468759060829
minnesota,2026-03-28,2,2026-04-11,Flu ED visits pct,quantile,0.95,2.2061487611151054
montgomery,2026-03-28,2,2026-04-11,Flu ED visits pct,quantile,0.95,1.1644504419115103
nenc,2026-03-28,2,2026-04-11,Flu ED visits pct,quantile,0.95,1.0439710308902126
new-bedford,2026-03-28,2,2026-04-11,Flu ED visits pct,quantile,0.95,2.4196783144173866
north-carolina,2026-03-28,2,2026-04-11,Flu ED visits pct,quantile,0.95,1.2993349600315593
nyc,2026-03-28,2,2026-04-11,ILI ED visits pct,quantile,0.95,3.311763010361823
ogden,2026-03-28,2,2026-04-11,Flu ED visits pct,quantile,0.95,1.0333360603194532
oregon,2026-03-28,2,2026-04-11,Flu ED visits pct,quantile,0.95,1.216501910488091
pittsfield,2026-03-28,2,2026-04-11,Flu ED visits pct,quantile,0.95,0.948248575155402
portland,2026-03-28,2,2026-04-11,Flu ED visits pct,quantile,0.95,1.5672337711982687
portland-or,2026-03-28,2,2026-04-11,Flu ED visits pct,quantile,0.95,1.3970860972424204
provo,2026-03-28,2,2026-04-11,Flu ED visits pct,quantile,0.95,0.7089700142767666
roanoke,2026-03-28,2,2026-04-11,Flu ED visits pct,quantile,0.95,2.3091606912531053
rochester,2026-03-28,2,2026-04-11,Flu ED visits pct,quantile,0.95,1.7295863103827274
rock-hill,2026-03-28,2,2026-04-11,Flu ED visits pct,quantile,0.95,1.3279747673675635
rtp-area,2026-03-28,2,2026-04-11,Flu ED visits pct,quantile,0.95,0.8113066276644356
salem,2026-03-28,2,2026-04-11,Flu ED visits pct,quantile,0.95,1.6329413102901746
salt-lake-city,2026-03-28,2,2026-04-11,Flu ED visits pct,quantile,0.95,0.8540264566797718
san-antonio,2026-03-28,2,2026-04-11,Flu ED visits pct,quantile,0.95,0.9644644532525909
savannah,2026-03-28,2,2026-04-11,Flu ED visits pct,quantile,0.95,0.4500337185413395
senc,2026-03-28,2,2026-04-11,Flu ED visits pct,quantile,0.95,1.111391229189731
south-augusta,2026-03-28,2,2026-04-11,Flu ED visits pct,quantile,0.95,1.0628901288104982
south-carolina,2026-03-28,2,2026-04-11,Flu ED visits pct,quantile,0.95,1.048393398513854
springfield,2026-03-28,2,2026-04-11,Flu ED visits pct,quantile,0.95,2.2417873814301807
st-cloud,2026-03-28,2,2026-04-11,Flu ED visits pct,quantile,0.95,1.9221140970452395
st-paul,2026-03-28,2,2026-04-11,Flu ED visits pct,quantile,0.95,2.1849291661198715
texas,2026-03-28,2,2026-04-11,Flu ED visits pct,quantile,0.95,1.1058269966991092
triad-area,2026-03-28,2,2026-04-11,Flu ED visits pct,quantile,0.95,1.0518938284642212
utah,2026-03-28,2,2026-04-11,Flu ED visits pct,quantile,0.95,0.8540657937059414
virginia,2026-03-28,2,2026-04-11,Flu ED visits pct,quantile,0.95,1.7259847168775868
weld,2026-03-28,2,2026-04-11,Flu ED visits pct,quantile,0.95,2.5976356997504597
wnc,2026-03-28,2,2026-04-11,Flu ED visits pct,quantile,0.95,0.9453851461221235
worcester,2026-03-28,2,2026-04-11,Flu ED visits pct,quantile,0.95,1.7265358648943778
athens,2026-03-28,3,2026-04-18,Flu ED visits pct,quantile,0.95,1.3932871798746738
austin,2026-03-28,3,2026-04-18,Flu ED visits pct,quantile,0.95,0.9627865885208543
baltimore,2026-03-28,3,2026-04-18,Flu ED visits pct,quantile,0.95,1.4531745800065916
bangor,2026-03-28,3,2026-04-18,Flu ED visits pct,quantile,0.95,1.3784614930885137
beaumont,2026-03-28,3,2026-04-18,Flu ED visits pct,quantile,0.95,1.247615960437767
boston,2026-03-28,3,2026-04-18,Flu ED visits pct,quantile,0.95,1.539675143020924
boulder,2026-03-28,3,2026-04-18,Flu ED visits pct,quantile,0.95,2.905140814060755
charleston,2026-03-28,3,2026-04-18,Flu ED visits pct,quantile,0.95,1.1572643649759995
cherokee,2026-03-28,3,2026-04-18,Flu ED visits pct,quantile,0.95,1.4334267215460175
clt-area,2026-03-28,3,2026-04-18,Flu ED visits pct,quantile,0.95,2.011510488878586
colorado,2026-03-28,3,2026-04-18,Flu ED visits pct,quantile,0.95,2.083096622592951
colorado-springs,2026-03-28,3,2026-04-18,Flu ED visits pct,quantile,0.95,2.238717057614842
columbia,2026-03-28,3,2026-04-18,Flu ED visits pct,quantile,0.95,0.9139663459971732
columbus,2026-03-28,3,2026-04-18,Flu ED visits pct,quantile,0.95,1.1408890830009815
dallas,2026-03-28,3,2026-04-18,Flu ED visits pct,quantile,0.95,0.9986885163957961
denver,2026-03-28,3,2026-04-18,Flu ED visits pct,quantile,0.95,2.1026277499166985
deschutes,2026-03-28,3,2026-04-18,Flu ED visits pct,quantile,0.95,2.416168751228515
duluth,2026-03-28,3,2026-04-18,Flu ED visits pct,quantile,0.95,2.713293773425952
el-paso,2026-03-28,3,2026-04-18,Flu ED visits pct,quantile,0.95,2.3754219169074333
eugene,2026-03-28,3,2026-04-18,Flu ED visits pct,quantile,0.95,0.7854449126783286
fay-area,2026-03-28,3,2026-04-18,Flu ED visits pct,quantile,0.95,2.122041586238345
florence,2026-03-28,3,2026-04-18,Flu ED visits pct,quantile,0.95,0.8187083100088633
floyd,2026-03-28,3,2026-04-18,Flu ED visits pct,quantile,0.95,2.082108367017431
frederick,2026-03-28,3,2026-04-18,Flu ED visits pct,quantile,0.95,1.9146192277249419
georgia,2026-03-28,3,2026-04-18,Flu ED visits pct,quantile,0.95,0.9776260652637612
greenville,2026-03-28,3,2026-04-18,Flu ED visits pct,quantile,0.95,1.4611174610696058
hall,2026-03-28,3,2026-04-18,Flu ED visits pct,quantile,0.95,0.9330387681176556
harford,2026-03-28,3,2026-04-18,Flu ED visits pct,quantile,0.95,1.118030021581597
henry,2026-03-28,3,2026-04-18,Flu ED visits pct,quantile,0.95,0.972102059045958
horry,2026-03-28,3,2026-04-18,Flu ED visits pct,quantile,0.95,0.991695021432837
houston,2026-03-28,3,2026-04-18,Flu ED visits pct,quantile,0.95,0.7456515399437289
indiana,2026-03-28,3,2026-04-18,Flu ED visits pct,quantile,0.95,1.8376719692872083
indianapolis,2026-03-28,3,2026-04-18,Flu ED visits pct,quantile,0.95,1.3958654300279947
la-grange,2026-03-28,3,2026-04-18,Flu ED visits pct,quantile,0.95,1.1437566158190335
larimer,2026-03-28,3,2026-04-18,Flu ED visits pct,quantile,0.95,1.998070307275867
lynn,2026-03-28,3,2026-04-18,Flu ED visits pct,quantile,0.95,1.373311659709109
macon,2026-03-28,3,2026-04-18,Flu ED visits pct,quantile,0.95,1.0732345670809778
maine,2026-03-28,3,2026-04-18,Flu ED visits pct,quantile,0.95,1.355154179584027
marietta,2026-03-28,3,2026-04-18,Flu ED visits pct,quantile,0.95,0.7705222645488801
maryland,2026-03-28,3,2026-04-18,Flu ED visits pct,quantile,0.95,1.2711342864730943
massachusetts,2026-03-28,3,2026-04-18,Flu ED visits pct,quantile,0.95,1.6022479241261287
medford,2026-03-28,3,2026-04-18,Flu ED visits pct,quantile,0.95,0.8425625641088746
mesa,2026-03-28,3,2026-04-18,Flu ED visits pct,quantile,0.95,1.3197346055781611
minneapolis,2026-03-28,3,2026-04-18,Flu ED visits pct,quantile,0.95,2.4557298129446363
minnesota,2026-03-28,3,2026-04-18,Flu ED visits pct,quantile,0.95,2.2118886157002255
montgomery,2026-03-28,3,2026-04-18,Flu ED visits pct,quantile,0.95,1.1780440418370013
nenc,2026-03-28,3,2026-04-18,Flu ED visits pct,quantile,0.95,1.0394572330122864
new-bedford,2026-03-28,3,2026-04-18,Flu ED visits pct,quantile,0.95,2.4439990164778576
north-carolina,2026-03-28,3,2026-04-18,Flu ED visits pct,quantile,0.95,1.2951385442701646
nyc,2026-03-28,3,2026-04-18,ILI ED visits pct,quantile,0.95,3.3458189746538234
ogden,2026-03-28,3,2026-04-18,Flu ED visits pct,quantile,0.95,1.0267783557448245
oregon,2026-03-28,3,2026-04-18,Flu ED visits pct,quantile,0.95,1.2170651467987683
pittsfield,2026-03-28,3,2026-04-18,Flu ED visits pct,quantile,0.95,0.9506694305991816
portland,2026-03-28,3,2026-04-18,Flu ED visits pct,quantile,0.95,1.5713913986809833
portland-or,2026-03-28,3,2026-04-18,Flu ED visits pct,quantile,0.95,1.3916194203436845
provo,2026-03-28,3,2026-04-18,Flu ED visits pct,quantile,0.95,0.7148120614824266
roanoke,2026-03-28,3,2026-04-18,Flu ED visits pct,quantile,0.95,2.3054864875732397
rochester,2026-03-28,3,2026-04-18,Flu ED visits pct,quantile,0.95,1.722947870019377
rock-hill,2026-03-28,3,2026-04-18,Flu ED visits pct,quantile,0.95,1.3056944463832267
rtp-area,2026-03-28,3,2026-04-18,Flu ED visits pct,quantile,0.95,0.8037897684349304
salem,2026-03-28,3,2026-04-18,Flu ED visits pct,quantile,0.95,1.6145963566268842
salt-lake-city,2026-03-28,3,2026-04-18,Flu ED visits pct,quantile,0.95,0.8655071597662647
san-antonio,2026-03-28,3,2026-04-18,Flu ED visits pct,quantile,0.95,0.9672164153477854
savannah,2026-03-28,3,2026-04-18,Flu ED visits pct,quantile,0.95,0.45061920435637864
senc,2026-03-28,3,2026-04-18,Flu ED visits pct,quantile,0.95,1.0992152516370408
south-augusta,2026-03-28,3,2026-04-18,Flu ED visits pct,quantile,0.95,1.0596925137233104
south-carolina,2026-03-28,3,2026-04-18,Flu ED visits pct,quantile,0.95,1.0543737253064782
springfield,2026-03-28,3,2026-04-18,Flu ED visits pct,quantile,0.95,2.255031510704473
st-cloud,2026-03-28,3,2026-04-18,Flu ED visits pct,quantile,0.95,1.9151471027970788
st-paul,2026-03-28,3,2026-04-18,Flu ED visits pct,quantile,0.95,2.2261437936508903
texas,2026-03-28,3,2026-04-18,Flu ED visits pct,quantile,0.95,1.1109966794971016
triad-area,2026-03-28,3,2026-04-18,Flu ED visits pct,quantile,0.95,1.051564933904624
utah,2026-03-28,3,2026-04-18,Flu ED visits pct,quantile,0.95,0.8624063102888402
virginia,2026-03-28,3,2026-04-18,Flu ED visits pct,quantile,0.95,1.7718676179682884
weld,2026-03-28,3,2026-04-18,Flu ED visits pct,quantile,0.95,2.648840565376113
wnc,2026-03-28,3,2026-04-18,Flu ED visits pct,quantile,0.95,0.9374826979343038
worcester,2026-03-28,3,2026-04-18,Flu ED visits pct,quantile,0.95,1.722981460432077
athens,2026-03-28,0,2026-03-28,Flu ED visits pct,quantile,0.975,1.7194690626228082
austin,2026-03-28,0,2026-03-28,Flu ED visits pct,quantile,0.975,1.1313322849130638
baltimore,2026-03-28,0,2026-03-28,Flu ED visits pct,quantile,0.975,1.5274186548447384
bangor,2026-03-28,0,2026-03-28,Flu ED visits pct,quantile,0.975,1.6960497852947913
beaumont,2026-03-28,0,2026-03-28,Flu ED visits pct,quantile,0.975,1.4004935094650612
boston,2026-03-28,0,2026-03-28,Flu ED visits pct,quantile,0.975,1.7129386636286574
boulder,2026-03-28,0,2026-03-28,Flu ED visits pct,quantile,0.975,3.5429212583719907
charleston,2026-03-28,0,2026-03-28,Flu ED visits pct,quantile,0.975,1.4234585896000755
cherokee,2026-03-28,0,2026-03-28,Flu ED visits pct,quantile,0.975,1.745954970673206
clt-area,2026-03-28,0,2026-03-28,Flu ED visits pct,quantile,0.975,2.5247564320317277
colorado,2026-03-28,0,2026-03-28,Flu ED visits pct,quantile,0.975,2.441927156944988
colorado-springs,2026-03-28,0,2026-03-28,Flu ED visits pct,quantile,0.975,2.7113972313338377
columbia,2026-03-28,0,2026-03-28,Flu ED visits pct,quantile,0.975,1.1055661673500798
columbus,2026-03-28,0,2026-03-28,Flu ED visits pct,quantile,0.975,1.4627627950486795
dallas,2026-03-28,0,2026-03-28,Flu ED visits pct,quantile,0.975,1.1735321504486862
denver,2026-03-28,0,2026-03-28,Flu ED visits pct,quantile,0.975,2.445363947862575
deschutes,2026-03-28,0,2026-03-28,Flu ED visits pct,quantile,0.975,2.7773591360945953
duluth,2026-03-28,0,2026-03-28,Flu ED visits pct,quantile,0.975,3.2212827650328375
el-paso,2026-03-28,0,2026-03-28,Flu ED visits pct,quantile,0.975,2.462301535220268
eugene,2026-03-28,0,2026-03-28,Flu ED visits pct,quantile,0.975,1.0354359904526285
fay-area,2026-03-28,0,2026-03-28,Flu ED visits pct,quantile,0.975,2.7130829872866897
florence,2026-03-28,0,2026-03-28,Flu ED visits pct,quantile,0.975,1.0122548688031383
floyd,2026-03-28,0,2026-03-28,Flu ED visits pct,quantile,0.975,2.526733587566443
frederick,2026-03-28,0,2026-03-28,Flu ED visits pct,quantile,0.975,2.111983540015566
georgia,2026-03-28,0,2026-03-28,Flu ED visits pct,quantile,0.975,1.1644126390868155
greenville,2026-03-28,0,2026-03-28,Flu ED visits pct,quantile,0.975,1.8184089323676478
hall,2026-03-28,0,2026-03-28,Flu ED visits pct,quantile,0.975,1.0686596858741988
harford,2026-03-28,0,2026-03-28,Flu ED visits pct,quantile,0.975,1.2452522877172005
henry,2026-03-28,0,2026-03-28,Flu ED visits pct,quantile,0.975,1.1210038777947904
horry,2026-03-28,0,2026-03-28,Flu ED visits pct,quantile,0.975,1.1366086066056655
houston,2026-03-28,0,2026-03-28,Flu ED visits pct,quantile,0.975,0.8033840256118526
indiana,2026-03-28,0,2026-03-28,Flu ED visits pct,quantile,0.975,2.2974679303865835
indianapolis,2026-03-28,0,2026-03-28,Flu ED visits pct,quantile,0.975,1.8015753108612014
la-grange,2026-03-28,0,2026-03-28,Flu ED visits pct,quantile,0.975,1.3809582732362784
larimer,2026-03-28,0,2026-03-28,Flu ED visits pct,quantile,0.975,2.359170435418744
lynn,2026-03-28,0,2026-03-28,Flu ED visits pct,quantile,0.975,1.5595863635555103
macon,2026-03-28,0,2026-03-28,Flu ED visits pct,quantile,0.975,1.2570116313795145
maine,2026-03-28,0,2026-03-28,Flu ED visits pct,quantile,0.975,1.540227078117414
marietta,2026-03-28,0,2026-03-28,Flu ED visits pct,quantile,0.975,0.927786383675694
maryland,2026-03-28,0,2026-03-28,Flu ED visits pct,quantile,0.975,1.4045462140586753
massachusetts,2026-03-28,0,2026-03-28,Flu ED visits pct,quantile,0.975,1.7905054911211395
medford,2026-03-28,0,2026-03-28,Flu ED visits pct,quantile,0.975,0.9528514611308357
mesa,2026-03-28,0,2026-03-28,Flu ED visits pct,quantile,0.975,1.557432541302565
minneapolis,2026-03-28,0,2026-03-28,Flu ED visits pct,quantile,0.975,2.7308515300977034
minnesota,2026-03-28,0,2026-03-28,Flu ED visits pct,quantile,0.975,2.5383967449931153
montgomery,2026-03-28,0,2026-03-28,Flu ED visits pct,quantile,0.975,1.2480223375926467
nenc,2026-03-28,0,2026-03-28,Flu ED visits pct,quantile,0.975,1.3149835659534128
new-bedford,2026-03-28,0,2026-03-28,Flu ED visits pct,quantile,0.975,2.799210717884165
north-carolina,2026-03-28,0,2026-03-28,Flu ED visits pct,quantile,0.975,1.682045921555131
nyc,2026-03-28,0,2026-03-28,ILI ED visits pct,quantile,0.975,3.6120279078121404
ogden,2026-03-28,0,2026-03-28,Flu ED visits pct,quantile,0.975,1.2347719993597275
oregon,2026-03-28,0,2026-03-28,Flu ED visits pct,quantile,0.975,1.4893457598020667
pittsfield,2026-03-28,0,2026-03-28,Flu ED visits pct,quantile,0.975,1.0597617121846392
portland,2026-03-28,0,2026-03-28,Flu ED visits pct,quantile,0.975,1.8551389683077784
portland-or,2026-03-28,0,2026-03-28,Flu ED visits pct,quantile,0.975,1.6938765193547178
provo,2026-03-28,0,2026-03-28,Flu ED visits pct,quantile,0.975,0.8148539563854655
roanoke,2026-03-28,0,2026-03-28,Flu ED visits pct,quantile,0.975,2.7532434158271726
rochester,2026-03-28,0,2026-03-28,Flu ED visits pct,quantile,0.975,2.159980002246119
rock-hill,2026-03-28,0,2026-03-28,Flu ED visits pct,quantile,0.975,1.4631846001413793
rtp-area,2026-03-28,0,2026-03-28,Flu ED visits pct,quantile,0.975,1.0676747139423868
salem,2026-03-28,0,2026-03-28,Flu ED visits pct,quantile,0.975,2.0862251265921286
salt-lake-city,2026-03-28,0,2026-03-28,Flu ED visits pct,quantile,0.975,1.0145311143617886
san-antonio,2026-03-28,0,2026-03-28,Flu ED visits pct,quantile,0.975,1.2039685296670777
savannah,2026-03-28,0,2026-03-28,Flu ED visits pct,quantile,0.975,0.5613315733996986
senc,2026-03-28,0,2026-03-28,Flu ED visits pct,quantile,0.975,1.3761316281311926
south-augusta,2026-03-28,0,2026-03-28,Flu ED visits pct,quantile,0.975,1.3429446894473323
south-carolina,2026-03-28,0,2026-03-28,Flu ED visits pct,quantile,0.975,1.2866187558372293
springfield,2026-03-28,0,2026-03-28,Flu ED visits pct,quantile,0.975,2.468187119396181
st-cloud,2026-03-28,0,2026-03-28,Flu ED visits pct,quantile,0.975,2.3137865770316726
st-paul,2026-03-28,0,2026-03-28,Flu ED visits pct,quantile,0.975,2.4243293484127175
texas,2026-03-28,0,2026-03-28,Flu ED visits pct,quantile,0.975,1.307488708704627
triad-area,2026-03-28,0,2026-03-28,Flu ED visits pct,quantile,0.975,1.285538191445439
utah,2026-03-28,0,2026-03-28,Flu ED visits pct,quantile,0.975,1.016915066010661
virginia,2026-03-28,0,2026-03-28,Flu ED visits pct,quantile,0.975,1.96466693086483
weld,2026-03-28,0,2026-03-28,Flu ED visits pct,quantile,0.975,3.085796677395263
wnc,2026-03-28,0,2026-03-28,Flu ED visits pct,quantile,0.975,1.2234378497643332
worcester,2026-03-28,0,2026-03-28,Flu ED visits pct,quantile,0.975,1.9330394098856547
athens,2026-03-28,1,2026-04-04,Flu ED visits pct,quantile,0.975,1.7205357419227567
austin,2026-03-28,1,2026-04-04,Flu ED visits pct,quantile,0.975,1.1165244640052856
baltimore,2026-03-28,1,2026-04-04,Flu ED visits pct,quantile,0.975,1.5542586243049752
bangor,2026-03-28,1,2026-04-04,Flu ED visits pct,quantile,0.975,1.6848399438706914
beaumont,2026-03-28,1,2026-04-04,Flu ED visits pct,quantile,0.975,1.4044721357162535
boston,2026-03-28,1,2026-04-04,Flu ED visits pct,quantile,0.975,1.7181523602542836
boulder,2026-03-28,1,2026-04-04,Flu ED visits pct,quantile,0.975,3.4818088782378
charleston,2026-03-28,1,2026-04-04,Flu ED visits pct,quantile,0.975,1.4085901837081483
cherokee,2026-03-28,1,2026-04-04,Flu ED visits pct,quantile,0.975,1.7500993079240321
clt-area,2026-03-28,1,2026-04-04,Flu ED visits pct,quantile,0.975,2.443762043778042
colorado,2026-03-28,1,2026-04-04,Flu ED visits pct,quantile,0.975,2.408080390809516
colorado-springs,2026-03-28,1,2026-04-04,Flu ED visits pct,quantile,0.975,2.6982370108364053
columbia,2026-03-28,1,2026-04-04,Flu ED visits pct,quantile,0.975,1.1047196736288423
columbus,2026-03-28,1,2026-04-04,Flu ED visits pct,quantile,0.975,1.4430942015304675
dallas,2026-03-28,1,2026-04-04,Flu ED visits pct,quantile,0.975,1.1799569679854836
denver,2026-03-28,1,2026-04-04,Flu ED visits pct,quantile,0.975,2.4140956657778188
deschutes,2026-03-28,1,2026-04-04,Flu ED visits pct,quantile,0.975,2.7923692638675663
duluth,2026-03-28,1,2026-04-04,Flu ED visits pct,quantile,0.975,3.2156869818095233
el-paso,2026-03-28,1,2026-04-04,Flu ED visits pct,quantile,0.975,2.503464164611064
eugene,2026-03-28,1,2026-04-04,Flu ED visits pct,quantile,0.975,1.0282230216691892
fay-area,2026-03-28,1,2026-04-04,Flu ED visits pct,quantile,0.975,2.6601237346706332
florence,2026-03-28,1,2026-04-04,Flu ED visits pct,quantile,0.975,1.0106826252998198
floyd,2026-03-28,1,2026-04-04,Flu ED visits pct,quantile,0.975,2.514094204263387
frederick,2026-03-28,1,2026-04-04,Flu ED visits pct,quantile,0.975,2.164747276333232
georgia,2026-03-28,1,2026-04-04,Flu ED visits pct,quantile,0.975,1.1640284911989625
greenville,2026-03-28,1,2026-04-04,Flu ED visits pct,quantile,0.975,1.8082795806729959
hall,2026-03-28,1,2026-04-04,Flu ED visits pct,quantile,0.975,1.0749927975430202
harford,2026-03-28,1,2026-04-04,Flu ED visits pct,quantile,0.975,1.2569161945202827
henry,2026-03-28,1,2026-04-04,Flu ED visits pct,quantile,0.975,1.112926679268101
horry,2026-03-28,1,2026-04-04,Flu ED visits pct,quantile,0.975,1.1375491201683428
houston,2026-03-28,1,2026-04-04,Flu ED visits pct,quantile,0.975,0.7984149265944284
indiana,2026-03-28,1,2026-04-04,Flu ED visits pct,quantile,0.975,2.268636977786234
indianapolis,2026-03-28,1,2026-04-04,Flu ED visits pct,quantile,0.975,1.7589217818538883
la-grange,2026-03-28,1,2026-04-04,Flu ED visits pct,quantile,0.975,1.3845268424454364
larimer,2026-03-28,1,2026-04-04,Flu ED visits pct,quantile,0.975,2.339075041112131
lynn,2026-03-28,1,2026-04-04,Flu ED visits pct,quantile,0.975,1.5542543808154246
macon,2026-03-28,1,2026-04-04,Flu ED visits pct,quantile,0.975,1.2486580095970505
maine,2026-03-28,1,2026-04-04,Flu ED visits pct,quantile,0.975,1.5397483403820826
marietta,2026-03-28,1,2026-04-04,Flu ED visits pct,quantile,0.975,0.925857273496032
maryland,2026-03-28,1,2026-04-04,Flu ED visits pct,quantile,0.975,1.4068791912699876
massachusetts,2026-03-28,1,2026-04-04,Flu ED visits pct,quantile,0.975,1.8018721576527512
medford,2026-03-28,1,2026-04-04,Flu ED visits pct,quantile,0.975,0.9501929777820983
mesa,2026-03-28,1,2026-04-04,Flu ED visits pct,quantile,0.975,1.5480034877961137
minneapolis,2026-03-28,1,2026-04-04,Flu ED visits pct,quantile,0.975,2.7597879102802403
minnesota,2026-03-28,1,2026-04-04,Flu ED visits pct,quantile,0.975,2.551919396855593
montgomery,2026-03-28,1,2026-04-04,Flu ED visits pct,quantile,0.975,1.2547459851557212
nenc,2026-03-28,1,2026-04-04,Flu ED visits pct,quantile,0.975,1.2889771921633744
new-bedford,2026-03-28,1,2026-04-04,Flu ED visits pct,quantile,0.975,2.8626148878148934
north-carolina,2026-03-28,1,2026-04-04,Flu ED visits pct,quantile,0.975,1.6534259021283466
nyc,2026-03-28,1,2026-04-04,ILI ED visits pct,quantile,0.975,3.6411058226758506
ogden,2026-03-28,1,2026-04-04,Flu ED visits pct,quantile,0.975,1.2340379651359745
oregon,2026-03-28,1,2026-04-04,Flu ED visits pct,quantile,0.975,1.477991994069154
pittsfield,2026-03-28,1,2026-04-04,Flu ED visits pct,quantile,0.975,1.0566954103438146
portland,2026-03-28,1,2026-04-04,Flu ED visits pct,quantile,0.975,1.8509922867259654
portland-or,2026-03-28,1,2026-04-04,Flu ED visits pct,quantile,0.975,1.6702158754090608
provo,2026-03-28,1,2026-04-04,Flu ED visits pct,quantile,0.975,0.815300791448941
roanoke,2026-03-28,1,2026-04-04,Flu ED visits pct,quantile,0.975,2.7268318318812117
rochester,2026-03-28,1,2026-04-04,Flu ED visits pct,quantile,0.975,2.132432872188717
rock-hill,2026-03-28,1,2026-04-04,Flu ED visits pct,quantile,0.975,1.4532373592868781
rtp-area,2026-03-28,1,2026-04-04,Flu ED visits pct,quantile,0.975,1.035326394362814
salem,2026-03-28,1,2026-04-04,Flu ED visits pct,quantile,0.975,2.0445342621741647
salt-lake-city,2026-03-28,1,2026-04-04,Flu ED visits pct,quantile,0.975,1.0157930940450504
san-antonio,2026-03-28,1,2026-04-04,Flu ED visits pct,quantile,0.975,1.1907073783179043
savannah,2026-03-28,1,2026-04-04,Flu ED visits pct,quantile,0.975,0.5603067600361908
senc,2026-03-28,1,2026-04-04,Flu ED visits pct,quantile,0.975,1.3403407449725224
south-augusta,2026-03-28,1,2026-04-04,Flu ED visits pct,quantile,0.975,1.3239990800166945
south-carolina,2026-03-28,1,2026-04-04,Flu ED visits pct,quantile,0.975,1.285791461780504
springfield,2026-03-28,1,2026-04-04,Flu ED visits pct,quantile,0.975,2.474938539928798
st-cloud,2026-03-28,1,2026-04-04,Flu ED visits pct,quantile,0.975,2.2825015649790874
st-paul,2026-03-28,1,2026-04-04,Flu ED visits pct,quantile,0.975,2.423833988157216
texas,2026-03-28,1,2026-04-04,Flu ED visits pct,quantile,0.975,1.3181775811412408
triad-area,2026-03-28,1,2026-04-04,Flu ED visits pct,quantile,0.975,1.2572479774756882
utah,2026-03-28,1,2026-04-04,Flu ED visits pct,quantile,0.975,1.0188263274540925
virginia,2026-03-28,1,2026-04-04,Flu ED visits pct,quantile,0.975,1.9608961379633258
weld,2026-03-28,1,2026-04-04,Flu ED visits pct,quantile,0.975,3.068163876724213
wnc,2026-03-28,1,2026-04-04,Flu ED visits pct,quantile,0.975,1.19748242009512
worcester,2026-03-28,1,2026-04-04,Flu ED visits pct,quantile,0.975,1.9339414498731862
athens,2026-03-28,2,2026-04-11,Flu ED visits pct,quantile,0.975,1.7068076237221068
austin,2026-03-28,2,2026-04-11,Flu ED visits pct,quantile,0.975,1.1115060538617523
baltimore,2026-03-28,2,2026-04-11,Flu ED visits pct,quantile,0.975,1.6303027715459026
bangor,2026-03-28,2,2026-04-11,Flu ED visits pct,quantile,0.975,1.669152611497937
beaumont,2026-03-28,2,2026-04-11,Flu ED visits pct,quantile,0.975,1.4016677117230179
boston,2026-03-28,2,2026-04-11,Flu ED visits pct,quantile,0.975,1.7354690147456857
boulder,2026-03-28,2,2026-04-11,Flu ED visits pct,quantile,0.975,3.4102967160444577
charleston,2026-03-28,2,2026-04-11,Flu ED visits pct,quantile,0.975,1.4072522486942098
cherokee,2026-03-28,2,2026-04-11,Flu ED visits pct,quantile,0.975,1.7532280737227908
clt-area,2026-03-28,2,2026-04-11,Flu ED visits pct,quantile,0.975,2.40382141717739
colorado,2026-03-28,2,2026-04-11,Flu ED visits pct,quantile,0.975,2.4793644218870554
colorado-springs,2026-03-28,2,2026-04-11,Flu ED visits pct,quantile,0.975,2.6425797226291334
columbia,2026-03-28,2,2026-04-11,Flu ED visits pct,quantile,0.975,1.1158509948273967
columbus,2026-03-28,2,2026-04-11,Flu ED visits pct,quantile,0.975,1.4197201331660692
dallas,2026-03-28,2,2026-04-11,Flu ED visits pct,quantile,0.975,1.1929676685026485
denver,2026-03-28,2,2026-04-11,Flu ED visits pct,quantile,0.975,2.430777752819437
deschutes,2026-03-28,2,2026-04-11,Flu ED visits pct,quantile,0.975,2.744804309265934
duluth,2026-03-28,2,2026-04-11,Flu ED visits pct,quantile,0.975,3.2058659273506884
el-paso,2026-03-28,2,2026-04-11,Flu ED visits pct,quantile,0.975,2.570359953877987
eugene,2026-03-28,2,2026-04-11,Flu ED visits pct,quantile,0.975,1.016256421272655
fay-area,2026-03-28,2,2026-04-11,Flu ED visits pct,quantile,0.975,2.593441936513819
florence,2026-03-28,2,2026-04-11,Flu ED visits pct,quantile,0.975,1.00340616570545
floyd,2026-03-28,2,2026-04-11,Flu ED visits pct,quantile,0.975,2.513658618195997
frederick,2026-03-28,2,2026-04-11,Flu ED visits pct,quantile,0.975,2.1733854438086664
georgia,2026-03-28,2,2026-04-11,Flu ED visits pct,quantile,0.975,1.184124480099643
greenville,2026-03-28,2,2026-04-11,Flu ED visits pct,quantile,0.975,1.7804718742339356
hall,2026-03-28,2,2026-04-11,Flu ED visits pct,quantile,0.975,1.0777770125882007
harford,2026-03-28,2,2026-04-11,Flu ED visits pct,quantile,0.975,1.2608993785327554
henry,2026-03-28,2,2026-04-11,Flu ED visits pct,quantile,0.975,1.1181346825874388
horry,2026-03-28,2,2026-04-11,Flu ED visits pct,quantile,0.975,1.143195449881501
houston,2026-03-28,2,2026-04-11,Flu ED visits pct,quantile,0.975,0.8088422042429573
indiana,2026-03-28,2,2026-04-11,Flu ED visits pct,quantile,0.975,2.250876028746546
indianapolis,2026-03-28,2,2026-04-11,Flu ED visits pct,quantile,0.975,1.737065524298052
la-grange,2026-03-28,2,2026-04-11,Flu ED visits pct,quantile,0.975,1.3660731093982834
larimer,2026-03-28,2,2026-04-11,Flu ED visits pct,quantile,0.975,2.3454127445789505
lynn,2026-03-28,2,2026-04-11,Flu ED visits pct,quantile,0.975,1.570710666599295
macon,2026-03-28,2,2026-04-11,Flu ED visits pct,quantile,0.975,1.2326055503293625
maine,2026-03-28,2,2026-04-11,Flu ED visits pct,quantile,0.975,1.5522020010792597
marietta,2026-03-28,2,2026-04-11,Flu ED visits pct,quantile,0.975,0.9363615672438254
maryland,2026-03-28,2,2026-04-11,Flu ED visits pct,quantile,0.975,1.4331999053392177
massachusetts,2026-03-28,2,2026-04-11,Flu ED visits pct,quantile,0.975,1.815217351853529
medford,2026-03-28,2,2026-04-11,Flu ED visits pct,quantile,0.975,1.2586942717214546
mesa,2026-03-28,2,2026-04-11,Flu ED visits pct,quantile,0.975,1.5517960280826326
minneapolis,2026-03-28,2,2026-04-11,Flu ED visits pct,quantile,0.975,2.8081790058781717
minnesota,2026-03-28,2,2026-04-11,Flu ED visits pct,quantile,0.975,2.5701356688567
montgomery,2026-03-28,2,2026-04-11,Flu ED visits pct,quantile,0.975,1.2692792061710259
nenc,2026-03-28,2,2026-04-11,Flu ED visits pct,quantile,0.975,1.2515541155968748
new-bedford,2026-03-28,2,2026-04-11,Flu ED visits pct,quantile,0.975,2.85676408271801
north-carolina,2026-03-28,2,2026-04-11,Flu ED visits pct,quantile,0.975,1.624324282751081
nyc,2026-03-28,2,2026-04-11,ILI ED visits pct,quantile,0.975,3.671041231379211
ogden,2026-03-28,2,2026-04-11,Flu ED visits pct,quantile,0.975,1.2184299965049696
oregon,2026-03-28,2,2026-04-11,Flu ED visits pct,quantile,0.975,1.4576919368869647
pittsfield,2026-03-28,2,2026-04-11,Flu ED visits pct,quantile,0.975,1.0624070656764855
portland,2026-03-28,2,2026-04-11,Flu ED visits pct,quantile,0.975,1.8314074936389206
portland-or,2026-03-28,2,2026-04-11,Flu ED visits pct,quantile,0.975,1.6423323477717864
provo,2026-03-28,2,2026-04-11,Flu ED visits pct,quantile,0.975,0.8178647227275201
roanoke,2026-03-28,2,2026-04-11,Flu ED visits pct,quantile,0.975,2.704519508253098
rochester,2026-03-28,2,2026-04-11,Flu ED visits pct,quantile,0.975,2.098882281036347
rock-hill,2026-03-28,2,2026-04-11,Flu ED visits pct,quantile,0.975,1.4462099105869008
rtp-area,2026-03-28,2,2026-04-11,Flu ED visits pct,quantile,0.975,1.019436412614332
salem,2026-03-28,2,2026-04-11,Flu ED visits pct,quantile,0.975,2.0230176999608562
salt-lake-city,2026-03-28,2,2026-04-11,Flu ED visits pct,quantile,0.975,1.0302638623568185
san-antonio,2026-03-28,2,2026-04-11,Flu ED visits pct,quantile,0.975,1.1727207005182247
savannah,2026-03-28,2,2026-04-11,Flu ED visits pct,quantile,0.975,0.5586335478338612
senc,2026-03-28,2,2026-04-11,Flu ED visits pct,quantile,0.975,1.312377726409587
south-augusta,2026-03-28,2,2026-04-11,Flu ED visits pct,quantile,0.975,1.2908322481469399
south-carolina,2026-03-28,2,2026-04-11,Flu ED visits pct,quantile,0.975,1.3047946734741853
springfield,2026-03-28,2,2026-04-11,Flu ED visits pct,quantile,0.975,2.4888889358339594
st-cloud,2026-03-28,2,2026-04-11,Flu ED visits pct,quantile,0.975,2.2672293772295142
st-paul,2026-03-28,2,2026-04-11,Flu ED visits pct,quantile,0.975,2.4780917502401483
texas,2026-03-28,2,2026-04-11,Flu ED visits pct,quantile,0.975,1.339072223323193
triad-area,2026-03-28,2,2026-04-11,Flu ED visits pct,quantile,0.975,1.2335942778767632
utah,2026-03-28,2,2026-04-11,Flu ED visits pct,quantile,0.975,1.0338634483666316
virginia,2026-03-28,2,2026-04-11,Flu ED visits pct,quantile,0.975,2.0032311920442134
weld,2026-03-28,2,2026-04-11,Flu ED visits pct,quantile,0.975,3.131031940274107
wnc,2026-03-28,2,2026-04-11,Flu ED visits pct,quantile,0.975,1.1675571254116364
worcester,2026-03-28,2,2026-04-11,Flu ED visits pct,quantile,0.975,1.9370697267141626
athens,2026-03-28,3,2026-04-18,Flu ED visits pct,quantile,0.975,1.7511984108445564
austin,2026-03-28,3,2026-04-18,Flu ED visits pct,quantile,0.975,1.1667516688929067
baltimore,2026-03-28,3,2026-04-18,Flu ED visits pct,quantile,0.975,1.7375668560764936
bangor,2026-03-28,3,2026-04-18,Flu ED visits pct,quantile,0.975,1.6969491450238112
beaumont,2026-03-28,3,2026-04-18,Flu ED visits pct,quantile,0.975,1.4559987332601034
boston,2026-03-28,3,2026-04-18,Flu ED visits pct,quantile,0.975,1.816392457603316
boulder,2026-03-28,3,2026-04-18,Flu ED visits pct,quantile,0.975,3.4386047330030394
charleston,2026-03-28,3,2026-04-18,Flu ED visits pct,quantile,0.975,1.4271843185680435
cherokee,2026-03-28,3,2026-04-18,Flu ED visits pct,quantile,0.975,1.8185309156460576
clt-area,2026-03-28,3,2026-04-18,Flu ED visits pct,quantile,0.975,2.414766815595768
colorado,2026-03-28,3,2026-04-18,Flu ED visits pct,quantile,0.975,2.5628799191847196
colorado-springs,2026-03-28,3,2026-04-18,Flu ED visits pct,quantile,0.975,2.7168367982313226
columbia,2026-03-28,3,2026-04-18,Flu ED visits pct,quantile,0.975,1.1407114235906448
columbus,2026-03-28,3,2026-04-18,Flu ED visits pct,quantile,0.975,1.4325287632157873
dallas,2026-03-28,3,2026-04-18,Flu ED visits pct,quantile,0.975,1.234448885442607
denver,2026-03-28,3,2026-04-18,Flu ED visits pct,quantile,0.975,2.5393066236451123
deschutes,2026-03-28,3,2026-04-18,Flu ED visits pct,quantile,0.975,2.795857687889171
duluth,2026-03-28,3,2026-04-18,Flu ED visits pct,quantile,0.975,3.2651749293953265
el-paso,2026-03-28,3,2026-04-18,Flu ED visits pct,quantile,0.975,2.669092013186723
eugene,2026-03-28,3,2026-04-18,Flu ED visits pct,quantile,0.975,1.06320475345244
fay-area,2026-03-28,3,2026-04-18,Flu ED visits pct,quantile,0.975,2.594125232550763
florence,2026-03-28,3,2026-04-18,Flu ED visits pct,quantile,0.975,1.0345456275686624
floyd,2026-03-28,3,2026-04-18,Flu ED visits pct,quantile,0.975,2.5786697395129687
frederick,2026-03-28,3,2026-04-18,Flu ED visits pct,quantile,0.975,2.240197350907303
georgia,2026-03-28,3,2026-04-18,Flu ED visits pct,quantile,0.975,1.2302588465996387
greenville,2026-03-28,3,2026-04-18,Flu ED visits pct,quantile,0.975,1.8403294239327554
hall,2026-03-28,3,2026-04-18,Flu ED visits pct,quantile,0.975,1.1345507956449663
harford,2026-03-28,3,2026-04-18,Flu ED visits pct,quantile,0.975,1.296270177289767
henry,2026-03-28,3,2026-04-18,Flu ED visits pct,quantile,0.975,1.1544997042238645
horry,2026-03-28,3,2026-04-18,Flu ED visits pct,quantile,0.975,1.1640284097471263
houston,2026-03-28,3,2026-04-18,Flu ED visits pct,quantile,0.975,0.8523038916464905
indiana,2026-03-28,3,2026-04-18,Flu ED visits pct,quantile,0.975,2.3135401619618428
indianapolis,2026-03-28,3,2026-04-18,Flu ED visits pct,quantile,0.975,1.7490283062634948
la-grange,2026-03-28,3,2026-04-18,Flu ED visits pct,quantile,0.975,1.405774760605144
larimer,2026-03-28,3,2026-04-18,Flu ED visits pct,quantile,0.975,2.423594134964056
lynn,2026-03-28,3,2026-04-18,Flu ED visits pct,quantile,0.975,1.6332096328625032
macon,2026-03-28,3,2026-04-18,Flu ED visits pct,quantile,0.975,1.2646396707974856
maine,2026-03-28,3,2026-04-18,Flu ED visits pct,quantile,0.975,1.626088236868058
marietta,2026-03-28,3,2026-04-18,Flu ED visits pct,quantile,0.975,0.9656569851930924
maryland,2026-03-28,3,2026-04-18,Flu ED visits pct,quantile,0.975,1.5120317487744124
massachusetts,2026-03-28,3,2026-04-18,Flu ED visits pct,quantile,0.975,1.9104846117700194
medford,2026-03-28,3,2026-04-18,Flu ED visits pct,quantile,0.975,1.482399495929226
mesa,2026-03-28,3,2026-04-18,Flu ED visits pct,quantile,0.975,1.5859547714672184
minneapolis,2026-03-28,3,2026-04-18,Flu ED visits pct,quantile,0.975,2.945322501180297
minnesota,2026-03-28,3,2026-04-18,Flu ED visits pct,quantile,0.975,2.6708529143464146
montgomery,2026-03-28,3,2026-04-18,Flu ED visits pct,quantile,0.975,1.343551098889507
nenc,2026-03-28,3,2026-04-18,Flu ED visits pct,quantile,0.975,1.2637469164658102
new-bedford,2026-03-28,3,2026-04-18,Flu ED visits pct,quantile,0.975,2.959937222143496
north-carolina,2026-03-28,3,2026-04-18,Flu ED visits pct,quantile,0.975,1.6328562314154185
nyc,2026-03-28,3,2026-04-18,ILI ED visits pct,quantile,0.975,3.819804973017889
ogden,2026-03-28,3,2026-04-18,Flu ED visits pct,quantile,0.975,1.2560574543196428
oregon,2026-03-28,3,2026-04-18,Flu ED visits pct,quantile,0.975,1.4831729377926122
pittsfield,2026-03-28,3,2026-04-18,Flu ED visits pct,quantile,0.975,1.0815942694996725
portland,2026-03-28,3,2026-04-18,Flu ED visits pct,quantile,0.975,1.880341553659531
portland-or,2026-03-28,3,2026-04-18,Flu ED visits pct,quantile,0.975,1.6996789238688308
provo,2026-03-28,3,2026-04-18,Flu ED visits pct,quantile,0.975,0.8543694930936602
roanoke,2026-03-28,3,2026-04-18,Flu ED visits pct,quantile,0.975,2.764654733307501
rochester,2026-03-28,3,2026-04-18,Flu ED visits pct,quantile,0.975,2.13847037202162
rock-hill,2026-03-28,3,2026-04-18,Flu ED visits pct,quantile,0.975,1.4962564530734708
rtp-area,2026-03-28,3,2026-04-18,Flu ED visits pct,quantile,0.975,1.0180420031761561
salem,2026-03-28,3,2026-04-18,Flu ED visits pct,quantile,0.975,2.020792177425274
salt-lake-city,2026-03-28,3,2026-04-18,Flu ED visits pct,quantile,0.975,1.0714361661830898
san-antonio,2026-03-28,3,2026-04-18,Flu ED visits pct,quantile,0.975,1.2204743041985036
savannah,2026-03-28,3,2026-04-18,Flu ED visits pct,quantile,0.975,0.571062358948243
senc,2026-03-28,3,2026-04-18,Flu ED visits pct,quantile,0.975,1.3373384217959328
south-augusta,2026-03-28,3,2026-04-18,Flu ED visits pct,quantile,0.975,1.307341355221103
south-carolina,2026-03-28,3,2026-04-18,Flu ED visits pct,quantile,0.975,1.3960794950974544
springfield,2026-03-28,3,2026-04-18,Flu ED visits pct,quantile,0.975,2.588370663354008
st-cloud,2026-03-28,3,2026-04-18,Flu ED visits pct,quantile,0.975,2.3121053333355848
st-paul,2026-03-28,3,2026-04-18,Flu ED visits pct,quantile,0.975,2.5865992446971235
texas,2026-03-28,3,2026-04-18,Flu ED visits pct,quantile,0.975,1.413975654212571
triad-area,2026-03-28,3,2026-04-18,Flu ED visits pct,quantile,0.975,1.2792565931522248
utah,2026-03-28,3,2026-04-18,Flu ED visits pct,quantile,0.975,1.0850353603255654
virginia,2026-03-28,3,2026-04-18,Flu ED visits pct,quantile,0.975,2.0951022836007143
weld,2026-03-28,3,2026-04-18,Flu ED visits pct,quantile,0.975,3.2121684813239564
wnc,2026-03-28,3,2026-04-18,Flu ED visits pct,quantile,0.975,1.1710550086494986
worcester,2026-03-28,3,2026-04-18,Flu ED visits pct,quantile,0.975,2.0242967256497266
