location,reference_date,horizon,target_end_date,target,output_type,output_type_id,value
athens,2026-02-21,0,2026-02-21,Flu ED visits pct,quantile,0.025,0.9146122337477403
austin,2026-02-21,0,2026-02-21,Flu ED visits pct,quantile,0.025,2.532769389794302
baltimore,2026-02-21,0,2026-02-21,Flu ED visits pct,quantile,0.025,0.33131462806921386
bangor,2026-02-21,0,2026-02-21,Flu ED visits pct,quantile,0.025,0.978080691476005
beaumont,2026-02-21,0,2026-02-21,Flu ED visits pct,quantile,0.025,1.156611510520147
boston,2026-02-21,0,2026-02-21,Flu ED visits pct,quantile,0.025,0.5865576025935243
boulder,2026-02-21,0,2026-02-21,Flu ED visits pct,quantile,0.025,1.4616978462095107
charleston,2026-02-21,0,2026-02-21,Flu ED visits pct,quantile,0.025,1.9989562068629694
cherokee,2026-02-21,0,2026-02-21,Flu ED visits pct,quantile,0.025,1.5301606816320528
clt-area,2026-02-21,0,2026-02-21,Flu ED visits pct,quantile,0.025,1.446665708516834
colorado,2026-02-21,0,2026-02-21,Flu ED visits pct,quantile,0.025,0.9154905950999007
colorado-springs,2026-02-21,0,2026-02-21,Flu ED visits pct,quantile,0.025,0.9334457990308229
columbia,2026-02-21,0,2026-02-21,Flu ED visits pct,quantile,0.025,1.1974330758893037
columbus,2026-02-21,0,2026-02-21,Flu ED visits pct,quantile,0.025,1.5676234557329354
dallas,2026-02-21,0,2026-02-21,Flu ED visits pct,quantile,0.025,1.7199478680730618
denver,2026-02-21,0,2026-02-21,Flu ED visits pct,quantile,0.025,0.8830136787364214
deschutes,2026-02-21,0,2026-02-21,Flu ED visits pct,quantile,0.025,2.212998777905375
duluth,2026-02-21,0,2026-02-21,Flu ED visits pct,quantile,0.025,0.5804412185768897
el-paso,2026-02-21,0,2026-02-21,Flu ED visits pct,quantile,0.025,0.44116765733319446
eugene,2026-02-21,0,2026-02-21,Flu ED visits pct,quantile,0.025,1.7342810976175933
fay-area,2026-02-21,0,2026-02-21,Flu ED visits pct,quantile,0.025,1.949522353990019
florence,2026-02-21,0,2026-02-21,Flu ED visits pct,quantile,0.025,1.3831943703280805
floyd,2026-02-21,0,2026-02-21,Flu ED visits pct,quantile,0.025,1.1686115374982704
frederick,2026-02-21,0,2026-02-21,Flu ED visits pct,quantile,0.025,0.2988785761014893
georgia,2026-02-21,0,2026-02-21,Flu ED visits pct,quantile,0.025,1.4524666778352926
greenville,2026-02-21,0,2026-02-21,Flu ED visits pct,quantile,0.025,1.0019475430453337
hall,2026-02-21,0,2026-02-21,Flu ED visits pct,quantile,0.025,0.6692147638896052
harford,2026-02-21,0,2026-02-21,Flu ED visits pct,quantile,0.025,0.21451991801011736
henry,2026-02-21,0,2026-02-21,Flu ED visits pct,quantile,0.025,0.6952462400740947
horry,2026-02-21,0,2026-02-21,Flu ED visits pct,quantile,0.025,0.7559889076461084
houston,2026-02-21,0,2026-02-21,Flu ED visits pct,quantile,0.025,0.8287931873134067
indiana,2026-02-21,0,2026-02-21,Flu ED visits pct,quantile,0.025,1.7051906858733834
indianapolis,2026-02-21,0,2026-02-21,Flu ED visits pct,quantile,0.025,2.4192718357445315
la-grange,2026-02-21,0,2026-02-21,Flu ED visits pct,quantile,0.025,1.2807472381918876
larimer,2026-02-21,0,2026-02-21,Flu ED visits pct,quantile,0.025,0.5374216006417115
lynn,2026-02-21,0,2026-02-21,Flu ED visits pct,quantile,0.025,0.5764184425268359
macon,2026-02-21,0,2026-02-21,Flu ED visits pct,quantile,0.025,0.7131135998546155
maine,2026-02-21,0,2026-02-21,Flu ED visits pct,quantile,0.025,0.8724658805308965
marietta,2026-02-21,0,2026-02-21,Flu ED visits pct,quantile,0.025,1.082802446371692
maryland,2026-02-21,0,2026-02-21,Flu ED visits pct,quantile,0.025,0.46271891341554755
massachusetts,2026-02-21,0,2026-02-21,Flu ED visits pct,quantile,0.025,0.6245002498171011
medford,2026-02-21,0,2026-02-21,Flu ED visits pct,quantile,0.025,2.5493160872898866
mesa,2026-02-21,0,2026-02-21,Flu ED visits pct,quantile,0.025,0.573405931927672
minneapolis,2026-02-21,0,2026-02-21,Flu ED visits pct,quantile,0.025,0.9307901037286033
minnesota,2026-02-21,0,2026-02-21,Flu ED visits pct,quantile,0.025,1.046218003986891
montgomery,2026-02-21,0,2026-02-21,Flu ED visits pct,quantile,0.025,0.4239280034112814
nenc,2026-02-21,0,2026-02-21,Flu ED visits pct,quantile,0.025,1.0170799058108904
new-bedford,2026-02-21,0,2026-02-21,Flu ED visits pct,quantile,0.025,0.7033305768931166
north-carolina,2026-02-21,0,2026-02-21,Flu ED visits pct,quantile,0.025,1.1554745697015536
nyc,2026-02-21,0,2026-02-21,ILI ED visits pct,quantile,0.025,1.9231330776272166
ogden,2026-02-21,0,2026-02-21,Flu ED visits pct,quantile,0.025,1.3290491356162963
oregon,2026-02-21,0,2026-02-21,Flu ED visits pct,quantile,0.025,2.3622550686101893
pittsfield,2026-02-21,0,2026-02-21,Flu ED visits pct,quantile,0.025,0.1890551023289683
portland,2026-02-21,0,2026-02-21,Flu ED visits pct,quantile,0.025,0.5759397835614346
portland-or,2026-02-21,0,2026-02-21,Flu ED visits pct,quantile,0.025,1.9152638516510545
provo,2026-02-21,0,2026-02-21,Flu ED visits pct,quantile,0.025,0.821478837994845
roanoke,2026-02-21,0,2026-02-21,Flu ED visits pct,quantile,0.025,0.8053774626893176
rochester,2026-02-21,0,2026-02-21,Flu ED visits pct,quantile,0.025,1.6395798601298452
rock-hill,2026-02-21,0,2026-02-21,Flu ED visits pct,quantile,0.025,0.42539144732790074
rtp-area,2026-02-21,0,2026-02-21,Flu ED visits pct,quantile,0.025,1.2002875684333691
salem,2026-02-21,0,2026-02-21,Flu ED visits pct,quantile,0.025,2.9734969044134596
salt-lake-city,2026-02-21,0,2026-02-21,Flu ED visits pct,quantile,0.025,1.571632213189179
san-antonio,2026-02-21,0,2026-02-21,Flu ED visits pct,quantile,0.025,3.998342291685705
savannah,2026-02-21,0,2026-02-21,Flu ED visits pct,quantile,0.025,1.517124827358924
senc,2026-02-21,0,2026-02-21,Flu ED visits pct,quantile,0.025,0.6444160329940939
south-augusta,2026-02-21,0,2026-02-21,Flu ED visits pct,quantile,0.025,1.2293582679629953
south-carolina,2026-02-21,0,2026-02-21,Flu ED visits pct,quantile,0.025,1.5797664453105942
springfield,2026-02-21,0,2026-02-21,Flu ED visits pct,quantile,0.025,0.3773794931006782
st-cloud,2026-02-21,0,2026-02-21,Flu ED visits pct,quantile,0.025,1.535936420586493
st-paul,2026-02-21,0,2026-02-21,Flu ED visits pct,quantile,0.025,0.7038673412559594
texas,2026-02-21,0,2026-02-21,Flu ED visits pct,quantile,0.025,2.139798646616433
triad-area,2026-02-21,0,2026-02-21,Flu ED visits pct,quantile,0.025,0.7163140307788581
utah,2026-02-21,0,2026-02-21,Flu ED visits pct,quantile,0.025,1.5011086232947088
virginia,2026-02-21,0,2026-02-21,Flu ED visits pct,quantile,0.025,0.8959423067251647
weld,2026-02-21,0,2026-02-21,Flu ED visits pct,quantile,0.025,0.4700357210619136
wnc,2026-02-21,0,2026-02-21,Flu ED visits pct,quantile,0.025,0.8690895178223861
worcester,2026-02-21,0,2026-02-21,Flu ED visits pct,quantile,0.025,0.5599073381393029
athens,2026-02-21,1,2026-02-28,Flu ED visits pct,quantile,0.025,0.7097569135360491
austin,2026-02-21,1,2026-02-28,Flu ED visits pct,quantile,0.025,1.9160962272466837
baltimore,2026-02-21,1,2026-02-28,Flu ED visits pct,quantile,0.025,0.2546841309328405
bangor,2026-02-21,1,2026-02-28,Flu ED visits pct,quantile,0.025,0.7756768925834381
beaumont,2026-02-21,1,2026-02-28,Flu ED visits pct,quantile,0.025,0.8766582228579567
boston,2026-02-21,1,2026-02-28,Flu ED visits pct,quantile,0.025,0.45172703558876115
boulder,2026-02-21,1,2026-02-28,Flu ED visits pct,quantile,0.025,1.1734989218061815
charleston,2026-02-21,1,2026-02-28,Flu ED visits pct,quantile,0.025,1.4467418780306514
cherokee,2026-02-21,1,2026-02-28,Flu ED visits pct,quantile,0.025,1.2400472262291935
clt-area,2026-02-21,1,2026-02-28,Flu ED visits pct,quantile,0.025,1.1287648580398462
colorado,2026-02-21,1,2026-02-28,Flu ED visits pct,quantile,0.025,0.7065695994597438
colorado-springs,2026-02-21,1,2026-02-28,Flu ED visits pct,quantile,0.025,0.742926372404091
columbia,2026-02-21,1,2026-02-28,Flu ED visits pct,quantile,0.025,0.9009897962235223
columbus,2026-02-21,1,2026-02-28,Flu ED visits pct,quantile,0.025,1.1724746775188513
dallas,2026-02-21,1,2026-02-28,Flu ED visits pct,quantile,0.025,1.3700217091704294
denver,2026-02-21,1,2026-02-28,Flu ED visits pct,quantile,0.025,0.7050730362528009
deschutes,2026-02-21,1,2026-02-28,Flu ED visits pct,quantile,0.025,1.6687895037163312
duluth,2026-02-21,1,2026-02-28,Flu ED visits pct,quantile,0.025,0.4413888128760147
el-paso,2026-02-21,1,2026-02-28,Flu ED visits pct,quantile,0.025,0.33812823820981536
eugene,2026-02-21,1,2026-02-28,Flu ED visits pct,quantile,0.025,1.2785903730985344
fay-area,2026-02-21,1,2026-02-28,Flu ED visits pct,quantile,0.025,1.5557827831832727
florence,2026-02-21,1,2026-02-28,Flu ED visits pct,quantile,0.025,1.0396157040196423
floyd,2026-02-21,1,2026-02-28,Flu ED visits pct,quantile,0.025,0.8911393919938074
frederick,2026-02-21,1,2026-02-28,Flu ED visits pct,quantile,0.025,0.2040055090929573
georgia,2026-02-21,1,2026-02-28,Flu ED visits pct,quantile,0.025,1.1756996626465293
greenville,2026-02-21,1,2026-02-28,Flu ED visits pct,quantile,0.025,0.740659350756672
hall,2026-02-21,1,2026-02-28,Flu ED visits pct,quantile,0.025,0.4941627457835418
harford,2026-02-21,1,2026-02-28,Flu ED visits pct,quantile,0.025,0.15946245843913073
henry,2026-02-21,1,2026-02-28,Flu ED visits pct,quantile,0.025,0.5691329678689355
horry,2026-02-21,1,2026-02-28,Flu ED visits pct,quantile,0.025,0.5569027030168041
houston,2026-02-21,1,2026-02-28,Flu ED visits pct,quantile,0.025,0.65698859898595
indiana,2026-02-21,1,2026-02-28,Flu ED visits pct,quantile,0.025,1.3344947979818935
indianapolis,2026-02-21,1,2026-02-28,Flu ED visits pct,quantile,0.025,1.8166062589874
la-grange,2026-02-21,1,2026-02-28,Flu ED visits pct,quantile,0.025,1.0255320640490406
larimer,2026-02-21,1,2026-02-28,Flu ED visits pct,quantile,0.025,0.4182464671297622
lynn,2026-02-21,1,2026-02-28,Flu ED visits pct,quantile,0.025,0.4289146418054293
macon,2026-02-21,1,2026-02-28,Flu ED visits pct,quantile,0.025,0.5713194394447728
maine,2026-02-21,1,2026-02-28,Flu ED visits pct,quantile,0.025,0.6577900697981706
marietta,2026-02-21,1,2026-02-28,Flu ED visits pct,quantile,0.025,0.875485083779524
maryland,2026-02-21,1,2026-02-28,Flu ED visits pct,quantile,0.025,0.32828625498563296
massachusetts,2026-02-21,1,2026-02-28,Flu ED visits pct,quantile,0.025,0.4735823585181729
medford,2026-02-21,1,2026-02-28,Flu ED visits pct,quantile,0.025,1.7960517874682995
mesa,2026-02-21,1,2026-02-28,Flu ED visits pct,quantile,0.025,0.43673156132977464
minneapolis,2026-02-21,1,2026-02-28,Flu ED visits pct,quantile,0.025,0.7078587932422642
minnesota,2026-02-21,1,2026-02-28,Flu ED visits pct,quantile,0.025,0.782515505266118
montgomery,2026-02-21,1,2026-02-28,Flu ED visits pct,quantile,0.025,0.3186864075369078
nenc,2026-02-21,1,2026-02-28,Flu ED visits pct,quantile,0.025,0.7842625699611164
new-bedford,2026-02-21,1,2026-02-28,Flu ED visits pct,quantile,0.025,0.5562284608888717
north-carolina,2026-02-21,1,2026-02-28,Flu ED visits pct,quantile,0.025,0.867585152625575
nyc,2026-02-21,1,2026-02-28,ILI ED visits pct,quantile,0.025,1.6659152373961714
ogden,2026-02-21,1,2026-02-28,Flu ED visits pct,quantile,0.025,1.0156620797077522
oregon,2026-02-21,1,2026-02-28,Flu ED visits pct,quantile,0.025,1.753430740379002
pittsfield,2026-02-21,1,2026-02-28,Flu ED visits pct,quantile,0.025,0.1372639379775203
portland,2026-02-21,1,2026-02-28,Flu ED visits pct,quantile,0.025,0.45280903772859843
portland-or,2026-02-21,1,2026-02-28,Flu ED visits pct,quantile,0.025,1.4101603635729332
provo,2026-02-21,1,2026-02-28,Flu ED visits pct,quantile,0.025,0.6186930348821982
roanoke,2026-02-21,1,2026-02-28,Flu ED visits pct,quantile,0.025,0.611525807231741
rochester,2026-02-21,1,2026-02-28,Flu ED visits pct,quantile,0.025,1.2223745469943608
rock-hill,2026-02-21,1,2026-02-28,Flu ED visits pct,quantile,0.025,0.3101182472745018
rtp-area,2026-02-21,1,2026-02-28,Flu ED visits pct,quantile,0.025,0.9150330498243431
salem,2026-02-21,1,2026-02-28,Flu ED visits pct,quantile,0.025,2.1979429288080485
salt-lake-city,2026-02-21,1,2026-02-28,Flu ED visits pct,quantile,0.025,1.218605338582412
san-antonio,2026-02-21,1,2026-02-28,Flu ED visits pct,quantile,0.025,3.0460616141643224
savannah,2026-02-21,1,2026-02-28,Flu ED visits pct,quantile,0.025,1.129647790007489
senc,2026-02-21,1,2026-02-28,Flu ED visits pct,quantile,0.025,0.46766100245452447
south-augusta,2026-02-21,1,2026-02-28,Flu ED visits pct,quantile,0.025,0.934218309950206
south-carolina,2026-02-21,1,2026-02-28,Flu ED visits pct,quantile,0.025,1.1739511647621412
springfield,2026-02-21,1,2026-02-28,Flu ED visits pct,quantile,0.025,0.2848767875842967
st-cloud,2026-02-21,1,2026-02-28,Flu ED visits pct,quantile,0.025,1.2340583908358596
st-paul,2026-02-21,1,2026-02-28,Flu ED visits pct,quantile,0.025,0.521789772172389
texas,2026-02-21,1,2026-02-28,Flu ED visits pct,quantile,0.025,1.6877153854584692
triad-area,2026-02-21,1,2026-02-28,Flu ED visits pct,quantile,0.025,0.5523643989641775
utah,2026-02-21,1,2026-02-28,Flu ED visits pct,quantile,0.025,1.1887673991945498
virginia,2026-02-21,1,2026-02-28,Flu ED visits pct,quantile,0.025,0.7025396190341876
weld,2026-02-21,1,2026-02-28,Flu ED visits pct,quantile,0.025,0.36159455834268045
wnc,2026-02-21,1,2026-02-28,Flu ED visits pct,quantile,0.025,0.6526533278699396
worcester,2026-02-21,1,2026-02-28,Flu ED visits pct,quantile,0.025,0.4112779187787141
athens,2026-02-21,2,2026-03-07,Flu ED visits pct,quantile,0.025,0.5218552970350802
austin,2026-02-21,2,2026-03-07,Flu ED visits pct,quantile,0.025,1.5065790048323933
baltimore,2026-02-21,2,2026-03-07,Flu ED visits pct,quantile,0.025,0.2148845399151838
bangor,2026-02-21,2,2026-03-07,Flu ED visits pct,quantile,0.025,0.5916299056558096
beaumont,2026-02-21,2,2026-03-07,Flu ED visits pct,quantile,0.025,0.6694185017343046
boston,2026-02-21,2,2026-03-07,Flu ED visits pct,quantile,0.025,0.36766464760897555
boulder,2026-02-21,2,2026-03-07,Flu ED visits pct,quantile,0.025,0.8835297039377967
charleston,2026-02-21,2,2026-03-07,Flu ED visits pct,quantile,0.025,1.089364568156925
cherokee,2026-02-21,2,2026-03-07,Flu ED visits pct,quantile,0.025,0.939072387003209
clt-area,2026-02-21,2,2026-03-07,Flu ED visits pct,quantile,0.025,0.8883721683155323
colorado,2026-02-21,2,2026-03-07,Flu ED visits pct,quantile,0.025,0.5786644896575399
colorado-springs,2026-02-21,2,2026-03-07,Flu ED visits pct,quantile,0.025,0.5688586893828974
columbia,2026-02-21,2,2026-03-07,Flu ED visits pct,quantile,0.025,0.6643857164977318
columbus,2026-02-21,2,2026-03-07,Flu ED visits pct,quantile,0.025,0.8967911576922931
dallas,2026-02-21,2,2026-03-07,Flu ED visits pct,quantile,0.025,1.0477106896530546
denver,2026-02-21,2,2026-03-07,Flu ED visits pct,quantile,0.025,0.5708888796378829
deschutes,2026-02-21,2,2026-03-07,Flu ED visits pct,quantile,0.025,1.3170519008676707
duluth,2026-02-21,2,2026-03-07,Flu ED visits pct,quantile,0.025,0.3125868950688895
el-paso,2026-02-21,2,2026-03-07,Flu ED visits pct,quantile,0.025,0.2951678988877553
eugene,2026-02-21,2,2026-03-07,Flu ED visits pct,quantile,0.025,0.9516283503060072
fay-area,2026-02-21,2,2026-03-07,Flu ED visits pct,quantile,0.025,1.2211455779344162
florence,2026-02-21,2,2026-03-07,Flu ED visits pct,quantile,0.025,0.7708999621638035
floyd,2026-02-21,2,2026-03-07,Flu ED visits pct,quantile,0.025,0.6622100638685954
frederick,2026-02-21,2,2026-03-07,Flu ED visits pct,quantile,0.025,0.12190550461585996
georgia,2026-02-21,2,2026-03-07,Flu ED visits pct,quantile,0.025,0.9427890483094138
greenville,2026-02-21,2,2026-03-07,Flu ED visits pct,quantile,0.025,0.5500844248359256
hall,2026-02-21,2,2026-03-07,Flu ED visits pct,quantile,0.025,0.39754279579245333
harford,2026-02-21,2,2026-03-07,Flu ED visits pct,quantile,0.025,0.1108188740380519
henry,2026-02-21,2,2026-03-07,Flu ED visits pct,quantile,0.025,0.4277581550375332
horry,2026-02-21,2,2026-03-07,Flu ED visits pct,quantile,0.025,0.409834398698049
houston,2026-02-21,2,2026-03-07,Flu ED visits pct,quantile,0.025,0.5576669831461573
indiana,2026-02-21,2,2026-03-07,Flu ED visits pct,quantile,0.025,1.035894337896033
indianapolis,2026-02-21,2,2026-03-07,Flu ED visits pct,quantile,0.025,1.4277726899438499
la-grange,2026-02-21,2,2026-03-07,Flu ED visits pct,quantile,0.025,0.7765099902361754
larimer,2026-02-21,2,2026-03-07,Flu ED visits pct,quantile,0.025,0.3074654203590905
lynn,2026-02-21,2,2026-03-07,Flu ED visits pct,quantile,0.025,0.3169177438391142
macon,2026-02-21,2,2026-03-07,Flu ED visits pct,quantile,0.025,0.4253359381640845
maine,2026-02-21,2,2026-03-07,Flu ED visits pct,quantile,0.025,0.4801541393952332
marietta,2026-02-21,2,2026-03-07,Flu ED visits pct,quantile,0.025,0.706208806657802
maryland,2026-02-21,2,2026-03-07,Flu ED visits pct,quantile,0.025,0.258248758562839
massachusetts,2026-02-21,2,2026-03-07,Flu ED visits pct,quantile,0.025,0.3714891325189696
medford,2026-02-21,2,2026-03-07,Flu ED visits pct,quantile,0.025,1.2743468257529413
mesa,2026-02-21,2,2026-03-07,Flu ED visits pct,quantile,0.025,0.3143476091570543
minneapolis,2026-02-21,2,2026-03-07,Flu ED visits pct,quantile,0.025,0.5525251690498019
minnesota,2026-02-21,2,2026-03-07,Flu ED visits pct,quantile,0.025,0.583524002284499
montgomery,2026-02-21,2,2026-03-07,Flu ED visits pct,quantile,0.025,0.2783176344494547
nenc,2026-02-21,2,2026-03-07,Flu ED visits pct,quantile,0.025,0.5908414285126968
new-bedford,2026-02-21,2,2026-03-07,Flu ED visits pct,quantile,0.025,0.4173595730372061
north-carolina,2026-02-21,2,2026-03-07,Flu ED visits pct,quantile,0.025,0.6746126424153623
nyc,2026-02-21,2,2026-03-07,ILI ED visits pct,quantile,0.025,1.4670281276303712
ogden,2026-02-21,2,2026-03-07,Flu ED visits pct,quantile,0.025,0.8068115074670833
oregon,2026-02-21,2,2026-03-07,Flu ED visits pct,quantile,0.025,1.3023056774959827
pittsfield,2026-02-21,2,2026-03-07,Flu ED visits pct,quantile,0.025,0.08707942980966084
portland,2026-02-21,2,2026-03-07,Flu ED visits pct,quantile,0.025,0.3453613586091334
portland-or,2026-02-21,2,2026-03-07,Flu ED visits pct,quantile,0.025,1.054537982191756
provo,2026-02-21,2,2026-03-07,Flu ED visits pct,quantile,0.025,0.45601484436061956
roanoke,2026-02-21,2,2026-03-07,Flu ED visits pct,quantile,0.025,0.44411059673264824
rochester,2026-02-21,2,2026-03-07,Flu ED visits pct,quantile,0.025,0.9171690200527639
rock-hill,2026-02-21,2,2026-03-07,Flu ED visits pct,quantile,0.025,0.21250610368594963
rtp-area,2026-02-21,2,2026-03-07,Flu ED visits pct,quantile,0.025,0.7155541831667741
salem,2026-02-21,2,2026-03-07,Flu ED visits pct,quantile,0.025,1.5801835845901961
salt-lake-city,2026-02-21,2,2026-03-07,Flu ED visits pct,quantile,0.025,0.954019153342886
san-antonio,2026-02-21,2,2026-03-07,Flu ED visits pct,quantile,0.025,2.4268048409226353
savannah,2026-02-21,2,2026-03-07,Flu ED visits pct,quantile,0.025,0.87657155777048
senc,2026-02-21,2,2026-03-07,Flu ED visits pct,quantile,0.025,0.35608203680071226
south-augusta,2026-02-21,2,2026-03-07,Flu ED visits pct,quantile,0.025,0.7238456108525658
south-carolina,2026-02-21,2,2026-03-07,Flu ED visits pct,quantile,0.025,0.9026421129335134
springfield,2026-02-21,2,2026-03-07,Flu ED visits pct,quantile,0.025,0.20979420172570015
st-cloud,2026-02-21,2,2026-03-07,Flu ED visits pct,quantile,0.025,0.9182265006402084
st-paul,2026-02-21,2,2026-03-07,Flu ED visits pct,quantile,0.025,0.4123090077315771
texas,2026-02-21,2,2026-03-07,Flu ED visits pct,quantile,0.025,1.3484092393070495
triad-area,2026-02-21,2,2026-03-07,Flu ED visits pct,quantile,0.025,0.4265535469118214
utah,2026-02-21,2,2026-03-07,Flu ED visits pct,quantile,0.025,0.9370868243808747
virginia,2026-02-21,2,2026-03-07,Flu ED visits pct,quantile,0.025,0.566116269448682
weld,2026-02-21,2,2026-03-07,Flu ED visits pct,quantile,0.025,0.2790726874919949
wnc,2026-02-21,2,2026-03-07,Flu ED visits pct,quantile,0.025,0.494947883308135
worcester,2026-02-21,2,2026-03-07,Flu ED visits pct,quantile,0.025,0.2898395079364017
athens,2026-02-21,3,2026-03-14,Flu ED visits pct,quantile,0.025,0.4088928420048315
austin,2026-02-21,3,2026-03-14,Flu ED visits pct,quantile,0.025,1.1717723171387908
baltimore,2026-02-21,3,2026-03-14,Flu ED visits pct,quantile,0.025,0.1657978693426827
bangor,2026-02-21,3,2026-03-14,Flu ED visits pct,quantile,0.025,0.4316192873368752
beaumont,2026-02-21,3,2026-03-14,Flu ED visits pct,quantile,0.025,0.5300927694811692
boston,2026-02-21,3,2026-03-14,Flu ED visits pct,quantile,0.025,0.2814066122747884
boulder,2026-02-21,3,2026-03-14,Flu ED visits pct,quantile,0.025,0.6948576844065338
charleston,2026-02-21,3,2026-03-14,Flu ED visits pct,quantile,0.025,0.8036844314140839
cherokee,2026-02-21,3,2026-03-14,Flu ED visits pct,quantile,0.025,0.7943392922569863
clt-area,2026-02-21,3,2026-03-14,Flu ED visits pct,quantile,0.025,0.6395360568175351
colorado,2026-02-21,3,2026-03-14,Flu ED visits pct,quantile,0.025,0.4437595276789558
colorado-springs,2026-02-21,3,2026-03-14,Flu ED visits pct,quantile,0.025,0.43696518945056556
columbia,2026-02-21,3,2026-03-14,Flu ED visits pct,quantile,0.025,0.5179019490117889
columbus,2026-02-21,3,2026-03-14,Flu ED visits pct,quantile,0.025,0.6591510740484965
dallas,2026-02-21,3,2026-03-14,Flu ED visits pct,quantile,0.025,0.7758334568699203
denver,2026-02-21,3,2026-03-14,Flu ED visits pct,quantile,0.025,0.4523165857244598
deschutes,2026-02-21,3,2026-03-14,Flu ED visits pct,quantile,0.025,1.0172132206357847
duluth,2026-02-21,3,2026-03-14,Flu ED visits pct,quantile,0.025,0.21786789515889016
el-paso,2026-02-21,3,2026-03-14,Flu ED visits pct,quantile,0.025,0.25054695368449814
eugene,2026-02-21,3,2026-03-14,Flu ED visits pct,quantile,0.025,0.6692694567491575
fay-area,2026-02-21,3,2026-03-14,Flu ED visits pct,quantile,0.025,0.8995147209449029
florence,2026-02-21,3,2026-03-14,Flu ED visits pct,quantile,0.025,0.5773152026824322
floyd,2026-02-21,3,2026-03-14,Flu ED visits pct,quantile,0.025,0.5336026753476819
frederick,2026-02-21,3,2026-03-14,Flu ED visits pct,quantile,0.025,0.08959429265001892
georgia,2026-02-21,3,2026-03-14,Flu ED visits pct,quantile,0.025,0.7518027406074733
greenville,2026-02-21,3,2026-03-14,Flu ED visits pct,quantile,0.025,0.3919923975673499
hall,2026-02-21,3,2026-03-14,Flu ED visits pct,quantile,0.025,0.31853899841875655
harford,2026-02-21,3,2026-03-14,Flu ED visits pct,quantile,0.025,0.07695671421980892
henry,2026-02-21,3,2026-03-14,Flu ED visits pct,quantile,0.025,0.3495413833881126
horry,2026-02-21,3,2026-03-14,Flu ED visits pct,quantile,0.025,0.3160098638687805
houston,2026-02-21,3,2026-03-14,Flu ED visits pct,quantile,0.025,0.44555997744946485
indiana,2026-02-21,3,2026-03-14,Flu ED visits pct,quantile,0.025,0.7786068521150494
indianapolis,2026-02-21,3,2026-03-14,Flu ED visits pct,quantile,0.025,1.1126000536397416
la-grange,2026-02-21,3,2026-03-14,Flu ED visits pct,quantile,0.025,0.6129049483126349
larimer,2026-02-21,3,2026-03-14,Flu ED visits pct,quantile,0.025,0.2525874294572937
lynn,2026-02-21,3,2026-03-14,Flu ED visits pct,quantile,0.025,0.24189928554313367
macon,2026-02-21,3,2026-03-14,Flu ED visits pct,quantile,0.025,0.33324587505418807
maine,2026-02-21,3,2026-03-14,Flu ED visits pct,quantile,0.025,0.3573011293148945
marietta,2026-02-21,3,2026-03-14,Flu ED visits pct,quantile,0.025,0.5955868665182945
maryland,2026-02-21,3,2026-03-14,Flu ED visits pct,quantile,0.025,0.19781886270787305
massachusetts,2026-02-21,3,2026-03-14,Flu ED visits pct,quantile,0.025,0.28950389692585676
medford,2026-02-21,3,2026-03-14,Flu ED visits pct,quantile,0.025,0.841890607523039
mesa,2026-02-21,3,2026-03-14,Flu ED visits pct,quantile,0.025,0.22480264434893765
minneapolis,2026-02-21,3,2026-03-14,Flu ED visits pct,quantile,0.025,0.41209985206953653
minnesota,2026-02-21,3,2026-03-14,Flu ED visits pct,quantile,0.025,0.4291430112421168
montgomery,2026-02-21,3,2026-03-14,Flu ED visits pct,quantile,0.025,0.21977133500420265
nenc,2026-02-21,3,2026-03-14,Flu ED visits pct,quantile,0.025,0.44214134563441304
new-bedford,2026-02-21,3,2026-03-14,Flu ED visits pct,quantile,0.025,0.3179514974070025
north-carolina,2026-02-21,3,2026-03-14,Flu ED visits pct,quantile,0.025,0.4976688705859694
nyc,2026-02-21,3,2026-03-14,ILI ED visits pct,quantile,0.025,1.2648276217483763
ogden,2026-02-21,3,2026-03-14,Flu ED visits pct,quantile,0.025,0.6087925436378725
oregon,2026-02-21,3,2026-03-14,Flu ED visits pct,quantile,0.025,0.9117864740579726
pittsfield,2026-02-21,3,2026-03-14,Flu ED visits pct,quantile,0.025,0.05614014818198585
portland,2026-02-21,3,2026-03-14,Flu ED visits pct,quantile,0.025,0.2516437102597436
portland-or,2026-02-21,3,2026-03-14,Flu ED visits pct,quantile,0.025,0.7359832699015688
provo,2026-02-21,3,2026-03-14,Flu ED visits pct,quantile,0.025,0.3551655355547471
roanoke,2026-02-21,3,2026-03-14,Flu ED visits pct,quantile,0.025,0.321744771907047
rochester,2026-02-21,3,2026-03-14,Flu ED visits pct,quantile,0.025,0.6805384362772425
rock-hill,2026-02-21,3,2026-03-14,Flu ED visits pct,quantile,0.025,0.1570301882325673
rtp-area,2026-02-21,3,2026-03-14,Flu ED visits pct,quantile,0.025,0.5272672295895906
salem,2026-02-21,3,2026-03-14,Flu ED visits pct,quantile,0.025,1.098044070156804
salt-lake-city,2026-02-21,3,2026-03-14,Flu ED visits pct,quantile,0.025,0.7181789371530793
san-antonio,2026-02-21,3,2026-03-14,Flu ED visits pct,quantile,0.025,1.8086975989022602
savannah,2026-02-21,3,2026-03-14,Flu ED visits pct,quantile,0.025,0.6396777405484707
senc,2026-02-21,3,2026-03-14,Flu ED visits pct,quantile,0.025,0.260076291709255
south-augusta,2026-02-21,3,2026-03-14,Flu ED visits pct,quantile,0.025,0.5466010927518482
south-carolina,2026-02-21,3,2026-03-14,Flu ED visits pct,quantile,0.025,0.6694335328275673
springfield,2026-02-21,3,2026-03-14,Flu ED visits pct,quantile,0.025,0.15169736894869296
st-cloud,2026-02-21,3,2026-03-14,Flu ED visits pct,quantile,0.025,0.698171749940089
st-paul,2026-02-21,3,2026-03-14,Flu ED visits pct,quantile,0.025,0.318512702342905
texas,2026-02-21,3,2026-03-14,Flu ED visits pct,quantile,0.025,1.061908665018719
triad-area,2026-02-21,3,2026-03-14,Flu ED visits pct,quantile,0.025,0.31091266692555763
utah,2026-02-21,3,2026-03-14,Flu ED visits pct,quantile,0.025,0.7214166152047581
virginia,2026-02-21,3,2026-03-14,Flu ED visits pct,quantile,0.025,0.4195081281259048
weld,2026-02-21,3,2026-03-14,Flu ED visits pct,quantile,0.025,0.21529305037027352
wnc,2026-02-21,3,2026-03-14,Flu ED visits pct,quantile,0.025,0.3589232814653047
worcester,2026-02-21,3,2026-03-14,Flu ED visits pct,quantile,0.025,0.213745794096941
athens,2026-02-21,0,2026-02-21,Flu ED visits pct,quantile,0.05,1.2523821688228325
austin,2026-02-21,0,2026-02-21,Flu ED visits pct,quantile,0.05,3.0680368365925914
baltimore,2026-02-21,0,2026-02-21,Flu ED visits pct,quantile,0.05,0.39971408559292704
bangor,2026-02-21,0,2026-02-21,Flu ED visits pct,quantile,0.05,1.434748178573912
beaumont,2026-02-21,0,2026-02-21,Flu ED visits pct,quantile,0.05,1.5427953021285994
boston,2026-02-21,0,2026-02-21,Flu ED visits pct,quantile,0.05,0.772756682729237
boulder,2026-02-21,0,2026-02-21,Flu ED visits pct,quantile,0.05,1.976380206256037
charleston,2026-02-21,0,2026-02-21,Flu ED visits pct,quantile,0.05,2.4890079429064524
cherokee,2026-02-21,0,2026-02-21,Flu ED visits pct,quantile,0.05,2.020940421517689
clt-area,2026-02-21,0,2026-02-21,Flu ED visits pct,quantile,0.05,1.8176571677744031
colorado,2026-02-21,0,2026-02-21,Flu ED visits pct,quantile,0.05,1.1774718318976929
colorado-springs,2026-02-21,0,2026-02-21,Flu ED visits pct,quantile,0.05,1.276884318470481
columbia,2026-02-21,0,2026-02-21,Flu ED visits pct,quantile,0.05,1.5689754518891426
columbus,2026-02-21,0,2026-02-21,Flu ED visits pct,quantile,0.05,2.0509210552660675
dallas,2026-02-21,0,2026-02-21,Flu ED visits pct,quantile,0.05,2.2357061863350642
denver,2026-02-21,0,2026-02-21,Flu ED visits pct,quantile,0.05,1.1181754017900984
deschutes,2026-02-21,0,2026-02-21,Flu ED visits pct,quantile,0.05,2.9180200149461237
duluth,2026-02-21,0,2026-02-21,Flu ED visits pct,quantile,0.05,0.8892831628730989
el-paso,2026-02-21,0,2026-02-21,Flu ED visits pct,quantile,0.05,0.5336298830574479
eugene,2026-02-21,0,2026-02-21,Flu ED visits pct,quantile,0.05,2.2563540764562506
fay-area,2026-02-21,0,2026-02-21,Flu ED visits pct,quantile,0.05,2.4336063385580644
florence,2026-02-21,0,2026-02-21,Flu ED visits pct,quantile,0.05,1.8693252311177442
floyd,2026-02-21,0,2026-02-21,Flu ED visits pct,quantile,0.05,1.592317420869707
frederick,2026-02-21,0,2026-02-21,Flu ED visits pct,quantile,0.05,0.3745780612391651
georgia,2026-02-21,0,2026-02-21,Flu ED visits pct,quantile,0.05,1.8585963481523424
greenville,2026-02-21,0,2026-02-21,Flu ED visits pct,quantile,0.05,1.3965173678579328
hall,2026-02-21,0,2026-02-21,Flu ED visits pct,quantile,0.05,0.9469909581883599
harford,2026-02-21,0,2026-02-21,Flu ED visits pct,quantile,0.05,0.317576901651775
henry,2026-02-21,0,2026-02-21,Flu ED visits pct,quantile,0.05,0.9559995168649555
horry,2026-02-21,0,2026-02-21,Flu ED visits pct,quantile,0.05,1.0738766624521925
houston,2026-02-21,0,2026-02-21,Flu ED visits pct,quantile,0.05,1.0769738261419497
indiana,2026-02-21,0,2026-02-21,Flu ED visits pct,quantile,0.05,2.2342089467663753
indianapolis,2026-02-21,0,2026-02-21,Flu ED visits pct,quantile,0.05,2.870170799451583
la-grange,2026-02-21,0,2026-02-21,Flu ED visits pct,quantile,0.05,1.6846941454821163
larimer,2026-02-21,0,2026-02-21,Flu ED visits pct,quantile,0.05,0.8754068742032991
lynn,2026-02-21,0,2026-02-21,Flu ED visits pct,quantile,0.05,0.7662307726111951
macon,2026-02-21,0,2026-02-21,Flu ED visits pct,quantile,0.05,0.9103033672909225
maine,2026-02-21,0,2026-02-21,Flu ED visits pct,quantile,0.05,1.1372016527970477
marietta,2026-02-21,0,2026-02-21,Flu ED visits pct,quantile,0.05,1.458273461279985
maryland,2026-02-21,0,2026-02-21,Flu ED visits pct,quantile,0.05,0.6093800257634053
massachusetts,2026-02-21,0,2026-02-21,Flu ED visits pct,quantile,0.05,0.8098815723401447
medford,2026-02-21,0,2026-02-21,Flu ED visits pct,quantile,0.05,3.0226100719743894
mesa,2026-02-21,0,2026-02-21,Flu ED visits pct,quantile,0.05,0.7864077674998227
minneapolis,2026-02-21,0,2026-02-21,Flu ED visits pct,quantile,0.05,1.165417012654432
minnesota,2026-02-21,0,2026-02-21,Flu ED visits pct,quantile,0.05,1.377622481352857
montgomery,2026-02-21,0,2026-02-21,Flu ED visits pct,quantile,0.05,0.5198755950859516
nenc,2026-02-21,0,2026-02-21,Flu ED visits pct,quantile,0.05,1.2570296420069729
new-bedford,2026-02-21,0,2026-02-21,Flu ED visits pct,quantile,0.05,0.9588541889809151
north-carolina,2026-02-21,0,2026-02-21,Flu ED visits pct,quantile,0.05,1.4831933542872646
nyc,2026-02-21,0,2026-02-21,ILI ED visits pct,quantile,0.05,2.345598502103133
ogden,2026-02-21,0,2026-02-21,Flu ED visits pct,quantile,0.05,1.6618716199765322
oregon,2026-02-21,0,2026-02-21,Flu ED visits pct,quantile,0.05,3.062488723942126
pittsfield,2026-02-21,0,2026-02-21,Flu ED visits pct,quantile,0.05,0.330717155415911
portland,2026-02-21,0,2026-02-21,Flu ED visits pct,quantile,0.05,0.8319309856109757
portland-or,2026-02-21,0,2026-02-21,Flu ED visits pct,quantile,0.05,2.5073392438077793
provo,2026-02-21,0,2026-02-21,Flu ED visits pct,quantile,0.05,1.132577762994798
roanoke,2026-02-21,0,2026-02-21,Flu ED visits pct,quantile,0.05,1.1161516089326062
rochester,2026-02-21,0,2026-02-21,Flu ED visits pct,quantile,0.05,2.163455248154629
rock-hill,2026-02-21,0,2026-02-21,Flu ED visits pct,quantile,0.05,0.6570160817065331
rtp-area,2026-02-21,0,2026-02-21,Flu ED visits pct,quantile,0.05,1.5162799828455946
salem,2026-02-21,0,2026-02-21,Flu ED visits pct,quantile,0.05,3.7622788890892642
salt-lake-city,2026-02-21,0,2026-02-21,Flu ED visits pct,quantile,0.05,1.9951451363435766
san-antonio,2026-02-21,0,2026-02-21,Flu ED visits pct,quantile,0.05,5.21225024777994
savannah,2026-02-21,0,2026-02-21,Flu ED visits pct,quantile,0.05,1.8808905182123328
senc,2026-02-21,0,2026-02-21,Flu ED visits pct,quantile,0.05,0.7789614121951275
south-augusta,2026-02-21,0,2026-02-21,Flu ED visits pct,quantile,0.05,1.5649153095804458
south-carolina,2026-02-21,0,2026-02-21,Flu ED visits pct,quantile,0.05,2.0220121443646653
springfield,2026-02-21,0,2026-02-21,Flu ED visits pct,quantile,0.05,0.5384371412218819
st-cloud,2026-02-21,0,2026-02-21,Flu ED visits pct,quantile,0.05,2.149420010999995
st-paul,2026-02-21,0,2026-02-21,Flu ED visits pct,quantile,0.05,0.8881051455992138
texas,2026-02-21,0,2026-02-21,Flu ED visits pct,quantile,0.05,2.7296962428427975
triad-area,2026-02-21,0,2026-02-21,Flu ED visits pct,quantile,0.05,0.9110811391869883
utah,2026-02-21,0,2026-02-21,Flu ED visits pct,quantile,0.05,2.007184769658838
virginia,2026-02-21,0,2026-02-21,Flu ED visits pct,quantile,0.05,1.1588590318108842
weld,2026-02-21,0,2026-02-21,Flu ED visits pct,quantile,0.05,0.6844166126244792
wnc,2026-02-21,0,2026-02-21,Flu ED visits pct,quantile,0.05,1.0798289733534567
worcester,2026-02-21,0,2026-02-21,Flu ED visits pct,quantile,0.05,0.7110562346270515
athens,2026-02-21,1,2026-02-28,Flu ED visits pct,quantile,0.05,0.8971110912962962
austin,2026-02-21,1,2026-02-28,Flu ED visits pct,quantile,0.05,2.321426752002732
baltimore,2026-02-21,1,2026-02-28,Flu ED visits pct,quantile,0.05,0.29951704645732397
bangor,2026-02-21,1,2026-02-28,Flu ED visits pct,quantile,0.05,1.0405576786384643
beaumont,2026-02-21,1,2026-02-28,Flu ED visits pct,quantile,0.05,1.2052787139544208
boston,2026-02-21,1,2026-02-28,Flu ED visits pct,quantile,0.05,0.6084282025880204
boulder,2026-02-21,1,2026-02-28,Flu ED visits pct,quantile,0.05,1.4438209740157355
charleston,2026-02-21,1,2026-02-28,Flu ED visits pct,quantile,0.05,1.7836802862173695
cherokee,2026-02-21,1,2026-02-28,Flu ED visits pct,quantile,0.05,1.5203355037990203
clt-area,2026-02-21,1,2026-02-28,Flu ED visits pct,quantile,0.05,1.3569635875191484
colorado,2026-02-21,1,2026-02-28,Flu ED visits pct,quantile,0.05,0.8847513255539862
colorado-springs,2026-02-21,1,2026-02-28,Flu ED visits pct,quantile,0.05,0.9764526475986478
columbia,2026-02-21,1,2026-02-28,Flu ED visits pct,quantile,0.05,1.1194366711183166
columbus,2026-02-21,1,2026-02-28,Flu ED visits pct,quantile,0.05,1.4452597247924304
dallas,2026-02-21,1,2026-02-28,Flu ED visits pct,quantile,0.05,1.7260942558989478
denver,2026-02-21,1,2026-02-28,Flu ED visits pct,quantile,0.05,0.894644409870297
deschutes,2026-02-21,1,2026-02-28,Flu ED visits pct,quantile,0.05,2.1046456584111994
duluth,2026-02-21,1,2026-02-28,Flu ED visits pct,quantile,0.05,0.6520919262226812
el-paso,2026-02-21,1,2026-02-28,Flu ED visits pct,quantile,0.05,0.41597320218796907
eugene,2026-02-21,1,2026-02-28,Flu ED visits pct,quantile,0.05,1.5696632499079117
fay-area,2026-02-21,1,2026-02-28,Flu ED visits pct,quantile,0.05,1.801863970235078
florence,2026-02-21,1,2026-02-28,Flu ED visits pct,quantile,0.05,1.3491654886686146
floyd,2026-02-21,1,2026-02-28,Flu ED visits pct,quantile,0.05,1.164749179097769
frederick,2026-02-21,1,2026-02-28,Flu ED visits pct,quantile,0.05,0.2453435875343028
georgia,2026-02-21,1,2026-02-28,Flu ED visits pct,quantile,0.05,1.4499780331447227
greenville,2026-02-21,1,2026-02-28,Flu ED visits pct,quantile,0.05,1.0150358762994194
hall,2026-02-21,1,2026-02-28,Flu ED visits pct,quantile,0.05,0.7189067138028745
harford,2026-02-21,1,2026-02-28,Flu ED visits pct,quantile,0.05,0.22548754947775848
henry,2026-02-21,1,2026-02-28,Flu ED visits pct,quantile,0.05,0.6973631520389091
horry,2026-02-21,1,2026-02-28,Flu ED visits pct,quantile,0.05,0.7813182171155014
houston,2026-02-21,1,2026-02-28,Flu ED visits pct,quantile,0.05,0.8833473902558941
indiana,2026-02-21,1,2026-02-28,Flu ED visits pct,quantile,0.05,1.679269978040745
indianapolis,2026-02-21,1,2026-02-28,Flu ED visits pct,quantile,0.05,2.138709295007678
la-grange,2026-02-21,1,2026-02-28,Flu ED visits pct,quantile,0.05,1.238227743710149
larimer,2026-02-21,1,2026-02-28,Flu ED visits pct,quantile,0.05,0.5889732792058509
lynn,2026-02-21,1,2026-02-28,Flu ED visits pct,quantile,0.05,0.5702634390913408
macon,2026-02-21,1,2026-02-28,Flu ED visits pct,quantile,0.05,0.696422829405695
maine,2026-02-21,1,2026-02-28,Flu ED visits pct,quantile,0.05,0.8542943133965929
marietta,2026-02-21,1,2026-02-28,Flu ED visits pct,quantile,0.05,1.064216561059978
maryland,2026-02-21,1,2026-02-28,Flu ED visits pct,quantile,0.05,0.46526449617806726
massachusetts,2026-02-21,1,2026-02-28,Flu ED visits pct,quantile,0.05,0.6194122787313844
medford,2026-02-21,1,2026-02-28,Flu ED visits pct,quantile,0.05,2.017217980427056
mesa,2026-02-21,1,2026-02-28,Flu ED visits pct,quantile,0.05,0.5922839089409675
minneapolis,2026-02-21,1,2026-02-28,Flu ED visits pct,quantile,0.05,0.907538499264625
minnesota,2026-02-21,1,2026-02-28,Flu ED visits pct,quantile,0.05,1.051619560176273
montgomery,2026-02-21,1,2026-02-28,Flu ED visits pct,quantile,0.05,0.3913335736630494
nenc,2026-02-21,1,2026-02-28,Flu ED visits pct,quantile,0.05,0.945252639502501
new-bedford,2026-02-21,1,2026-02-28,Flu ED visits pct,quantile,0.05,0.7226773822470111
north-carolina,2026-02-21,1,2026-02-28,Flu ED visits pct,quantile,0.05,1.1259636692477335
nyc,2026-02-21,1,2026-02-28,ILI ED visits pct,quantile,0.05,2.1319246186553458
ogden,2026-02-21,1,2026-02-28,Flu ED visits pct,quantile,0.05,1.2441532498268362
oregon,2026-02-21,1,2026-02-28,Flu ED visits pct,quantile,0.05,2.1281808995166966
pittsfield,2026-02-21,1,2026-02-28,Flu ED visits pct,quantile,0.05,0.2166881918009693
portland,2026-02-21,1,2026-02-28,Flu ED visits pct,quantile,0.05,0.6145036808547999
portland-or,2026-02-21,1,2026-02-28,Flu ED visits pct,quantile,0.05,1.739770006978195
provo,2026-02-21,1,2026-02-28,Flu ED visits pct,quantile,0.05,0.8384854203467592
roanoke,2026-02-21,1,2026-02-28,Flu ED visits pct,quantile,0.05,0.8132558469648454
rochester,2026-02-21,1,2026-02-28,Flu ED visits pct,quantile,0.05,1.5368200030022956
rock-hill,2026-02-21,1,2026-02-28,Flu ED visits pct,quantile,0.05,0.45399668019347694
rtp-area,2026-02-21,1,2026-02-28,Flu ED visits pct,quantile,0.05,1.1172730143955545
salem,2026-02-21,1,2026-02-28,Flu ED visits pct,quantile,0.05,2.577786133919512
salt-lake-city,2026-02-21,1,2026-02-28,Flu ED visits pct,quantile,0.05,1.5571297118841418
san-antonio,2026-02-21,1,2026-02-28,Flu ED visits pct,quantile,0.05,3.8658985555675063
savannah,2026-02-21,1,2026-02-28,Flu ED visits pct,quantile,0.05,1.342786580802187
senc,2026-02-21,1,2026-02-28,Flu ED visits pct,quantile,0.05,0.5708635925806624
south-augusta,2026-02-21,1,2026-02-28,Flu ED visits pct,quantile,0.05,1.1205961707592995
south-carolina,2026-02-21,1,2026-02-28,Flu ED visits pct,quantile,0.05,1.5263166568989306
springfield,2026-02-21,1,2026-02-28,Flu ED visits pct,quantile,0.05,0.38351654183156536
st-cloud,2026-02-21,1,2026-02-28,Flu ED visits pct,quantile,0.05,1.5667176914338896
st-paul,2026-02-21,1,2026-02-28,Flu ED visits pct,quantile,0.05,0.6871372467052668
texas,2026-02-21,1,2026-02-28,Flu ED visits pct,quantile,0.05,2.111749942697133
triad-area,2026-02-21,1,2026-02-28,Flu ED visits pct,quantile,0.05,0.6694936203619163
utah,2026-02-21,1,2026-02-28,Flu ED visits pct,quantile,0.05,1.560533741632371
virginia,2026-02-21,1,2026-02-28,Flu ED visits pct,quantile,0.05,0.9063522160637237
weld,2026-02-21,1,2026-02-28,Flu ED visits pct,quantile,0.05,0.5098456730611072
wnc,2026-02-21,1,2026-02-28,Flu ED visits pct,quantile,0.05,0.7751124392264062
worcester,2026-02-21,1,2026-02-28,Flu ED visits pct,quantile,0.05,0.48495800551224133
athens,2026-02-21,2,2026-03-07,Flu ED visits pct,quantile,0.05,0.7005731271639786
austin,2026-02-21,2,2026-03-07,Flu ED visits pct,quantile,0.05,1.794997759750657
baltimore,2026-02-21,2,2026-03-07,Flu ED visits pct,quantile,0.05,0.264344296222759
bangor,2026-02-21,2,2026-03-07,Flu ED visits pct,quantile,0.05,0.7736671265207464
beaumont,2026-02-21,2,2026-03-07,Flu ED visits pct,quantile,0.05,0.8625320069837613
boston,2026-02-21,2,2026-03-07,Flu ED visits pct,quantile,0.05,0.48317370594854725
boulder,2026-02-21,2,2026-03-07,Flu ED visits pct,quantile,0.05,1.083690866663098
charleston,2026-02-21,2,2026-03-07,Flu ED visits pct,quantile,0.05,1.3106949354355364
cherokee,2026-02-21,2,2026-03-07,Flu ED visits pct,quantile,0.05,1.1092524677461824
clt-area,2026-02-21,2,2026-03-07,Flu ED visits pct,quantile,0.05,0.993983455112686
colorado,2026-02-21,2,2026-03-07,Flu ED visits pct,quantile,0.05,0.7089453420188717
colorado-springs,2026-02-21,2,2026-03-07,Flu ED visits pct,quantile,0.05,0.7522615654865665
columbia,2026-02-21,2,2026-03-07,Flu ED visits pct,quantile,0.05,0.8466023452662312
columbus,2026-02-21,2,2026-03-07,Flu ED visits pct,quantile,0.05,1.0251552759780524
dallas,2026-02-21,2,2026-03-07,Flu ED visits pct,quantile,0.05,1.350716995054725
denver,2026-02-21,2,2026-03-07,Flu ED visits pct,quantile,0.05,0.7182115809567756
deschutes,2026-02-21,2,2026-03-07,Flu ED visits pct,quantile,0.05,1.554800321526617
duluth,2026-02-21,2,2026-03-07,Flu ED visits pct,quantile,0.05,0.4646810498322304
el-paso,2026-02-21,2,2026-03-07,Flu ED visits pct,quantile,0.05,0.36481005957300083
eugene,2026-02-21,2,2026-03-07,Flu ED visits pct,quantile,0.05,1.0763916706681056
fay-area,2026-02-21,2,2026-03-07,Flu ED visits pct,quantile,0.05,1.30322000892944
florence,2026-02-21,2,2026-03-07,Flu ED visits pct,quantile,0.05,0.9739676146797325
floyd,2026-02-21,2,2026-03-07,Flu ED visits pct,quantile,0.05,0.8391877895133174
frederick,2026-02-21,2,2026-03-07,Flu ED visits pct,quantile,0.05,0.16604824933147203
georgia,2026-02-21,2,2026-03-07,Flu ED visits pct,quantile,0.05,1.1643982078110662
greenville,2026-02-21,2,2026-03-07,Flu ED visits pct,quantile,0.05,0.7789643440507606
hall,2026-02-21,2,2026-03-07,Flu ED visits pct,quantile,0.05,0.5258078985376008
harford,2026-02-21,2,2026-03-07,Flu ED visits pct,quantile,0.05,0.15927216902068697
henry,2026-02-21,2,2026-03-07,Flu ED visits pct,quantile,0.05,0.5377193227159673
horry,2026-02-21,2,2026-03-07,Flu ED visits pct,quantile,0.05,0.5824273880577165
houston,2026-02-21,2,2026-03-07,Flu ED visits pct,quantile,0.05,0.7329215280337548
indiana,2026-02-21,2,2026-03-07,Flu ED visits pct,quantile,0.05,1.3045967711480357
indianapolis,2026-02-21,2,2026-03-07,Flu ED visits pct,quantile,0.05,1.6355402767630576
la-grange,2026-02-21,2,2026-03-07,Flu ED visits pct,quantile,0.05,0.9370097990952114
larimer,2026-02-21,2,2026-03-07,Flu ED visits pct,quantile,0.05,0.4080022432116369
lynn,2026-02-21,2,2026-03-07,Flu ED visits pct,quantile,0.05,0.4364134635342318
macon,2026-02-21,2,2026-03-07,Flu ED visits pct,quantile,0.05,0.5367430764062101
maine,2026-02-21,2,2026-03-07,Flu ED visits pct,quantile,0.05,0.6503745788121428
marietta,2026-02-21,2,2026-03-07,Flu ED visits pct,quantile,0.05,0.8367608814454921
maryland,2026-02-21,2,2026-03-07,Flu ED visits pct,quantile,0.05,0.3758569932623938
massachusetts,2026-02-21,2,2026-03-07,Flu ED visits pct,quantile,0.05,0.48975171258958144
medford,2026-02-21,2,2026-03-07,Flu ED visits pct,quantile,0.05,1.3413118964189819
mesa,2026-02-21,2,2026-03-07,Flu ED visits pct,quantile,0.05,0.4199995383978545
minneapolis,2026-02-21,2,2026-03-07,Flu ED visits pct,quantile,0.05,0.7253913425803071
minnesota,2026-02-21,2,2026-03-07,Flu ED visits pct,quantile,0.05,0.8016862853779448
montgomery,2026-02-21,2,2026-03-07,Flu ED visits pct,quantile,0.05,0.33825934170495275
nenc,2026-02-21,2,2026-03-07,Flu ED visits pct,quantile,0.05,0.7050023952662205
new-bedford,2026-02-21,2,2026-03-07,Flu ED visits pct,quantile,0.05,0.5609556037739507
north-carolina,2026-02-21,2,2026-03-07,Flu ED visits pct,quantile,0.05,0.8308494298388658
nyc,2026-02-21,2,2026-03-07,ILI ED visits pct,quantile,0.05,1.8935949782008132
ogden,2026-02-21,2,2026-03-07,Flu ED visits pct,quantile,0.05,0.9596353716455043
oregon,2026-02-21,2,2026-03-07,Flu ED visits pct,quantile,0.05,1.4612488624147693
pittsfield,2026-02-21,2,2026-03-07,Flu ED visits pct,quantile,0.05,0.13895830749335064
portland,2026-02-21,2,2026-03-07,Flu ED visits pct,quantile,0.05,0.46295151238754056
portland-or,2026-02-21,2,2026-03-07,Flu ED visits pct,quantile,0.05,1.2285865747919886
provo,2026-02-21,2,2026-03-07,Flu ED visits pct,quantile,0.05,0.6309351017580801
roanoke,2026-02-21,2,2026-03-07,Flu ED visits pct,quantile,0.05,0.5997881856867996
rochester,2026-02-21,2,2026-03-07,Flu ED visits pct,quantile,0.05,1.0859960446401722
rock-hill,2026-02-21,2,2026-03-07,Flu ED visits pct,quantile,0.05,0.31881007094953473
rtp-area,2026-02-21,2,2026-03-07,Flu ED visits pct,quantile,0.05,0.8189214946231482
salem,2026-02-21,2,2026-03-07,Flu ED visits pct,quantile,0.05,1.6749360468199457
salt-lake-city,2026-02-21,2,2026-03-07,Flu ED visits pct,quantile,0.05,1.2283407120777987
san-antonio,2026-02-21,2,2026-03-07,Flu ED visits pct,quantile,0.05,2.8657177950324924
savannah,2026-02-21,2,2026-03-07,Flu ED visits pct,quantile,0.05,0.9673927606832013
senc,2026-02-21,2,2026-03-07,Flu ED visits pct,quantile,0.05,0.43086823559224885
south-augusta,2026-02-21,2,2026-03-07,Flu ED visits pct,quantile,0.05,0.835630125694455
south-carolina,2026-02-21,2,2026-03-07,Flu ED visits pct,quantile,0.05,1.1638511270345038
springfield,2026-02-21,2,2026-03-07,Flu ED visits pct,quantile,0.05,0.28014920314525393
st-cloud,2026-02-21,2,2026-03-07,Flu ED visits pct,quantile,0.05,1.1660034238139292
st-paul,2026-02-21,2,2026-03-07,Flu ED visits pct,quantile,0.05,0.5476043250371049
texas,2026-02-21,2,2026-03-07,Flu ED visits pct,quantile,0.05,1.674118731085225
triad-area,2026-02-21,2,2026-03-07,Flu ED visits pct,quantile,0.05,0.5010498308289063
utah,2026-02-21,2,2026-03-07,Flu ED visits pct,quantile,0.05,1.2585833917681655
virginia,2026-02-21,2,2026-03-07,Flu ED visits pct,quantile,0.05,0.7105940874486208
weld,2026-02-21,2,2026-03-07,Flu ED visits pct,quantile,0.05,0.3904303944646808
wnc,2026-02-21,2,2026-03-07,Flu ED visits pct,quantile,0.05,0.5680537979757032
worcester,2026-02-21,2,2026-03-07,Flu ED visits pct,quantile,0.05,0.3439000191899094
athens,2026-02-21,3,2026-03-14,Flu ED visits pct,quantile,0.05,0.5775561210151555
austin,2026-02-21,3,2026-03-14,Flu ED visits pct,quantile,0.05,1.3698973868580107
baltimore,2026-02-21,3,2026-03-14,Flu ED visits pct,quantile,0.05,0.22943411064984154
bangor,2026-02-21,3,2026-03-14,Flu ED visits pct,quantile,0.05,0.6032297685073101
beaumont,2026-02-21,3,2026-03-14,Flu ED visits pct,quantile,0.05,0.6981627589834352
boston,2026-02-21,3,2026-03-14,Flu ED visits pct,quantile,0.05,0.39053568394478716
boulder,2026-02-21,3,2026-03-14,Flu ED visits pct,quantile,0.05,0.8370275635644768
charleston,2026-02-21,3,2026-03-14,Flu ED visits pct,quantile,0.05,0.9407874871993397
cherokee,2026-02-21,3,2026-03-14,Flu ED visits pct,quantile,0.05,0.9132670124065794
clt-area,2026-02-21,3,2026-03-14,Flu ED visits pct,quantile,0.05,0.6859323806505898
colorado,2026-02-21,3,2026-03-14,Flu ED visits pct,quantile,0.05,0.5439410816965227
colorado-springs,2026-02-21,3,2026-03-14,Flu ED visits pct,quantile,0.05,0.5816016294805769
columbia,2026-02-21,3,2026-03-14,Flu ED visits pct,quantile,0.05,0.6736252473649172
columbus,2026-02-21,3,2026-03-14,Flu ED visits pct,quantile,0.05,0.7068284730499085
dallas,2026-02-21,3,2026-03-14,Flu ED visits pct,quantile,0.05,1.020983857987094
denver,2026-02-21,3,2026-03-14,Flu ED visits pct,quantile,0.05,0.5698761554832501
deschutes,2026-02-21,3,2026-03-14,Flu ED visits pct,quantile,0.05,1.1021826504671248
duluth,2026-02-21,3,2026-03-14,Flu ED visits pct,quantile,0.05,0.3433756009738847
el-paso,2026-02-21,3,2026-03-14,Flu ED visits pct,quantile,0.05,0.3402496572545395
eugene,2026-02-21,3,2026-03-14,Flu ED visits pct,quantile,0.05,0.7307099052348206
fay-area,2026-02-21,3,2026-03-14,Flu ED visits pct,quantile,0.05,0.9130186692902306
florence,2026-02-21,3,2026-03-14,Flu ED visits pct,quantile,0.05,0.7231581366738763
floyd,2026-02-21,3,2026-03-14,Flu ED visits pct,quantile,0.05,0.7084318932626021
frederick,2026-02-21,3,2026-03-14,Flu ED visits pct,quantile,0.05,0.13560001722561502
georgia,2026-02-21,3,2026-03-14,Flu ED visits pct,quantile,0.05,0.927132333947023
greenville,2026-02-21,3,2026-03-14,Flu ED visits pct,quantile,0.05,0.5853079190909969
hall,2026-02-21,3,2026-03-14,Flu ED visits pct,quantile,0.05,0.4437471614776532
harford,2026-02-21,3,2026-03-14,Flu ED visits pct,quantile,0.05,0.12703151407156063
henry,2026-02-21,3,2026-03-14,Flu ED visits pct,quantile,0.05,0.4539408800243398
horry,2026-02-21,3,2026-03-14,Flu ED visits pct,quantile,0.05,0.4493303712460406
houston,2026-02-21,3,2026-03-14,Flu ED visits pct,quantile,0.05,0.6137924970791597
indiana,2026-02-21,3,2026-03-14,Flu ED visits pct,quantile,0.05,1.0623844985697186
indianapolis,2026-02-21,3,2026-03-14,Flu ED visits pct,quantile,0.05,1.2149780562937305
la-grange,2026-02-21,3,2026-03-14,Flu ED visits pct,quantile,0.05,0.717774733699108
larimer,2026-02-21,3,2026-03-14,Flu ED visits pct,quantile,0.05,0.33173258504794223
lynn,2026-02-21,3,2026-03-14,Flu ED visits pct,quantile,0.05,0.3456904366086589
macon,2026-02-21,3,2026-03-14,Flu ED visits pct,quantile,0.05,0.41763567538848195
maine,2026-02-21,3,2026-03-14,Flu ED visits pct,quantile,0.05,0.5043397127421576
marietta,2026-02-21,3,2026-03-14,Flu ED visits pct,quantile,0.05,0.6896161498089941
maryland,2026-02-21,3,2026-03-14,Flu ED visits pct,quantile,0.05,0.30698801300375256
massachusetts,2026-02-21,3,2026-03-14,Flu ED visits pct,quantile,0.05,0.40179988400731126
medford,2026-02-21,3,2026-03-14,Flu ED visits pct,quantile,0.05,0.8736376171736716
mesa,2026-02-21,3,2026-03-14,Flu ED visits pct,quantile,0.05,0.303903478849554
minneapolis,2026-02-21,3,2026-03-14,Flu ED visits pct,quantile,0.05,0.5859750846631905
minnesota,2026-02-21,3,2026-03-14,Flu ED visits pct,quantile,0.05,0.6154273392543971
montgomery,2026-02-21,3,2026-03-14,Flu ED visits pct,quantile,0.05,0.3000072507707664
nenc,2026-02-21,3,2026-03-14,Flu ED visits pct,quantile,0.05,0.5146051064371663
new-bedford,2026-02-21,3,2026-03-14,Flu ED visits pct,quantile,0.05,0.4421229800578401
north-carolina,2026-02-21,3,2026-03-14,Flu ED visits pct,quantile,0.05,0.598482911346387
nyc,2026-02-21,3,2026-03-14,ILI ED visits pct,quantile,0.05,1.7103667132771128
ogden,2026-02-21,3,2026-03-14,Flu ED visits pct,quantile,0.05,0.728297682483621
oregon,2026-02-21,3,2026-03-14,Flu ED visits pct,quantile,0.05,1.0452896912093075
pittsfield,2026-02-21,3,2026-03-14,Flu ED visits pct,quantile,0.05,0.10010416054223886
portland,2026-02-21,3,2026-03-14,Flu ED visits pct,quantile,0.05,0.34839180895914434
portland-or,2026-02-21,3,2026-03-14,Flu ED visits pct,quantile,0.05,0.8419077779084695
provo,2026-02-21,3,2026-03-14,Flu ED visits pct,quantile,0.05,0.4864743088201687
roanoke,2026-02-21,3,2026-03-14,Flu ED visits pct,quantile,0.05,0.4595150066283016
rochester,2026-02-21,3,2026-03-14,Flu ED visits pct,quantile,0.05,0.7746943749228922
rock-hill,2026-02-21,3,2026-03-14,Flu ED visits pct,quantile,0.05,0.24396160776452658
rtp-area,2026-02-21,3,2026-03-14,Flu ED visits pct,quantile,0.05,0.5675540208562008
salem,2026-02-21,3,2026-03-14,Flu ED visits pct,quantile,0.05,1.108125295096387
salt-lake-city,2026-02-21,3,2026-03-14,Flu ED visits pct,quantile,0.05,0.9106101640314005
san-antonio,2026-02-21,3,2026-03-14,Flu ED visits pct,quantile,0.05,2.055990315304557
savannah,2026-02-21,3,2026-03-14,Flu ED visits pct,quantile,0.05,0.67665189850748
senc,2026-02-21,3,2026-03-14,Flu ED visits pct,quantile,0.05,0.3205053262026366
south-augusta,2026-02-21,3,2026-03-14,Flu ED visits pct,quantile,0.05,0.6043279999339684
south-carolina,2026-02-21,3,2026-03-14,Flu ED visits pct,quantile,0.05,0.901555985500286
springfield,2026-02-21,3,2026-03-14,Flu ED visits pct,quantile,0.05,0.2342890527797909
st-cloud,2026-02-21,3,2026-03-14,Flu ED visits pct,quantile,0.05,0.8894506969053755
st-paul,2026-02-21,3,2026-03-14,Flu ED visits pct,quantile,0.05,0.4707358655537589
texas,2026-02-21,3,2026-03-14,Flu ED visits pct,quantile,0.05,1.3168337915140476
triad-area,2026-02-21,3,2026-03-14,Flu ED visits pct,quantile,0.05,0.3716951563997321
utah,2026-02-21,3,2026-03-14,Flu ED visits pct,quantile,0.05,0.9644223348531185
virginia,2026-02-21,3,2026-03-14,Flu ED visits pct,quantile,0.05,0.5634399916523744
weld,2026-02-21,3,2026-03-14,Flu ED visits pct,quantile,0.05,0.32399787254459
wnc,2026-02-21,3,2026-03-14,Flu ED visits pct,quantile,0.05,0.3980641283782093
worcester,2026-02-21,3,2026-03-14,Flu ED visits pct,quantile,0.05,0.2710310098953151
athens,2026-02-21,0,2026-02-21,Flu ED visits pct,quantile,0.1,1.471239911843959
austin,2026-02-21,0,2026-02-21,Flu ED visits pct,quantile,0.1,3.3442795761207154
baltimore,2026-02-21,0,2026-02-21,Flu ED visits pct,quantile,0.1,0.4551035436329254
bangor,2026-02-21,0,2026-02-21,Flu ED visits pct,quantile,0.1,1.7079403018320356
beaumont,2026-02-21,0,2026-02-21,Flu ED visits pct,quantile,0.1,1.8510967031038235
boston,2026-02-21,0,2026-02-21,Flu ED visits pct,quantile,0.1,0.9192573682486854
boulder,2026-02-21,0,2026-02-21,Flu ED visits pct,quantile,0.1,2.3704575627861875
charleston,2026-02-21,0,2026-02-21,Flu ED visits pct,quantile,0.1,3.0033988528340156
cherokee,2026-02-21,0,2026-02-21,Flu ED visits pct,quantile,0.1,2.3406125239700066
clt-area,2026-02-21,0,2026-02-21,Flu ED visits pct,quantile,0.1,1.9790178899350188
colorado,2026-02-21,0,2026-02-21,Flu ED visits pct,quantile,0.1,1.3584133241523095
colorado-springs,2026-02-21,0,2026-02-21,Flu ED visits pct,quantile,0.1,1.4812435226479104
columbia,2026-02-21,0,2026-02-21,Flu ED visits pct,quantile,0.1,1.8465299968521365
columbus,2026-02-21,0,2026-02-21,Flu ED visits pct,quantile,0.1,2.471245549799284
dallas,2026-02-21,0,2026-02-21,Flu ED visits pct,quantile,0.1,2.653249364198866
denver,2026-02-21,0,2026-02-21,Flu ED visits pct,quantile,0.1,1.2794830413168323
deschutes,2026-02-21,0,2026-02-21,Flu ED visits pct,quantile,0.1,3.49456962824994
duluth,2026-02-21,0,2026-02-21,Flu ED visits pct,quantile,0.1,1.0868944971337742
el-paso,2026-02-21,0,2026-02-21,Flu ED visits pct,quantile,0.1,0.6784232916345889
eugene,2026-02-21,0,2026-02-21,Flu ED visits pct,quantile,0.1,2.661919844771043
fay-area,2026-02-21,0,2026-02-21,Flu ED visits pct,quantile,0.1,2.6205449791455426
florence,2026-02-21,0,2026-02-21,Flu ED visits pct,quantile,0.1,2.4007687781618468
floyd,2026-02-21,0,2026-02-21,Flu ED visits pct,quantile,0.1,1.8000084800543288
frederick,2026-02-21,0,2026-02-21,Flu ED visits pct,quantile,0.1,0.5674024412031823
georgia,2026-02-21,0,2026-02-21,Flu ED visits pct,quantile,0.1,2.1034229726189486
greenville,2026-02-21,0,2026-02-21,Flu ED visits pct,quantile,0.1,1.6681529550453476
hall,2026-02-21,0,2026-02-21,Flu ED visits pct,quantile,0.1,1.1774765740954933
harford,2026-02-21,0,2026-02-21,Flu ED visits pct,quantile,0.1,0.38212900121542004
henry,2026-02-21,0,2026-02-21,Flu ED visits pct,quantile,0.1,1.128762911767909
horry,2026-02-21,0,2026-02-21,Flu ED visits pct,quantile,0.1,1.3068748739073461
houston,2026-02-21,0,2026-02-21,Flu ED visits pct,quantile,0.1,1.3112617501208832
indiana,2026-02-21,0,2026-02-21,Flu ED visits pct,quantile,0.1,2.540101908952441
indianapolis,2026-02-21,0,2026-02-21,Flu ED visits pct,quantile,0.1,3.2072114797812836
la-grange,2026-02-21,0,2026-02-21,Flu ED visits pct,quantile,0.1,1.994328384561492
larimer,2026-02-21,0,2026-02-21,Flu ED visits pct,quantile,0.1,1.2216674098294322
lynn,2026-02-21,0,2026-02-21,Flu ED visits pct,quantile,0.1,0.9679898469682533
macon,2026-02-21,0,2026-02-21,Flu ED visits pct,quantile,0.1,1.152681191560546
maine,2026-02-21,0,2026-02-21,Flu ED visits pct,quantile,0.1,1.4237105419494056
marietta,2026-02-21,0,2026-02-21,Flu ED visits pct,quantile,0.1,1.6703854764597836
maryland,2026-02-21,0,2026-02-21,Flu ED visits pct,quantile,0.1,0.736169307921126
massachusetts,2026-02-21,0,2026-02-21,Flu ED visits pct,quantile,0.1,0.9881985264067069
medford,2026-02-21,0,2026-02-21,Flu ED visits pct,quantile,0.1,4.057520834717357
mesa,2026-02-21,0,2026-02-21,Flu ED visits pct,quantile,0.1,0.9948580141613848
minneapolis,2026-02-21,0,2026-02-21,Flu ED visits pct,quantile,0.1,1.4108186267983216
minnesota,2026-02-21,0,2026-02-21,Flu ED visits pct,quantile,0.1,1.6087402888495024
montgomery,2026-02-21,0,2026-02-21,Flu ED visits pct,quantile,0.1,0.5905809603164685
nenc,2026-02-21,0,2026-02-21,Flu ED visits pct,quantile,0.1,1.416804265237722
new-bedford,2026-02-21,0,2026-02-21,Flu ED visits pct,quantile,0.1,1.1888100444824996
north-carolina,2026-02-21,0,2026-02-21,Flu ED visits pct,quantile,0.1,1.689644812040916
nyc,2026-02-21,0,2026-02-21,ILI ED visits pct,quantile,0.1,2.679754989372065
ogden,2026-02-21,0,2026-02-21,Flu ED visits pct,quantile,0.1,1.9654070793098726
oregon,2026-02-21,0,2026-02-21,Flu ED visits pct,quantile,0.1,3.5148213406075155
pittsfield,2026-02-21,0,2026-02-21,Flu ED visits pct,quantile,0.1,0.4292604837155386
portland,2026-02-21,0,2026-02-21,Flu ED visits pct,quantile,0.1,1.0282460627609615
portland-or,2026-02-21,0,2026-02-21,Flu ED visits pct,quantile,0.1,2.851848716033327
provo,2026-02-21,0,2026-02-21,Flu ED visits pct,quantile,0.1,1.3302565723229574
roanoke,2026-02-21,0,2026-02-21,Flu ED visits pct,quantile,0.1,1.423682925256869
rochester,2026-02-21,0,2026-02-21,Flu ED visits pct,quantile,0.1,2.670359494683436
rock-hill,2026-02-21,0,2026-02-21,Flu ED visits pct,quantile,0.1,0.8069034840407607
rtp-area,2026-02-21,0,2026-02-21,Flu ED visits pct,quantile,0.1,1.67408653705551
salem,2026-02-21,0,2026-02-21,Flu ED visits pct,quantile,0.1,4.608613222680165
salt-lake-city,2026-02-21,0,2026-02-21,Flu ED visits pct,quantile,0.1,2.334084880451125
san-antonio,2026-02-21,0,2026-02-21,Flu ED visits pct,quantile,0.1,5.874027818273175
savannah,2026-02-21,0,2026-02-21,Flu ED visits pct,quantile,0.1,2.2750089694137934
senc,2026-02-21,0,2026-02-21,Flu ED visits pct,quantile,0.1,0.9491136015021436
south-augusta,2026-02-21,0,2026-02-21,Flu ED visits pct,quantile,0.1,1.8850159146581142
south-carolina,2026-02-21,0,2026-02-21,Flu ED visits pct,quantile,0.1,2.319037247774516
springfield,2026-02-21,0,2026-02-21,Flu ED visits pct,quantile,0.1,0.6932058228417336
st-cloud,2026-02-21,0,2026-02-21,Flu ED visits pct,quantile,0.1,2.580079115954817
st-paul,2026-02-21,0,2026-02-21,Flu ED visits pct,quantile,0.1,1.0915090541304924
texas,2026-02-21,0,2026-02-21,Flu ED visits pct,quantile,0.1,3.0334815429243474
triad-area,2026-02-21,0,2026-02-21,Flu ED visits pct,quantile,0.1,1.0548292011194722
utah,2026-02-21,0,2026-02-21,Flu ED visits pct,quantile,0.1,2.2433813844579524
virginia,2026-02-21,0,2026-02-21,Flu ED visits pct,quantile,0.1,1.401090054297142
weld,2026-02-21,0,2026-02-21,Flu ED visits pct,quantile,0.1,0.8438596442121551
wnc,2026-02-21,0,2026-02-21,Flu ED visits pct,quantile,0.1,1.1884749056077442
worcester,2026-02-21,0,2026-02-21,Flu ED visits pct,quantile,0.1,0.8719880604184652
athens,2026-02-21,1,2026-02-28,Flu ED visits pct,quantile,0.1,1.105027748142102
austin,2026-02-21,1,2026-02-28,Flu ED visits pct,quantile,0.1,2.5211075734120767
baltimore,2026-02-21,1,2026-02-28,Flu ED visits pct,quantile,0.1,0.3927834605793151
bangor,2026-02-21,1,2026-02-28,Flu ED visits pct,quantile,0.1,1.3459082333636319
beaumont,2026-02-21,1,2026-02-28,Flu ED visits pct,quantile,0.1,1.4138546741310067
boston,2026-02-21,1,2026-02-28,Flu ED visits pct,quantile,0.1,0.7639772799497496
boulder,2026-02-21,1,2026-02-28,Flu ED visits pct,quantile,0.1,1.7604082304563682
charleston,2026-02-21,1,2026-02-28,Flu ED visits pct,quantile,0.1,2.119767947908749
cherokee,2026-02-21,1,2026-02-28,Flu ED visits pct,quantile,0.1,1.8976012936313833
clt-area,2026-02-21,1,2026-02-28,Flu ED visits pct,quantile,0.1,1.4589794244079561
colorado,2026-02-21,1,2026-02-28,Flu ED visits pct,quantile,0.1,0.9854447683259883
colorado-springs,2026-02-21,1,2026-02-28,Flu ED visits pct,quantile,0.1,1.205381441073339
columbia,2026-02-21,1,2026-02-28,Flu ED visits pct,quantile,0.1,1.5669457263366928
columbus,2026-02-21,1,2026-02-28,Flu ED visits pct,quantile,0.1,1.7057866647220161
dallas,2026-02-21,1,2026-02-28,Flu ED visits pct,quantile,0.1,1.9900003696970783
denver,2026-02-21,1,2026-02-28,Flu ED visits pct,quantile,0.1,1.034601457506675
deschutes,2026-02-21,1,2026-02-28,Flu ED visits pct,quantile,0.1,2.4828467356252526
duluth,2026-02-21,1,2026-02-28,Flu ED visits pct,quantile,0.1,0.8303011930156702
el-paso,2026-02-21,1,2026-02-28,Flu ED visits pct,quantile,0.1,0.5740805344853228
eugene,2026-02-21,1,2026-02-28,Flu ED visits pct,quantile,0.1,1.807394649060307
fay-area,2026-02-21,1,2026-02-28,Flu ED visits pct,quantile,0.1,1.953283522988371
florence,2026-02-21,1,2026-02-28,Flu ED visits pct,quantile,0.1,1.8155387288028915
floyd,2026-02-21,1,2026-02-28,Flu ED visits pct,quantile,0.1,1.4198759749598544
frederick,2026-02-21,1,2026-02-28,Flu ED visits pct,quantile,0.1,0.4293830824755105
georgia,2026-02-21,1,2026-02-28,Flu ED visits pct,quantile,0.1,1.706241302998782
greenville,2026-02-21,1,2026-02-28,Flu ED visits pct,quantile,0.1,1.2774029917835887
hall,2026-02-21,1,2026-02-28,Flu ED visits pct,quantile,0.1,0.8630661909459215
harford,2026-02-21,1,2026-02-28,Flu ED visits pct,quantile,0.1,0.2948052139489505
henry,2026-02-21,1,2026-02-28,Flu ED visits pct,quantile,0.1,0.9340110468730783
horry,2026-02-21,1,2026-02-28,Flu ED visits pct,quantile,0.1,0.9597527322729998
houston,2026-02-21,1,2026-02-28,Flu ED visits pct,quantile,0.1,1.1075964046579356
indiana,2026-02-21,1,2026-02-28,Flu ED visits pct,quantile,0.1,2.0890526597036287
indianapolis,2026-02-21,1,2026-02-28,Flu ED visits pct,quantile,0.1,2.3943317889788185
la-grange,2026-02-21,1,2026-02-28,Flu ED visits pct,quantile,0.1,1.5442000689277793
larimer,2026-02-21,1,2026-02-28,Flu ED visits pct,quantile,0.1,0.9234636149109413
lynn,2026-02-21,1,2026-02-28,Flu ED visits pct,quantile,0.1,0.7754650700008361
macon,2026-02-21,1,2026-02-28,Flu ED visits pct,quantile,0.1,0.8541818103829194
maine,2026-02-21,1,2026-02-28,Flu ED visits pct,quantile,0.1,1.0885081119919633
marietta,2026-02-21,1,2026-02-28,Flu ED visits pct,quantile,0.1,1.3154922533103501
maryland,2026-02-21,1,2026-02-28,Flu ED visits pct,quantile,0.1,0.5932244124105037
massachusetts,2026-02-21,1,2026-02-28,Flu ED visits pct,quantile,0.1,0.8068077691526973
medford,2026-02-21,1,2026-02-28,Flu ED visits pct,quantile,0.1,2.385633211222638
mesa,2026-02-21,1,2026-02-28,Flu ED visits pct,quantile,0.1,0.7500988934856017
minneapolis,2026-02-21,1,2026-02-28,Flu ED visits pct,quantile,0.1,1.1487332464300162
minnesota,2026-02-21,1,2026-02-28,Flu ED visits pct,quantile,0.1,1.2209798723240861
montgomery,2026-02-21,1,2026-02-28,Flu ED visits pct,quantile,0.1,0.5001529693048606
nenc,2026-02-21,1,2026-02-28,Flu ED visits pct,quantile,0.1,1.0553712503062331
new-bedford,2026-02-21,1,2026-02-28,Flu ED visits pct,quantile,0.1,0.9498997375325983
north-carolina,2026-02-21,1,2026-02-28,Flu ED visits pct,quantile,0.1,1.2418426419155493
nyc,2026-02-21,1,2026-02-28,ILI ED visits pct,quantile,0.1,2.634924878806538
ogden,2026-02-21,1,2026-02-28,Flu ED visits pct,quantile,0.1,1.5364843984072272
oregon,2026-02-21,1,2026-02-28,Flu ED visits pct,quantile,0.1,2.4212896532248647
pittsfield,2026-02-21,1,2026-02-28,Flu ED visits pct,quantile,0.1,0.31114427437603065
portland,2026-02-21,1,2026-02-28,Flu ED visits pct,quantile,0.1,0.8043047848447511
portland-or,2026-02-21,1,2026-02-28,Flu ED visits pct,quantile,0.1,1.947808850506746
provo,2026-02-21,1,2026-02-28,Flu ED visits pct,quantile,0.1,1.0029326338348186
roanoke,2026-02-21,1,2026-02-28,Flu ED visits pct,quantile,0.1,1.0823750010733484
rochester,2026-02-21,1,2026-02-28,Flu ED visits pct,quantile,0.1,1.8486511796777447
rock-hill,2026-02-21,1,2026-02-28,Flu ED visits pct,quantile,0.1,0.6385727466653301
rtp-area,2026-02-21,1,2026-02-28,Flu ED visits pct,quantile,0.1,1.2373294990799462
salem,2026-02-21,1,2026-02-28,Flu ED visits pct,quantile,0.1,3.0739844765565727
salt-lake-city,2026-02-21,1,2026-02-28,Flu ED visits pct,quantile,0.1,1.763124403364639
san-antonio,2026-02-21,1,2026-02-28,Flu ED visits pct,quantile,0.1,4.30261360589027
savannah,2026-02-21,1,2026-02-28,Flu ED visits pct,quantile,0.1,1.5912466857479046
senc,2026-02-21,1,2026-02-28,Flu ED visits pct,quantile,0.1,0.7144347983442372
south-augusta,2026-02-21,1,2026-02-28,Flu ED visits pct,quantile,0.1,1.3514789629920159
south-carolina,2026-02-21,1,2026-02-28,Flu ED visits pct,quantile,0.1,1.729263867974645
springfield,2026-02-21,1,2026-02-28,Flu ED visits pct,quantile,0.1,0.5389772616800355
st-cloud,2026-02-21,1,2026-02-28,Flu ED visits pct,quantile,0.1,1.957063867694978
st-paul,2026-02-21,1,2026-02-28,Flu ED visits pct,quantile,0.1,0.9202312244752359
texas,2026-02-21,1,2026-02-28,Flu ED visits pct,quantile,0.1,2.3495339197575595
triad-area,2026-02-21,1,2026-02-28,Flu ED visits pct,quantile,0.1,0.7764695033014605
utah,2026-02-21,1,2026-02-28,Flu ED visits pct,quantile,0.1,1.7319826307766275
virginia,2026-02-21,1,2026-02-28,Flu ED visits pct,quantile,0.1,1.1514322381431938
weld,2026-02-21,1,2026-02-28,Flu ED visits pct,quantile,0.1,0.6933992516823604
wnc,2026-02-21,1,2026-02-28,Flu ED visits pct,quantile,0.1,0.8599034110249204
worcester,2026-02-21,1,2026-02-28,Flu ED visits pct,quantile,0.1,0.6376427742549595
athens,2026-02-21,2,2026-03-07,Flu ED visits pct,quantile,0.1,0.9422756789439911
austin,2026-02-21,2,2026-03-07,Flu ED visits pct,quantile,0.1,1.9577700259834108
baltimore,2026-02-21,2,2026-03-07,Flu ED visits pct,quantile,0.1,0.3643742513318258
bangor,2026-02-21,2,2026-03-07,Flu ED visits pct,quantile,0.1,1.177327470520853
beaumont,2026-02-21,2,2026-03-07,Flu ED visits pct,quantile,0.1,1.2620527417535565
boston,2026-02-21,2,2026-03-07,Flu ED visits pct,quantile,0.1,0.6878764818299044
boulder,2026-02-21,2,2026-03-07,Flu ED visits pct,quantile,0.1,1.4745018881225591
charleston,2026-02-21,2,2026-03-07,Flu ED visits pct,quantile,0.1,1.5476875680921727
cherokee,2026-02-21,2,2026-03-07,Flu ED visits pct,quantile,0.1,1.6332403927063783
clt-area,2026-02-21,2,2026-03-07,Flu ED visits pct,quantile,0.1,1.129380424254756
colorado,2026-02-21,2,2026-03-07,Flu ED visits pct,quantile,0.1,0.8127146588392486
colorado-springs,2026-02-21,2,2026-03-07,Flu ED visits pct,quantile,0.1,0.9974077766710909
columbia,2026-02-21,2,2026-03-07,Flu ED visits pct,quantile,0.1,1.343411538085408
columbus,2026-02-21,2,2026-03-07,Flu ED visits pct,quantile,0.1,1.1850163619710408
dallas,2026-02-21,2,2026-03-07,Flu ED visits pct,quantile,0.1,1.5443430894904373
denver,2026-02-21,2,2026-03-07,Flu ED visits pct,quantile,0.1,0.8964792406783163
deschutes,2026-02-21,2,2026-03-07,Flu ED visits pct,quantile,0.1,1.7698856309936153
duluth,2026-02-21,2,2026-03-07,Flu ED visits pct,quantile,0.1,0.7056229483833419
el-paso,2026-02-21,2,2026-03-07,Flu ED visits pct,quantile,0.1,0.5471249522783797
eugene,2026-02-21,2,2026-03-07,Flu ED visits pct,quantile,0.1,1.2451347812056524
fay-area,2026-02-21,2,2026-03-07,Flu ED visits pct,quantile,0.1,1.4282583773549813
florence,2026-02-21,2,2026-03-07,Flu ED visits pct,quantile,0.1,1.4198891087460987
floyd,2026-02-21,2,2026-03-07,Flu ED visits pct,quantile,0.1,1.2308456514108936
frederick,2026-02-21,2,2026-03-07,Flu ED visits pct,quantile,0.1,0.37941552599531725
georgia,2026-02-21,2,2026-03-07,Flu ED visits pct,quantile,0.1,1.5508938566667454
greenville,2026-02-21,2,2026-03-07,Flu ED visits pct,quantile,0.1,1.0516374302802682
hall,2026-02-21,2,2026-03-07,Flu ED visits pct,quantile,0.1,0.7224596481538205
harford,2026-02-21,2,2026-03-07,Flu ED visits pct,quantile,0.1,0.24554175967809055
henry,2026-02-21,2,2026-03-07,Flu ED visits pct,quantile,0.1,0.8288828539348905
horry,2026-02-21,2,2026-03-07,Flu ED visits pct,quantile,0.1,0.777815023153646
houston,2026-02-21,2,2026-03-07,Flu ED visits pct,quantile,0.1,1.0338980796938804
indiana,2026-02-21,2,2026-03-07,Flu ED visits pct,quantile,0.1,1.7696314140798979
indianapolis,2026-02-21,2,2026-03-07,Flu ED visits pct,quantile,0.1,1.868592778065396
la-grange,2026-02-21,2,2026-03-07,Flu ED visits pct,quantile,0.1,1.3011183492446101
larimer,2026-02-21,2,2026-03-07,Flu ED visits pct,quantile,0.1,0.728044050271098
lynn,2026-02-21,2,2026-03-07,Flu ED visits pct,quantile,0.1,0.6309707417616972
macon,2026-02-21,2,2026-03-07,Flu ED visits pct,quantile,0.1,0.6622519112205685
maine,2026-02-21,2,2026-03-07,Flu ED visits pct,quantile,0.1,0.9332477138747081
marietta,2026-02-21,2,2026-03-07,Flu ED visits pct,quantile,0.1,1.2153358055962502
maryland,2026-02-21,2,2026-03-07,Flu ED visits pct,quantile,0.1,0.5365276245731281
massachusetts,2026-02-21,2,2026-03-07,Flu ED visits pct,quantile,0.1,0.7002924646928264
medford,2026-02-21,2,2026-03-07,Flu ED visits pct,quantile,0.1,1.412196031290224
mesa,2026-02-21,2,2026-03-07,Flu ED visits pct,quantile,0.1,0.628505637024473
minneapolis,2026-02-21,2,2026-03-07,Flu ED visits pct,quantile,0.1,1.0261279299019213
minnesota,2026-02-21,2,2026-03-07,Flu ED visits pct,quantile,0.1,1.0035370311662895
montgomery,2026-02-21,2,2026-03-07,Flu ED visits pct,quantile,0.1,0.46091481742969337
nenc,2026-02-21,2,2026-03-07,Flu ED visits pct,quantile,0.1,0.7828200860091735
new-bedford,2026-02-21,2,2026-03-07,Flu ED visits pct,quantile,0.1,0.83475390262304
north-carolina,2026-02-21,2,2026-03-07,Flu ED visits pct,quantile,0.1,0.9385845309812978
nyc,2026-02-21,2,2026-03-07,ILI ED visits pct,quantile,0.1,2.548781051427331
ogden,2026-02-21,2,2026-03-07,Flu ED visits pct,quantile,0.1,1.2891035132876263
oregon,2026-02-21,2,2026-03-07,Flu ED visits pct,quantile,0.1,1.6647807088400408
pittsfield,2026-02-21,2,2026-03-07,Flu ED visits pct,quantile,0.1,0.25090476632861636
portland,2026-02-21,2,2026-03-07,Flu ED visits pct,quantile,0.1,0.6755476442471596
portland-or,2026-02-21,2,2026-03-07,Flu ED visits pct,quantile,0.1,1.3558605323774713
provo,2026-02-21,2,2026-03-07,Flu ED visits pct,quantile,0.1,0.8472626183959193
roanoke,2026-02-21,2,2026-03-07,Flu ED visits pct,quantile,0.1,0.7592385952018716
rochester,2026-02-21,2,2026-03-07,Flu ED visits pct,quantile,0.1,1.2805169719236067
rock-hill,2026-02-21,2,2026-03-07,Flu ED visits pct,quantile,0.1,0.584473148256917
rtp-area,2026-02-21,2,2026-03-07,Flu ED visits pct,quantile,0.1,0.8831475578562926
salem,2026-02-21,2,2026-03-07,Flu ED visits pct,quantile,0.1,1.9460733416664318
salt-lake-city,2026-02-21,2,2026-03-07,Flu ED visits pct,quantile,0.1,1.4150431171352273
san-antonio,2026-02-21,2,2026-03-07,Flu ED visits pct,quantile,0.1,3.137595926373222
savannah,2026-02-21,2,2026-03-07,Flu ED visits pct,quantile,0.1,1.0887177358197786
senc,2026-02-21,2,2026-03-07,Flu ED visits pct,quantile,0.1,0.5618803745211841
south-augusta,2026-02-21,2,2026-03-07,Flu ED visits pct,quantile,0.1,0.9750874837565148
south-carolina,2026-02-21,2,2026-03-07,Flu ED visits pct,quantile,0.1,1.459537637963656
springfield,2026-02-21,2,2026-03-07,Flu ED visits pct,quantile,0.1,0.43699416901736593
st-cloud,2026-02-21,2,2026-03-07,Flu ED visits pct,quantile,0.1,1.619865872338461
st-paul,2026-02-21,2,2026-03-07,Flu ED visits pct,quantile,0.1,0.8417714781149388
texas,2026-02-21,2,2026-03-07,Flu ED visits pct,quantile,0.1,1.863970568364184
triad-area,2026-02-21,2,2026-03-07,Flu ED visits pct,quantile,0.1,0.5679723907696993
utah,2026-02-21,2,2026-03-07,Flu ED visits pct,quantile,0.1,1.4145778651026293
virginia,2026-02-21,2,2026-03-07,Flu ED visits pct,quantile,0.1,0.9829227625620022
weld,2026-02-21,2,2026-03-07,Flu ED visits pct,quantile,0.1,0.6106731825769627
wnc,2026-02-21,2,2026-03-07,Flu ED visits pct,quantile,0.1,0.6351511298192873
worcester,2026-02-21,2,2026-03-07,Flu ED visits pct,quantile,0.1,0.4862045936809466
athens,2026-02-21,3,2026-03-14,Flu ED visits pct,quantile,0.1,0.8258973039105512
austin,2026-02-21,3,2026-03-14,Flu ED visits pct,quantile,0.1,1.4951658842470414
baltimore,2026-02-21,3,2026-03-14,Flu ED visits pct,quantile,0.1,0.33366928946721164
bangor,2026-02-21,3,2026-03-14,Flu ED visits pct,quantile,0.1,0.9374679598622397
beaumont,2026-02-21,3,2026-03-14,Flu ED visits pct,quantile,0.1,1.0064833961827462
boston,2026-02-21,3,2026-03-14,Flu ED visits pct,quantile,0.1,0.6145942938629195
boulder,2026-02-21,3,2026-03-14,Flu ED visits pct,quantile,0.1,1.2048535717415756
charleston,2026-02-21,3,2026-03-14,Flu ED visits pct,quantile,0.1,1.1346349101373285
cherokee,2026-02-21,3,2026-03-14,Flu ED visits pct,quantile,0.1,1.4981731592226195
clt-area,2026-02-21,3,2026-03-14,Flu ED visits pct,quantile,0.1,0.8202376217286382
colorado,2026-02-21,3,2026-03-14,Flu ED visits pct,quantile,0.1,0.7038458148911281
colorado-springs,2026-02-21,3,2026-03-14,Flu ED visits pct,quantile,0.1,0.8418231337941076
columbia,2026-02-21,3,2026-03-14,Flu ED visits pct,quantile,0.1,1.0466322869150393
columbus,2026-02-21,3,2026-03-14,Flu ED visits pct,quantile,0.1,0.8222625744307605
dallas,2026-02-21,3,2026-03-14,Flu ED visits pct,quantile,0.1,1.2276681041983228
denver,2026-02-21,3,2026-03-14,Flu ED visits pct,quantile,0.1,0.7869828349701042
deschutes,2026-02-21,3,2026-03-14,Flu ED visits pct,quantile,0.1,1.3104637901163345
duluth,2026-02-21,3,2026-03-14,Flu ED visits pct,quantile,0.1,0.6009740327915243
el-paso,2026-02-21,3,2026-03-14,Flu ED visits pct,quantile,0.1,0.5174509382995824
eugene,2026-02-21,3,2026-03-14,Flu ED visits pct,quantile,0.1,0.8977324415803322
fay-area,2026-02-21,3,2026-03-14,Flu ED visits pct,quantile,0.1,1.0645866518619562
florence,2026-02-21,3,2026-03-14,Flu ED visits pct,quantile,0.1,1.0656410983620574
floyd,2026-02-21,3,2026-03-14,Flu ED visits pct,quantile,0.1,1.0466877692409187
frederick,2026-02-21,3,2026-03-14,Flu ED visits pct,quantile,0.1,0.32416079359534317
georgia,2026-02-21,3,2026-03-14,Flu ED visits pct,quantile,0.1,1.254639291782358
greenville,2026-02-21,3,2026-03-14,Flu ED visits pct,quantile,0.1,0.8714206112910038
hall,2026-02-21,3,2026-03-14,Flu ED visits pct,quantile,0.1,0.6167513403897116
harford,2026-02-21,3,2026-03-14,Flu ED visits pct,quantile,0.1,0.2172296612665958
henry,2026-02-21,3,2026-03-14,Flu ED visits pct,quantile,0.1,0.7107754583053838
horry,2026-02-21,3,2026-03-14,Flu ED visits pct,quantile,0.1,0.6346907036215473
houston,2026-02-21,3,2026-03-14,Flu ED visits pct,quantile,0.1,0.9195618137358224
indiana,2026-02-21,3,2026-03-14,Flu ED visits pct,quantile,0.1,1.4329271748791559
indianapolis,2026-02-21,3,2026-03-14,Flu ED visits pct,quantile,0.1,1.4274986603190873
la-grange,2026-02-21,3,2026-03-14,Flu ED visits pct,quantile,0.1,0.9608726025990858
larimer,2026-02-21,3,2026-03-14,Flu ED visits pct,quantile,0.1,0.5977772779322509
lynn,2026-02-21,3,2026-03-14,Flu ED visits pct,quantile,0.1,0.5667795982490295
macon,2026-02-21,3,2026-03-14,Flu ED visits pct,quantile,0.1,0.5001507254747541
maine,2026-02-21,3,2026-03-14,Flu ED visits pct,quantile,0.1,0.7306414986185344
marietta,2026-02-21,3,2026-03-14,Flu ED visits pct,quantile,0.1,1.0337715993969396
maryland,2026-02-21,3,2026-03-14,Flu ED visits pct,quantile,0.1,0.4816936805180008
massachusetts,2026-02-21,3,2026-03-14,Flu ED visits pct,quantile,0.1,0.6145750333201494
medford,2026-02-21,3,2026-03-14,Flu ED visits pct,quantile,0.1,1.0298579097848475
mesa,2026-02-21,3,2026-03-14,Flu ED visits pct,quantile,0.1,0.5057521793358638
minneapolis,2026-02-21,3,2026-03-14,Flu ED visits pct,quantile,0.1,0.9164085491075379
minnesota,2026-02-21,3,2026-03-14,Flu ED visits pct,quantile,0.1,0.8862024087939716
montgomery,2026-02-21,3,2026-03-14,Flu ED visits pct,quantile,0.1,0.423189017897505
nenc,2026-02-21,3,2026-03-14,Flu ED visits pct,quantile,0.1,0.5668596041832242
new-bedford,2026-02-21,3,2026-03-14,Flu ED visits pct,quantile,0.1,0.7337778177973248
north-carolina,2026-02-21,3,2026-03-14,Flu ED visits pct,quantile,0.1,0.652504929061973
nyc,2026-02-21,3,2026-03-14,ILI ED visits pct,quantile,0.1,2.4002184418391757
ogden,2026-02-21,3,2026-03-14,Flu ED visits pct,quantile,0.1,0.9986730203558876
oregon,2026-02-21,3,2026-03-14,Flu ED visits pct,quantile,0.1,1.226971039133401
pittsfield,2026-02-21,3,2026-03-14,Flu ED visits pct,quantile,0.1,0.21493138263517622
portland,2026-02-21,3,2026-03-14,Flu ED visits pct,quantile,0.1,0.5432996890250016
portland-or,2026-02-21,3,2026-03-14,Flu ED visits pct,quantile,0.1,0.9780608757163637
provo,2026-02-21,3,2026-03-14,Flu ED visits pct,quantile,0.1,0.708201725366151
roanoke,2026-02-21,3,2026-03-14,Flu ED visits pct,quantile,0.1,0.6101391668658044
rochester,2026-02-21,3,2026-03-14,Flu ED visits pct,quantile,0.1,0.8850129162471004
rock-hill,2026-02-21,3,2026-03-14,Flu ED visits pct,quantile,0.1,0.4962492466086844
rtp-area,2026-02-21,3,2026-03-14,Flu ED visits pct,quantile,0.1,0.6246113168400677
salem,2026-02-21,3,2026-03-14,Flu ED visits pct,quantile,0.1,1.3759473423349604
salt-lake-city,2026-02-21,3,2026-03-14,Flu ED visits pct,quantile,0.1,1.1110256627900115
san-antonio,2026-02-21,3,2026-03-14,Flu ED visits pct,quantile,0.1,2.207562939645903
savannah,2026-02-21,3,2026-03-14,Flu ED visits pct,quantile,0.1,0.7570979878182461
senc,2026-02-21,3,2026-03-14,Flu ED visits pct,quantile,0.1,0.4408813461866661
south-augusta,2026-02-21,3,2026-03-14,Flu ED visits pct,quantile,0.1,0.7052936085170461
south-carolina,2026-02-21,3,2026-03-14,Flu ED visits pct,quantile,0.1,1.105613321804236
springfield,2026-02-21,3,2026-03-14,Flu ED visits pct,quantile,0.1,0.40061690495113533
st-cloud,2026-02-21,3,2026-03-14,Flu ED visits pct,quantile,0.1,1.221644490212766
st-paul,2026-02-21,3,2026-03-14,Flu ED visits pct,quantile,0.1,0.7611294194873373
texas,2026-02-21,3,2026-03-14,Flu ED visits pct,quantile,0.1,1.5013275166289044
triad-area,2026-02-21,3,2026-03-14,Flu ED visits pct,quantile,0.1,0.40937150291187036
utah,2026-02-21,3,2026-03-14,Flu ED visits pct,quantile,0.1,1.182843063036626
virginia,2026-02-21,3,2026-03-14,Flu ED visits pct,quantile,0.1,0.8583079415970388
weld,2026-02-21,3,2026-03-14,Flu ED visits pct,quantile,0.1,0.5538007066079198
wnc,2026-02-21,3,2026-03-14,Flu ED visits pct,quantile,0.1,0.4529384766711112
worcester,2026-02-21,3,2026-03-14,Flu ED visits pct,quantile,0.1,0.42241094674705365
athens,2026-02-21,0,2026-02-21,Flu ED visits pct,quantile,0.25,1.8744776737516686
austin,2026-02-21,0,2026-02-21,Flu ED visits pct,quantile,0.25,3.857479545685084
baltimore,2026-02-21,0,2026-02-21,Flu ED visits pct,quantile,0.25,0.5794669061872136
bangor,2026-02-21,0,2026-02-21,Flu ED visits pct,quantile,0.25,2.2137185611264374
beaumont,2026-02-21,0,2026-02-21,Flu ED visits pct,quantile,0.25,2.2979415183502656
boston,2026-02-21,0,2026-02-21,Flu ED visits pct,quantile,0.25,1.0825416447024983
boulder,2026-02-21,0,2026-02-21,Flu ED visits pct,quantile,0.25,2.9072725529895114
charleston,2026-02-21,0,2026-02-21,Flu ED visits pct,quantile,0.25,3.5611087594048496
cherokee,2026-02-21,0,2026-02-21,Flu ED visits pct,quantile,0.25,2.965562307967328
clt-area,2026-02-21,0,2026-02-21,Flu ED visits pct,quantile,0.25,2.3178113321623526
colorado,2026-02-21,0,2026-02-21,Flu ED visits pct,quantile,0.25,1.6814283839181197
colorado-springs,2026-02-21,0,2026-02-21,Flu ED visits pct,quantile,0.25,1.8721367165304035
columbia,2026-02-21,0,2026-02-21,Flu ED visits pct,quantile,0.25,2.309969923921119
columbus,2026-02-21,0,2026-02-21,Flu ED visits pct,quantile,0.25,2.8961660693344355
dallas,2026-02-21,0,2026-02-21,Flu ED visits pct,quantile,0.25,2.9642414840910702
denver,2026-02-21,0,2026-02-21,Flu ED visits pct,quantile,0.25,1.528718255075504
deschutes,2026-02-21,0,2026-02-21,Flu ED visits pct,quantile,0.25,4.009824880573838
duluth,2026-02-21,0,2026-02-21,Flu ED visits pct,quantile,0.25,1.4031557302818594
el-paso,2026-02-21,0,2026-02-21,Flu ED visits pct,quantile,0.25,0.8950214730749582
eugene,2026-02-21,0,2026-02-21,Flu ED visits pct,quantile,0.25,2.87452233574991
fay-area,2026-02-21,0,2026-02-21,Flu ED visits pct,quantile,0.25,3.0912189263206105
florence,2026-02-21,0,2026-02-21,Flu ED visits pct,quantile,0.25,2.9823010309547993
floyd,2026-02-21,0,2026-02-21,Flu ED visits pct,quantile,0.25,2.3318535229812234
frederick,2026-02-21,0,2026-02-21,Flu ED visits pct,quantile,0.25,0.8755616380236926
georgia,2026-02-21,0,2026-02-21,Flu ED visits pct,quantile,0.25,2.411984942310068
greenville,2026-02-21,0,2026-02-21,Flu ED visits pct,quantile,0.25,2.066961762362161
hall,2026-02-21,0,2026-02-21,Flu ED visits pct,quantile,0.25,1.504023631574244
harford,2026-02-21,0,2026-02-21,Flu ED visits pct,quantile,0.25,0.5465071653863145
henry,2026-02-21,0,2026-02-21,Flu ED visits pct,quantile,0.25,1.3908893429958207
horry,2026-02-21,0,2026-02-21,Flu ED visits pct,quantile,0.25,1.5919619719501659
houston,2026-02-21,0,2026-02-21,Flu ED visits pct,quantile,0.25,1.454833572581236
indiana,2026-02-21,0,2026-02-21,Flu ED visits pct,quantile,0.25,2.906710926841307
indianapolis,2026-02-21,0,2026-02-21,Flu ED visits pct,quantile,0.25,3.7623002747298204
la-grange,2026-02-21,0,2026-02-21,Flu ED visits pct,quantile,0.25,2.519112441580721
larimer,2026-02-21,0,2026-02-21,Flu ED visits pct,quantile,0.25,1.6115421853583551
lynn,2026-02-21,0,2026-02-21,Flu ED visits pct,quantile,0.25,1.2547104951910246
macon,2026-02-21,0,2026-02-21,Flu ED visits pct,quantile,0.25,1.4253237008564836
maine,2026-02-21,0,2026-02-21,Flu ED visits pct,quantile,0.25,1.6672474992528505
marietta,2026-02-21,0,2026-02-21,Flu ED visits pct,quantile,0.25,2.1765098301567565
maryland,2026-02-21,0,2026-02-21,Flu ED visits pct,quantile,0.25,0.8880703317652855
massachusetts,2026-02-21,0,2026-02-21,Flu ED visits pct,quantile,0.25,1.1991462055143618
medford,2026-02-21,0,2026-02-21,Flu ED visits pct,quantile,0.25,4.573686538399387
mesa,2026-02-21,0,2026-02-21,Flu ED visits pct,quantile,0.25,1.2760358538242444
minneapolis,2026-02-21,0,2026-02-21,Flu ED visits pct,quantile,0.25,1.5446702864394675
minnesota,2026-02-21,0,2026-02-21,Flu ED visits pct,quantile,0.25,1.9565271954746335
montgomery,2026-02-21,0,2026-02-21,Flu ED visits pct,quantile,0.25,0.722024156096352
nenc,2026-02-21,0,2026-02-21,Flu ED visits pct,quantile,0.25,1.6819704049119841
new-bedford,2026-02-21,0,2026-02-21,Flu ED visits pct,quantile,0.25,1.5083136443662661
north-carolina,2026-02-21,0,2026-02-21,Flu ED visits pct,quantile,0.25,1.9730421291299518
nyc,2026-02-21,0,2026-02-21,ILI ED visits pct,quantile,0.25,2.861799218429121
ogden,2026-02-21,0,2026-02-21,Flu ED visits pct,quantile,0.25,2.418830438322167
oregon,2026-02-21,0,2026-02-21,Flu ED visits pct,quantile,0.25,3.7863372550837404
pittsfield,2026-02-21,0,2026-02-21,Flu ED visits pct,quantile,0.25,0.5930233972510828
portland,2026-02-21,0,2026-02-21,Flu ED visits pct,quantile,0.25,1.3212528338206
portland-or,2026-02-21,0,2026-02-21,Flu ED visits pct,quantile,0.25,3.1435665060612297
provo,2026-02-21,0,2026-02-21,Flu ED visits pct,quantile,0.25,1.6335939482212594
roanoke,2026-02-21,0,2026-02-21,Flu ED visits pct,quantile,0.25,1.7773790815554154
rochester,2026-02-21,0,2026-02-21,Flu ED visits pct,quantile,0.25,3.346946225499121
rock-hill,2026-02-21,0,2026-02-21,Flu ED visits pct,quantile,0.25,1.0611996446747376
rtp-area,2026-02-21,0,2026-02-21,Flu ED visits pct,quantile,0.25,1.9538808909177243
salem,2026-02-21,0,2026-02-21,Flu ED visits pct,quantile,0.25,5.121002862477323
salt-lake-city,2026-02-21,0,2026-02-21,Flu ED visits pct,quantile,0.25,2.6439211189334255
san-antonio,2026-02-21,0,2026-02-21,Flu ED visits pct,quantile,0.25,6.485364057737447
savannah,2026-02-21,0,2026-02-21,Flu ED visits pct,quantile,0.25,2.6099403311096063
senc,2026-02-21,0,2026-02-21,Flu ED visits pct,quantile,0.25,1.168805165073727
south-augusta,2026-02-21,0,2026-02-21,Flu ED visits pct,quantile,0.25,2.2811094141163535
south-carolina,2026-02-21,0,2026-02-21,Flu ED visits pct,quantile,0.25,2.7256354895847634
springfield,2026-02-21,0,2026-02-21,Flu ED visits pct,quantile,0.25,0.8874598307370323
st-cloud,2026-02-21,0,2026-02-21,Flu ED visits pct,quantile,0.25,3.231266876649022
st-paul,2026-02-21,0,2026-02-21,Flu ED visits pct,quantile,0.25,1.2748693935037785
texas,2026-02-21,0,2026-02-21,Flu ED visits pct,quantile,0.25,3.4696366800021274
triad-area,2026-02-21,0,2026-02-21,Flu ED visits pct,quantile,0.25,1.176769160639198
utah,2026-02-21,0,2026-02-21,Flu ED visits pct,quantile,0.25,2.5998626043154416
virginia,2026-02-21,0,2026-02-21,Flu ED visits pct,quantile,0.25,1.5992708835595568
weld,2026-02-21,0,2026-02-21,Flu ED visits pct,quantile,0.25,1.0328717144888098
wnc,2026-02-21,0,2026-02-21,Flu ED visits pct,quantile,0.25,1.3937376449179437
worcester,2026-02-21,0,2026-02-21,Flu ED visits pct,quantile,0.25,1.202368682765348
athens,2026-02-21,1,2026-02-28,Flu ED visits pct,quantile,0.25,1.5793009028134182
austin,2026-02-21,1,2026-02-28,Flu ED visits pct,quantile,0.25,3.0273908832233176
baltimore,2026-02-21,1,2026-02-28,Flu ED visits pct,quantile,0.25,0.554676801232079
bangor,2026-02-21,1,2026-02-28,Flu ED visits pct,quantile,0.25,1.7541869198389466
beaumont,2026-02-21,1,2026-02-28,Flu ED visits pct,quantile,0.25,1.770199106200158
boston,2026-02-21,1,2026-02-28,Flu ED visits pct,quantile,0.25,0.972098077450413
boulder,2026-02-21,1,2026-02-28,Flu ED visits pct,quantile,0.25,2.296942251038684
charleston,2026-02-21,1,2026-02-28,Flu ED visits pct,quantile,0.25,2.674097028650945
cherokee,2026-02-21,1,2026-02-28,Flu ED visits pct,quantile,0.25,2.4833602152990695
clt-area,2026-02-21,1,2026-02-28,Flu ED visits pct,quantile,0.25,1.8255616664145395
colorado,2026-02-21,1,2026-02-28,Flu ED visits pct,quantile,0.25,1.4667420422778208
colorado-springs,2026-02-21,1,2026-02-28,Flu ED visits pct,quantile,0.25,1.5100007268128097
columbia,2026-02-21,1,2026-02-28,Flu ED visits pct,quantile,0.25,1.7610684027151422
columbus,2026-02-21,1,2026-02-28,Flu ED visits pct,quantile,0.25,2.1680094252400357
dallas,2026-02-21,1,2026-02-28,Flu ED visits pct,quantile,0.25,2.2328238309303194
denver,2026-02-21,1,2026-02-28,Flu ED visits pct,quantile,0.25,1.3344128351503108
deschutes,2026-02-21,1,2026-02-28,Flu ED visits pct,quantile,0.25,3.0887908588956052
duluth,2026-02-21,1,2026-02-28,Flu ED visits pct,quantile,0.25,1.1555339055034968
el-paso,2026-02-21,1,2026-02-28,Flu ED visits pct,quantile,0.25,0.8428284531520576
eugene,2026-02-21,1,2026-02-28,Flu ED visits pct,quantile,0.25,2.087586739594752
fay-area,2026-02-21,1,2026-02-28,Flu ED visits pct,quantile,0.25,2.4273401529408405
florence,2026-02-21,1,2026-02-28,Flu ED visits pct,quantile,0.25,2.1320470794157287
floyd,2026-02-21,1,2026-02-28,Flu ED visits pct,quantile,0.25,1.8745733439959438
frederick,2026-02-21,1,2026-02-28,Flu ED visits pct,quantile,0.25,0.7637250634555237
georgia,2026-02-21,1,2026-02-28,Flu ED visits pct,quantile,0.25,1.9760258529981012
greenville,2026-02-21,1,2026-02-28,Flu ED visits pct,quantile,0.25,1.7507907522317874
hall,2026-02-21,1,2026-02-28,Flu ED visits pct,quantile,0.25,1.2708080481053778
harford,2026-02-21,1,2026-02-28,Flu ED visits pct,quantile,0.25,0.46030991385289327
henry,2026-02-21,1,2026-02-28,Flu ED visits pct,quantile,0.25,1.1598544163757276
horry,2026-02-21,1,2026-02-28,Flu ED visits pct,quantile,0.25,1.2113041057482015
houston,2026-02-21,1,2026-02-28,Flu ED visits pct,quantile,0.25,1.354547992107174
indiana,2026-02-21,1,2026-02-28,Flu ED visits pct,quantile,0.25,2.2701261192544737
indianapolis,2026-02-21,1,2026-02-28,Flu ED visits pct,quantile,0.25,2.915618831959223
la-grange,2026-02-21,1,2026-02-28,Flu ED visits pct,quantile,0.25,1.9762217232642358
larimer,2026-02-21,1,2026-02-28,Flu ED visits pct,quantile,0.25,1.3664494323560117
lynn,2026-02-21,1,2026-02-28,Flu ED visits pct,quantile,0.25,1.0658382483298348
macon,2026-02-21,1,2026-02-28,Flu ED visits pct,quantile,0.25,1.0709463802471413
maine,2026-02-21,1,2026-02-28,Flu ED visits pct,quantile,0.25,1.283306796810688
marietta,2026-02-21,1,2026-02-28,Flu ED visits pct,quantile,0.25,1.762516628443463
maryland,2026-02-21,1,2026-02-28,Flu ED visits pct,quantile,0.25,0.8244846403198837
massachusetts,2026-02-21,1,2026-02-28,Flu ED visits pct,quantile,0.25,1.0217032884870294
medford,2026-02-21,1,2026-02-28,Flu ED visits pct,quantile,0.25,2.8668803510351304
mesa,2026-02-21,1,2026-02-28,Flu ED visits pct,quantile,0.25,0.9272064434817597
minneapolis,2026-02-21,1,2026-02-28,Flu ED visits pct,quantile,0.25,1.3660078004944043
minnesota,2026-02-21,1,2026-02-28,Flu ED visits pct,quantile,0.25,1.6822001942195035
montgomery,2026-02-21,1,2026-02-28,Flu ED visits pct,quantile,0.25,0.695288950094943
nenc,2026-02-21,1,2026-02-28,Flu ED visits pct,quantile,0.25,1.276934383703481
new-bedford,2026-02-21,1,2026-02-28,Flu ED visits pct,quantile,0.25,1.3248718688943248
north-carolina,2026-02-21,1,2026-02-28,Flu ED visits pct,quantile,0.25,1.4795687753165327
nyc,2026-02-21,1,2026-02-28,ILI ED visits pct,quantile,0.25,2.811080285725338
ogden,2026-02-21,1,2026-02-28,Flu ED visits pct,quantile,0.25,1.8721872584122061
oregon,2026-02-21,1,2026-02-28,Flu ED visits pct,quantile,0.25,2.8438096887501696
pittsfield,2026-02-21,1,2026-02-28,Flu ED visits pct,quantile,0.25,0.4741084563066379
portland,2026-02-21,1,2026-02-28,Flu ED visits pct,quantile,0.25,1.1027388436473362
portland-or,2026-02-21,1,2026-02-28,Flu ED visits pct,quantile,0.25,2.338751269389985
provo,2026-02-21,1,2026-02-28,Flu ED visits pct,quantile,0.25,1.2686845350870848
roanoke,2026-02-21,1,2026-02-28,Flu ED visits pct,quantile,0.25,1.3355404175393157
rochester,2026-02-21,1,2026-02-28,Flu ED visits pct,quantile,0.25,2.4322909950898186
rock-hill,2026-02-21,1,2026-02-28,Flu ED visits pct,quantile,0.25,0.9216792222569349
rtp-area,2026-02-21,1,2026-02-28,Flu ED visits pct,quantile,0.25,1.4956317405948318
salem,2026-02-21,1,2026-02-28,Flu ED visits pct,quantile,0.25,3.4773892651087466
salt-lake-city,2026-02-21,1,2026-02-28,Flu ED visits pct,quantile,0.25,2.013983455090145
san-antonio,2026-02-21,1,2026-02-28,Flu ED visits pct,quantile,0.25,4.937669781730266
savannah,2026-02-21,1,2026-02-28,Flu ED visits pct,quantile,0.25,1.9522127782245429
senc,2026-02-21,1,2026-02-28,Flu ED visits pct,quantile,0.25,0.9486556666862631
south-augusta,2026-02-21,1,2026-02-28,Flu ED visits pct,quantile,0.25,1.7110553571279794
south-carolina,2026-02-21,1,2026-02-28,Flu ED visits pct,quantile,0.25,2.109328040954378
springfield,2026-02-21,1,2026-02-28,Flu ED visits pct,quantile,0.25,0.7574873313454002
st-cloud,2026-02-21,1,2026-02-28,Flu ED visits pct,quantile,0.25,2.530557277903692
st-paul,2026-02-21,1,2026-02-28,Flu ED visits pct,quantile,0.25,1.18815865606295
texas,2026-02-21,1,2026-02-28,Flu ED visits pct,quantile,0.25,2.667574952218779
triad-area,2026-02-21,1,2026-02-28,Flu ED visits pct,quantile,0.25,0.8998183150714065
utah,2026-02-21,1,2026-02-28,Flu ED visits pct,quantile,0.25,2.048577771515743
virginia,2026-02-21,1,2026-02-28,Flu ED visits pct,quantile,0.25,1.3526638832733173
weld,2026-02-21,1,2026-02-28,Flu ED visits pct,quantile,0.25,0.9176064023418102
wnc,2026-02-21,1,2026-02-28,Flu ED visits pct,quantile,0.25,1.0607183716365765
worcester,2026-02-21,1,2026-02-28,Flu ED visits pct,quantile,0.25,0.9636192811805114
athens,2026-02-21,2,2026-03-07,Flu ED visits pct,quantile,0.25,1.3628403090240484
austin,2026-02-21,2,2026-03-07,Flu ED visits pct,quantile,0.25,2.179510927930016
baltimore,2026-02-21,2,2026-03-07,Flu ED visits pct,quantile,0.25,0.5137837760635948
bangor,2026-02-21,2,2026-03-07,Flu ED visits pct,quantile,0.25,1.3049081833703493
beaumont,2026-02-21,2,2026-03-07,Flu ED visits pct,quantile,0.25,1.3372035049433215
boston,2026-02-21,2,2026-03-07,Flu ED visits pct,quantile,0.25,0.9168507641248357
boulder,2026-02-21,2,2026-03-07,Flu ED visits pct,quantile,0.25,1.7172790060916594
charleston,2026-02-21,2,2026-03-07,Flu ED visits pct,quantile,0.25,1.9647237073827613
cherokee,2026-02-21,2,2026-03-07,Flu ED visits pct,quantile,0.25,2.164523117160206
clt-area,2026-02-21,2,2026-03-07,Flu ED visits pct,quantile,0.25,1.2750142093310861
colorado,2026-02-21,2,2026-03-07,Flu ED visits pct,quantile,0.25,1.275498678796379
colorado-springs,2026-02-21,2,2026-03-07,Flu ED visits pct,quantile,0.25,1.1801138245460632
columbia,2026-02-21,2,2026-03-07,Flu ED visits pct,quantile,0.25,1.345191647908221
columbus,2026-02-21,2,2026-03-07,Flu ED visits pct,quantile,0.25,1.5512984978460154
dallas,2026-02-21,2,2026-03-07,Flu ED visits pct,quantile,0.25,1.6152668491097288
denver,2026-02-21,2,2026-03-07,Flu ED visits pct,quantile,0.25,1.201094002344667
deschutes,2026-02-21,2,2026-03-07,Flu ED visits pct,quantile,0.25,2.302228245342438
duluth,2026-02-21,2,2026-03-07,Flu ED visits pct,quantile,0.25,0.8788072785074591
el-paso,2026-02-21,2,2026-03-07,Flu ED visits pct,quantile,0.25,0.8014531977204185
eugene,2026-02-21,2,2026-03-07,Flu ED visits pct,quantile,0.25,1.5631740480856289
fay-area,2026-02-21,2,2026-03-07,Flu ED visits pct,quantile,0.25,1.7507273914569395
florence,2026-02-21,2,2026-03-07,Flu ED visits pct,quantile,0.25,1.4305956740067818
floyd,2026-02-21,2,2026-03-07,Flu ED visits pct,quantile,0.25,1.5741303543202847
frederick,2026-02-21,2,2026-03-07,Flu ED visits pct,quantile,0.25,0.69074148938407
georgia,2026-02-21,2,2026-03-07,Flu ED visits pct,quantile,0.25,1.5551173541403065
greenville,2026-02-21,2,2026-03-07,Flu ED visits pct,quantile,0.25,1.4170186510766354
hall,2026-02-21,2,2026-03-07,Flu ED visits pct,quantile,0.25,1.0866365014014596
harford,2026-02-21,2,2026-03-07,Flu ED visits pct,quantile,0.25,0.42632210306678386
henry,2026-02-21,2,2026-03-07,Flu ED visits pct,quantile,0.25,0.9934173254345513
horry,2026-02-21,2,2026-03-07,Flu ED visits pct,quantile,0.25,0.8586568769646079
houston,2026-02-21,2,2026-03-07,Flu ED visits pct,quantile,0.25,1.2804662783074456
indiana,2026-02-21,2,2026-03-07,Flu ED visits pct,quantile,0.25,1.7733349443043998
indianapolis,2026-02-21,2,2026-03-07,Flu ED visits pct,quantile,0.25,2.08911644907595
la-grange,2026-02-21,2,2026-03-07,Flu ED visits pct,quantile,0.25,1.499032804465829
larimer,2026-02-21,2,2026-03-07,Flu ED visits pct,quantile,0.25,1.1371756983193726
lynn,2026-02-21,2,2026-03-07,Flu ED visits pct,quantile,0.25,0.8715901290070903
macon,2026-02-21,2,2026-03-07,Flu ED visits pct,quantile,0.25,0.7614144298565518
maine,2026-02-21,2,2026-03-07,Flu ED visits pct,quantile,0.25,0.9548587078152284
marietta,2026-02-21,2,2026-03-07,Flu ED visits pct,quantile,0.25,1.4105195142605036
maryland,2026-02-21,2,2026-03-07,Flu ED visits pct,quantile,0.25,0.7594543842992293
massachusetts,2026-02-21,2,2026-03-07,Flu ED visits pct,quantile,0.25,0.9154510016396054
medford,2026-02-21,2,2026-03-07,Flu ED visits pct,quantile,0.25,1.7378140532774053
mesa,2026-02-21,2,2026-03-07,Flu ED visits pct,quantile,0.25,0.6434865316767275
minneapolis,2026-02-21,2,2026-03-07,Flu ED visits pct,quantile,0.25,1.2625780456356173
minnesota,2026-02-21,2,2026-03-07,Flu ED visits pct,quantile,0.25,1.4245005763224972
montgomery,2026-02-21,2,2026-03-07,Flu ED visits pct,quantile,0.25,0.6379346981294514
nenc,2026-02-21,2,2026-03-07,Flu ED visits pct,quantile,0.25,0.8794148171379764
new-bedford,2026-02-21,2,2026-03-07,Flu ED visits pct,quantile,0.25,1.1180669160366123
north-carolina,2026-02-21,2,2026-03-07,Flu ED visits pct,quantile,0.25,1.0105630739223046
nyc,2026-02-21,2,2026-03-07,ILI ED visits pct,quantile,0.25,2.8251088307156014
ogden,2026-02-21,2,2026-03-07,Flu ED visits pct,quantile,0.25,1.3506230760670217
oregon,2026-02-21,2,2026-03-07,Flu ED visits pct,quantile,0.25,2.1009272249782325
pittsfield,2026-02-21,2,2026-03-07,Flu ED visits pct,quantile,0.25,0.3590477415478415
portland,2026-02-21,2,2026-03-07,Flu ED visits pct,quantile,0.25,0.8671036671171183
portland-or,2026-02-21,2,2026-03-07,Flu ED visits pct,quantile,0.25,1.730235434663467
provo,2026-02-21,2,2026-03-07,Flu ED visits pct,quantile,0.25,0.9365561801400208
roanoke,2026-02-21,2,2026-03-07,Flu ED visits pct,quantile,0.25,0.9517695916402876
rochester,2026-02-21,2,2026-03-07,Flu ED visits pct,quantile,0.25,1.6639793501379805
rock-hill,2026-02-21,2,2026-03-07,Flu ED visits pct,quantile,0.25,0.8102843687496265
rtp-area,2026-02-21,2,2026-03-07,Flu ED visits pct,quantile,0.25,1.0367646792693277
salem,2026-02-21,2,2026-03-07,Flu ED visits pct,quantile,0.25,2.460350854462144
salt-lake-city,2026-02-21,2,2026-03-07,Flu ED visits pct,quantile,0.25,1.4415264138421275
san-antonio,2026-02-21,2,2026-03-07,Flu ED visits pct,quantile,0.25,3.5733558189279377
savannah,2026-02-21,2,2026-03-07,Flu ED visits pct,quantile,0.25,1.413810978134878
senc,2026-02-21,2,2026-03-07,Flu ED visits pct,quantile,0.25,0.6904546486332185
south-augusta,2026-02-21,2,2026-03-07,Flu ED visits pct,quantile,0.25,1.2232681940596963
south-carolina,2026-02-21,2,2026-03-07,Flu ED visits pct,quantile,0.25,1.4792943083304877
springfield,2026-02-21,2,2026-03-07,Flu ED visits pct,quantile,0.25,0.6290211509470992
st-cloud,2026-02-21,2,2026-03-07,Flu ED visits pct,quantile,0.25,1.7692632536262962
st-paul,2026-02-21,2,2026-03-07,Flu ED visits pct,quantile,0.25,1.0895956450919593
texas,2026-02-21,2,2026-03-07,Flu ED visits pct,quantile,0.25,1.9339389990626028
triad-area,2026-02-21,2,2026-03-07,Flu ED visits pct,quantile,0.25,0.590703853367556
utah,2026-02-21,2,2026-03-07,Flu ED visits pct,quantile,0.25,1.5150907142905963
virginia,2026-02-21,2,2026-03-07,Flu ED visits pct,quantile,0.25,1.09636873271582
weld,2026-02-21,2,2026-03-07,Flu ED visits pct,quantile,0.25,0.8032142142831418
wnc,2026-02-21,2,2026-03-07,Flu ED visits pct,quantile,0.25,0.7308989715940925
worcester,2026-02-21,2,2026-03-07,Flu ED visits pct,quantile,0.25,0.7929136204142642
athens,2026-02-21,3,2026-03-14,Flu ED visits pct,quantile,0.25,1.228461138550758
austin,2026-02-21,3,2026-03-14,Flu ED visits pct,quantile,0.25,1.6245864119388165
baltimore,2026-02-21,3,2026-03-14,Flu ED visits pct,quantile,0.25,0.47093472588831986
bangor,2026-02-21,3,2026-03-14,Flu ED visits pct,quantile,0.25,1.0652516341034148
beaumont,2026-02-21,3,2026-03-14,Flu ED visits pct,quantile,0.25,1.0737299067741528
boston,2026-02-21,3,2026-03-14,Flu ED visits pct,quantile,0.25,0.8355381938697751
boulder,2026-02-21,3,2026-03-14,Flu ED visits pct,quantile,0.25,1.2960034709490085
charleston,2026-02-21,3,2026-03-14,Flu ED visits pct,quantile,0.25,1.4165508760036027
cherokee,2026-02-21,3,2026-03-14,Flu ED visits pct,quantile,0.25,1.8690422378955347
clt-area,2026-02-21,3,2026-03-14,Flu ED visits pct,quantile,0.25,0.9273591788001357
colorado,2026-02-21,3,2026-03-14,Flu ED visits pct,quantile,0.25,1.1445511248236617
colorado-springs,2026-02-21,3,2026-03-14,Flu ED visits pct,quantile,0.25,0.9472177408105072
columbia,2026-02-21,3,2026-03-14,Flu ED visits pct,quantile,0.25,1.1548492107059198
columbus,2026-02-21,3,2026-03-14,Flu ED visits pct,quantile,0.25,1.1405964001045603
dallas,2026-02-21,3,2026-03-14,Flu ED visits pct,quantile,0.25,1.2336457576324025
denver,2026-02-21,3,2026-03-14,Flu ED visits pct,quantile,0.25,1.0822057725572998
deschutes,2026-02-21,3,2026-03-14,Flu ED visits pct,quantile,0.25,1.7367871808675284
duluth,2026-02-21,3,2026-03-14,Flu ED visits pct,quantile,0.25,0.8194226376281415
el-paso,2026-02-21,3,2026-03-14,Flu ED visits pct,quantile,0.25,0.7602859661576136
eugene,2026-02-21,3,2026-03-14,Flu ED visits pct,quantile,0.25,1.1448902216953887
fay-area,2026-02-21,3,2026-03-14,Flu ED visits pct,quantile,0.25,1.292032384994554
florence,2026-02-21,3,2026-03-14,Flu ED visits pct,quantile,0.25,1.0899629707215879
floyd,2026-02-21,3,2026-03-14,Flu ED visits pct,quantile,0.25,1.4054312073448048
frederick,2026-02-21,3,2026-03-14,Flu ED visits pct,quantile,0.25,0.6495825715093015
georgia,2026-02-21,3,2026-03-14,Flu ED visits pct,quantile,0.25,1.2833084342411925
greenville,2026-02-21,3,2026-03-14,Flu ED visits pct,quantile,0.25,1.2105708282641334
hall,2026-02-21,3,2026-03-14,Flu ED visits pct,quantile,0.25,0.9637025887982393
harford,2026-02-21,3,2026-03-14,Flu ED visits pct,quantile,0.25,0.38905478687664763
henry,2026-02-21,3,2026-03-14,Flu ED visits pct,quantile,0.25,0.9022527694870394
horry,2026-02-21,3,2026-03-14,Flu ED visits pct,quantile,0.25,0.6763884329198531
houston,2026-02-21,3,2026-03-14,Flu ED visits pct,quantile,0.25,1.1936278916084055
indiana,2026-02-21,3,2026-03-14,Flu ED visits pct,quantile,0.25,1.5273642867149513
indianapolis,2026-02-21,3,2026-03-14,Flu ED visits pct,quantile,0.25,1.5450104780293488
la-grange,2026-02-21,3,2026-03-14,Flu ED visits pct,quantile,0.25,1.1968422098459528
larimer,2026-02-21,3,2026-03-14,Flu ED visits pct,quantile,0.25,1.0226063483690784
lynn,2026-02-21,3,2026-03-14,Flu ED visits pct,quantile,0.25,0.7959958716220947
macon,2026-02-21,3,2026-03-14,Flu ED visits pct,quantile,0.25,0.5622898997926831
maine,2026-02-21,3,2026-03-14,Flu ED visits pct,quantile,0.25,0.7883792180876199
marietta,2026-02-21,3,2026-03-14,Flu ED visits pct,quantile,0.25,1.1773675249989748
maryland,2026-02-21,3,2026-03-14,Flu ED visits pct,quantile,0.25,0.7023009685387751
massachusetts,2026-02-21,3,2026-03-14,Flu ED visits pct,quantile,0.25,0.8457282177585287
medford,2026-02-21,3,2026-03-14,Flu ED visits pct,quantile,0.25,1.3226694784340745
mesa,2026-02-21,3,2026-03-14,Flu ED visits pct,quantile,0.25,0.518627124668482
minneapolis,2026-02-21,3,2026-03-14,Flu ED visits pct,quantile,0.25,1.1213451952653004
minnesota,2026-02-21,3,2026-03-14,Flu ED visits pct,quantile,0.25,1.2747230981218787
montgomery,2026-02-21,3,2026-03-14,Flu ED visits pct,quantile,0.25,0.5945412602661372
nenc,2026-02-21,3,2026-03-14,Flu ED visits pct,quantile,0.25,0.6182725306132929
new-bedford,2026-02-21,3,2026-03-14,Flu ED visits pct,quantile,0.25,1.037114399718738
north-carolina,2026-02-21,3,2026-03-14,Flu ED visits pct,quantile,0.25,0.7009390297134119
nyc,2026-02-21,3,2026-03-14,ILI ED visits pct,quantile,0.25,2.7870116164272236
ogden,2026-02-21,3,2026-03-14,Flu ED visits pct,quantile,0.25,1.007247914773712
oregon,2026-02-21,3,2026-03-14,Flu ED visits pct,quantile,0.25,1.5152526149008805
pittsfield,2026-02-21,3,2026-03-14,Flu ED visits pct,quantile,0.25,0.3155269824396687
portland,2026-02-21,3,2026-03-14,Flu ED visits pct,quantile,0.25,0.7383353431359791
portland-or,2026-02-21,3,2026-03-14,Flu ED visits pct,quantile,0.25,1.2359048467582527
provo,2026-02-21,3,2026-03-14,Flu ED visits pct,quantile,0.25,0.7429606176235916
roanoke,2026-02-21,3,2026-03-14,Flu ED visits pct,quantile,0.25,0.7481143174080924
rochester,2026-02-21,3,2026-03-14,Flu ED visits pct,quantile,0.25,1.1869393235221009
rock-hill,2026-02-21,3,2026-03-14,Flu ED visits pct,quantile,0.25,0.7582120468740366
rtp-area,2026-02-21,3,2026-03-14,Flu ED visits pct,quantile,0.25,0.7409386065827992
salem,2026-02-21,3,2026-03-14,Flu ED visits pct,quantile,0.25,1.7891246557566503
salt-lake-city,2026-02-21,3,2026-03-14,Flu ED visits pct,quantile,0.25,1.1335363863603374
san-antonio,2026-02-21,3,2026-03-14,Flu ED visits pct,quantile,0.25,2.6746624071872054
savannah,2026-02-21,3,2026-03-14,Flu ED visits pct,quantile,0.25,1.057680627580889
senc,2026-02-21,3,2026-03-14,Flu ED visits pct,quantile,0.25,0.49951952765263985
south-augusta,2026-02-21,3,2026-03-14,Flu ED visits pct,quantile,0.25,0.8836076272669582
south-carolina,2026-02-21,3,2026-03-14,Flu ED visits pct,quantile,0.25,1.1617711307348997
springfield,2026-02-21,3,2026-03-14,Flu ED visits pct,quantile,0.25,0.562556443857827
st-cloud,2026-02-21,3,2026-03-14,Flu ED visits pct,quantile,0.25,1.4098498243618591
st-paul,2026-02-21,3,2026-03-14,Flu ED visits pct,quantile,0.25,1.0187430272840219
texas,2026-02-21,3,2026-03-14,Flu ED visits pct,quantile,0.25,1.5026665658788667
triad-area,2026-02-21,3,2026-03-14,Flu ED visits pct,quantile,0.25,0.4189402346219366
utah,2026-02-21,3,2026-03-14,Flu ED visits pct,quantile,0.25,1.1990063163053226
virginia,2026-02-21,3,2026-03-14,Flu ED visits pct,quantile,0.25,0.9750318159642416
weld,2026-02-21,3,2026-03-14,Flu ED visits pct,quantile,0.25,0.7696482229102565
wnc,2026-02-21,3,2026-03-14,Flu ED visits pct,quantile,0.25,0.5164444683433407
worcester,2026-02-21,3,2026-03-14,Flu ED visits pct,quantile,0.25,0.72304770358494
athens,2026-02-21,0,2026-02-21,Flu ED visits pct,quantile,0.5,2.4685882050028645
austin,2026-02-21,0,2026-02-21,Flu ED visits pct,quantile,0.5,4.280818347315756
baltimore,2026-02-21,0,2026-02-21,Flu ED visits pct,quantile,0.5,0.6455296385781093
bangor,2026-02-21,0,2026-02-21,Flu ED visits pct,quantile,0.5,2.7432992380557124
beaumont,2026-02-21,0,2026-02-21,Flu ED visits pct,quantile,0.5,2.8339669398705105
boston,2026-02-21,0,2026-02-21,Flu ED visits pct,quantile,0.5,1.183181149909225
boulder,2026-02-21,0,2026-02-21,Flu ED visits pct,quantile,0.5,3.2976125100400404
charleston,2026-02-21,0,2026-02-21,Flu ED visits pct,quantile,0.5,3.9406230276840124
cherokee,2026-02-21,0,2026-02-21,Flu ED visits pct,quantile,0.5,3.54283557840985
clt-area,2026-02-21,0,2026-02-21,Flu ED visits pct,quantile,0.5,2.443083488812932
colorado,2026-02-21,0,2026-02-21,Flu ED visits pct,quantile,0.5,1.8561472823098364
colorado-springs,2026-02-21,0,2026-02-21,Flu ED visits pct,quantile,0.5,2.112223002661263
columbia,2026-02-21,0,2026-02-21,Flu ED visits pct,quantile,0.5,2.6890617293974444
columbus,2026-02-21,0,2026-02-21,Flu ED visits pct,quantile,0.5,3.470938132057221
dallas,2026-02-21,0,2026-02-21,Flu ED visits pct,quantile,0.5,3.3120628239350003
denver,2026-02-21,0,2026-02-21,Flu ED visits pct,quantile,0.5,1.7169988880131335
deschutes,2026-02-21,0,2026-02-21,Flu ED visits pct,quantile,0.5,4.739631814610797
duluth,2026-02-21,0,2026-02-21,Flu ED visits pct,quantile,0.5,1.7716166826175148
el-paso,2026-02-21,0,2026-02-21,Flu ED visits pct,quantile,0.5,1.1608758313481455
eugene,2026-02-21,0,2026-02-21,Flu ED visits pct,quantile,0.5,3.434703607845899
fay-area,2026-02-21,0,2026-02-21,Flu ED visits pct,quantile,0.5,3.309671842762746
florence,2026-02-21,0,2026-02-21,Flu ED visits pct,quantile,0.5,3.5383239897790326
floyd,2026-02-21,0,2026-02-21,Flu ED visits pct,quantile,0.5,2.904007911957536
frederick,2026-02-21,0,2026-02-21,Flu ED visits pct,quantile,0.5,1.1712108750188022
georgia,2026-02-21,0,2026-02-21,Flu ED visits pct,quantile,0.5,2.682279535645628
greenville,2026-02-21,0,2026-02-21,Flu ED visits pct,quantile,0.5,2.3312027324825255
hall,2026-02-21,0,2026-02-21,Flu ED visits pct,quantile,0.5,1.813587961867454
harford,2026-02-21,0,2026-02-21,Flu ED visits pct,quantile,0.5,0.7651436240032239
henry,2026-02-21,0,2026-02-21,Flu ED visits pct,quantile,0.5,1.673243013188829
horry,2026-02-21,0,2026-02-21,Flu ED visits pct,quantile,0.5,1.9380365863233453
houston,2026-02-21,0,2026-02-21,Flu ED visits pct,quantile,0.5,1.5826780071451805
indiana,2026-02-21,0,2026-02-21,Flu ED visits pct,quantile,0.5,3.2643130057290315
indianapolis,2026-02-21,0,2026-02-21,Flu ED visits pct,quantile,0.5,4.289350483960179
la-grange,2026-02-21,0,2026-02-21,Flu ED visits pct,quantile,0.5,3.1135875276298317
larimer,2026-02-21,0,2026-02-21,Flu ED visits pct,quantile,0.5,1.9239784155434507
lynn,2026-02-21,0,2026-02-21,Flu ED visits pct,quantile,0.5,1.4658955857626326
macon,2026-02-21,0,2026-02-21,Flu ED visits pct,quantile,0.5,1.6946048141899754
maine,2026-02-21,0,2026-02-21,Flu ED visits pct,quantile,0.5,1.8096437267425214
marietta,2026-02-21,0,2026-02-21,Flu ED visits pct,quantile,0.5,2.8456276805828167
maryland,2026-02-21,0,2026-02-21,Flu ED visits pct,quantile,0.5,0.971412360184395
massachusetts,2026-02-21,0,2026-02-21,Flu ED visits pct,quantile,0.5,1.2919439607612158
medford,2026-02-21,0,2026-02-21,Flu ED visits pct,quantile,0.5,5.544003998753479
mesa,2026-02-21,0,2026-02-21,Flu ED visits pct,quantile,0.5,1.5403565493817128
minneapolis,2026-02-21,0,2026-02-21,Flu ED visits pct,quantile,0.5,1.8090933838418992
minnesota,2026-02-21,0,2026-02-21,Flu ED visits pct,quantile,0.5,2.114878260244246
montgomery,2026-02-21,0,2026-02-21,Flu ED visits pct,quantile,0.5,0.8231588369684506
nenc,2026-02-21,0,2026-02-21,Flu ED visits pct,quantile,0.5,1.8090566673909088
new-bedford,2026-02-21,0,2026-02-21,Flu ED visits pct,quantile,0.5,1.7976087734510307
north-carolina,2026-02-21,0,2026-02-21,Flu ED visits pct,quantile,0.5,2.0453051956157746
nyc,2026-02-21,0,2026-02-21,ILI ED visits pct,quantile,0.5,2.900796236225087
ogden,2026-02-21,0,2026-02-21,Flu ED visits pct,quantile,0.5,2.7971570409859887
oregon,2026-02-21,0,2026-02-21,Flu ED visits pct,quantile,0.5,4.411887283250782
pittsfield,2026-02-21,0,2026-02-21,Flu ED visits pct,quantile,0.5,0.8084959659928009
portland,2026-02-21,0,2026-02-21,Flu ED visits pct,quantile,0.5,1.4733094675712468
portland-or,2026-02-21,0,2026-02-21,Flu ED visits pct,quantile,0.5,3.732662488130358
provo,2026-02-21,0,2026-02-21,Flu ED visits pct,quantile,0.5,2.046041457890355
roanoke,2026-02-21,0,2026-02-21,Flu ED visits pct,quantile,0.5,1.968988866219534
rochester,2026-02-21,0,2026-02-21,Flu ED visits pct,quantile,0.5,3.7308916372920606
rock-hill,2026-02-21,0,2026-02-21,Flu ED visits pct,quantile,0.5,1.5059336398922372
rtp-area,2026-02-21,0,2026-02-21,Flu ED visits pct,quantile,0.5,2.035665439777822
salem,2026-02-21,0,2026-02-21,Flu ED visits pct,quantile,0.5,6.032882593560981
salt-lake-city,2026-02-21,0,2026-02-21,Flu ED visits pct,quantile,0.5,2.9465925525993026
san-antonio,2026-02-21,0,2026-02-21,Flu ED visits pct,quantile,0.5,6.94396846402395
savannah,2026-02-21,0,2026-02-21,Flu ED visits pct,quantile,0.5,2.98116118680287
senc,2026-02-21,0,2026-02-21,Flu ED visits pct,quantile,0.5,1.3161746382385477
south-augusta,2026-02-21,0,2026-02-21,Flu ED visits pct,quantile,0.5,2.5456402489266545
south-carolina,2026-02-21,0,2026-02-21,Flu ED visits pct,quantile,0.5,3.091575278864607
springfield,2026-02-21,0,2026-02-21,Flu ED visits pct,quantile,0.5,1.0557563394723635
st-cloud,2026-02-21,0,2026-02-21,Flu ED visits pct,quantile,0.5,3.8509463097314183
st-paul,2026-02-21,0,2026-02-21,Flu ED visits pct,quantile,0.5,1.4860989328827474
texas,2026-02-21,0,2026-02-21,Flu ED visits pct,quantile,0.5,3.9369959032995543
triad-area,2026-02-21,0,2026-02-21,Flu ED visits pct,quantile,0.5,1.262310431994748
utah,2026-02-21,0,2026-02-21,Flu ED visits pct,quantile,0.5,2.9378733540790782
virginia,2026-02-21,0,2026-02-21,Flu ED visits pct,quantile,0.5,1.7223093994228884
weld,2026-02-21,0,2026-02-21,Flu ED visits pct,quantile,0.5,1.414247636673328
wnc,2026-02-21,0,2026-02-21,Flu ED visits pct,quantile,0.5,1.475240246689231
worcester,2026-02-21,0,2026-02-21,Flu ED visits pct,quantile,0.5,1.3756534540622019
athens,2026-02-21,1,2026-02-28,Flu ED visits pct,quantile,0.5,2.303054363042284
austin,2026-02-21,1,2026-02-28,Flu ED visits pct,quantile,0.5,3.5214808293111783
baltimore,2026-02-21,1,2026-02-28,Flu ED visits pct,quantile,0.5,0.638839924231966
bangor,2026-02-21,1,2026-02-28,Flu ED visits pct,quantile,0.5,2.448069011519093
beaumont,2026-02-21,1,2026-02-28,Flu ED visits pct,quantile,0.5,2.4834682388066676
boston,2026-02-21,1,2026-02-28,Flu ED visits pct,quantile,0.5,1.1180427635066743
boulder,2026-02-21,1,2026-02-28,Flu ED visits pct,quantile,0.5,2.891372486932813
charleston,2026-02-21,1,2026-02-28,Flu ED visits pct,quantile,0.5,3.1698435116242147
cherokee,2026-02-21,1,2026-02-28,Flu ED visits pct,quantile,0.5,3.2231335644892876
clt-area,2026-02-21,1,2026-02-28,Flu ED visits pct,quantile,0.5,2.007826132222459
colorado,2026-02-21,1,2026-02-28,Flu ED visits pct,quantile,0.5,1.6592453770296303
colorado-springs,2026-02-21,1,2026-02-28,Flu ED visits pct,quantile,0.5,1.8250591135931031
columbia,2026-02-21,1,2026-02-28,Flu ED visits pct,quantile,0.5,2.3450268202807725
columbus,2026-02-21,1,2026-02-28,Flu ED visits pct,quantile,0.5,2.7231344870061953
dallas,2026-02-21,1,2026-02-28,Flu ED visits pct,quantile,0.5,2.750237034662161
denver,2026-02-21,1,2026-02-28,Flu ED visits pct,quantile,0.5,1.536879947998834
deschutes,2026-02-21,1,2026-02-28,Flu ED visits pct,quantile,0.5,3.8473832312317366
duluth,2026-02-21,1,2026-02-28,Flu ED visits pct,quantile,0.5,1.5582601309394277
el-paso,2026-02-21,1,2026-02-28,Flu ED visits pct,quantile,0.5,1.197924277310742
eugene,2026-02-21,1,2026-02-28,Flu ED visits pct,quantile,0.5,2.6134412409368806
fay-area,2026-02-21,1,2026-02-28,Flu ED visits pct,quantile,0.5,2.713481797865854
florence,2026-02-21,1,2026-02-28,Flu ED visits pct,quantile,0.5,3.0028818561910318
floyd,2026-02-21,1,2026-02-28,Flu ED visits pct,quantile,0.5,2.536767438376182
frederick,2026-02-21,1,2026-02-28,Flu ED visits pct,quantile,0.5,1.1069029823035796
georgia,2026-02-21,1,2026-02-28,Flu ED visits pct,quantile,0.5,2.392377078603547
greenville,2026-02-21,1,2026-02-28,Flu ED visits pct,quantile,0.5,1.9296507305802693
hall,2026-02-21,1,2026-02-28,Flu ED visits pct,quantile,0.5,1.6458739488481007
harford,2026-02-21,1,2026-02-28,Flu ED visits pct,quantile,0.5,0.7214233388264825
henry,2026-02-21,1,2026-02-28,Flu ED visits pct,quantile,0.5,1.5731895904776794
horry,2026-02-21,1,2026-02-28,Flu ED visits pct,quantile,0.5,1.6636138507155465
houston,2026-02-21,1,2026-02-28,Flu ED visits pct,quantile,0.5,1.534032316181376
indiana,2026-02-21,1,2026-02-28,Flu ED visits pct,quantile,0.5,2.7456844079553737
indianapolis,2026-02-21,1,2026-02-28,Flu ED visits pct,quantile,0.5,3.6351461354001424
la-grange,2026-02-21,1,2026-02-28,Flu ED visits pct,quantile,0.5,2.6744226599431373
larimer,2026-02-21,1,2026-02-28,Flu ED visits pct,quantile,0.5,1.6963967252206544
lynn,2026-02-21,1,2026-02-28,Flu ED visits pct,quantile,0.5,1.3147690101002252
macon,2026-02-21,1,2026-02-28,Flu ED visits pct,quantile,0.5,1.4378154952669602
maine,2026-02-21,1,2026-02-28,Flu ED visits pct,quantile,0.5,1.4830654488897714
marietta,2026-02-21,1,2026-02-28,Flu ED visits pct,quantile,0.5,2.5567362153738267
maryland,2026-02-21,1,2026-02-28,Flu ED visits pct,quantile,0.5,0.9234862694803352
massachusetts,2026-02-21,1,2026-02-28,Flu ED visits pct,quantile,0.5,1.1938398942056956
medford,2026-02-21,1,2026-02-28,Flu ED visits pct,quantile,0.5,3.985478253920117
mesa,2026-02-21,1,2026-02-28,Flu ED visits pct,quantile,0.5,1.29571183313931
minneapolis,2026-02-21,1,2026-02-28,Flu ED visits pct,quantile,0.5,1.705727446827169
minnesota,2026-02-21,1,2026-02-28,Flu ED visits pct,quantile,0.5,1.8475195731529757
montgomery,2026-02-21,1,2026-02-28,Flu ED visits pct,quantile,0.5,0.7936660082317156
nenc,2026-02-21,1,2026-02-28,Flu ED visits pct,quantile,0.5,1.4699079320677562
new-bedford,2026-02-21,1,2026-02-28,Flu ED visits pct,quantile,0.5,1.688225330326248
north-carolina,2026-02-21,1,2026-02-28,Flu ED visits pct,quantile,0.5,1.634854894159862
nyc,2026-02-21,1,2026-02-28,ILI ED visits pct,quantile,0.5,2.8837396157803354
ogden,2026-02-21,1,2026-02-28,Flu ED visits pct,quantile,0.5,2.472272372272468
oregon,2026-02-21,1,2026-02-28,Flu ED visits pct,quantile,0.5,3.406112687978556
pittsfield,2026-02-21,1,2026-02-28,Flu ED visits pct,quantile,0.5,0.6835362396171918
portland,2026-02-21,1,2026-02-28,Flu ED visits pct,quantile,0.5,1.2256013706769784
portland-or,2026-02-21,1,2026-02-28,Flu ED visits pct,quantile,0.5,2.939179480787787
provo,2026-02-21,1,2026-02-28,Flu ED visits pct,quantile,0.5,1.8338679012485128
roanoke,2026-02-21,1,2026-02-28,Flu ED visits pct,quantile,0.5,1.6418386389715252
rochester,2026-02-21,1,2026-02-28,Flu ED visits pct,quantile,0.5,2.956853131580595
rock-hill,2026-02-21,1,2026-02-28,Flu ED visits pct,quantile,0.5,1.4097888585977183
rtp-area,2026-02-21,1,2026-02-28,Flu ED visits pct,quantile,0.5,1.6495526461196637
salem,2026-02-21,1,2026-02-28,Flu ED visits pct,quantile,0.5,4.4502947562737685
salt-lake-city,2026-02-21,1,2026-02-28,Flu ED visits pct,quantile,0.5,2.546010011155429
san-antonio,2026-02-21,1,2026-02-28,Flu ED visits pct,quantile,0.5,5.570571811514707
savannah,2026-02-21,1,2026-02-28,Flu ED visits pct,quantile,0.5,2.2867058459192515
senc,2026-02-21,1,2026-02-28,Flu ED visits pct,quantile,0.5,1.0892198268849735
south-augusta,2026-02-21,1,2026-02-28,Flu ED visits pct,quantile,0.5,2.081214290890353
south-carolina,2026-02-21,1,2026-02-28,Flu ED visits pct,quantile,0.5,2.59555502364039
springfield,2026-02-21,1,2026-02-28,Flu ED visits pct,quantile,0.5,0.9559553770841746
st-cloud,2026-02-21,1,2026-02-28,Flu ED visits pct,quantile,0.5,3.312149875300211
st-paul,2026-02-21,1,2026-02-28,Flu ED visits pct,quantile,0.5,1.441821203616099
texas,2026-02-21,1,2026-02-28,Flu ED visits pct,quantile,0.5,3.351068007038366
triad-area,2026-02-21,1,2026-02-28,Flu ED visits pct,quantile,0.5,1.018523554160522
utah,2026-02-21,1,2026-02-28,Flu ED visits pct,quantile,0.5,2.5515179777562245
virginia,2026-02-21,1,2026-02-28,Flu ED visits pct,quantile,0.5,1.442901330754345
weld,2026-02-21,1,2026-02-28,Flu ED visits pct,quantile,0.5,1.3751347392212399
wnc,2026-02-21,1,2026-02-28,Flu ED visits pct,quantile,0.5,1.1814516981586924
worcester,2026-02-21,1,2026-02-28,Flu ED visits pct,quantile,0.5,1.2128922490646763
athens,2026-02-21,2,2026-03-07,Flu ED visits pct,quantile,0.5,2.0103273842400546
austin,2026-02-21,2,2026-03-07,Flu ED visits pct,quantile,0.5,2.745322565871045
baltimore,2026-02-21,2,2026-03-07,Flu ED visits pct,quantile,0.5,0.6185471173896412
bangor,2026-02-21,2,2026-03-07,Flu ED visits pct,quantile,0.5,2.1250150810494484
beaumont,2026-02-21,2,2026-03-07,Flu ED visits pct,quantile,0.5,2.009829356193772
boston,2026-02-21,2,2026-03-07,Flu ED visits pct,quantile,0.5,1.008553275683902
boulder,2026-02-21,2,2026-03-07,Flu ED visits pct,quantile,0.5,2.277626270701
charleston,2026-02-21,2,2026-03-07,Flu ED visits pct,quantile,0.5,2.432638045323961
cherokee,2026-02-21,2,2026-03-07,Flu ED visits pct,quantile,0.5,2.7526757071740415
clt-area,2026-02-21,2,2026-03-07,Flu ED visits pct,quantile,0.5,1.5700778805660327
colorado,2026-02-21,2,2026-03-07,Flu ED visits pct,quantile,0.5,1.4646241977289076
colorado-springs,2026-02-21,2,2026-03-07,Flu ED visits pct,quantile,0.5,1.5421346201304988
columbia,2026-02-21,2,2026-03-07,Flu ED visits pct,quantile,0.5,1.977647034322707
columbus,2026-02-21,2,2026-03-07,Flu ED visits pct,quantile,0.5,2.1108663173035915
dallas,2026-02-21,2,2026-03-07,Flu ED visits pct,quantile,0.5,2.180268902084102
denver,2026-02-21,2,2026-03-07,Flu ED visits pct,quantile,0.5,1.3607153220244739
deschutes,2026-02-21,2,2026-03-07,Flu ED visits pct,quantile,0.5,3.1032116380490216
duluth,2026-02-21,2,2026-03-07,Flu ED visits pct,quantile,0.5,1.3249416929807307
el-paso,2026-02-21,2,2026-03-07,Flu ED visits pct,quantile,0.5,1.2036116512571111
eugene,2026-02-21,2,2026-03-07,Flu ED visits pct,quantile,0.5,2.052522754604412
fay-area,2026-02-21,2,2026-03-07,Flu ED visits pct,quantile,0.5,2.1878427929419155
florence,2026-02-21,2,2026-03-07,Flu ED visits pct,quantile,0.5,2.3895079157417283
floyd,2026-02-21,2,2026-03-07,Flu ED visits pct,quantile,0.5,2.1288690879431083
frederick,2026-02-21,2,2026-03-07,Flu ED visits pct,quantile,0.5,1.0083721105396592
georgia,2026-02-21,2,2026-03-07,Flu ED visits pct,quantile,0.5,1.9876174723979743
greenville,2026-02-21,2,2026-03-07,Flu ED visits pct,quantile,0.5,1.5645005577228432
hall,2026-02-21,2,2026-03-07,Flu ED visits pct,quantile,0.5,1.4734324955512714
harford,2026-02-21,2,2026-03-07,Flu ED visits pct,quantile,0.5,0.6511560940058595
henry,2026-02-21,2,2026-03-07,Flu ED visits pct,quantile,0.5,1.3997278200206802
horry,2026-02-21,2,2026-03-07,Flu ED visits pct,quantile,0.5,1.4172415185663647
houston,2026-02-21,2,2026-03-07,Flu ED visits pct,quantile,0.5,1.3930809120737841
indiana,2026-02-21,2,2026-03-07,Flu ED visits pct,quantile,0.5,2.2848678062767496
indianapolis,2026-02-21,2,2026-03-07,Flu ED visits pct,quantile,0.5,2.9109587932169765
la-grange,2026-02-21,2,2026-03-07,Flu ED visits pct,quantile,0.5,2.1825407860616806
larimer,2026-02-21,2,2026-03-07,Flu ED visits pct,quantile,0.5,1.44447091386925
lynn,2026-02-21,2,2026-03-07,Flu ED visits pct,quantile,0.5,1.109934223430197
macon,2026-02-21,2,2026-03-07,Flu ED visits pct,quantile,0.5,1.118742883223942
maine,2026-02-21,2,2026-03-07,Flu ED visits pct,quantile,0.5,1.1354238800493497
marietta,2026-02-21,2,2026-03-07,Flu ED visits pct,quantile,0.5,2.2747754201671793
maryland,2026-02-21,2,2026-03-07,Flu ED visits pct,quantile,0.5,0.8706316273121258
massachusetts,2026-02-21,2,2026-03-07,Flu ED visits pct,quantile,0.5,1.0373057475027592
medford,2026-02-21,2,2026-03-07,Flu ED visits pct,quantile,0.5,2.9149283441826226
mesa,2026-02-21,2,2026-03-07,Flu ED visits pct,quantile,0.5,1.0435189932361917
minneapolis,2026-02-21,2,2026-03-07,Flu ED visits pct,quantile,0.5,1.4925273921936144
minnesota,2026-02-21,2,2026-03-07,Flu ED visits pct,quantile,0.5,1.5425662625730883
montgomery,2026-02-21,2,2026-03-07,Flu ED visits pct,quantile,0.5,0.7252294119213596
nenc,2026-02-21,2,2026-03-07,Flu ED visits pct,quantile,0.5,1.1249520830470288
new-bedford,2026-02-21,2,2026-03-07,Flu ED visits pct,quantile,0.5,1.5150865642872107
north-carolina,2026-02-21,2,2026-03-07,Flu ED visits pct,quantile,0.5,1.2658669460604668
nyc,2026-02-21,2,2026-03-07,ILI ED visits pct,quantile,0.5,2.884057585692715
ogden,2026-02-21,2,2026-03-07,Flu ED visits pct,quantile,0.5,1.9786636896949243
oregon,2026-02-21,2,2026-03-07,Flu ED visits pct,quantile,0.5,2.651457028011729
pittsfield,2026-02-21,2,2026-03-07,Flu ED visits pct,quantile,0.5,0.5442061080703801
portland,2026-02-21,2,2026-03-07,Flu ED visits pct,quantile,0.5,0.9915889305519421
portland-or,2026-02-21,2,2026-03-07,Flu ED visits pct,quantile,0.5,2.263845728924232
provo,2026-02-21,2,2026-03-07,Flu ED visits pct,quantile,0.5,1.4944565997243007
roanoke,2026-02-21,2,2026-03-07,Flu ED visits pct,quantile,0.5,1.272907805178323
rochester,2026-02-21,2,2026-03-07,Flu ED visits pct,quantile,0.5,2.329545441260059
rock-hill,2026-02-21,2,2026-03-07,Flu ED visits pct,quantile,0.5,1.254263078765152
rtp-area,2026-02-21,2,2026-03-07,Flu ED visits pct,quantile,0.5,1.314888183303512
salem,2026-02-21,2,2026-03-07,Flu ED visits pct,quantile,0.5,3.2626583352898195
salt-lake-city,2026-02-21,2,2026-03-07,Flu ED visits pct,quantile,0.5,2.012346580379329
san-antonio,2026-02-21,2,2026-03-07,Flu ED visits pct,quantile,0.5,4.243422942079587
savannah,2026-02-21,2,2026-03-07,Flu ED visits pct,quantile,0.5,1.7612327914669348
senc,2026-02-21,2,2026-03-07,Flu ED visits pct,quantile,0.5,0.8767064369301749
south-augusta,2026-02-21,2,2026-03-07,Flu ED visits pct,quantile,0.5,1.6143651608422878
south-carolina,2026-02-21,2,2026-03-07,Flu ED visits pct,quantile,0.5,2.0755068672880412
springfield,2026-02-21,2,2026-03-07,Flu ED visits pct,quantile,0.5,0.8443018190324967
st-cloud,2026-02-21,2,2026-03-07,Flu ED visits pct,quantile,0.5,2.6462653930593625
st-paul,2026-02-21,2,2026-03-07,Flu ED visits pct,quantile,0.5,1.3187720062653554
texas,2026-02-21,2,2026-03-07,Flu ED visits pct,quantile,0.5,2.704011377066649
triad-area,2026-02-21,2,2026-03-07,Flu ED visits pct,quantile,0.5,0.793806903958447
utah,2026-02-21,2,2026-03-07,Flu ED visits pct,quantile,0.5,2.041089652337516
virginia,2026-02-21,2,2026-03-07,Flu ED visits pct,quantile,0.5,1.1445446798858536
weld,2026-02-21,2,2026-03-07,Flu ED visits pct,quantile,0.5,1.2929585903138938
wnc,2026-02-21,2,2026-03-07,Flu ED visits pct,quantile,0.5,0.9218934817623615
worcester,2026-02-21,2,2026-03-07,Flu ED visits pct,quantile,0.5,1.0472828722438245
athens,2026-02-21,3,2026-03-14,Flu ED visits pct,quantile,0.5,1.7802161341022318
austin,2026-02-21,3,2026-03-14,Flu ED visits pct,quantile,0.5,2.3109503508505322
baltimore,2026-02-21,3,2026-03-14,Flu ED visits pct,quantile,0.5,0.5719762282888623
bangor,2026-02-21,3,2026-03-14,Flu ED visits pct,quantile,0.5,1.892881915886806
beaumont,2026-02-21,3,2026-03-14,Flu ED visits pct,quantile,0.5,1.7747793586677758
boston,2026-02-21,3,2026-03-14,Flu ED visits pct,quantile,0.5,0.9080294004656257
boulder,2026-02-21,3,2026-03-14,Flu ED visits pct,quantile,0.5,1.986347713857235
charleston,2026-02-21,3,2026-03-14,Flu ED visits pct,quantile,0.5,1.9944069385311913
cherokee,2026-02-21,3,2026-03-14,Flu ED visits pct,quantile,0.5,2.439370460203968
clt-area,2026-02-21,3,2026-03-14,Flu ED visits pct,quantile,0.5,1.2672805803305645
colorado,2026-02-21,3,2026-03-14,Flu ED visits pct,quantile,0.5,1.319527545422173
colorado-springs,2026-02-21,3,2026-03-14,Flu ED visits pct,quantile,0.5,1.3612024818667208
columbia,2026-02-21,3,2026-03-14,Flu ED visits pct,quantile,0.5,1.6916633259806237
columbus,2026-02-21,3,2026-03-14,Flu ED visits pct,quantile,0.5,1.6850319753939633
dallas,2026-02-21,3,2026-03-14,Flu ED visits pct,quantile,0.5,1.7954678121977363
denver,2026-02-21,3,2026-03-14,Flu ED visits pct,quantile,0.5,1.214704538754439
deschutes,2026-02-21,3,2026-03-14,Flu ED visits pct,quantile,0.5,2.527281786416317
duluth,2026-02-21,3,2026-03-14,Flu ED visits pct,quantile,0.5,1.167506839942646
el-paso,2026-02-21,3,2026-03-14,Flu ED visits pct,quantile,0.5,1.162588190188715
eugene,2026-02-21,3,2026-03-14,Flu ED visits pct,quantile,0.5,1.6592224300810927
fay-area,2026-02-21,3,2026-03-14,Flu ED visits pct,quantile,0.5,1.7893644700465017
florence,2026-02-21,3,2026-03-14,Flu ED visits pct,quantile,0.5,1.9648380875356195
floyd,2026-02-21,3,2026-03-14,Flu ED visits pct,quantile,0.5,1.8618829993595003
frederick,2026-02-21,3,2026-03-14,Flu ED visits pct,quantile,0.5,0.9311349526923762
georgia,2026-02-21,3,2026-03-14,Flu ED visits pct,quantile,0.5,1.7674769660588652
greenville,2026-02-21,3,2026-03-14,Flu ED visits pct,quantile,0.5,1.3514191770070096
hall,2026-02-21,3,2026-03-14,Flu ED visits pct,quantile,0.5,1.32683337897507
harford,2026-02-21,3,2026-03-14,Flu ED visits pct,quantile,0.5,0.5948783001507981
henry,2026-02-21,3,2026-03-14,Flu ED visits pct,quantile,0.5,1.2495116396787544
horry,2026-02-21,3,2026-03-14,Flu ED visits pct,quantile,0.5,1.2945274226592667
houston,2026-02-21,3,2026-03-14,Flu ED visits pct,quantile,0.5,1.2754265334909158
indiana,2026-02-21,3,2026-03-14,Flu ED visits pct,quantile,0.5,2.027064833223049
indianapolis,2026-02-21,3,2026-03-14,Flu ED visits pct,quantile,0.5,2.371769502070076
la-grange,2026-02-21,3,2026-03-14,Flu ED visits pct,quantile,0.5,1.909534358330178
larimer,2026-02-21,3,2026-03-14,Flu ED visits pct,quantile,0.5,1.2857156955063314
lynn,2026-02-21,3,2026-03-14,Flu ED visits pct,quantile,0.5,1.003519447108791
macon,2026-02-21,3,2026-03-14,Flu ED visits pct,quantile,0.5,0.924763765043449
maine,2026-02-21,3,2026-03-14,Flu ED visits pct,quantile,0.5,0.9372986667582623
marietta,2026-02-21,3,2026-03-14,Flu ED visits pct,quantile,0.5,2.038972177241805
maryland,2026-02-21,3,2026-03-14,Flu ED visits pct,quantile,0.5,0.8129408716590343
massachusetts,2026-02-21,3,2026-03-14,Flu ED visits pct,quantile,0.5,0.9398640767481735
medford,2026-02-21,3,2026-03-14,Flu ED visits pct,quantile,0.5,2.264834584831048
mesa,2026-02-21,3,2026-03-14,Flu ED visits pct,quantile,0.5,0.8595004639732424
minneapolis,2026-02-21,3,2026-03-14,Flu ED visits pct,quantile,0.5,1.3330540839953076
minnesota,2026-02-21,3,2026-03-14,Flu ED visits pct,quantile,0.5,1.3532828539759116
montgomery,2026-02-21,3,2026-03-14,Flu ED visits pct,quantile,0.5,0.6849368080011246
nenc,2026-02-21,3,2026-03-14,Flu ED visits pct,quantile,0.5,0.9201380419563763
new-bedford,2026-02-21,3,2026-03-14,Flu ED visits pct,quantile,0.5,1.3490934137640165
north-carolina,2026-02-21,3,2026-03-14,Flu ED visits pct,quantile,0.5,1.0027260082701626
nyc,2026-02-21,3,2026-03-14,ILI ED visits pct,quantile,0.5,2.817209800107963
ogden,2026-02-21,3,2026-03-14,Flu ED visits pct,quantile,0.5,1.7190788328866369
oregon,2026-02-21,3,2026-03-14,Flu ED visits pct,quantile,0.5,2.153031977496591
pittsfield,2026-02-21,3,2026-03-14,Flu ED visits pct,quantile,0.5,0.4738489766026856
portland,2026-02-21,3,2026-03-14,Flu ED visits pct,quantile,0.5,0.845069447423844
portland-or,2026-02-21,3,2026-03-14,Flu ED visits pct,quantile,0.5,1.8148042458229292
provo,2026-02-21,3,2026-03-14,Flu ED visits pct,quantile,0.5,1.3446631903707722
roanoke,2026-02-21,3,2026-03-14,Flu ED visits pct,quantile,0.5,1.0463302712272846
rochester,2026-02-21,3,2026-03-14,Flu ED visits pct,quantile,0.5,1.8342053785380825
rock-hill,2026-02-21,3,2026-03-14,Flu ED visits pct,quantile,0.5,1.1052686642241554
rtp-area,2026-02-21,3,2026-03-14,Flu ED visits pct,quantile,0.5,1.0439640040913785
salem,2026-02-21,3,2026-03-14,Flu ED visits pct,quantile,0.5,2.6637656906214264
salt-lake-city,2026-02-21,3,2026-03-14,Flu ED visits pct,quantile,0.5,1.6869046682740132
san-antonio,2026-02-21,3,2026-03-14,Flu ED visits pct,quantile,0.5,3.391939997588708
savannah,2026-02-21,3,2026-03-14,Flu ED visits pct,quantile,0.5,1.4382040391931254
senc,2026-02-21,3,2026-03-14,Flu ED visits pct,quantile,0.5,0.710098394165388
south-augusta,2026-02-21,3,2026-03-14,Flu ED visits pct,quantile,0.5,1.2847855478138785
south-carolina,2026-02-21,3,2026-03-14,Flu ED visits pct,quantile,0.5,1.8251303818792481
springfield,2026-02-21,3,2026-03-14,Flu ED visits pct,quantile,0.5,0.7565287904523519
st-cloud,2026-02-21,3,2026-03-14,Flu ED visits pct,quantile,0.5,2.3292880126816615
st-paul,2026-02-21,3,2026-03-14,Flu ED visits pct,quantile,0.5,1.249258978009135
texas,2026-02-21,3,2026-03-14,Flu ED visits pct,quantile,0.5,2.3847924100903137
triad-area,2026-02-21,3,2026-03-14,Flu ED visits pct,quantile,0.5,0.619487664492125
utah,2026-02-21,3,2026-03-14,Flu ED visits pct,quantile,0.5,1.8234088069485845
virginia,2026-02-21,3,2026-03-14,Flu ED visits pct,quantile,0.5,1.011610371325637
weld,2026-02-21,3,2026-03-14,Flu ED visits pct,quantile,0.5,1.1646905133121992
wnc,2026-02-21,3,2026-03-14,Flu ED visits pct,quantile,0.5,0.7375799238437217
worcester,2026-02-21,3,2026-03-14,Flu ED visits pct,quantile,0.5,0.910529206505101
athens,2026-02-21,0,2026-02-21,Flu ED visits pct,quantile,0.75,2.737873868666245
austin,2026-02-21,0,2026-02-21,Flu ED visits pct,quantile,0.75,4.57184394812766
baltimore,2026-02-21,0,2026-02-21,Flu ED visits pct,quantile,0.75,0.6808523253473108
bangor,2026-02-21,0,2026-02-21,Flu ED visits pct,quantile,0.75,3.055428646311925
beaumont,2026-02-21,0,2026-02-21,Flu ED visits pct,quantile,0.75,3.0867728611853127
boston,2026-02-21,0,2026-02-21,Flu ED visits pct,quantile,0.75,1.2566861865405738
boulder,2026-02-21,0,2026-02-21,Flu ED visits pct,quantile,0.75,3.6507676748742686
charleston,2026-02-21,0,2026-02-21,Flu ED visits pct,quantile,0.75,4.3579499229507475
cherokee,2026-02-21,0,2026-02-21,Flu ED visits pct,quantile,0.75,3.9103029863183942
clt-area,2026-02-21,0,2026-02-21,Flu ED visits pct,quantile,0.75,2.560081184394627
colorado,2026-02-21,0,2026-02-21,Flu ED visits pct,quantile,0.75,1.983425771671269
colorado-springs,2026-02-21,0,2026-02-21,Flu ED visits pct,quantile,0.75,2.1868882871396025
columbia,2026-02-21,0,2026-02-21,Flu ED visits pct,quantile,0.75,2.898048071167374
columbus,2026-02-21,0,2026-02-21,Flu ED visits pct,quantile,0.75,3.740161191653116
dallas,2026-02-21,0,2026-02-21,Flu ED visits pct,quantile,0.75,3.3561850947200442
denver,2026-02-21,0,2026-02-21,Flu ED visits pct,quantile,0.75,1.739949882606605
deschutes,2026-02-21,0,2026-02-21,Flu ED visits pct,quantile,0.75,5.151098605671234
duluth,2026-02-21,0,2026-02-21,Flu ED visits pct,quantile,0.75,2.0417227439502232
el-paso,2026-02-21,0,2026-02-21,Flu ED visits pct,quantile,0.75,1.2022675928384323
eugene,2026-02-21,0,2026-02-21,Flu ED visits pct,quantile,0.75,3.7622522629257085
fay-area,2026-02-21,0,2026-02-21,Flu ED visits pct,quantile,0.75,3.547683635778871
florence,2026-02-21,0,2026-02-21,Flu ED visits pct,quantile,0.75,3.973660734035815
floyd,2026-02-21,0,2026-02-21,Flu ED visits pct,quantile,0.75,3.3470083220254074
frederick,2026-02-21,0,2026-02-21,Flu ED visits pct,quantile,0.75,1.3561624975721382
georgia,2026-02-21,0,2026-02-21,Flu ED visits pct,quantile,0.75,2.746104267156496
greenville,2026-02-21,0,2026-02-21,Flu ED visits pct,quantile,0.75,2.4698915404066875
hall,2026-02-21,0,2026-02-21,Flu ED visits pct,quantile,0.75,2.052003228246654
harford,2026-02-21,0,2026-02-21,Flu ED visits pct,quantile,0.75,0.8542144266604138
henry,2026-02-21,0,2026-02-21,Flu ED visits pct,quantile,0.75,1.8719404022535664
horry,2026-02-21,0,2026-02-21,Flu ED visits pct,quantile,0.75,2.2200110143826937
houston,2026-02-21,0,2026-02-21,Flu ED visits pct,quantile,0.75,1.6272043812262804
indiana,2026-02-21,0,2026-02-21,Flu ED visits pct,quantile,0.75,3.4521748075701066
indianapolis,2026-02-21,0,2026-02-21,Flu ED visits pct,quantile,0.75,4.498745008118535
la-grange,2026-02-21,0,2026-02-21,Flu ED visits pct,quantile,0.75,3.4967219859266954
larimer,2026-02-21,0,2026-02-21,Flu ED visits pct,quantile,0.75,2.032222035801658
lynn,2026-02-21,0,2026-02-21,Flu ED visits pct,quantile,0.75,1.574492066943865
macon,2026-02-21,0,2026-02-21,Flu ED visits pct,quantile,0.75,1.8128561332414288
maine,2026-02-21,0,2026-02-21,Flu ED visits pct,quantile,0.75,1.847732751933974
marietta,2026-02-21,0,2026-02-21,Flu ED visits pct,quantile,0.75,3.0837374445381847
maryland,2026-02-21,0,2026-02-21,Flu ED visits pct,quantile,0.75,1.000843511008413
massachusetts,2026-02-21,0,2026-02-21,Flu ED visits pct,quantile,0.75,1.3176692999296962
medford,2026-02-21,0,2026-02-21,Flu ED visits pct,quantile,0.75,6.197787606214051
mesa,2026-02-21,0,2026-02-21,Flu ED visits pct,quantile,0.75,1.6952520730735057
minneapolis,2026-02-21,0,2026-02-21,Flu ED visits pct,quantile,0.75,1.9528470810727665
minnesota,2026-02-21,0,2026-02-21,Flu ED visits pct,quantile,0.75,2.225349915857935
montgomery,2026-02-21,0,2026-02-21,Flu ED visits pct,quantile,0.75,0.865681641961455
nenc,2026-02-21,0,2026-02-21,Flu ED visits pct,quantile,0.75,1.9312966870139798
new-bedford,2026-02-21,0,2026-02-21,Flu ED visits pct,quantile,0.75,1.9690660006897476
north-carolina,2026-02-21,0,2026-02-21,Flu ED visits pct,quantile,0.75,2.154317962271514
nyc,2026-02-21,0,2026-02-21,ILI ED visits pct,quantile,0.75,2.9946429438146467
ogden,2026-02-21,0,2026-02-21,Flu ED visits pct,quantile,0.75,3.0148225700957654
oregon,2026-02-21,0,2026-02-21,Flu ED visits pct,quantile,0.75,4.767940561434353
pittsfield,2026-02-21,0,2026-02-21,Flu ED visits pct,quantile,0.75,0.9039748226333811
portland,2026-02-21,0,2026-02-21,Flu ED visits pct,quantile,0.75,1.5595357498602063
portland-or,2026-02-21,0,2026-02-21,Flu ED visits pct,quantile,0.75,4.05436685822791
provo,2026-02-21,0,2026-02-21,Flu ED visits pct,quantile,0.75,2.142287246299758
roanoke,2026-02-21,0,2026-02-21,Flu ED visits pct,quantile,0.75,2.0954084483363897
rochester,2026-02-21,0,2026-02-21,Flu ED visits pct,quantile,0.75,3.986907931077707
rock-hill,2026-02-21,0,2026-02-21,Flu ED visits pct,quantile,0.75,1.7279790021991168
rtp-area,2026-02-21,0,2026-02-21,Flu ED visits pct,quantile,0.75,2.1760756518853865
salem,2026-02-21,0,2026-02-21,Flu ED visits pct,quantile,0.75,6.668966998212789
salt-lake-city,2026-02-21,0,2026-02-21,Flu ED visits pct,quantile,0.75,2.978297349587046
san-antonio,2026-02-21,0,2026-02-21,Flu ED visits pct,quantile,0.75,7.518946578678294
savannah,2026-02-21,0,2026-02-21,Flu ED visits pct,quantile,0.75,3.237915390872959
senc,2026-02-21,0,2026-02-21,Flu ED visits pct,quantile,0.75,1.4894407551347504
south-augusta,2026-02-21,0,2026-02-21,Flu ED visits pct,quantile,0.75,2.7629282579041234
south-carolina,2026-02-21,0,2026-02-21,Flu ED visits pct,quantile,0.75,3.2304636269087594
springfield,2026-02-21,0,2026-02-21,Flu ED visits pct,quantile,0.75,1.216305579225186
st-cloud,2026-02-21,0,2026-02-21,Flu ED visits pct,quantile,0.75,4.235679494274782
st-paul,2026-02-21,0,2026-02-21,Flu ED visits pct,quantile,0.75,1.5856113755120076
texas,2026-02-21,0,2026-02-21,Flu ED visits pct,quantile,0.75,4.156428842832641
triad-area,2026-02-21,0,2026-02-21,Flu ED visits pct,quantile,0.75,1.3489262642532245
utah,2026-02-21,0,2026-02-21,Flu ED visits pct,quantile,0.75,2.9734431448877827
virginia,2026-02-21,0,2026-02-21,Flu ED visits pct,quantile,0.75,1.8150241198132973
weld,2026-02-21,0,2026-02-21,Flu ED visits pct,quantile,0.75,1.6070165375762238
wnc,2026-02-21,0,2026-02-21,Flu ED visits pct,quantile,0.75,1.6470250501351271
worcester,2026-02-21,0,2026-02-21,Flu ED visits pct,quantile,0.75,1.5124547323498596
athens,2026-02-21,1,2026-02-28,Flu ED visits pct,quantile,0.75,2.6000168129221337
austin,2026-02-21,1,2026-02-28,Flu ED visits pct,quantile,0.75,4.191860519972406
baltimore,2026-02-21,1,2026-02-28,Flu ED visits pct,quantile,0.75,0.6627191538680894
bangor,2026-02-21,1,2026-02-28,Flu ED visits pct,quantile,0.75,2.8645511116024425
beaumont,2026-02-21,1,2026-02-28,Flu ED visits pct,quantile,0.75,2.9000623236437626
boston,2026-02-21,1,2026-02-28,Flu ED visits pct,quantile,0.75,1.2005644499755874
boulder,2026-02-21,1,2026-02-28,Flu ED visits pct,quantile,0.75,3.3555772406004984
charleston,2026-02-21,1,2026-02-28,Flu ED visits pct,quantile,0.75,3.7883437047208526
cherokee,2026-02-21,1,2026-02-28,Flu ED visits pct,quantile,0.75,3.6708709792886274
clt-area,2026-02-21,1,2026-02-28,Flu ED visits pct,quantile,0.75,2.271261087530902
colorado,2026-02-21,1,2026-02-28,Flu ED visits pct,quantile,0.75,1.8765506226520214
colorado-springs,2026-02-21,1,2026-02-28,Flu ED visits pct,quantile,0.75,1.9882553424568705
columbia,2026-02-21,1,2026-02-28,Flu ED visits pct,quantile,0.75,2.668868083674855
columbus,2026-02-21,1,2026-02-28,Flu ED visits pct,quantile,0.75,3.144351070947987
dallas,2026-02-21,1,2026-02-28,Flu ED visits pct,quantile,0.75,2.967539133823062
denver,2026-02-21,1,2026-02-28,Flu ED visits pct,quantile,0.75,1.6542495351947708
deschutes,2026-02-21,1,2026-02-28,Flu ED visits pct,quantile,0.75,4.553273593155955
duluth,2026-02-21,1,2026-02-28,Flu ED visits pct,quantile,0.75,1.9239610164279601
el-paso,2026-02-21,1,2026-02-28,Flu ED visits pct,quantile,0.75,1.2119153429266865
eugene,2026-02-21,1,2026-02-28,Flu ED visits pct,quantile,0.75,3.149574087662818
fay-area,2026-02-21,1,2026-02-28,Flu ED visits pct,quantile,0.75,3.138509125418527
florence,2026-02-21,1,2026-02-28,Flu ED visits pct,quantile,0.75,3.665672208255031
floyd,2026-02-21,1,2026-02-28,Flu ED visits pct,quantile,0.75,3.1190874548246206
frederick,2026-02-21,1,2026-02-28,Flu ED visits pct,quantile,0.75,1.2591670179729066
georgia,2026-02-21,1,2026-02-28,Flu ED visits pct,quantile,0.75,2.542513961367173
greenville,2026-02-21,1,2026-02-28,Flu ED visits pct,quantile,0.75,2.2672666897531224
hall,2026-02-21,1,2026-02-28,Flu ED visits pct,quantile,0.75,1.9438498133808566
harford,2026-02-21,1,2026-02-28,Flu ED visits pct,quantile,0.75,0.7970195832066743
henry,2026-02-21,1,2026-02-28,Flu ED visits pct,quantile,0.75,1.7957335548308357
horry,2026-02-21,1,2026-02-28,Flu ED visits pct,quantile,0.75,2.0336338353642636
houston,2026-02-21,1,2026-02-28,Flu ED visits pct,quantile,0.75,1.5574542143771568
indiana,2026-02-21,1,2026-02-28,Flu ED visits pct,quantile,0.75,3.1178077188959583
indianapolis,2026-02-21,1,2026-02-28,Flu ED visits pct,quantile,0.75,4.073806974380303
la-grange,2026-02-21,1,2026-02-28,Flu ED visits pct,quantile,0.75,3.261228018224258
larimer,2026-02-21,1,2026-02-28,Flu ED visits pct,quantile,0.75,1.8927309787527997
lynn,2026-02-21,1,2026-02-28,Flu ED visits pct,quantile,0.75,1.4421790556905179
macon,2026-02-21,1,2026-02-28,Flu ED visits pct,quantile,0.75,1.594038948436239
maine,2026-02-21,1,2026-02-28,Flu ED visits pct,quantile,0.75,1.6160278866373186
marietta,2026-02-21,1,2026-02-28,Flu ED visits pct,quantile,0.75,2.9158992419236793
maryland,2026-02-21,1,2026-02-28,Flu ED visits pct,quantile,0.75,0.9592654411912263
massachusetts,2026-02-21,1,2026-02-28,Flu ED visits pct,quantile,0.75,1.244663305001759
medford,2026-02-21,1,2026-02-28,Flu ED visits pct,quantile,0.75,4.725466504638388
mesa,2026-02-21,1,2026-02-28,Flu ED visits pct,quantile,0.75,1.5165442686802302
minneapolis,2026-02-21,1,2026-02-28,Flu ED visits pct,quantile,0.75,1.8303777512203816
minnesota,2026-02-21,1,2026-02-28,Flu ED visits pct,quantile,0.75,2.0805073854889873
montgomery,2026-02-21,1,2026-02-28,Flu ED visits pct,quantile,0.75,0.8201249035629526
nenc,2026-02-21,1,2026-02-28,Flu ED visits pct,quantile,0.75,1.7293028504944692
new-bedford,2026-02-21,1,2026-02-28,Flu ED visits pct,quantile,0.75,1.8351971054928737
north-carolina,2026-02-21,1,2026-02-28,Flu ED visits pct,quantile,0.75,1.8971312979743524
nyc,2026-02-21,1,2026-02-28,ILI ED visits pct,quantile,0.75,3.0721165376295114
ogden,2026-02-21,1,2026-02-28,Flu ED visits pct,quantile,0.75,2.7946914146331423
oregon,2026-02-21,1,2026-02-28,Flu ED visits pct,quantile,0.75,4.097084514164925
pittsfield,2026-02-21,1,2026-02-28,Flu ED visits pct,quantile,0.75,0.7913082731383536
portland,2026-02-21,1,2026-02-28,Flu ED visits pct,quantile,0.75,1.3805343676025428
portland-or,2026-02-21,1,2026-02-28,Flu ED visits pct,quantile,0.75,3.5213604837970682
provo,2026-02-21,1,2026-02-28,Flu ED visits pct,quantile,0.75,1.9940809453752457
roanoke,2026-02-21,1,2026-02-28,Flu ED visits pct,quantile,0.75,1.814719986640986
rochester,2026-02-21,1,2026-02-28,Flu ED visits pct,quantile,0.75,3.4251398968932936
rock-hill,2026-02-21,1,2026-02-28,Flu ED visits pct,quantile,0.75,1.6269137399690365
rtp-area,2026-02-21,1,2026-02-28,Flu ED visits pct,quantile,0.75,1.906859123823279
salem,2026-02-21,1,2026-02-28,Flu ED visits pct,quantile,0.75,5.43882709229057
salt-lake-city,2026-02-21,1,2026-02-28,Flu ED visits pct,quantile,0.75,2.7053773691019463
san-antonio,2026-02-21,1,2026-02-28,Flu ED visits pct,quantile,0.75,6.394278422145464
savannah,2026-02-21,1,2026-02-28,Flu ED visits pct,quantile,0.75,2.7383179113642915
senc,2026-02-21,1,2026-02-28,Flu ED visits pct,quantile,0.75,1.3893982549215789
south-augusta,2026-02-21,1,2026-02-28,Flu ED visits pct,quantile,0.75,2.414539564677576
south-carolina,2026-02-21,1,2026-02-28,Flu ED visits pct,quantile,0.75,2.956880175962693
springfield,2026-02-21,1,2026-02-28,Flu ED visits pct,quantile,0.75,1.1074753002815987
st-cloud,2026-02-21,1,2026-02-28,Flu ED visits pct,quantile,0.75,3.8959167355929796
st-paul,2026-02-21,1,2026-02-28,Flu ED visits pct,quantile,0.75,1.5089520422304006
texas,2026-02-21,1,2026-02-28,Flu ED visits pct,quantile,0.75,3.882375834330374
triad-area,2026-02-21,1,2026-02-28,Flu ED visits pct,quantile,0.75,1.13874151867442
utah,2026-02-21,1,2026-02-28,Flu ED visits pct,quantile,0.75,2.76922226752749
virginia,2026-02-21,1,2026-02-28,Flu ED visits pct,quantile,0.75,1.637855193323689
weld,2026-02-21,1,2026-02-28,Flu ED visits pct,quantile,0.75,1.5271277708650883
wnc,2026-02-21,1,2026-02-28,Flu ED visits pct,quantile,0.75,1.4345115783965745
worcester,2026-02-21,1,2026-02-28,Flu ED visits pct,quantile,0.75,1.3567317319791004
athens,2026-02-21,2,2026-03-07,Flu ED visits pct,quantile,0.75,2.4654963302149615
austin,2026-02-21,2,2026-03-07,Flu ED visits pct,quantile,0.75,3.628165670759568
baltimore,2026-02-21,2,2026-03-07,Flu ED visits pct,quantile,0.75,0.6528665165863952
bangor,2026-02-21,2,2026-03-07,Flu ED visits pct,quantile,0.75,2.6282928551135445
beaumont,2026-02-21,2,2026-03-07,Flu ED visits pct,quantile,0.75,2.661687700509716
boston,2026-02-21,2,2026-03-07,Flu ED visits pct,quantile,0.75,1.1173564112264895
boulder,2026-02-21,2,2026-03-07,Flu ED visits pct,quantile,0.75,2.977015190828308
charleston,2026-02-21,2,2026-03-07,Flu ED visits pct,quantile,0.75,3.1110981728201943
cherokee,2026-02-21,2,2026-03-07,Flu ED visits pct,quantile,0.75,3.4645247841146185
clt-area,2026-02-21,2,2026-03-07,Flu ED visits pct,quantile,0.75,1.9924972413463913
colorado,2026-02-21,2,2026-03-07,Flu ED visits pct,quantile,0.75,1.75703162894198
colorado-springs,2026-02-21,2,2026-03-07,Flu ED visits pct,quantile,0.75,1.7984525673738905
columbia,2026-02-21,2,2026-03-07,Flu ED visits pct,quantile,0.75,2.451150607863905
columbus,2026-02-21,2,2026-03-07,Flu ED visits pct,quantile,0.75,2.559239707006627
dallas,2026-02-21,2,2026-03-07,Flu ED visits pct,quantile,0.75,2.5225259566322764
denver,2026-02-21,2,2026-03-07,Flu ED visits pct,quantile,0.75,1.5581961873347328
deschutes,2026-02-21,2,2026-03-07,Flu ED visits pct,quantile,0.75,3.8973505111594267
duluth,2026-02-21,2,2026-03-07,Flu ED visits pct,quantile,0.75,1.7795149143603706
el-paso,2026-02-21,2,2026-03-07,Flu ED visits pct,quantile,0.75,1.2452734041698699
eugene,2026-02-21,2,2026-03-07,Flu ED visits pct,quantile,0.75,2.606107736888384
fay-area,2026-02-21,2,2026-03-07,Flu ED visits pct,quantile,0.75,2.7815596661670208
florence,2026-02-21,2,2026-03-07,Flu ED visits pct,quantile,0.75,3.2164954725872392
floyd,2026-02-21,2,2026-03-07,Flu ED visits pct,quantile,0.75,2.879146196757584
frederick,2026-02-21,2,2026-03-07,Flu ED visits pct,quantile,0.75,1.2253758463824138
georgia,2026-02-21,2,2026-03-07,Flu ED visits pct,quantile,0.75,2.374656554408053
greenville,2026-02-21,2,2026-03-07,Flu ED visits pct,quantile,0.75,2.0370752841871878
hall,2026-02-21,2,2026-03-07,Flu ED visits pct,quantile,0.75,1.8631891112077865
harford,2026-02-21,2,2026-03-07,Flu ED visits pct,quantile,0.75,0.7820871076911018
henry,2026-02-21,2,2026-03-07,Flu ED visits pct,quantile,0.75,1.714411099306795
horry,2026-02-21,2,2026-03-07,Flu ED visits pct,quantile,0.75,1.872990299135947
houston,2026-02-21,2,2026-03-07,Flu ED visits pct,quantile,0.75,1.4950815854874477
indiana,2026-02-21,2,2026-03-07,Flu ED visits pct,quantile,0.75,2.821756418906505
indianapolis,2026-02-21,2,2026-03-07,Flu ED visits pct,quantile,0.75,3.5389525891616764
la-grange,2026-02-21,2,2026-03-07,Flu ED visits pct,quantile,0.75,2.9256446898766604
larimer,2026-02-21,2,2026-03-07,Flu ED visits pct,quantile,0.75,1.7744228184439526
lynn,2026-02-21,2,2026-03-07,Flu ED visits pct,quantile,0.75,1.344952336254794
macon,2026-02-21,2,2026-03-07,Flu ED visits pct,quantile,0.75,1.442766954212638
maine,2026-02-21,2,2026-03-07,Flu ED visits pct,quantile,0.75,1.3926579046964707
marietta,2026-02-21,2,2026-03-07,Flu ED visits pct,quantile,0.75,2.718987575607376
maryland,2026-02-21,2,2026-03-07,Flu ED visits pct,quantile,0.75,0.9239112195049891
massachusetts,2026-02-21,2,2026-03-07,Flu ED visits pct,quantile,0.75,1.1420169616132632
medford,2026-02-21,2,2026-03-07,Flu ED visits pct,quantile,0.75,3.6630881244185507
mesa,2026-02-21,2,2026-03-07,Flu ED visits pct,quantile,0.75,1.3313909094278962
minneapolis,2026-02-21,2,2026-03-07,Flu ED visits pct,quantile,0.75,1.7487495738561174
minnesota,2026-02-21,2,2026-03-07,Flu ED visits pct,quantile,0.75,1.9039336058024672
montgomery,2026-02-21,2,2026-03-07,Flu ED visits pct,quantile,0.75,0.8049815439387822
nenc,2026-02-21,2,2026-03-07,Flu ED visits pct,quantile,0.75,1.4833072452530882
new-bedford,2026-02-21,2,2026-03-07,Flu ED visits pct,quantile,0.75,1.73763510108236
north-carolina,2026-02-21,2,2026-03-07,Flu ED visits pct,quantile,0.75,1.5977883753239934
nyc,2026-02-21,2,2026-03-07,ILI ED visits pct,quantile,0.75,2.9611744951047534
ogden,2026-02-21,2,2026-03-07,Flu ED visits pct,quantile,0.75,2.4991080926276656
oregon,2026-02-21,2,2026-03-07,Flu ED visits pct,quantile,0.75,3.3764947445585856
pittsfield,2026-02-21,2,2026-03-07,Flu ED visits pct,quantile,0.75,0.718200923200538
portland,2026-02-21,2,2026-03-07,Flu ED visits pct,quantile,0.75,1.2170838704223863
portland-or,2026-02-21,2,2026-03-07,Flu ED visits pct,quantile,0.75,2.9114813349963455
provo,2026-02-21,2,2026-03-07,Flu ED visits pct,quantile,0.75,1.84187213012876
roanoke,2026-02-21,2,2026-03-07,Flu ED visits pct,quantile,0.75,1.6008528868811072
rochester,2026-02-21,2,2026-03-07,Flu ED visits pct,quantile,0.75,2.8187759363141818
rock-hill,2026-02-21,2,2026-03-07,Flu ED visits pct,quantile,0.75,1.5620800945889994
rtp-area,2026-02-21,2,2026-03-07,Flu ED visits pct,quantile,0.75,1.6455708331746668
salem,2026-02-21,2,2026-03-07,Flu ED visits pct,quantile,0.75,4.350879646854542
salt-lake-city,2026-02-21,2,2026-03-07,Flu ED visits pct,quantile,0.75,2.3609841376903606
san-antonio,2026-02-21,2,2026-03-07,Flu ED visits pct,quantile,0.75,5.174957899102251
savannah,2026-02-21,2,2026-03-07,Flu ED visits pct,quantile,0.75,2.258912160169184
senc,2026-02-21,2,2026-03-07,Flu ED visits pct,quantile,0.75,1.2318886532866264
south-augusta,2026-02-21,2,2026-03-07,Flu ED visits pct,quantile,0.75,1.9994298806706834
south-carolina,2026-02-21,2,2026-03-07,Flu ED visits pct,quantile,0.75,2.6504874057711234
springfield,2026-02-21,2,2026-03-07,Flu ED visits pct,quantile,0.75,1.0544776220363479
st-cloud,2026-02-21,2,2026-03-07,Flu ED visits pct,quantile,0.75,3.429868224753889
st-paul,2026-02-21,2,2026-03-07,Flu ED visits pct,quantile,0.75,1.4442537935304056
texas,2026-02-21,2,2026-03-07,Flu ED visits pct,quantile,0.75,3.5231152748210115
triad-area,2026-02-21,2,2026-03-07,Flu ED visits pct,quantile,0.75,0.9939392423176345
utah,2026-02-21,2,2026-03-07,Flu ED visits pct,quantile,0.75,2.4728497888667653
virginia,2026-02-21,2,2026-03-07,Flu ED visits pct,quantile,0.75,1.4919737353373224
weld,2026-02-21,2,2026-03-07,Flu ED visits pct,quantile,0.75,1.4701619697809043
wnc,2026-02-21,2,2026-03-07,Flu ED visits pct,quantile,0.75,1.2550588508148288
worcester,2026-02-21,2,2026-03-07,Flu ED visits pct,quantile,0.75,1.2623804943853525
athens,2026-02-21,3,2026-03-14,Flu ED visits pct,quantile,0.75,2.3087466718647645
austin,2026-02-21,3,2026-03-14,Flu ED visits pct,quantile,0.75,3.292861881785378
baltimore,2026-02-21,3,2026-03-14,Flu ED visits pct,quantile,0.75,0.6362702977166209
bangor,2026-02-21,3,2026-03-14,Flu ED visits pct,quantile,0.75,2.4093739663563545
beaumont,2026-02-21,3,2026-03-14,Flu ED visits pct,quantile,0.75,2.46068598299979
boston,2026-02-21,3,2026-03-14,Flu ED visits pct,quantile,0.75,1.0443678097648978
boulder,2026-02-21,3,2026-03-14,Flu ED visits pct,quantile,0.75,2.746313364395653
charleston,2026-02-21,3,2026-03-14,Flu ED visits pct,quantile,0.75,2.7576419051051646
cherokee,2026-02-21,3,2026-03-14,Flu ED visits pct,quantile,0.75,3.284336397263386
clt-area,2026-02-21,3,2026-03-14,Flu ED visits pct,quantile,0.75,1.7708488730023617
colorado,2026-02-21,3,2026-03-14,Flu ED visits pct,quantile,0.75,1.6747356978338275
colorado-springs,2026-02-21,3,2026-03-14,Flu ED visits pct,quantile,0.75,1.6822730012872693
columbia,2026-02-21,3,2026-03-14,Flu ED visits pct,quantile,0.75,2.2924508591457053
columbus,2026-02-21,3,2026-03-14,Flu ED visits pct,quantile,0.75,2.2298563736743784
dallas,2026-02-21,3,2026-03-14,Flu ED visits pct,quantile,0.75,2.3298023954820546
denver,2026-02-21,3,2026-03-14,Flu ED visits pct,quantile,0.75,1.4769475320798817
deschutes,2026-02-21,3,2026-03-14,Flu ED visits pct,quantile,0.75,3.4161546507981284
duluth,2026-02-21,3,2026-03-14,Flu ED visits pct,quantile,0.75,1.6371869294500563
el-paso,2026-02-21,3,2026-03-14,Flu ED visits pct,quantile,0.75,1.2116345117434013
eugene,2026-02-21,3,2026-03-14,Flu ED visits pct,quantile,0.75,2.221517545316999
fay-area,2026-02-21,3,2026-03-14,Flu ED visits pct,quantile,0.75,2.4620529741775985
florence,2026-02-21,3,2026-03-14,Flu ED visits pct,quantile,0.75,2.921932239633882
floyd,2026-02-21,3,2026-03-14,Flu ED visits pct,quantile,0.75,2.682101087932284
frederick,2026-02-21,3,2026-03-14,Flu ED visits pct,quantile,0.75,1.1620814836530429
georgia,2026-02-21,3,2026-03-14,Flu ED visits pct,quantile,0.75,2.1730005616249453
greenville,2026-02-21,3,2026-03-14,Flu ED visits pct,quantile,0.75,1.8931374433189214
hall,2026-02-21,3,2026-03-14,Flu ED visits pct,quantile,0.75,1.7352927868415315
harford,2026-02-21,3,2026-03-14,Flu ED visits pct,quantile,0.75,0.7348056268750417
henry,2026-02-21,3,2026-03-14,Flu ED visits pct,quantile,0.75,1.597369599500129
horry,2026-02-21,3,2026-03-14,Flu ED visits pct,quantile,0.75,1.736013905536885
houston,2026-02-21,3,2026-03-14,Flu ED visits pct,quantile,0.75,1.428010270596953
indiana,2026-02-21,3,2026-03-14,Flu ED visits pct,quantile,0.75,2.624478649049945
indianapolis,2026-02-21,3,2026-03-14,Flu ED visits pct,quantile,0.75,3.17725035540627
la-grange,2026-02-21,3,2026-03-14,Flu ED visits pct,quantile,0.75,2.7260662693905324
larimer,2026-02-21,3,2026-03-14,Flu ED visits pct,quantile,0.75,1.6726229477502055
lynn,2026-02-21,3,2026-03-14,Flu ED visits pct,quantile,0.75,1.2676566726213856
macon,2026-02-21,3,2026-03-14,Flu ED visits pct,quantile,0.75,1.3130207286703355
maine,2026-02-21,3,2026-03-14,Flu ED visits pct,quantile,0.75,1.2485755745936078
marietta,2026-02-21,3,2026-03-14,Flu ED visits pct,quantile,0.75,2.582003619877248
maryland,2026-02-21,3,2026-03-14,Flu ED visits pct,quantile,0.75,0.8783838036221934
massachusetts,2026-02-21,3,2026-03-14,Flu ED visits pct,quantile,0.75,1.0767729105198887
medford,2026-02-21,3,2026-03-14,Flu ED visits pct,quantile,0.75,3.122084196556339
mesa,2026-02-21,3,2026-03-14,Flu ED visits pct,quantile,0.75,1.1910906174356262
minneapolis,2026-02-21,3,2026-03-14,Flu ED visits pct,quantile,0.75,1.6436225124884278
minnesota,2026-02-21,3,2026-03-14,Flu ED visits pct,quantile,0.75,1.7280815747741851
montgomery,2026-02-21,3,2026-03-14,Flu ED visits pct,quantile,0.75,0.7613223854812444
nenc,2026-02-21,3,2026-03-14,Flu ED visits pct,quantile,0.75,1.3482563753419132
new-bedford,2026-02-21,3,2026-03-14,Flu ED visits pct,quantile,0.75,1.6271713773020386
north-carolina,2026-02-21,3,2026-03-14,Flu ED visits pct,quantile,0.75,1.4049345132766842
nyc,2026-02-21,3,2026-03-14,ILI ED visits pct,quantile,0.75,2.8415895886284317
ogden,2026-02-21,3,2026-03-14,Flu ED visits pct,quantile,0.75,2.301671844749073
oregon,2026-02-21,3,2026-03-14,Flu ED visits pct,quantile,0.75,2.9784011902940932
pittsfield,2026-02-21,3,2026-03-14,Flu ED visits pct,quantile,0.75,0.6394943372212947
portland,2026-02-21,3,2026-03-14,Flu ED visits pct,quantile,0.75,1.1118101093519526
portland-or,2026-02-21,3,2026-03-14,Flu ED visits pct,quantile,0.75,2.5851080922264815
provo,2026-02-21,3,2026-03-14,Flu ED visits pct,quantile,0.75,1.7103793815257866
roanoke,2026-02-21,3,2026-03-14,Flu ED visits pct,quantile,0.75,1.4488181918953362
rochester,2026-02-21,3,2026-03-14,Flu ED visits pct,quantile,0.75,2.41117170067444
rock-hill,2026-02-21,3,2026-03-14,Flu ED visits pct,quantile,0.75,1.444134316631808
rtp-area,2026-02-21,3,2026-03-14,Flu ED visits pct,quantile,0.75,1.4621158705499573
salem,2026-02-21,3,2026-03-14,Flu ED visits pct,quantile,0.75,3.798127964596893
salt-lake-city,2026-02-21,3,2026-03-14,Flu ED visits pct,quantile,0.75,2.1812292830530575
san-antonio,2026-02-21,3,2026-03-14,Flu ED visits pct,quantile,0.75,4.51457662404091
savannah,2026-02-21,3,2026-03-14,Flu ED visits pct,quantile,0.75,1.9216922422799305
senc,2026-02-21,3,2026-03-14,Flu ED visits pct,quantile,0.75,1.1153066031037822
south-augusta,2026-02-21,3,2026-03-14,Flu ED visits pct,quantile,0.75,1.7292261444246946
south-carolina,2026-02-21,3,2026-03-14,Flu ED visits pct,quantile,0.75,2.4554481092776035
springfield,2026-02-21,3,2026-03-14,Flu ED visits pct,quantile,0.75,0.9931339530105079
st-cloud,2026-02-21,3,2026-03-14,Flu ED visits pct,quantile,0.75,3.14703678411593
st-paul,2026-02-21,3,2026-03-14,Flu ED visits pct,quantile,0.75,1.3730688406171208
texas,2026-02-21,3,2026-03-14,Flu ED visits pct,quantile,0.75,3.218895782685492
triad-area,2026-02-21,3,2026-03-14,Flu ED visits pct,quantile,0.75,0.8958704001900942
utah,2026-02-21,3,2026-03-14,Flu ED visits pct,quantile,0.75,2.308969049591183
virginia,2026-02-21,3,2026-03-14,Flu ED visits pct,quantile,0.75,1.3572635521669434
weld,2026-02-21,3,2026-03-14,Flu ED visits pct,quantile,0.75,1.407259461467966
wnc,2026-02-21,3,2026-03-14,Flu ED visits pct,quantile,0.75,1.1057741403733816
worcester,2026-02-21,3,2026-03-14,Flu ED visits pct,quantile,0.75,1.1877608842053557
athens,2026-02-21,0,2026-02-21,Flu ED visits pct,quantile,0.9,3.356272259633325
austin,2026-02-21,0,2026-02-21,Flu ED visits pct,quantile,0.9,5.324188814996614
baltimore,2026-02-21,0,2026-02-21,Flu ED visits pct,quantile,0.9,0.7558792226258018
bangor,2026-02-21,0,2026-02-21,Flu ED visits pct,quantile,0.9,3.461953647965752
beaumont,2026-02-21,0,2026-02-21,Flu ED visits pct,quantile,0.9,3.604233110078176
boston,2026-02-21,0,2026-02-21,Flu ED visits pct,quantile,0.9,1.2682304591142086
boulder,2026-02-21,0,2026-02-21,Flu ED visits pct,quantile,0.9,4.098648253024182
charleston,2026-02-21,0,2026-02-21,Flu ED visits pct,quantile,0.9,4.684910823574003
cherokee,2026-02-21,0,2026-02-21,Flu ED visits pct,quantile,0.9,4.892037963756292
clt-area,2026-02-21,0,2026-02-21,Flu ED visits pct,quantile,0.9,2.6833353734916363
colorado,2026-02-21,0,2026-02-21,Flu ED visits pct,quantile,0.9,2.1526887022950367
colorado-springs,2026-02-21,0,2026-02-21,Flu ED visits pct,quantile,0.9,2.482539930906796
columbia,2026-02-21,0,2026-02-21,Flu ED visits pct,quantile,0.9,3.5472161224643357
columbus,2026-02-21,0,2026-02-21,Flu ED visits pct,quantile,0.9,4.000100430426581
dallas,2026-02-21,0,2026-02-21,Flu ED visits pct,quantile,0.9,3.6545557208000057
denver,2026-02-21,0,2026-02-21,Flu ED visits pct,quantile,0.9,1.8623728500099406
deschutes,2026-02-21,0,2026-02-21,Flu ED visits pct,quantile,0.9,5.651181172679952
duluth,2026-02-21,0,2026-02-21,Flu ED visits pct,quantile,0.9,2.2652414340382836
el-paso,2026-02-21,0,2026-02-21,Flu ED visits pct,quantile,0.9,1.5510227532859693
eugene,2026-02-21,0,2026-02-21,Flu ED visits pct,quantile,0.9,3.9327851871736454
fay-area,2026-02-21,0,2026-02-21,Flu ED visits pct,quantile,0.9,3.826868084599823
florence,2026-02-21,0,2026-02-21,Flu ED visits pct,quantile,0.9,4.463729816464578
floyd,2026-02-21,0,2026-02-21,Flu ED visits pct,quantile,0.9,3.7244167487799213
frederick,2026-02-21,0,2026-02-21,Flu ED visits pct,quantile,0.9,1.4519710013843186
georgia,2026-02-21,0,2026-02-21,Flu ED visits pct,quantile,0.9,3.2342242308624187
greenville,2026-02-21,0,2026-02-21,Flu ED visits pct,quantile,0.9,2.818176571248073
hall,2026-02-21,0,2026-02-21,Flu ED visits pct,quantile,0.9,2.2956984652782255
harford,2026-02-21,0,2026-02-21,Flu ED visits pct,quantile,0.9,0.9655181748748584
henry,2026-02-21,0,2026-02-21,Flu ED visits pct,quantile,0.9,2.239311941742599
horry,2026-02-21,0,2026-02-21,Flu ED visits pct,quantile,0.9,2.568724996398354
houston,2026-02-21,0,2026-02-21,Flu ED visits pct,quantile,0.9,1.7607153806383682
indiana,2026-02-21,0,2026-02-21,Flu ED visits pct,quantile,0.9,3.78375098389287
indianapolis,2026-02-21,0,2026-02-21,Flu ED visits pct,quantile,0.9,5.060252720087484
la-grange,2026-02-21,0,2026-02-21,Flu ED visits pct,quantile,0.9,3.9433057391856545
larimer,2026-02-21,0,2026-02-21,Flu ED visits pct,quantile,0.9,2.412218849390555
lynn,2026-02-21,0,2026-02-21,Flu ED visits pct,quantile,0.9,1.758379003053413
macon,2026-02-21,0,2026-02-21,Flu ED visits pct,quantile,0.9,2.3845638225540817
maine,2026-02-21,0,2026-02-21,Flu ED visits pct,quantile,0.9,2.023701159311999
marietta,2026-02-21,0,2026-02-21,Flu ED visits pct,quantile,0.9,3.7088018670012235
maryland,2026-02-21,0,2026-02-21,Flu ED visits pct,quantile,0.9,1.0492752034454547
massachusetts,2026-02-21,0,2026-02-21,Flu ED visits pct,quantile,0.9,1.3727045960043243
medford,2026-02-21,0,2026-02-21,Flu ED visits pct,quantile,0.9,6.588692344055606
mesa,2026-02-21,0,2026-02-21,Flu ED visits pct,quantile,0.9,1.9354084951355741
minneapolis,2026-02-21,0,2026-02-21,Flu ED visits pct,quantile,0.9,2.114952728207205
minnesota,2026-02-21,0,2026-02-21,Flu ED visits pct,quantile,0.9,2.3716359411351986
montgomery,2026-02-21,0,2026-02-21,Flu ED visits pct,quantile,0.9,0.929284025466107
nenc,2026-02-21,0,2026-02-21,Flu ED visits pct,quantile,0.9,2.0949795107305498
new-bedford,2026-02-21,0,2026-02-21,Flu ED visits pct,quantile,0.9,2.0870639432052043
north-carolina,2026-02-21,0,2026-02-21,Flu ED visits pct,quantile,0.9,2.291416659082066
nyc,2026-02-21,0,2026-02-21,ILI ED visits pct,quantile,0.9,3.088408457073504
ogden,2026-02-21,0,2026-02-21,Flu ED visits pct,quantile,0.9,3.284073426040444
oregon,2026-02-21,0,2026-02-21,Flu ED visits pct,quantile,0.9,5.023911526908906
pittsfield,2026-02-21,0,2026-02-21,Flu ED visits pct,quantile,0.9,1.0243572259145457
portland,2026-02-21,0,2026-02-21,Flu ED visits pct,quantile,0.9,1.6851650669445688
portland-or,2026-02-21,0,2026-02-21,Flu ED visits pct,quantile,0.9,4.292852043884026
provo,2026-02-21,0,2026-02-21,Flu ED visits pct,quantile,0.9,2.487183294294171
roanoke,2026-02-21,0,2026-02-21,Flu ED visits pct,quantile,0.9,2.347475799555498
rochester,2026-02-21,0,2026-02-21,Flu ED visits pct,quantile,0.9,4.346147069990437
rock-hill,2026-02-21,0,2026-02-21,Flu ED visits pct,quantile,0.9,1.9706988223819522
rtp-area,2026-02-21,0,2026-02-21,Flu ED visits pct,quantile,0.9,2.3161752702173604
salem,2026-02-21,0,2026-02-21,Flu ED visits pct,quantile,0.9,6.905465786603522
salt-lake-city,2026-02-21,0,2026-02-21,Flu ED visits pct,quantile,0.9,3.2139883723879907
san-antonio,2026-02-21,0,2026-02-21,Flu ED visits pct,quantile,0.9,8.081617948676245
savannah,2026-02-21,0,2026-02-21,Flu ED visits pct,quantile,0.9,3.4109280053855895
senc,2026-02-21,0,2026-02-21,Flu ED visits pct,quantile,0.9,1.641887031817458
south-augusta,2026-02-21,0,2026-02-21,Flu ED visits pct,quantile,0.9,2.985108783570191
south-carolina,2026-02-21,0,2026-02-21,Flu ED visits pct,quantile,0.9,3.4512873903191394
springfield,2026-02-21,0,2026-02-21,Flu ED visits pct,quantile,0.9,1.322216784657377
st-cloud,2026-02-21,0,2026-02-21,Flu ED visits pct,quantile,0.9,4.634251930793756
st-paul,2026-02-21,0,2026-02-21,Flu ED visits pct,quantile,0.9,1.7362957089452613
texas,2026-02-21,0,2026-02-21,Flu ED visits pct,quantile,0.9,4.390570557871107
triad-area,2026-02-21,0,2026-02-21,Flu ED visits pct,quantile,0.9,1.4377946896224534
utah,2026-02-21,0,2026-02-21,Flu ED visits pct,quantile,0.9,3.213406896185525
virginia,2026-02-21,0,2026-02-21,Flu ED visits pct,quantile,0.9,2.009421775830397
weld,2026-02-21,0,2026-02-21,Flu ED visits pct,quantile,0.9,2.0866248849099476
wnc,2026-02-21,0,2026-02-21,Flu ED visits pct,quantile,0.9,1.7835662947986575
worcester,2026-02-21,0,2026-02-21,Flu ED visits pct,quantile,0.9,1.7245267707270524
athens,2026-02-21,1,2026-02-28,Flu ED visits pct,quantile,0.9,3.301829731990241
austin,2026-02-21,1,2026-02-28,Flu ED visits pct,quantile,0.9,4.954052144429545
baltimore,2026-02-21,1,2026-02-28,Flu ED visits pct,quantile,0.9,0.7193647179832845
bangor,2026-02-21,1,2026-02-28,Flu ED visits pct,quantile,0.9,3.3381082306195755
beaumont,2026-02-21,1,2026-02-28,Flu ED visits pct,quantile,0.9,3.375673194524208
boston,2026-02-21,1,2026-02-28,Flu ED visits pct,quantile,0.9,1.239824380292714
boulder,2026-02-21,1,2026-02-28,Flu ED visits pct,quantile,0.9,3.8381014549725343
charleston,2026-02-21,1,2026-02-28,Flu ED visits pct,quantile,0.9,4.269611129686533
cherokee,2026-02-21,1,2026-02-28,Flu ED visits pct,quantile,0.9,4.766039645565323
clt-area,2026-02-21,1,2026-02-28,Flu ED visits pct,quantile,0.9,2.483731551362038
colorado,2026-02-21,1,2026-02-28,Flu ED visits pct,quantile,0.9,2.1060161097453194
colorado-springs,2026-02-21,1,2026-02-28,Flu ED visits pct,quantile,0.9,2.3473836956099388
columbia,2026-02-21,1,2026-02-28,Flu ED visits pct,quantile,0.9,3.3554830959360795
columbus,2026-02-21,1,2026-02-28,Flu ED visits pct,quantile,0.9,3.559540907462631
dallas,2026-02-21,1,2026-02-28,Flu ED visits pct,quantile,0.9,3.465350610326163
denver,2026-02-21,1,2026-02-28,Flu ED visits pct,quantile,0.9,1.8214975776396778
deschutes,2026-02-21,1,2026-02-28,Flu ED visits pct,quantile,0.9,5.186935863376768
duluth,2026-02-21,1,2026-02-28,Flu ED visits pct,quantile,0.9,2.1267100072109955
el-paso,2026-02-21,1,2026-02-28,Flu ED visits pct,quantile,0.9,1.5561254891687397
eugene,2026-02-21,1,2026-02-28,Flu ED visits pct,quantile,0.9,3.4902408464047534
fay-area,2026-02-21,1,2026-02-28,Flu ED visits pct,quantile,0.9,3.572540701925229
florence,2026-02-21,1,2026-02-28,Flu ED visits pct,quantile,0.9,4.189523715373855
floyd,2026-02-21,1,2026-02-28,Flu ED visits pct,quantile,0.9,3.529639394767174
frederick,2026-02-21,1,2026-02-28,Flu ED visits pct,quantile,0.9,1.3916137117098855
georgia,2026-02-21,1,2026-02-28,Flu ED visits pct,quantile,0.9,3.1614954572315956
greenville,2026-02-21,1,2026-02-28,Flu ED visits pct,quantile,0.9,2.6244025008385656
hall,2026-02-21,1,2026-02-28,Flu ED visits pct,quantile,0.9,2.215929580488838
harford,2026-02-21,1,2026-02-28,Flu ED visits pct,quantile,0.9,0.901159300448725
henry,2026-02-21,1,2026-02-28,Flu ED visits pct,quantile,0.9,2.251425372106638
horry,2026-02-21,1,2026-02-28,Flu ED visits pct,quantile,0.9,2.374478715750562
houston,2026-02-21,1,2026-02-28,Flu ED visits pct,quantile,0.9,1.779030418148291
indiana,2026-02-21,1,2026-02-28,Flu ED visits pct,quantile,0.9,3.6813460459002654
indianapolis,2026-02-21,1,2026-02-28,Flu ED visits pct,quantile,0.9,4.760731223781168
la-grange,2026-02-21,1,2026-02-28,Flu ED visits pct,quantile,0.9,3.759475574578441
larimer,2026-02-21,1,2026-02-28,Flu ED visits pct,quantile,0.9,2.2903823243770134
lynn,2026-02-21,1,2026-02-28,Flu ED visits pct,quantile,0.9,1.6493682506511675
macon,2026-02-21,1,2026-02-28,Flu ED visits pct,quantile,0.9,2.362653171296154
maine,2026-02-21,1,2026-02-28,Flu ED visits pct,quantile,0.9,1.8911140722680957
marietta,2026-02-21,1,2026-02-28,Flu ED visits pct,quantile,0.9,3.6424128816404586
maryland,2026-02-21,1,2026-02-28,Flu ED visits pct,quantile,0.9,1.0086942082919317
massachusetts,2026-02-21,1,2026-02-28,Flu ED visits pct,quantile,0.9,1.3413777002105916
medford,2026-02-21,1,2026-02-28,Flu ED visits pct,quantile,0.9,5.5110941780453055
mesa,2026-02-21,1,2026-02-28,Flu ED visits pct,quantile,0.9,1.8084362439894102
minneapolis,2026-02-21,1,2026-02-28,Flu ED visits pct,quantile,0.9,2.055030624196701
minnesota,2026-02-21,1,2026-02-28,Flu ED visits pct,quantile,0.9,2.315751176920479
montgomery,2026-02-21,1,2026-02-28,Flu ED visits pct,quantile,0.9,0.8710495370477725
nenc,2026-02-21,1,2026-02-28,Flu ED visits pct,quantile,0.9,1.9311350717833862
new-bedford,2026-02-21,1,2026-02-28,Flu ED visits pct,quantile,0.9,2.0334428649402736
north-carolina,2026-02-21,1,2026-02-28,Flu ED visits pct,quantile,0.9,2.1124483137202437
nyc,2026-02-21,1,2026-02-28,ILI ED visits pct,quantile,0.9,3.1076082782879553
ogden,2026-02-21,1,2026-02-28,Flu ED visits pct,quantile,0.9,3.0449849023105084
oregon,2026-02-21,1,2026-02-28,Flu ED visits pct,quantile,0.9,4.600842354820222
pittsfield,2026-02-21,1,2026-02-28,Flu ED visits pct,quantile,0.9,0.902801827077016
portland,2026-02-21,1,2026-02-28,Flu ED visits pct,quantile,0.9,1.5574408654420295
portland-or,2026-02-21,1,2026-02-28,Flu ED visits pct,quantile,0.9,3.917975228605452
provo,2026-02-21,1,2026-02-28,Flu ED visits pct,quantile,0.9,2.3183289230459483
roanoke,2026-02-21,1,2026-02-28,Flu ED visits pct,quantile,0.9,2.1336524933987175
rochester,2026-02-21,1,2026-02-28,Flu ED visits pct,quantile,0.9,3.919728898138261
rock-hill,2026-02-21,1,2026-02-28,Flu ED visits pct,quantile,0.9,1.8738758822382315
rtp-area,2026-02-21,1,2026-02-28,Flu ED visits pct,quantile,0.9,2.1275344290506015
salem,2026-02-21,1,2026-02-28,Flu ED visits pct,quantile,0.9,5.852066346233045
salt-lake-city,2026-02-21,1,2026-02-28,Flu ED visits pct,quantile,0.9,3.06585383575254
san-antonio,2026-02-21,1,2026-02-28,Flu ED visits pct,quantile,0.9,7.260393257131704
savannah,2026-02-21,1,2026-02-28,Flu ED visits pct,quantile,0.9,2.9874521191321053
senc,2026-02-21,1,2026-02-28,Flu ED visits pct,quantile,0.9,1.5010561743614612
south-augusta,2026-02-21,1,2026-02-28,Flu ED visits pct,quantile,0.9,2.725582124574993
south-carolina,2026-02-21,1,2026-02-28,Flu ED visits pct,quantile,0.9,3.2685314037160174
springfield,2026-02-21,1,2026-02-28,Flu ED visits pct,quantile,0.9,1.2375864661905496
st-cloud,2026-02-21,1,2026-02-28,Flu ED visits pct,quantile,0.9,4.378298717873161
st-paul,2026-02-21,1,2026-02-28,Flu ED visits pct,quantile,0.9,1.6725982125394387
texas,2026-02-21,1,2026-02-28,Flu ED visits pct,quantile,0.9,4.249206048582818
triad-area,2026-02-21,1,2026-02-28,Flu ED visits pct,quantile,0.9,1.2985091574734786
utah,2026-02-21,1,2026-02-28,Flu ED visits pct,quantile,0.9,3.073334599921127
virginia,2026-02-21,1,2026-02-28,Flu ED visits pct,quantile,0.9,1.9445169906519726
weld,2026-02-21,1,2026-02-28,Flu ED visits pct,quantile,0.9,2.054570903523964
wnc,2026-02-21,1,2026-02-28,Flu ED visits pct,quantile,0.9,1.6353526179748141
worcester,2026-02-21,1,2026-02-28,Flu ED visits pct,quantile,0.9,1.6218910197838403
athens,2026-02-21,2,2026-03-07,Flu ED visits pct,quantile,0.9,3.2497826083051256
austin,2026-02-21,2,2026-03-07,Flu ED visits pct,quantile,0.9,4.61830904374837
baltimore,2026-02-21,2,2026-03-07,Flu ED visits pct,quantile,0.9,0.7447802490641646
bangor,2026-02-21,2,2026-03-07,Flu ED visits pct,quantile,0.9,3.141152675043988
beaumont,2026-02-21,2,2026-03-07,Flu ED visits pct,quantile,0.9,3.1215427097054325
boston,2026-02-21,2,2026-03-07,Flu ED visits pct,quantile,0.9,1.236149198119546
boulder,2026-02-21,2,2026-03-07,Flu ED visits pct,quantile,0.9,3.561337516412903
charleston,2026-02-21,2,2026-03-07,Flu ED visits pct,quantile,0.9,3.7468238731363446
cherokee,2026-02-21,2,2026-03-07,Flu ED visits pct,quantile,0.9,4.598905999012276
clt-area,2026-02-21,2,2026-03-07,Flu ED visits pct,quantile,0.9,2.180851328519119
colorado,2026-02-21,2,2026-03-07,Flu ED visits pct,quantile,0.9,2.1010990300793715
colorado-springs,2026-02-21,2,2026-03-07,Flu ED visits pct,quantile,0.9,2.2182494327863886
columbia,2026-02-21,2,2026-03-07,Flu ED visits pct,quantile,0.9,3.1963360775719
columbus,2026-02-21,2,2026-03-07,Flu ED visits pct,quantile,0.9,3.0601074859599606
dallas,2026-02-21,2,2026-03-07,Flu ED visits pct,quantile,0.9,3.2476870466407273
denver,2026-02-21,2,2026-03-07,Flu ED visits pct,quantile,0.9,1.8038391995404932
deschutes,2026-02-21,2,2026-03-07,Flu ED visits pct,quantile,0.9,4.65466271622371
duluth,2026-02-21,2,2026-03-07,Flu ED visits pct,quantile,0.9,2.053818065069334
el-paso,2026-02-21,2,2026-03-07,Flu ED visits pct,quantile,0.9,1.6565300466461685
eugene,2026-02-21,2,2026-03-07,Flu ED visits pct,quantile,0.9,3.0468738520084098
fay-area,2026-02-21,2,2026-03-07,Flu ED visits pct,quantile,0.9,3.162196050795117
florence,2026-02-21,2,2026-03-07,Flu ED visits pct,quantile,0.9,3.8872004896815695
floyd,2026-02-21,2,2026-03-07,Flu ED visits pct,quantile,0.9,3.3756276840699844
frederick,2026-02-21,2,2026-03-07,Flu ED visits pct,quantile,0.9,1.3678151293194765
georgia,2026-02-21,2,2026-03-07,Flu ED visits pct,quantile,0.9,2.994300563531111
greenville,2026-02-21,2,2026-03-07,Flu ED visits pct,quantile,0.9,2.5019355438925617
hall,2026-02-21,2,2026-03-07,Flu ED visits pct,quantile,0.9,2.2081056829974437
harford,2026-02-21,2,2026-03-07,Flu ED visits pct,quantile,0.9,0.8987444119868402
henry,2026-02-21,2,2026-03-07,Flu ED visits pct,quantile,0.9,2.214666091880666
horry,2026-02-21,2,2026-03-07,Flu ED visits pct,quantile,0.9,2.2751142259112185
houston,2026-02-21,2,2026-03-07,Flu ED visits pct,quantile,0.9,1.7971408718554103
indiana,2026-02-21,2,2026-03-07,Flu ED visits pct,quantile,0.9,3.502983234568397
indianapolis,2026-02-21,2,2026-03-07,Flu ED visits pct,quantile,0.9,4.304312383444019
la-grange,2026-02-21,2,2026-03-07,Flu ED visits pct,quantile,0.9,3.5802773111614723
larimer,2026-02-21,2,2026-03-07,Flu ED visits pct,quantile,0.9,2.2495297788599578
lynn,2026-02-21,2,2026-03-07,Flu ED visits pct,quantile,0.9,1.6361079009525732
macon,2026-02-21,2,2026-03-07,Flu ED visits pct,quantile,0.9,2.3091116844808295
maine,2026-02-21,2,2026-03-07,Flu ED visits pct,quantile,0.9,1.7618968804378168
marietta,2026-02-21,2,2026-03-07,Flu ED visits pct,quantile,0.9,3.447329468701855
maryland,2026-02-21,2,2026-03-07,Flu ED visits pct,quantile,0.9,1.025495760203396
massachusetts,2026-02-21,2,2026-03-07,Flu ED visits pct,quantile,0.9,1.3365483355869203
medford,2026-02-21,2,2026-03-07,Flu ED visits pct,quantile,0.9,4.679954149025521
mesa,2026-02-21,2,2026-03-07,Flu ED visits pct,quantile,0.9,1.686722007846638
minneapolis,2026-02-21,2,2026-03-07,Flu ED visits pct,quantile,0.9,2.047559715566656
minnesota,2026-02-21,2,2026-03-07,Flu ED visits pct,quantile,0.9,2.276869276993529
montgomery,2026-02-21,2,2026-03-07,Flu ED visits pct,quantile,0.9,0.8916120215025828
nenc,2026-02-21,2,2026-03-07,Flu ED visits pct,quantile,0.9,1.7054943045939441
new-bedford,2026-02-21,2,2026-03-07,Flu ED visits pct,quantile,0.9,2.0112952055359186
north-carolina,2026-02-21,2,2026-03-07,Flu ED visits pct,quantile,0.9,1.8550785102721057
nyc,2026-02-21,2,2026-03-07,ILI ED visits pct,quantile,0.9,3.1493627988425494
ogden,2026-02-21,2,2026-03-07,Flu ED visits pct,quantile,0.9,2.880865033928845
oregon,2026-02-21,2,2026-03-07,Flu ED visits pct,quantile,0.9,4.118458481821367
pittsfield,2026-02-21,2,2026-03-07,Flu ED visits pct,quantile,0.9,0.870446639007075
portland,2026-02-21,2,2026-03-07,Flu ED visits pct,quantile,0.9,1.469695903465512
portland-or,2026-02-21,2,2026-03-07,Flu ED visits pct,quantile,0.9,3.509704202680595
provo,2026-02-21,2,2026-03-07,Flu ED visits pct,quantile,0.9,2.2363465516726233
roanoke,2026-02-21,2,2026-03-07,Flu ED visits pct,quantile,0.9,2.0279073426979206
rochester,2026-02-21,2,2026-03-07,Flu ED visits pct,quantile,0.9,3.312330050117366
rock-hill,2026-02-21,2,2026-03-07,Flu ED visits pct,quantile,0.9,1.8875693428126896
rtp-area,2026-02-21,2,2026-03-07,Flu ED visits pct,quantile,0.9,1.854051950286034
salem,2026-02-21,2,2026-03-07,Flu ED visits pct,quantile,0.9,5.070920040392591
salt-lake-city,2026-02-21,2,2026-03-07,Flu ED visits pct,quantile,0.9,2.872766674946694
san-antonio,2026-02-21,2,2026-03-07,Flu ED visits pct,quantile,0.9,6.579332831128245
savannah,2026-02-21,2,2026-03-07,Flu ED visits pct,quantile,0.9,2.5458011513050636
senc,2026-02-21,2,2026-03-07,Flu ED visits pct,quantile,0.9,1.3219412328072464
south-augusta,2026-02-21,2,2026-03-07,Flu ED visits pct,quantile,0.9,2.3596752382123727
south-carolina,2026-02-21,2,2026-03-07,Flu ED visits pct,quantile,0.9,3.0475322524721022
springfield,2026-02-21,2,2026-03-07,Flu ED visits pct,quantile,0.9,1.2175666176284705
st-cloud,2026-02-21,2,2026-03-07,Flu ED visits pct,quantile,0.9,4.017833658511011
st-paul,2026-02-21,2,2026-03-07,Flu ED visits pct,quantile,0.9,1.6764141802610528
texas,2026-02-21,2,2026-03-07,Flu ED visits pct,quantile,0.9,4.05017671349239
triad-area,2026-02-21,2,2026-03-07,Flu ED visits pct,quantile,0.9,1.1647879609586822
utah,2026-02-21,2,2026-03-07,Flu ED visits pct,quantile,0.9,2.9525341420278255
virginia,2026-02-21,2,2026-03-07,Flu ED visits pct,quantile,0.9,1.8691528591590036
weld,2026-02-21,2,2026-03-07,Flu ED visits pct,quantile,0.9,2.0630036682473647
wnc,2026-02-21,2,2026-03-07,Flu ED visits pct,quantile,0.9,1.4563554004987391
worcester,2026-02-21,2,2026-03-07,Flu ED visits pct,quantile,0.9,1.5786862849507077
athens,2026-02-21,3,2026-03-14,Flu ED visits pct,quantile,0.9,3.289583504876062
austin,2026-02-21,3,2026-03-14,Flu ED visits pct,quantile,0.9,4.5158570785420755
baltimore,2026-02-21,3,2026-03-14,Flu ED visits pct,quantile,0.9,0.7297155865759656
bangor,2026-02-21,3,2026-03-14,Flu ED visits pct,quantile,0.9,3.1036917239200785
beaumont,2026-02-21,3,2026-03-14,Flu ED visits pct,quantile,0.9,3.078984608808213
boston,2026-02-21,3,2026-03-14,Flu ED visits pct,quantile,0.9,1.2489967710458802
boulder,2026-02-21,3,2026-03-14,Flu ED visits pct,quantile,0.9,3.44686877431171
charleston,2026-02-21,3,2026-03-14,Flu ED visits pct,quantile,0.9,3.6273752918952633
cherokee,2026-02-21,3,2026-03-14,Flu ED visits pct,quantile,0.9,4.552998871203951
clt-area,2026-02-21,3,2026-03-14,Flu ED visits pct,quantile,0.9,2.070321664926051
colorado,2026-02-21,3,2026-03-14,Flu ED visits pct,quantile,0.9,2.052503973313249
colorado-springs,2026-02-21,3,2026-03-14,Flu ED visits pct,quantile,0.9,2.1846683668753855
columbia,2026-02-21,3,2026-03-14,Flu ED visits pct,quantile,0.9,3.1540828748002037
columbus,2026-02-21,3,2026-03-14,Flu ED visits pct,quantile,0.9,2.898167597103399
dallas,2026-02-21,3,2026-03-14,Flu ED visits pct,quantile,0.9,3.168645238859563
denver,2026-02-21,3,2026-03-14,Flu ED visits pct,quantile,0.9,1.7898871761519561
deschutes,2026-02-21,3,2026-03-14,Flu ED visits pct,quantile,0.9,4.459962965269703
duluth,2026-02-21,3,2026-03-14,Flu ED visits pct,quantile,0.9,2.0575508981032873
el-paso,2026-02-21,3,2026-03-14,Flu ED visits pct,quantile,0.9,1.690739436993385
eugene,2026-02-21,3,2026-03-14,Flu ED visits pct,quantile,0.9,2.883262152094208
fay-area,2026-02-21,3,2026-03-14,Flu ED visits pct,quantile,0.9,2.9953697828162693
florence,2026-02-21,3,2026-03-14,Flu ED visits pct,quantile,0.9,3.7435402979843833
floyd,2026-02-21,3,2026-03-14,Flu ED visits pct,quantile,0.9,3.3143597688395605
frederick,2026-02-21,3,2026-03-14,Flu ED visits pct,quantile,0.9,1.3842296755746186
georgia,2026-02-21,3,2026-03-14,Flu ED visits pct,quantile,0.9,2.952220286160784
greenville,2026-02-21,3,2026-03-14,Flu ED visits pct,quantile,0.9,2.4900833181643645
hall,2026-02-21,3,2026-03-14,Flu ED visits pct,quantile,0.9,2.1901507053100233
harford,2026-02-21,3,2026-03-14,Flu ED visits pct,quantile,0.9,0.9087788221360832
henry,2026-02-21,3,2026-03-14,Flu ED visits pct,quantile,0.9,2.2206615417006588
horry,2026-02-21,3,2026-03-14,Flu ED visits pct,quantile,0.9,2.28616117482988
houston,2026-02-21,3,2026-03-14,Flu ED visits pct,quantile,0.9,1.7936276817968029
indiana,2026-02-21,3,2026-03-14,Flu ED visits pct,quantile,0.9,3.400311050986353
indianapolis,2026-02-21,3,2026-03-14,Flu ED visits pct,quantile,0.9,4.182100902219931
la-grange,2026-02-21,3,2026-03-14,Flu ED visits pct,quantile,0.9,3.4613234823307937
larimer,2026-02-21,3,2026-03-14,Flu ED visits pct,quantile,0.9,2.2495297788599578
lynn,2026-02-21,3,2026-03-14,Flu ED visits pct,quantile,0.9,1.6555823183098872
macon,2026-02-21,3,2026-03-14,Flu ED visits pct,quantile,0.9,2.281364653014692
maine,2026-02-21,3,2026-03-14,Flu ED visits pct,quantile,0.9,1.7550660888882457
marietta,2026-02-21,3,2026-03-14,Flu ED visits pct,quantile,0.9,3.360713673491
maryland,2026-02-21,3,2026-03-14,Flu ED visits pct,quantile,0.9,1.0500236737283009
massachusetts,2026-02-21,3,2026-03-14,Flu ED visits pct,quantile,0.9,1.3544649105947972
medford,2026-02-21,3,2026-03-14,Flu ED visits pct,quantile,0.9,4.504051273060024
mesa,2026-02-21,3,2026-03-14,Flu ED visits pct,quantile,0.9,1.6503730704532962
minneapolis,2026-02-21,3,2026-03-14,Flu ED visits pct,quantile,0.9,2.0567141341113047
minnesota,2026-02-21,3,2026-03-14,Flu ED visits pct,quantile,0.9,2.276869276993529
montgomery,2026-02-21,3,2026-03-14,Flu ED visits pct,quantile,0.9,0.8916120215025828
nenc,2026-02-21,3,2026-03-14,Flu ED visits pct,quantile,0.9,1.6126938186399609
new-bedford,2026-02-21,3,2026-03-14,Flu ED visits pct,quantile,0.9,2.012476565730097
north-carolina,2026-02-21,3,2026-03-14,Flu ED visits pct,quantile,0.9,1.7656056151753208
nyc,2026-02-21,3,2026-03-14,ILI ED visits pct,quantile,0.9,3.178215017604709
ogden,2026-02-21,3,2026-03-14,Flu ED visits pct,quantile,0.9,2.861691867942797
oregon,2026-02-21,3,2026-03-14,Flu ED visits pct,quantile,0.9,3.9509472898502076
pittsfield,2026-02-21,3,2026-03-14,Flu ED visits pct,quantile,0.9,0.8549205621236297
portland,2026-02-21,3,2026-03-14,Flu ED visits pct,quantile,0.9,1.437330751144579
portland-or,2026-02-21,3,2026-03-14,Flu ED visits pct,quantile,0.9,3.344868826188971
provo,2026-02-21,3,2026-03-14,Flu ED visits pct,quantile,0.9,2.219919990760865
roanoke,2026-02-21,3,2026-03-14,Flu ED visits pct,quantile,0.9,2.015210891138221
rochester,2026-02-21,3,2026-03-14,Flu ED visits pct,quantile,0.9,3.149856644416052
rock-hill,2026-02-21,3,2026-03-14,Flu ED visits pct,quantile,0.9,1.8940667775162785
rtp-area,2026-02-21,3,2026-03-14,Flu ED visits pct,quantile,0.9,1.7627170052125312
salem,2026-02-21,3,2026-03-14,Flu ED visits pct,quantile,0.9,4.858166808457021
salt-lake-city,2026-02-21,3,2026-03-14,Flu ED visits pct,quantile,0.9,2.7822969973418084
san-antonio,2026-02-21,3,2026-03-14,Flu ED visits pct,quantile,0.9,6.24406968451374
savannah,2026-02-21,3,2026-03-14,Flu ED visits pct,quantile,0.9,2.437712196087995
senc,2026-02-21,3,2026-03-14,Flu ED visits pct,quantile,0.9,1.271466226241313
south-augusta,2026-02-21,3,2026-03-14,Flu ED visits pct,quantile,0.9,2.263097559144666
south-carolina,2026-02-21,3,2026-03-14,Flu ED visits pct,quantile,0.9,3.005249512478999
springfield,2026-02-21,3,2026-03-14,Flu ED visits pct,quantile,0.9,1.2277195856326306
st-cloud,2026-02-21,3,2026-03-14,Flu ED visits pct,quantile,0.9,3.8697273575353317
st-paul,2026-02-21,3,2026-03-14,Flu ED visits pct,quantile,0.9,1.694355362113316
texas,2026-02-21,3,2026-03-14,Flu ED visits pct,quantile,0.9,4.010333944845305
triad-area,2026-02-21,3,2026-03-14,Flu ED visits pct,quantile,0.9,1.0991538488333938
utah,2026-02-21,3,2026-03-14,Flu ED visits pct,quantile,0.9,2.863065597270414
virginia,2026-02-21,3,2026-03-14,Flu ED visits pct,quantile,0.9,1.8677107370095274
weld,2026-02-21,3,2026-03-14,Flu ED visits pct,quantile,0.9,2.1176178152437988
wnc,2026-02-21,3,2026-03-14,Flu ED visits pct,quantile,0.9,1.3462727449111236
worcester,2026-02-21,3,2026-03-14,Flu ED visits pct,quantile,0.9,1.595286307508892
athens,2026-02-21,0,2026-02-21,Flu ED visits pct,quantile,0.95,4.071181621817011
austin,2026-02-21,0,2026-02-21,Flu ED visits pct,quantile,0.95,5.691525368416566
baltimore,2026-02-21,0,2026-02-21,Flu ED visits pct,quantile,0.95,0.8098425857209705
bangor,2026-02-21,0,2026-02-21,Flu ED visits pct,quantile,0.95,3.7445051479832165
beaumont,2026-02-21,0,2026-02-21,Flu ED visits pct,quantile,0.95,3.919147412789391
boston,2026-02-21,0,2026-02-21,Flu ED visits pct,quantile,0.95,1.3656393226463355
boulder,2026-02-21,0,2026-02-21,Flu ED visits pct,quantile,0.95,4.400420854677226
charleston,2026-02-21,0,2026-02-21,Flu ED visits pct,quantile,0.95,4.874022535279705
cherokee,2026-02-21,0,2026-02-21,Flu ED visits pct,quantile,0.95,5.328834795673712
clt-area,2026-02-21,0,2026-02-21,Flu ED visits pct,quantile,0.95,2.834338016804131
colorado,2026-02-21,0,2026-02-21,Flu ED visits pct,quantile,0.95,2.328304310053797
colorado-springs,2026-02-21,0,2026-02-21,Flu ED visits pct,quantile,0.95,2.659454789206281
columbia,2026-02-21,0,2026-02-21,Flu ED visits pct,quantile,0.95,3.807005248596356
columbus,2026-02-21,0,2026-02-21,Flu ED visits pct,quantile,0.95,4.087246028339057
dallas,2026-02-21,0,2026-02-21,Flu ED visits pct,quantile,0.95,3.831649516444365
denver,2026-02-21,0,2026-02-21,Flu ED visits pct,quantile,0.95,1.9756341564650222
deschutes,2026-02-21,0,2026-02-21,Flu ED visits pct,quantile,0.95,5.929995965624844
duluth,2026-02-21,0,2026-02-21,Flu ED visits pct,quantile,0.95,2.3538061714183125
el-paso,2026-02-21,0,2026-02-21,Flu ED visits pct,quantile,0.95,1.772113242879662
eugene,2026-02-21,0,2026-02-21,Flu ED visits pct,quantile,0.95,4.162507670432462
fay-area,2026-02-21,0,2026-02-21,Flu ED visits pct,quantile,0.95,4.061843124484028
florence,2026-02-21,0,2026-02-21,Flu ED visits pct,quantile,0.95,4.63755455918099
floyd,2026-02-21,0,2026-02-21,Flu ED visits pct,quantile,0.95,3.9912954777319793
frederick,2026-02-21,0,2026-02-21,Flu ED visits pct,quantile,0.95,1.5935264401615268
georgia,2026-02-21,0,2026-02-21,Flu ED visits pct,quantile,0.95,3.4359891794669357
greenville,2026-02-21,0,2026-02-21,Flu ED visits pct,quantile,0.95,3.0353562814370085
hall,2026-02-21,0,2026-02-21,Flu ED visits pct,quantile,0.95,2.5841301470190126
harford,2026-02-21,0,2026-02-21,Flu ED visits pct,quantile,0.95,1.0370915383880905
henry,2026-02-21,0,2026-02-21,Flu ED visits pct,quantile,0.95,2.530026656488987
horry,2026-02-21,0,2026-02-21,Flu ED visits pct,quantile,0.95,2.748022999902734
houston,2026-02-21,0,2026-02-21,Flu ED visits pct,quantile,0.95,2.0159636520918283
indiana,2026-02-21,0,2026-02-21,Flu ED visits pct,quantile,0.95,4.007516886479336
indianapolis,2026-02-21,0,2026-02-21,Flu ED visits pct,quantile,0.95,5.511282538541262
la-grange,2026-02-21,0,2026-02-21,Flu ED visits pct,quantile,0.95,4.3202678587237395
larimer,2026-02-21,0,2026-02-21,Flu ED visits pct,quantile,0.95,2.6540042284488026
lynn,2026-02-21,0,2026-02-21,Flu ED visits pct,quantile,0.95,1.8483301663319534
macon,2026-02-21,0,2026-02-21,Flu ED visits pct,quantile,0.95,2.6120144340250926
maine,2026-02-21,0,2026-02-21,Flu ED visits pct,quantile,0.95,2.1643583774548376
marietta,2026-02-21,0,2026-02-21,Flu ED visits pct,quantile,0.95,4.027016278618302
maryland,2026-02-21,0,2026-02-21,Flu ED visits pct,quantile,0.95,1.1703883476191401
massachusetts,2026-02-21,0,2026-02-21,Flu ED visits pct,quantile,0.95,1.4750467246962593
medford,2026-02-21,0,2026-02-21,Flu ED visits pct,quantile,0.95,6.826973990762932
mesa,2026-02-21,0,2026-02-21,Flu ED visits pct,quantile,0.95,2.0545764639334165
minneapolis,2026-02-21,0,2026-02-21,Flu ED visits pct,quantile,0.95,2.3540898208442567
minnesota,2026-02-21,0,2026-02-21,Flu ED visits pct,quantile,0.95,2.5089519820433357
montgomery,2026-02-21,0,2026-02-21,Flu ED visits pct,quantile,0.95,0.9983849381035212
nenc,2026-02-21,0,2026-02-21,Flu ED visits pct,quantile,0.95,2.2231038680929265
new-bedford,2026-02-21,0,2026-02-21,Flu ED visits pct,quantile,0.95,2.2702539537340387
north-carolina,2026-02-21,0,2026-02-21,Flu ED visits pct,quantile,0.95,2.381017788711333
nyc,2026-02-21,0,2026-02-21,ILI ED visits pct,quantile,0.95,3.308706951248873
ogden,2026-02-21,0,2026-02-21,Flu ED visits pct,quantile,0.95,3.5193025912291582
oregon,2026-02-21,0,2026-02-21,Flu ED visits pct,quantile,0.95,5.1781841722737685
pittsfield,2026-02-21,0,2026-02-21,Flu ED visits pct,quantile,0.95,1.1298068125421443
portland,2026-02-21,0,2026-02-21,Flu ED visits pct,quantile,0.95,1.8033216327322468
portland-or,2026-02-21,0,2026-02-21,Flu ED visits pct,quantile,0.95,4.571901681481692
provo,2026-02-21,0,2026-02-21,Flu ED visits pct,quantile,0.95,2.6202696931076583
roanoke,2026-02-21,0,2026-02-21,Flu ED visits pct,quantile,0.95,2.562534551043369
rochester,2026-02-21,0,2026-02-21,Flu ED visits pct,quantile,0.95,4.579449287533717
rock-hill,2026-02-21,0,2026-02-21,Flu ED visits pct,quantile,0.95,2.1571588477359316
rtp-area,2026-02-21,0,2026-02-21,Flu ED visits pct,quantile,0.95,2.5204419830491123
salem,2026-02-21,0,2026-02-21,Flu ED visits pct,quantile,0.95,7.127491205968703
salt-lake-city,2026-02-21,0,2026-02-21,Flu ED visits pct,quantile,0.95,3.4812435832297846
san-antonio,2026-02-21,0,2026-02-21,Flu ED visits pct,quantile,0.95,8.488485935533705
savannah,2026-02-21,0,2026-02-21,Flu ED visits pct,quantile,0.95,3.496801059987478
senc,2026-02-21,0,2026-02-21,Flu ED visits pct,quantile,0.95,1.704722694682649
south-augusta,2026-02-21,0,2026-02-21,Flu ED visits pct,quantile,0.95,3.1266266669595932
south-carolina,2026-02-21,0,2026-02-21,Flu ED visits pct,quantile,0.95,3.688788121890931
springfield,2026-02-21,0,2026-02-21,Flu ED visits pct,quantile,0.95,1.4386510732606144
st-cloud,2026-02-21,0,2026-02-21,Flu ED visits pct,quantile,0.95,4.922127270407686
st-paul,2026-02-21,0,2026-02-21,Flu ED visits pct,quantile,0.95,1.847375229631755
texas,2026-02-21,0,2026-02-21,Flu ED visits pct,quantile,0.95,4.616927751813137
triad-area,2026-02-21,0,2026-02-21,Flu ED visits pct,quantile,0.95,1.5767108739753986
utah,2026-02-21,0,2026-02-21,Flu ED visits pct,quantile,0.95,3.4079245532826157
virginia,2026-02-21,0,2026-02-21,Flu ED visits pct,quantile,0.95,2.1423438615154784
weld,2026-02-21,0,2026-02-21,Flu ED visits pct,quantile,0.95,2.2191659949226774
wnc,2026-02-21,0,2026-02-21,Flu ED visits pct,quantile,0.95,1.9320272268262477
worcester,2026-02-21,0,2026-02-21,Flu ED visits pct,quantile,0.95,1.8327065787377015
athens,2026-02-21,1,2026-02-28,Flu ED visits pct,quantile,0.95,4.230101124514643
austin,2026-02-21,1,2026-02-28,Flu ED visits pct,quantile,0.95,5.58179031986342
baltimore,2026-02-21,1,2026-02-28,Flu ED visits pct,quantile,0.95,0.8164383227181787
bangor,2026-02-21,1,2026-02-28,Flu ED visits pct,quantile,0.95,3.6986480481757877
beaumont,2026-02-21,1,2026-02-28,Flu ED visits pct,quantile,0.95,3.7819948286880507
boston,2026-02-21,1,2026-02-28,Flu ED visits pct,quantile,0.95,1.35800817665112
boulder,2026-02-21,1,2026-02-28,Flu ED visits pct,quantile,0.95,4.306535894516351
charleston,2026-02-21,1,2026-02-28,Flu ED visits pct,quantile,0.95,4.605126278053435
cherokee,2026-02-21,1,2026-02-28,Flu ED visits pct,quantile,0.95,5.317864702007364
clt-area,2026-02-21,1,2026-02-28,Flu ED visits pct,quantile,0.95,2.6742871390092713
colorado,2026-02-21,1,2026-02-28,Flu ED visits pct,quantile,0.95,2.312774726607713
colorado-springs,2026-02-21,1,2026-02-28,Flu ED visits pct,quantile,0.95,2.5998768855111116
columbia,2026-02-21,1,2026-02-28,Flu ED visits pct,quantile,0.95,3.7372974882138887
columbus,2026-02-21,1,2026-02-28,Flu ED visits pct,quantile,0.95,3.7384060905395917
dallas,2026-02-21,1,2026-02-28,Flu ED visits pct,quantile,0.95,3.7075852805450946
denver,2026-02-21,1,2026-02-28,Flu ED visits pct,quantile,0.95,1.9621982897325825
deschutes,2026-02-21,1,2026-02-28,Flu ED visits pct,quantile,0.95,5.552132642669471
duluth,2026-02-21,1,2026-02-28,Flu ED visits pct,quantile,0.95,2.3570265284102474
el-paso,2026-02-21,1,2026-02-28,Flu ED visits pct,quantile,0.95,1.818591326687071
eugene,2026-02-21,1,2026-02-28,Flu ED visits pct,quantile,0.95,3.815216707828303
fay-area,2026-02-21,1,2026-02-28,Flu ED visits pct,quantile,0.95,3.815644314016548
florence,2026-02-21,1,2026-02-28,Flu ED visits pct,quantile,0.95,4.515044845866848
floyd,2026-02-21,1,2026-02-28,Flu ED visits pct,quantile,0.95,3.9805237498115345
frederick,2026-02-21,1,2026-02-28,Flu ED visits pct,quantile,0.95,1.5671283835577976
georgia,2026-02-21,1,2026-02-28,Flu ED visits pct,quantile,0.95,3.4393443560614636
greenville,2026-02-21,1,2026-02-28,Flu ED visits pct,quantile,0.95,2.9714053264968565
hall,2026-02-21,1,2026-02-28,Flu ED visits pct,quantile,0.95,2.5611644244512193
harford,2026-02-21,1,2026-02-28,Flu ED visits pct,quantile,0.95,1.027195698662535
henry,2026-02-21,1,2026-02-28,Flu ED visits pct,quantile,0.95,2.575465521131007
horry,2026-02-21,1,2026-02-28,Flu ED visits pct,quantile,0.95,2.6711984288684607
houston,2026-02-21,1,2026-02-28,Flu ED visits pct,quantile,0.95,2.055647594879855
indiana,2026-02-21,1,2026-02-28,Flu ED visits pct,quantile,0.95,3.9877290486491135
indianapolis,2026-02-21,1,2026-02-28,Flu ED visits pct,quantile,0.95,5.401707251767381
la-grange,2026-02-21,1,2026-02-28,Flu ED visits pct,quantile,0.95,4.274549359274931
larimer,2026-02-21,1,2026-02-28,Flu ED visits pct,quantile,0.95,2.6261333363124066
lynn,2026-02-21,1,2026-02-28,Flu ED visits pct,quantile,0.95,1.7993091263505727
macon,2026-02-21,1,2026-02-28,Flu ED visits pct,quantile,0.95,2.602435998725112
maine,2026-02-21,1,2026-02-28,Flu ED visits pct,quantile,0.95,2.0541203047182006
marietta,2026-02-21,1,2026-02-28,Flu ED visits pct,quantile,0.95,4.013976518582882
maryland,2026-02-21,1,2026-02-28,Flu ED visits pct,quantile,0.95,1.1727531000585343
massachusetts,2026-02-21,1,2026-02-28,Flu ED visits pct,quantile,0.95,1.4558501558760142
medford,2026-02-21,1,2026-02-28,Flu ED visits pct,quantile,0.95,6.313888925657389
mesa,2026-02-21,1,2026-02-28,Flu ED visits pct,quantile,0.95,1.928355830439485
minneapolis,2026-02-21,1,2026-02-28,Flu ED visits pct,quantile,0.95,2.351573476784612
minnesota,2026-02-21,1,2026-02-28,Flu ED visits pct,quantile,0.95,2.467797725589188
montgomery,2026-02-21,1,2026-02-28,Flu ED visits pct,quantile,0.95,1.000087169141806
nenc,2026-02-21,1,2026-02-28,Flu ED visits pct,quantile,0.95,2.126834546942287
new-bedford,2026-02-21,1,2026-02-28,Flu ED visits pct,quantile,0.95,2.278641566366032
north-carolina,2026-02-21,1,2026-02-28,Flu ED visits pct,quantile,0.95,2.277013437445695
nyc,2026-02-21,1,2026-02-28,ILI ED visits pct,quantile,0.95,3.3501089518371194
ogden,2026-02-21,1,2026-02-28,Flu ED visits pct,quantile,0.95,3.4555946971884937
oregon,2026-02-21,1,2026-02-28,Flu ED visits pct,quantile,0.95,4.902908041272071
pittsfield,2026-02-21,1,2026-02-28,Flu ED visits pct,quantile,0.95,1.0876622994842564
portland,2026-02-21,1,2026-02-28,Flu ED visits pct,quantile,0.95,1.7183736415856992
portland-or,2026-02-21,1,2026-02-28,Flu ED visits pct,quantile,0.95,4.3142175399121445
provo,2026-02-21,1,2026-02-28,Flu ED visits pct,quantile,0.95,2.5420894831703933
roanoke,2026-02-21,1,2026-02-28,Flu ED visits pct,quantile,0.95,2.4955079076612043
rochester,2026-02-21,1,2026-02-28,Flu ED visits pct,quantile,0.95,4.298460607375593
rock-hill,2026-02-21,1,2026-02-28,Flu ED visits pct,quantile,0.95,2.1501721982766098
rtp-area,2026-02-21,1,2026-02-28,Flu ED visits pct,quantile,0.95,2.3742465518274507
salem,2026-02-21,1,2026-02-28,Flu ED visits pct,quantile,0.95,6.554587492040881
salt-lake-city,2026-02-21,1,2026-02-28,Flu ED visits pct,quantile,0.95,3.3436073003615308
san-antonio,2026-02-21,1,2026-02-28,Flu ED visits pct,quantile,0.95,8.157220865291574
savannah,2026-02-21,1,2026-02-28,Flu ED visits pct,quantile,0.95,3.2140134305355588
senc,2026-02-21,1,2026-02-28,Flu ED visits pct,quantile,0.95,1.5995353952006224
south-augusta,2026-02-21,1,2026-02-28,Flu ED visits pct,quantile,0.95,2.957094817837817
south-carolina,2026-02-21,1,2026-02-28,Flu ED visits pct,quantile,0.95,3.570902381096535
springfield,2026-02-21,1,2026-02-28,Flu ED visits pct,quantile,0.95,1.3942922033596008
st-cloud,2026-02-21,1,2026-02-28,Flu ED visits pct,quantile,0.95,4.750176199378072
st-paul,2026-02-21,1,2026-02-28,Flu ED visits pct,quantile,0.95,1.8524388018587001
texas,2026-02-21,1,2026-02-28,Flu ED visits pct,quantile,0.95,4.501472692302584
triad-area,2026-02-21,1,2026-02-28,Flu ED visits pct,quantile,0.95,1.4776240956664746
utah,2026-02-21,1,2026-02-28,Flu ED visits pct,quantile,0.95,3.339831507843303
virginia,2026-02-21,1,2026-02-28,Flu ED visits pct,quantile,0.95,2.1030669916678204
weld,2026-02-21,1,2026-02-28,Flu ED visits pct,quantile,0.95,2.2603968695893832
wnc,2026-02-21,1,2026-02-28,Flu ED visits pct,quantile,0.95,1.8120093548920058
worcester,2026-02-21,1,2026-02-28,Flu ED visits pct,quantile,0.95,1.7754368172776922
athens,2026-02-21,2,2026-03-07,Flu ED visits pct,quantile,0.95,4.197738057779872
austin,2026-02-21,2,2026-03-07,Flu ED visits pct,quantile,0.95,5.431919286526471
baltimore,2026-02-21,2,2026-03-07,Flu ED visits pct,quantile,0.95,0.8544528889250557
bangor,2026-02-21,2,2026-03-07,Flu ED visits pct,quantile,0.95,3.6008250598283884
beaumont,2026-02-21,2,2026-03-07,Flu ED visits pct,quantile,0.95,3.686399599866951
boston,2026-02-21,2,2026-03-07,Flu ED visits pct,quantile,0.95,1.3514847639137326
boulder,2026-02-21,2,2026-03-07,Flu ED visits pct,quantile,0.95,4.222437326503368
charleston,2026-02-21,2,2026-03-07,Flu ED visits pct,quantile,0.95,4.314377543377567
cherokee,2026-02-21,2,2026-03-07,Flu ED visits pct,quantile,0.95,5.21903933457449
clt-area,2026-02-21,2,2026-03-07,Flu ED visits pct,quantile,0.95,2.420253616509735
colorado,2026-02-21,2,2026-03-07,Flu ED visits pct,quantile,0.95,2.378519625316511
colorado-springs,2026-02-21,2,2026-03-07,Flu ED visits pct,quantile,0.95,2.534559332711037
columbia,2026-02-21,2,2026-03-07,Flu ED visits pct,quantile,0.95,3.9625848061575564
columbus,2026-02-21,2,2026-03-07,Flu ED visits pct,quantile,0.95,3.4817950340266948
dallas,2026-02-21,2,2026-03-07,Flu ED visits pct,quantile,0.95,3.6271606008349537
denver,2026-02-21,2,2026-03-07,Flu ED visits pct,quantile,0.95,2.031688224193294
deschutes,2026-02-21,2,2026-03-07,Flu ED visits pct,quantile,0.95,5.277444170702284
duluth,2026-02-21,2,2026-03-07,Flu ED visits pct,quantile,0.95,2.3098525754255315
el-paso,2026-02-21,2,2026-03-07,Flu ED visits pct,quantile,0.95,2.053981316787718
eugene,2026-02-21,2,2026-03-07,Flu ED visits pct,quantile,0.95,3.607583801538827
fay-area,2026-02-21,2,2026-03-07,Flu ED visits pct,quantile,0.95,3.4781732005504797
florence,2026-02-21,2,2026-03-07,Flu ED visits pct,quantile,0.95,4.399341587398695
floyd,2026-02-21,2,2026-03-07,Flu ED visits pct,quantile,0.95,3.975029784918773
frederick,2026-02-21,2,2026-03-07,Flu ED visits pct,quantile,0.95,1.6033882303358138
georgia,2026-02-21,2,2026-03-07,Flu ED visits pct,quantile,0.95,3.429141404231872
greenville,2026-02-21,2,2026-03-07,Flu ED visits pct,quantile,0.95,2.962069546066018
hall,2026-02-21,2,2026-03-07,Flu ED visits pct,quantile,0.95,2.5801321683931557
harford,2026-02-21,2,2026-03-07,Flu ED visits pct,quantile,0.95,1.0390692539114148
henry,2026-02-21,2,2026-03-07,Flu ED visits pct,quantile,0.95,2.7497127619866286
horry,2026-02-21,2,2026-03-07,Flu ED visits pct,quantile,0.95,2.7977338465050337
houston,2026-02-21,2,2026-03-07,Flu ED visits pct,quantile,0.95,2.0898584714161434
indiana,2026-02-21,2,2026-03-07,Flu ED visits pct,quantile,0.95,3.955034203536212
indianapolis,2026-02-21,2,2026-03-07,Flu ED visits pct,quantile,0.95,5.315927208206506
la-grange,2026-02-21,2,2026-03-07,Flu ED visits pct,quantile,0.95,4.105587824933065
larimer,2026-02-21,2,2026-03-07,Flu ED visits pct,quantile,0.95,2.6523835516438736
lynn,2026-02-21,2,2026-03-07,Flu ED visits pct,quantile,0.95,1.8076937534466049
macon,2026-02-21,2,2026-03-07,Flu ED visits pct,quantile,0.95,2.5388542765950994
maine,2026-02-21,2,2026-03-07,Flu ED visits pct,quantile,0.95,1.9326511819995056
marietta,2026-02-21,2,2026-03-07,Flu ED visits pct,quantile,0.95,3.9212953390138128
maryland,2026-02-21,2,2026-03-07,Flu ED visits pct,quantile,0.95,1.221650209198542
massachusetts,2026-02-21,2,2026-03-07,Flu ED visits pct,quantile,0.95,1.4612943777412628
medford,2026-02-21,2,2026-03-07,Flu ED visits pct,quantile,0.95,5.938982922848199
mesa,2026-02-21,2,2026-03-07,Flu ED visits pct,quantile,0.95,1.8745567343900547
minneapolis,2026-02-21,2,2026-03-07,Flu ED visits pct,quantile,0.95,2.3866492680911713
minnesota,2026-02-21,2,2026-03-07,Flu ED visits pct,quantile,0.95,2.4322182226415907
montgomery,2026-02-21,2,2026-03-07,Flu ED visits pct,quantile,0.95,1.0452536123409135
nenc,2026-02-21,2,2026-03-07,Flu ED visits pct,quantile,0.95,1.911614195681318
new-bedford,2026-02-21,2,2026-03-07,Flu ED visits pct,quantile,0.95,2.2449125937554597
north-carolina,2026-02-21,2,2026-03-07,Flu ED visits pct,quantile,0.95,2.074150359096453
nyc,2026-02-21,2,2026-03-07,ILI ED visits pct,quantile,0.95,3.5036931586022315
ogden,2026-02-21,2,2026-03-07,Flu ED visits pct,quantile,0.95,3.3934944911499794
oregon,2026-02-21,2,2026-03-07,Flu ED visits pct,quantile,0.95,4.675624807326481
pittsfield,2026-02-21,2,2026-03-07,Flu ED visits pct,quantile,0.95,1.0281148360126697
portland,2026-02-21,2,2026-03-07,Flu ED visits pct,quantile,0.95,1.6620455623759354
portland-or,2026-02-21,2,2026-03-07,Flu ED visits pct,quantile,0.95,4.109489224838561
provo,2026-02-21,2,2026-03-07,Flu ED visits pct,quantile,0.95,2.5852396605269736
roanoke,2026-02-21,2,2026-03-07,Flu ED visits pct,quantile,0.95,2.345818616113229
rochester,2026-02-21,2,2026-03-07,Flu ED visits pct,quantile,0.95,3.8821039766078718
rock-hill,2026-02-21,2,2026-03-07,Flu ED visits pct,quantile,0.95,2.14993666508008
rtp-area,2026-02-21,2,2026-03-07,Flu ED visits pct,quantile,0.95,2.164155994102125
salem,2026-02-21,2,2026-03-07,Flu ED visits pct,quantile,0.95,6.156282294269254
salt-lake-city,2026-02-21,2,2026-03-07,Flu ED visits pct,quantile,0.95,3.2132354727699735
san-antonio,2026-02-21,2,2026-03-07,Flu ED visits pct,quantile,0.95,7.671347664746262
savannah,2026-02-21,2,2026-03-07,Flu ED visits pct,quantile,0.95,2.98823454413664
senc,2026-02-21,2,2026-03-07,Flu ED visits pct,quantile,0.95,1.4304453816281475
south-augusta,2026-02-21,2,2026-03-07,Flu ED visits pct,quantile,0.95,2.78124420178518
south-carolina,2026-02-21,2,2026-03-07,Flu ED visits pct,quantile,0.95,3.5380035421812996
springfield,2026-02-21,2,2026-03-07,Flu ED visits pct,quantile,0.95,1.4368460697313137
st-cloud,2026-02-21,2,2026-03-07,Flu ED visits pct,quantile,0.95,4.558890656387708
st-paul,2026-02-21,2,2026-03-07,Flu ED visits pct,quantile,0.95,1.8960583662140318
texas,2026-02-21,2,2026-03-07,Flu ED visits pct,quantile,0.95,4.550036102534424
triad-area,2026-02-21,2,2026-03-07,Flu ED visits pct,quantile,0.95,1.3436063127410502
utah,2026-02-21,2,2026-03-07,Flu ED visits pct,quantile,0.95,3.25409429724512
virginia,2026-02-21,2,2026-03-07,Flu ED visits pct,quantile,0.95,2.0350403055433395
weld,2026-02-21,2,2026-03-07,Flu ED visits pct,quantile,0.95,2.3355603339377042
wnc,2026-02-21,2,2026-03-07,Flu ED visits pct,quantile,0.95,1.6645293601952895
worcester,2026-02-21,2,2026-03-07,Flu ED visits pct,quantile,0.95,1.7642737981206966
athens,2026-02-21,3,2026-03-14,Flu ED visits pct,quantile,0.95,4.192566302500235
austin,2026-02-21,3,2026-03-14,Flu ED visits pct,quantile,0.95,5.466089730168974
baltimore,2026-02-21,3,2026-03-14,Flu ED visits pct,quantile,0.95,0.9041868178002738
bangor,2026-02-21,3,2026-03-14,Flu ED visits pct,quantile,0.95,3.5771995906326177
beaumont,2026-02-21,3,2026-03-14,Flu ED visits pct,quantile,0.95,3.7418969291258066
boston,2026-02-21,3,2026-03-14,Flu ED visits pct,quantile,0.95,1.4085305179022638
boulder,2026-02-21,3,2026-03-14,Flu ED visits pct,quantile,0.95,4.1538345802899475
charleston,2026-02-21,3,2026-03-14,Flu ED visits pct,quantile,0.95,4.294632005560247
cherokee,2026-02-21,3,2026-03-14,Flu ED visits pct,quantile,0.95,5.265730482290523
clt-area,2026-02-21,3,2026-03-14,Flu ED visits pct,quantile,0.95,2.4107880227574983
colorado,2026-02-21,3,2026-03-14,Flu ED visits pct,quantile,0.95,2.47003797641165
colorado-springs,2026-02-21,3,2026-03-14,Flu ED visits pct,quantile,0.95,2.567009486991836
columbia,2026-02-21,3,2026-03-14,Flu ED visits pct,quantile,0.95,4.01756838734132
columbus,2026-02-21,3,2026-03-14,Flu ED visits pct,quantile,0.95,3.431069694008649
dallas,2026-02-21,3,2026-03-14,Flu ED visits pct,quantile,0.95,3.6993484604831717
denver,2026-02-21,3,2026-03-14,Flu ED visits pct,quantile,0.95,2.083661270606477
deschutes,2026-02-21,3,2026-03-14,Flu ED visits pct,quantile,0.95,5.256274580216521
duluth,2026-02-21,3,2026-03-14,Flu ED visits pct,quantile,0.95,2.287459614409768
el-paso,2026-02-21,3,2026-03-14,Flu ED visits pct,quantile,0.95,2.18949758987952
eugene,2026-02-21,3,2026-03-14,Flu ED visits pct,quantile,0.95,3.5962302968226907
fay-area,2026-02-21,3,2026-03-14,Flu ED visits pct,quantile,0.95,3.399368192041726
florence,2026-02-21,3,2026-03-14,Flu ED visits pct,quantile,0.95,4.369206944650406
floyd,2026-02-21,3,2026-03-14,Flu ED visits pct,quantile,0.95,4.025448793650016
frederick,2026-02-21,3,2026-03-14,Flu ED visits pct,quantile,0.95,1.653640484383814
georgia,2026-02-21,3,2026-03-14,Flu ED visits pct,quantile,0.95,3.4685314687250353
greenville,2026-02-21,3,2026-03-14,Flu ED visits pct,quantile,0.95,2.959505884594479
hall,2026-02-21,3,2026-03-14,Flu ED visits pct,quantile,0.95,2.5921055934550505
harford,2026-02-21,3,2026-03-14,Flu ED visits pct,quantile,0.95,1.0784105735974252
henry,2026-02-21,3,2026-03-14,Flu ED visits pct,quantile,0.95,2.883137839415122
horry,2026-02-21,3,2026-03-14,Flu ED visits pct,quantile,0.95,2.842319558855853
houston,2026-02-21,3,2026-03-14,Flu ED visits pct,quantile,0.95,2.3110447269094103
indiana,2026-02-21,3,2026-03-14,Flu ED visits pct,quantile,0.95,4.061655061079265
indianapolis,2026-02-21,3,2026-03-14,Flu ED visits pct,quantile,0.95,5.275940018165322
la-grange,2026-02-21,3,2026-03-14,Flu ED visits pct,quantile,0.95,4.181442079932952
larimer,2026-02-21,3,2026-03-14,Flu ED visits pct,quantile,0.95,2.6540452440336577
lynn,2026-02-21,3,2026-03-14,Flu ED visits pct,quantile,0.95,1.86123639077998
macon,2026-02-21,3,2026-03-14,Flu ED visits pct,quantile,0.95,2.565736582367722
maine,2026-02-21,3,2026-03-14,Flu ED visits pct,quantile,0.95,1.9620078241702037
marietta,2026-02-21,3,2026-03-14,Flu ED visits pct,quantile,0.95,3.9645910127489863
maryland,2026-02-21,3,2026-03-14,Flu ED visits pct,quantile,0.95,1.2853183450133923
massachusetts,2026-02-21,3,2026-03-14,Flu ED visits pct,quantile,0.95,1.5498664526634123
medford,2026-02-21,3,2026-03-14,Flu ED visits pct,quantile,0.95,5.850764897100564
mesa,2026-02-21,3,2026-03-14,Flu ED visits pct,quantile,0.95,1.8714219086500956
minneapolis,2026-02-21,3,2026-03-14,Flu ED visits pct,quantile,0.95,2.4451686212401436
minnesota,2026-02-21,3,2026-03-14,Flu ED visits pct,quantile,0.95,2.5008320259786867
montgomery,2026-02-21,3,2026-03-14,Flu ED visits pct,quantile,0.95,1.0805306002755053
nenc,2026-02-21,3,2026-03-14,Flu ED visits pct,quantile,0.95,1.8862757172352655
new-bedford,2026-02-21,3,2026-03-14,Flu ED visits pct,quantile,0.95,2.337715861583102
north-carolina,2026-02-21,3,2026-03-14,Flu ED visits pct,quantile,0.95,2.0729655630347197
nyc,2026-02-21,3,2026-03-14,ILI ED visits pct,quantile,0.95,3.7311384948965793
ogden,2026-02-21,3,2026-03-14,Flu ED visits pct,quantile,0.95,3.3493524523675586
oregon,2026-02-21,3,2026-03-14,Flu ED visits pct,quantile,0.95,4.642229005861582
pittsfield,2026-02-21,3,2026-03-14,Flu ED visits pct,quantile,0.95,1.0485140301380005
portland,2026-02-21,3,2026-03-14,Flu ED visits pct,quantile,0.95,1.6474651659064103
portland-or,2026-02-21,3,2026-03-14,Flu ED visits pct,quantile,0.95,4.071705336691706
provo,2026-02-21,3,2026-03-14,Flu ED visits pct,quantile,0.95,2.616441898988122
roanoke,2026-02-21,3,2026-03-14,Flu ED visits pct,quantile,0.95,2.330656830358801
rochester,2026-02-21,3,2026-03-14,Flu ED visits pct,quantile,0.95,3.8234815184537148
rock-hill,2026-02-21,3,2026-03-14,Flu ED visits pct,quantile,0.95,2.200982572476878
rtp-area,2026-02-21,3,2026-03-14,Flu ED visits pct,quantile,0.95,2.139694731940654
salem,2026-02-21,3,2026-03-14,Flu ED visits pct,quantile,0.95,6.128477725242088
salt-lake-city,2026-02-21,3,2026-03-14,Flu ED visits pct,quantile,0.95,3.2043073164545848
san-antonio,2026-02-21,3,2026-03-14,Flu ED visits pct,quantile,0.95,7.640657607050064
savannah,2026-02-21,3,2026-03-14,Flu ED visits pct,quantile,0.95,2.9857230311722005
senc,2026-02-21,3,2026-03-14,Flu ED visits pct,quantile,0.95,1.4185877806254648
south-augusta,2026-02-21,3,2026-03-14,Flu ED visits pct,quantile,0.95,2.7494556413152376
south-carolina,2026-02-21,3,2026-03-14,Flu ED visits pct,quantile,0.95,3.6062014583495503
springfield,2026-02-21,3,2026-03-14,Flu ED visits pct,quantile,0.95,1.4877642754238514
st-cloud,2026-02-21,3,2026-03-14,Flu ED visits pct,quantile,0.95,4.5408916339033984
st-paul,2026-02-21,3,2026-03-14,Flu ED visits pct,quantile,0.95,1.9959391251513343
texas,2026-02-21,3,2026-03-14,Flu ED visits pct,quantile,0.95,4.667441078383187
triad-area,2026-02-21,3,2026-03-14,Flu ED visits pct,quantile,0.95,1.3329731618114873
utah,2026-02-21,3,2026-03-14,Flu ED visits pct,quantile,0.95,3.306498484011663
virginia,2026-02-21,3,2026-03-14,Flu ED visits pct,quantile,0.95,2.116728508690785
weld,2026-02-21,3,2026-03-14,Flu ED visits pct,quantile,0.95,2.4129079802089337
wnc,2026-02-21,3,2026-03-14,Flu ED visits pct,quantile,0.95,1.6636589101364452
worcester,2026-02-21,3,2026-03-14,Flu ED visits pct,quantile,0.95,1.8244633450149221
athens,2026-02-21,0,2026-02-21,Flu ED visits pct,quantile,0.975,4.177562923999939
austin,2026-02-21,0,2026-02-21,Flu ED visits pct,quantile,0.975,5.9132906427237
baltimore,2026-02-21,0,2026-02-21,Flu ED visits pct,quantile,0.975,1.002869983339229
bangor,2026-02-21,0,2026-02-21,Flu ED visits pct,quantile,0.975,4.04551900536924
beaumont,2026-02-21,0,2026-02-21,Flu ED visits pct,quantile,0.975,4.513103547192397
boston,2026-02-21,0,2026-02-21,Flu ED visits pct,quantile,0.975,1.553501774052982
boulder,2026-02-21,0,2026-02-21,Flu ED visits pct,quantile,0.975,4.753942559659554
charleston,2026-02-21,0,2026-02-21,Flu ED visits pct,quantile,0.975,5.193466159354687
cherokee,2026-02-21,0,2026-02-21,Flu ED visits pct,quantile,0.975,5.876224232886041
clt-area,2026-02-21,0,2026-02-21,Flu ED visits pct,quantile,0.975,3.011312788742835
colorado,2026-02-21,0,2026-02-21,Flu ED visits pct,quantile,0.975,2.571159907677637
colorado-springs,2026-02-21,0,2026-02-21,Flu ED visits pct,quantile,0.975,2.965112300572475
columbia,2026-02-21,0,2026-02-21,Flu ED visits pct,quantile,0.975,4.506785899591636
columbus,2026-02-21,0,2026-02-21,Flu ED visits pct,quantile,0.975,4.318678812578743
dallas,2026-02-21,0,2026-02-21,Flu ED visits pct,quantile,0.975,4.17126830424185
denver,2026-02-21,0,2026-02-21,Flu ED visits pct,quantile,0.975,2.256358172398598
deschutes,2026-02-21,0,2026-02-21,Flu ED visits pct,quantile,0.975,6.179178729536922
duluth,2026-02-21,0,2026-02-21,Flu ED visits pct,quantile,0.975,2.66794258314224
el-paso,2026-02-21,0,2026-02-21,Flu ED visits pct,quantile,0.975,1.9030609290685796
eugene,2026-02-21,0,2026-02-21,Flu ED visits pct,quantile,0.975,4.5525922028956805
fay-area,2026-02-21,0,2026-02-21,Flu ED visits pct,quantile,0.975,4.163735284450523
florence,2026-02-21,0,2026-02-21,Flu ED visits pct,quantile,0.975,4.986667685887852
floyd,2026-02-21,0,2026-02-21,Flu ED visits pct,quantile,0.975,4.516888240981332
frederick,2026-02-21,0,2026-02-21,Flu ED visits pct,quantile,0.975,1.7140493769202976
georgia,2026-02-21,0,2026-02-21,Flu ED visits pct,quantile,0.975,3.9046282293617325
greenville,2026-02-21,0,2026-02-21,Flu ED visits pct,quantile,0.975,3.3899992559806886
hall,2026-02-21,0,2026-02-21,Flu ED visits pct,quantile,0.975,2.888120312981038
harford,2026-02-21,0,2026-02-21,Flu ED visits pct,quantile,0.975,1.1458169277461918
henry,2026-02-21,0,2026-02-21,Flu ED visits pct,quantile,0.975,2.782405367770874
horry,2026-02-21,0,2026-02-21,Flu ED visits pct,quantile,0.975,3.1258447918564594
houston,2026-02-21,0,2026-02-21,Flu ED visits pct,quantile,0.975,2.5028120144045443
indiana,2026-02-21,0,2026-02-21,Flu ED visits pct,quantile,0.975,4.489048675303521
indianapolis,2026-02-21,0,2026-02-21,Flu ED visits pct,quantile,0.975,6.08120944258219
la-grange,2026-02-21,0,2026-02-21,Flu ED visits pct,quantile,0.975,4.7371488647537845
larimer,2026-02-21,0,2026-02-21,Flu ED visits pct,quantile,0.975,2.9500954216232644
lynn,2026-02-21,0,2026-02-21,Flu ED visits pct,quantile,0.975,2.0496942768741504
macon,2026-02-21,0,2026-02-21,Flu ED visits pct,quantile,0.975,2.798581711524243
maine,2026-02-21,0,2026-02-21,Flu ED visits pct,quantile,0.975,2.384877424514691
marietta,2026-02-21,0,2026-02-21,Flu ED visits pct,quantile,0.975,4.457640598113209
maryland,2026-02-21,0,2026-02-21,Flu ED visits pct,quantile,0.975,1.3851401142632824
massachusetts,2026-02-21,0,2026-02-21,Flu ED visits pct,quantile,0.975,1.7117258022404742
medford,2026-02-21,0,2026-02-21,Flu ED visits pct,quantile,0.975,7.5441524410707395
mesa,2026-02-21,0,2026-02-21,Flu ED visits pct,quantile,0.975,2.1490432073598957
minneapolis,2026-02-21,0,2026-02-21,Flu ED visits pct,quantile,0.975,2.6095516613456238
minnesota,2026-02-21,0,2026-02-21,Flu ED visits pct,quantile,0.975,2.8378045800025404
montgomery,2026-02-21,0,2026-02-21,Flu ED visits pct,quantile,0.975,1.144797382446542
nenc,2026-02-21,0,2026-02-21,Flu ED visits pct,quantile,0.975,2.3066404258729256
new-bedford,2026-02-21,0,2026-02-21,Flu ED visits pct,quantile,0.975,2.5653444637422522
north-carolina,2026-02-21,0,2026-02-21,Flu ED visits pct,quantile,0.975,2.575327914069242
nyc,2026-02-21,0,2026-02-21,ILI ED visits pct,quantile,0.975,3.776111509194878
ogden,2026-02-21,0,2026-02-21,Flu ED visits pct,quantile,0.975,3.810518148252453
oregon,2026-02-21,0,2026-02-21,Flu ED visits pct,quantile,0.975,5.65467434610295
pittsfield,2026-02-21,0,2026-02-21,Flu ED visits pct,quantile,0.975,1.231670552974552
portland,2026-02-21,0,2026-02-21,Flu ED visits pct,quantile,0.975,1.994006726159798
portland-or,2026-02-21,0,2026-02-21,Flu ED visits pct,quantile,0.975,4.845600408922432
provo,2026-02-21,0,2026-02-21,Flu ED visits pct,quantile,0.975,2.9039341324934083
roanoke,2026-02-21,0,2026-02-21,Flu ED visits pct,quantile,0.975,2.764510999764573
rochester,2026-02-21,0,2026-02-21,Flu ED visits pct,quantile,0.975,4.734707335928272
rock-hill,2026-02-21,0,2026-02-21,Flu ED visits pct,quantile,0.975,2.4634140184328084
rtp-area,2026-02-21,0,2026-02-21,Flu ED visits pct,quantile,0.975,2.647179125695643
salem,2026-02-21,0,2026-02-21,Flu ED visits pct,quantile,0.975,7.695014065704884
salt-lake-city,2026-02-21,0,2026-02-21,Flu ED visits pct,quantile,0.975,3.7198919152422723
san-antonio,2026-02-21,0,2026-02-21,Flu ED visits pct,quantile,0.975,9.00216893502122
savannah,2026-02-21,0,2026-02-21,Flu ED visits pct,quantile,0.975,3.6610961243551006
senc,2026-02-21,0,2026-02-21,Flu ED visits pct,quantile,0.975,1.8625134022924519
south-augusta,2026-02-21,0,2026-02-21,Flu ED visits pct,quantile,0.975,3.3392829028245585
south-carolina,2026-02-21,0,2026-02-21,Flu ED visits pct,quantile,0.975,4.195943421115059
springfield,2026-02-21,0,2026-02-21,Flu ED visits pct,quantile,0.975,1.622835246563319
st-cloud,2026-02-21,0,2026-02-21,Flu ED visits pct,quantile,0.975,5.362395349156237
st-paul,2026-02-21,0,2026-02-21,Flu ED visits pct,quantile,0.975,2.062962375580722
texas,2026-02-21,0,2026-02-21,Flu ED visits pct,quantile,0.975,5.124439852067255
triad-area,2026-02-21,0,2026-02-21,Flu ED visits pct,quantile,0.975,1.705770656260144
utah,2026-02-21,0,2026-02-21,Flu ED visits pct,quantile,0.975,3.6967808397993953
virginia,2026-02-21,0,2026-02-21,Flu ED visits pct,quantile,0.975,2.4430319664171707
weld,2026-02-21,0,2026-02-21,Flu ED visits pct,quantile,0.975,2.585414900792369
wnc,2026-02-21,0,2026-02-21,Flu ED visits pct,quantile,0.975,2.03296937851234
worcester,2026-02-21,0,2026-02-21,Flu ED visits pct,quantile,0.975,2.025383631450989
athens,2026-02-21,1,2026-02-28,Flu ED visits pct,quantile,0.975,4.276442286414536
austin,2026-02-21,1,2026-02-28,Flu ED visits pct,quantile,0.975,6.058520501146787
baltimore,2026-02-21,1,2026-02-28,Flu ED visits pct,quantile,0.975,1.038114639167512
bangor,2026-02-21,1,2026-02-28,Flu ED visits pct,quantile,0.975,4.124254784966498
beaumont,2026-02-21,1,2026-02-28,Flu ED visits pct,quantile,0.975,4.81128520411632
boston,2026-02-21,1,2026-02-28,Flu ED visits pct,quantile,0.975,1.5984727402048429
boulder,2026-02-21,1,2026-02-28,Flu ED visits pct,quantile,0.975,4.79587794912255
charleston,2026-02-21,1,2026-02-28,Flu ED visits pct,quantile,0.975,5.188582640760537
cherokee,2026-02-21,1,2026-02-28,Flu ED visits pct,quantile,0.975,6.224351491294725
clt-area,2026-02-21,1,2026-02-28,Flu ED visits pct,quantile,0.975,2.9344760853626006
colorado,2026-02-21,1,2026-02-28,Flu ED visits pct,quantile,0.975,2.65585740756327
colorado-springs,2026-02-21,1,2026-02-28,Flu ED visits pct,quantile,0.975,3.008913133004801
columbia,2026-02-21,1,2026-02-28,Flu ED visits pct,quantile,0.975,4.702949441892507
columbus,2026-02-21,1,2026-02-28,Flu ED visits pct,quantile,0.975,4.2272946572215915
dallas,2026-02-21,1,2026-02-28,Flu ED visits pct,quantile,0.975,4.280405509992258
denver,2026-02-21,1,2026-02-28,Flu ED visits pct,quantile,0.975,2.3182723137978334
deschutes,2026-02-21,1,2026-02-28,Flu ED visits pct,quantile,0.975,6.107025872225347
duluth,2026-02-21,1,2026-02-28,Flu ED visits pct,quantile,0.975,2.7256468654024477
el-paso,2026-02-21,1,2026-02-28,Flu ED visits pct,quantile,0.975,2.0392212103237184
eugene,2026-02-21,1,2026-02-28,Flu ED visits pct,quantile,0.975,4.533742601128292
fay-area,2026-02-21,1,2026-02-28,Flu ED visits pct,quantile,0.975,4.076812244362879
florence,2026-02-21,1,2026-02-28,Flu ED visits pct,quantile,0.975,5.050176923908453
floyd,2026-02-21,1,2026-02-28,Flu ED visits pct,quantile,0.975,4.674227602777154
frederick,2026-02-21,1,2026-02-28,Flu ED visits pct,quantile,0.975,1.7501388537248925
georgia,2026-02-21,1,2026-02-28,Flu ED visits pct,quantile,0.975,4.114400734533978
greenville,2026-02-21,1,2026-02-28,Flu ED visits pct,quantile,0.975,3.483871594331263
hall,2026-02-21,1,2026-02-28,Flu ED visits pct,quantile,0.975,2.9780206900340547
harford,2026-02-21,1,2026-02-28,Flu ED visits pct,quantile,0.975,1.1624284101065516
henry,2026-02-21,1,2026-02-28,Flu ED visits pct,quantile,0.975,2.9431032003279007
horry,2026-02-21,1,2026-02-28,Flu ED visits pct,quantile,0.975,3.2109253688396664
houston,2026-02-21,1,2026-02-28,Flu ED visits pct,quantile,0.975,2.6192305727186866
indiana,2026-02-21,1,2026-02-28,Flu ED visits pct,quantile,0.975,4.606115916846482
indianapolis,2026-02-21,1,2026-02-28,Flu ED visits pct,quantile,0.975,6.217231963811899
la-grange,2026-02-21,1,2026-02-28,Flu ED visits pct,quantile,0.975,4.871481941717358
larimer,2026-02-21,1,2026-02-28,Flu ED visits pct,quantile,0.975,3.0520647191747643
lynn,2026-02-21,1,2026-02-28,Flu ED visits pct,quantile,0.975,2.0728661262894343
macon,2026-02-21,1,2026-02-28,Flu ED visits pct,quantile,0.975,2.8431050050159223
maine,2026-02-21,1,2026-02-28,Flu ED visits pct,quantile,0.975,2.3433213185145982
marietta,2026-02-21,1,2026-02-28,Flu ED visits pct,quantile,0.975,4.654435957327949
maryland,2026-02-21,1,2026-02-28,Flu ED visits pct,quantile,0.975,1.4239555504577146
massachusetts,2026-02-21,1,2026-02-28,Flu ED visits pct,quantile,0.975,1.7519881007015954
medford,2026-02-21,1,2026-02-28,Flu ED visits pct,quantile,0.975,7.472467483715246
mesa,2026-02-21,1,2026-02-28,Flu ED visits pct,quantile,0.975,2.1001472976425206
minneapolis,2026-02-21,1,2026-02-28,Flu ED visits pct,quantile,0.975,2.6820605487949587
minnesota,2026-02-21,1,2026-02-28,Flu ED visits pct,quantile,0.975,2.893186177243823
montgomery,2026-02-21,1,2026-02-28,Flu ED visits pct,quantile,0.975,1.1834535156057595
nenc,2026-02-21,1,2026-02-28,Flu ED visits pct,quantile,0.975,2.257895893975938
new-bedford,2026-02-21,1,2026-02-28,Flu ED visits pct,quantile,0.975,2.60051831260741
north-carolina,2026-02-21,1,2026-02-28,Flu ED visits pct,quantile,0.975,2.5210541854477744
nyc,2026-02-21,1,2026-02-28,ILI ED visits pct,quantile,0.975,3.877981554070488
ogden,2026-02-21,1,2026-02-28,Flu ED visits pct,quantile,0.975,3.9223689565612836
oregon,2026-02-21,1,2026-02-28,Flu ED visits pct,quantile,0.975,5.640885555174843
pittsfield,2026-02-21,1,2026-02-28,Flu ED visits pct,quantile,0.975,1.2128272711487484
portland,2026-02-21,1,2026-02-28,Flu ED visits pct,quantile,0.975,1.973064398855866
portland-or,2026-02-21,1,2026-02-28,Flu ED visits pct,quantile,0.975,4.840707221879252
provo,2026-02-21,1,2026-02-28,Flu ED visits pct,quantile,0.975,2.9436569162564474
roanoke,2026-02-21,1,2026-02-28,Flu ED visits pct,quantile,0.975,2.7435605387026474
rochester,2026-02-21,1,2026-02-28,Flu ED visits pct,quantile,0.975,4.607105640570636
rock-hill,2026-02-21,1,2026-02-28,Flu ED visits pct,quantile,0.975,2.5628689474368263
rtp-area,2026-02-21,1,2026-02-28,Flu ED visits pct,quantile,0.975,2.576230054171504
salem,2026-02-21,1,2026-02-28,Flu ED visits pct,quantile,0.975,7.670805603849824
salt-lake-city,2026-02-21,1,2026-02-28,Flu ED visits pct,quantile,0.975,3.740613259651582
san-antonio,2026-02-21,1,2026-02-28,Flu ED visits pct,quantile,0.975,8.986416304263127
savannah,2026-02-21,1,2026-02-28,Flu ED visits pct,quantile,0.975,3.6482005370103927
senc,2026-02-21,1,2026-02-28,Flu ED visits pct,quantile,0.975,1.8284350318229865
south-augusta,2026-02-21,1,2026-02-28,Flu ED visits pct,quantile,0.975,3.322890018335743
south-carolina,2026-02-21,1,2026-02-28,Flu ED visits pct,quantile,0.975,4.361786843925671
springfield,2026-02-21,1,2026-02-28,Flu ED visits pct,quantile,0.975,1.6468593837725725
st-cloud,2026-02-21,1,2026-02-28,Flu ED visits pct,quantile,0.975,5.4264537834160125
st-paul,2026-02-21,1,2026-02-28,Flu ED visits pct,quantile,0.975,2.112080572009627
texas,2026-02-21,1,2026-02-28,Flu ED visits pct,quantile,0.975,5.235942263371824
triad-area,2026-02-21,1,2026-02-28,Flu ED visits pct,quantile,0.975,1.6531289497548103
utah,2026-02-21,1,2026-02-28,Flu ED visits pct,quantile,0.975,3.763378813418418
virginia,2026-02-21,1,2026-02-28,Flu ED visits pct,quantile,0.975,2.471685691471126
weld,2026-02-21,1,2026-02-28,Flu ED visits pct,quantile,0.975,2.7160776733172214
wnc,2026-02-21,1,2026-02-28,Flu ED visits pct,quantile,0.975,1.9823520771621215
worcester,2026-02-21,1,2026-02-28,Flu ED visits pct,quantile,0.975,2.053899621026177
athens,2026-02-21,2,2026-03-07,Flu ED visits pct,quantile,0.975,4.515925161560693
austin,2026-02-21,2,2026-03-07,Flu ED visits pct,quantile,0.975,6.216688197866945
baltimore,2026-02-21,2,2026-03-07,Flu ED visits pct,quantile,0.975,1.1300488582121953
bangor,2026-02-21,2,2026-03-07,Flu ED visits pct,quantile,0.975,4.154946821362093
beaumont,2026-02-21,2,2026-03-07,Flu ED visits pct,quantile,0.975,4.976594474402081
boston,2026-02-21,2,2026-03-07,Flu ED visits pct,quantile,0.975,1.647630293178673
boulder,2026-02-21,2,2026-03-07,Flu ED visits pct,quantile,0.975,4.818358846676562
charleston,2026-02-21,2,2026-03-07,Flu ED visits pct,quantile,0.975,5.253619857361493
cherokee,2026-02-21,2,2026-03-07,Flu ED visits pct,quantile,0.975,6.44726389024139
clt-area,2026-02-21,2,2026-03-07,Flu ED visits pct,quantile,0.975,2.880740463316364
colorado,2026-02-21,2,2026-03-07,Flu ED visits pct,quantile,0.975,2.7876625524949517
colorado-springs,2026-02-21,2,2026-03-07,Flu ED visits pct,quantile,0.975,3.0687511743346705
columbia,2026-02-21,2,2026-03-07,Flu ED visits pct,quantile,0.975,5.135438900148567
columbus,2026-02-21,2,2026-03-07,Flu ED visits pct,quantile,0.975,4.222619811530935
dallas,2026-02-21,2,2026-03-07,Flu ED visits pct,quantile,0.975,4.278727941331997
denver,2026-02-21,2,2026-03-07,Flu ED visits pct,quantile,0.975,2.3258352288072537
deschutes,2026-02-21,2,2026-03-07,Flu ED visits pct,quantile,0.975,6.1200273634395925
duluth,2026-02-21,2,2026-03-07,Flu ED visits pct,quantile,0.975,2.78446220479683
el-paso,2026-02-21,2,2026-03-07,Flu ED visits pct,quantile,0.975,2.323724315435559
eugene,2026-02-21,2,2026-03-07,Flu ED visits pct,quantile,0.975,4.58367825234449
fay-area,2026-02-21,2,2026-03-07,Flu ED visits pct,quantile,0.975,4.019256868276793
florence,2026-02-21,2,2026-03-07,Flu ED visits pct,quantile,0.975,5.048075214393515
floyd,2026-02-21,2,2026-03-07,Flu ED visits pct,quantile,0.975,4.778554273865576
frederick,2026-02-21,2,2026-03-07,Flu ED visits pct,quantile,0.975,1.8154193509994168
georgia,2026-02-21,2,2026-03-07,Flu ED visits pct,quantile,0.975,4.290771346180504
greenville,2026-02-21,2,2026-03-07,Flu ED visits pct,quantile,0.975,3.5540801580051933
hall,2026-02-21,2,2026-03-07,Flu ED visits pct,quantile,0.975,3.145765049764364
harford,2026-02-21,2,2026-03-07,Flu ED visits pct,quantile,0.975,1.2261628961941802
henry,2026-02-21,2,2026-03-07,Flu ED visits pct,quantile,0.975,3.1920275681791077
horry,2026-02-21,2,2026-03-07,Flu ED visits pct,quantile,0.975,3.474359497396268
houston,2026-02-21,2,2026-03-07,Flu ED visits pct,quantile,0.975,2.855434078582392
indiana,2026-02-21,2,2026-03-07,Flu ED visits pct,quantile,0.975,4.7621955534679055
indianapolis,2026-02-21,2,2026-03-07,Flu ED visits pct,quantile,0.975,6.206899930146908
la-grange,2026-02-21,2,2026-03-07,Flu ED visits pct,quantile,0.975,4.991102268364284
larimer,2026-02-21,2,2026-03-07,Flu ED visits pct,quantile,0.975,3.1184591865841993
lynn,2026-02-21,2,2026-03-07,Flu ED visits pct,quantile,0.975,2.153854954245146
macon,2026-02-21,2,2026-03-07,Flu ED visits pct,quantile,0.975,2.992568514697694
maine,2026-02-21,2,2026-03-07,Flu ED visits pct,quantile,0.975,2.300095954338611
marietta,2026-02-21,2,2026-03-07,Flu ED visits pct,quantile,0.975,4.836566453717252
maryland,2026-02-21,2,2026-03-07,Flu ED visits pct,quantile,0.975,1.5432682758603646
massachusetts,2026-02-21,2,2026-03-07,Flu ED visits pct,quantile,0.975,1.7889614443059823
medford,2026-02-21,2,2026-03-07,Flu ED visits pct,quantile,0.975,7.5863432240115625
mesa,2026-02-21,2,2026-03-07,Flu ED visits pct,quantile,0.975,2.1251304287922186
minneapolis,2026-02-21,2,2026-03-07,Flu ED visits pct,quantile,0.975,2.8217480525213983
minnesota,2026-02-21,2,2026-03-07,Flu ED visits pct,quantile,0.975,2.9231504612648593
montgomery,2026-02-21,2,2026-03-07,Flu ED visits pct,quantile,0.975,1.3096311871868644
nenc,2026-02-21,2,2026-03-07,Flu ED visits pct,quantile,0.975,2.22489399375148
new-bedford,2026-02-21,2,2026-03-07,Flu ED visits pct,quantile,0.975,2.6828755369926247
north-carolina,2026-02-21,2,2026-03-07,Flu ED visits pct,quantile,0.975,2.4921428574148408
nyc,2026-02-21,2,2026-03-07,ILI ED visits pct,quantile,0.975,4.167221100176144
ogden,2026-02-21,2,2026-03-07,Flu ED visits pct,quantile,0.975,3.9734395134502294
oregon,2026-02-21,2,2026-03-07,Flu ED visits pct,quantile,0.975,5.695567522357887
pittsfield,2026-02-21,2,2026-03-07,Flu ED visits pct,quantile,0.975,1.208460570963948
portland,2026-02-21,2,2026-03-07,Flu ED visits pct,quantile,0.975,1.9541739905805524
portland-or,2026-02-21,2,2026-03-07,Flu ED visits pct,quantile,0.975,4.9053452018342325
provo,2026-02-21,2,2026-03-07,Flu ED visits pct,quantile,0.975,3.1011313706183232
roanoke,2026-02-21,2,2026-03-07,Flu ED visits pct,quantile,0.975,2.730835264912586
rochester,2026-02-21,2,2026-03-07,Flu ED visits pct,quantile,0.975,4.540785885772052
rock-hill,2026-02-21,2,2026-03-07,Flu ED visits pct,quantile,0.975,2.661271736362583
rtp-area,2026-02-21,2,2026-03-07,Flu ED visits pct,quantile,0.975,2.542615295864374
salem,2026-02-21,2,2026-03-07,Flu ED visits pct,quantile,0.975,7.761159981477564
salt-lake-city,2026-02-21,2,2026-03-07,Flu ED visits pct,quantile,0.975,3.6739809897291797
san-antonio,2026-02-21,2,2026-03-07,Flu ED visits pct,quantile,0.975,8.978889709302852
savannah,2026-02-21,2,2026-03-07,Flu ED visits pct,quantile,0.975,3.674833371572463
senc,2026-02-21,2,2026-03-07,Flu ED visits pct,quantile,0.975,1.8136947978730147
south-augusta,2026-02-21,2,2026-03-07,Flu ED visits pct,quantile,0.975,3.3284432279949843
south-carolina,2026-02-21,2,2026-03-07,Flu ED visits pct,quantile,0.975,4.55267772740635
springfield,2026-02-21,2,2026-03-07,Flu ED visits pct,quantile,0.975,1.7225174114639554
st-cloud,2026-02-21,2,2026-03-07,Flu ED visits pct,quantile,0.975,5.33379707711516
st-paul,2026-02-21,2,2026-03-07,Flu ED visits pct,quantile,0.975,2.245845830069454
texas,2026-02-21,2,2026-03-07,Flu ED visits pct,quantile,0.975,5.437059611822965
triad-area,2026-02-21,2,2026-03-07,Flu ED visits pct,quantile,0.975,1.6284437064856139
utah,2026-02-21,2,2026-03-07,Flu ED visits pct,quantile,0.975,3.8618085439789507
virginia,2026-02-21,2,2026-03-07,Flu ED visits pct,quantile,0.975,2.5431359267917935
weld,2026-02-21,2,2026-03-07,Flu ED visits pct,quantile,0.975,2.8959931412794275
wnc,2026-02-21,2,2026-03-07,Flu ED visits pct,quantile,0.975,1.9641795494542307
worcester,2026-02-21,2,2026-03-07,Flu ED visits pct,quantile,0.975,2.106039353293213
athens,2026-02-21,3,2026-03-14,Flu ED visits pct,quantile,0.975,4.670414635610797
austin,2026-02-21,3,2026-03-14,Flu ED visits pct,quantile,0.975,6.312304628951955
baltimore,2026-02-21,3,2026-03-14,Flu ED visits pct,quantile,0.975,1.2835104019466477
bangor,2026-02-21,3,2026-03-14,Flu ED visits pct,quantile,0.975,4.365410702889882
beaumont,2026-02-21,3,2026-03-14,Flu ED visits pct,quantile,0.975,5.160997898704389
boston,2026-02-21,3,2026-03-14,Flu ED visits pct,quantile,0.975,1.797161011297334
boulder,2026-02-21,3,2026-03-14,Flu ED visits pct,quantile,0.975,5.012803242792906
charleston,2026-02-21,3,2026-03-14,Flu ED visits pct,quantile,0.975,5.338836679503663
cherokee,2026-02-21,3,2026-03-14,Flu ED visits pct,quantile,0.975,6.692453550153891
clt-area,2026-02-21,3,2026-03-14,Flu ED visits pct,quantile,0.975,2.989226412017705
colorado,2026-02-21,3,2026-03-14,Flu ED visits pct,quantile,0.975,2.9615654147025237
colorado-springs,2026-02-21,3,2026-03-14,Flu ED visits pct,quantile,0.975,3.1564517333459094
columbia,2026-02-21,3,2026-03-14,Flu ED visits pct,quantile,0.975,5.377487897530711
columbus,2026-02-21,3,2026-03-14,Flu ED visits pct,quantile,0.975,4.341620966263025
dallas,2026-02-21,3,2026-03-14,Flu ED visits pct,quantile,0.975,4.443220922431149
denver,2026-02-21,3,2026-03-14,Flu ED visits pct,quantile,0.975,2.540737548706597
deschutes,2026-02-21,3,2026-03-14,Flu ED visits pct,quantile,0.975,6.251685668467042
duluth,2026-02-21,3,2026-03-14,Flu ED visits pct,quantile,0.975,2.9338245013301876
el-paso,2026-02-21,3,2026-03-14,Flu ED visits pct,quantile,0.975,2.627626489129739
eugene,2026-02-21,3,2026-03-14,Flu ED visits pct,quantile,0.975,4.666971952023914
fay-area,2026-02-21,3,2026-03-14,Flu ED visits pct,quantile,0.975,4.127448231110596
florence,2026-02-21,3,2026-03-14,Flu ED visits pct,quantile,0.975,5.29490916705437
floyd,2026-02-21,3,2026-03-14,Flu ED visits pct,quantile,0.975,5.119928820267314
frederick,2026-02-21,3,2026-03-14,Flu ED visits pct,quantile,0.975,1.968807141525368
georgia,2026-02-21,3,2026-03-14,Flu ED visits pct,quantile,0.975,4.483711285761596
greenville,2026-02-21,3,2026-03-14,Flu ED visits pct,quantile,0.975,3.7120291008230435
hall,2026-02-21,3,2026-03-14,Flu ED visits pct,quantile,0.975,3.337629586466404
harford,2026-02-21,3,2026-03-14,Flu ED visits pct,quantile,0.975,1.3589239522427623
henry,2026-02-21,3,2026-03-14,Flu ED visits pct,quantile,0.975,3.4493773430290293
horry,2026-02-21,3,2026-03-14,Flu ED visits pct,quantile,0.975,3.744735101796408
houston,2026-02-21,3,2026-03-14,Flu ED visits pct,quantile,0.975,3.2161342443406915
indiana,2026-02-21,3,2026-03-14,Flu ED visits pct,quantile,0.975,5.010200776283219
indianapolis,2026-02-21,3,2026-03-14,Flu ED visits pct,quantile,0.975,6.3788907025678085
la-grange,2026-02-21,3,2026-03-14,Flu ED visits pct,quantile,0.975,5.144332060555013
larimer,2026-02-21,3,2026-03-14,Flu ED visits pct,quantile,0.975,3.3479721810812624
lynn,2026-02-21,3,2026-03-14,Flu ED visits pct,quantile,0.975,2.3286556105034384
macon,2026-02-21,3,2026-03-14,Flu ED visits pct,quantile,0.975,3.1459752007999033
maine,2026-02-21,3,2026-03-14,Flu ED visits pct,quantile,0.975,2.410885967561481
marietta,2026-02-21,3,2026-03-14,Flu ED visits pct,quantile,0.975,5.0420227438726695
maryland,2026-02-21,3,2026-03-14,Flu ED visits pct,quantile,0.975,1.7204457882781845
massachusetts,2026-02-21,3,2026-03-14,Flu ED visits pct,quantile,0.975,1.962359042029711
medford,2026-02-21,3,2026-03-14,Flu ED visits pct,quantile,0.975,7.79907434351551
mesa,2026-02-21,3,2026-03-14,Flu ED visits pct,quantile,0.975,2.1964246216151406
minneapolis,2026-02-21,3,2026-03-14,Flu ED visits pct,quantile,0.975,3.0078490684524284
minnesota,2026-02-21,3,2026-03-14,Flu ED visits pct,quantile,0.975,3.161983015030391
montgomery,2026-02-21,3,2026-03-14,Flu ED visits pct,quantile,0.975,1.4610655808730706
nenc,2026-02-21,3,2026-03-14,Flu ED visits pct,quantile,0.975,2.285296594051535
new-bedford,2026-02-21,3,2026-03-14,Flu ED visits pct,quantile,0.975,2.9316948898860375
north-carolina,2026-02-21,3,2026-03-14,Flu ED visits pct,quantile,0.975,2.5752505695868386
nyc,2026-02-21,3,2026-03-14,ILI ED visits pct,quantile,0.975,4.540836250756274
ogden,2026-02-21,3,2026-03-14,Flu ED visits pct,quantile,0.975,4.153386622471903
oregon,2026-02-21,3,2026-03-14,Flu ED visits pct,quantile,0.975,5.831195079704912
pittsfield,2026-02-21,3,2026-03-14,Flu ED visits pct,quantile,0.975,1.2646142550023316
portland,2026-02-21,3,2026-03-14,Flu ED visits pct,quantile,0.975,2.0275245682089795
portland-or,2026-02-21,3,2026-03-14,Flu ED visits pct,quantile,0.975,5.076803082702074
provo,2026-02-21,3,2026-03-14,Flu ED visits pct,quantile,0.975,3.3239193158610845
roanoke,2026-02-21,3,2026-03-14,Flu ED visits pct,quantile,0.975,2.842103825429608
rochester,2026-02-21,3,2026-03-14,Flu ED visits pct,quantile,0.975,4.6615675367833065
rock-hill,2026-02-21,3,2026-03-14,Flu ED visits pct,quantile,0.975,2.891764097287882
rtp-area,2026-02-21,3,2026-03-14,Flu ED visits pct,quantile,0.975,2.595242874448641
salem,2026-02-21,3,2026-03-14,Flu ED visits pct,quantile,0.975,7.9459313936083324
salt-lake-city,2026-02-21,3,2026-03-14,Flu ED visits pct,quantile,0.975,3.8086392740203907
san-antonio,2026-02-21,3,2026-03-14,Flu ED visits pct,quantile,0.975,9.239212453154895
savannah,2026-02-21,3,2026-03-14,Flu ED visits pct,quantile,0.975,3.744145001960489
senc,2026-02-21,3,2026-03-14,Flu ED visits pct,quantile,0.975,1.874148967879311
south-augusta,2026-02-21,3,2026-03-14,Flu ED visits pct,quantile,0.975,3.4030755745544456
south-carolina,2026-02-21,3,2026-03-14,Flu ED visits pct,quantile,0.975,4.871581146118051
springfield,2026-02-21,3,2026-03-14,Flu ED visits pct,quantile,0.975,1.885129594991803
st-cloud,2026-02-21,3,2026-03-14,Flu ED visits pct,quantile,0.975,5.584958976232066
st-paul,2026-02-21,3,2026-03-14,Flu ED visits pct,quantile,0.975,2.428487062810686
texas,2026-02-21,3,2026-03-14,Flu ED visits pct,quantile,0.975,5.727359370236126
triad-area,2026-02-21,3,2026-03-14,Flu ED visits pct,quantile,0.975,1.6863949390014032
utah,2026-02-21,3,2026-03-14,Flu ED visits pct,quantile,0.975,4.115346698317333
virginia,2026-02-21,3,2026-03-14,Flu ED visits pct,quantile,0.975,2.7471534011928083
weld,2026-02-21,3,2026-03-14,Flu ED visits pct,quantile,0.975,2.998274859684361
wnc,2026-02-21,3,2026-03-14,Flu ED visits pct,quantile,0.975,2.017136727546733
worcester,2026-02-21,3,2026-03-14,Flu ED visits pct,quantile,0.975,2.3043698650185522
